/*--------------------------------*- C++ -*----------------------------------*\
| =========                 |                                                 |
| \\      /  F ield         | OpenFOAM: The Open Source CFD Toolbox           |
|  \\    /   O peration     | Version:  1912                                  |
|   \\  /    A nd           | Website:  www.openfoam.com                      |
|    \\/     M anipulation  |                                                 |
\*---------------------------------------------------------------------------*/
FoamFile
{
    version     2.0;
    format      ascii;
    class       volScalarField;
    location    "1";
    object      Canion;
}
// * * * * * * * * * * * * * * * * * * * * * * * * * * * * * * * * * * * * * //

dimensions      [0 -3 0 0 1 0 0];


internalField   nonuniform List<scalar> 
11520
(
7.9987169
8.0010544
8.0000775
7.9984357
8.0057625
7.9942957
7.9952281
8.0153284
8.0019754
7.9668463
7.9813734
8.0575157
8.1156434
8.0589504
7.846057
7.5015794
7.0835651
6.6474862
6.2279801
5.8372742
5.4723677
5.1246773
4.7846065
4.4452132
4.1029322
3.7572178
3.409687
3.0632092
2.721189
2.3871688
2.0647602
1.7577737
1.4703229
1.2066948
0.97088285
0.76584716
0.59276384
0.4506457
0.33661599
0.24675724
0.17707848
0.12409684
0.084879521
0.056803639
0.037392137
0.024365242
0.015799182
0.010227697
0.0066233978
0.0043010826
0.0028105318
0.0018554515
0.0012414873
0.00084312197
0.00058096045
0.00040553798
0.0002861437
0.00020356629
0.00014562116
0.00010445728
7.4931776e-05
5.3615334e-05
3.8175844e-05
2.6993586e-05
1.89195e-05
1.3124163e-05
8.9987172e-06
6.092101e-06
4.0686783e-06
2.6788349e-06
1.7379166e-06
1.1105983e-06
6.9895467e-07
4.3319249e-07
2.6441075e-07
1.5896936e-07
9.4165176e-08
5.4972562e-08
3.164025e-08
1.7961755e-08
1.0061453e-08
5.5637833e-09
3.0386023e-09
1.6397079e-09
8.74658e-10
4.6139454e-10
2.4079288e-10
1.2437036e-10
6.3598534e-11
3.2209122e-11
1.6160205e-11
8.0348177e-12
3.9598837e-12
1.9349681e-12
9.3767073e-13
4.5071856e-13
2.1494445e-13
1.017172e-13
4.7773446e-14
2.2272806e-14
1.0309261e-14
4.7381487e-15
2.1626149e-15
9.8038506e-16
4.4148482e-16
1.9750963e-16
8.7793686e-17
3.8778183e-17
1.7021784e-17
7.4260567e-18
3.2202314e-18
1.3881287e-18
5.9487077e-19
2.5345488e-19
1.0737351e-19
4.5231837e-20
1.8948407e-20
7.8942771e-21
3.2710866e-21
1.3481544e-21
5.5269095e-22
2.2539624e-22
9.1444677e-23
3.690991e-23
1.4822626e-23
5.9228312e-24
2.3549384e-24
9.3175001e-25
3.6686999e-25
1.4376092e-25
5.6067096e-26
2.1763871e-26
8.4090535e-27
3.2341695e-27
1.2382393e-27
4.7194757e-28
1.7908171e-28
6.7654649e-29
2.5447983e-29
9.5310008e-30
3.5544538e-30
1.3200063e-30
4.8816562e-31
1.7978994e-31
6.5946127e-32
2.409114e-32
8.7657219e-33
3.1768606e-33
1.1468494e-33
4.1241045e-34
1.4773555e-34
5.2721678e-35
1.874385e-35
6.6391111e-36
2.3429265e-36
8.2379787e-37
2.8861003e-37
1.0075025e-37
3.5046108e-38
1.2148064e-38
4.1962613e-39
1.4445093e-39
4.9555812e-40
1.6943342e-40
5.7736096e-41
1.9608886e-41
6.6378713e-42
2.2396906e-42
7.5325718e-43
2.5252661e-43
8.4390189e-44
2.8113175e-44
9.3362601e-45
3.0909565e-45
1.0201907e-45
3.3569881e-46
1.1013097e-46
3.60223e-47
1.1747534e-47
3.8198472e-48
1.2384541e-48
4.0036765e-49
1.2906054e-49
4.1485232e-50
1.3297475e-50
4.2504049e-51
1.3548357e-51
4.3067309e-52
1.3652843e-52
4.3164037e-53
1.3609865e-53
4.2798393e-54
1.3423072e-54
4.198905e-55
1.310052e-55
4.0767866e-56
1.2654147e-56
3.917794e-57
1.2099081e-57
3.7271203e-58
1.1452828e-58
3.5105751e-59
1.0734403e-59
3.2743067e-60
9.963462e-61
3.0245322e-61
9.159476e-62
2.7672912e-62
8.3410017e-63
2.5082327e-63
7.5250742e-64
2.2524447e-64
6.7267417e-65
2.0043312e-65
5.9587489e-66
1.7675359e-66
5.2313708e-67
1.5449109e-67
4.5523793e-68
1.3385261e-68
3.9271273e-69
1.1497118e-69
3.3587293e-70
9.7912707e-71
2.848309e-71
8.2684674e-72
2.3952927e-72
6.9245815e-73
1.9977237e-73
5.7516153e-74
1.6525786e-74
4.7386825e-75
1.3560682e-75
3.8729239e-76
1.1039136e-76
3.1403197e-77
8.9161333e-78
2.5252742e-78
7.1941725e-79
1.7968466e-79
7.9997369
7.9995016
8.000475
7.9993067
8.0003929
8.0007686
7.9991912
8.0001081
8.0020731
8.0001885
7.9963579
7.9973613
8.0052798
8.0135763
8.0115264
7.989712
7.9430843
7.8707773
7.7743157
7.6568362
7.5209384
7.3687563
7.2006542
7.0154213
6.8108579
6.5849931
6.3372654
6.0687217
5.7806649
5.4723199
5.1392189
4.7739843
4.369834
3.9254509
3.4489131
2.9584735
2.478927
2.0342711
1.6401178
1.3005715
1.0115472
0.76732168
0.56479099
0.40295082
0.27985299
0.19071569
0.1285668
0.086177698
0.057553254
0.038343732
0.025554515
0.017115674
0.011578103
0.007938698
0.0055250492
0.0039013426
0.0027908079
0.0020182775
0.0014719697
0.0010796677
0.00079412839
0.000584036
0.00042829454
0.00031240164
0.00022614088
0.0001621464
0.00011497273
8.0509007e-05
5.5612089e-05
3.7860173e-05
2.5385791e-05
1.6756538e-05
1.0885065e-05
6.9577245e-06
4.3761301e-06
2.7086324e-06
1.6502194e-06
9.8991277e-07
5.8489388e-07
3.4053803e-07
1.9546164e-07
1.1065559e-07
6.1817829e-08
3.4095354e-08
1.857489e-08
1.0000198e-08
5.3227377e-09
2.8021295e-09
1.4596188e-09
7.5257353e-10
3.8420726e-10
1.9427972e-10
9.7333568e-11
4.832699e-11
2.3785862e-11
1.1607869e-11
5.6180558e-12
2.6971732e-12
1.2847085e-12
6.0722842e-13
2.8485614e-13
1.3264632e-13
6.1323554e-14
2.8150417e-14
1.2832975e-14
5.8104719e-15
2.6133088e-15
1.1676595e-15
5.1836573e-16
2.2866353e-16
1.0024018e-16
4.3672966e-17
1.8912511e-17
8.1412149e-18
3.4839268e-18
1.4822565e-18
6.2702611e-19
2.6374725e-19
1.1032181e-19
4.5891888e-20
1.8986318e-20
7.8127544e-21
3.1978186e-21
1.3020171e-21
5.2737459e-22
2.1251384e-22
8.5201295e-23
3.3987649e-23
1.3490766e-23
5.328646e-24
2.0945261e-24
8.1934508e-25
3.1899455e-25
1.2361122e-25
4.7677479e-26
1.8305082e-26
6.9960843e-27
2.6618585e-27
1.0082837e-27
3.8025024e-28
1.427795e-28
5.3381681e-29
1.9873246e-29
7.367418e-30
2.7198897e-30
9.9999064e-31
3.6615768e-31
1.3353236e-31
4.8503091e-32
1.7548289e-32
6.3241238e-33
2.2703018e-33
8.1189824e-34
2.8924859e-34
1.0266186e-34
3.6302084e-35
1.2789529e-35
4.4894582e-36
1.5702369e-36
5.4724715e-37
1.900483e-37
6.5769013e-38
2.268141e-38
7.7951501e-39
2.6699224e-39
9.1139436e-40
3.1007104e-40
1.0514209e-40
3.5535766e-41
1.1971303e-41
4.0199117e-42
1.3455615e-42
4.4896751e-43
1.4933538e-43
4.9517527e-44
1.6368745e-44
5.3944063e-45
1.7723732e-45
5.8057881e-46
1.8961504e-46
6.1744874e-47
2.0047319e-47
6.4900729e-48
2.0950344e-48
6.7435931e-49
2.1645135e-49
6.9280017e-50
2.2112827e-50
7.03848e-51
2.2341965e-51
7.0726347e-52
2.2328921e-52
7.0305625e-53
2.2077877e-53
6.9147803e-54
2.1600414e-54
6.7300318e-55
2.091472e-55
6.4829903e-56
2.0044509e-56
6.181878e-57
1.9017724e-57
5.836034e-58
1.7865128e-58
5.4554596e-59
1.6618858e-59
5.0503704e-60
1.5311053e-60
4.6307792e-61
1.3972613e-61
4.2061324e-62
1.2632148e-62
3.7850136e-63
1.1315159e-63
3.3749225e-64
1.0043466e-64
2.982132e-65
8.8348705e-66
2.611621e-66
7.7030593e-67
2.2670749e-67
6.6577017e-68
1.9509443e-68
5.7047114e-69
1.6645498e-69
4.846634e-70
1.408218e-70
4.0831146e-71
1.1814382e-71
3.4114096e-72
9.8302739e-73
2.8269081e-73
8.1129236e-74
2.323635e-74
6.641841e-75
1.8947107e-75
5.3945425e-76
1.5319935e-76
4.3803767e-77
1.0809334e-77
8.0001043
7.9997127
7.9999942
7.99988
7.9998387
8.00007
8.0000839
8.0000287
8.0002081
8.0003847
8.0002911
8.0000485
8.0000324
8.0003904
8.000854
8.0009072
7.9997933
7.9967914
7.9910292
7.981642
7.9677294
7.9483279
7.9224269
7.8888077
7.8459541
7.7919804
7.7247401
7.6420693
7.5418922
7.4221508
7.2805059
7.1134152
6.9157336
6.6822908
6.4082792
6.0866199
5.7105533
5.2845374
4.8262856
4.348677
3.8437264
3.2955684
2.7107937
2.1296133
1.6050945
1.1734976
0.84207337
0.59733622
0.41959205
0.29180054
0.20129455
0.13845998
0.09560264
0.066634406
0.047028385
0.033638008
0.024373216
0.01786957
0.01323451
0.0098793721
0.0074133275
0.0055755351
0.0041905354
0.0031387149
0.0023368274
0.0017254905
0.001261153
0.00091090205
0.00064926674
0.00045617797
0.00031566226
0.00021498237
0.00014403832
9.4914194e-05
6.150579e-05
3.9196598e-05
2.4569558e-05
1.5152227e-05
9.1967699e-06
5.4960621e-06
3.2353672e-06
1.8769946e-06
1.073716e-06
6.0593294e-07
3.3751118e-07
1.856498e-07
1.0089034e-07
5.419379e-08
2.8785864e-08
1.512558e-08
7.865193e-09
4.0487539e-09
2.0638935e-09
1.0421645e-09
5.2142073e-10
2.5855617e-10
1.2709842e-10
6.1950003e-11
2.994675e-11
1.435989e-11
6.8316651e-12
3.2251695e-12
1.5111289e-12
7.028168e-13
3.2451859e-13
1.4878382e-13
6.7740633e-14
3.0632045e-14
1.3759064e-14
6.1395756e-15
2.7219005e-15
1.1990467e-15
5.2489616e-16
2.2836286e-16
9.8748819e-17
4.2445393e-17
1.8136677e-17
7.7045675e-18
3.2541371e-18
1.3666362e-18
5.7073028e-19
2.3702837e-19
9.7901833e-20
4.0219004e-20
1.6434256e-20
6.6799718e-21
2.701047e-21
1.0865487e-21
4.3486236e-22
1.7316723e-22
6.8614536e-23
2.7053777e-23
1.0615134e-23
4.1450802e-24
1.6109202e-24
6.2312065e-25
2.3991108e-25
9.1945655e-26
3.5078192e-26
1.332264e-26
5.0374667e-27
1.8963749e-27
7.1079991e-28
2.6527869e-28
9.8584708e-29
3.6482868e-29
1.3444985e-29
4.9344976e-30
1.8036653e-30
6.5662602e-31
2.3809362e-31
8.5993001e-32
3.0937266e-32
1.1087197e-32
3.9582187e-33
1.4077741e-33
4.9881316e-34
1.760885e-34
6.1933882e-35
2.1704291e-35
7.5787655e-36
2.6369516e-36
9.1426411e-37
3.1587978e-37
1.0875948e-37
3.7318299e-38
1.2761451e-38
4.349262e-39
1.4773452e-39
5.0016424e-40
1.6877989e-40
5.6770031e-41
1.9033587e-41
6.3611818e-42
2.1192535e-42
7.0383061e-43
2.3302657e-43
7.6914205e-44
2.5309472e-44
8.3032181e-45
2.715863e-45
8.8568318e-46
2.879844e-46
9.3366328e-47
3.0182342e-47
9.7289809e-48
3.1271145e-48
1.0022876e-48
3.2034876e-49
1.0210469e-49
3.2454129e-50
1.0287395e-50
3.2520822e-51
1.0252919e-51
3.2238331e-52
1.0109873e-52
3.1621017e-53
9.8644245e-54
3.0693197e-54
9.5256699e-55
2.9487664e-55
9.1051059e-56
2.8043851e-56
8.6160141e-57
2.6405796e-57
8.0727997e-58
2.4620048e-58
7.4903332e-59
2.2733615e-59
6.8833284e-60
2.0792107e-60
6.2657902e-61
1.8838129e-61
5.6505584e-62
1.6910005e-62
5.0489584e-63
1.5040851e-63
4.4705652e-64
1.3258015e-64
3.923081e-65
1.1582846e-65
3.4123136e-66
1.0030779e-66
2.942244e-67
8.6116676e-68
2.5151649e-68
7.3303102e-69
2.1318706e-69
6.1871093e-70
1.79188e-70
5.178809e-71
1.4936753e-71
4.2992555e-72
1.2349413e-72
3.540142e-73
1.0127912e-73
2.8918082e-74
8.2351593e-75
2.363096e-75
5.7916059e-76
8.0000494
7.9999567
7.9999562
7.9999629
7.9999325
7.9999484
7.9999857
8.0000082
8.0000387
8.0000824
8.0001238
8.0001506
8.0001657
8.0001825
8.0001977
8.0002061
8.0001841
8.0001052
7.9999276
7.9995765
7.9989466
7.9978702
7.9961077
7.9933369
7.9891185
7.9828523
7.9737685
7.9608668
7.9428823
7.9184004
7.8857236
7.8427154
7.7869939
7.715446
7.623925
7.5084239
7.3639662
7.1822403
6.9567512
6.6893719
6.3820647
6.0242812
5.6007877
5.1107
4.5680481
3.9862614
3.3746373
2.7519804
2.1545215
1.624362
1.1901871
0.8579175
0.61530204
0.4424944
0.32034868
0.23386355
0.17230713
0.12819549
0.096301966
0.072972208
0.055669321
0.042649825
0.03272248
0.025071381
0.019131462
0.014503794
0.01089978
0.0081043897
0.0059521239
0.004311955
0.0030778161
0.0021627183
0.0014950908
0.0010163822
0.00067929834
0.00044631532
0.00028828789
0.00018310186
0.00011438335
7.0306177e-05
4.2537141e-05
2.5344859e-05
1.487898e-05
8.6107161e-06
4.9148542e-06
2.7682592e-06
1.5393627e-06
8.4550862e-07
4.5891546e-07
2.4624561e-07
1.3067654e-07
6.8608964e-08
3.5650699e-08
1.8339972e-08
9.3433507e-09
4.7152118e-09
2.3578034e-09
1.1684979e-09
5.7406622e-10
2.7964284e-10
1.3509579e-10
6.4738146e-11
3.0777877e-11
1.451953e-11
6.7978833e-12
3.15915e-12
1.4574947e-12
6.6764487e-13
3.0369969e-13
1.3720159e-13
6.1566269e-14
2.7443895e-14
1.2153905e-14
5.3480912e-15
2.3385047e-15
1.0161922e-15
4.3888578e-16
1.8840983e-16
8.0402361e-17
3.4110079e-17
1.438731e-17
6.0338242e-18
2.5162513e-18
1.0435061e-18
4.3037411e-19
1.7653757e-19
7.2027296e-20
2.9231732e-20
1.1801504e-20
4.7399408e-21
1.8940356e-21
7.5302505e-22
2.9789467e-22
1.172664e-22
4.5937478e-23
1.7908865e-23
6.9486539e-24
2.6834215e-24
1.0314691e-24
3.9466247e-25
1.5032129e-25
5.6998389e-26
2.1516626e-26
8.0868035e-27
3.0261612e-27
1.1275625e-27
4.1835329e-28
1.5456813e-28
5.6871001e-29
2.0838932e-29
7.6048895e-30
2.7641534e-30
1.0006949e-30
3.6085251e-31
1.2961768e-31
4.6379151e-32
1.6531895e-32
5.8705774e-33
2.0768923e-33
7.3204626e-34
2.5708136e-34
8.9955138e-35
3.1363192e-35
1.0896041e-35
3.7721285e-36
1.3013323e-36
4.4739234e-37
1.5328572e-37
5.2340968e-38
1.7812403e-38
6.0416781e-39
2.0424917e-39
6.8824624e-40
2.311645e-40
7.7393573e-41
2.5829004e-41
8.5929394e-42
2.8498321e-42
9.4221973e-43
3.1056481e-43
1.0205423e-43
3.3434886e-44
1.0921191e-44
3.5567434e-45
1.154937e-45
3.7393663e-46
1.2072083e-46
3.8861661e-47
1.2474572e-47
3.993054e-48
1.2745883e-48
4.0572308e-49
1.2879357e-49
4.0773019e-50
1.2872864e-50
4.053315e-51
1.2728803e-51
3.9867208e-52
1.245386e-52
3.88026e-53
1.2058548e-53
3.7377916e-54
1.1556583e-54
3.5640715e-55
1.096413e-55
3.3645022e-56
1.0298983e-56
3.1448694e-57
9.5797332e-58
2.9110819e-58
8.8249691e-59
2.6689303e-59
8.0525592e-60
2.4238768e-60
7.2790436e-61
2.1808829e-61
6.5191601e-62
1.9442816e-62
5.7855116e-63
1.7176955e-63
5.088375e-64
1.5039976e-64
4.4356447e-65
1.3053122e-65
3.8328903e-66
1.1230497e-66
3.2835099e-67
9.5796689e-68
2.7889547e-68
8.1024635e-69
2.3490006e-69
6.7958726e-70
1.9620448e-70
5.6530074e-71
1.6254082e-71
4.6640271e-72
1.3356817e-72
3.8147205e-73
1.0985572e-73
2.6825565e-74
8.0000064
8.0000022
7.9999912
7.9999899
7.9999835
7.999979
7.9999825
7.9999899
7.9999995
8.0000108
8.0000225
8.0000339
8.0000444
8.0000551
8.0000659
8.0000763
8.0000846
8.0000882
8.0000841
8.0000688
8.000037
7.9999812
7.9998889
7.9997319
7.9994673
7.999024
7.9982702
7.9970324
7.9950391
7.9918647
7.9870231
7.9798023
7.9691681
7.9540547
7.932896
7.9033347
7.8632327
7.809802
7.7378086
7.6422577
7.5209697
7.3703985
7.1824383
6.9487892
6.6643202
6.3244532
5.9242708
5.4622938
4.9426217
4.3740911
3.7715687
3.1592777
2.569741
2.0356974
1.5801552
1.2112975
0.92412561
0.70596172
0.54197802
0.41869408
0.32534315
0.25390698
0.19861457
0.15536326
0.1212392
0.094158424
0.072612099
0.055486247
0.041935545
0.031296928
0.023033382
0.016698386
0.011914647
0.0083618894
0.0057697919
0.0039133115
0.0026086994
0.0017093342
0.0011011156
0.00069753175
0.00043468633
0.00026659387
0.00016098511
9.5761996e-05
5.6142107e-05
3.2455569e-05
1.8510094e-05
1.041969e-05
5.7919865e-06
3.1806588e-06
1.7262487e-06
9.2630876e-07
4.9162419e-07
2.5815747e-07
1.3416819e-07
6.9033297e-08
3.5175033e-08
1.7753857e-08
8.8785496e-09
4.4003298e-09
2.1618208e-09
1.0530227e-09
5.0865933e-10
2.4370866e-10
1.1583741e-10
5.4630624e-11
2.5568471e-11
1.1877444e-11
5.477166e-12
2.5076412e-12
1.1400145e-12
5.146913e-13
2.3079595e-13
1.0280288e-13
4.549112e-14
2.0000393e-14
8.7374623e-15
3.793232e-15
1.636634e-15
7.0186073e-16
2.991888e-16
1.2678596e-16
5.3415067e-17
2.2374707e-17
9.3193397e-18
3.8599307e-18
1.589908e-18
6.5131849e-19
2.6538346e-19
1.0755802e-19
4.3363974e-20
1.739246e-20
6.9401097e-21
2.7553215e-21
1.0884427e-21
4.2785089e-22
1.6736271e-22
6.5152285e-23
2.5242373e-23
9.7338517e-24
3.7360898e-24
1.4274191e-24
5.4288831e-25
2.055498e-25
7.7480702e-26
2.9077827e-26
1.0865352e-26
4.0425961e-27
1.497726e-27
5.5256112e-28
2.0301318e-28
7.4282048e-29
2.7069394e-29
9.8248794e-30
3.5518011e-30
1.2789721e-30
4.5875677e-31
1.6391949e-31
5.8347566e-32
2.0690736e-32
7.3098246e-33
2.5729551e-33
9.0233508e-34
3.1530419e-34
1.097826e-34
3.8088547e-35
1.3168235e-35
4.53678e-36
1.5576484e-36
5.3297523e-37
1.8175004e-37
6.1771153e-38
2.0924459e-38
7.0646954e-39
2.3774777e-39
7.9751018e-40
2.6666467e-40
8.8882587e-41
2.9532635e-41
9.7821456e-42
3.2301625e-42
1.0633707e-42
3.4900097e-43
1.1419881e-43
3.7256388e-44
1.2118675e-44
3.9303897e-45
1.2710215e-45
4.0984298e-46
1.3177706e-46
4.2250331e-47
1.3508229e-47
4.3068e-48
1.369332e-48
4.341804e-49
1.3729306e-49
4.3296547e-50
1.3617378e-50
4.2714801e-51
1.33634e-51
4.1698272e-52
1.2977482e-52
4.0284943e-53
1.2473361e-53
3.8523086e-54
1.1867624e-54
3.6468658e-55
1.1178851e-55
3.4182505e-56
1.0426722e-56
3.1727559e-57
9.6311499e-58
2.9166196e-58
8.8114841e-59
2.6557877e-59
7.9858272e-60
2.3957193e-60
7.1704847e-61
2.1412366e-61
6.379568e-62
1.8964229e-62
5.6247491e-63
1.664569e-63
4.9151604e-64
1.4481626e-64
4.2574255e-65
1.248916e-65
3.6557963e-66
1.0678235e-66
3.1123736e-67
9.0524179e-68
2.627386e-68
7.6098352e-69
2.1995012e-69
6.34419e-70
1.8261421e-70
5.2460103e-71
1.5028292e-71
4.3434e-72
1.0589151e-72
8.0000001
8.0000012
7.9999996
7.9999988
7.9999977
7.9999959
7.999995
7.9999955
7.9999972
7.9999997
8.0000022
8.0000042
8.0000056
8.0000067
8.0000079
8.0000099
8.0000126
8.000016
8.0000196
8.0000222
8.0000234
8.0000219
8.0000165
8.0000073
7.9999895
7.99996
7.999911
7.9998172
7.9996555
7.9993661
7.9988406
7.997965
7.9964997
7.994088
7.9903624
7.9846368
7.9759131
7.963255
7.9451953
7.9192451
7.8828624
7.8337881
7.7688553
7.683632
7.5733008
7.4329015
7.2568243
7.0388557
6.7731327
6.455322
6.0831946
5.6565981
5.1780933
4.6551804
4.1027372
3.5428899
3.0011378
2.5004957
2.0567245
1.6765941
1.3590769
1.09808
0.88526162
0.7120919
0.57098929
0.45572717
0.3614103
0.28425868
0.22134462
0.17035416
0.12939972
0.096888399
0.071437344
0.051825838
0.036972446
0.025926788
0.017867445
0.012100181
0.008053196
0.0052683233
0.0033886411
0.002143783
0.0013344893
0.00081775278
0.00049352093
0.00029347745
0.00017204381
9.9472992e-05
5.6751091e-05
3.1962433e-05
1.7778171e-05
9.7699372e-06
5.3066478e-06
2.8498999e-06
1.513798e-06
7.9556352e-07
4.1379218e-07
2.1306632e-07
1.0864017e-07
5.4868245e-08
2.7454469e-08
1.3613428e-08
6.6908412e-09
3.2602025e-09
1.5752394e-09
7.5486652e-10
3.5883516e-10
1.6923762e-10
7.9204204e-11
3.6788991e-11
1.6961781e-11
7.7637494e-12
3.5283985e-12
1.5923795e-12
7.1372766e-13
3.1775121e-13
1.4052708e-13
6.1744505e-14
2.6955501e-14
1.1693671e-14
5.0413929e-15
2.1601646e-15
9.2002307e-16
3.895147e-16
1.6394523e-16
6.8605504e-17
2.8545578e-17
1.18106e-17
4.8594944e-18
1.9885114e-18
8.0930859e-19
3.2762707e-19
1.3193341e-19
5.285285e-20
2.1064407e-20
8.3526691e-21
3.2955207e-21
1.2938158e-21
5.0547182e-22
1.9652755e-22
7.6046169e-23
2.9287586e-23
1.1227075e-23
4.2840104e-24
1.6272668e-24
6.1533907e-25
2.316543e-25
8.6827764e-26
3.2403438e-26
1.2040907e-26
4.4553717e-27
1.6416703e-27
6.0240064e-28
2.2014165e-28
8.0122747e-29
2.9044597e-29
1.0486958e-29
3.7716102e-30
1.3511862e-30
4.8220586e-31
1.7143364e-31
6.0718775e-32
2.1425457e-32
7.5324081e-33
2.6384593e-33
9.208644e-34
3.2024717e-34
1.1097741e-34
3.8322921e-35
1.3187795e-35
4.5226174e-36
1.5457025e-36
5.2649525e-37
1.7873486e-37
6.0476124e-38
2.0395384e-38
6.8559268e-39
2.297205e-39
7.6726494e-40
2.5545563e-40
8.4785658e-41
2.8052932e-41
9.2532642e-42
3.0428758e-42
9.9760272e-43
3.2608175e-43
1.0626788e-43
3.4529894e-44
1.1187087e-44
3.6139154e-45
1.1640958e-45
3.7390354e-46
1.1975696e-46
3.82492e-47
1.218244e-47
3.8694239e-48
1.2256546e-48
3.8717659e-49
1.2197721e-49
3.8325352e-50
1.2009932e-50
3.7536249e-51
1.1701081e-51
3.6380998e-52
1.1282501e-52
3.4900108e-53
1.0768301e-53
3.3141709e-54
1.0174617e-54
3.115909e-55
9.5188153e-56
2.9008171e-56
8.8187057e-57
2.6745088e-57
8.0918058e-58
2.4423987e-58
7.3546957e-59
2.2095161e-59
6.6224865e-60
1.9803572e-60
5.9084225e-61
1.7587818e-61
5.2236204e-62
1.547951e-62
4.5769417e-63
1.3503074e-63
3.9749852e-64
1.1675898e-64
3.4221829e-65
1.0008765e-65
2.9209773e-66
8.5065252e-67
2.4720564e-67
7.1688979e-68
2.0746264e-68
5.9913444e-69
1.7267821e-69
4.9625795e-70
1.4395076e-70
3.5087885e-71
8
8.0000001
8
8
8
7.9999997
7.9999993
7.999999
7.9999992
7.9999997
8.0000002
8.0000006
8.0000003
7.9999995
7.9999985
7.9999976
7.9999972
7.9999971
7.999997
7.999997
7.999997
7.9999978
7.9999993
8.0000014
8.0000044
8.0000055
8.0000051
8.0000005
7.9999867
7.9999639
7.9999169
7.9998262
7.9996703
7.9993732
7.9988403
7.9979502
7.9964351
7.9939465
7.9900899
7.9841876
7.975227
7.9620256
7.9431724
7.9168833
7.8809713
7.8327793
7.7691589
7.6865811
7.5811017
7.4482126
7.2831309
7.0815809
6.8402694
6.5565495
6.2279861
5.8530435
5.4331029
4.9745805
4.4895298
3.9940831
3.5054406
3.0387912
2.6052931
2.2114848
1.8598441
1.5499186
1.2795136
1.0456289
0.84505274
0.67465313
0.53146185
0.4126553
0.31550442
0.23733982
0.17554994
0.12761118
0.091138285
0.063939766
0.044065062
0.029834521
0.01984897
0.01298017
0.0083464904
0.0052794305
0.0032864181
0.0020142464
0.0012160787
0.00072356108
0.00042447787
0.00024563925
0.00014027906
7.9090066e-05
4.4041102e-05
2.4230714e-05
1.3176569e-05
7.0845914e-06
3.767422e-06
1.9820944e-06
1.0320054e-06
5.3190997e-07
2.7146138e-07
1.3721504e-07
6.8710659e-08
3.4093817e-08
1.6766876e-08
8.1742021e-09
3.9513262e-09
1.894211e-09
9.0070323e-10
4.2489268e-10
1.988812e-10
9.2383536e-11
4.2593967e-11
1.949474e-11
8.8585571e-12
3.9970755e-12
1.791062e-12
7.9711413e-13
3.5238913e-13
1.5476226e-13
6.7529681e-14
2.9278998e-14
1.2615159e-14
5.4018923e-15
2.2990904e-15
9.726623e-16
4.0907396e-16
1.7104565e-16
7.1109619e-17
2.9395816e-17
1.2084186e-17
4.9403416e-18
2.008799e-18
8.1243262e-19
3.2684387e-19
1.3080535e-19
5.2080154e-20
2.0630481e-20
8.1313927e-21
3.1890888e-21
1.2446331e-21
4.8340995e-22
1.8685952e-22
7.1889536e-23
2.7529084e-23
1.049344e-23
3.9816938e-24
1.5040599e-24
5.6563026e-25
2.1178385e-25
7.8952845e-26
2.930752e-26
1.0832979e-26
3.9874475e-27
1.461641e-27
5.3358681e-28
1.9400264e-28
7.0253441e-29
2.5339836e-29
9.1040515e-30
3.2582056e-30
1.1615901e-30
4.1254887e-31
1.4596985e-31
5.1455637e-32
1.8071797e-32
6.3238926e-33
2.204948e-33
7.660525e-34
2.6520421e-34
9.1491146e-35
3.1453523e-35
1.0776201e-35
3.679447e-36
1.2520853e-36
4.2465245e-37
1.4354739e-37
4.8365115e-38
1.6242677e-38
5.4373131e-39
1.8143669e-39
6.0352113e-40
2.0012378e-40
6.6153962e-41
2.1800974e-41
7.1625972e-42
2.3461257e-42
7.6617768e-43
2.4946888e-43
8.098842e-44
2.6215611e-44
8.4613221e-45
2.7231287e-45
8.7389683e-46
2.7965619e-46
8.9242353e-47
2.8399444e-47
9.0126116e-48
2.8523518e-48
9.0027801e-49
2.8338748e-49
8.8966063e-50
2.7855879e-50
8.6989559e-51
2.7094677e-51
8.4173651e-52
2.6082684e-52
8.0615919e-53
2.4853647e-53
7.6430819e-54
2.3445748e-54
7.1743889e-55
2.1899739e-55
6.6685891e-56
2.0257122e-56
6.1387213e-57
1.8558463e-57
5.5972855e-58
1.684192e-58
5.0558212e-59
1.5142058e-59
4.5245801e-60
1.348897e-60
4.0122991e-61
1.190772e-61
3.5260743e-62
1.0418097e-62
3.0713264e-63
9.0346348e-64
2.6518479e-64
7.7668734e-65
2.2699148e-65
6.6197965e-66
1.9264481e-66
5.5943994e-67
1.6212e-67
4.6885746e-68
1.3519929e-68
3.9364909e-69
9.6026895e-70
8
8
8
8
8.0000002
8.0000002
8.0000004
8.0000003
8.0000003
8.0000005
8.0000003
7.9999991
7.9999963
7.9999923
7.9999882
7.9999851
7.999983
7.9999812
7.9999796
7.9999787
7.9999795
7.9999831
7.9999902
7.9999999
8.0000113
8.0000223
8.0000305
8.0000353
8.0000346
8.0000289
8.0000198
8.0000039
7.9999827
7.9999506
7.9998862
7.9997694
7.999554
7.9991465
7.9984344
7.9972526
7.9953252
7.9922679
7.9875549
7.9804641
7.970116
7.9554868
7.9352734
7.907805
7.8711646
7.8232903
7.7618071
7.6838222
7.5861353
7.4658155
7.3204995
7.1479197
6.9449965
6.707431
6.4304705
6.1106583
5.7476803
5.3453864
4.9115936
4.4568955
3.9930622
3.5315861
3.0826975
2.6548896
2.2548222
1.8874255
1.5560463
1.2625825
1.007579
0.79032593
0.6089896
0.46079901
0.3422868
0.24956439
0.17859985
0.12546661
0.086538704
0.058620737
0.039012521
0.025517872
0.016412117
0.010384054
0.0064663524
0.0039650731
0.0023952447
0.0014261282
0.00083728689
0.00048493874
0.00027719043
0.00015643072
8.7193468e-05
4.8019931e-05
2.6138752e-05
1.4067497e-05
7.4877909e-06
3.9429877e-06
2.0547364e-06
1.059899e-06
5.4133239e-07
2.738189e-07
1.3720399e-07
6.8119832e-08
3.3518094e-08
1.6348399e-08
7.9058513e-09
3.7912556e-09
1.8032598e-09
8.5084547e-10
3.9832093e-10
1.8504411e-10
8.5318593e-11
3.9048295e-11
1.7742357e-11
8.0044167e-12
3.5860231e-12
1.595567e-12
7.0515894e-13
3.0958397e-13
1.3503209e-13
5.8520561e-14
2.5202129e-14
1.078614e-14
4.5881366e-15
1.9399399e-15
8.1538132e-16
3.4071528e-16
1.4155252e-16
5.8475572e-17
2.402133e-17
9.8133942e-18
3.9872563e-18
1.6113654e-18
6.4775445e-19
2.5903236e-19
1.0305165e-19
4.078895e-20
1.6063697e-20
6.2949446e-21
2.4547612e-21
9.5263024e-22
3.6792858e-22
1.4143356e-22
5.4114836e-23
2.0610086e-23
7.8138849e-24
2.9491818e-24
1.1081704e-24
4.1457651e-25
1.544252e-25
5.7275476e-26
2.1153276e-26
7.7797528e-27
2.8494016e-27
1.0393488e-27
3.7757946e-28
1.3661994e-28
4.923766e-29
1.7675708e-29
6.3207779e-30
2.2516265e-30
7.9904599e-31
2.8249707e-31
9.9503818e-32
3.4919312e-32
1.2209783e-32
4.2538535e-33
1.4767434e-33
5.10847e-34
1.7609825e-34
6.0494018e-35
2.070988e-35
7.0658565e-36
2.4026371e-36
8.1425697e-37
2.7504157e-37
9.2600232e-38
3.1075336e-38
1.0394953e-38
3.4661301e-39
1.1521136e-39
3.8175628e-40
1.2610421e-40
4.1527651e-41
1.3633937e-41
4.46265e-42
1.456342e-42
4.7385348e-43
1.5372551e-43
4.9725572e-44
1.6038225e-44
5.158055e-45
1.6541662e-45
5.2898826e-46
1.6869285e-46
5.3646448e-47
1.7013305e-47
5.3808319e-48
1.6971986e-48
5.3388507e-49
1.6749581e-49
5.2409531e-50
1.6355948e-50
5.0910707e-51
1.5805898e-51
4.8945697e-52
1.5118322e-52
4.6579492e-53
1.4315163e-53
4.3885022e-54
1.342032e-54
4.0939631e-55
1.2458543e-55
3.7821663e-56
1.1454381e-56
3.4607307e-57
1.0431255e-57
3.1367889e-58
9.410684e-59
2.8167701e-59
8.4116847e-60
2.5062414e-60
7.4503731e-61
2.209811e-61
6.5397464e-62
1.9310874e-62
5.6896394e-63
1.672691e-63
4.9068316e-64
1.436307e-64
4.1952724e-65
1.2227733e-65
3.5563803e-66
1.0322458e-66
2.9871781e-67
8.7313505e-68
2.1331605e-68
8.0000003
8.0000005
8.0000001
8.000001
8.0000015
8.0000027
8.0000034
8.0000025
8.0000024
8.0000016
7.9999967
7.9999864
7.9999702
7.9999538
7.9999404
7.9999315
7.9999256
7.9999221
7.9999218
7.9999274
7.999941
7.9999635
7.9999934
8.0000277
8.0000623
8.0000932
8.0001166
8.0001307
8.0001345
8.0001283
8.0001152
8.0000972
8.0000768
8.0000583
8.0000398
8.0000172
7.9999856
7.9999248
7.9998038
7.9995859
7.999205
7.9985575
7.9975041
7.9958221
7.9931646
7.9891081
7.9831987
7.9748684
7.9633165
7.9475559
7.926575
7.8993368
7.8645376
7.8204396
7.7651025
7.6968818
7.6146458
7.5172851
7.4026645
7.266665
7.1029937
6.9040104
6.6622924
6.3723576
6.0320007
5.6429464
5.2108108
4.7445393
4.2555389
3.7566846
3.2613
2.7821944
2.3307865
1.9163861
1.5456918
1.2225538
0.94802337
0.72066293
0.53705216
0.39240064
0.28117241
0.19764357
0.13634099
0.092340749
0.061431255
0.040163433
0.02581902
0.01632825
0.010163708
0.0062300942
0.0037625119
0.0022397806
0.0013148391
0.00076149289
0.00043527451
0.00024565992
0.00013694321
7.5428522e-05
4.1064465e-05
2.2104059e-05
1.1767567e-05
6.1978023e-06
3.2303322e-06
1.6666021e-06
8.513415e-07
4.3069514e-07
2.1584057e-07
1.071745e-07
5.2739893e-08
2.5725665e-08
1.2441131e-08
5.966252e-09
2.8377286e-09
1.338885e-09
6.2674554e-10
2.9112808e-10
1.3421101e-10
6.141395e-11
2.7898554e-11
1.2583187e-11
5.6357285e-12
2.506767e-12
1.107476e-12
4.8602789e-13
2.1190581e-13
9.1796467e-14
3.9514413e-14
1.6903443e-14
7.1866601e-15
3.0370521e-15
1.2758227e-15
5.3281924e-16
2.2123736e-16
9.1340308e-17
3.7499667e-17
1.5310445e-17
6.2169502e-18
2.5108972e-18
1.0087289e-18
4.0313005e-19
1.6027714e-19
6.3399153e-20
2.4952257e-20
9.7719024e-21
3.8081939e-21
1.4769193e-21
5.700576e-22
2.1899335e-22
8.3737243e-23
3.1871811e-23
1.2075898e-23
4.5549174e-24
1.7104609e-24
6.3949939e-25
2.3805852e-25
8.824005e-26
3.2569231e-26
1.1970987e-26
4.3818105e-27
1.597344e-27
5.7994161e-28
2.0971538e-28
7.5536246e-29
2.7100554e-29
9.6853823e-30
3.4481727e-30
1.2229604e-30
4.3211967e-31
1.5211807e-31
5.3353046e-32
1.8644703e-32
6.4921043e-33
2.2525005e-33
7.787697e-34
2.683076e-34
9.2119492e-35
3.1519494e-35
1.0748067e-35
3.6527418e-36
1.237254e-36
4.1769914e-37
1.4055506e-37
4.7143377e-38
1.5761555e-38
5.2528416e-39
1.7450942e-39
5.7794308e-40
1.9081168e-40
6.2804445e-41
2.0608818e-41
6.7422452e-42
2.1991563e-42
7.1518585e-43
2.3190172e-43
7.4975965e-44
2.4170401e-44
7.7696213e-45
2.4904646e-45
7.9604131e-46
2.5373221e-46
8.0651086e-47
2.5565201e-47
8.0816904e-48
2.5478782e-48
8.0110214e-49
2.5121128e-49
7.8567229e-50
2.4507768e-50
7.6249138e-51
2.3661576e-51
7.3238345e-52
2.2611429e-52
6.9633856e-53
2.1390655e-53
6.5546137e-54
2.0035376e-54
6.1091835e-55
1.8582836e-55
5.6388643e-56
1.7069852e-56
5.1550616e-57
1.5531427e-57
4.6684166e-58
1.3999606e-58
4.1884867e-59
1.2502608e-59
3.7235156e-60
1.1064244e-60
3.2802959e-61
9.7036194e-62
2.8641153e-62
8.4350905e-63
2.4787796e-63
7.2684414e-64
2.1267001e-64
6.209212e-65
1.8091316e-65
5.2551004e-66
1.5422621e-66
3.7757984e-67
8.0000031
8.0000053
7.999999
8.0000129
8.0000082
8.0000171
8.0000126
8.0000081
8.0000056
7.9999929
7.9999601
7.9999156
7.9998646
7.9998286
7.9998056
7.9997943
7.9997893
7.9997938
7.9998132
7.9998519
7.9999093
7.9999805
8.0000583
8.0001356
8.0002063
8.000266
8.0003116
8.0003415
8.0003556
8.000354
8.000339
8.0003138
8.000281
8.000245
8.0002096
8.000175
8.000142
8.0001089
8.0000661
8.0000046
7.9999151
7.9997747
7.9995511
7.9992039
7.9986451
7.9977037
7.9961693
7.9938531
7.9905392
7.9858645
7.9793122
7.9703667
7.9586261
7.9436708
7.9247948
7.9009288
7.8709426
7.8341128
7.7902875
7.7394025
7.6804197
7.61014
7.5224607
7.4084597
7.2573623
7.0581519
6.8014366
6.4811828
6.0960146
5.6498908
5.1520742
4.6164104
4.0600119
3.501541
2.9593423
2.4497077
1.9855243
1.575473
1.2238313
0.93082105
0.69335314
0.50598515
0.36190997
0.25383549
0.17467086
0.11798954
0.078282718
0.051042668
0.032725731
0.02064297
0.012817789
0.007838538
0.0047233659
0.0028058643
0.0016438971
0.00095029894
0.00054224953
0.00030553321
0.00017005787
9.3533085e-05
5.0851987e-05
2.7337703e-05
1.4536457e-05
7.6475571e-06
3.9817515e-06
2.052236e-06
1.0473496e-06
5.293856e-07
2.6507512e-07
1.3151591e-07
6.46684e-08
3.152089e-08
1.5232871e-08
7.2999974e-09
3.4697543e-09
1.6360024e-09
7.6533124e-10
3.5527394e-10
1.636783e-10
7.4850626e-11
3.3981043e-11
1.5316972e-11
6.8558281e-12
3.0475544e-12
1.3455488e-12
5.9013838e-13
2.5713611e-13
1.1132016e-13
4.7888505e-14
2.0472896e-14
8.6988184e-15
3.673799e-15
1.542356e-15
6.4373454e-16
2.6712815e-16
1.1021986e-16
4.5223388e-17
1.8452881e-17
7.4885358e-18
3.0226949e-18
1.2136363e-18
4.8474232e-19
1.9261589e-19
7.6148594e-20
2.9953626e-20
1.1724198e-20
4.5665777e-21
1.7701076e-21
6.8286704e-22
2.6219608e-22
1.0020632e-22
3.8121303e-23
1.4436711e-23
5.4427752e-24
2.0429011e-24
7.6343448e-25
2.8406381e-25
1.05245e-25
3.8828429e-26
1.4265327e-26
5.2193647e-27
1.9018558e-27
6.9020982e-28
2.4948677e-28
8.9824659e-29
3.2213933e-29
1.1508273e-29
4.095553e-30
1.4520057e-30
5.12855e-31
1.8047128e-31
6.3273999e-32
2.2103565e-32
7.6936964e-33
2.6684497e-33
9.2225183e-34
3.1763005e-34
1.0901592e-34
3.7287994e-35
1.2710808e-35
4.3183341e-36
1.4622179e-36
4.9348526e-37
1.6600296e-37
5.566088e-38
1.860329e-38
6.1979425e-39
2.0584288e-39
6.8150165e-40
2.2493278e-40
7.4012526e-41
2.427929e-41
7.9406582e-42
2.5892744e-42
8.4180565e-43
2.7287812e-43
8.8198158e-44
2.8424632e-44
9.1345087e-45
2.9271222e-45
9.3534534e-46
2.9804963e-46
9.471103e-47
3.0013566e-47
9.485261e-48
2.989545e-48
9.3971101e-49
2.9459552e-49
9.2110607e-50
2.8724584e-50
8.9344381e-51
2.7717806e-51
8.5770342e-52
2.647345e-52
8.1505599e-53
2.5030876e-53
7.6680421e-54
2.3432617e-54
7.143201e-55
2.1722436e-55
6.5898492e-56
1.9943498e-56
6.0213463e-57
1.8136761e-57
5.4501316e-58
1.6339646e-58
4.8873542e-59
1.4585038e-59
4.3426097e-60
1.2900616e-60
3.8237829e-61
1.1308522e-61
3.33699e-62
9.8253242e-63
2.886612e-63
8.4621995e-64
2.4755488e-64
7.2195628e-65
2.1277889e-65
5.2227091e-66
8.0000297
8.0000228
7.9999991
8.0000778
8.0000117
8.0000724
8.0000148
8.0000191
7.9999885
7.9999199
7.99981
7.9997123
7.9996307
7.9996109
7.9996018
7.999609
7.999629
7.9996836
7.9997719
7.99988
7.9999838
8.0000648
8.0001174
8.0001469
8.0001655
8.0001843
8.0002118
8.0002497
8.0002956
8.0003436
8.0003859
8.0004164
8.0004305
8.0004259
8.0004051
8.0003707
8.0003255
8.0002738
8.0002146
8.0001408
8.000046
7.9999219
7.9997513
7.9995196
7.9992195
7.9988172
7.9982287
7.9973662
7.9961963
7.9946969
7.9927349
7.9900279
7.9862736
7.9813051
7.9750604
7.9673423
7.9575999
7.9450064
7.9288704
7.9091053
7.8863451
7.8614282
7.8342905
7.8026071
7.7606749
7.6989742
7.6046647
7.4630229
7.2596016
6.9827254
6.6258404
6.1892389
5.6807802
5.1154198
4.5136053
3.8988443
3.294919
2.7232629
2.2009416
1.7394975
1.3447053
1.0171053
0.75306271
0.54606696
0.38802158
0.27034679
0.18480327
0.12401981
0.081758564
0.052978367
0.033763048
0.021174239
0.013074709
0.0079531374
0.0047680454
0.0028186436
0.0016437274
0.00094600044
0.00053752341
0.00030165581
0.00016725911
9.1659911e-05
4.966166e-05
2.6610258e-05
1.4105568e-05
7.3989049e-06
3.8414562e-06
1.9746352e-06
1.0051861e-06
5.0684614e-07
2.5320531e-07
1.2535143e-07
6.1508406e-08
2.992081e-08
1.4432029e-08
6.9035861e-09
3.2755951e-09
1.5418623e-09
7.2012829e-10
3.3377147e-10
1.5354202e-10
7.0114076e-11
3.1786447e-11
1.4308507e-11
6.3961255e-12
2.8396362e-12
1.2522253e-12
5.4856186e-13
2.3874799e-13
1.0324546e-13
4.4367401e-14
1.8947945e-14
8.0428013e-15
3.393442e-15
1.4233149e-15
5.9350919e-16
2.4606919e-16
1.0144408e-16
4.158831e-17
1.6956077e-17
6.8757898e-18
2.773292e-18
1.1126954e-18
4.4411526e-19
1.7635353e-19
6.9674084e-20
2.7389609e-20
1.0714109e-20
4.1707046e-21
1.6157451e-21
6.2297771e-22
2.3907498e-22
9.1323538e-23
3.4725047e-23
1.314433e-23
4.9532816e-24
1.8583583e-24
6.94177e-25
2.5818873e-25
9.5620751e-26
3.5264351e-26
1.2951174e-26
4.7368768e-27
1.7254585e-27
6.259878e-28
2.262013e-28
8.1416212e-29
2.9189825e-29
1.042497e-29
3.7090139e-30
1.3146182e-30
4.6421087e-31
1.6331348e-31
5.7244811e-32
1.9992798e-32
6.9574498e-33
2.4125764e-33
8.3364604e-34
2.8705613e-34
9.8503366e-35
3.368595e-35
1.1480853e-35
3.8997876e-36
1.3202703e-36
4.4550575e-37
1.4983921e-37
5.0233366e-38
1.6786746e-38
5.5919174e-39
1.8568947e-39
6.1469303e-40
2.02855e-40
6.6739249e-41
2.1890551e-41
7.1585201e-42
2.3339535e-42
7.5870789e-43
2.4591292e-43
7.9473652e-44
2.5610062e-44
8.2291342e-45
2.6367196e-45
8.4246174e-46
2.684249e-46
8.528872e-47
2.7025036e-47
8.5399707e-48
2.691357e-48
8.4590256e-49
2.6516282e-49
8.2900507e-50
2.5850142e-50
8.0396776e-51
2.4939799e-51
7.7167499e-52
2.3816147e-52
7.3318315e-53
2.251467e-53
6.8966619e-54
2.1073685e-54
6.4235955e-55
1.9532588e-55
5.9250631e-56
1.7930211e-56
5.4130806e-57
1.6303382e-57
4.8988294e-58
1.4685731e-58
4.392326e-59
1.3106791e-59
3.9021854e-60
1.1591404e-60
3.4354813e-61
1.0159426e-61
2.9976966e-62
8.8256542e-63
2.5929179e-63
7.5937369e-64
2.2480402e-64
5.5343642e-65
8.0001749
8.0000386
8.0000384
8.0002494
7.9999465
8.0002356
7.9999195
8.0000611
7.9998548
7.9997089
7.9995168
7.9994467
7.9994257
7.9995092
7.9995158
7.9995846
7.9997024
7.9998745
7.9999729
7.9998946
7.9995792
7.9990561
7.9984205
7.9977913
7.9972773
7.9969464
7.9968334
7.9969302
7.9972037
7.9976037
7.9980724
7.9985539
7.9990013
7.9993802
7.9996734
7.9998804
8.0000146
8.0001041
8.0001876
8.0003035
8.0004848
8.0007553
8.0011147
8.0015317
8.0019598
8.0023419
8.0025899
8.0025893
8.002264
8.0016304
8.0007473
7.9995938
7.9980233
7.9958748
7.9931359
7.9899599
7.9864636
7.9824559
7.9773616
7.9704928
7.9615664
7.9511392
7.9405898
7.9314308
7.9240084
7.9159168
7.9006219
7.8668072
7.7988263
7.6783974
7.4873566
7.2109719
6.8411053
6.3784683
5.8333935
5.2249031
4.5782735
3.921653
3.2824716
2.6843472
2.1449769
1.6752187
1.2792763
0.95570649
0.69888647
0.50059386
0.35143701
0.24198218
0.1635246
0.10852548
0.070779311
0.045391484
0.028641259
0.017791147
0.010885348
0.0065633812
0.0039018322
0.0022880352
0.0013240268
0.00075639325
0.00042675892
0.00023788125
0.00013104811
7.1373497e-05
3.844274e-05
2.0482913e-05
1.0799205e-05
5.6354862e-06
2.9115342e-06
1.4895997e-06
7.5487648e-07
3.7899872e-07
1.8855922e-07
9.2981088e-08
4.5453056e-08
2.2031011e-08
1.0589769e-08
5.0488665e-09
2.3879671e-09
1.1206206e-09
5.2185616e-10
2.4119515e-10
1.1065552e-10
5.0399162e-11
2.2791667e-11
1.0234962e-11
4.5646413e-12
2.0220343e-12
8.8977717e-13
3.8898486e-13
1.6896204e-13
7.29282e-14
3.128205e-14
1.333615e-14
5.6512207e-15
2.3805117e-15
9.9690382e-16
4.1507698e-16
1.7184345e-16
7.0745988e-17
2.8964745e-17
1.179425e-17
4.7767937e-18
1.9244212e-18
7.7124509e-19
3.0749902e-19
1.2197862e-19
4.8143897e-20
1.8907956e-20
7.3896054e-21
2.8740754e-21
1.1125041e-21
4.2860504e-22
1.6435777e-22
6.2737188e-23
2.3838872e-23
9.0176974e-24
3.3960797e-24
1.2733706e-24
4.7538828e-25
1.7671782e-25
6.5414125e-26
2.4112524e-26
8.8514406e-27
3.2359755e-27
1.1782457e-27
4.2729214e-28
1.5434445e-28
5.5533168e-29
1.9903396e-29
7.1061243e-30
2.5274731e-30
8.9558203e-31
3.1615925e-31
1.1119991e-31
3.8968799e-32
1.3606905e-32
4.7342035e-33
1.6413261e-33
5.670458e-34
1.9522316e-34
6.6980576e-35
2.2902607e-35
7.8046485e-36
2.6507445e-36
8.9730875e-37
3.0275315e-37
1.0181721e-37
3.4131258e-38
1.1404979e-38
3.7989209e-39
1.2614258e-39
4.1755231e-40
1.377906e-40
4.5331435e-41
1.4868321e-41
4.8620374e-42
1.5851839e-42
5.1529618e-43
1.6701709e-43
5.3976191e-44
1.7393674e-44
5.5890569e-45
1.7908285e-45
5.7219983e-46
1.8231803e-46
5.7930781e-47
1.8356785e-47
5.8009726e-48
1.8282319e-48
5.7464182e-49
1.80139e-49
5.6321183e-50
1.7562978e-50
5.4625523e-51
1.6946216e-51
5.2437022e-52
1.6184521e-52
4.9827203e-53
1.5301927e-53
4.6875592e-54
1.4324399e-54
4.3665945e-55
1.327865e-55
4.0282574e-56
1.2191027e-56
3.6807022e-57
1.1086532e-57
3.3315215e-58
9.9880034e-59
2.987521e-59
8.9155159e-60
2.6545579e-60
7.8859667e-61
2.3374467e-61
6.912838e-62
2.0400586e-62
6.0010538e-63
1.7848091e-63
4.4086338e-64
8.0005667
7.9999874
8.0001681
8.0004644
7.9997313
8.0005663
7.9995559
8.0002636
7.9994309
7.999569
7.9993213
7.9995217
7.9996448
7.9997754
7.9997298
8.0000555
8.0002686
8.0000192
7.9987191
7.9962613
7.9928218
7.9889077
7.9851029
7.9819172
7.9796805
7.9785335
7.9784708
7.979368
7.9810349
7.9832449
7.985761
7.9883587
7.9908457
7.9930714
7.9949301
7.9963549
7.9973074
7.9977774
7.997791
7.9974171
7.996771
7.9960116
7.9953179
7.9948488
7.994716
7.9949743
7.9956035
7.9964943
7.9974854
7.9984492
7.9993417
8.0001494
8.0007879
8.0010841
8.0008987
8.0002844
7.9995022
7.9988187
7.9981993
7.9971434
7.9948586
7.990773
7.9851413
7.9793666
7.9756864
7.9760724
7.9804868
7.9849353
7.9799601
7.9502381
7.875742
7.7345151
7.506602
7.1782466
6.7452925
6.2148802
5.6049922
4.9419835
4.2567443
3.5804219
2.9406003
2.3585985
1.8481641
1.4154926
1.0602524
0.77719063
0.55790589
0.39247839
0.27076929
0.18332241
0.12188784
0.079637978
0.051164641
0.032342373
0.020126841
0.012337233
0.0074528464
0.0044391572
0.0026082708
0.0015124026
0.00086581082
0.00048953972
0.00027347744
0.00015099914
8.2430824e-05
4.4504345e-05
2.3770663e-05
1.2564012e-05
6.573243e-06
3.4049112e-06
1.7466742e-06
8.8756149e-07
4.4684942e-07
2.2294188e-07
1.1024967e-07
5.4050763e-08
2.6275161e-08
1.2667321e-08
6.0575028e-09
2.8737082e-09
1.3526948e-09
6.318738e-10
2.9295243e-10
1.3482194e-10
6.1599765e-11
2.7945299e-11
1.2589368e-11
5.6327047e-12
2.5032173e-12
1.1050899e-12
4.8468722e-13
2.1122062e-13
9.1467393e-14
3.9363588e-14
1.6836944e-14
7.1583452e-15
3.0253961e-15
1.2711897e-15
5.3104856e-16
2.2059216e-16
9.1119865e-17
3.7431524e-17
1.5293144e-17
6.2147462e-18
2.5121699e-18
1.0101934e-18
4.0412897e-19
1.6085138e-19
6.3701199e-20
2.5102465e-20
9.8436997e-21
3.8414949e-21
1.4919975e-21
5.7674957e-22
2.2191299e-22
8.4992129e-23
3.2404028e-23
1.2298917e-23
4.6473462e-24
1.7483797e-24
6.5490882e-25
2.442652e-25
9.0719138e-26
3.3551602e-26
1.2357331e-26
4.5326563e-27
1.6558343e-27
6.0247045e-28
2.1833731e-28
7.88155e-29
2.8340308e-29
1.015136e-29
3.6223277e-30
1.2876918e-30
4.5605085e-31
1.6091925e-31
5.6573366e-32
1.9817139e-32
6.9168788e-33
2.4056626e-33
8.3373771e-34
2.8794458e-34
9.9103141e-35
3.3992182e-35
1.1619773e-35
3.9587385e-36
1.3442187e-36
4.5493585e-37
1.534654e-37
5.1601648e-38
1.7295059e-38
5.7782751e-39
1.9244393e-39
6.3892819e-40
2.1147229e-40
6.9778246e-41
2.2954257e-41
7.5282547e-42
2.4616386e-42
8.0253529e-43
2.6087028e-43
8.4550518e-44
2.7324336e-44
8.8051129e-45
2.8293218e-45
9.0657117e-46
2.8966995e-46
9.2298941e-47
2.9328599e-47
9.2938723e-48
2.9371234e-48
9.2571444e-49
2.909848e-49
9.1224383e-50
2.8523828e-50
8.8954851e-51
2.7669737e-51
8.5846486e-52
2.6566264e-52
8.2004406e-53
2.5249387e-53
7.7549591e-54
2.3759164e-54
7.2612884e-55
2.213782e-55
6.7329026e-56
2.04279e-56
6.1831038e-57
1.8670594e-57
5.6245255e-58
1.6904292e-58
5.0687233e-59
1.5163441e-59
4.5258636e-60
1.3477733e-60
4.0044949e-61
1.187243e-61
3.5083621e-62
1.0484359e-62
2.5990557e-63
8.0007384
8.000163
7.9999692
8.0008665
7.9991747
8.0011818
7.9988776
8.0008162
7.9987942
8.0001709
7.9994305
8.0004262
8.0001879
8.0000741
8.0003769
8.000982
7.9989474
7.9932164
7.9828674
7.9691062
7.953579
7.938558
7.9258616
7.9166939
7.9114866
7.9101873
7.912382
7.9174817
7.9248139
7.9336644
7.9433176
7.9531129
7.9625133
7.9711621
7.9789015
7.9857314
7.9917172
7.9968925
8.0012071
8.0045338
8.0067268
8.0077038
8.0075071
8.0063141
8.0044069
8.0021263
7.9998097
7.9977202
7.9960087
7.9947443
7.9939751
7.9937374
7.993989
7.9945445
7.9951196
7.9954907
7.995651
7.9958026
7.9961374
7.9965285
7.9963718
7.9947767
7.9911261
7.9857839
7.9805519
7.9784503
7.9825641
7.9940282
8.009627
8.0198051
8.0079741
7.9517539
7.8262316
7.6086364
7.2832836
6.8454594
6.3031949
5.6764926
4.9942919
4.290026
3.5968647
2.9436462
2.3521503
1.8359368
1.4005913
1.044983
0.76305471
0.54571579
0.38252578
0.26299935
0.17748356
0.11764439
0.076644765
0.049109767
0.030966344
0.01922639
0.011760535
0.007090889
0.0042162734
0.002473487
0.001432288
0.00081896889
0.00046258047
0.00025819469
0.00014246104
7.7727427e-05
4.1948364e-05
2.2399819e-05
1.1838114e-05
6.1935946e-06
3.2087322e-06
1.6464842e-06
8.3697632e-07
4.2159346e-07
2.1046941e-07
1.0415592e-07
5.1104653e-08
2.486547e-08
1.1999624e-08
5.7444071e-09
2.7283399e-09
1.2858603e-09
6.0144362e-10
2.792308e-10
1.2869396e-10
5.8889313e-11
2.6757978e-11
1.2074294e-11
5.4114435e-12
2.4091125e-12
1.065471e-12
4.681804e-13
2.0441693e-13
8.8694401e-14
3.824666e-14
1.6392675e-14
6.9840126e-15
2.9579971e-15
1.2455627e-15
5.2148897e-16
2.1710603e-16
8.9883589e-17
3.7008747e-17
1.515572e-17
6.1734631e-18
2.5014532e-18
1.0083178e-18
4.0436501e-19
1.6134282e-19
6.4055108e-20
2.5305411e-20
9.9484488e-21
3.8922958e-21
1.5156202e-21
5.8740009e-22
2.2660064e-22
8.7015303e-23
3.3262961e-23
1.2658428e-23
4.7959491e-24
1.8091194e-24
6.7948384e-25
2.5411557e-25
9.4633348e-26
3.5094418e-26
1.296082e-26
4.7670193e-27
1.7462251e-27
6.3710499e-28
2.3152479e-28
8.3806469e-29
3.0218206e-29
1.0853958e-29
3.8837634e-30
1.3844559e-30
4.9168116e-31
1.7397306e-31
6.1332425e-32
2.1543855e-32
7.5404447e-33
2.6298179e-33
9.1395369e-34
3.1652418e-34
1.0924156e-34
3.7573457e-35
1.2879539e-35
4.4000622e-36
1.4982004e-36
5.084481e-37
1.7198943e-37
5.7989309e-38
1.9489359e-38
6.529243e-39
2.1804986e-39
7.2591932e-40
2.4091958e-40
7.9711054e-41
2.6292933e-41
8.6465866e-42
2.8349574e-42
9.2673462e-43
3.0205213e-43
9.8160472e-44
3.180753e-44
1.0277134e-44
3.3111055e-45
1.063758e-45
3.4079347e-46
1.0887496e-46
3.4686668e-47
1.1020579e-47
3.4919078e-48
1.1034352e-48
3.4774879e-49
1.09302e-49
3.4264391e-50
1.0713197e-50
3.3409111e-51
1.0391756e-51
3.2240334e-52
9.9771147e-53
3.0797352e-53
9.4827173e-54
2.9125356e-54
8.9235263e-55
2.7273218e-55
8.3153116e-56
2.5291263e-56
7.6739653e-57
2.322918e-57
7.0148756e-58
2.1134176e-58
6.3523892e-59
1.9049445e-59
5.6993888e-60
1.7012913e-60
5.0673478e-61
1.5042901e-61
4.5169406e-62
1.1239136e-62
7.9993101
8.0017054
7.9981364
8.0027904
7.997068
8.0034294
7.997009
8.0025143
7.9981973
8.0013779
7.9998848
8.0019066
7.9992596
8.0004548
8.0015074
7.9956001
7.9760513
7.9438443
7.900337
7.8521619
7.8047848
7.7644847
7.7345843
7.7164911
7.7097206
7.713038
7.7248472
7.7436001
7.7677516
7.7955919
7.8251711
7.8543953
7.8812939
7.9043685
7.9229095
7.9371267
7.9479786
7.9567678
7.9646893
7.9725045
7.9804272
7.9882122
7.9953631
8.0013522
8.0057871
8.008503
8.0095729
8.0092441
8.0078478
8.0057386
8.0032777
8.0008086
7.9985857
7.9966858
7.9949957
7.99333
7.9916233
7.9900494
7.9889384
7.9884986
7.9885111
7.9882472
7.9867843
7.9836882
7.9797774
7.9775018
7.9804714
7.9918947
8.0121151
8.0359193
8.0506384
8.0360423
7.9665752
7.8157068
7.5613916
7.191162
6.7054424
6.1182121
5.4549482
4.7485212
4.0341619
3.3446735
2.706787
2.1391154
1.6517112
1.2469071
0.9209577
0.66599324
0.47189827
0.32786706
0.2235293
0.14964619
0.098443585
0.063677073
0.040524972
0.025390001
0.015669167
0.0095301944
0.0057154038
0.0033813153
0.0019742885
0.0011381598
0.00064808914
0.00036464185
0.00020279204
0.00011151462
6.0652023e-05
3.2637741e-05
1.7381136e-05
9.1629473e-06
4.7830068e-06
2.4727487e-06
1.2664018e-06
6.426437e-07
3.2319636e-07
1.6111885e-07
7.9632867e-08
3.9028627e-08
1.8971194e-08
9.1474268e-09
4.3758817e-09
2.0771187e-09
9.7847636e-10
4.5750346e-10
2.1235032e-10
9.7855056e-11
4.4775524e-11
2.0345975e-11
9.1822328e-12
4.116232e-12
1.8330796e-12
8.1103454e-13
3.5654887e-13
1.5576297e-13
6.7626546e-14
2.9182276e-14
1.2517281e-14
5.3373845e-15
2.2626233e-15
9.5366952e-16
3.996879e-16
1.6657743e-16
6.9042583e-17
2.846141e-17
1.1669875e-17
4.7596779e-18
1.9311711e-18
7.795165e-19
3.130546e-19
1.2509305e-19
4.9738427e-20
1.9679926e-20
7.7491412e-21
3.0367423e-21
1.1844358e-21
4.5982092e-22
1.7769017e-22
6.8353206e-23
2.6175681e-23
9.9793681e-24
3.7878773e-24
1.4315217e-24
5.386791e-25
2.0184267e-25
7.5312413e-26
2.7984052e-26
1.035534e-26
3.8163379e-27
1.4008011e-27
5.1211979e-28
1.8648757e-28
6.7643957e-29
2.44414e-29
8.7974736e-30
3.1545778e-30
1.1269176e-30
4.0107604e-31
1.4221996e-31
5.0246879e-32
1.7688357e-32
6.2045545e-33
2.1686681e-33
7.5535189e-34
2.6217629e-34
9.0685805e-35
3.1260842e-35
1.073967e-35
3.6772518e-36
1.2549054e-36
4.2684145e-37
1.4471143e-37
4.8902619e-38
1.6472771e-38
5.5311898e-39
1.8513973e-39
6.1776253e-40
2.0549246e-40
6.8144988e-41
2.2529256e-41
7.4258415e-42
2.440289e-42
7.9954755e-43
2.6119529e-43
8.5077509e-44
2.7631396e-44
8.9482821e-45
2.8895833e-45
9.3046349e-46
2.9877325e-46
9.5669151e-47
3.0549168e-47
9.7282217e-48
3.0894652e-48
9.7849365e-49
3.0907689e-49
9.7368329e-50
3.0592873e-50
9.5870022e-51
2.9964973e-51
9.3416126e-52
2.9047919e-52
9.009519e-53
2.7873382e-53
8.6017578e-54
2.6479034e-54
8.130968e-55
2.4906647e-55
7.6107734e-56
2.3200127e-56
7.0551688e-57
2.1403624e-57
6.4779459e-58
1.9559811e-58
5.8921852e-59
1.7708421e-59
5.3098057e-60
1.5886255e-60
4.7368735e-61
1.4289205e-61
3.5685463e-62
7.9981953
8.002812
7.9965239
8.0051938
7.9937146
8.00842
7.9912525
8.009078
7.9936514
8.0043065
8.0011595
7.9997355
7.9967067
8.0039336
7.9887527
7.9376267
7.8516645
7.7413086
7.614482
7.4896075
7.3784038
7.2931901
7.2356976
7.2053238
7.1988775
7.2121642
7.2428213
7.2901134
7.3535024
7.4312953
7.5197766
7.6130897
7.7041557
7.7860024
7.8531475
7.9028036
7.9352985
7.9535232
7.9617799
7.9645396
7.9654911
7.9670608
7.9703749
7.9755212
7.9819402
7.988816
7.9953734
8.0010414
8.0054991
8.0086619
8.0106451
8.0117008
8.0121096
8.0120562
8.0115677
8.0105769
8.0090921
8.0073518
8.0058242
8.004991
8.0050107
8.0054771
8.0055091
8.0042748
8.0018104
7.9997239
8.0012168
8.0099593
8.0277649
8.0516211
8.0711648
8.0678318
8.0165007
7.8896056
7.6627666
7.3203803
6.8595862
6.2915534
5.6398733
4.9366636
4.217499
3.5164017
2.8618702
2.2744878
1.7661829
1.340861
0.99593523
0.72426057
0.51605671
0.36054557
0.2471717
0.16638729
0.11005769
0.071578614
0.045801495
0.028851401
0.017901487
0.010946548
0.0066000792
0.0039256431
0.0023043912
0.0013355748
0.00076457349
0.00043248578
0.00024181282
0.00013368616
7.3102105e-05
3.9549311e-05
2.1175609e-05
1.1223719e-05
5.8904909e-06
3.0618543e-06
1.5766496e-06
8.044481e-07
4.0678338e-07
2.0389976e-07
1.0133063e-07
4.9936014e-08
2.440683e-08
1.1833286e-08
5.6920024e-09
2.7167954e-09
1.2869001e-09
6.0504858e-10
2.8239197e-10
1.3085435e-10
6.0207791e-11
2.7510535e-11
1.248471e-11
5.6278235e-12
2.5201886e-12
1.1212502e-12
4.9567135e-13
2.1774613e-13
9.5063661e-14
4.1250291e-14
1.7792115e-14
7.6287743e-15
3.2519658e-15
1.3782805e-15
5.8085137e-16
2.4342355e-16
1.0145275e-16
4.2053416e-17
1.7338306e-17
7.1106765e-18
2.9009761e-18
1.1774317e-18
4.7546034e-19
1.9103273e-19
7.6373634e-20
3.038421e-20
1.2029491e-20
4.7398731e-21
1.8587938e-21
7.2554601e-22
2.8189778e-22
1.0902712e-22
4.1977466e-23
1.6090107e-23
6.1402267e-24
2.3329955e-24
8.8260874e-25
3.3248174e-25
1.24719e-25
4.6588874e-26
1.7331488e-26
6.4211424e-27
2.3693545e-27
8.7077746e-28
3.1875827e-28
1.1622788e-28
4.2215396e-29
1.5274249e-29
5.5054628e-30
1.9769193e-30
7.072307e-31
2.5207276e-31
8.9515606e-32
3.1673401e-32
1.1166795e-32
3.9229693e-33
1.3733085e-33
4.7907357e-34
1.6654482e-34
5.7699022e-35
1.9921756e-35
6.8552268e-36
2.351062e-36
8.0365036e-37
2.7380642e-37
9.2983509e-38
3.1475037e-38
1.0620296e-38
3.5721431e-39
1.1977182e-39
4.0033676e-40
1.3339903e-40
4.4314656e-41
1.4676437e-41
4.8459983e-42
1.5953131e-42
5.236236e-43
1.7136159e-43
5.5916371e-44
1.8193063e-44
5.9023368e-45
1.909428e-45
6.1596135e-46
1.9814542e-46
6.3563017e-47
2.0334063e-47
6.4871242e-48
2.0639432e-48
6.5489203e-49
2.0724162e-49
6.5407608e-50
2.0588856e-50
6.4639408e-51
2.0241006e-51
6.3218582e-52
1.9694434e-52
6.1197897e-53
1.8968445e-53
5.8645828e-54
1.8086748e-54
5.5642874e-55
1.7076229e-55
5.2277558e-56
1.5965664e-56
4.8642333e-57
1.4784439e-57
4.4829673e-58
1.3561373e-58
4.092856e-59
1.2323597e-59
3.7024307e-60
1.1085242e-60
3.3583577e-61
8.4162609e-62
8.0069662
7.9930247
8.0067103
7.9952818
8.0020311
8.0034215
7.9907551
8.0166081
7.9797726
8.0205011
7.9910986
7.9922926
8.0050739
7.9859903
7.8664159
7.6746312
7.4352706
7.1601186
6.8608306
6.5810815
6.3369867
6.1484143
6.0090594
5.9064418
5.8336934
5.7943811
5.7997393
5.8603499
5.9829199
6.164341
6.3940896
6.6544985
6.9249167
7.185169
7.4178183
7.6106749
7.7583027
7.8617557
7.9269769
7.9626409
7.9780596
7.9815793
7.9796675
7.9766463
7.9748974
7.9753221
7.9778663
7.9819751
7.9869243
7.9920372
7.9968063
8.0009267
8.0042511
8.0067112
8.0082796
8.0090269
8.0092454
8.0095238
8.0106334
8.0131801
8.0171412
8.0215645
8.0247357
8.0249493
8.021678
8.016562
8.0134647
8.017056
8.0299819
8.0494382
8.0644945
8.0555021
7.9962841
7.8588207
7.6192078
7.2632014
6.7898068
6.2120328
5.5548064
4.8507996
4.1353344
3.441549
2.7967116
2.220118
1.7225767
1.3071667
0.97080326
0.70613665
0.50340433
0.35198768
0.24156072
0.16282125
0.10786215
0.070270983
0.045050073
0.028436652
0.017683299
0.010838666
0.0065513355
0.0039068543
0.0022996336
0.0013366078
0.00076741986
0.0004354175
0.00024421575
0.00013545003
7.4311661e-05
4.0339896e-05
2.1673706e-05
1.1528333e-05
6.0721594e-06
3.1678613e-06
1.6373193e-06
8.385675e-07
4.2566596e-07
2.1419574e-07
1.0686727e-07
5.2874713e-08
2.5947465e-08
1.2631545e-08
6.1009984e-09
2.92411e-09
1.3909062e-09
6.5671044e-10
3.0780827e-10
1.4324292e-10
6.6192203e-11
3.0376214e-11
1.3845357e-11
6.2685531e-12
2.8194887e-12
1.2599667e-12
5.5947128e-13
2.4687065e-13
1.0826192e-13
4.7188586e-14
2.0445248e-14
8.8060274e-15
3.7708295e-15
1.6054579e-15
6.7967461e-16
2.8613912e-16
1.1980105e-16
4.9886535e-17
2.0662211e-17
8.5127826e-18
3.488971e-18
1.4226015e-18
5.7710872e-19
2.3294214e-19
9.3558129e-20
3.739249e-20
1.4872444e-20
5.8870879e-21
2.3193351e-21
9.0948444e-22
3.5499261e-22
1.3792995e-22
5.3350139e-23
2.0543394e-23
7.8757161e-24
3.0061468e-24
1.1424921e-24
4.3235392e-25
1.629253e-25
6.1139237e-26
2.2848248e-26
8.5036599e-27
3.15208e-27
1.1637104e-27
4.2792395e-28
1.5673988e-28
5.7187446e-29
2.0784846e-29
7.5254796e-30
2.7144319e-30
9.7543171e-31
3.4922351e-31
1.2457016e-31
4.4273466e-32
1.5678579e-32
5.5324567e-33
1.9453233e-33
6.8161945e-34
2.3800299e-34
8.2818362e-35
2.8720237e-35
9.9261239e-36
3.419122e-36
1.1738307e-36
4.0166578e-37
1.3699511e-37
4.6573437e-38
1.5782526e-38
5.3312806e-39
1.7952088e-39
6.026127e-40
2.0165675e-40
6.7274353e-41
2.2374821e-41
7.4191422e-42
2.4526894e-42
8.0841933e-43
2.6567241e-43
8.7052665e-44
2.8441575e-44
9.2655483e-45
3.0098463e-45
9.7495133e-46
3.149173e-46
1.0143656e-46
3.2582638e-47
1.0437125e-47
3.3341684e-48
1.0622216e-48
3.3749903e-49
1.0694696e-49
3.37996e-50
1.0653943e-50
3.3494481e-51
1.0502884e-51
3.2849178e-52
1.0247766e-52
3.1888245e-53
9.8977561e-54
3.06447e-54
9.4644255e-55
2.9158221e-55
8.9611397e-56
2.7473146e-56
8.40241e-57
2.5636395e-57
7.8032388e-58
2.3695442e-58
7.1785058e-59
2.1696316e-59
6.5429292e-60
1.966307e-60
5.9803113e-61
1.5034895e-61
8.0271482
7.9693337
8.0336233
7.963896
8.0368585
7.9655707
8.0272835
7.9874673
7.9912533
8.0355873
7.9471417
8.0194261
7.9896456
7.7738975
7.3885085
6.9568504
6.4415241
5.8030573
5.092294
4.5013838
4.0638606
3.7240691
3.4428339
3.2202041
3.073421
3.0167259
3.063974
3.2265035
3.5105156
3.9004929
4.3772256
4.9073072
5.4532832
5.9809715
6.4629569
6.8804068
7.2234182
7.4902874
7.6859472
7.8200243
7.9047266
7.9527857
7.9758468
7.9834997
7.9829281
7.9790255
7.9747824
7.9717708
7.9706107
7.9713613
7.9738088
7.9776404
7.9825213
7.9881183
7.994124
8.0003011
8.0065039
8.0126049
8.0182871
8.022782
8.0247529
8.022559
8.0150059
8.0023986
7.9873944
7.9749929
7.9711717
7.9801899
8.0012473
8.0256911
8.0360143
8.0074048
7.9117572
7.7231959
7.4236297
7.0068552
6.480207
5.8635
5.1857367
4.4805368
3.781386
3.1176371
2.5118364
1.9785476
1.5245103
1.1497648
0.84930634
0.61487403
0.4365823
0.3042242
0.2081868
0.13999776
0.092568905
0.060220297
0.038565718
0.024326337
0.015121458
0.0092675757
0.0056026966
0.0033425579
0.0019687646
0.001145286
0.00065826752
0.00037394974
0.00021003518
0.00011667468
6.4120553e-05
3.4872044e-05
1.8773011e-05
1.0006398e-05
5.2821921e-06
2.762124e-06
1.4310669e-06
7.3477627e-07
3.7395141e-07
1.8867861e-07
9.4396629e-08
4.6837329e-08
2.3051645e-08
1.1255253e-08
5.4527888e-09
2.6215383e-09
1.2509195e-09
5.9251237e-10
2.786233e-10
1.3009016e-10
6.0315861e-11
2.7773463e-11
1.2702508e-11
5.771089e-12
2.6048416e-12
1.1681672e-12
5.205618e-13
2.305289e-13
1.014624e-13
4.4386531e-14
1.9301992e-14
8.3444036e-15
3.5864689e-15
1.5326845e-15
6.5130857e-16
2.7523429e-16
1.1567316e-16
4.8351356e-17
2.0103033e-17
8.3142196e-18
3.4207214e-18
1.4001638e-18
5.7020741e-19
2.3105052e-19
9.3159623e-20
3.7378441e-20
1.4924943e-20
5.9309876e-21
2.3457863e-21
9.2346548e-22
3.6186522e-22
1.4115286e-22
5.481146e-23
2.1189154e-23
8.1552582e-24
3.1251042e-24
1.1923791e-24
4.5300953e-25
1.7138113e-25
6.4565511e-26
2.4223614e-26
9.0509994e-27
3.3681506e-27
1.2483652e-27
4.6085514e-28
1.6946382e-28
6.207206e-29
2.2648449e-29
8.2322801e-30
2.9809668e-30
1.0753879e-30
3.8650892e-31
1.3840617e-31
4.9381903e-32
1.755542e-32
6.2187071e-33
2.1950711e-33
7.7209476e-34
2.7063246e-34
9.4534402e-35
3.290894e-35
1.1417341e-35
3.9478079e-36
1.3605034e-36
4.6731355e-37
1.599906e-37
5.4597157e-38
1.8571501e-38
6.2970497e-39
2.1283937e-39
7.1713835e-40
2.4088032e-40
8.0659989e-41
2.692678e-41
8.9617095e-42
2.9736381e-42
9.8375438e-43
3.2448669e-43
1.0671585e-43
3.4993943e-44
1.1441914e-44
3.7304058e-45
1.2127598e-45
3.9315551e-46
1.2709668e-46
4.0972606e-47
1.3172e-47
4.2229667e-48
1.350207e-48
4.3053516e-49
1.3691506e-49
4.3424692e-50
1.3736425e-50
4.3338169e-51
1.3637525e-51
4.2803271e-52
1.3399939e-52
4.1842845e-53
1.3032868e-53
4.0491796e-54
1.2549028e-54
3.879509e-55
1.1963951e-55
3.6805371e-56
1.1295197e-56
3.4580384e-57
1.056152e-57
3.2180349e-58
9.7820572e-59
2.9665249e-59
8.9762904e-60
2.7066064e-60
8.2605419e-61
2.0827394e-61
8.0343098
7.9602326
8.046223
7.9456235
8.0642672
7.9254559
8.0847379
7.9115467
8.0790395
7.9552161
7.9493318
8.0617917
7.6736206
7.0477741
6.3483441
5.6228378
4.5827582
3.5039816
2.7292297
2.2362307
1.8746915
1.5569139
1.2795587
1.0691132
0.95090133
0.93469796
1.0309252
1.2532246
1.6134175
2.1063873
2.7190492
3.4138178
4.1423067
4.8570761
5.5196082
6.1044001
6.5990768
7.001641
7.3170016
7.5543382
7.7252854
7.8424949
7.9184047
7.9642621
7.9895011
8.0014992
8.0056426
8.0055871
8.0036074
8.0009543
7.9981679
7.9953226
7.9922086
7.9884711
7.9837267
7.9776559
7.9700552
7.9608455
7.9500709
7.9379701
7.9251907
7.9131332
7.9042611
7.9020766
7.91044
7.9320864
7.9665325
8.0079447
8.0437751
8.0549008
8.0176177
7.9072585
7.7026532
7.3903449
6.9675205
6.44298
5.8360058
5.1735135
4.4862166
3.8046467
3.1557598
2.5605985
2.0331789
1.5805016
1.2034166
0.89799428
0.6570731
0.47172419
0.33246854
0.23017242
0.15661925
0.10480204
0.069002399
0.044725812
0.028554433
0.017964837
0.011143248
0.0068176491
0.0041160288
0.0024531317
0.0014438804
0.00083959577
0.00048249251
0.00027411774
0.00015400946
8.5595659e-05
4.7073226e-05
2.5623091e-05
1.3808165e-05
7.3687418e-06
3.8949734e-06
2.0396959e-06
1.0584434e-06
5.443753e-07
2.7754989e-07
1.4030568e-07
7.033593e-08
3.4971965e-08
1.7249388e-08
8.4412238e-09
4.0990178e-09
1.9754179e-09
9.4493671e-10
4.4871298e-10
2.1154963e-10
9.9034656e-11
4.6041044e-11
2.1258674e-11
9.7500886e-12
4.4423126e-12
2.0108659e-12
9.0442889e-13
4.0422723e-13
1.7954684e-13
7.9263099e-14
3.4781174e-14
1.5171728e-14
6.5793073e-15
2.8367116e-15
1.2161154e-15
5.1843307e-16
2.1978685e-16
9.2668856e-17
3.886155e-17
1.6210297e-17
6.7262963e-18
2.7765404e-18
1.140258e-18
4.6590878e-19
1.8941923e-19
7.6630008e-20
3.0849695e-20
1.2359619e-20
4.928173e-21
1.955768e-21
7.7254301e-22
3.0375593e-22
1.188902e-22
4.632425e-23
1.7969387e-23
6.9397159e-24
2.6684203e-24
1.0216239e-24
3.8946815e-25
1.4784828e-25
5.5891154e-26
2.1041222e-26
7.8889325e-27
2.9457972e-27
1.0955757e-27
4.058394e-28
1.49746e-28
5.5037937e-29
2.0150756e-29
7.3495191e-30
2.6704269e-30
9.6665653e-31
3.486171e-31
1.252637e-31
4.4845263e-32
1.5996952e-32
5.6859307e-33
2.0138335e-33
7.1075031e-34
2.499745e-34
8.7613878e-35
3.0602847e-35
1.0653087e-35
3.6959548e-36
1.2779914e-36
4.4044505e-37
1.5129699e-37
5.1803086e-38
1.7679893e-38
6.0147005e-39
2.0397186e-39
6.8954045e-40
2.323773e-40
7.8069811e-41
2.6148029e-41
8.7311594e-42
2.906649e-42
9.6474256e-43
3.1925578e-43
1.0533792e-43
3.4654482e-44
1.1367701e-44
3.718213e-45
1.2127014e-45
3.9440376e-46
1.2791018e-46
4.1367132e-47
1.334139e-47
4.2909272e-48
1.3763047e-48
4.4025083e-49
1.4044836e-49
4.4686123e-50
1.4180015e-50
4.4878371e-51
1.4166488e-51
4.4602606e-52
1.4006811e-52
4.3874011e-53
1.3707945e-53
4.2721071e-54
1.3280806e-54
4.1183842e-55
1.2739636e-55
3.9311747e-56
1.2101251e-56
3.7161058e-57
1.1384213e-57
3.4792222e-58
1.0607987e-58
3.2266995e-59
9.7929301e-60
2.9616539e-60
9.0670445e-61
2.2920142e-61
8.0143618
7.9846505
8.0195026
7.9761311
8.0337013
7.9538168
8.0674724
7.9015588
8.1303219
7.8051013
8.0827274
7.7406412
6.7387622
5.8719987
5.032221
3.9708162
2.7827585
1.808125
1.2045978
0.87416434
0.64858586
0.45903025
0.31376857
0.22728407
0.20631657
0.25648454
0.39343064
0.6390816
1.0122326
1.5194445
2.1499428
2.8716234
3.637408
4.3963208
5.1046774
5.733237
6.2684162
6.7088605
7.0605683
7.333176
7.5378572
7.6861412
7.7891361
7.8569856
7.8985099
7.9210295
7.9303648
7.9309676
7.9261344
7.9182515
7.9090326
7.8997298
7.8913069
7.8845783
7.8803091
7.8792749
7.8822783
7.8901293
7.903603
7.92338
7.9499438
7.9833727
8.0229422
8.0664929
8.1096168
8.1448581
8.1612429
8.144475
8.0780234
7.945091
7.7311699
7.4266681
7.0290104
6.5437143
5.9841862
5.3702827
4.7259577
4.0764754
3.4457063
2.8539302
2.3164061
1.8427863
1.4372876
1.0994311
0.8251176
0.60781271
0.43966578
0.31244533
0.21823641
0.14989496
0.101288
0.067366322
0.044120576
0.028467456
0.018103232
0.011351388
0.0070211247
0.0042855101
0.0025822794
0.0015366286
0.00090334377
0.00052481043
0.00030140983
0.00017117952
9.6164188e-05
5.3451981e-05
2.9404861e-05
1.6013635e-05
8.6353822e-06
4.6120556e-06
2.4401959e-06
1.2792739e-06
6.6465838e-07
3.4230489e-07
1.7477824e-07
8.8490736e-08
4.4434251e-08
2.2131861e-08
1.093618e-08
5.3619901e-09
2.6089245e-09
1.2598892e-09
6.0394379e-10
2.8741534e-10
1.3580839e-10
6.3723345e-11
2.9694514e-11
1.3743846e-11
6.3189052e-12
2.8861741e-12
1.3097685e-12
5.9060987e-13
2.6465651e-13
1.1786381e-13
5.2171524e-14
2.2955129e-14
1.0040517e-14
4.3661475e-15
1.8877378e-15
8.1155861e-16
3.4694938e-16
1.4750697e-16
6.2372136e-17
2.6231968e-17
1.0973954e-17
4.5668478e-18
1.890686e-18
7.7875248e-19
3.1914181e-19
1.3013634e-19
5.2804371e-20
2.1321748e-20
8.5680504e-21
3.4266645e-21
1.3640023e-21
5.4042527e-22
2.1313548e-22
8.3675354e-23
3.2702629e-23
1.2724252e-23
4.9290947e-24
1.9011118e-24
7.3008549e-25
2.7918038e-25
1.0630663e-25
4.031057e-26
1.5222258e-26
5.7247809e-27
2.1442534e-27
7.9992309e-28
2.9722983e-28
1.1000829e-28
4.0556814e-29
1.489443e-29
5.4490593e-30
1.9859691e-30
7.2109443e-31
2.608529e-31
9.4015187e-32
3.3760884e-32
1.2079737e-32
4.3066867e-33
1.5299778e-33
5.4162259e-34
1.9106968e-34
6.7171252e-35
2.3533412e-35
8.2169206e-36
2.8593592e-36
9.9169082e-37
3.4280268e-37
1.1810944e-37
4.0561079e-38
1.3884514e-38
4.7376154e-39
1.6114185e-39
5.4637101e-40
1.8467531e-40
6.2227586e-41
2.0903588e-41
7.0005666e-42
2.3373867e-42
7.780785e-43
2.582391e-43
8.5454795e-44
2.8195304e-44
9.2758322e-45
3.0428076e-45
9.9529372e-46
3.2463301e-46
1.0558643e-46
3.4245761e-47
1.1076383e-47
3.5726511e-48
1.1491947e-48
3.6865137e-49
1.1794132e-49
3.7631594e-50
1.1975241e-50
3.8007498e-51
1.2031396e-51
3.7986794e-52
1.1962646e-52
3.7575766e-53
1.177287e-53
3.6792441e-54
1.1469496e-54
3.5665404e-55
1.1063044e-55
3.4232158e-56
1.0566556e-56
3.2537148e-57
9.9949261e-58
3.0629569e-58
9.3642021e-59
2.8560926e-59
8.6916094e-60
2.6356345e-60
8.0914847e-61
2.050217e-61
7.9962012
8.0067081
7.9927826
8.0099568
7.9897042
8.0089501
7.9895912
7.9802157
8.0016922
7.7858959
7.9670868
6.7481106
5.5509808
4.6881547
3.5262742
2.3801017
1.4193335
0.77337449
0.43435156
0.27681565
0.180129
0.10655458
0.06280456
0.053451859
0.08341359
0.16626151
0.32405671
0.58118686
0.95669222
1.4576361
2.0748351
2.7819545
3.5391257
4.3002994
5.0222089
5.6720374
6.2312292
6.6947762
7.0674037
7.3591905
7.5823079
7.7490834
7.870993
7.9582054
8.0194195
8.0618596
8.0913648
8.1125335
8.1288935
8.143073
8.156955
8.171806
8.188374
8.2069524
8.2274122
8.2492
8.2713095
8.2922284
8.3098679
8.3214765
8.3235349
8.3116393
8.2803928
8.2233571
8.1331425
8.0017254
7.8210543
7.5839411
7.2851438
6.9224617
6.4976162
6.0167036
5.4900798
4.9316533
4.3576868
3.7853029
3.2309392
2.7089846
2.2307745
1.8040377
1.4328007
1.1176837
0.85647543
0.6448607
0.4771797
0.34712623
0.24832362
0.17475041
0.12101495
0.082496647
0.055382038
0.036626683
0.023871701
0.015338637
0.0097200121
0.0060768722
0.00374956
0.0022841126
0.0013741615
0.00081673807
0.0004797221
0.00027854212
0.00015992403
9.0819865e-05
5.1028169e-05
2.8373574e-05
1.5617131e-05
8.5108972e-06
4.593414e-06
2.4557102e-06
1.3007414e-06
6.8275427e-07
3.5520663e-07
1.8319813e-07
9.3683091e-08
4.7508944e-08
2.3896505e-08
1.1923571e-08
5.9027818e-09
2.8996702e-09
1.4136525e-09
6.8406516e-10
3.2860141e-10
1.5671587e-10
7.421314e-11
3.4899862e-11
1.6300123e-11
7.561882e-12
3.484872e-12
1.5955349e-12
7.2582446e-13
3.2809882e-13
1.4738939e-13
6.5804531e-14
2.9201945e-14
1.2881649e-14
5.6489945e-15
2.4628962e-15
1.0676543e-15
4.6021229e-16
1.9727013e-16
8.4095293e-17
3.5654982e-17
1.5036163e-17
6.3074163e-18
2.6320389e-18
1.092666e-18
4.5129877e-19
1.8545955e-19
7.5834809e-20
3.0856583e-20
1.2494297e-20
5.0348308e-21
2.0192535e-21
8.0603337e-22
3.2025374e-22
1.2665919e-22
4.9865761e-23
1.954397e-23
7.6258581e-24
2.9624485e-24
1.1458274e-24
4.4127943e-25
1.6922075e-25
6.4618668e-26
2.4572282e-26
9.3053861e-27
3.5094792e-27
1.3182202e-27
4.9315972e-28
1.8376321e-28
6.8205215e-29
2.5216284e-29
9.2867805e-30
3.4071067e-30
1.2452552e-30
4.534176e-31
1.6448293e-31
5.944846e-32
2.140781e-32
7.6812184e-33
2.7461758e-33
9.7831975e-34
3.4729716e-34
1.228579e-34
4.3311137e-35
1.5216117e-35
5.3275642e-36
1.8590318e-36
6.4653305e-37
2.241056e-37
7.7425653e-38
2.6662397e-38
9.151819e-39
3.1312748e-39
1.0679525e-39
3.630872e-40
1.2305786e-40
4.1577475e-41
1.4004516e-41
4.7027291e-42
1.5743969e-42
5.2549833e-43
1.7487652e-43
5.8023628e-44
1.9195589e-44
6.3318566e-45
2.0825885e-45
6.8301193e-46
2.2336493e-46
7.2840504e-47
2.3687074e-47
7.6813851e-48
2.4840843e-48
8.011258e-49
2.5766267e-49
8.2647051e-50
2.6438507e-50
8.4350693e-51
2.6840521e-51
8.5182839e-52
2.6963752e-52
8.5130207e-53
2.6808358e-53
8.4206926e-54
2.6383008e-54
8.2453183e-55
2.5704243e-55
7.993262e-56
2.4795485e-56
7.6728702e-57
2.3685748e-57
7.2940314e-58
2.2408177e-58
6.8676978e-59
2.099832e-59
6.4059314e-60
1.9472764e-60
5.9934107e-61
1.5218868e-61
7.9979649
8.0031516
7.9954895
8.0029477
7.9849696
7.9933123
7.9456593
7.944497
7.8019568
7.6824091
7.2225656
5.5028318
3.9962634
2.7193836
1.8521856
1.1726273
0.64914674
0.29582663
0.12018228
0.063668257
0.038405311
0.021479947
0.017466363
0.031121855
0.071572507
0.15463238
0.30043824
0.529013
0.85554821
1.2866432
1.8181435
2.4346484
3.1108048
3.8144641
4.5113628
5.1703673
5.7678431
6.2900869
6.7329862
7.0995311
7.3969539
7.6343517
7.8211137
7.965992
8.0766462
8.1594845
8.2196712
8.2612154
8.2870944
8.2993856
8.2993902
8.2877422
8.2645001
8.2292237
8.1810361
8.118675
8.0405392
7.9447335
7.8291177
7.6913657
7.5290412
7.3396983
7.1210194
6.8710024
6.5882013
6.2720151
5.9229974
5.5431426
5.1360874
4.7071717
4.2633124
3.8126803
3.3642027
2.9269512
2.5094947
2.1193057
1.7622926
1.442511
1.1620696
0.92122228
0.71860761
0.55158856
0.41663685
0.30971424
0.2266128
0.1632302
0.11576968
0.080865501
0.05564301
0.037726707
0.02521135
0.016610198
0.010792224
0.0069172403
0.0043749195
0.002731194
0.0016834874
0.0010248741
0.00061639806
0.00036635883
0.00021524282
0.00012503922
7.1841461e-05
4.0834545e-05
2.2967447e-05
1.2786018e-05
7.046882e-06
3.8458794e-06
2.0788614e-06
1.1132106e-06
5.9066111e-07
3.1059363e-07
1.6189021e-07
8.3656574e-08
4.2865281e-08
2.1782574e-08
1.0979428e-08
5.4901441e-09
2.7238636e-09
1.3410541e-09
6.5527868e-10
3.1782059e-10
1.5302757e-10
7.3154752e-11
3.4725804e-11
1.6370012e-11
7.6644506e-12
3.5644722e-12
1.6467853e-12
7.5587549e-13
3.4472893e-13
1.5622867e-13
7.0362209e-14
3.1495819e-14
1.4013253e-14
6.1977555e-15
2.7250546e-15
1.1912313e-15
5.17763e-16
2.2377575e-16
9.6177679e-17
4.1109877e-17
1.7476693e-17
7.3899815e-18
3.1083329e-18
1.3005893e-18
5.4138851e-19
2.2421317e-19
9.2389565e-20
3.7880896e-20
1.5455332e-20
6.2751181e-21
2.5355671e-21
1.0196745e-21
4.0813552e-22
1.6260214e-22
6.4483602e-23
2.5456297e-23
1.0004269e-23
3.9141769e-24
1.5246881e-24
5.9132609e-25
2.283485e-25
8.7803875e-26
3.3619595e-26
1.2818969e-26
4.8675872e-27
1.8407394e-27
6.9327623e-28
2.6005968e-28
9.7164887e-29
3.6160292e-29
1.3404701e-29
4.9499522e-30
1.8208717e-30
6.6727936e-31
2.4361348e-31
8.8608466e-32
3.2110289e-32
1.159372e-32
4.1708573e-33
1.4950849e-33
5.3402088e-34
1.9007111e-34
6.7414444e-35
2.3827691e-35
8.3929797e-36
2.9462421e-36
1.0307453e-36
3.5939949e-37
1.2489901e-37
4.3262143e-38
1.4936076e-38
5.1399186e-39
1.7631074e-39
6.0285867e-40
2.0548389e-40
6.981949e-41
2.3649564e-41
7.9859764e-42
2.6884501e-42
9.0230949e-43
3.01925e-43
1.0072629e-43
3.3504026e-44
1.1111469e-44
3.6743132e-45
1.2114926e-45
3.9830425e-46
1.3057743e-46
4.2686417e-47
1.3915183e-47
4.5235035e-48
1.4664144e-48
4.7407086e-49
1.5284221e-49
4.9143445e-50
1.5758639e-50
5.0397747e-51
1.607501e-51
5.1138429e-52
1.622586e-52
5.1349989e-53
1.6208891e-53
5.1033401e-54
1.6026982e-54
5.0205676e-55
1.5687919e-55
4.889865e-56
1.5203897e-56
4.7157074e-57
1.459083e-57
4.5036189e-58
1.3867521e-58
4.2598965e-59
1.3054647e-59
3.9916598e-60
1.2161317e-60
3.7518699e-61
9.5461764e-62
8.0030669
7.9879941
7.9786175
7.941511
7.9098614
7.8363896
7.7611993
7.6125382
7.4128115
7.0530177
6.3105528
4.8110183
2.6240026
0.71807033
0.40612926
0.21150952
0.096162969
0.034885444
0.020268556
0.010995437
0.0066809787
0.0053844313
0.0095588487
0.02349975
0.054802995
0.11435781
0.21473388
0.3678368
0.58265897
0.86372581
1.2103913
1.6166778
2.0714929
2.5593156
3.0615274
3.5584162
4.031563
4.4663097
4.853124
5.1875738
5.4693357
5.7007455
5.8856983
6.028691
6.1342077
6.2063794
6.2488275
6.264614
6.2562577
6.225783
6.1747844
6.1044932
6.0158425
5.909529
5.7860702
5.6458585
5.4892129
5.3164298
5.1278344
4.9238342
4.7049745
4.4719968
4.2258998
3.9679997
3.6999848
3.4239565
3.1424463
2.8583975
2.5751042
2.2961025
2.0250211
1.7653994
1.520495
1.2931006
1.0853927
0.89882837
0.73410163
0.59115982
0.46927468
0.36715552
0.28308866
0.21508642
0.1610307
0.11879916
0.086366706
0.06187866
0.043696129
0.030416546
0.020874168
0.014125938
0.0094279749
0.0062073105
0.0040324489
0.0025853278
0.0016362448
0.0010225253
0.00063110563
0.00038480643
0.00023184907
0.00013807064
8.1290478e-05
4.7329128e-05
2.7256759e-05
1.553035e-05
8.7569252e-06
4.8874796e-06
2.7007107e-06
1.4778317e-06
8.0097105e-07
4.300726e-07
2.2881531e-07
1.2065047e-07
6.3059863e-08
3.2676358e-08
1.6789769e-08
8.5557359e-09
4.3245426e-09
2.1684989e-09
1.0788926e-09
5.3267039e-10
2.6101143e-10
1.2695164e-10
6.1298537e-11
2.9386525e-11
1.3988921e-11
6.6131431e-12
3.1050423e-12
1.4481372e-12
6.7093383e-13
3.0883126e-13
1.4124625e-13
6.4193026e-14
2.8993061e-14
1.3014708e-14
5.806931e-15
2.5755351e-15
1.1356187e-15
4.9782485e-16
2.1698683e-16
9.4045031e-17
4.0533683e-17
1.7374218e-17
7.4068562e-18
3.1407381e-18
1.3247309e-18
5.5584033e-19
2.3202058e-19
9.6357162e-20
3.98152e-20
1.6369935e-20
6.6973557e-21
2.7267338e-21
1.1048141e-21
4.4551904e-22
1.7881216e-22
7.1433861e-23
2.8405968e-23
1.1244371e-23
4.4310025e-24
1.7383248e-24
6.7895716e-25
2.6403184e-25
1.0223328e-25
3.9415737e-26
1.5132379e-26
5.7852678e-27
2.2026051e-27
8.3515017e-28
3.153732e-28
1.186136e-28
4.4433511e-29
1.6579437e-29
6.162094e-30
2.2814044e-30
8.4140953e-31
3.0914293e-31
1.1315485e-31
4.1263309e-32
1.4991556e-32
5.4266981e-33
1.9572451e-33
7.0337911e-34
2.5187337e-34
8.9874654e-35
3.1957134e-35
1.1323672e-35
3.9986059e-36
1.4071638e-36
4.9352378e-37
1.7250883e-37
6.0098924e-38
2.0868262e-38
7.2224078e-39
2.4915273e-39
8.5673954e-40
2.9365872e-40
1.0033657e-40
3.417503e-41
1.1603871e-41
3.9278239e-42
1.325461e-42
4.4592134e-43
1.4956718e-43
5.0016279e-44
1.6676065e-44
5.5436131e-45
1.8374657e-45
6.0727069e-46
2.0012059e-46
6.5759282e-47
2.1547039e-47
7.0403236e-48
2.293936e-48
7.453541e-49
2.4151583e-49
7.8043906e-50
2.5150783e-50
8.0833575e-51
2.5910053e-51
8.2830346e-52
2.6409709e-52
8.3984459e-53
2.6638117e-53
8.4272417e-54
2.6592098e-54
8.369757e-55
2.6276888e-55
8.228933e-56
2.5705685e-56
8.0101092e-57
2.4898815e-57
7.7207096e-58
2.3882585e-58
7.3698419e-59
2.2687944e-59
6.96779e-60
2.1350848e-60
6.5187662e-61
2.0155395e-61
5.138065e-62
7.8781577
7.6495489
7.452161
7.242916
7.0596701
6.8481946
6.656937
6.4065024
6.1583562
5.7660473
5.2995621
4.3474072
1.7844476
1.1960107e-09
-3.5990814e-11
-7.2985682e-12
1.373816e-12
0.0002278406
0.0026900107
0.0016823791
0.0013086866
0.0021322842
0.0054478653
0.013733766
0.030932389
0.062076804
0.11236655
0.18610842
0.28591938
0.41238679
0.56413262
0.73806704
0.92967691
1.1333066
1.3424674
1.550271
1.7499743
1.9357292
2.1031222
2.2494579
2.3735908
2.4755142
2.5560721
2.6165767
2.6585423
2.683516
2.692979
2.6882972
2.6707029
2.6412954
2.6010533
2.5508513
2.4914781
2.423655
2.3480538
2.2653139
2.176058
2.0809074
1.9804964
1.8754862
1.7665775
1.6545214
1.5401288
1.4242757
1.3079041
1.1920172
1.0776662
0.96592964
0.85788344
0.75456479
0.65693101
0.56581787
0.48190132
0.40566702
0.33739098
0.27713361
0.22474759
0.17989858
0.1420962
0.11073182
0.085119362
0.06453533
0.048255101
0.035583098
0.025875671
0.018556352
0.013123962
0.0091545803
0.0062987364
0.0042752359
0.0028629738
0.0018918743
0.0012338398
0.000794323
0.0005048855
0.00031691012
0.00019648098
0.00012034908
7.2845332e-05
4.3581043e-05
2.5776952e-05
1.5076652e-05
8.7220508e-06
4.9919808e-06
2.8272665e-06
1.584884e-06
8.7955016e-07
4.8333627e-07
2.6305997e-07
1.4182904e-07
7.5764609e-08
4.0108973e-08
2.1046072e-08
1.0947944e-08
5.6467825e-09
2.8883439e-09
1.4653651e-09
7.37495e-10
3.6825909e-10
1.8247e-10
8.9729102e-11
4.3796269e-11
2.1220661e-11
1.0208285e-11
4.8760822e-12
2.3129384e-12
1.0896342e-12
5.0988031e-13
2.3701306e-13
1.0945537e-13
5.0223337e-14
2.2899146e-14
1.0375728e-14
4.672428e-15
2.091363e-15
9.3049902e-16
4.1156465e-16
1.8098009e-16
7.9127618e-17
3.4400368e-17
1.4871953e-17
6.3940235e-18
2.7340876e-18
1.1628199e-18
4.919301e-19
2.0702068e-19
8.6670476e-20
3.6099638e-20
1.4960125e-20
6.1687072e-21
2.5310745e-21
1.0334567e-21
4.1993341e-22
1.6982162e-22
6.8352299e-23
2.7383157e-23
1.0919591e-23
4.334544e-24
1.7128367e-24
6.7382152e-25
2.6390684e-25
1.0290899e-25
3.9955128e-26
1.5446413e-26
5.9461734e-27
2.2794018e-27
8.7015342e-28
3.3081129e-28
1.252541e-28
4.7233264e-29
1.7740479e-29
6.6368309e-30
2.4731508e-30
9.1801749e-31
3.3945145e-31
1.2503923e-31
4.5885152e-32
1.6775301e-32
6.1102024e-33
2.2173924e-33
8.0176208e-34
2.8885416e-34
1.0369451e-34
3.7092889e-35
1.3221987e-35
4.6966402e-36
1.6625525e-36
5.865079e-37
2.0620323e-37
7.225246e-38
2.5232352e-38
8.7825956e-39
3.0469129e-39
1.0536128e-39
3.6315953e-40
1.2477304e-40
4.2732896e-41
1.458926e-41
4.9652892e-42
1.6846399e-42
5.6981196e-43
1.9214476e-43
6.459642e-44
2.1651181e-44
7.2353257e-45
2.4107268e-45
8.0086847e-46
2.652818e-46
8.7618624e-47
2.88561e-47
9.4763363e-48
3.1032319e-48
1.0133701e-48
3.2999784e-49
1.0716482e-49
3.470566e-50
1.1208928e-50
3.6103737e-51
1.1597733e-51
3.7156543e-52
1.1872636e-52
3.783701e-53
1.2026866e-53
3.812959e-54
1.2057404e-54
3.8030786e-55
1.1965047e-55
3.7549041e-56
1.1754284e-56
3.6704045e-57
1.1432982e-57
3.5525511e-58
1.1011935e-58
3.4051522e-59
1.0504286e-59
3.2326329e-60
9.9257658e-61
3.0366415e-61
9.4087412e-62
2.4028789e-62
0.13039106
0.34152162
0.55806748
0.74606878
0.95354265
1.1369052
1.3617764
1.5713993
1.8719172
2.1897979
2.796169
3.1253569
1.2422508
8.6581098e-10
-8.2056708e-12
-1.4631555e-12
2.7359114e-13
5.7907123e-05
0.00075168379
0.00046767724
0.00042472552
0.00089083784
0.0024150987
0.0060383703
0.013272953
0.025776385
0.044861132
0.07108004
0.10404471
0.14248657
0.18448725
0.22780688
0.27024082
0.30993123
0.34557366
0.3764782
0.40251554
0.42395358
0.44127764
0.45503566
0.46573755
0.47383172
0.4796796
0.48356395
0.48570079
0.48625169
0.48533463
0.48303314
0.47940389
0.47448299
0.46829134
0.46083933
0.45213106
0.4421683
0.43095425
0.41849701
0.40481313
0.38993085
0.3738933
0.35676145
0.33861675
0.31956328
0.29972924
0.27926754
0.25835509
0.2371908
0.21599169
0.19498748
0.17441335
0.15450148
0.13547177
0.11752242
0.10082139
0.085499255
0.071644421
0.059300902
0.048468989
0.039108551
0.031144565
0.024474237
0.018974981
0.014512505
0.01094838
0.0081465655
0.005978605
0.0043273403
0.00308919
0.0021751429
0.0015106987
0.0010350269
0.00069960826
0.00046659701
0.00030709637
0.00019949053
0.00012792646
8.0997287e-05
5.0645289e-05
3.1279299e-05
1.908617e-05
1.1508579e-05
6.8590682e-06
4.0415678e-06
2.3549271e-06
1.3572178e-06
7.738687e-07
4.3664737e-07
2.4385913e-07
1.348307e-07
7.3820162e-08
4.0030419e-08
2.1504242e-08
1.1446276e-08
6.0380232e-09
3.1571662e-09
1.6366315e-09
8.4126158e-10
4.2885552e-10
2.1685084e-10
1.0878002e-10
5.414274e-11
2.6742201e-11
1.3109324e-11
6.3789302e-12
3.081455e-12
1.477945e-12
7.0389406e-13
3.329302e-13
1.5640281e-13
7.2984107e-14
3.3833728e-14
1.5583075e-14
7.1314985e-15
3.2432018e-15
1.4657932e-15
6.5843931e-16
2.9399559e-16
1.3049219e-16
5.7581418e-17
2.5262071e-17
1.1019908e-17
4.7801566e-18
2.0620222e-18
8.8463206e-19
3.7746825e-19
1.6020502e-19
6.7636105e-20
2.8406382e-20
1.1869039e-20
4.9340587e-21
2.0408372e-21
8.3994973e-22
3.4400449e-22
1.4020557e-22
5.6869667e-23
2.2957985e-23
9.2245973e-24
3.6893007e-24
1.4687424e-24
5.8206796e-25
2.2964091e-25
9.0197195e-26
3.5271605e-26
1.3733008e-26
5.3239491e-27
2.0551757e-27
7.9000453e-28
3.0240864e-28
1.1528182e-28
4.3767041e-29
1.654896e-29
6.232302e-30
2.3377459e-30
8.7344121e-31
3.250677e-31
1.2051294e-31
4.4507061e-32
1.6374761e-32
6.0018754e-33
2.1916938e-33
7.9738549e-34
2.8904587e-34
1.0439733e-34
3.7570782e-35
1.347296e-35
4.8143905e-36
1.7143459e-36
6.0834174e-37
2.1513038e-37
7.5818217e-38
2.6630277e-38
9.3222442e-39
3.2525213e-39
1.1310628e-39
3.9204155e-40
1.3544654e-40
4.6645069e-41
1.6012419e-41
5.4793963e-42
1.8691498e-42
6.3562663e-43
2.1548515e-43
7.2828364e-44
2.45393e-44
8.2435168e-45
2.7609709e-45
9.2197718e-46
3.0697109e-46
1.0190689e-46
3.3732468e-47
1.1133731e-47
3.6642982e-48
1.2025627e-48
3.9355068e-49
1.2843362e-49
4.1797562e-50
1.3565199e-50
4.3904917e-51
1.4171657e-51
4.562019e-52
1.4646405e-52
4.6897627e-53
1.4976999e-53
4.7704684e-54
1.5155408e-54
4.8023365e-55
1.5178323e-55
4.7850785e-56
1.5047215e-56
4.7198975e-57
1.4768146e-57
4.6093937e-58
1.4351372e-58
4.4574056e-59
1.3810747e-59
4.2688014e-60
1.3162889e-60
4.0495952e-61
1.2413253e-61
3.853883e-62
9.8597132e-63
0.0030700499
0.0062560656
0.028204716
0.051896815
0.098724015
0.15455334
0.25158573
0.3717395
0.6138372
0.89481105
1.8404114
2.4619415
1.2224859
0.22905766
0.10683636
0.048718234
0.020078156
0.0066597292
0.0035548309
0.0016367623
0.0007959794
0.00052821217
0.00089318383
0.0021218648
0.00462776
0.0088154659
0.014848273
0.022524999
0.031296979
0.040377258
0.048890191
0.056044477
0.061291328
0.064415464
0.065526242
0.064956153
0.063130628
0.060440201
0.057189042
0.053590423
0.049798788
0.045950841
0.042164805
0.038546814
0.035188696
0.032164098
0.029525765
0.027304887
0.025512144
0.024139908
0.023164977
0.022551509
0.022253957
0.022219815
0.022392082
0.022711477
0.023118429
0.023554866
0.023965822
0.024300895
0.024515594
0.024572553
0.024442592
0.024105572
0.023550991
0.022778237
0.021796457
0.020623963
0.019287175
0.01781911
0.016257485
0.014642564
0.013014879
0.011413039
0.0098717732
0.0084203701
0.0070816298
0.0058713597
0.0047984129
0.0038651977
0.0030685513
0.002400849
0.0018512172
0.0014067294
0.0010534937
0.00077756493
0.00056564917
0.00040559555
0.0002866895
0.00019977784
0.00013726232
9.299997e-05
6.2145215e-05
4.0963678e-05
2.6640117e-05
1.7096412e-05
1.082921e-05
6.7718602e-06
4.1815683e-06
2.5503198e-06
1.5366724e-06
9.1497269e-07
5.3849946e-07
3.1334542e-07
1.8031537e-07
1.0264149e-07
5.7809888e-08
3.2223775e-08
1.7780735e-08
9.7145625e-09
5.2564838e-09
2.8174824e-09
1.4962801e-09
7.8747921e-10
4.1079507e-10
2.1244837e-10
1.089438e-10
5.5404911e-11
2.7948809e-11
1.3986767e-11
6.9450801e-12
3.4222149e-12
1.6736669e-12
8.1249692e-13
3.9158165e-13
1.8738102e-13
8.9039821e-14
4.2019336e-14
1.9695605e-14
9.1704777e-15
4.2419233e-15
1.9495125e-15
8.9027524e-16
4.0401643e-16
1.8221758e-16
8.1683979e-17
3.639792e-17
1.6123002e-17
7.1003617e-18
3.1089576e-18
1.3535755e-18
5.860251e-19
2.5231778e-19
1.0804592e-19
4.6018022e-20
1.9495576e-20
8.216019e-21
3.4445464e-21
1.4367303e-21
5.9623538e-22
2.461986e-22
1.0115894e-22
4.1361727e-23
1.6830349e-23
6.8157156e-24
2.7471157e-24
1.1020782e-24
4.4008859e-25
1.749371e-25
6.9224401e-26
2.7270492e-26
1.0695565e-26
4.1764915e-27
1.6238143e-27
6.2863323e-28
2.4233353e-28
9.302583e-29
3.5561962e-29
1.353873e-29
5.1333144e-30
1.9384865e-30
7.2910436e-31
2.7314628e-31
1.0192858e-31
3.788854e-32
1.402965e-32
5.1752155e-33
1.9018138e-33
6.9627467e-34
2.539692e-34
9.2296223e-35
3.3419781e-35
1.2057414e-35
4.3346051e-36
1.5527567e-36
5.5428003e-37
1.9716975e-37
6.9895565e-38
2.4692788e-38
8.6938965e-39
3.0506694e-39
1.0669018e-39
3.7189005e-40
1.2920442e-40
4.4742962e-41
1.5444299e-41
5.3139724e-42
1.8225912e-42
6.2314524e-43
2.1238818e-43
7.2164442e-44
2.4444364e-44
8.2548152e-45
2.7791981e-45
9.3287929e-46
3.1220177e-46
1.0417397e-46
3.4658275e-47
1.1497099e-47
3.8028815e-48
1.2542672e-48
4.1250524e-49
1.3528208e-49
4.4241682e-50
1.4428215e-50
4.6923687e-51
1.5218751e-51
4.9224576e-52
1.5878507e-52
5.1082315e-53
1.638978e-53
5.2447601e-54
1.6739262e-54
5.3286019e-55
1.6918606e-55
5.3579436e-56
1.6924733e-56
5.3326537e-57
1.6759863e-57
5.2542497e-58
1.6431287e-58
5.1257862e-59
1.5950886e-59
4.9516705e-60
1.5334472e-60
4.7373857e-61
1.4602285e-61
4.48444e-62
1.3949627e-62
3.5749528e-63
0.010122245
-0.011138231
0.014420426
-0.013775206
0.030052098
-0.012146315
0.082889659
0.014088238
0.2680686
0.19837953
0.98675754
2.2516846
1.791466
0.97889438
0.56049092
0.30877599
0.15277293
0.062921531
0.022717668
0.010013865
0.0047995942
0.0019682532
0.0008635952
0.00082300471
0.0014980727
0.0028192091
0.0047860001
0.0073730487
0.010541295
0.014282212
0.018650873
0.023775438
0.029818552
0.036876595
0.044844015
0.053318628
0.061621263
0.068953974
0.074619948
0.078182154
0.079511625
0.078744844
0.07619712
0.072270539
0.067380586
0.061908136
0.056173969
0.050430127
0.04486214
0.039597152
0.034714426
0.030256066
0.026236721
0.022651718
0.019483499
0.016706479
0.014290547
0.012203496
0.010412634
0.0088858025
0.0075920076
0.0065017857
0.0055874313
0.0048231514
0.0041851926
0.0036519628
0.0032041496
0.0028248257
0.0024995208
0.0022162404
0.0019654121
0.0017397489
0.0015340286
0.0013448013
0.0011700444
0.0010087951
0.00086078892
0.00072613388
0.00060504008
0.0004976191
0.00040375586
0.00032304829
0.00025480358
0.00019807618
0.00015173181
0.00011452287
8.5163427e-05
6.2395172e-05
4.5039429e-05
3.2033152e-05
2.2449414e-05
1.5504378e-05
1.0553688e-05
7.0814445e-06
4.6847229e-06
3.0561607e-06
1.966494e-06
1.2483443e-06
7.8200356e-07
4.8353534e-07
2.9519531e-07
1.7798035e-07
1.0600776e-07
6.2391992e-08
3.6296804e-08
2.0877486e-08
1.1876236e-08
6.6832634e-09
3.7215444e-09
2.0511402e-09
1.1192168e-09
6.0476329e-10
3.2367615e-10
1.716279e-10
9.0180147e-11
4.6964515e-11
2.4246596e-11
1.2411841e-11
6.300934e-12
3.1727244e-12
1.5848587e-12
7.8550413e-13
3.8634217e-13
1.8859261e-13
9.1383274e-14
4.3959864e-14
2.0996617e-14
9.9586231e-15
4.6909176e-15
2.1946966e-15
1.0199932e-15
4.7094722e-16
2.160449e-16
9.8481741e-17
4.4611722e-17
2.0084646e-17
8.9875309e-18
3.9977491e-18
1.7677725e-18
7.7715671e-19
3.3970107e-19
1.4764713e-19
6.3815426e-20
2.7430317e-20
1.1726584e-20
4.9862952e-21
2.1090154e-21
8.8737157e-22
3.7143545e-22
1.5468229e-22
6.4092014e-23
2.6424054e-23
1.0840582e-23
4.4257645e-24
1.7981705e-24
7.2711659e-25
2.9263829e-25
1.1722896e-25
4.6745267e-26
1.8555007e-26
7.332072e-27
2.8843992e-27
1.1297115e-27
4.4053797e-28
1.7104976e-28
6.6130872e-29
2.5459368e-29
9.7604791e-30
3.7264308e-30
1.4168742e-30
5.3654158e-31
2.0236089e-31
7.6018251e-32
2.8444209e-32
1.0601588e-32
3.9360908e-33
1.4557682e-33
5.3637409e-34
1.9688249e-34
7.199878e-35
2.6232319e-35
9.5226161e-36
3.4442781e-36
1.2412994e-36
4.4576414e-37
1.5951356e-37
5.6881019e-38
2.0212855e-38
7.1579966e-39
2.5262228e-39
8.8854783e-40
3.1148087e-40
1.0882674e-40
3.789707e-41
1.3153863e-41
4.5508276e-42
1.5693812e-42
5.3948437e-43
1.8486425e-43
6.314831e-44
2.1503849e-44
7.3000717e-45
2.4706156e-45
8.3360602e-46
2.804171e-46
9.4047306e-47
3.1448254e-47
1.0484917e-47
3.4854716e-48
1.1553031e-48
3.8183675e-49
1.2583933e-49
4.1354357e-50
1.3551944e-50
4.4286005e-51
1.4431949e-51
4.690141e-52
1.5200508e-52
4.9130389e-53
1.5836923e-53
5.0912968e-54
1.632418e-54
5.2202096e-55
1.6649697e-55
5.2965689e-56
1.6805862e-56
5.318789e-57
1.6790295e-57
5.28695e-58
1.6605848e-58
5.2027553e-59
1.6260343e-59
5.0694098e-60
1.576608e-60
4.8914349e-61
1.5139017e-61
4.6748532e-62
1.4382531e-62
4.4822408e-63
1.1505876e-63
0.026759964
-0.031303673
0.036491933
-0.043373148
0.052266779
-0.060017315
0.076469732
-0.062682945
0.10087646
0.10691102
0.086953567
1.4313064
1.8687785
1.6369057
1.1111713
0.66004143
0.35102399
0.17139983
0.084987728
0.045581791
0.023856725
0.011068062
0.0046935079
0.0020961846
0.0013636398
0.0015986561
0.0025745003
0.0044194306
0.0074700054
0.012198536
0.019134335
0.02872111
0.04112327
0.056016622
0.072461353
0.088967238
0.10379247
0.11538645
0.12275364
0.1255797
0.12414874
0.11915483
0.11149369
0.10208922
0.091777123
0.081242812
0.071000991
0.061403073
0.052660155
0.044872164
0.038057129
0.032177218
0.027160034
0.022914907
0.019344621
0.016353316
0.013851419
0.011758362
0.010003758
0.0085275404
0.0072794673
0.0062182425
0.0053104581
0.0045294693
0.0038542826
0.0032685022
0.0027593674
0.0023168993
0.0019331699
0.0016017011
0.0013169943
0.0010741856
0.00086881437
0.00069668834
0.00055382299
0.00043643369
0.00034095862
0.00026409455
0.0002028319
0.00015448034
0.00011668055
8.7401659e-05
6.4925941e-05
4.7824028e-05
3.4924102e-05
2.527838e-05
1.8129586e-05
1.2879315e-05
9.0595056e-06
6.307538e-06
4.3450945e-06
2.9605523e-06
1.9945539e-06
1.3283206e-06
8.7428018e-07
5.6861542e-07
3.6539303e-07
2.3198067e-07
1.4550946e-07
9.0177099e-08
5.5220759e-08
3.341645e-08
1.9986366e-08
1.181673e-08
6.9077031e-09
3.9933022e-09
2.2834254e-09
1.291798e-09
7.231928e-10
4.0074159e-10
2.1984883e-10
1.1943472e-10
6.4265687e-11
3.4258065e-11
1.8095555e-11
9.4731364e-12
4.9160095e-12
2.5293551e-12
1.2905149e-12
6.530512e-13
3.2781909e-13
1.6326494e-13
8.0684359e-14
3.95719e-14
1.9263997e-14
9.3094985e-15
4.4666577e-15
2.12799e-15
1.0067902e-15
4.7308694e-16
2.2081257e-16
1.0238448e-16
4.7164687e-17
2.1588171e-17
9.8191275e-18
4.4384254e-18
1.9939922e-18
8.904199e-19
3.9525768e-19
1.7442791e-19
7.6530923e-20
3.3386998e-20
1.4483398e-20
6.248108e-21
2.680668e-21
1.143891e-21
4.8551567e-22
2.0498777e-22
8.6096838e-23
3.5975655e-23
1.495614e-23
6.1865157e-24
2.5463276e-24
1.0429158e-24
4.2508488e-25
1.7243192e-25
6.9614358e-26
2.7973205e-26
1.1188464e-26
4.4545682e-27
1.7655066e-27
6.9659903e-28
2.7363203e-28
1.0701433e-28
4.1670413e-29
1.6156382e-29
6.2374929e-30
2.397974e-30
9.1804886e-31
3.5001945e-31
1.3290503e-31
5.026098e-32
1.8931192e-32
7.1023047e-33
2.6540646e-33
9.8794062e-34
3.6633069e-34
1.353177e-34
4.979551e-35
1.8255563e-35
6.6678328e-36
2.4264608e-36
8.797827e-37
3.1783765e-37
1.1441345e-37
4.1039717e-38
1.4669009e-38
5.2249206e-39
1.8546171e-39
6.5605071e-40
2.3128205e-40
8.1260662e-41
2.8455426e-41
9.9313513e-42
3.4547938e-42
1.1978937e-42
4.1400781e-43
1.4262786e-43
4.8979813e-44
1.6767103e-44
5.7218721e-45
1.9465624e-45
6.6017541e-46
2.2321418e-46
7.5243e-47
2.528731e-47
8.4730849e-48
2.8306939e-48
9.4290216e-49
3.1316448e-49
1.0370989e-49
3.4246739e-50
1.1276623e-50
3.7026185e-51
1.2123225e-51
3.9583638e-52
1.2888743e-52
4.1851553e-53
1.3552753e-53
4.3769039e-54
1.4097386e-54
4.528462e-55
1.4508139e-55
4.6358546e-56
1.4774512e-56
4.6964508e-57
1.4890445e-57
4.709065e-58
1.4854519e-58
4.6739824e-59
1.466992e-59
4.592912e-60
1.4344178e-60
4.4688692e-61
1.3888705e-61
4.3059662e-62
1.3319405e-62
4.104763e-63
1.2814637e-63
3.2946854e-64
0.020555838
-0.022290601
0.0236721
-0.023163175
0.020160852
-0.011089399
-0.0070119011
0.045168596
-0.097891848
0.214284
-0.18710411
0.43434641
1.2387035
1.6781151
1.5916682
1.1538593
0.72968633
0.42104195
0.24177671
0.14503932
0.086476907
0.04903315
0.026836207
0.014948596
0.0093238498
0.0072222068
0.007431158
0.0097422608
0.01450284
0.022309994
0.033868737
0.049529636
0.068975446
0.091014699
0.11361294
0.13425045
0.15052879
0.16076299
0.16427474
0.16134699
0.15297783
0.14056399
0.12560484
0.10948256
0.093332905
0.07799461
0.064015242
0.051691108
0.041122312
0.032269513
0.025004343
0.019149815
0.014510058
0.010890407
0.00810966
0.0060064857
0.0044417718
0.0032983963
0.0024795268
0.0019062353
0.0015149389
0.0012549706
0.0010864344
0.00097839126
0.00090736202
0.00085609081
0.00081250385
0.00076879911
0.00072061818
0.00066627305
0.00060602118
0.00054139992
0.00047464077
0.00040818512
0.00034431744
0.00028492079
0.00023134761
0.00018438836
0.00014431387
0.0001109648
8.3863679e-05
6.2329183e-05
4.5578579e-05
3.2810157e-05
2.3262794e-05
1.6253581e-05
1.1196832e-05
7.6088935e-06
5.1032053e-06
3.3796086e-06
2.210995e-06
1.4295221e-06
9.1378817e-07
5.7770541e-07
3.6133712e-07
2.2365946e-07
1.3703727e-07
8.3130627e-08
4.9938564e-08
2.9712192e-08
1.7511334e-08
1.022457e-08
5.9151064e-09
3.3909291e-09
1.926453e-09
1.0847398e-09
6.0543e-10
3.3497895e-10
1.8375157e-10
9.9942458e-11
5.3903966e-11
2.8833017e-11
1.5296976e-11
8.0503535e-12
4.2030646e-12
2.1772418e-12
1.1191393e-12
5.7088096e-13
2.8902621e-13
1.4524621e-13
7.2459148e-14
3.588777e-14
1.7648497e-14
8.6182526e-15
4.1794809e-15
2.0130638e-15
9.6308447e-16
4.5770074e-16
2.1609619e-16
1.0136731e-16
4.7246581e-17
2.1882654e-17
1.0072135e-17
4.6075405e-18
2.0949623e-18
9.468375e-19
4.2540145e-19
1.9001077e-19
8.4380888e-20
3.7258626e-20
1.6358977e-20
7.1426787e-21
3.1014899e-21
1.3394051e-21
5.7532508e-22
2.4581111e-22
1.0447275e-22
4.4171677e-23
1.8580167e-23
7.7758027e-24
3.2378399e-24
1.3415417e-24
5.5311489e-25
2.2694058e-25
9.2665377e-26
3.7657698e-26
1.5231512e-26
6.1320673e-27
2.4573482e-27
9.8026448e-28
3.8927556e-28
1.538964e-28
6.0572719e-29
2.3736813e-29
9.2615485e-30
3.5981517e-30
1.3919656e-30
5.3622719e-31
2.057114e-31
7.8591333e-32
2.9903016e-32
1.1331733e-32
4.2769627e-33
1.607862e-33
6.0207756e-34
2.2457552e-34
8.3443856e-35
3.0886144e-35
1.1389e-35
4.1838394e-36
1.5312519e-36
5.5836089e-37
2.0285902e-37
7.3434254e-38
2.6487559e-38
9.5200164e-39
3.4095683e-39
1.2168591e-39
4.327862e-40
1.5339514e-40
5.4183562e-41
1.9074525e-41
6.6924091e-42
2.3402697e-42
8.1567287e-43
2.8336393e-43
9.8121288e-44
3.3867528e-44
1.1652434e-44
3.9964455e-45
1.3663635e-45
4.656982e-46
1.5823392e-46
5.3599646e-47
1.8100976e-47
6.0943884e-48
2.0457686e-48
6.8468557e-49
2.2847783e-49
7.6019494e-50
2.5219911e-50
8.342753e-51
2.7518952e-51
9.0514961e-52
2.9688213e-52
9.7102859e-53
3.1671836e-53
1.0301882e-53
3.3417261e-54
1.0810472e-54
3.4877599e-55
1.1222383e-55
3.6013762e-56
1.1526703e-56
3.6796209e-57
1.171576e-57
3.7206197e-58
1.1785429e-58
3.7236476e-59
1.1735257e-59
3.6891391e-60
1.1568404e-60
3.6186397e-61
1.1291406e-61
3.5147077e-62
1.0913687e-62
3.381084e-63
1.0435722e-63
3.2630416e-64
8.4014837e-65
-0.013094335
0.018284132
-0.023400861
0.033797245
-0.045855382
0.065275492
-0.087509066
0.11464645
-0.13171185
0.12641889
-0.03321283
-0.033165302
0.39681296
0.94178103
1.354898
1.5226101
1.2544863
0.85096394
0.56960286
0.38548836
0.2601564
0.17566541
0.11997102
0.084337138
0.063033689
0.051537755
0.0470908
0.048333406
0.05488683
0.066359774
0.08291777
0.10379817
0.12740395
0.1513859
0.17289496
0.18913442
0.19803498
0.19870182
0.1914557
0.17757606
0.15891606
0.13750917
0.11524559
0.093662257
0.073851475
0.056465007
0.041778641
0.029783968
0.020282976
0.012970709
0.0074993185
0.0035225893
0.00072327572
-0.0011729612
-0.002393084
-0.0031182399
-0.0034886903
-0.0036102264
-0.0035608545
-0.0033970363
-0.0031591219
-0.0028758323
-0.0025677832
-0.0022501135
-0.0019343221
-0.0016294413
-0.0013426868
-0.0010797357
-0.00084477633
-0.00064046524
-0.00046789591
-0.00032665051
-0.00021496426
-0.00012999564
-6.8168394e-05
-2.5537421e-05
1.8693861e-06
1.7771179e-05
2.543759e-05
2.7580319e-05
2.6323762e-05
2.3236832e-05
1.9404747e-05
1.5520575e-05
1.1980208e-05
8.9694163e-06
6.5366541e-06
4.6493373e-06
3.2341874e-06
2.2039214e-06
1.473254e-06
9.6719219e-07
6.2421845e-07
3.9639824e-07
2.4787885e-07
1.527453e-07
9.2810535e-08
5.5639739e-08
3.2928253e-08
1.9247231e-08
1.1117028e-08
6.3477714e-09
3.5846358e-09
2.0027553e-09
1.1074589e-09
6.0630713e-10
3.2874789e-10
1.7659177e-10
9.4002567e-11
4.9600772e-11
2.5949434e-11
1.3463663e-11
6.9293733e-12
3.5384585e-12
1.7931332e-12
9.0193107e-13
4.5037657e-13
2.233031e-13
1.0995143e-13
5.3772563e-14
2.6123839e-14
1.2609233e-14
6.047436e-15
2.8822852e-15
1.3653209e-15
6.4285152e-16
3.0089019e-16
1.4001271e-16
6.4777939e-17
2.980046e-17
1.3632917e-17
6.2023528e-18
2.8064416e-18
1.2630364e-18
5.6540926e-19
2.5178084e-19
1.1153712e-19
4.9155979e-20
2.1553387e-20
9.4028223e-21
4.0815472e-21
1.7629297e-21
7.5771825e-22
3.2408695e-22
1.3794765e-22
5.8436407e-23
2.4636909e-23
1.0338063e-23
4.3177628e-24
1.7949864e-24
7.4278342e-25
3.0596911e-25
1.2546505e-25
5.1216877e-26
2.081439e-26
8.4215023e-27
3.3923888e-27
1.3605879e-27
5.4333436e-28
2.1604383e-28
8.5539198e-29
3.3724958e-29
1.3240819e-29
5.176899e-30
2.015719e-30
7.8164531e-31
3.01872e-31
1.1611361e-31
4.4484046e-32
1.6974617e-32
6.4518424e-33
2.4426937e-33
9.2123225e-34
3.4609662e-34
1.2952894e-34
4.8293712e-35
1.7938313e-35
6.638236e-36
2.4474657e-36
8.9905446e-37
3.2905868e-37
1.2000273e-37
4.3606535e-38
1.5789448e-38
5.6970404e-39
2.0483804e-39
7.3394371e-40
2.620701e-40
9.3258069e-41
3.3073571e-41
1.1689958e-41
4.1180654e-42
1.4458831e-42
5.0599223e-43
1.7649655e-43
6.1365053e-44
2.1267151e-44
7.3470234e-45
2.5301017e-45
8.6855912e-46
2.9723911e-46
1.0140699e-46
3.4490163e-47
1.1694941e-47
3.95354e-48
1.3325065e-48
4.4777233e-49
1.5002357e-49
5.0117052e-50
1.6693395e-50
5.5442939e-51
1.8361129e-51
6.0633575e-52
1.9966252e-52
6.5562942e-53
2.146879e-53
7.0105591e-54
2.282981e-54
7.4142117e-55
2.4013149e-55
7.756451e-56
2.4987051e-56
8.0281063e-57
2.5725597e-57
8.2220484e-58
2.6209859e-58
8.3334968e-59
2.6428682e-59
8.3602069e-60
2.6379067e-60
8.3025253e-61
2.6066143e-61
8.1633136e-62
2.5502724e-62
7.9477581e-63
2.4708317e-63
7.6637882e-64
2.368224e-64
7.4139425e-65
1.9111105e-65
-0.033263036
0.039726852
-0.045209107
0.053597353
-0.05981027
0.067459513
-0.068081113
0.063302055
-0.040415874
0.0047453821
0.041912566
-0.034695702
0.01918669
0.26872628
0.59383329
0.92365202
1.1336562
1.2068143
1.0752919
0.8265408
0.61019018
0.46317652
0.36535867
0.29738011
0.24975854
0.21739708
0.19726809
0.18727853
0.18590619
0.19104866
0.20104902
0.21363284
0.22622195
0.23616912
0.24102302
0.23895354
0.22916645
0.21206971
0.18911251
0.16240096
0.13423276
0.10669335
0.081397088
0.059383301
0.041137098
0.026689389
0.015750703
0.0078438948
0.002414916
-0.0010868732
-0.0031586104
-0.0042189408
-0.004601223
-0.0045582535
-0.0042730832
-0.0038720551
-0.0034376314
-0.0030197163
-0.0026449721
-0.0023241186
-0.0020574634
-0.0018390058
-0.0016594507
-0.0015084086
-0.0013759765
-0.0012538193
-0.0011358166
-0.0010183158
-0.00090003283
-0.00078166585
-0.00066531232
-0.00055380158
-0.00045005456
-0.00035656385
-0.00027505198
-0.00020632396
-0.00015029255
-0.00010612959
-7.248612e-05
-4.7728065e-05
-3.0146852e-05
-1.8121216e-05
-1.0222091e-05
-5.2644411e-06
-2.3169402e-06
-6.829201e-07
1.3465971e-07
4.7404183e-07
5.543002e-07
5.0976039e-07
4.1755646e-07
3.1826352e-07
2.3044851e-07
1.6036042e-07
1.0801386e-07
7.0765171e-08
4.5249462e-08
2.8312503e-08
1.7369218e-08
1.0464345e-08
6.1992892e-09
3.6153144e-09
2.0774522e-09
1.1771966e-09
6.5827748e-10
3.6348396e-10
1.9830029e-10
1.0694117e-10
5.7036326e-11
3.0097294e-11
1.5719622e-11
8.1292786e-12
4.16392e-12
2.1131408e-12
1.0628123e-12
5.2991378e-13
2.6199065e-13
1.2847047e-13
6.2496694e-14
3.0167614e-14
1.4452544e-14
6.8730881e-15
3.2452236e-15
1.5215967e-15
7.0858238e-16
3.2778379e-16
1.5064627e-16
6.8796717e-17
3.1223203e-17
1.4084682e-17
6.3158765e-18
2.8157361e-18
1.2481726e-18
5.5021482e-19
2.4122001e-19
1.0518756e-19
4.5627861e-20
1.9690347e-20
8.4542531e-21
3.611895e-21
1.5355737e-21
6.4970756e-22
2.7359704e-22
1.1467903e-22
4.784837e-23
1.9874255e-23
8.218332e-24
3.3835517e-24
1.3870247e-24
5.6616417e-25
2.3012872e-25
9.3151907e-26
3.7551412e-26
1.5076288e-26
6.028583e-27
2.401081e-27
9.5254664e-28
3.7641757e-28
1.4817441e-28
5.8104652e-29
2.2698495e-29
8.8337484e-30
3.4250551e-30
1.323052e-30
5.0919569e-31
1.9525503e-31
7.4600246e-32
2.8399402e-32
1.0772564e-32
4.0717367e-33
1.5335589e-33
5.7555995e-34
2.1525787e-34
8.0225907e-35
2.9796549e-35
1.1028629e-35
4.068081e-36
1.4954724e-36
5.4789348e-37
2.0005563e-37
7.2803179e-38
2.6406008e-38
9.5458781e-39
3.4395179e-39
1.2352523e-39
4.4217883e-40
1.5777282e-40
5.6113347e-41
1.9893338e-41
7.0301467e-42
2.4765331e-42
8.6967033e-43
3.0444137e-43
1.0624267e-43
3.6961387e-44
1.2819152e-44
4.4324097e-45
1.5279098e-45
5.2509824e-46
1.7991863e-46
6.1462779e-47
2.0934203e-47
7.1091325e-48
2.4071347e-48
8.1267232e-49
2.7357067e-49
9.1826968e-50
3.0734435e-50
1.0257514e-50
3.4137247e-51
1.1329009e-51
3.749212e-52
1.2373147e-52
4.0721145e-53
1.3364936e-53
4.3744983e-54
1.4279451e-54
4.6486201e-55
1.5092916e-55
4.8872672e-56
1.5783748e-56
5.0840811e-57
1.6333538e-57
5.2338425e-58
1.6727872e-58
5.3327035e-59
1.6956956e-59
5.3783488e-60
1.7016004e-60
5.3700785e-61
1.6905378e-61
5.3088096e-62
1.6630455e-62
5.1969975e-63
1.6201279e-63
5.0384441e-64
1.5633449e-64
4.8328249e-65
1.5135675e-65
3.9035086e-66
-0.024826819
0.027548949
-0.029420656
0.030729299
-0.029451174
0.026488614
-0.018182953
0.0080362291
0.0068704144
-0.014148352
0.012790244
0.011087595
-0.016303052
0.027591046
0.14220394
0.32609528
0.51464375
0.68263434
0.79300605
0.83855596
0.82907109
0.77638808
0.70000736
0.61872155
0.54496169
0.48381897
0.43571586
0.39899894
0.37145469
0.35058637
0.33392674
0.31899336
0.30346135
0.28534462
0.26325685
0.23672668
0.20631952
0.173465
0.14008404
0.10815667
0.079350841
0.054794587
0.035008896
0.019968792
0.0092408609
0.0021462538
-0.0020895548
-0.0042221486
-0.0049153455
-0.00470628
-0.0039991761
-0.0030773896
-0.0021246339
-0.0012487303
-0.00050373865
9.1613595e-05
0.00053983911
0.00085470653
0.0010547105
0.0011592062
0.0011864467
0.0011528613
0.001073044
0.00096004315
0.00082567198
0.00068066965
0.00053465149
0.00039587677
0.00027092672
0.00016441422
7.8836322e-05
1.4637881e-05
-2.9505076e-05
-5.6230581e-05
-6.8950207e-05
-7.1318281e-05
-6.6790409e-05
-5.8318837e-05
-4.8196168e-05
-3.8029334e-05
-2.8807948e-05
-2.1026165e-05
-1.4821759e-05
-1.0106164e-05
-6.6705281e-06
-4.2624889e-06
-2.6351711e-06
-1.5736052e-06
-9.0496879e-07
-4.9865389e-07
-2.6093261e-07
-1.2755098e-07
-5.6283245e-08
-2.0483431e-08
-4.0041928e-09
2.5357246e-09
4.3405334e-09
4.1452251e-09
3.2908393e-09
2.3714263e-09
1.6055615e-09
1.0390791e-09
6.4923029e-10
3.9411743e-10
2.3345431e-10
1.353547e-10
7.6992537e-11
4.3043722e-11
2.3685385e-11
1.2843088e-11
6.8691103e-12
3.6268714e-12
1.891788e-12
9.7541457e-13
4.9741392e-13
2.5099645e-13
1.2537913e-13
6.2023994e-14
3.039655e-14
1.4762467e-14
7.1070992e-15
3.392684e-15
1.6062837e-15
7.54452e-16
3.5161513e-16
1.6263732e-16
7.4674878e-17
3.4041657e-17
1.5410073e-17
6.928332e-18
3.0942217e-18
1.3728985e-18
6.0527455e-19
2.6518772e-19
1.1547795e-19
4.998558e-20
2.1510165e-20
9.2033826e-21
3.9156646e-21
1.6567832e-21
6.9722727e-22
2.9186118e-22
1.2153881e-22
5.0353815e-23
2.0757224e-23
8.5146195e-24
3.475831e-24
1.4121693e-24
5.7106522e-25
2.2987442e-25
9.2116115e-26
3.6749694e-26
1.4597454e-26
5.7734697e-27
2.273858e-27
8.9183753e-28
3.483634e-28
1.3552868e-28
5.2518031e-29
2.0271691e-29
7.7947248e-30
2.9858289e-30
1.1394772e-30
4.3325677e-31
1.641367e-31
6.1959437e-32
2.3306159e-32
8.7360405e-33
3.2633058e-33
1.2148365e-33
4.5072523e-34
1.666695e-34
6.1427982e-35
2.2566132e-35
8.2631004e-36
3.0160435e-36
1.0973719e-36
3.9801935e-37
1.4391315e-37
5.1874512e-38
1.8641275e-38
6.678448e-39
2.3854133e-39
8.494724e-40
3.01607e-40
1.0676984e-40
3.7685915e-41
1.3262965e-41
4.654155e-42
1.6284968e-42
5.6817985e-43
1.976716e-43
6.8575462e-44
2.3722776e-44
8.1835288e-45
2.8151399e-45
9.6571591e-46
3.303653e-46
1.1270432e-46
3.8343632e-47
1.3009414e-47
4.4018907e-48
1.4853984e-48
4.9988936e-49
1.6777882e-49
5.6161373e-50
1.8749106e-50
6.2426739e-51
2.0730649e-51
6.8661334e-52
2.2681594e-52
7.473118e-53
2.4558506e-53
8.0496834e-54
2.631706e-54
8.5818824e-55
2.7913824e-55
9.0563393e-56
2.9308094e-56
9.4608248e-57
3.0463654e-57
9.7847913e-58
3.1350377e-58
1.0019838e-58
3.194555e-59
1.0160075e-59
3.2234835e-60
1.020237e-60
3.2212833e-61
1.0146451e-61
3.1883201e-62
9.9948748e-63
3.1258324e-63
9.7528616e-64
3.0358622e-64
9.4279283e-65
2.9214177e-65
9.0197522e-66
2.8212982e-66
7.2698099e-67
-0.0089881134
0.0090209459
-0.008891072
0.0075133864
-0.0055053589
0.0024311518
0.0011399127
-0.0036438796
0.0047910746
-0.00062786103
-0.0034351883
0.0085577862
0.00026860232
-0.00050844175
0.01455927
0.068473531
0.14848042
0.24337202
0.33445088
0.40802103
0.4590938
0.48680144
0.49502674
0.48848456
0.47205635
0.44960162
0.42378654
0.39627391
0.36796153
0.33916602
0.30978073
0.27949025
0.24800097
0.21525133
0.18160325
0.1479155
0.1154281
0.085506671
0.059356324
0.037795826
0.0211438
0.0092277985
0.0014884025
-0.0028684279
-0.0047160459
-0.0048809622
-0.0040610852
-0.0027887966
-0.0014298145
-0.00020504522
0.00077679379
0.0014850444
0.0019371494
0.0021754033
0.0022507409
0.0022126309
0.0021036406
0.001957216
0.0017974639
0.0016400414
0.0014935729
0.0013612503
0.0012424369
0.001134181
0.0010325722
0.00093387497
0.00083536885
0.00073583245
0.00063564844
0.00053656211
0.00044118799
0.00035240169
0.00027276311
0.00020408813
0.00014723194
0.00010208587
6.7740791e-05
4.27449e-05
2.5382326e-05
1.3916286e-05
6.7650074e-06
2.6025757e-06
3.9394237e-07
-6.1780133e-07
-9.5209616e-07
-9.4272023e-07
-7.8893708e-07
-5.9930736e-07
-4.255741e-07
-2.8673543e-07
-1.8484668e-07
-1.1458031e-07
-6.8484181e-08
-3.9517092e-08
-2.2009946e-08
-1.1812637e-08
-6.0858515e-09
-2.9885313e-09
-1.3803878e-09
-5.8385779e-10
-2.119013e-10
-5.1960572e-11
7.9745669e-12
2.4271579e-11
2.3766329e-11
1.8323745e-11
1.2619751e-11
8.1140012e-12
4.9728493e-12
2.9389001e-12
1.6868594e-12
9.448379e-13
5.1817941e-13
2.7894832e-13
1.4767613e-13
7.6999228e-14
3.958886e-14
2.009087e-14
1.0072157e-14
4.9917078e-15
2.4470429e-15
1.1872135e-15
5.7031208e-16
2.7137643e-16
1.2795821e-16
5.9806132e-17
2.7716389e-17
1.2739768e-17
5.8093976e-18
2.6287411e-18
1.1806107e-18
5.2637635e-19
2.3302344e-19
1.0244583e-19
4.4735636e-20
1.9406484e-20
8.3644922e-21
3.5825646e-21
1.5249988e-21
6.452418e-22
2.7139828e-22
1.1349455e-22
4.7192824e-23
1.9514509e-23
8.0253858e-24
3.2828053e-24
1.3357892e-24
5.4073643e-25
2.1778509e-25
8.7277869e-26
3.4805757e-26
1.3813553e-26
5.4563518e-27
2.1452422e-27
8.3957737e-28
3.2710564e-28
1.2687905e-28
4.900013e-29
1.8842567e-29
7.2151901e-30
2.7513699e-30
1.0448926e-30
3.9522373e-31
1.4889831e-31
5.5877621e-32
2.0888769e-32
7.7792807e-33
2.8863028e-33
1.0669495e-33
3.9297826e-34
1.4422429e-34
5.2744296e-35
1.9222122e-35
6.9813084e-36
2.5269834e-36
9.1162865e-37
3.2779542e-37
1.1748327e-37
4.1971616e-38
1.4947196e-38
5.3064669e-39
1.8780609e-39
6.626568e-40
2.3310855e-40
8.1758631e-41
2.859102e-41
9.9692075e-42
3.4660943e-42
1.2016616e-42
4.15431e-43
1.4321976e-43
4.9238654e-44
1.6881851e-44
5.7723897e-45
1.9684459e-45
6.6947398e-46
2.2708899e-46
7.6828068e-47
2.5924724e-47
8.7254403e-48
2.9291912e-48
9.8085109e-49
3.2761288e-49
1.0915121e-49
3.6275444e-50
1.2025969e-50
3.977012e-51
1.3119862e-51
4.3176054e-52
1.4174362e-52
4.64212e-53
1.5166543e-53
4.9433256e-54
1.6073815e-54
5.2142337e-55
1.6874786e-55
5.4483708e-56
1.7550111e-56
5.6400376e-57
1.8083274e-57
5.7845422e-58
1.8461272e-58
5.8783944e-59
1.8675146e-59
5.9194471e-60
1.8720339e-60
5.9069779e-61
1.8596857e-61
5.8417082e-62
1.8309218e-62
5.7257561e-63
1.7866213e-63
5.5625286e-64
1.7280471e-64
5.3565646e-65
1.6567754e-65
5.1137941e-66
1.5729552e-66
4.9014485e-67
1.2592151e-67
-0.00078641715
0.00044805415
-0.00024889757
-0.00048901816
0.00083364355
-0.0015121662
0.0012774391
-0.00076302159
-0.00068810384
0.00230214
-0.002198832
0.0017761468
0.0013931526
0.0020013332
0.00080820163
0.0084369299
0.027783057
0.058646692
0.096665185
0.13513179
0.16924479
0.19548074
0.21276279
0.22145075
0.22282797
0.21826994
0.20908351
0.19630625
0.18072314
0.16295561
0.14354527
0.12303585
0.10203652
0.081258798
0.061514801
0.043644278
0.028382794
0.016226204
0.0073442199
0.0015680489
-0.0015506158
-0.0026327518
-0.0023508399
-0.0013238866
-4.7492661e-05
0.0011359376
0.0020327556
0.0025712219
0.0027649513
0.0026767967
0.0023893503
0.0019844745
0.0015315495
0.0010826535
0.00067242791
0.00032057156
3.5392453e-05
-0.00018261544
-0.00033773951
-0.00043678927
-0.0004876178
-0.00049830121
-0.00047678978
-0.00043082639
-0.00036794471
-0.00029540589
-0.00022000103
-0.00014772512
-8.3396694e-05
-3.0334926e-05
9.8001725e-06
3.694487e-05
5.2352627e-05
5.8165468e-05
5.6935154e-05
5.1191772e-05
4.3128039e-05
3.4426235e-05
2.6216948e-05
1.9134588e-05
1.3426513e-05
9.0773387e-06
5.9215309e-06
3.730375e-06
2.2699824e-06
1.3337579e-06
7.5581251e-07
4.1217367e-07
2.1550262e-07
1.0735403e-07
5.0407612e-08
2.1864722e-08
8.3882635e-09
2.5112897e-09
2.4275508e-10
-4.4346099e-10
-5.1495526e-10
-3.9840564e-10
-2.6067122e-10
-1.5339534e-10
-8.2864185e-11
-4.1157817e-11
-1.8494279e-11
-7.1418282e-12
-1.9683777e-12
8.7164102e-14
7.0487097e-13
7.3791432e-13
5.8372475e-13
4.0701805e-13
2.6316888e-13
1.6151104e-13
9.5298323e-14
5.4489016e-14
3.0349562e-14
1.6528098e-14
8.8248137e-15
4.6292036e-15
2.3896685e-15
1.2155529e-15
6.0993973e-16
3.0218422e-16
1.4793253e-16
7.1606255e-17
3.4291341e-17
1.625491e-17
7.6303881e-18
3.5485038e-18
1.6354514e-18
7.4725036e-19
3.3857936e-19
1.5217368e-19
6.7859831e-20
3.0031802e-20
1.3192872e-20
5.7540586e-21
2.4921149e-21
1.0720069e-21
4.5807349e-22
1.9446841e-22
8.2035876e-23
3.4392256e-23
1.4331043e-23
5.9362279e-24
2.4446227e-24
1.0009956e-24
4.0758656e-25
1.6505219e-25
6.6478475e-26
2.6634338e-26
1.0615614e-26
4.2094997e-27
1.6608728e-27
6.5207847e-28
2.5477504e-28
9.9070008e-29
3.8343301e-29
1.4771736e-29
5.6650014e-30
2.1628474e-30
8.2212741e-31
3.1114945e-31
1.1725844e-31
4.4003996e-32
1.6445239e-32
6.1208928e-33
2.2690379e-33
8.378116e-34
3.0814373e-34
1.1289816e-34
4.1206957e-35
1.4983993e-35
5.4285101e-36
1.9595303e-36
7.047959e-37
2.5260163e-37
9.0217596e-38
3.2110657e-38
1.1390168e-38
4.0267417e-39
1.4188598e-39
4.9831764e-40
1.7445069e-40
6.0877533e-41
2.1177622e-41
7.3443047e-42
2.539187e-42
8.7523773e-43
3.0078847e-43
1.030662e-43
3.521333e-44
1.1996348e-44
4.0752781e-45
1.3805317e-45
4.663703e-46
1.5711757e-46
5.2788784e-47
1.7688661e-47
5.9114989e-48
1.9704357e-48
6.5509036e-49
2.1723327e-49
7.1853717e-50
2.3707249e-50
7.8024851e-51
2.5616228e-51
8.3895374e-52
2.7410144e-52
8.9339727e-53
2.9050064e-53
9.4238331e-54
3.0499636e-54
9.8481917e-55
3.1726416e-55
1.019755e-55
3.2703049e-56
1.0464181e-56
3.3408243e-57
1.0642406e-57
3.3827506e-58
1.0728774e-58
3.3953606e-59
1.0722173e-59
3.3786723e-60
1.0623821e-60
3.3334318e-61
1.0437183e-61
3.2610711e-62
1.0167795e-62
3.1636397e-63
9.8230162e-64
3.0437162e-64
9.4117117e-65
2.9043021e-65
8.9439111e-66
2.7486845e-66
8.4311582e-67
2.5776556e-67
7.9825712e-68
2.0405091e-68
0.00091153065
-0.00094970359
0.00091959408
-0.00094330696
0.00064123578
-0.00051116262
-0.00016278931
0.00041283954
-0.00104412
0.00084592312
-0.00059802692
0.00030424987
4.736623e-05
0.00097224608
0.00087669551
0.001288201
0.0039994918
0.010244821
0.020273136
0.032658422
0.045650638
0.057428282
0.066746297
0.072964372
0.076018887
0.076133383
0.073712035
0.069212467
0.063092272
0.055801837
0.047790432
0.039511648
0.031417309
0.02393635
0.017437954
0.012183439
0.008284318
0.0056867023
0.0041912498
0.0035033907
0.0032985076
0.003283545
0.0032402063
0.0030429243
0.0026532746
0.0020983732
0.001442833
0.00076253224
0.00012526481
-0.00042008101
-0.00084675101
-0.0011480259
-0.0013322975
-0.0014173701
-0.0014253219
-0.0013785715
-0.0012972887
-0.0011979884
-0.0010930235
-0.00099068347
-0.00089566239
-0.00080972773
-0.00073248735
-0.00066218812
-0.00059649299
-0.00053317539
-0.0004706591
-0.00040833456
-0.00034661256
-0.00028672989
-0.00023038016
-0.00017928254
-0.00013480416
-9.7719858e-05
-6.813987e-05
-4.5585288e-05
-2.9157792e-05
-1.7741537e-05
-1.018602e-05
-5.4397722e-06
-2.6262467e-06
-1.0689167e-06
-2.8041848e-07
6.8207455e-08
1.8505645e-07
1.9302154e-07
1.5916264e-07
1.1651511e-07
7.894676e-08
5.0506372e-08
3.085014e-08
1.8116376e-08
1.0275527e-08
5.6481106e-09
3.0164019e-09
1.568618e-09
7.9599348e-10
3.9508481e-10
1.9237223e-10
9.2256685e-11
4.3818144e-11
2.0766228e-11
9.9134306e-12
4.8181439e-12
2.4075715e-12
1.2444522e-12
6.6559542e-13
3.663669e-13
2.0568713e-13
1.166517e-13
6.6273122e-14
3.7481536e-14
2.1012703e-14
1.1646235e-14
6.3721775e-15
3.439439e-15
1.8310522e-15
9.6156089e-16
4.9824594e-16
2.5484298e-16
1.2872273e-16
6.4237746e-17
3.1686576e-17
1.5456166e-17
7.458519e-18
3.5620559e-18
1.6842592e-18
7.8873252e-19
3.6593674e-19
1.6825629e-19
7.6692097e-20
3.4662586e-20
1.5538604e-20
6.9104549e-21
3.0495912e-21
1.3356971e-21
5.807531e-22
2.5071097e-22
1.0748059e-22
4.5765082e-23
1.935775e-23
8.1349965e-24
3.3970667e-24
1.4097898e-24
5.8152033e-25
2.384459e-25
9.7203311e-26
3.9399268e-26
1.5880303e-26
6.3655904e-27
2.5378844e-27
1.0064694e-27
3.970687e-28
1.5584986e-28
6.0864047e-29
2.3651874e-29
9.1465243e-30
3.5201953e-30
1.3484375e-30
5.14139e-31
1.9514041e-31
7.3732884e-32
2.7736527e-32
1.0388397e-32
3.8741685e-33
1.4386966e-33
5.320436e-34
1.9594687e-34
7.1873338e-35
2.6257919e-35
9.5552013e-36
3.4636178e-36
1.2507015e-36
4.4991811e-37
1.6124691e-37
5.7576999e-38
2.04846e-38
7.2618545e-39
2.5652488e-39
9.0301151e-40
3.1678054e-40
1.1075015e-40
3.8589546e-41
1.3401488e-41
4.6388749e-42
1.6005396e-42
5.5046784e-43
1.8872374e-43
6.4501106e-44
2.197711e-44
7.4654029e-45
2.528316e-45
8.5373046e-46
2.8743339e-46
9.6493048e-47
3.2300731e-47
1.0782043e-47
3.5890279e-48
1.1913901e-48
3.9440884e-49
1.302173e-49
4.2877922e-50
1.4081702e-50
4.6126029e-51
1.507021e-51
4.9111989e-52
1.5964783e-52
5.1767584e-53
1.6744956e-53
5.4032233e-54
1.7393057e-54
5.5855259e-55
1.7894854e-55
5.7197714e-56
1.8240045e-56
5.8033637e-57
1.8422563e-57
5.8350711e-58
1.8440693e-58
5.8150335e-59
1.8296994e-59
5.7447108e-60
1.7998056e-60
5.6267791e-61
1.7554099e-61
5.464985e-62
1.6978456e-62
5.2639657e-63
1.6286961e-63
5.0290459e-64
1.5497289e-64
4.7660248e-65
1.462827e-65
4.4809605e-66
1.3699234e-66
4.1799358e-67
1.2730433e-67
3.865016e-68
1.1883395e-68
3.019867e-69
0.00058838165
-0.00050367769
0.00044490303
-0.00032406483
0.0001140813
-4.1657802e-06
-0.0002877052
0.00023426946
-0.00043575795
0.00012694351
-0.00024627498
2.9454212e-05
-0.00011035562
8.2162806e-05
0.00028440309
0.00041945696
0.00077230419
0.0016748824
0.0035182428
0.0062732171
0.0096479713
0.013148204
0.016286021
0.018690598
0.020162613
0.020655303
0.020225374
0.019008235
0.017176689
0.014922896
0.012444301
0.0099309964
0.0075521076
0.0054412399
0.0036831706
0.0023058466
0.0012822959
0.00054417048
3.832389e-06
-0.00042167192
-0.00079194573
-0.0011346632
-0.0014478603
-0.0017101952
-0.0018943196
-0.0019786597
-0.0019546112
-0.0018283802
-0.0016185007
-0.001350961
-0.0010538767
-0.00075309578
-0.00046939306
-0.00021729486
-5.2016264e-06
0.00016366832
0.00028996686
0.0003768821
0.00042899966
0.00045146135
0.00044943635
0.00042786217
0.00039137968
0.00034437141
0.00029101259
0.00023526089
0.00018074707
0.00013057749
8.7106698e-05
5.1761337e-05
2.4985169e-05
6.3338565e-06
-5.3026297e-06
-1.1409743e-05
-1.3561393e-05
-1.3193351e-05
-1.1465693e-05
-9.2137948e-06
-6.9673588e-06
-5.0091021e-06
-3.4468873e-06
-2.2809591e-06
-1.4566518e-06
-9.0018196e-07
-5.3951526e-07
-3.14183e-07
-1.7805975e-07
-9.835109e-08
-5.3015833e-08
-2.7926032e-08
-1.4393263e-08
-7.2686112e-09
-3.6018649e-09
-1.7542377e-09
-8.4119808e-10
-3.9789351e-10
-1.8599601e-10
-8.6065289e-11
-3.94663e-11
-1.7936933e-11
-8.0674217e-12
-3.5764677e-12
-1.5507459e-12
-6.4849204e-13
-2.5470428e-13
-8.8577166e-14
-2.2524775e-14
9.1463748e-16
7.196911e-15
7.2682845e-15
5.5928912e-15
3.8186507e-15
2.4299139e-15
1.4732315e-15
8.6118429e-16
4.888362e-16
2.7070638e-16
1.4672823e-16
7.8026942e-17
4.0783318e-17
2.0982293e-17
1.0638092e-17
5.3203124e-18
2.6268225e-18
1.2813043e-18
6.178316e-19
2.9465983e-19
1.3906425e-19
6.4974506e-20
3.0065922e-20
1.3783701e-20
6.2626682e-21
2.8208904e-21
1.2599906e-21
5.5823216e-22
2.4537668e-22
1.070336e-22
4.6341128e-23
1.9918584e-23
8.5011245e-24
3.6032672e-24
1.517018e-24
6.3449374e-25
2.6367627e-25
1.0888884e-25
4.4691298e-26
1.823248e-26
7.3944373e-27
2.9816195e-27
1.1954625e-27
4.7665404e-28
1.890163e-28
7.4553361e-29
2.9251548e-29
1.1417849e-29
4.4341691e-30
1.7134447e-30
6.5886111e-31
2.521265e-31
9.6023537e-32
3.6400233e-32
1.3735028e-32
5.1592259e-33
1.9292965e-33
7.1829322e-34
2.6626926e-34
9.82843e-35
3.6125819e-35
1.3223536e-35
4.8205778e-36
1.7502368e-36
6.3294317e-37
2.279955e-37
8.1809613e-38
2.9242956e-38
1.0413553e-38
3.6945254e-39
1.3059345e-39
4.599468e-40
1.6141257e-40
5.6445621e-41
1.9670057e-41
6.8309693e-42
2.3641712e-42
8.1548056e-43
2.8035239e-43
9.6065717e-44
3.2811296e-44
1.1170846e-44
3.7911694e-45
1.2826293e-45
4.3259958e-46
1.4546011e-46
4.8762982e-47
1.6298233e-47
5.4313762e-48
1.8047344e-48
5.9795084e-49
1.9755177e-49
6.5083956e-50
2.1382507e-50
7.005656e-51
2.2890655e-51
7.4593386e-52
2.4243113e-52
7.8584247e-53
2.5407069e-53
8.1932886e-54
2.6354762e-54
8.4560858e-55
2.7064576e-55
8.641051e-56
2.7521818e-56
8.7446898e-57
2.7719142e-57
8.7658567e-58
2.7656619e-58
8.70572e-59
2.734146e-59
8.5676246e-60
2.6787427e-60
8.3568637e-61
2.6013995e-61
8.0803788e-62
2.5045318e-62
7.746412e-63
2.390907e-63
7.3641295e-64
2.2635243e-64
6.9432391e-65
2.1254956e-65
6.4936238e-66
1.9799326e-66
6.0250034e-67
1.8298486e-67
5.5466043e-68
1.6782043e-68
5.0620447e-69
1.5458273e-69
3.9069023e-70
0.0002049214
-0.00014504391
0.00012323894
-5.3690627e-05
-1.1146593e-05
4.472803e-05
-0.00012070206
6.0494064e-05
-0.00013497978
-1.2114401e-05
-0.00011052071
-5.554921e-05
-6.8331102e-05
-6.1741967e-05
-9.4665361e-06
5.0038129e-05
0.000148207
0.0003043448
0.00060800722
0.0011041877
0.0017834085
0.0025678966
0.0033435225
0.0039990733
0.0044496782
0.0046559492
0.0046102745
0.0043408816
0.0038951935
0.003332014
0.0027133327
0.0020971436
0.0015314164
0.0010497046
0.00066915014
0.00039151395
0.00020717239
0.00010092654
5.7663584e-05
6.5969333e-05
0.0001187504
0.00021127153
0.00033805114
0.00049032264
0.00065524333
0.00081708615
0.0009597843
0.0010697737
0.0011381674
0.0011617261
0.0011425911
0.0010871088
0.0010042191
0.00090383571
0.00079550267
0.00068745398
0.00058607962
0.00049573253
0.00041878722
0.00035586583
0.00030616498
0.00026783519
0.00023838113
0.00021506115
0.00019526556
0.00017684281
0.00015833142
0.0001390561
0.00011906985
9.8962975e-05
7.9597004e-05
6.1838341e-05
4.635558e-05
3.351411e-05
2.3366657e-05
1.5713093e-05
1.019312e-05
6.3796086e-06
3.8521866e-06
2.2433258e-06
1.2588536e-06
6.7957854e-07
3.5190524e-07
1.7392544e-07
8.1326457e-08
3.5388966e-08
1.3838474e-08
4.4270927e-09
7.2616373e-10
-4.7384515e-10
-6.8606518e-10
-5.7455077e-10
-4.0242159e-10
-2.5661915e-10
-1.5413806e-10
-8.8726679e-11
-4.944306e-11
-2.6843464e-11
-1.4258821e-11
-7.4309964e-12
-3.8061057e-12
-1.9176705e-12
-9.5060536e-13
-4.633778e-13
-2.2184183e-13
-1.0409427e-13
-4.7721099e-14
-2.1272254e-14
-9.1513762e-15
-3.7523512e-15
-1.4327514e-15
-4.8380188e-16
-1.2292548e-16
-2.0615628e-18
2.7913032e-17
2.7710298e-17
2.021908e-17
1.2969243e-17
7.7272446e-18
4.382056e-18
2.3961446e-18
1.2732194e-18
6.6074947e-19
3.3606365e-19
1.6793703e-19
8.2609253e-20
4.0059073e-20
1.9171944e-20
9.0642858e-21
4.2368454e-21
1.9592035e-21
8.9678757e-22
4.0652326e-22
1.8258022e-22
8.127557e-23
3.5871735e-23
1.5702339e-23
6.8189443e-24
2.9384725e-24
1.2568392e-24
5.3368559e-25
2.2502268e-25
9.4228786e-26
3.9195256e-26
1.6197482e-26
6.6510905e-27
2.7141452e-27
1.1008503e-27
4.438492e-28
1.7791345e-28
7.0908766e-29
2.8103352e-29
1.1077211e-29
4.342721e-30
1.6935414e-30
6.5701238e-31
2.5359167e-31
9.7390927e-32
3.7218685e-32
1.4154619e-32
5.3575276e-33
2.0183335e-33
7.5686058e-34
2.8252989e-34
1.04995e-34
3.8847024e-35
1.4310678e-35
5.249325e-36
1.917407e-36
6.9745908e-37
2.5266324e-37
9.1160967e-38
3.2759957e-38
1.1726507e-38
4.1812651e-39
1.4851926e-39
5.2555184e-40
1.8527947e-40
6.5078682e-41
2.2775619e-41
7.9422118e-42
2.7597644e-42
9.5561032e-43
3.2975134e-43
1.1339855e-43
3.8865256e-44
1.3275969e-44
4.520004e-45
1.5338972e-45
5.1886592e-46
1.7495721e-46
5.8808814e-47
1.9706188e-47
6.5830633e-48
2.1924712e-48
7.2800652e-49
2.4101661e-49
7.9557951e-50
2.6185416e-50
8.5938708e-51
2.8124549e-51
9.1783256e-52
2.9870061e-52
9.6943091e-53
3.1377543e-53
1.0128738e-53
3.2609111e-54
1.0470862e-54
3.3534998e-55
1.0712698e-55
3.413472e-56
1.0849326e-56
3.4397745e-57
1.0879018e-57
3.4323647e-58
1.0803205e-58
3.3921765e-59
1.0626299e-59
3.3210412e-60
1.0355377e-60
3.22157e-61
9.9997628e-62
3.0970096e-62
9.5705357e-63
2.9510783e-63
9.0799988e-64
2.7877963e-64
8.5411412e-65
2.6113173e-65
7.9671203e-66
2.4257721e-66
7.3707929e-67
2.2351291e-67
6.7643104e-68
2.0430802e-68
6.1587544e-69
1.8530891e-69
5.5587171e-70
1.6876099e-70
4.245958e-71
4.7594791e-05
-2.5671484e-05
2.2369817e-05
1.2151713e-06
-1.1551871e-05
1.9662671e-05
-3.1605014e-05
1.0360537e-05
-3.2998722e-05
-1.5805482e-05
-3.690128e-05
-3.8240917e-05
-3.8186711e-05
-4.1441471e-05
-3.5113299e-05
-2.6480169e-05
-4.5014497e-06
2.972749e-05
8.7604687e-05
0.00017851432
0.00030618128
0.0004622585
0.00062705235
0.00077686044
0.00088925646
0.00095092435
0.00095585056
0.00090816525
0.00081823843
0.00070035663
0.0005699888
0.00044135655
0.00032559069
0.00022967503
0.0001562763
0.00010438263
7.0459519e-05
4.9689668e-05
3.690324e-05
2.7036206e-05
1.5248213e-05
-2.9923453e-06
-3.1590567e-05
-7.3228061e-05
-0.00012868811
-0.00019642674
-0.00027264444
-0.00035190471
-0.00042812356
-0.00049563118
-0.00055002291
-0.00058863261
-0.00061060357
-0.00061663896
-0.00060856284
-0.00058882191
-0.00056003057
-0.00052462567
-0.00048466121
-0.00044174095
-0.00039706275
-0.00035153605
-0.0003059314
-0.00026101996
-0.00021766315
-0.0001768219
-0.00013947939
-0.00010650295
-7.8496232e-05
-5.5695843e-05
-3.7946808e-05
-2.4759312e-05
-1.5421366e-05
-9.1295038e-06
-5.1033922e-06
-2.6641771e-06
-1.2721172e-06
-5.3051516e-07
-1.6806845e-07
-1.1588961e-08
4.2098948e-08
5.0110139e-08
4.1492975e-08
2.9472484e-08
1.9087013e-08
1.1570462e-08
6.6549065e-09
3.6593402e-09
1.9317068e-09
9.8067501e-10
4.7862301e-10
2.2392903e-10
9.9784993e-11
4.1805642e-11
1.6027922e-11
5.2598984e-12
1.148919e-12
-1.8992916e-13
-4.7516088e-13
-4.2003684e-13
-2.9437532e-13
-1.8458554e-13
-1.0803744e-13
-6.0193422e-14
-3.2258438e-14
-1.6726403e-14
-8.4184063e-15
-4.1186757e-15
-1.9588226e-15
-9.0433928e-16
-4.040097e-16
-1.7364828e-16
-7.1071947e-17
-2.7165295e-17
-9.2948126e-18
-2.5209349e-18
-2.371435e-19
3.596421e-19
3.9669562e-19
2.9358767e-19
1.8711857e-19
1.0989292e-19
6.1185663e-20
3.2776068e-20
1.703942e-20
8.6448288e-21
4.2964497e-21
2.0974745e-21
1.0078558e-21
4.7741155e-22
2.2321132e-22
1.0311016e-22
4.709835e-23
2.1287675e-23
9.5262867e-24
4.2229058e-24
1.8551661e-24
8.0799074e-25
3.4900527e-25
1.4955259e-25
6.3593609e-26
2.6841135e-26
1.1247525e-26
4.6803082e-27
1.9343674e-27
7.9420031e-28
3.2398267e-28
1.3133589e-28
5.2915151e-29
2.1192043e-29
8.4376128e-30
3.3402195e-30
1.3148947e-30
5.1477425e-31
2.0044698e-31
7.763972e-32
2.9916653e-32
1.1469057e-32
4.3748938e-33
1.6606198e-33
6.272955e-34
2.358351e-34
8.8249609e-35
3.2871369e-35
1.2188631e-35
4.4994002e-36
1.6536605e-36
6.0514387e-37
2.2050535e-37
8.0011917e-38
2.8912878e-38
1.0405295e-38
3.7296537e-39
1.3315504e-39
4.7352726e-40
1.6774647e-40
5.9197716e-41
2.0812355e-41
7.2899295e-42
2.544086e-42
8.8464031e-43
3.065122e-43
1.0582642e-43
3.6410322e-44
1.2484105e-44
4.2659013e-45
1.4527881e-45
4.931161e-46
1.668278e-46
5.6257009e-47
1.890994e-47
6.3361429e-48
2.1163955e-48
7.0472744e-49
2.3394471e-49
7.7426194e-50
2.5548177e-50
8.4051161e-51
2.7571064e-51
9.0178574e-52
2.9410814e-52
9.5648495e-53
3.1019164e-53
1.0031736e-53
3.2354089e-54
1.040644e-54
3.3381652e-55
1.0679689e-55
3.407743e-56
1.0845379e-56
3.4427411e-57
1.0900781e-57
3.4428346e-58
1.084655e-58
3.4087529e-59
1.0686589e-59
3.3422085e-60
1.0427733e-60
3.2457799e-61
1.0079334e-61
3.1227614e-62
9.6527374e-63
2.9769892e-63
9.1607149e-64
2.8126577e-64
8.6168748e-65
2.6341342e-65
8.0350931e-66
2.4457855e-66
7.4289885e-67
2.2518223e-67
6.8114688e-68
2.0561682e-68
6.194361e-69
1.8623586e-69
5.5881021e-70
1.6735878e-70
4.9970482e-71
1.5096108e-71
3.7845267e-72
7.4551659e-06
-2.2560515e-06
2.3850828e-06
3.2109883e-06
-3.3215649e-06
5.2211382e-06
-5.4133743e-06
1.2087047e-06
-5.6222276e-06
-5.2890847e-06
-9.0707074e-06
-1.2683309e-05
-1.449334e-05
-1.6870449e-05
-1.6746004e-05
-1.6543229e-05
-1.3969823e-05
-8.5941537e-06
1.4742979e-06
1.7921159e-05
4.1720857e-05
7.2041981e-05
0.00010577668
0.00013843932
0.00016522987
0.00018257644
0.00018853587
0.0001832786
0.00016861149
0.00014740882
0.00012292588
9.8173808e-05
7.546638e-05
5.6198145e-05
4.0856533e-05
2.9216524e-05
2.0629377e-05
1.4313658e-05
9.5893828e-06
6.0417275e-06
3.6271914e-06
2.7272727e-06
4.1283881e-06
8.8940048e-06
1.8118864e-05
3.2609952e-05
5.2590381e-05
7.7531595e-05
0.0001061735
0.00013671615
0.00016710467
0.00019531196
0.00021955097
0.00023839508
0.00025082365
0.00025622838
0.00025441104
0.00024558496
0.00023037202
0.00020977873
0.00018513929
0.00015802269
0.00013010573
0.0001030184
7.8177248e-05
5.6635904e-05
3.8988922e-05
2.535616e-05
1.5450811e-05
8.707664e-06
4.4323059e-06
1.9330297e-06
6.1124831e-07
4.4063885e-09
-2.103921e-07
-2.3718892e-07
-1.9182082e-07
-1.3195944e-07
-8.1133441e-08
-4.5310198e-08
-2.2947623e-08
-1.0312218e-08
-3.8379746e-09
-8.8150989e-10
2.547006e-10
5.4883941e-10
5.1119283e-10
3.8028304e-10
2.519319e-10
1.5471789e-10
8.9796822e-11
4.978031e-11
2.6523195e-11
1.3630521e-11
6.7678697e-12
3.2470154e-12
1.5028525e-12
6.6850633e-13
2.8375082e-13
1.1339853e-13
4.1537891e-14
1.3072547e-14
2.7942577e-15
-3.4713007e-16
-9.5123333e-16
-8.050986e-16
-5.334208e-16
-3.1406862e-16
-1.7156353e-16
-8.8626051e-17
-4.3692816e-17
-2.0635328e-17
-9.334935e-18
-4.0282133e-18
-1.6416882e-18
-6.1865811e-19
-2.0513936e-19
-5.1118382e-20
-1.0900371e-21
1.0685027e-20
1.0314756e-20
7.275321e-21
4.5001365e-21
2.5817555e-21
1.4083735e-21
7.4030763e-22
3.7798504e-22
1.8843997e-22
9.2061557e-23
4.4190612e-23
2.0882655e-23
9.7299495e-24
4.4754187e-24
2.0341588e-24
9.1436549e-25
4.0675943e-25
1.7918152e-25
7.8199971e-26
3.3827485e-26
1.4509474e-26
6.173092e-27
2.6058986e-27
1.0917857e-27
4.5410107e-28
1.8754417e-28
7.6927719e-29
3.1345526e-29
1.2689969e-29
5.1051829e-30
2.0412502e-30
8.1129644e-31
3.2056904e-31
1.2594447e-31
4.920461e-32
1.9118444e-32
7.3886929e-33
2.8405139e-33
1.0863863e-33
4.134009e-34
1.5653028e-34
5.8979823e-35
2.2116858e-35
8.2545533e-36
3.0665349e-36
1.1340159e-36
4.1748307e-37
1.5301625e-37
5.5839898e-38
2.0290305e-38
7.3417064e-39
2.6454323e-39
9.493217e-40
3.392911e-40
1.207809e-40
4.2826692e-41
1.5126708e-41
5.3224351e-42
1.8656679e-42
6.5153483e-43
2.2669456e-43
7.8589588e-44
2.7147462e-44
9.3444357e-45
3.2052026e-45
1.0956074e-45
3.7322403e-46
1.267118e-46
4.2876045e-47
1.4460374e-47
4.8610279e-48
1.6288339e-48
5.4405347e-49
1.8114991e-49
6.0128706e-50
1.9897013e-50
6.5640377e-51
2.158967e-51
7.0798987e-52
2.314879e-52
7.5468141e-53
2.4532781e-53
7.9522699e-54
2.5704545e-54
8.2854531e-55
2.6633177e-55
8.5377368e-56
2.7295315e-56
8.7030476e-57
2.7676087e-57
8.778091e-58
2.7769586e-58
8.7624261e-59
2.7578874e-59
8.6583927e-60
2.711552e-60
8.4709012e-61
2.6398748e-61
8.207105e-62
2.5454251e-62
7.8759866e-63
2.431277e-63
7.4878844e-64
2.3008552e-64
7.0539942e-65
2.157777e-65
6.5858765e-66
2.0057e-66
6.0949957e-67
1.8481848e-67
5.5923124e-68
1.6885765e-68
5.0879467e-69
1.5299101e-69
4.5909195e-70
1.3748423e-70
4.1089528e-71
1.2256927e-71
3.6451863e-72
1.0965107e-72
2.7412395e-73
7.5022032e-07
8.6576585e-08
5.8806479e-08
8.6928884e-07
-5.3957772e-07
9.1218524e-07
-5.1661185e-07
1.1178421e-07
-5.7158738e-07
-8.9973757e-07
-1.5191445e-06
-2.5601476e-06
-3.4149002e-06
-4.5272071e-06
-5.0691644e-06
-5.3958998e-06
-5.3065149e-06
-4.7520748e-06
-3.439743e-06
-1.0107996e-06
2.8221877e-06
8.0693917e-06
1.4319624e-05
2.0810628e-05
2.6614969e-05
3.0909912e-05
3.3160171e-05
3.3222639e-05
3.1319595e-05
2.7934675e-05
2.3672659e-05
1.9123999e-05
1.4764877e-05
1.0907907e-05
7.7022014e-06
5.1686107e-06
3.2496968e-06
1.8558474e-06
8.9582952e-07
2.8719115e-07
-5.3295848e-08
-2.3521307e-07
-4.2725562e-07
-8.822024e-07
-1.9354529e-06
-3.9636989e-06
-7.307382e-06
-1.218159e-05
-1.8608801e-05
-2.639453e-05
-3.5142793e-05
-4.429176e-05
-5.3153375e-05
-6.0959124e-05
-6.6928962e-05
-7.0374439e-05
-7.0822617e-05
-6.8124984e-05
-6.2513366e-05
-5.4581445e-05
-4.5192337e-05
-3.5330775e-05
-2.5932243e-05
-1.7730004e-05
-1.1158615e-05
-6.3353893e-06
-3.1147616e-06
-1.1873381e-06
-1.8649997e-07
2.2757885e-07
3.2052692e-07
2.7115863e-07
1.8238652e-07
1.0251467e-07
4.6884801e-08
1.461534e-08
-8.3759906e-10
-6.2794212e-09
-6.7639344e-09
-5.3645208e-09
-3.6410647e-09
-2.2171722e-09
-1.2326603e-09
-6.2714464e-10
-2.8839823e-10
-1.1519564e-10
-3.5078234e-11
-2.7343957e-12
7.4152146e-12
8.5322092e-12
6.7489089e-12
4.5756877e-12
2.8326784e-12
1.6453957e-12
9.0952717e-13
4.8234621e-13
2.4660562e-13
1.2188692e-13
5.8314649e-14
2.7005668e-14
1.2088877e-14
5.2145934e-15
2.1552574e-15
8.4500326e-16
3.0840867e-16
1.0066402e-16
2.6282255e-17
2.8311819e-18
-2.7707724e-18
-2.9704837e-18
-2.0262075e-18
-1.1651003e-18
-6.0534598e-19
-2.913379e-19
-1.3082226e-19
-5.4539624e-20
-2.0670276e-20
-6.7145175e-21
-1.5022903e-21
1.4987525e-22
4.9280992e-22
4.3185581e-22
2.9454203e-22
1.7889007e-22
1.0133302e-22
5.4708836e-23
2.8492034e-23
1.4420112e-23
7.127471e-24
3.4524844e-24
1.6431066e-24
7.6980532e-25
3.5558004e-25
1.6213035e-25
7.304565e-26
3.2545232e-26
1.4349842e-26
6.2651783e-27
2.7100106e-27
1.1618664e-27
4.9392637e-28
2.082778e-28
8.7143784e-29
3.6188184e-29
1.4919246e-29
6.1077255e-30
2.4834704e-30
1.0031644e-30
4.0262358e-31
1.6058865e-31
6.3663203e-32
2.5089103e-32
9.8302765e-33
3.8299014e-33
1.4839006e-33
5.7183203e-34
2.1919319e-34
8.3584661e-35
3.1711066e-35
1.1970756e-35
4.4967499e-36
1.6810492e-36
6.2546532e-37
2.3163398e-37
8.5390835e-38
3.1337378e-38
1.1449532e-38
4.1650158e-39
1.5086154e-39
5.4412857e-40
1.9543974e-40
6.9909939e-41
2.4906073e-41
8.837647e-42
3.1236127e-42
1.0997406e-42
3.8570791e-43
1.347672e-43
4.6912522e-44
1.6270212e-44
5.6223506e-45
1.9358998e-45
6.6421321e-46
2.2709669e-46
7.7376894e-47
2.6274056e-47
8.8915196e-48
2.9989916e-48
1.0081888e-48
3.3782549e-49
1.1283484e-49
3.7567316e-50
1.2468348e-50
4.1252931e-51
1.3607015e-51
4.4745343e-52
1.4669802e-52
4.7951959e-53
1.5628169e-53
5.0785916e-54
1.6456044e-54
5.3170144e-55
1.7131036e-55
5.5040919e-56
1.7635456e-56
5.6350687e-57
1.7957073e-57
5.7069999e-58
1.8089567e-58
5.718844e-59
1.803266e-59
5.6714532e-60
1.7791938e-60
5.5674683e-61
1.7378365e-61
5.4111271e-62
1.6807573e-62
5.2080056e-63
1.6098952e-63
4.964711e-64
1.5274636e-64
4.6885496e-65
1.4358432e-65
4.3871892e-66
1.3374774e-66
4.068338e-67
1.2347749e-67
3.7394543e-68
1.1300244e-68
3.4075e-69
1.025325e-69
3.0787471e-70
9.2253354e-71
2.7586387e-71
8.2322949e-72
2.4516934e-72
7.2874508e-73
2.1596466e-73
6.4715768e-74
1.614436e-74
4.2933577e-08
4.7238701e-08
-1.8277413e-08
1.1811054e-07
-4.8080426e-08
9.798011e-08
-1.2873993e-08
1.589094e-08
-2.1750309e-08
-7.5566927e-08
-1.4698792e-07
-3.1362055e-07
-4.8863369e-07
-7.6465317e-07
-9.9997616e-07
-1.1782221e-06
-1.2563862e-06
-1.2296984e-06
-1.0812532e-06
-7.7274397e-07
-2.5511731e-07
4.9686996e-07
1.4490835e-06
2.500299e-06
3.5032364e-06
4.3064789e-06
4.7951217e-06
4.9174918e-06
4.6902628e-06
4.1849441e-06
3.5038015e-06
2.7540024e-06
2.0270517e-06
1.3872475e-06
8.692786e-07
4.8244818e-07
2.1801689e-07
5.6660754e-08
-2.5696627e-08
-5.3956411e-08
-5.0887942e-08
-3.3738953e-08
-9.2865361e-09
3.2823448e-08
1.2641569e-07
3.3012735e-07
7.1919763e-07
1.3681963e-06
2.3315225e-06
3.6284974e-06
5.2321183e-06
7.0556942e-06
8.9395524e-06
1.065306e-05
1.192752e-05
1.2518843e-05
1.227939e-05
1.1210579e-05
9.4739116e-06
7.3531187e-06
5.1787783e-06
3.2424172e-06
1.7315178e-06
7.0622623e-07
1.1861146e-07
-1.4213103e-07
-2.0122408e-07
-1.6363953e-07
-9.9136661e-08
-4.348042e-08
-8.1396784e-09
8.5789077e-09
1.301337e-08
1.1334379e-08
7.738112e-09
4.38564e-09
2.0222236e-09
6.4779009e-10
-9.687444e-12
-2.4201355e-10
-2.6573736e-10
-2.1109586e-10
-1.4309193e-10
-8.713228e-11
-4.8649134e-11
-2.5065553e-11
-1.1864015e-11
-5.0580287e-12
-1.8376585e-12
-4.6524245e-13
3.3879893e-14
1.6139868e-13
1.5388436e-13
1.1173957e-13
7.13544e-14
4.2051054e-14
2.3383088e-14
1.2416126e-14
6.339852e-15
3.1262992e-15
1.492531e-15
6.9068465e-16
3.0984466e-16
1.3461039e-16
5.6503246e-17
2.2820687e-17
8.8064851e-18
3.2079829e-18
1.0783106e-18
3.1816843e-19
7.0850345e-20
2.3985364e-21
-1.007849e-20
-8.3249198e-21
-4.7980753e-21
-2.3080934e-21
-9.5301861e-22
-3.2179766e-22
-6.7236003e-23
1.6671833e-23
3.327155e-23
2.8245069e-23
1.9226502e-23
1.1727978e-23
6.6806828e-24
3.6262585e-24
1.8973408e-24
9.6392786e-25
4.7786069e-25
2.3197877e-25
1.1056706e-25
5.1845404e-26
2.3954847e-26
1.0920261e-26
4.9168563e-27
2.1884649e-27
9.6363634e-28
4.2003534e-28
1.8134179e-28
7.7581742e-29
3.2904548e-29
1.3840498e-29
5.7755606e-30
2.39175e-30
9.8318832e-31
4.0129727e-31
1.626688e-31
6.5500216e-32
2.6203929e-32
1.0417268e-32
4.1160245e-33
1.6166161e-33
6.3125432e-34
2.4509254e-34
9.4632513e-35
3.6340275e-35
1.3881096e-35
5.2746613e-36
1.9940947e-36
7.5010194e-37
2.8077542e-37
1.0459266e-37
3.8777883e-38
1.4310129e-38
5.2567086e-39
1.9223311e-39
6.9987129e-40
2.5369648e-40
9.1568577e-41
3.2911126e-41
1.1779606e-41
4.1989155e-42
1.490691e-42
5.2711725e-43
1.8566075e-43
6.5140308e-44
2.2767698e-44
7.9277555e-45
2.7502032e-45
9.5056912e-46
3.2736141e-46
1.1233525e-46
3.8412174e-47
1.3088953e-47
4.444702e-48
1.5041813e-48
5.0733545e-49
1.7054735e-49
5.714344e-50
1.9084288e-50
6.3531615e-51
2.1082594e-51
6.9741928e-52
2.2999311e-52
7.5613893e-53
2.4783858e-53
8.0989954e-54
2.6387754e-54
8.572285e-55
2.7766894e-55
8.9682539e-56
2.8883616e-56
9.2762245e-57
2.970843e-57
9.4883229e-58
3.0221281e-58
9.5997981e-59
3.041229e-59
9.6091681e-60
3.0281942e-60
9.5181911e-61
2.9840715e-61
9.331669e-62
2.9108227e-62
9.0571055e-63
2.8111959e-63
8.704252e-64
2.6885677e-64
8.2845713e-65
2.5467654e-65
7.8106617e-66
2.3898836e-66
7.295677e-67
2.2221033e-67
6.7527762e-68
2.0475266e-68
6.1946293e-69
1.870032e-69
5.6330031e-70
1.6931574e-70
5.0784375e-71
1.5200128e-71
4.5400178e-72
1.3532239e-72
4.0252448e-73
1.1948989e-73
3.5402113e-74
1.045775e-74
3.1226549e-75
7.7781599e-76
9.5566533e-10
4.7903103e-09
-1.3741475e-09
7.3899284e-09
-1.7418949e-09
5.5372573e-09
1.2348624e-09
1.7165066e-09
1.4770463e-09
-2.3853227e-09
-6.1099988e-09
-2.1430624e-08
-4.0210886e-08
-7.8069308e-08
-1.2400868e-07
-1.6969967e-07
-2.0204933e-07
-2.1324863e-07
-2.0037114e-07
-1.62025e-07
-9.5733599e-08
2.7634611e-10
1.2262428e-07
2.5980635e-07
3.9316135e-07
5.0168587e-07
5.6817261e-07
5.8402516e-07
5.5097609e-07
4.7956938e-07
3.854847e-07
2.8524221e-07
1.9264646e-07
1.1674433e-07
6.1397584e-08
2.6083274e-08
7.3393638e-09
3.1844763e-10
1.0864989e-10
2.6831425e-09
5.3969067e-09
6.9765289e-09
7.0829898e-09
5.4076344e-09
6.2885567e-11
-1.4118776e-08
-4.5732704e-08
-1.0509441e-07
-2.0247321e-07
-3.4659063e-07
-5.405855e-07
-7.7421778e-07
-1.0169363e-06
-1.2193257e-06
-1.3265413e-06
-1.2996544e-06
-1.1345578e-06
-8.6738759e-07
-5.6191796e-07
-2.8487798e-07
-8.2253915e-08
3.1951768e-08
7.1607993e-08
6.4761359e-08
3.9307209e-08
1.4295204e-08
-1.8425917e-09
-8.4860485e-09
-8.707708e-09
-6.0747302e-09
-3.0826899e-09
-8.932319e-10
2.8395377e-10
6.9286106e-10
6.7360217e-10
4.910566e-10
2.9595757e-10
1.4882314e-10
5.8357884e-11
1.1900387e-11
-7.0992081e-12
-1.179946e-11
-1.0489555e-11
-7.5218628e-12
-4.7571975e-12
-2.743833e-12
-1.4636033e-12
-7.2455557e-13
-3.3096746e-13
-1.3675113e-13
-4.8445228e-14
-1.2190346e-14
5.2621664e-16
3.6497238e-15
3.4472564e-15
2.4516898e-15
1.5295028e-15
8.7999638e-16
4.7770828e-16
2.4769563e-16
1.235619e-16
5.9565241e-17
2.7824329e-17
1.2613563e-17
5.5523486e-18
2.3725434e-18
9.8296877e-19
3.9400095e-19
1.5224899e-19
5.6411266e-20
1.9876815e-20
6.5746616e-21
1.9983618e-21
5.3736981e-22
1.1865672e-22
1.8432496e-23
2.4298162e-24
2.9628511e-24
4.1351711e-24
3.933304e-24
3.0208687e-24
2.0390707e-24
1.2624562e-24
7.3437445e-25
4.0732896e-25
2.1752646e-25
1.125993e-25
5.6770503e-26
2.7979915e-26
1.3518068e-26
6.4161891e-27
2.9970605e-27
1.3797205e-27
6.2672747e-28
2.8118388e-28
1.2470766e-28
5.4714425e-29
2.376235e-29
1.022102e-29
4.3563858e-30
1.8406531e-30
7.7125365e-31
3.2059112e-31
1.3224201e-31
5.4146872e-32
2.2012773e-32
8.887419e-33
3.5642645e-33
1.4201826e-33
5.6231365e-34
2.2128288e-34
8.6560797e-35
3.3663857e-35
1.301777e-35
5.0060675e-36
1.9146884e-36
7.2843661e-37
2.7569311e-37
1.038117e-37
3.8895235e-38
1.4501657e-38
5.3808319e-39
1.987145e-39
7.304561e-40
2.6728692e-40
9.7367391e-41
3.5312911e-41
1.2751708e-41
4.5850876e-42
1.6417231e-42
5.8540001e-43
2.0788957e-43
7.3530179e-44
2.5904572e-44
9.0905318e-45
3.1778083e-45
1.1066605e-45
3.839472e-46
1.3271517e-46
4.5706973e-47
1.5684749e-47
5.3632217e-48
1.8274535e-48
6.2052338e-49
2.0998083e-49
7.0815569e-50
2.3802525e-50
7.9740624e-51
2.6626576e-51
8.8623008e-52
2.9402835e-52
9.7243183e-53
3.2060609e-53
1.0537609e-53
3.4529073e-54
1.1280147e-54
3.6740563e-55
1.1931418e-55
3.8633778e-56
1.2473395e-56
4.0156675e-57
1.2891379e-57
4.1268854e-58
1.3174659e-58
4.1943304e-59
1.3316939e-59
4.2167385e-60
1.3316534e-60
4.1943022e-61
1.3176305e-61
4.1286139e-62
1.290336e-62
4.0225387e-63
1.2508563e-63
3.8800301e-64
1.2005876e-64
3.7059037e-65
1.1411593e-65
3.5055851e-66
1.0743527e-66
3.2848492e-67
1.002019e-67
3.0495674e-68
9.2600197e-69
2.8054757e-69
8.4806949e-70
2.5579735e-70
7.6985605e-71
2.3119635e-71
6.9281836e-72
2.0717323e-72
6.182049e-73
1.8408757e-73
5.4703877e-74
1.6222653e-74
4.8011073e-75
1.4181341e-75
4.1765865e-76
1.2429197e-76
3.0932428e-77
9.4517787e-12
1.0199165e-10
1.0839055e-10
6.5153745e-11
-3.5099054e-11
8.8496044e-11
-3.4655771e-12
-2.3516749e-11
1.2306636e-10
-3.9202701e-11
-2.4959143e-11
-7.8209478e-10
-1.7439753e-09
-4.6459731e-09
-9.5345597e-09
-1.5891201e-08
-2.1944373e-08
-2.5711236e-08
-2.5865406e-08
-2.1928472e-08
-1.3947917e-08
-2.3386943e-09
1.199193e-08
2.7436644e-08
4.178742e-08
5.2722774e-08
5.8485981e-08
5.8422272e-08
5.3130458e-08
4.4194102e-08
3.3644151e-08
2.3384691e-08
1.4777402e-08
8.4728675e-09
4.4717889e-09
2.3304736e-09
1.4081741e-09
1.0904485e-09
9.3721107e-10
7.1748907e-10
3.7950623e-10
-2.2490593e-12
-3.38005e-10
-5.8560981e-10
-6.1449024e-10
-6.3034859e-11
1.5910916e-09
5.0026095e-09
1.1167778e-08
2.1341345e-08
3.599725e-08
5.3179195e-08
6.7778985e-08
7.323112e-08
6.5287033e-08
4.5284167e-08
2.0094825e-08
-1.5497456e-09
-1.3706855e-08
-1.5627901e-08
-1.0805763e-08
-4.0647262e-09
1.0537018e-09
3.2914282e-09
3.1790153e-09
1.9450263e-09
6.4112291e-10
-2.073777e-10
-5.3568613e-10
-5.122836e-10
-3.4117735e-10
-1.629474e-10
-3.9018633e-11
2.3822163e-11
4.2949221e-11
3.9155356e-11
2.7558588e-11
1.6215805e-11
8.0302557e-12
3.1490932e-12
6.9992202e-13
-2.8675336e-13
-5.341412e-13
-4.7873792e-13
-3.417464e-13
-2.145502e-13
-1.2286135e-13
-6.5197343e-14
-3.2237419e-14
-1.4815693e-14
-6.2485634e-15
-2.3391421e-15
-7.0584209e-16
-1.0306428e-16
7.3622242e-17
9.5522841e-17
7.3547467e-17
4.7285831e-17
2.7531011e-17
1.4995515e-17
7.7668012e-18
3.8610393e-18
1.8527634e-18
8.612988e-19
3.8876637e-19
1.7060827e-19
7.2837368e-20
3.0252852e-20
1.2219176e-20
4.7953811e-21
1.8267202e-21
6.7493009e-22
2.4199014e-22
8.4533678e-23
2.9125094e-23
1.0181912e-23
3.7992419e-24
1.6035533e-24
7.8149741e-25
4.2336125e-25
2.4036911e-25
1.3708527e-25
7.6885853e-26
4.2070476e-26
2.242118e-26
1.1649279e-26
5.9115849e-27
2.9360128e-27
1.429887e-27
6.8405301e-28
3.2194601e-28
1.4926394e-28
6.8249806e-29
3.0807217e-29
1.3739842e-29
6.0592035e-30
2.6438711e-30
1.1421117e-30
4.8870239e-31
2.072276e-31
8.7115768e-32
3.6320591e-32
1.5023166e-32
6.166724e-33
2.5127678e-33
1.0166353e-33
4.0850194e-34
1.6305434e-34
6.4664536e-35
2.5484459e-35
9.9823894e-36
3.8869847e-36
1.5047879e-36
5.792723e-37
2.2176473e-37
8.4441964e-38
3.1983888e-38
1.2052009e-38
4.5184411e-39
1.6856297e-39
6.2577963e-40
2.3120955e-40
8.5026214e-41
3.1124231e-41
1.1341686e-41
4.1145547e-42
1.4861619e-42
5.3448801e-43
1.9141141e-43
6.8262795e-44
2.4244547e-44
8.5759903e-45
3.021484e-45
1.0603443e-45
3.7067051e-46
1.290824e-46
4.4782303e-47
1.5478475e-47
5.3303238e-48
1.8289566e-48
6.2531346e-49
2.1303766e-49
7.2326653e-50
2.4470474e-50
8.2510011e-51
2.7727387e-51
9.2868112e-52
3.1002496e-52
1.0316102e-52
3.4216827e-53
1.1313184e-53
3.728778e-54
1.2251801e-54
4.0132852e-55
1.3106337e-55
4.2673496e-56
1.3853029e-56
4.4838866e-57
1.4471096e-57
4.6569162e-58
1.4943718e-58
4.7818393e-59
1.5258786e-59
4.8556349e-60
1.5409386e-60
4.8769681e-61
1.5394003e-61
4.8462066e-62
1.5216419e-62
4.7653463e-63
1.488535e-63
4.6378558e-64
1.4413844e-64
4.4684563e-65
1.3818498e-65
4.2628517e-66
1.3118553e-66
4.0274313e-67
1.2334935e-67
3.7689641e-68
1.1489295e-68
3.494304e-69
1.0603115e-69
3.2101197e-70
9.6969085e-71
2.9226643e-71
8.7895631e-72
2.6375906e-72
7.8978371e-73
2.3598177e-73
7.0360173e-74
2.0934476e-74
6.2157345e-75
1.8417312e-75
5.4459254e-76
1.6070685e-76
4.7331738e-77
1.3900164e-77
4.1230902e-78
1.0259689e-78
2.320098e-12
-2.3657366e-12
-5.0306234e-14
-4.5285979e-12
-1.5916382e-12
-3.6968276e-12
-2.7122702e-12
-7.833803e-12
1.7237928e-12
-2.9962975e-12
1.3320454e-12
-2.4282665e-11
-3.2954987e-11
-1.5200833e-10
-4.6470997e-10
-1.0015537e-09
-1.6490182e-09
-2.1903248e-09
-2.4038557e-09
-2.1396968e-09
-1.3489311e-09
-9.463446e-11
1.4516527e-09
3.0331974e-09
4.3650722e-09
5.2140274e-09
5.4678249e-09
5.1611502e-09
4.4470641e-09
3.5315779e-09
2.6049391e-09
1.7978112e-09
1.1711983e-09
7.2997981e-10
4.440806e-10
2.6874169e-10
1.6069839e-10
8.7880964e-11
3.3965345e-11
-3.4208149e-12
-2.2646334e-11
-2.4763206e-11
-1.1138259e-11
1.3093475e-11
3.0975301e-11
2.3419176e-11
-1.6340752e-11
-1.0662981e-10
-3.1519878e-10
-7.0335319e-10
-1.1612747e-09
-1.341569e-09
-8.9441842e-10
1.4961125e-10
1.2737614e-09
1.8291396e-09
1.5337297e-09
6.5345219e-10
-2.5433072e-10
-7.5234563e-10
-7.4836809e-10
-4.3387743e-10
-7.5994825e-11
1.5106768e-10
2.1168777e-10
1.6117912e-10
7.5406895e-11
6.020364e-12
-2.9383656e-11
-3.6214829e-11
-2.7819763e-11
-1.5614364e-11
-5.7788184e-12
-3.4544268e-14
2.2994337e-12
2.5981198e-12
2.0294649e-12
1.2959796e-12
7.0361449e-13
3.206587e-13
1.1143162e-13
1.5339164e-14
-1.8825384e-14
-2.4476723e-14
-1.9864438e-14
-1.3374134e-14
-8.0368794e-15
-4.4380626e-15
-2.2813309e-15
-1.0961458e-15
-4.9075848e-16
-2.021094e-16
-7.4097109e-17
-2.2033363e-17
-3.3076345e-18
2.0423759e-18
2.6825985e-18
2.0389252e-18
1.2894614e-18
7.3787e-19
3.949776e-19
2.0110468e-19
9.8322731e-20
4.6431477e-20
2.1258977e-20
9.4608441e-21
4.0991584e-21
1.7310554e-21
7.1301832e-22
2.8663476e-22
1.1254647e-22
4.3223806e-23
1.6283211e-23
6.0508823e-24
2.2409629e-24
8.4139313e-25
3.2802129e-25
1.3617152e-25
6.1075108e-26
2.943834e-26
1.4926539e-26
7.7650825e-27
4.0635528e-27
2.1127066e-27
1.0840368e-27
5.472695e-28
2.7157322e-28
1.3247879e-28
6.3569951e-29
3.0031147e-29
1.3979849e-29
6.418489e-30
2.908903e-30
1.3023539e-30
5.7641977e-31
2.52369e-31
1.0936302e-31
4.6931857e-32
1.9954055e-32
8.4090069e-33
3.513784e-33
1.4563766e-33
5.9893364e-34
2.4446477e-34
9.9060859e-35
3.9860482e-35
1.5930732e-35
6.3251722e-36
2.4953792e-36
9.7837759e-37
3.8128973e-37
1.4772382e-37
5.6905799e-38
2.1798822e-38
8.3049385e-39
3.1471673e-39
1.1864064e-39
4.4496409e-40
1.6605017e-40
6.1662264e-41
2.2787998e-41
8.3818203e-42
3.0686909e-42
1.1183715e-42
4.0576192e-43
1.4656873e-43
5.2714198e-44
1.8878187e-44
6.7323768e-45
2.3910024e-45
8.4571125e-46
2.979345e-46
1.0454453e-46
3.6541651e-47
1.2723452e-47
4.4134143e-48
1.5251749e-48
5.2512348e-49
1.8014454e-49
6.1577083e-50
2.0973714e-50
7.118839e-51
2.4079058e-51
8.1167978e-52
2.7268599e-52
9.1304316e-53
3.0471042e-53
1.0136022e-53
3.360844e-54
1.1108252e-54
3.6599516e-55
1.2021328e-55
3.9363353e-56
1.2850171e-56
4.1823205e-57
1.3571611e-57
4.3910159e-58
1.4165494e-58
4.5566416e-59
1.461563e-59
4.6747948e-60
1.4910512e-60
4.742638e-61
1.5043781e-61
4.7589989e-62
1.5014389e-62
4.7243792e-63
1.482649e-63
4.6408733e-64
1.4489052e-64
4.51201e-65
1.4015248e-65
4.34253e-66
1.3421673e-66
4.1381159e-67
1.272744e-67
3.9050981e-68
1.1953232e-68
3.6501531e-69
1.1120362e-69
3.3800137e-70
1.0249891e-70
3.1012063e-71
9.3618573e-72
2.8198273e-72
8.4746391e-73
2.5413655e-73
7.6044726e-74
2.2705752e-74
6.7651301e-75
2.0113998e-75
5.9677554e-76
1.7669419e-76
5.2208379e-77
1.5394758e-77
4.5302886e-78
1.3305608e-78
3.8968913e-79
1.15219e-79
2.8693898e-80
-2.1488746e-13
5.4137835e-13
-1.5326504e-13
3.3519214e-14
1.0443136e-13
1.3440392e-13
4.9616343e-13
2.321113e-13
3.6261303e-13
5.5419906e-13
2.1488409e-13
-1.4709426e-12
6.1626428e-13
-8.8019003e-13
-1.5422389e-11
-4.7607364e-11
-9.2267043e-11
-1.3753888e-10
-1.6655693e-10
-1.5834374e-10
-9.5093306e-11
2.4778627e-11
1.7910601e-10
3.2859859e-10
4.3446422e-10
4.763755e-10
4.5875623e-10
4.0312043e-10
3.3346904e-10
2.6527303e-10
2.0383441e-10
1.4955326e-10
1.0316298e-10
6.6589455e-11
4.0776491e-11
2.4272091e-11
1.4197967e-11
8.0598805e-12
4.4334593e-12
2.5854126e-12
1.9508874e-12
1.7387565e-12
1.18549e-12
3.8185938e-13
-1.2632586e-13
-5.3172279e-13
-6.3863029e-13
1.1243443e-12
2.6942479e-12
-5.9600877e-12
-3.2263382e-11
-6.2843787e-11
-6.6178667e-11
-2.3151758e-11
4.7350128e-11
1.0004761e-10
1.0153216e-10
5.6021395e-11
-3.1556395e-12
-4.2326407e-11
-4.8804855e-11
-3.1562492e-11
-8.1412871e-12
8.2777742e-12
1.3751277e-11
1.1210204e-11
5.6801715e-12
8.8519032e-13
-1.7289265e-12
-2.3773765e-12
-1.916581e-12
-1.1300568e-12
-4.6382383e-13
-5.8037821e-14
1.1935089e-13
1.5531883e-13
1.2751183e-13
8.4169091e-14
4.7285506e-14
2.2679974e-14
8.8203398e-15
2.1671401e-15
-4.3279672e-16
-1.0931549e-15
-9.9634424e-16
-7.04322e-16
-4.3512719e-16
-2.4500157e-16
-1.2807558e-16
-6.2649932e-17
-2.8700355e-17
-1.2233931e-17
-4.7651997e-18
-1.6205319e-18
-4.1629427e-19
-1.829379e-20
7.6647507e-20
7.4630505e-20
5.1561394e-20
3.0833847e-20
1.6932414e-20
8.7625919e-21
4.3321423e-21
2.0627089e-21
9.5075984e-22
4.2569303e-22
1.8559218e-22
7.892759e-23
3.2788674e-23
1.3323962e-23
5.3046061e-24
2.0738403e-24
7.9902804e-25
3.0515619e-25
1.1656004e-25
4.5103924e-26
1.7965029e-26
7.4804596e-27
3.2866811e-27
1.5217073e-27
7.3421695e-28
3.6350407e-28
1.8200615e-28
9.1162977e-29
4.5354978e-29
2.2321111e-29
1.0843596e-29
5.1954227e-30
2.4547011e-30
1.143991e-30
5.2613835e-31
2.3893447e-31
1.0720624e-31
4.7553389e-32
2.0864574e-32
9.0601496e-33
3.8955921e-33
1.659287e-33
7.0042421e-34
2.9312916e-34
1.2166565e-34
5.0098923e-35
2.0472422e-35
8.304418e-36
3.3447054e-36
1.3378778e-36
5.3159233e-37
2.0986096e-37
8.2329657e-38
3.2101706e-38
1.2442786e-38
4.7950255e-39
1.8374264e-39
7.0021756e-40
2.654086e-40
1.0007089e-40
3.7537067e-41
1.4009388e-41
5.2026952e-42
1.9227812e-42
7.0723478e-43
2.5892125e-43
9.4357949e-44
3.423189e-44
1.2363978e-44
4.4462362e-45
1.592079e-45
5.6768055e-46
2.0157621e-46
7.1284959e-47
2.5107669e-47
8.8082656e-48
3.0780433e-48
1.0714783e-48
3.7156909e-49
1.2837071e-49
4.4185961e-50
1.5153605e-50
5.1782326e-51
1.7631985e-51
5.9826615e-52
2.0229276e-52
6.8167512e-53
2.2893061e-53
7.6626195e-54
2.556318e-54
8.5002856e-55
2.8174075e-55
9.308493e-56
3.0657615e-56
1.0065655e-56
3.2946209e-57
1.0750863e-57
3.4975999e-58
1.1344882e-58
3.6689923e-59
1.1831074e-59
3.8040433e-60
1.2196178e-60
3.899168e-61
1.2430903e-61
3.9521037e-62
1.2530291e-62
3.961988e-63
1.2493845e-63
3.9293584e-64
1.2325405e-64
3.8560799e-65
1.2032815e-65
3.7452061e-66
1.1627391e-66
3.6007878e-67
1.1123256e-67
3.4276447e-68
1.0536572e-68
3.2311168e-69
9.8847484e-70
3.0168108e-70
9.1856458e-71
2.7903588e-71
8.4568502e-72
2.5572005e-72
7.7150319e-73
2.3223979e-73
6.9754222e-74
2.0904908e-74
6.2514214e-75
1.8653946e-75
5.5543427e-76
1.650339e-76
4.8932851e-77
1.4478481e-77
4.2751236e-78
1.2597533e-78
3.7045999e-79
1.087231e-79
3.1846378e-80
9.3025628e-81
2.7416582e-81
6.8423138e-82
3.8730693e-14
-9.1169048e-14
-6.5658271e-15
4.2090037e-14
3.6477738e-14
7.9124947e-15
-1.7342027e-14
-5.6423895e-14
-2.4728155e-14
5.337609e-14
-4.786657e-14
-1.5711992e-13
1.9772413e-13
2.6488316e-13
-6.5043042e-13
-2.187507e-12
-3.9988055e-12
-6.5950928e-12
-9.5904378e-12
-1.0090247e-11
-4.4562165e-12
7.8165673e-12
2.2657232e-11
3.4111881e-11
3.8634683e-11
3.7037256e-11
3.2750805e-11
2.8611089e-11
2.5215806e-11
2.1738782e-11
1.7608471e-11
1.3192732e-11
9.2575242e-12
6.2388422e-12
4.0952596e-12
2.5928837e-12
1.5479907e-12
8.5659208e-13
4.3619609e-13
2.056413e-13
9.663071e-14
5.1543552e-14
2.8339102e-14
1.536332e-14
-2.4320361e-15
-4.7421668e-14
-2.4338579e-14
2.182613e-13
3.9056105e-13
-3.9868877e-13
-2.589213e-12
-4.9037677e-12
-4.9408227e-12
-1.5807557e-12
3.4706417e-12
6.9333128e-12
6.7243501e-12
3.4569203e-12
-4.63582e-13
-2.8661487e-12
-3.0964815e-12
-1.8791264e-12
-3.8016762e-13
6.0210918e-13
8.8071696e-13
6.8031141e-13
3.2407903e-13
3.3420443e-14
-1.1613896e-13
-1.4696597e-13
-1.1457323e-13
-6.603342e-14
-2.6582165e-14
-3.2108494e-15
6.737708e-15
8.6368404e-15
7.018668e-15
4.5999111e-15
2.5759649e-15
1.2404891e-15
4.9315487e-16
1.3447074e-16
-7.714986e-18
-4.670253e-17
-4.5084728e-17
-3.2396628e-17
-2.012465e-17
-1.1350361e-17
-5.9373233e-18
-2.9081554e-18
-1.3370921e-18
-5.74755e-19
-2.2795479e-19
-8.0766113e-20
-2.3360522e-20
-3.5444732e-21
1.8764772e-21
2.4722328e-21
1.8351965e-21
1.1298763e-21
6.2915673e-22
3.2785091e-22
1.6262284e-22
7.7537634e-23
3.5754149e-23
1.6010468e-23
6.9825301e-24
2.9724994e-24
1.2375215e-24
5.0479264e-25
2.021801e-25
7.9739025e-26
3.1094589e-26
1.206014e-26
4.6911407e-27
1.849792e-27
7.4838015e-28
3.1399309e-28
1.3741093e-28
6.2632947e-29
2.9502224e-29
1.4202814e-29
6.9123209e-30
3.3711201e-30
1.6372471e-30
7.8868981e-31
3.7595453e-31
1.7712381e-31
8.2436663e-32
3.7900683e-32
1.7216732e-32
7.730139e-33
3.4319693e-33
1.5073616e-33
6.5525213e-34
2.8203923e-34
1.202554e-34
5.081203e-35
2.1284179e-35
8.8414965e-36
3.6434468e-36
1.4898614e-36
6.0470783e-37
2.4368139e-37
9.751669e-38
3.8762413e-38
1.5307586e-38
6.0068858e-39
2.3426967e-39
9.0819471e-40
3.5003036e-40
1.3414047e-40
5.1121186e-41
1.9376944e-41
7.305769e-42
2.7402681e-42
1.0226196e-42
3.7972937e-43
1.4031887e-43
5.1603663e-44
1.8888888e-44
6.8822542e-45
2.496255e-45
9.0139484e-46
3.2407205e-46
1.1601115e-46
4.1354194e-47
1.4680132e-47
5.1898971e-48
1.8273967e-48
6.4088206e-49
2.2388225e-49
7.7907945e-50
2.7007716e-50
9.3274026e-51
3.2093898e-51
1.1002579e-51
3.7583536e-52
1.2792403e-52
4.3388805e-53
1.4665384e-53
4.9398995e-54
1.6583259e-54
5.5483834e-55
1.8502279e-55
6.1498294e-56
2.0374947e-56
6.7288625e-57
2.215207e-57
7.2699249e-58
2.3785023e-58
7.7580051e-59
2.5228059e-59
8.179356e-60
2.6440506e-60
8.522155e-61
2.7388705e-61
8.7770599e-62
2.8047555e-62
8.9376221e-63
2.8401574e-63
9.0005381e-64
2.844541e-64
8.9657238e-65
2.81838e-65
8.8362137e-66
2.7630998e-66
8.6179045e-67
2.6809731e-67
8.3191633e-68
2.5749797e-68
7.9503348e-69
2.4486389e-69
7.5231881e-70
2.3058285e-70
7.0503369e-71
2.1506031e-71
6.5446716e-72
1.9870197e-72
6.0188372e-73
1.8189823e-73
5.4847767e-74
1.650111e-74
4.9533618e-75
1.48364e-75
4.4341189e-76
1.3223462e-76
3.9350532e-77
1.168509e-77
3.4625645e-78
1.023897e-78
3.0214496e-79
8.897809e-80
2.6149733e-80
7.6696524e-81
2.2449891e-81
6.5586347e-82
1.9109572e-82
5.6137262e-83
1.4066887e-83
-7.1406778e-15
1.6400354e-14
5.6672403e-15
-1.2269174e-14
-1.0613043e-14
-2.2036565e-16
2.0169318e-15
-3.7593972e-16
2.4359824e-15
7.775293e-16
-8.9636595e-15
2.1206766e-15
2.2853287e-14
-8.4312679e-15
-5.3369569e-14
-5.4944459e-14
-1.2124235e-13
-3.7475109e-13
-6.2005675e-13
-4.1789072e-13
4.2782555e-13
1.5822698e-12
2.4696878e-12
2.7795092e-12
2.6538968e-12
2.4378884e-12
2.3354133e-12
2.3058057e-12
2.2057804e-12
1.9597079e-12
1.6027949e-12
1.21879e-12
8.7257676e-13
5.9094995e-13
3.766496e-13
2.2382271e-13
1.232974e-13
6.3077912e-14
3.0221145e-14
1.3887895e-14
6.4666065e-15
3.0257665e-15
1.2186764e-15
3.1643066e-17
-1.7904889e-15
-9.9626598e-16
1.2387707e-14
3.225025e-14
9.4389288e-15
-1.1286209e-13
-3.0496674e-13
-4.202892e-13
-3.1219491e-13
7.1956273e-15
3.4938167e-13
5.0264811e-13
3.9946364e-13
1.448008e-13
-9.1554014e-14
-2.0002125e-13
-1.7682714e-13
-8.681492e-14
-2.3168546e-16
4.6182801e-14
5.1852669e-14
3.4784368e-14
1.3570004e-14
-1.3591006e-15
-7.8363754e-15
-8.2314438e-15
-5.8649579e-15
-3.1285214e-15
-1.1199096e-15
-2.1983136e-17
3.96907e-16
4.4125563e-16
3.3847085e-16
2.1358073e-16
1.1606185e-16
5.4410727e-17
2.1043697e-17
5.50544e-18
-4.558293e-19
-2.001335e-18
-1.8734931e-18
-1.3204872e-18
-8.0759449e-19
-4.4936125e-19
-2.3225216e-19
-1.1255984e-19
-5.1287296e-20
-2.1894246e-20
-8.6530576e-21
-3.0760825e-21
-9.1022838e-22
-1.6054079e-22
4.9561582e-23
7.8433602e-23
5.9794613e-23
3.7037228e-23
2.0614481e-23
1.0708401e-23
5.2885684e-24
2.5094e-24
1.1515146e-24
5.1328573e-25
2.2296273e-25
9.4620885e-26
3.9317981e-26
1.6033315e-26
6.4330629e-27
2.5481872e-27
1.0009932e-27
3.9235207e-28
1.5466989e-28
6.1899583e-29
2.5389461e-29
1.0753068e-29
4.716801e-30
2.1378598e-30
9.9450893e-31
4.7068345e-31
2.2470743e-31
1.0744983e-31
5.1196773e-32
2.4222355e-32
1.1355081e-32
5.2678916e-33
2.417153e-33
1.0967765e-33
4.9217036e-34
2.1847341e-34
9.5963697e-35
4.1725192e-35
1.796541e-35
7.6627967e-36
3.2389796e-36
1.357226e-36
5.6397937e-37
2.324753e-37
9.5086687e-38
3.8602039e-38
1.5558181e-38
6.2268491e-39
2.4753393e-39
9.7756936e-40
3.8361048e-40
1.4960344e-40
5.799281e-41
2.2348934e-41
8.5635535e-42
3.2630703e-42
1.2366055e-42
4.661462e-43
1.7480358e-43
6.5217468e-44
2.4210777e-44
8.9439258e-45
3.2882409e-45
1.203246e-45
4.3826642e-46
1.5890985e-46
5.7362309e-47
2.0615724e-47
7.3773139e-48
2.6287906e-48
9.3282677e-49
3.2965628e-49
1.1602836e-49
4.0675752e-50
1.420368e-50
4.9406546e-51
1.7120248e-51
5.9101772e-52
2.0327221e-52
6.9656907e-53
2.3783728e-53
8.0918081e-54
2.7433482e-54
9.2684101e-55
3.1205938e-55
1.047117e-55
3.5018453e-56
1.1672391e-56
3.8779378e-57
1.2842113e-57
4.2391911e-58
1.394942e-58
4.5758462e-59
1.496387e-59
4.8785243e-60
1.5856947e-60
5.1386777e-61
1.6603431e-61
5.3489998e-62
1.7182604e-62
5.5037683e-63
1.7579194e-63
5.5990976e-64
1.7784015e-64
5.6330874e-65
1.7794264e-65
5.6058594e-66
1.7613457e-66
5.5194858e-67
1.7251048e-67
5.3778194e-68
1.6721748e-68
5.18624e-69
1.6044624e-69
4.9513414e-70
1.5242032e-70
4.6805798e-71
1.4338482e-71
4.3819087e-72
1.3359487e-72
4.0634241e-73
1.2330479e-73
3.7330387e-74
1.1275844e-74
3.3981991e-75
1.0218115e-75
3.0656592e-76
9.1773434e-77
2.7413141e-77
8.1706753e-78
2.4300936e-78
7.2121097e-79
2.1359164e-79
6.3124363e-80
1.8616955e-80
5.4793261e-81
1.6093865e-81
4.7175444e-82
1.3800722e-82
4.029247e-83
1.1741144e-83
3.4124988e-84
9.9915708e-85
2.5212589e-85
3.5180706e-16
-2.0302917e-15
5.9306424e-16
9.5649639e-16
1.6077022e-16
1.5381519e-17
-1.8177769e-17
1.2028727e-16
1.4944503e-16
-1.7697732e-16
-8.5472966e-17
5.6169868e-16
-8.4487701e-17
-1.2936134e-15
-4.7324146e-16
-2.4570141e-15
-1.2950221e-14
-2.0647502e-14
-1.5693044e-15
5.2332972e-14
1.1887806e-13
1.6670681e-13
1.8508218e-13
1.8897036e-13
1.985274e-13
2.188087e-13
2.3844427e-13
2.427873e-13
2.2578677e-13
1.9178981e-13
1.5008389e-13
1.0911646e-13
7.4022779e-14
4.6853053e-14
2.7618129e-14
1.5162536e-14
7.7936075e-15
3.7904798e-15
1.7665777e-15
7.9068721e-16
3.1361981e-16
7.1593632e-17
-1.0071956e-17
5.8285791e-17
3.8073448e-16
1.1929891e-15
1.916308e-15
-1.8923695e-16
-8.5944581e-15
-2.2353763e-14
-3.2993514e-14
-2.9801405e-14
-1.0215006e-14
1.5822971e-14
3.3085086e-14
3.2918987e-14
1.8640121e-14
9.9525526e-16
-1.0479796e-14
-1.2710656e-14
-8.4708677e-15
-2.5320727e-15
1.6830466e-15
3.1850918e-15
2.701275e-15
1.4530291e-15
3.3592036e-16
-2.9818338e-16
-4.865085e-16
-4.1622341e-16
-2.6113921e-16
-1.2199562e-16
-3.2937983e-17
9.757707e-18
2.2569804e-17
2.0929692e-17
1.4737189e-17
8.759638e-18
4.5219683e-18
2.0105941e-18
7.2350643e-19
1.5690805e-19
-4.4234752e-20
-8.658401e-20
-7.3581096e-20
-4.9457097e-20
-2.9278559e-20
-1.5875367e-20
-8.0249447e-21
-3.8120827e-21
-1.7046688e-21
-7.1458164e-22
-2.77229e-22
-9.6541514e-23
-2.7769139e-23
-4.5190172e-24
1.7633417e-24
2.5002474e-24
1.8522098e-24
1.1266713e-24
6.1811541e-25
3.1709631e-25
1.548544e-25
7.2729616e-26
3.3064984e-26
1.461596e-26
6.3027123e-27
2.6585631e-27
1.0996886e-27
4.4722762e-28
1.7936944e-28
7.1219105e-29
2.8133806e-29
1.1127161e-29
4.4396274e-30
1.8015482e-30
7.4896361e-31
3.2050928e-31
1.4129017e-31
6.3947548e-32
2.9530604e-32
1.381277e-32
6.4991711e-33
3.0588354e-33
1.4340416e-33
6.6777829e-34
3.0830145e-34
1.4097045e-34
6.3804897e-35
2.8580475e-35
1.2670344e-35
5.5601423e-36
2.4158665e-36
1.0396334e-36
4.4324863e-37
1.8729078e-37
7.8456152e-38
3.2592257e-38
1.3430985e-38
5.4919897e-39
2.2289248e-39
8.9807673e-40
3.5932342e-40
1.4279301e-40
5.6372463e-41
2.2113084e-41
8.620496e-42
3.3403297e-42
1.2867365e-42
4.9283103e-43
1.8770493e-43
7.1101726e-44
2.6789575e-44
1.0041166e-44
3.7444134e-45
1.3893476e-45
5.1299056e-46
1.8850413e-46
6.8942197e-47
2.5098052e-47
9.0953985e-48
3.2814433e-48
1.1786983e-48
4.2156724e-49
1.5013708e-49
5.3247031e-50
1.8806908e-50
6.6157822e-51
2.3179981e-51
8.0898116e-52
2.8124301e-52
9.7401757e-53
3.3605981e-53
1.1551898e-53
3.956387e-54
1.3501244e-54
4.5909104e-55
1.5555846e-55
5.2526396e-56
1.7675407e-56
5.9277166e-57
1.9812964e-57
6.6004393e-58
2.1916671e-58
7.2538953e-59
2.3932005e-59
7.870708e-60
2.5804231e-60
8.4338437e-61
2.7480996e-61
8.9274251e-62
2.8914849e-62
9.3374981e-63
3.0065514e-63
9.6526953e-64
3.0901782e-64
9.8647541e-65
3.1402877e-65
9.9688586e-66
3.1559232e-66
9.963785e-67
3.1372632e-67
9.8518509e-68
3.0855764e-68
9.6386798e-69
3.0031194e-69
9.3328068e-70
2.892992e-70
8.9451579e-71
2.7589571e-71
8.4884476e-72
2.6052419e-72
7.9765341e-73
2.4363326e-73
7.4237751e-74
2.2567759e-74
6.8444242e-75
2.0709975e-75
6.2520953e-76
1.8831463e-76
5.6593171e-77
1.6969706e-77
5.0771941e-78
1.5157272e-78
4.5151765e-79
1.3421261e-79
3.9809362e-80
1.1783076e-80
3.4803419e-81
1.0258479e-81
3.0175175e-82
8.8578895e-83
2.5949685e-83
7.5868741e-84
2.2137588e-84
6.4467473e-85
1.8737845e-85
5.4326642e-86
1.5852091e-86
4.0479136e-87
)
;

boundaryField
{
    inletAnion
    {
        type            fixedValue;
        value           uniform 8;
    }
    inletCation
    {
        type            fixedValue;
        value           uniform 0;
    }
    outlet
    {
        type            inletOutlet;
        inletValue      uniform 0;
        value           nonuniform List<scalar> 
48
(
1.7968466e-79
1.0809334e-77
5.7916059e-76
2.6825565e-74
1.0589151e-72
3.5087885e-71
9.6026895e-70
2.1331605e-68
3.7757984e-67
5.2227091e-66
5.5343642e-65
4.4086338e-64
2.5990557e-63
1.1239136e-62
3.5685463e-62
8.4162609e-62
1.5034895e-61
2.0827394e-61
2.2920142e-61
2.050217e-61
1.5218868e-61
9.5461764e-62
5.138065e-62
2.4028789e-62
9.8597132e-63
3.5749528e-63
1.1505876e-63
3.2946854e-64
8.4014837e-65
1.9111105e-65
3.9035086e-66
7.2698099e-67
1.2592151e-67
2.0405091e-68
3.019867e-69
3.9069023e-70
4.245958e-71
3.7845267e-72
2.7412395e-73
1.614436e-74
7.7781599e-76
3.0932428e-77
1.0259689e-78
2.8693898e-80
6.8423138e-82
1.4066887e-83
2.5212589e-85
4.0479136e-87
)
;
    }
    walls
    {
        type            zeroGradient;
    }
    frontAndBack
    {
        type            empty;
    }
}


// ************************************************************************* //
