/*--------------------------------*- C++ -*----------------------------------*\
| =========                 |                                                 |
| \\      /  F ield         | OpenFOAM: The Open Source CFD Toolbox           |
|  \\    /   O peration     | Version:  1912                                  |
|   \\  /    A nd           | Website:  www.openfoam.com                      |
|    \\/     M anipulation  |                                                 |
\*---------------------------------------------------------------------------*/
FoamFile
{
    version     2.0;
    format      ascii;
    class       volScalarField;
    location    "1";
    object      p_rgh;
}
// * * * * * * * * * * * * * * * * * * * * * * * * * * * * * * * * * * * * * //

dimensions      [1 -1 -2 0 0 0 0];


internalField   nonuniform List<scalar> 
11520
(
0.3529789
0.27967884
0.23652381
0.21522434
0.2024006
0.19347447
0.1867854
0.18131647
0.17643822
0.17180254
0.16722021
0.1625881
0.15783383
0.15293875
0.14789404
0.14270807
0.13740343
0.13201362
0.12658052
0.12115148
0.11577453
0.11050602
0.1053934
0.10048082
0.095808304
0.091408972
0.087308265
0.083523852
0.080065822
0.076937177
0.074134551
0.071649075
0.069467319
0.067572249
0.065944154
0.064561513
0.063401788
0.062442125
0.061659951
0.061033467
0.060542035
0.060166466
0.059889209
0.059694452
0.059568155
0.059498017
0.059473394
0.059485191
0.059525726
0.059588581
0.059668446
0.059760969
0.0598626
0.059970452
0.060082168
0.060195795
0.060309675
0.060422351
0.060532477
0.060638758
0.060739896
0.060834552
0.060921336
0.060998821
0.061065617
0.061120066
0.061160753
0.06118624
0.061195173
0.061186341
0.061158703
0.061111412
0.061043846
0.060955617
0.060846577
0.060716811
0.060566632
0.060396556
0.06020728
0.059999653
0.05977465
0.059533334
0.059276835
0.059006312
0.058722933
0.058427849
0.058122177
0.057806983
0.057483273
0.057151984
0.056813981
0.056470053
0.056120915
0.055767206
0.055409502
0.055048311
0.054684081
0.054317208
0.053948037
0.053576872
0.053203978
0.052829586
0.0524539
0.052077096
0.051699332
0.051320744
0.050941453
0.050561563
0.05018117
0.049800354
0.049419187
0.049037733
0.048656047
0.048274175
0.04789216
0.047510038
0.047127838
0.046745588
0.04636331
0.045981022
0.045598737
0.045216468
0.04483422
0.044452001
0.044069816
0.04368767
0.043305565
0.042923503
0.042541487
0.042159514
0.041777583
0.041395692
0.041013837
0.040632016
0.040250227
0.039868467
0.039486735
0.039105028
0.038723345
0.038341683
0.03796004
0.037578414
0.037196803
0.036815206
0.036433621
0.036052046
0.035670479
0.03528892
0.034907366
0.034525818
0.034144275
0.033762738
0.033381205
0.032999678
0.032618156
0.032236638
0.031855123
0.031473611
0.031092099
0.030710588
0.030329077
0.029947567
0.029566057
0.029184548
0.028803041
0.028421535
0.028040031
0.027658528
0.027277027
0.026895527
0.026514027
0.026132527
0.025751025
0.025369523
0.024988018
0.024606512
0.024225005
0.023843498
0.023461991
0.023080483
0.022698977
0.022317472
0.021935969
0.021554468
0.02117297
0.020791473
0.020409978
0.020028485
0.019646992
0.019265501
0.018884012
0.018502524
0.018121036
0.01773955
0.017358065
0.016976582
0.016595101
0.016213621
0.015832144
0.015450669
0.015069196
0.014687725
0.014306256
0.013924788
0.013543322
0.013161857
0.012780392
0.012398928
0.012017464
0.011635999
0.011254534
0.010873068
0.0104916
0.010110132
0.0097286618
0.0093471901
0.0089657168
0.0085842419
0.0082027655
0.0078212876
0.0074398085
0.0070583281
0.0066768465
0.0062953637
0.0059138799
0.0055323949
0.0051509088
0.0047694215
0.0043879331
0.0040064436
0.003624953
0.0032434613
0.0028619689
0.0024804762
0.0020989837
0.0017174903
0.0013359981
0.00095453994
0.00057310114
0.00019121628
0.2825578
0.25387916
0.22997198
0.21456927
0.20371809
0.19528334
0.18843887
0.1826179
0.17738172
0.17243855
0.16760653
0.16277175
0.15787179
0.15286453
0.14773819
0.1424982
0.13716396
0.13176625
0.12634445
0.12094396
0.1156137
0.11039874
0.10535259
0.10051354
0.095918776
0.091599085
0.087577617
0.083869894
0.080484129
0.077421761
0.074678176
0.07224357
0.070103876
0.068241706
0.06663726
0.065269173
0.064115279
0.063153286
0.062361336
0.061718468
0.06120496
0.060802577
0.060494727
0.060266523
0.060104791
0.059998015
0.059936244
0.059910971
0.059914997
0.059942287
0.059987822
0.060047454
0.060117773
0.060195972
0.060279732
0.060367107
0.060456428
0.060546212
0.060635089
0.060721735
0.060804828
0.060883012
0.060954885
0.06101903
0.061073965
0.061117821
0.061149414
0.061167228
0.061169816
0.061155888
0.061124316
0.061074161
0.061004697
0.060915429
0.060806096
0.060676676
0.060527372
0.060358596
0.06017095
0.059965196
0.05974223
0.05950305
0.059248727
0.058980376
0.058699125
0.058406098
0.058102388
0.057789049
0.057467078
0.057137408
0.056800902
0.056458353
0.056110477
0.055757922
0.055401267
0.055041028
0.05467766
0.054311565
0.053943095
0.053572559
0.053200229
0.052826341
0.052451104
0.0520747
0.051697289
0.051319013
0.050939995
0.050560345
0.05018016
0.049799524
0.049418513
0.049037193
0.04865562
0.048273845
0.04789191
0.047509854
0.04712771
0.046745505
0.046363264
0.045981005
0.045598743
0.045216491
0.044834257
0.044452047
0.044069868
0.043687725
0.043305622
0.042923561
0.042541544
0.04215957
0.041777637
0.041395743
0.041013885
0.04063206
0.040250268
0.039868504
0.039486769
0.039105059
0.038723372
0.038341708
0.037960062
0.037578434
0.037196821
0.036815222
0.036433636
0.036052059
0.035670491
0.03528893
0.034907375
0.034525826
0.034144282
0.033762743
0.03338121
0.032999682
0.03261816
0.032236642
0.031855127
0.031473614
0.031092102
0.03071059
0.030329079
0.029947568
0.029566058
0.029184549
0.028803041
0.028421535
0.028040031
0.027658528
0.027277027
0.026895527
0.026514027
0.026132527
0.025751026
0.025369523
0.024988018
0.024606512
0.024225005
0.023843497
0.02346199
0.023080482
0.022698976
0.022317471
0.021935968
0.021554467
0.021172969
0.020791472
0.020409978
0.020028484
0.019646992
0.019265501
0.018884012
0.018502523
0.018121036
0.01773955
0.017358065
0.016976582
0.0165951
0.016213621
0.015832144
0.015450668
0.015069196
0.014687725
0.014306256
0.013924789
0.013543322
0.013161857
0.012780393
0.012398929
0.012017465
0.011636
0.011254535
0.010873069
0.010491602
0.010110134
0.0097286639
0.0093471925
0.0089657194
0.0085842448
0.0082027687
0.0078212912
0.0074398125
0.0070583325
0.0066768514
0.0062953694
0.0059138863
0.0055324022
0.0051509171
0.0047694311
0.0043879442
0.0040064564
0.0036249677
0.0032434782
0.0028619881
0.0024804975
0.0020990064
0.0017175125
0.0013360184
0.00095456507
0.00057316529
0.00019124126
0.24830317
0.23802937
0.22563917
0.21451858
0.2051221
0.19713827
0.19027041
0.18421239
0.17867503
0.17343374
0.1683308
0.16325963
0.15815504
0.15297379
0.14770082
0.14233978
0.13690886
0.1314381
0.1259664
0.12053851
0.11520202
0.11000382
0.10498601
0.10019347
0.095659104
0.091410168
0.087466909
0.083841988
0.080540877
0.077562516
0.074900081
0.072541864
0.070472211
0.068672464
0.067121866
0.065798405
0.064679577
0.063743037
0.062967156
0.062331439
0.061816841
0.061405966
0.061083168
0.060834569
0.060648014
0.060512981
0.060420446
0.060362742
0.060333411
0.060327043
0.060339139
0.060365967
0.060404437
0.060451986
0.060506473
0.060566077
0.060629215
0.06069446
0.060760477
0.060825961
0.060889599
0.060950034
0.061005845
0.061055523
0.061097472
0.061130477
0.06115252
0.061162201
0.06115805
0.061138672
0.06110283
0.06104947
0.060977749
0.060887049
0.060776992
0.06064744
0.060498487
0.060330447
0.060143831
0.059939323
0.05971775
0.059480054
0.05922726
0.058960443
0.058680706
0.058389148
0.05808685
0.057774854
0.057454151
0.057125672
0.05679028
0.056448768
0.056101854
0.05575019
0.055394357
0.055034874
0.0546722
0.054306739
0.053938848
0.053568838
0.053196984
0.052823526
0.052448674
0.052072615
0.051695511
0.051317506
0.050938726
0.050559285
0.05017928
0.049798801
0.049417925
0.049036719
0.048655243
0.048273549
0.047891682
0.047509682
0.047127584
0.046745417
0.046363206
0.045980972
0.045598729
0.045216491
0.044834268
0.044452066
0.044069893
0.043687753
0.043305653
0.042923593
0.042541577
0.042159602
0.041777667
0.041395771
0.041013911
0.040632085
0.04025029
0.039868525
0.039486788
0.039105076
0.038723388
0.038341722
0.037960075
0.037578446
0.037196832
0.036815232
0.036433644
0.036052067
0.035670498
0.035288936
0.03490738
0.03452583
0.034144286
0.033762747
0.033381214
0.032999686
0.032618163
0.032236645
0.031855129
0.031473616
0.031092104
0.030710592
0.03032908
0.029947569
0.029566059
0.029184549
0.028803041
0.028421535
0.028040031
0.027658528
0.027277027
0.026895527
0.026514027
0.026132527
0.025751025
0.025369522
0.024988017
0.024606511
0.024225004
0.023843496
0.023461988
0.023080481
0.022698974
0.022317469
0.021935967
0.021554466
0.021172968
0.020791472
0.020409977
0.020028484
0.019646992
0.019265501
0.018884012
0.018502523
0.018121036
0.017739549
0.017358064
0.016976581
0.0165951
0.016213621
0.015832144
0.015450668
0.015069196
0.014687725
0.014306256
0.013924789
0.013543322
0.013161857
0.012780393
0.012398929
0.012017466
0.011636001
0.011254537
0.010873071
0.010491604
0.010110136
0.0097286661
0.0093471949
0.0089657221
0.0085842478
0.0082027721
0.0078212951
0.0074398168
0.0070583373
0.0066768568
0.0062953754
0.0059138931
0.0055324099
0.005150926
0.0047694415
0.0043879562
0.0040064702
0.0036249835
0.0032434962
0.0028620086
0.0024805205
0.0020990316
0.0017175394
0.001336045
0.00095459382
0.00057322764
0.00019125475
0.23312382
0.22866409
0.22158944
0.21356354
0.2057905
0.19862877
0.19208114
0.18603618
0.18034827
0.17487957
0.16951821
0.16418149
0.15881283
0.15337845
0.14786704
0.14228518
0.13665414
0.13100691
0.12538501
0.11983516
0.11440603
0.10914524
0.10409598
0.099299491
0.094786686
0.090581682
0.086701187
0.083154209
0.079942594
0.077061806
0.074501786
0.072247875
0.070281759
0.068582401
0.067126955
0.065891619
0.064852419
0.063985894
0.063269664
0.06268286
0.062206429
0.061823303
0.061518449
0.06127883
0.06109329
0.060952397
0.06084825
0.060774283
0.060725069
0.060696145
0.060683844
0.060685154
0.060697589
0.060719087
0.060747909
0.060782556
0.060821698
0.060864102
0.060908579
0.060953935
0.060998931
0.061042258
0.061082519
0.061118223
0.061147799
0.061169685
0.061182204
0.061183663
0.061172544
0.061147356
0.061106749
0.061049552
0.060974807
0.060881784
0.060769997
0.060639207
0.060489419
0.060320866
0.060133991
0.059929418
0.059707928
0.059470425
0.059217903
0.058951415
0.058672045
0.058380881
0.058078995
0.057767423
0.057447152
0.057119108
0.056784153
0.056443074
0.056096591
0.055745349
0.05538993
0.055030848
0.05466856
0.054303468
0.053935925
0.053566244
0.053194696
0.052821521
0.05244693
0.052071106
0.051694215
0.051316399
0.050937787
0.050558493
0.050178616
0.049798248
0.049417466
0.049036341
0.048654932
0.048273295
0.047891475
0.047509514
0.047127447
0.046745306
0.046363117
0.045980899
0.045598671
0.045216444
0.044834229
0.044452034
0.044069867
0.043687732
0.043305636
0.04292358
0.042541566
0.042159593
0.041777659
0.041395764
0.041013904
0.040632079
0.040250285
0.03986852
0.039486784
0.039105073
0.038723386
0.03834172
0.037960074
0.037578445
0.037196831
0.036815231
0.036433644
0.036052067
0.035670498
0.035288936
0.034907381
0.034525832
0.034144287
0.033762749
0.033381216
0.032999688
0.032618166
0.032236647
0.031855132
0.031473618
0.031092105
0.030710593
0.030329081
0.02994757
0.029566059
0.02918455
0.028803042
0.028421535
0.02804003
0.027658528
0.027277026
0.026895526
0.026514026
0.026132526
0.025751024
0.025369521
0.024988016
0.024606509
0.024225002
0.023843494
0.023461986
0.023080479
0.022698972
0.022317468
0.021935965
0.021554465
0.021172967
0.020791471
0.020409977
0.020028484
0.019646992
0.019265502
0.018884012
0.018502524
0.018121036
0.017739549
0.017358065
0.016976582
0.0165951
0.016213621
0.015832144
0.015450669
0.015069196
0.014687725
0.014306256
0.013924789
0.013543323
0.013161858
0.012780394
0.01239893
0.012017466
0.011636002
0.011254538
0.010873072
0.010491606
0.010110137
0.0097286678
0.0093471968
0.0089657243
0.0085842503
0.008202775
0.0078212983
0.0074398204
0.0070583413
0.0066768613
0.0062953804
0.0059138987
0.0055324163
0.0051509333
0.0047694499
0.004387966
0.0040064815
0.0036249964
0.0032435109
0.002862025
0.0024805388
0.0020990518
0.0017175618
0.0013360689
0.00095461211
0.00057325374
0.00019125201
0.22450806
0.2223422
0.21801884
0.2122873
0.2061129
0.19995192
0.1939424
0.18810262
0.18239898
0.17677498
0.17117175
0.16554061
0.15984573
0.15407051
0.14821525
0.14229643
0.13634446
0.13040058
0.12451347
0.1187356
0.11311976
0.10771606
0.10256909
0.09771567
0.093186382
0.089001006
0.085171214
0.08170116
0.078587953
0.075822508
0.07339054
0.071273526
0.069449592
0.067894396
0.06658199
0.065485688
0.064578879
0.063835777
0.063232073
0.062745425
0.062355811
0.062045711
0.061800133
0.061606521
0.061454558
0.061335925
0.061244007
0.061173616
0.061120714
0.06108218
0.061055594
0.06103907
0.061031113
0.061030513
0.061036246
0.061047408
0.061063153
0.061082635
0.061104971
0.061129201
0.061154262
0.061178972
0.061202017
0.061221958
0.061237237
0.061246209
0.061247224
0.061238545
0.06121851
0.061185567
0.061138262
0.061075317
0.060995663
0.060898468
0.060783145
0.060649365
0.060497049
0.060326361
0.060137681
0.059931583
0.059708806
0.059470219
0.059216789
0.058949547
0.058669562
0.058377906
0.058075641
0.057763792
0.057443336
0.05711519
0.056780207
0.056439165
0.056092774
0.055741671
0.055386427
0.055027549
0.054665484
0.054300628
0.053933328
0.053563888
0.053192577
0.052819629
0.052445253
0.052069631
0.051692924
0.051315276
0.050936815
0.050557654
0.050177896
0.04979763
0.049416937
0.049035888
0.048654544
0.048272962
0.047891188
0.047509266
0.047127232
0.046745119
0.046362953
0.045980755
0.045598543
0.04521633
0.044834127
0.044451944
0.044069787
0.043687661
0.043305573
0.042923524
0.042541515
0.042159547
0.041777618
0.041395727
0.041013871
0.040632048
0.040250257
0.039868496
0.039486763
0.039105055
0.03872337
0.038341707
0.037960062
0.037578435
0.037196823
0.036815224
0.036433638
0.036052062
0.035670494
0.035288934
0.034907379
0.034525831
0.034144287
0.033762749
0.033381217
0.03299969
0.032618168
0.032236649
0.031855134
0.03147362
0.031092107
0.030710594
0.030329082
0.029947571
0.02956606
0.02918455
0.028803042
0.028421535
0.02804003
0.027658527
0.027277026
0.026895525
0.026514025
0.026132525
0.025751022
0.025369519
0.024988014
0.024606507
0.024225
0.023843492
0.023461984
0.023080476
0.02269897
0.022317466
0.021935964
0.021554464
0.021172967
0.020791471
0.020409977
0.020028484
0.019646993
0.019265502
0.018884013
0.018502524
0.018121036
0.01773955
0.017358065
0.016976582
0.016595101
0.016213621
0.015832144
0.015450669
0.015069196
0.014687725
0.014306256
0.013924789
0.013543323
0.013161858
0.012780394
0.012398931
0.012017467
0.011636003
0.011254539
0.010873073
0.010491606
0.010110138
0.0097286691
0.0093471983
0.008965726
0.0085842522
0.0082027771
0.0078213007
0.0074398229
0.0070583441
0.0066768644
0.0062953839
0.0059139027
0.0055324208
0.0051509385
0.0047694558
0.0043879726
0.0040064889
0.0036250048
0.0032435202
0.0028620353
0.0024805496
0.0020990629
0.0017175733
0.0013360798
0.00095460937
0.00057323485
0.00019123744
0.2193252
0.21816326
0.21538108
0.21124356
0.20637602
0.20115686
0.19575163
0.19023306
0.18462694
0.1789304
0.17312727
0.16719991
0.16114154
0.15495653
0.14866413
0.14229859
0.13590689
0.1295454
0.12327591
0.11716154
0.11126283
0.10563441
0.10032234
0.095362741
0.09078151
0.086593725
0.082804798
0.079412507
0.076407873
0.073776173
0.071498073
0.069550551
0.067907631
0.066541084
0.06542118
0.064517491
0.063799733
0.063238608
0.062806596
0.062478593
0.062232386
0.062048917
0.061912352
0.061809956
0.061731838
0.061670604
0.061620949
0.061579251
0.061543186
0.061511382
0.061483129
0.061458149
0.06143641
0.061417998
0.061403015
0.061391511
0.061383436
0.061378598
0.06137664
0.061377021
0.061379003
0.061381649
0.061383825
0.061384214
0.061381335
0.06137358
0.061359266
0.061336691
0.061304106
0.061259872
0.061202473
0.061130542
0.061042912
0.060938655
0.060817093
0.060677809
0.060520645
0.060345691
0.060153265
0.059943886
0.059718243
0.059477165
0.059221582
0.058952494
0.058670941
0.058377973
0.058074627
0.057761908
0.05744077
0.057112113
0.056776767
0.056435494
0.056088983
0.055737856
0.055382665
0.055023901
0.054661999
0.054297341
0.053930262
0.053561057
0.053189987
0.052817279
0.052443136
0.052067735
0.051691237
0.051313781
0.050935496
0.050556494
0.050176878
0.049796738
0.049416157
0.049035205
0.048653946
0.048272436
0.047890726
0.047508859
0.047126873
0.046744801
0.04636267
0.045980503
0.045598318
0.04521613
0.044833948
0.044451784
0.044069644
0.043687535
0.043305461
0.042923424
0.042541427
0.042159468
0.041777547
0.041395663
0.041013814
0.040631998
0.040250213
0.039868458
0.039486729
0.039105026
0.038723346
0.038341686
0.037960044
0.037578419
0.037196809
0.036815213
0.036433628
0.036052054
0.035670488
0.035288929
0.034907376
0.034525829
0.034144287
0.03376275
0.033381219
0.032999692
0.03261817
0.032236652
0.031855136
0.031473622
0.031092109
0.030710596
0.030329084
0.029947572
0.029566061
0.029184552
0.028803043
0.028421536
0.028040031
0.027658527
0.027277025
0.026895525
0.026514024
0.026132523
0.02575102
0.025369516
0.024988011
0.024606504
0.024224997
0.023843489
0.023461981
0.023080474
0.022698968
0.022317464
0.021935962
0.021554463
0.021172966
0.020791471
0.020409977
0.020028485
0.019646993
0.019265503
0.018884014
0.018502525
0.018121037
0.01773955
0.017358066
0.016976583
0.016595101
0.016213622
0.015832144
0.015450669
0.015069196
0.014687725
0.014306256
0.013924788
0.013543322
0.013161858
0.012780394
0.012398931
0.012017467
0.011636004
0.011254539
0.010873074
0.010491607
0.010110139
0.0097286699
0.0093471991
0.0089657269
0.0085842532
0.0082027782
0.0078213018
0.0074398241
0.0070583454
0.0066768659
0.0062953855
0.0059139043
0.0055324227
0.0051509407
0.0047694581
0.004387975
0.0040064913
0.003625007
0.0032435222
0.0028620368
0.00248055
0.0020990614
0.001717569
0.0013360713
0.00095458201
0.00057317611
0.00019121382
0.21636677
0.21565553
0.21373763
0.2106428
0.20674162
0.2023029
0.19746531
0.19230402
0.18686042
0.18115444
0.17519379
0.16898567
0.16254522
0.15590002
0.14909331
0.1421838
0.13524274
0.12834931
0.1215854
0.11503062
0.10875766
0.10282854
0.097292033
0.092182803
0.087521328
0.08331592
0.0795637
0.076254206
0.073370819
0.070892118
0.068793122
0.067046057
0.065620754
0.064485005
0.063605062
0.062946291
0.062473998
0.062154374
0.061955468
0.061848083
0.061806458
0.061808711
0.061837019
0.061877531
0.061920083
0.061957761
0.061986365
0.062003861
0.062009837
0.062005012
0.061990825
0.0619691
0.061941787
0.061910781
0.061877793
0.061844271
0.061811356
0.061779853
0.061750224
0.061722594
0.061696755
0.061672186
0.061648069
0.061623325
0.061596646
0.061566539
0.06153138
0.061489469
0.061439099
0.061378576
0.06130632
0.061220908
0.061121097
0.061005874
0.060874473
0.060726392
0.060561392
0.060379483
0.060180909
0.059966118
0.059735738
0.059490536
0.05923139
0.058959249
0.058675108
0.058379971
0.058074836
0.057760666
0.057438381
0.057108844
0.056772851
0.056431133
0.056084349
0.055733092
0.05537789
0.055019209
0.054657464
0.054293018
0.053926189
0.05355726
0.053186477
0.052814062
0.052440206
0.052065085
0.051688851
0.051311643
0.050933588
0.050554797
0.050175372
0.049795405
0.049414977
0.049034161
0.048653023
0.048271621
0.047890005
0.04750822
0.047126308
0.0467443
0.046362226
0.04598011
0.045597969
0.04521582
0.044833674
0.044451541
0.04406943
0.043687346
0.043305294
0.042923278
0.042541297
0.042159353
0.041777446
0.041395574
0.041013735
0.040631929
0.040250154
0.039868407
0.039486686
0.039104989
0.038723314
0.038341659
0.037960022
0.0375784
0.037196794
0.0368152
0.036433618
0.036052046
0.035670482
0.035288925
0.034907374
0.034525828
0.034144287
0.033762752
0.033381221
0.032999695
0.032618174
0.032236655
0.031855139
0.031473625
0.031092111
0.030710598
0.030329086
0.029947574
0.029566063
0.029184553
0.028803044
0.028421537
0.028040031
0.027658527
0.027277025
0.026895524
0.026514023
0.026132521
0.025751018
0.025369514
0.024988008
0.024606501
0.024224993
0.023843485
0.023461977
0.02308047
0.022698965
0.022317461
0.021935961
0.021554462
0.021172966
0.020791471
0.020409978
0.020028485
0.019646994
0.019265504
0.018884015
0.018502526
0.018121038
0.017739551
0.017358067
0.016976583
0.016595102
0.016213622
0.015832144
0.015450669
0.015069196
0.014687725
0.014306256
0.013924788
0.013543322
0.013161858
0.012780394
0.012398931
0.012017467
0.011636003
0.011254539
0.010873074
0.010491607
0.010110139
0.00972867
0.0093471992
0.0089657268
0.0085842531
0.0082027779
0.0078213013
0.0074398235
0.0070583448
0.0066768651
0.0062953846
0.0059139033
0.0055324214
0.005150939
0.0047694561
0.0043879723
0.0040064876
0.0036250021
0.0032435158
0.0028620282
0.0024805385
0.0020990456
0.0017175472
0.0013360416
0.00095453186
0.0005730866
0.00019118092
0.2149043
0.214407
0.21297999
0.21055493
0.20733974
0.20350605
0.19914765
0.19431739
0.18904754
0.18335657
0.17725854
0.17077177
0.16392668
0.15677164
0.14937582
0.14182798
0.13423109
0.12669523
0.11933008
0.11223822
0.10550935
0.09921569
0.093409473
0.088122668
0.083368458
0.079144371
0.075437138
0.072225562
0.069483362
0.067181217
0.065288227
0.063772116
0.062598973
0.061733082
0.061136983
0.060771848
0.060598216
0.060577051
0.060670972
0.060845465
0.061069901
0.061318252
0.061569457
0.061807453
0.06202091
0.062202732
0.062349413
0.062460321
0.062536987
0.062582433
0.062600594
0.062595839
0.062572605
0.06253512
0.062487226
0.062432267
0.062373028
0.062311722
0.062249987
0.06218892
0.062129103
0.062070648
0.062013237
0.061956178
0.061898457
0.061838799
0.061775731
0.061707645
0.061632875
0.061549759
0.061456705
0.061352233
0.061235053
0.061104077
0.060958459
0.060797609
0.060621197
0.060429141
0.060221593
0.059998913
0.059761638
0.059510454
0.059246157
0.058969623
0.05868177
0.058383538
0.058075855
0.057759626
0.057435712
0.057104921
0.056768002
0.056425635
0.056078437
0.055726963
0.055371703
0.055013094
0.05465152
0.054287319
0.05392079
0.053552196
0.053181769
0.052809718
0.052436225
0.052061457
0.051685562
0.051308676
0.050930921
0.050552408
0.050173239
0.049793504
0.049413286
0.049032659
0.048651691
0.048270439
0.047888958
0.047507294
0.047125489
0.046743576
0.046361587
0.045979545
0.045597471
0.045215381
0.044833288
0.044451203
0.044069133
0.043687087
0.043305068
0.04292308
0.042541124
0.042159203
0.041777315
0.04139546
0.041013637
0.040631845
0.040250081
0.039868345
0.039486634
0.039104946
0.038723278
0.038341629
0.037959997
0.03757838
0.037196777
0.036815187
0.036433607
0.036052037
0.035670476
0.035288921
0.034907372
0.034525828
0.034144289
0.033762755
0.033381225
0.0329997
0.032618178
0.03223666
0.031855144
0.031473629
0.031092115
0.030710602
0.030329089
0.029947577
0.029566066
0.029184555
0.028803046
0.028421538
0.028040032
0.027658528
0.027277025
0.026895524
0.026514022
0.026132519
0.025751015
0.02536951
0.024988004
0.024606497
0.024224989
0.023843481
0.023461973
0.023080467
0.022698962
0.022317459
0.021935959
0.021554462
0.021172966
0.020791471
0.020409978
0.020028486
0.019646996
0.019265506
0.018884016
0.018502527
0.018121039
0.017739553
0.017358068
0.016976584
0.016595102
0.016213622
0.015832144
0.015450669
0.015069196
0.014687724
0.014306255
0.013924788
0.013543322
0.013161858
0.012780394
0.01239893
0.012017467
0.011636003
0.011254538
0.010873073
0.010491606
0.010110139
0.0097286692
0.0093471982
0.0089657257
0.0085842517
0.0082027761
0.0078212992
0.0074398212
0.0070583422
0.0066768621
0.0062953812
0.0059138993
0.0055324167
0.0051509334
0.0047694493
0.0043879641
0.0040064777
0.0036249901
0.003243501
0.0028620099
0.0024805155
0.0020990164
0.0017175099
0.0013359939
0.00095446474
0.00057297861
0.00019113989
0.2145205
0.21413377
0.21299747
0.21100743
0.20827271
0.20489138
0.20091157
0.19635483
0.19123038
0.18554158
0.17929385
0.17250413
0.16520987
0.1574763
0.14939996
0.14110554
0.13273617
0.12444194
0.11636884
0.10864945
0.10139539
0.094691268
0.088592139
0.083124579
0.078289973
0.074070483
0.070436134
0.067353818
0.064785017
0.062690984
0.061035054
0.059781412
0.058893595
0.05833353
0.05806096
0.058033371
0.058206569
0.058535872
0.058977686
0.059491154
0.06003961
0.060591655
0.061121807
0.061610701
0.062044897
0.062416359
0.062721722
0.062961421
0.063138798
0.063259234
0.063329376
0.063356482
0.063347899
0.063310673
0.063251282
0.063175464
0.063088134
0.062993348
0.062894322
0.062793475
0.062692481
0.062592343
0.062493459
0.062395706
0.062298514
0.062200947
0.062101784
0.061999596
0.061892835
0.061779906
0.061659239
0.061529358
0.06138892
0.061236782
0.061072017
0.060893942
0.060702124
0.060496371
0.060276719
0.060043412
0.059796872
0.059537668
0.059266487
0.058984096
0.058691311
0.058388973
0.058077918
0.057758966
0.057432896
0.057100443
0.056762283
0.056419037
0.056071263
0.055719463
0.055364083
0.055005518
0.054644116
0.054280184
0.053913995
0.053545789
0.053175781
0.052804162
0.052431104
0.052056765
0.051681285
0.051304796
0.050927415
0.050549252
0.050170406
0.049790968
0.049411022
0.049030641
0.048649895
0.048268845
0.047887545
0.047506044
0.047124385
0.046742603
0.046360729
0.045978791
0.045596809
0.0452148
0.04483278
0.044450759
0.044068748
0.043686752
0.043304777
0.042922828
0.042540907
0.042159015
0.041777153
0.041395321
0.041013519
0.040631744
0.040249997
0.039868275
0.039486576
0.039104898
0.038723239
0.038341597
0.037959971
0.037578359
0.037196761
0.036815174
0.036433598
0.036052031
0.035670471
0.035288919
0.034907372
0.03452583
0.034144292
0.033762759
0.03338123
0.032999706
0.032618184
0.032236666
0.031855149
0.031473634
0.031092119
0.030710606
0.030329093
0.02994758
0.029566069
0.029184558
0.028803048
0.02842154
0.028040034
0.027658529
0.027277026
0.026895523
0.026514021
0.026132517
0.025751013
0.025369507
0.024988
0.024606493
0.024224985
0.023843477
0.023461969
0.023080463
0.022698959
0.022317457
0.021935958
0.021554461
0.021172965
0.020791471
0.020409979
0.020028487
0.019646997
0.019265507
0.018884017
0.018502528
0.01812104
0.017739554
0.017358069
0.016976585
0.016595102
0.016213622
0.015832144
0.015450669
0.015069195
0.014687724
0.014306255
0.013924787
0.013543322
0.013161857
0.012780393
0.012398929
0.012017466
0.011636002
0.011254537
0.010873072
0.010491605
0.010110137
0.0097286675
0.0093471962
0.0089657233
0.0085842489
0.0082027729
0.0078212956
0.0074398172
0.0070583377
0.006676857
0.0062953752
0.0059138924
0.0055324087
0.005150924
0.0047694383
0.0043879511
0.0040064623
0.0036249718
0.0032434791
0.0028619833
0.0024804831
0.0020989767
0.0017174611
0.001335934
0.00095438859
0.00057286529
0.00019109399
0.21497886
0.21465651
0.21370375
0.21200542
0.20961098
0.20656425
0.20287306
0.19852548
0.19350089
0.18777705
0.18133906
0.17419161
0.16637071
0.15795508
0.14907222
0.13989194
0.13060911
0.12142542
0.11253307
0.10410235
0.096271346
0.089137352
0.082755081
0.077139924
0.072274024
0.06811609
0.06460915
0.061708122
0.059359374
0.057513821
0.056129997
0.055170447
0.054598363
0.054375386
0.054460105
0.054807344
0.055368537
0.056093137
0.056930701
0.057833145
0.058756746
0.059663688
0.060523039
0.061311172
0.062011679
0.062614862
0.063116922
0.063518953
0.063825872
0.064045345
0.06418681
0.064260622
0.064277351
0.064247248
0.064179861
0.064083779
0.063966494
0.063834345
0.063692527
0.063545144
0.063395285
0.063245123
0.063096011
0.062948596
0.062802915
0.062658511
0.062514524
0.062369799
0.062222977
0.062072585
0.06191712
0.061755123
0.061585234
0.061406254
0.061217181
0.061017226
0.060805835
0.060582685
0.060347671
0.060100888
0.059842612
0.059573264
0.059293386
0.059003604
0.058704599
0.058397083
0.058081773
0.057759376
0.057430568
0.057095986
0.05675622
0.056411812
0.056063249
0.055710968
0.055355359
0.054996767
0.054635499
0.054271823
0.053905981
0.053538185
0.05316863
0.052797488
0.052424918
0.052051065
0.051676061
0.051300031
0.050923087
0.050545336
0.050166876
0.049787795
0.049408177
0.049028099
0.048647628
0.048266829
0.047885756
0.04750446
0.047122985
0.046741369
0.046359644
0.045977839
0.045595975
0.045214072
0.044832145
0.044450208
0.044068269
0.043686338
0.04330442
0.04292252
0.042540642
0.042158789
0.04177696
0.041395157
0.04101338
0.040631628
0.0402499
0.039868195
0.03948651
0.039104844
0.038723196
0.038341563
0.037959944
0.037578338
0.037196745
0.036815162
0.036433589
0.036052025
0.035670469
0.035288918
0.034907373
0.034525833
0.034144297
0.033762765
0.033381237
0.032999713
0.032618192
0.032236673
0.031855156
0.03147364
0.031092125
0.030710611
0.030329097
0.029947584
0.029566072
0.029184561
0.028803051
0.028421542
0.028040036
0.02765853
0.027277027
0.026895523
0.02651402
0.026132515
0.02575101
0.025369503
0.024987996
0.024606488
0.02422498
0.023843472
0.023461964
0.023080459
0.022698955
0.022317454
0.021935956
0.02155446
0.021172965
0.020791471
0.020409979
0.020028489
0.019646999
0.019265509
0.018884019
0.01850253
0.018121042
0.017739555
0.01735807
0.016976585
0.016595103
0.016213622
0.015832144
0.015450669
0.015069195
0.014687724
0.014306254
0.013924787
0.013543321
0.013161856
0.012780392
0.012398928
0.012017464
0.011636
0.011254536
0.01087307
0.010491603
0.010110135
0.0097286648
0.0093471931
0.0089657199
0.008584245
0.0082027685
0.0078212906
0.0074398116
0.0070583314
0.0066768497
0.0062953668
0.0059138827
0.0055323976
0.0051509113
0.0047694236
0.004387934
0.0040064423
0.0036249484
0.0032434516
0.0028619508
0.0024804444
0.0020989306
0.0017174064
0.001335869
0.00095431152
0.00057275843
0.00019104771
0.21613874
0.21585887
0.21503203
0.21354115
0.21139791
0.20860589
0.20513713
0.20094503
0.19597385
0.1901669
0.18347787
0.17588812
0.16742351
0.15817473
0.14830937
0.13805913
0.12768845
0.11746614
0.10764198
0.098431666
0.090002824
0.08246204
0.075855644
0.07017687
0.065375929
0.061375715
0.058084625
0.055438725
0.053367975
0.051815061
0.050736602
0.050096828
0.049862196
0.049997359
0.050462274
0.051210663
0.052190176
0.053344215
0.054614826
0.055945812
0.057285454
0.058588587
0.059817965
0.060944918
0.061949379
0.062819387
0.063550202
0.064143188
0.064604557
0.064944108
0.065174035
0.065307865
0.065359576
0.065342881
0.065270716
0.065154878
0.065005819
0.064832536
0.06464257
0.064442051
0.064235795
0.064027416
0.063819463
0.063613552
0.063410502
0.063210472
0.063013082
0.062817536
0.062622737
0.062427392
0.062230103
0.062029455
0.061824086
0.061612747
0.061394346
0.061167988
0.06093298
0.06068884
0.060435295
0.060172264
0.05989984
0.059618264
0.059327901
0.059029203
0.058722686
0.058408905
0.05808843
0.057761829
0.057429655
0.05709243
0.056750639
0.056404729
0.056055104
0.055702126
0.05534612
0.054987375
0.054626145
0.054262659
0.05389712
0.053529713
0.053160603
0.052789946
0.05241788
0.052044539
0.051670045
0.051294511
0.050918047
0.050540753
0.050162724
0.049784047
0.049404804
0.049025073
0.048644922
0.048264416
0.047883611
0.047502559
0.047121305
0.046739887
0.046358341
0.045976695
0.045594975
0.045213199
0.044831386
0.044449549
0.044067699
0.043685846
0.043303997
0.042922158
0.042540333
0.042158525
0.041776737
0.041394969
0.041013223
0.040631497
0.040249792
0.039868106
0.039486438
0.039104786
0.03872315
0.038341527
0.037959916
0.037578317
0.037196729
0.036815151
0.036433583
0.036052022
0.035670468
0.03528892
0.034907377
0.034525838
0.034144303
0.033762773
0.033381245
0.032999721
0.0326182
0.032236681
0.031855163
0.031473647
0.031092131
0.030710617
0.030329103
0.029947589
0.029566077
0.029184565
0.028803055
0.028421546
0.028040038
0.027658532
0.027277028
0.026895524
0.026514019
0.026132513
0.025751007
0.025369499
0.024987991
0.024606483
0.024224974
0.023843467
0.02346196
0.023080455
0.022698952
0.022317452
0.021935955
0.021554459
0.021172964
0.020791472
0.02040998
0.02002849
0.019647
0.01926551
0.018884021
0.018502532
0.018121044
0.017739557
0.017358071
0.016976586
0.016595103
0.016213622
0.015832144
0.015450668
0.015069195
0.014687723
0.014306254
0.013924786
0.01354332
0.013161855
0.01278039
0.012398926
0.012017462
0.011635998
0.011254533
0.010873068
0.0104916
0.010110132
0.0097286612
0.0093471892
0.0089657155
0.0085842401
0.008202763
0.0078212845
0.0074398047
0.0070583235
0.0066768407
0.0062953565
0.0059138709
0.0055323842
0.0051508961
0.0047694062
0.004387914
0.0040064193
0.0036249218
0.0032434207
0.0028619149
0.0024804027
0.0020988823
0.0017173509
0.0013358055
0.0009542404
0.00057266681
0.00019100552
0.2179066
0.21765896
0.21692904
0.21560145
0.2136615
0.21108046
0.20779691
0.20372742
0.19877481
0.19283779
0.185825
0.17768079
0.16840984
0.15811709
0.14703129
0.13547635
0.1238133
0.11239801
0.10154856
0.091530902
0.082540714
0.074683342
0.067981551
0.062388238
0.05780376
0.054107238
0.051138192
0.048832002
0.047096673
0.04587115
0.04511595
0.044802801
0.044906959
0.045400783
0.046249054
0.0474064
0.048817306
0.050418729
0.05214429
0.053928613
0.055710956
0.057437895
0.0590651
0.06055822
0.061892991
0.063054726
0.064037359
0.064842185
0.065476448
0.065951884
0.066283327
0.066487444
0.066581658
0.066583266
0.066508772
0.066373413
0.066190858
0.065973049
0.065730157
0.065470617
0.065201234
0.064927306
0.064652787
0.064380451
0.064112055
0.063848504
0.063590004
0.063336206
0.063086339
0.062839336
0.062593941
0.062348806
0.062102575
0.061853953
0.06160176
0.06134497
0.061082732
0.060814385
0.060539466
0.060257689
0.059968937
0.059673239
0.059370751
0.059061725
0.058746484
0.058425401
0.058098876
0.057767322
0.057431145
0.057090737
0.056746465
0.056398669
0.056047658
0.055693714
0.055337087
0.054978001
0.054616659
0.054253241
0.053887909
0.053520816
0.053152098
0.052781886
0.052410302
0.052037462
0.051663475
0.051288447
0.050912476
0.050535658
0.050158083
0.049779837
0.049401
0.049021647
0.048641848
0.048261667
0.047881162
0.047500383
0.047119377
0.046738186
0.046356843
0.045975381
0.045593825
0.045212196
0.044830514
0.044448793
0.044067046
0.043685283
0.043303514
0.042921744
0.042539981
0.042158227
0.041776485
0.041394758
0.041013046
0.040631351
0.040249672
0.039868008
0.039486359
0.039104723
0.0387231
0.038341489
0.037959887
0.037578296
0.037196714
0.036815142
0.036433577
0.03605202
0.035670469
0.035288923
0.034907382
0.034525845
0.034144311
0.033762781
0.033381255
0.032999731
0.032618209
0.03223669
0.031855172
0.031473655
0.031092139
0.030710623
0.030329109
0.029947595
0.029566082
0.02918457
0.028803059
0.028421549
0.028040041
0.027658535
0.027277029
0.026895524
0.026514018
0.026132511
0.025751003
0.025369495
0.024987986
0.024606478
0.024224969
0.023843462
0.023461955
0.023080451
0.022698949
0.02231745
0.021935953
0.021554458
0.021172964
0.020791472
0.020409981
0.020028491
0.019647002
0.019265512
0.018884023
0.018502534
0.018121045
0.017739558
0.017358072
0.016976586
0.016595103
0.016213623
0.015832144
0.015450668
0.015069195
0.014687723
0.014306253
0.013924785
0.013543319
0.013161853
0.012780388
0.012398924
0.01201746
0.011635996
0.011254531
0.010873065
0.010491597
0.010110128
0.009728657
0.0093471846
0.0089657105
0.0085842345
0.0082027568
0.0078212775
0.0074397967
0.0070583143
0.0066768303
0.0062953447
0.0059138576
0.0055323691
0.0051508791
0.0047693869
0.0043878922
0.0040063944
0.0036248934
0.0032433883
0.0028618781
0.0024803612
0.0020988356
0.001717299
0.0013357484
0.00095418002
0.00057259555
0.00019097088
0.22020992
0.21999138
0.21934846
0.21816944
0.21641871
0.21403908
0.21093577
0.20698453
0.20203804
0.19593661
0.18852455
0.17968932
0.1693973
0.15777817
0.14516743
0.13203397
0.11887091
0.10614133
0.094236671
0.08347004
0.074052149
0.066063014
0.059479119
0.054186705
0.050005672
0.046733221
0.044241571
0.042352832
0.04098586
0.040091081
0.039641603
0.03962526
0.040033712
0.040852995
0.042056967
0.043603407
0.045433918
0.047478027
0.04965948
0.051902301
0.054135493
0.056296378
0.058332775
0.060204081
0.061881397
0.063346956
0.064593056
0.065620657
0.066437788
0.067057905
0.067498303
0.067778656
0.067919753
0.067942449
0.06786685
0.067711715
0.067494054
0.067228907
0.06692925
0.066606011
0.066268164
0.065922868
0.065575647
0.065230578
0.064890483
0.064557121
0.064231372
0.063913399
0.063602815
0.063298819
0.063000321
0.06270606
0.062414691
0.062124872
0.061835327
0.061544887
0.061252532
0.060957405
0.060658823
0.060356272
0.060049407
0.059738023
0.059422042
0.059101492
0.058776485
0.058447192
0.058113827
0.057776631
0.05743585
0.057091734
0.056744523
0.056394441
0.056041697
0.055686482
0.055328969
0.054969315
0.054607664
0.054244144
0.053878878
0.053511978
0.053143553
0.052773708
0.052402542
0.052030154
0.051656639
0.05128209
0.050906597
0.050530248
0.050153128
0.049775318
0.049396897
0.049017937
0.048638507
0.048258669
0.047878481
0.047497995
0.047117258
0.046736311
0.04635519
0.045973928
0.045592552
0.045211085
0.044829547
0.044447955
0.044066321
0.043684659
0.043302979
0.042921287
0.042539592
0.042157898
0.041776208
0.041394526
0.041012854
0.040631192
0.040249541
0.039867902
0.039486274
0.039104656
0.038723047
0.038341448
0.037959857
0.037578274
0.0371967
0.036815132
0.036433572
0.036052018
0.03567047
0.035288927
0.034907388
0.034525852
0.03414432
0.033762791
0.033381265
0.032999741
0.032618219
0.032236699
0.031855181
0.031473663
0.031092146
0.03071063
0.030329115
0.029947601
0.029566087
0.029184575
0.028803063
0.028421553
0.028040045
0.027658538
0.027277031
0.026895525
0.026514017
0.026132509
0.025751
0.025369491
0.024987981
0.024606472
0.024224964
0.023843457
0.023461951
0.023080447
0.022698946
0.022317448
0.021935951
0.021554457
0.021172964
0.020791472
0.020409982
0.020028492
0.019647003
0.019265514
0.018884024
0.018502535
0.018121047
0.017739559
0.017358073
0.016976587
0.016595104
0.016213623
0.015832145
0.015450668
0.015069194
0.014687722
0.014306252
0.013924784
0.013543317
0.013161852
0.012780387
0.012398923
0.012017458
0.011635993
0.011254528
0.010873061
0.010491593
0.010110124
0.0097286524
0.0093471796
0.0089657049
0.0085842282
0.0082027498
0.0078212696
0.0074397877
0.0070583042
0.0066768189
0.0062953319
0.0059138434
0.0055323532
0.0051508612
0.0047693668
0.0043878695
0.004006369
0.003624865
0.0032433565
0.0028618428
0.0024803223
0.0020987933
0.0017172537
0.0013357009
0.00095413287
0.00057254625
0.00019094572
0.22298355
0.22279586
0.22224408
0.22122209
0.21967594
0.21752144
0.21462907
0.21082795
0.20590871
0.19963432
0.19175643
0.18207608
0.17049228
0.15718738
0.14269536
0.12771663
0.11291194
0.098854325
0.085996251
0.074684975
0.065111288
0.057276003
0.05108267
0.046333205
0.042753315
0.040070289
0.038079954
0.036616624
0.035595064
0.034979007
0.034764409
0.034964965
0.035596528
0.036665085
0.038158403
0.040039842
0.042247886
0.044702741
0.047316055
0.049999354
0.052669893
0.055254621
0.057692725
0.059936806
0.061952944
0.063719996
0.065228365
0.06647843
0.067478764
0.068244301
0.068794562
0.069152009
0.069340605
0.069384609
0.069307613
0.06913183
0.068877589
0.068563041
0.068204012
0.067813991
0.067404206
0.06698377
0.066559868
0.066137969
0.065722042
0.06531477
0.064917761
0.064531745
0.064156749
0.063792265
0.063437391
0.063090957
0.062751638
0.062418043
0.062088789
0.061762563
0.061438159
0.06111451
0.060790704
0.060465987
0.060139764
0.059811581
0.059481114
0.059148155
0.058812591
0.058474381
0.058133543
0.057790133
0.057444236
0.057095951
0.056745382
0.056392636
0.056037817
0.055681024
0.055322349
0.054961879
0.054599697
0.05423588
0.053870505
0.053503649
0.053135386
0.052765794
0.052394951
0.052022936
0.051649827
0.051275705
0.050900648
0.050524737
0.050148049
0.049770661
0.049392647
0.049014076
0.048635015
0.048255524
0.04787566
0.047495474
0.047115013
0.04673432
0.046353431
0.045972379
0.045591194
0.045209898
0.044828513
0.044447057
0.044065545
0.04368399
0.043302405
0.042920797
0.042539175
0.042157545
0.041775912
0.041394278
0.041012648
0.040631022
0.040249402
0.039867789
0.039486183
0.039104584
0.038722991
0.038341405
0.037959826
0.037578252
0.037196684
0.036815123
0.036433568
0.036052018
0.035670473
0.035288932
0.034907394
0.03452586
0.034144329
0.033762801
0.033381275
0.032999751
0.032618229
0.032236709
0.03185519
0.031473672
0.031092154
0.030710637
0.030329122
0.029947607
0.029566093
0.02918458
0.028803068
0.028421558
0.028040049
0.027658541
0.027277033
0.026895525
0.026514017
0.026132507
0.025750997
0.025369486
0.024987977
0.024606467
0.024224959
0.023843452
0.023461947
0.023080444
0.022698944
0.022317446
0.02193595
0.021554456
0.021172963
0.020791472
0.020409983
0.020028494
0.019647005
0.019265515
0.018884026
0.018502537
0.018121049
0.017739561
0.017358074
0.016976588
0.016595105
0.016213624
0.015832145
0.015450668
0.015069194
0.014687721
0.014306251
0.013924783
0.013543316
0.01316185
0.012780385
0.012398921
0.012017456
0.011635991
0.011254525
0.010873058
0.010491589
0.010110119
0.0097286476
0.0093471743
0.008965699
0.0085842216
0.0082027422
0.0078212611
0.0074397783
0.0070582937
0.0066768072
0.0062953189
0.0059138289
0.005532337
0.0051508431
0.0047693466
0.004387847
0.0040063442
0.0036248377
0.0032433268
0.0028618105
0.0024802878
0.002098757
0.0017172165
0.0013356643
0.00095409941
0.00057251774
0.00019093049
0.22615893
0.22600766
0.22556235
0.22472529
0.22342581
0.22155361
0.21894276
0.21536911
0.21054593
0.20413244
0.19574518
0.18505738
0.17185885
0.15645492
0.13974014
0.1227708
0.10640194
0.091264062
0.07777602
0.066293525
0.056937226
0.049536435
0.043912947
0.03981786
0.036896099
0.034798852
0.033271811
0.032162391
0.03139565
0.030955173
0.030865315
0.031170194
0.031913363
0.03312469
0.034810767
0.036944
0.039460032
0.042267824
0.045264544
0.048347236
0.05141985
0.054397834
0.05721102
0.059804776
0.062139856
0.064191486
0.065947949
0.067408807
0.068582926
0.069486447
0.070140825
0.070571013
0.070803858
0.070866749
0.070786523
0.070588636
0.070296573
0.069931468
0.069511912
0.0690539
0.06857089
0.068073944
0.067571922
0.067071703
0.066578424
0.066095718
0.065625948
0.065170424
0.064729606
0.06430329
0.063890766
0.063490963
0.063102573
0.062724156
0.062354224
0.06199131
0.061634023
0.061281081
0.060931334
0.060583785
0.060237582
0.05989202
0.059546526
0.059200652
0.058854056
0.058506482
0.058157747
0.057807725
0.057456334
0.057103522
0.056749258
0.056393533
0.056036342
0.055677693
0.055317598
0.054956073
0.05459314
0.054228826
0.053863161
0.053496183
0.053127936
0.052758469
0.052387835
0.052016093
0.051643305
0.051269536
0.050894855
0.050519331
0.050143034
0.049766035
0.049388402
0.049010201
0.048631494
0.04825234
0.047872793
0.047492904
0.047112718
0.046732278
0.046351622
0.045970783
0.04558979
0.045208669
0.04482744
0.044446124
0.044064738
0.043683294
0.043301807
0.042920287
0.042538741
0.042157178
0.041775603
0.04139402
0.041012433
0.040630844
0.040249256
0.03986767
0.039486088
0.039104508
0.038722933
0.038341361
0.037959793
0.037578228
0.037196669
0.036815114
0.036433563
0.036052017
0.035670475
0.035288937
0.034907401
0.034525868
0.034144338
0.03376281
0.033381285
0.032999761
0.032618239
0.032236719
0.031855199
0.03147368
0.031092162
0.030710645
0.030329129
0.029947613
0.029566099
0.029184586
0.028803073
0.028421562
0.028040053
0.027658544
0.027277035
0.026895526
0.026514016
0.026132505
0.025750993
0.025369482
0.024987972
0.024606463
0.024224954
0.023843448
0.023461943
0.023080441
0.022698941
0.022317444
0.021935948
0.021554455
0.021172963
0.020791473
0.020409984
0.020028495
0.019647006
0.019265517
0.018884027
0.018502538
0.01812105
0.017739562
0.017358075
0.016976589
0.016595106
0.016213625
0.015832145
0.015450668
0.015069193
0.014687721
0.01430625
0.013924782
0.013543315
0.013161849
0.012780384
0.012398919
0.012017453
0.011635988
0.011254521
0.010873054
0.010491585
0.010110115
0.0097286427
0.0093471688
0.0089656927
0.0085842146
0.0082027344
0.0078212524
0.0074397687
0.0070582833
0.0066767957
0.0062953061
0.0059138146
0.005532321
0.0051508254
0.004769327
0.0043878256
0.004006321
0.0036248127
0.0032433001
0.0028617823
0.0024802585
0.0020987274
0.0017171878
0.0013356384
0.00095407863
0.000572507
0.00019092438
0.22965558
0.22954941
0.22923487
0.22862693
0.22764036
0.22614083
0.22392641
0.22071469
0.21612517
0.20967739
0.20078296
0.18892448
0.17374142
0.15586698
0.13681728
0.11810426
0.10074593
0.085294147
0.071749875
0.060386578
0.051280522
0.044135706
0.038828539
0.035170507
0.032709636
0.031027742
0.029836458
0.028968273
0.028355206
0.028000235
0.027954326
0.028289056
0.029070181
0.030347433
0.03214812
0.034457544
0.037210161
0.040303871
0.043621638
0.047046441
0.050468864
0.053792541
0.056937776
0.059842638
0.062462482
0.064768792
0.066747578
0.068397391
0.069727143
0.070753887
0.071500679
0.071994604
0.072265023
0.072342085
0.07225552
0.072033704
0.071702985
0.071287232
0.070807593
0.070282402
0.069727216
0.069154949
0.068576059
0.067998786
0.0674294
0.066872461
0.066331067
0.0658071
0.065301448
0.064814203
0.064344845
0.063892401
0.06345558
0.063032893
0.062622748
0.06222353
0.061833665
0.061451658
0.061076133
0.060705848
0.060339706
0.059976754
0.059616179
0.059257297
0.058899543
0.058542451
0.058185644
0.057828818
0.057471727
0.057114173
0.056755998
0.056397069
0.056037286
0.055676566
0.05531484
0.054952059
0.054588184
0.054223191
0.053857067
0.053489812
0.053121437
0.052751963
0.05238142
0.052009845
0.051637283
0.051263785
0.050889407
0.050514208
0.050138249
0.049761594
0.049384305
0.049006442
0.048628063
0.048249224
0.047869976
0.047490368
0.047110446
0.046730252
0.046349822
0.045969191
0.045588387
0.045207437
0.044826364
0.044445187
0.044063925
0.043682593
0.043301204
0.042919771
0.042538303
0.042156807
0.04177529
0.041393758
0.041012214
0.040630663
0.040249108
0.03986755
0.03948599
0.039104431
0.038722873
0.038341315
0.037959758
0.037578204
0.037196652
0.036815104
0.036433559
0.036052016
0.035670477
0.035288941
0.034907407
0.034525876
0.034144346
0.033762819
0.033381294
0.032999771
0.032618249
0.032236728
0.031855207
0.031473688
0.031092169
0.030710652
0.030329135
0.02994762
0.029566105
0.029184591
0.028803079
0.028421567
0.028040057
0.027658547
0.027277037
0.026895526
0.026514014
0.026132502
0.02575099
0.025369479
0.024987968
0.024606458
0.02422495
0.023843444
0.023461939
0.023080437
0.022698938
0.022317442
0.021935947
0.021554454
0.021172963
0.020791474
0.020409985
0.020028496
0.019647007
0.019265518
0.018884029
0.01850254
0.018121051
0.017739563
0.017358076
0.01697659
0.016595107
0.016213625
0.015832145
0.015450668
0.015069193
0.01468772
0.01430625
0.013924781
0.013543314
0.013161847
0.012780382
0.012398916
0.012017451
0.011635985
0.011254518
0.01087305
0.010491581
0.01011011
0.0097286378
0.0093471632
0.0089656864
0.0085842075
0.0082027267
0.0078212439
0.0074397595
0.0070582732
0.0066767846
0.0062952938
0.0059138008
0.0055323058
0.0051508086
0.0047693088
0.0043878061
0.0040063001
0.0036247906
0.0032432769
0.0028617584
0.0024802345
0.0020987044
0.0017171671
0.0013356222
0.00095406859
0.00057251006
0.00019092579
0.23337441
0.23332422
0.23317107
0.2328485
0.23226059
0.23125416
0.2295966
0.2269493
0.22282966
0.21658334
0.20731786
0.19421777
0.17668257
0.15620977
0.13541315
0.1160732
0.09882415
0.08392416
0.070378701
0.058125152
0.047705959
0.039553516
0.034379694
0.031158664
0.029188314
0.028001962
0.027242763
0.026670963
0.026214338
0.025906783
0.025842341
0.0261448
0.026912885
0.028214583
0.030098367
0.032557972
0.035516195
0.038853319
0.042439386
0.046148654
0.049862412
0.053474885
0.056898476
0.060065003
0.062924949
0.06544628
0.067612781
0.069421906
0.070882416
0.072011991
0.072834944
0.073380093
0.073678888
0.073763803
0.073667027
0.073419442
0.073049873
0.07258458
0.07204696
0.071457423
0.070833405
0.070189488
0.069537586
0.068887181
0.068245587
0.067618219
0.067008862
0.066419932
0.065852714
0.06530758
0.064784188
0.064281656
0.06379871
0.063333815
0.062885283
0.062451362
0.062030304
0.06162042
0.061220118
0.060827931
0.060442533
0.060062739
0.05968751
0.059315943
0.058947262
0.058580807
0.058216017
0.057852419
0.057489616
0.057127271
0.056765103
0.056402872
0.05604038
0.055677458
0.055313965
0.054949786
0.054584826
0.054219014
0.053852294
0.053484631
0.053116003
0.052746406
0.052375844
0.052004336
0.051631909
0.051258599
0.050884449
0.050509509
0.05013383
0.049757467
0.049380475
0.04900291
0.048624824
0.048246269
0.047867294
0.047487946
0.047108268
0.046728303
0.046348086
0.045967651
0.045587027
0.045206241
0.044825316
0.044444273
0.044063131
0.043681907
0.043300614
0.042919266
0.042537872
0.042156442
0.041774982
0.041393499
0.041011998
0.040630484
0.04024896
0.039867429
0.039485894
0.039104354
0.038722812
0.038341269
0.037959724
0.03757818
0.037196636
0.036815094
0.036433553
0.036052015
0.035670479
0.035288945
0.034907413
0.034525883
0.034144354
0.033762827
0.033381303
0.032999779
0.032618257
0.032236736
0.031855215
0.031473695
0.031092177
0.030710659
0.030329142
0.029947626
0.029566111
0.029184597
0.028803084
0.028421572
0.028040061
0.02765855
0.027277038
0.026895526
0.026514013
0.0261325
0.025750987
0.025369475
0.024987964
0.024606455
0.024224946
0.02384344
0.023461936
0.023080435
0.022698936
0.02231744
0.021935946
0.021554454
0.021172963
0.020791474
0.020409986
0.020028497
0.019647008
0.019265519
0.01888403
0.018502541
0.018121053
0.017739564
0.017358077
0.016976591
0.016595107
0.016213626
0.015832146
0.015450668
0.015069193
0.01468772
0.014306249
0.01392478
0.013543313
0.013161846
0.01278038
0.012398914
0.012017448
0.011635982
0.011254515
0.010873047
0.010491577
0.010110106
0.0097286329
0.0093471577
0.0089656803
0.0085842008
0.0082027194
0.0078212361
0.0074397509
0.0070582637
0.0066767741
0.0062952821
0.005913788
0.0055322918
0.0051507935
0.0047692926
0.0043877887
0.0040062819
0.0036247715
0.0032432573
0.0028617388
0.0024802157
0.0020986874
0.0017171534
0.001335614
0.00095406682
0.00057252264
0.00019093267
0.23719308
0.23721059
0.23725188
0.23727621
0.23718335
0.23681079
0.23590755
0.23409236
0.23079311
0.22518723
0.21605408
0.20226544
0.1825181
0.1597645
0.13856624
0.12014255
0.10216025
0.083502121
0.065594361
0.050934652
0.040670658
0.033880679
0.029922261
0.0279249
0.027023852
0.026682069
0.026633901
0.026575184
0.02638769
0.02609935
0.025825713
0.025790444
0.026183483
0.027159353
0.028865468
0.031320933
0.034400288
0.037923443
0.041724125
0.045661879
0.049607977
0.05344888
0.057091838
0.0604646
0.06351393
0.066204832
0.06851912
0.070453192
0.072015524
0.073224175
0.074104368
0.074686252
0.075002912
0.075088673
0.074977704
0.074702925
0.074295193
0.073782743
0.073190849
0.072541668
0.071854229
0.071144538
0.070425762
0.069708461
0.06900086
0.068309123
0.067637644
0.06698931
0.06636576
0.065767617
0.065194699
0.064646205
0.064120879
0.063617148
0.063133238
0.062667275
0.062217359
0.061781626
0.061358297
0.060945703
0.060542311
0.060146733
0.059757724
0.059374186
0.058995153
0.058619787
0.058247364
0.057877256
0.057508929
0.057141919
0.056775834
0.056410333
0.056045131
0.055679978
0.055314668
0.054949025
0.054582901
0.054216186
0.053848781
0.053480617
0.053111644
0.052741832
0.052371163
0.051999638
0.051627265
0.051254068
0.050880078
0.050505332
0.050129874
0.04975375
0.049377007
0.048999695
0.048621862
0.048243555
0.047864821
0.047485704
0.047106247
0.046726488
0.046346465
0.045966209
0.045585751
0.045205116
0.044824329
0.044443411
0.044062382
0.043681258
0.043300055
0.042918786
0.042537463
0.042156094
0.041774688
0.041393252
0.041011791
0.040630312
0.040248819
0.039867314
0.0394858
0.03910428
0.038722754
0.038341224
0.037959691
0.037578155
0.037196619
0.036815083
0.036433548
0.036052014
0.03567048
0.035288949
0.034907418
0.034525889
0.034144361
0.033762835
0.03338131
0.032999787
0.032618264
0.032236743
0.031855222
0.031473702
0.031092183
0.030710665
0.030329148
0.029947632
0.029566117
0.029184602
0.028803089
0.028421576
0.028040064
0.027658552
0.027277039
0.026895526
0.026514012
0.026132498
0.025750985
0.025369472
0.024987961
0.024606451
0.024224943
0.023843436
0.023461933
0.023080432
0.022698934
0.022317438
0.021935945
0.021554453
0.021172964
0.020791475
0.020409987
0.020028498
0.019647009
0.01926552
0.018884031
0.018502542
0.018121054
0.017739565
0.017358078
0.016976592
0.016595108
0.016213626
0.015832146
0.015450668
0.015069193
0.01468772
0.014306249
0.01392478
0.013543312
0.013161845
0.012780378
0.012398912
0.012017446
0.01163598
0.011254513
0.010873044
0.010491574
0.010110102
0.0097286283
0.0093471525
0.0089656747
0.0085841948
0.0082027128
0.007821229
0.007439743
0.0070582548
0.0066767644
0.0062952716
0.0059137765
0.0055322795
0.0051507802
0.0047692784
0.0043877738
0.0040062661
0.0036247553
0.0032432411
0.0028617232
0.0024802014
0.0020986756
0.0017171453
0.0013356115
0.00095407072
0.00057254079
0.00019094297
0.2409643
0.24106011
0.24132566
0.24175364
0.24224846
0.24265215
0.24271471
0.24203517
0.239977
0.23559515
0.22755972
0.21511793
0.19550878
0.17105426
0.14698046
0.12348381
0.10013415
0.077968784
0.058591178
0.043622622
0.034257462
0.029498044
0.027550216
0.027041885
0.02710102
0.02725431
0.027356668
0.027447633
0.027470057
0.027340401
0.027116337
0.027002661
0.027213953
0.027913891
0.029280237
0.031405331
0.034260796
0.037703521
0.041547354
0.045604491
0.049701214
0.053699382
0.057496604
0.061016142
0.064201113
0.067013713
0.069433911
0.071457007
0.073091017
0.074354101
0.075272041
0.075875901
0.076199945
0.076279863
0.076151311
0.075848757
0.075404622
0.074848677
0.074207666
0.073505127
0.072761364
0.071993531
0.071215811
0.070439648
0.069674017
0.068925708
0.06819962
0.067499039
0.066825905
0.066181052
0.065564438
0.064975334
0.0644125
0.063874333
0.06335899
0.062864496
0.062388824
0.061929965
0.061485978
0.061055025
0.060635399
0.060225534
0.059824012
0.059429565
0.059041064
0.058657518
0.058278056
0.05790192
0.05752845
0.057157075
0.0567873
0.056418699
0.056050905
0.0556836
0.055316518
0.054949428
0.054582141
0.054214495
0.053846367
0.053477657
0.053108286
0.052738201
0.052367365
0.051995759
0.05162338
0.051250236
0.050876346
0.050501739
0.050126447
0.04975051
0.049373968
0.048996865
0.048619243
0.048241146
0.047862618
0.0474837
0.047104433
0.046724856
0.046345003
0.045964906
0.045584595
0.045204096
0.044823432
0.044442626
0.044061698
0.043680665
0.043299543
0.042918347
0.042537087
0.042155774
0.041774417
0.041393024
0.0410116
0.040630153
0.040248687
0.039867206
0.039485713
0.03910421
0.038722699
0.038341182
0.037959659
0.037578132
0.037196604
0.036815073
0.036433542
0.036052012
0.035670481
0.035288951
0.034907422
0.034525894
0.034144366
0.03376284
0.033381316
0.032999793
0.03261827
0.032236749
0.031855228
0.031473708
0.031092189
0.030710671
0.030329154
0.029947637
0.029566122
0.029184607
0.028803094
0.02842158
0.028040067
0.027658554
0.02727704
0.026895526
0.026514011
0.026132496
0.025750983
0.02536947
0.024987958
0.024606448
0.02422494
0.023843433
0.02346193
0.023080429
0.022698932
0.022317437
0.021935944
0.021554453
0.021172964
0.020791476
0.020409988
0.020028499
0.01964701
0.019265521
0.018884032
0.018502543
0.018121055
0.017739566
0.017358079
0.016976593
0.016595109
0.016213626
0.015832146
0.015450668
0.015069193
0.01468772
0.014306249
0.013924779
0.013543311
0.013161843
0.012780377
0.01239891
0.012017444
0.011635978
0.01125451
0.010873041
0.01049157
0.010110098
0.009728624
0.009347148
0.0089656699
0.0085841895
0.008202707
0.0078212225
0.0074397358
0.0070582469
0.0066767558
0.0062952623
0.0059137667
0.0055322689
0.0051507689
0.0047692663
0.004387761
0.0040062529
0.003624742
0.0032432282
0.0028617113
0.0024801912
0.002098668
0.0017171412
0.001335613
0.00095407791
0.00057256117
0.00019095484
0.24451842
0.24469944
0.24520859
0.24607891
0.24723016
0.24852673
0.24974581
0.25049865
0.25010547
0.24747209
0.24120669
0.23152386
0.21471227
0.18769215
0.15568295
0.12373029
0.094684672
0.070211531
0.050847934
0.03799817
0.03137649
0.028829667
0.028057879
0.027822163
0.027732813
0.027754439
0.027824366
0.027924643
0.028019699
0.028071935
0.028102419
0.028215371
0.028537379
0.029232013
0.030467022
0.032379416
0.03502026
0.038304439
0.042052705
0.046065257
0.050167466
0.054212128
0.058080559
0.061680897
0.06494605
0.06783272
0.070318037
0.072395673
0.074072767
0.075367186
0.076304872
0.076917373
0.077239674
0.077308358
0.077160087
0.076830408
0.07635285
0.075758285
0.075074532
0.074326148
0.073534387
0.07271727
0.071889756
0.071063967
0.070249461
0.069453519
0.06868144
0.067936828
0.067221864
0.066537556
0.065883975
0.065260453
0.064665769
0.064098297
0.063556145
0.063037256
0.062539505
0.062060768
0.061598975
0.061152152
0.060718451
0.060296162
0.059883725
0.059479731
0.059082918
0.058692164
0.05830648
0.057924993
0.057546943
0.057171661
0.05679857
0.056427167
0.056057015
0.055687741
0.055319021
0.054950583
0.054582196
0.054213666
0.053844837
0.053475582
0.053105803
0.052735423
0.052364389
0.051992668
0.051620241
0.051247106
0.050873271
0.050498756
0.050123585
0.049747789
0.049371403
0.048994465
0.048617013
0.048239087
0.047860728
0.047481976
0.04710287
0.046723445
0.046343737
0.045963775
0.04558359
0.045203206
0.044822649
0.04444194
0.044061099
0.043680145
0.043299095
0.042917961
0.042536757
0.042155492
0.041774178
0.041392822
0.041011431
0.040630012
0.04024857
0.03986711
0.039485635
0.039104147
0.03872265
0.038341143
0.03795963
0.037578111
0.037196589
0.036815064
0.036433537
0.03605201
0.035670481
0.035288953
0.034907425
0.034525897
0.034144371
0.033762845
0.033381321
0.032999798
0.032618275
0.032236754
0.031855233
0.031473713
0.031092194
0.030710676
0.030329159
0.029947642
0.029566127
0.029184612
0.028803098
0.028421584
0.02804007
0.027658556
0.027277041
0.026895526
0.02651401
0.026132495
0.025750981
0.025369468
0.024987956
0.024606445
0.024224937
0.023843431
0.023461927
0.023080427
0.02269893
0.022317436
0.021935944
0.021554453
0.021172965
0.020791477
0.020409989
0.0200285
0.019647011
0.019265522
0.018884033
0.018502544
0.018121055
0.017739567
0.017358079
0.016976593
0.016595109
0.016213627
0.015832147
0.015450669
0.015069193
0.01468772
0.014306248
0.013924778
0.01354331
0.013161842
0.012780375
0.012398909
0.012017443
0.011635976
0.011254508
0.010873038
0.010491567
0.010110095
0.0097286205
0.0093471442
0.0089656658
0.008584185
0.0082027019
0.0078212167
0.0074397294
0.00705824
0.0066767485
0.0062952546
0.0059137585
0.0055322601
0.0051507594
0.0047692562
0.0043877505
0.0040062423
0.0036247316
0.0032432183
0.0028617025
0.0024801841
0.0020986633
0.0017171398
0.0013356165
0.00095408651
0.00057258128
0.00019096679
0.24767154
0.24793809
0.2486916
0.25000949
0.25183734
0.25408131
0.25657955
0.25901111
0.26073397
0.2605445
0.2564999
0.24705558
0.22722272
0.20576896
0.1545577
0.11237089
0.082113075
0.062261241
0.047359594
0.036811885
0.031124613
0.029080348
0.028447644
0.028170547
0.028045926
0.028035514
0.028100993
0.028215715
0.02836141
0.028531697
0.028748805
0.029077155
0.0296096
0.030467898
0.03178798
0.033689758
0.036231271
0.039366984
0.042965858
0.046865108
0.05090039
0.054918699
0.058788279
0.062405571
0.065696527
0.068612513
0.071126304
0.073228483
0.07492436
0.076230918
0.077173792
0.077784582
0.078098563
0.078152784
0.077984486
0.077629877
0.077123183
0.076495999
0.075776857
0.074991007
0.074160356
0.073303534
0.072436047
0.071570507
0.070716894
0.069882852
0.069073976
0.068294108
0.067545612
0.06682963
0.066146322
0.06549507
0.06487467
0.064283485
0.063719585
0.063180857
0.062665104
0.062170116
0.061693725
0.061233856
0.060788552
0.060355992
0.059934505
0.059522574
0.05911883
0.058722052
0.058331151
0.057945167
0.057563253
0.057184667
0.05680876
0.056434967
0.056062798
0.055691828
0.055321693
0.05495208
0.054582728
0.054213414
0.053843956
0.053474207
0.053104047
0.052733385
0.052362153
0.051990304
0.051617811
0.051244659
0.050870848
0.05049639
0.050121301
0.049745607
0.049369338
0.048992524
0.048615203
0.048237411
0.047859186
0.047480566
0.047101587
0.046722285
0.046342694
0.045962842
0.045582759
0.04520247
0.044822
0.04444137
0.044060602
0.043679713
0.043298721
0.042917639
0.042536481
0.042155257
0.041773978
0.041392652
0.041011288
0.040629893
0.040248471
0.039867029
0.039485569
0.039104094
0.038722608
0.038341111
0.037959605
0.037578093
0.037196576
0.036815056
0.036433532
0.036052008
0.035670481
0.035288954
0.034907427
0.0345259
0.034144374
0.033762848
0.033381324
0.032999801
0.032618279
0.032236758
0.031855237
0.031473717
0.031092198
0.03071068
0.030329163
0.029947647
0.029566131
0.029184616
0.028803101
0.028421586
0.028040072
0.027658557
0.027277041
0.026895525
0.026514009
0.026132494
0.02575098
0.025369466
0.024987954
0.024606443
0.024224934
0.023843428
0.023461926
0.023080426
0.02269893
0.022317436
0.021935944
0.021554454
0.021172965
0.020791477
0.020409989
0.020028501
0.019647012
0.019265523
0.018884034
0.018502545
0.018121056
0.017739568
0.01735808
0.016976594
0.01659511
0.016213627
0.015832147
0.015450669
0.015069194
0.01468772
0.014306248
0.013924777
0.013543309
0.013161841
0.012780374
0.012398908
0.012017441
0.011635974
0.011254506
0.010873036
0.010491565
0.010110092
0.0097286176
0.0093471411
0.0089656623
0.0085841811
0.0082026976
0.0078212118
0.0074397241
0.0070582345
0.0066767427
0.0062952485
0.0059137518
0.0055322529
0.0051507517
0.0047692481
0.0043877423
0.0040062341
0.0036247238
0.0032432111
0.0028616963
0.0024801793
0.0020986606
0.00171714
0.001335621
0.00095409507
0.00057259923
0.0001909776
0.25023956
0.25058298
0.25155599
0.25327885
0.25572849
0.25886549
0.26261786
0.26680301
0.27100229
0.27446084
0.27629072
0.27475291
0.23890976
0.15487338
0.12395387
0.090846689
0.075409498
0.067508485
0.056331979
0.033789439
0.028314906
0.028030579
0.02817057
0.028154192
0.028141618
0.028189972
0.028293868
0.028446249
0.028646747
0.028905382
0.029251486
0.029740428
0.030450083
0.031477371
0.032926273
0.034888988
0.037410933
0.040465605
0.043959238
0.047757454
0.051710094
0.055667931
0.0594982
0.063094232
0.0663768
0.069291873
0.071807826
0.073912501
0.075609543
0.076914821
0.077853283
0.078456182
0.078758718
0.078798044
0.078611644
0.078236045
0.077705856
0.077053081
0.076306676
0.075492313
0.074632311
0.073745685
0.072848301
0.071953092
0.071070324
0.070207885
0.069371575
0.068565402
0.06779186
0.067052186
0.066346604
0.065674537
0.065034794
0.064425732
0.063845399
0.063291647
0.062762226
0.062254868
0.061767339
0.061297491
0.060843289
0.060402833
0.059974373
0.059556313
0.059147206
0.058745754
0.058350799
0.057961312
0.057576384
0.057195213
0.056817099
0.056441428
0.056067668
0.055695357
0.055324098
0.054953549
0.054583423
0.054213476
0.053843507
0.05347335
0.053102874
0.052731973
0.052360568
0.051988604
0.051616043
0.051242863
0.050869059
0.050494633
0.050119597
0.049743973
0.049367784
0.048991061
0.048613834
0.04823614
0.047858013
0.047479491
0.047100608
0.046721399
0.046341895
0.045962126
0.045582121
0.045201905
0.044821501
0.044440932
0.044060219
0.04367938
0.043298432
0.04291739
0.042536267
0.042155074
0.041773822
0.041392521
0.041011177
0.0406298
0.040248394
0.039866966
0.039485517
0.039104053
0.038722575
0.038341085
0.037959586
0.037578079
0.037196566
0.036815049
0.036433529
0.036052006
0.035670481
0.035288955
0.034907429
0.034525902
0.034144376
0.033762851
0.033381326
0.032999803
0.032618281
0.03223676
0.03185524
0.03147372
0.031092201
0.030710683
0.030329166
0.02994765
0.029566134
0.029184619
0.028803104
0.028421588
0.028040073
0.027658558
0.027277042
0.026895525
0.026514009
0.026132493
0.025750978
0.025369465
0.024987952
0.024606441
0.024224933
0.023843427
0.023461924
0.023080425
0.022698929
0.022317435
0.021935944
0.021554454
0.021172965
0.020791477
0.020409989
0.020028501
0.019647012
0.019265524
0.018884035
0.018502546
0.018121057
0.017739568
0.017358081
0.016976595
0.01659511
0.016213628
0.015832148
0.01545067
0.015069194
0.01468772
0.014306247
0.013924777
0.013543309
0.013161841
0.012780374
0.012398907
0.01201744
0.011635973
0.011254504
0.010873034
0.010491563
0.01011009
0.0097286153
0.0093471385
0.0089656593
0.0085841778
0.0082026941
0.0078212082
0.0074397202
0.0070582304
0.0066767383
0.0062952437
0.0059137467
0.0055322473
0.0051507458
0.0047692422
0.0043877364
0.0040062284
0.0036247183
0.003243206
0.0028616919
0.0024801761
0.0020986593
0.001717141
0.0013356253
0.00095410249
0.00057261367
0.00019098637
0.25205742
0.25245914
0.25359853
0.25562942
0.25855547
0.26238325
0.26711755
0.27270389
0.27893718
0.28517683
0.29002421
0.29625798
0.34528772
0.15427907
0.12577545
0.094510742
0.078358142
0.066045083
0.039771233
0.027148768
0.027024858
0.027662021
0.027971815
0.028083089
0.028167764
0.028277361
0.028423609
0.028615284
0.028864094
0.029189309
0.0296249
0.030223688
0.031055817
0.032204411
0.033755316
0.035780694
0.038314986
0.041337507
0.044771884
0.048500493
0.052385779
0.056286498
0.060072997
0.063637844
0.066899057
0.069799601
0.072305434
0.074402433
0.076092712
0.077391044
0.078321632
0.078915313
0.079207095
0.079234078
0.079033784
0.078642853
0.078096056
0.07742559
0.076660623
0.075827052
0.074947418
0.074040957
0.073123737
0.072208883
0.07130683
0.070425612
0.069571157
0.068747573
0.067957436
0.067202045
0.066481667
0.06579575
0.065143113
0.064522113
0.063930785
0.063366958
0.062828354
0.062312669
0.061817626
0.061341031
0.060880802
0.060434988
0.060001788
0.059579554
0.059166789
0.058762147
0.058364422
0.057972538
0.057585545
0.057202602
0.056822973
0.056446012
0.056071158
0.055697923
0.055325887
0.05495469
0.054584025
0.054213636
0.053843308
0.053472864
0.053102162
0.052731089
0.052359558
0.051987507
0.051614893
0.051241688
0.050867882
0.050493472
0.050118468
0.049742886
0.049366748
0.048990082
0.048612917
0.048235286
0.047857224
0.047478767
0.047099948
0.0467208
0.046341355
0.045961643
0.045581689
0.045201521
0.044821162
0.044440635
0.044059959
0.043679154
0.043298236
0.042917221
0.042536121
0.04215495
0.041773716
0.041392431
0.041011102
0.040629737
0.040248342
0.039866922
0.039485482
0.039104024
0.038722552
0.038341067
0.037959572
0.037578069
0.037196559
0.036815044
0.036433526
0.036052005
0.035670481
0.035288956
0.03490743
0.034525903
0.034144377
0.033762852
0.033381328
0.032999805
0.032618283
0.032236761
0.031855241
0.031473722
0.031092203
0.030710686
0.030329169
0.029947653
0.029566137
0.029184621
0.028803105
0.02842159
0.028040074
0.027658558
0.027277042
0.026895525
0.026514008
0.026132493
0.025750978
0.025369464
0.024987951
0.02460644
0.024224931
0.023843426
0.023461924
0.023080425
0.022698929
0.022317435
0.021935944
0.021554454
0.021172965
0.020791477
0.020409989
0.020028501
0.019647013
0.019265525
0.018884036
0.018502547
0.018121057
0.017739569
0.017358081
0.016976595
0.016595111
0.016213629
0.015832148
0.01545067
0.015069194
0.01468772
0.014306247
0.013924777
0.013543309
0.013161841
0.012780373
0.012398906
0.012017439
0.011635971
0.011254503
0.010873033
0.010491561
0.010110088
0.0097286135
0.0093471364
0.008965657
0.0085841754
0.0082026917
0.0078212058
0.0074397178
0.0070582277
0.0066767352
0.0062952403
0.005913743
0.0055322436
0.0051507421
0.0047692385
0.0043877327
0.0040062247
0.0036247146
0.0032432027
0.0028616892
0.0024801743
0.0020986588
0.0017171422
0.0013356286
0.00095410784
0.00057262367
0.00019099249
0.25300006
0.25343324
0.25466224
0.25685902
0.2600412
0.26423747
0.26948263
0.27575257
0.28285908
0.29011659
0.29575357
0.29998174
0.32760082
0.21032435
0.1466304
0.10366279
0.069576819
0.026465562
0.026496309
0.026427078
0.02706495
0.027595564
0.027880318
0.028041689
0.028174747
0.028317427
0.028488744
0.028704349
0.028981335
0.029343365
0.029826545
0.030482652
0.03137819
0.032590004
0.034195588
0.036257495
0.038804857
0.041817344
0.045224374
0.048919075
0.052767211
0.056634818
0.060394428
0.063938359
0.06718377
0.070072542
0.072569509
0.074659479
0.076343701
0.077636327
0.078561175
0.079148825
0.079434121
0.079454083
0.07924621
0.078847156
0.078291727
0.077612185
0.076837788
0.07599453
0.075105049
0.074188676
0.073261569
0.072336938
0.071425295
0.070534743
0.069671265
0.068839022
0.068040625
0.067277404
0.066549648
0.065856816
0.065197734
0.06457076
0.063973921
0.063405038
0.062861819
0.062341941
0.06184311
0.061363109
0.060899832
0.060451305
0.060015703
0.059591351
0.05917673
0.058770469
0.058371337
0.057978238
0.057590199
0.05720636
0.056825965
0.056448354
0.056072949
0.055699248
0.055326821
0.054955297
0.054584361
0.054213747
0.053843236
0.053472644
0.053101826
0.052730663
0.052359066
0.05198697
0.051614327
0.051241108
0.050867299
0.050492896
0.050117906
0.049742344
0.049366231
0.048989592
0.048612457
0.048234858
0.047856828
0.047478403
0.047099616
0.046720499
0.046341084
0.045961399
0.045581472
0.045201328
0.044820992
0.044440485
0.044059828
0.04367904
0.043298137
0.042917136
0.042536048
0.042154887
0.041773662
0.041392385
0.041011063
0.040629704
0.040248315
0.0398669
0.039485464
0.039104009
0.03872254
0.038341057
0.037959565
0.037578063
0.037196555
0.036815042
0.036433525
0.036052004
0.035670481
0.035288956
0.03490743
0.034525903
0.034144377
0.033762852
0.033381327
0.032999805
0.032618283
0.032236762
0.031855242
0.031473722
0.031092204
0.030710687
0.03032917
0.029947654
0.029566138
0.029184622
0.028803106
0.028421591
0.028040075
0.027658558
0.027277042
0.026895525
0.026514008
0.026132492
0.025750977
0.025369463
0.02498795
0.024606439
0.024224931
0.023843426
0.023461924
0.023080426
0.02269893
0.022317436
0.021935944
0.021554454
0.021172965
0.020791477
0.02040999
0.020028502
0.019647014
0.019265525
0.018884036
0.018502547
0.018121058
0.017739569
0.017358082
0.016976596
0.016595112
0.016213629
0.015832149
0.01545067
0.015069194
0.01468772
0.014306248
0.013924778
0.013543309
0.013161841
0.012780373
0.012398906
0.012017439
0.011635971
0.011254502
0.010873032
0.010491561
0.010110087
0.0097286122
0.0093471349
0.0089656555
0.0085841742
0.0082026906
0.0078212047
0.0074397166
0.0070582262
0.0066767334
0.0062952384
0.0059137411
0.0055322418
0.0051507404
0.0047692368
0.0043877309
0.0040062228
0.0036247127
0.003243201
0.0028616879
0.0024801737
0.0020986588
0.0017171429
0.0013356304
0.00095411057
0.00057262877
0.00019099565
0.25300009
0.25343328
0.25466228
0.25685906
0.26004124
0.2642375
0.26948266
0.2757526
0.28285912
0.29011663
0.29575362
0.2999818
0.32760091
0.21032432
0.14663064
0.1036633
0.069577405
0.02646559
0.026496344
0.026427064
0.027064974
0.027595618
0.027880381
0.028041751
0.028174806
0.028317484
0.028488801
0.028704405
0.02898139
0.029343419
0.029826594
0.030482694
0.031378219
0.032590016
0.034195581
0.036257468
0.038804814
0.041817289
0.045224312
0.048919009
0.052767143
0.056634751
0.060394361
0.063938294
0.067183709
0.070072485
0.072569456
0.074659433
0.076343661
0.077636294
0.078561147
0.079148801
0.079434101
0.079454066
0.079246196
0.078847144
0.078291716
0.077612173
0.076837776
0.075994519
0.075105039
0.074188666
0.073261561
0.07233693
0.071425288
0.070534736
0.069671259
0.068839015
0.068040619
0.067277399
0.066549643
0.065856812
0.065197731
0.064570758
0.063973919
0.063405036
0.062861817
0.062341939
0.061843108
0.061363107
0.060899829
0.060451302
0.060015699
0.059591348
0.059176728
0.058770467
0.058371336
0.057978238
0.057590199
0.057206361
0.056825967
0.056448356
0.056072951
0.055699251
0.055326824
0.054955299
0.054584363
0.054213749
0.053843237
0.053472645
0.053101826
0.052730662
0.052359066
0.05198697
0.051614327
0.051241109
0.0508673
0.050492897
0.050117908
0.049742346
0.049366232
0.048989593
0.048612457
0.048234858
0.047856828
0.047478403
0.047099616
0.0467205
0.046341085
0.0459614
0.045581473
0.045201329
0.044820993
0.044440486
0.044059829
0.043679041
0.043298138
0.042917136
0.042536048
0.042154887
0.041773662
0.041392385
0.041011063
0.040629705
0.040248315
0.0398669
0.039485464
0.039104009
0.038722539
0.038341057
0.037959564
0.037578063
0.037196555
0.036815042
0.036433525
0.036052005
0.035670481
0.035288956
0.034907429
0.034525902
0.034144376
0.033762851
0.033381326
0.032999804
0.032618282
0.032236761
0.031855241
0.031473722
0.031092204
0.030710687
0.030329171
0.029947655
0.029566139
0.029184623
0.028803107
0.028421591
0.028040074
0.027658558
0.027277041
0.026895524
0.026514008
0.026132492
0.025750977
0.025369463
0.02498795
0.02460644
0.024224932
0.023843427
0.023461925
0.023080427
0.02269893
0.022317436
0.021935944
0.021554454
0.021172965
0.020791478
0.02040999
0.020028502
0.019647014
0.019265525
0.018884037
0.018502547
0.018121058
0.01773957
0.017358083
0.016976597
0.016595112
0.01621363
0.015832149
0.015450671
0.015069194
0.01468772
0.014306248
0.013924778
0.013543309
0.013161841
0.012780373
0.012398906
0.012017438
0.01163597
0.011254502
0.010873032
0.01049156
0.010110087
0.0097286115
0.0093471342
0.0089656551
0.008584174
0.0082026906
0.0078212046
0.0074397163
0.0070582258
0.006676733
0.0062952381
0.0059137411
0.0055322419
0.0051507405
0.0047692368
0.0043877308
0.0040062226
0.0036247126
0.0032432011
0.0028616881
0.0024801738
0.0020986589
0.0017171429
0.0013356303
0.00095411056
0.00057262881
0.00019099569
0.25205751
0.25245924
0.25359862
0.25562952
0.25855557
0.26238334
0.26711764
0.27270398
0.27893728
0.28517695
0.29002436
0.29625816
0.34528808
0.15427859
0.12577616
0.094512492
0.078360526
0.06604791
0.039773742
0.027149122
0.027025052
0.027662209
0.027972014
0.028083276
0.028167939
0.028277532
0.028423777
0.02861545
0.028864259
0.029189471
0.029625052
0.030223815
0.031055907
0.03220445
0.033755294
0.035780613
0.038314856
0.041337343
0.0447717
0.048500298
0.05238558
0.056286298
0.060072801
0.063637655
0.066898878
0.069799433
0.072305282
0.074402297
0.076092596
0.077390945
0.078321547
0.078915241
0.079207033
0.079234026
0.079033741
0.078642816
0.078096022
0.077425556
0.07666059
0.075827021
0.074947389
0.07404093
0.073123712
0.072208859
0.071306808
0.070425592
0.069571137
0.068747554
0.067957417
0.067202028
0.066481652
0.065795738
0.065143104
0.064522106
0.063930779
0.063366952
0.062828349
0.062312663
0.06181762
0.061341025
0.060880794
0.060434979
0.060001779
0.059579546
0.059166783
0.058762143
0.058364419
0.057972538
0.057585546
0.057202605
0.056822977
0.056446018
0.056071164
0.05569793
0.055325895
0.054954697
0.054584033
0.054213642
0.053843312
0.053472866
0.053102162
0.052731087
0.052359557
0.051987507
0.051614894
0.051241691
0.050867885
0.050493476
0.050118473
0.04974289
0.049366751
0.048990084
0.048612918
0.048235287
0.047857225
0.047478768
0.04709995
0.046720803
0.046341358
0.045961646
0.045581692
0.045201524
0.044821165
0.044440638
0.044059962
0.043679156
0.043298238
0.042917223
0.042536123
0.04215495
0.041773717
0.041392431
0.041011102
0.040629737
0.040248342
0.039866922
0.039485481
0.039104023
0.03872255
0.038341065
0.03795957
0.037578068
0.037196559
0.036815045
0.036433527
0.036052006
0.035670482
0.035288956
0.034907428
0.034525901
0.034144374
0.033762849
0.033381324
0.032999801
0.03261828
0.032236759
0.031855239
0.031473721
0.031092203
0.030710686
0.03032917
0.029947654
0.029566138
0.029184622
0.028803106
0.02842159
0.028040073
0.027658557
0.02727704
0.026895524
0.026514008
0.026132492
0.025750977
0.025369464
0.024987951
0.024606441
0.024224933
0.023843428
0.023461927
0.023080428
0.022698931
0.022317436
0.021935944
0.021554454
0.021172966
0.020791478
0.02040999
0.020028502
0.019647014
0.019265525
0.018884036
0.018502547
0.018121058
0.01773957
0.017358083
0.016976598
0.016595113
0.01621363
0.01583215
0.015450671
0.015069195
0.014687721
0.014306249
0.013924779
0.01354331
0.013161841
0.012780373
0.012398906
0.012017439
0.011635971
0.011254502
0.010873032
0.01049156
0.010110087
0.0097286117
0.0093471346
0.0089656557
0.0085841747
0.0082026913
0.0078212053
0.007439717
0.0070582267
0.0066767343
0.0062952396
0.0059137428
0.0055322437
0.0051507422
0.0047692384
0.0043877325
0.0040062245
0.0036247145
0.0032432028
0.0028616895
0.0024801746
0.002098659
0.0017171422
0.0013356286
0.00095410789
0.00057262378
0.00019099256
0.25023972
0.25058314
0.25155615
0.25327901
0.25572865
0.25886565
0.26261801
0.26680315
0.27100244
0.27446102
0.27629094
0.27475316
0.23891009
0.15487291
0.12395459
0.090848419
0.075411804
0.067511143
0.056334726
0.033791345
0.02831561
0.028030962
0.028170915
0.028154502
0.028141904
0.028190248
0.028294138
0.028446517
0.028647017
0.028905653
0.029251744
0.029740647
0.030450238
0.031477444
0.032926236
0.034888847
0.037410707
0.040465326
0.04395893
0.047757134
0.05170977
0.055667609
0.059497886
0.06309393
0.066376513
0.069291606
0.071807583
0.073912285
0.075609355
0.07691466
0.077853146
0.078456065
0.078758618
0.078797959
0.078611572
0.078235982
0.077705798
0.077053025
0.076306622
0.075492263
0.074632265
0.073745642
0.07284826
0.071953053
0.071070287
0.070207849
0.069371541
0.068565369
0.067791827
0.067052156
0.066346578
0.065674516
0.065034777
0.064425719
0.063845388
0.063291636
0.062762216
0.062254858
0.061767329
0.061297481
0.060843277
0.06040282
0.05997436
0.0595563
0.059147195
0.058745746
0.058350794
0.057961311
0.057576385
0.057195217
0.056817105
0.056441437
0.056067679
0.055695369
0.05532411
0.054953562
0.054583434
0.054213486
0.053843514
0.053473354
0.053102875
0.052731971
0.052360566
0.051988603
0.051616044
0.051242867
0.050869064
0.05049464
0.050119605
0.04974398
0.04936779
0.048991064
0.048613837
0.048236142
0.047858015
0.047479494
0.047100612
0.046721403
0.0463419
0.045962132
0.045582126
0.045201909
0.044821505
0.044440936
0.044060223
0.043679384
0.043298436
0.042917393
0.042536269
0.042155075
0.041773823
0.041392522
0.041011179
0.040629801
0.040248395
0.039866966
0.039485517
0.039104051
0.038722572
0.038341082
0.037959583
0.037578077
0.037196566
0.03681505
0.03643353
0.036052007
0.035670482
0.035288955
0.034907427
0.034525899
0.034144372
0.033762846
0.033381321
0.032999798
0.032618277
0.032236756
0.031855236
0.031473718
0.031092201
0.030710684
0.030329168
0.029947652
0.029566136
0.02918462
0.028803104
0.028421588
0.028040072
0.027658556
0.02727704
0.026895523
0.026514008
0.026132493
0.025750978
0.025369465
0.024987952
0.024606442
0.024224935
0.02384343
0.023461928
0.023080429
0.022698932
0.022317437
0.021935945
0.021554455
0.021172966
0.020791478
0.02040999
0.020028501
0.019647013
0.019265525
0.018884036
0.018502547
0.018121058
0.017739571
0.017358084
0.016976598
0.016595114
0.016213631
0.01583215
0.015450672
0.015069196
0.014687722
0.01430625
0.01392478
0.01354331
0.013161842
0.012780374
0.012398907
0.01201744
0.011635972
0.011254503
0.010873033
0.010491561
0.010110088
0.0097286127
0.0093471359
0.0089656571
0.0085841761
0.0082026927
0.0078212069
0.007439719
0.0070582291
0.0066767371
0.0062952428
0.005913746
0.0055322469
0.0051507456
0.004769242
0.0043877363
0.0040062284
0.0036247183
0.0032432061
0.0028616921
0.0024801763
0.0020986595
0.0017171413
0.0013356255
0.00095410266
0.00057261375
0.00019098637
0.24767177
0.24793832
0.24869183
0.25000972
0.25183756
0.25408153
0.25657977
0.25901132
0.26073418
0.26054472
0.25650012
0.24705574
0.22722273
0.20576865
0.15455816
0.11237238
0.08211538
0.06226409
0.047362379
0.036813999
0.031125815
0.029080983
0.028448082
0.028170951
0.0280463
0.028035874
0.028101346
0.028216068
0.028361776
0.028532079
0.028749178
0.029077476
0.029609822
0.030467976
0.031787901
0.033689522
0.036230918
0.039366566
0.042965415
0.046864662
0.050899948
0.054918264
0.058787857
0.062405167
0.065696146
0.06861216
0.071125983
0.073228197
0.07492411
0.076230701
0.077173606
0.077784421
0.078098426
0.078152667
0.077984386
0.077629788
0.077123102
0.076495923
0.075776785
0.07499094
0.074160294
0.073303475
0.072435991
0.071570452
0.070716842
0.069882801
0.069073926
0.068294059
0.067545565
0.066829588
0.066146285
0.06549504
0.064874645
0.064283464
0.063719566
0.06318084
0.062665088
0.062170101
0.061693711
0.061233843
0.060788538
0.060355977
0.059934489
0.059522558
0.059118816
0.05872204
0.058331143
0.057945163
0.057563253
0.057184671
0.056808768
0.056434979
0.056062812
0.055691844
0.05532171
0.054952097
0.054582744
0.054213428
0.053843967
0.053474213
0.053104049
0.052733384
0.052362151
0.051990302
0.051617811
0.051244662
0.050870854
0.050496398
0.050121311
0.049745617
0.049369346
0.048992531
0.048615208
0.048237415
0.04785919
0.047480571
0.047101593
0.046722292
0.046342701
0.045962849
0.045582765
0.045202476
0.044822005
0.044441376
0.044060607
0.043679718
0.043298725
0.042917642
0.042536483
0.042155259
0.04177398
0.041392654
0.04101129
0.040629894
0.040248473
0.039867029
0.039485568
0.039104092
0.038722604
0.038341107
0.037959602
0.037578091
0.037196575
0.036815056
0.036433534
0.036052009
0.035670482
0.035288954
0.034907425
0.034525896
0.034144368
0.033762842
0.033381317
0.032999794
0.032618273
0.032236752
0.031855233
0.031473715
0.031092197
0.030710681
0.030329165
0.02994765
0.029566134
0.029184618
0.028803101
0.028421586
0.02804007
0.027658554
0.027277039
0.026895523
0.026514008
0.026132493
0.025750979
0.025369466
0.024987954
0.024606444
0.024224937
0.023843432
0.02346193
0.023080431
0.022698933
0.022317438
0.021935946
0.021554455
0.021172966
0.020791478
0.020409989
0.020028501
0.019647012
0.019265524
0.018884035
0.018502547
0.018121059
0.017739571
0.017358085
0.016976598
0.016595114
0.016213631
0.015832151
0.015450673
0.015069197
0.014687723
0.014306251
0.01392478
0.013543311
0.013161843
0.012780375
0.012398908
0.012017441
0.011635973
0.011254504
0.010873034
0.010491562
0.010110089
0.0097286147
0.009347138
0.0089656592
0.0085841782
0.008202695
0.0078212097
0.0074397224
0.0070582331
0.0066767414
0.0062952472
0.0059137506
0.0055322518
0.005150751
0.0047692479
0.0043877424
0.0040062344
0.0036247239
0.0032432111
0.0028616962
0.0024801794
0.0020986609
0.0017171404
0.0013356213
0.00095409525
0.00057259926
0.00019097758
0.24451871
0.24469973
0.24520888
0.24607921
0.24723045
0.24852703
0.2497461
0.25049893
0.25010576
0.24747237
0.24120694
0.23152397
0.21471216
0.18769219
0.15568306
0.12373176
0.094687298
0.070214978
0.050851329
0.038000792
0.031378081
0.028830539
0.028058426
0.027822642
0.02773324
0.02775486
0.027824774
0.027925057
0.028020175
0.028072466
0.028102948
0.02821582
0.028537656
0.029232065
0.030466831
0.032379013
0.035019722
0.038303848
0.042052111
0.046064679
0.050166907
0.054211589
0.058080042
0.061680406
0.064945591
0.067832297
0.070317652
0.072395331
0.074072465
0.075366923
0.076304643
0.076917175
0.077239504
0.077308211
0.07715996
0.076830296
0.076352747
0.075758189
0.075074441
0.074326063
0.073534308
0.072717195
0.071889684
0.071063897
0.070249393
0.069453452
0.068681375
0.067936766
0.067221804
0.066537502
0.065883927
0.065260412
0.064665734
0.064098267
0.063556118
0.063037231
0.062539483
0.062060748
0.061598957
0.061152137
0.060718437
0.060296147
0.059883709
0.059479714
0.059082902
0.05869215
0.058306469
0.057924987
0.057546941
0.057171665
0.056798579
0.05642718
0.056057032
0.05568776
0.055319041
0.054950603
0.054582215
0.054213683
0.053844851
0.053475592
0.053105808
0.052735424
0.052364387
0.051992665
0.05162024
0.051247108
0.050873277
0.050498765
0.050123596
0.049747801
0.049371415
0.048994475
0.048617021
0.048239094
0.047860735
0.047481984
0.047102879
0.046723455
0.046343746
0.045963784
0.045583598
0.045203213
0.044822655
0.044441945
0.044061104
0.04368015
0.043299099
0.042917965
0.04253676
0.042155495
0.041774181
0.041392824
0.041011433
0.040630014
0.040248571
0.03986711
0.039485633
0.039104144
0.038722645
0.038341138
0.037959626
0.037578108
0.037196588
0.036815065
0.036433539
0.036052012
0.035670483
0.035288953
0.034907422
0.034525893
0.034144364
0.033762837
0.033381312
0.032999789
0.032618267
0.032236747
0.031855228
0.03147371
0.031092193
0.030710677
0.030329162
0.029947646
0.02956613
0.029184614
0.028803098
0.028421582
0.028040067
0.027658552
0.027277038
0.026895523
0.026514009
0.026132495
0.025750981
0.025369468
0.024987957
0.024606447
0.02422494
0.023843435
0.023461933
0.023080433
0.022698935
0.02231744
0.021935947
0.021554456
0.021172967
0.020791478
0.020409989
0.0200285
0.019647012
0.019265523
0.018884035
0.018502547
0.018121059
0.017739572
0.017358085
0.016976599
0.016595114
0.016213632
0.015832152
0.015450674
0.015069198
0.014687724
0.014306252
0.013924781
0.013543312
0.013161844
0.012780377
0.01239891
0.012017442
0.011635974
0.011254505
0.010873035
0.010491564
0.010110092
0.0097286172
0.0093471405
0.0089656619
0.0085841812
0.0082026985
0.0078212139
0.0074397272
0.0070582382
0.0066767468
0.0062952529
0.0059137569
0.0055322588
0.0051507586
0.0047692559
0.0043877505
0.0040062424
0.0036247316
0.0032432184
0.0028617027
0.0024801845
0.0020986637
0.0017171402
0.0013356167
0.0009540866
0.00057258137
0.00019096685
0.24096465
0.24106047
0.24132602
0.24175401
0.24224882
0.24265252
0.24271508
0.24203555
0.23997739
0.23559555
0.22756012
0.21511826
0.19550895
0.17105396
0.14698173
0.12348825
0.10013898
0.077973706
0.05859594
0.043626506
0.034260053
0.02949959
0.027551092
0.027042386
0.027101461
0.027254784
0.027357114
0.027448099
0.027470728
0.027341167
0.027117047
0.027003129
0.027214135
0.027913742
0.029279779
0.031404663
0.034260041
0.037702765
0.041546627
0.045603798
0.049700552
0.053698751
0.057496007
0.061015583
0.064200595
0.067013239
0.069433482
0.071456624
0.073090679
0.074353803
0.07527178
0.075875673
0.076199747
0.076279691
0.076151159
0.075848621
0.075404498
0.07484856
0.074207556
0.073505023
0.072761265
0.071993437
0.071215722
0.070439563
0.069673934
0.068925627
0.068199541
0.067498963
0.066825833
0.066180987
0.06556438
0.064975283
0.064412455
0.063874293
0.063358954
0.062864463
0.062388795
0.06192994
0.061485957
0.061055008
0.060635384
0.060225519
0.059823997
0.059429549
0.059041048
0.058657503
0.058278044
0.057901911
0.057528447
0.057157078
0.056787309
0.056418714
0.056050923
0.055683621
0.055316539
0.05494945
0.054582163
0.054214515
0.053846384
0.05347767
0.053108294
0.052738204
0.052367364
0.051995756
0.051623378
0.051250236
0.050876351
0.050501748
0.05012646
0.049750525
0.049373983
0.048996879
0.048619255
0.048241157
0.047862629
0.047483711
0.047104446
0.046724869
0.046345015
0.045964917
0.045584604
0.045204103
0.044823437
0.044442631
0.044061702
0.043680669
0.043299548
0.042918351
0.042537091
0.042155778
0.041774421
0.041393027
0.041011604
0.040630156
0.040248689
0.039867206
0.039485711
0.039104206
0.038722693
0.038341175
0.037959654
0.037578129
0.037196602
0.036815074
0.036433544
0.036052014
0.035670482
0.035288951
0.034907419
0.034525888
0.034144359
0.033762832
0.033381306
0.032999783
0.032618261
0.032236741
0.031855222
0.031473705
0.031092188
0.030710673
0.030329157
0.029947641
0.029566125
0.029184609
0.028803094
0.028421579
0.028040064
0.02765855
0.027277037
0.026895523
0.026514009
0.026132496
0.025750983
0.025369471
0.024987959
0.02460645
0.024224943
0.023843438
0.023461936
0.023080436
0.022698937
0.022317441
0.021935948
0.021554457
0.021172967
0.020791477
0.020409988
0.020028499
0.019647011
0.019265523
0.018884034
0.018502546
0.018121059
0.017739571
0.017358084
0.016976598
0.016595114
0.016213633
0.015832153
0.015450675
0.015069199
0.014687725
0.014306253
0.013924783
0.013543314
0.013161846
0.012780378
0.012398911
0.012017443
0.011635976
0.011254507
0.010873037
0.010491567
0.010110094
0.00972862
0.0093471436
0.0089656653
0.0085841852
0.0082027033
0.0078212192
0.0074397329
0.0070582443
0.0066767533
0.0062952602
0.0059137651
0.0055322677
0.0051507681
0.0047692658
0.0043877606
0.0040062527
0.003624742
0.0032432284
0.0028617118
0.0024801918
0.0020986684
0.0017171414
0.0013356131
0.00095407808
0.00057256139
0.00019095495
0.23719351
0.23721102
0.23725232
0.23727665
0.2371838
0.23681125
0.23590802
0.23409285
0.23079362
0.2251878
0.21605474
0.20226625
0.1825192
0.15976589
0.13856918
0.12014707
0.102166
0.083508821
0.065601044
0.050940052
0.040674446
0.033883143
0.029923631
0.027925634
0.027024337
0.026682553
0.026634576
0.026576037
0.026388501
0.026100123
0.025826252
0.025790603
0.026183267
0.027158807
0.028864679
0.031320035
0.034399387
0.037922585
0.041723315
0.045661111
0.049607247
0.05344819
0.057091192
0.060464
0.063513378
0.066204329
0.068518667
0.070452786
0.072015163
0.073223855
0.074104085
0.074686003
0.075002693
0.075088479
0.07497753
0.074702767
0.074295046
0.073782605
0.073190718
0.072541542
0.071854108
0.071144423
0.070425653
0.069708356
0.069000758
0.068309025
0.067637549
0.066989221
0.066365677
0.065767542
0.065194631
0.064646145
0.064120825
0.063617098
0.063133193
0.062667234
0.062217322
0.061781595
0.061358272
0.060945683
0.060542295
0.060146719
0.05975771
0.059374171
0.058995138
0.058619774
0.058247352
0.057877248
0.057508926
0.057141923
0.056775843
0.056410348
0.056045149
0.055679999
0.05531469
0.054949047
0.054582923
0.054216207
0.0538488
0.053480632
0.053111655
0.052741837
0.052371164
0.051999635
0.051627262
0.051254067
0.050880081
0.050505341
0.050129887
0.049753767
0.049377026
0.048999714
0.048621879
0.048243571
0.047864837
0.04748572
0.047106263
0.046726504
0.046346479
0.045966222
0.045585761
0.045205123
0.044824334
0.044443415
0.044062385
0.043681261
0.043300059
0.042918791
0.042537467
0.042156099
0.041774693
0.041393256
0.041011796
0.040630316
0.04024882
0.039867313
0.039485797
0.039104274
0.038722747
0.038341217
0.037959684
0.037578151
0.037196618
0.036815084
0.03643355
0.036052016
0.035670482
0.035288948
0.034907415
0.034525883
0.034144353
0.033762825
0.0333813
0.032999776
0.032618254
0.032236734
0.031855216
0.031473698
0.031092182
0.030710667
0.030329151
0.029947635
0.029566119
0.029184603
0.028803088
0.028421574
0.028040061
0.027658548
0.027277036
0.026895523
0.02651401
0.026132498
0.025750985
0.025369473
0.024987963
0.024606454
0.024224947
0.023843442
0.023461939
0.023080438
0.022698939
0.022317443
0.021935949
0.021554458
0.021172967
0.020791477
0.020409987
0.020028499
0.01964701
0.019265522
0.018884034
0.018502546
0.018121058
0.017739571
0.017358084
0.016976598
0.016595115
0.016213634
0.015832154
0.015450676
0.0150692
0.014687726
0.014306254
0.013924784
0.013543315
0.013161847
0.01278038
0.012398912
0.012017445
0.011635978
0.011254509
0.01087304
0.01049157
0.010110097
0.0097286232
0.0093471473
0.0089656697
0.0085841902
0.0082027088
0.0078212252
0.0074397393
0.0070582513
0.0066767612
0.0062952692
0.005913775
0.0055322784
0.0051507794
0.0047692776
0.0043877731
0.0040062657
0.0036247553
0.0032432414
0.0028617238
0.002480202
0.0020986761
0.0017171456
0.0013356119
0.00095407103
0.00057254097
0.000190943
0.2333749
0.23332472
0.23317157
0.23284901
0.23226111
0.2312547
0.22959717
0.2269499
0.22283032
0.21658409
0.20731878
0.19421897
0.17668429
0.15621227
0.13541711
0.1160786
0.098830364
0.083930312
0.070384142
0.058129565
0.047709528
0.039556208
0.03438147
0.031159896
0.029189209
0.028002675
0.027243398
0.026671517
0.026214733
0.025906971
0.025842264
0.02614445
0.026912314
0.028213852
0.030097527
0.03255708
0.035515298
0.038852446
0.042438549
0.046147855
0.049861654
0.053474172
0.056897811
0.060064389
0.062924388
0.065445772
0.067612323
0.069421495
0.070882048
0.072011663
0.072834651
0.073379832
0.073678654
0.073763592
0.073666833
0.073419262
0.073049704
0.07258442
0.072046805
0.071457273
0.070833261
0.07018935
0.069537454
0.068887054
0.068245465
0.067618101
0.06700875
0.066419829
0.065852619
0.065307494
0.064784111
0.064281586
0.063798645
0.063333755
0.062885229
0.062451313
0.06203026
0.061620382
0.061220087
0.060827907
0.060442514
0.060062723
0.059687496
0.05931593
0.05894725
0.058580795
0.058216007
0.057852414
0.057489615
0.057127276
0.056765113
0.056402887
0.056040398
0.055677478
0.055313986
0.054949807
0.054584847
0.054219035
0.053852314
0.053484648
0.053116017
0.052746414
0.052375847
0.052004335
0.051631906
0.051258598
0.050884452
0.050509517
0.050133844
0.049757485
0.049380497
0.049002932
0.048624846
0.04824629
0.047867314
0.047487966
0.047108288
0.046728322
0.046348103
0.045967665
0.045587037
0.045206248
0.04482532
0.044444275
0.044063133
0.043681909
0.043300617
0.04291927
0.042537877
0.042156447
0.041774988
0.041393505
0.041012003
0.040630488
0.040248962
0.039867428
0.03948589
0.039104348
0.038722805
0.038341261
0.037959717
0.037578175
0.037196634
0.036815094
0.036433555
0.036052018
0.035670481
0.035288944
0.03490741
0.034525877
0.034144346
0.033762818
0.033381292
0.032999768
0.032618246
0.032236727
0.031855208
0.031473691
0.031092176
0.03071066
0.030329144
0.029947629
0.029566113
0.029184597
0.028803083
0.02842157
0.028040058
0.027658546
0.027277035
0.026895523
0.026514011
0.026132499
0.025750988
0.025369477
0.024987967
0.024606458
0.024224951
0.023843446
0.023461943
0.023080441
0.022698942
0.022317445
0.021935951
0.021554459
0.021172967
0.020791477
0.020409987
0.020028498
0.01964701
0.019265522
0.018884033
0.018502545
0.018121057
0.01773957
0.017358084
0.016976599
0.016595116
0.016213635
0.015832155
0.015450677
0.015069201
0.014687727
0.014306256
0.013924786
0.013543317
0.013161849
0.012780382
0.012398914
0.012017447
0.01163598
0.011254512
0.010873043
0.010491573
0.010110101
0.0097286268
0.0093471516
0.0089656747
0.0085841958
0.0082027148
0.0078212316
0.0074397465
0.0070582595
0.0066767705
0.0062952795
0.0059137862
0.0055322904
0.0051507923
0.0047692917
0.0043877882
0.0040062816
0.0036247715
0.0032432575
0.0028617391
0.0024802162
0.0020986881
0.0017171541
0.0013356145
0.00095406712
0.00057252272
0.00019093267
0.22965613
0.22954997
0.22923543
0.22862751
0.22764095
0.22614145
0.22392706
0.22071539
0.21612594
0.20967828
0.20078404
0.18892587
0.17374331
0.15586955
0.13682079
0.11810862
0.10075068
0.085298789
0.071754085
0.06039023
0.051283621
0.044138385
0.038830697
0.035172011
0.032710773
0.031028677
0.029837251
0.028968921
0.028355679
0.028000493
0.027954335
0.028288816
0.029069721
0.030346797
0.032147358
0.034456706
0.037209294
0.040303012
0.043620806
0.047045646
0.050468112
0.053791837
0.056937123
0.059842038
0.062461936
0.064768298
0.066747133
0.06839699
0.069726782
0.070753561
0.071500385
0.071994337
0.072264779
0.072341859
0.072255309
0.072033505
0.071702795
0.071287049
0.070807415
0.070282228
0.069727047
0.069154786
0.068575902
0.067998635
0.067429255
0.066872322
0.066330936
0.06580698
0.06530134
0.064814106
0.064344758
0.063892321
0.063455506
0.063032824
0.062622684
0.062223473
0.061833614
0.061451615
0.061076097
0.06070582
0.060339684
0.059976736
0.059616164
0.059257284
0.058899532
0.058542443
0.058185639
0.057828817
0.05747173
0.057114181
0.056756009
0.056397083
0.056037303
0.055676584
0.055314859
0.054952079
0.054588204
0.054223211
0.053857087
0.05348983
0.053121452
0.052751974
0.052381426
0.052009847
0.051637283
0.051263786
0.050889411
0.050514217
0.050138264
0.049761615
0.049384329
0.049006467
0.048628089
0.048249249
0.04787
0.047490392
0.04711047
0.046730274
0.046349842
0.045969207
0.045588398
0.045207444
0.044826366
0.044445187
0.044063924
0.043682593
0.043301206
0.042919775
0.042538308
0.042156813
0.041775297
0.041393765
0.04101222
0.040630667
0.040249109
0.039867548
0.039485986
0.039104424
0.038722864
0.038341306
0.037959751
0.037578199
0.03719665
0.036815104
0.03643356
0.036052019
0.035670479
0.03528894
0.034907404
0.03452587
0.034144338
0.033762809
0.033381283
0.03299976
0.032618238
0.032236718
0.0318552
0.031473684
0.031092168
0.030710653
0.030329137
0.029947621
0.029566105
0.02918459
0.028803077
0.028421565
0.028040054
0.027658544
0.027277034
0.026895523
0.026514012
0.026132501
0.025750991
0.025369481
0.024987971
0.024606463
0.024224956
0.02384345
0.023461946
0.023080444
0.022698944
0.022317447
0.021935952
0.021554459
0.021172968
0.020791477
0.020409987
0.020028497
0.019647009
0.019265521
0.018884032
0.018502544
0.018121057
0.01773957
0.017358084
0.016976599
0.016595116
0.016213635
0.015832156
0.015450678
0.015069202
0.014687729
0.014306257
0.013924787
0.013543319
0.013161851
0.012780383
0.012398916
0.01201745
0.011635983
0.011254515
0.010873046
0.010491576
0.010110104
0.009728631
0.0093471565
0.0089656801
0.0085842016
0.008202721
0.0078212386
0.0074397546
0.0070582688
0.0066767809
0.0062952908
0.0059137984
0.0055323038
0.0051508071
0.0047693079
0.0043878057
0.0040063
0.0036247906
0.003243277
0.0028617588
0.0024802352
0.0020987052
0.0017171679
0.0013356227
0.00095406889
0.00057251029
0.00019092591
0.22615954
0.22600828
0.22556298
0.22472593
0.22342647
0.22155429
0.21894348
0.21536988
0.21054679
0.20413343
0.19574635
0.18505883
0.1718607
0.15645729
0.13974315
0.12277441
0.10640592
0.091268093
0.077779836
0.066296941
0.056940146
0.049538877
0.043914879
0.039819317
0.036897247
0.034799794
0.033272589
0.032163004
0.031396081
0.030955397
0.030865312
0.031169966
0.031912931
0.033124092
0.034810049
0.03694321
0.039459214
0.042267011
0.045263757
0.048346485
0.051419142
0.054397174
0.05721041
0.059804217
0.062139346
0.064191024
0.06594753
0.067408427
0.06858258
0.069486131
0.070140535
0.070570744
0.070803606
0.070866511
0.070786297
0.07058842
0.070296364
0.069931264
0.069511713
0.069053704
0.068570698
0.068073757
0.067571741
0.067071527
0.066578254
0.066095557
0.065625798
0.065170287
0.064729483
0.064303179
0.063890666
0.063490871
0.063102488
0.062724077
0.062354152
0.061991246
0.061633967
0.061281033
0.060931295
0.060583753
0.060237557
0.059892
0.05954651
0.05920064
0.058854047
0.058506477
0.058157747
0.057807729
0.057456342
0.057103533
0.056749271
0.056393547
0.056036358
0.055677709
0.055317614
0.05495609
0.054593158
0.054228844
0.053863179
0.053496201
0.053127952
0.052758482
0.052387844
0.052016099
0.051643309
0.05126954
0.050894861
0.050519342
0.05014305
0.049766057
0.049388428
0.049010229
0.048631523
0.048252369
0.047872822
0.047492932
0.047112746
0.046732304
0.046351645
0.045970801
0.045589803
0.045208675
0.044827442
0.044446123
0.044064735
0.043683293
0.043301808
0.04292029
0.042538747
0.042157185
0.041775611
0.041394028
0.041012439
0.040630848
0.040249258
0.039867668
0.039486082
0.0391045
0.038722923
0.038341351
0.037959784
0.037578222
0.037196666
0.036815113
0.036433565
0.036052019
0.035670476
0.035288935
0.034907397
0.034525862
0.03414433
0.0337628
0.033381274
0.032999751
0.032618229
0.03223671
0.031855192
0.031473676
0.03109216
0.030710644
0.030329129
0.029947613
0.029566098
0.029184584
0.028803071
0.028421561
0.028040051
0.027658542
0.027277032
0.026895523
0.026514013
0.026132504
0.025750994
0.025369485
0.024987976
0.024606468
0.02422496
0.023843454
0.02346195
0.023080447
0.022698947
0.022317449
0.021935954
0.02155446
0.021172968
0.020791476
0.020409986
0.020028497
0.019647008
0.01926552
0.018884032
0.018502543
0.018121056
0.017739569
0.017358083
0.016976599
0.016595116
0.016213636
0.015832156
0.015450679
0.015069204
0.014687731
0.014306259
0.013924789
0.01354332
0.013161853
0.012780385
0.012398918
0.012017452
0.011635985
0.011254518
0.010873049
0.010491579
0.010110108
0.0097286355
0.0093471615
0.0089656855
0.0085842075
0.0082027277
0.0078212463
0.0074397634
0.0070582787
0.0066767917
0.0062953026
0.0059138117
0.0055323187
0.0051508236
0.004769326
0.0043878251
0.0040063207
0.0036248127
0.0032433005
0.002861783
0.0024802593
0.0020987281
0.0017171883
0.0013356389
0.00095407917
0.00057250746
0.00019092453
0.22298422
0.22279653
0.22224476
0.22122278
0.21967665
0.21752219
0.21462985
0.21082879
0.20590964
0.19963537
0.19175765
0.18207754
0.17049404
0.15718953
0.14269798
0.12771971
0.11291533
0.098857823
0.085999638
0.074688075
0.065113992
0.057278281
0.051084518
0.046334662
0.042754459
0.040071189
0.038080689
0.036617185
0.035595438
0.034979184
0.034764384
0.034964745
0.035596134
0.03666455
0.038157764
0.040039141
0.042247159
0.044702017
0.047315353
0.049998685
0.052669263
0.055254035
0.057692185
0.05993631
0.06195249
0.06371958
0.065227984
0.066478079
0.067478439
0.068243999
0.068794279
0.069151741
0.069340349
0.069384363
0.069307376
0.069131599
0.068877363
0.068562819
0.068203794
0.067813776
0.067403994
0.066983562
0.066559664
0.066137771
0.065721851
0.065314588
0.064917592
0.064531591
0.06415661
0.06379214
0.063437277
0.063090853
0.062751542
0.062417955
0.06208871
0.061762493
0.061438099
0.06111446
0.060790662
0.060465953
0.060139737
0.059811559
0.059481098
0.059148144
0.058812584
0.058474379
0.058133547
0.057790142
0.057444249
0.057095966
0.056745397
0.056392651
0.056037832
0.055681038
0.055322363
0.054961893
0.054599711
0.054235895
0.053870521
0.053503665
0.053135402
0.052765809
0.052394964
0.052022946
0.051649836
0.051275713
0.050900659
0.050524751
0.050148067
0.049770684
0.049392673
0.049014105
0.048635045
0.048255555
0.047875692
0.047495506
0.047115045
0.046734349
0.046353456
0.045972399
0.045591207
0.045209905
0.044828514
0.044447054
0.044065541
0.043683987
0.043302404
0.042920799
0.04253918
0.042157552
0.04177592
0.041394286
0.041012654
0.040631026
0.040249403
0.039867786
0.039486177
0.039104575
0.038722981
0.038341395
0.037959817
0.037578246
0.037196681
0.036815122
0.036433569
0.036052019
0.035670473
0.03528893
0.03490739
0.034525854
0.034144321
0.033762791
0.033381265
0.032999742
0.03261822
0.032236701
0.031855184
0.031473667
0.031092152
0.030710636
0.03032912
0.029947605
0.02956609
0.029184577
0.028803065
0.028421556
0.028040048
0.02765854
0.027277031
0.026895523
0.026514014
0.026132506
0.025750998
0.02536949
0.024987981
0.024606472
0.024224965
0.023843458
0.023461953
0.02308045
0.02269895
0.022317452
0.021935956
0.021554461
0.021172968
0.020791476
0.020409985
0.020028496
0.019647008
0.019265519
0.018884031
0.018502543
0.018121055
0.017739569
0.017358083
0.016976599
0.016595117
0.016213636
0.015832157
0.01545068
0.015069205
0.014687732
0.014306261
0.013924791
0.013543322
0.013161854
0.012780387
0.012398921
0.012017455
0.011635988
0.01125452
0.010873052
0.010491582
0.010110112
0.0097286401
0.0093471664
0.0089656908
0.0085842135
0.0082027347
0.0078212544
0.0074397724
0.0070582886
0.0066768028
0.0062953151
0.0059138258
0.0055323346
0.0051508412
0.0047693451
0.0043878461
0.0040063438
0.003624838
0.0032433275
0.0028618114
0.0024802885
0.0020987576
0.0017172171
0.001335665
0.00095410006
0.00057251804
0.0001909305
0.22021064
0.2199921
0.21934918
0.21817018
0.21641947
0.21403987
0.21093661
0.20698543
0.20203902
0.19593771
0.1885258
0.17969076
0.16939898
0.15778015
0.14516974
0.13203661
0.11887379
0.10614431
0.094239601
0.083472779
0.074054605
0.066065144
0.05948091
0.054188168
0.050006831
0.046734052
0.044242301
0.042353392
0.040986236
0.040091273
0.039641616
0.039625104
0.040033407
0.040852568
0.042056451
0.043602834
0.04543332
0.047477428
0.049658896
0.051901743
0.054134967
0.056295888
0.058332324
0.060203665
0.06188101
0.063346596
0.06459272
0.065620341
0.066437489
0.067057621
0.067498029
0.067778391
0.067919496
0.067942199
0.067866605
0.067711472
0.067493813
0.067228669
0.066929015
0.06660578
0.066267936
0.065922643
0.065575426
0.065230361
0.064890274
0.064556924
0.064231187
0.06391323
0.063602661
0.063298678
0.063000193
0.062705942
0.062414584
0.062124776
0.061835242
0.061544814
0.06125247
0.060957353
0.060658781
0.060356238
0.06004938
0.059738002
0.059422026
0.059101482
0.05877648
0.058447193
0.058113834
0.057776643
0.057435866
0.057091752
0.05674454
0.056394457
0.056041712
0.055686495
0.055328982
0.054969328
0.054607676
0.054244157
0.053878891
0.053511992
0.053143568
0.052773722
0.052402556
0.052030168
0.051656653
0.051282104
0.050906613
0.050530266
0.050153149
0.049775342
0.049396924
0.049017967
0.048638538
0.048258702
0.047878516
0.04749803
0.047117292
0.046736342
0.046355218
0.04597395
0.045592567
0.045211093
0.044829549
0.044447952
0.044066317
0.043684655
0.043302976
0.042921288
0.042539596
0.042157904
0.041776216
0.041394534
0.04101286
0.040631196
0.040249542
0.039867899
0.039486267
0.039104647
0.038723037
0.038341438
0.037959848
0.037578268
0.037196696
0.036815131
0.036433573
0.036052019
0.03567047
0.035288925
0.034907384
0.034525846
0.034144312
0.033762782
0.033381256
0.032999733
0.032618212
0.032236693
0.031855175
0.031473659
0.031092143
0.030710627
0.030329111
0.029947596
0.029566082
0.02918457
0.02880306
0.028421552
0.028040044
0.027658537
0.02727703
0.026895523
0.026514016
0.026132509
0.025751002
0.025369494
0.024987986
0.024606477
0.024224969
0.023843462
0.023461957
0.023080454
0.022698953
0.022317454
0.021935957
0.021554462
0.021172968
0.020791475
0.020409985
0.020028496
0.019647007
0.019265518
0.01888403
0.018502542
0.018121055
0.017739568
0.017358083
0.016976599
0.016595117
0.016213637
0.015832158
0.015450681
0.015069207
0.014687734
0.014306262
0.013924792
0.013543323
0.013161856
0.012780389
0.012398923
0.012017457
0.01163599
0.011254523
0.010873055
0.010491586
0.010110116
0.0097286443
0.009347171
0.008965696
0.0085842196
0.0082027418
0.0078212623
0.0074397811
0.0070582983
0.0066768139
0.0062953279
0.0059138402
0.0055323507
0.005150859
0.004769365
0.0043878684
0.0040063688
0.0036248653
0.0032433572
0.0028618435
0.002480323
0.0020987941
0.0017172546
0.0013357016
0.00095413326
0.00057254642
0.00019094581
0.21790736
0.21765973
0.21692981
0.21560224
0.2136623
0.21108129
0.20779779
0.20372835
0.19877583
0.19283891
0.18582625
0.17768221
0.16841145
0.15811892
0.14703337
0.13547865
0.12381578
0.11240057
0.1015511
0.091533325
0.082542941
0.074685327
0.067983275
0.062389706
0.057805012
0.05410837
0.051139005
0.048832606
0.0470971
0.045871406
0.045116048
0.044802753
0.044906782
0.045400498
0.046248688
0.047405983
0.048816861
0.050418275
0.052143842
0.053928183
0.055710549
0.057437515
0.059064746
0.060557889
0.061892679
0.06305443
0.064037075
0.064841911
0.065476181
0.065951621
0.066283067
0.066487188
0.066581405
0.066583015
0.066508522
0.066373162
0.066190605
0.065972796
0.065729906
0.065470371
0.065200991
0.064927067
0.064652552
0.064380221
0.064111833
0.063848293
0.063589807
0.063336023
0.063086171
0.062839182
0.0625938
0.062348677
0.062102458
0.061853848
0.061601669
0.061344892
0.061082667
0.060814333
0.060539424
0.060257656
0.059968912
0.059673221
0.059370738
0.059061717
0.058746481
0.058425403
0.058098884
0.057767335
0.057431162
0.057090755
0.056746483
0.056398685
0.056047674
0.055693728
0.055337099
0.054978013
0.05461667
0.054253252
0.053887921
0.053520828
0.053152111
0.052781901
0.052410318
0.052037479
0.051663494
0.051288467
0.050912497
0.050535681
0.050158107
0.049779863
0.049401028
0.049021677
0.04864188
0.048261701
0.047881197
0.047500419
0.047119413
0.046738219
0.046356872
0.045975404
0.04559384
0.045212204
0.044830516
0.04444879
0.044067041
0.043685278
0.043303511
0.042921744
0.042539983
0.042158232
0.041776491
0.041394765
0.041013052
0.040631354
0.040249672
0.039868005
0.039486353
0.039104715
0.03872309
0.038341478
0.037959878
0.037578289
0.03719671
0.03681514
0.036433577
0.036052019
0.035670467
0.03528892
0.034907377
0.034525838
0.034144304
0.033762774
0.033381248
0.032999724
0.032618204
0.032236685
0.031855167
0.031473651
0.031092134
0.030710619
0.030329103
0.029947588
0.029566075
0.029184564
0.028803055
0.028421547
0.028040041
0.027658535
0.027277029
0.026895524
0.026514018
0.026132513
0.025751006
0.025369499
0.02498799
0.024606482
0.024224974
0.023843467
0.023461961
0.023080458
0.022698956
0.022317456
0.021935958
0.021554462
0.021172968
0.020791475
0.020409985
0.020028496
0.019647007
0.019265517
0.018884028
0.018502541
0.018121054
0.017739568
0.017358083
0.0169766
0.016595117
0.016213637
0.015832159
0.015450682
0.015069208
0.014687735
0.014306263
0.013924793
0.013543325
0.013161858
0.012780392
0.012398925
0.012017459
0.011635992
0.011254525
0.010873058
0.01049159
0.01011012
0.0097286481
0.0093471753
0.0089657011
0.0085842255
0.0082027484
0.0078212696
0.0074397893
0.0070583078
0.0066768248
0.0062953403
0.0059138542
0.0055323663
0.0051508767
0.0047693851
0.0043878912
0.0040063942
0.0036248937
0.0032433888
0.0028618788
0.0024803621
0.0020988366
0.0017172998
0.001335749
0.00095418044
0.00057259595
0.00019097103
0.21613955
0.21585967
0.21503285
0.21354197
0.21139876
0.20860677
0.20513805
0.20094601
0.1959749
0.19016804
0.18347913
0.17588951
0.16742505
0.15817644
0.14831127
0.13806119
0.12769064
0.11746839
0.10764422
0.098433833
0.090004852
0.082463889
0.07585729
0.070178311
0.065377177
0.061376787
0.05808548
0.055439394
0.053368477
0.051815409
0.050736809
0.050096906
0.04986216
0.049997229
0.050462074
0.051210413
0.052189893
0.053343915
0.054614523
0.055945516
0.05728517
0.058588318
0.059817708
0.060944672
0.061949142
0.062819156
0.063549975
0.064142961
0.064604326
0.064943872
0.065173793
0.065307621
0.065359329
0.065342632
0.065270463
0.065154621
0.065005557
0.064832272
0.064642307
0.064441792
0.06423554
0.064027165
0.063819216
0.063613311
0.06341027
0.063210251
0.063012874
0.062817343
0.06262256
0.062427229
0.062229952
0.062029316
0.061823959
0.061612634
0.061394249
0.061167907
0.060932913
0.060688787
0.060435253
0.060172233
0.059899817
0.059618249
0.059327891
0.059029198
0.058722685
0.058408907
0.058088437
0.057761841
0.057429671
0.057092447
0.056750657
0.056404746
0.056055119
0.05570214
0.055346133
0.054987386
0.054626156
0.054262669
0.05389713
0.053529724
0.053160616
0.05278996
0.052417897
0.052044559
0.051670067
0.051294536
0.050918074
0.050540781
0.050162751
0.049784075
0.049404833
0.049025103
0.048644954
0.04826445
0.047883647
0.047502596
0.047121341
0.046739922
0.046358371
0.045976719
0.045594991
0.045213208
0.044831389
0.044449547
0.044067695
0.043685841
0.043303994
0.042922157
0.042540334
0.042158529
0.041776742
0.041394974
0.041013227
0.040631499
0.040249791
0.039868102
0.039486431
0.039104778
0.03872314
0.038341517
0.037959908
0.037578311
0.037196725
0.036815149
0.036433581
0.03605202
0.035670466
0.035288916
0.034907372
0.034525832
0.034144297
0.033762767
0.03338124
0.032999717
0.032618196
0.032236677
0.031855159
0.031473643
0.031092126
0.030710611
0.030329095
0.029947581
0.029566068
0.029184558
0.02880305
0.028421543
0.028040038
0.027658534
0.027277029
0.026895525
0.026514021
0.026132516
0.02575101
0.025369503
0.024987995
0.024606486
0.024224978
0.023843471
0.023461966
0.023080462
0.022698959
0.022317458
0.021935959
0.021554462
0.021172968
0.020791476
0.020409985
0.020028495
0.019647006
0.019265516
0.018884027
0.01850254
0.018121054
0.017739568
0.017358083
0.0169766
0.016595118
0.016213638
0.01583216
0.015450684
0.015069209
0.014687736
0.014306264
0.013924795
0.013543327
0.01316186
0.012780393
0.012398927
0.012017461
0.011635994
0.011254528
0.010873061
0.010491592
0.010110122
0.0097286514
0.0093471793
0.0089657058
0.0085842308
0.0082027542
0.0078212762
0.0074397969
0.0070583166
0.0066768349
0.0062953517
0.005913867
0.005532381
0.0051508937
0.0047694045
0.004387913
0.004006419
0.003624922
0.0032434213
0.0028619157
0.0024804036
0.0020988831
0.0017173516
0.0013358063
0.00095424115
0.00057266716
0.00019100551
0.21497971
0.21465736
0.21370461
0.21200629
0.20961187
0.20656517
0.20287402
0.19852649
0.19350197
0.1877782
0.18134031
0.17419297
0.16637219
0.1579567
0.14907397
0.13989381
0.13061108
0.12142744
0.11253508
0.10410431
0.096273204
0.089139076
0.082756648
0.077141323
0.072275253
0.068117146
0.06461005
0.061708861
0.059359963
0.05751427
0.056130319
0.055170657
0.054598473
0.054375412
0.054460065
0.054807254
0.055368411
0.056092988
0.05693054
0.057832979
0.058756581
0.059663525
0.060522875
0.061311007
0.062011513
0.062614695
0.063116749
0.063518771
0.063825676
0.064045136
0.064186589
0.064260391
0.064277112
0.064247003
0.064179608
0.064083518
0.063966226
0.063834074
0.063692256
0.063544875
0.063395021
0.063244863
0.063095756
0.062948347
0.062802676
0.062658283
0.06251431
0.0623696
0.062222793
0.062072415
0.061916964
0.061754978
0.061585102
0.061406136
0.061217079
0.06101714
0.060805766
0.06058263
0.06034763
0.060100858
0.059842591
0.059573251
0.059293379
0.059003601
0.058704599
0.058397086
0.05808178
0.057759386
0.057430581
0.057096001
0.056756237
0.056411828
0.056063265
0.055710983
0.055355373
0.05499678
0.05463551
0.054271833
0.053905991
0.053538196
0.053168642
0.052797503
0.052424936
0.052051086
0.051676086
0.051300059
0.050923118
0.050545368
0.050166907
0.049787826
0.049408208
0.049028129
0.04864766
0.048266863
0.047885792
0.047504498
0.047123023
0.046741404
0.046359675
0.045977863
0.045595992
0.045214082
0.044832149
0.044450207
0.044068266
0.043686334
0.043304417
0.042922519
0.042540643
0.042158791
0.041776963
0.041395161
0.041013383
0.040631629
0.040249899
0.039868191
0.039486504
0.039104836
0.038723187
0.038341554
0.037959936
0.037578332
0.03719674
0.036815159
0.036433587
0.036052023
0.035670465
0.035288914
0.034907368
0.034525827
0.034144291
0.033762761
0.033381234
0.032999711
0.03261819
0.032236671
0.031855153
0.031473636
0.031092119
0.030710603
0.030329088
0.029947574
0.029566062
0.029184553
0.028803045
0.02842154
0.028040036
0.027658532
0.027277029
0.026895526
0.026514023
0.026132519
0.025751014
0.025369507
0.024987999
0.024606491
0.024224983
0.023843476
0.02346197
0.023080465
0.022698961
0.02231746
0.02193596
0.021554463
0.021172969
0.020791476
0.020409985
0.020028494
0.019647004
0.019265515
0.018884027
0.01850254
0.018121054
0.017739568
0.017358083
0.0169766
0.016595118
0.016213639
0.015832161
0.015450685
0.01506921
0.014687737
0.014306266
0.013924796
0.013543329
0.013161861
0.012780395
0.012398928
0.012017462
0.011635996
0.01125453
0.010873063
0.010491594
0.010110125
0.0097286544
0.0093471829
0.0089657097
0.008584235
0.008202759
0.0078212818
0.0074398036
0.0070583242
0.0066768436
0.0062953615
0.0059138784
0.0055323943
0.0051509088
0.0047694218
0.0043879329
0.0040064421
0.0036249489
0.0032434524
0.0028619515
0.002480445
0.0020989313
0.0017174073
0.0013358701
0.0009543122
0.00057275869
0.00019104783
0.21452139
0.21413466
0.21299837
0.21100833
0.20827363
0.20489233
0.20091256
0.19635586
0.19123147
0.18554274
0.17929509
0.17250547
0.16521131
0.15747783
0.14940161
0.14110728
0.13273797
0.12444378
0.11637067
0.10865124
0.10139711
0.094692884
0.088593632
0.083125938
0.078291194
0.074071562
0.070437075
0.06735462
0.064785685
0.06269153
0.061035488
0.059781746
0.058893841
0.0583337
0.058061067
0.058033429
0.058206587
0.05853586
0.058977654
0.059491109
0.060039554
0.060591588
0.061121729
0.061610613
0.062044798
0.062416249
0.062721596
0.062961277
0.063138633
0.06325905
0.063329174
0.063356266
0.06334767
0.063310432
0.063251029
0.063175201
0.063087863
0.062993072
0.062894046
0.062793201
0.062692211
0.062592077
0.062493198
0.062395452
0.062298269
0.062200714
0.062101564
0.061999392
0.061892648
0.061779734
0.061659081
0.061529212
0.061388787
0.061236662
0.061071912
0.060893854
0.060702053
0.060496315
0.060276678
0.060043383
0.059796852
0.059537657
0.059266482
0.058984095
0.058691313
0.058388977
0.058077925
0.057758975
0.057432908
0.057100456
0.056762298
0.056419052
0.056071279
0.055719478
0.055364098
0.055005531
0.054644128
0.054280195
0.053914006
0.0535458
0.053175793
0.052804176
0.052431122
0.052056787
0.051681312
0.051304826
0.050927448
0.050549286
0.05017044
0.049791001
0.049411054
0.049030673
0.048649928
0.048268879
0.047887581
0.047506082
0.047124421
0.046742637
0.046360759
0.045978815
0.045596826
0.045214811
0.044832785
0.04445076
0.044068746
0.043686749
0.043304775
0.042922827
0.042540906
0.042159015
0.041777154
0.041395322
0.041013519
0.040631743
0.040249994
0.03986827
0.03948657
0.03910489
0.038723231
0.038341589
0.037959964
0.037578353
0.037196756
0.03681517
0.036433594
0.036052026
0.035670466
0.035288913
0.034907365
0.034525824
0.034144287
0.033762756
0.033381229
0.032999706
0.032618184
0.032236665
0.031855147
0.031473629
0.031092113
0.030710597
0.030329082
0.029947569
0.029566057
0.029184548
0.028803042
0.028421537
0.028040034
0.027658532
0.02727703
0.026895528
0.026514026
0.026132522
0.025751018
0.025369511
0.024988003
0.024606495
0.024224987
0.02384348
0.023461973
0.023080468
0.022698963
0.022317461
0.021935962
0.021554464
0.021172969
0.020791476
0.020409984
0.020028493
0.019647003
0.019265514
0.018884026
0.01850254
0.018121053
0.017739568
0.017358083
0.0169766
0.016595119
0.01621364
0.015832162
0.015450685
0.015069211
0.014687738
0.014306267
0.013924798
0.01354333
0.013161862
0.012780395
0.012398929
0.012017464
0.011635998
0.011254532
0.010873064
0.010491596
0.010110127
0.0097286568
0.0093471855
0.0089657125
0.0085842381
0.0082027628
0.0078212864
0.0074398089
0.0070583302
0.0066768504
0.0062953696
0.0059138879
0.0055324052
0.0051509212
0.0047694361
0.0043879499
0.0040064621
0.0036249723
0.0032434797
0.0028619839
0.0024804837
0.0020989775
0.0017174621
0.001335935
0.00095438932
0.00057286587
0.00019109415
0.21490522
0.21440793
0.21298092
0.21055586
0.20734069
0.20350703
0.19914866
0.19431845
0.18904865
0.18335772
0.17725977
0.17077307
0.16392807
0.1567731
0.14937737
0.1418296
0.13423276
0.12669692
0.11933177
0.11223988
0.10551095
0.099217216
0.093410904
0.088123991
0.083369669
0.079145465
0.075438112
0.072226417
0.069484102
0.06718185
0.065288761
0.06377256
0.062599337
0.061733376
0.061137219
0.060772034
0.060598359
0.060577159
0.060671053
0.060845524
0.061069939
0.061318269
0.061569453
0.061807429
0.062020867
0.062202669
0.062349326
0.062460209
0.062536848
0.06258227
0.062600409
0.062595637
0.062572385
0.062534885
0.062486976
0.062432004
0.062372757
0.062311445
0.062249709
0.062188644
0.06212883
0.062070379
0.062012973
0.06195592
0.061898208
0.061838563
0.061775509
0.061707439
0.061632685
0.061549586
0.061456547
0.061352088
0.06123492
0.061103957
0.060958354
0.06079752
0.060621124
0.060429084
0.060221551
0.059998883
0.059761618
0.059510443
0.059246153
0.058969623
0.058681774
0.058383543
0.058075862
0.057759634
0.057435723
0.057104934
0.056768016
0.05642565
0.056078453
0.055726979
0.055371718
0.055013108
0.054651533
0.054287331
0.053920802
0.053552208
0.053181783
0.052809733
0.052436243
0.052061479
0.051685589
0.051308707
0.050930955
0.050552445
0.050173275
0.04979354
0.049413321
0.049032693
0.048651724
0.048270474
0.047888994
0.047507331
0.047125525
0.04674361
0.046361616
0.045979568
0.045597488
0.045215392
0.044833294
0.044451205
0.044069134
0.043687086
0.043305067
0.042923079
0.042541124
0.042159202
0.041777314
0.041395459
0.041013635
0.040631842
0.040250078
0.039868341
0.039486629
0.03910494
0.038723271
0.038341622
0.037959991
0.037578374
0.037196772
0.036815182
0.036433602
0.036052032
0.035670469
0.035288914
0.034907365
0.034525822
0.034144285
0.033762753
0.033381226
0.032999702
0.03261818
0.032236661
0.031855142
0.031473624
0.031092107
0.030710592
0.030329077
0.029947564
0.029566053
0.029184545
0.028803039
0.028421535
0.028040033
0.027658532
0.027277031
0.026895529
0.026514028
0.026132525
0.025751021
0.025369515
0.024988007
0.024606499
0.024224991
0.023843484
0.023461977
0.02308047
0.022698966
0.022317463
0.021935963
0.021554465
0.02117297
0.020791476
0.020409984
0.020028493
0.019647003
0.019265514
0.018884026
0.018502539
0.018121053
0.017739567
0.017358083
0.0169766
0.01659512
0.01621364
0.015832162
0.015450686
0.015069212
0.014687739
0.014306268
0.013924799
0.013543331
0.013161863
0.012780396
0.012398931
0.012017465
0.011635999
0.011254533
0.010873065
0.010491597
0.010110128
0.0097286583
0.009347187
0.0089657142
0.0085842403
0.0082027655
0.0078212895
0.0074398124
0.0070583342
0.0066768553
0.0062953754
0.0059138946
0.0055324128
0.0051509303
0.0047694471
0.0043879629
0.0040064774
0.0036249903
0.0032435015
0.0028620105
0.0024805162
0.0020990172
0.0017175108
0.0013359949
0.00095446562
0.00057297906
0.00019113995
0.21636771
0.21565647
0.21373858
0.21064376
0.2067426
0.2023039
0.19746634
0.19230508
0.18686153
0.1811556
0.175195
0.16898694
0.16254656
0.15590143
0.14909478
0.14218532
0.13524431
0.12835089
0.12158698
0.11503218
0.10875918
0.10282999
0.097293412
0.092184095
0.087522527
0.083317023
0.079564702
0.076255105
0.07337162
0.070892824
0.068793738
0.067046591
0.065621214
0.064485402
0.063605403
0.062946581
0.062474243
0.062154578
0.06195564
0.061848225
0.061806569
0.061808794
0.061837073
0.061877557
0.061920083
0.061957732
0.061986307
0.062003774
0.06200972
0.062004868
0.061990657
0.06196891
0.061941578
0.061910552
0.061877547
0.061844011
0.061811086
0.061779576
0.061749946
0.061722318
0.061696482
0.061671917
0.061647805
0.061623067
0.061596396
0.061566303
0.061531158
0.061489263
0.061438909
0.061378403
0.061306163
0.061220764
0.061120967
0.061005756
0.060874369
0.060726304
0.060561319
0.060379425
0.060180865
0.059966087
0.059735718
0.059490525
0.059231385
0.05895925
0.058675112
0.058379978
0.058074844
0.057760676
0.057438393
0.057108857
0.056772866
0.056431148
0.056084365
0.055733108
0.055377904
0.055019223
0.054657478
0.05429303
0.053926201
0.053557272
0.053186491
0.052814077
0.052440225
0.052065106
0.051688877
0.051311674
0.050933623
0.050554834
0.050175411
0.049795443
0.049415014
0.049034197
0.048653059
0.048271656
0.04789004
0.047508256
0.047126343
0.046744332
0.046362254
0.045980132
0.045597985
0.04521583
0.04483368
0.044451544
0.044069432
0.043687347
0.043305295
0.042923278
0.042541297
0.042159352
0.041777443
0.04139557
0.041013731
0.040631925
0.040250149
0.039868401
0.039486681
0.039104984
0.038723309
0.038341653
0.037960016
0.037578395
0.037196788
0.036815194
0.036433611
0.036052038
0.035670474
0.035288916
0.034907366
0.034525822
0.034144284
0.033762752
0.033381224
0.0329997
0.032618178
0.032236658
0.031855138
0.03147362
0.031092103
0.030710587
0.030329073
0.02994756
0.02956605
0.029184542
0.028803037
0.028421534
0.028040033
0.027658532
0.027277032
0.026895531
0.02651403
0.026132528
0.025751024
0.025369518
0.024988011
0.024606503
0.024224995
0.023843487
0.023461979
0.023080473
0.022698968
0.022317465
0.021935964
0.021554467
0.021172971
0.020791476
0.020409984
0.020028493
0.019647003
0.019265514
0.018884026
0.018502539
0.018121052
0.017739567
0.017358083
0.016976601
0.01659512
0.016213641
0.015832163
0.015450686
0.015069213
0.01468774
0.014306269
0.0139248
0.013543331
0.013161864
0.012780397
0.012398932
0.012017466
0.011636
0.011254533
0.010873066
0.010491598
0.010110129
0.0097286587
0.0093471874
0.008965715
0.0085842414
0.0082027667
0.0078212909
0.0074398141
0.0070583365
0.006676858
0.0062953786
0.0059138983
0.0055324174
0.0051509359
0.0047694537
0.0043879707
0.0040064868
0.003625002
0.0032435161
0.0028620288
0.0024805392
0.0020990464
0.0017175482
0.0013360426
0.00095453254
0.00057308695
0.00019118108
0.21932616
0.21816423
0.21538205
0.21124454
0.20637701
0.20115787
0.19575268
0.19023414
0.18462806
0.17893155
0.17312847
0.16720117
0.16114285
0.15495789
0.14866555
0.14230004
0.13590837
0.12954689
0.1232774
0.11716301
0.11126427
0.10563581
0.10032368
0.095364012
0.090782704
0.086594835
0.082805822
0.079413443
0.076408722
0.073776937
0.071498755
0.069551157
0.067908169
0.066541562
0.065421603
0.064517861
0.063800053
0.063238886
0.062806835
0.062478794
0.062232549
0.062049045
0.061912445
0.061810015
0.061731866
0.0616706
0.061620912
0.061579182
0.061543087
0.061511254
0.061482976
0.061457971
0.061436208
0.061417775
0.061402773
0.061391254
0.061383168
0.061378323
0.061376363
0.061376746
0.061378732
0.061381383
0.061383564
0.061383958
0.061381088
0.061373344
0.061359045
0.061336486
0.061303918
0.0612597
0.061202317
0.0611304
0.061042784
0.06093854
0.060816991
0.060677721
0.060520572
0.060345632
0.06015322
0.059943853
0.059718222
0.059477153
0.059221577
0.058952495
0.058670946
0.058377981
0.058074636
0.057761918
0.057440782
0.057112126
0.056776781
0.056435509
0.056088998
0.05573787
0.055382679
0.055023915
0.054662012
0.054297353
0.053930274
0.05356107
0.05319
0.052817294
0.052443153
0.052067756
0.051691262
0.051313811
0.05093553
0.050556532
0.050176918
0.049796779
0.049416197
0.049035243
0.048653983
0.048272473
0.047890762
0.047508894
0.047126907
0.046744832
0.046362697
0.045980524
0.045598333
0.045216139
0.044833954
0.044451788
0.044069647
0.043687538
0.043305463
0.042923426
0.042541427
0.042159466
0.041777543
0.041395657
0.041013807
0.040631991
0.040250207
0.039868452
0.039486724
0.039105022
0.038723341
0.038341681
0.037960039
0.037578414
0.037196803
0.036815206
0.036433621
0.036052045
0.035670479
0.03528892
0.034907368
0.034525823
0.034144285
0.033762752
0.033381224
0.032999699
0.032618176
0.032236655
0.031855136
0.031473617
0.0310921
0.030710584
0.030329069
0.029947557
0.029566047
0.02918454
0.028803036
0.028421534
0.028040033
0.027658533
0.027277033
0.026895533
0.026514033
0.026132531
0.025751027
0.025369521
0.024988013
0.024606506
0.024224998
0.02384349
0.023461982
0.023080475
0.022698969
0.022317466
0.021935966
0.021554468
0.021172971
0.020791477
0.020409984
0.020028492
0.019647002
0.019265513
0.018884025
0.018502538
0.018121052
0.017739567
0.017358083
0.016976601
0.016595121
0.016213641
0.015832163
0.015450687
0.015069213
0.014687741
0.01430627
0.0139248
0.013543332
0.013161864
0.012780398
0.012398932
0.012017466
0.011636
0.011254533
0.010873066
0.010491598
0.010110129
0.0097286584
0.0093471871
0.0089657148
0.0085842412
0.0082027666
0.0078212909
0.0074398143
0.0070583368
0.0066768584
0.0062953791
0.0059138991
0.0055324186
0.0051509374
0.0047694556
0.0043879732
0.0040064902
0.0036250067
0.0032435224
0.0028620372
0.0024805507
0.0020990623
0.0017175699
0.0013360721
0.00095458262
0.00057317664
0.00019121395
0.22450904
0.22234319
0.21801983
0.2122883
0.20611392
0.19995296
0.19394346
0.18810371
0.1824001
0.17677614
0.17117294
0.16554185
0.15984702
0.15407183
0.14821661
0.14229783
0.13634588
0.13040201
0.1245149
0.11873702
0.11312116
0.10771743
0.1025704
0.097716927
0.093187573
0.089002123
0.085172257
0.081702125
0.07858884
0.075823316
0.073391272
0.071274186
0.069450188
0.067894931
0.066582469
0.065486112
0.06457925
0.063836102
0.063232352
0.062745661
0.062356006
0.062045865
0.061800249
0.061606599
0.061454602
0.061335935
0.061243985
0.061173561
0.061120629
0.061082065
0.061055451
0.0610389
0.061030918
0.061030294
0.061036007
0.061047153
0.061062886
0.061082361
0.061104695
0.061128927
0.061153993
0.061178708
0.061201759
0.061221706
0.061236993
0.061245975
0.061247004
0.061238341
0.061218323
0.061185396
0.061138107
0.061075177
0.060995538
0.060898356
0.060783046
0.060649279
0.060496977
0.060326301
0.060137634
0.059931548
0.059708783
0.059470206
0.059216785
0.05894955
0.058669569
0.058377916
0.058075652
0.057763804
0.057443349
0.057115205
0.056780221
0.05643918
0.056092788
0.055741685
0.055386441
0.055027561
0.054665496
0.054300639
0.053933339
0.053563899
0.053192589
0.052819643
0.05244527
0.052069651
0.051692949
0.051315306
0.05093685
0.050557693
0.050177937
0.049797673
0.049416979
0.049035929
0.048654584
0.048272999
0.047891225
0.047509301
0.047127266
0.046745149
0.046362978
0.045980775
0.045598557
0.045216339
0.044834133
0.044451947
0.04406979
0.043687665
0.043305577
0.042923527
0.042541516
0.042159545
0.041777613
0.04139572
0.041013862
0.04063204
0.04025025
0.03986849
0.039486758
0.039105051
0.038723367
0.038341703
0.037960058
0.03757843
0.037196816
0.036815217
0.036433629
0.036052052
0.035670483
0.035288923
0.03490737
0.034525825
0.034144286
0.033762752
0.033381224
0.032999698
0.032618175
0.032236654
0.031855133
0.031473614
0.031092097
0.030710581
0.030329067
0.029947555
0.029566046
0.029184539
0.028803035
0.028421533
0.028040033
0.027658534
0.027277035
0.026895535
0.026514035
0.026132533
0.025751029
0.025369523
0.024988016
0.024606508
0.024225
0.023843492
0.023461984
0.023080476
0.022698971
0.022317468
0.021935967
0.021554469
0.021172972
0.020791477
0.020409984
0.020028493
0.019647002
0.019265513
0.018884025
0.018502538
0.018121052
0.017739567
0.017358083
0.016976601
0.016595121
0.016213641
0.015832164
0.015450688
0.015069214
0.014687742
0.014306271
0.013924801
0.013543332
0.013161865
0.012780398
0.012398932
0.012017466
0.011635999
0.011254532
0.010873065
0.010491597
0.010110128
0.0097286574
0.009347186
0.0089657135
0.00858424
0.0082027652
0.0078212895
0.0074398128
0.0070583351
0.0066768566
0.0062953773
0.0059138972
0.0055324165
0.0051509351
0.0047694531
0.0043879707
0.0040064878
0.0036250042
0.0032435202
0.0028620356
0.0024805503
0.0020990637
0.0017175741
0.0013360806
0.00095461003
0.00057323541
0.00019123769
0.23312482
0.22866509
0.22159046
0.21356456
0.20579154
0.19862982
0.19208221
0.18603728
0.1803494
0.17488073
0.1695194
0.16418272
0.1588141
0.15337975
0.14786837
0.14228654
0.13665552
0.1310083
0.12538641
0.11983655
0.1144074
0.10914659
0.10409728
0.099300743
0.094787878
0.090582809
0.086702247
0.083155198
0.07994351
0.077062647
0.074502553
0.072248573
0.070282391
0.068582972
0.067127466
0.065892072
0.064852817
0.063986241
0.063269962
0.062683112
0.062206638
0.061823469
0.061518575
0.061278917
0.061093342
0.060952415
0.060848235
0.060774235
0.06072499
0.060696036
0.060683705
0.060684987
0.060697396
0.060718871
0.060747672
0.060782302
0.060821432
0.06086383
0.060908306
0.060953665
0.060998665
0.061041997
0.061082263
0.061117974
0.061147558
0.061169453
0.061181986
0.06118346
0.061172357
0.061147186
0.061106595
0.061049414
0.060974684
0.060881675
0.060769901
0.060639124
0.060489348
0.060320806
0.060133942
0.059929382
0.059707904
0.059470413
0.0592179
0.05895142
0.058672055
0.058380894
0.058079009
0.057767438
0.057447167
0.057119124
0.056784168
0.056443089
0.056096604
0.055745363
0.055389943
0.05503086
0.054668571
0.054303478
0.053935935
0.053566254
0.053194707
0.052821534
0.052446945
0.052071126
0.051694239
0.051316429
0.050937822
0.050558532
0.050178659
0.049798292
0.049417511
0.049036384
0.048654973
0.048273334
0.047891512
0.047509549
0.04712748
0.046745336
0.046363142
0.045980918
0.045598684
0.045216451
0.044834233
0.044452037
0.04406987
0.043687737
0.043305641
0.042923584
0.042541567
0.042159591
0.041777654
0.041395756
0.041013895
0.040632069
0.040250276
0.039868514
0.039486779
0.03910507
0.038723383
0.038341717
0.03796007
0.03757844
0.037196825
0.036815223
0.036433634
0.036052056
0.035670486
0.035288925
0.034907372
0.034525826
0.034144286
0.033762753
0.033381224
0.032999698
0.032618174
0.032236652
0.031855131
0.031473612
0.031092095
0.030710579
0.030329066
0.029947554
0.029566045
0.029184539
0.028803035
0.028421534
0.028040034
0.027658535
0.027277036
0.026895536
0.026514036
0.026132534
0.02575103
0.025369525
0.024988018
0.02460651
0.024225002
0.023843493
0.023461985
0.023080478
0.022698973
0.02231747
0.021935969
0.02155447
0.021172973
0.020791478
0.020409985
0.020028493
0.019647003
0.019265513
0.018884025
0.018502538
0.018121052
0.017739567
0.017358084
0.016976602
0.016595121
0.016213642
0.015832164
0.015450689
0.015069215
0.014687742
0.014306271
0.013924801
0.013543333
0.013161865
0.012780398
0.012398932
0.012017465
0.011635999
0.011254532
0.010873064
0.010491596
0.010110126
0.0097286557
0.0093471842
0.0089657116
0.0085842378
0.0082027629
0.0078212869
0.0074398099
0.007058332
0.0066768532
0.0062953735
0.005913893
0.0055324116
0.0051509297
0.0047694472
0.004387964
0.0040064801
0.0036249956
0.0032435107
0.0028620254
0.0024805394
0.0020990526
0.0017175626
0.0013360695
0.0009546127
0.00057325433
0.00019125233
0.24830419
0.23803039
0.2256402
0.21451962
0.20512315
0.19713934
0.1902715
0.1842135
0.17867617
0.1734349
0.16833199
0.16326086
0.15815629
0.15297508
0.14770213
0.14234112
0.13691022
0.13143948
0.12596779
0.12053989
0.11520338
0.11000516
0.10498732
0.10019472
0.095660304
0.091411307
0.087467984
0.083842995
0.080541813
0.077563379
0.074900871
0.072542584
0.070472863
0.068673051
0.06712239
0.065798868
0.064679981
0.063743388
0.062967457
0.062331694
0.061817052
0.061406135
0.061083297
0.06083466
0.06064807
0.060513001
0.060420431
0.060362694
0.060333329
0.060326931
0.060338997
0.060365797
0.060404242
0.060451768
0.060506235
0.060565823
0.060628951
0.060694191
0.060760208
0.060825696
0.060889338
0.060949776
0.061005592
0.061055275
0.061097232
0.061130248
0.061152304
0.061162
0.061157864
0.061138503
0.061102677
0.061049333
0.060977627
0.060886942
0.060776898
0.060647359
0.060498417
0.060330388
0.060143783
0.059939286
0.059717726
0.059480042
0.059227259
0.058960451
0.058680719
0.058389164
0.058086867
0.057774871
0.057454168
0.057125688
0.056790295
0.056448782
0.056101867
0.055750203
0.05539437
0.055034886
0.054672211
0.054306749
0.053938856
0.053568846
0.053196993
0.052823536
0.052448688
0.052072634
0.051695535
0.051317536
0.050938762
0.050559325
0.050179324
0.049798847
0.049417971
0.049036763
0.048655285
0.048273589
0.047891719
0.047509717
0.047127616
0.046745446
0.046363231
0.04598099
0.045598742
0.045216499
0.044834271
0.044452068
0.044069895
0.043687758
0.043305658
0.042923598
0.042541579
0.042159601
0.041777662
0.041395763
0.041013901
0.040632075
0.040250281
0.039868518
0.039486783
0.039105073
0.038723386
0.038341719
0.037960072
0.037578441
0.037196825
0.036815224
0.036433634
0.036052055
0.035670485
0.035288924
0.03490737
0.034525824
0.034144285
0.033762752
0.033381223
0.032999697
0.032618173
0.03223665
0.031855129
0.03147361
0.031092093
0.030710578
0.030329065
0.029947554
0.029566045
0.029184539
0.028803035
0.028421534
0.028040035
0.027658536
0.027277037
0.026895537
0.026514036
0.026132534
0.025751031
0.025369526
0.024988019
0.024606511
0.024225003
0.023843494
0.023461986
0.02308048
0.022698974
0.022317471
0.02193597
0.021554471
0.021172974
0.020791479
0.020409985
0.020028494
0.019647003
0.019265513
0.018884025
0.018502538
0.018121052
0.017739567
0.017358084
0.016976602
0.016595121
0.016213642
0.015832165
0.015450689
0.015069215
0.014687743
0.014306271
0.013924802
0.013543333
0.013161865
0.012780398
0.012398931
0.012017464
0.011635998
0.011254531
0.010873063
0.010491594
0.010110124
0.0097286537
0.0093471819
0.008965709
0.008584235
0.0082027598
0.0078212835
0.0074398061
0.0070583279
0.0066768486
0.0062953683
0.0059138869
0.0055324048
0.0051509221
0.0047694386
0.0043879541
0.0040064686
0.0036249825
0.003243496
0.0028620089
0.0024805212
0.0020990324
0.0017175401
0.0013360455
0.00095459409
0.00057322792
0.00019125497
0.28255883
0.2538802
0.22997302
0.21457032
0.20371915
0.19528442
0.18843997
0.18261902
0.17738286
0.17243971
0.16760773
0.16277297
0.15787304
0.15286581
0.1477395
0.14249954
0.13716532
0.13176763
0.12634584
0.12094534
0.11561507
0.11040009
0.1053539
0.1005148
0.095919992
0.091600241
0.087578708
0.083870917
0.080485081
0.077422639
0.074678981
0.072244301
0.070104536
0.068242296
0.066637783
0.065269632
0.064115678
0.063153631
0.062361631
0.061718716
0.061205164
0.060802741
0.060494851
0.06026661
0.060104842
0.05999803
0.059936223
0.059910914
0.059914906
0.059942164
0.05998767
0.060047276
0.060117571
0.060195749
0.06027949
0.060366851
0.060456164
0.060545945
0.060634822
0.060721471
0.060804568
0.060882756
0.060954634
0.061018785
0.061073729
0.061117595
0.0611492
0.061167029
0.061169632
0.06115572
0.061124164
0.061074025
0.061004578
0.060915324
0.060806005
0.060676598
0.060527304
0.060358539
0.060170903
0.05996516
0.059742206
0.059503039
0.059248728
0.058980386
0.058699141
0.058406116
0.058102408
0.057789069
0.057467096
0.057137425
0.056800918
0.056458366
0.056110489
0.055757934
0.055401279
0.055041039
0.05467767
0.054311573
0.053943102
0.053572566
0.053200236
0.05282635
0.052451117
0.052074717
0.051697313
0.051319042
0.050940031
0.050560386
0.050180204
0.049799571
0.04941856
0.049037238
0.048655663
0.048273885
0.047891947
0.047509889
0.047127742
0.046745534
0.046363288
0.045981024
0.045598756
0.045216499
0.04483426
0.044452049
0.04406987
0.043687729
0.043305627
0.042923566
0.042541547
0.042159569
0.041777632
0.041395734
0.041013874
0.04063205
0.040250258
0.039868497
0.039486764
0.039105056
0.03872337
0.038341705
0.037960058
0.037578429
0.037196814
0.036815214
0.036433625
0.036052047
0.035670478
0.035288917
0.034907365
0.03452582
0.034144281
0.033762748
0.033381219
0.032999693
0.032618169
0.032236647
0.031855126
0.031473608
0.031092091
0.030710577
0.030329064
0.029947553
0.029566044
0.029184539
0.028803036
0.028421535
0.028040036
0.027658537
0.027277037
0.026895537
0.026514036
0.026132535
0.025751031
0.025369526
0.024988019
0.024606511
0.024225003
0.023843495
0.023461988
0.023080481
0.022698976
0.022317473
0.021935972
0.021554473
0.021172975
0.02079148
0.020409986
0.020028494
0.019647004
0.019265514
0.018884025
0.018502538
0.018121052
0.017739567
0.017358084
0.016976602
0.016595122
0.016213643
0.015832166
0.01545069
0.015069216
0.014687743
0.014306272
0.013924802
0.013543333
0.013161865
0.012780398
0.012398931
0.012017464
0.011635997
0.011254529
0.010873061
0.010491592
0.010110122
0.0097286513
0.0093471792
0.0089657061
0.0085842318
0.0082027562
0.0078212795
0.0074398018
0.007058323
0.0066768431
0.0062953619
0.0059138798
0.0055323969
0.0051509131
0.0047694281
0.0043879419
0.0040064546
0.0036249666
0.0032434779
0.0028619886
0.0024804985
0.0020990076
0.0017175136
0.001336019
0.00095456526
0.00057316528
0.00019124128
0.35297994
0.27967988
0.23652486
0.2152254
0.20240166
0.19347555
0.1867865
0.18131759
0.17643936
0.17180371
0.1672214
0.16258932
0.15783508
0.15294003
0.14789535
0.14270941
0.1374048
0.13201501
0.12658192
0.12115288
0.11577592
0.11050738
0.10539473
0.1004821
0.095809537
0.091410146
0.087309373
0.08352489
0.080066787
0.076938066
0.074135363
0.07164981
0.069467979
0.067572836
0.06594467
0.064561963
0.063402178
0.06244246
0.061660235
0.061033704
0.060542228
0.060166619
0.059889324
0.059694531
0.059568198
0.059498022
0.059473361
0.059485121
0.059525622
0.059588446
0.059668284
0.059760782
0.05986239
0.059970223
0.060081922
0.060195536
0.060309409
0.060422082
0.06053221
0.060638495
0.060739636
0.060834297
0.060921086
0.060998577
0.061065382
0.061119842
0.061160541
0.061186042
0.06119499
0.061186174
0.061158552
0.061111278
0.061043729
0.060955515
0.060846489
0.060716736
0.060566568
0.060396502
0.060207236
0.05999962
0.059774628
0.059533325
0.059276836
0.059006323
0.05872295
0.05842787
0.058122199
0.057807004
0.057483292
0.057152002
0.056813997
0.056470067
0.056120927
0.055767218
0.055409514
0.055048322
0.054684091
0.054317216
0.053948044
0.053576878
0.053203985
0.052829595
0.052453912
0.052077114
0.051699356
0.051320774
0.050941488
0.050561604
0.050181214
0.0498004
0.049419234
0.049037779
0.04865609
0.048274215
0.047892197
0.047510072
0.047127869
0.046745616
0.046363334
0.045981041
0.045598751
0.045216475
0.044834224
0.044452003
0.044069818
0.043687673
0.043305569
0.042923507
0.042541489
0.042159513
0.041777579
0.041395684
0.041013827
0.040632006
0.040250218
0.03986846
0.03948673
0.039105025
0.038723342
0.03834168
0.037960036
0.037578409
0.037196796
0.036815198
0.036433611
0.036052034
0.035670467
0.035288908
0.034907356
0.034525812
0.034144275
0.033762743
0.033381214
0.032999688
0.032618165
0.032236643
0.031855123
0.031473605
0.031092089
0.030710575
0.030329063
0.029947552
0.029566044
0.029184539
0.028803036
0.028421536
0.028040036
0.027658537
0.027277037
0.026895537
0.026514036
0.026132534
0.025751031
0.025369525
0.024988018
0.024606511
0.024225003
0.023843496
0.023461988
0.023080482
0.022698977
0.022317474
0.021935973
0.021554474
0.021172976
0.020791481
0.020409987
0.020028495
0.019647004
0.019265514
0.018884026
0.018502538
0.018121053
0.017739568
0.017358084
0.016976602
0.016595122
0.016213643
0.015832166
0.01545069
0.015069216
0.014687743
0.014306272
0.013924802
0.013543333
0.013161865
0.012780397
0.01239893
0.012017463
0.011635996
0.011254528
0.01087306
0.01049159
0.01011012
0.0097286491
0.0093471768
0.0089657034
0.0085842288
0.0082027529
0.0078212759
0.0074397978
0.0070583185
0.0066768379
0.0062953561
0.0059138734
0.0055323896
0.0051509047
0.0047694183
0.0043879306
0.0040064417
0.0036249518
0.0032434612
0.0028619697
0.0024804777
0.0020989854
0.0017174919
0.0013359992
0.00095454026
0.0005731011
0.00019121625
)
;

boundaryField
{
    inletAnion
    {
        type            fixedFluxPressure;
        gradient        uniform 0;
        value           nonuniform List<scalar> 
24
(
0.3529789
0.2825578
0.24830317
0.23312382
0.22450806
0.2193252
0.21636677
0.2149043
0.2145205
0.21497886
0.21613874
0.2179066
0.22020992
0.22298355
0.22615893
0.22965558
0.23337441
0.23719308
0.2409643
0.24451842
0.24767154
0.25023956
0.25205742
0.25300006
)
;
    }
    inletCation
    {
        type            fixedFluxPressure;
        gradient        uniform 0;
        value           nonuniform List<scalar> 
24
(
0.25300009
0.25205751
0.25023972
0.24767177
0.24451871
0.24096465
0.23719351
0.2333749
0.22965613
0.22615954
0.22298422
0.22021064
0.21790736
0.21613955
0.21497971
0.21452139
0.21490522
0.21636771
0.21932616
0.22450904
0.23312482
0.24830419
0.28255883
0.35297994
)
;
    }
    outlet
    {
        type            fixedValue;
        value           uniform 0;
    }
    walls
    {
        type            fixedFluxPressure;
        gradient        uniform 0;
        value           nonuniform List<scalar> 
480
(
0.3529789
0.27967884
0.23652381
0.21522434
0.2024006
0.19347447
0.1867854
0.18131647
0.17643822
0.17180254
0.16722021
0.1625881
0.15783383
0.15293875
0.14789404
0.14270807
0.13740343
0.13201362
0.12658052
0.12115148
0.11577453
0.11050602
0.1053934
0.10048082
0.095808304
0.091408972
0.087308265
0.083523852
0.080065822
0.076937177
0.074134551
0.071649075
0.069467319
0.067572249
0.065944154
0.064561513
0.063401788
0.062442125
0.061659951
0.061033467
0.060542035
0.060166466
0.059889209
0.059694452
0.059568155
0.059498017
0.059473394
0.059485191
0.059525726
0.059588581
0.059668446
0.059760969
0.0598626
0.059970452
0.060082168
0.060195795
0.060309675
0.060422351
0.060532477
0.060638758
0.060739896
0.060834552
0.060921336
0.060998821
0.061065617
0.061120066
0.061160753
0.06118624
0.061195173
0.061186341
0.061158703
0.061111412
0.061043846
0.060955617
0.060846577
0.060716811
0.060566632
0.060396556
0.06020728
0.059999653
0.05977465
0.059533334
0.059276835
0.059006312
0.058722933
0.058427849
0.058122177
0.057806983
0.057483273
0.057151984
0.056813981
0.056470053
0.056120915
0.055767206
0.055409502
0.055048311
0.054684081
0.054317208
0.053948037
0.053576872
0.053203978
0.052829586
0.0524539
0.052077096
0.051699332
0.051320744
0.050941453
0.050561563
0.05018117
0.049800354
0.049419187
0.049037733
0.048656047
0.048274175
0.04789216
0.047510038
0.047127838
0.046745588
0.04636331
0.045981022
0.045598737
0.045216468
0.04483422
0.044452001
0.044069816
0.04368767
0.043305565
0.042923503
0.042541487
0.042159514
0.041777583
0.041395692
0.041013837
0.040632016
0.040250227
0.039868467
0.039486735
0.039105028
0.038723345
0.038341683
0.03796004
0.037578414
0.037196803
0.036815206
0.036433621
0.036052046
0.035670479
0.03528892
0.034907366
0.034525818
0.034144275
0.033762738
0.033381205
0.032999678
0.032618156
0.032236638
0.031855123
0.031473611
0.031092099
0.030710588
0.030329077
0.029947567
0.029566057
0.029184548
0.028803041
0.028421535
0.028040031
0.027658528
0.027277027
0.026895527
0.026514027
0.026132527
0.025751025
0.025369523
0.024988018
0.024606512
0.024225005
0.023843498
0.023461991
0.023080483
0.022698977
0.022317472
0.021935969
0.021554468
0.02117297
0.020791473
0.020409978
0.020028485
0.019646992
0.019265501
0.018884012
0.018502524
0.018121036
0.01773955
0.017358065
0.016976582
0.016595101
0.016213621
0.015832144
0.015450669
0.015069196
0.014687725
0.014306256
0.013924788
0.013543322
0.013161857
0.012780392
0.012398928
0.012017464
0.011635999
0.011254534
0.010873068
0.0104916
0.010110132
0.0097286618
0.0093471901
0.0089657168
0.0085842419
0.0082027655
0.0078212876
0.0074398085
0.0070583281
0.0066768465
0.0062953637
0.0059138799
0.0055323949
0.0051509088
0.0047694215
0.0043879331
0.0040064436
0.003624953
0.0032434613
0.0028619689
0.0024804762
0.0020989837
0.0017174903
0.0013359981
0.00095453994
0.00057310114
0.00019121628
0.35297994
0.27967988
0.23652486
0.2152254
0.20240166
0.19347555
0.1867865
0.18131759
0.17643936
0.17180371
0.1672214
0.16258932
0.15783508
0.15294003
0.14789535
0.14270941
0.1374048
0.13201501
0.12658192
0.12115288
0.11577592
0.11050738
0.10539473
0.1004821
0.095809537
0.091410146
0.087309373
0.08352489
0.080066787
0.076938066
0.074135363
0.07164981
0.069467979
0.067572836
0.06594467
0.064561963
0.063402178
0.06244246
0.061660235
0.061033704
0.060542228
0.060166619
0.059889324
0.059694531
0.059568198
0.059498022
0.059473361
0.059485121
0.059525622
0.059588446
0.059668284
0.059760782
0.05986239
0.059970223
0.060081922
0.060195536
0.060309409
0.060422082
0.06053221
0.060638495
0.060739636
0.060834297
0.060921086
0.060998577
0.061065382
0.061119842
0.061160541
0.061186042
0.06119499
0.061186174
0.061158552
0.061111278
0.061043729
0.060955515
0.060846489
0.060716736
0.060566568
0.060396502
0.060207236
0.05999962
0.059774628
0.059533325
0.059276836
0.059006323
0.05872295
0.05842787
0.058122199
0.057807004
0.057483292
0.057152002
0.056813997
0.056470067
0.056120927
0.055767218
0.055409514
0.055048322
0.054684091
0.054317216
0.053948044
0.053576878
0.053203985
0.052829595
0.052453912
0.052077114
0.051699356
0.051320774
0.050941488
0.050561604
0.050181214
0.0498004
0.049419234
0.049037779
0.04865609
0.048274215
0.047892197
0.047510072
0.047127869
0.046745616
0.046363334
0.045981041
0.045598751
0.045216475
0.044834224
0.044452003
0.044069818
0.043687673
0.043305569
0.042923507
0.042541489
0.042159513
0.041777579
0.041395684
0.041013827
0.040632006
0.040250218
0.03986846
0.03948673
0.039105025
0.038723342
0.03834168
0.037960036
0.037578409
0.037196796
0.036815198
0.036433611
0.036052034
0.035670467
0.035288908
0.034907356
0.034525812
0.034144275
0.033762743
0.033381214
0.032999688
0.032618165
0.032236643
0.031855123
0.031473605
0.031092089
0.030710575
0.030329063
0.029947552
0.029566044
0.029184539
0.028803036
0.028421536
0.028040036
0.027658537
0.027277037
0.026895537
0.026514036
0.026132534
0.025751031
0.025369525
0.024988018
0.024606511
0.024225003
0.023843496
0.023461988
0.023080482
0.022698977
0.022317474
0.021935973
0.021554474
0.021172976
0.020791481
0.020409987
0.020028495
0.019647004
0.019265514
0.018884026
0.018502538
0.018121053
0.017739568
0.017358084
0.016976602
0.016595122
0.016213643
0.015832166
0.01545069
0.015069216
0.014687743
0.014306272
0.013924802
0.013543333
0.013161865
0.012780397
0.01239893
0.012017463
0.011635996
0.011254528
0.01087306
0.01049159
0.01011012
0.0097286491
0.0093471768
0.0089657034
0.0085842288
0.0082027529
0.0078212759
0.0074397978
0.0070583185
0.0066768379
0.0062953561
0.0059138734
0.0055323896
0.0051509047
0.0047694183
0.0043879306
0.0040064417
0.0036249518
0.0032434612
0.0028619697
0.0024804777
0.0020989854
0.0017174919
0.0013359992
0.00095454026
0.0005731011
0.00019121625
)
;
    }
    frontAndBack
    {
        type            empty;
    }
}


// ************************************************************************* //
