/*--------------------------------*- C++ -*----------------------------------*\
| =========                 |                                                 |
| \\      /  F ield         | OpenFOAM: The Open Source CFD Toolbox           |
|  \\    /   O peration     | Version:  1912                                  |
|   \\  /    A nd           | Website:  www.openfoam.com                      |
|    \\/     M anipulation  |                                                 |
\*---------------------------------------------------------------------------*/
FoamFile
{
    version     2.0;
    format      ascii;
    class       surfaceScalarField;
    location    "1";
    object      phi;
}
// * * * * * * * * * * * * * * * * * * * * * * * * * * * * * * * * * * * * * //

dimensions      [0 3 -1 0 0 0 0];
oriented        oriented;


internalField   nonuniform List<scalar> 
22752
(
1.3569094e-09
3.0975722e-10
1.0286943e-09
3.2821515e-10
7.9927309e-10
2.294212e-10
6.4748678e-10
1.5178631e-10
5.489118e-10
9.8574981e-11
4.8569209e-10
6.321971e-11
4.4553628e-10
4.0155812e-11
4.204458e-10
2.5090478e-11
4.0539298e-10
1.5052823e-11
3.9720214e-10
8.1908378e-12
3.9378519e-10
3.4169526e-12
3.9380094e-10
-1.5749105e-14
3.9607257e-10
-2.2716334e-12
3.9984782e-10
-3.7752474e-12
4.044486e-10
-4.6007794e-12
4.0930299e-10
-4.8543915e-12
4.1392151e-10
-4.6185155e-12
4.1788778e-10
-3.9662713e-12
4.2085736e-10
-2.9695809e-12
4.225684e-10
-1.7110401e-12
4.2276498e-10
-1.9657733e-13
4.21377e-10
1.3879718e-12
4.1832394e-10
3.0530663e-12
4.1360005e-10
4.7238905e-12
4.0725673e-10
6.3433163e-12
3.9939108e-10
7.8656505e-12
3.9013602e-10
9.2550554e-12
3.7965072e-10
1.0485309e-11
3.6811175e-10
1.1538967e-11
3.5570551e-10
1.2406237e-11
3.4262169e-10
1.3083822e-11
3.290479e-10
1.3573786e-11
3.1516539e-10
1.3882517e-11
3.0114553e-10
1.4019862e-11
2.8714713e-10
1.3998398e-11
2.733143e-10
1.3832824e-11
2.597749e-10
1.3539402e-11
2.4663946e-10
1.313544e-11
2.3400069e-10
1.2638767e-11
2.2193346e-10
1.206723e-11
2.1049527e-10
1.1438196e-11
1.9972716e-10
1.0768108e-11
1.8965505e-10
1.0072111e-11
1.8029128e-10
9.3637671e-12
1.7163642e-10
8.6548652e-12
1.6368109e-10
7.9553245e-12
1.5640791e-10
7.2731884e-12
1.4979321e-10
6.6146913e-12
1.4380883e-10
5.9843802e-12
1.3842355e-10
5.3852804e-12
1.3360446e-10
4.8190938e-12
1.2931804e-10
4.2864165e-12
1.2553108e-10
3.7869637e-12
1.2221129e-10
3.3197946e-12
1.1932776e-10
2.883528e-12
1.1685121e-10
2.4765439e-12
1.1475405e-10
2.0971581e-12
1.1301029e-10
1.7437675e-12
1.1159533e-10
1.4149606e-12
1.1048574e-10
1.1095889e-12
1.0965894e-10
8.2680198e-13
1.0909288e-10
5.6605254e-13
1.0876576e-10
3.2712576e-13
1.0865609e-10
1.0966647e-13
1.0874325e-10
-8.7156529e-14
1.0900377e-10
-2.6051952e-13
1.0941664e-10
-4.12877e-13
1.0996038e-10
-5.4373799e-13
1.1061367e-10
-6.5328705e-13
1.1135572e-10
-7.4205164e-13
1.1216654e-10
-8.108207e-13
1.1302719e-10
-8.6064921e-13
1.1392003e-10
-8.9284259e-13
1.1482896e-10
-9.0892423e-13
1.1573955e-10
-9.1059001e-13
1.166392e-10
-8.9965426e-13
1.175172e-10
-8.7799327e-13
1.1836468e-10
-8.4748787e-13
1.1917465e-10
-8.0996881e-13
1.1994182e-10
-7.6716987e-13
1.2066251e-10
-7.2068967e-13
1.2133447e-10
-6.7196316e-13
1.2195672e-10
-6.2224428e-13
1.2252932e-10
-5.7259765e-13
1.2305321e-10
-5.2389827e-13
1.2353005e-10
-4.7683859e-13
1.2396199e-10
-4.3194115e-13
1.2435157e-10
-3.8957572e-13
1.2470155e-10
-3.499795e-13
1.2501483e-10
-3.1327759e-13
1.2529433e-10
-2.7950266e-13
1.2554294e-10
-2.4861408e-13
1.2576346e-10
-2.205158e-13
1.2595853e-10
-1.9507243e-13
1.2613066e-10
-1.7212315e-13
1.2628215e-10
-1.5149252e-13
1.2641515e-10
-1.3299875e-13
1.2653161e-10
-1.164603e-13
1.2663331e-10
-1.0170085e-13
1.2672186e-10
-8.8552896e-14
1.2679872e-10
-7.6860155e-14
1.268652e-10
-6.6478715e-14
1.2692248e-10
-5.7277252e-14
1.2697161e-10
-4.9136693e-14
1.2701356e-10
-4.1949427e-14
1.2704918e-10
-3.5618331e-14
1.2707924e-10
-3.0055831e-14
1.2710442e-10
-2.5182985e-14
1.2712535e-10
-2.0928598e-14
1.2714258e-10
-1.7228401e-14
1.271566e-10
-1.4024186e-14
1.2716786e-10
-1.1263001e-14
1.2717676e-10
-8.896506e-15
1.2718364e-10
-6.8805187e-15
1.2718882e-10
-5.1747356e-15
1.2719256e-10
-3.7425453e-15
1.2719511e-10
-2.5508103e-15
1.2719668e-10
-1.569587e-15
1.2719745e-10
-7.7199096e-16
1.2719758e-10
-1.3354215e-16
1.2719722e-10
3.6951592e-16
1.2719646e-10
7.567928e-16
1.2719541e-10
1.046658e-15
1.2719416e-10
1.2552754e-15
1.2719276e-10
1.3965527e-15
1.2719128e-10
1.4822744e-15
1.2718976e-10
1.5224274e-15
1.2718823e-10
1.5256495e-15
1.2718673e-10
1.4996336e-15
1.2718528e-10
1.4513344e-15
1.2718389e-10
1.3869519e-15
1.2718258e-10
1.3117812e-15
1.2718135e-10
1.2300716e-15
1.271802e-10
1.1450116e-15
1.2717915e-10
1.0588767e-15
1.2717817e-10
9.7328019e-16
1.2717728e-10
8.8943191e-16
1.2717647e-10
8.0832987e-16
1.2717574e-10
7.3084065e-16
1.2717509e-10
6.5768802e-16
1.271745e-10
5.8940292e-16
1.2717397e-10
5.2628103e-16
1.271735e-10
4.6838097e-16
1.2717309e-10
4.1557137e-16
1.2717272e-10
3.6760165e-16
1.2717239e-10
3.2417239e-16
1.2717211e-10
2.8499053e-16
1.2717186e-10
2.4979289e-16
1.2717164e-10
2.1833718e-16
1.2717145e-10
1.9037284e-16
1.2717129e-10
1.6560156e-16
1.2717114e-10
1.4365306e-16
1.2717102e-10
1.2410579e-16
1.2717091e-10
1.0655273e-16
1.2717082e-10
9.0690267e-17
1.2717074e-10
7.6390061e-17
1.2717068e-10
6.3701609e-17
1.2717063e-10
5.277073e-17
1.2717058e-10
4.3709889e-17
1.2717055e-10
3.6476081e-17
1.2717052e-10
3.0817417e-17
1.2717049e-10
2.6320137e-17
1.2717047e-10
2.2526664e-17
1.2717045e-10
1.9068035e-17
1.2717043e-10
1.5755763e-17
1.2717042e-10
1.2590123e-17
1.2717041e-10
9.6892066e-18
1.271704e-10
7.1863733e-18
1.271704e-10
5.1475612e-18
1.2717039e-10
3.5514636e-18
1.2717039e-10
2.3379438e-18
1.2717039e-10
1.4707003e-18
1.2717039e-10
9.5418042e-19
1.2717039e-10
7.8735079e-19
1.2717039e-10
8.8845605e-19
1.2717039e-10
1.0678852e-18
1.2717039e-10
1.1007814e-18
1.2717039e-10
8.5492938e-19
1.2717039e-10
3.738019e-19
1.2717039e-10
-1.5792946e-19
1.2717039e-10
-5.5323676e-19
1.2717039e-10
-7.5117208e-19
1.2717039e-10
-8.2191387e-19
1.2717039e-10
-8.5126742e-19
1.2717039e-10
-8.1582698e-19
1.2717039e-10
-5.7101068e-19
1.2717039e-10
1.8053549e-20
1.2717039e-10
9.1626697e-19
1.2717039e-10
1.8900178e-18
1.2717038e-10
2.6552055e-18
1.2717038e-10
3.0892187e-18
1.2717038e-10
3.324787e-18
1.2717037e-10
3.6248715e-18
1.2717037e-10
4.1428463e-18
1.2717037e-10
4.7969408e-18
1.2717036e-10
5.380742e-18
1.2717035e-10
5.7983726e-18
1.2717035e-10
6.1741835e-18
1.2717034e-10
6.7032651e-18
1.2717033e-10
7.4072279e-18
1.2717033e-10
8.0897902e-18
1.2717032e-10
8.5568079e-18
1.2717031e-10
8.8465056e-18
1.271703e-10
9.1909006e-18
1.2717029e-10
9.7478473e-18
1.2717028e-10
1.0439463e-17
1.2717027e-10
1.1101989e-17
1.2717026e-10
1.1736555e-17
1.2717024e-10
1.2521428e-17
1.2717023e-10
1.3580585e-17
1.2717022e-10
1.4840178e-17
1.271702e-10
1.6181031e-17
1.2717018e-10
1.7657373e-17
1.2717016e-10
1.9441601e-17
1.2717014e-10
2.1586648e-17
1.2717012e-10
2.4007226e-17
1.2717009e-10
2.6722669e-17
1.2717006e-10
2.994448e-17
1.2717003e-10
3.3838626e-17
1.2716999e-10
3.8377901e-17
1.2716994e-10
4.3576673e-17
1.2716989e-10
4.9696565e-17
1.2716984e-10
5.7023316e-17
1.2716977e-10
6.5633128e-17
1.271697e-10
7.5631512e-17
1.2716961e-10
8.7434272e-17
1.2716951e-10
1.0156724e-16
1.2716939e-10
1.1840241e-16
1.2716925e-10
1.383286e-16
1.2716909e-10
1.6200243e-16
1.271689e-10
1.9015734e-16
1.2716867e-10
2.2299584e-16
1.2716842e-10
2.5930413e-16
1.2716812e-10
2.9442123e-16
1.2716781e-10
3.1532829e-16
1.2716751e-10
2.9758201e-16
1.2716731e-10
1.9990168e-16
1.2716738e-10
-6.8367486e-17
1.271681e-10
-7.2568651e-16
-5.2249149e-16
1.7497583e-09
2.266656e-10
1.6985493e-09
3.7942419e-10
1.5737864e-09
3.5418409e-10
1.4402641e-09
2.8530862e-10
1.3228366e-09
2.1600246e-10
1.2292494e-09
1.5680691e-10
1.1593787e-09
1.1002644e-10
1.1100024e-09
7.4466828e-11
1.0772726e-09
4.7782632e-11
1.0576808e-09
2.7782649e-11
1.048296e-09
1.2801718e-11
1.0466398e-09
1.6404668e-12
1.0507668e-09
-6.3986879e-12
1.0589304e-09
-1.1938781e-11
1.0696584e-09
-1.5328777e-11
1.0816499e-09
-1.6845894e-11
1.0937547e-09
-1.67233e-11
1.1049634e-09
-1.5174965e-11
1.1144051e-09
-1.2411303e-11
1.1213401e-09
-8.6460388e-12
1.1252304e-09
-4.0869097e-12
1.1255637e-09
1.0546621e-12
1.1221274e-09
6.4893798e-12
1.1147439e-09
1.2107398e-11
1.1033935e-09
1.7693738e-11
1.0881688e-09
2.3090357e-11
1.06926e-09
2.8163844e-11
1.0469376e-09
3.2807732e-11
1.021535e-09
3.6941554e-11
9.9343258e-10
4.0508633e-11
9.6304287e-10
4.347353e-11
9.3079729e-10
4.5819371e-11
8.9713446e-10
4.7545344e-11
8.624898e-10
4.8664527e-11
8.2728617e-10
4.9202027e-11
7.9192568e-10
4.919331e-11
7.5678251e-10
4.8682574e-11
7.2219689e-10
4.7721061e-11
6.8847043e-10
4.6365226e-11
6.5586289e-10
4.4674766e-11
6.2459048e-10
4.2710612e-11
5.9482563e-10
4.0532948e-11
5.6669833e-10
3.8199417e-11
5.4029849e-10
3.5763601e-11
5.1567951e-10
3.3273846e-11
4.9286238e-10
3.0772462e-11
4.7184028e-10
2.8295284e-11
4.5258339e-10
2.5871578e-11
4.3504354e-10
2.3524231e-11
4.1915864e-10
2.1270184e-11
4.048567e-10
1.9121029e-11
3.9205938e-10
1.7083736e-11
3.806849e-10
1.516145e-11
3.7065037e-10
1.3354324e-11
3.6187357e-10
1.1660324e-11
3.5427413e-10
1.0075993e-11
3.4777416e-10
8.5971261e-12
3.4229859e-10
7.2193377e-12
3.3777505e-10
5.9385007e-12
3.341336e-10
4.7510357e-12
3.3130631e-10
3.6540936e-12
3.2922677e-10
2.6455936e-12
3.2782972e-10
1.72417e-12
3.2705048e-10
8.8890729e-13
3.268291e-10
1.3422652e-13
3.270959e-10
-5.2731653e-13
3.2779258e-10
-1.1095658e-12
3.2885781e-10
-1.6089582e-12
3.3023224e-10
-2.0277215e-12
3.3185882e-10
-2.3686329e-12
3.3368329e-10
-2.635287e-12
3.3565477e-10
-2.83213e-12
3.3772631e-10
-2.9643883e-12
3.3985534e-10
-3.0379515e-12
3.4200397e-10
-3.059216e-12
3.4413921e-10
-3.0349004e-12
3.4623307e-10
-2.9718532e-12
3.4826245e-10
-2.876862e-12
3.5020895e-10
-2.7564749e-12
3.5205863e-10
-2.6168503e-12
3.5380158e-10
-2.4636341e-12
3.5543149e-10
-2.3018719e-12
3.569452e-10
-2.1359571e-12
3.5834221e-10
-1.9696105e-12
3.596242e-10
-1.8058863e-12
3.6079457e-10
-1.6472039e-12
3.6185802e-10
-1.4953958e-12
3.6282021e-10
-1.3517691e-12
3.6368741e-10
-1.2171752e-12
3.6446621e-10
-1.092081e-12
3.6516335e-10
-9.7663886e-13
3.6578549e-10
-8.7075301e-13
3.6633911e-10
-7.7414016e-13
3.6683042e-10
-6.863824e-13
3.6726527e-10
-6.0697299e-13
3.6764913e-10
-5.3535292e-13
3.6798707e-10
-4.7093959e-13
3.6828376e-10
-4.1314923e-13
3.6854347e-10
-3.6141306e-13
3.6877011e-10
-3.1518844e-13
3.6896722e-10
-2.7396621e-13
3.6913801e-10
-2.3727452e-13
3.6928541e-10
-2.0467977e-13
3.6941206e-10
-1.7578606e-13
3.6952035e-10
-1.50233e-13
3.6961242e-10
-1.2769283e-13
3.6969023e-10
-1.0786763e-13
3.6975554e-10
-9.0486528e-14
3.6980991e-10
-7.5303096e-14
3.6985478e-10
-6.2092957e-14
3.698914e-10
-5.0651404e-14
3.6992093e-10
-4.0791221e-14
3.6994438e-10
-3.2340936e-14
3.6996264e-10
-2.5143446e-14
3.6997652e-10
-1.9054981e-14
3.6998672e-10
-1.3944305e-14
3.6999386e-10
-9.6919394e-15
3.6999848e-10
-6.1893796e-15
3.7000105e-10
-3.3382962e-15
3.7000196e-10
-1.0492958e-15
3.7000158e-10
7.5657567e-16
3.7000018e-10
2.1521675e-15
3.6999803e-10
3.2019268e-15
3.6999532e-10
3.9625657e-15
3.6999223e-10
4.4837577e-15
3.6998891e-10
4.808412e-15
3.6998546e-10
4.9733103e-15
3.6998197e-10
5.0099849e-15
3.6997852e-10
4.9456276e-15
3.6997517e-10
4.8037889e-15
3.6997195e-10
4.6047627e-15
3.699689e-10
4.365725e-15
3.6996603e-10
4.1007955e-15
3.6996335e-10
3.8212062e-15
3.6996088e-10
3.5356469e-15
3.699586e-10
3.2507375e-15
3.6995652e-10
2.9715127e-15
3.6995462e-10
2.7018182e-15
3.6995291e-10
2.4445621e-15
3.6995137e-10
2.2018481e-15
3.6994998e-10
1.9750538e-15
3.6994874e-10
1.7649048e-15
3.6994764e-10
1.571571e-15
3.6994666e-10
1.3947858e-15
3.6994579e-10
1.2339619e-15
3.6994503e-10
1.0882929e-15
3.6994436e-10
9.568503e-16
3.6994377e-10
8.3866987e-16
3.6994325e-10
7.3281257e-16
3.6994281e-10
6.3838589e-16
3.6994242e-10
5.5450783e-16
3.6994208e-10
4.8023978e-16
3.6994179e-10
4.1455374e-16
3.6994154e-10
3.5637851e-16
3.6994133e-10
3.047259e-16
3.6994114e-10
2.5884395e-16
3.6994099e-10
2.182971e-16
3.6994086e-10
1.8291016e-16
3.6994075e-10
1.5259814e-16
3.6994066e-10
1.271581e-16
3.6994058e-10
1.0612657e-16
3.6994052e-10
8.8777418e-17
3.6994047e-10
7.4249458e-17
3.6994043e-10
6.1738408e-17
3.6994039e-10
5.0673988e-17
3.6994036e-10
4.0798725e-17
3.6994034e-10
3.2114612e-17
3.6994032e-10
2.4734645e-17
3.6994031e-10
1.8713046e-17
3.699403e-10
1.3948981e-17
3.6994029e-10
1.022274e-17
3.6994029e-10
7.3165779e-18
3.6994028e-10
5.110872e-18
3.6994028e-10
3.5747725e-18
3.6994028e-10
2.6539923e-18
3.6994028e-10
2.1646469e-18
3.6994028e-10
1.815159e-18
3.6994028e-10
1.3505793e-18
3.6994027e-10
6.9567754e-19
3.6994027e-10
-2.9622791e-20
3.6994027e-10
-6.4515847e-19
3.6994028e-10
-1.0694895e-18
3.6994028e-10
-1.3449612e-18
3.6994028e-10
-1.5156133e-18
3.6994028e-10
-1.4927765e-18
3.6994028e-10
-1.0581385e-18
3.6994028e-10
-3.72137e-20
3.6994028e-10
1.5009104e-18
3.6994028e-10
3.2185298e-18
3.6994027e-10
4.7112012e-18
3.6994027e-10
5.7919985e-18
3.6994027e-10
6.6270435e-18
3.6994026e-10
7.5842496e-18
3.6994026e-10
8.9120511e-18
3.6994025e-10
1.0545417e-17
3.6994025e-10
1.2221428e-17
3.6994024e-10
1.3782536e-17
3.6994023e-10
1.5343014e-17
3.6994022e-10
1.7123395e-17
3.6994021e-10
1.9146781e-17
3.6994019e-10
2.1178441e-17
3.6994018e-10
2.2995224e-17
3.6994016e-10
2.4658891e-17
3.6994015e-10
2.6456547e-17
3.6994013e-10
2.8586812e-17
3.6994011e-10
3.1007806e-17
3.6994008e-10
3.3646209e-17
3.6994006e-10
3.6656062e-17
3.6994003e-10
4.0350005e-17
3.6994e-10
4.4905511e-17
3.6993996e-10
5.027377e-17
3.6993992e-10
5.6419509e-17
3.6993988e-10
6.3514002e-17
3.6993983e-10
7.1766959e-17
3.6993977e-10
8.118428e-17
3.699397e-10
9.1703236e-17
3.6993962e-10
1.0352729e-16
3.6993954e-10
1.1710108e-16
3.6993944e-10
1.3276002e-16
3.6993932e-10
1.506837e-16
3.699392e-10
1.7126806e-16
3.6993905e-10
1.9524032e-16
3.6993888e-10
2.2329257e-16
3.6993869e-10
2.559694e-16
3.6993848e-10
2.9409241e-16
3.6993822e-10
3.3894181e-16
3.6993793e-10
3.9195646e-16
3.699376e-10
4.5469146e-16
3.6993721e-10
5.2908334e-16
3.6993675e-10
6.175046e-16
3.6993622e-10
7.225579e-16
3.699356e-10
8.4621737e-16
3.6993487e-10
9.8803749e-16
3.6993402e-10
1.1417952e-15
3.6993305e-10
1.2882674e-15
3.6993196e-10
1.3873808e-15
3.6993078e-10
1.3778697e-15
3.6992955e-10
1.1639109e-15
3.6992817e-10
6.5047992e-16
1.1390614e-15
1.752572e-09
1.4076027e-10
1.8308064e-09
3.0118975e-10
1.8439371e-09
3.4105342e-10
1.8120571e-09
3.1718858e-10
1.7595665e-09
2.6849314e-10
1.7029442e-09
2.1342922e-10
1.651894e-09
1.6107656e-10
1.6110895e-09
1.1527135e-10
1.5819716e-09
7.6900515e-11
1.5641976e-09
4.5556672e-11
1.556557e-09
2.0442291e-11
1.5574458e-09
7.5173382e-13
1.5652277e-09
-1.4180634e-11
1.5781999e-09
-2.491093e-11
1.5947451e-09
-3.1874004e-11
1.6133339e-09
-3.5434672e-11
1.6325394e-09
-3.5928813e-11
1.6510538e-09
-3.3689397e-11
1.6677043e-09
-2.9061816e-11
1.681468e-09
-2.240974e-11
1.691494e-09
-1.41129e-11
1.697103e-09
-4.5542608e-12
1.697742e-09
5.8503736e-12
1.6931039e-09
1.674544e-11
1.6830013e-09
2.7796332e-11
1.6674067e-09
3.8685026e-11
1.646429e-09
4.9141452e-11
1.6202962e-09
5.8940562e-11
1.5893372e-09
6.7900528e-11
1.5539653e-09
7.5880599e-11
1.514661e-09
8.2777812e-11
1.471957e-09
8.8523336e-11
1.4264232e-09
9.307918e-11
1.3786522e-09
9.643548e-11
1.329246e-09
9.8608281e-11
1.2788018e-09
9.9637518e-11
1.2278995e-09
9.9584895e-11
1.1770892e-09
9.8531338e-11
1.1268805e-09
9.6573871e-11
1.0777334e-09
9.3821858e-11
1.0300513e-09
9.0392802e-11
9.8417628e-10
8.6407915e-11
9.4038789e-10
8.1987809e-11
8.9890294e-10
7.7248556e-11
8.598784e-10
7.2298387e-11
8.2341573e-10
6.7235127e-11
7.8956655e-10
6.2144468e-11
7.5833909e-10
5.7099032e-11
7.2970516e-10
5.2158167e-11
7.0360696e-10
4.7368375e-11
6.7996376e-10
4.2764233e-11
6.5867781e-10
3.8369683e-11
6.3963969e-10
3.4199577e-11
6.2273266e-10
3.0261348e-11
6.0783628e-10
2.6556704e-11
5.9482903e-10
2.308325e-11
5.8359018e-10
1.9835969e-11
5.7400104e-10
1.6808477e-11
5.6594551e-10
1.3994037e-11
5.5931027e-10
1.1386274e-11
5.5398473e-10
8.9796354e-12
5.4986076e-10
6.7695587e-12
5.4683253e-10
4.7524043e-12
5.4479637e-10
2.9250672e-12
5.4364659e-10
1.2840029e-12
5.4328947e-10
-1.7019703e-13
5.4362273e-10
-1.44282e-12
5.4455215e-10
-2.5383803e-12
5.4598599e-10
-3.4615672e-12
5.4783652e-10
-4.2191588e-12
5.5002075e-10
-4.8195193e-12
5.5246122e-10
-5.2725963e-12
5.5508661e-10
-5.5897826e-12
5.5783234e-10
-5.7836816e-12
5.6064093e-10
-5.8677991e-12
5.6346221e-10
-5.8561818e-12
5.662534e-10
-5.7630435e-12
5.6897893e-10
-5.6023961e-12
5.7161016e-10
-5.3877049e-12
5.7412491e-10
-5.1315997e-12
5.7650692e-10
-4.8456412e-12
5.787452e-10
-4.5401526e-12
5.8083337e-10
-4.2241247e-12
5.8276894e-10
-3.9051798e-12
5.8455264e-10
-3.5895903e-12
5.8618778e-10
-3.2823469e-12
5.8767965e-10
-2.9872587e-12
5.8903495e-10
-2.7070772e-12
5.9026142e-10
-2.4436376e-12
5.9136734e-10
-2.1980026e-12
5.923613e-10
-1.9706021e-12
5.9325192e-10
-1.7613672e-12
5.9404763e-10
-1.5698504e-12
5.9475657e-10
-1.3953302e-12
5.953865e-10
-1.2369014e-12
5.959447e-10
-1.0935477e-12
5.9643796e-10
-9.6419841e-13
5.9687258e-10
-8.4777338e-13
5.9725438e-10
-7.4321426e-13
5.975887e-10
-6.4950627e-13
5.9788042e-10
-5.6569254e-13
5.9813403e-10
-4.9088148e-13
5.983536e-10
-4.2424916e-13
5.9854285e-10
-3.6503857e-13
5.9870518e-10
-3.1255621e-13
5.9884365e-10
-2.661672e-13
5.9896107e-10
-2.2529047e-13
5.9905998e-10
-1.8939386e-13
5.9914267e-10
-1.5798955e-13
5.9921121e-10
-1.3062998e-13
5.9926746e-10
-1.0690403e-13
5.993131e-10
-8.6433435e-14
5.9934963e-10
-6.8870074e-14
5.9937838e-10
-5.3893667e-14
5.9940053e-10
-4.1210016e-14
5.9941714e-10
-3.0549581e-14
5.9942911e-10
-2.1666113e-14
5.9943726e-10
-1.4335324e-14
5.9944227e-10
-8.3536227e-15
5.9944476e-10
-3.5366862e-15
5.9944524e-10
2.8042673e-16
5.9944414e-10
3.2461536e-15
5.9944185e-10
5.4940619e-15
5.9943867e-10
7.1409015e-15
5.9943487e-10
8.2894238e-15
5.9943065e-10
9.0288606e-15
5.9942619e-10
9.4360408e-15
5.9942162e-10
9.5768089e-15
5.9941706e-10
9.5075292e-15
5.9941258e-10
9.2764118e-15
5.9940826e-10
8.9245038e-15
5.9940414e-10
8.4863519e-15
5.9940025e-10
7.9904964e-15
5.9939662e-10
7.4599998e-15
5.9939324e-10
6.9131087e-15
5.9939012e-10
6.3640178e-15
5.9938727e-10
5.8236355e-15
5.9938467e-10
5.3002365e-15
5.9938232e-10
4.7999463e-15
5.9938019e-10
4.3270891e-15
5.9937828e-10
3.8844594e-15
5.9937658e-10
3.4735718e-15
5.9937505e-10
3.0949072e-15
5.993737e-10
2.7481423e-15
5.993725e-10
2.4323391e-15
5.9937144e-10
2.146099e-15
5.9937051e-10
1.8877116e-15
5.9936969e-10
1.6553096e-15
5.9936898e-10
1.4470146e-15
5.9936836e-10
1.26103e-15
5.9936782e-10
1.0956396e-15
5.9936735e-10
9.4912424e-16
5.9936694e-10
8.1968104e-16
5.9936659e-10
7.0542833e-16
5.9936629e-10
6.0453191e-16
5.9936604e-10
5.154056e-16
5.9936582e-10
4.3686456e-16
5.9936563e-10
3.6812653e-16
5.9936548e-10
3.0865257e-16
5.9936535e-10
2.5790065e-16
5.9936524e-10
2.1511444e-16
5.9936515e-10
1.7925508e-16
5.9936507e-10
1.4909511e-16
5.9936501e-10
1.2342008e-16
5.9936496e-10
1.0125048e-16
5.9936492e-10
8.1978069e-17
5.9936489e-10
6.5348644e-17
5.9936486e-10
5.1306504e-17
5.9936484e-10
3.9779628e-17
5.9936482e-10
3.0528686e-17
5.9936481e-10
2.3157945e-17
5.993648e-10
1.7260089e-17
5.9936479e-10
1.2564038e-17
5.9936479e-10
8.9623981e-18
5.9936478e-10
6.3918375e-18
5.9936478e-10
4.6796318e-18
5.9936478e-10
3.5153854e-18
5.9936478e-10
2.5778436e-18
5.9936478e-10
1.6945246e-18
5.9936477e-10
8.8557346e-19
5.9936477e-10
2.490013e-19
5.9936477e-10
-1.9105436e-19
5.9936477e-10
-5.0398319e-19
5.9936477e-10
-7.2190615e-19
5.9936477e-10
-7.0608705e-19
5.9936477e-10
-1.707881e-19
5.9936477e-10
1.1099766e-18
5.9936477e-10
3.0759237e-18
5.9936476e-10
5.3547964e-18
5.9936476e-10
7.4924679e-18
5.9936476e-10
9.2726488e-18
5.9936475e-10
1.0869644e-17
5.9936475e-10
1.2687081e-17
5.9936474e-10
1.5011072e-17
5.9936474e-10
1.7800641e-17
5.9936473e-10
2.0808677e-17
5.9936472e-10
2.3891852e-17
5.9936471e-10
2.7165916e-17
5.9936469e-10
3.082339e-17
5.9936468e-10
3.4836775e-17
5.9936466e-10
3.8934778e-17
5.9936464e-10
4.2900826e-17
5.9936462e-10
4.6829736e-17
5.9936459e-10
5.1030473e-17
5.9936456e-10
5.5717361e-17
5.9936453e-10
6.0913125e-17
5.993645e-10
6.6690577e-17
5.9936446e-10
7.338362e-17
5.9936442e-10
8.1440896e-17
5.9936438e-10
9.1130679e-17
5.9936433e-10
1.0252323e-16
5.9936427e-10
1.1575001e-16
5.993642e-10
1.3111135e-16
5.9936412e-10
1.4885514e-16
5.9936403e-10
1.6902562e-16
5.9936393e-10
1.9171102e-16
5.9936382e-10
2.1733916e-16
5.9936369e-10
2.4655205e-16
5.9936354e-10
2.7991178e-16
5.9936338e-10
3.1799759e-16
5.9936318e-10
3.6174441e-16
5.9936297e-10
4.1240611e-16
5.9936272e-10
4.7123223e-16
5.9936244e-10
5.3954047e-16
5.9936211e-10
6.1915176e-16
5.9936174e-10
7.1249202e-16
5.9936131e-10
8.2237661e-16
5.9936081e-10
9.521023e-16
5.9936023e-10
1.1057969e-15
5.9935956e-10
1.2885879e-15
5.9935878e-10
1.5064797e-15
5.9935786e-10
1.7656277e-15
5.9935678e-10
2.070979e-15
5.9935549e-10
2.4238501e-15
5.9935397e-10
2.8168764e-15
5.9935212e-10
3.2277726e-15
5.9934987e-10
3.6328558e-15
5.9934698e-10
4.0533857e-15
5.9934328e-10
4.3513386e-15
5.0504377e-15
1.7234773e-09
8.3949654e-11
1.815838e-09
2.0882904e-10
1.8881143e-09
2.6877707e-10
1.9279754e-09
2.7732754e-10
1.9416755e-09
2.5479299e-10
1.9390055e-09
2.1609927e-10
1.9288822e-09
1.7119984e-10
1.9179444e-09
1.2620918e-10
1.9103997e-09
8.4445184e-11
1.9084818e-09
4.7474577e-11
1.9130192e-09
1.5904878e-11
1.9239194e-09
-1.014844e-11
1.9405106e-09
-3.0771842e-11
1.961748e-09
-4.6148373e-11
1.9863902e-09
-5.6516153e-11
2.0130985e-09
-6.2143035e-11
2.0405116e-09
-6.3341906e-11
2.067302e-09
-6.0479781e-11
2.0922214e-09
-5.3981199e-11
2.1141364e-09
-4.4324772e-11
2.1320564e-09
-3.2032876e-11
2.1451598e-09
-1.7657682e-11
2.1527444e-09
-1.7341798e-12
2.1543652e-09
1.512458e-11
2.1496832e-09
3.2478401e-11
2.1385422e-09
4.9826043e-11
2.1209295e-09
6.6754109e-11
2.0969652e-09
8.2904875e-11
2.0668879e-09
9.7977832e-11
2.0310408e-09
1.1172772e-10
1.9898583e-09
1.2396029e-10
1.9438537e-09
1.3452791e-10
1.8936068e-09
1.4332611e-10
1.8397509e-09
1.5029133e-10
1.7829595e-09
1.5539975e-10
1.7239307e-09
1.5866633e-10
1.6633717e-09
1.601438e-10
1.6019824e-09
1.5992066e-10
1.5404384e-09
1.5811788e-10
1.4793762e-09
1.5488411e-10
1.4193794e-09
1.5038954e-10
1.3609685e-09
1.4481886e-10
1.3045925e-09
1.3836383e-10
1.2506251e-09
1.3121597e-10
1.1993634e-09
1.2356004e-10
1.15103e-09
1.1556849e-10
1.1057772e-09
1.0739727e-10
1.0636933e-09
9.9182943e-11
1.0248102e-09
9.1041265e-11
9.8911173e-10
8.306687e-11
9.5654191e-10
7.5334049e-11
9.2701327e-10
6.7898326e-11
9.0041423e-10
6.0798621e-11
8.7661578e-10
5.405979e-11
8.5547717e-10
4.7695313e-11
8.3685045e-10
4.1709975e-11
8.2058405e-10
3.6102371e-11
8.0652542e-10
3.0867106e-11
7.9452283e-10
2.5996622e-11
7.8442652e-10
2.1482587e-11
7.7608932e-10
1.7316834e-11
7.6936701e-10
1.3491873e-11
7.641184e-10
1.0001014e-11
7.602053e-10
6.8381626e-12
7.5749181e-10
3.9974973e-12
7.5584878e-10
1.4728262e-12
7.5514734e-10
-7.413748e-13
7.5526392e-10
-2.6549595e-12
7.5608035e-10
-4.2779972e-12
7.5748396e-10
-5.6227719e-12
7.5936853e-10
-6.704084e-12
7.6163501e-10
-7.5390813e-12
7.6419227e-10
-8.1470459e-12
7.6695763e-10
-8.5490351e-12
7.6985724e-10
-8.7674081e-12
7.7282633e-10
-8.825273e-12
7.758092e-10
-8.7459122e-12
7.7875901e-10
-8.552213e-12
7.8163744e-10
-8.2661351e-12
7.8441411e-10
-7.9082623e-12
7.8706591e-10
-7.4974408e-12
7.8957627e-10
-7.0505172e-12
7.9193434e-10
-6.5821908e-12
7.9413412e-10
-6.1049601e-12
7.9617368e-10
-5.6291537e-12
7.9805437e-10
-5.1630412e-12
7.9978011e-10
-4.7129946e-12
8.0135672e-10
-4.2836871e-12
8.027914e-10
-3.8783185e-12
8.0409224e-10
-3.4988453e-12
8.0526785e-10
-3.1462042e-12
8.06327e-10
-2.8205261e-12
8.0727848e-10
-2.5213276e-12
8.0813083e-10
-2.2476767e-12
8.0889226e-10
-1.9983365e-12
8.095706e-10
-1.7718803e-12
8.1017318e-10
-1.5667815e-12
8.1070689e-10
-1.3814845e-12
8.1117813e-10
-1.2144542e-12
8.1159283e-10
-1.0642105e-12
8.1195649e-10
-9.293501e-13
8.1227417e-10
-8.0855866e-13
8.1255053e-10
-7.006147e-13
8.1278989e-10
-6.0438912e-13
8.1299617e-10
-5.1884074e-13
8.1317301e-10
-4.4300969e-13
8.1332373e-10
-3.7601094e-13
8.1345137e-10
-3.1702753e-13
8.1355868e-10
-2.6530433e-13
8.1364819e-10
-2.2014283e-13
8.1372219e-10
-1.8089611e-13
8.1378272e-10
-1.4696466e-13
8.1383164e-10
-1.1779302e-13
8.1387061e-10
-9.2867173e-14
8.1390112e-10
-7.171244e-14
8.1392446e-10
-5.3891853e-14
8.139418e-10
-3.9004507e-14
8.1395415e-10
-2.6683943e-14
8.1396239e-10
-1.65966e-14
8.1396729e-10
-8.4401815e-15
8.1396951e-10
-1.9417572e-15
8.1396962e-10
3.1411849e-15
8.1396808e-10
7.0290067e-15
8.1396531e-10
9.9140853e-15
8.1396163e-10
1.196604e-14
8.1395733e-10
1.3332629e-14
8.1395262e-10
1.4141515e-14
8.139477e-10
1.4502316e-14
8.139427e-10
1.4508765e-14
8.1393773e-10
1.4240707e-14
8.1393289e-10
1.3765776e-14
8.1392824e-10
1.3140711e-14
8.1392382e-10
1.2412438e-14
8.1391966e-10
1.1619122e-14
8.1391578e-10
1.0791271e-14
8.1391219e-10
9.9528916e-15
8.1390889e-10
9.122604e-15
8.1390588e-10
8.314601e-15
8.1390314e-10
7.5394134e-15
8.1390066e-10
6.8045127e-15
8.1389843e-10
6.114814e-15
8.1389643e-10
5.4731325e-15
8.1389464e-10
4.8806116e-15
8.1389306e-10
4.337095e-15
8.1389165e-10
3.8414234e-15
8.138904e-10
3.3916703e-15
8.138893e-10
2.9853574e-15
8.1388834e-10
2.6196812e-15
8.1388749e-10
2.2917374e-15
8.1388676e-10
1.9986896e-15
8.1388611e-10
1.7378223e-15
8.1388556e-10
1.5064809e-15
8.1388507e-10
1.3019754e-15
8.1388466e-10
1.1215568e-15
8.138843e-10
9.6252154e-16
8.1388399e-10
8.2241574e-16
8.1388373e-10
6.9921972e-16
8.1388351e-10
5.9139394e-16
8.1388332e-10
4.9775243e-16
8.1388316e-10
4.1722438e-16
8.1388303e-10
3.4862255e-16
8.1388291e-10
2.9053538e-16
8.1388282e-10
2.4138246e-16
8.1388275e-10
1.9959328e-16
8.1388268e-10
1.6382684e-16
8.1388263e-10
1.3312477e-16
8.1388259e-10
1.0691694e-16
8.1388256e-10
8.4879039e-17
8.1388253e-10
6.6717016e-17
8.1388251e-10
5.2002619e-17
8.1388249e-10
4.0166872e-17
8.1388248e-10
3.0637027e-17
8.1388247e-10
2.2988753e-17
8.1388246e-10
1.6984327e-17
8.1388245e-10
1.2465166e-17
8.1388245e-10
9.203566e-18
8.1388245e-10
6.8664516e-18
8.1388244e-10
5.1230252e-18
8.1388244e-10
3.7774523e-18
8.1388244e-10
2.7888654e-18
8.1388244e-10
2.1551699e-18
8.1388244e-10
1.7886927e-18
8.1388243e-10
1.5390029e-18
8.1388243e-10
1.356177e-18
8.1388243e-10
1.4213997e-18
8.1388243e-10
2.0838008e-18
8.1388242e-10
3.6094988e-18
8.1388242e-10
5.9389831e-18
8.1388242e-10
8.6821446e-18
8.1388241e-10
1.1384093e-17
8.1388241e-10
1.3855374e-17
8.138824e-10
1.6295222e-17
8.138824e-10
1.909672e-17
8.1388239e-10
2.2509547e-17
8.1388238e-10
2.6485724e-17
8.1388237e-10
3.0844631e-17
8.1388236e-10
3.5550461e-17
8.1388235e-10
4.0774143e-17
8.1388233e-10
4.6658265e-17
8.1388231e-10
5.3076295e-17
8.1388229e-10
5.9715871e-17
8.1388227e-10
6.6411031e-17
8.1388224e-10
7.3319028e-17
8.1388221e-10
8.073973e-17
8.1388218e-10
8.884645e-17
8.1388214e-10
9.7710908e-17
8.138821e-10
1.0758236e-16
8.1388206e-10
1.1899192e-16
8.13882e-10
1.3249951e-16
8.1388195e-10
1.4844406e-16
8.1388188e-10
1.6704971e-16
8.1388181e-10
1.886809e-16
8.1388173e-10
2.1381073e-16
8.1388163e-10
2.4275618e-16
8.1388153e-10
2.7566941e-16
8.1388141e-10
3.1288396e-16
8.1388127e-10
3.5509933e-16
8.1388111e-10
4.0315306e-16
8.1388093e-10
4.5786487e-16
8.1388073e-10
5.2029633e-16
8.138805e-10
5.919775e-16
8.1388024e-10
6.7470996e-16
8.1387994e-10
7.7037819e-16
8.138796e-10
8.8120799e-16
8.1387921e-10
1.0101369e-15
8.1387876e-10
1.1608699e-15
8.1387824e-10
1.3377891e-15
8.1387765e-10
1.5461877e-15
8.1387696e-10
1.792828e-15
8.1387616e-10
2.0861982e-15
8.1387523e-10
2.4366069e-15
8.1387414e-10
2.8563331e-15
8.1387285e-10
3.3591545e-15
8.1387132e-10
3.9602157e-15
8.1386946e-10
4.6753778e-15
8.1386717e-10
5.5201405e-15
8.1386427e-10
6.5312188e-15
8.1386047e-10
7.8511548e-15
8.1385553e-10
9.2934222e-15
1.027932e-14
1.7014557e-09
4.9160602e-11
1.7757656e-09
1.3451916e-10
1.8563317e-09
1.8821095e-10
1.9254328e-09
2.0822642e-10
1.9783411e-09
2.0188471e-10
2.0166867e-09
1.7775372e-10
2.0446203e-09
1.432662e-10
2.0666905e-09
1.0413901e-10
2.0867555e-09
6.4380134e-11
2.1076109e-09
2.6619136e-11
2.1309953e-09
-7.4794361e-12
2.157775e-09
-3.6928137e-11
2.1880862e-09
-6.1083129e-11
2.2215558e-09
-7.9617953e-11
2.257431e-09
-9.2391287e-11
2.2947121e-09
-9.9424191e-11
2.3322569e-09
-1.0088667e-10
2.3688656e-09
-9.7088505e-11
2.4033513e-09
-8.8466931e-11
2.4345955e-09
-7.5568928e-11
2.4615901e-09
-5.9027483e-11
2.483465e-09
-3.9532539e-11
2.4995297e-09
-1.7798909e-11
2.5092033e-09
5.4509314e-12
2.512127e-09
2.9554778e-11
2.5080636e-09
5.3889366e-11
2.4969197e-09
7.7898024e-11
2.4787268e-09
1.0109775e-10
2.4536294e-09
1.2307531e-10
2.4218739e-09
1.4348322e-10
2.3838008e-09
1.6203339e-10
2.3398377e-09
1.7849099e-10
2.2904932e-09
1.926706e-10
2.2363497e-09
2.0443482e-10
2.1780545e-09
2.136949e-10
2.1163084e-09
2.2041243e-10
2.0518512e-09
2.2460103e-10
1.985445e-09
2.2632685e-10
1.9178559e-09
2.2570701e-10
1.8498346e-09
2.2290538e-10
1.7820983e-09
2.1812584e-10
1.7153137e-09
2.1160349e-10
1.6500832e-09
2.0359437e-10
1.5869343e-09
1.9436483e-10
1.5263132e-09
1.8418113e-10
1.4685816e-09
1.7330008e-10
1.4140176e-09
1.6196131e-10
1.3628192e-09
1.5038136e-10
1.3151106e-09
1.3874982e-10
1.2709502e-09
1.2722731e-10
1.2303389e-09
1.159453e-10
1.19323e-09
1.0500726e-10
1.1595376e-09
9.4490989e-11
1.1291457e-09
8.4451738e-11
1.1019152e-09
7.4925741e-11
1.0776913e-09
6.5933946e-11
1.056308e-09
5.7485624e-11
1.0375935e-09
4.9581668e-11
1.0213726e-09
4.2217439e-11
1.0074702e-09
3.5385038e-11
9.9571204e-10
2.907498e-11
9.8592665e-10
2.3277266e-11
9.7794574e-10
1.7981918e-11
9.7160487e-10
1.3179037e-11
9.6674381e-10
8.8585522e-12
9.632068e-10
5.0098407e-12
9.6084508e-10
1.6203482e-12
9.5951251e-10
-1.322391e-12
9.5907114e-10
-3.836627e-12
9.5938963e-10
-5.9412671e-12
9.6034431e-10
-7.6587673e-12
9.6181989e-10
-9.0146553e-12
9.6371008e-10
-1.0037233e-11
9.6591815e-10
-1.0757104e-11
9.6835728e-10
-1.1206545e-11
9.7095078e-10
-1.141877e-11
9.7363202e-10
-1.1427153e-11
9.7634426e-10
-1.1264457e-11
9.7904024e-10
-1.0962109e-11
9.8168156e-10
-1.0549582e-11
9.8423802e-10
-1.0053899e-11
9.8668676e-10
-9.4992615e-12
9.8901142e-10
-8.9068503e-12
9.912012e-10
-8.2947425e-12
9.9325e-10
-7.6779548e-12
9.9515556e-10
-7.0685967e-12
9.9691866e-10
-6.4760956e-12
9.9854245e-10
-5.9074749e-12
1.0000318e-09
-5.3676707e-12
1.0013928e-09
-4.8598544e-12
1.0026324e-09
-4.3857475e-12
1.0037577e-09
-3.9459226e-12
1.0047765e-09
-3.5400721e-12
1.0056961e-09
-3.1672415e-12
1.0065238e-09
-2.8260305e-12
1.0072666e-09
-2.5147539e-12
1.0079314e-09
-2.2315676e-12
1.0085245e-09
-1.9745669e-12
1.0090519e-09
-1.7418555e-12
1.0095193e-09
-1.5315922e-12
1.0099319e-09
-1.3420221e-12
1.0102949e-09
-1.1714922e-12
1.0106127e-09
-1.0184575e-12
1.0108898e-09
-8.8148006e-13
1.0111302e-09
-7.5922454e-13
1.0113376e-09
-6.5044968e-13
1.0115156e-09
-5.5400081e-13
1.0116674e-09
-4.6880184e-13
1.0117959e-09
-3.9384804e-13
1.011904e-09
-3.282004e-13
1.0119941e-09
-2.7098051e-13
1.0120685e-09
-2.2136649e-13
1.0121293e-09
-1.7859015e-13
1.0121784e-09
-1.4193484e-13
1.0122174e-09
-1.1073393e-13
1.0122479e-09
-8.4369643e-14
1.0122711e-09
-6.2271887e-14
1.0122884e-09
-4.3916871e-14
1.0123006e-09
-2.8825735e-14
1.0123087e-09
-1.6562948e-14
1.0123135e-09
-6.7344129e-15
1.0123156e-09
1.0132426e-15
1.0123157e-09
6.9969688e-15
1.0123141e-09
1.1497971e-14
1.0123113e-09
1.476326e-14
1.0123076e-09
1.7008837e-14
1.0123033e-09
1.8421928e-14
1.0122987e-09
1.9163719e-14
1.0122938e-09
1.9372185e-14
1.0122889e-09
1.9164785e-14
1.012284e-09
1.8640858e-14
1.0122793e-09
1.788366e-14
1.0122747e-09
1.6962136e-14
1.0122704e-09
1.5932595e-14
1.0122663e-09
1.484036e-14
1.0122626e-09
1.3721386e-14
1.0122591e-09
1.2603785e-14
1.0122559e-09
1.1509143e-14
1.012253e-09
1.0453604e-14
1.0122503e-09
9.4487738e-15
1.012248e-09
8.5024864e-15
1.0122458e-09
7.6194945e-15
1.0122439e-09
6.8021026e-15
1.0122422e-09
6.0507023e-15
1.0122406e-09
5.3641997e-15
1.0122393e-09
4.740356e-15
1.0122381e-09
4.1760864e-15
1.0122371e-09
3.6677618e-15
1.0122361e-09
3.2115097e-15
1.0122353e-09
2.8034536e-15
1.0122346e-09
2.4398323e-15
1.012234e-09
2.116988e-15
1.0122335e-09
1.8312909e-15
1.012233e-09
1.5791088e-15
1.0122326e-09
1.35689e-15
1.0122323e-09
1.1613436e-15
1.012232e-09
9.8961896e-16
1.0122318e-09
8.3937112e-16
1.0122316e-09
7.0866866e-16
1.0122314e-09
5.9578988e-16
1.0122312e-09
4.9900989e-16
1.0122311e-09
4.1648366e-16
1.012231e-09
3.4627229e-16
1.0122309e-09
2.8648491e-16
1.0122308e-09
2.3546542e-16
1.0122308e-09
1.9193021e-16
1.0122307e-09
1.5497933e-16
1.0122307e-09
1.2397298e-16
1.0122307e-09
9.8340039e-17
1.0122306e-09
7.7429695e-17
1.0122306e-09
6.0499613e-17
1.0122306e-09
4.6830435e-17
1.0122306e-09
3.5852764e-17
1.0122306e-09
2.717446e-17
1.0122306e-09
2.0490204e-17
1.0122306e-09
1.5467635e-17
1.0122306e-09
1.1731819e-17
1.0122306e-09
8.9588393e-18
1.0122305e-09
6.9623384e-18
1.0122305e-09
5.6641712e-18
1.0122305e-09
4.9658668e-18
1.0122305e-09
4.6598329e-18
1.0122305e-09
4.506e-18
1.0122305e-09
4.4275831e-18
1.0122305e-09
4.6300413e-18
1.0122305e-09
5.4944431e-18
1.0122305e-09
7.293683e-18
1.0122305e-09
9.9567858e-18
1.0122305e-09
1.309877e-17
1.0122305e-09
1.6310386e-17
1.0122305e-09
1.9465511e-17
1.0122305e-09
2.2784786e-17
1.0122305e-09
2.6609372e-17
1.0122305e-09
3.1111152e-17
1.0122305e-09
3.6232173e-17
1.0122305e-09
4.1893233e-17
1.0122304e-09
4.8201569e-17
1.0122304e-09
5.5389054e-17
1.0122304e-09
6.3538725e-17
1.0122304e-09
7.2440466e-17
1.0122304e-09
8.1788981e-17
1.0122303e-09
9.1505667e-17
1.0122303e-09
1.017949e-16
1.0122303e-09
1.1290103e-16
1.0122303e-09
1.2493856e-16
1.0122302e-09
1.3805356e-16
1.0122302e-09
1.5268249e-16
1.0122301e-09
1.6950425e-16
1.0122301e-09
1.8912604e-16
1.01223e-09
2.119553e-16
1.0122299e-09
2.3841847e-16
1.0122298e-09
2.6912938e-16
1.0122298e-09
3.0470363e-16
1.0122297e-09
3.4553784e-16
1.0122295e-09
3.9198441e-16
1.0122294e-09
4.4470281e-16
1.0122293e-09
5.0465281e-16
1.0122291e-09
5.7283997e-16
1.0122289e-09
6.5039174e-16
1.0122287e-09
7.3890407e-16
1.0122284e-09
8.4045054e-16
1.0122281e-09
9.5730959e-16
1.0122278e-09
1.0920319e-15
1.0122275e-09
1.2478056e-15
1.012227e-09
1.4286358e-15
1.0122266e-09
1.6394106e-15
1.012226e-09
1.8860498e-15
1.0122254e-09
2.1758306e-15
1.0122247e-09
2.5180623e-15
1.0122238e-09
2.9245698e-15
1.0122228e-09
3.4101317e-15
1.0122217e-09
3.9932645e-15
1.0122204e-09
4.696936e-15
1.0122188e-09
5.5509102e-15
1.0122169e-09
6.5939176e-15
1.0122145e-09
7.8783319e-15
1.0122115e-09
9.4897524e-15
1.0122077e-09
1.1643874e-14
1.0122028e-09
1.4195999e-14
1.5565261e-14
1.6880342e-09
2.7793119e-11
1.7420011e-09
8.0552186e-11
1.8118459e-09
1.1836619e-10
1.8841588e-09
1.3591348e-10
1.9515933e-09
1.3445028e-10
2.0114893e-09
1.1785771e-10
2.0641251e-09
9.0630377e-11
2.1112736e-09
5.6990557e-11
2.1551571e-09
2.0496588e-11
2.1978282e-09
-1.6051975e-11
2.2408772e-09
-5.0528399e-11
2.2852941e-09
-8.1345023e-11
2.3315328e-09
-1.0732185e-10
2.3795363e-09
-1.2762148e-10
2.4288377e-09
-1.4169267e-10
2.4786619e-09
-1.492484e-10
2.5280278e-09
-1.5025262e-10
2.5758435e-09
-1.4490415e-10
2.6209898e-09
-1.3361329e-10
2.6623915e-09
-1.1697059e-10
2.6990726e-09
-9.5708606e-11
2.7301966e-09
-7.0656487e-11
2.7550884e-09
-4.2690689e-11
2.7732266e-09
-1.2687311e-11
2.7842625e-09
1.8518921e-11
2.7879862e-09
5.0165647e-11
2.7843069e-09
8.1577284e-11
2.7732394e-09
1.1216526e-10
2.7548892e-09
1.4142553e-10
2.729442e-09
1.6893043e-10
2.6971588e-09
1.9431661e-10
2.658375e-09
2.172748e-10
2.6135012e-09
2.3754433e-10
2.563024e-09
2.5491205e-10
2.507504e-09
2.6921488e-10
2.4475716e-09
2.803448e-10
2.3839181e-09
2.882546e-10
2.3172824e-09
2.9296249e-10
2.2484354e-09
2.94554e-10
2.1781606e-09
2.9318024e-10
2.1072341e-09
2.8905234e-10
2.0364052e-09
2.8243237e-10
1.9663779e-09
2.7362168e-10
1.8977951e-09
2.6294759e-10
1.8312266e-09
2.5074961e-10
1.7671605e-09
2.3736625e-10
1.7059985e-09
2.2312328e-10
1.6480558e-09
2.0832405e-10
1.5935634e-09
1.9324224e-10
1.5426735e-09
1.7811721e-10
1.4954671e-09
1.631517e-10
1.4519626e-09
1.4851178e-10
1.412125e-09
1.3432855e-10
1.3758755e-09
1.2070119e-10
1.3431003e-09
1.0770094e-10
1.3136587e-09
9.5375589e-11
1.2873903e-09
8.3754047e-11
1.2641212e-09
7.2850727e-11
1.2436692e-09
6.2669478e-11
1.2258473e-09
5.3206889e-11
1.2104674e-09
4.4454879e-11
1.1973421e-09
3.640255e-11
1.1862867e-09
2.9037349e-11
1.1771202e-09
2.2345579e-11
1.1696663e-09
1.6312474e-11
1.1637542e-09
1.0921928e-11
1.1592187e-09
6.1557819e-12
1.155903e-09
1.993298e-12
1.1536549e-09
-1.5885199e-12
1.1523316e-09
-4.6179102e-12
1.1517982e-09
-7.1253957e-12
1.1519291e-09
-9.1455251e-12
1.152608e-09
-1.071616e-11
1.1537288e-09
-1.1877902e-11
1.1551956e-09
-1.2673353e-11
1.156923e-09
-1.3146203e-11
1.1588362e-09
-1.3340276e-11
1.1608703e-09
-1.3298573e-11
1.1629705e-09
-1.3062355e-11
1.1650913e-09
-1.2670366e-11
1.1671956e-09
-1.2158192e-11
1.1692541e-09
-1.1557791e-11
1.1712445e-09
-1.0897221e-11
1.1731503e-09
-1.0200531e-11
1.1749602e-09
-9.4878113e-12
1.1766669e-09
-8.7753807e-12
1.1782669e-09
-8.0760762e-12
1.1797591e-09
-7.3996081e-12
1.1811443e-09
-6.7529674e-12
1.1824253e-09
-6.1408437e-12
1.1836056e-09
-5.5660313e-12
1.1846895e-09
-5.0298198e-12
1.1856818e-09
-4.5323412e-12
1.1865874e-09
-4.0728726e-12
1.1874115e-09
-3.6500945e-12
1.188159e-09
-3.2622991e-12
1.188835e-09
-2.9075513e-12
1.1894443e-09
-2.5838138e-12
1.1899914e-09
-2.2890349e-12
1.1904811e-09
-2.0212068e-12
1.1909174e-09
-1.7784035e-12
1.1913047e-09
-1.5588008e-12
1.191647e-09
-1.3606817e-12
1.1919479e-09
-1.182437e-12
1.1922113e-09
-1.0225585e-12
1.1924404e-09
-8.7962956e-13
1.1926388e-09
-7.5231724e-13
1.1928093e-09
-6.3936331e-13
1.192955e-09
-5.395771e-13
1.1930787e-09
-4.5183052e-13
1.1931827e-09
-3.7505409e-13
1.1932696e-09
-3.0823419e-13
1.1933414e-09
-2.5041206e-13
1.1934002e-09
-2.0068347e-13
1.1934477e-09
-1.5819882e-13
1.1934854e-09
-1.2216368e-13
1.193515e-09
-9.1839071e-14
1.1935376e-09
-6.6541206e-14
1.1935545e-09
-4.5641146e-14
1.1935665e-09
-2.8563852e-14
1.1935745e-09
-1.4786876e-14
1.1935794e-09
-3.8385642e-15
1.1935817e-09
4.7031843e-15
1.1935819e-09
1.1215546e-14
1.1935807e-09
1.6030622e-14
1.1935782e-09
1.9439724e-14
1.193575e-09
2.1696235e-14
1.1935711e-09
2.3018965e-14
1.1935669e-09
2.359564e-14
1.1935625e-09
2.3586261e-14
1.193558e-09
2.3126232e-14
1.1935535e-09
2.2329131e-14
1.1935492e-09
2.128921e-14
1.1935451e-09
2.008375e-14
1.1935411e-09
1.8775311e-14
1.1935374e-09
1.7413865e-14
1.193534e-09
1.603877e-14
1.1935308e-09
1.4680491e-14
1.1935279e-09
1.3362041e-14
1.1935253e-09
1.2100213e-14
1.1935229e-09
1.0906649e-14
1.1935207e-09
9.7887805e-15
1.1935187e-09
8.750691e-15
1.193517e-09
7.7938276e-15
1.1935154e-09
6.9175776e-15
1.1935141e-09
6.119733e-15
1.1935128e-09
5.3968885e-15
1.1935118e-09
4.7448262e-15
1.1935108e-09
4.1588897e-15
1.19351e-09
3.6342916e-15
1.1935093e-09
3.1662974e-15
1.1935086e-09
2.7502777e-15
1.1935081e-09
2.3816782e-15
1.1935076e-09
2.0560069e-15
1.1935072e-09
1.7689084e-15
1.1935068e-09
1.5163136e-15
1.1935065e-09
1.2945935e-15
1.1935063e-09
1.1006226e-15
1.193506e-09
9.3171127e-16
1.1935059e-09
7.8544381e-16
1.1935057e-09
6.5950485e-16
1.1935056e-09
5.5157663e-16
1.1935054e-09
4.5934984e-16
1.1935053e-09
3.8062925e-16
1.1935053e-09
3.1347512e-16
1.1935052e-09
2.5630678e-16
1.1935052e-09
2.0790513e-16
1.1935051e-09
1.6730544e-16
1.1935051e-09
1.3363955e-16
1.193505e-09
1.0601922e-16
1.193505e-09
8.3529402e-17
1.193505e-09
6.5316936e-17
1.193505e-09
5.0679198e-17
1.193505e-09
3.9068122e-17
1.193505e-09
3.0014717e-17
1.193505e-09
2.3059427e-17
1.193505e-09
1.7769233e-17
1.193505e-09
1.3820979e-17
1.1935049e-09
1.1038362e-17
1.1935049e-09
9.3095014e-18
1.1935049e-09
8.4465746e-18
1.1935049e-09
8.1350644e-18
1.1935049e-09
8.0602511e-18
1.1935049e-09
8.1227381e-18
1.1935049e-09
8.5349541e-18
1.1935049e-09
9.6741072e-18
1.1935049e-09
1.1784402e-17
1.1935049e-09
1.4771386e-17
1.1935049e-09
1.8274079e-17
1.1935049e-09
2.1960838e-17
1.1935049e-09
2.578524e-17
1.1935049e-09
2.9976583e-17
1.1935049e-09
3.4797546e-17
1.1935049e-09
4.0331238e-17
1.1935049e-09
4.6523818e-17
1.1935048e-09
5.3413209e-17
1.1935048e-09
6.1240305e-17
1.1935048e-09
7.0271839e-17
1.1935048e-09
8.0528885e-17
1.1935048e-09
9.1762453e-17
1.1935048e-09
1.0373441e-16
1.1935047e-09
1.1647268e-16
1.1935047e-09
1.3019838e-16
1.1935047e-09
1.4507451e-16
1.1935046e-09
1.6117832e-16
1.1935046e-09
1.7876443e-16
1.1935046e-09
1.9843427e-16
1.1935045e-09
2.2093841e-16
1.1935044e-09
2.468839e-16
1.1935044e-09
2.7676937e-16
1.1935043e-09
3.1124747e-16
1.1935042e-09
3.5113684e-16
1.1935041e-09
3.9713662e-16
1.193504e-09
4.4974722e-16
1.1935039e-09
5.0959669e-16
1.1935038e-09
5.7767452e-16
1.1935036e-09
6.5513734e-16
1.1935035e-09
7.4315754e-16
1.1935033e-09
8.4322991e-16
1.193503e-09
9.574531e-16
1.1935028e-09
1.0883167e-15
1.1935025e-09
1.2385039e-15
1.1935022e-09
1.4112077e-15
1.1935018e-09
1.6104769e-15
1.1935014e-09
1.8412061e-15
1.193501e-09
2.1092705e-15
1.1935004e-09
2.4219194e-15
1.1934998e-09
2.7880679e-15
1.1934991e-09
3.2190022e-15
1.1934983e-09
3.7293326e-15
1.1934974e-09
4.3374677e-15
1.1934963e-09
5.0665944e-15
1.193495e-09
5.9469541e-15
1.1934936e-09
7.0187301e-15
1.1934918e-09
8.3361732e-15
1.1934897e-09
9.9748627e-15
1.1934872e-09
1.2046195e-14
1.193484e-09
1.4782468e-14
1.1934801e-09
1.8158348e-14
1.9925425e-14
1.6805182e-09
1.3941562e-11
1.7192582e-09
4.1812255e-11
1.7751951e-09
6.2429212e-11
1.8400504e-09
7.1058263e-11
1.9076643e-09
6.6836311e-11
1.9743993e-09
5.1122709e-11
2.0387208e-09
2.630887e-11
2.1005513e-09
-4.8399459e-12
2.1606133e-09
-3.9565348e-11
2.2199286e-09
-7.536735e-11
2.2794502e-09
-1.1005001e-10
2.339856e-09
-1.4175082e-10
2.4014539e-09
-1.6891968e-10
2.4641444e-09
-1.9031205e-10
2.5274504e-09
-2.0499868e-10
2.5905858e-09
-2.1238371e-10
2.6525461e-09
-2.1221291e-10
2.7122071e-09
-2.0456515e-10
2.7684193e-09
-1.8982558e-10
2.8200927e-09
-1.6864393e-10
2.866265e-09
-1.4188088e-10
2.9061479e-09
-1.1053939e-10
2.9391467e-09
-7.5689485e-11
2.9648595e-09
-3.8400116e-11
2.9830542e-09
3.2418363e-13
2.9936467e-09
3.957317e-11
2.9966496e-09
7.8574331e-11
2.9921547e-09
1.1666016e-10
2.9803109e-09
1.5326934e-10
2.9613098e-09
1.8793155e-10
2.9353826e-09
2.2024384e-10
2.9028044e-09
2.4985294e-10
2.8639023e-09
2.7644646e-10
2.8190633e-09
2.9975107e-10
2.7687414e-09
3.1953674e-10
2.7134609e-09
3.3562528e-10
2.6538146e-09
3.4790093e-10
2.590457e-09
3.563201e-10
2.524093e-09
3.6091802e-10
2.4554625e-09
3.6181073e-10
2.3853227e-09
3.591921e-10
2.314429e-09
3.5332614e-10
2.2435153e-09
3.4453532e-10
2.1732768e-09
3.3318611e-10
2.1043534e-09
3.1967301e-10
2.0373173e-09
3.0440232e-10
1.9726638e-09
2.8777682e-10
1.9108055e-09
2.7018233e-10
1.8520709e-09
2.5197682e-10
1.7967058e-09
2.3348237e-10
1.7448774e-09
2.1498011e-10
1.6966812e-09
1.9670796e-10
1.6521488e-09
1.7886093e-10
1.6112567e-09
1.6159327e-10
1.5739354e-09
1.4502226e-10
1.5400781e-09
1.2923291e-10
1.509549e-09
1.1428315e-10
1.4821907e-09
1.0020898e-10
1.4578308e-09
8.7029458e-11
1.4362867e-09
7.4750985e-11
1.4173707e-09
6.3370892e-11
1.400893e-09
5.2880213e-11
1.3866647e-09
4.3265644e-11
1.3744996e-09
3.4510712e-11
1.3642157e-09
2.6596364e-11
1.3556366e-09
1.9501041e-11
1.348592e-09
1.3200352e-11
1.3429186e-09
7.6666708e-12
1.3384613e-09
2.868751e-12
1.3350722e-09
-1.2287244e-12
1.3326122e-09
-4.6654484e-12
1.3309517e-09
-7.4850295e-12
1.3299704e-09
-9.7348289e-12
1.3295578e-09
-1.1465313e-11
1.3296136e-09
-1.2729198e-11
1.3300478e-09
-1.3580394e-11
1.3307805e-09
-1.4072906e-11
1.3317416e-09
-1.4259711e-11
1.3328709e-09
-1.4191678e-11
1.3341172e-09
-1.3916645e-11
1.3354376e-09
-1.3478633e-11
1.3367971e-09
-1.2917287e-11
1.3381674e-09
-1.2267531e-11
1.3395263e-09
-1.1559429e-11
1.3408568e-09
-1.081823e-11
1.342146e-09
-1.006459e-11
1.3433848e-09
-9.3149192e-12
1.344567e-09
-8.5818048e-12
1.3456886e-09
-7.8745089e-12
1.3467472e-09
-7.1994742e-12
1.347742e-09
-6.5608201e-12
1.348673e-09
-5.960818e-12
1.3495409e-09
-5.4003157e-12
1.3503472e-09
-4.8791048e-12
1.3510933e-09
-4.3962352e-12
1.3517813e-09
-3.9502664e-12
1.3524132e-09
-3.5394611e-12
1.3529913e-09
-3.1619341e-12
1.353518e-09
-2.8157555e-12
1.3539958e-09
-2.4990174e-12
1.3544273e-09
-2.2098771e-12
1.3548151e-09
-1.9465776e-12
1.3551619e-09
-1.7074526e-12
1.3554704e-09
-1.4909247e-12
1.3557433e-09
-1.2954975e-12
1.3559834e-09
-1.1197447e-12
1.3561934e-09
-9.6230057e-13
1.3563759e-09
-8.2185209e-13
1.3565334e-09
-6.9713201e-13
1.3566685e-09
-5.8691585e-13
1.3567835e-09
-4.9002031e-13
1.3568806e-09
-4.053035e-13
1.3569618e-09
-3.3166725e-13
1.3570292e-09
-2.6806003e-13
1.3570845e-09
-2.1348029e-13
1.3571293e-09
-1.6698012e-13
1.3571651e-09
-1.2766819e-13
1.3571933e-09
-9.4711976e-14
1.357215e-09
-6.7339432e-14
1.3572313e-09
-4.483965e-14
1.357243e-09
-2.6562745e-14
1.3572511e-09
-1.1918985e-14
1.3572562e-09
-3.7728259e-16
1.3572589e-09
8.5372306e-15
1.3572597e-09
1.5245904e-14
1.357259e-09
2.0119236e-14
1.3572572e-09
2.3480823e-14
1.3572546e-09
2.5611109e-14
1.3572514e-09
2.675143e-14
1.3572479e-09
2.710798e-14
1.3572442e-09
2.6855609e-14
1.3572404e-09
2.6141309e-14
1.3572366e-09
2.5087421e-14
1.3572329e-09
2.3794674e-14
1.3572293e-09
2.2345049e-14
1.3572259e-09
2.0804445e-14
1.3572227e-09
1.9225142e-14
1.3572198e-09
1.7647931e-14
1.357217e-09
1.6103952e-14
1.3572145e-09
1.461628e-14
1.3572122e-09
1.3201308e-14
1.3572101e-09
1.1869969e-14
1.3572083e-09
1.0628827e-14
1.3572066e-09
9.4809862e-15
1.3572051e-09
8.4268298e-15
1.3572037e-09
7.4646221e-15
1.3572025e-09
6.5910231e-15
1.3572015e-09
5.8015616e-15
1.3572005e-09
5.0910856e-15
1.3571997e-09
4.4541315e-15
1.357199e-09
3.8851715e-15
1.3571984e-09
3.3787339e-15
1.3571978e-09
2.9294326e-15
1.3571973e-09
2.5319913e-15
1.3571969e-09
2.1813252e-15
1.3571966e-09
1.8726674e-15
1.3571963e-09
1.6016913e-15
1.357196e-09
1.3645607e-15
1.3571958e-09
1.1578767e-15
1.3571956e-09
9.7855286e-16
1.3571954e-09
8.2368659e-16
1.3571953e-09
6.904827e-16
1.3571952e-09
5.7626048e-16
1.3571951e-09
4.7852991e-16
1.357195e-09
3.9508791e-16
1.3571949e-09
3.2408117e-16
1.3571949e-09
2.6399215e-16
1.3571948e-09
2.1354392e-16
1.3571948e-09
1.7157691e-16
1.3571947e-09
1.369691e-16
1.3571947e-09
1.0863968e-16
1.3571947e-09
8.5612574e-17
1.3571947e-09
6.7063821e-17
1.3571947e-09
5.2298948e-17
1.3571947e-09
4.0690148e-17
1.3571946e-09
3.1650268e-17
1.3571946e-09
2.4682098e-17
1.3571946e-09
1.9450915e-17
1.3571946e-09
1.577536e-17
1.3571946e-09
1.3500661e-17
1.3571946e-09
1.2354842e-17
1.3571946e-09
1.19367e-17
1.3571946e-09
1.1881243e-17
1.3571946e-09
1.2077379e-17
1.3571946e-09
1.2731347e-17
1.3571946e-09
1.4185507e-17
1.3571946e-09
1.6626113e-17
1.3571946e-09
1.9926423e-17
1.3571946e-09
2.3762734e-17
1.3571946e-09
2.7897653e-17
1.3571946e-09
3.2363895e-17
1.3571946e-09
3.7381729e-17
1.3571946e-09
4.3122453e-17
1.3571945e-09
4.9591043e-17
1.3571945e-09
5.676072e-17
1.3571945e-09
6.4787612e-17
1.3571945e-09
7.4010992e-17
1.3571945e-09
8.4692901e-17
1.3571945e-09
9.6796244e-17
1.3571945e-09
1.1008468e-16
1.3571944e-09
1.2443458e-16
1.3571944e-09
1.3997658e-16
1.3571944e-09
1.5691577e-16
1.3571944e-09
1.753358e-16
1.3571943e-09
1.9532351e-16
1.3571943e-09
2.1726594e-16
1.3571942e-09
2.4187957e-16
1.3571942e-09
2.6991241e-16
1.3571941e-09
3.0195718e-16
1.3571941e-09
3.3863798e-16
1.357194e-09
3.8082104e-16
1.3571939e-09
4.2944911e-16
1.3571938e-09
4.8525717e-16
1.3571937e-09
5.4889099e-16
1.3571936e-09
6.2128215e-16
1.3571935e-09
7.0367417e-16
1.3571934e-09
7.9734346e-16
1.3571932e-09
9.0366383e-16
1.357193e-09
1.0245208e-15
1.3571928e-09
1.162388e-15
1.3571926e-09
1.3200299e-15
1.3571923e-09
1.5005071e-15
1.357192e-09
1.7075588e-15
1.3571917e-09
1.9458294e-15
1.3571913e-09
2.2208567e-15
1.3571909e-09
2.5392645e-15
1.3571904e-09
2.9092137e-15
1.3571898e-09
3.340676e-15
1.3571892e-09
3.8461967e-15
1.3571885e-09
4.4421289e-15
1.3571877e-09
5.1487925e-15
1.3571868e-09
5.9919272e-15
1.3571857e-09
7.0054047e-15
1.3571845e-09
8.2337758e-15
1.3571831e-09
9.7371757e-15
1.3571815e-09
1.1597745e-14
1.3571796e-09
1.393097e-14
1.3571774e-09
1.693914e-14
1.3571748e-09
2.073703e-14
2.281243e-14
1.6764062e-09
4.202019e-12
1.7051406e-09
1.3077835e-11
1.7494649e-09
1.8104957e-11
1.8047195e-09
1.580366e-11
1.8667086e-09
4.8471813e-12
1.932355e-09
-1.4523641e-11
1.9997923e-09
-4.112846e-11
2.0681744e-09
-7.3222097e-11
2.1373761e-09
-1.08767e-10
2.2076481e-09
-1.456394e-10
2.2793432e-09
-1.8174502e-10
2.352695e-09
-2.1510267e-10
2.4276721e-09
-2.438968e-10
2.5038946e-09
-2.665345e-10
2.5806225e-09
-2.8172657e-10
2.6568101e-09
-2.8857133e-10
2.7312005e-09
-2.866033e-10
2.8024409e-09
-2.7580555e-10
2.8691996e-09
-2.5658432e-10
2.9302725e-09
-2.2971678e-10
2.9846689e-09
-1.9627734e-10
3.0316614e-09
-1.5753191e-10
3.0707962e-09
-1.1482423e-10
3.1018719e-09
-6.9475848e-11
3.1248935e-09
-2.2697361e-11
3.1400084e-09
2.4458206e-11
3.1474432e-09
7.1139557e-11
3.1474644e-09
1.1663896e-10
3.1403478e-09
1.6038595e-10
3.1263573e-09
2.0192208e-10
3.1057458e-09
2.4085529e-10
3.0787665e-09
2.7683223e-10
3.0456882e-09
3.0952478e-10
3.0068125e-09
3.3862677e-10
2.9624893e-09
3.638599e-10
2.913128e-09
3.8498663e-10
2.8592024e-09
4.0182656e-10
2.8012501e-09
4.1427232e-10
2.7398666e-09
4.2230153e-10
2.6756942e-09
4.2598313e-10
2.6094088e-09
4.2547756e-10
2.5417036e-09
4.2103126e-10
2.4732729e-09
4.1296606e-10
2.404794e-09
4.0166497e-10
2.3369117e-09
3.875553e-10
2.2702234e-09
3.7109071e-10
2.2052667e-09
3.5273349e-10
2.1425109e-09
3.3293807e-10
2.0823509e-09
3.1213691e-10
2.0251041e-09
2.9072909e-10
1.971012e-09
2.6907226e-10
1.9202423e-09
2.4747768e-10
1.8728949e-09
2.262083e-10
1.8290087e-09
2.0547951e-10
1.7885691e-09
1.8546186e-10
1.7515166e-09
1.6628535e-10
1.7177551e-09
1.480447e-10
1.6871592e-09
1.3080489e-10
1.6595818e-09
1.1460679e-10
1.6348605e-09
9.9472312e-11
1.6128225e-09
8.5408881e-11
1.5932896e-09
7.2413143e-11
1.5760814e-09
6.0473803e-11
1.5610186e-09
4.9573553e-11
1.5479246e-09
3.9690349e-11
1.5366276e-09
3.0798008e-11
1.5269616e-09
2.2866337e-11
1.5187673e-09
1.5861043e-11
1.5118925e-09
9.7434745e-12
1.5061935e-09
4.4703109e-12
1.5015342e-09
-6.0942744e-15
1.4977874e-09
-3.7382608e-12
1.494835e-09
-6.782471e-12
1.4925681e-09
-9.1983785e-12
1.490887e-09
-1.1048063e-11
1.4897014e-09
-1.2394827e-11
1.4889305e-09
-1.3302015e-11
1.4885025e-09
-1.3831756e-11
1.4883546e-09
-1.4043741e-11
1.4884321e-09
-1.3994181e-11
1.4886884e-09
-1.3734905e-11
1.4890838e-09
-1.3312702e-11
1.4895852e-09
-1.2768926e-11
1.4901651e-09
-1.2139317e-11
1.4908009e-09
-1.1454041e-11
1.4914743e-09
-1.0737942e-11
1.4921703e-09
-1.0010928e-11
1.4928769e-09
-9.2884663e-12
1.4935846e-09
-8.5821569e-12
1.4942854e-09
-7.9003173e-12
1.4949732e-09
-7.2485626e-12
1.4956427e-09
-6.6303577e-12
1.4962899e-09
-6.0475111e-12
1.4969114e-09
-5.5006022e-12
1.4975045e-09
-4.9893441e-12
1.4980671e-09
-4.5128723e-12
1.4985976e-09
-4.0699659e-12
1.4990949e-09
-3.659214e-12
1.4995583e-09
-3.2791291e-12
1.4999875e-09
-2.9282188e-12
1.5003826e-09
-2.6050285e-12
1.5007442e-09
-2.3081598e-12
1.501073e-09
-2.0362718e-12
1.5013702e-09
-1.7880753e-12
1.501637e-09
-1.5623215e-12
1.5018751e-09
-1.3577883e-12
1.502086e-09
-1.1732702e-12
1.5022717e-09
-1.0075702e-12
1.5024341e-09
-8.5949476e-13
1.502575e-09
-7.2785314e-13
1.5026965e-09
-6.1145995e-13
1.5028003e-09
-5.091396e-13
1.5028884e-09
-4.1973356e-13
1.5029624e-09
-3.4210826e-13
1.5030241e-09
-2.7516328e-13
1.503075e-09
-2.1783971e-13
1.5031164e-09
-1.6912738e-13
1.5031498e-09
-1.2807094e-13
1.5031762e-09
-9.3774836e-14
1.5031968e-09
-6.5406744e-14
1.5032124e-09
-4.2199646e-14
1.503224e-09
-2.3452652e-14
1.5032321e-09
-8.530539e-15
1.5032375e-09
3.1376746e-15
1.5032407e-09
1.2061089e-14
1.5032421e-09
1.8689767e-14
1.5032422e-09
2.3418454e-14
1.5032412e-09
2.6590695e-14
1.5032395e-09
2.8503231e-14
1.5032372e-09
2.9410443e-14
1.5032345e-09
2.9528702e-14
1.5032316e-09
2.9040482e-14
1.5032286e-09
2.8098218e-14
1.5032255e-09
2.6827976e-14
1.5032226e-09
2.5332907e-14
1.5032197e-09
2.3696441e-14
1.5032169e-09
2.1985218e-14
1.5032143e-09
2.0251665e-14
1.5032119e-09
1.8536219e-14
1.5032096e-09
1.6869291e-14
1.5032075e-09
1.5272969e-14
1.5032057e-09
1.3762526e-14
1.5032039e-09
1.2347748e-14
1.5032024e-09
1.1034052e-14
1.503201e-09
9.8233896e-15
1.5031997e-09
8.7150058e-15
1.5031986e-09
7.7060793e-15
1.5031976e-09
6.7922926e-15
1.5031968e-09
5.968359e-15
1.503196e-09
5.2284529e-15
1.5031953e-09
4.5665165e-15
1.5031947e-09
3.9764478e-15
1.5031942e-09
3.4521963e-15
1.5031937e-09
2.9878356e-15
1.5031933e-09
2.5776652e-15
1.503193e-09
2.2163269e-15
1.5031927e-09
1.8989002e-15
1.5031924e-09
1.6209381e-15
1.5031922e-09
1.3784211e-15
1.503192e-09
1.1676635e-15
1.5031919e-09
9.8522594e-16
1.5031917e-09
8.2786801e-16
1.5031916e-09
6.9255791e-16
1.5031915e-09
5.7652726e-16
1.5031914e-09
4.773282e-16
1.5031914e-09
3.9285723e-16
1.5031913e-09
3.2132323e-16
1.5031912e-09
2.6116203e-16
1.5031912e-09
2.109452e-16
1.5031912e-09
1.6933592e-16
1.5031912e-09
1.3510299e-16
1.5031911e-09
1.0716003e-16
1.5031911e-09
8.4573748e-17
1.5031911e-09
6.651752e-17
1.5031911e-09
5.2220999e-17
1.5031911e-09
4.0982652e-17
1.5031911e-09
3.2244063e-17
1.5031911e-09
2.5648004e-17
1.5031911e-09
2.0989126e-17
1.5031911e-09
1.8056945e-17
1.503191e-09
1.6500143e-17
1.503191e-09
1.5852743e-17
1.503191e-09
1.5725113e-17
1.503191e-09
1.6006197e-17
1.503191e-09
1.6885824e-17
1.503191e-09
1.8647794e-17
1.503191e-09
2.1401063e-17
1.503191e-09
2.4984018e-17
1.503191e-09
2.9119823e-17
1.503191e-09
3.3668879e-17
1.503191e-09
3.8728996e-17
1.503191e-09
4.4491447e-17
1.503191e-09
5.1034761e-17
1.503191e-09
5.8310409e-17
1.503191e-09
6.6343296e-17
1.503191e-09
7.5396372e-17
1.5031909e-09
8.5859675e-17
1.5031909e-09
9.795249e-17
1.5031909e-09
1.115927e-16
1.5031909e-09
1.266044e-16
1.5031909e-09
1.430017e-16
1.5031909e-09
1.6099186e-16
1.5031908e-09
1.8073638e-16
1.5031908e-09
2.0226526e-16
1.5031908e-09
2.2572792e-16
1.5031907e-09
2.5164411e-16
1.5031907e-09
2.8077825e-16
1.5031907e-09
3.138234e-16
1.5031906e-09
3.5137806e-16
1.5031906e-09
3.9422106e-16
1.5031905e-09
4.4338184e-16
1.5031904e-09
4.9983678e-16
1.5031903e-09
5.6434143e-16
1.5031903e-09
6.3773341e-16
1.5031902e-09
7.2121628e-16
1.50319e-09
8.1616515e-16
1.5031899e-09
9.2392425e-16
1.5031898e-09
1.0461153e-15
1.5031896e-09
1.1849686e-15
1.5031894e-09
1.3431517e-15
1.5031892e-09
1.523592e-15
1.503189e-09
1.7297061e-15
1.5031887e-09
1.9656055e-15
1.5031885e-09
2.2362027e-15
1.5031881e-09
2.5474358e-15
1.5031878e-09
2.9063731e-15
1.5031873e-09
3.3214794e-15
1.5031869e-09
3.8031756e-15
1.5031864e-09
4.3645435e-15
1.5031858e-09
5.0222243e-15
1.5031851e-09
5.7966828e-15
1.5031844e-09
6.7139086e-15
1.5031836e-09
7.8071966e-15
1.5031827e-09
9.1200062e-15
1.5031818e-09
1.0709437e-14
1.5031807e-09
1.2650638e-14
1.5031796e-09
1.5047028e-14
1.5031785e-09
1.8043999e-14
1.5031774e-09
2.1861707e-14
2.4082576e-14
1.6741048e-09
-3.2361363e-12
1.6965215e-09
-9.3388842e-12
1.7324188e-09
-1.7792283e-11
1.7792916e-09
-3.106917e-11
1.8345634e-09
-5.0424568e-11
1.8961034e-09
-7.6063722e-11
1.9624015e-09
-1.0742656e-10
2.0325641e-09
-1.4338465e-10
2.1061904e-09
-1.8239325e-10
2.1831762e-09
-2.2262525e-10
2.2635045e-09
-2.6207331e-10
2.347052e-09
-2.9865017e-10
2.4334223e-09
-3.302671e-10
2.521826e-09
-3.5493819e-10
2.6110537e-09
-3.7095425e-10
2.699551e-09
-3.7706868e-10
2.7855557e-09
-3.7260795e-10
2.8672672e-09
-3.5751704e-10
2.9430127e-09
-3.3232981e-10
3.0113914e-09
-2.980955e-10
3.0713836e-09
-2.562696e-10
3.1223911e-09
-2.0853938e-10
3.1642183e-09
-1.5665138e-10
3.1970107e-09
-1.0226831e-10
3.2211625e-09
-4.6849161e-11
3.2372104e-09
8.4103717e-12
3.2456795e-09
6.2670392e-11
3.2471172e-09
1.152013e-10
3.2419875e-09
1.6551564e-10
3.2306643e-09
2.1324529e-10
3.2134444e-09
2.5807513e-10
3.19057e-09
2.9970668e-10
3.162256e-09
3.3783877e-10
3.1287195e-09
3.7216326e-10
3.0902051e-09
4.0237427e-10
3.0470039e-09
4.2818783e-10
2.9994642e-09
4.4936634e-10
2.9479945e-09
4.6574203e-10
2.8930609e-09
4.7723504e-10
2.8351802e-09
4.8386383e-10
2.7749095e-09
4.8574834e-10
2.7128343e-09
4.8310639e-10
2.6495559e-09
4.7624448e-10
2.5856766e-09
4.6554427e-10
2.5217861e-09
4.5144584e-10
2.4584475e-09
4.3442926e-10
2.3961854e-09
4.1499562e-10
2.3354746e-09
3.9364884e-10
2.2767324e-09
3.7087913e-10
2.2203124e-09
3.4714905e-10
2.166502e-09
3.2288266e-10
2.1155218e-09
2.9845789e-10
2.0675278e-09
2.7420234e-10
2.0226154e-09
2.5039189e-10
1.9808252e-09
2.2725205e-10
1.9421494e-09
2.0496117e-10
1.9065389e-09
1.8365515e-10
1.8739109e-09
1.6343294e-10
1.8441554e-09
1.4436232e-10
1.8171421e-09
1.2648556e-10
1.7927264e-09
1.0982463e-10
1.7707539e-09
9.438561e-11
1.7510653e-09
8.0162385e-11
1.7334995e-09
6.7139364e-11
1.7178964e-09
5.5293486e-11
1.7040989e-09
4.459547e-11
1.6919548e-09
3.5010476e-11
1.6813173e-09
2.6498448e-11
1.6720466e-09
1.9014183e-11
1.6640096e-09
1.2507346e-11
1.6570809e-09
6.9226576e-12
1.6511426e-09
2.2000091e-12
1.646085e-09
-1.7248618e-12
1.6418062e-09
-4.9196466e-12
1.6382128e-09
-7.4546383e-12
1.6352191e-09
-9.4011301e-12
1.6327476e-09
-1.0830518e-11
1.6307286e-09
-1.1812764e-11
1.6291e-09
-1.2415105e-11
1.6278067e-09
-1.2700928e-11
1.6268006e-09
-1.2728773e-11
1.6260395e-09
-1.2551602e-11
1.6254869e-09
-1.2216356e-11
1.6251114e-09
-1.1763746e-11
1.6248856e-09
-1.1228284e-11
1.6247862e-09
-1.0638556e-11
1.6247929e-09
-1.0017649e-11
1.6248882e-09
-9.3837025e-12
1.6250566e-09
-8.7505415e-12
1.6252846e-09
-8.1283371e-12
1.6255603e-09
-7.5242556e-12
1.625873e-09
-6.943077e-12
1.6262132e-09
-6.3877489e-12
1.6265725e-09
-5.8598624e-12
1.6269432e-09
-5.3600555e-12
1.6273187e-09
-4.8883303e-12
1.627693e-09
-4.444293e-12
1.6280611e-09
-4.0273313e-12
1.6284187e-09
-3.6367314e-12
1.6287622e-09
-3.2717472e-12
1.6290889e-09
-2.9316385e-12
1.6293964e-09
-2.6156822e-12
1.6296833e-09
-2.3231657e-12
1.6299486e-09
-2.053374e-12
1.6301918e-09
-1.8055727e-12
1.630413e-09
-1.5789902e-12
1.6306126e-09
-1.3728054e-12
1.6307911e-09
-1.1861397e-12
1.6309497e-09
-1.0180532e-12
1.6310894e-09
-8.6754831e-13
1.6312115e-09
-7.3357641e-13
1.6313174e-09
-6.1504834e-13
1.6314085e-09
-5.1084793e-13
1.6314863e-09
-4.1984652e-13
1.631552e-09
-3.4091765e-13
1.6316071e-09
-2.7295176e-13
1.6316529e-09
-2.1486931e-13
1.6316904e-09
-1.6563221e-13
1.6317209e-09
-1.2425354e-13
1.6317453e-09
-8.9804982e-14
1.6317645e-09
-6.1422224e-14
1.6317794e-09
-3.8308415e-14
1.6317906e-09
-1.973575e-14
1.6317988e-09
-5.0455217e-15
1.6318045e-09
6.3531609e-15
1.6318082e-09
1.4985713e-14
1.6318103e-09
2.131532e-14
1.6318111e-09
2.5747059e-14
1.631811e-09
2.863235e-14
1.6318101e-09
3.0273666e-14
1.6318087e-09
3.0929273e-14
1.631807e-09
3.0817825e-14
1.6318049e-09
3.0122753e-14
1.6318028e-09
2.8996478e-14
1.6318005e-09
2.7564384e-14
1.6317983e-09
2.5928498e-14
1.6317961e-09
2.4170868e-14
1.631794e-09
2.2356555e-14
1.631792e-09
2.0536253e-14
1.6317901e-09
1.8748607e-14
1.6317884e-09
1.7022245e-14
1.6317868e-09
1.5377557e-14
1.6317853e-09
1.3828268e-14
1.6317839e-09
1.2382749e-14
1.6317827e-09
1.1045107e-14
1.6317816e-09
9.8161013e-15
1.6317806e-09
8.6939122e-15
1.6317797e-09
7.6748194e-15
1.631779e-09
6.7538038e-15
1.6317783e-09
5.9250391e-15
1.6317776e-09
5.1822553e-15
1.6317771e-09
4.5189926e-15
1.6317766e-09
3.9287633e-15
1.6317762e-09
3.4051781e-15
1.6317758e-09
2.9420771e-15
1.6317755e-09
2.533647e-15
1.6317753e-09
2.1745006e-15
1.631775e-09
1.8597016e-15
1.6317748e-09
1.5847253e-15
1.6317746e-09
1.3453902e-15
1.6317745e-09
1.1378056e-15
1.6317743e-09
9.5834911e-16
1.6317742e-09
8.036824e-16
1.6317741e-09
6.7078961e-16
1.6317741e-09
5.5700321e-16
1.631774e-09
4.5999512e-16
1.6317739e-09
3.7772978e-16
1.6317739e-09
3.0838881e-16
1.6317739e-09
2.5030898e-16
1.6317738e-09
2.019689e-16
1.6317738e-09
1.6200988e-16
1.6317738e-09
1.2925083e-16
1.6317738e-09
1.0266193e-16
1.6317737e-09
8.1300907e-17
1.6317737e-09
6.427654e-17
1.6317737e-09
5.0793224e-17
1.6317737e-09
4.0240332e-17
1.6317737e-09
3.2231114e-17
1.6317737e-09
2.6519994e-17
1.6317737e-09
2.2830418e-17
1.6317737e-09
2.0738421e-17
1.6317737e-09
1.9734869e-17
1.6317737e-09
1.9428352e-17
1.6317737e-09
1.971696e-17
1.6317737e-09
2.0765194e-17
1.6317737e-09
2.2781666e-17
1.6317737e-09
2.5788996e-17
1.6317737e-09
2.9594935e-17
1.6317737e-09
3.3976801e-17
1.6317736e-09
3.8886487e-17
1.6317736e-09
4.4464389e-17
1.6317736e-09
5.0854247e-17
1.6317736e-09
5.8050423e-17
1.6317736e-09
6.5982374e-17
1.6317736e-09
7.4745839e-17
1.6317736e-09
8.4687259e-17
1.6317736e-09
9.6197189e-17
1.6317736e-09
1.0942639e-16
1.6317736e-09
1.2427243e-16
1.6317736e-09
1.4065793e-16
1.6317735e-09
1.5873117e-16
1.6317735e-09
1.7873444e-16
1.6317735e-09
2.007694e-16
1.6317735e-09
2.2485307e-16
1.6317735e-09
2.5123859e-16
1.6317734e-09
2.8055113e-16
1.6317734e-09
3.1353477e-16
1.6317734e-09
3.508086e-16
1.6317733e-09
3.9301862e-16
1.6317733e-09
4.4110414e-16
1.6317732e-09
4.9617704e-16
1.6317732e-09
5.5917455e-16
1.6317731e-09
6.3089409e-16
1.631773e-09
7.1239046e-16
1.6317729e-09
8.0505057e-16
1.6317728e-09
9.102657e-16
1.6317727e-09
1.0294447e-15
1.6317726e-09
1.1644699e-15
1.6317725e-09
1.3177946e-15
1.6317723e-09
1.4921255e-15
1.6317722e-09
1.6904894e-15
1.631772e-09
1.9165566e-15
1.6317718e-09
2.1745752e-15
1.6317715e-09
2.4694731e-15
1.6317713e-09
2.8073552e-15
1.631771e-09
3.1953399e-15
1.6317707e-09
3.6416122e-15
1.6317703e-09
4.1565035e-15
1.6317699e-09
4.7528191e-15
1.6317695e-09
5.4460407e-15
1.631769e-09
6.2554918e-15
1.6317686e-09
7.204839e-15
1.631768e-09
8.3238355e-15
1.6317675e-09
9.6502693e-15
1.631767e-09
1.1231935e-14
1.6317665e-09
1.3128521e-14
1.6317661e-09
1.542158e-14
1.631766e-09
1.8192841e-14
1.6317661e-09
2.1703783e-14
2.3884083e-14
1.672733e-09
-9.302502e-12
1.6911126e-09
-2.7718472e-11
1.7211457e-09
-4.7825322e-11
1.7615369e-09
-7.1460456e-11
1.8108394e-09
-9.9727027e-11
1.867781e-09
-1.3300533e-10
1.9314143e-09
-1.7105983e-10
2.0011488e-09
-2.1311913e-10
2.0766918e-09
-2.5793634e-10
2.1579207e-09
-3.0385412e-10
2.2447043e-09
-3.4885693e-10
2.3367201e-09
-3.9066593e-10
2.4332394e-09
-4.2678645e-10
2.5329452e-09
-4.5464395e-10
2.6339102e-09
-4.7191925e-10
2.7337599e-09
-4.7691838e-10
2.8299266e-09
-4.6877467e-10
2.9199407e-09
-4.4753111e-10
3.0016784e-09
-4.1406751e-10
3.0735564e-09
-3.6997352e-10
3.1346551e-09
-3.1736829e-10
3.1847101e-09
-2.5859432e-10
3.2240249e-09
-1.9596618e-10
3.2533346e-09
-1.3157807e-10
3.2736324e-09
-6.714693e-11
3.2860708e-09
-4.0280264e-12
3.291487e-09
5.7254213e-11
3.2908232e-09
1.1586511e-10
3.2847298e-09
1.7160901e-10
3.2736692e-09
2.2430586e-10
3.2579435e-09
2.7380087e-10
3.2377369e-09
3.1991322e-10
3.2131654e-09
3.6241029e-10
3.184323e-09
4.0100565e-10
3.1513207e-09
4.3537661e-10
3.1143131e-09
4.6519538e-10
3.0735132e-09
4.9016632e-10
3.029195e-09
5.1006017e-10
2.9816911e-09
5.2473899e-10
2.9313847e-09
5.3417023e-10
2.8787014e-09
5.3843159e-10
2.8240995e-09
5.3770831e-10
2.7680596e-09
5.3228437e-10
2.7110745e-09
5.2252936e-10
2.6536384e-09
5.08882e-10
2.5962359e-09
4.918318e-10
2.5393316e-09
4.7189991e-10
2.4833602e-09
4.4962023e-10
2.4287176e-09
4.2552167e-10
2.3757541e-09
4.0011263e-10
2.3247686e-09
3.7386813e-10
2.2760064e-09
3.4722011e-10
2.2296577e-09
3.2055096e-10
2.1858594e-09
2.9419028e-10
2.1446971e-09
2.6841433e-10
2.1062103e-09
2.4344798e-10
2.070397e-09
2.194684e-10
2.03722e-09
1.9660993e-10
2.0066127e-09
1.7496968e-10
1.978485e-09
1.5461329e-10
1.9527292e-09
1.355804e-10
1.9292251e-09
1.1788971e-10
1.9078442e-09
1.0154322e-10
1.8884539e-09
8.6529682e-11
1.8709201e-09
7.2827307e-11
1.8551099e-09
6.0405675e-11
1.8408934e-09
4.9226977e-11
1.828145e-09
3.9246871e-11
1.8167442e-09
3.041496e-11
1.8065764e-09
2.2675119e-11
1.7975332e-09
1.5965846e-11
1.7895125e-09
1.0220696e-11
1.7824188e-09
5.3688847e-12
1.7761627e-09
1.3364094e-12
1.7706621e-09
-1.9540011e-12
1.7658405e-09
-4.5795576e-12
1.7616282e-09
-6.6181939e-12
1.7579614e-09
-8.1459311e-12
1.7547822e-09
-9.2359032e-12
1.7520383e-09
-9.9570963e-12
1.7496829e-09
-1.0373282e-11
1.7476735e-09
-1.0542259e-11
1.7459725e-09
-1.0515377e-11
1.7445461e-09
-1.033729e-11
1.7433638e-09
-1.0045996e-11
1.7423984e-09
-9.6731196e-12
1.7416251e-09
-9.2443721e-12
1.7410215e-09
-8.7801491e-12
1.7405672e-09
-8.2962139e-12
1.7402433e-09
-7.8044166e-12
1.7400324e-09
-7.3133997e-12
1.7399186e-09
-6.8292701e-12
1.7398871e-09
-6.3561992e-12
1.7399241e-09
-5.8969367e-12
1.7400173e-09
-5.4532423e-12
1.7401552e-09
-5.0262218e-12
1.7403275e-09
-4.6165764e-12
1.7405249e-09
-4.2247823e-12
1.7407394e-09
-3.851203e-12
1.7409638e-09
-3.4961503e-12
1.7411921e-09
-3.1599111e-12
1.7414192e-09
-2.8427457e-12
1.7416409e-09
-2.5448692e-12
1.7418539e-09
-2.266428e-12
1.7420558e-09
-2.0074736e-12
1.7422448e-09
-1.7679385e-12
1.7424196e-09
-1.5476206e-12
1.7425796e-09
-1.3461738e-12
1.7427247e-09
-1.1631062e-12
1.7428549e-09
-9.9778712e-13
1.7429708e-09
-8.494591e-13
1.743073e-09
-7.1725511e-13
1.7431624e-09
-6.0021961e-13
1.7432399e-09
-4.9733095e-13
1.7433065e-09
-4.0752398e-13
1.7433632e-09
-3.2971265e-13
1.7434112e-09
-2.6281047e-13
1.7434513e-09
-2.0574868e-13
1.7434845e-09
-1.5749208e-13
1.7435118e-09
-1.1705174e-13
1.7435338e-09
-8.3494779e-14
1.7435515e-09
-5.5951546e-14
1.7435654e-09
-3.3620145e-14
1.7435761e-09
-1.5768747e-14
1.7435842e-09
-1.7361241e-15
1.7435901e-09
9.0698292e-15
1.7435942e-09
1.7173891e-14
1.7435969e-09
2.3037722e-14
1.7435985e-09
2.7063788e-14
1.7435992e-09
2.960011e-14
1.7435992e-09
3.0945173e-14
1.7435986e-09
3.1352794e-14
1.7435977e-09
3.1036886e-14
1.7435965e-09
3.0176083e-14
1.7435952e-09
2.8918125e-14
1.7435937e-09
2.7383942e-14
1.7435922e-09
2.5671428e-14
1.7435907e-09
2.3858809e-14
1.7435893e-09
2.2007616e-14
1.7435878e-09
2.0165349e-14
1.7435865e-09
1.8367801e-14
1.7435852e-09
1.66411e-14
1.7435841e-09
1.5003502e-14
1.743583e-09
1.3466902e-14
1.743582e-09
1.2038097e-14
1.7435811e-09
1.0719862e-14
1.7435803e-09
9.5118511e-15
1.7435795e-09
8.4113797e-15
1.7435789e-09
7.4141034e-15
1.7435783e-09
6.5145705e-15
1.7435777e-09
5.7066403e-15
1.7435773e-09
4.9838e-15
1.7435769e-09
4.3393906e-15
1.7435765e-09
3.7667857e-15
1.7435762e-09
3.2595571e-15
1.7435759e-09
2.8116007e-15
1.7435757e-09
2.4172105e-15
1.7435755e-09
2.0711e-15
1.7435753e-09
1.7683729e-15
1.7435751e-09
1.5044758e-15
1.743575e-09
1.2751737e-15
1.7435749e-09
1.07655e-15
1.7435748e-09
9.0502449e-16
1.7435747e-09
7.5738098e-16
1.7435746e-09
6.3076845e-16
1.7435745e-09
5.2266739e-16
1.7435745e-09
4.3083366e-16
1.7435744e-09
3.532353e-16
1.7435744e-09
2.8801692e-16
1.7435744e-09
2.3351066e-16
1.7435743e-09
1.8825848e-16
1.7435743e-09
1.510026e-16
1.7435743e-09
1.2063063e-16
1.7435743e-09
9.6102662e-17
1.7435743e-09
7.6431007e-17
1.7435743e-09
6.0749598e-17
1.7435743e-09
4.8407997e-17
1.7435743e-09
3.8987069e-17
1.7435742e-09
3.2190142e-17
1.7435742e-09
2.7669754e-17
1.7435742e-09
2.493935e-17
1.7435742e-09
2.3467529e-17
1.7435742e-09
2.2879684e-17
1.7435742e-09
2.3087904e-17
1.7435742e-09
2.4222408e-17
1.7435742e-09
2.6405912e-17
1.7435742e-09
2.9574748e-17
1.7435742e-09
3.3516277e-17
1.7435742e-09
3.8067731e-17
1.7435742e-09
4.3259739e-17
1.7435742e-09
4.9249396e-17
1.7435742e-09
5.6119074e-17
1.7435742e-09
6.3795499e-17
1.7435742e-09
7.2217891e-17
1.7435742e-09
8.1561259e-17
1.7435742e-09
9.2222233e-17
1.7435742e-09
1.0454721e-16
1.7435742e-09
1.1861115e-16
1.7435741e-09
1.343254e-16
1.7435741e-09
1.5173393e-16
1.7435741e-09
1.7109073e-16
1.7435741e-09
1.9262646e-16
1.7435741e-09
2.1638277e-16
1.7435741e-09
2.424098e-16
1.743574e-09
2.7108247e-16
1.743574e-09
3.030822e-16
1.743574e-09
3.3907933e-16
1.743574e-09
3.7963436e-16
1.7435739e-09
4.2548341e-16
1.7435739e-09
4.7769447e-16
1.7435739e-09
5.3736779e-16
1.7435738e-09
6.0536885e-16
1.7435738e-09
6.8258252e-16
1.7435737e-09
7.7025992e-16
1.7435736e-09
8.6984692e-16
1.7435736e-09
9.8268865e-16
1.7435735e-09
1.1102964e-15
1.7435734e-09
1.2547545e-15
1.7435733e-09
1.4185654e-15
1.7435732e-09
1.6044057e-15
1.7435731e-09
1.8153723e-15
1.7435729e-09
2.0551709e-15
1.7435728e-09
2.3279553e-15
1.7435726e-09
2.638556e-15
1.7435724e-09
2.9929401e-15
1.7435722e-09
3.397851e-15
1.743572e-09
3.8608908e-15
1.7435718e-09
4.3917356e-15
1.7435715e-09
5.0019837e-15
1.7435712e-09
5.7052212e-15
1.743571e-09
6.5182367e-15
1.7435707e-09
7.4607123e-15
1.7435705e-09
8.5568219e-15
1.7435703e-09
9.8357196e-15
1.7435702e-09
1.1332739e-14
1.7435703e-09
1.3088268e-14
1.7435705e-09
1.5157534e-14
1.7435711e-09
1.7567256e-14
1.7435723e-09
2.0554846e-14
2.2530391e-14
1.6718354e-09
-1.4471205e-11
1.68748e-09
-4.3363077e-11
1.7133304e-09
-7.36758e-11
1.748782e-09
-1.0691197e-10
1.7931448e-09
-1.4408985e-10
1.8458368e-09
-1.8569737e-10
1.9064841e-09
-2.3170713e-10
1.9749433e-09
-2.8157827e-10
2.0512514e-09
-3.3424444e-10
2.1355103e-09
-3.8811308e-10
2.2276935e-09
-4.4104013e-10
2.3274322e-09
-4.9040459e-10
2.4336567e-09
-5.3301094e-10
2.5442739e-09
-5.6526115e-10
2.6562069e-09
-5.8385223e-10
2.7657972e-09
-5.865087e-10
2.8693181e-09
-5.7229556e-10
2.9634809e-09
-5.4169397e-10
3.0457689e-09
-4.9635552e-10
3.1146593e-09
-4.3886392e-10
3.1697139e-09
-3.7242284e-10
3.2114286e-09
-3.0030909e-10
3.2410174e-09
-2.2555498e-10
3.2601634e-09
-1.50724e-10
3.2707292e-09
-7.7712783e-11
3.2745595e-09
-7.858328e-12
3.2729792e-09
5.8834571e-11
3.2672171e-09
1.2162716e-10
3.2580289e-09
1.8079726e-10
3.2458427e-09
2.3649204e-10
3.2308317e-09
2.8881186e-10
3.2129935e-09
3.3775137e-10
3.1922317e-09
3.8317217e-10
3.168426e-09
4.2481128e-10
3.141488e-09
4.6231465e-10
3.1113949e-09
4.9528851e-10
3.0782037e-09
5.233575e-10
3.0420493e-09
5.4621456e-10
3.0031344e-09
5.6365391e-10
2.9617171e-09
5.7558745e-10
2.9180996e-09
5.8204916e-10
2.8726168e-09
5.8319108e-10
2.8256281e-09
5.792731e-10
2.7775087e-09
5.7064874e-10
2.7286425e-09
5.5774816e-10
2.6794145e-09
5.4105983e-10
2.6302029e-09
5.2111146e-10
2.5813721e-09
4.9845111e-10
2.5332645e-09
4.7362927e-10
2.4861945e-09
4.4718265e-10
2.4404423e-09
4.1962034e-10
2.3962496e-09
3.9141271e-10
2.3538172e-09
3.6298345e-10
2.3133029e-09
3.3470458e-10
2.2748228e-09
3.0689439e-10
2.2384529e-09
2.7981788e-10
2.204232e-09
2.5368931e-10
2.1721657e-09
2.2867616e-10
2.1422313e-09
2.0490414e-10
2.1143819e-09
1.8246268e-10
2.0885519e-09
1.6141042e-10
2.0646612e-09
1.4178043e-10
2.0426194e-09
1.2358496e-10
2.0223298e-09
1.0681927e-10
2.0036921e-09
9.1465019e-11
1.9866051e-09
7.7492711e-11
1.9709686e-09
6.4863513e-11
1.9566848e-09
5.3530621e-11
1.9436596e-09
4.3440185e-11
1.9318027e-09
3.4531968e-11
1.9210286e-09
2.6739995e-11
1.9112561e-09
1.9993173e-11
1.902409e-09
1.4216039e-11
1.8944156e-09
9.3297164e-12
1.8872088e-09
5.2528605e-12
1.8807259e-09
1.903356e-12
1.8749086e-09
-8.0089227e-13
1.8697026e-09
-2.9399808e-12
1.8650577e-09
-4.5909921e-12
1.8609274e-09
-5.8268107e-12
1.8572687e-09
-6.7145407e-12
1.8540417e-09
-7.3152929e-12
1.8512097e-09
-7.6833996e-12
1.8487386e-09
-7.866201e-12
1.8465967e-09
-7.9040991e-12
1.8447545e-09
-7.8308524e-12
1.8431842e-09
-7.6740609e-12
1.8418598e-09
-7.4557946e-12
1.8407569e-09
-7.1933164e-12
1.8398523e-09
-6.8998435e-12
1.8391242e-09
-6.5852966e-12
1.838552e-09
-6.2570086e-12
1.8381161e-09
-5.9203567e-12
1.8377985e-09
-5.5793019e-12
1.8375821e-09
-5.2368359e-12
1.8374512e-09
-4.8953255e-12
1.8373914e-09
-4.5567609e-12
1.8373895e-09
-4.2229289e-12
1.8374338e-09
-3.8955129e-12
1.8375138e-09
-3.5761382e-12
1.8376203e-09
-3.2663812e-12
1.8377453e-09
-2.9677502e-12
1.8378821e-09
-2.6816497e-12
1.838025e-09
-2.4093423e-12
1.8381694e-09
-2.1519104e-12
1.8383117e-09
-1.9102235e-12
1.838449e-09
-1.6849167e-12
1.8385792e-09
-1.4763797e-12
1.8387009e-09
-1.2847552e-12
1.838813e-09
-1.1099494e-12
1.8389152e-09
-9.5164986e-13
1.8390073e-09
-8.0934902e-13
1.8390895e-09
-6.8237405e-13
1.8391621e-09
-5.6991771e-13
1.8392256e-09
-4.7107004e-13
1.8392807e-09
-3.8484985e-13
1.8393282e-09
-3.1023377e-13
1.8393686e-09
-2.4618224e-13
1.8394028e-09
-1.9166261e-13
1.8394314e-09
-1.4566817e-13
1.8394551e-09
-1.0723332e-13
1.8394746e-09
-7.5445452e-14
1.8394905e-09
-4.9453199e-14
1.8395032e-09
-2.8471831e-14
1.8395132e-09
-1.178617e-14
1.839521e-09
1.2489409e-15
1.839527e-09
1.1209557e-14
1.8395314e-09
1.8605167e-14
1.8395346e-09
2.3882631e-14
1.8395368e-09
2.743033e-14
1.8395381e-09
2.9582998e-14
1.8395389e-09
3.0626655e-14
1.8395391e-09
3.0803531e-14
1.839539e-09
3.0316935e-14
1.8395385e-09
2.9335923e-14
1.8395379e-09
2.7999678e-14
1.8395372e-09
2.6421586e-14
1.8395363e-09
2.469292e-14
1.8395355e-09
2.2886118e-14
1.8395346e-09
2.1057728e-14
1.8395337e-09
1.9251002e-14
1.8395328e-09
1.7498154e-14
1.839532e-09
1.5822361e-14
1.8395312e-09
1.4239451e-14
1.8395305e-09
1.2759327e-14
1.8395298e-09
1.1387195e-14
1.8395292e-09
1.0124588e-14
1.8395287e-09
8.9702468e-15
1.8395282e-09
7.9208764e-15
1.8395277e-09
6.9717532e-15
1.8395273e-09
6.1171994e-15
1.8395269e-09
5.3509576e-15
1.8395266e-09
4.6664756e-15
1.8395263e-09
4.0571353e-15
1.8395261e-09
3.516451e-15
1.8395258e-09
3.0382104e-15
1.8395256e-09
2.6165519e-15
1.8395255e-09
2.2459908e-15
1.8395253e-09
1.9214031e-15
1.8395252e-09
1.6379986e-15
1.8395251e-09
1.3913196e-15
1.839525e-09
1.1772558e-15
1.8395249e-09
9.9206557e-16
1.8395248e-09
8.3239291e-16
1.8395247e-09
6.9525113e-16
1.8395247e-09
5.7797227e-16
1.8395246e-09
4.7814806e-16
1.8395246e-09
3.9358138e-16
1.8395246e-09
3.222741e-16
1.8395245e-09
2.6245497e-16
1.8395245e-09
2.1259756e-16
1.8395245e-09
1.7138693e-16
1.8395245e-09
1.376436e-16
1.8395244e-09
1.1024994e-16
1.8395244e-09
8.8147923e-17
1.8395244e-09
7.0425739e-17
1.8395244e-09
5.640694e-17
1.8395244e-09
4.5640633e-17
1.8395244e-09
3.7774313e-17
1.8395244e-09
3.2391525e-17
1.8395244e-09
2.8957232e-17
1.8395244e-09
2.6937736e-17
1.8395244e-09
2.5988762e-17
1.8395244e-09
2.6036063e-17
1.8395244e-09
2.7165899e-17
1.8395244e-09
2.9409665e-17
1.8395244e-09
3.2625616e-17
1.8395244e-09
3.6595997e-17
1.8395244e-09
4.1222317e-17
1.8395244e-09
4.6597003e-17
1.8395244e-09
5.2868021e-17
1.8395244e-09
6.0048831e-17
1.8395244e-09
6.8020451e-17
1.8395244e-09
7.6759068e-17
1.8395243e-09
8.6514874e-17
1.8395243e-09
9.7695857e-17
1.8395243e-09
1.1057178e-16
1.8395243e-09
1.2515355e-16
1.8395243e-09
1.4140246e-16
1.8395243e-09
1.5948649e-16
1.8395243e-09
1.7971861e-16
1.8395243e-09
2.0227813e-16
1.8395243e-09
2.2716506e-16
1.8395243e-09
2.5450508e-16
1.8395243e-09
2.8478605e-16
1.8395242e-09
3.1868493e-16
1.8395242e-09
3.5677015e-16
1.8395242e-09
3.9958391e-16
1.8395242e-09
4.4797546e-16
1.8395242e-09
5.0307248e-16
1.8395241e-09
5.6588104e-16
1.8395241e-09
6.3721059e-16
1.8395241e-09
7.1807669e-16
1.839524e-09
8.0985265e-16
1.839524e-09
9.1392185e-16
1.8395239e-09
1.0315874e-15
1.8395239e-09
1.1645019e-15
1.8395238e-09
1.3148236e-15
1.8395237e-09
1.4849379e-15
1.8395237e-09
1.6774937e-15
1.8395236e-09
1.8956123e-15
1.8395235e-09
2.1427668e-15
1.8395234e-09
2.4228791e-15
1.8395233e-09
2.7406506e-15
1.8395232e-09
3.1015275e-15
1.8395231e-09
3.5115481e-15
1.839523e-09
3.9776273e-15
1.8395229e-09
4.5082453e-15
1.8395227e-09
5.1130578e-15
1.8395226e-09
5.8034863e-15
1.8395226e-09
6.5926025e-15
1.8395225e-09
7.4954259e-15
1.8395226e-09
8.5293658e-15
1.8395227e-09
9.7139552e-15
1.8395229e-09
1.1070964e-14
1.8395234e-09
1.2621673e-14
1.8395242e-09
1.4394512e-14
1.8395254e-09
1.6377669e-14
1.8395272e-09
1.8736825e-14
2.039304e-14
1.6711671e-09
-1.8971626e-11
1.6847463e-09
-5.6942267e-11
1.7073352e-09
-9.6264686e-11
1.7387536e-09
-1.3833045e-10
1.7788405e-09
-1.8417672e-10
1.8275672e-09
-2.3442407e-10
1.885101e-09
-2.8924095e-10
1.9518115e-09
-3.4828871e-10
2.0282097e-09
-4.1064261e-10
2.1148152e-09
-4.7471865e-10
2.2118946e-09
-5.381195e-10
2.3191553e-09
-5.9766533e-10
2.435015e-09
-6.4887064e-10
2.556016e-09
-6.8626209e-10
2.6771374e-09
-7.0497361e-10
2.7927828e-09
-7.0215419e-10
2.8977735e-09
-6.7728619e-10
2.9881429e-09
-6.320634e-10
3.061438e-09
-5.6965064e-10
3.1168669e-09
-4.9429283e-10
3.1552383e-09
-4.1079424e-10
3.1785029e-09
-3.2357363e-10
3.1893523e-09
-2.3640437e-10
3.1908243e-09
-1.5219599e-10
3.1858409e-09
-7.2729388e-11
3.1769887e-09
9.9379678e-13
3.1659327e-09
6.9890588e-11
3.1539917e-09
1.3356817e-10
3.1417537e-09
1.9303527e-10
3.1293471e-09
2.4889862e-10
3.1165641e-09
3.0159492e-10
3.1029978e-09
3.5131764e-10
3.0881629e-09
3.9800706e-10
3.0715914e-09
4.4138274e-10
3.0529041e-09
4.8100204e-10
3.0318487e-09
5.1634386e-10
3.0083062e-09
5.4689997e-10
2.9822737e-09
5.7224709e-10
2.9538398e-09
5.9208777e-10
2.9231614e-09
6.0626592e-10
2.8904432e-09
6.1476734e-10
2.8559232e-09
6.177111e-10
2.8198613e-09
6.1533492e-10
2.7825325e-09
6.0797761e-10
2.7442205e-09
5.9606014e-10
2.705214e-09
5.8006633e-10
2.6658018e-09
5.6052369e-10
2.6262682e-09
5.3798468e-10
2.5868884e-09
5.1300906e-10
2.5479232e-09
4.8614783e-10
2.5096143e-09
4.5792922e-10
2.47218e-09
4.2884707e-10
2.4358114e-09
3.9935208e-10
2.4006702e-09
3.6984578e-10
2.3668873e-09
3.4067722e-10
2.3345629e-09
3.1214232e-10
2.303767e-09
2.8448516e-10
2.2745421e-09
2.5790106e-10
2.2469055e-09
2.3254079e-10
2.2208526e-09
2.0851555e-10
2.1963608e-09
1.8590219e-10
2.1733929e-09
1.6474838e-10
2.1519004e-09
1.4507746e-10
2.131827e-09
1.2689263e-10
2.1131114e-09
1.1018066e-10
2.0956893e-09
9.4914839e-11
2.0794955e-09
8.1057263e-11
2.0644655e-09
6.8560633e-11
2.0505361e-09
5.7369615e-11
2.0376462e-09
4.7421838e-11
2.0257374e-09
3.8648833e-11
2.0147537e-09
3.0976862e-11
2.0046419e-09
2.4327801e-11
1.9953515e-09
1.8620179e-11
1.986834e-09
1.3770323e-11
1.9790437e-09
9.6936705e-12
1.9719367e-09
6.3061042e-12
1.9654713e-09
3.5254099e-12
1.9596073e-09
1.2729667e-12
1.9543071e-09
-5.2657049e-13
1.9495338e-09
-1.9412602e-12
1.9452526e-09
-3.0340624e-12
1.9414299e-09
-3.8606775e-12
1.9380334e-09
-4.4697625e-12
1.9350322e-09
-4.90292e-12
1.9323964e-09
-5.1950278e-12
1.9300971e-09
-5.3747267e-12
1.9281064e-09
-5.4650745e-12
1.9263973e-09
-5.4842913e-12
1.924944e-09
-5.4465503e-12
1.9237215e-09
-5.3627543e-12
1.9227058e-09
-5.2412642e-12
1.9218739e-09
-5.0885488e-12
1.9212044e-09
-4.9097367e-12
1.9206766e-09
-4.7090656e-12
1.9202715e-09
-4.4902242e-12
1.9199713e-09
-4.2565914e-12
1.9197598e-09
-4.0113931e-12
1.9196221e-09
-3.7577845e-12
1.9195448e-09
-3.4988727e-12
1.9195161e-09
-3.2377038e-12
1.9195256e-09
-2.9772209e-12
1.9195642e-09
-2.7202082e-12
1.9196241e-09
-2.4692346e-12
1.9196987e-09
-2.2266006e-12
1.9197828e-09
-1.9942941e-12
1.9198719e-09
-1.7739622e-12
1.9199624e-09
-1.566896e-12
1.9200516e-09
-1.3740289e-12
1.9201376e-09
-1.1959493e-12
1.9202189e-09
-1.0329236e-12
1.9202945e-09
-8.8492706e-13
1.9203638e-09
-7.516809e-13
1.9204266e-09
-6.3269291e-13
1.9204828e-09
-5.2729827e-13
1.9205327e-09
-4.3470063e-13
1.9205764e-09
-3.540102e-13
1.9206145e-09
-2.8427846e-13
1.9206474e-09
-2.2452913e-13
1.9206755e-09
-1.7378421e-13
1.9206994e-09
-1.3108543e-13
1.9207194e-09
-9.5511386e-14
1.9207362e-09
-6.619028e-14
1.92075e-09
-4.2309016e-14
1.9207613e-09
-2.3119057e-14
1.9207705e-09
-7.93948e-15
1.9207779e-09
3.8427588e-15
1.9207837e-09
1.277333e-14
1.9207883e-09
1.9333727e-14
1.9207918e-09
2.394491e-14
1.9207944e-09
2.6971593e-14
1.9207963e-09
2.8727006e-14
1.9207976e-09
2.947777e-14
1.9207985e-09
2.9448817e-14
1.920799e-09
2.8828182e-14
1.9207992e-09
2.7771546e-14
1.9207992e-09
2.6406516e-14
1.9207991e-09
2.4836525e-14
1.9207988e-09
2.3144339e-14
1.9207985e-09
2.1395219e-14
1.9207981e-09
1.9639721e-14
1.9207977e-09
1.791614e-14
1.9207972e-09
1.6252671e-14
1.9207968e-09
1.4669249e-14
1.9207964e-09
1.3179117e-14
1.920796e-09
1.1790177e-14
1.9207956e-09
1.050613e-14
1.9207953e-09
9.3274441e-15
1.9207949e-09
8.2521708e-15
1.9207946e-09
7.2766155e-15
1.9207943e-09
6.3958575e-15
1.9207941e-09
5.6041782e-15
1.9207939e-09
4.8953974e-15
1.9207936e-09
4.2631457e-15
1.9207935e-09
3.7010924e-15
1.9207933e-09
3.2031049e-15
1.9207932e-09
2.7633346e-15
1.920793e-09
2.3762555e-15
1.9207929e-09
2.0366644e-15
1.9207928e-09
1.7396738e-15
1.9207927e-09
1.4807286e-15
1.9207926e-09
1.2556329e-15
1.9207926e-09
1.0605714e-15
1.9207925e-09
8.9211852e-16
1.9207925e-09
7.4720946e-16
1.9207924e-09
6.2308027e-16
1.9207924e-09
5.1721156e-16
1.9207923e-09
4.2729646e-16
1.9207923e-09
3.5124819e-16
1.9207923e-09
2.8723756e-16
1.9207923e-09
2.3370171e-16
1.9207922e-09
1.892894e-16
1.9207922e-09
1.5277179e-16
1.9207922e-09
1.2297582e-16
1.9207922e-09
9.8800142e-17
1.9207922e-09
7.9311464e-17
1.9207922e-09
6.3821148e-17
1.9207922e-09
5.1850233e-17
1.9207922e-09
4.2992042e-17
1.9207922e-09
3.6769934e-17
1.9207922e-09
3.2617972e-17
1.9207922e-09
3.0018128e-17
1.9207922e-09
2.8664064e-17
1.9207922e-09
2.8489742e-17
1.9207922e-09
2.9528024e-17
1.9207922e-09
3.1719719e-17
1.9207922e-09
3.4860936e-17
1.9207922e-09
3.8747412e-17
1.9207922e-09
4.3346617e-17
1.9207922e-09
4.8792209e-17
1.9207921e-09
5.5199251e-17
1.9207921e-09
6.2511925e-17
1.9207921e-09
7.0590892e-17
1.9207921e-09
7.9469267e-17
1.9207921e-09
8.9456781e-17
1.9207921e-09
1.0093369e-16
1.9207921e-09
1.1407628e-16
1.9207921e-09
1.2885726e-16
1.9207921e-09
1.4531721e-16
1.9207921e-09
1.6372964e-16
1.9207921e-09
1.8441293e-16
1.9207921e-09
2.0747281e-16
1.9207921e-09
2.3290157e-16
1.9207921e-09
2.6093008e-16
1.9207921e-09
2.9212487e-16
1.9207921e-09
3.2709905e-16
1.9207921e-09
3.6632001e-16
1.9207921e-09
4.1036071e-16
1.920792e-09
4.6017305e-16
1.920792e-09
5.1685359e-16
1.920792e-09
5.8126767e-16
1.920792e-09
6.5421933e-16
1.920792e-09
7.3686469e-16
1.920792e-09
8.3059043e-16
1.9207919e-09
9.366444e-16
1.9207919e-09
1.056335e-15
1.9207919e-09
1.1914415e-15
1.9207919e-09
1.3440435e-15
1.9207918e-09
1.5163216e-15
1.9207918e-09
1.7109035e-15
1.9207918e-09
1.9308197e-15
1.9207917e-09
2.1791325e-15
1.9207917e-09
2.459496e-15
1.9207917e-09
2.7763849e-15
1.9207916e-09
3.1344101e-15
1.9207916e-09
3.538803e-15
1.9207916e-09
3.9956549e-15
1.9207916e-09
4.5117023e-15
1.9207916e-09
5.0946761e-15
1.9207916e-09
5.7532585e-15
1.9207917e-09
6.4966072e-15
1.9207919e-09
7.3348181e-15
1.9207921e-09
8.2783801e-15
1.9207925e-09
9.337441e-15
1.9207931e-09
1.0521113e-14
1.9207939e-09
1.1834106e-14
1.920795e-09
1.3280351e-14
1.9207965e-09
1.4827283e-14
1.9207987e-09
1.6545974e-14
1.7826765e-14
1.6705804e-09
-2.2885394e-11
1.682344e-09
-6.8705843e-11
1.7020053e-09
-1.15926e-10
1.72967e-09
-1.6599517e-10
1.7655715e-09
-2.200782e-10
1.8101451e-09
-2.7899764e-10
1.8640747e-09
-3.4317052e-10
1.9282934e-09
-4.1250747e-10
2.003913e-09
-4.8626214e-10
2.0920577e-09
-5.628634e-10
2.1934678e-09
-6.3952954e-10
2.3079907e-09
-7.1218829e-10
2.4329692e-09
-7.738491e-10
2.5623129e-09
-8.1560582e-10
2.6877572e-09
-8.3041795e-10
2.8011055e-09
-8.1550245e-10
2.8958805e-09
-7.7206121e-10
2.9682913e-09
-7.0447422e-10
3.0171372e-09
-6.1849649e-10
3.0436767e-09
-5.2083236e-10
3.0511831e-09
-4.1830059e-10
3.0439394e-09
-3.1632996e-10
3.0267039e-09
-2.1916892e-10
3.0041333e-09
-1.2962531e-10
2.9801961e-09
-4.8792182e-11
2.9574829e-09
2.3707009e-11
2.9381522e-09
8.922128e-11
2.9227252e-09
1.4899514e-10
2.9112013e-09
2.0455915e-10
2.9029983e-09
2.5710165e-10
2.8971926e-09
3.074006e-10
2.8927153e-09
3.5579495e-10
2.8885017e-09
4.0222062e-10
2.8836058e-09
4.4627871e-10
2.8772825e-09
4.8732534e-10
2.8690229e-09
5.2460337e-10
2.8585385e-09
5.5738443e-10
2.8457158e-09
5.8506982e-10
2.8305682e-09
6.0723534e-10
2.813195e-09
6.2363912e-10
2.7937494e-09
6.3421296e-10
2.7724158e-09
6.3904468e-10
2.7493954e-09
6.3835526e-10
2.724898e-09
6.3247509e-10
2.699137e-09
6.2182115e-10
2.6723277e-09
6.0687561e-10
2.6446855e-09
5.8816581e-10
2.6164248e-09
5.6624546e-10
2.5877564e-09
5.4167741e-10
2.5588861e-09
5.1501815e-10
2.530011e-09
4.8680429e-10
2.5013169e-09
4.5754123e-10
2.4729747e-09
4.2769422e-10
2.4451384e-09
3.9768211e-10
2.4179423e-09
3.6787333e-10
2.3915001e-09
3.385845e-10
2.3659044e-09
3.1008084e-10
2.341227e-09
2.8257845e-10
2.3175201e-09
2.5624773e-10
2.2948179e-09
2.3121779e-10
2.2731388e-09
2.0758122e-10
2.2524882e-09
1.8539897e-10
2.2328605e-09
1.6470521e-10
2.2142416e-09
1.4551153e-10
2.1966114e-09
1.2781087e-10
2.1799454e-09
1.1158078e-10
2.1642167e-09
9.6786013e-11
2.1493966e-09
8.3380698e-11
2.1354562e-09
7.1310052e-11
2.1223663e-09
6.0511671e-11
2.1100984e-09
5.091673e-11
2.0986243e-09
4.2451014e-11
2.0879162e-09
3.5035936e-11
2.0779467e-09
2.8589669e-11
2.0686887e-09
2.3028326e-11
2.0601151e-09
1.8267262e-11
2.0521987e-09
1.4222436e-11
2.0449123e-09
1.0811802e-11
2.0382287e-09
7.956629e-12
2.0321196e-09
5.582499e-12
2.0265575e-09
3.6208806e-12
2.0215141e-09
2.0093116e-12
2.0169612e-09
6.9218823e-13
2.0128706e-09
-3.7911845e-13
2.0092138e-09
-1.2461605e-12
2.0059627e-09
-1.9439103e-12
2.0030892e-09
-2.5011688e-12
2.0005654e-09
-2.9412779e-12
1.9983639e-09
-3.2828112e-12
1.9964578e-09
-3.5404435e-12
1.9948207e-09
-3.7257031e-12
1.9934272e-09
-3.8477114e-12
1.9922525e-09
-3.913836e-12
1.991273e-09
-3.9302422e-12
1.9904662e-09
-3.9023336e-12
1.9898111e-09
-3.8350813e-12
1.9892877e-09
-3.7332457e-12
1.9888779e-09
-3.601512e-12
1.9885646e-09
-3.4445477e-12
1.9883327e-09
-3.2669997e-12
1.9881685e-09
-3.0734553e-12
1.9880597e-09
-2.8683748e-12
1.9879955e-09
-2.6560125e-12
1.9879666e-09
-2.4403401e-12
1.9879649e-09
-2.2249771e-12
1.9879838e-09
-2.0131335e-12
1.9880174e-09
-1.8075729e-12
1.9880611e-09
-1.6105916e-12
1.9881111e-09
-1.4240161e-12
1.9881643e-09
-1.2492167e-12
1.9882185e-09
-1.0871347e-12
1.9882719e-09
-9.3831911e-13
1.9883232e-09
-8.029717e-13
1.9883715e-09
-6.8099585e-13
1.9884163e-09
-5.7204669e-13
1.9884572e-09
-4.7558146e-13
1.9884941e-09
-3.9090674e-13
1.988527e-09
-3.1722184e-13
1.9885561e-09
-2.5365786e-13
1.9885817e-09
-1.9931105e-13
1.9886038e-09
-1.5327074e-13
1.988623e-09
-1.1464216e-13
1.9886393e-09
-8.2564089e-14
1.9886533e-09
-5.6221972e-14
1.988665e-09
-3.485718e-14
1.9886748e-09
-1.7772716e-14
1.988683e-09
-4.3361609e-15
1.9886898e-09
6.0206258e-15
1.9886953e-09
1.3801325e-14
1.9886998e-09
1.9449392e-14
1.9887034e-09
2.3351159e-14
1.9887063e-09
2.584017e-14
1.9887086e-09
2.7201805e-14
1.9887103e-09
2.7678067e-14
1.9887117e-09
2.7472316e-14
1.9887127e-09
2.6753843e-14
1.9887135e-09
2.5662224e-14
1.988714e-09
2.4311325e-14
1.9887143e-09
2.2792946e-14
1.9887146e-09
2.1180122e-14
1.9887147e-09
1.9530053e-14
1.9887147e-09
1.7886678e-14
1.9887147e-09
1.6282953e-14
1.9887146e-09
1.4742805e-14
1.9887145e-09
1.3282807e-14
1.9887144e-09
1.1913631e-14
1.9887142e-09
1.0641276e-14
1.9887141e-09
9.468101e-15
1.9887139e-09
8.3937025e-15
1.9887138e-09
7.4156292e-15
1.9887137e-09
6.5299454e-15
1.9887135e-09
5.7317034e-15
1.9887134e-09
5.0153227e-15
1.9887133e-09
4.3748959e-15
1.9887132e-09
3.8044436e-15
1.9887131e-09
3.2980898e-15
1.988713e-09
2.8501624e-15
1.988713e-09
2.4552473e-15
1.9887129e-09
2.1082076e-15
1.9887128e-09
1.8041944e-15
1.9887128e-09
1.5386789e-15
1.9887127e-09
1.3074866e-15
1.9887127e-09
1.1068186e-15
1.9887126e-09
9.3325449e-16
1.9887126e-09
7.8371549e-16
1.9887125e-09
6.5540127e-16
1.9887125e-09
5.4574094e-16
1.9887125e-09
4.5237783e-16
1.9887125e-09
3.7319264e-16
1.9887125e-09
3.0634401e-16
1.9887124e-09
2.502648e-16
1.9887124e-09
2.035899e-16
1.9887124e-09
1.6506165e-16
1.9887124e-09
1.3347585e-16
1.9887124e-09
1.0771479e-16
1.9887124e-09
8.6846447e-17
1.9887124e-09
7.0183637e-17
1.9887124e-09
5.7226298e-17
1.9887124e-09
4.7521378e-17
1.9887124e-09
4.0546366e-17
1.9887124e-09
3.5723296e-17
1.9887124e-09
3.2564033e-17
1.9887124e-09
3.0801878e-17
1.9887124e-09
3.0370444e-17
1.9887124e-09
3.1242728e-17
1.9887124e-09
3.3277162e-17
1.9887123e-09
3.6229861e-17
1.9887123e-09
3.992869e-17
1.9887123e-09
4.440361e-17
1.9887123e-09
4.9805734e-17
1.9887123e-09
5.6197789e-17
1.9887123e-09
6.3462542e-17
1.9887123e-09
7.1467358e-17
1.9887123e-09
8.0313065e-17
1.9887123e-09
9.0343586e-17
1.9887123e-09
1.0187669e-16
1.9887123e-09
1.1499459e-16
1.9887123e-09
1.296652e-16
1.9887123e-09
1.4602449e-16
1.9887123e-09
1.6441637e-16
1.9887123e-09
1.8511597e-16
1.9887123e-09
2.0815508e-16
1.9887123e-09
2.3355897e-16
1.9887123e-09
2.6167231e-16
1.9887123e-09
2.9308742e-16
1.9887123e-09
3.2830942e-16
1.9887123e-09
3.6773297e-16
1.9887123e-09
4.1200148e-16
1.9887123e-09
4.6212181e-16
1.9887123e-09
5.1907179e-16
1.9887123e-09
5.835784e-16
1.9887123e-09
6.5649753e-16
1.9887123e-09
7.390818e-16
1.9887123e-09
8.3262253e-16
1.9887123e-09
9.3823492e-16
1.9887123e-09
1.0572806e-15
1.9887123e-09
1.1915648e-15
1.9887123e-09
1.3429677e-15
1.9887123e-09
1.5134943e-15
1.9887123e-09
1.7056976e-15
1.9887123e-09
1.9223407e-15
1.9887123e-09
2.1660825e-15
1.9887124e-09
2.4402976e-15
1.9887124e-09
2.7490154e-15
1.9887124e-09
3.0959425e-15
1.9887125e-09
3.4854352e-15
1.9887126e-09
3.9226091e-15
1.9887127e-09
4.4123053e-15
1.9887128e-09
4.9603891e-15
1.988713e-09
5.5725624e-15
1.9887132e-09
6.2544457e-15
1.9887135e-09
7.0112422e-15
1.988714e-09
7.8471979e-15
1.9887145e-09
8.7643134e-15
1.9887153e-09
9.7609198e-15
1.9887163e-09
1.0828965e-14
1.9887176e-09
1.1952136e-14
1.9887194e-09
1.3091802e-14
1.9887217e-09
1.422421e-14
1.5126444e-14
1.6699757e-09
-2.6194455e-11
1.6798772e-09
-7.8607317e-11
1.6964923e-09
-1.325411e-10
1.7201301e-09
-1.8963292e-10
1.7513314e-09
-2.5127959e-10
1.7909332e-09
-3.185994e-10
1.8401207e-09
-3.9235808e-10
1.9004431e-09
-4.7282978e-10
1.9737441e-09
-5.595632e-10
2.0619519e-09
-6.5107119e-10
2.1664432e-09
-7.4402082e-10
2.2871129e-09
-8.32858e-10
2.4188255e-09
-9.0556169e-10
2.5504619e-09
-9.4724225e-10
2.668823e-09
-9.4877903e-10
2.7631047e-09
-9.0978415e-10
2.8269407e-09
-8.3589719e-10
2.8588444e-09
-7.363779e-10
2.8610554e-09
-6.2070755e-10
2.8389891e-09
-4.9876601e-10
2.7999491e-09
-3.7926066e-10
2.7512785e-09
-2.6765933e-10
2.7000351e-09
-1.6792557e-10
2.6521213e-09
-8.1711429e-11
2.6116733e-09
-8.3442091e-12
2.5807745e-09
5.4605805e-11
2.5602217e-09
1.0977411e-10
2.5494198e-09
1.59797e-10
2.5470936e-09
2.0688536e-10
2.5515191e-09
2.5267613e-10
2.5607734e-09
2.9814636e-10
2.5729449e-09
3.436234e-10
2.5862824e-09
3.888831e-10
2.599307e-09
4.3325413e-10
2.6109038e-09
4.7572857e-10
2.6203455e-09
5.1516162e-10
2.6272381e-09
5.5049191e-10
2.6314307e-09
5.8087722e-10
2.6329343e-09
6.0573175e-10
2.6318597e-09
6.2471371e-10
2.6283721e-09
6.3770053e-10
2.6226599e-09
6.4475691e-10
2.6149162e-09
6.4609892e-10
2.6053304e-09
6.4206091e-10
2.5940844e-09
6.3306713e-10
2.5813528e-09
6.1960718e-10
2.5673043e-09
6.0221434e-10
2.5521034e-09
5.8144639e-10
2.535912e-09
5.5786882e-10
2.51889e-09
5.3204015e-10
2.5011949e-09
5.0449937e-10
2.4829807e-09
4.7575539e-10
2.4643962e-09
4.4627878e-10
2.4455826e-09
4.1649571e-10
2.4266719e-09
3.8678404e-10
2.4077848e-09
3.5747155e-10
2.3890297e-09
3.2883598e-10
2.3705015e-09
3.0110667e-10
2.3522817e-09
2.7446749e-10
2.3344389e-09
2.490606e-10
2.3170293e-09
2.2499078e-10
2.3000983e-09
2.0233001e-10
2.2836815e-09
1.8112204e-10
2.2678065e-09
1.6138653e-10
2.2524943e-09
1.4312304e-10
2.2377607e-09
1.2631439e-10
2.2236173e-09
1.1092939e-10
2.2100726e-09
9.6925384e-11
2.1971326e-09
8.4250061e-11
2.1848012e-09
7.2843063e-11
2.1730806e-09
6.2637363e-11
2.1619711e-09
5.3560464e-11
2.1514716e-09
4.5535525e-11
2.1415787e-09
3.848257e-11
2.1322873e-09
3.2319694e-11
2.1235902e-09
2.696434e-11
2.115478e-09
2.2334642e-11
2.1079391e-09
1.8350745e-11
2.1009596e-09
1.4936057e-11
2.0945237e-09
1.2018413e-11
2.0886135e-09
9.5310635e-12
2.0832095e-09
7.4133938e-12
2.0782903e-09
5.6113767e-12
2.0738334e-09
4.0777861e-12
2.069815e-09
2.7721539e-12
2.0662107e-09
1.6604188e-12
2.0629951e-09
7.1447403e-13
2.0601425e-09
-8.8685142e-14
2.057627e-09
-7.6735288e-13
2.0554229e-09
-1.3362711e-12
2.0535044e-09
-1.8072105e-12
2.0518464e-09
-2.1897498e-12
2.0504245e-09
-2.4919065e-12
2.0492149e-09
-2.7206831e-12
2.0481951e-09
-2.8824842e-12
2.0473434e-09
-2.9834271e-12
2.0466397e-09
-3.0295399e-12
2.0460651e-09
-3.0268719e-12
2.045602e-09
-2.9815228e-12
2.0452346e-09
-2.8996139e-12
2.0449484e-09
-2.7872203e-12
2.0447303e-09
-2.6502791e-12
2.0445688e-09
-2.4944857e-12
2.0444536e-09
-2.3251977e-12
2.044376e-09
-2.1473468e-12
2.0443283e-09
-1.9653696e-12
2.0443038e-09
-1.7831597e-12
2.0442973e-09
-1.6040415e-12
2.044304e-09
-1.4307642e-12
2.0443203e-09
-1.2655164e-12
2.0443432e-09
-1.1099555e-12
2.0443701e-09
-9.6524912e-13
2.0443992e-09
-8.3212687e-13
2.0444292e-09
-7.1093642e-13
2.0444588e-09
-6.0170175e-13
2.0444874e-09
-5.0418196e-13
2.0445145e-09
-4.1792686e-13
2.0445396e-09
-3.4232841e-13
2.0445626e-09
-2.7666737e-13
2.0445834e-09
-2.201537e-13
2.0446021e-09
-1.7196069e-13
2.0446187e-09
-1.3125344e-13
2.0446334e-09
-9.7211324e-14
2.0446462e-09
-6.9045288e-14
2.0446573e-09
-4.6010569e-14
2.044667e-09
-2.7415296e-14
2.0446753e-09
-1.2625676e-14
2.0446824e-09
-1.0683811e-15
2.0446884e-09
7.7700208e-15
2.0446935e-09
1.4342804e-14
2.0446978e-09
1.9048084e-14
2.0447014e-09
2.2231217e-14
2.0447044e-09
2.4189246e-14
2.0447069e-09
2.5175346e-14
2.044709e-09
2.5403351e-14
2.0447107e-09
2.5052206e-14
2.0447121e-09
2.4270253e-14
2.0447132e-09
2.3179247e-14
2.0447141e-09
2.1878009e-14
2.0447149e-09
2.0445784e-14
2.0447155e-09
1.8945226e-14
2.0447159e-09
1.7425028e-14
2.0447163e-09
1.5922265e-14
2.0447166e-09
1.4464417e-14
2.0447168e-09
1.3071109e-14
2.0447169e-09
1.1755626e-14
2.044717e-09
1.0526202e-14
2.0447171e-09
9.3870985e-15
2.0447172e-09
8.3395242e-15
2.0447172e-09
7.3823786e-15
2.0447172e-09
6.5128513e-15
2.0447172e-09
5.7269263e-15
2.0447172e-09
5.019792e-15
2.0447172e-09
4.3861729e-15
2.0447172e-09
3.8206025e-15
2.0447172e-09
3.3176156e-15
2.0447172e-09
2.8718631e-15
2.0447171e-09
2.4781837e-15
2.0447171e-09
2.1316409e-15
2.0447171e-09
1.8275511e-15
2.0447171e-09
1.5615264e-15
2.044717e-09
1.3295148e-15
2.044717e-09
1.1278209e-15
2.044717e-09
9.5310452e-16
2.044717e-09
8.0233966e-16
2.044717e-09
6.7275281e-16
2.044717e-09
5.6178418e-16
2.0447169e-09
4.6708874e-16
2.0447169e-09
3.8657044e-16
2.0447169e-09
3.1842031e-16
2.0447169e-09
2.610989e-16
2.0447169e-09
2.1325112e-16
2.0447169e-09
1.7361334e-16
2.0447169e-09
1.4097575e-16
2.0447169e-09
1.1423039e-16
2.0447169e-09
9.2467876e-17
2.0447169e-09
7.5016579e-17
2.0447169e-09
6.136559e-17
2.0447169e-09
5.1027784e-17
2.0447169e-09
4.3451721e-17
2.0447168e-09
3.8064943e-17
2.0447168e-09
3.4419026e-17
2.0447168e-09
3.2284672e-17
2.0447168e-09
3.158695e-17
2.0447168e-09
3.223805e-17
2.0447168e-09
3.4029272e-17
2.0447168e-09
3.6701667e-17
2.0447168e-09
4.0129873e-17
2.0447168e-09
4.4396402e-17
2.0447168e-09
4.9644965e-17
2.0447168e-09
5.5873794e-17
2.0447168e-09
6.2920366e-17
2.0447168e-09
7.0684217e-17
2.0447168e-09
7.9333374e-17
2.0447168e-09
8.9213811e-17
2.0447168e-09
1.005553e-16
2.0447168e-09
1.1336118e-16
2.0447168e-09
1.2762923e-16
2.0447169e-09
1.4359065e-16
2.0447169e-09
1.6161408e-16
2.0447169e-09
1.8189596e-16
2.0447169e-09
2.0441401e-16
2.0447169e-09
2.2926406e-16
2.0447169e-09
2.5688868e-16
2.0447169e-09
2.8784531e-16
2.0447169e-09
3.2251185e-16
2.0447169e-09
3.6125611e-16
2.0447169e-09
4.0480579e-16
2.0447169e-09
4.541471e-16
2.0447169e-09
5.1008095e-16
2.0447169e-09
5.7324507e-16
2.0447169e-09
6.4458296e-16
2.0447169e-09
7.2535064e-16
2.044717e-09
8.1666661e-16
2.044717e-09
9.195774e-16
2.044717e-09
1.0355066e-15
2.044717e-09
1.1661244e-15
2.0447171e-09
1.3130626e-15
2.0447171e-09
1.4782549e-15
2.0447171e-09
1.66406e-15
2.0447172e-09
1.8728117e-15
2.0447172e-09
2.1069318e-15
2.0447173e-09
2.3694396e-15
2.0447174e-09
2.6636086e-15
2.0447175e-09
2.9924913e-15
2.0447176e-09
3.3595712e-15
2.0447178e-09
3.768575e-15
2.044718e-09
4.2229355e-15
2.0447182e-09
4.7265027e-15
2.0447185e-09
5.2823338e-15
2.0447189e-09
5.8928118e-15
2.0447193e-09
6.5590798e-15
2.0447199e-09
7.2800356e-15
2.0447206e-09
8.0512203e-15
2.0447215e-09
8.8627169e-15
2.0447226e-09
9.6978228e-15
2.044724e-09
1.0525265e-14
2.0447258e-09
1.131017e-14
2.0447281e-09
1.1949585e-14
1.2509606e-14
1.6692794e-09
-2.8807185e-11
1.677051e-09
-8.6378927e-11
1.6901457e-09
-1.4563575e-10
1.7090121e-09
-2.0849938e-10
1.7344238e-09
-2.7669127e-10
1.7675555e-09
-3.5173112e-10
1.8100681e-09
-4.3487066e-10
1.8641664e-09
-5.269281e-10
1.9325578e-09
-6.2795454e-10
2.0181658e-09
-7.3667924e-10
2.1230657e-09
-8.4892068e-10
2.2466535e-09
-9.5644587e-10
2.3782716e-09
-1.0371797e-09
2.498014e-09
-1.0669846e-09
2.5865297e-09
-1.0372947e-09
2.6323345e-09
-9.55589e-10
2.6329834e-09
-8.3654605e-10
2.593337e-09
-6.9673149e-10
2.5221322e-09
-5.4950275e-10
2.4316309e-09
-4.0826476e-10
2.3345474e-09
-2.8217719e-10
2.2412875e-09
-1.7439941e-10
2.1603254e-09
-8.6963463e-11
2.0969891e-09
-1.8375113e-11
2.053289e-09
3.5355833e-11
2.0286414e-09
7.92535e-11
2.0212352e-09
1.1718026e-10
2.028593e-09
1.5243921e-10
2.0478723e-09
1.87606e-10
2.0761115e-09
2.2443699e-10
2.1104046e-09
2.6385326e-10
2.1480584e-09
3.0596963e-10
2.1866973e-09
3.5024417e-10
2.2243643e-09
3.9558708e-10
2.2596479e-09
4.4044495e-10
2.2917083e-09
4.831013e-10
2.3201695e-09
5.2203065e-10
2.3449659e-09
5.5608082e-10
2.3662166e-09
5.8448107e-10
2.3841407e-09
6.0678958e-10
2.3989964e-09
6.2284489e-10
2.4110413e-09
6.3271197e-10
2.4205139e-09
6.3662631e-10
2.4276267e-09
6.3494817e-10
2.4325659e-09
6.2812785e-10
2.4354956e-09
6.1667748e-10
2.4365626e-09
6.0114743e-10
2.435902e-09
5.8210693e-10
2.433643e-09
5.6012779e-10
2.4299121e-09
5.3577105e-10
2.4248358e-09
5.0957569e-10
2.4185417e-09
4.8204952e-10
2.4111584e-09
4.5366207e-10
2.4028147e-09
4.2483938e-10
2.3936381e-09
3.9596069e-10
2.3837528e-09
3.6735685e-10
2.3732784e-09
3.3931038e-10
2.3623282e-09
3.1205686e-10
2.3510082e-09
2.8578749e-10
2.3394163e-09
2.6065244e-10
2.3276423e-09
2.3676481e-10
2.3157675e-09
2.1420476e-10
2.3038657e-09
1.9302386e-10
2.2920033e-09
1.73249e-10
2.28024e-09
1.5488627e-10
2.2686301e-09
1.3792432e-10
2.2572223e-09
1.2233718e-10
2.2460609e-09
1.0808679e-10
2.2351859e-09
9.5125078e-11
2.2246333e-09
8.3395638e-11
2.2144354e-09
7.2835254e-11
2.2046207e-09
6.3375217e-11
2.1952137e-09
5.4942523e-11
2.1862351e-09
4.746112e-11
2.1777017e-09
4.0853128e-11
2.169626e-09
3.5040076e-11
2.1620164e-09
2.9944203e-11
2.1548774e-09
2.5489711e-11
2.1482095e-09
2.1603956e-11
2.1420094e-09
1.821852e-11
2.1362704e-09
1.5270142e-11
2.1309824e-09
1.2701389e-11
2.1261326e-09
1.0461086e-11
2.1217059e-09
8.5044983e-12
2.1176848e-09
6.7932558e-12
2.1140502e-09
5.2950411e-12
2.1107816e-09
3.983086e-12
2.1078574e-09
2.8354996e-12
2.1052555e-09
1.8346051e-12
2.1029531e-09
9.6609727e-13
2.1009276e-09
2.183178e-13
2.0991563e-09
-4.184646e-13
2.097617e-09
-9.526286e-13
2.0962881e-09
-1.391768e-12
2.0951486e-09
-1.7430526e-12
2.0941787e-09
-2.0135235e-12
2.0933595e-09
-2.2102633e-12
2.0926731e-09
-2.3404782e-12
2.0921031e-09
-2.4115005e-12
2.0916342e-09
-2.4307337e-12
2.0912525e-09
-2.405559e-12
2.0909455e-09
-2.3432195e-12
2.0907017e-09
-2.2506954e-12
2.0905111e-09
-2.1345885e-12
2.0903647e-09
-2.0010191e-12
2.0902549e-09
-1.8555431e-12
2.0901748e-09
-1.7030954e-12
2.0901187e-09
-1.5479571e-12
2.0900817e-09
-1.3937456e-12
2.0900596e-09
-1.2434288e-12
2.090049e-09
-1.0993554e-12
2.0900471e-09
-9.6329952e-13
2.0900515e-09
-8.3651713e-13
2.0900604e-09
-7.1980765e-13
2.0900722e-09
-6.1357862e-13
2.090086e-09
-5.1791121e-13
2.0901007e-09
-4.3262268e-13
2.0901157e-09
-3.5732452e-13
2.0901305e-09
-2.9147551e-13
2.0901447e-09
-2.3442811e-13
2.0901582e-09
-1.8546815e-13
2.0901708e-09
-1.4384821e-13
2.0901824e-09
-1.0881455e-13
2.090193e-09
-7.962818e-14
2.0902026e-09
-5.5580865e-14
2.0902112e-09
-3.6006523e-14
2.0902188e-09
-2.0288691e-14
2.0902256e-09
-7.8648785e-15
2.0902316e-09
1.7721663e-15
2.0902369e-09
9.0739886e-15
2.0902415e-09
1.4438743e-14
2.0902455e-09
1.8214106e-14
2.090249e-09
2.0700598e-14
2.090252e-09
2.2155632e-14
2.0902547e-09
2.2797687e-14
2.0902569e-09
2.2810504e-14
2.0902588e-09
2.2347189e-14
2.0902605e-09
2.1534097e-14
2.0902619e-09
2.0474413e-14
2.0902631e-09
1.9251457e-14
2.0902641e-09
1.7931637e-14
2.0902649e-09
1.6567078e-14
2.0902657e-09
1.5197957e-14
2.0902663e-09
1.3854543e-14
2.0902668e-09
1.2558954e-14
2.0902672e-09
1.1326699e-14
2.0902676e-09
1.0167985e-14
2.0902679e-09
9.0888205e-15
2.0902681e-09
8.0919484e-15
2.0902683e-09
7.1776097e-15
2.0902685e-09
6.3441595e-15
2.0902686e-09
5.5885896e-15
2.0902687e-09
4.9069568e-15
2.0902688e-09
4.2947295e-15
2.0902689e-09
3.7470724e-15
2.090269e-09
3.259051e-15
2.090269e-09
2.8257598e-15
2.090269e-09
2.44241e-15
2.0902691e-09
2.1043826e-15
2.0902691e-09
1.8072695e-15
2.0902691e-09
1.5469254e-15
2.0902691e-09
1.3195116e-15
2.0902691e-09
1.1215168e-15
2.0902691e-09
9.4975202e-16
2.0902691e-09
8.0130943e-16
2.0902691e-09
6.7350512e-16
2.0902691e-09
5.638527e-16
2.0902691e-09
4.7007869e-16
2.0902691e-09
3.9016354e-16
2.0902691e-09
3.2237286e-16
2.0902691e-09
2.6522576e-16
2.0902691e-09
2.1740182e-16
2.0902691e-09
1.7765561e-16
2.0902691e-09
1.4479771e-16
2.0902691e-09
1.1775542e-16
2.0902691e-09
9.5662688e-17
2.0902691e-09
7.7878157e-17
2.0902691e-09
6.3892264e-17
2.0902691e-09
5.3197893e-17
2.0902691e-09
4.5231509e-17
2.0902691e-09
3.9441304e-17
2.0902691e-09
3.5425327e-17
2.0902691e-09
3.2988517e-17
2.0902691e-09
3.2042136e-17
2.0902691e-09
3.2442377e-17
2.0902691e-09
3.3933061e-17
2.0902691e-09
3.6263975e-17
2.0902691e-09
3.9364868e-17
2.0902691e-09
4.3355464e-17
2.0902691e-09
4.8349455e-17
2.0902691e-09
5.4277343e-17
2.0902691e-09
6.0953052e-17
2.0902691e-09
6.8327859e-17
2.0902691e-09
7.662506e-17
2.0902691e-09
8.6159643e-17
2.0902691e-09
9.7062189e-17
2.0902691e-09
1.0928532e-16
2.0902691e-09
1.2288499e-16
2.0902691e-09
1.3816955e-16
2.0902691e-09
1.5548313e-16
2.0902691e-09
1.7492648e-16
2.0902691e-09
1.9645881e-16
2.0902691e-09
2.2027297e-16
2.0902691e-09
2.4687142e-16
2.0902692e-09
2.7671986e-16
2.0902692e-09
3.1007687e-16
2.0902692e-09
3.4733125e-16
2.0902692e-09
3.8927452e-16
2.0902692e-09
4.3678893e-16
2.0902692e-09
4.9048744e-16
2.0902693e-09
5.5099273e-16
2.0902693e-09
6.193299e-16
2.0902693e-09
6.9664616e-16
2.0902693e-09
7.8386138e-16
2.0902694e-09
8.8202739e-16
2.0902694e-09
9.9257944e-16
2.0902695e-09
1.1169143e-15
2.0902695e-09
1.2564464e-15
2.0902696e-09
1.4131169e-15
2.0902697e-09
1.5889613e-15
2.0902698e-09
1.7858109e-15
2.0902699e-09
2.0059904e-15
2.09027e-09
2.252089e-15
2.0902701e-09
2.5264737e-15
2.0902703e-09
2.8316663e-15
2.0902705e-09
3.1703565e-15
2.0902707e-09
3.5448799e-15
2.090271e-09
3.9575838e-15
2.0902713e-09
4.4102831e-15
2.0902716e-09
4.9040108e-15
2.0902721e-09
5.438411e-15
2.0902727e-09
6.0113922e-15
2.0902733e-09
6.6177956e-15
2.0902741e-09
7.2485829e-15
2.0902751e-09
7.8882574e-15
2.0902763e-09
8.5151901e-15
2.0902777e-09
9.0886989e-15
2.0902794e-09
9.5827244e-15
2.0902815e-09
9.8387753e-15
1.0116627e-14
1.6684363e-09
-3.0576786e-11
1.6736462e-09
-9.15889e-11
1.682475e-09
-1.5446454e-10
1.6954446e-09
-2.2146893e-10
1.7134708e-09
-2.9471746e-10
1.7379713e-09
-3.7623164e-10
1.771007e-09
-4.6790636e-10
1.8154197e-09
-5.7134085e-10
1.8748585e-09
-6.8739331e-10
1.9533702e-09
-8.1519091e-10
2.0535508e-09
-9.4910129e-10
2.1726654e-09
-1.0755605e-09
2.2885137e-09
-1.153028e-09
2.3680778e-09
-1.1465488e-09
2.3875635e-09
-1.0567804e-09
2.3404244e-09
-9.0844985e-10
2.2347871e-09
-7.3090877e-10
2.0884721e-09
-5.5041647e-10
1.9201398e-09
-3.8117052e-10
1.7514863e-09
-2.3961125e-10
1.5999726e-09
-1.3066347e-10
1.4782358e-09
-5.2662618e-11
1.3930478e-09
-1.7754696e-12
1.3424783e-09
3.2194401e-11
1.3209746e-09
5.685958e-11
1.3240718e-09
7.6156223e-11
1.3475874e-09
9.3664702e-11
1.3875718e-09
1.1245486e-10
1.4403162e-09
1.3486155e-10
1.5022659e-09
1.6248733e-10
1.5700074e-09
1.961117e-10
1.6403825e-09
2.3559458e-10
1.7105625e-09
2.8006418e-10
1.7781671e-09
3.2798251e-10
1.8415198e-09
3.7709218e-10
1.8997422e-09
4.2487896e-10
1.9525959e-09
4.6917695e-10
2.000242e-09
5.0843471e-10
2.0430504e-09
5.416726e-10
2.0814767e-09
5.6836327e-10
2.1159723e-09
5.8834933e-10
2.1469356e-09
6.0174871e-10
2.1746985e-09
6.0886335e-10
2.1995297e-09
6.1011703e-10
2.2216423e-09
6.0601525e-10
2.2412054e-09
5.9711435e-10
2.2583558e-09
5.8399707e-10
2.2732088e-09
5.6725387e-10
2.2858682e-09
5.4746841e-10
2.2964331e-09
5.2520616e-10
2.3050036e-09
5.0100524e-10
2.3116838e-09
4.7536926e-10
2.316584e-09
4.4876194e-10
2.31982e-09
4.216033e-10
2.3215134e-09
3.9426735e-10
2.321789e-09
3.670812e-10
2.320774e-09
3.4032542e-10
2.3185953e-09
3.1423554e-10
2.3153783e-09
2.8900445e-10
2.3112452e-09
2.6478557e-10
2.3063137e-09
2.4169636e-10
2.3006962e-09
2.1982223e-10
2.2944996e-09
1.9922051e-10
2.2878244e-09
1.7992413e-10
2.2807654e-09
1.6194527e-10
2.2734112e-09
1.4527858e-10
2.2658444e-09
1.2990398e-10
2.258142e-09
1.1578915e-10
2.2503754e-09
1.0289165e-10
2.2426104e-09
9.1160607e-11
2.2349073e-09
8.0538364e-11
2.2273208e-09
7.0961801e-11
2.2198997e-09
6.2363574e-11
2.2126875e-09
5.4673372e-11
2.2057215e-09
4.781912e-11
2.1990334e-09
4.1728163e-11
2.1926491e-09
3.6328505e-11
2.1865888e-09
3.1549987e-11
2.1808674e-09
2.7325385e-11
2.1754945e-09
2.3591417e-11
2.170475e-09
2.0289585e-11
2.1658096e-09
1.7366793e-11
2.161495e-09
1.4775744e-11
2.1575244e-09
1.2475098e-11
2.1538882e-09
1.0429379e-11
2.1505746e-09
8.6086857e-12
2.1475695e-09
6.9882e-12
2.1448574e-09
5.5475715e-12
2.1424218e-09
4.2702276e-12
2.1402452e-09
3.1426357e-12
2.13831e-09
2.1535812e-12
2.136598e-09
1.2935056e-12
2.1350914e-09
5.539334e-13
2.1337727e-09
-7.3025299e-14
2.1326247e-09
-5.950137e-13
2.1316309e-09
-1.0197082e-12
2.1307755e-09
-1.3549404e-12
2.1300438e-09
-1.6087696e-12
2.1294218e-09
-1.7894499e-12
2.1288964e-09
-1.9053575e-12
2.1284557e-09
-1.9648756e-12
2.1280887e-09
-1.9762583e-12
2.1277855e-09
-1.9474901e-12
2.1275371e-09
-1.8861544e-12
2.1273354e-09
-1.799318e-12
2.1271733e-09
-1.6934383e-12
2.1270445e-09
-1.5742981e-12
2.1269435e-09
-1.4469675e-12
2.1268656e-09
-1.3157899e-12
2.1268065e-09
-1.1843945e-12
2.1267629e-09
-1.0557263e-12
2.1267317e-09
-9.3209213e-13
2.1267104e-09
-8.1521932e-13
2.1266969e-09
-7.0632069e-13
2.1266895e-09
-6.0616323e-13
2.1266867e-09
-5.1513791e-13
2.1266874e-09
-4.3332687e-13
2.1266907e-09
-3.605661e-13
2.1266957e-09
-2.9650317e-13
2.1267019e-09
-2.4064801e-13
2.1267089e-09
-1.924167e-13
2.1267162e-09
-1.5116872e-13
2.1267236e-09
-1.1623732e-13
2.1267309e-09
-8.6953697e-14
2.126738e-09
-6.2665738e-14
2.1267448e-09
-4.2751765e-14
2.1267511e-09
-2.6630048e-14
2.126757e-09
-1.376487e-14
2.1267624e-09
-3.6697292e-15
2.1267674e-09
4.0921584e-15
2.126772e-09
9.9075437e-15
2.1267761e-09
1.4116246e-14
2.1267797e-09
1.701347e-14
2.126783e-09
1.8853276e-14
2.126786e-09
1.9852307e-14
2.1267886e-09
2.0193602e-14
2.1267909e-09
2.0030416e-14
2.126793e-09
1.9489856e-14
2.1267948e-09
1.8676291e-14
2.1267963e-09
1.7674507e-14
2.1267977e-09
1.6552554e-14
2.1267989e-09
1.5364285e-14
2.1268e-09
1.4151633e-14
2.1268009e-09
1.2946602e-14
2.1268017e-09
1.1772992e-14
2.1268023e-09
1.0647924e-14
2.1268029e-09
9.5831292e-15
2.1268034e-09
8.5860443e-15
2.1268039e-09
7.6607339e-15
2.1268042e-09
6.8086512e-15
2.1268045e-09
6.0292542e-15
2.1268048e-09
5.3205313e-15
2.126805e-09
4.6794326e-15
2.1268052e-09
4.1022209e-15
2.1268054e-09
3.5847604e-15
2.1268055e-09
3.1227273e-15
2.1268056e-09
2.7117487e-15
2.1268057e-09
2.3475011e-15
2.1268058e-09
2.0257771e-15
2.1268059e-09
1.7425353e-15
2.1268059e-09
1.4939577e-15
2.126806e-09
1.276497e-15
2.126806e-09
1.0868959e-15
2.126806e-09
9.2218135e-16
2.1268061e-09
7.7962384e-16
2.1268061e-09
6.5668848e-16
2.1268061e-09
5.5102127e-16
2.1268061e-09
4.6047641e-16
2.1268061e-09
3.8315963e-16
2.1268061e-09
3.1744931e-16
2.1268061e-09
2.6195183e-16
2.1268061e-09
2.1540582e-16
2.1268061e-09
1.7660899e-16
2.1268061e-09
1.4441874e-16
2.1268061e-09
1.1782265e-16
2.1268061e-09
9.6017967e-17
2.1268061e-09
7.8407879e-17
2.1268061e-09
6.4496228e-17
2.1268061e-09
5.3769705e-17
2.1268061e-09
4.5668551e-17
2.1268061e-09
3.9675168e-17
2.1268061e-09
3.5439745e-17
2.1268061e-09
3.279907e-17
2.1268061e-09
3.1648533e-17
2.1268061e-09
3.1797257e-17
2.1268061e-09
3.2962809e-17
2.1268061e-09
3.4924039e-17
2.1268061e-09
3.7667644e-17
2.1268061e-09
4.1331925e-17
2.1268061e-09
4.5982293e-17
2.1268061e-09
5.1486505e-17
2.1268061e-09
5.7658704e-17
2.1268061e-09
6.4513501e-17
2.1268061e-09
7.2310061e-17
2.1268061e-09
8.1305372e-17
2.1268062e-09
9.1535055e-17
2.1268062e-09
1.0293436e-16
2.1268062e-09
1.1563194e-16
2.1268062e-09
1.2998005e-16
2.1268062e-09
1.4625513e-16
2.1268062e-09
1.6446673e-16
2.1268062e-09
1.8459816e-16
2.1268062e-09
2.0694605e-16
2.1268062e-09
2.3201723e-16
2.1268063e-09
2.6014411e-16
2.1268063e-09
2.9149945e-16
2.1268063e-09
3.2652981e-16
2.1268063e-09
3.6604072e-16
2.1268063e-09
4.1074391e-16
2.1268064e-09
4.6109979e-16
2.1268064e-09
5.1777818e-16
2.1268064e-09
5.8182724e-16
2.1268065e-09
6.5419425e-16
2.1268065e-09
7.3563684e-16
2.1268066e-09
8.2724773e-16
2.1268066e-09
9.3037204e-16
2.1268067e-09
1.046097e-15
2.1268068e-09
1.175699e-15
2.1268069e-09
1.3210685e-15
2.126807e-09
1.4838473e-15
2.1268071e-09
1.6654661e-15
2.1268073e-09
1.8681418e-15
2.1268074e-09
2.0938934e-15
2.1268076e-09
2.3443394e-15
2.1268078e-09
2.6215948e-15
2.126808e-09
2.9274258e-15
2.1268083e-09
3.2631495e-15
2.1268087e-09
3.6300908e-15
2.126809e-09
4.0285959e-15
2.1268095e-09
4.4579174e-15
2.12681e-09
4.9157193e-15
2.1268106e-09
5.3975697e-15
2.1268113e-09
5.8956241e-15
2.1268122e-09
6.398053e-15
2.1268132e-09
6.8862845e-15
2.1268144e-09
7.3368235e-15
2.1268158e-09
7.7047218e-15
2.1268174e-09
7.9740773e-15
2.1268192e-09
7.9560464e-15
8.0212832e-15
1.6674106e-09
-3.1320767e-11
1.6695246e-09
-9.3702832e-11
1.6731691e-09
-1.5810906e-10
1.678857e-09
-2.2715687e-10
1.6875225e-09
-3.0338293e-10
1.7006688e-09
-3.8937796e-10
1.72058e-09
-4.8781751e-10
1.7505603e-09
-6.013212e-10
1.7950555e-09
-7.3188846e-10
1.8590737e-09
-8.792091e-10
1.945191e-09
-1.0352186e-09
2.0453513e-09
-1.1757209e-09
2.1150012e-09
-1.2226779e-09
2.105596e-09
-1.1371436e-09
1.9983237e-09
-9.4950801e-10
1.8036551e-09
-7.1378131e-10
1.5479665e-09
-4.7522017e-10
1.2719276e-09
-2.7437755e-10
1.0193915e-09
-1.2863445e-10
8.2094343e-10
-4.1163151e-11
6.8764623e-10
2.6337307e-12
6.0988422e-10
2.5099394e-11
5.7315005e-10
3.4958704e-11
5.6713206e-10
3.8212385e-11
5.851757e-10
3.8815945e-11
6.221147e-10
3.9217216e-11
6.7487052e-10
4.0908889e-11
7.4122964e-10
4.6095734e-11
8.1933854e-10
5.675265e-11
9.0718785e-10
7.4638025e-11
1.0020966e-09
1.012029e-10
1.1009438e-09
1.3674741e-10
1.2003223e-09
1.806857e-10
1.2968873e-09
2.3141751e-10
1.3880418e-09
2.859377e-10
1.4723343e-09
3.4058639e-10
1.5493703e-09
3.9214099e-10
1.6194673e-09
4.3833774e-10
1.6833029e-09
4.7783698e-10
1.7416683e-09
5.0999787e-10
1.7952892e-09
5.3472843e-10
1.8447532e-09
5.5228465e-10
1.8905096e-09
5.6310701e-10
1.9328895e-09
5.6773713e-10
1.9721294e-09
5.6677534e-10
2.0083946e-09
5.6084916e-10
2.0418013e-09
5.5059035e-10
2.0724353e-09
5.3661984e-10
2.1003665e-09
5.195372e-10
2.12566e-09
4.999127e-10
2.1483838e-09
4.7828142e-10
2.1686143e-09
4.5513878e-10
2.1864387e-09
4.3093753e-10
2.2019563e-09
4.0608574e-10
2.2152777e-09
3.8094589e-10
2.226524e-09
3.5583495e-10
2.235824e-09
3.3102533e-10
2.2433129e-09
3.0674668e-10
2.249129e-09
2.8318835e-10
2.2534122e-09
2.6050235e-10
2.2563018e-09
2.3880676e-10
2.2579349e-09
2.1818919e-10
2.2584449e-09
1.9871051e-10
2.2579608e-09
1.8040817e-10
2.2566065e-09
1.632996e-10
2.2544998e-09
1.4738527e-10
2.2517526e-09
1.3265119e-10
2.2484703e-09
1.1907146e-10
2.2447518e-09
1.0661019e-10
2.2406891e-09
9.5223263e-11
2.2363676e-09
8.4859869e-11
2.2318655e-09
7.5463895e-11
2.227254e-09
6.6975108e-11
2.2225969e-09
5.9330397e-11
2.2179511e-09
5.2464922e-11
2.2133661e-09
4.6313235e-11
2.2088841e-09
4.0810437e-11
2.2045409e-09
3.5893269e-11
2.2003651e-09
3.1501106e-11
2.1963797e-09
2.757689e-11
2.1926014e-09
2.4067883e-11
2.1890419e-09
2.0926219e-11
2.1857084e-09
1.8109274e-11
2.1826037e-09
1.5579792e-11
2.1797273e-09
1.3305798e-11
2.1770757e-09
1.1260316e-11
2.1746429e-09
9.4209265e-12
2.1724213e-09
7.7691801e-12
2.1704016e-09
6.2899617e-12
2.1685734e-09
4.9708076e-12
2.1669258e-09
3.8012359e-12
2.1654471e-09
2.7721363e-12
2.1641258e-09
1.8752362e-12
2.1629501e-09
1.1026601e-12
2.1619085e-09
4.4661467e-13
2.1609897e-09
-1.0087171e-13
2.1601827e-09
-5.4799494e-13
2.1594773e-09
-9.0329207e-13
2.1588633e-09
-1.1755286e-12
2.1583316e-09
-1.3736485e-12
2.1578734e-09
-1.506628e-12
2.1574805e-09
-1.5833305e-12
2.1571453e-09
-1.6123554e-12
2.1568611e-09
-1.6018976e-12
2.1566214e-09
-1.5596246e-12
2.1564205e-09
-1.4925769e-12
2.1562533e-09
-1.4070975e-12
2.1561151e-09
-1.3087892e-12
2.1560018e-09
-1.202498e-12
2.1559098e-09
-1.0923224e-12
2.1558357e-09
-9.816421e-13
2.1557767e-09
-8.7316386e-13
2.1557305e-09
-7.6897944e-13
2.1556948e-09
-6.7063165e-13
2.1556678e-09
-5.7918402e-13
2.155648e-09
-4.9529217e-13
2.1556339e-09
-4.1927274e-13
2.1556245e-09
-3.5116826e-13
2.1556188e-09
-2.9080691e-13
2.1556161e-09
-2.3785563e-13
2.1556155e-09
-1.9186616e-13
2.1556167e-09
-1.5231452e-13
2.155619e-09
-1.1863343e-13
2.1556223e-09
-9.0238568e-14
2.1556262e-09
-6.6549096e-14
2.1556305e-09
-4.7003116e-14
2.1556349e-09
-3.106871e-14
2.1556394e-09
-1.8251391e-14
2.1556438e-09
-8.0985114e-15
2.1556481e-09
-2.0121683e-16
2.1556522e-09
5.8053458e-15
2.1556561e-09
1.0242699e-14
2.1556597e-09
1.33919e-14
2.1556631e-09
1.5495843e-14
2.1556662e-09
1.6762555e-14
2.155669e-09
1.7368556e-14
2.1556716e-09
1.7462277e-14
2.1556739e-09
1.7167385e-14
2.155676e-09
1.6585911e-14
2.1556778e-09
1.5801177e-14
2.1556795e-09
1.4880456e-14
2.155681e-09
1.3877354e-14
2.1556823e-09
1.283396e-14
2.1556835e-09
1.1782729e-14
2.1556845e-09
1.0748132e-14
2.1556854e-09
9.7481117e-15
2.1556862e-09
8.7953163e-15
2.1556869e-09
7.898152e-15
2.1556875e-09
7.0616714e-15
2.155688e-09
6.2883047e-15
2.1556884e-09
5.578458e-15
2.1556888e-09
4.9310232e-15
2.1556892e-09
4.3437988e-15
2.1556895e-09
3.8138335e-15
2.1556897e-09
3.3377094e-15
2.1556899e-09
2.9117526e-15
2.1556901e-09
2.5321771e-15
2.1556903e-09
2.1951898e-15
2.1556904e-09
1.8970632e-15
2.1556905e-09
1.6341921e-15
2.1556906e-09
1.4031531e-15
2.1556907e-09
1.2007524e-15
2.1556907e-09
1.0240457e-15
2.1556908e-09
8.7033048e-16
2.1556908e-09
7.3710929e-16
2.1556908e-09
6.2205011e-16
2.1556909e-09
5.2298501e-16
2.1556909e-09
4.3794602e-16
2.1556909e-09
3.6520661e-16
2.1556909e-09
3.0329076e-16
2.1556909e-09
2.5091789e-16
2.1556909e-09
2.0690944e-16
2.155691e-09
1.7013172e-16
2.155691e-09
1.3951542e-16
2.155691e-09
1.1413229e-16
2.155691e-09
9.3260823e-17
2.155691e-09
7.6361193e-17
2.155691e-09
6.2961509e-17
2.155691e-09
5.2555555e-17
2.155691e-09
4.4602852e-17
2.155691e-09
3.863297e-17
2.155691e-09
3.435337e-17
2.155691e-09
3.1630835e-17
2.155691e-09
3.0345075e-17
2.155691e-09
3.0269675e-17
2.155691e-09
3.1117136e-17
2.155691e-09
3.2711222e-17
2.155691e-09
3.5091131e-17
2.155691e-09
3.8393165e-17
2.155691e-09
4.262169e-17
2.155691e-09
4.7594193e-17
2.155691e-09
5.3149202e-17
2.155691e-09
5.9369194e-17
2.155691e-09
6.6526543e-17
2.155691e-09
7.4801693e-17
2.155691e-09
8.4150261e-17
2.155691e-09
9.4520298e-17
2.155691e-09
1.061122e-16
2.1556911e-09
1.1928257e-16
2.1556911e-09
1.3421223e-16
2.1556911e-09
1.5084293e-16
2.1556911e-09
1.6921874e-16
2.1556911e-09
1.8972034e-16
2.1556911e-09
2.1279548e-16
2.1556912e-09
2.3862828e-16
2.1556912e-09
2.6735836e-16
2.1556912e-09
2.9950593e-16
2.1556912e-09
3.3582344e-16
2.1556913e-09
3.7682016e-16
2.1556913e-09
4.2287076e-16
2.1556914e-09
4.7471325e-16
2.1556914e-09
5.3331772e-16
2.1556915e-09
5.9939072e-16
2.1556915e-09
6.7361263e-16
2.1556916e-09
7.5709016e-16
2.1556917e-09
8.5094946e-16
2.1556918e-09
9.5604729e-16
2.1556919e-09
1.073627e-15
2.155692e-09
1.2053609e-15
2.1556921e-09
1.3524867e-15
2.1556923e-09
1.5161798e-15
2.1556924e-09
1.6984038e-15
2.1556926e-09
1.9006706e-15
2.1556928e-09
2.1240486e-15
2.1556931e-09
2.3702123e-15
2.1556934e-09
2.6401122e-15
2.1556937e-09
2.9345002e-15
2.1556941e-09
3.2535932e-15
2.1556945e-09
3.596788e-15
2.155695e-09
3.9620504e-15
2.1556956e-09
4.3457736e-15
2.1556962e-09
4.7420728e-15
2.155697e-09
5.1416731e-15
2.1556979e-09
5.5315424e-15
2.1556988e-09
5.8921837e-15
2.1557e-09
6.2005092e-15
2.1557013e-09
6.4115718e-15
2.1557027e-09
6.518612e-15
2.1557044e-09
6.3248556e-15
6.245863e-15
1.6661929e-09
-3.0846996e-11
1.6646536e-09
-9.2163514e-11
1.6621546e-09
-1.5561007e-10
1.6590969e-09
-2.2409916e-10
1.6562651e-09
-3.0055113e-10
1.6550113e-09
-3.8812422e-10
1.6575279e-09
-4.9033402e-10
1.6671597e-09
-6.1095304e-10
1.6885134e-09
-7.5324216e-10
1.7264385e-09
-9.1713415e-10
1.781719e-09
-1.0904991e-09
1.8370795e-09
-1.2310814e-09
1.8111935e-09
-1.1967919e-09
1.6429347e-09
-9.6888483e-10
1.3433942e-09
-6.4996747e-10
9.8441119e-10
-3.547983e-10
6.6132937e-10
-1.5213834e-10
4.3233526e-10
-4.5383436e-11
3.0028153e-10
3.4192752e-12
2.3228313e-10
2.683525e-11
1.9726972e-10
3.7647136e-11
1.8569825e-10
3.6670869e-11
1.9260443e-10
2.8052519e-11
2.1448857e-10
1.6328243e-11
2.4670793e-10
6.5965927e-12
2.8491783e-10
1.0073101e-12
3.2802421e-10
-2.1974846e-12
3.7603525e-10
-1.9153047e-12
4.3071092e-10
2.0769762e-12
4.9476292e-10
1.0586026e-11
5.6939945e-10
2.6566369e-11
6.5472424e-10
5.142262e-11
7.493759e-10
8.6034044e-11
8.5020559e-10
1.3058782e-10
9.5259401e-10
1.8354928e-10
1.0519961e-09
2.4118431e-10
1.1455777e-09
2.9855943e-10
1.2324209e-09
3.5149444e-10
1.3128009e-09
3.9745702e-10
1.3874915e-09
4.3530725e-10
1.4572918e-09
4.6492819e-10
1.5228509e-09
4.8672553e-10
1.5846463e-09
5.0131157e-10
1.643003e-09
5.0938048e-10
1.6981219e-09
5.1165644e-10
1.7501148e-09
5.0885623e-10
1.7990362e-09
5.0166893e-10
1.8449084e-09
4.9074766e-10
1.8877403e-09
4.7670535e-10
1.9275409e-09
4.6011203e-10
1.9643292e-09
4.4149313e-10
1.9981394e-09
4.2132857e-10
2.0290244e-09
4.0005256e-10
2.0570565e-09
3.7805367e-10
2.0823268e-09
3.5567554e-10
2.1049438e-09
3.3321803e-10
2.1250302e-09
3.1093892e-10
2.1427208e-09
2.8905604e-10
2.1581593e-09
2.6774987e-10
2.1714952e-09
2.4716643e-10
2.1828815e-09
2.2742045e-10
2.1924721e-09
2.0859855e-10
2.2004201e-09
1.9076258e-10
2.2068756e-09
1.7395266e-10
2.211985e-09
1.5819021e-10
2.2158895e-09
1.4348075e-10
2.2187245e-09
1.2981615e-10
2.220619e-09
1.1717701e-10
2.2216947e-09
1.0553444e-10
2.2220663e-09
9.4851682e-11
2.2218406e-09
8.5085645e-11
2.2211163e-09
7.6188149e-11
2.2199843e-09
6.8107085e-11
2.2185271e-09
6.0787589e-11
2.2168189e-09
5.4173105e-11
2.2149258e-09
4.8206421e-11
2.2129055e-09
4.2830733e-11
2.2108081e-09
3.7990623e-11
2.2086763e-09
3.3632951e-11
2.2065455e-09
2.9707697e-11
2.2044447e-09
2.616862e-11
2.2023972e-09
2.2973752e-11
2.2004207e-09
2.0085722e-11
2.1985287e-09
1.7471868e-11
2.1967303e-09
1.5104148e-11
2.1950317e-09
1.2958891e-11
2.1934363e-09
1.1016392e-11
2.1919451e-09
9.2603845e-12
2.1905576e-09
7.6774704e-12
2.1892719e-09
6.2565008e-12
2.1880851e-09
4.9879747e-12
2.1869938e-09
3.8634919e-12
2.1859937e-09
2.8752729e-12
2.1850806e-09
2.0157697e-12
2.1842499e-09
1.2773798e-12
2.1834967e-09
6.5225267e-13
2.1828165e-09
1.3222694e-13
2.1822045e-09
-2.9128636e-13
2.181656e-09
-6.2706498e-13
2.1811666e-09
-8.8415584e-13
2.1807316e-09
-1.0716406e-12
2.1803467e-09
-1.1985095e-12
2.1800079e-09
-1.2735065e-12
2.179711e-09
-1.3049866e-12
2.1794522e-09
-1.3007914e-12
2.1792277e-09
-1.2681482e-12
2.1790342e-09
-1.2135977e-12
2.1788684e-09
-1.1429495e-12
2.1787271e-09
-1.0612625e-12
2.1786077e-09
-9.7285236e-13
2.1785074e-09
-8.8131754e-13
2.1784238e-09
-7.8958205e-13
2.1783547e-09
-6.9995142e-13
2.1782983e-09
-6.1417625e-13
2.1782526e-09
-5.3351995e-13
2.1782162e-09
-4.5882834e-13
2.1781875e-09
-3.9059735e-13
2.1781654e-09
-3.2903677e-13
2.1781487e-09
-2.741295e-13
2.1781365e-09
-2.256843e-13
2.178128e-09
-1.833818e-13
2.1781225e-09
-1.4681426e-13
2.1781194e-09
-1.1551841e-13
2.1781182e-09
-8.9002267e-14
2.1781184e-09
-6.6766402e-14
2.1781197e-09
-4.8320132e-14
2.1781218e-09
-3.3193395e-14
2.1781245e-09
-2.0945039e-14
2.1781276e-09
-1.1168068e-14
2.1781309e-09
-3.492539e-15
2.1781343e-09
2.4137055e-15
2.1781377e-09
6.844812e-15
2.178141e-09
1.0058965e-14
2.1781442e-09
1.2280312e-14
2.1781473e-09
1.3701573e-14
2.1781502e-09
1.4486913e-14
2.1781529e-09
1.4774912e-14
2.1781553e-09
1.4681487e-14
2.1781576e-09
1.4302676e-14
2.1781597e-09
1.3717261e-14
2.1781616e-09
1.2989167e-14
2.1781633e-09
1.2169623e-14
2.1781648e-09
1.1299123e-14
2.1781662e-09
1.0409151e-14
2.1781674e-09
9.5237057e-15
2.1781685e-09
8.6606346e-15
2.1781695e-09
7.8327858e-15
2.1781703e-09
7.0489774e-15
2.1781711e-09
6.3148233e-15
2.1781717e-09
5.6334136e-15
2.1781723e-09
5.0058731e-15
2.1781728e-09
4.4318383e-15
2.1781732e-09
3.909853e-15
2.1781736e-09
3.4376918e-15
2.1781739e-09
3.01263e-15
2.1781742e-09
2.6316457e-15
2.1781745e-09
2.2915623e-15
2.1781747e-09
1.9891534e-15
2.1781748e-09
1.721216e-15
2.178175e-09
1.4846288e-15
2.1781751e-09
1.2764113e-15
2.1781752e-09
1.0937706e-15
2.1781753e-09
9.3412121e-16
2.1781754e-09
7.9507653e-16
2.1781755e-09
6.744171e-16
2.1781755e-09
5.7006087e-16
2.1781756e-09
4.8007253e-16
2.1781756e-09
4.0270433e-16
2.1781756e-09
3.3643228e-16
2.1781756e-09
2.7995316e-16
2.1781757e-09
2.3212224e-16
2.1781757e-09
1.9186684e-16
2.1781757e-09
1.5814697e-16
2.1781757e-09
1.2999184e-16
2.1781757e-09
1.0657865e-16
2.1781757e-09
8.7282249e-17
2.1781757e-09
7.163001e-17
2.1781757e-09
5.9184345e-17
2.1781757e-09
4.9459418e-17
2.1781757e-09
4.1949447e-17
2.1781757e-09
3.6243247e-17
2.1781757e-09
3.2109484e-17
2.1781757e-09
2.9443089e-17
2.1781757e-09
2.8110023e-17
2.1781757e-09
2.7861621e-17
2.1781757e-09
2.8425052e-17
2.1781757e-09
2.9678975e-17
2.1781757e-09
3.170447e-17
2.1781757e-09
3.461551e-17
2.1781758e-09
3.8350702e-17
2.1781758e-09
4.2697795e-17
2.1781758e-09
4.7543007e-17
2.1781758e-09
5.3033668e-17
2.1781758e-09
5.9430292e-17
2.1781758e-09
6.6825451e-17
2.1781758e-09
7.5115739e-17
2.1781758e-09
8.4285955e-17
2.1781758e-09
9.4595667e-17
2.1781758e-09
1.0636742e-16
2.1781758e-09
1.1967551e-16
2.1781759e-09
1.3442752e-16
2.1781759e-09
1.5074938e-16
2.1781759e-09
1.690644e-16
2.1781759e-09
1.8970708e-16
2.1781759e-09
2.1273015e-16
2.178176e-09
2.3829619e-16
2.178176e-09
2.6698295e-16
2.178176e-09
2.9941813e-16
2.1781761e-09
3.3591737e-16
2.1781761e-09
3.7684663e-16
2.1781762e-09
4.2298677e-16
2.1781762e-09
4.7512031e-16
2.1781763e-09
5.3372775e-16
2.1781764e-09
5.9950397e-16
2.1781765e-09
6.7350264e-16
2.1781766e-09
7.5653483e-16
2.1781767e-09
8.4934325e-16
2.1781768e-09
9.5317428e-16
2.1781769e-09
1.0692744e-15
2.1781771e-09
1.1985907e-15
2.1781773e-09
1.3422934e-15
2.1781774e-09
1.5017709e-15
2.1781777e-09
1.6781122e-15
2.1781779e-09
1.8721673e-15
2.1781782e-09
2.0850806e-15
2.1781785e-09
2.3172445e-15
2.1781789e-09
2.5689332e-15
2.1781793e-09
2.8396596e-15
2.1781798e-09
3.1281004e-15
2.1781803e-09
3.4315006e-15
2.1781809e-09
3.745605e-15
2.1781816e-09
4.0639388e-15
2.1781824e-09
4.3768838e-15
2.1781832e-09
4.6714869e-15
2.1781842e-09
4.9289891e-15
2.1781852e-09
5.1282527e-15
2.1781864e-09
5.2275466e-15
2.1781877e-09
5.2270609e-15
2.1781891e-09
4.939604e-15
4.776834e-15
1.6648084e-09
-2.8988722e-11
1.6591401e-09
-8.6495248e-11
1.6496724e-09
-1.4614237e-10
1.6365746e-09
-2.1100128e-10
1.620275e-09
-2.8425154e-10
1.6016624e-09
-3.6951169e-10
1.582395e-09
-4.7106658e-10
1.5652451e-09
-5.9380311e-10
1.5540118e-09
-7.4200887e-10
1.5512264e-09
-9.143488e-10
1.5502815e-09
-1.0895541e-09
1.5138677e-09
-1.1946676e-09
1.325082e-09
-1.0080062e-09
9.7329486e-10
-6.1709772e-10
6.0453524e-10
-2.8120785e-10
3.3803764e-10
-8.8300698e-11
1.9574201e-10
-9.8427171e-12
1.341664e-10
1.6192173e-11
1.1073299e-10
2.6852689e-11
1.0391518e-10
3.3653059e-11
1.08112e-10
3.3450311e-11
1.212924e-10
2.3490476e-11
1.4005259e-10
9.2923297e-12
1.6104764e-10
-4.6668138e-12
1.8313227e-10
-1.5488035e-11
2.065225e-10
-2.238292e-11
2.3091399e-10
-2.6588972e-11
2.5692215e-10
-2.7923468e-11
2.8539825e-10
-2.6399122e-11
3.177817e-10
-2.1797424e-11
3.5703751e-10
-1.2689437e-11
4.0526722e-10
3.1929094e-12
4.6377662e-10
2.7524645e-11
5.3286272e-10
6.1501721e-11
6.1143312e-10
1.0497887e-10
6.9675928e-10
1.5585815e-10
7.8527744e-10
2.1004128e-10
8.7388992e-10
2.6288196e-10
9.6053874e-10
3.1080821e-10
1.0441538e-09
3.516922e-10
1.1244931e-09
3.8458892e-10
1.2017022e-09
4.0951635e-10
1.2759721e-09
4.2704168e-10
1.3474153e-09
4.3793729e-10
1.4160504e-09
4.4302139e-10
1.4818286e-09
4.4307797e-10
1.5446643e-09
4.3883327e-10
1.6044575e-09
4.3095446e-10
1.6611115e-09
4.2005129e-10
1.7145454e-09
4.0667814e-10
1.7647019e-09
3.913367e-10
1.8115518e-09
3.7447866e-10
1.8550962e-09
3.5650815e-10
1.8953659e-09
3.3778394e-10
1.9324199e-09
3.1862155e-10
1.9663424e-09
2.9929546e-10
1.99724e-09
2.800414e-10
2.0252372e-09
2.6105883e-10
2.0504735e-09
2.4251358e-10
2.0730992e-09
2.2454067e-10
2.0932725e-09
2.0724716e-10
2.111156e-09
1.9071506e-10
2.1269143e-09
1.7500427e-10
2.1407118e-09
1.6015518e-10
2.1527106e-09
1.4619146e-10
2.163069e-09
1.3312234e-10
2.1719404e-09
1.2094476e-10
2.1794721e-09
1.0964532e-10
2.1858045e-09
9.9201986e-11
2.1910707e-09
8.9585516e-11
2.1953955e-09
8.0760816e-11
2.1988955e-09
7.2688119e-11
2.2016786e-09
6.532402e-11
2.2038436e-09
5.8622542e-11
2.2054806e-09
5.2536099e-11
2.2066707e-09
4.7016416e-11
2.2074859e-09
4.201547e-11
2.2079902e-09
3.748635e-11
2.2082391e-09
3.3384039e-11
2.2082807e-09
2.9666136e-11
2.2081558e-09
2.6293434e-11
2.2078993e-09
2.323034e-11
2.2075398e-09
2.0445158e-11
2.2071015e-09
1.7910181e-11
2.206604e-09
1.5601615e-11
2.2060636e-09
1.349936e-11
2.2054933e-09
1.1586659e-11
2.204904e-09
9.8496434e-12
2.2043047e-09
8.2768291e-12
2.2037026e-09
6.8585863e-12
2.203104e-09
5.5866133e-12
2.202514e-09
4.4534628e-12
2.2019371e-09
3.4521263e-12
2.2013772e-09
2.5756985e-12
2.2008375e-09
1.8171348e-12
2.2003206e-09
1.1690954e-12
2.199829e-09
6.2387173e-13
2.1993643e-09
1.7337811e-13
2.198928e-09
-1.907661e-13
2.198521e-09
-4.7715026e-13
2.1981438e-09
-6.944398e-13
2.1977965e-09
-8.5122618e-13
2.1974789e-09
-9.5588127e-13
2.1971903e-09
-1.0164213e-12
2.1969299e-09
-1.040388e-12
2.1966965e-09
-1.0347526e-12
2.1964888e-09
-1.0058454e-12
2.1963051e-09
-9.5931195e-13
2.196144e-09
-9.0009361e-13
2.1960035e-09
-8.3243159e-13
2.1958821e-09
-7.5989017e-13
2.1957779e-09
-6.8539499e-13
2.1956893e-09
-6.112841e-13
2.1956145e-09
-5.3936631e-13
2.1955519e-09
-4.7098378e-13
2.1955002e-09
-4.0707658e-13
2.1954578e-09
-3.4824563e-13
2.1954236e-09
-2.9481241e-13
2.1953963e-09
-2.4687444e-13
2.195375e-09
-2.0435495e-13
2.1953587e-09
-1.6704645e-13
2.1953465e-09
-1.3464851e-13
2.1953378e-09
-1.0679913e-13
2.1953319e-09
-8.3100576e-14
2.1953283e-09
-6.3139999e-14
2.1953264e-09
-4.6505336e-14
2.1953261e-09
-3.2797153e-14
2.1953267e-09
-2.1637115e-14
2.1953282e-09
-1.2673568e-14
2.1953303e-09
-5.5848729e-15
2.1953328e-09
-8.0876964e-17
2.1953356e-09
4.0969064e-15
2.1953385e-09
7.1759176e-15
2.1953414e-09
9.3545453e-15
2.1953443e-09
1.0803928e-14
2.1953471e-09
1.1670347e-14
2.1953498e-09
1.2077703e-14
2.1953524e-09
1.2129992e-14
2.1953547e-09
1.1913681e-14
2.195357e-09
1.1499971e-14
2.195359e-09
1.094687e-14
2.1953609e-09
1.0301084e-14
2.1953626e-09
9.5997298e-15
2.1953641e-09
8.8718568e-15
2.1953655e-09
8.1397917e-15
2.1953667e-09
7.4203245e-15
2.1953678e-09
6.7257278e-15
2.1953688e-09
6.0646193e-15
2.1953697e-09
5.4426958e-15
2.1953705e-09
4.8633392e-15
2.1953711e-09
4.3281161e-15
2.1953717e-09
3.8372039e-15
2.1953723e-09
3.3897468e-15
2.1953727e-09
2.9841488e-15
2.1953731e-09
2.6183198e-15
2.1953734e-09
2.289863e-15
2.1953737e-09
1.9962071e-15
2.195374e-09
1.7347045e-15
2.1953742e-09
1.5026992e-15
2.1953744e-09
1.2975818e-15
2.1953746e-09
1.1168458e-15
2.1953747e-09
9.5813302e-16
2.1953748e-09
8.1925071e-16
2.1953749e-09
6.9816453e-16
2.195375e-09
5.9297085e-16
2.1953751e-09
5.0187689e-16
2.1953751e-09
4.2321823e-16
2.1953752e-09
3.5550109e-16
2.1953752e-09
2.9743139e-16
2.1953752e-09
2.4790058e-16
2.1953753e-09
2.0591981e-16
2.1953753e-09
1.7054374e-16
2.1953753e-09
1.4084946e-16
2.1953753e-09
1.159872e-16
2.1953753e-09
9.5257816e-17
2.1953753e-09
7.8144762e-17
2.1953753e-09
6.4251262e-17
2.1953753e-09
5.3183458e-17
2.1953754e-09
4.4488991e-17
2.1953754e-09
3.7711489e-17
2.1953754e-09
3.2509437e-17
2.1953754e-09
2.8715124e-17
2.1953754e-09
2.6249737e-17
2.1953754e-09
2.4968814e-17
2.1953754e-09
2.461521e-17
2.1953754e-09
2.4947126e-17
2.1953754e-09
2.5901423e-17
2.1953754e-09
2.7586376e-17
2.1953754e-09
3.0077915e-17
2.1953754e-09
3.3254974e-17
2.1953754e-09
3.6902167e-17
2.1953754e-09
4.0971167e-17
2.1953754e-09
4.5661201e-17
2.1953754e-09
5.1194455e-17
2.1953754e-09
5.7572548e-17
2.1953754e-09
6.4659107e-17
2.1953755e-09
7.2493066e-17
2.1953755e-09
8.1371466e-17
2.1953755e-09
9.154779e-17
2.1953755e-09
1.0299254e-16
2.1953755e-09
1.1561539e-16
2.1953755e-09
1.2962848e-16
2.1953756e-09
1.4544717e-16
2.1953756e-09
1.6326153e-16
2.1953756e-09
1.8303577e-16
2.1953757e-09
2.0499538e-16
2.1953757e-09
2.2972741e-16
2.1953757e-09
2.5767673e-16
2.1953758e-09
2.890103e-16
2.1953758e-09
3.2414378e-16
2.1953759e-09
3.6383595e-16
2.195376e-09
4.0860724e-16
2.195376e-09
4.5877227e-16
2.1953761e-09
5.1508113e-16
2.1953762e-09
5.7844661e-16
2.1953763e-09
6.4935143e-16
2.1953764e-09
7.2852796e-16
2.1953766e-09
8.1723626e-16
2.1953767e-09
9.1618036e-16
2.1953769e-09
1.0259673e-15
2.1953771e-09
1.1479083e-15
2.1953773e-09
1.2828672e-15
2.1953776e-09
1.4315859e-15
2.1953778e-09
1.5948264e-15
2.1953781e-09
1.7731115e-15
2.1953785e-09
1.9666565e-15
2.1953789e-09
2.1752355e-15
2.1953793e-09
2.3980682e-15
2.1953798e-09
2.6333643e-15
2.1953804e-09
2.8781706e-15
2.195381e-09
3.1281398e-15
2.1953817e-09
3.3769484e-15
2.1953824e-09
3.6154808e-15
2.1953833e-09
3.8317993e-15
2.1953842e-09
4.0090814e-15
2.1953852e-09
4.1291169e-15
2.1953863e-09
4.1555805e-15
2.1953874e-09
4.0930762e-15
2.1953886e-09
3.7761162e-15
3.578775e-15
1.6633254e-09
-2.5647455e-11
1.6532585e-09
-7.6428333e-11
1.6363412e-09
-1.2922507e-10
1.612387e-09
-1.8704716e-10
1.5812403e-09
-2.531048e-10
1.5429545e-09
-3.3122594e-10
1.4980945e-09
-4.2620649e-10
1.4481325e-09
-5.4384114e-10
1.3954549e-09
-6.893313e-10
1.3404675e-09
-8.5936142e-10
1.2680764e-09
-1.0171631e-09
1.1132218e-09
-1.039813e-09
7.9986816e-10
-6.9465251e-10
4.4128526e-10
-2.5851483e-10
2.1233144e-10
-5.2254027e-11
1.1538427e-10
8.6464728e-12
8.4282842e-11
2.1258708e-11
8.1379536e-11
1.9095479e-11
9.2547049e-11
1.5685176e-11
1.0438108e-10
2.1819023e-11
1.116441e-10
2.6187296e-11
1.1750416e-10
1.763042e-11
1.2411222e-10
2.6842646e-12
1.3154375e-10
-1.2098342e-11
1.3984732e-10
-2.3791605e-11
1.4953576e-10
-3.2071359e-11
1.6029193e-10
-3.7345149e-11
1.7228825e-10
-3.9919782e-11
1.8594502e-10
-4.0055899e-11
2.018425e-10
-3.7694901e-11
2.2112332e-10
-3.1970251e-11
2.4557927e-10
-2.1263047e-11
2.7709636e-10
-3.9924392e-12
3.1749341e-10
2.1104669e-11
3.6800961e-10
5.4462675e-11
4.2867153e-10
9.5196235e-11
4.980132e-10
1.406996e-10
5.7371678e-10
1.8717838e-10
6.5354328e-10
2.3098171e-10
7.3567111e-10
2.6956437e-10
8.1869201e-10
3.0156803e-10
9.0161015e-10
3.265982e-10
9.8372701e-10
3.4492481e-10
1.0645171e-09
3.5714716e-10
1.1435628e-09
3.6397572e-10
1.2205025e-09
3.6613827e-10
1.2950099e-09
3.6432587e-10
1.3667922e-09
3.5917219e-10
1.4355954e-09
3.512481e-10
1.5012097e-09
3.4106381e-10
1.5634724e-09
3.2907405e-10
1.6222679e-09
3.156831e-10
1.677527e-09
3.0124907e-10
1.7292235e-09
2.8608745e-10
1.7773709e-09
2.7047416e-10
1.8220179e-09
2.5464843e-10
1.8632439e-09
2.3881543e-10
1.9011539e-09
2.2314883e-10
1.935874e-09
2.0779343e-10
1.967547e-09
1.9286766e-10
1.9963281e-09
1.7846613e-10
2.022381e-09
1.6466216e-10
2.045875e-09
1.5151023e-10
2.066982e-09
1.3904824e-10
2.0858737e-09
1.2729974e-10
2.1027201e-09
1.1627593e-10
2.1176874e-09
1.0597741e-10
2.1309369e-09
9.639587e-11
2.1426234e-09
8.7515489e-11
2.1528947e-09
7.9314172e-11
2.1618908e-09
7.176472e-11
2.1697431e-09
6.4835842e-11
2.1765741e-09
5.8493044e-11
2.1824971e-09
5.269955e-11
2.187616e-09
4.7417127e-11
2.1920256e-09
4.2606863e-11
2.1958111e-09
3.8229966e-11
2.199049e-09
3.4248488e-11
2.201807e-09
3.0625969e-11
2.2041451e-09
2.7328045e-11
2.2061156e-09
2.4322927e-11
2.2077642e-09
2.1581744e-11
2.2091306e-09
1.9078779e-11
2.2102492e-09
1.6791551e-11
2.2111501e-09
1.4700739e-11
2.2118595e-09
1.2790017e-11
2.2124004e-09
1.1045753e-11
2.2127934e-09
9.4566375e-12
2.2130569e-09
8.0132664e-12
2.2132078e-09
6.7077016e-12
2.2132614e-09
5.5330347e-12
2.2132319e-09
4.4829953e-12
2.2131324e-09
3.5516072e-12
2.2129752e-09
2.732912e-12
2.2127715e-09
2.0207722e-12
2.2125319e-09
1.4087456e-12
2.2122657e-09
8.9003066e-13
2.2119816e-09
4.5747522e-13
2.2116872e-09
1.0363803e-13
2.2113892e-09
-1.791249e-13
2.2110933e-09
-3.9852256e-13
2.2108043e-09
-5.6222044e-13
2.2105261e-09
-6.7769605e-13
2.2102618e-09
-7.5212099e-13
2.2100137e-09
-7.9225498e-13
2.2097833e-09
-8.0435961e-13
2.2095716e-09
-7.9413548e-13
2.2093789e-09
-7.6668205e-13
2.2092053e-09
-7.2647908e-13
2.2090503e-09
-6.7738898e-13
2.2089131e-09
-6.2267587e-13
2.2087927e-09
-5.6503816e-13
2.2086881e-09
-5.0665236e-13
2.2085979e-09
-4.4922355e-13
2.208521e-09
-3.9403976e-13
2.2084559e-09
-3.4202822e-13
2.2084015e-09
-2.9381037e-13
2.2083564e-09
-2.4975425e-13
2.2083196e-09
-2.1002326e-13
2.2082898e-09
-1.7461998e-13
2.2082662e-09
-1.4342482e-13
2.2082478e-09
-1.1622948e-13
2.2082338e-09
-9.276508e-14
2.2082234e-09
-7.2725224e-14
2.208216e-09
-5.5784674e-14
2.2082112e-09
-4.161381e-14
2.2082082e-09
-2.988953e-14
2.2082069e-09
-2.0303176e-14
2.2082068e-09
-1.2565909e-14
2.2082076e-09
-6.412059e-15
2.2082091e-09
-1.6009043e-15
2.2082112e-09
2.08298e-15
2.2082135e-09
4.8297425e-15
2.2082161e-09
6.8057859e-15
2.2082187e-09
8.1551044e-15
2.2082214e-09
9.0011323e-15
2.208224e-09
9.4487181e-15
2.2082265e-09
9.5861175e-15
2.208229e-09
9.4869285e-15
2.2082313e-09
9.2119386e-15
2.2082334e-09
8.8108369e-15
2.2082354e-09
8.3237753e-15
2.2082372e-09
7.7827962e-15
2.2082389e-09
7.2131069e-15
2.2082404e-09
6.6342047e-15
2.2082417e-09
6.0608746e-15
2.2082429e-09
5.5040474e-15
2.208244e-09
4.9715255e-15
2.208245e-09
4.4686009e-15
2.2082459e-09
3.9985655e-15
2.2082466e-09
3.5631324e-15
2.2082473e-09
3.1627962e-15
2.2082479e-09
2.7971361e-15
2.2082484e-09
2.4650685e-15
2.2082489e-09
2.1650601e-15
2.2082493e-09
1.8952922e-15
2.2082496e-09
1.6537762e-15
2.2082499e-09
1.4384367e-15
2.2082502e-09
1.2471693e-15
2.2082504e-09
1.0778888e-15
2.2082506e-09
9.2858056e-16
2.2082507e-09
7.973421e-16
2.2082509e-09
6.8239884e-16
2.208251e-09
5.8209595e-16
2.2082511e-09
4.9487553e-16
2.2082512e-09
4.1926517e-16
2.2082512e-09
3.5390121e-16
2.2082513e-09
2.9756961e-16
2.2082513e-09
2.4922671e-16
2.2082514e-09
2.0797557e-16
2.2082514e-09
1.7299975e-16
2.2082514e-09
1.4349998e-16
2.2082515e-09
1.1869115e-16
2.2082515e-09
9.7864317e-17
2.2082515e-09
8.045932e-17
2.2082515e-09
6.6078041e-17
2.2082515e-09
5.4406349e-17
2.2082515e-09
4.5102497e-17
2.2082515e-09
3.7759975e-17
2.2082515e-09
3.1985256e-17
2.2082515e-09
2.7515065e-17
2.2082515e-09
2.4246012e-17
2.2082516e-09
2.2123147e-17
2.2082516e-09
2.0995354e-17
2.2082516e-09
2.0610018e-17
2.2082516e-09
2.0768866e-17
2.2082516e-09
2.1465428e-17
2.2082516e-09
2.2820681e-17
2.2082516e-09
2.4864764e-17
2.2082516e-09
2.7432169e-17
2.2082516e-09
3.0330639e-17
2.2082516e-09
3.3584324e-17
2.2082516e-09
3.742242e-17
2.2082516e-09
4.200571e-17
2.2082516e-09
4.7252064e-17
2.2082516e-09
5.302059e-17
2.2082517e-09
5.9412329e-17
2.2082517e-09
6.6732634e-17
2.2082517e-09
7.5138639e-17
2.2082517e-09
8.4513975e-17
2.2082517e-09
9.4805159e-17
2.2082517e-09
1.0629775e-16
2.2082518e-09
1.1934651e-16
2.2082518e-09
1.3399021e-16
2.2082518e-09
1.5015992e-16
2.2082519e-09
1.6815938e-16
2.2082519e-09
1.8852079e-16
2.208252e-09
2.114797e-16
2.208252e-09
2.3711809e-16
2.2082521e-09
2.6591191e-16
2.2082521e-09
2.9850475e-16
2.2082522e-09
3.3514701e-16
2.2082523e-09
3.7608784e-16
2.2082524e-09
4.2211182e-16
2.2082525e-09
4.7391767e-16
2.2082526e-09
5.3173412e-16
2.2082527e-09
5.9623635e-16
2.2082529e-09
6.6854788e-16
2.2082531e-09
7.490548e-16
2.2082532e-09
8.38144e-16
2.2082535e-09
9.3702292e-16
2.2082537e-09
1.0461779e-15
2.208254e-09
1.1660948e-15
2.2082543e-09
1.2974996e-15
2.2082546e-09
1.4404611e-15
2.208255e-09
1.5950629e-15
2.2082554e-09
1.7607527e-15
2.2082558e-09
1.9367078e-15
2.2082563e-09
2.1210274e-15
2.2082569e-09
2.3109763e-15
2.2082575e-09
2.5025543e-15
2.2082582e-09
2.6901318e-15
2.208259e-09
2.8657282e-15
2.2082598e-09
3.019104e-15
2.2082607e-09
3.1361944e-15
2.2082616e-09
3.2022557e-15
2.2082626e-09
3.1876571e-15
2.2082635e-09
3.0990488e-15
2.2082645e-09
2.8000017e-15
2.6053915e-15
1.6618571e-09
-2.0837899e-11
1.6474556e-09
-6.2026857e-11
1.623172e-09
-1.0494143e-10
1.5883633e-09
-1.5223849e-10
1.5420818e-09
-2.0682324e-10
1.4831521e-09
-2.7229623e-10
1.4103368e-09
-3.5339121e-10
1.3226497e-09
-4.5615407e-10
1.2197619e-09
-5.8644351e-10
1.1023467e-09
-7.4194622e-10
9.7167351e-10
-8.8648985e-10
8.015649e-10
-8.6970439e-10
3.9187134e-10
-2.8495896e-10
1.3004636e-10
3.3101568e-12
6.1004459e-11
1.6787871e-11
4.7348358e-11
2.2302574e-11
5.2465299e-11
1.6141767e-11
8.1994844e-11
-1.0434067e-11
1.093398e-10
-1.1659779e-11
1.137139e-10
1.7444922e-11
1.0637312e-10
3.3528075e-11
1.0133526e-10
2.2668284e-11
9.91844e-11
4.8351214e-12
9.7644528e-11
-1.0558469e-11
9.6592142e-11
-2.2739219e-11
9.6049441e-11
-3.1528658e-11
9.6065788e-11
-3.7361496e-11
9.6855073e-11
-4.0709066e-11
9.8738149e-11
-4.1938975e-11
1.0212746e-10
-4.1084213e-11
1.0772662e-10
-3.7569406e-11
1.1674829e-10
-3.0284719e-11
1.3077386e-10
-1.8018015e-11
1.5164739e-10
2.3114344e-13
1.8122135e-10
2.4888713e-11
2.2092615e-10
5.5491436e-11
2.7127037e-10
9.0355379e-11
3.3162592e-10
1.2682283e-10
4.0051495e-10
1.6209267e-10
4.7611323e-10
1.939661e-10
5.5658589e-10
2.2109536e-10
6.4029402e-10
2.4289007e-10
7.2587585e-10
2.5934298e-10
8.1221458e-10
2.7080844e-10
8.9838138e-10
2.7780892e-10
9.8359756e-10
2.8092209e-10
1.0672071e-09
2.8071636e-10
1.1486618e-09
2.7771745e-10
1.2275095e-09
2.7240043e-10
1.3033831e-09
2.6519024e-10
1.3759932e-09
2.5646394e-10
1.4451217e-09
2.4655455e-10
1.5106158e-09
2.3575498e-10
1.5723815e-09
2.243217e-10
1.6303777e-09
2.1247802e-10
1.6846091e-09
2.0041698e-10
1.7351207e-09
1.883039e-10
1.7819908e-09
1.7627874e-10
1.8253258e-09
1.6445841e-10
1.8652546e-09
1.5293885e-10
1.9019235e-09
1.4179718e-10
1.9354921e-09
1.3109364e-10
1.9661287e-09
1.208736e-10
1.9940076e-09
1.1116931e-10
2.0193057e-09
1.0200163e-10
2.0422e-09
9.3381632e-11
2.0628655e-09
8.5311907e-11
2.0814735e-09
7.7787927e-11
2.0981898e-09
7.0799148e-11
2.113174e-09
6.4329974e-11
2.126578e-09
5.8360691e-11
2.1385456e-09
5.2868276e-11
2.1492115e-09
4.7827102e-11
2.1587014e-09
4.3209675e-11
2.1671313e-09
3.8987286e-11
2.1746075e-09
3.5130625e-11
2.1812271e-09
3.1610411e-11
2.1870776e-09
2.8397954e-11
2.1922379e-09
2.5465661e-11
2.1967784e-09
2.2787504e-11
2.200762e-09
2.033939e-11
2.2042443e-09
1.809943e-11
2.2072749e-09
1.604812e-11
2.2098981e-09
1.4168401e-11
2.2121532e-09
1.2445613e-11
2.2140759e-09
1.0867353e-11
2.2156984e-09
9.4232587e-12
2.2170503e-09
8.1047143e-12
2.218159e-09
6.9045333e-12
2.2190501e-09
5.8166182e-12
2.2197475e-09
4.8356243e-12
2.2202739e-09
3.9566572e-12
2.2206505e-09
3.1750079e-12
2.2208974e-09
2.4859403e-12
2.2210337e-09
1.8845402e-12
2.2210768e-09
1.3656218e-12
2.2210431e-09
9.2368967e-13
2.2209477e-09
5.5294852e-13
2.2208039e-09
2.4735782e-13
2.2206241e-09
7.0520759e-16
2.2204189e-09
-1.932869e-13
2.2201975e-09
-3.4086119e-13
2.2199679e-09
-4.4811727e-13
2.2197367e-09
-5.2091151e-13
2.2195092e-09
-5.6477129e-13
2.2192897e-09
-5.8482471e-13
2.2190813e-09
-5.8574903e-13
2.2188864e-09
-5.7173737e-13
2.2187064e-09
-5.4648305e-13
2.2185422e-09
-5.1318054e-13
2.218394e-09
-4.7454015e-13
2.2182618e-09
-4.3281355e-13
2.218145e-09
-3.8982849e-13
2.2180428e-09
-3.4702899e-13
2.2179543e-09
-3.0551869e-13
2.2178784e-09
-2.6610599e-13
2.2178139e-09
-2.2934816e-13
2.2177597e-09
-1.9559347e-13
2.2177147e-09
-1.6502055e-13
2.2176778e-09
-1.3767379e-13
2.2176478e-09
-1.1349466e-13
2.217624e-09
-9.2348932e-14
2.2176053e-09
-7.4049581e-14
2.2175909e-09
-5.8375694e-14
2.2175802e-09
-4.5087799e-14
2.2175725e-09
-3.3939824e-14
2.2175673e-09
-2.4688184e-14
2.2175641e-09
-1.7098461e-14
2.2175625e-09
-1.0950014e-14
2.2175621e-09
-6.0389505e-15
2.2175627e-09
-2.1797991e-15
2.217564e-09
7.9392817e-16
2.2175658e-09
3.029701e-15
2.217568e-09
4.6568236e-15
2.2175703e-09
5.7874974e-15
2.2175728e-09
6.518124e-15
2.2175753e-09
6.9307776e-15
2.2175778e-09
7.0947029e-15
2.2175802e-09
7.0677776e-15
2.2175825e-09
6.8979177e-15
2.2175847e-09
6.6243875e-15
2.2175868e-09
6.2790008e-15
2.2175887e-09
5.8872249e-15
2.2175904e-09
5.4691694e-15
2.217592e-09
5.0404626e-15
2.2175935e-09
4.6130293e-15
2.2175948e-09
4.1957596e-15
2.2175959e-09
3.7950751e-15
2.217597e-09
3.4154096e-15
2.2175979e-09
3.0596054e-15
2.2175988e-09
2.7292398e-15
2.2175995e-09
2.4249073e-15
2.2176002e-09
2.1464579e-15
2.2176007e-09
1.8932001e-15
2.2176012e-09
1.6640744e-15
2.2176017e-09
1.4577855e-15
2.2176021e-09
1.272894e-15
2.2176024e-09
1.1078782e-15
2.2176027e-09
9.6117804e-16
2.2176029e-09
8.3123393e-16
2.2176031e-09
7.1653126e-16
2.2176033e-09
6.1563654e-16
2.2176035e-09
5.2720982e-16
2.2176036e-09
4.4999558e-16
2.2176037e-09
3.8280402e-16
2.2176038e-09
3.2450686e-16
2.2176039e-09
2.7406372e-16
2.2176039e-09
2.305588e-16
2.217604e-09
1.9321283e-16
2.2176041e-09
1.6135192e-16
2.2176041e-09
1.3434468e-16
2.2176041e-09
1.1155401e-16
2.2176041e-09
9.2351293e-17
2.2176042e-09
7.6185761e-17
2.2176042e-09
6.2648542e-17
2.2176042e-09
5.1466441e-17
2.2176042e-09
4.2412275e-17
2.2176042e-09
3.5203604e-17
2.2176042e-09
2.9491408e-17
2.2176042e-09
2.4957107e-17
2.2176042e-09
2.1421678e-17
2.2176043e-09
1.8844057e-17
2.2176043e-09
1.7189591e-17
2.2176043e-09
1.6304749e-17
2.2176043e-09
1.595437e-17
2.2176043e-09
1.5993872e-17
2.2176043e-09
1.6469528e-17
2.2176043e-09
1.7502664e-17
2.2176043e-09
1.9076805e-17
2.2176043e-09
2.1001383e-17
2.2176043e-09
2.3128018e-17
2.2176043e-09
2.5549536e-17
2.2176043e-09
2.8499164e-17
2.2176043e-09
3.2060323e-17
2.2176043e-09
3.6082441e-17
2.2176043e-09
4.0445608e-17
2.2176044e-09
4.5310153e-17
2.2176044e-09
5.0958834e-17
2.2176044e-09
5.7440054e-17
2.2176044e-09
6.4581562e-17
2.2176044e-09
7.2393419e-17
2.2176045e-09
8.1203321e-17
2.2176045e-09
9.1255888e-17
2.2176045e-09
1.0245407e-16
2.2176046e-09
1.1475117e-16
2.2176046e-09
1.2851734e-16
2.2176046e-09
1.4416348e-16
2.2176047e-09
1.6172348e-16
2.2176047e-09
1.8126041e-16
2.2176048e-09
2.0327968e-16
2.2176049e-09
2.2822515e-16
2.217605e-09
2.5613346e-16
2.2176051e-09
2.8728268e-16
2.2176052e-09
3.2238474e-16
2.2176053e-09
3.618331e-16
2.2176054e-09
4.0579178e-16
2.2176055e-09
4.549168e-16
2.2176057e-09
5.0990995e-16
2.2176059e-09
5.7095156e-16
2.2176061e-09
6.3843723e-16
2.2176063e-09
7.1326267e-16
2.2176065e-09
7.9576675e-16
2.2176068e-09
8.8623542e-16
2.2176071e-09
9.8513897e-16
2.2176075e-09
1.0924431e-15
2.2176079e-09
1.2080637e-15
2.2176083e-09
1.331412e-15
2.2176088e-09
1.4617644e-15
2.2176093e-09
1.5974429e-15
2.2176099e-09
1.7361982e-15
2.2176105e-09
1.8746954e-15
2.2176112e-09
2.0083854e-15
2.2176119e-09
2.1309029e-15
2.2176127e-09
2.2341962e-15
2.2176135e-09
2.3074806e-15
2.2176144e-09
2.3397214e-15
2.2176153e-09
2.3085779e-15
2.2176161e-09
2.2207454e-15
2.217617e-09
1.9726179e-15
1.8071991e-15
1.6605521e-09
-1.4723367e-11
1.6423131e-09
-4.3787772e-11
1.611489e-09
-7.4117379e-11
1.5669521e-09
-1.0770156e-10
1.5068738e-09
-1.46745e-10
1.4286055e-09
-1.9402783e-10
1.3284753e-09
-2.5326101e-10
1.2015235e-09
-3.2920237e-10
1.041087e-09
-4.2600701e-10
8.3685906e-10
-5.3771824e-10
5.7281639e-10
-6.2244718e-10
2.8633318e-10
-5.8322117e-10
1.7775561e-12
-4.0336912e-13
5.0877131e-12
-2.3684453e-19
2.1875584e-11
-1.8174726e-20
4.4178158e-11
-2.6253787e-20
6.0319925e-11
1.7916214e-20
4.9872905e-11
1.295345e-14
3.2040417e-11
6.1727094e-12
4.0972107e-11
8.513231e-12
5.528836e-11
1.9211822e-11
6.3354986e-11
1.4601658e-11
6.4107957e-11
4.082151e-12
6.093008e-11
-7.3805929e-12
5.5304626e-11
-1.7113765e-11
4.8171573e-11
-2.4395604e-11
4.0212865e-11
-2.9402789e-11
3.2008016e-11
-3.2504217e-11
2.4067616e-11
-3.3998576e-11
1.6914883e-11
-3.393148e-11
1.1290571e-11
-3.1945094e-11
8.3480819e-12
-2.734223e-11
9.6566194e-12
-1.9326552e-11
1.7109812e-11
-7.2220493e-12
3.2740506e-11
9.2580188e-12
5.8416664e-11
2.9815279e-11
9.5380947e-11
5.3391096e-11
1.4388941e-10
7.8314368e-11
2.0322169e-10
1.0276039e-10
2.719881e-10
1.2519969e-10
3.4844715e-10
1.4463631e-10
4.3079607e-10
1.6054114e-10
5.1733566e-10
1.7280339e-10
6.0655021e-10
1.815939e-10
6.9712541e-10
1.8723372e-10
7.879433e-10
1.9010419e-10
8.7806404e-10
1.9059562e-10
9.6670271e-10
1.8907878e-10
1.0532109e-09
1.8589224e-10
1.1370616e-09
1.813395e-10
1.2178357e-09
1.7568985e-10
1.29521e-09
1.6918031e-10
1.3689463e-09
1.6201862e-10
1.4388818e-09
1.5438619e-10
1.5049192e-09
1.4644064e-10
1.5670182e-09
1.3831801e-10
1.6251874e-09
1.301347e-10
1.6794768e-09
1.2198931e-10
1.7299709e-09
1.1396429e-10
1.7767823e-09
1.0612746e-10
1.820046e-09
9.8533549e-11
1.859914e-09
9.1225573e-11
1.8965514e-09
8.4236227e-11
1.9301316e-09
7.7589081e-11
1.9608335e-09
7.1299797e-11
1.9888379e-09
6.5377196e-11
2.0143256e-09
5.9824193e-11
2.0374748e-09
5.4638709e-11
2.0584595e-09
4.9814447e-11
2.077448e-09
4.5341557e-11
2.0946013e-09
4.1207294e-11
2.1100731e-09
3.7396572e-11
2.1240077e-09
3.3892463e-11
2.1365407e-09
3.0676707e-11
2.1477978e-09
2.773017e-11
2.1578951e-09
2.5033265e-11
2.1669392e-09
2.256639e-11
2.1750268e-09
2.0310314e-11
2.1822459e-09
1.824652e-11
2.1886759e-09
1.6357532e-11
2.1943881e-09
1.4627165e-11
2.1994469e-09
1.3040707e-11
2.2039099e-09
1.1585044e-11
2.2078296e-09
1.0248704e-11
2.2112534e-09
9.0218217e-12
2.2142247e-09
7.8960496e-12
2.2167836e-09
6.8644068e-12
2.2189672e-09
5.9210821e-12
2.2208105e-09
5.0612187e-12
2.2223465e-09
4.2806824e-12
2.2236063e-09
3.5758319e-12
2.2246196e-09
2.9433129e-12
2.2254147e-09
2.3798772e-12
2.2260184e-09
1.8822372e-12
2.226456e-09
1.4469645e-12
2.2267512e-09
1.0704267e-12
2.2269261e-09
7.4876274e-13
2.2270012e-09
4.7789403e-13
2.226995e-09
2.5356123e-13
2.2269243e-09
7.138218e-14
2.2268041e-09
-7.3079842e-14
2.2266475e-09
-1.8423504e-13
2.2264657e-09
-2.6639855e-13
2.2262686e-09
-3.2371598e-13
2.2260639e-09
-3.6010361e-13
2.2258583e-09
-3.7919858e-13
2.2256568e-09
-3.8432228e-13
2.2254636e-09
-3.7845668e-13
2.2252813e-09
-3.6423288e-13
2.2251121e-09
-3.4393145e-13
2.224957e-09
-3.1949234e-13
2.2248167e-09
-2.9253251e-13
2.2246913e-09
-2.6436993e-13
2.2245803e-09
-2.3605154e-13
2.2244832e-09
-2.0838351e-13
2.224399e-09
-1.8196271e-13
2.2243269e-09
-1.5720757e-13
2.2242657e-09
-1.3438762e-13
2.2242143e-09
-1.1365105e-13
2.2241717e-09
-9.5049653e-14
2.2241367e-09
-7.8560859e-14
2.2241085e-09
-6.4106925e-14
2.224086e-09
-5.1571152e-14
2.2240685e-09
-4.0811285e-14
2.224055e-09
-3.1670408e-14
2.2240451e-09
-2.3985479e-14
2.224038e-09
-1.7593845e-14
2.2240332e-09
-1.2338069e-14
2.2240303e-09
-8.0693036e-15
2.224029e-09
-4.649507e-15
2.2240287e-09
-1.9527374e-15
2.2240294e-09
1.3430863e-16
2.2240307e-09
1.7122503e-15
2.2240325e-09
2.8694408e-15
2.2240346e-09
3.6826976e-15
2.2240369e-09
4.2181361e-15
2.2240393e-09
4.5321431e-15
2.2240417e-09
4.6723726e-15
2.2240441e-09
4.678723e-15
2.2240464e-09
4.5842798e-15
2.2240486e-09
4.4161985e-15
2.2240507e-09
4.1965202e-15
2.2240527e-09
3.942924e-15
2.2240545e-09
3.6694042e-15
2.2240561e-09
3.3868721e-15
2.2240576e-09
3.1036899e-15
2.224059e-09
2.8261309e-15
2.2240602e-09
2.5587664e-15
2.2240613e-09
2.3047924e-15
2.2240623e-09
2.0662977e-15
2.2240632e-09
1.8444841e-15
2.224064e-09
1.639858e-15
2.2240647e-09
1.4523978e-15
2.2240653e-09
1.281699e-15
2.2240658e-09
1.1270999e-15
2.2240663e-09
9.8777623e-16
2.2240667e-09
8.6280166e-16
2.2240671e-09
7.5118589e-16
2.2240674e-09
6.5190085e-16
2.2240677e-09
5.639086e-16
2.2240679e-09
4.8619691e-16
2.2240681e-09
4.1780802e-16
2.2240683e-09
3.5784676e-16
2.2240684e-09
3.0547034e-16
2.2240685e-09
2.5987367e-16
2.2240686e-09
2.2029051e-16
2.2240687e-09
1.860195e-16
2.2240688e-09
1.564543e-16
2.2240688e-09
1.3108699e-16
2.2240689e-09
1.0947314e-16
2.2240689e-09
9.1176309e-17
2.224069e-09
7.5736352e-17
2.224069e-09
6.2698099e-17
2.224069e-09
5.1683185e-17
2.2240691e-09
4.2441824e-17
2.2240691e-09
3.4828206e-17
2.2240691e-09
2.870421e-17
2.2240691e-09
2.385315e-17
2.2240691e-09
1.9994296e-17
2.2240691e-09
1.6893478e-17
2.2240691e-09
1.4458022e-17
2.2240691e-09
1.2704439e-17
2.2240691e-09
1.1615277e-17
2.2240691e-09
1.1041487e-17
2.2240691e-09
1.0779396e-17
2.2240691e-09
1.0745668e-17
2.2240692e-09
1.103219e-17
2.2240692e-09
1.1749601e-17
2.2240692e-09
1.2838931e-17
2.2240692e-09
1.4105019e-17
2.2240692e-09
1.5457156e-17
2.2240692e-09
1.704439e-17
2.2240692e-09
1.9077438e-17
2.2240692e-09
2.1554346e-17
2.2240692e-09
2.4277506e-17
2.2240692e-09
2.7169544e-17
2.2240692e-09
3.0439559e-17
2.2240693e-09
3.4319943e-17
2.2240693e-09
3.8752509e-17
2.2240693e-09
4.3545347e-17
2.2240693e-09
4.8783115e-17
2.2240694e-09
5.4791568e-17
2.2240694e-09
6.1671703e-17
2.2240694e-09
6.9227778e-17
2.2240695e-09
7.747695e-17
2.2240695e-09
8.6813074e-17
2.2240695e-09
9.7466555e-17
2.2240696e-09
1.0930727e-16
2.2240697e-09
1.2243662e-16
2.2240697e-09
1.3733888e-16
2.2240698e-09
1.5420602e-16
2.2240699e-09
1.7293892e-16
2.22407e-09
1.9390721e-16
2.2240701e-09
2.176639e-16
2.2240702e-09
2.4421362e-16
2.2240703e-09
2.7370183e-16
2.2240705e-09
3.0681891e-16
2.2240706e-09
3.4381721e-16
2.2240708e-09
3.8473782e-16
2.224071e-09
4.3006128e-16
2.2240713e-09
4.8019765e-16
2.2240715e-09
5.3543403e-16
2.2240718e-09
5.9602377e-16
2.2240721e-09
6.6205401e-16
2.2240725e-09
7.3355743e-16
2.2240729e-09
8.1033855e-16
2.2240733e-09
8.9201505e-16
2.2240738e-09
9.7804119e-16
2.2240743e-09
1.0671861e-15
2.2240749e-09
1.1578416e-15
2.2240756e-09
1.247577e-15
2.2240762e-09
1.3332206e-15
2.2240769e-09
1.4103907e-15
2.2240777e-09
1.4735508e-15
2.2240785e-09
1.5154568e-15
2.2240793e-09
1.528817e-15
2.2240801e-09
1.4987516e-15
2.2240809e-09
1.4304943e-15
2.2240816e-09
1.2547528e-15
1.1360085e-15
1.6595693e-09
-7.6259932e-12
1.6384487e-09
-2.2667162e-11
1.6027083e-09
-3.837702e-11
1.5508257e-09
-5.5818967e-11
1.480254e-09
-7.6173265e-11
1.3871465e-09
-1.0092032e-10
1.2658634e-09
-1.3197792e-10
1.1082217e-09
-1.7156074e-10
9.0299327e-10
-2.2077854e-10
6.3966085e-10
-2.7438582e-10
3.2623673e-10
-3.0902307e-10
4.0336935e-13
-2.5738789e-10
2.0939316e-19
1.3271874e-20
2.8549777e-20
-5.6069153e-20
3.1527014e-20
-2.0726585e-20
1.6995949e-20
-8.8821571e-21
1.467364e-20
9.0280777e-21
1.2953425e-14
4.1992702e-20
5.4329834e-12
7.5267941e-13
1.1947759e-11
1.9984549e-12
2.4225505e-11
6.9340774e-12
3.224079e-11
6.586373e-12
3.4359838e-11
1.9631023e-12
3.0873536e-11
-3.8942906e-12
2.2907637e-11
-9.1478659e-12
1.1715803e-11
-1.320377e-11
-1.6184547e-12
-1.6068532e-11
-1.6210966e-11
-1.7911705e-11
-3.1323984e-11
-1.8885558e-11
-4.6240651e-11
-1.9014814e-11
-6.0058487e-11
-1.8127258e-11
-7.1515419e-11
-1.5885298e-11
-7.8945594e-11
-1.1896378e-11
-8.0339036e-11
-5.8286074e-12
-7.3539044e-11
2.4580272e-12
-5.6529979e-11
1.2806214e-11
-2.7840736e-11
2.4701853e-11
1.3134426e-11
3.7339206e-11
6.6063882e-11
4.9830935e-11
1.2992603e-10
6.1337542e-11
2.0311533e-10
7.1447007e-11
2.8385807e-10
7.9798408e-11
3.7034971e-10
8.6311752e-11
4.6088924e-10
9.1054367e-11
5.539476e-10
9.417536e-11
6.4819027e-10
9.5861529e-11
7.4247645e-10
9.6309434e-11
8.3584626e-10
9.5708973e-11
9.275032e-10
9.4235301e-11
1.0167969e-09
9.2045801e-11
1.1032066e-09
8.9280116e-11
1.1863256e-09
8.6061328e-11
1.2658469e-09
8.2497304e-11
1.341551e-09
7.8682096e-11
1.4132944e-09
7.4697313e-11
1.480999e-09
7.061339e-11
1.544643e-09
6.6490628e-11
1.6042523e-09
6.2380043e-11
1.6598923e-09
5.8324269e-11
1.7116613e-09
5.4358445e-11
1.7596839e-09
5.0511002e-11
1.8041051e-09
4.6804377e-11
1.8450856e-09
4.325572e-11
1.8827972e-09
3.9877499e-11
1.9174188e-09
3.6678119e-11
1.9491336e-09
3.3662468e-11
1.9781254e-09
3.083239e-11
2.0045769e-09
2.8187157e-11
2.0286675e-09
2.5723858e-11
2.0505713e-09
2.343775e-11
2.070456e-09
2.1322591e-11
2.0884817e-09
1.9370926e-11
2.1047998e-09
1.7574344e-11
2.1195528e-09
1.5923743e-11
2.1328734e-09
1.4409558e-11
2.1448847e-09
1.3021985e-11
2.1556998e-09
1.17512e-11
2.1654226e-09
1.0587553e-11
2.1741474e-09
9.5217522e-12
2.1819599e-09
8.5450189e-12
2.1889378e-09
7.6492213e-12
2.1951516e-09
6.8269642e-12
2.200665e-09
6.0716545e-12
2.2055361e-09
5.3775229e-12
2.2098184e-09
4.7396063e-12
2.2135607e-09
4.1537047e-12
2.2168088e-09
3.616305e-12
2.2196054e-09
3.1244815e-12
2.2219908e-09
2.6757881e-12
2.2240034e-09
2.2681402e-12
2.2256795e-09
1.8996978e-12
2.2270541e-09
1.5687608e-12
2.2281603e-09
1.2736764e-12
2.2290297e-09
1.0127651e-12
2.2296924e-09
7.8426847e-13
2.2301765e-09
5.8631817e-13
2.2305084e-09
4.1692348e-13
2.2307123e-09
2.7397807e-13
2.2308106e-09
1.5527963e-13
2.2308234e-09
5.856073e-14
2.2307688e-09
-1.8475619e-14
2.2306627e-09
-7.8113795e-14
2.2305189e-09
-1.2258947e-13
2.2303492e-09
-1.5405159e-13
2.2301636e-09
-1.7453112e-13
2.2299703e-09
-1.8591533e-13
2.229776e-09
-1.8992879e-13
2.2295856e-09
-1.8812107e-13
2.2294032e-09
-1.8186074e-13
2.2292316e-09
-1.7233551e-13
2.2290727e-09
-1.6055713e-13
2.2289276e-09
-1.4737051e-13
2.2287966e-09
-1.3346593e-13
2.22868e-09
-1.1939341e-13
2.2285772e-09
-1.0557827e-13
2.2284876e-09
-9.2337262e-14
2.2284102e-09
-7.9894495e-14
2.2283443e-09
-6.8396608e-14
2.2282885e-09
-5.7926994e-14
2.228242e-09
-4.8518661e-14
2.2282036e-09
-4.0165617e-14
2.2281723e-09
-3.2832814e-14
2.2281472e-09
-2.646454e-14
2.2281274e-09
-2.0991378e-14
2.2281121e-09
-1.6335853e-14
2.2281005e-09
-1.2416879e-14
2.2280921e-09
-9.1531494e-15
2.2280862e-09
-6.4656624e-15
2.2280824e-09
-4.279507e-15
2.2280803e-09
-2.5250475e-15
2.2280795e-09
-1.1386364e-15
2.2280797e-09
-6.2937366e-17
2.2280806e-09
7.5303397e-16
2.2280821e-09
1.3540905e-15
2.228084e-09
1.7792347e-15
2.2280862e-09
2.0620767e-15
2.2280885e-09
2.2313173e-15
2.2280909e-09
2.3112426e-15
2.2280932e-09
2.3222082e-15
2.2280955e-09
2.2811078e-15
2.2280977e-09
2.2018153e-15
2.2280998e-09
2.0955966e-15
2.2281018e-09
1.9714923e-15
2.2281036e-09
1.8366657e-15
2.2281053e-09
1.6967122e-15
2.2281069e-09
1.5559345e-15
2.2281083e-09
1.4175786e-15
2.2281096e-09
1.2840295e-15
2.2281107e-09
1.1569726e-15
2.2281117e-09
1.0375234e-15
2.2281126e-09
9.2633312e-16
2.2281135e-09
8.2368444e-16
2.2281142e-09
7.2957994e-16
2.2281148e-09
6.4382433e-16
2.2281154e-09
5.660967e-16
2.2281159e-09
4.9600191e-16
2.2281163e-09
4.330975e-16
2.2281167e-09
3.7690477e-16
2.228117e-09
3.269161e-16
2.2281173e-09
2.826101e-16
2.2281175e-09
2.4347609e-16
2.2281177e-09
2.090344e-16
2.2281179e-09
1.788403e-16
2.2281181e-09
1.524734e-16
2.2281182e-09
1.2952589e-16
2.2281183e-09
1.0960588e-16
2.2281184e-09
9.2359526e-17
2.2281185e-09
7.7493356e-17
2.2281185e-09
6.4771824e-17
2.2281186e-09
5.398341e-17
2.2281187e-09
4.4895715e-17
2.2281187e-09
3.7239451e-17
2.2281187e-09
3.0746961e-17
2.2281187e-09
2.5221449e-17
2.2281188e-09
2.0574894e-17
2.2281188e-09
1.6787937e-17
2.2281188e-09
1.3812152e-17
2.2281188e-09
1.1502042e-17
2.2281188e-09
9.6534065e-18
2.2281188e-09
8.1219131e-18
2.2281188e-09
6.9000237e-18
2.2281188e-09
6.0571212e-18
2.2281189e-09
5.5934348e-18
2.2281189e-09
5.3746587e-18
2.2281189e-09
5.2412445e-18
2.2281189e-09
5.1728601e-18
2.2281189e-09
5.2958965e-18
2.2281189e-09
5.7018017e-18
2.2281189e-09
6.298255e-18
2.2281189e-09
6.9047695e-18
2.2281189e-09
7.4931433e-18
2.2281189e-09
8.2485411e-18
2.2281189e-09
9.3354861e-18
2.2281189e-09
1.0669484e-17
2.2281189e-09
1.2034316e-17
2.228119e-09
1.3413142e-17
2.228119e-09
1.5046911e-17
2.228119e-09
1.7092968e-17
2.228119e-09
1.9397493e-17
2.228119e-09
2.1781103e-17
2.2281191e-09
2.4396295e-17
2.2281191e-09
2.7519714e-17
2.2281191e-09
3.109874e-17
2.2281192e-09
3.4889193e-17
2.2281192e-09
3.8989685e-17
2.2281192e-09
4.3756051e-17
2.2281193e-09
4.9205722e-17
2.2281193e-09
5.5106672e-17
2.2281194e-09
6.1630485e-17
2.2281195e-09
6.9182595e-17
2.2281195e-09
7.7701519e-17
2.2281196e-09
8.701022e-17
2.2281197e-09
9.7517564e-17
2.2281198e-09
1.0956672e-16
2.22812e-09
1.2287799e-16
2.2281201e-09
1.3757278e-16
2.2281202e-09
1.5424948e-16
2.2281204e-09
1.728051e-16
2.2281206e-09
1.9319897e-16
2.2281208e-09
2.1597111e-16
2.2281211e-09
2.4110899e-16
2.2281213e-09
2.6873944e-16
2.2281216e-09
2.9908564e-16
2.228122e-09
3.3203399e-16
2.2281223e-09
3.6770491e-16
2.2281227e-09
4.0589032e-16
2.2281232e-09
4.4650838e-16
2.2281237e-09
4.8921299e-16
2.2281242e-09
5.3334177e-16
2.2281248e-09
5.7806082e-16
2.2281254e-09
6.2204832e-16
2.2281261e-09
6.6370749e-16
2.2281268e-09
7.0085738e-16
2.2281275e-09
7.3066573e-16
2.2281283e-09
7.4952999e-16
2.2281291e-09
7.5381751e-16
2.2281298e-09
7.3607322e-16
2.2281306e-09
6.9913573e-16
2.2281312e-09
6.083915e-16
5.4670611e-16
1.6590409e-09
-2.6999338e-16
1.6363746e-09
-8.2038397e-16
1.597999e-09
-1.366655e-15
1.5421819e-09
-1.8946254e-15
1.466011e-09
-2.3922213e-15
1.3650935e-09
-2.8437563e-15
1.2331188e-09
-3.2316748e-15
1.0615616e-09
-3.5319766e-15
8.4078682e-10
-3.7128962e-15
5.6640473e-10
-3.7303375e-15
2.5738517e-10
-3.5004701e-15
1.0875908e-19
-2.8191116e-15
1.1976314e-19
-1.3513945e-25
6.3693956e-20
3.1459442e-26
4.2967611e-20
-2.3907993e-25
3.4085968e-20
-5.1493708e-25
4.3114633e-20
-5.8635381e-25
8.5124854e-20
-2.8776886e-26
7.5268693e-13
-7.4391399e-18
2.7517996e-12
-6.5771172e-16
9.6892904e-12
-3.4134033e-15
1.628051e-11
-4.8467238e-15
1.8248309e-11
-4.6967344e-15
1.4357457e-11
-3.4384545e-15
5.2111477e-12
-1.5566156e-15
-7.9931676e-12
5.4524915e-16
-2.4064333e-11
2.63344e-15
-4.1980601e-11
4.5633696e-15
-6.0872451e-11
6.2925622e-15
-7.9895112e-11
7.8469235e-15
-9.8031631e-11
9.2619243e-15
-1.1392746e-10
1.0528366e-14
-1.2583541e-10
1.1575792e-14
-1.3167632e-10
1.2303166e-14
-1.2923088e-10
1.2589661e-14
-1.1643705e-10
1.2380176e-14
-9.174686e-11
1.1661808e-14
-5.441818e-11
1.0526231e-14
-4.5963636e-12
9.1183722e-15
5.6733597e-11
7.5808132e-15
1.2817459e-10
6.0192453e-15
2.0796851e-10
4.4870088e-15
2.9427725e-10
3.0049462e-15
3.8533004e-10
1.5804707e-15
4.7950518e-10
2.2016373e-16
5.7536778e-10
-1.0677419e-15
6.7167948e-10
-2.2721283e-15
7.6739183e-10
-3.3793849e-15
8.6163151e-10
-4.3753183e-15
9.5368256e-10
-5.247804e-15
1.0429687e-09
-5.9880042e-15
1.1290366e-09
-6.5905657e-15
1.2115409e-09
-7.0538405e-15
1.2902304e-09
-7.3798011e-15
1.3649353e-09
-7.5737146e-15
1.4355563e-09
-7.6436903e-15
1.5020546e-09
-7.5996836e-15
1.5644421e-09
-7.45247e-15
1.6227735e-09
-7.2134462e-15
1.6771389e-09
-6.8948168e-15
1.7276564e-09
-6.5092933e-15
1.7744668e-09
-6.0692615e-15
1.8177281e-09
-5.5861016e-15
1.8576107e-09
-5.0701761e-15
1.8942934e-09
-4.5312406e-15
1.9279598e-09
-3.9786462e-15
1.9587956e-09
-3.4211225e-15
1.9869856e-09
-2.8665154e-15
2.0127118e-09
-2.3217917e-15
2.0361514e-09
-1.7932345e-15
2.0574752e-09
-1.2865806e-15
2.076847e-09
-8.0697893e-16
2.0944217e-09
-3.588685e-16
2.1103454e-09
5.4070992e-17
2.1247545e-09
4.2888679e-16
2.1377757e-09
7.6329935e-16
2.1495259e-09
1.0557116e-15
2.1601121e-09
1.3052323e-15
2.1696324e-09
1.511652e-15
2.1781757e-09
1.6754398e-15
2.1858231e-09
1.7977882e-15
2.1926482e-09
1.8806649e-15
2.1987179e-09
1.9267839e-15
2.2040935e-09
1.9394313e-15
2.2088312e-09
1.9222667e-15
2.212983e-09
1.8791583e-15
2.2165975e-09
1.8141003e-15
2.2197203e-09
1.7311934e-15
2.2223944e-09
1.6345216e-15
2.224661e-09
1.5280025e-15
2.2265593e-09
1.4152277e-15
2.2281268e-09
1.2993925e-15
2.2293993e-09
1.1832809e-15
2.230411e-09
1.0692804e-15
2.2311943e-09
9.5937541e-16
2.2317797e-09
8.5510205e-16
2.2321959e-09
7.5752768e-16
2.2324692e-09
6.6727628e-16
2.2326239e-09
5.8459002e-16
2.232682e-09
5.0950224e-16
2.232663e-09
4.4185959e-16
2.2325845e-09
3.8139979e-16
2.2324616e-09
3.2775688e-16
2.2323073e-09
2.8046274e-16
2.2321325e-09
2.3897106e-16
2.2319464e-09
2.0269904e-16
2.2317563e-09
1.7107055e-16
2.231568e-09
1.4354649e-16
2.2313861e-09
1.1963765e-16
2.2312136e-09
9.8908892e-17
2.231053e-09
8.0978266e-17
2.2309056e-09
6.5513164e-17
2.230772e-09
5.2221703e-17
2.2306526e-09
4.0840889e-17
2.230547e-09
3.1126515e-17
2.2304546e-09
2.2849785e-17
2.2303747e-09
1.5802971e-17
2.2303063e-09
9.8097214e-18
2.2302484e-09
4.7315361e-18
2.2301999e-09
4.6473378e-19
2.2301597e-09
-3.0715982e-18
2.2301269e-09
-5.9515911e-18
2.2301004e-09
-8.2563227e-18
2.2300794e-09
-1.007954e-17
2.2300631e-09
-1.1522468e-17
2.2300507e-09
-1.2679695e-17
2.2300416e-09
-1.3623244e-17
2.2300351e-09
-1.4393319e-17
2.2300309e-09
-1.5000817e-17
2.2300283e-09
-1.5440411e-17
2.2300272e-09
-1.5707707e-17
2.2300272e-09
-1.5812123e-17
2.2300279e-09
-1.5779968e-17
2.2300293e-09
-1.5647248e-17
2.2300311e-09
-1.5446679e-17
2.2300332e-09
-1.5196968e-17
2.2300354e-09
-1.4899373e-17
2.2300378e-09
-1.4542743e-17
2.2300401e-09
-1.4113835e-17
2.2300424e-09
-1.3607714e-17
2.2300446e-09
-1.3033936e-17
2.2300467e-09
-1.2416898e-17
2.2300487e-09
-1.1791086e-17
2.2300505e-09
-1.1193024e-17
2.2300523e-09
-1.0652079e-17
2.2300538e-09
-1.018243e-17
2.2300552e-09
-9.7788651e-18
2.2300565e-09
-9.4187624e-18
2.2300577e-09
-9.070915e-18
2.2300587e-09
-8.7087874e-18
2.2300597e-09
-8.3227177e-18
2.2300605e-09
-7.924674e-18
2.2300613e-09
-7.5417893e-18
2.2300619e-09
-7.2009933e-18
2.2300625e-09
-6.9132566e-18
2.230063e-09
-6.6676048e-18
2.2300634e-09
-6.4393794e-18
2.2300638e-09
-6.2070059e-18
2.2300641e-09
-5.9646755e-18
2.2300644e-09
-5.7214192e-18
2.2300647e-09
-5.4884682e-18
2.2300649e-09
-5.2669146e-18
2.2300651e-09
-5.0470167e-18
2.2300652e-09
-4.8193177e-18
2.2300654e-09
-4.5858799e-18
2.2300655e-09
-4.3585844e-18
2.2300656e-09
-4.1431598e-18
2.2300657e-09
-3.9232853e-18
2.2300657e-09
-3.6642733e-18
2.2300658e-09
-3.3418433e-18
2.2300658e-09
-2.9756554e-18
2.2300659e-09
-2.6328055e-18
2.2300659e-09
-2.3843141e-18
2.2300659e-09
-2.2417517e-18
2.230066e-09
-2.1330349e-18
2.230066e-09
-1.9546862e-18
2.230066e-09
-1.6668619e-18
2.230066e-09
-1.3412545e-18
2.230066e-09
-1.1006189e-18
2.230066e-09
-9.9632944e-19
2.230066e-09
-9.5168332e-19
2.230066e-09
-8.4617796e-19
2.230066e-09
-6.5851054e-19
2.230066e-09
-4.9897588e-19
2.2300661e-09
-4.7623989e-19
2.2300661e-09
-5.5216306e-19
2.2300661e-09
-5.775305e-19
2.2300661e-09
-4.8342319e-19
2.2300661e-09
-3.8336533e-19
2.2300661e-09
-4.2941986e-19
2.2300661e-09
-5.9206959e-19
2.2300661e-09
-6.7235467e-19
2.2300661e-09
-5.6597335e-19
2.2300661e-09
-4.2481539e-19
2.2300661e-09
-4.5320131e-19
2.2300661e-09
-5.9888787e-19
2.2300662e-09
-6.1330519e-19
2.2300662e-09
-4.3313517e-19
2.2300662e-09
-2.8846312e-19
2.2300662e-09
-3.2143917e-19
2.2300662e-09
-3.3533212e-19
2.2300663e-09
-1.4794636e-19
2.2300663e-09
4.5592161e-20
2.2300663e-09
6.7631606e-21
2.2300664e-09
-8.7651806e-20
2.2300664e-09
2.0696045e-20
2.2300665e-09
1.4091452e-19
2.2300665e-09
5.9268957e-21
2.2300666e-09
-1.5835514e-19
2.2300667e-09
-9.8561089e-20
2.2300667e-09
-8.0784019e-20
2.2300668e-09
-2.72167e-19
2.2300669e-09
-3.2638554e-19
2.230067e-09
-2.1158716e-19
2.2300672e-09
-3.4564423e-19
2.2300673e-09
-5.9422355e-19
2.2300674e-09
-5.8952503e-19
2.2300676e-09
-6.4766843e-19
2.2300678e-09
-8.815725e-19
2.230068e-09
-9.1802715e-19
2.2300683e-09
-9.8751194e-19
2.2300685e-09
-1.1023252e-18
2.2300688e-09
-1.2075946e-18
2.2300692e-09
-1.4083039e-18
2.2300695e-09
-1.5340266e-18
2.23007e-09
-1.7397356e-18
2.2300704e-09
-1.8329297e-18
2.2300709e-09
-1.9318391e-18
2.2300714e-09
-2.0685256e-18
2.230072e-09
-2.2028133e-18
2.2300726e-09
-2.4127431e-18
2.2300733e-09
-2.6193961e-18
2.230074e-09
-2.7255617e-18
2.2300747e-09
-2.8123414e-18
2.2300755e-09
-2.8423892e-18
2.2300762e-09
-2.8457292e-18
2.230077e-09
-2.8645887e-18
2.2300777e-09
-2.8599881e-18
2.2300783e-09
-2.8116616e-18
-2.6975931e-18
1.6590409e-09
7.6254509e-12
1.6363746e-09
2.2665516e-11
1.597999e-09
3.8374278e-11
1.5421819e-09
5.5815163e-11
1.4660111e-09
7.6168457e-11
1.3650936e-09
1.009146e-10
1.233119e-09
1.3197141e-10
1.0615618e-09
1.7155361e-10
8.4078707e-10
2.2077106e-10
5.6640499e-10
2.7437834e-10
2.5738534e-10
3.0901615e-10
1.0757313e-19
2.5738242e-10
1.1976326e-19
-1.3272276e-20
6.3693686e-20
5.6069604e-20
4.2967335e-20
2.0726112e-20
3.4085897e-20
8.8809228e-21
4.3115191e-20
-9.0298809e-21
8.5127541e-20
-4.1995758e-20
7.52776e-13
-7.5278335e-13
2.7519439e-12
-1.9998256e-12
9.6897104e-12
-6.9411799e-12
1.6281192e-11
-6.5963285e-12
1.8249055e-11
-1.9725599e-12
1.4358158e-11
3.8874589e-12
5.2117356e-12
9.1448658e-12
-7.992722e-12
1.3205003e-11
-2.4064008e-11
1.607392e-11
-4.1980363e-11
1.7920918e-11
-6.0872253e-11
1.8898182e-11
-7.9894913e-11
1.9030507e-11
-9.8031422e-11
1.8145771e-11
-1.1392725e-10
1.590636e-11
-1.2583524e-10
1.1919563e-11
-1.3167621e-10
5.853275e-12
-1.2923084e-10
-2.4327866e-12
-1.1643704e-10
-1.2781414e-11
-9.1746817e-11
-2.4678563e-11
-5.4418012e-11
-3.7318279e-11
-4.5959892e-12
-4.9812905e-11
5.6734226e-11
-6.1322634e-11
1.2817548e-10
-7.1435238e-11
2.0796966e-10
-7.9789694e-11
2.9427865e-10
-8.6305983e-11
3.8533166e-10
-9.1051424e-11
4.7950699e-10
-9.4175115e-11
5.7536976e-10
-9.5863839e-11
6.7168162e-10
-9.631413e-11
7.673941e-10
-9.5715862e-11
8.6163389e-10
-9.4244158e-11
9.5368502e-10
-9.2056377e-11
1.0429712e-09
-8.9292146e-11
1.1290391e-09
-8.6074535e-11
1.2115435e-09
-8.2511409e-11
1.2902329e-09
-7.8696826e-11
1.3649378e-09
-7.4712405e-11
1.4355587e-09
-7.06286e-11
1.5020568e-09
-6.6505728e-11
1.5644442e-09
-6.239483e-11
1.6227756e-09
-5.8338563e-11
1.6771408e-09
-5.4372091e-11
1.7276581e-09
-5.0523868e-11
1.7744684e-09
-4.6816357e-11
1.8177296e-09
-4.3266731e-11
1.857612e-09
-3.9887477e-11
1.8942944e-09
-3.6687022e-11
1.9279607e-09
-3.367027e-11
1.9587964e-09
-3.0839085e-11
1.9869863e-09
-2.8192749e-11
2.0127123e-09
-2.572837e-11
2.0361518e-09
-2.3441216e-11
2.0574755e-09
-2.1325054e-11
2.0768472e-09
-1.9372441e-11
2.0944218e-09
-1.7574975e-11
2.1103454e-09
-1.5923559e-11
2.1247545e-09
-1.4408635e-11
2.1377756e-09
-1.3020405e-11
2.1495257e-09
-1.1749044e-11
2.1601119e-09
-1.0584908e-11
2.1696321e-09
-9.5187031e-12
2.1781755e-09
-8.5416501e-12
2.1858229e-09
-7.6456146e-12
2.192648e-09
-6.8231977e-12
2.1987177e-09
-6.0678009e-12
2.2040933e-09
-5.3736481e-12
2.208831e-09
-4.7357692e-12
2.2129828e-09
-4.1499564e-12
2.2165973e-09
-3.6126887e-12
2.2197201e-09
-3.1210323e-12
2.2223942e-09
-2.672533e-12
2.2246609e-09
-2.2650984e-12
2.2265592e-09
-1.8968815e-12
2.2281266e-09
-1.5661758e-12
2.2293991e-09
-1.2713232e-12
2.2304109e-09
-1.0106391e-12
2.2311942e-09
-7.8236153e-13
2.2317796e-09
-5.8461891e-13
2.2321958e-09
-4.1541848e-13
2.2324691e-09
-2.7265265e-13
2.2326238e-09
-1.5411872e-13
2.2326819e-09
-5.7549116e-14
2.232663e-09
1.9352756e-14
2.2325845e-09
7.8870755e-14
2.2324616e-09
1.2323981e-13
2.2323073e-09
1.5460793e-13
2.2321325e-09
1.7500501e-13
2.2319464e-09
1.8631715e-13
2.2317563e-09
1.9026779e-13
2.231568e-09
1.8840541e-13
2.2313861e-09
1.8209763e-13
2.2312136e-09
1.7253125e-13
2.231053e-09
1.607173e-13
2.2309055e-09
1.4749999e-13
2.230772e-09
1.3356903e-13
2.2306526e-09
1.1947393e-13
2.230547e-09
1.0563952e-13
2.2304546e-09
9.2382092e-14
2.2303747e-09
7.9925355e-14
2.2303063e-09
6.8415592e-14
2.2302484e-09
5.793592e-14
2.2301999e-09
4.8519139e-14
2.2301597e-09
4.0159096e-14
2.2301269e-09
3.2820595e-14
2.2301004e-09
2.6447765e-14
2.2300794e-09
2.0971002e-14
2.2300631e-09
1.6312631e-14
2.2300507e-09
1.239138e-14
2.2300416e-09
9.1257946e-15
2.2300351e-09
6.4367948e-15
2.2300309e-09
4.2494454e-15
2.2300283e-09
2.4941206e-15
2.2300272e-09
1.1071821e-15
2.2300272e-09
3.1276837e-17
2.2300279e-09
-7.8462894e-16
2.2300293e-09
-1.3854173e-15
2.2300311e-09
-1.810154e-15
2.2300332e-09
-2.0924865e-15
2.2300354e-09
-2.2611196e-15
2.2300378e-09
-2.3403192e-15
2.2300401e-09
-2.3504168e-15
2.2300424e-09
-2.3082976e-15
2.2300446e-09
-2.2278548e-15
2.2300467e-09
-2.1204019e-15
2.2300487e-09
-1.9950468e-15
2.2300505e-09
-1.8590239e-15
2.2300523e-09
-1.7179861e-15
2.2300538e-09
-1.5762648e-15
2.2300552e-09
-1.4370968e-15
2.2300565e-09
-1.3028238e-15
2.2300577e-09
-1.1750704e-15
2.2300588e-09
-1.0548993e-15
2.2300597e-09
-9.4294191e-16
2.2300605e-09
-8.3950322e-16
2.2300613e-09
-7.4463865e-16
2.2300619e-09
-6.5820573e-16
2.2300625e-09
-5.7990505e-16
2.230063e-09
-5.0931953e-16
2.2300634e-09
-4.4595776e-16
2.2300638e-09
-3.8929876e-16
2.2300641e-09
-3.3882483e-16
2.2300644e-09
-2.9403452e-16
2.2300647e-09
-2.5444077e-16
2.2300649e-09
-2.1956513e-16
2.2300651e-09
-1.8893978e-16
2.2300652e-09
-1.621207e-16
2.2300654e-09
-1.387016e-16
2.2300655e-09
-1.1831624e-16
2.2300656e-09
-1.0062822e-16
2.2300657e-09
-8.5317895e-17
2.2300657e-09
-7.2083292e-17
2.2300658e-09
-6.0661881e-17
2.2300658e-09
-5.0854077e-17
2.2300659e-09
-4.2517767e-17
2.2300659e-09
-3.5523373e-17
2.2300659e-09
-2.9698403e-17
2.230066e-09
-2.4816519e-17
2.230066e-09
-2.0659e-17
2.230066e-09
-1.7102905e-17
2.230066e-09
-1.4145836e-17
2.230066e-09
-1.1824207e-17
2.230066e-09
-1.009143e-17
2.230066e-09
-8.7853867e-18
2.230066e-09
-7.7358425e-18
2.230066e-09
-6.8995155e-18
2.230066e-09
-6.3584699e-18
2.2300661e-09
-6.1692209e-18
2.2300661e-09
-6.2421591e-18
2.2300661e-09
-6.4147061e-18
2.2300661e-09
-6.6405051e-18
2.2300661e-09
-7.0432465e-18
2.2300661e-09
-7.7384597e-18
2.2300661e-09
-8.6466226e-18
2.2300661e-09
-9.5716299e-18
2.2300661e-09
-1.0472767e-17
2.2300661e-09
-1.154896e-17
2.2300661e-09
-1.2969585e-17
2.2300661e-09
-1.4618159e-17
2.2300662e-09
-1.6266456e-17
2.2300662e-09
-1.7954442e-17
2.2300662e-09
-1.9963086e-17
2.2300662e-09
-2.2382944e-17
2.2300662e-09
-2.5006332e-17
2.2300663e-09
-2.7776917e-17
2.2300663e-09
-3.0999877e-17
2.2300663e-09
-3.4861796e-17
2.2300664e-09
-3.9136134e-17
2.2300664e-09
-4.3714468e-17
2.2300665e-09
-4.8961631e-17
2.2300665e-09
-5.5115278e-17
2.2300666e-09
-6.1929242e-17
2.2300667e-09
-6.9369779e-17
2.2300667e-09
-7.7873082e-17
2.2300668e-09
-8.7543429e-17
2.2300669e-09
-9.8157029e-17
2.230067e-09
-1.1002766e-16
2.2300672e-09
-1.2360929e-16
2.2300673e-09
-1.3876277e-16
2.2300674e-09
-1.554613e-16
2.2300676e-09
-1.7412412e-16
2.2300678e-09
-1.9489209e-16
2.230068e-09
-2.1777581e-16
2.2300683e-09
-2.4313736e-16
2.2300685e-09
-2.7101795e-16
2.2300688e-09
-3.0157956e-16
2.2300692e-09
-3.34866e-16
2.2300695e-09
-3.707478e-16
2.23007e-09
-4.0930354e-16
2.2300704e-09
-4.5013351e-16
2.2300709e-09
-4.9308618e-16
2.2300714e-09
-5.3755067e-16
2.230072e-09
-5.8256124e-16
2.2300726e-09
-6.2692072e-16
2.2300733e-09
-6.6891784e-16
2.230074e-09
-7.0623756e-16
2.2300747e-09
-7.3623357e-16
2.2300755e-09
-7.5522863e-16
2.2300762e-09
-7.5959257e-16
2.230077e-09
-7.4188671e-16
2.2300777e-09
-7.0489083e-16
2.2300783e-09
-6.1402287e-16
-5.5216023e-16
1.6595693e-09
1.4722819e-11
1.6384487e-09
4.3786113e-11
1.6027084e-09
7.4114613e-11
1.5508258e-09
1.0769772e-10
1.4802541e-09
1.4674013e-10
1.3871467e-09
1.9402201e-10
1.2658638e-09
2.5325435e-10
1.1082223e-09
3.2919505e-10
9.0299408e-10
4.2599932e-10
6.3966178e-10
5.3771064e-10
3.2623749e-10
6.2244045e-10
4.0338e-13
5.8321645e-10
2.0939396e-19
4.0337979e-13
2.854858e-20
2.369504e-19
3.1525972e-20
1.7942461e-20
1.6995306e-20
2.4129169e-20
1.4673193e-20
-5.9603553e-21
1.2953317e-14
-1.2953348e-14
5.4334922e-12
-6.1733222e-12
1.194883e-11
-8.5151639e-12
2.4227394e-11
-1.9219744e-11
3.2243004e-11
-1.4611938e-11
3.436213e-11
-4.0916859e-12
3.0875537e-11
7.3740518e-12
2.2909245e-11
1.7111158e-11
1.1717023e-11
2.4397225e-11
-1.6175612e-12
2.9408504e-11
-1.6210299e-11
3.2513656e-11
-3.1323406e-11
3.401129e-11
-4.6240049e-11
3.394715e-11
-6.0057834e-11
3.1963555e-11
-7.1514779e-11
2.7363305e-11
-7.8945072e-11
1.9349855e-11
-8.0338676e-11
7.2468791e-12
-7.3538923e-11
-9.2325393e-12
-5.6529978e-11
-2.9790359e-11
-2.7840634e-11
-5.3367907e-11
1.3134904e-11
-7.8293817e-11
6.6064971e-11
-1.0274297e-10
1.2992786e-10
-1.2518552e-10
2.0311795e-10
-1.4462532e-10
2.8386143e-10
-1.6053318e-10
3.7035376e-10
-1.7279831e-10
4.6089391e-10
-1.8159158e-10
5.5395284e-10
-1.8723404e-10
6.4819601e-10
-1.9010701e-10
7.4248265e-10
-1.9060077e-10
8.3585284e-10
-1.8908605e-10
9.2751009e-10
-1.8590141e-10
1.016804e-09
-1.8135031e-10
1.1032139e-09
-1.7570204e-10
1.186333e-09
-1.691936e-10
1.2658543e-09
-1.6203272e-10
1.3415583e-09
-1.5440084e-10
1.4133015e-09
-1.4645558e-10
1.4810059e-09
-1.3833299e-10
1.5446497e-09
-1.3014951e-10
1.6042586e-09
-1.2200376e-10
1.6598982e-09
-1.139782e-10
1.7116668e-09
-1.0614068e-10
1.7596889e-09
-9.8545969e-11
1.8041097e-09
-9.1237091e-11
1.8450897e-09
-8.4246768e-11
1.8828008e-09
-7.7598589e-11
1.917422e-09
-7.1308237e-11
1.9491363e-09
-6.5384549e-11
1.9781277e-09
-5.9830456e-11
2.0045788e-09
-5.4643894e-11
2.028669e-09
-4.9818578e-11
2.0505725e-09
-4.5344672e-11
2.0704569e-09
-4.1209438e-11
2.0884822e-09
-3.7397801e-11
2.1048001e-09
-3.389284e-11
2.1195528e-09
-3.0676303e-11
2.1328732e-09
-2.7729059e-11
2.1448844e-09
-2.5031527e-11
2.1556994e-09
-2.2564107e-11
2.1654221e-09
-2.0307568e-11
2.1741468e-09
-1.8243395e-11
2.1819592e-09
-1.635411e-11
2.1889372e-09
-1.4623525e-11
2.1951509e-09
-1.3036924e-11
2.2006643e-09
-1.1581189e-11
2.2055355e-09
-1.024484e-11
2.2098177e-09
-9.0180049e-12
2.2135601e-09
-7.8923293e-12
2.2168082e-09
-6.8608242e-12
2.2196048e-09
-5.9176705e-12
2.2219903e-09
-5.0580036e-12
2.2240029e-09
-4.2776818e-12
2.2256791e-09
-3.5730568e-12
2.2270537e-09
-2.9407684e-12
2.2281599e-09
-2.377563e-12
2.2290294e-09
-1.8801484e-12
2.2296921e-09
-1.4450924e-12
2.2301763e-09
-1.0687598e-12
2.2305082e-09
-7.4728749e-13
2.2307121e-09
-4.765957e-13
2.2308104e-09
-2.524248e-13
2.2308232e-09
-7.039247e-14
2.2307687e-09
7.3937464e-14
2.2306626e-09
1.8497469e-13
2.2305188e-09
2.6703356e-13
2.2303491e-09
3.2425876e-13
2.2301636e-09
3.6056551e-13
2.2299703e-09
3.7958982e-13
2.2297759e-09
3.8465199e-13
2.2295856e-09
3.7873291e-13
2.2294032e-09
3.644627e-13
2.2292316e-09
3.4412108e-13
2.2290727e-09
3.1964722e-13
2.2289275e-09
2.9265742e-13
2.2287966e-09
2.6446908e-13
2.22868e-09
2.3612863e-13
2.2285772e-09
2.0844179e-13
2.2284875e-09
1.8200497e-13
2.2284102e-09
1.5723623e-13
2.2283442e-09
1.3440472e-13
2.2282885e-09
1.1365839e-13
2.228242e-09
9.5048801e-14
2.2282036e-09
7.8553227e-14
2.2281723e-09
6.409378e-14
2.2281472e-09
5.1553608e-14
2.2281274e-09
4.0790275e-14
2.2281121e-09
3.1646671e-14
2.2281005e-09
2.395957e-14
2.2280921e-09
1.7566175e-14
2.2280862e-09
1.2308966e-14
2.2280824e-09
8.0390682e-15
2.2280803e-09
4.6184473e-15
2.2280795e-09
1.9211718e-15
2.2280797e-09
-1.6607208e-16
2.2280806e-09
-1.7439441e-15
2.2280821e-09
-2.900858e-15
2.228084e-09
-3.7136885e-15
2.2280862e-09
-4.2485877e-15
2.2280885e-09
-4.5619505e-15
2.2280909e-09
-4.7014178e-15
2.2280932e-09
-4.7068706e-15
2.2280955e-09
-4.6113897e-15
2.2280977e-09
-4.4421504e-15
2.2280998e-09
-4.221238e-15
2.2281018e-09
-3.9663932e-15
2.2281036e-09
-3.6916762e-15
2.2281053e-09
-3.4080528e-15
2.2281069e-09
-3.1239147e-15
2.2281083e-09
-2.8455297e-15
2.2281096e-09
-2.5774311e-15
2.2281107e-09
-2.322758e-15
2.2281117e-09
-2.083548e-15
2.2281126e-09
-1.8609812e-15
2.2281135e-09
-1.6555831e-15
2.2281142e-09
-1.4673805e-15
2.2281148e-09
-1.2960183e-15
2.2281154e-09
-1.1408539e-15
2.2281159e-09
-1.0010408e-15
2.2281163e-09
-8.7560565e-16
2.2281167e-09
-7.6351949e-16
2.228117e-09
-6.6374882e-16
2.2281173e-09
-5.7528011e-16
2.2281175e-09
-4.9712674e-16
2.2281177e-09
-4.2832886e-16
2.2281179e-09
-3.6795887e-16
2.2281181e-09
-3.1513872e-16
2.2281182e-09
-2.6905823e-16
2.2281183e-09
-2.2898139e-16
2.2281184e-09
-1.9423938e-16
2.2281185e-09
-1.6421719e-16
2.2281186e-09
-1.3834954e-16
2.2281186e-09
-1.1613532e-16
2.2281187e-09
-9.7152787e-17
2.2281187e-09
-8.1047909e-17
2.2281187e-09
-6.7491351e-17
2.2281187e-09
-5.6133259e-17
2.2281188e-09
-4.6604988e-17
2.2281188e-09
-3.8585248e-17
2.2281188e-09
-3.1874807e-17
2.2281188e-09
-2.6394472e-17
2.2281188e-09
-2.208543e-17
2.2281188e-09
-1.8796609e-17
2.2281188e-09
-1.6282121e-17
2.2281188e-09
-1.4328674e-17
2.2281189e-09
-1.287472e-17
2.2281189e-09
-1.1972914e-17
2.2281189e-09
-1.1628593e-17
2.2281189e-09
-1.1708711e-17
2.2281189e-09
-1.2045906e-17
2.2281189e-09
-1.2614509e-17
2.2281189e-09
-1.3536518e-17
2.2281189e-09
-1.4882927e-17
2.2281189e-09
-1.6531097e-17
2.2281189e-09
-1.8301471e-17
2.2281189e-09
-2.0216705e-17
2.2281189e-09
-2.2502956e-17
2.2281189e-09
-2.5279202e-17
2.228119e-09
-2.8378878e-17
2.228119e-09
-3.1623306e-17
2.228119e-09
-3.5158974e-17
2.228119e-09
-3.9291807e-17
2.228119e-09
-4.4053003e-17
2.2281191e-09
-4.9250959e-17
2.2281191e-09
-5.4962024e-17
2.2281191e-09
-6.155874e-17
2.2281192e-09
-6.9155643e-17
2.2281192e-09
-7.7527178e-17
2.2281192e-09
-8.6745862e-17
2.2281193e-09
-9.7295044e-17
2.2281193e-09
-1.0934666e-16
2.2281194e-09
-1.2268666e-16
2.2281195e-09
-1.3752489e-16
2.2281195e-09
-1.5442185e-16
2.2281196e-09
-1.7343439e-16
2.2281197e-09
-1.9451119e-16
2.2281198e-09
-2.1824753e-16
2.22812e-09
-2.4507339e-16
2.2281201e-09
-2.7490135e-16
2.2281202e-09
-3.0809612e-16
2.2281204e-09
-3.4518181e-16
2.2281206e-09
-3.8630798e-16
2.2281208e-09
-4.3186729e-16
2.2281211e-09
-4.8235369e-16
2.2281213e-09
-5.3784595e-16
2.2281216e-09
-5.9868566e-16
2.228122e-09
-6.6491415e-16
2.2281223e-09
-7.3655562e-16
2.2281227e-09
-8.136322e-16
2.2281232e-09
-8.9559114e-16
2.2281237e-09
-9.819553e-16
2.2281242e-09
-1.071531e-15
2.2281248e-09
-1.1625086e-15
2.2281254e-09
-1.2525218e-15
2.2281261e-09
-1.3383805e-15
2.2281268e-09
-1.4156869e-15
2.2281275e-09
-1.4790811e-15
2.2281283e-09
-1.5212146e-15
2.2281291e-09
-1.5347271e-15
2.2281298e-09
-1.504687e-15
2.2281306e-09
-1.4363005e-15
2.2281312e-09
-1.2603812e-15
-1.1414849e-15
1.6605521e-09
2.0837344e-11
1.6423131e-09
6.2025179e-11
1.6114891e-09
1.0493863e-10
1.5669522e-09
1.5223458e-10
1.5068741e-09
2.0681827e-10
1.4286058e-09
2.7229024e-10
1.3284759e-09
3.533843e-10
1.2015245e-09
4.561464e-10
1.0410885e-09
5.8643535e-10
8.3686099e-10
7.4193816e-10
5.7281838e-10
8.8648307e-10
2.8633398e-10
8.6970084e-10
1.7776031e-12
2.8495973e-10
5.0875896e-12
-3.3099862e-12
2.1875263e-11
-1.6787673e-11
4.4177762e-11
-2.2302499e-11
6.031988e-11
-1.6142119e-11
4.9874097e-11
1.0432831e-11
3.2042889e-11
1.1657885e-11
4.0975378e-11
-1.7447653e-11
5.5291578e-11
-3.3535943e-11
6.3358565e-11
-2.2678926e-11
6.4111463e-11
-4.8445838e-12
6.0932939e-11
1.0552576e-11
5.5306849e-11
2.2737248e-11
4.8173249e-11
3.1530825e-11
4.021413e-11
3.7367624e-11
3.2009036e-11
4.0718749e-11
2.4068602e-11
4.1951723e-11
1.6915993e-11
4.109976e-11
1.1291798e-11
3.758775e-11
8.349285e-12
3.0305819e-11
9.6575939e-12
1.8041547e-11
1.7110426e-11
-2.0595288e-13
3.2740707e-11
-2.486282e-11
5.8416639e-11
-5.5466291e-11
9.5381079e-11
-9.0332347e-11
1.4389015e-10
-1.2680289e-10
2.0322339e-10
-1.6207621e-10
2.7199093e-10
-1.9395307e-10
3.4845114e-10
-2.2108553e-10
4.3080116e-10
-2.428832e-10
5.1734178e-10
-2.5933893e-10
6.0655726e-10
-2.7080706e-10
6.9713333e-10
-2.7781011e-10
7.8795203e-10
-2.8092571e-10
8.7807349e-10
-2.8072223e-10
9.6671279e-10
-2.7772535e-10
1.0532215e-09
-2.7241012e-10
1.1370726e-09
-2.6520146e-10
1.217847e-09
-2.5647641e-10
1.2952214e-09
-2.4656798e-10
1.3689578e-09
-2.3576909e-10
1.4388932e-09
-2.2433623e-10
1.5049303e-09
-2.1249272e-10
1.5670289e-09
-2.0043162e-10
1.6251977e-09
-1.8831826e-10
1.6794866e-09
-1.7629265e-10
1.7299801e-09
-1.6447171e-10
1.7767908e-09
-1.5295142e-10
1.8200538e-09
-1.418089e-10
1.8599211e-09
-1.3110443e-10
1.8965577e-09
-1.208834e-10
1.9301372e-09
-1.1117808e-10
1.9608383e-09
-1.0200935e-10
1.988842e-09
-9.3388279e-11
2.0143291e-09
-8.5317494e-11
2.0374777e-09
-7.7792473e-11
2.0584618e-09
-7.0802684e-11
2.0774496e-09
-6.4332539e-11
2.0946025e-09
-5.8362336e-11
2.1100738e-09
-5.2869058e-11
2.124008e-09
-4.7827085e-11
2.1365407e-09
-4.3208928e-11
2.1477975e-09
-3.8985883e-11
2.1578946e-09
-3.5128644e-11
2.1669384e-09
-3.1607931e-11
2.1750259e-09
-2.8395055e-11
2.1822449e-09
-2.5462422e-11
2.1886748e-09
-2.2784003e-11
2.194387e-09
-2.0335702e-11
2.1994457e-09
-1.8095626e-11
2.2039088e-09
-1.6044266e-11
2.2078285e-09
-1.4164558e-11
2.2112523e-09
-1.2441832e-11
2.2142237e-09
-1.0863681e-11
2.2167826e-09
-9.419733e-12
2.2189663e-09
-8.1013656e-12
2.2208097e-09
-6.9013846e-12
2.2223457e-09
-5.8136856e-12
2.2236055e-09
-4.8329172e-12
2.2246189e-09
-3.9541792e-12
2.2254141e-09
-3.1727578e-12
2.2260179e-09
-2.4839122e-12
2.2264555e-09
-1.8827251e-12
2.2267508e-09
-1.3640078e-12
2.2269258e-09
-9.2226288e-13
2.2270009e-09
-5.516944e-13
2.2269947e-09
-2.4626122e-13
2.2269241e-09
2.488262e-16
2.2268039e-09
1.9411277e-13
2.2266473e-09
3.4157269e-13
2.2264656e-09
4.4872739e-13
2.2262684e-09
5.2143228e-13
2.2260638e-09
5.6521375e-13
2.2258582e-09
5.8519884e-13
2.2256567e-09
5.8606371e-13
2.2254635e-09
5.7200048e-13
2.2252812e-09
5.4670147e-13
2.225112e-09
5.133603e-13
2.224957e-09
4.746865e-13
2.2248167e-09
4.3293109e-13
2.2246912e-09
3.8992128e-13
2.2245803e-09
3.4710057e-13
2.2244831e-09
3.0557219e-13
2.224399e-09
2.6614413e-13
2.2243269e-09
2.2937327e-13
2.2242657e-09
1.9560756e-13
2.2242143e-09
1.6502534e-13
2.2241717e-09
1.376708e-13
2.2241367e-09
1.1348525e-13
2.2241085e-09
9.2334313e-14
2.224086e-09
7.4030819e-14
2.2240685e-09
5.8353684e-14
2.224055e-09
4.5063252e-14
2.2240451e-09
3.3913273e-14
2.224038e-09
2.4660022e-14
2.2240332e-09
1.7068991e-14
2.2240303e-09
1.0919509e-14
2.224029e-09
6.0076862e-15
2.2240287e-09
2.1480647e-15
2.2240294e-09
-8.2584543e-16
2.2240307e-09
-3.0615403e-15
2.2240325e-09
-4.6883713e-15
2.2240346e-09
-5.8185881e-15
2.2240369e-09
-6.5486275e-15
2.2240393e-09
-6.9605785e-15
2.2240417e-09
-7.1236835e-15
2.2240441e-09
-7.0958137e-15
2.2240464e-09
-6.9248873e-15
2.2240486e-09
-6.6501878e-15
2.2240507e-09
-6.3035675e-15
2.2240527e-09
-5.9105459e-15
2.2240545e-09
-5.4912907e-15
2.2240561e-09
-5.0614814e-15
2.2240576e-09
-4.6330736e-15
2.224059e-09
-4.2149579e-15
2.2240602e-09
-3.8135246e-15
2.2240613e-09
-3.4331557e-15
2.2240623e-09
-3.0766448e-15
2.2240632e-09
-2.745547e-15
2.224064e-09
-2.4404716e-15
2.2240647e-09
-2.1613105e-15
2.2240653e-09
-1.9074142e-15
2.2240658e-09
-1.6777369e-15
2.2240663e-09
-1.4709606e-15
2.2240667e-09
-1.2856033e-15
2.2240671e-09
-1.1201122e-15
2.2240674e-09
-9.7292924e-16
2.2240677e-09
-8.4252392e-16
2.2240679e-09
-7.2740731e-16
2.2240681e-09
-6.2613817e-16
2.2240683e-09
-5.373326e-16
2.2240684e-09
-4.5968602e-16
2.2240685e-09
-3.919952e-16
2.2240686e-09
-3.3316698e-16
2.2240687e-09
-2.8221248e-16
2.2240688e-09
-2.3823141e-16
2.2240688e-09
-2.0040158e-16
2.2240689e-09
-1.67986e-16
2.2240689e-09
-1.4034128e-16
2.224069e-09
-1.1690345e-16
2.224069e-09
-9.71509e-17
2.224069e-09
-8.057111e-17
2.2240691e-09
-6.6671394e-17
2.2240691e-09
-5.5041743e-17
2.2240691e-09
-4.5409036e-17
2.2240691e-09
-3.7608645e-17
2.2240691e-09
-3.147613e-17
2.2240691e-09
-2.6754697e-17
2.2240691e-09
-2.3124648e-17
2.2240691e-09
-2.034189e-17
2.2240691e-09
-1.8331887e-17
2.2240691e-09
-1.7117834e-17
2.2240691e-09
-1.6657477e-17
2.2240691e-09
-1.6783419e-17
2.2240692e-09
-1.7327806e-17
2.2240692e-09
-1.8276523e-17
2.2240692e-09
-1.9734253e-17
2.2240692e-09
-2.1723022e-17
2.2240692e-09
-2.4090986e-17
2.2240692e-09
-2.6691987e-17
2.2240692e-09
-2.9609002e-17
2.2240692e-09
-3.3073388e-17
2.2240692e-09
-3.7143181e-17
2.2240692e-09
-4.1624104e-17
2.2240692e-09
-4.6415773e-17
2.2240693e-09
-5.1764173e-17
2.2240693e-09
-5.7968433e-17
2.2240693e-09
-6.4995349e-17
2.2240693e-09
-7.2693822e-17
2.2240694e-09
-8.1269626e-17
2.2240694e-09
-9.1125346e-17
2.2240694e-09
-1.0230473e-16
2.2240695e-09
-1.1463223e-16
2.2240695e-09
-1.2836123e-16
2.2240695e-09
-1.4403347e-16
2.2240696e-09
-1.6176001e-16
2.2240697e-09
-1.8143278e-16
2.2240697e-09
-2.0348903e-16
2.2240698e-09
-2.2852992e-16
2.2240699e-09
-2.5660388e-16
2.22407e-09
-2.8789026e-16
2.2240701e-09
-3.2317155e-16
2.2240702e-09
-3.6285133e-16
2.2240703e-09
-4.0698934e-16
2.2240705e-09
-4.562751e-16
2.2240706e-09
-5.1136803e-16
2.2240708e-09
-5.7252011e-16
2.224071e-09
-6.403791e-16
2.2240713e-09
-7.1553521e-16
2.2240715e-09
-7.982344e-16
2.2240718e-09
-8.8901448e-16
2.2240721e-09
-9.8801841e-16
2.2240725e-09
-1.0954717e-15
2.2240729e-09
-1.2113549e-15
2.2240733e-09
-1.3350322e-15
2.2240738e-09
-1.4657277e-15
2.2240743e-09
-1.6018303e-15
2.2240749e-09
-1.740913e-15
2.2240756e-09
-1.8796597e-15
2.2240762e-09
-2.0135686e-15
2.224077e-09
-2.1362953e-15
2.2240777e-09
-2.2398471e-15
2.2240785e-09
-2.3133198e-15
2.2240793e-09
-2.3456621e-15
2.2240801e-09
-2.3145082e-15
2.2240809e-09
-2.2265433e-15
2.2240816e-09
-1.9782472e-15
-1.8126098e-15
1.6618571e-09
2.5646895e-11
1.6474557e-09
7.6426638e-11
1.6231721e-09
1.2922223e-10
1.5883634e-09
1.8704319e-10
1.542082e-09
2.5309971e-10
1.4831525e-09
3.3121974e-10
1.4103376e-09
4.2619925e-10
1.322651e-09
5.4383293e-10
1.219764e-09
6.8932233e-10
1.10235e-09
8.5935218e-10
9.716783e-10
1.0171548e-09
8.0157082e-10
1.0398083e-09
3.9187599e-10
6.9465455e-10
1.3004585e-10
2.5852016e-10
6.1002867e-11
5.2255305e-11
4.7347129e-11
-8.6467609e-12
5.2464789e-11
-2.1259779e-11
8.1995316e-11
-1.9097696e-11
1.0934232e-10
-1.5689121e-11
1.1371879e-10
-2.1824122e-11
1.0637806e-10
-2.6195212e-11
1.013395e-10
-1.7640365e-11
9.918753e-11
-2.6926141e-12
9.764723e-11
1.2092875e-11
9.6594184e-11
2.3790294e-11
9.6051026e-11
3.2073983e-11
9.6067136e-11
3.7351514e-11
9.685639e-11
3.9929495e-11
9.873967e-11
4.0068443e-11
1.0212929e-10
3.7710139e-11
1.077286e-10
3.1988445e-11
1.1675009e-10
2.1284321e-11
1.3077517e-10
4.0164732e-12
1.5164788e-10
-2.1078661e-11
1.812211e-10
-5.4436047e-11
2.2092551e-10
-9.5170701e-11
2.7126997e-10
-1.406768e-10
3.3162637e-10
-1.871593e-10
4.0051666e-10
-2.309665e-10
4.7611633e-10
-2.6955273e-10
5.5659037e-10
-3.0155957e-10
6.4029983e-10
-3.2659266e-10
7.2588293e-10
-3.4492203e-10
8.1222287e-10
-3.57147e-10
8.9839083e-10
-3.6397807e-10
9.8360809e-10
-3.6614297e-10
1.0672186e-09
-3.6433272e-10
1.1486742e-09
-3.5918096e-10
1.2275226e-09
-3.5125851e-10
1.3033967e-09
-3.4107559e-10
1.3760072e-09
-3.290869e-10
1.445136e-09
-3.1569674e-10
1.5106301e-09
-3.0126322e-10
1.5723957e-09
-2.8610184e-10
1.6303915e-09
-2.7048856e-10
1.6846226e-09
-2.5466263e-10
1.7351335e-09
-2.3882923e-10
1.7820029e-09
-2.2316207e-10
1.8253372e-09
-2.0780597e-10
1.8652652e-09
-1.9287938e-10
1.9019332e-09
-1.7847696e-10
1.9355008e-09
-1.6467202e-10
1.9661365e-09
-1.5151909e-10
1.9940145e-09
-1.3905607e-10
2.0193117e-09
-1.2730652e-10
2.0422051e-09
-1.1628168e-10
2.0628697e-09
-1.0598214e-10
2.0814768e-09
-9.6399603e-11
2.0981924e-09
-8.7518266e-11
2.1131759e-09
-7.9316039e-11
2.1265793e-09
-7.1765732e-11
2.1385463e-09
-6.4836058e-11
2.1492118e-09
-5.849253e-11
2.1587012e-09
-5.2698374e-11
2.1671307e-09
-4.7415361e-11
2.1746066e-09
-4.2604581e-11
2.1812259e-09
-3.8227244e-11
2.1870763e-09
-3.4245402e-11
2.1922365e-09
-3.0622593e-11
2.1967769e-09
-2.7324453e-11
2.2007604e-09
-2.4319188e-11
2.2042427e-09
-2.1577924e-11
2.2072734e-09
-1.9074939e-11
2.2098965e-09
-1.6787744e-11
2.2121517e-09
-1.4697015e-11
2.2140745e-09
-1.2786416e-11
2.215697e-09
-1.104231e-11
2.2170491e-09
-9.4533783e-12
2.2181579e-09
-8.0102112e-12
2.2190491e-09
-6.7048638e-12
2.2197466e-09
-5.5304217e-12
2.220273e-09
-4.480609e-12
2.2206497e-09
-3.5494449e-12
2.2208967e-09
-2.730967e-12
2.221033e-09
-2.0190347e-12
2.2210762e-09
-1.4072033e-12
2.2210426e-09
-8.8866992e-13
2.2209472e-09
-4.5628088e-13
2.2208036e-09
-1.0259542e-13
2.2206238e-09
1.8003072e-13
2.2204186e-09
3.9930554e-13
2.2201973e-09
5.6289397e-13
2.2199677e-09
6.7827263e-13
2.2197365e-09
7.5261219e-13
2.2195091e-09
7.9267139e-13
2.2192896e-09
8.0471082e-13
2.2190812e-09
7.9443008e-13
2.2188863e-09
7.6692763e-13
2.2187063e-09
7.2668227e-13
2.2185421e-09
6.7755557e-13
2.218394e-09
6.2281087e-13
2.2182618e-09
5.6514592e-13
2.218145e-09
5.0673669e-13
2.2180428e-09
4.4928783e-13
2.2179542e-09
3.9408694e-13
2.2178783e-09
3.4206089e-13
2.2178139e-09
2.9383078e-13
2.2177597e-09
2.4976433e-13
2.2177147e-09
2.1002467e-13
2.2176778e-09
1.7461417e-13
2.2176478e-09
1.4341307e-13
2.217624e-09
1.1621294e-13
2.2176053e-09
9.2744743e-14
2.2175909e-09
7.270193e-14
2.2175802e-09
5.5759094e-14
2.2175725e-09
4.1586446e-14
2.2175673e-09
2.9860746e-14
2.2175641e-09
2.0273246e-14
2.2175625e-09
1.2535069e-14
2.2175621e-09
6.380545e-15
2.2175627e-09
1.5689683e-15
2.217564e-09
-2.1150759e-15
2.2175658e-09
-4.8617459e-15
2.217568e-09
-6.8374747e-15
2.2175703e-09
-8.1862938e-15
2.2175728e-09
-9.0316712e-15
2.2175753e-09
-9.4784779e-15
2.2175778e-09
-9.6149819e-15
2.2175802e-09
-9.5147889e-15
2.2175826e-09
-9.2386965e-15
2.2175847e-09
-8.8364123e-15
2.2175868e-09
-8.3481176e-15
2.2175887e-09
-7.8058958e-15
2.2175904e-09
-7.2350028e-15
2.217592e-09
-6.6549837e-15
2.2175935e-09
-6.0806572e-15
2.2175948e-09
-5.522961e-15
2.217596e-09
-4.9896729e-15
2.217597e-09
-4.4860393e-15
2.2175979e-09
-4.0153073e-15
2.2175988e-09
-3.5791683e-15
2.2175995e-09
-3.1781283e-15
2.2176002e-09
-2.8117998e-15
2.2176007e-09
-2.4791296e-15
2.2176012e-09
-2.1785901e-15
2.2176017e-09
-1.9083394e-15
2.2176021e-09
-1.6663537e-15
2.2176024e-09
-1.4505371e-15
2.2176027e-09
-1.2587953e-15
2.2176029e-09
-1.089075e-15
2.2176031e-09
-9.3938541e-16
2.2176033e-09
-8.0780988e-16
2.2176035e-09
-6.9251922e-16
2.2176036e-09
-5.9179665e-16
2.2176037e-09
-5.0406214e-16
2.2176038e-09
-4.2788223e-16
2.2176039e-09
-3.6196403e-16
2.217604e-09
-3.051352e-16
2.217604e-09
-2.5632583e-16
2.2176041e-09
-2.1456854e-16
2.2176041e-09
-1.7900341e-16
2.2176041e-09
-1.4886608e-16
2.2176042e-09
-1.2345962e-16
2.2176042e-09
-1.0213073e-16
2.2176042e-09
-8.4282008e-17
2.2176042e-09
-6.9423295e-17
2.2176042e-09
-5.7203166e-17
2.2176042e-09
-4.7361105e-17
2.2176042e-09
-3.9622492e-17
2.2176042e-09
-3.3633269e-17
2.2176042e-09
-2.9017117e-17
2.2176043e-09
-2.5513893e-17
2.2176043e-09
-2.3042426e-17
2.2176043e-09
-2.1598841e-17
2.2176043e-09
-2.1097448e-17
2.2176043e-09
-2.1339111e-17
2.2176043e-09
-2.214873e-17
2.2176043e-09
-2.3508885e-17
2.2176043e-09
-2.5497998e-17
2.2176043e-09
-2.8098522e-17
2.2176043e-09
-3.1151822e-17
2.2176043e-09
-3.4558741e-17
2.2176043e-09
-3.8451863e-17
2.2176043e-09
-4.304609e-17
2.2176043e-09
-4.833818e-17
2.2176044e-09
-5.413224e-17
2.2176044e-09
-6.0420057e-17
2.2176044e-09
-6.7520284e-17
2.2176044e-09
-7.569288e-17
2.2176044e-09
-8.4853408e-17
2.2176044e-09
-9.4925264e-17
2.2176045e-09
-1.0623266e-16
2.2176045e-09
-1.1916935e-16
2.2176045e-09
-1.3371878e-16
2.2176046e-09
-1.4980017e-16
2.2176046e-09
-1.6783655e-16
2.2176046e-09
-1.8837636e-16
2.2176047e-09
-2.1148157e-16
2.2176047e-09
-2.3720344e-16
2.2176048e-09
-2.6617545e-16
2.2176049e-09
-2.9897671e-16
2.217605e-09
-3.3569887e-16
2.217605e-09
-3.7677677e-16
2.2176051e-09
-4.2308129e-16
2.2176053e-09
-4.7502476e-16
2.2176054e-09
-5.3294602e-16
2.2176055e-09
-5.9776663e-16
2.2176057e-09
-6.7022591e-16
2.2176059e-09
-7.5077205e-16
2.2176061e-09
-8.4025265e-16
2.2176063e-09
-9.3936831e-16
2.2176065e-09
-1.0486632e-15
2.2176068e-09
-1.1688993e-15
2.2176071e-09
-1.3004041e-15
2.2176075e-09
-1.4436133e-15
2.2176079e-09
-1.5985149e-15
2.2176083e-09
-1.7645081e-15
2.2176088e-09
-1.94069e-15
2.2176093e-09
-2.1253158e-15
2.2176099e-09
-2.3156151e-15
2.2176105e-09
-2.5075349e-15
2.2176112e-09
-2.6954503e-15
2.2176119e-09
-2.8713504e-15
2.2176127e-09
-3.0249283e-15
2.2176135e-09
-3.1420706e-15
2.2176144e-09
-3.2081489e-15
2.2176153e-09
-3.1935436e-15
2.2176161e-09
-3.104876e-15
2.217617e-09
-2.8057134e-15
-2.6108201e-15
1.6633254e-09
2.8988157e-11
1.6532585e-09
8.6493543e-11
1.6363412e-09
1.4613952e-10
1.6123871e-09
2.1099727e-10
1.5812405e-09
2.8424634e-10
1.5429549e-09
3.6950531e-10
1.4980952e-09
4.7105899e-10
1.4481338e-09
5.937943e-10
1.3954573e-09
7.4199886e-10
1.3404717e-09
9.1433774e-10
1.2680838e-09
1.0895427e-09
1.1132342e-09
1.1946579e-09
7.9988476e-10
1.008004e-09
4.4129562e-10
6.171093e-10
2.1232578e-10
2.8122514e-10
1.1537944e-10
8.8299582e-11
8.42809e-11
9.8387598e-12
8.1379441e-11
-1.6196237e-11
9.2548125e-11
-2.6857806e-11
1.0438335e-10
-3.3659344e-11
1.1164688e-10
-3.3458743e-11
1.1750662e-10
-2.3500105e-11
1.2411404e-10
-9.3000353e-12
1.3154519e-10
4.6617257e-12
1.398482e-10
1.548728e-11
1.4953654e-10
2.2385649e-11
1.6029288e-10
2.6595167e-11
1.7228948e-10
2.79329e-11
1.8594697e-10
2.6410952e-11
2.018447e-10
2.181241e-11
2.2112506e-10
1.2708079e-11
2.4557992e-10
-3.1705312e-12
2.7709521e-10
-2.749882e-11
3.1749047e-10
-6.1473925e-11
3.6800545e-10
-1.0495102e-10
4.2866723e-10
-1.5583248e-10
4.9800987e-10
-2.1001945e-10
5.7371508e-10
-2.6286451e-10
6.5354339e-10
-3.107948e-10
7.3567297e-10
-3.5168231e-10
8.1869551e-10
-3.8458212e-10
9.0161525e-10
-4.095124e-10
9.8373368e-10
-4.2704045e-10
1.0645253e-09
-4.3793868e-10
1.1435725e-09
-4.4302522e-10
1.2205136e-09
-4.4308406e-10
1.2950223e-09
-4.3884138e-10
1.3668056e-09
-4.3096432e-10
1.4356097e-09
-4.200626e-10
1.5012247e-09
-4.066906e-10
1.5634879e-09
-3.9135003e-10
1.6222837e-09
-3.7449256e-10
1.6775428e-09
-3.5652235e-10
1.7292391e-09
-3.3779818e-10
1.7773862e-09
-3.1863562e-10
1.8220327e-09
-2.9930915e-10
1.863258e-09
-2.8005455e-10
1.9011673e-09
-2.6107129e-10
1.9358865e-09
-2.4252524e-10
1.9675586e-09
-2.2455144e-10
1.9963386e-09
-2.0725698e-10
2.0223904e-09
-1.9072388e-10
2.0458834e-09
-1.7501206e-10
2.0669893e-09
-1.6016195e-10
2.08588e-09
-1.461972e-10
2.1027254e-09
-1.3312708e-10
2.1176917e-09
-1.2094851e-10
2.1309403e-09
-1.0964813e-10
2.1426259e-09
-9.920391e-11
2.1528965e-09
-8.9586601e-11
2.1618919e-09
-8.0761121e-11
2.1697435e-09
-7.2687705e-11
2.1765739e-09
-6.5322954e-11
2.1824965e-09
-5.8620891e-11
2.187615e-09
-5.2533934e-11
2.1920243e-09
-4.7013808e-11
2.1958095e-09
-4.201249e-11
2.1990472e-09
-3.748307e-11
2.2018051e-09
-3.3380528e-11
2.2041431e-09
-2.966246e-11
2.2061136e-09
-2.6289657e-11
2.2077622e-09
-2.3226521e-11
2.2091286e-09
-2.0441351e-11
2.2102473e-09
-1.7906436e-11
2.2111482e-09
-1.5597973e-11
2.2118577e-09
-1.3495858e-11
2.2123987e-09
-1.1583326e-11
2.2127918e-09
-9.8465016e-12
2.2130555e-09
-8.2738947e-12
2.2132065e-09
-6.8558697e-12
2.2132602e-09
-5.5841196e-12
2.2132308e-09
-4.451192e-12
2.2131314e-09
-3.4500741e-12
2.2129743e-09
-2.5738571e-12
2.2127708e-09
-1.8154937e-12
2.2125312e-09
-1.1676419e-12
2.2122651e-09
-6.2259284e-13
2.2119811e-09
-1.7225734e-13
2.2116868e-09
1.9174263e-13
2.2113888e-09
4.7799692e-13
2.2110929e-09
6.9517026e-13
2.210804e-09
8.518533e-13
2.2105258e-09
9.5641695e-13
2.2102616e-09
1.0168765e-12
2.2100135e-09
1.0407728e-12
2.2097831e-09
1.0350761e-12
2.2095714e-09
1.0061157e-12
2.2093788e-09
9.5953637e-13
2.2092052e-09
9.0027845e-13
2.2090502e-09
8.3258234e-13
2.208913e-09
7.6001153e-13
2.2087926e-09
6.8549102e-13
2.208688e-09
6.1135834e-13
2.2085979e-09
5.3942187e-13
2.2085209e-09
4.7102341e-13
2.2084559e-09
4.0710271e-13
2.2084015e-09
3.482604e-13
2.2083564e-09
2.9481769e-13
2.2083196e-09
2.4687181e-13
2.2082898e-09
2.0434578e-13
2.2082662e-09
1.6703196e-13
2.2082478e-09
1.3462972e-13
2.2082338e-09
1.0677698e-13
2.2082234e-09
8.3075819e-14
2.2082161e-09
6.3113252e-14
2.2082112e-09
4.6477061e-14
2.2082083e-09
3.276768e-14
2.2082069e-09
2.1606681e-14
2.2082068e-09
1.2642368e-14
2.2082076e-09
5.5530987e-15
2.2082092e-09
4.8737381e-17
2.2082112e-09
-4.1291724e-15
2.2082135e-09
-7.2080678e-15
2.2082161e-09
-9.3863476e-15
2.2082187e-09
-1.0835176e-14
2.2082214e-09
-1.1700868e-14
2.208224e-09
-1.2107357e-14
2.2082266e-09
-1.2158665e-14
2.208229e-09
-1.1941284e-14
2.2082313e-09
-1.1526431e-14
2.2082334e-09
-1.0972133e-14
2.2082354e-09
-1.0325115e-14
2.2082372e-09
-9.6225199e-15
2.2082389e-09
-8.8934387e-15
2.2082404e-09
-8.1602423e-15
2.2082417e-09
-7.4397567e-15
2.2082429e-09
-6.7442674e-15
2.208244e-09
-6.0823745e-15
2.208245e-09
-5.4597362e-15
2.2082459e-09
-4.8796952e-15
2.2082466e-09
-4.3437984e-15
2.2082473e-09
-3.8522301e-15
2.2082479e-09
-3.404157e-15
2.2082484e-09
-2.998001e-15
2.2082489e-09
-2.6316693e-15
2.2082493e-09
-2.3027419e-15
2.2082496e-09
-2.0086205e-15
2.2082499e-09
-1.7466468e-15
2.2082502e-09
-1.5141811e-15
2.2082504e-09
-1.3086474e-15
2.2082506e-09
-1.127561e-15
2.2082507e-09
-9.6854503e-16
2.2082509e-09
-8.2934426e-16
2.208251e-09
-7.0785121e-16
2.2082511e-09
-6.0213174e-16
2.2082512e-09
-5.1043472e-16
2.2082512e-09
-4.3118368e-16
2.2082513e-09
-3.6295047e-16
2.2082513e-09
-3.0442919e-16
2.2082514e-09
-2.5443246e-16
2.2082514e-09
-2.1189747e-16
2.2082514e-09
-1.758792e-16
2.2082515e-09
-1.4552963e-16
2.2082515e-09
-1.2007743e-16
2.2082515e-09
-9.8834751e-17
2.2082515e-09
-8.1233831e-17
2.2082515e-09
-6.6839006e-17
2.2082515e-09
-5.5288462e-17
2.2082515e-09
-4.620183e-17
2.2082515e-09
-3.9144714e-17
2.2082515e-09
-3.3706762e-17
2.2082516e-09
-2.9629318e-17
2.2082516e-09
-2.6831674e-17
2.2082516e-09
-2.5281711e-17
2.2082516e-09
-2.4844755e-17
2.2082516e-09
-2.5281413e-17
2.2082516e-09
-2.6399923e-17
2.2082516e-09
-2.8175535e-17
2.2082516e-09
-3.0668373e-17
2.2082516e-09
-3.3840457e-17
2.2082516e-09
-3.7545111e-17
2.2082516e-09
-4.1732922e-17
2.2082516e-09
-4.6569581e-17
2.2082516e-09
-5.2236727e-17
2.2082516e-09
-5.8674469e-17
2.2082516e-09
-6.5703867e-17
2.2082517e-09
-7.3407756e-17
2.2082517e-09
-8.2148974e-17
2.2082517e-09
-9.2134367e-17
2.2082517e-09
-1.0325481e-16
2.2082517e-09
-1.1552937e-16
2.2082517e-09
-1.2937415e-16
2.2082518e-09
-1.4514963e-16
2.2082518e-09
-1.6281135e-16
2.2082518e-09
-1.8240377e-16
2.2082519e-09
-2.0448003e-16
2.2082519e-09
-2.2954906e-16
2.208252e-09
-2.5765247e-16
2.208252e-09
-2.8903666e-16
2.2082521e-09
-3.2448607e-16
2.2082521e-09
-3.6452042e-16
2.2082522e-09
-4.0932419e-16
2.2082523e-09
-4.595924e-16
2.2082524e-09
-5.1623092e-16
2.2082525e-09
-5.7970316e-16
2.2082526e-09
-6.5067485e-16
2.2082527e-09
-7.3022739e-16
2.2082529e-09
-8.1914507e-16
2.2082531e-09
-9.1813233e-16
2.2082532e-09
-1.0282512e-15
2.2082535e-09
-1.1503735e-15
2.2082537e-09
-1.2854128e-15
2.208254e-09
-1.4343791e-15
2.2082543e-09
-1.5978294e-15
2.2082546e-09
-1.776406e-15
2.208255e-09
-1.970262e-15
2.2082554e-09
-2.1790764e-15
2.2082558e-09
-2.4020643e-15
2.2082563e-09
-2.6375925e-15
2.2082569e-09
-2.8828012e-15
2.2082575e-09
-3.1331944e-15
2.2082582e-09
-3.3823835e-15
2.208259e-09
-3.6212179e-15
2.2082598e-09
-3.8376767e-15
2.2082607e-09
-4.0149881e-15
2.2082616e-09
-4.1350764e-15
2.2082626e-09
-4.161563e-15
2.2082635e-09
-4.0990009e-15
2.2082645e-09
-3.7818956e-15
-3.5842984e-15
1.6648084e-09
3.084643e-11
1.6591401e-09
9.2161815e-11
1.6496724e-09
1.5560723e-10
1.6365745e-09
2.2409514e-10
1.620275e-09
3.0054589e-10
1.6016626e-09
3.8811772e-10
1.5823954e-09
4.9032617e-10
1.565246e-09
6.1094373e-10
1.5540136e-09
7.5323123e-10
1.55123e-09
9.1712137e-10
1.5502884e-09
1.0904843e-09
1.5138812e-09
1.2310651e-09
1.3251084e-09
1.1967768e-09
9.7334428e-10
9.6887341e-10
6.0458348e-10
6.4998594e-10
3.3806468e-10
3.5481838e-10
1.9575509e-10
1.5214835e-10
1.3417451e-10
4.5384348e-11
1.1073973e-10
-3.4230238e-12
1.039214e-10
-2.6841015e-11
1.0811654e-10
-3.7653884e-11
1.2129447e-10
-3.6678039e-11
1.4005294e-10
-2.8058501e-11
1.6104657e-10
-1.633191e-11
1.8313106e-10
-6.5972089e-12
2.0652163e-10
-1.0049149e-12
2.3091332e-10
2.2034799e-12
2.5692113e-10
1.9250816e-12
2.853982e-10
-2.0661144e-12
3.1777968e-10
-1.0569071e-11
3.5703204e-10
-2.6544284e-11
4.052578e-10
-5.1396289e-11
4.6376398e-10
-8.6004996e-11
5.3284834e-10
-1.3055829e-10
6.1141904e-10
-1.8352172e-10
6.9674726e-10
-2.411607e-10
7.8526834e-10
-2.9854053e-10
8.7388375e-10
-3.5147992e-10
9.605352e-10
-3.9744626e-10
1.0441526e-09
-4.3529974e-10
1.1244942e-09
-4.6492364e-10
1.2017055e-09
-4.8672376e-10
1.2759775e-09
-5.0131245e-10
1.3474227e-09
-5.0938386e-10
1.4160596e-09
-5.1166213e-10
1.4818396e-09
-5.08864e-10
1.5446767e-09
-5.0167851e-10
1.6044711e-09
-4.9075874e-10
1.6611262e-09
-4.7671764e-10
1.7145608e-09
-4.6012523e-10
1.7647177e-09
-4.4150693e-10
1.8115678e-09
-4.2134271e-10
1.8551123e-09
-4.0006676e-10
1.8953818e-09
-3.7806771e-10
1.9324354e-09
-3.5568921e-10
1.9663574e-09
-3.3323116e-10
1.9972542e-09
-3.1095135e-10
2.0252506e-09
-2.8906766e-10
2.0504859e-09
-2.6776058e-10
2.0731106e-09
-2.4717618e-10
2.0932829e-09
-2.2742919e-10
2.1111652e-09
-2.0860626e-10
2.1269224e-09
-1.9076925e-10
2.1407188e-09
-1.739583e-10
2.1527164e-09
-1.5819486e-10
2.1630738e-09
-1.4348442e-10
2.1719442e-09
-1.298189e-10
2.1794749e-09
-1.1717888e-10
2.1858065e-09
-1.0553548e-10
2.1910719e-09
-9.4851964e-11
2.195396e-09
-8.5085227e-11
2.1988953e-09
-7.6187096e-11
2.2016779e-09
-6.8105464e-11
2.2038424e-09
-6.0785466e-11
2.205479e-09
-5.4170548e-11
2.2066687e-09
-4.8203499e-11
2.2074838e-09
-4.2827512e-11
2.2079879e-09
-3.7987167e-11
2.2082367e-09
-3.3629326e-11
2.2082782e-09
-2.9703961e-11
2.2081533e-09
-2.6164831e-11
2.2078968e-09
-2.2969962e-11
2.2075374e-09
-2.0081979e-11
2.2070992e-09
-1.7468215e-11
2.2066018e-09
-1.510062e-11
2.2060615e-09
-1.2955519e-11
2.2054914e-09
-1.1013199e-11
2.2049022e-09
-9.2573884e-12
2.204303e-09
-7.6746837e-12
2.2037011e-09
-6.2539308e-12
2.2031026e-09
-4.9856239e-12
2.2025128e-09
-3.8613583e-12
2.201936e-09
-2.8733507e-12
2.2013762e-09
-2.0140499e-12
2.2008366e-09
-1.2758511e-12
2.2003199e-09
-6.5090187e-13
2.1998283e-09
-1.3104433e-13
2.1993637e-09
2.923228e-13
2.1989275e-09
6.2796534e-13
2.1985206e-09
8.8493451e-13
2.1981434e-09
1.0723108e-12
2.1977962e-09
1.1990834e-12
2.1974786e-09
1.2739955e-12
2.1971901e-09
1.3054009e-12
2.1969297e-09
1.3011403e-12
2.1966964e-09
1.2684403e-12
2.1964886e-09
1.2138407e-12
2.196305e-09
1.14315e-12
2.1961439e-09
1.0614267e-12
2.1960035e-09
9.7298532e-13
2.1958821e-09
8.8142363e-13
2.1957779e-09
7.8966498e-13
2.1956892e-09
7.000144e-13
2.1956144e-09
6.142221e-13
2.1955519e-09
5.3355117e-13
2.1955002e-09
4.588472e-13
2.1954578e-09
3.9060586e-13
2.1954236e-09
3.2903671e-13
2.1953963e-09
2.741224e-13
2.195375e-09
2.2567145e-13
2.1953587e-09
1.8336432e-13
2.1953465e-09
1.4679308e-13
2.1953378e-09
1.1549434e-13
2.1953319e-09
8.8975993e-14
2.1953283e-09
6.6738463e-14
2.1953265e-09
4.8290939e-14
2.1953261e-09
3.3163238e-14
2.1953268e-09
2.0914117e-14
2.1953283e-09
1.1136531e-14
2.1953304e-09
3.4605346e-15
2.1953328e-09
-2.44601e-15
2.1953356e-09
-6.8772019e-15
2.1953385e-09
-1.0091203e-14
2.1953414e-09
-1.2312157e-14
2.1953443e-09
-1.3732797e-14
2.1953471e-09
-1.4517325e-14
2.1953498e-09
-1.4804362e-14
2.1953524e-09
-1.4709869e-14
2.1953548e-09
-1.432992e-14
2.195357e-09
-1.3743323e-14
2.195359e-09
-1.3014014e-14
2.1953609e-09
-1.2193236e-14
2.1953626e-09
-1.1321498e-14
2.1953641e-09
-1.0430316e-14
2.1953655e-09
-9.5437279e-15
2.1953667e-09
-8.6796193e-15
2.1953678e-09
-7.8508559e-15
2.1953688e-09
-7.0662462e-15
2.1953697e-09
-6.3313738e-15
2.1953705e-09
-5.6492961e-15
2.1953712e-09
-5.0211198e-15
2.1953717e-09
-4.4464825e-15
2.1953723e-09
-3.9239394e-15
2.1953727e-09
-3.4512714e-15
2.1953731e-09
-3.0257446e-15
2.1953735e-09
-2.6443157e-15
2.1953738e-09
-2.3037864e-15
2.195374e-09
-2.0009245e-15
2.1953742e-09
-1.7325458e-15
2.1953744e-09
-1.4955627e-15
2.1953746e-09
-1.2870169e-15
2.1953747e-09
-1.104097e-15
2.1953748e-09
-9.4415079e-16
2.1953749e-09
-8.0471079e-16
2.195375e-09
-6.8351976e-16
2.1953751e-09
-5.785376e-16
2.1953751e-09
-4.8792825e-16
2.1953752e-09
-4.1002694e-16
2.1953752e-09
-3.4330932e-16
2.1953752e-09
-2.8638792e-16
2.1953753e-09
-2.3802113e-16
2.1953753e-09
-1.9710984e-16
2.1953753e-09
-1.6267963e-16
2.1953753e-09
-1.3385966e-16
2.1953753e-09
-1.0988174e-16
2.1953753e-09
-9.0102385e-17
2.1953753e-09
-7.3999248e-17
2.1953754e-09
-6.1110447e-17
2.1953754e-09
-5.0963181e-17
2.1953754e-09
-4.3069037e-17
2.1953754e-09
-3.7012451e-17
2.1953754e-09
-3.2552657e-17
2.1953754e-09
-2.9606482e-17
2.1953754e-09
-2.8097948e-17
2.1953754e-09
-2.7828402e-17
2.1953754e-09
-2.8513293e-17
2.1953754e-09
-2.9950711e-17
2.1953754e-09
-3.2122338e-17
2.1953754e-09
-3.5086474e-17
2.1953754e-09
-3.8800533e-17
2.1953754e-09
-4.3138376e-17
2.1953754e-09
-4.8091811e-17
2.1953754e-09
-5.3834595e-17
2.1953754e-09
-6.0495e-17
2.1953754e-09
-6.7964062e-17
2.1953754e-09
-7.6104548e-17
2.1953755e-09
-8.5097232e-17
2.1953755e-09
-9.5330686e-17
2.1953755e-09
-1.0694868e-16
2.1953755e-09
-1.1983171e-16
2.1953755e-09
-1.340982e-16
2.1953755e-09
-1.5023384e-16
2.1953756e-09
-1.6856435e-16
2.1953756e-09
-1.8905018e-16
2.1953756e-09
-2.118586e-16
2.1953757e-09
-2.3761461e-16
2.1953757e-09
-2.6676893e-16
2.1953757e-09
-2.9939705e-16
2.1953758e-09
-3.3594732e-16
2.1953758e-09
-3.7728604e-16
2.1953759e-09
-4.2387909e-16
2.195376e-09
-4.7606134e-16
2.195376e-09
-5.3476243e-16
2.1953761e-09
-6.0089027e-16
2.1953762e-09
-6.7498693e-16
2.1953763e-09
-7.5801386e-16
2.1953764e-09
-8.5118504e-16
2.1953766e-09
-9.5536842e-16
2.1953767e-09
-1.0715391e-15
2.1953769e-09
-1.2010026e-15
2.1953771e-09
-1.3448905e-15
2.1953773e-09
-1.5044768e-15
2.1953776e-09
-1.6810044e-15
2.1953778e-09
-1.8753435e-15
2.1953782e-09
-2.0884441e-15
2.1953785e-09
-2.3208478e-15
2.1953789e-09
-2.5727523e-15
2.1953793e-09
-2.8437199e-15
2.1953798e-09
-3.1324419e-15
2.1953804e-09
-3.4362636e-15
2.195381e-09
-3.7507271e-15
2.1953817e-09
-4.0693297e-15
2.1953825e-09
-4.3825456e-15
2.1953833e-09
-4.6773575e-15
2.1953842e-09
-4.9350229e-15
2.1953852e-09
-5.1344075e-15
2.1953863e-09
-5.2336645e-15
2.1953874e-09
-5.2329777e-15
2.1953886e-09
-4.9452586e-15
-4.7822233e-15
1.6661929e-09
3.1320207e-11
1.6646535e-09
9.3701163e-11
1.6621545e-09
1.5810626e-10
1.6590967e-09
2.271529e-10
1.6562649e-09
3.0337773e-10
1.6550112e-09
3.8937147e-10
1.6575277e-09
4.878096e-10
1.6671598e-09
6.0131169e-10
1.6885139e-09
7.318771e-10
1.7264398e-09
8.7919551e-10
1.7817218e-09
1.0352023e-09
1.8370854e-09
1.1757015e-09
1.8112056e-09
1.2226566e-09
1.642958e-09
1.137121e-09
1.3434429e-09
9.4950103e-10
9.84474e-10
7.137873e-10
6.6139009e-10
4.7523226e-10
4.3238317e-10
2.7439126e-10
3.0031344e-10
1.2864671e-10
2.3230169e-10
4.1170727e-11
1.9727828e-10
-2.6304703e-12
1.8569942e-10
-2.5099174e-11
1.9260055e-10
-3.4959634e-11
2.1448199e-10
-3.8213346e-11
2.4669993e-10
-3.881515e-11
2.8490824e-10
-3.921323e-11
3.2801236e-10
-4.0900633e-11
3.7602004e-10
-4.6082601e-11
4.3068872e-10
-5.6734794e-11
4.9473458e-10
-7.4614938e-11
5.6936633e-10
-1.0117603e-10
6.5468897e-10
-1.3671892e-10
7.4934163e-10
-1.8065766e-10
8.5017509e-10
-2.3139175e-10
9.52569e-10
-2.8591563e-10
1.0519768e-09
-3.405685e-10
1.1455633e-09
-3.9212706e-10
1.2324107e-09
-4.3832732e-10
1.3127942e-09
-4.778297e-10
1.3874879e-09
-5.0999347e-10
1.457291e-09
-5.3472676e-10
1.5228528e-09
-5.5228558e-10
1.5846508e-09
-5.631104e-10
1.6430097e-09
-5.677428e-10
1.6981307e-09
-5.6678308e-10
1.7501254e-09
-5.6085871e-10
1.7990483e-09
-5.5060143e-10
1.8449217e-09
-5.3663215e-10
1.8877545e-09
-5.1955043e-10
1.9275558e-09
-4.9992657e-10
1.9643445e-09
-4.7829563e-10
1.9981549e-09
-4.5515307e-10
2.0290398e-09
-4.3095166e-10
2.0570716e-09
-4.060995e-10
2.0823415e-09
-3.8095909e-10
2.1049577e-09
-3.5584744e-10
2.1250434e-09
-3.3103699e-10
2.1427331e-09
-3.0675742e-10
2.1581706e-09
-2.8319809e-10
2.1715055e-09
-2.6051105e-10
2.1828907e-09
-2.388144e-10
2.1924803e-09
-2.1819578e-10
2.2004271e-09
-1.9871606e-10
2.2068815e-09
-1.804127e-10
2.2119898e-09
-1.6330317e-10
2.2158933e-09
-1.4738791e-10
2.2187273e-09
-1.3265296e-10
2.2206209e-09
-1.1907241e-10
2.2216958e-09
-1.066104e-10
2.2220666e-09
-9.5222782e-11
2.2218401e-09
-8.485877e-11
2.2211153e-09
-7.5462245e-11
2.2199828e-09
-6.6972974e-11
2.2185252e-09
-5.9327845e-11
2.2168166e-09
-5.2462018e-11
2.2149232e-09
-4.6310042e-11
2.2129027e-09
-4.0807018e-11
2.2108052e-09
-3.5889682e-11
2.2086733e-09
-3.149741e-11
2.2065425e-09
-2.7573137e-11
2.2044418e-09
-2.4064123e-11
2.2023943e-09
-2.0922498e-11
2.200418e-09
-1.8105632e-11
2.198526e-09
-1.5576266e-11
2.1967278e-09
-1.3302416e-11
2.1950294e-09
-1.1257104e-11
2.1934341e-09
-9.4179029e-12
2.1919431e-09
-7.7663575e-12
2.1905557e-09
-6.287348e-12
2.1892702e-09
-4.9684072e-12
2.1880836e-09
-3.7990488e-12
2.1869924e-09
-2.7701587e-12
2.1859925e-09
-1.8734607e-12
2.1850796e-09
-1.101077e-12
2.1842489e-09
-4.4521157e-13
2.1834959e-09
1.021066e-13
2.1828158e-09
5.490755e-13
2.1822039e-09
9.0423396e-13
2.1816555e-09
1.176345e-12
2.1811661e-09
1.3743526e-12
2.1807312e-09
1.5072323e-12
2.1803464e-09
1.5838465e-12
2.1800076e-09
1.6127936e-12
2.1797107e-09
1.6022674e-12
2.1794519e-09
1.5599348e-12
2.1792275e-09
1.4928352e-12
2.1790341e-09
1.407311e-12
2.1788683e-09
1.3089643e-12
2.178727e-09
1.2026402e-12
2.1786076e-09
1.0924364e-12
2.1785073e-09
9.8173197e-13
2.1784237e-09
8.732329e-13
2.1783547e-09
7.6903051e-13
2.1782983e-09
6.7066724e-13
2.1782526e-09
5.7920638e-13
2.1782161e-09
4.9530336e-13
2.1781875e-09
4.1927467e-13
2.1781654e-09
3.511626e-13
2.1781487e-09
2.9079514e-13
2.1781365e-09
2.3783898e-13
2.178128e-09
1.9184564e-13
2.1781225e-09
1.5229095e-13
2.1781194e-09
1.1860751e-13
2.1781182e-09
9.0210852e-14
2.1781184e-09
6.6520051e-14
2.1781197e-09
4.6973093e-14
2.1781218e-09
3.1037955e-14
2.1781245e-09
1.822006e-14
2.1781276e-09
8.0667147e-15
2.1781309e-09
1.6905414e-16
2.1781343e-09
-5.8377351e-15
2.1781377e-09
-1.0275122e-14
2.178141e-09
-1.3424121e-14
2.1781442e-09
-1.552761e-14
2.1781473e-09
-1.6793625e-14
2.1781502e-09
-1.7398724e-14
2.1781529e-09
-1.7491391e-14
2.1781554e-09
-1.7195347e-14
2.1781576e-09
-1.6612671e-14
2.1781597e-09
-1.5826713e-14
2.1781616e-09
-1.490476e-14
2.1781633e-09
-1.3900423e-14
2.1781649e-09
-1.2855795e-14
2.1781662e-09
-1.1803356e-14
2.1781675e-09
-1.0767612e-14
2.1781685e-09
-9.7665406e-15
2.1781695e-09
-8.8128133e-15
2.1781703e-09
-7.9148351e-15
2.1781711e-09
-7.0776379e-15
2.1781717e-09
-6.3036257e-15
2.1781723e-09
-5.5931865e-15
2.1781728e-09
-4.9452065e-15
2.1781733e-09
-4.3574856e-15
2.1781736e-09
-3.8270708e-15
2.178174e-09
-3.3505322e-15
2.1781742e-09
-2.9241754e-15
2.1781745e-09
-2.5441935e-15
2.1781747e-09
-2.2067861e-15
2.1781749e-09
-1.9082417e-15
2.178175e-09
-1.6449882e-15
2.1781751e-09
-1.413628e-15
2.1781752e-09
-1.2109541e-15
2.1781753e-09
-1.033959e-15
2.1781754e-09
-8.7985743e-16
2.1781755e-09
-7.4610783e-16
2.1781755e-09
-6.3041454e-16
2.1781756e-09
-5.3070995e-16
2.1781756e-09
-4.4511869e-16
2.1781756e-09
-3.7192586e-16
2.1781756e-09
-3.0957428e-16
2.1781757e-09
-2.5667375e-16
2.1781757e-09
-2.119977e-16
2.1781757e-09
-1.7446711e-16
2.1781757e-09
-1.4312856e-16
2.1781757e-09
-1.1714435e-16
2.1781757e-09
-9.5799023e-17
2.1781757e-09
-7.8484681e-17
2.1781757e-09
-6.4648694e-17
2.1781757e-09
-5.3751612e-17
2.1781757e-09
-4.5286966e-17
2.1781757e-09
-3.8860325e-17
2.1781757e-09
-3.424919e-17
2.1781757e-09
-3.1346484e-17
2.1781757e-09
-3.0010255e-17
2.1781757e-09
-2.9973649e-17
2.1781757e-09
-3.092233e-17
2.1781757e-09
-3.2667251e-17
2.1781757e-09
-3.5215536e-17
2.1781757e-09
-3.8635733e-17
2.1781758e-09
-4.2886495e-17
2.1781758e-09
-4.7856118e-17
2.1781758e-09
-5.3552267e-17
2.1781758e-09
-6.0124016e-17
2.1781758e-09
-6.7639231e-17
2.1781758e-09
-7.59734e-17
2.1781758e-09
-8.5070032e-17
2.1781758e-09
-9.5205623e-17
2.1781758e-09
-1.0676085e-16
2.1781758e-09
-1.198053e-16
2.1781758e-09
-1.3422966e-16
2.1781759e-09
-1.5025438e-16
2.1781759e-09
-1.6840596e-16
2.1781759e-09
-1.8896525e-16
2.1781759e-09
-2.1192013e-16
2.1781759e-09
-2.3755887e-16
2.178176e-09
-2.6653647e-16
2.178176e-09
-2.9923804e-16
2.178176e-09
-3.3581684e-16
2.1781761e-09
-3.7691636e-16
2.1781761e-09
-4.2343453e-16
2.1781762e-09
-4.7581329e-16
2.1781762e-09
-5.3455669e-16
2.1781763e-09
-6.00746e-16
2.1781764e-09
-6.7529929e-16
2.1781765e-09
-7.5890582e-16
2.1781766e-09
-8.5274489e-16
2.1781767e-09
-9.5810821e-16
2.1781768e-09
-1.0760356e-15
2.1781769e-09
-1.2078189e-15
2.1781771e-09
-1.3550095e-15
2.1781773e-09
-1.5190098e-15
2.1781774e-09
-1.7014151e-15
2.1781777e-09
-1.9037478e-15
2.1781779e-09
-2.1273338e-15
2.1781782e-09
-2.3735815e-15
2.1781785e-09
-2.6436175e-15
2.1781789e-09
-2.9383185e-15
2.1781793e-09
-3.2577766e-15
2.1781798e-09
-3.6012803e-15
2.1781803e-09
-3.9668757e-15
2.1781809e-09
-4.3508511e-15
2.1781816e-09
-4.7473636e-15
2.1781824e-09
-5.1472985e-15
2.1781832e-09
-5.5374905e-15
2.1781842e-09
-5.8983588e-15
2.1781852e-09
-6.2067287e-15
2.1781864e-09
-6.4176061e-15
2.1781877e-09
-6.5243708e-15
2.1781891e-09
-6.330363e-15
-6.2510002e-15
1.6674106e-09
3.0576244e-11
1.6695245e-09
9.1587287e-11
1.6731689e-09
1.5446182e-10
1.6788568e-09
2.2146508e-10
1.6875221e-09
2.9471241e-10
1.7006682e-09
3.7622531e-10
1.7205792e-09
4.6789862e-10
1.7505594e-09
5.7133153e-10
1.7950543e-09
6.8738216e-10
1.8590722e-09
8.1517757e-10
1.9451892e-09
9.4908535e-10
2.045349e-09
1.0755416e-09
2.1149987e-09
1.153007e-09
2.105593e-09
1.1465267e-09
1.9983264e-09
1.0567676e-09
1.803662e-09
9.0845177e-10
1.5479719e-09
7.3092232e-10
1.2719268e-09
5.5043639e-10
1.0193815e-09
3.8119203e-10
8.2092208e-10
2.3963012e-10
6.8761326e-10
1.3067834e-10
6.0984144e-10
5.2672653e-11
5.7309923e-10
1.7825743e-12
5.6707476e-10
-3.2188877e-11
5.8511326e-10
-5.6853656e-11
6.2204898e-10
-7.6148946e-11
6.7480331e-10
-9.3654962e-11
7.4116273e-10
-1.1244202e-10
8.1927347e-10
-1.3484554e-10
9.0712706e-10
-1.6246852e-10
1.0020421e-09
-1.9609111e-10
1.1008968e-09
-2.355736e-10
1.2002832e-09
-2.8004406e-10
1.2968558e-09
-3.2796431e-10
1.3880169e-09
-3.7707671e-10
1.4723149e-09
-4.2486657e-10
1.5493555e-09
-4.6916761e-10
1.6194564e-09
-5.0842826e-10
1.6832956e-09
-5.4166889e-10
1.7416643e-09
-5.6836216e-10
1.7952883e-09
-5.8835071e-10
1.8447551e-09
-6.0175245e-10
1.890514e-09
-6.0886928e-10
1.9328962e-09
-6.1012496e-10
1.9721381e-09
-6.0602495e-10
2.0084049e-09
-5.9712555e-10
2.041813e-09
-5.840095e-10
2.072448e-09
-5.6726722e-10
2.10038e-09
-5.474824e-10
2.1256739e-09
-5.2522051e-10
2.148398e-09
-5.0101968e-10
2.1686285e-09
-4.7538354e-10
2.1864526e-09
-4.4877585e-10
2.2019698e-09
-4.2161665e-10
2.2152907e-09
-3.9427998e-10
2.2265362e-09
-3.6709298e-10
2.2358355e-09
-3.4033625e-10
2.2433234e-09
-3.1424535e-10
2.2491385e-09
-2.890132e-10
2.2534207e-09
-2.6479323e-10
2.2563092e-09
-2.4170294e-10
2.2579412e-09
-2.1982775e-10
2.2584501e-09
-1.99225e-10
2.2579651e-09
-1.7992763e-10
2.2566097e-09
-1.6194783e-10
2.2545021e-09
-1.4528027e-10
2.251754e-09
-1.2990485e-10
2.2484708e-09
-1.1578928e-10
2.2447515e-09
-1.028911e-10
2.2406882e-09
-9.1159449e-11
2.2363661e-09
-8.0536669e-11
2.2318635e-09
-7.0959638e-11
2.2272515e-09
-6.2361009e-11
2.2225942e-09
-5.467047e-11
2.2179481e-09
-4.7815943e-11
2.2133628e-09
-4.1724771e-11
2.2088807e-09
-3.6324954e-11
2.2045374e-09
-3.1546332e-11
2.2003617e-09
-2.7321676e-11
2.1963762e-09
-2.35877e-11
2.192598e-09
-2.0285905e-11
2.1890387e-09
-1.7363187e-11
2.1857053e-09
-1.4772246e-11
2.1826008e-09
-1.2471737e-11
2.1797245e-09
-1.042618e-11
2.1770731e-09
-8.6056665e-12
2.1746406e-09
-6.9853747e-12
2.1724192e-09
-5.5449474e-12
2.1703996e-09
-4.2678091e-12
2.1685716e-09
-3.1404246e-12
2.1669242e-09
-2.1515752e-12
2.1654457e-09
-1.2916989e-12
2.1641246e-09
-5.5231761e-13
2.162949e-09
7.446081e-14
2.1619075e-09
5.9628106e-13
2.1609888e-09
1.0208202e-12
2.160182e-09
1.3559106e-12
2.1594766e-09
1.6096121e-12
2.1588628e-09
1.7901778e-12
2.1583311e-09
1.9059833e-12
2.157873e-09
1.9654109e-12
2.1574801e-09
1.9767138e-12
2.157145e-09
1.9478754e-12
2.1568608e-09
1.8864782e-12
2.1566212e-09
1.7995881e-12
2.1564203e-09
1.6936618e-12
2.1562532e-09
1.5744816e-12
2.156115e-09
1.4471165e-12
2.1560017e-09
1.3159097e-12
2.1559097e-09
1.1844893e-12
2.1558356e-09
1.0557997e-12
2.1557767e-09
9.3214711e-13
2.1557305e-09
8.1525835e-13
2.1556948e-09
7.0634595e-13
2.1556678e-09
6.0617668e-13
2.155648e-09
5.1514142e-13
2.1556339e-09
4.333222e-13
2.1556245e-09
3.6055487e-13
2.1556189e-09
2.9648681e-13
2.1556161e-09
2.4062767e-13
2.1556155e-09
1.9239329e-13
2.1556167e-09
1.5114295e-13
2.1556191e-09
1.1620974e-13
2.1556224e-09
8.6924753e-14
2.1556262e-09
6.2635792e-14
2.1556305e-09
4.2721099e-14
2.1556349e-09
2.6598859e-14
2.1556394e-09
1.3733273e-14
2.1556438e-09
3.6378011e-15
2.1556481e-09
-4.1243593e-15
2.1556522e-09
-9.9398941e-15
2.1556561e-09
-1.4148565e-14
2.1556597e-09
-1.7045522e-14
2.1556631e-09
-1.8884799e-14
2.1556662e-09
-1.9883048e-14
2.155669e-09
-2.0223352e-14
2.1556716e-09
-2.0059024e-14
2.1556739e-09
-1.9517237e-14
2.155676e-09
-1.8702412e-14
2.1556779e-09
-1.7699367e-14
2.1556795e-09
-1.6576165e-14
2.155681e-09
-1.538666e-14
2.1556823e-09
-1.4172786e-14
2.1556835e-09
-1.2966557e-14
2.1556845e-09
-1.1791804e-14
2.1556854e-09
-1.066568e-14
2.1556862e-09
-9.5999441e-15
2.1556869e-09
-8.6020396e-15
2.1556875e-09
-7.6760213e-15
2.155688e-09
-6.8233221e-15
2.1556885e-09
-6.0433808e-15
2.1556888e-09
-5.3341732e-15
2.1556892e-09
-4.6926429e-15
2.1556895e-09
-4.1150467e-15
2.1556897e-09
-3.5972372e-15
2.1556899e-09
-3.1348696e-15
2.1556901e-09
-2.723546e-15
2.1556903e-09
-2.3589272e-15
2.1556904e-09
-2.0368123e-15
2.1556905e-09
-1.7531906e-15
2.1556906e-09
-1.504277e-15
2.1556907e-09
-1.2865243e-15
2.1556907e-09
-1.0966254e-15
2.1556908e-09
-9.3152926e-16
2.1556908e-09
-7.8845548e-16
2.1556909e-09
-6.6489169e-16
2.1556909e-09
-5.5857487e-16
2.1556909e-09
-4.6745607e-16
2.1556909e-09
-3.8966777e-16
2.1556909e-09
-3.2351852e-16
2.1556909e-09
-2.6749947e-16
2.155691e-09
-2.2028188e-16
2.155691e-09
-1.8070478e-16
2.155691e-09
-1.4775119e-16
2.155691e-09
-1.2052575e-16
2.155691e-09
-9.8246304e-17
2.155691e-09
-8.0227513e-17
2.155691e-09
-6.5848787e-17
2.155691e-09
-5.4540648e-17
2.155691e-09
-4.581055e-17
2.155691e-09
-3.9291734e-17
2.155691e-09
-3.4760189e-17
2.155691e-09
-3.2060204e-17
2.155691e-09
-3.0978285e-17
2.155691e-09
-3.1198859e-17
2.155691e-09
-3.2408915e-17
2.155691e-09
-3.4458134e-17
2.155691e-09
-3.739055e-17
2.155691e-09
-4.1281425e-17
2.155691e-09
-4.6074225e-17
2.155691e-09
-5.1645269e-17
2.155691e-09
-5.7992528e-17
2.155691e-09
-6.5238023e-17
2.155691e-09
-7.342385e-17
2.155691e-09
-8.245782e-17
2.155691e-09
-9.2375079e-17
2.155691e-09
-1.0350745e-16
2.155691e-09
-1.1618852e-16
2.1556911e-09
-1.3042388e-16
2.1556911e-09
-1.4614101e-16
2.1556911e-09
-1.6364886e-16
2.1556911e-09
-1.8348204e-16
2.1556911e-09
-2.0588147e-16
2.1556911e-09
-2.3088764e-16
2.1556912e-09
-2.5889175e-16
2.1556912e-09
-2.9053496e-16
2.1556912e-09
-3.2615435e-16
2.1556912e-09
-3.6603728e-16
2.1556913e-09
-4.1099344e-16
2.1556913e-09
-4.618835e-16
2.1556913e-09
-5.1913742e-16
2.1556914e-09
-5.8345272e-16
2.1556915e-09
-6.5601036e-16
2.1556915e-09
-7.377319e-16
2.1556916e-09
-8.294706e-16
2.1556917e-09
-9.3257037e-16
2.1556918e-09
-1.0484117e-15
2.1556919e-09
-1.1782755e-15
2.155692e-09
-1.3237498e-15
2.1556921e-09
-1.4866008e-15
2.1556923e-09
-1.6685086e-15
2.1556924e-09
-1.871387e-15
2.1556926e-09
-2.0971347e-15
2.1556928e-09
-2.347683e-15
2.1556931e-09
-2.6250131e-15
2.1556934e-09
-2.930916e-15
2.1556937e-09
-3.2670489e-15
2.1556941e-09
-3.6343155e-15
2.1556945e-09
-4.0330482e-15
2.155695e-09
-4.4626059e-15
2.1556956e-09
-4.9207059e-15
2.1556962e-09
-5.4028866e-15
2.155697e-09
-5.9013574e-15
2.1556979e-09
-6.4040646e-15
2.1556989e-09
-6.8923824e-15
2.1557e-09
-7.3428252e-15
2.1557013e-09
-7.7105467e-15
2.1557027e-09
-7.9797787e-15
2.1557044e-09
-7.9615677e-15
-8.0263798e-15
1.6684362e-09
2.8806674e-11
1.6736461e-09
8.6377394e-11
1.6824748e-09
1.4563317e-10
1.6954441e-09
2.0849572e-10
1.7134701e-09
2.7668648e-10
1.7379703e-09
3.5172511e-10
1.7710056e-09
4.3486333e-10
1.8154178e-09
5.2691931e-10
1.8748558e-09
6.2794411e-10
1.9533665e-09
7.3666692e-10
2.0535456e-09
8.4890625e-10
2.172658e-09
9.5642919e-10
2.2885035e-09
1.0371615e-09
2.3680646e-09
1.0669656e-09
2.3875519e-09
1.0372803e-09
2.3404189e-09
9.555847e-10
2.2347885e-09
8.3655278e-10
2.0884776e-09
6.9674725e-10
1.9201457e-09
5.4952396e-10
1.7514883e-09
4.0828751e-10
1.5999679e-09
2.8219877e-10
1.4782214e-09
1.7441911e-10
1.3930237e-09
8.6980306e-11
1.3424462e-09
1.8388611e-11
1.3209368e-09
-3.5344276e-11
1.3240301e-09
-7.9242213e-11
1.3475433e-09
-1.1716821e-10
1.3875271e-09
-1.5242576e-10
1.4402725e-09
-1.87591e-10
1.5022247e-09
-2.244207e-10
1.56997e-09
-2.6383638e-10
1.6403494e-09
-3.0595307e-10
1.7105342e-09
-3.5022878e-10
1.7781434e-09
-3.9557358e-10
1.8415006e-09
-4.4043387e-10
1.8997269e-09
-4.8309289e-10
1.9525843e-09
-5.2202496e-10
2.0002338e-09
-5.5607778e-10
2.0430454e-09
-5.8448055e-10
2.0814747e-09
-6.0679146e-10
2.115973e-09
-6.2284903e-10
2.1469388e-09
-6.3271821e-10
2.174704e-09
-6.3663446e-10
2.1995371e-09
-6.3495803e-10
2.2216513e-09
-6.2813918e-10
2.2412157e-09
-6.1669e-10
2.2583671e-09
-6.0116088e-10
2.2732209e-09
-5.8212101e-10
2.2858807e-09
-5.6014225e-10
2.2964459e-09
-5.3578561e-10
2.3050163e-09
-5.0959011e-10
2.3116963e-09
-4.8206358e-10
2.316596e-09
-4.5367557e-10
2.3198316e-09
-4.2485217e-10
2.3215242e-09
-3.9597262e-10
2.321799e-09
-3.6736782e-10
2.3207831e-09
-3.3932032e-10
2.3186035e-09
-3.1206572e-10
2.3153855e-09
-2.8579524e-10
2.3112514e-09
-2.6065909e-10
2.3063188e-09
-2.3677038e-10
2.3007004e-09
-2.1420927e-10
2.2945027e-09
-1.9302736e-10
2.2878266e-09
-1.7325155e-10
2.2807667e-09
-1.5488793e-10
2.2734116e-09
-1.3792517e-10
2.2658441e-09
-1.2233727e-10
2.258141e-09
-1.0808621e-10
2.2503738e-09
-9.5123895e-11
2.2426083e-09
-8.3393925e-11
2.2349047e-09
-7.2833082e-11
2.2273177e-09
-6.3372656e-11
2.2198963e-09
-5.4939636e-11
2.2126838e-09
-4.745797e-11
2.2057177e-09
-4.0849774e-11
2.1990295e-09
-3.5036573e-11
2.1926451e-09
-2.9940603e-11
2.1865848e-09
-2.5486063e-11
2.1808635e-09
-2.1600303e-11
2.1754907e-09
-1.8214902e-11
2.1704714e-09
-1.5266596e-11
2.1658061e-09
-1.2697947e-11
2.1614916e-09
-1.0457774e-11
2.1575212e-09
-8.5013408e-12
2.1538853e-09
-6.7902706e-12
2.1505719e-09
-5.2922429e-12
2.147567e-09
-3.9804884e-12
2.1448552e-09
-2.833094e-12
2.1424198e-09
-1.8323993e-12
2.1402434e-09
-9.6409049e-13
2.1383084e-09
-2.1650539e-13
2.1365966e-09
4.200901e-13
2.1350902e-09
9.5407628e-13
2.1337716e-09
1.393049e-12
2.1326237e-09
1.744179e-12
2.13163e-09
2.0145084e-12
2.1307748e-09
2.2111196e-12
2.1300432e-09
2.341219e-12
2.1294212e-09
2.4121383e-12
2.1288959e-09
2.43128e-12
2.1284553e-09
2.4060246e-12
2.1280884e-09
2.3436139e-12
2.1277853e-09
2.2510275e-12
2.1275369e-09
2.1348661e-12
2.1273352e-09
2.0012493e-12
2.1271731e-09
1.8557322e-12
2.1270444e-09
1.7032492e-12
2.1269434e-09
1.5480806e-12
2.1268655e-09
1.3938435e-12
2.1268065e-09
1.2435049e-12
2.1267628e-09
1.0994128e-12
2.1267317e-09
9.6334081e-13
2.1267104e-09
8.3654447e-13
2.1266969e-09
7.1982288e-13
2.1266895e-09
6.1358346e-13
2.1266867e-09
5.1790733e-13
2.1266874e-09
4.3261174e-13
2.1266907e-09
3.5730806e-13
2.1266957e-09
2.914549e-13
2.1267019e-09
2.3440445e-13
2.1267089e-09
1.8544223e-13
2.1267162e-09
1.4382062e-13
2.1267236e-09
1.0878569e-13
2.126731e-09
7.9598348e-14
2.126738e-09
5.5550327e-14
2.1267448e-09
3.5975489e-14
2.1267511e-09
2.0257303e-14
2.126757e-09
7.8332187e-15
2.1267625e-09
-1.8040581e-15
2.1267675e-09
-9.1060626e-15
2.126772e-09
-1.4470889e-14
2.1267761e-09
-1.8246144e-14
2.1267798e-09
-2.0732286e-14
2.1267831e-09
-2.2186703e-14
2.126786e-09
-2.2827888e-14
2.1267886e-09
-2.2839628e-14
2.1267909e-09
-2.2375093e-14
2.126793e-09
-2.1560707e-14
2.1267948e-09
-2.0499711e-14
2.1267964e-09
-1.9275461e-14
2.1267977e-09
-1.795438e-14
2.1267989e-09
-1.6588592e-14
2.1268e-09
-1.5218268e-14
2.1268009e-09
-1.387368e-14
2.1268017e-09
-1.2576965e-14
2.1268024e-09
-1.1343661e-14
2.1268029e-09
-1.0184005e-14
2.1268034e-09
-9.1040225e-15
2.1268039e-09
-8.106458e-15
2.1268042e-09
-7.1915384e-15
2.1268046e-09
-6.3575983e-15
2.1268048e-09
-5.6016098e-15
2.1268051e-09
-4.9196165e-15
2.1268052e-09
-4.3070795e-15
2.1268054e-09
-3.7591542e-15
2.1268055e-09
-3.2708851e-15
2.1268057e-09
-2.8373327e-15
2.1268058e-09
-2.4536749e-15
2.1268058e-09
-2.1152839e-15
2.1268059e-09
-1.8177779e-15
2.1268059e-09
-1.5570562e-15
2.126806e-09
-1.3293033e-15
2.126806e-09
-1.1309806e-15
2.1268061e-09
-9.5883113e-16
2.1268061e-09
-8.098881e-16
2.1268061e-09
-6.8147091e-16
2.1268061e-09
-5.7116838e-16
2.1268061e-09
-4.7680394e-16
2.1268061e-09
-3.9639937e-16
2.1268061e-09
-3.2816443e-16
2.1268061e-09
-2.7050183e-16
2.1268061e-09
-2.2200844e-16
2.1268061e-09
-1.8146675e-16
2.1268061e-09
-1.4781579e-16
2.1268061e-09
-1.2011514e-16
2.1268061e-09
-9.7527645e-17
2.1268061e-09
-7.9311116e-17
2.1268061e-09
-6.4808831e-17
2.1268061e-09
-5.345203e-17
2.1268061e-09
-4.4773925e-17
2.1268061e-09
-3.8423827e-17
2.1268061e-09
-3.415604e-17
2.1268061e-09
-3.1759881e-17
2.1268061e-09
-3.0968526e-17
2.1268061e-09
-3.1452514e-17
2.1268061e-09
-3.2934276e-17
2.1268061e-09
-3.5317859e-17
2.1268061e-09
-3.8672218e-17
2.1268061e-09
-4.3046193e-17
2.1268061e-09
-4.8334168e-17
2.1268061e-09
-5.438733e-17
2.1268061e-09
-6.1210965e-17
2.1268061e-09
-6.8940233e-17
2.1268061e-09
-7.7633057e-17
2.1268061e-09
-8.724332e-17
2.1268062e-09
-9.7867037e-17
2.1268062e-09
-1.0983751e-16
2.1268062e-09
-1.2341463e-16
2.1268062e-09
-1.3855931e-16
2.1268062e-09
-1.5526015e-16
2.1268062e-09
-1.7390954e-16
2.1268062e-09
-1.9503852e-16
2.1268062e-09
-2.1885169e-16
2.1268062e-09
-2.4543669e-16
2.1268062e-09
-2.7525944e-16
2.1268063e-09
-3.0894034e-16
2.1268063e-09
-3.4680952e-16
2.1268063e-09
-3.8929915e-16
2.1268063e-09
-4.3730838e-16
2.1268064e-09
-4.9162058e-16
2.1268064e-09
-5.527049e-16
2.1268064e-09
-6.2144522e-16
2.1268065e-09
-6.9905317e-16
2.1268065e-09
-7.8645493e-16
2.1268066e-09
-8.8469371e-16
2.1268066e-09
-9.9524802e-16
2.1268067e-09
-1.1195863e-15
2.1268068e-09
-1.2592357e-15
2.1268069e-09
-1.4160358e-15
2.126807e-09
-1.5919518e-15
2.1268071e-09
-1.7889678e-15
2.1268073e-09
-2.0093523e-15
2.1268074e-09
-2.2554654e-15
2.1268076e-09
-2.5298971e-15
2.1268078e-09
-2.8352338e-15
2.1268081e-09
-3.1739768e-15
2.1268083e-09
-3.5487382e-15
2.1268087e-09
-3.9616445e-15
2.126809e-09
-4.4145284e-15
2.1268095e-09
-4.9085288e-15
2.12681e-09
-5.443361e-15
2.1268106e-09
-6.0167569e-15
2.1268113e-09
-6.6235013e-15
2.1268122e-09
-7.2544168e-15
2.1268132e-09
-7.8941008e-15
2.1268144e-09
-8.5209882e-15
2.1268158e-09
-9.0944491e-15
2.1268174e-09
-9.5883515e-15
2.1268193e-09
-9.8440735e-15
-1.0121471e-14
1.6692794e-09
2.6193982e-11
1.6770509e-09
7.8605887e-11
1.6901453e-09
1.325387e-10
1.7090116e-09
1.8962951e-10
1.7344229e-09
2.5127512e-10
1.7675542e-09
3.1859383e-10
1.8100662e-09
3.9235133e-10
1.8641638e-09
4.7282175e-10
1.9325541e-09
5.5955378e-10
2.0181607e-09
6.5106028e-10
2.1230586e-09
7.4400836e-10
2.2466438e-09
8.3284401e-10
2.3782586e-09
9.0554673e-10
2.4979971e-09
9.4722703e-10
2.5865109e-09
9.4876657e-10
2.6323174e-09
9.0977819e-10
2.6329705e-09
8.3589968e-10
2.5933291e-09
7.3638866e-10
2.5221283e-09
6.207247e-10
2.431629e-09
4.9878686e-10
2.334545e-09
3.7928279e-10
2.2412829e-09
2.6768122e-10
2.1603172e-09
1.6794596e-10
2.0969762e-09
8.1729637e-11
2.0532714e-09
8.3604812e-12
2.0286196e-09
-5.4590442e-11
2.0212106e-09
-1.0975918e-10
2.0285668e-09
-1.5978199e-10
2.0478459e-09
-2.0687009e-10
2.076086e-09
-2.5266077e-10
2.110381e-09
-2.9813137e-10
2.1480373e-09
-3.4360939e-10
2.1866792e-09
-3.8887066e-10
2.2243493e-09
-4.3324373e-10
2.259636e-09
-4.7572057e-10
2.2916993e-09
-5.1515617e-10
2.3201634e-09
-5.5048904e-10
2.3449625e-09
-5.8087686e-10
2.3662157e-09
-6.0573376e-10
2.3841422e-09
-6.2471794e-10
2.399e-09
-6.3770683e-10
2.4110468e-09
-6.4476508e-10
2.4205211e-09
-6.4610876e-10
2.4276353e-09
-6.4207217e-10
2.4325757e-09
-6.3307958e-10
2.4355062e-09
-6.1962055e-10
2.4365737e-09
-6.0222836e-10
2.4359135e-09
-5.814608e-10
2.4336546e-09
-5.5788336e-10
2.4299236e-09
-5.3205458e-10
2.424847e-09
-5.0451347e-10
2.4185523e-09
-4.7576896e-10
2.4111684e-09
-4.4629165e-10
2.402824e-09
-4.1650775e-10
2.3936465e-09
-3.8679514e-10
2.3837603e-09
-3.5748162e-10
2.3732849e-09
-3.2884497e-10
2.3623338e-09
-3.0111455e-10
2.3510128e-09
-2.7447426e-10
2.33942e-09
-2.4906627e-10
2.327645e-09
-2.2499539e-10
2.3157693e-09
-2.023336e-10
2.3038666e-09
-1.8112467e-10
2.2920033e-09
-1.6138826e-10
2.2802393e-09
-1.4312395e-10
2.2686287e-09
-1.2631453e-10
2.2572203e-09
-1.1092886e-10
2.2460583e-09
-9.6924244e-11
2.2351828e-09
-8.4248392e-11
2.2246298e-09
-7.2840939e-11
2.2144316e-09
-6.2634852e-11
2.2046166e-09
-5.3557634e-11
2.1952094e-09
-4.553244e-11
2.1862307e-09
-3.8479288e-11
2.1776972e-09
-3.231627e-11
2.1696215e-09
-2.6960826e-11
2.1620119e-09
-2.2331084e-11
2.1548731e-09
-1.8347184e-11
2.1482053e-09
-1.4932532e-11
2.1420053e-09
-1.2014957e-11
2.1362665e-09
-9.5277078e-12
2.1309787e-09
-7.4101635e-12
2.1261292e-09
-5.6082934e-12
2.1217027e-09
-4.0748675e-12
2.1176819e-09
-2.7694121e-12
2.1140475e-09
-1.657859e-12
2.1107791e-09
-7.1213509e-13
2.1078552e-09
9.086128e-14
2.1052534e-09
7.6933295e-13
2.1029513e-09
1.3380639e-12
2.100926e-09
1.8088225e-12
2.0991549e-09
2.1911888e-12
2.0976158e-09
2.4931824e-12
2.096287e-09
2.7218072e-12
2.0951477e-09
2.8834687e-12
2.0941779e-09
2.9842844e-12
2.0933588e-09
3.0302825e-12
2.0926725e-09
3.0275119e-12
2.0921025e-09
2.9820716e-12
2.0916337e-09
2.9000821e-12
2.0912521e-09
2.7876176e-12
2.0909451e-09
2.6506141e-12
2.0907014e-09
2.4947663e-12
2.0905108e-09
2.3254308e-12
2.0903646e-09
2.1475387e-12
2.0902548e-09
1.9655259e-12
2.0901747e-09
1.7832853e-12
2.0901187e-09
1.604141e-12
2.0900817e-09
1.4308415e-12
2.0900596e-09
1.2655749e-12
2.090049e-09
1.1099979e-12
2.0900471e-09
9.652776e-13
2.0900515e-09
8.3214326e-13
2.0900604e-09
7.1094229e-13
2.0900722e-09
6.0169861e-13
2.090086e-09
5.0417131e-13
2.0901007e-09
4.1791024e-13
2.0901157e-09
3.4230732e-13
2.0901305e-09
2.7664311e-13
2.0901448e-09
2.2012729e-13
2.0901583e-09
1.7193282e-13
2.0901709e-09
1.3122454e-13
2.0901825e-09
9.7181655e-14
2.0901931e-09
6.9015015e-14
2.0902026e-09
4.597984e-14
2.0902112e-09
2.7384239e-14
2.0902189e-09
1.2594387e-14
2.0902257e-09
1.0369045e-15
2.0902317e-09
-7.8016569e-15
2.0902369e-09
-1.437455e-14
2.0902416e-09
-1.9079825e-14
2.0902456e-09
-2.226276e-14
2.0902491e-09
-2.4220341e-14
2.0902521e-09
-2.5205725e-14
2.0902547e-09
-2.5432768e-14
2.0902569e-09
-2.5080464e-14
2.0902588e-09
-2.4297222e-14
2.0902605e-09
-2.3204863e-14
2.0902619e-09
-2.1902268e-14
2.0902631e-09
-2.0468725e-14
2.0902641e-09
-1.8966904e-14
2.090265e-09
-1.7445496e-14
2.0902657e-09
-1.5941566e-14
2.0902663e-09
-1.4482584e-14
2.0902668e-09
-1.3088183e-14
2.0902672e-09
-1.1771669e-14
2.0902676e-09
-1.054131e-14
2.0902679e-09
-9.4013958e-15
2.0902681e-09
-8.3531501e-15
2.0902683e-09
-7.3954675e-15
2.0902685e-09
-6.525515e-15
2.0902686e-09
-5.7392479e-15
2.0902687e-09
-5.0318339e-15
2.0902688e-09
-4.3979908e-15
2.0902689e-09
-3.8322486e-15
2.090269e-09
-3.3291206e-15
2.090269e-09
-2.8832092e-15
2.0902691e-09
-2.4892949e-15
2.0902691e-09
-2.1424111e-15
2.0902691e-09
-1.8378964e-15
2.0902691e-09
-1.5714247e-15
2.0902691e-09
-1.3389979e-15
2.0902691e-09
-1.1369221e-15
2.0902691e-09
-9.6180356e-16
2.0902691e-09
-8.10552e-16
2.0902691e-09
-6.8037727e-16
2.0902691e-09
-5.6877425e-16
2.0902691e-09
-4.7348718e-16
2.0902691e-09
-3.9246943e-16
2.0902691e-09
-3.2386956e-16
2.0902691e-09
-2.6603593e-16
2.0902691e-09
-2.1752169e-16
2.0902691e-09
-1.770786e-16
2.0902691e-09
-1.4362249e-16
2.0902691e-09
-1.1618667e-16
2.0902691e-09
-9.3900091e-17
2.0902691e-09
-7.598829e-17
2.0902691e-09
-6.1781825e-17
2.0902691e-09
-5.0726375e-17
2.0902691e-09
-4.238073e-17
2.0902691e-09
-3.6401725e-17
2.0902691e-09
-3.2518926e-17
2.0902691e-09
-3.048066e-17
2.0902691e-09
-2.9998462e-17
2.0902691e-09
-3.0766153e-17
2.0902691e-09
-3.2561217e-17
2.0902691e-09
-3.5326502e-17
2.0902691e-09
-3.9112328e-17
2.0902691e-09
-4.3902943e-17
2.0902691e-09
-4.9543333e-17
2.0902691e-09
-5.5896028e-17
2.0902691e-09
-6.3017915e-17
2.0902691e-09
-7.1084378e-17
2.0902691e-09
-8.0172302e-17
2.0902691e-09
-9.0258526e-17
2.0902691e-09
-1.0145095e-16
2.0902691e-09
-1.1403639e-16
2.0902691e-09
-1.2820079e-16
2.0902691e-09
-1.439112e-16
2.0902691e-09
-1.612575e-16
2.0902691e-09
-1.806988e-16
2.0902691e-09
-2.0272132e-16
2.0902691e-09
-2.2748019e-16
2.0902691e-09
-2.5511625e-16
2.0902692e-09
-2.8615986e-16
2.0902692e-09
-3.2120619e-16
2.0902692e-09
-3.6059833e-16
2.0902692e-09
-4.0489745e-16
2.0902692e-09
-4.5503741e-16
2.0902692e-09
-5.1170745e-16
2.0902693e-09
-5.7543883e-16
2.0902693e-09
-6.4727346e-16
2.0902693e-09
-7.2843181e-16
2.0902693e-09
-8.1985582e-16
2.0902694e-09
-9.2274292e-16
2.0902694e-09
-1.0386686e-15
2.0902695e-09
-1.1692099e-15
2.0902695e-09
-1.3161129e-15
2.0902696e-09
-1.4814076e-15
2.0902697e-09
-1.667264e-15
2.0902698e-09
-1.8760168e-15
2.0902699e-09
-2.1103091e-15
2.09027e-09
-2.3729612e-15
2.0902701e-09
-2.6671632e-15
2.0902703e-09
-2.9961328e-15
2.0902705e-09
-3.3632303e-15
2.0902707e-09
-3.7722406e-15
2.090271e-09
-4.2268123e-15
2.0902713e-09
-4.7305539e-15
2.0902717e-09
-5.2867117e-15
2.0902721e-09
-5.897601e-15
2.0902727e-09
-6.5642016e-15
2.0902733e-09
-7.2853978e-15
2.0902741e-09
-8.0567665e-15
2.0902751e-09
-8.8684253e-15
2.0902763e-09
-9.7035502e-15
2.0902777e-09
-1.0530829e-14
2.0902794e-09
-1.1315359e-14
2.0902815e-09
-1.1954278e-14
-1.2513707e-14
1.6699757e-09
2.2884961e-11
1.679877e-09
6.8704529e-11
1.6964919e-09
1.1592379e-10
1.7201294e-09
1.6599204e-10
1.7513304e-09
2.2007413e-10
1.7909316e-09
2.7899259e-10
1.8401185e-09
3.4316444e-10
1.90044e-09
4.1250032e-10
1.9737399e-09
4.8625388e-10
2.0619461e-09
5.6285402e-10
2.1664354e-09
6.3951908e-10
2.2871025e-09
7.1217691e-10
2.4188119e-09
7.7383728e-10
2.5504447e-09
8.1559424e-10
2.668803e-09
8.3040834e-10
2.763084e-09
8.1549719e-10
2.8269216e-09
7.7206202e-10
2.8588287e-09
7.0448159e-10
2.8610437e-09
6.1850968e-10
2.8389808e-09
5.2084979e-10
2.7999431e-09
4.1832052e-10
2.7512733e-09
3.1635095e-10
2.7000296e-09
2.1918973e-10
2.6521141e-09
1.2964505e-10
2.611664e-09
4.881063e-11
2.5807629e-09
-2.3689335e-11
2.5602084e-09
-8.9204718e-11
2.5494056e-09
-1.489792e-10
2.5470793e-09
-2.0454376e-10
2.5515055e-09
-2.5708697e-10
2.5607611e-09
-3.0738694e-10
2.5729344e-09
-3.5578274e-10
2.586274e-09
-4.0221025e-10
2.5993008e-09
-4.4627051e-10
2.6108998e-09
-4.8731953e-10
2.6203436e-09
-5.2460005e-10
2.6272382e-09
-5.5738359e-10
2.6314327e-09
-5.8507137e-10
2.6329381e-09
-6.0723913e-10
2.6318651e-09
-6.2364499e-10
2.628379e-09
-6.3422072e-10
2.622668e-09
-6.390541e-10
2.6149254e-09
-6.3836613e-10
2.6053404e-09
-6.3248716e-10
2.594095e-09
-6.2183416e-10
2.5813638e-09
-6.0688931e-10
2.5673153e-09
-5.8817994e-10
2.5521143e-09
-5.6625976e-10
2.5359226e-09
-5.4169164e-10
2.5189001e-09
-5.1503209e-10
2.5012044e-09
-4.8681776e-10
2.4829895e-09
-4.5755404e-10
2.4644041e-09
-4.2770625e-10
2.4455895e-09
-3.9769322e-10
2.4266779e-09
-3.6788346e-10
2.4077898e-09
-3.3859357e-10
2.3890337e-09
-3.1008883e-10
2.3705045e-09
-2.8258534e-10
2.3522837e-09
-2.5625354e-10
2.33444e-09
-2.3122254e-10
2.3170296e-09
-2.0758495e-10
2.3000977e-09
-1.8540175e-10
2.2836801e-09
-1.6470709e-10
2.2678044e-09
-1.4551257e-10
2.2524917e-09
-1.2781115e-10
2.2377575e-09
-1.1158038e-10
2.2236136e-09
-9.6785002e-11
2.2100686e-09
-8.3379155e-11
2.1971282e-09
-7.1308051e-11
2.1847966e-09
-6.0509283e-11
2.1730757e-09
-5.0914024e-11
2.1619662e-09
-4.2448053e-11
2.1514665e-09
-3.503278e-11
2.1415736e-09
-2.8586373e-11
2.1322822e-09
-2.3024941e-11
2.1235853e-09
-1.8263834e-11
2.1154732e-09
-1.4219006e-11
2.1079344e-09
-1.0808406e-11
2.1009552e-09
-7.9533e-12
2.0945195e-09
-5.5792649e-12
2.0886095e-09
-3.6177657e-12
2.0832057e-09
-2.0063362e-12
2.0782868e-09
-6.8936869e-13
2.0738301e-09
3.8176901e-13
2.0698121e-09
1.2486337e-12
2.066208e-09
1.9461999e-12
2.0629926e-09
2.5032686e-12
2.0601403e-09
2.9432029e-12
2.0576251e-09
3.2845587e-12
2.0554211e-09
3.5420181e-12
2.0535028e-09
3.7271122e-12
2.0518451e-09
3.8489636e-12
2.0504233e-09
3.9149413e-12
2.0492139e-09
3.9312116e-12
2.0481942e-09
3.903179e-12
2.0473426e-09
3.8358145e-12
2.0466391e-09
3.7338783e-12
2.0460645e-09
3.602055e-12
2.0456016e-09
3.4450114e-12
2.0452343e-09
3.2673936e-12
2.0449481e-09
3.0737878e-12
2.04473e-09
2.8686537e-12
2.0445686e-09
2.6562446e-12
2.0444535e-09
2.4405316e-12
2.0443759e-09
2.2251334e-12
2.0443281e-09
2.0132594e-12
2.0443038e-09
1.8076727e-12
2.0442972e-09
1.6106693e-12
2.044304e-09
1.4240748e-12
2.0443203e-09
1.2492593e-12
2.0443431e-09
1.0871635e-12
2.0443701e-09
9.3833602e-13
2.0443992e-09
8.0297821e-13
2.0444292e-09
6.8099331e-13
2.0444589e-09
5.7203644e-13
2.0444875e-09
4.7556489e-13
2.0445145e-09
3.9088531e-13
2.0445396e-09
3.1719698e-13
2.0445626e-09
2.5363078e-13
2.0445835e-09
1.9928268e-13
2.0446022e-09
1.5324165e-13
2.0446188e-09
1.1461263e-13
2.0446334e-09
8.2534218e-14
2.0446462e-09
5.6191789e-14
2.0446574e-09
3.4826722e-14
2.044667e-09
1.7742039e-14
2.0446753e-09
4.3053134e-15
2.0446824e-09
-6.0516236e-15
2.0446884e-09
-1.3832444e-14
2.0446935e-09
-1.9480569e-14
2.0446978e-09
-2.3382256e-14
2.0447015e-09
-2.5870973e-14
2.0447045e-09
-2.7232053e-14
2.044707e-09
-2.7707491e-14
2.044709e-09
-2.7500682e-14
2.0447107e-09
-2.678097e-14
2.0447121e-09
-2.5687997e-14
2.0447133e-09
-2.4335697e-14
2.0447142e-09
-2.2815928e-14
2.0447149e-09
-2.1201773e-14
2.0447155e-09
-1.9550455e-14
2.0447159e-09
-1.7905911e-14
2.0447163e-09
-1.6301076e-14
2.0447166e-09
-1.4759856e-14
2.0447168e-09
-1.3298815e-14
2.044717e-09
-1.1928636e-14
2.0447171e-09
-1.0655355e-14
2.0447171e-09
-9.4813752e-15
2.0447172e-09
-8.4063308e-15
2.0447172e-09
-7.4277763e-15
2.0447172e-09
-6.5417487e-15
2.0447173e-09
-5.743257e-15
2.0447172e-09
-5.02669e-15
2.0447172e-09
-4.3861366e-15
2.0447172e-09
-3.8156217e-15
2.0447172e-09
-3.3092475e-15
2.0447172e-09
-2.8612746e-15
2.0447172e-09
-2.4662008e-15
2.0447171e-09
-2.1188347e-15
2.0447171e-09
-1.8143466e-15
2.0447171e-09
-1.548289e-15
2.0447171e-09
-1.3165752e-15
2.044717e-09
-1.115443e-15
2.044717e-09
-9.414406e-16
2.044717e-09
-7.9142628e-16
2.044717e-09
-6.6256304e-16
2.044717e-09
-5.5230605e-16
2.044717e-09
-4.5836891e-16
2.0447169e-09
-3.7868232e-16
2.0447169e-09
-3.1137578e-16
2.0447169e-09
-2.5478002e-16
2.0447169e-09
-2.0743591e-16
2.0447169e-09
-1.68093e-16
2.0447169e-09
-1.3567094e-16
2.0447169e-09
-1.0920054e-16
2.0447169e-09
-8.7794789e-17
2.0447169e-09
-7.0660005e-17
2.0447169e-09
-5.7125393e-17
2.0447169e-09
-4.6661324e-17
2.0447169e-09
-3.8858835e-17
2.0447169e-09
-3.33879e-17
2.0447168e-09
-2.9965158e-17
2.0447168e-09
-2.8322086e-17
2.0447168e-09
-2.8179634e-17
2.0447168e-09
-2.9271821e-17
2.0447168e-09
-3.1415629e-17
2.0447168e-09
-3.4551572e-17
2.0447168e-09
-3.8679189e-17
2.0447168e-09
-4.3728315e-17
2.0447168e-09
-4.9542158e-17
2.0447168e-09
-5.6041412e-17
2.0447168e-09
-6.3349254e-17
2.0447168e-09
-7.1665603e-17
2.0447168e-09
-8.1054076e-17
2.0447168e-09
-9.1469374e-17
2.0447168e-09
-1.0298929e-16
2.0447168e-09
-1.1585796e-16
2.0447169e-09
-1.3025258e-16
2.0447169e-09
-1.4621161e-16
2.0447169e-09
-1.639149e-16
2.0447169e-09
-1.8381243e-16
2.0447169e-09
-2.0629129e-16
2.0447169e-09
-2.3146834e-16
2.0447169e-09
-2.5956453e-16
2.0447169e-09
-2.911688e-16
2.0447169e-09
-3.2685293e-16
2.0447169e-09
-3.6699295e-16
2.0447169e-09
-4.1222708e-16
2.0447169e-09
-4.6344809e-16
2.0447169e-09
-5.2127994e-16
2.0447169e-09
-5.8637035e-16
2.0447169e-09
-6.5986377e-16
2.044717e-09
-7.4292434e-16
2.044717e-09
-8.3651655e-16
2.044717e-09
-9.419687e-16
2.044717e-09
-1.0609159e-15
2.044717e-09
-1.1950436e-15
2.0447171e-09
-1.3462879e-15
2.0447171e-09
-1.5168255e-15
2.0447171e-09
-1.7090275e-15
2.0447172e-09
-1.9255871e-15
2.0447173e-09
-2.1694789e-15
2.0447173e-09
-2.4439066e-15
2.0447174e-09
-2.7526119e-15
2.0447175e-09
-3.0995214e-15
2.0447176e-09
-3.4889893e-15
2.0447178e-09
-3.9260684e-15
2.044718e-09
-4.4159979e-15
2.0447182e-09
-4.9642821e-15
2.0447185e-09
-5.5766395e-15
2.0447189e-09
-6.2587339e-15
2.0447193e-09
-7.015838e-15
2.0447199e-09
-7.8521585e-15
2.0447206e-09
-8.7696589e-15
2.0447215e-09
-9.7664871e-15
2.0447226e-09
-1.0834347e-14
2.0447241e-09
-1.1957123e-14
2.0447258e-09
-1.309647e-14
2.0447281e-09
-1.4228555e-14
-1.5130182e-14
1.6705804e-09
1.8971231e-11
1.6823439e-09
5.6941074e-11
1.702005e-09
9.6262688e-11
1.7296694e-09
1.3832764e-10
1.7655704e-09
1.8417307e-10
1.8101434e-09
2.3441957e-10
1.8640723e-09
2.8923558e-10
1.9282901e-09
3.4828247e-10
2.0039085e-09
4.1063552e-10
2.0920518e-09
4.7471075e-10
2.19346e-09
5.3811091e-10
2.3079806e-09
5.9765627e-10
2.4329563e-09
6.4886153e-10
2.562297e-09
6.8625354e-10
2.6877387e-09
7.049667e-10
2.8010855e-09
7.0215037e-10
2.8958608e-09
6.7728673e-10
2.9682735e-09
6.3206888e-10
3.0171223e-09
5.6966089e-10
3.043665e-09
4.9430703e-10
3.0511743e-09
4.1081127e-10
3.0439329e-09
3.2359236e-10
3.0266989e-09
2.3642375e-10
3.0041288e-09
1.5221513e-10
2.9801917e-09
7.2747676e-11
2.9574775e-09
-9.7513396e-13
2.9381468e-09
-6.9873951e-11
2.9227198e-09
-1.3355222e-10
2.9111963e-09
-1.9302027e-10
2.9029941e-09
-2.4888474e-10
2.8971895e-09
-3.0158242e-10
2.8927136e-09
-3.5130683e-10
2.8885016e-09
-3.9799824e-10
2.8836072e-09
-4.4137613e-10
2.8772855e-09
-4.8099778e-10
2.8690275e-09
-5.1634201e-10
2.8585444e-09
-5.469005e-10
2.8457229e-09
-5.7224989e-10
2.8305764e-09
-5.9209268e-10
2.8132042e-09
-6.0627275e-10
2.7937594e-09
-6.1477589e-10
2.7724264e-09
-6.1772114e-10
2.7494065e-09
-6.1534621e-10
2.7249092e-09
-6.079899e-10
2.6991482e-09
-5.9607317e-10
2.6723388e-09
-5.8007985e-10
2.6446963e-09
-5.6053744e-10
2.616435e-09
-5.3799843e-10
2.5877659e-09
-5.130226e-10
2.5588948e-09
-4.8616096e-10
2.5300188e-09
-4.5794177e-10
2.5013236e-09
-4.2885889e-10
2.4729804e-09
-3.9936306e-10
2.445143e-09
-3.6985582e-10
2.4179459e-09
-3.4068627e-10
2.3915026e-09
-3.1215033e-10
2.3659059e-09
-2.8449212e-10
2.3412276e-09
-2.5790697e-10
2.3175197e-09
-2.3254567e-10
2.2948166e-09
-2.0851945e-10
2.2731368e-09
-1.8590515e-10
2.2524855e-09
-1.6475045e-10
2.2328571e-09
-1.4507871e-10
2.2142377e-09
-1.2689312e-10
2.196607e-09
-1.1018047e-10
2.1799406e-09
-9.4914042e-11
2.1642116e-09
-8.1055932e-11
2.1493912e-09
-6.8558842e-11
2.1354506e-09
-5.7367433e-11
2.1223607e-09
-4.7419334e-11
2.1100927e-09
-3.8646071e-11
2.0986186e-09
-3.0973901e-11
2.0879105e-09
-2.4324695e-11
2.0779411e-09
-1.861698e-11
2.0686832e-09
-1.3767078e-11
2.0601098e-09
-9.69042e-12
2.0521937e-09
-6.3028829e-12
2.0449075e-09
-3.5222492e-12
2.0382241e-09
-1.2698936e-12
2.0321153e-09
5.2953285e-13
2.0265535e-09
1.9440926e-12
2.0215104e-09
3.0367492e-12
2.0169578e-09
3.8632064e-12
2.0128675e-09
4.4721248e-12
2.009211e-09
4.9051103e-12
2.0059601e-09
5.1970441e-12
2.0030868e-09
5.3765704e-12
2.0005633e-09
5.466751e-12
1.998362e-09
5.4858061e-12
1.9964562e-09
5.4479091e-12
1.9948193e-09
5.3639647e-12
1.9934259e-09
5.2423349e-12
1.9922514e-09
5.0894895e-12
1.991272e-09
4.910558e-12
1.9904654e-09
4.7097786e-12
1.9898104e-09
4.49084e-12
1.9892872e-09
4.2571205e-12
1.9888774e-09
4.0118455e-12
1.9885642e-09
3.7581692e-12
1.9883324e-09
3.4991979e-12
1.9881682e-09
3.2379768e-12
1.9880594e-09
2.9774485e-12
1.9879953e-09
2.7203962e-12
1.9879664e-09
2.4693884e-12
1.9879648e-09
2.2267248e-12
1.9879837e-09
1.9943929e-12
1.9880173e-09
1.7740393e-12
1.988061e-09
1.5669545e-12
1.988111e-09
1.3740714e-12
1.9881643e-09
1.1959782e-12
1.9882186e-09
1.0329408e-12
1.988272e-09
8.8493394e-13
1.9883233e-09
7.5167884e-13
1.9883716e-09
6.3268312e-13
1.9884163e-09
5.2728201e-13
1.9884572e-09
4.3467922e-13
1.9884941e-09
3.5398503e-13
1.9885271e-09
2.8425088e-13
1.9885562e-09
2.2450026e-13
1.9885817e-09
1.7375484e-13
1.9886039e-09
1.3105599e-13
1.988623e-09
9.5481981e-14
1.9886394e-09
6.6160859e-14
1.9886533e-09
4.2279483e-14
1.988665e-09
2.3089357e-14
1.9886749e-09
7.9096032e-15
1.9886831e-09
-3.8728006e-15
1.9886898e-09
-1.2803522e-14
1.9886953e-09
-1.9364034e-14
1.9886998e-09
-2.3975244e-14
1.9887035e-09
-2.7001783e-14
1.9887063e-09
-2.8756808e-14
1.9887086e-09
-2.9506903e-14
1.9887104e-09
-2.9477012e-14
1.9887117e-09
-2.8855215e-14
1.9887128e-09
-2.7797257e-14
1.9887135e-09
-2.6430814e-14
1.988714e-09
-2.4859385e-14
1.9887144e-09
-2.3165795e-14
1.9887146e-09
-2.1415353e-14
1.9887147e-09
-1.9658642e-14
1.9887147e-09
-1.7933955e-14
1.9887147e-09
-1.6269459e-14
1.9887146e-09
-1.4685049e-14
1.9887145e-09
-1.3193936e-14
1.9887144e-09
-1.1804022e-14
1.9887143e-09
-1.0519053e-14
1.9887141e-09
-9.3395664e-15
1.988714e-09
-8.2636795e-15
1.9887138e-09
-7.2877163e-15
1.9887137e-09
-6.4067185e-15
1.9887136e-09
-5.6149029e-15
1.9887134e-09
-4.9060449e-15
1.9887133e-09
-4.2737735e-15
1.9887132e-09
-3.711773e-15
1.9887131e-09
-3.213889e-15
1.988713e-09
-2.774187e-15
1.988713e-09
-2.3870227e-15
1.9887129e-09
-2.0471137e-15
1.9887128e-09
-1.749585e-15
1.9887128e-09
-1.4899805e-15
1.9887127e-09
-1.264228e-15
1.9887127e-09
-1.068592e-15
1.9887126e-09
-8.9964862e-16
1.9887126e-09
-7.5427655e-16
1.9887126e-09
-6.2965169e-16
1.9887125e-09
-5.2324269e-16
1.9887125e-09
-4.3278458e-16
1.9887125e-09
-3.5623578e-16
1.9887125e-09
-2.9175134e-16
1.9887124e-09
-2.3768237e-16
1.9887124e-09
-1.9259298e-16
1.9887124e-09
-1.5526452e-16
1.9887124e-09
-1.2464692e-16
1.9887124e-09
-9.9781715e-17
1.9887124e-09
-7.9770005e-17
1.9887124e-09
-6.3806044e-17
1.9887124e-09
-5.1234597e-17
1.9887124e-09
-4.1571366e-17
1.9887124e-09
-3.4456642e-17
1.9887124e-09
-2.9587212e-17
1.9887124e-09
-2.6683097e-17
1.9887124e-09
-2.5476367e-17
1.9887124e-09
-2.5703431e-17
1.9887124e-09
-2.7124627e-17
1.9887124e-09
-2.9570835e-17
1.9887124e-09
-3.2966737e-17
1.9887123e-09
-3.7278234e-17
1.9887123e-09
-4.2422917e-17
1.9887123e-09
-4.8282763e-17
1.9887123e-09
-5.484661e-17
1.9887123e-09
-6.2275548e-17
1.9887123e-09
-7.0744414e-17
1.9887123e-09
-8.0259508e-17
1.9887123e-09
-9.0739093e-17
1.9887123e-09
-1.0225923e-16
1.9887123e-09
-1.1508369e-16
1.9887123e-09
-1.2943186e-16
1.9887123e-09
-1.454003e-16
1.9887123e-09
-1.6318251e-16
1.9887123e-09
-1.8314315e-16
1.9887123e-09
-2.0555531e-16
1.9887123e-09
-2.3054464e-16
1.9887123e-09
-2.5846302e-16
1.9887123e-09
-2.8996032e-16
1.9887123e-09
-3.2554871e-16
1.9887123e-09
-3.6559305e-16
1.9887123e-09
-4.1077363e-16
1.9887123e-09
-4.6194677e-16
1.9887123e-09
-5.1971127e-16
1.9887123e-09
-5.8480284e-16
1.9887123e-09
-6.5838697e-16
1.9887123e-09
-7.4154386e-16
1.9887123e-09
-8.3527074e-16
1.9887123e-09
-9.409928e-16
1.9887123e-09
-1.0603817e-15
1.9887123e-09
-1.195215e-15
1.9887123e-09
-1.347568e-15
1.9887123e-09
-1.5197363e-15
1.9887123e-09
-1.7142585e-15
1.9887123e-09
-1.9341141e-15
1.9887123e-09
-2.1825441e-15
1.9887124e-09
-2.463063e-15
1.9887124e-09
-2.7799264e-15
1.9887124e-09
-3.1378245e-15
1.9887125e-09
-3.5420901e-15
1.9887126e-09
-3.9989175e-15
1.9887127e-09
-4.5150832e-15
1.9887128e-09
-5.0981677e-15
1.988713e-09
-5.7567435e-15
1.9887132e-09
-6.5002949e-15
1.9887135e-09
-7.338933e-15
1.988714e-09
-8.2829755e-15
1.9887145e-09
-9.3423558e-15
1.9887153e-09
-1.0526093e-14
1.9887163e-09
-1.1838859e-14
1.9887176e-09
-1.3284879e-14
1.9887194e-09
-1.4831647e-14
1.9887217e-09
-1.6549857e-14
-1.7830096e-14
1.6711671e-09
1.4470846e-11
1.6847461e-09
4.3362007e-11
1.7073348e-09
7.3674018e-11
1.738753e-09
1.0690947e-10
1.7788394e-09
1.4408662e-10
1.8275656e-09
1.8569342e-10
1.8850987e-09
2.3170247e-10
1.9518082e-09
2.8157291e-10
2.0282053e-09
3.3423844e-10
2.1148095e-09
3.8810654e-10
2.2118872e-09
4.4103319e-10
2.319146e-09
4.9039748e-10
2.4350035e-09
5.3300404e-10
2.5560021e-09
5.6525498e-10
2.6771213e-09
5.838475e-10
2.7927653e-09
5.8650634e-10
2.8977556e-09
5.7229641e-10
2.988126e-09
5.4169852e-10
3.0614231e-09
4.9636382e-10
3.1168546e-09
4.3887556e-10
3.1552287e-09
3.7243714e-10
3.1784958e-09
3.0032524e-10
3.1893474e-09
2.2557218e-10
3.190821e-09
1.5074155e-10
3.1858384e-09
7.7730236e-11
3.176988e-09
7.8752325e-12
3.1659325e-09
-5.8818386e-11
3.1539922e-09
-1.2161196e-10
3.1417551e-09
-1.8078313e-10
3.1293495e-09
-2.364792e-10
3.1165677e-09
-2.8880055e-10
3.1030027e-09
-3.3774183e-10
3.088169e-09
-3.8316463e-10
3.0715988e-09
-4.248059e-10
3.0529126e-09
-4.6231154e-10
3.0318582e-09
-4.9528769e-10
3.0083167e-09
-5.233589e-10
2.9822849e-09
-5.4621809e-10
2.9538516e-09
-5.6365941e-10
2.9231735e-09
-5.7559471e-10
2.8904556e-09
-5.8205797e-10
2.8559357e-09
-5.832012e-10
2.8198738e-09
-5.792843e-10
2.7825446e-09
-5.7066075e-10
2.7442322e-09
-5.5776074e-10
2.7052251e-09
-5.4107273e-10
2.665812e-09
-5.2112444e-10
2.6262776e-09
-4.9846396e-10
2.5868968e-09
-4.7364179e-10
2.5479305e-09
-4.4719467e-10
2.5096204e-09
-4.1963172e-10
2.4721849e-09
-3.9142334e-10
2.435815e-09
-3.6299323e-10
2.4006727e-09
-3.3471345e-10
2.3668887e-09
-3.0690229e-10
2.3345632e-09
-2.798248e-10
2.3037663e-09
-2.5369525e-10
2.2745404e-09
-2.2868113e-10
2.2469029e-09
-2.0490816e-10
2.2208493e-09
-1.824658e-10
2.1963568e-09
-1.6141269e-10
2.1733883e-09
-1.4178191e-10
2.1518953e-09
-1.2358571e-10
2.1318215e-09
-1.0681935e-10
2.1131056e-09
-9.1464503e-11
2.0956832e-09
-7.7491666e-11
2.0794893e-09
-6.4862008e-11
2.0644591e-09
-5.3528725e-11
2.0505297e-09
-4.3437962e-11
2.0376398e-09
-3.4529482e-11
2.0257311e-09
-2.6737303e-11
2.0147475e-09
-1.9990329e-11
2.0046359e-09
-1.4213093e-11
1.9953456e-09
-9.3267065e-12
1.9868284e-09
-5.2498433e-12
1.9790383e-09
-1.90036e-12
1.9719316e-09
8.0383856e-13
1.9654665e-09
2.9428501e-12
1.9596028e-09
4.5937622e-12
1.9543029e-09
5.8294631e-12
1.9495299e-09
6.7170604e-12
1.945249e-09
7.3176683e-12
1.9414266e-09
7.6856219e-12
1.9380305e-09
7.8682649e-12
1.9350296e-09
7.9060021e-12
1.932394e-09
7.8325951e-12
1.9300949e-09
7.6756463e-12
1.9281045e-09
7.4572286e-12
1.9263957e-09
7.1946057e-12
1.9249426e-09
6.9009948e-12
1.9237202e-09
6.5863175e-12
1.9227047e-09
6.2579075e-12
1.921873e-09
5.9211428e-12
1.9212036e-09
5.579985e-12
1.9206759e-09
5.2374263e-12
1.9202709e-09
4.8958332e-12
1.9199709e-09
4.5571955e-12
1.9197594e-09
4.2232989e-12
1.9196217e-09
3.8958262e-12
1.9195445e-09
3.5764017e-12
1.9195159e-09
3.2666012e-12
1.9195254e-09
2.9679322e-12
1.919564e-09
2.6817988e-12
1.919624e-09
2.4094631e-12
1.9196987e-09
2.1520069e-12
1.9197828e-09
1.910299e-12
1.9198718e-09
1.6849744e-12
1.9199624e-09
1.476422e-12
1.9200517e-09
1.2847842e-12
1.9201377e-09
1.1099669e-12
1.920219e-09
9.5165726e-13
1.9202945e-09
8.0934758e-13
1.9203639e-09
6.823649e-13
1.9204266e-09
5.69902e-13
1.9204829e-09
4.7104901e-13
1.9205327e-09
3.8482483e-13
1.9205765e-09
3.102061e-13
1.9206146e-09
2.4615317e-13
1.9206475e-09
1.9163312e-13
1.9206756e-09
1.4563887e-13
1.9206994e-09
1.0720445e-13
1.9207195e-09
7.541696e-14
1.9207362e-09
4.9424885e-14
1.9207501e-09
2.8443497e-14
1.9207614e-09
1.1757695e-14
1.9207706e-09
-1.2776034e-15
1.920778e-09
-1.1238409e-14
1.9207838e-09
-1.8634195e-14
1.9207883e-09
-2.3911788e-14
1.9207918e-09
-2.7459502e-14
1.9207944e-09
-2.9611981e-14
1.9207963e-09
-3.0655168e-14
1.9207976e-09
-3.0831265e-14
1.9207985e-09
-3.0343611e-14
1.920799e-09
-2.9361328e-14
1.9207992e-09
-2.8023677e-14
1.9207993e-09
-2.6444122e-14
1.9207991e-09
-2.4714002e-14
1.9207989e-09
-2.2905809e-14
1.9207985e-09
-2.1076136e-14
1.9207981e-09
-1.9268259e-14
1.9207977e-09
-1.7514393e-14
1.9207973e-09
-1.5837674e-14
1.9207968e-09
-1.4253872e-14
1.9207964e-09
-1.2772833e-14
1.920796e-09
-1.1399751e-14
1.9207956e-09
-1.0136218e-14
1.9207953e-09
-8.9810812e-15
1.9207949e-09
-7.931143e-15
1.9207946e-09
-6.9817095e-15
1.9207944e-09
-6.1270482e-15
1.9207941e-09
-5.3608071e-15
1.9207939e-09
-4.6763708e-15
1.9207937e-09
-4.0671207e-15
1.9207935e-09
-3.5265979e-15
1.9207933e-09
-3.0485736e-15
1.9207932e-09
-2.6270871e-15
1.920793e-09
-2.2565092e-15
1.9207929e-09
-1.9316098e-15
1.9207928e-09
-1.6475992e-15
1.9207927e-09
-1.4001304e-15
1.9207927e-09
-1.185255e-15
1.9207926e-09
-9.9936152e-16
1.9207925e-09
-8.3913569e-16
1.9207925e-09
-7.0154157e-16
1.9207924e-09
-5.8382394e-16
1.9207924e-09
-4.8351998e-16
1.9207924e-09
-3.984421e-16
1.9207923e-09
-3.2662951e-16
1.9207923e-09
-2.6631015e-16
1.9207923e-09
-2.1589864e-16
1.9207923e-09
-1.7402081e-16
1.9207922e-09
-1.3951645e-16
1.9207922e-09
-1.1137471e-16
1.9207922e-09
-8.8646328e-17
1.9207922e-09
-7.0425425e-17
1.9207922e-09
-5.5915282e-17
1.9207922e-09
-4.4506984e-17
1.9207922e-09
-3.5788863e-17
1.9207922e-09
-2.9467613e-17
1.9207922e-09
-2.5275574e-17
1.9207922e-09
-2.2936308e-17
1.9207922e-09
-2.2173236e-17
1.9207922e-09
-2.2727852e-17
1.9207922e-09
-2.4386875e-17
1.9207922e-09
-2.7009761e-17
1.9207922e-09
-3.0527771e-17
1.9207922e-09
-3.4896469e-17
1.9207922e-09
-4.0040081e-17
1.9207922e-09
-4.5879656e-17
1.9207921e-09
-5.2439783e-17
1.9207921e-09
-5.9865976e-17
1.9207921e-09
-6.827664e-17
1.9207921e-09
-7.7644724e-17
1.9207921e-09
-8.7908883e-17
1.9207921e-09
-9.9183723e-17
1.9207921e-09
-1.1175336e-16
1.9207921e-09
-1.2584817e-16
1.9207921e-09
-1.4156474e-16
1.9207921e-09
-1.5904383e-16
1.9207921e-09
-1.7854546e-16
1.9207921e-09
-2.0029521e-16
1.9207921e-09
-2.2451653e-16
1.9207921e-09
-2.5168475e-16
1.9207921e-09
-2.8241519e-16
1.9207921e-09
-3.1711141e-16
1.9207921e-09
-3.5614827e-16
1.9207921e-09
-4.002519e-16
1.9207921e-09
-4.5022494e-16
1.920792e-09
-5.0664952e-16
1.920792e-09
-5.7030846e-16
1.920792e-09
-6.4230249e-16
1.920792e-09
-7.2361252e-16
1.920792e-09
-8.153049e-16
1.9207919e-09
-9.188781e-16
1.9207919e-09
-1.0359849e-15
1.9207919e-09
-1.1684452e-15
1.9207919e-09
-1.3184216e-15
1.9207918e-09
-1.4883004e-15
1.9207918e-09
-1.6807405e-15
1.9207918e-09
-1.8988747e-15
1.9207917e-09
-2.1461172e-15
1.9207917e-09
-2.4262647e-15
1.9207917e-09
-2.7440217e-15
1.9207916e-09
-3.1047248e-15
1.9207916e-09
-3.5144925e-15
1.9207916e-09
-3.9804968e-15
1.9207916e-09
-4.5110285e-15
1.9207916e-09
-5.1158341e-15
1.9207916e-09
-5.8063475e-15
1.9207917e-09
-6.5957215e-15
1.9207919e-09
-7.4989796e-15
1.9207921e-09
-8.5333245e-15
1.9207925e-09
-9.7181242e-15
1.9207931e-09
-1.1075229e-14
1.9207939e-09
-1.2625955e-14
1.920795e-09
-1.4398705e-14
1.9207965e-09
-1.6381405e-14
1.9207987e-09
-1.8739791e-14
-2.0395133e-14
1.6718353e-09
9.3021783e-12
1.6874798e-09
2.7717523e-11
1.7133301e-09
4.7823751e-11
1.7487813e-09
7.1458259e-11
1.7931437e-09
9.972421e-11
1.8458352e-09
1.330019e-10
1.9064819e-09
1.7105583e-10
1.9749402e-09
2.1311459e-10
2.0512473e-09
2.5793134e-10
2.1355051e-09
3.0384876e-10
2.2276869e-09
3.4885138e-10
2.3274239e-09
3.9066042e-10
2.4336467e-09
4.2678131e-10
2.544262e-09
4.5463958e-10
2.6561934e-09
4.7191618e-10
2.7657825e-09
4.7691721e-10
2.869303e-09
4.6877595e-10
2.9634663e-09
4.4753521e-10
3.0457556e-09
4.1407452e-10
3.1146479e-09
3.6998324e-10
3.1697047e-09
3.173803e-10
3.2114219e-09
2.5860806e-10
3.241013e-09
1.9598107e-10
3.260161e-09
1.3159355e-10
3.2707287e-09
6.7162514e-11
3.2745607e-09
4.0432832e-12
3.2729818e-09
-5.7239471e-11
3.267221e-09
-1.1585123e-10
3.2580341e-09
-1.7159621e-10
3.2458493e-09
-2.2429435e-10
3.2308396e-09
-2.7379087e-10
3.2130027e-09
-3.1990495e-10
3.192242e-09
-3.6240394e-10
3.1684374e-09
-4.0100134e-10
3.1415003e-09
-4.3537441e-10
3.1114079e-09
-4.651953e-10
3.0782173e-09
-4.901683e-10
3.0420633e-09
-5.100641e-10
3.0031486e-09
-5.2474469e-10
2.9617314e-09
-5.3417752e-10
2.9181137e-09
-5.3844025e-10
2.8726306e-09
-5.3771809e-10
2.8256413e-09
-5.3229505e-10
2.7775213e-09
-5.2254068e-10
2.7286542e-09
-5.0889372e-10
2.6794252e-09
-4.918437e-10
2.6302126e-09
-4.7191178e-10
2.5813805e-09
-4.4963186e-10
2.5332716e-09
-4.2553291e-10
2.4862002e-09
-4.0012333e-10
2.4404467e-09
-3.7387818e-10
2.3962528e-09
-3.4722941e-10
2.353819e-09
-3.2055945e-10
2.3133034e-09
-2.941979e-10
2.2748222e-09
-2.6842106e-10
2.2384512e-09
-2.4345382e-10
2.2042293e-09
-2.1947335e-10
2.1721622e-09
-1.9661401e-10
2.1422269e-09
-1.7497293e-10
2.1143769e-09
-1.5461574e-10
2.0885463e-09
-1.3558211e-10
2.0646551e-09
-1.1789073e-10
2.042613e-09
-1.015436e-10
2.0223231e-09
-8.6529486e-11
2.0036852e-09
-7.2826597e-11
1.9865981e-09
-6.0404514e-11
1.9709615e-09
-4.9225428e-11
1.9566778e-09
-3.9244995e-11
1.9436526e-09
-3.0412817e-11
1.9317959e-09
-2.2672763e-11
1.9210219e-09
-1.5963329e-11
1.9112497e-09
-1.0218066e-11
1.9024028e-09
-5.3661915e-12
1.8944097e-09
-1.3336531e-12
1.8872032e-09
1.9567159e-12
1.8807206e-09
4.5822411e-12
1.8749036e-09
6.6208154e-12
1.869698e-09
8.1484684e-12
1.8650534e-09
9.2383384e-12
1.8609234e-09
9.9594148e-12
1.857265e-09
1.0375473e-11
1.8540384e-09
1.0544312e-11
1.8512067e-09
1.0517288e-11
1.8487359e-09
1.0339056e-11
1.8465943e-09
1.0047616e-11
1.8447523e-09
9.6745952e-12
1.8431823e-09
9.245708e-12
1.8418581e-09
8.7813517e-12
1.8407554e-09
8.2972901e-12
1.8398511e-09
7.8053732e-12
1.8391231e-09
7.3142442e-12
1.838551e-09
6.8300103e-12
1.8381153e-09
6.3568436e-12
1.8377978e-09
5.8974942e-12
1.8375815e-09
5.4537221e-12
1.8374507e-09
5.0266328e-12
1.837391e-09
4.6169268e-12
1.8373892e-09
4.2250795e-12
1.8374336e-09
3.8514535e-12
1.8375136e-09
3.4963599e-12
1.8376202e-09
3.160085e-12
1.8377452e-09
2.8428885e-12
1.837882e-09
2.5449851e-12
1.838025e-09
2.2665208e-12
1.8381694e-09
2.0075467e-12
1.8383117e-09
1.7679947e-12
1.838449e-09
1.5476622e-12
1.8385792e-09
1.3462029e-12
1.8387009e-09
1.1631243e-12
1.8388131e-09
9.9779549e-13
1.8389153e-09
8.4945881e-13
1.8390074e-09
7.1724714e-13
1.8390895e-09
6.0020497e-13
1.8391621e-09
4.9731078e-13
1.8392257e-09
4.0749957e-13
1.8392808e-09
3.2968537e-13
1.8393282e-09
2.6278164e-13
1.8393687e-09
2.0571943e-13
1.8394028e-09
1.574632e-13
1.8394315e-09
1.1702361e-13
1.8394552e-09
8.3467407e-14
1.8394747e-09
5.5924708e-14
1.8394905e-09
3.3593523e-14
1.8395032e-09
1.5742083e-14
1.8395133e-09
1.7092763e-15
1.8395211e-09
-9.0969016e-15
1.8395271e-09
-1.7201182e-14
1.8395315e-09
-2.3065209e-14
1.8395347e-09
-2.7091417e-14
1.8395368e-09
-2.9627756e-14
1.8395382e-09
-3.0972605e-14
1.8395389e-09
-3.1379699e-14
1.8395391e-09
-3.106292e-14
1.839539e-09
-3.0200947e-14
1.8395386e-09
-2.894161e-14
1.839538e-09
-2.7405947e-14
1.8395372e-09
-2.569194e-14
1.8395364e-09
-2.387788e-14
1.8395355e-09
-2.2025344e-14
1.8395346e-09
-2.0181862e-14
1.8395337e-09
-1.8383252e-14
1.8395329e-09
-1.6655633e-14
1.839532e-09
-1.5017217e-14
1.8395313e-09
-1.3479817e-14
1.8395305e-09
-1.2050152e-14
1.8395299e-09
-1.0730982e-14
1.8395293e-09
-9.5220404e-15
1.8395287e-09
-8.4207891e-15
1.8395282e-09
-7.423016e-15
1.8395277e-09
-6.5233032e-15
1.8395273e-09
-5.7154282e-15
1.839527e-09
-4.9927459e-15
1.8395266e-09
-4.3485096e-15
1.8395263e-09
-3.7760933e-15
1.8395261e-09
-3.2691122e-15
1.8395259e-09
-2.821459e-15
1.8395257e-09
-2.4273263e-15
1.8395255e-09
-2.0812621e-15
1.8395253e-09
-1.7782353e-15
1.8395252e-09
-1.5136732e-15
1.8395251e-09
-1.2834571e-15
1.839525e-09
-1.0838669e-15
1.8395249e-09
-9.1150399e-16
1.8395248e-09
-7.6323391e-16
1.8395247e-09
-6.3616401e-16
1.8395247e-09
-5.2766201e-16
1.8395246e-09
-4.3539003e-16
1.8395246e-09
-3.5729665e-16
1.8395246e-09
-2.9155981e-16
1.8395245e-09
-2.3653311e-16
1.8395245e-09
-1.9073638e-16
1.8395245e-09
-1.5288069e-16
1.8395245e-09
-1.2186787e-16
1.8395245e-09
-9.6721363e-17
1.8395244e-09
-7.6506423e-17
1.8395244e-09
-6.0335251e-17
1.8395244e-09
-4.7457786e-17
1.8395244e-09
-3.7346131e-17
1.8395244e-09
-2.9680933e-17
1.8395244e-09
-2.4236049e-17
1.8395244e-09
-2.076296e-17
1.8395244e-09
-1.8966522e-17
1.8395244e-09
-1.855606e-17
1.8395244e-09
-1.9303736e-17
1.8395244e-09
-2.1064622e-17
1.8395244e-09
-2.3754071e-17
1.8395244e-09
-2.7312371e-17
1.8395244e-09
-3.1675504e-17
1.8395244e-09
-3.6757889e-17
1.8395244e-09
-4.2486752e-17
1.8395244e-09
-4.8883359e-17
1.8395244e-09
-5.6074368e-17
1.8395244e-09
-6.4174246e-17
1.8395244e-09
-7.3185754e-17
1.8395243e-09
-8.3080642e-17
1.8395243e-09
-9.3967782e-17
1.8395243e-09
-1.0609264e-16
1.8395243e-09
-1.1964967e-16
1.8395243e-09
-1.3471278e-16
1.8395243e-09
-1.5139392e-16
1.8395243e-09
-1.6991981e-16
1.8395243e-09
-1.9052236e-16
1.8395243e-09
-2.1348893e-16
1.8395243e-09
-2.3932732e-16
1.8395243e-09
-2.6857486e-16
1.8395242e-09
-3.0154696e-16
1.8395242e-09
-3.3864507e-16
1.8395242e-09
-3.8063688e-16
1.8395242e-09
-4.2826825e-16
1.8395242e-09
-4.8206587e-16
1.8395241e-09
-5.4278103e-16
1.8395241e-09
-6.1142492e-16
1.8395241e-09
-6.8892109e-16
1.839524e-09
-7.7639274e-16
1.839524e-09
-8.7534331e-16
1.8395239e-09
-9.8735042e-16
1.8395239e-09
-1.1142319e-15
1.8395238e-09
-1.2582134e-15
1.8395238e-09
-1.4217162e-15
1.8395237e-09
-1.6074028e-15
1.8395236e-09
-1.8184261e-15
1.8395235e-09
-2.0583074e-15
1.8395234e-09
-2.3310624e-15
1.8395233e-09
-2.641657e-15
1.8395232e-09
-2.9958253e-15
1.8395231e-09
-3.4002785e-15
1.839523e-09
-3.8630547e-15
1.8395229e-09
-4.3937549e-15
1.8395227e-09
-5.0038988e-15
1.8395226e-09
-5.7073624e-15
1.8395226e-09
-6.5206693e-15
1.8395225e-09
-7.4634995e-15
1.8395226e-09
-8.5599044e-15
1.8395227e-09
-9.83915e-15
1.8395229e-09
-1.1336541e-14
1.8395234e-09
-1.3092135e-14
1.8395242e-09
-1.5160977e-14
1.8395254e-09
-1.7570103e-14
1.8395272e-09
-2.0557251e-14
-2.2532049e-14
1.672733e-09
3.235849e-12
1.6911125e-09
9.3380511e-12
1.7211453e-09
1.7790909e-11
1.7615363e-09
3.1067256e-11
1.8108384e-09
5.0422129e-11
1.8677795e-09
7.6060781e-11
1.9314122e-09
1.0742315e-10
2.0011459e-09
1.4338084e-10
2.0766882e-09
1.8238912e-10
2.157916e-09
2.2262092e-10
2.2446984e-09
2.6206894e-10
2.3367129e-09
2.9864596e-10
2.4332309e-09
3.3026333e-10
2.5329353e-09
3.5493519e-10
2.6338991e-09
3.709524e-10
2.7337479e-09
3.7706839e-10
2.8299142e-09
3.7260959e-10
2.9199286e-09
3.5752087e-10
3.0016672e-09
3.323359e-10
3.0735467e-09
2.9810375e-10
3.1346472e-09
2.5627974e-10
3.1847043e-09
2.0855102e-10
3.2240213e-09
1.5666409e-10
3.2533332e-09
1.0228163e-10
3.273633e-09
4.6862704e-11
3.2860733e-09
-8.3969772e-12
3.2914912e-09
-6.2657456e-11
3.2908291e-09
-1.151891e-10
3.2847373e-09
-1.6550442e-10
3.2736783e-09
-2.1323529e-10
3.257954e-09
-2.5806656e-10
3.2377487e-09
-2.9969972e-10
3.2131784e-09
-3.3783358e-10
3.184337e-09
-3.7215993e-10
3.1513354e-09
-4.0237287e-10
3.1143285e-09
-4.2818835e-10
3.0735289e-09
-4.493687e-10
3.0292109e-09
-4.6574612e-10
2.9817069e-09
-4.7724069e-10
2.9314002e-09
-4.8387086e-10
2.8787165e-09
-4.8575653e-10
2.8241139e-09
-4.8311551e-10
2.7680732e-09
-4.7625431e-10
2.7110871e-09
-4.6555458e-10
2.6536498e-09
-4.5145641e-10
2.596246e-09
-4.3443988e-10
2.5393403e-09
-4.1500611e-10
2.4833675e-09
-3.9365904e-10
2.4287235e-09
-3.7088889e-10
2.3757584e-09
-3.4715827e-10
2.3247715e-09
-3.2289124e-10
2.2760078e-09
-2.9846578e-10
2.2296579e-09
-2.7420948e-10
2.1858583e-09
-2.5039827e-10
2.1446948e-09
-2.2725764e-10
2.106207e-09
-2.0496597e-10
2.0703928e-09
-1.8365918e-10
2.037215e-09
-1.6343622e-10
2.006607e-09
-1.4436488e-10
1.9784787e-09
-1.2648745e-10
1.9527225e-09
-1.0982589e-10
1.929218e-09
-9.4386275e-11
1.9078369e-09
-8.0162513e-11
1.8884465e-09
-6.7139007e-11
1.8709126e-09
-5.5292699e-11
1.8551024e-09
-4.4594307e-11
1.8408859e-09
-3.5008991e-11
1.8281376e-09
-2.6496694e-11
1.816737e-09
-1.9012213e-11
1.8065695e-09
-1.2505213e-11
1.7975265e-09
-6.9203944e-12
1.7895061e-09
-2.1976632e-12
1.7824127e-09
1.7272527e-12
1.776157e-09
4.9220548e-12
1.7706567e-09
7.4570183e-12
1.7658354e-09
9.4034636e-12
1.7616235e-09
1.0832785e-11
1.757957e-09
1.1814947e-11
1.7547781e-09
1.2417189e-11
1.7520347e-09
1.2702902e-11
1.7496795e-09
1.2730629e-11
1.7476705e-09
1.2553334e-11
1.7459698e-09
1.2217961e-11
1.7445436e-09
1.1765221e-11
1.7433616e-09
1.1229631e-11
1.7423964e-09
1.0639778e-11
1.7416234e-09
1.0018751e-11
1.7410201e-09
9.3846899e-12
1.7405659e-09
8.7514211e-12
1.7402422e-09
8.1291156e-12
1.7400315e-09
7.5249398e-12
1.7399178e-09
6.9436741e-12
1.7398864e-09
6.3882665e-12
1.7399236e-09
5.8603085e-12
1.7400169e-09
5.360438e-12
1.7401549e-09
4.8886568e-12
1.7403272e-09
4.4445705e-12
1.7405247e-09
4.0275658e-12
1.7407392e-09
3.6369283e-12
1.7409637e-09
3.271911e-12
1.741192e-09
2.9317734e-12
1.7414191e-09
2.6157921e-12
1.7416408e-09
2.323254e-12
1.7418539e-09
2.0534438e-12
1.7420558e-09
1.8056267e-12
1.7422448e-09
1.5790307e-12
1.7424196e-09
1.3728343e-12
1.7425797e-09
1.1861584e-12
1.7427247e-09
1.0180628e-12
1.742855e-09
8.6754972e-13
1.7429709e-09
7.3357038e-13
1.7430731e-09
6.1503563e-13
1.7431625e-09
5.1082946e-13
1.7432399e-09
4.1982346e-13
1.7433065e-09
3.4089137e-13
1.7433633e-09
2.7292369e-13
1.7434112e-09
2.1484074e-13
1.7434514e-09
1.6560412e-13
1.7434846e-09
1.2422646e-13
1.7435118e-09
8.9779031e-14
1.7435339e-09
6.139717e-14
1.7435516e-09
3.8283854e-14
1.7435654e-09
1.9711286e-14
1.7435762e-09
5.0208878e-15
1.7435842e-09
-6.3780644e-15
1.7435902e-09
-1.5010873e-14
1.7435943e-09
-2.1340689e-14
1.743597e-09
-2.5772603e-14
1.7435986e-09
-2.8658025e-14
1.7435992e-09
-3.0299357e-14
1.7435992e-09
-3.0954752e-14
1.7435987e-09
-3.0842757e-14
1.7435978e-09
-3.0146761e-14
1.7435966e-09
-2.9019237e-14
1.7435952e-09
-2.7585687e-14
1.7435938e-09
-2.5948272e-14
1.7435923e-09
-2.4189151e-14
1.7435908e-09
-2.2373448e-14
1.7435893e-09
-2.0551883e-14
1.7435879e-09
-1.8763116e-14
1.7435865e-09
-1.7035788e-14
1.7435853e-09
-1.5390279e-14
1.7435841e-09
-1.3840262e-14
1.743583e-09
-1.2394013e-14
1.743582e-09
-1.105555e-14
1.7435811e-09
-9.8256192e-15
1.7435803e-09
-8.7025086e-15
1.7435795e-09
-7.6826837e-15
1.7435789e-09
-6.7612832e-15
1.7435783e-09
-5.9325079e-15
1.7435778e-09
-5.1899685e-15
1.7435773e-09
-4.527028e-15
1.7435769e-09
-3.9370852e-15
1.7435765e-09
-3.413755e-15
1.7435762e-09
-2.9509457e-15
1.7435759e-09
-2.5428667e-15
1.7435757e-09
-2.1840397e-15
1.7435755e-09
-1.8693502e-15
1.7435753e-09
-1.5941088e-15
1.7435751e-09
-1.3540847e-15
1.743575e-09
-1.1454944e-15
1.7435749e-09
-9.6493615e-16
1.7435748e-09
-8.0929729e-16
1.7435747e-09
-6.756824e-16
1.7435746e-09
-5.6139312e-16
1.7435745e-09
-4.6397221e-16
1.7435745e-09
-3.8126607e-16
1.7435744e-09
-3.1142534e-16
1.7435744e-09
-2.5282908e-16
1.7435744e-09
-2.0400109e-16
1.7435744e-09
-1.6358446e-16
1.7435743e-09
-1.3037228e-16
1.7435743e-09
-1.0332149e-16
1.7435743e-09
-8.1497657e-17
1.7435743e-09
-6.4010161e-17
1.7435743e-09
-5.0031838e-17
1.7435743e-09
-3.8897375e-17
1.7435743e-09
-3.0177537e-17
1.7435742e-09
-2.3635615e-17
1.7435742e-09
-1.9083757e-17
1.7435742e-09
-1.6268376e-17
1.7435742e-09
-1.4883193e-17
1.7435742e-09
-1.4668527e-17
1.7435742e-09
-1.548104e-17
1.7435742e-09
-1.7267384e-17
1.7435742e-09
-1.9981319e-17
1.7435742e-09
-2.3536233e-17
1.7435742e-09
-2.7816364e-17
1.7435742e-09
-3.2706571e-17
1.7435742e-09
-3.8141346e-17
1.7435742e-09
-4.4170604e-17
1.7435742e-09
-5.0950416e-17
1.7435742e-09
-5.8616146e-17
1.7435742e-09
-6.7175865e-17
1.7435742e-09
-7.6575988e-17
1.7435742e-09
-8.686509e-17
1.7435742e-09
-9.8228745e-17
1.7435742e-09
-1.1085556e-16
1.7435741e-09
-1.2486038e-16
1.7435741e-09
-1.4036247e-16
1.7435741e-09
-1.5752671e-16
1.7435741e-09
-1.7654583e-16
1.7435741e-09
-1.9774265e-16
1.7435741e-09
-2.2162146e-16
1.7435741e-09
-2.4863123e-16
1.743574e-09
-2.7905356e-16
1.743574e-09
-3.1335005e-16
1.743574e-09
-3.5226961e-16
1.7435739e-09
-3.964302e-16
1.7435739e-09
-4.4628745e-16
1.7435739e-09
-5.0255876e-16
1.7435738e-09
-5.6615441e-16
1.7435738e-09
-6.3793682e-16
1.7435737e-09
-7.1903144e-16
1.7435737e-09
-8.1088582e-16
1.7435736e-09
-9.1500179e-16
1.7435735e-09
-1.0331547e-15
1.7435734e-09
-1.1675474e-15
1.7435733e-09
-1.320551e-15
1.7435732e-09
-1.49473e-15
1.7435731e-09
-1.693137e-15
1.7435729e-09
-1.9192818e-15
1.7435728e-09
-2.1772626e-15
1.7435726e-09
-2.4721238e-15
1.7435724e-09
-2.8097556e-15
1.7435722e-09
-3.1971377e-15
1.743572e-09
-3.6428519e-15
1.7435718e-09
-4.1575242e-15
1.7435715e-09
-4.7539227e-15
1.7435712e-09
-5.4473864e-15
1.743571e-09
-6.2569806e-15
1.7435707e-09
-7.2066279e-15
1.7435705e-09
-8.3262268e-15
1.7435703e-09
-9.6532508e-15
1.7435702e-09
-1.1235175e-14
1.7435702e-09
-1.3131546e-14
1.7435705e-09
-1.5424319e-14
1.7435711e-09
-1.8195431e-14
1.7435723e-09
-2.170548e-14
-2.3885087e-14
1.6741048e-09
-4.2022663e-12
1.6965214e-09
-1.307856e-11
1.7324185e-09
-1.8106151e-11
1.779291e-09
-1.5805315e-11
1.8345624e-09
-4.8492791e-12
1.8961021e-09
1.4521133e-11
1.9623997e-09
4.1125589e-11
2.0325616e-09
7.3218927e-11
2.1061871e-09
1.0876362e-10
2.1831721e-09
1.4563593e-10
2.2634994e-09
1.8174161e-10
2.3470458e-09
2.150995e-10
2.4334151e-09
2.438941e-10
2.5218177e-09
2.6653253e-10
2.6110445e-09
2.817256e-10
2.6995413e-09
2.8857166e-10
2.7855457e-09
2.8660518e-10
2.8672574e-09
2.7580915e-10
2.9430036e-09
2.5658969e-10
3.0113835e-09
2.2972385e-10
3.0713773e-09
1.9628593e-10
3.1223866e-09
1.5754173e-10
3.1642157e-09
1.1483497e-10
3.1970102e-09
6.9487146e-11
3.221164e-09
2.2708877e-11
3.2372139e-09
-2.4446791e-11
3.2456849e-09
-7.1128525e-11
3.2471244e-09
-1.1662858e-10
3.2419964e-09
-1.6037646e-10
3.2306749e-09
-2.0191369e-10
3.2134565e-09
-2.408482e-10
3.1905834e-09
-2.768266e-10
3.1622705e-09
-3.0952073e-10
3.128735e-09
-3.3862439e-10
3.0902213e-09
-3.6385922e-10
3.0470206e-09
-3.8498762e-10
2.9994811e-09
-4.0182915e-10
2.9480113e-09
-4.1427639e-10
2.8930776e-09
-4.2230692e-10
2.8351964e-09
-4.2598966e-10
2.7749249e-09
-4.2548503e-10
2.7128488e-09
-4.2103946e-10
2.6495693e-09
-4.1297479e-10
2.5856887e-09
-4.0167402e-10
2.5217968e-09
-3.8756448e-10
2.4584568e-09
-3.7109985e-10
2.3961931e-09
-3.5274243e-10
2.3354807e-09
-3.3294669e-10
2.2767369e-09
-3.1214509e-10
2.2203154e-09
-2.9073676e-10
2.1665036e-09
-2.6907936e-10
2.1155219e-09
-2.4748416e-10
2.0675266e-09
-2.2621413e-10
2.022613e-09
-2.0548468e-10
1.9808217e-09
-1.8546636e-10
1.9421449e-09
-1.6628919e-10
1.9065337e-09
-1.480479e-10
1.8739049e-09
-1.3080747e-10
1.8441488e-09
-1.1460878e-10
1.8171351e-09
-9.947374e-11
1.792719e-09
-8.5409785e-11
1.7707463e-09
-7.2413564e-11
1.7510575e-09
-6.0473781e-11
1.7334917e-09
-4.9573134e-11
1.7178885e-09
-3.9689578e-11
1.7040912e-09
-3.0796931e-11
1.6919472e-09
-2.2864999e-11
1.68131e-09
-1.5859488e-11
1.6720395e-09
-9.741743e-12
1.6640028e-09
-4.468471e-12
1.6570743e-09
8.0520484e-15
1.6511364e-09
3.7402735e-12
1.6460791e-09
6.7845117e-12
1.6418008e-09
9.2004193e-12
1.6382077e-09
1.1050076e-11
1.6352144e-09
1.2396792e-11
1.6327432e-09
1.3303914e-11
1.6307246e-09
1.3833577e-11
1.6290963e-09
1.4045473e-11
1.6278034e-09
1.3995816e-11
1.6267976e-09
1.3736435e-11
1.6260368e-09
1.3314124e-11
1.6254845e-09
1.2770238e-11
1.6251092e-09
1.2140519e-11
1.6248837e-09
1.1455135e-11
1.6247846e-09
1.073893e-11
1.6247915e-09
1.0011815e-11
1.624887e-09
9.2892581e-12
1.6250555e-09
8.5828593e-12
1.6252837e-09
7.9009363e-12
1.6255595e-09
7.2491043e-12
1.6258724e-09
6.6308285e-12
1.6262127e-09
6.0479178e-12
1.6265721e-09
5.5009516e-12
1.6269429e-09
4.9896428e-12
1.6273184e-09
4.5131268e-12
1.6276928e-09
4.0701816e-12
1.628061e-09
3.6593956e-12
1.6284186e-09
3.2792809e-12
1.6287622e-09
2.9283444e-12
1.6290888e-09
2.6051313e-12
1.6293964e-09
2.3082429e-12
1.6296833e-09
2.0363379e-12
1.6299486e-09
1.7881269e-12
1.6301919e-09
1.5623606e-12
1.6304131e-09
1.3578166e-12
1.6306126e-09
1.1732892e-12
1.6307912e-09
1.0075809e-12
1.6309498e-09
8.5949799e-13
1.6310895e-09
7.2784951e-13
1.6312116e-09
6.1144998e-13
1.6313175e-09
5.0912389e-13
1.6314086e-09
4.1971296e-13
1.6314864e-09
3.4208396e-13
1.6315521e-09
2.7513672e-13
1.6316072e-09
2.1781236e-13
1.631653e-09
1.6910047e-13
1.6316905e-09
1.2804525e-13
1.631721e-09
9.3750628e-14
1.6317454e-09
6.5383827e-14
1.6317646e-09
4.2177544e-14
1.6317795e-09
2.3430816e-14
1.6317907e-09
8.5085396e-15
1.6317988e-09
-3.1600464e-15
1.6318046e-09
-1.2083824e-14
1.6318083e-09
-1.8712743e-14
1.6318104e-09
-2.3441553e-14
1.6318112e-09
-2.6613867e-14
1.6318111e-09
-2.8526466e-14
1.6318102e-09
-2.943368e-14
1.6318088e-09
-2.9551754e-14
1.631807e-09
-2.9063023e-14
1.631805e-09
-2.8119853e-14
1.6318028e-09
-2.6848355e-14
1.6318006e-09
-2.5351814e-14
1.6317984e-09
-2.3713823e-14
1.6317962e-09
-2.2001154e-14
1.6317941e-09
-2.0266291e-14
1.6317921e-09
-1.8549683e-14
1.6317902e-09
-1.6881732e-14
1.6317884e-09
-1.5284527e-14
1.6317868e-09
-1.377333e-14
1.6317853e-09
-1.235788e-14
1.631784e-09
-1.1043496e-14
1.6317827e-09
-9.8320397e-15
1.6317816e-09
-8.7227562e-15
1.6317807e-09
-7.712957e-15
1.6317798e-09
-6.7985403e-15
1.631779e-09
-5.9743874e-15
1.6317783e-09
-5.2346771e-15
1.6317777e-09
-4.573185e-15
1.6317771e-09
-3.9835859e-15
1.6317767e-09
-3.4596937e-15
1.6317762e-09
-2.9955979e-15
1.6317759e-09
-2.5857022e-15
1.6317755e-09
-2.2247136e-15
1.6317753e-09
-1.9076481e-15
1.631775e-09
-1.6298775e-15
1.6317748e-09
-1.3871813e-15
1.6317746e-09
-1.1757748e-15
1.6317745e-09
-9.9229389e-16
1.6317744e-09
-8.3372492e-16
1.6317743e-09
-6.9729887e-16
1.6317742e-09
-5.8040625e-16
1.6317741e-09
-4.8058788e-16
1.631774e-09
-3.9561663e-16
1.6317739e-09
-3.2359216e-16
1.6317739e-09
-2.6293603e-16
1.6317739e-09
-2.1227431e-16
1.6317738e-09
-1.7031211e-16
1.6317738e-09
-1.3580408e-16
1.6317738e-09
-1.076159e-16
1.6317738e-09
-8.4770753e-17
1.6317737e-09
-6.6410892e-17
1.6317737e-09
-5.173638e-17
1.6317737e-09
-4.0019495e-17
1.6317737e-09
-3.0690846e-17
1.6317737e-09
-2.3397284e-17
1.6317737e-09
-1.7947802e-17
1.6317737e-09
-1.4177765e-17
1.6317737e-09
-1.1857578e-17
1.6317737e-09
-1.0728232e-17
1.6317737e-09
-1.0609205e-17
1.6317737e-09
-1.14488e-17
1.6317737e-09
-1.3249958e-17
1.6317737e-09
-1.5950864e-17
1.6317737e-09
-1.9397689e-17
1.6317737e-09
-2.3424882e-17
1.6317737e-09
-2.793753e-17
1.6317737e-09
-3.293998e-17
1.6317736e-09
-3.8531158e-17
1.6317736e-09
-4.4858525e-17
1.6317736e-09
-5.2016448e-17
1.6317736e-09
-5.9969667e-17
1.6317736e-09
-6.8621736e-17
1.6317736e-09
-7.7991452e-17
1.6317736e-09
-8.8277075e-17
1.6317736e-09
-9.97093e-17
1.6317736e-09
-1.1240606e-16
1.6317736e-09
-1.2641234e-16
1.6317735e-09
-1.4180035e-16
1.6317735e-09
-1.587428e-16
1.6317735e-09
-1.7760753e-16
1.6317735e-09
-1.9890391e-16
1.6317735e-09
-2.2302781e-16
1.6317734e-09
-2.502308e-16
1.6317734e-09
-2.8095819e-16
1.6317734e-09
-3.1587518e-16
1.6317733e-09
-3.5548053e-16
1.6317733e-09
-4.0016758e-16
1.6317732e-09
-4.5060645e-16
1.6317732e-09
-5.0759453e-16
1.6317731e-09
-5.7190108e-16
1.631773e-09
-6.4459134e-16
1.6317729e-09
-7.2702422e-16
1.6317728e-09
-8.2064714e-16
1.6317727e-09
-9.2716286e-16
1.6317726e-09
-1.0486143e-15
1.6317725e-09
-1.1871603e-15
1.6317723e-09
-1.3451598e-15
1.6317722e-09
-1.5255522e-15
1.631772e-09
-1.7318079e-15
1.6317718e-09
-1.9678379e-15
1.6317715e-09
-2.2383037e-15
1.6317713e-09
-2.5490071e-15
1.631771e-09
-2.9072651e-15
1.6317707e-09
-3.3218711e-15
1.6317703e-09
-3.8033362e-15
1.6317699e-09
-4.3647016e-15
1.6317695e-09
-5.0224392e-15
1.631769e-09
-5.7972541e-15
1.6317685e-09
-6.7151255e-15
1.631768e-09
-7.809057e-15
1.6317675e-09
-9.1222861e-15
1.631767e-09
-1.0711925e-14
1.6317665e-09
-1.2653282e-14
1.6317661e-09
-1.5049584e-14
1.631766e-09
-1.8045614e-14
1.6317661e-09
-2.1862469e-14
-2.4082369e-14
1.6764062e-09
-1.3941769e-11
1.7051405e-09
-4.1812881e-11
1.7494646e-09
-6.2430244e-11
1.8047189e-09
-7.1059684e-11
1.8667078e-09
-6.6838098e-11
1.9323537e-09
-5.1124825e-11
1.9997906e-09
-2.6311266e-11
2.0681722e-09
4.8373453e-12
2.1373732e-09
3.9562627e-11
2.2076445e-09
7.5364617e-11
2.2793387e-09
1.1004739e-10
2.3526897e-09
1.4174849e-10
2.427666e-09
1.689178e-10
2.5038877e-09
1.9031084e-10
2.5806149e-09
2.0499834e-10
2.6568021e-09
2.1238445e-10
2.7311924e-09
2.1221489e-10
2.8024331e-09
2.0456848e-10
2.8691925e-09
1.898303e-10
2.9302664e-09
1.6864998e-10
2.9846642e-09
1.4188812e-10
3.0316583e-09
1.1054761e-10
3.0707948e-09
7.5698431e-11
3.1018725e-09
3.8409515e-11
3.124896e-09
-3.1462489e-13
3.1400129e-09
-3.9563703e-11
3.1474496e-09
-7.8565215e-11
3.1474726e-09
-1.1665163e-10
3.1403578e-09
-1.5326161e-10
3.1263689e-09
-1.8792481e-10
3.1057589e-09
-2.2023825e-10
3.078781e-09
-2.4984863e-10
3.0457037e-09
-2.7644352e-10
3.0068289e-09
-2.9974956e-10
2.9625064e-09
-3.1953667e-10
2.9131454e-09
-3.3562663e-10
2.8592198e-09
-3.479036e-10
2.8012674e-09
-3.5632398e-10
2.7398835e-09
-3.6092296e-10
2.6757104e-09
-3.6181656e-10
2.609424e-09
-3.5919864e-10
2.5417177e-09
-3.5333321e-10
2.4732857e-09
-3.4454275e-10
2.4048054e-09
-3.3319372e-10
2.3369216e-09
-3.1968066e-10
2.2702316e-09
-3.0440986e-10
2.2052733e-09
-2.8778413e-10
2.1425159e-09
-2.7018932e-10
2.0823542e-09
-2.5198341e-10
2.025106e-09
-2.3348851e-10
1.9710123e-09
-2.1498575e-10
1.9202413e-09
-1.9671309e-10
1.8728927e-09
-1.7886552e-10
1.8290053e-09
-1.6159732e-10
1.7885647e-09
-1.4502578e-10
1.7515114e-09
-1.292359e-10
1.7177492e-09
-1.1428562e-10
1.6871526e-09
-1.0021096e-10
1.6595748e-09
-8.7030969e-11
1.6348532e-09
-7.4752051e-11
1.6128149e-09
-6.3371542e-11
1.5932818e-09
-5.2880476e-11
1.5760736e-09
-4.3265555e-11
1.5610108e-09
-3.4510307e-11
1.5479169e-09
-2.6595679e-11
1.5366201e-09
-1.9500113e-11
1.5269543e-09
-1.3199218e-11
1.5187601e-09
-7.6653661e-12
1.5118857e-09
-2.8673122e-12
1.506187e-09
1.2302598e-12
1.501528e-09
4.6670603e-12
1.4977816e-09
7.4866848e-12
1.4948296e-09
9.7365008e-12
1.492563e-09
1.1466979e-11
1.4908823e-09
1.2730836e-11
1.4896971e-09
1.3581987e-11
1.4889265e-09
1.4074441e-11
1.4884989e-09
1.4261178e-11
1.4883513e-09
1.419307e-11
1.4884292e-09
1.3917954e-11
1.4886858e-09
1.3479855e-11
1.4890815e-09
1.2918419e-11
1.4895831e-09
1.2268572e-11
1.4901633e-09
1.156038e-11
1.4907993e-09
1.0819092e-11
1.4914729e-09
1.0065367e-11
1.4921691e-09
9.3156143e-12
1.4928759e-09
8.5824228e-12
1.4935837e-09
7.875055e-12
1.4942847e-09
7.1999534e-12
1.4949726e-09
6.5612377e-12
1.4956422e-09
5.9611795e-12
1.4962895e-09
5.4006269e-12
1.4969111e-09
4.8793716e-12
1.4975043e-09
4.3964632e-12
1.498067e-09
3.9504604e-12
1.4985975e-09
3.5396253e-12
1.4990948e-09
3.1620721e-12
1.4995582e-09
2.8158703e-12
1.4999875e-09
2.4991118e-12
1.5003827e-09
2.2099539e-12
1.5007443e-09
1.9466392e-12
1.5010731e-09
1.7075011e-12
1.5013703e-09
1.490962e-12
1.5016371e-09
1.2955252e-12
1.5018751e-09
1.1197638e-12
1.5020861e-09
9.6231215e-13
1.5022718e-09
8.218569e-13
1.5024342e-09
6.9713069e-13
1.5025752e-09
5.8690887e-13
1.5026966e-09
4.9000806e-13
1.5028004e-09
4.0528646e-13
1.5028885e-09
3.3164621e-13
1.5029625e-09
2.6803615e-13
1.5030242e-09
2.1345504e-13
1.5030751e-09
1.6695495e-13
1.5031165e-09
1.2764419e-13
1.5031499e-09
9.4689716e-14
1.5031763e-09
6.731888e-14
1.5031969e-09
4.4820332e-14
1.5032125e-09
2.6543972e-14
1.5032241e-09
1.1900109e-14
1.5032322e-09
3.5789431e-16
1.5032376e-09
-8.5572264e-15
1.5032408e-09
-1.5266328e-14
1.5032422e-09
-2.0139804e-14
1.5032423e-09
-2.3501314e-14
1.5032413e-09
-2.5631459e-14
1.5032395e-09
-2.6771694e-14
1.5032372e-09
-2.7128208e-14
1.5032346e-09
-2.6875716e-14
1.5032317e-09
-2.6161026e-14
1.5032286e-09
-2.510636e-14
1.5032256e-09
-2.3812459e-14
1.5032226e-09
-2.2361438e-14
1.5032197e-09
-2.0819381e-14
1.503217e-09
-1.9238711e-14
1.5032144e-09
-1.7660283e-14
1.5032119e-09
-1.6115229e-14
1.5032097e-09
-1.4626604e-14
1.5032076e-09
-1.3210793e-14
1.5032057e-09
-1.1878729e-14
1.503204e-09
-1.0636937e-14
1.5032024e-09
-9.4884369e-15
1.503201e-09
-8.4335292e-15
1.5031998e-09
-7.4704914e-15
1.5031986e-09
-6.5961346e-15
1.5031977e-09
-5.8062145e-15
1.5031968e-09
-5.0957357e-15
1.503196e-09
-4.4592012e-15
1.5031953e-09
-3.8908661e-15
1.5031947e-09
-3.3849943e-15
1.5031942e-09
-2.9360523e-15
1.5031937e-09
-2.5388034e-15
1.5031933e-09
-2.1883203e-15
1.503193e-09
-1.8799662e-15
1.5031927e-09
-1.6093967e-15
1.5031924e-09
-1.3725923e-15
1.5031922e-09
-1.165897e-15
1.503192e-09
-9.8604487e-16
1.5031919e-09
-8.3015113e-16
1.5031917e-09
-6.9564033e-16
1.5031916e-09
-5.8012715e-16
1.5031915e-09
-4.813238e-16
1.5031914e-09
-3.9705749e-16
1.5031914e-09
-3.2539782e-16
1.5031913e-09
-2.6476785e-16
1.5031913e-09
-2.1390394e-16
1.5031912e-09
-1.7168218e-16
1.5031912e-09
-1.3696778e-16
1.5031912e-09
-1.086135e-16
1.5031911e-09
-8.5571505e-17
1.5031911e-09
-6.6970263e-17
1.5031911e-09
-5.2076977e-17
1.5031911e-09
-4.0217471e-17
1.5031911e-09
-3.0764064e-17
1.5031911e-09
-2.3208992e-17
1.5031911e-09
-1.7238906e-17
1.5031911e-09
-1.2713396e-17
1.5031911e-09
-9.5446235e-18
1.5031911e-09
-7.5889782e-18
1.503191e-09
-6.6598093e-18
1.503191e-09
-6.6344508e-18
1.503191e-09
-7.5032892e-18
1.503191e-09
-9.271655e-18
1.503191e-09
-1.1835016e-17
1.503191e-09
-1.5002902e-17
1.503191e-09
-1.8636602e-17
1.503191e-09
-2.2717349e-17
1.503191e-09
-2.7297022e-17
1.503191e-09
-3.2442824e-17
1.503191e-09
-3.8223913e-17
1.503191e-09
-4.4677398e-17
1.503191e-09
-5.1761824e-17
1.503191e-09
-5.9410423e-17
1.503191e-09
-6.7672002e-17
1.503191e-09
-7.6739747e-17
1.5031909e-09
-8.6797781e-17
1.5031909e-09
-9.7893353e-17
1.5031909e-09
-1.0999067e-16
1.5031909e-09
-1.2311991e-16
1.5031909e-09
-1.3751291e-16
1.5031908e-09
-1.5363243e-16
1.5031908e-09
-1.7195815e-16
1.5031908e-09
-1.9273223e-16
1.5031908e-09
-2.1610948e-16
1.5031907e-09
-2.425159e-16
1.5031907e-09
-2.7256755e-16
1.5031906e-09
-3.0669847e-16
1.5031906e-09
-3.4523802e-16
1.5031905e-09
-3.887077e-16
1.5031904e-09
-4.3770859e-16
1.5031904e-09
-4.9292429e-16
1.5031903e-09
-5.5543554e-16
1.5031902e-09
-6.2657449e-16
1.5031901e-09
-7.0762579e-16
1.5031899e-09
-7.9995935e-16
1.5031898e-09
-9.0530117e-16
1.5031896e-09
-1.0257351e-15
1.5031894e-09
-1.1635805e-15
1.5031892e-09
-1.3213976e-15
1.503189e-09
-1.5020297e-15
1.5031887e-09
-1.7090044e-15
1.5031885e-09
-1.9469733e-15
1.5031881e-09
-2.2215914e-15
1.5031878e-09
-2.5394831e-15
1.5031873e-09
-2.9087636e-15
1.5031869e-09
-3.3397393e-15
1.5031864e-09
-3.8453446e-15
1.5031858e-09
-4.4416713e-15
1.5031851e-09
-5.1488355e-15
1.5031844e-09
-5.9926404e-15
1.5031836e-09
-7.0066308e-15
1.5031827e-09
-8.2355108e-15
1.5031818e-09
-9.7394208e-15
1.5031807e-09
-1.1600074e-14
1.5031796e-09
-1.3932638e-14
1.5031785e-09
-1.6940188e-14
1.5031774e-09
-2.0737374e-14
-2.2811835e-14
1.6805182e-09
-2.7793292e-11
1.719258e-09
-8.055272e-11
1.7751949e-09
-1.1836707e-10
1.8400499e-09
-1.3591469e-10
1.9076635e-09
-1.3445178e-10
1.9743982e-09
-1.1785946e-10
2.0387192e-09
-9.0632332e-11
2.1005492e-09
-5.6992645e-11
2.1606106e-09
-2.049873e-11
2.2199253e-09
1.6049877e-11
2.2794463e-09
5.0526459e-11
2.3398514e-09
8.1343366e-11
2.4014486e-09
1.0732062e-10
2.4641386e-09
1.2762083e-10
2.5274442e-09
1.4169275e-10
2.5905793e-09
1.4924935e-10
2.6525396e-09
1.5025456e-10
2.7122009e-09
1.4490715e-10
2.7684139e-09
1.3361735e-10
2.8200882e-09
1.1697568e-10
2.8662617e-09
9.5714595e-11
2.9061461e-09
7.0663219e-11
2.9391466e-09
4.2697964e-11
2.9648612e-09
1.2694911e-11
2.9830578e-09
-1.8511228e-11
2.9936521e-09
-5.0158073e-11
2.996657e-09
-8.1570045e-11
2.9921639e-09
-1.1215856e-10
2.9803218e-09
-1.4141953e-10
2.9613223e-09
-1.6892529e-10
2.9353965e-09
-1.9431245e-10
2.9028196e-09
-2.1727172e-10
2.8639185e-09
-2.3754241e-10
2.8190802e-09
-2.549113e-10
2.7687588e-09
-2.692153e-10
2.7134786e-09
-2.8034634e-10
2.6538321e-09
-2.8825718e-10
2.5904742e-09
-2.92966e-10
2.5241095e-09
-2.945583e-10
2.4554781e-09
-2.9318519e-10
2.3853373e-09
-2.8905779e-10
2.3144422e-09
-2.8243817e-10
2.2435272e-09
-2.7362768e-10
2.1732871e-09
-2.6295367e-10
2.1043621e-09
-2.5075565e-10
2.0373244e-09
-2.3737215e-10
1.9726693e-09
-2.2312896e-10
1.9108094e-09
-2.0832944e-10
1.8520733e-09
-1.9324729e-10
1.7967066e-09
-1.7812189e-10
1.7448769e-09
-1.6315598e-10
1.6966794e-09
-1.4851566e-10
1.6521459e-09
-1.3433202e-10
1.6112529e-09
-1.2070425e-10
1.5739307e-09
-1.0770359e-10
1.5400726e-09
-9.5377837e-11
1.5095429e-09
-8.3755906e-11
1.4821842e-09
-7.2852212e-11
1.4578238e-09
-6.2670606e-11
1.4362794e-09
-5.3207677e-11
1.4173632e-09
-4.4455349e-11
1.4008855e-09
-3.6402723e-11
1.3866572e-09
-2.9037252e-11
1.3744921e-09
-2.2345239e-11
1.3642083e-09
-1.6311919e-11
1.3556294e-09
-1.0921186e-11
1.3485851e-09
-6.1548813e-12
1.342912e-09
-1.992266e-12
1.338455e-09
1.5896535e-12
1.3350661e-09
4.6191207e-12
1.3326065e-09
7.1266593e-12
1.3309464e-09
9.1468204e-12
1.3299654e-09
1.0717466e-11
1.3295532e-09
1.1879201e-11
1.3296094e-09
1.2674627e-11
1.330044e-09
1.3147439e-11
1.330777e-09
1.3341465e-11
1.3317384e-09
1.3299707e-11
1.3328681e-09
1.3063428e-11
1.3341146e-09
1.2671374e-11
1.3354354e-09
1.2159131e-11
1.3367951e-09
1.1558659e-11
1.3381657e-09
1.0898016e-11
1.3395248e-09
1.0201256e-11
1.3408554e-09
9.4884671e-12
1.3421448e-09
8.7759702e-12
1.3433838e-09
8.0766024e-12
1.3445662e-09
7.4000745e-12
1.3456879e-09
6.753378e-12
1.3467466e-09
6.1412024e-12
1.3477415e-09
5.5663427e-12
1.3486726e-09
5.0300883e-12
1.3495407e-09
4.5325719e-12
1.350347e-09
4.0730701e-12
1.3510932e-09
3.6502634e-12
1.3517812e-09
3.2624429e-12
1.3524131e-09
2.9076731e-12
1.3529913e-09
2.583916e-12
1.353518e-09
2.2891197e-12
1.3539959e-09
2.0212762e-12
1.3544274e-09
1.7784596e-12
1.3548152e-09
1.5588454e-12
1.3551619e-09
1.3607166e-12
1.3554704e-09
1.1824636e-12
1.3557434e-09
1.0225776e-12
1.3559835e-09
8.7964194e-13
1.3561935e-09
7.5232346e-13
1.356376e-09
6.3936397e-13
1.3565336e-09
5.3957278e-13
1.3566686e-09
4.5182169e-13
1.3567836e-09
3.7504108e-13
1.3568807e-09
3.0821741e-13
1.3569619e-09
2.5039222e-13
1.3570293e-09
2.0066166e-13
1.3570846e-09
1.581764e-13
1.3571294e-09
1.2214198e-13
1.3571652e-09
9.1818992e-14
1.3571934e-09
6.6523073e-14
1.3572151e-09
4.5624686e-14
1.3572314e-09
2.8548379e-14
1.3572431e-09
1.4771562e-14
1.3572512e-09
3.8227185e-15
1.3572563e-09
-4.7199121e-15
1.357259e-09
-1.1233092e-14
1.3572597e-09
-1.6048597e-14
1.3572591e-09
-1.9457641e-14
1.3572573e-09
-2.1713747e-14
1.3572547e-09
-2.3036004e-14
1.3572515e-09
-2.3612371e-14
1.357248e-09
-2.3602912e-14
1.3572443e-09
-2.3142888e-14
1.3572404e-09
-2.2345633e-14
1.3572366e-09
-2.1305199e-14
1.3572329e-09
-2.0098817e-14
1.3572294e-09
-1.8789157e-14
1.357226e-09
-1.742638e-14
1.3572228e-09
-1.6050007e-14
1.3572198e-09
-1.4690577e-14
1.3572171e-09
-1.3371096e-14
1.3572145e-09
-1.2108336e-14
1.3572122e-09
-1.091394e-14
1.3572102e-09
-9.7953563e-15
1.3572083e-09
-8.7566447e-15
1.3572066e-09
-7.7991789e-15
1.3572051e-09
-6.9222733e-15
1.3572037e-09
-6.1237409e-15
1.3572025e-09
-5.4003314e-15
1.3572015e-09
-4.7480423e-15
1.3572006e-09
-4.1623425e-15
1.3571997e-09
-3.6383638e-15
1.357199e-09
-3.1711086e-15
1.3571984e-09
-2.7556559e-15
1.3571978e-09
-2.3873091e-15
1.3571974e-09
-2.0616608e-15
1.3571969e-09
-1.7745917e-15
1.3571966e-09
-1.5222482e-15
1.3571963e-09
-1.301032e-15
1.357196e-09
-1.10761e-15
1.3571958e-09
-9.3894517e-16
1.3571956e-09
-7.9233352e-16
1.3571954e-09
-6.6540708e-16
1.3571953e-09
-5.5605779e-16
1.3571952e-09
-4.6230779e-16
1.3571951e-09
-3.8222604e-16
1.357195e-09
-3.1398434e-16
1.3571949e-09
-2.5601524e-16
1.3571949e-09
-2.0710439e-16
1.3571948e-09
-1.6629684e-16
1.3571948e-09
-1.3268615e-16
1.3571947e-09
-1.0527637e-16
1.3571947e-09
-8.3031849e-17
1.3571947e-09
-6.503408e-17
1.3571947e-09
-5.0565492e-17
1.3571947e-09
-3.9044902e-17
1.3571947e-09
-2.9909536e-17
1.3571946e-09
-2.2588121e-17
1.3571946e-09
-1.6609099e-17
1.3571946e-09
-1.173285e-17
1.3571946e-09
-7.9450446e-18
1.3571946e-09
-5.2871572e-18
1.3571946e-09
-3.6891576e-18
1.3571946e-09
-2.9797572e-18
1.3571946e-09
-3.0379963e-18
1.3571946e-09
-3.8669522e-18
1.3571946e-09
-5.483905e-18
1.3571946e-09
-7.7940122e-18
1.3571946e-09
-1.0630941e-17
1.3571946e-09
-1.3890928e-17
1.3571946e-09
-1.7571322e-17
1.3571946e-09
-2.169662e-17
1.3571946e-09
-2.6269032e-17
1.3571946e-09
-3.1301317e-17
1.3571946e-09
-3.6837378e-17
1.3571946e-09
-4.2899795e-17
1.3571945e-09
-4.9466063e-17
1.3571945e-09
-5.6547839e-17
1.3571945e-09
-6.4239838e-17
1.3571945e-09
-7.2629197e-17
1.3571945e-09
-8.1710886e-17
1.3571945e-09
-9.1470056e-17
1.3571944e-09
-1.020439e-16
1.3571944e-09
-1.1376345e-16
1.3571944e-09
-1.270158e-16
1.3571944e-09
-1.4204498e-16
1.3571943e-09
-1.5892234e-16
1.3571943e-09
-1.7785864e-16
1.3571943e-09
-1.9942198e-16
1.3571942e-09
-2.2418717e-16
1.3571942e-09
-2.5232169e-16
1.3571941e-09
-2.8387731e-16
1.357194e-09
-3.1926141e-16
1.3571939e-09
-3.591505e-16
1.3571939e-09
-4.0430363e-16
1.3571938e-09
-4.5562121e-16
1.3571936e-09
-5.1407046e-16
1.3571935e-09
-5.8064793e-16
1.3571934e-09
-6.5661492e-16
1.3571932e-09
-7.436444e-16
1.357193e-09
-8.4354736e-16
1.3571928e-09
-9.5799824e-16
1.3571926e-09
-1.0889488e-15
1.3571923e-09
-1.2391063e-15
1.357192e-09
-1.4118239e-15
1.3571917e-09
-1.6109478e-15
1.3571913e-09
-1.8412054e-15
1.3571909e-09
-2.1086118e-15
1.3571904e-09
-2.4206224e-15
1.3571898e-09
-2.7864428e-15
1.3571892e-09
-3.2175628e-15
1.3571885e-09
-3.7285023e-15
1.3571877e-09
-4.3372547e-15
1.3571868e-09
-5.0669314e-15
1.3571857e-09
-5.9479252e-15
1.3571845e-09
-7.0202627e-15
1.3571831e-09
-8.3379896e-15
1.3571815e-09
-9.9765339e-15
1.3571796e-09
-1.204749e-14
1.3571774e-09
-1.478333e-14
1.3571748e-09
-1.8158094e-14
-1.9924471e-14
1.6880341e-09
-4.9160749e-11
1.742001e-09
-1.3451961e-10
1.8118456e-09
-1.8821169e-10
1.8841584e-09
-2.0822742e-10
1.9515925e-09
-2.0188594e-10
2.0114882e-09
-1.7775513e-10
2.0641236e-09
-1.4326774e-10
2.1112716e-09
-1.0414062e-10
2.1551546e-09
-6.4381746e-11
2.1978251e-09
-2.6620673e-11
2.2408735e-09
7.4780597e-12
2.2852899e-09
3.6927024e-11
2.3315281e-09
6.1082384e-11
2.3795313e-09
7.9617689e-11
2.4288324e-09
9.2391611e-11
2.4786565e-09
9.9425201e-11
2.5280227e-09
1.0088844e-10
2.5758387e-09
9.7091074e-11
2.6209858e-09
8.8470296e-11
2.6623884e-09
7.5573041e-11
2.6990708e-09
5.9032252e-11
2.7301962e-09
3.9537837e-11
2.7550895e-09
1.7804586e-11
2.7732295e-09
-5.4450572e-12
2.7842672e-09
-2.9548878e-11
2.7879927e-09
-5.3883616e-11
2.7843152e-09
-7.7892589e-11
2.7732495e-09
-1.0109278e-10
2.7549009e-09
-1.2307094e-10
2.7294552e-09
-1.4347957e-10
2.6971733e-09
-1.6203054e-10
2.6583905e-09
-1.7848901e-10
2.6135177e-09
-1.9266952e-10
2.563041e-09
-2.0443465e-10
2.5075213e-09
-2.1369562e-10
2.447589e-09
-2.2041398e-10
2.3839351e-09
-2.2460333e-10
2.3172989e-09
-2.2632981e-10
2.2484511e-09
-2.2571051e-10
2.1781752e-09
-2.2290931e-10
2.1072475e-09
-2.1813008e-10
2.0364173e-09
-2.1160792e-10
1.9663885e-09
-2.035989e-10
1.8978042e-09
-1.9436937e-10
1.8312341e-09
-1.841856e-10
1.7671664e-09
-1.7330441e-10
1.7060029e-09
-1.6196544e-10
1.6480587e-09
-1.5038526e-10
1.5935649e-09
-1.3875346e-10
1.5426737e-09
-1.2723067e-10
1.4954661e-09
-1.1594838e-10
1.4519604e-09
-1.0501004e-10
1.4121219e-09
-9.4493479e-11
1.3758716e-09
-8.4453933e-11
1.3430956e-09
-7.4927645e-11
1.3136534e-09
-6.5935566e-11
1.2873844e-09
-5.7486967e-11
1.264115e-09
-4.9582745e-11
1.2436626e-09
-4.2218259e-11
1.2258405e-09
-3.5385612e-11
1.2104605e-09
-2.9075322e-11
1.1973352e-09
-2.3277392e-11
1.1862798e-09
-1.7981846e-11
1.1771133e-09
-1.3178787e-11
1.1696595e-09
-8.8581446e-12
1.1637477e-09
-5.0092955e-12
1.1592125e-09
-1.6196845e-12
1.155897e-09
1.32315e-12
1.1536492e-09
3.8374621e-12
1.1523262e-09
5.9421587e-12
1.1517932e-09
7.6596975e-12
1.1519244e-09
9.0156084e-12
1.1526036e-09
1.0038194e-11
1.1537248e-09
1.0758058e-11
1.1551919e-09
1.1207481e-11
1.1569197e-09
1.1419677e-11
1.1588331e-09
1.1428024e-11
1.1608676e-09
1.1265287e-11
1.1629681e-09
1.0962894e-11
1.1650891e-09
1.0550319e-11
1.1671937e-09
1.0054583e-11
1.1692525e-09
9.4998932e-12
1.1712431e-09
8.9074287e-12
1.173149e-09
8.2952686e-12
1.1749591e-09
7.6784304e-12
1.176666e-09
7.0690236e-12
1.1782661e-09
6.476476e-12
1.1797584e-09
5.9078113e-12
1.1811438e-09
5.3679658e-12
1.1824249e-09
4.8601112e-12
1.1836053e-09
4.3859695e-12
1.1846893e-09
3.9461134e-12
1.1856816e-09
3.5402356e-12
1.1865873e-09
3.1673817e-12
1.1874114e-09
2.8261506e-12
1.188159e-09
2.5148566e-12
1.188835e-09
2.2316549e-12
1.1894443e-09
1.9746401e-12
1.1899915e-09
1.741916e-12
1.1904811e-09
1.5316414e-12
1.1909175e-09
1.3420615e-12
1.1913048e-09
1.1715235e-12
1.1916471e-09
1.0184819e-12
1.191948e-09
8.8149844e-13
1.1922114e-09
7.5923736e-13
1.1924406e-09
6.5045719e-13
1.1926389e-09
5.5400332e-13
1.1928094e-09
4.6879984e-13
1.1929552e-09
3.9384214e-13
1.1930788e-09
3.281911e-13
1.1931829e-09
2.7096818e-13
1.1932697e-09
2.2135147e-13
1.1933416e-09
1.7857301e-13
1.1934003e-09
1.4191651e-13
1.1934478e-09
1.1071556e-13
1.1934856e-09
8.4352315e-14
1.1935151e-09
6.2256286e-14
1.1935377e-09
4.3903111e-14
1.1935546e-09
2.8813395e-14
1.1935666e-09
1.6551246e-14
1.1935746e-09
6.7224755e-15
1.1935795e-09
-1.0260938e-15
1.1935817e-09
-7.0110036e-15
1.193582e-09
-1.1512954e-14
1.1935808e-09
-1.4778579e-14
1.1935783e-09
-1.7023787e-14
1.193575e-09
-1.8436042e-14
1.1935712e-09
-1.9176952e-14
1.193567e-09
-1.9384872e-14
1.1935625e-09
-1.9177396e-14
1.193558e-09
-1.8653706e-14
1.1935536e-09
-1.7896723e-14
1.1935493e-09
-1.6975078e-14
1.1935451e-09
-1.5944943e-14
1.1935412e-09
-1.4851711e-14
1.1935375e-09
-1.3731532e-14
1.193534e-09
-1.2612704e-14
1.1935309e-09
-1.1516917e-14
1.193528e-09
-1.0460337e-14
1.1935253e-09
-9.4545707e-15
1.1935229e-09
-8.5074738e-15
1.1935207e-09
-7.6238237e-15
1.1935188e-09
-6.8059055e-15
1.193517e-09
-6.0540366e-15
1.1935155e-09
-5.3670526e-15
1.1935141e-09
-4.7427368e-15
1.1935129e-09
-4.1781494e-15
1.1935118e-09
-3.6698468e-15
1.1935108e-09
-3.214035e-15
1.19351e-09
-2.8067093e-15
1.1935093e-09
-2.4438129e-15
1.1935086e-09
-2.1213944e-15
1.1935081e-09
-1.8357196e-15
1.1935076e-09
-1.5833191e-15
1.1935072e-09
-1.360979e-15
1.1935068e-09
-1.1657043e-15
1.1935065e-09
-9.9468787e-16
1.1935063e-09
-8.4530557e-16
1.1935061e-09
-7.1515622e-16
1.1935059e-09
-6.0211881e-16
1.1935057e-09
-5.0435966e-16
1.1935056e-09
-4.2024867e-16
1.1935055e-09
-3.4823135e-16
1.1935054e-09
-2.8677137e-16
1.1935053e-09
-2.344378e-16
1.1935052e-09
-1.9005962e-16
1.1935052e-09
-1.5277426e-16
1.1935051e-09
-1.218936e-16
1.1935051e-09
-9.6694698e-17
1.193505e-09
-7.6324577e-17
1.193505e-09
-5.9899797e-17
1.193505e-09
-4.6678872e-17
1.193505e-09
-3.6115413e-17
1.193505e-09
-2.7749424e-17
1.193505e-09
-2.1078515e-17
1.193505e-09
-1.5578158e-17
1.193505e-09
-1.0878659e-17
1.193505e-09
-6.9079829e-18
1.193505e-09
-3.8120172e-18
1.1935049e-09
-1.7022634e-18
1.1935049e-09
-4.8587789e-19
1.1935049e-09
4.6589777e-20
1.1935049e-09
-3.6359484e-21
1.1935049e-09
-7.1253439e-19
1.1935049e-09
-2.1593096e-18
1.1935049e-09
-4.2552685e-18
1.1935049e-09
-6.8032339e-18
1.1935049e-09
-9.6797063e-18
1.1935049e-09
-1.2884498e-17
1.1935049e-09
-1.6429704e-17
1.1935049e-09
-2.0278671e-17
1.1935049e-09
-2.4431282e-17
1.1935049e-09
-2.8977824e-17
1.1935049e-09
-3.3989534e-17
1.1935049e-09
-3.9413924e-17
1.1935049e-09
-4.514546e-17
1.1935048e-09
-5.1153755e-17
1.1935048e-09
-5.7512383e-17
1.1935048e-09
-6.4350514e-17
1.1935048e-09
-7.1790172e-17
1.1935048e-09
-7.9928108e-17
1.1935047e-09
-8.8896977e-17
1.1935047e-09
-9.8909749e-17
1.1935047e-09
-1.1020881e-16
1.1935047e-09
-1.230082e-16
1.1935046e-09
-1.3757148e-16
1.1935046e-09
-1.5425118e-16
1.1935045e-09
-1.7331441e-16
1.1935045e-09
-1.9481064e-16
1.1935044e-09
-2.1884017e-16
1.1935043e-09
-2.4580663e-16
1.1935042e-09
-2.7629778e-16
1.1935041e-09
-3.1091194e-16
1.193504e-09
-3.5024057e-16
1.1935039e-09
-3.9500294e-16
1.1935038e-09
-4.4619416e-16
1.1935036e-09
-5.0497942e-16
1.1935035e-09
-5.7247232e-16
1.1935033e-09
-6.4984382e-16
1.193503e-09
-7.3855647e-16
1.1935028e-09
-8.4038847e-16
1.1935025e-09
-9.5738035e-16
1.1935022e-09
-1.0920305e-15
1.1935018e-09
-1.2475532e-15
1.1935014e-09
-1.4280077e-15
1.1935009e-09
-1.6382466e-15
1.1935004e-09
-1.8842913e-15
1.1934998e-09
-2.173928e-15
1.1934991e-09
-2.5165267e-15
1.1934983e-09
-2.9236565e-15
1.1934974e-09
-3.4099736e-15
1.1934963e-09
-3.9936798e-15
1.193495e-09
-4.6978201e-15
1.1934936e-09
-5.5521089e-15
1.1934918e-09
-6.5953193e-15
1.1934897e-09
-7.8797117e-15
1.1934872e-09
-9.4909181e-15
1.193484e-09
-1.1644028e-14
1.1934801e-09
-1.4195423e-14
-1.556361e-14
1.7014557e-09
-8.394978e-11
1.7757655e-09
-2.0882941e-10
1.8563315e-09
-2.6877766e-10
1.9254324e-09
-2.7732832e-10
1.9783403e-09
-2.5479392e-10
2.0166855e-09
-2.1610032e-10
2.0446188e-09
-1.7120097e-10
2.0666885e-09
-1.2621033e-10
2.086753e-09
-8.4446315e-11
2.107608e-09
-4.7475626e-11
2.1309918e-09
-1.5905779e-11
2.1577711e-09
1.0147754e-11
2.188082e-09
3.0771448e-11
2.2215514e-09
4.6148346e-11
2.2574264e-09
5.6516567e-11
2.2947077e-09
6.2143953e-11
2.3322527e-09
6.3343374e-11
2.368862e-09
6.0481818e-11
2.4033485e-09
5.3983794e-11
2.4345937e-09
4.432788e-11
2.4615895e-09
3.2036423e-11
2.4834658e-09
1.7661568e-11
2.499532e-09
1.7383182e-12
2.5092073e-09
-1.5120365e-11
2.5121327e-09
-3.2474212e-11
2.5080711e-09
-4.9822012e-11
2.4969288e-09
-6.6750356e-11
2.4787376e-09
-8.2901507e-11
2.4536416e-09
-9.797494e-11
2.4218874e-09
-1.1172537e-10
2.3838154e-09
-1.2395855e-10
2.3398532e-09
-1.3452681e-10
2.2905093e-09
-1.4332565e-10
2.2363662e-09
-1.5029152e-10
2.1780711e-09
-1.5540054e-10
2.1163248e-09
-1.5866768e-10
2.0518671e-09
-1.6014564e-10
1.9854602e-09
-1.5992292e-10
1.9178702e-09
-1.5812047e-10
1.8498478e-09
-1.5488694e-10
1.7821102e-09
-1.5039254e-10
1.7153243e-09
-1.4482196e-10
1.6500923e-09
-1.3836695e-10
1.586942e-09
-1.3121906e-10
1.5263195e-09
-1.2356306e-10
1.4685865e-09
-1.155714e-10
1.4140211e-09
-1.0740003e-10
1.3628213e-09
-9.9185536e-11
1.3151116e-09
-9.104368e-11
1.27095e-09
-8.3069099e-11
1.2303377e-09
-7.533609e-11
1.1932278e-09
-6.7900176e-11
1.1595346e-09
-6.080028e-11
1.129142e-09
-5.4061259e-11
1.1019109e-09
-4.7696594e-11
1.0776864e-09
-4.1711072e-11
1.0563027e-09
-3.6103287e-11
1.0375878e-09
-3.0867846e-11
1.0213668e-09
-2.5997192e-11
1.0074641e-09
-2.1482991e-11
9.957059e-10
-1.7317081e-11
9.8592048e-10
-1.3491973e-11
9.7793961e-10
-1.0000979e-11
9.7159883e-10
-6.8380064e-12
9.6673792e-10
-3.9972332e-12
9.6320109e-10
-1.4724662e-12
9.6083959e-10
7.4181581e-13
9.5950727e-10
2.6554678e-12
9.5906618e-10
4.2785585e-12
9.5938496e-10
5.6233725e-12
9.6033995e-10
6.7047121e-12
9.6181583e-10
7.5397259e-12
9.6370633e-10
8.1476963e-12
9.6591471e-10
8.5496814e-12
9.6835414e-10
8.7680419e-12
9.7094793e-10
8.8258877e-12
9.7362945e-10
8.746503e-12
9.7634197e-10
8.5527762e-12
9.7903819e-10
8.2666678e-12
9.8167975e-10
7.9087618e-12
9.8423643e-10
7.4979049e-12
9.8668537e-10
7.0509449e-12
9.8901022e-10
6.5825821e-12
9.9120017e-10
6.105316e-12
9.9324913e-10
5.6294754e-12
9.9515482e-10
5.16333e-12
9.9691805e-10
4.7132518e-12
9.9854194e-10
4.2839141e-12
1.0000314e-09
3.878517e-12
1.0013925e-09
3.4990174e-12
1.0026321e-09
3.1463522e-12
1.0037576e-09
2.8206528e-12
1.0047764e-09
2.521436e-12
1.005696e-09
2.2477698e-12
1.0065237e-09
1.9984168e-12
1.0072666e-09
1.7719495e-12
1.0079314e-09
1.5668407e-12
1.0085245e-09
1.3815343e-12
1.009052e-09
1.2144953e-12
1.0095194e-09
1.0642437e-12
1.009932e-09
9.2937642e-13
1.010295e-09
8.0857937e-13
1.0106128e-09
7.0063078e-13
1.0108899e-09
6.0440112e-13
1.0111303e-09
5.1884877e-13
1.0113378e-09
4.4301371e-13
1.0115158e-09
3.7601107e-13
1.0116675e-09
3.1702421e-13
1.0117961e-09
2.652982e-13
1.0119041e-09
2.2013442e-13
1.0119942e-09
1.8088579e-13
1.0120686e-09
1.4695268e-13
1.0121294e-09
1.1777976e-13
1.0121785e-09
9.2853295e-14
1.0122175e-09
7.1698795e-14
1.012248e-09
5.3879234e-14
1.0122712e-09
3.8993387e-14
1.0122885e-09
2.6674332e-14
1.0123007e-09
1.6588058e-14
1.0123088e-09
8.4319552e-15
1.0123136e-09
1.9330118e-15
1.0123157e-09
-3.1510823e-15
1.0123157e-09
-7.040234e-15
1.0123142e-09
-9.9262509e-15
1.0123114e-09
-1.1978327e-14
1.0123077e-09
-1.3344157e-14
1.0123034e-09
-1.4151752e-14
1.0122987e-09
-1.4511317e-14
1.0122939e-09
-1.4517093e-14
1.0122889e-09
-1.4249106e-14
1.012284e-09
-1.3774778e-14
1.0122793e-09
-1.3150394e-14
1.0122748e-09
-1.2422439e-14
1.0122704e-09
-1.1628853e-14
1.0122664e-09
-1.0800186e-14
1.0122626e-09
-9.9606546e-15
1.0122591e-09
-9.1291145e-15
1.0122559e-09
-8.3199215e-15
1.012253e-09
-7.5436852e-15
1.0122504e-09
-6.8079145e-15
1.012248e-09
-6.1175499e-15
1.0122458e-09
-5.4754072e-15
1.0122439e-09
-4.8825781e-15
1.0122422e-09
-4.338813e-15
1.0122407e-09
-3.8428841e-15
1.0122393e-09
-3.392894e-15
1.0122381e-09
-2.9864966e-15
1.0122371e-09
-2.6210327e-15
1.0122362e-09
-2.2936203e-15
1.0122354e-09
-2.0012507e-15
1.0122346e-09
-1.7409069e-15
1.012234e-09
-1.5096848e-15
1.0122335e-09
-1.3048823e-15
1.012233e-09
-1.1240279e-15
1.0122327e-09
-9.6484761e-16
1.0122323e-09
-8.2520287e-16
1.012232e-09
-7.0304638e-16
1.0122318e-09
-5.9643233e-16
1.0122316e-09
-5.0358722e-16
1.0122314e-09
-4.2298173e-16
1.0122312e-09
-3.5332317e-16
1.0122311e-09
-2.9345713e-16
1.012231e-09
-2.4225326e-16
1.0122309e-09
-1.9858355e-16
1.0122308e-09
-1.6142898e-16
1.0122308e-09
-1.300073e-16
1.0122307e-09
-1.037722e-16
1.0122307e-09
-8.2260312e-17
1.0122307e-09
-6.4913868e-17
1.0122306e-09
-5.1040956e-17
1.0122306e-09
-3.9945672e-17
1.0122306e-09
-3.1075794e-17
1.0122306e-09
-2.4024516e-17
1.0122306e-09
-1.8406148e-17
1.0122306e-09
-1.3778805e-17
1.0122306e-09
-9.7393601e-18
1.0122306e-09
-6.1146222e-18
1.0122305e-09
-3.01971e-18
1.0122305e-09
-6.7008457e-19
1.0122305e-09
8.8087671e-19
1.0122305e-09
1.7998544e-18
1.0122305e-09
2.2653259e-18
1.0122305e-09
2.2484864e-18
1.0122305e-09
1.5752458e-18
1.0122305e-09
1.98446e-19
1.0122305e-09
-1.6908241e-18
1.0122305e-09
-3.857625e-18
1.0122305e-09
-6.2377916e-18
1.0122305e-09
-8.8892185e-18
1.0122305e-09
-1.1800314e-17
1.0122305e-09
-1.4873499e-17
1.0122305e-09
-1.8100781e-17
1.0122305e-09
-2.1614866e-17
1.0122305e-09
-2.548806e-17
1.0122305e-09
-2.9582341e-17
1.0122305e-09
-3.3710589e-17
1.0122305e-09
-3.789052e-17
1.0122304e-09
-4.2321798e-17
1.0122304e-09
-4.7131675e-17
1.0122304e-09
-5.2281288e-17
1.0122304e-09
-5.7774772e-17
1.0122304e-09
-6.3837758e-17
1.0122303e-09
-7.0774393e-17
1.0122303e-09
-7.8705273e-17
1.0122303e-09
-8.7621527e-17
1.0122302e-09
-9.7720548e-17
1.0122302e-09
-1.0940025e-16
1.0122301e-09
-1.228164e-16
1.0122301e-09
-1.3779351e-16
1.01223e-09
-1.5438136e-16
1.0122299e-09
-1.7306747e-16
1.0122298e-09
-1.9431565e-16
1.0122298e-09
-2.1838926e-16
1.0122296e-09
-2.4570886e-16
1.0122295e-09
-2.7703114e-16
1.0122294e-09
-3.130992e-16
1.0122292e-09
-3.544934e-16
1.0122291e-09
-4.0199038e-16
1.0122289e-09
-4.5666352e-16
1.0122287e-09
-5.1952573e-16
1.0122284e-09
-5.915927e-16
1.0122281e-09
-6.743887e-16
1.0122278e-09
-7.699958e-16
1.0122274e-09
-8.8068361e-16
1.012227e-09
-1.0092766e-15
1.0122265e-09
-1.1595937e-15
1.012226e-09
-1.3361517e-15
1.0122254e-09
-1.544487e-15
1.0122246e-09
-1.7915209e-15
1.0122238e-09
-2.0856152e-15
1.0122228e-09
-2.4368339e-15
1.0122217e-09
-2.8569403e-15
1.0122204e-09
-3.3598861e-15
1.0122188e-09
-3.9612447e-15
1.0122168e-09
-4.6765071e-15
1.0122145e-09
-5.5212735e-15
1.0122115e-09
-6.5316966e-15
1.0122077e-09
-7.8512122e-15
1.0122028e-09
-9.2928327e-15
-1.027781e-14
1.7234773e-09
-1.4076037e-10
1.8158379e-09
-3.0119002e-10
1.8881141e-09
-3.4105385e-10
1.9279749e-09
-3.1718912e-10
1.9416747e-09
-2.6849377e-10
1.9390043e-09
-2.1342991e-10
1.9288806e-09
-1.6107729e-10
1.9179424e-09
-1.1527208e-10
1.9103973e-09
-7.6901216e-11
1.908479e-09
-4.5557305e-11
1.913016e-09
-2.0442814e-11
1.9239159e-09
-7.5210376e-13
1.9405068e-09
1.4180465e-11
1.9617442e-09
2.491101e-11
1.9863864e-09
3.1874379e-11
2.0130949e-09
3.5435377e-11
2.0405084e-09
3.5929873e-11
2.0672994e-09
3.3690821e-11
2.0922196e-09
2.9063588e-11
2.1141357e-09
2.2411827e-11
2.1320569e-09
1.4115246e-11
2.1451617e-09
4.5567959e-12
2.1527477e-09
-5.847721e-12
2.1543701e-09
-1.674276e-11
2.1496896e-09
-2.7793709e-11
2.1385501e-09
-3.8682543e-11
2.1209389e-09
-4.9139185e-11
2.096976e-09
-5.8938574e-11
2.0668999e-09
-6.7898869e-11
2.0310539e-09
-7.5879308e-11
1.9898722e-09
-8.2776913e-11
1.9438683e-09
-8.8522843e-11
1.8936217e-09
-9.3079092e-11
1.839766e-09
-9.6435782e-11
1.7829744e-09
-9.8608944e-11
1.7239452e-09
-9.9638504e-11
1.6633857e-09
-9.9586154e-11
1.6019956e-09
-9.8532819e-11
1.5404507e-09
-9.6575523e-11
1.4793874e-09
-9.3823631e-11
1.4193895e-09
-9.0394647e-11
1.3609773e-09
-8.6409792e-11
1.3046e-09
-8.1989682e-11
1.2506314e-09
-7.7250396e-11
1.1993685e-09
-7.2300168e-11
1.1510339e-09
-6.7236832e-11
1.10578e-09
-6.2146083e-11
1.063695e-09
-5.7100548e-11
1.0248109e-09
-5.2159579e-11
9.8911146e-10
-4.7369682e-11
9.565408e-10
-4.2765433e-11
9.270114e-10
-3.8370775e-11
9.0041168e-10
-3.4200562e-11
8.7661265e-10
-3.0262227e-11
8.5547354e-10
-2.6557477e-11
8.3684638e-10
-2.3083919e-11
8.2057963e-10
-1.9836534e-11
8.0652072e-10
-1.680894e-11
7.9451793e-10
-1.3994398e-11
7.8442147e-10
-1.1386536e-11
7.760842e-10
-8.9798026e-12
7.6936186e-10
-6.7696371e-12
7.6411328e-10
-4.7524014e-12
7.6020027e-10
-2.924991e-12
7.5748689e-10
-1.2838608e-12
7.5584403e-10
1.7039832e-13
7.5514277e-10
1.4430728e-12
7.5525957e-10
2.5386754e-12
7.5607623e-10
3.4618958e-12
7.5748009e-10
4.2195124e-12
7.5936491e-10
4.8198909e-12
7.6163166e-10
5.2729792e-12
7.6418918e-10
5.5901703e-12
7.669548e-10
5.7840676e-12
7.6985466e-10
5.8681782e-12
7.72824e-10
5.8565499e-12
7.758071e-10
5.763398e-12
7.7875714e-10
5.6027348e-12
7.8163579e-10
5.3880258e-12
7.8441265e-10
5.1319007e-12
7.8706463e-10
4.8459208e-12
7.8957517e-10
4.5404102e-12
7.9193339e-10
4.2243605e-12
7.9413331e-10
3.9053947e-12
7.96173e-10
3.589785e-12
7.9805381e-10
3.2825219e-12
7.9977964e-10
2.9874144e-12
8.0135634e-10
2.7072144e-12
8.027911e-10
2.4437573e-12
8.0409201e-10
2.1981059e-12
8.0526768e-10
1.9706904e-12
8.0632689e-10
1.7614423e-12
8.0727841e-10
1.5699145e-12
8.0813079e-10
1.3953855e-12
8.0889226e-10
1.2369497e-12
8.0957062e-10
1.09359e-12
8.1017323e-10
9.6423521e-13
8.1070695e-10
8.4780458e-13
8.1117821e-10
7.4323986e-13
8.1159293e-10
6.4952662e-13
8.119566e-10
5.6570836e-13
8.1227428e-10
4.9089369e-13
8.1255065e-10
4.242585e-13
8.1279001e-10
3.6504539e-13
8.129963e-10
3.1256046e-13
8.1317314e-10
2.6616872e-13
8.1332386e-10
2.2528933e-13
8.134515e-10
1.8939045e-13
8.1355881e-10
1.5798445e-13
8.1364832e-10
1.306237e-13
8.1372231e-10
1.068968e-13
8.1378284e-10
8.6425346e-14
8.1383176e-10
6.8861267e-14
8.1387073e-10
5.3884501e-14
8.1390122e-10
4.1201041e-14
8.1392456e-10
3.0541357e-14
8.139419e-10
2.1658996e-14
8.1395424e-10
1.4329332e-14
8.1396248e-10
8.3484008e-15
8.1396738e-10
3.5315811e-15
8.139696e-10
-2.8616138e-16
8.139697e-10
-3.2530753e-15
8.1396816e-10
-5.5022388e-15
8.1396539e-10
-7.1498057e-15
8.1396171e-10
-8.2981113e-15
8.139574e-10
-9.036404e-15
8.1395269e-10
-9.4419908e-15
8.1394776e-10
-9.5814213e-15
8.1394275e-10
-9.5116217e-15
8.1393779e-10
-9.2809396e-15
8.1393294e-10
-8.9300987e-15
8.1392828e-10
-8.4930655e-15
8.1392386e-10
-7.9978466e-15
8.139197e-10
-7.4672418e-15
8.1391582e-10
-6.919553e-15
8.1391223e-10
-6.3692406e-15
8.1390892e-10
-5.8275291e-15
8.1390591e-10
-5.302941e-15
8.1390317e-10
-4.8017429e-15
8.1390069e-10
-4.3283038e-15
8.1389845e-10
-3.885389e-15
8.1389645e-10
-3.4744237e-15
8.1389467e-10
-3.0957631e-15
8.1389308e-10
-2.7489719e-15
8.1389167e-10
-2.4330753e-15
8.1389042e-10
-2.1467438e-15
8.1388932e-10
-1.888401e-15
8.1388836e-10
-1.6562736e-15
8.1388751e-10
-1.4484333e-15
8.1388677e-10
-1.2628715e-15
8.1388613e-10
-1.0976059e-15
8.1388557e-10
-9.5078585e-16
8.1388509e-10
-8.2075503e-16
8.1388467e-10
-7.0603431e-16
8.1388431e-10
-6.0523592e-16
8.13884e-10
-5.1697683e-16
8.1388374e-10
-4.3985916e-16
8.1388351e-10
-3.7254247e-16
8.1388333e-10
-3.1386439e-16
8.1388316e-10
-2.6290212e-16
8.1388303e-10
-2.1890788e-16
8.1388292e-10
-1.8117155e-16
8.1388282e-10
-1.4893071e-16
8.1388275e-10
-1.2141478e-16
8.1388268e-10
-9.7989528e-17
8.1388263e-10
-7.825044e-17
8.1388259e-10
-6.1952506e-17
8.1388256e-10
-4.8829237e-17
8.1388253e-10
-3.8457001e-17
8.1388251e-10
-3.0283471e-17
8.1388249e-10
-2.3787548e-17
8.1388248e-10
-1.8598253e-17
8.1388247e-10
-1.4451026e-17
8.1388246e-10
-1.1058887e-17
8.1388246e-10
-8.0808881e-18
8.1388245e-10
-5.267408e-18
8.1388245e-10
-2.632669e-18
8.1388245e-10
-4.1089911e-19
8.1388245e-10
1.2112083e-18
8.1388244e-10
2.2884058e-18
8.1388244e-10
3.0052662e-18
8.1388244e-10
3.4053842e-18
8.1388244e-10
3.3176713e-18
8.1388244e-10
2.5889237e-18
8.1388244e-10
1.3185266e-18
8.1388244e-10
-2.2444744e-19
8.1388244e-10
-1.8875767e-18
8.1388243e-10
-3.7377212e-18
8.1388243e-10
-5.8531094e-18
8.1388243e-10
-8.1186072e-18
8.1388242e-10
-1.0349161e-17
8.1388242e-10
-1.2562032e-17
8.1388241e-10
-1.4946308e-17
8.138824e-10
-1.7567047e-17
8.1388239e-10
-2.0280393e-17
8.1388238e-10
-2.2939169e-17
8.1388237e-10
-2.5524201e-17
8.1388236e-10
-2.8103809e-17
8.1388234e-10
-3.0803695e-17
8.1388232e-10
-3.3785286e-17
8.138823e-10
-3.7148578e-17
8.1388228e-10
-4.0869044e-17
8.1388225e-10
-4.4943737e-17
8.1388222e-10
-4.9566342e-17
8.1388219e-10
-5.499736e-17
8.1388215e-10
-6.130404e-17
8.1388211e-10
-6.8424451e-17
8.1388207e-10
-7.6400351e-17
8.1388201e-10
-8.5367427e-17
8.1388195e-10
-9.540639e-17
8.1388189e-10
-1.0658322e-16
8.1388181e-10
-1.191623e-16
8.1388173e-10
-1.3358737e-16
8.1388163e-10
-1.5017326e-16
8.1388152e-10
-1.6915097e-16
8.138814e-10
-1.9095081e-16
8.1388126e-10
-2.1615983e-16
8.1388111e-10
-2.4528829e-16
8.1388093e-10
-2.7876928e-16
8.1388073e-10
-3.171798e-16
8.138805e-10
-3.613359e-16
8.1388023e-10
-4.1218472e-16
8.1387994e-10
-4.7091633e-16
8.1387959e-10
-5.3908267e-16
8.138792e-10
-6.1855932e-16
8.1387876e-10
-7.1166863e-16
8.1387824e-10
-8.2125171e-16
8.1387765e-10
-9.5092077e-16
8.1387696e-10
-1.1050974e-15
8.1387616e-10
-1.288599e-15
8.1387523e-10
-1.5069985e-15
8.1387414e-10
-1.7663671e-15
8.1387285e-10
-2.0717182e-15
8.1387132e-10
-2.4245528e-15
8.1386946e-10
-2.8176468e-15
8.1386717e-10
-3.2283095e-15
8.1386427e-10
-3.6332862e-15
8.1386047e-10
-4.0533711e-15
8.1385553e-10
-4.3506073e-15
-5.0492615e-15
1.752572e-09
-2.2666567e-10
1.8308063e-09
-3.7942436e-10
1.8439368e-09
-3.5418434e-10
1.8120566e-09
-2.8530892e-10
1.7595656e-09
-2.1600281e-10
1.702943e-09
-1.5680728e-10
1.6518925e-09
-1.1002682e-10
1.6110876e-09
-7.4467197e-11
1.5819694e-09
-4.778298e-11
1.564195e-09
-2.7782956e-11
1.5565542e-09
-1.2801962e-11
1.5574427e-09
-1.640627e-12
1.5652245e-09
6.3986395e-12
1.5781967e-09
1.1938867e-11
1.594742e-09
1.5329021e-11
1.6133311e-09
1.6846313e-11
1.6325371e-09
1.6723905e-11
1.6510521e-09
1.5175756e-11
1.6677035e-09
1.2412269e-11
1.6814681e-09
8.6471582e-12
1.6914952e-09
4.0881694e-12
1.6971054e-09
-1.0533698e-12
1.6977457e-09
-6.4880157e-12
1.693109e-09
-1.2106043e-11
1.6830077e-09
-1.7692435e-11
1.6674143e-09
-2.3089149e-11
1.6464379e-09
-2.8162765e-11
1.6203061e-09
-3.2806812e-11
1.589348e-09
-3.6940812e-11
1.5539768e-09
-4.0508083e-11
1.5146731e-09
-4.347318e-11
1.4719695e-09
-4.5819223e-11
1.4264358e-09
-4.7545394e-11
1.3786647e-09
-4.8664763e-11
1.3292582e-09
-4.920243e-11
1.2788136e-09
-4.9193856e-11
1.2279107e-09
-4.8683237e-11
1.1770997e-09
-4.7721816e-11
1.1268902e-09
-4.6366047e-11
1.0777422e-09
-4.4675632e-11
1.030059e-09
-4.2711502e-11
9.841831e-10
-4.0533842e-11
9.4039371e-10
-3.82003e-11
8.9890778e-10
-3.576446e-11
8.5988229e-10
-3.3274675e-11
8.2341871e-10
-3.0773253e-11
7.8956866e-10
-2.8296033e-11
7.5834039e-10
-2.5872283e-11
7.297057e-10
-2.3524891e-11
7.0360682e-10
-2.1270798e-11
6.7996298e-10
-1.9121596e-11
6.5867646e-10
-1.7084255e-11
6.3963782e-10
-1.5161922e-11
6.2273035e-10
-1.335475e-11
6.0783357e-10
-1.1660704e-11
5.9482598e-10
-1.0076326e-11
5.8358686e-10
-8.5974118e-12
5.7399749e-10
-7.2195752e-12
5.6594179e-10
-5.9386893e-12
5.5930643e-10
-4.7511759e-12
5.5398081e-10
-3.6541875e-12
5.4985682e-10
-2.6456446e-12
5.468286e-10
-1.7241826e-12
5.4479249e-10
-8.8888439e-13
5.4364281e-10
-1.3417468e-13
5.432858e-10
5.2740152e-13
5.436192e-10
1.1096771e-12
5.4454878e-10
1.6090914e-12
5.4598281e-10
2.0278717e-12
5.4783352e-10
2.3687962e-12
5.5001795e-10
2.6354603e-12
5.5245862e-10
2.8323102e-12
5.5508422e-10
2.9645721e-12
5.5783015e-10
3.0381352e-12
5.6063893e-10
3.0593968e-12
5.6346041e-10
3.0350763e-12
5.6625178e-10
2.9720231e-12
5.6897749e-10
2.877025e-12
5.7160889e-10
2.7566298e-12
5.7412379e-10
2.6169958e-12
5.7650595e-10
2.4637693e-12
5.7874436e-10
2.3019967e-12
5.8083265e-10
2.136072e-12
5.8276833e-10
1.969716e-12
5.8455213e-10
1.8059824e-12
5.8618736e-10
1.6472903e-12
5.876793e-10
1.4954725e-12
5.8903468e-10
1.3518364e-12
5.902612e-10
1.2172336e-12
5.9136718e-10
1.0921311e-12
5.9236119e-10
9.7668119e-13
5.9325184e-10
8.7078851e-13
5.9404759e-10
7.741703e-13
5.9475656e-10
6.8640883e-13
5.9538651e-10
6.0699692e-13
5.9594473e-10
5.353748e-13
5.9643801e-10
4.7095916e-13
5.9687264e-10
4.1316594e-13
5.9725446e-10
3.6142653e-13
5.9758879e-10
3.1519868e-13
5.9788052e-10
2.739737e-13
5.9813413e-10
2.3727993e-13
5.9835371e-10
2.0468369e-13
5.9854297e-10
1.7578875e-13
5.9870529e-10
1.5023442e-13
5.9884377e-10
1.2769285e-13
5.9896119e-10
1.078663e-13
5.990601e-10
9.0484138e-14
5.9914278e-10
7.5300053e-14
5.9921132e-10
6.2089539e-14
5.9926756e-10
5.0647647e-14
5.993132e-10
4.0787005e-14
5.9934973e-10
3.2336194e-14
5.9937847e-10
2.5138338e-14
5.9940063e-10
1.9049901e-14
5.9941723e-10
1.3939726e-14
5.994292e-10
9.6882112e-15
5.9943734e-10
6.186555e-15
5.9944235e-10
3.3360664e-15
5.9944484e-10
1.0470523e-15
5.9944531e-10
-7.5949076e-16
5.9944421e-10
-2.1561632e-15
5.9944192e-10
-3.2068998e-15
5.9943874e-10
-3.9678657e-15
5.9943493e-10
-4.4884506e-15
5.994307e-10
-4.8117413e-15
5.9942624e-10
-4.9751073e-15
5.9942166e-10
-5.0107843e-15
5.994171e-10
-4.9464157e-15
5.9941262e-10
-4.8055263e-15
5.994083e-10
-4.6079453e-15
5.9940418e-10
-4.370199e-15
5.9940029e-10
-4.1058829e-15
5.9939665e-10
-3.8260301e-15
5.9939327e-10
-3.5394763e-15
5.9939015e-10
-3.2532069e-15
5.993873e-10
-2.9726681e-15
5.9938469e-10
-2.7020212e-15
5.9938234e-10
-2.4443203e-15
5.9938021e-10
-2.2016342e-15
5.993783e-10
-1.9751655e-15
5.9937659e-10
-1.7654021e-15
5.9937507e-10
-1.5723118e-15
5.9937371e-10
-1.3955456e-15
5.9937252e-10
-1.2345832e-15
5.9937146e-10
-1.0887846e-15
5.9937053e-10
-9.5737415e-16
5.9936971e-10
-8.3940918e-16
5.99369e-10
-7.3379657e-16
5.9936837e-10
-6.3939024e-16
5.9936783e-10
-5.5512919e-16
5.9936736e-10
-4.8014192e-16
5.9936695e-10
-4.1375465e-16
5.993666e-10
-3.5538094e-16
5.993663e-10
-3.0435903e-16
5.9936604e-10
-2.5986392e-16
5.9936582e-10
-2.2097285e-16
5.9936564e-10
-1.868541e-16
5.9936548e-10
-1.5694246e-16
5.9936535e-10
-1.3093945e-16
5.9936524e-10
-1.0862053e-16
5.9936515e-10
-8.9620897e-17
5.9936507e-10
-7.3398171e-17
5.9936501e-10
-5.9415593e-17
5.9936496e-10
-4.7378728e-17
5.9936492e-10
-3.72838e-17
5.9936489e-10
-2.9213179e-17
5.9936486e-10
-2.3061216e-17
5.9936484e-10
-1.8431583e-17
5.9936482e-10
-1.4798364e-17
5.9936481e-10
-1.1787397e-17
5.993648e-10
-9.2973785e-18
5.993648e-10
-7.332347e-18
5.9936479e-10
-5.7403989e-18
5.9936479e-10
-4.1851979e-18
5.9936478e-10
-2.4318985e-18
5.9936478e-10
-6.2048306e-19
5.9936478e-10
8.5991573e-19
5.9936478e-10
1.7972661e-18
5.9936478e-10
2.3616942e-18
5.9936478e-10
2.8286027e-18
5.9936478e-10
3.1780789e-18
5.9936478e-10
3.0945071e-18
5.9936478e-10
2.3823321e-18
5.9936478e-10
1.2575452e-18
5.9936478e-10
1.1122043e-19
5.9936478e-10
-9.5668878e-19
5.9936478e-10
-2.197808e-18
5.9936478e-10
-3.7661912e-18
5.9936477e-10
-5.3952697e-18
5.9936477e-10
-6.7158588e-18
5.9936476e-10
-7.7854783e-18
5.9936476e-10
-9.0224387e-18
5.9936475e-10
-1.061373e-17
5.9936474e-10
-1.225336e-17
5.9936473e-10
-1.3553526e-17
5.9936472e-10
-1.4527477e-17
5.9936471e-10
-1.5531819e-17
5.993647e-10
-1.6826542e-17
5.9936468e-10
-1.8338701e-17
5.9936466e-10
-1.9879207e-17
5.9936464e-10
-2.1474545e-17
5.9936462e-10
-2.3355925e-17
5.993646e-10
-2.5644883e-17
5.9936457e-10
-2.8253995e-17
5.9936454e-10
-3.1146325e-17
5.9936451e-10
-3.447672e-17
5.9936447e-10
-3.8302024e-17
5.9936443e-10
-4.2448457e-17
5.9936438e-10
-4.6886836e-17
5.9936432e-10
-5.1898674e-17
5.9936426e-10
-5.7720473e-17
5.9936419e-10
-6.4362371e-17
5.9936412e-10
-7.1897279e-17
5.9936403e-10
-8.0639291e-17
5.9936393e-10
-9.0869245e-17
5.9936381e-10
-1.026916e-16
5.9936368e-10
-1.1632188e-16
5.9936354e-10
-1.3214661e-16
5.9936337e-10
-1.504037e-16
5.9936318e-10
-1.7126617e-16
5.9936296e-10
-1.9529127e-16
5.9936272e-10
-2.2332153e-16
5.9936243e-10
-2.5602003e-16
5.9936211e-10
-2.9411649e-16
5.9936174e-10
-3.387632e-16
5.9936131e-10
-3.9150512e-16
5.9936081e-10
-4.5420448e-16
5.9936023e-10
-5.2895405e-16
5.9935956e-10
-6.1793512e-16
5.9935878e-10
-7.2330096e-16
5.9935786e-10
-8.4691474e-16
5.9935678e-10
-9.8846646e-16
5.9935549e-10
-1.1419727e-15
5.9935396e-10
-1.2886305e-15
5.9935212e-10
-1.3876761e-15
5.9934987e-10
-1.3781063e-15
5.9934698e-10
-1.1638537e-15
5.9934328e-10
-6.5043098e-16
-1.1386983e-15
1.7497582e-09
-3.0975725e-10
1.6985491e-09
-3.2821521e-10
1.5737861e-09
-2.2942129e-10
1.4402635e-09
-1.5178641e-10
1.3228358e-09
-9.8575088e-11
1.2292484e-09
-6.3219822e-11
1.1593775e-09
-4.0155925e-11
1.1100009e-09
-2.5090586e-11
1.0772708e-09
-1.5052924e-11
1.0576788e-09
-8.190926e-12
1.0482938e-09
-3.4170203e-12
1.0466375e-09
1.5708271e-14
1.0507645e-09
2.2716283e-12
1.0589281e-09
3.7752843e-12
1.0696562e-09
4.6008657e-12
1.081648e-09
4.8545328e-12
1.0937532e-09
4.6187154e-12
1.1049624e-09
3.9665277e-12
1.1144048e-09
2.9698863e-12
1.1213406e-09
1.7113721e-12
1.1252318e-09
1.9701043e-13
1.125566e-09
-1.3875967e-12
1.1221306e-09
-3.0526658e-12
1.1147481e-09
-4.7234962e-12
1.1033986e-09
-6.3429448e-12
1.0881748e-09
-7.8653144e-12
1.0692668e-09
-9.2547642e-12
1.046945e-09
-1.0485069e-11
1.021543e-09
-1.153878e-11
9.9344102e-10
-1.2406107e-11
9.6305159e-10
-1.308375e-11
9.3080614e-10
-1.3573771e-11
8.971433e-10
-1.3882557e-11
8.6249849e-10
-1.4019951e-11
8.2729459e-10
-1.3998532e-11
7.9193373e-10
-1.3832993e-11
7.5679009e-10
-1.3539598e-11
7.2220393e-10
-1.3135656e-11
6.8847688e-10
-1.2638998e-11
6.5586872e-10
-1.206747e-11
6.2459565e-10
-1.1438439e-11
5.9483016e-10
-1.0768349e-11
5.6670221e-10
-1.0072347e-11
5.4030174e-10
-9.363995e-12
5.1568215e-10
-8.6550831e-12
4.9286443e-10
-7.9555323e-12
4.7184178e-10
-7.2733872e-12
4.5258438e-10
-6.6148814e-12
4.3504405e-10
-5.9845602e-12
4.191587e-10
-5.3854489e-12
4.0485636e-10
-4.8192504e-12
3.9205866e-10
-4.2865613e-12
3.8068384e-10
-3.7870971e-12
3.70649e-10
-3.319917e-12
3.6187194e-10
-2.8836398e-12
3.5427226e-10
-2.4766443e-12
3.4777209e-10
-2.0972456e-12
3.4229636e-10
-1.7438408e-12
3.3777269e-10
-1.4150196e-12
3.3413115e-10
-1.1096338e-12
3.3130379e-10
-8.268332e-13
3.2922422e-10
-5.6607204e-13
3.2782717e-10
-3.2713579e-13
3.2704796e-10
-1.0966855e-13
3.2682662e-10
8.7163416e-14
3.2709348e-10
2.6053621e-13
3.2779026e-10
4.1290275e-13
3.2885558e-10
5.4377089e-13
3.3023012e-10
6.5332514e-13
3.3185683e-10
7.420936e-13
3.3368142e-10
8.1086598e-13
3.3565303e-10
8.606974e-13
3.3772471e-10
8.9289281e-13
3.3985387e-10
9.0897503e-13
3.4200263e-10
9.1064004e-13
3.44138e-10
8.9970286e-13
3.4623199e-10
8.7804022e-13
3.4826148e-10
8.4753294e-13
3.502081e-10
8.1001165e-13
3.5205788e-10
7.6721023e-13
3.5380092e-10
7.2072754e-13
3.5543092e-10
6.7199881e-13
3.5694472e-10
6.2227801e-13
3.583418e-10
5.7262941e-13
3.5962386e-10
5.2392747e-13
3.6079428e-10
4.768645e-13
3.6185779e-10
4.3196351e-13
3.6282003e-10
3.8959492e-13
3.6368727e-10
3.4999609e-13
3.6446611e-10
3.1329179e-13
3.6516328e-10
2.7951442e-13
3.6578544e-10
2.4862355e-13
3.6633909e-10
2.2052368e-13
3.6683042e-10
1.9507972e-13
3.6726528e-10
1.7213056e-13
3.6764916e-10
1.5150004e-13
3.6798711e-10
1.3300581e-13
3.6828381e-10
1.1646619e-13
3.6854353e-10
1.0170513e-13
3.6877018e-10
8.8555575e-14
3.6896729e-10
7.6861577e-14
3.6913809e-10
6.6479359e-14
3.692855e-10
5.7277516e-14
3.6941215e-10
4.9136779e-14
3.6952043e-10
4.1949358e-14
3.6961251e-10
3.5618058e-14
3.6969032e-10
3.0055346e-14
3.6975562e-10
2.5182355e-14
3.6980999e-10
2.0927905e-14
3.6985485e-10
1.7227638e-14
3.6989148e-10
1.4023217e-14
3.69921e-10
1.1261635e-14
3.6994445e-10
8.8946522e-15
3.6996271e-10
6.8783162e-15
3.6997658e-10
5.1725553e-15
3.6998678e-10
3.7408453e-15
3.6999392e-10
2.5499139e-15
3.6999854e-10
1.5695009e-15
3.700011e-10
7.7237544e-16
3.7000201e-10
1.3378174e-16
3.7000162e-10
-3.6997529e-16
3.7000023e-10
-7.5815657e-16
3.6999807e-10
-1.0486754e-15
3.6999536e-10
-1.2573094e-15
3.6999227e-10
-1.3978842e-15
3.6998894e-10
-1.4824803e-15
3.6998548e-10
-1.5216256e-15
3.69982e-10
-1.5244713e-15
3.6997855e-10
-1.4989325e-15
3.699752e-10
-1.4517869e-15
3.6997198e-10
-1.3887547e-15
3.6996892e-10
-1.314582e-15
3.6996605e-10
-1.2331408e-15
3.6996337e-10
-1.1475508e-15
3.6996089e-10
-1.0603188e-15
3.6995861e-10
-9.7346704e-16
3.6995653e-10
-8.8862547e-16
3.6995463e-10
-8.0707514e-16
3.6995292e-10
-7.2974372e-16
3.6995137e-10
-6.5719295e-16
3.6994999e-10
-5.896495e-16
3.6994875e-10
-5.2709711e-16
3.6994765e-10
-4.6941017e-16
3.6994667e-10
-4.1647455e-16
3.699458e-10
-3.6822894e-16
3.6994504e-10
-3.2460976e-16
3.6994437e-10
-2.8544947e-16
3.6994378e-10
-2.5040572e-16
3.6994326e-10
-2.1899073e-16
3.6994281e-10
-1.9070793e-16
3.6994242e-10
-1.6521266e-16
3.6994209e-10
-1.4238774e-16
3.6994179e-10
-1.2227269e-16
3.6994154e-10
-1.0487322e-16
3.6994133e-10
-8.9977139e-17
3.6994115e-10
-7.7123276e-17
3.6994099e-10
-6.5765947e-17
3.6994086e-10
-5.553188e-17
3.6994075e-10
-4.6372052e-17
3.6994066e-10
-3.8457892e-17
3.6994058e-10
-3.1888423e-17
3.6994052e-10
-2.6468326e-17
3.6994047e-10
-2.1770493e-17
3.6994042e-10
-1.7444801e-17
3.6994039e-10
-1.3492751e-17
3.6994036e-10
-1.0229771e-17
3.6994034e-10
-7.9470812e-18
3.6994033e-10
-6.580809e-18
3.6994031e-10
-5.6989999e-18
3.699403e-10
-4.8352958e-18
3.6994029e-10
-3.8629103e-18
3.6994029e-10
-3.0169641e-18
3.6994028e-10
-2.5266062e-18
3.6994028e-10
-2.2576421e-18
3.6994028e-10
-1.7935347e-18
3.6994028e-10
-9.0311964e-19
3.6994028e-10
1.4734161e-19
3.6994028e-10
8.5855539e-19
3.6994028e-10
1.0633129e-18
3.6994028e-10
1.0978947e-18
3.6994028e-10
1.3379587e-18
3.6994028e-10
1.6791183e-18
3.6994028e-10
1.6534707e-18
3.6994028e-10
1.0552138e-18
3.6994028e-10
2.3422164e-19
3.6994028e-10
-3.5985735e-19
3.6994028e-10
-7.55986e-19
3.6994028e-10
-1.3498475e-18
3.6994028e-10
-2.259029e-18
3.6994028e-10
-3.0900598e-18
3.6994028e-10
-3.5025497e-18
3.6994027e-10
-3.7321005e-18
3.6994027e-10
-4.2254197e-18
3.6994026e-10
-4.9531519e-18
3.6994026e-10
-5.504411e-18
3.6994025e-10
-5.7390145e-18
3.6994024e-10
-5.9063279e-18
3.6994023e-10
-6.1733274e-18
3.6994022e-10
-6.4669912e-18
3.6994021e-10
-6.7894028e-18
3.6994019e-10
-7.2570217e-18
3.6994018e-10
-7.7950061e-18
3.6994017e-10
-8.2259851e-18
3.6994015e-10
-8.658747e-18
3.6994013e-10
-9.3503063e-18
3.6994011e-10
-1.0237054e-17
3.6994009e-10
-1.1067805e-17
3.6994006e-10
-1.1854068e-17
3.6994003e-10
-1.276488e-17
3.6994e-10
-1.3800233e-17
3.6993996e-10
-1.4896613e-17
3.6993992e-10
-1.6124558e-17
3.6993987e-10
-1.7589728e-17
3.6993982e-10
-1.934194e-17
3.6993976e-10
-2.139724e-17
3.6993969e-10
-2.3768456e-17
3.6993962e-10
-2.6569805e-17
3.6993953e-10
-2.997707e-17
3.6993943e-10
-3.4020163e-17
3.6993932e-10
-3.8631537e-17
3.6993919e-10
-4.385649e-17
3.6993905e-10
-4.9982722e-17
3.6993888e-10
-5.7380845e-17
3.6993869e-10
-6.6066523e-17
3.6993847e-10
-7.6052303e-17
3.6993822e-10
-8.7691657e-17
3.6993793e-10
-1.0153463e-16
3.699376e-10
-1.1829466e-16
3.6993721e-10
-1.3850541e-16
3.6993675e-10
-1.6254952e-16
3.6993622e-10
-1.9076421e-16
3.6993559e-10
-2.2331248e-16
3.6993487e-10
-2.5922281e-16
3.6993402e-10
-2.9433676e-16
3.6993304e-10
-3.1518661e-16
3.6993195e-10
-2.9770423e-16
3.6993078e-10
-1.9992425e-16
3.6992954e-10
6.8183875e-17
3.6992817e-10
7.2559974e-16
5.2236554e-16
1.3569094e-09
1.0286942e-09
7.9927292e-10
6.4748651e-10
5.4891142e-10
4.856916e-10
4.4553567e-10
4.2044509e-10
4.0539216e-10
3.9720124e-10
3.9378422e-10
3.9379993e-10
3.9607155e-10
3.9984684e-10
4.044477e-10
4.0930224e-10
4.1392095e-10
4.1788748e-10
4.2085737e-10
4.2256874e-10
4.2276575e-10
4.2137815e-10
4.1832549e-10
4.1360199e-10
4.0725905e-10
3.9939373e-10
3.9013897e-10
3.796539e-10
3.6811512e-10
3.5570901e-10
3.4262526e-10
3.2905149e-10
3.1516893e-10
3.0114898e-10
2.8715045e-10
2.7331746e-10
2.5977786e-10
2.466422e-10
2.3400321e-10
2.2193574e-10
2.104973e-10
1.9972895e-10
1.896566e-10
1.8029261e-10
1.7163752e-10
1.6368199e-10
1.5640861e-10
1.4979372e-10
1.4380916e-10
1.3842371e-10
1.3360446e-10
1.293179e-10
1.2553081e-10
1.2221089e-10
1.1932725e-10
1.168506e-10
1.1475336e-10
1.1300952e-10
1.115945e-10
1.1048487e-10
1.0965803e-10
1.0909196e-10
1.0876482e-10
1.0865516e-10
1.0874232e-10
1.0900286e-10
1.0941576e-10
1.0995953e-10
1.1061285e-10
1.1135495e-10
1.1216581e-10
1.1302651e-10
1.139194e-10
1.1482838e-10
1.1573902e-10
1.1663872e-10
1.1751676e-10
1.1836429e-10
1.1917431e-10
1.1994152e-10
1.2066224e-10
1.2133424e-10
1.2195652e-10
1.2252915e-10
1.2305308e-10
1.2352994e-10
1.2396191e-10
1.243515e-10
1.247015e-10
1.2501479e-10
1.252943e-10
1.2554293e-10
1.2576345e-10
1.2595853e-10
1.2613066e-10
1.2628216e-10
1.2641517e-10
1.2653163e-10
1.2663334e-10
1.2672189e-10
1.2679875e-10
1.2686523e-10
1.2692251e-10
1.2697165e-10
1.270136e-10
1.2704922e-10
1.2707927e-10
1.2710445e-10
1.2712538e-10
1.2714261e-10
1.2715663e-10
1.2716789e-10
1.2717679e-10
1.2718367e-10
1.2718884e-10
1.2719258e-10
1.2719513e-10
1.271967e-10
1.2719747e-10
1.2719761e-10
1.2719724e-10
1.2719648e-10
1.2719543e-10
1.2719417e-10
1.2719277e-10
1.2719129e-10
1.2718977e-10
1.2718825e-10
1.2718675e-10
1.2718529e-10
1.2718391e-10
1.2718259e-10
1.2718136e-10
1.2718021e-10
1.2717915e-10
1.2717818e-10
1.2717729e-10
1.2717648e-10
1.2717575e-10
1.2717509e-10
1.271745e-10
1.2717398e-10
1.2717351e-10
1.2717309e-10
1.2717272e-10
1.271724e-10
1.2717211e-10
1.2717186e-10
1.2717164e-10
1.2717145e-10
1.2717129e-10
1.2717115e-10
1.2717102e-10
1.2717092e-10
1.2717083e-10
1.2717075e-10
1.2717069e-10
1.2717063e-10
1.2717058e-10
1.2717055e-10
1.2717051e-10
1.2717049e-10
1.2717047e-10
1.2717045e-10
1.2717043e-10
1.2717042e-10
1.2717042e-10
1.2717041e-10
1.271704e-10
1.271704e-10
1.2717039e-10
1.2717039e-10
1.2717039e-10
1.2717039e-10
1.2717039e-10
1.2717038e-10
1.2717038e-10
1.2717039e-10
1.2717039e-10
1.2717039e-10
1.2717039e-10
1.2717039e-10
1.2717039e-10
1.2717039e-10
1.2717039e-10
1.2717039e-10
1.2717039e-10
1.2717039e-10
1.2717039e-10
1.2717039e-10
1.2717038e-10
1.2717038e-10
1.2717037e-10
1.2717037e-10
1.2717036e-10
1.2717036e-10
1.2717035e-10
1.2717035e-10
1.2717034e-10
1.2717033e-10
1.2717033e-10
1.2717032e-10
1.2717031e-10
1.271703e-10
1.2717029e-10
1.2717028e-10
1.2717027e-10
1.2717026e-10
1.2717025e-10
1.2717023e-10
1.2717022e-10
1.271702e-10
1.2717018e-10
1.2717016e-10
1.2717014e-10
1.2717012e-10
1.2717009e-10
1.2717006e-10
1.2717003e-10
1.2716999e-10
1.2716995e-10
1.271699e-10
1.2716984e-10
1.2716977e-10
1.271697e-10
1.2716961e-10
1.2716951e-10
1.2716939e-10
1.2716925e-10
1.2716909e-10
1.271689e-10
1.2716867e-10
1.2716841e-10
1.2716812e-10
1.271678e-10
1.2716751e-10
1.2716731e-10
1.2716738e-10
1.271681e-10
)
;

boundaryField
{
    inletAnion
    {
        type            calculated;
        value           nonuniform List<scalar> 
24
(
-1.6666667e-09
-1.6666667e-09
-1.6666667e-09
-1.6666667e-09
-1.6666667e-09
-1.6666667e-09
-1.6666667e-09
-1.6666667e-09
-1.6666667e-09
-1.6666667e-09
-1.6666667e-09
-1.6666667e-09
-1.6666667e-09
-1.6666667e-09
-1.6666667e-09
-1.6666667e-09
-1.6666667e-09
-1.6666667e-09
-1.6666667e-09
-1.6666667e-09
-1.6666667e-09
-1.6666667e-09
-1.6666667e-09
-1.6666667e-09
)
;
    }
    inletCation
    {
        type            calculated;
        value           nonuniform List<scalar> 
24
(
-1.6666667e-09
-1.6666667e-09
-1.6666667e-09
-1.6666667e-09
-1.6666667e-09
-1.6666667e-09
-1.6666667e-09
-1.6666667e-09
-1.6666667e-09
-1.6666667e-09
-1.6666667e-09
-1.6666667e-09
-1.6666667e-09
-1.6666667e-09
-1.6666667e-09
-1.6666667e-09
-1.6666667e-09
-1.6666667e-09
-1.6666667e-09
-1.6666667e-09
-1.6666667e-09
-1.6666667e-09
-1.6666667e-09
-1.6666667e-09
)
;
    }
    outlet
    {
        type            calculated;
        value           nonuniform List<scalar> 
48
(
1.2716862e-10
3.6992651e-10
5.9933937e-10
8.138503e-10
1.0121976e-09
1.1934757e-09
1.357172e-09
1.5031761e-09
1.6317663e-09
1.7435736e-09
1.8395293e-09
1.9208013e-09
1.9887244e-09
2.0447307e-09
2.0902839e-09
2.1268213e-09
2.1557061e-09
2.1781906e-09
2.1953898e-09
2.2082655e-09
2.2176178e-09
2.2240823e-09
2.2281318e-09
2.2300788e-09
2.2300788e-09
2.2281318e-09
2.2240823e-09
2.2176178e-09
2.2082655e-09
2.1953898e-09
2.1781906e-09
2.1557061e-09
2.1268213e-09
2.0902839e-09
2.0447307e-09
1.9887244e-09
1.9208013e-09
1.8395293e-09
1.7435736e-09
1.6317663e-09
1.5031761e-09
1.357172e-09
1.1934757e-09
1.0121976e-09
8.138503e-10
5.9933937e-10
3.6992651e-10
1.2716862e-10
)
;
    }
    walls
    {
        type            calculated;
        value           uniform 0;
    }
    frontAndBack
    {
        type            empty;
        value           nonuniform 0();
    }
}


// ************************************************************************* //
