/*--------------------------------*- C++ -*----------------------------------*\
| =========                 |                                                 |
| \\      /  F ield         | OpenFOAM: The Open Source CFD Toolbox           |
|  \\    /   O peration     | Version:  1912                                  |
|   \\  /    A nd           | Website:  www.openfoam.com                      |
|    \\/     M anipulation  |                                                 |
\*---------------------------------------------------------------------------*/
FoamFile
{
    version     2.0;
    format      ascii;
    class       volScalarField::Internal;
    location    "1";
    object      Suliquid;
}
// * * * * * * * * * * * * * * * * * * * * * * * * * * * * * * * * * * * * * //

dimensions      [0 0 -1 0 0 0 0];


value           nonuniform List<scalar> 
11520
(
1.7122639e-13
-4.4808829e-10
7.8402143e-11
-3.277059e-10
-3.4355923e-10
5.7404577e-11
2.6150945e-10
7.2645121e-11
-1.4306279e-10
-9.0947035e-11
-7.8239263e-11
3.7652282e-11
-1.5196516e-11
-2.2902707e-10
2.399438e-10
-5.3625673e-11
-1.2378749e-10
-3.330131e-10
-1.6967567e-10
1.7408341e-10
8.462107e-11
-2.036959e-10
-5.2525436e-10
7.5208922e-11
-4.3233616e-11
1.3973551e-10
-2.9944372e-10
3.6697409e-11
-2.1582731e-10
-3.6525543e-11
2.3972386e-10
-3.1242651e-11
-5.199416e-10
-2.1006302e-10
2.2681134e-10
8.1813875e-11
-4.9780443e-10
2.9271418e-10
-2.0355217e-10
-1.3817039e-10
-3.2540458e-11
2.3021277e-10
2.4498989e-10
-5.1016233e-10
2.0053378e-11
2.6123377e-10
3.3932702e-10
1.3044391e-10
2.5494149e-11
2.9155044e-11
2.7610269e-10
-7.4745203e-11
-1.4931005e-10
4.7395685e-11
-1.9825413e-10
-2.5564171e-10
1.6967377e-10
2.1057603e-11
-2.7650075e-10
3.7531677e-10
5.8614297e-10
1.0702409e-10
1.2335736e-10
2.875171e-10
-3.7527688e-11
-1.7780331e-10
6.1353891e-12
-1.1520276e-10
-2.9738065e-10
-1.2681499e-10
-1.7839017e-11
-1.4488326e-10
-1.9224809e-10
-8.1107802e-11
4.1791742e-11
1.5475358e-10
1.8270688e-10
3.3816993e-11
-1.3782728e-10
-1.4587896e-10
-5.7015227e-11
-1.9538147e-11
-2.0272327e-11
2.2627263e-11
8.3049903e-11
9.6216289e-11
8.9989893e-11
1.0336897e-10
7.9487255e-11
-2.7075626e-11
-1.2633848e-10
-1.0804144e-10
-1.2707428e-11
3.4271173e-11
1.1916722e-11
8.5010333e-12
5.4616124e-11
7.36268e-11
1.723067e-11
-4.6476863e-11
-3.8198186e-11
1.4225828e-11
2.6562194e-11
-1.4922289e-11
-4.4913176e-11
-3.0196629e-11
-1.4731854e-11
-4.6035093e-11
-9.7772739e-11
-1.019352e-10
-4.4795248e-11
7.2111273e-12
-1.2734173e-11
-8.8034787e-11
-1.3449519e-10
-9.7448132e-11
-7.8611997e-12
6.1376307e-11
7.003151e-11
2.7528441e-11
-4.1776935e-11
-1.2277489e-10
-1.9657751e-10
-2.2537822e-10
-1.7693236e-10
-6.5955014e-11
4.0296072e-11
6.8440652e-11
-4.2193621e-12
-1.3157501e-10
-2.320041e-10
-2.4430157e-10
-1.655784e-10
-4.8428032e-11
3.6209965e-11
4.3637396e-11
-1.7984789e-11
-9.5285193e-11
-1.2815501e-10
-9.4155164e-11
-2.5607814e-11
1.7786211e-11
-7.27505e-13
-6.2756138e-11
-1.1006715e-10
-9.538766e-11
-2.5223379e-11
4.3523285e-11
5.0926114e-11
-1.5734547e-11
-1.1132053e-10
-1.6959523e-10
-1.5342984e-10
-7.748333e-11
9.8700452e-12
6.2949408e-11
6.3022227e-11
1.9103406e-11
-4.308418e-11
-9.2362128e-11
-1.0368513e-10
-7.2263878e-11
-2.1327421e-11
1.1895499e-11
7.5525616e-12
-1.6837622e-11
-2.35238e-11
4.560494e-12
4.3444164e-11
5.3385764e-11
2.2124095e-11
-2.4189201e-11
-5.2738318e-11
-5.6864401e-11
-5.0944831e-11
-4.2995094e-11
-2.7907813e-11
-7.1220046e-12
3.2078677e-12
-6.3178246e-12
-2.1585865e-11
-2.4992409e-11
-2.4305742e-11
-4.1375583e-11
-7.3802199e-11
-9.0535654e-11
-7.3590398e-11
-4.3017114e-11
-2.667767e-11
-2.4512483e-11
-2.1923783e-11
-1.8552419e-11
-1.4933126e-11
1.2996369e-11
8.3992752e-11
1.6107931e-10
1.7685959e-10
1.1556304e-10
2.74673e-11
-4.1091207e-11
-8.0188053e-11
-7.7775861e-11
-1.881306e-11
6.2667692e-11
1.0268941e-10
9.2692273e-11
7.3163062e-11
4.5742156e-11
-1.6198119e-11
-8.4152974e-11
-1.1292321e-10
-1.3371955e-10
-1.8051165e-10
-1.7839025e-10
-5.6769801e-11
1.0077585e-10
1.5832631e-10
7.9521736e-11
-6.9730229e-11
-1.4651531e-10
-7.8638219e-11
-9.4364684e-12
-6.5212731e-12
5.5032341e-11
1.2320086e-10
1.0554486e-10
4.853984e-11
-4.2375719e-11
-3.3490077e-11
9.1853501e-11
1.4552424e-10
9.6490211e-11
-6.2241163e-11
-1.7750373e-10
-1.3416995e-10
-3.7375209e-11
2.9523932e-11
1.1730086e-11
2.5756175e-11
6.8714823e-11
2.2229652e-10
-3.9792826e-10
5.6619541e-10
5.8700872e-10
-1.7621615e-10
-5.966979e-10
-2.6670185e-10
1.9227002e-10
1.2534097e-10
6.7103295e-11
-8.8096674e-11
4.2371173e-11
3.275657e-10
-3.9984799e-10
-7.3538476e-11
1.8481132e-10
4.763332e-10
3.715295e-10
-1.1775432e-10
-3.5090853e-10
3.5129152e-11
6.6743275e-10
3.1329421e-10
-2.6854492e-10
-5.7264408e-11
1.4202391e-10
2.1657032e-10
5.6334644e-10
-1.2062341e-10
-3.8232875e-10
-4.2824976e-11
1.0220936e-10
5.4180077e-10
-3.0951077e-10
-9.8254912e-10
4.2338818e-10
3.5387725e-10
-1.9975094e-10
-3.5368183e-10
-4.810033e-10
-1.3407026e-10
-4.735154e-11
-6.665592e-11
1.2648186e-11
-5.7708899e-10
-4.1001461e-10
-1.6129805e-10
-8.6127338e-12
-4.3193589e-10
-6.8849816e-10
-3.7720068e-10
-3.3371302e-10
-1.2644406e-10
-2.0030073e-10
-4.2992509e-10
1.0053548e-10
3.2982279e-10
9.3626635e-12
6.3673766e-11
5.5138793e-11
-1.0972302e-10
-6.0574826e-13
-9.3994524e-11
-3.4974209e-10
-2.2419644e-10
-7.3272896e-11
-3.3085598e-10
-3.5580276e-10
9.4909639e-11
3.0149466e-10
1.0663147e-10
-2.5524465e-11
2.9252492e-11
9.3391304e-11
1.3674679e-10
1.1567331e-10
-5.1569679e-11
-2.2745222e-10
-2.0681499e-10
-3.7962735e-11
8.295786e-11
1.1369134e-10
1.4403872e-10
1.863545e-10
1.9380387e-10
1.9156737e-10
2.0626813e-10
1.5666584e-10
-9.5164637e-12
-1.604761e-10
-1.4199814e-10
-1.3970691e-11
4.3618031e-11
-6.4496047e-12
-4.8156729e-11
-3.1307154e-11
-4.1174006e-11
-1.2922247e-10
-2.082582e-10
-1.8589046e-10
-1.1128151e-10
-9.8947445e-11
-1.5744674e-10
-1.9396045e-10
-1.6620425e-10
-1.4306601e-10
-1.9070361e-10
-2.6279051e-10
-2.5445319e-10
-1.4780697e-10
-4.5962968e-11
-5.22972e-11
-1.4581251e-10
-2.04285e-10
-1.4512394e-10
-8.479303e-12
1.0195455e-10
1.2442872e-10
6.951189e-11
-2.5417231e-11
-1.3204424e-10
-2.1840088e-10
-2.3403156e-10
-1.435186e-10
2.1347312e-11
1.6140148e-10
1.7901158e-10
5.5533062e-11
-1.313251e-10
-2.6233183e-10
-2.5858932e-10
-1.296752e-10
4.0340258e-11
1.510717e-10
1.4738298e-10
4.9950506e-11
-6.2597055e-11
-1.0915695e-10
-6.466733e-11
2.2315813e-11
6.9833784e-11
3.1498815e-11
-6.2293929e-11
-1.2841082e-10
-1.0309349e-10
-9.1775118e-14
9.6347181e-11
1.0038181e-10
-3.6054462e-12
-1.470746e-10
-2.3249161e-10
-2.0711879e-10
-9.6110324e-11
2.5985545e-11
9.1138469e-11
7.4928649e-11
-3.6169097e-12
-1.0183829e-10
-1.7328611e-10
-1.8419597e-10
-1.3160628e-10
-5.2027592e-11
-7.4620135e-13
-6.7778897e-12
-4.4210542e-11
-5.6426148e-11
-1.6130054e-11
4.3179909e-11
6.2275698e-11
2.0269884e-11
-4.6691252e-11
-9.0116913e-11
-9.8487515e-11
-9.1867478e-11
-8.1823571e-11
-5.9979762e-11
-2.7166867e-11
-7.9906123e-12
-2.0371599e-11
-4.7468819e-11
-6.2656327e-11
-7.1615919e-11
-1.0041799e-10
-1.4309598e-10
-1.5558606e-10
-1.1589544e-10
-6.0103124e-11
-3.4548953e-11
-3.7985634e-11
-3.9904066e-11
-3.0240415e-11
-9.0869915e-12
5.0057715e-11
1.6458879e-10
2.7488194e-10
2.8234227e-10
1.7065196e-10
2.6341453e-11
-7.2842176e-11
-1.1632416e-10
-9.9881344e-11
-9.4971338e-12
1.0741266e-10
1.6241142e-10
1.4193833e-10
9.8061281e-11
4.0196077e-11
-4.2183313e-11
-1.1347385e-10
-1.6779728e-10
-2.3924131e-10
-2.6609529e-10
-1.7418785e-10
-7.7218618e-11
-8.692492e-11
-7.6550745e-11
5.6986459e-11
1.7581909e-10
1.4955628e-10
4.1310797e-11
-1.2751098e-11
2.7538334e-12
-1.5327805e-11
-9.2448614e-11
-1.4115161e-10
-5.3536022e-12
2.5611292e-10
3.0892987e-10
1.7086462e-10
-5.1632438e-11
-2.078639e-10
-1.2194859e-10
-9.4422203e-11
-1.4909103e-11
1.8290471e-11
1.5266166e-11
9.4334688e-11
7.4756779e-11
4.1098352e-11
7.5795592e-11
7.1602408e-11
-8.9040141e-10
-4.0232804e-10
3.7803064e-10
4.1962004e-10
-6.6827611e-11
-3.865566e-10
-1.2394557e-10
-2.4446754e-11
3.3158595e-11
-1.3440981e-10
-1.9829394e-10
3.9934454e-10
1.1537623e-10
-4.1993806e-10
-3.1152315e-10
2.0278625e-10
2.0812474e-10
-1.1959256e-10
-4.9968234e-10
-1.4656362e-10
-1.8131984e-10
4.5022876e-10
-5.2474432e-10
-1.2510007e-10
-1.0741431e-11
8.865758e-11
2.5903761e-10
-3.187342e-10
-6.5200123e-10
-4.9021463e-11
1.3601331e-11
-1.0606498e-10
-1.9554146e-10
7.8759951e-11
-1.1695823e-09
-3.6878348e-11
1.7375756e-10
2.3956805e-10
-4.3989641e-10
-5.2633084e-10
4.4916217e-11
-3.5440233e-10
-1.6785769e-10
-2.826594e-10
-6.9773357e-11
-2.3875984e-10
6.2000237e-11
2.7881891e-10
2.6691844e-10
3.204339e-10
4.6151095e-10
2.7541392e-10
5.6526437e-10
4.4452813e-10
-3.7180635e-10
-1.4867766e-10
2.2967879e-10
-2.7029406e-10
-6.565638e-10
-2.9813951e-10
-1.3638368e-10
-2.0329414e-10
9.4443288e-11
3.7852446e-10
3.1818139e-10
2.831058e-10
3.7555434e-10
3.3707805e-10
1.3183978e-10
-2.2751707e-11
-5.2780533e-11
-1.9562004e-11
3.9665432e-11
8.1741638e-11
1.3509349e-11
-1.3795421e-10
-1.706562e-10
-2.1990144e-11
1.1648472e-10
1.1661395e-10
5.6331997e-11
1.2310183e-11
-2.532615e-11
-3.9126305e-11
9.2288642e-13
2.6925683e-11
-4.7428356e-11
-1.5886786e-10
-1.5820653e-10
-3.329568e-11
6.623067e-11
3.4385787e-11
-7.4159701e-11
-1.6220731e-10
-2.1980046e-10
-2.7919115e-10
-3.1633273e-10
-2.8066081e-10
-1.9408517e-10
-1.3735959e-10
-1.3983761e-10
-1.4836937e-10
-1.1872268e-10
-9.11565e-11
-1.2466859e-10
-1.9313768e-10
-2.0155254e-10
-1.028652e-10
2.7981259e-11
6.7635844e-11
-1.7014363e-11
-1.3598844e-10
-1.7490418e-10
-1.0651542e-10
2.306674e-12
7.4200918e-11
8.5557369e-11
5.1150825e-11
-1.025478e-11
-7.6372312e-11
-1.1039886e-10
-7.6383253e-11
2.3925176e-11
1.349599e-10
1.8060043e-10
1.2395079e-10
-9.5428457e-14
-1.1009197e-10
-1.3677935e-10
-6.7688962e-11
5.1480377e-11
1.5017202e-10
1.7612089e-10
1.2295233e-10
3.0355866e-11
-4.255155e-11
-5.712611e-11
-2.2424885e-11
1.2070075e-11
-2.1115896e-12
-6.7440537e-11
-1.3300709e-10
-1.3489395e-10
-5.4057381e-11
6.009555e-11
1.249776e-10
9.1099774e-11
-1.7020741e-11
-1.2137174e-10
-1.5279841e-10
-1.0108308e-10
-1.3488577e-11
4.8501873e-11
5.132189e-11
-2.4238646e-14
-7.6566212e-11
-1.4313633e-10
-1.6899815e-10
-1.4052524e-10
-7.5055628e-11
-1.8170207e-11
-1.0896257e-11
-4.9977422e-11
-8.5679106e-11
-6.9666598e-11
-6.455489e-12
4.9828225e-11
5.266389e-11
8.409558e-12
-4.0409911e-11
-6.6838859e-11
-7.7797414e-11
-8.443866e-11
-7.8199002e-11
-5.0850384e-11
-2.1823296e-11
-2.1432041e-11
-5.0104406e-11
-7.8712445e-11
-9.2028622e-11
-1.0585287e-10
-1.2806891e-10
-1.3082786e-10
-8.9472924e-11
-3.0744384e-11
-6.4147434e-12
-2.553864e-11
-4.9151002e-11
-4.9148626e-11
-2.8898353e-11
1.7756653e-11
1.0907339e-10
2.1412418e-10
2.4836711e-10
1.7370125e-10
5.3870024e-11
-3.1725293e-11
-7.2715412e-11
-8.211108e-11
-4.2910215e-11
3.6153615e-11
9.2543432e-11
1.0309425e-10
1.1161662e-10
1.1298426e-10
4.4291661e-11
-6.7481084e-11
-1.2954729e-10
-1.6547096e-10
-2.3721922e-10
-2.3819646e-10
-7.0074058e-11
1.0307135e-10
9.2870037e-11
-4.5634455e-11
-1.6553182e-10
-1.5198e-10
-4.3467412e-12
6.4031405e-11
1.0717772e-11
5.0490958e-11
1.0848869e-10
6.2326561e-11
5.7207576e-12
-4.0693676e-11
4.5839322e-11
2.0078427e-10
2.0230093e-10
9.1489655e-11
-8.346653e-11
-1.6265885e-10
-1.1007705e-10
-3.4069698e-11
-8.2028633e-12
-4.2418914e-11
2.3302472e-11
1.2068925e-10
9.2067978e-11
7.9002364e-11
2.9812003e-10
-2.5392036e-10
-6.6101574e-10
-1.6605982e-10
2.7082803e-10
1.8699038e-10
-1.7335927e-10
-1.0562156e-10
1.4337883e-11
1.2510158e-10
2.0155765e-10
-1.1111301e-10
-2.2566312e-10
1.6473049e-10
2.7864535e-10
8.5859331e-11
-1.7603282e-10
-3.0676138e-10
8.3394927e-11
3.7589473e-10
4.5355683e-11
-2.3995645e-10
9.2876008e-11
1.7187291e-10
-9.6774548e-11
-9.0798143e-11
-2.0252638e-10
5.7334783e-11
-2.1704852e-10
1.8062988e-11
-3.190022e-10
-9.8270918e-11
2.0047911e-10
-6.9337846e-10
7.3547317e-11
4.8609682e-11
-1.66674e-10
-2.5849229e-10
2.0064196e-10
-3.9377974e-10
7.6466541e-11
-1.8180334e-10
1.4328485e-10
1.3478681e-10
2.8331732e-10
2.5708153e-11
1.0045545e-10
4.474313e-11
1.3549218e-10
3.1294972e-10
-2.9185026e-10
-1.592666e-10
2.1521063e-10
-4.7966955e-10
-3.8108991e-10
4.0428993e-10
3.6651752e-11
-3.1087244e-10
4.9862473e-11
-3.944593e-11
-2.7436376e-10
-2.2961843e-11
1.7508078e-10
-1.6317967e-10
-3.3026538e-10
-1.1100052e-10
-1.2955349e-11
-8.3331724e-11
-1.6454195e-10
-1.5881026e-10
-7.3511812e-11
8.4322596e-12
2.5946439e-11
5.2107611e-11
9.9085986e-11
3.7609666e-11
-6.7115861e-11
-1.3950414e-11
1.3899499e-10
1.7220321e-10
5.5548654e-11
-7.0020831e-11
-1.1361997e-10
-7.8910004e-11
5.1510119e-12
8.7335319e-11
1.0710658e-10
7.4132387e-11
7.6164658e-11
1.6433266e-10
2.7377501e-10
2.9594649e-10
2.0094658e-10
5.7740834e-11
-5.0635568e-11
-9.1411995e-11
-7.122609e-11
-8.5626283e-12
6.6053246e-11
1.1422308e-10
1.2293148e-10
1.2262312e-10
1.3879162e-10
1.4713416e-10
1.0204236e-10
1.1207218e-11
-5.1222526e-11
-2.3632243e-11
5.556999e-11
7.8259213e-11
-1.8617238e-11
-1.8922853e-10
-3.2709968e-10
-3.6367319e-10
-3.1681555e-10
-2.522994e-10
-2.1799347e-10
-2.2165743e-10
-2.4906426e-10
-2.8184444e-10
-2.9955875e-10
-2.8285477e-10
-2.2803062e-10
-1.6009506e-10
-1.2205354e-10
-1.4112389e-10
-2.0159829e-10
-2.5532346e-10
-2.5933313e-10
-2.0665025e-10
-1.2622067e-10
-5.9198601e-11
-3.383956e-11
-5.4907292e-11
-1.0728583e-10
-1.6515743e-10
-2.0375476e-10
-2.1268756e-10
-2.0435173e-10
-2.0484271e-10
-2.2889129e-10
-2.5908394e-10
-2.5330921e-10
-1.8104544e-10
-5.7951093e-11
5.6340871e-11
1.0145027e-10
6.5003116e-11
-7.6001101e-12
-5.2211037e-11
-3.8212403e-11
1.281246e-11
5.3644623e-11
5.3021394e-11
1.3427429e-11
-4.1733661e-11
-8.8473474e-11
-1.0966345e-10
-9.523555e-11
-4.9473944e-11
2.339415e-13
1.5518505e-11
-1.8305631e-11
-6.9440676e-11
-8.3200021e-11
-3.6758736e-11
3.4538353e-11
7.2896098e-11
5.6662963e-11
1.4229597e-11
-1.8312574e-11
-3.5845908e-11
-5.2106173e-11
-6.5462794e-11
-6.0422613e-11
-4.0617584e-11
-3.5382114e-11
-6.1601309e-11
-9.8922902e-11
-1.1903043e-10
-1.2326598e-10
-1.2712394e-10
-1.2046439e-10
-7.8431691e-11
-1.3366636e-11
2.2935712e-11
4.6251042e-12
-3.2425096e-11
-4.161548e-11
-1.9172528e-11
2.0398573e-11
8.2842465e-11
1.6120434e-10
1.9871305e-10
1.494182e-10
5.496722e-11
-5.7918397e-12
-2.1850382e-11
-3.2749632e-11
-3.8775065e-11
-1.5650695e-11
1.7427373e-11
3.5929787e-11
6.6401821e-11
1.1702967e-10
1.239144e-10
4.8167408e-11
-5.5964471e-11
-1.2489291e-10
-1.5250277e-10
-1.5699787e-10
-1.5033675e-10
-1.2559617e-10
-5.7514621e-11
3.2691486e-11
5.3130017e-11
-1.9993202e-11
-5.0717818e-11
2.2505294e-11
2.2017938e-11
-9.0872695e-11
-1.2306113e-10
-6.198951e-11
8.29438e-11
2.3112133e-10
1.4635318e-10
3.9416399e-11
3.6523314e-12
5.3326668e-12
1.2454612e-10
4.2862816e-11
-3.2740798e-11
-8.5118052e-11
-1.0566017e-10
-1.5346063e-11
3.6561677e-12
5.7032849e-11
1.3528935e-10
7.9547154e-11
6.4690072e-11
-1.1823554e-10
4.2981545e-10
-4.3882345e-11
-3.7598988e-10
-3.4738298e-10
6.0552723e-12
1.3192342e-10
-8.5178148e-11
-2.8979089e-10
-1.5139158e-10
1.2531061e-10
1.7638365e-10
-4.7640252e-10
-1.020272e-10
1.8696665e-10
1.2211559e-10
-3.5025056e-10
-9.1551213e-11
-1.7235471e-10
2.3894968e-10
-1.0171499e-10
-2.3175957e-10
-6.3645441e-10
3.2730549e-10
2.3792325e-10
-1.8654859e-10
-3.6471686e-10
-2.3965925e-10
2.3031066e-10
7.9530841e-10
-6.9951469e-10
7.6233896e-11
9.1571685e-11
-1.1684619e-10
4.54379e-10
1.0865245e-10
-9.4451825e-11
-2.0804099e-10
-3.2817119e-10
1.7219791e-10
-1.1033866e-11
2.3665534e-11
4.2594425e-11
-5.0759318e-10
-5.8627822e-10
2.0365238e-10
1.7247708e-10
-3.8632488e-10
5.0014669e-10
-1.1380134e-10
-4.8478331e-10
3.9611829e-10
-5.1361868e-11
-4.3269978e-10
3.5971965e-10
3.9827072e-10
-1.0733056e-10
2.0746775e-10
9.8174371e-11
-4.9537189e-10
-2.4496423e-10
2.7633288e-10
8.8340484e-11
-1.2334977e-10
1.7679561e-10
4.1551173e-10
3.6429072e-10
2.372065e-10
1.3382098e-10
4.3819792e-11
4.2596055e-12
7.8022582e-12
3.0041739e-11
1.0077842e-10
1.5036288e-10
1.0079179e-10
5.5241334e-11
1.1590968e-10
1.9236307e-10
1.525106e-10
2.8648954e-11
-3.7552377e-11
5.9694848e-12
7.897753e-11
9.8822516e-11
6.0417326e-11
-3.5801378e-12
-6.2611539e-11
-8.2975735e-11
-4.8680085e-11
-1.0405027e-13
-1.7983424e-11
-1.3510955e-10
-2.8518574e-10
-3.6464384e-10
-3.4021327e-10
-2.687834e-10
-2.2282793e-10
-2.2443991e-10
-2.4291112e-10
-2.3872542e-10
-2.0008977e-10
-1.5026699e-10
-1.2689175e-10
-1.3794356e-10
-1.4084882e-10
-9.6766613e-11
-1.8919908e-11
3.0751823e-11
-2.2354706e-12
-1.0319297e-10
-2.0046546e-10
-2.3196948e-10
-1.9166826e-10
-1.1973331e-10
-6.1946289e-11
-3.6263661e-11
-3.1521385e-11
-2.7147349e-11
-8.5148499e-12
2.7863093e-11
7.4193965e-11
1.1148571e-10
1.1832828e-10
8.9109466e-11
4.6073611e-11
2.773203e-11
5.8260059e-11
1.2564848e-10
1.9063205e-10
2.1857318e-10
2.0376701e-10
1.651918e-10
1.2277572e-10
8.1168536e-11
3.5533569e-11
-1.4715073e-11
-6.2347317e-11
-1.010854e-10
-1.3093138e-10
-1.5065454e-10
-1.4797206e-10
-1.0510813e-10
-2.0327626e-11
7.7462061e-11
1.4231505e-10
1.4672574e-10
1.0566341e-10
6.2814328e-11
5.0063818e-11
6.0073918e-11
5.9021848e-11
2.3447114e-11
-3.7350419e-11
-9.4069791e-11
-1.2542123e-10
-1.2968156e-10
-1.1396984e-10
-8.3894884e-11
-4.9480003e-11
-3.236931e-11
-5.1805612e-11
-9.7259802e-11
-1.2620499e-10
-1.0224216e-10
-3.6541939e-11
1.9965572e-11
2.9833192e-11
5.449712e-12
-1.4934897e-11
-1.716964e-11
-2.0636219e-11
-4.0582538e-11
-6.4156373e-11
-7.4463207e-11
-8.0601819e-11
-1.0235492e-10
-1.3446183e-10
-1.5156372e-10
-1.4700739e-10
-1.3937474e-10
-1.3272556e-10
-1.0158305e-10
-3.6729877e-11
2.1611524e-11
2.9263133e-11
2.4958402e-13
-1.3451207e-11
7.2931563e-12
4.0218699e-11
7.4720247e-11
1.1749177e-10
1.4459608e-10
1.1400585e-10
4.2492364e-11
9.2727127e-13
1.0323294e-11
1.5963939e-11
-1.3274574e-11
-4.3110328e-11
-4.8094201e-11
-3.2378826e-11
2.0645463e-11
1.0773382e-10
1.495461e-10
9.6753217e-11
1.0572052e-11
-6.2094985e-11
-1.3003584e-10
-1.3218077e-10
-3.0957418e-11
2.2646187e-11
-7.4845953e-11
-1.7491702e-10
-1.4987965e-10
-5.2261414e-11
3.2683095e-11
3.7944793e-11
-4.6503743e-12
-1.0169209e-11
-3.3555063e-11
-7.9448531e-11
-6.1043923e-11
3.7225691e-11
1.8272555e-10
2.1378063e-10
1.2095636e-10
1.754735e-11
-1.2998872e-11
5.0349163e-11
1.7784825e-11
-4.8644533e-11
-1.1595029e-10
-1.3237425e-10
-3.2857805e-11
1.0369795e-10
8.1491427e-11
1.1395654e-10
5.3069785e-11
5.366086e-11
-4.8893322e-10
3.3649893e-10
4.1097218e-10
-1.7177077e-10
-5.0620755e-10
-9.1244122e-11
3.4360902e-10
4.510559e-11
-4.672561e-10
-1.151316e-10
-1.3387949e-10
4.6976517e-11
-3.6896495e-10
-5.3699945e-11
3.3411479e-11
1.0746875e-10
4.7479961e-11
1.327749e-11
-4.5645791e-11
2.9346156e-10
4.441324e-11
-1.1110266e-10
-1.9598907e-10
-3.5159838e-10
1.8423482e-10
1.945839e-11
2.6809446e-10
4.6668915e-10
-6.3506192e-10
-2.6600205e-10
5.5609026e-10
1.8333786e-10
1.2978774e-10
-5.0146997e-10
-4.6557199e-10
4.9953437e-10
-4.4382996e-11
1.7696619e-10
-5.5578224e-10
-1.9798982e-10
-1.3689177e-10
7.3169502e-11
-6.2923836e-11
1.96352e-10
-3.960913e-11
2.3633708e-10
4.3162078e-11
-7.9966538e-10
-4.5080464e-10
7.0170249e-11
-4.6396674e-10
-3.1210383e-10
2.1097417e-10
7.7999202e-11
-1.1957232e-10
-1.1653258e-10
-6.8397497e-13
-3.7308275e-11
-8.1499108e-11
3.092872e-10
3.8436182e-10
-2.8359604e-11
-3.1076565e-10
-1.7151649e-10
-5.8335506e-11
-1.186219e-10
-7.5211916e-11
6.5011562e-11
1.2508736e-10
1.0224105e-10
9.7589971e-11
8.3696899e-11
7.0372357e-11
9.9367085e-11
7.8099936e-11
-3.6336867e-11
-1.1244025e-10
-7.4815286e-11
-3.4063756e-11
-7.4450853e-11
-9.8274406e-11
-6.2012566e-12
1.2828765e-10
1.8667776e-10
1.759564e-10
1.5677853e-10
1.1646384e-10
2.8347796e-11
-4.6614437e-11
-2.9998292e-11
3.8635396e-11
3.9291368e-11
-5.7697708e-11
-1.402249e-10
-1.0498859e-10
1.0391156e-11
8.5152919e-11
6.6776185e-11
6.7114606e-12
-2.5475363e-11
-8.5384842e-12
3.117021e-11
6.570843e-11
9.0304794e-11
1.127797e-10
1.3230776e-10
1.3159245e-10
8.8424606e-11
1.6717037e-12
-9.9083093e-11
-1.7503925e-10
-2.062387e-10
-1.9857751e-10
-1.7644149e-10
-1.680275e-10
-1.8479663e-10
-2.1403264e-10
-2.3067271e-10
-2.157278e-10
-1.6828496e-10
-1.0739351e-10
-6.3140666e-11
-5.9202132e-11
-9.5539166e-11
-1.4128216e-10
-1.4978222e-10
-9.2394498e-11
1.2910915e-11
1.0908143e-10
1.4253166e-10
1.0541994e-10
3.6933085e-11
-1.6101526e-11
-3.9875408e-11
-5.76179e-11
-9.7831981e-11
-1.6260998e-10
-2.2700741e-10
-2.6366604e-10
-2.6360115e-10
-2.3333015e-10
-1.8061055e-10
-1.0891507e-10
-2.7137583e-11
4.4459882e-11
8.5889568e-11
9.6833335e-11
9.8733725e-11
1.1147082e-10
1.2840895e-10
1.1991032e-10
6.5863565e-11
-1.7390587e-11
-8.6910501e-11
-1.1066554e-10
-9.2468645e-11
-6.0374836e-11
-3.6249933e-11
-2.3341825e-11
-2.0223949e-11
-3.2817916e-11
-6.273928e-11
-9.0457064e-11
-8.6002144e-11
-4.4291966e-11
1.1793774e-12
1.3007511e-11
-5.9080165e-12
-1.66063e-11
4.4883879e-12
3.3652637e-11
3.0491316e-11
-1.225355e-11
-6.6280283e-11
-1.0834631e-10
-1.398622e-10
-1.6342884e-10
-1.6729149e-10
-1.4881469e-10
-1.3175362e-10
-1.33819e-10
-1.3125256e-10
-8.836299e-11
-1.6901386e-11
3.1285851e-11
3.5474349e-11
3.0573243e-11
4.7496298e-11
7.1106519e-11
8.1064314e-11
8.9247774e-11
1.0155873e-10
8.8506086e-11
4.103273e-11
8.3708395e-12
2.3650632e-11
4.069684e-11
7.7741797e-12
-4.9977849e-11
-8.2310508e-11
-7.9444202e-11
-3.2849206e-11
7.0085215e-11
1.6226712e-10
1.4099289e-10
3.5676542e-11
-3.0710841e-11
-4.8522122e-11
-8.3726022e-11
-9.1766013e-11
-1.7771063e-11
4.1320976e-11
-4.1282118e-13
-9.1114119e-11
-1.5730645e-10
-1.2340956e-10
-7.4927312e-12
-1.4672227e-11
-1.1836528e-10
-7.6915443e-11
1.6494289e-11
7.0573706e-11
9.7759076e-11
4.2027235e-12
1.3734397e-11
1.0268187e-10
1.1713294e-10
1.685925e-10
7.2838401e-11
-1.0792719e-13
-7.0979608e-11
-1.1952891e-10
-7.493331e-11
-1.4401431e-11
6.8209238e-11
1.213004e-10
2.4831557e-11
8.9382563e-11
5.9506234e-11
6.4946912e-11
-2.764115e-10
-2.4618492e-10
1.1441087e-10
-1.8164886e-12
-2.0832993e-10
-2.0849581e-10
-2.5573219e-11
1.6652755e-10
-1.9576852e-10
6.3413785e-11
-2.3203967e-11
-5.1656395e-12
-2.8232625e-10
-2.740134e-10
2.9886449e-10
2.4043907e-10
-2.7681909e-11
-3.369726e-10
-1.1333512e-11
1.2170846e-10
-1.3226308e-11
8.6127803e-11
1.9813452e-10
-2.8583546e-10
4.0685059e-10
2.4952198e-10
-3.838086e-10
1.7819176e-10
4.6828835e-10
-5.1279139e-10
-5.6277367e-10
4.6142533e-10
-2.4958107e-10
3.6465265e-10
-3.6894075e-10
-5.1057847e-10
4.6640206e-10
-1.201972e-10
1.369625e-10
2.9131192e-10
4.7883831e-11
-5.8861676e-10
2.9777757e-10
1.3710022e-10
-5.8546024e-10
1.3461e-10
2.4897619e-10
3.1715221e-10
1.2902094e-10
-4.9773836e-11
1.65682e-10
8.214865e-11
-1.0392232e-10
-7.3090402e-11
2.4696987e-10
6.1108278e-10
5.4442593e-10
2.3845787e-10
3.3665062e-10
3.9057948e-10
1.0777258e-10
-1.4062433e-10
-1.0452696e-10
-1.0494339e-10
-2.4471509e-10
-1.7093767e-10
-4.8741998e-11
-1.5618499e-10
-2.7821568e-10
-1.5669362e-10
-1.5392782e-11
-3.054239e-11
1.8925459e-11
1.5566666e-10
1.2236632e-10
-3.9747669e-11
-5.0043938e-11
9.4899664e-11
1.7217499e-10
1.5221392e-10
1.7792149e-10
2.5322213e-10
2.5984239e-10
1.9985632e-10
1.7672691e-10
1.8772706e-10
1.3305552e-10
2.3412998e-11
4.0602873e-12
1.3294461e-10
2.7111488e-10
2.6891204e-10
1.6850877e-10
1.2770086e-10
1.9225589e-10
2.5324577e-10
2.1043237e-10
8.6468165e-11
-3.0810135e-11
-9.7156505e-11
-1.2374374e-10
-1.2020005e-10
-7.6161374e-11
-1.9588962e-12
5.7811391e-11
4.0916112e-11
-7.0027967e-11
-2.1721077e-10
-3.1809923e-10
-3.3081772e-10
-2.7563729e-10
-2.0581226e-10
-1.6532016e-10
-1.6943079e-10
-2.1043904e-10
-2.6622936e-10
-3.0856192e-10
-3.1459724e-10
-2.7782135e-10
-2.1365473e-10
-1.5448205e-10
-1.3288827e-10
-1.6062526e-10
-2.150754e-10
-2.4553832e-10
-2.0502212e-10
-9.1576334e-11
3.9639684e-11
1.1309378e-10
9.2563343e-11
9.2786608e-12
-6.8443206e-11
-9.5870171e-11
-8.5917401e-11
-8.635614e-11
-1.2769684e-10
-1.9357756e-10
-2.3966791e-10
-2.3524074e-10
-1.8540212e-10
-1.1773333e-10
-5.5265329e-11
-5.2682251e-12
3.3364323e-11
6.1369461e-11
8.2250711e-11
1.0668823e-10
1.4278282e-10
1.7827896e-10
1.8002186e-10
1.2202016e-10
1.7866355e-11
-7.9148963e-11
-1.1742797e-10
-9.0211991e-11
-3.7636326e-11
-5.8023522e-12
-8.3578528e-12
-2.7876178e-11
-4.5440314e-11
-5.7523965e-11
-6.4201446e-11
-5.688533e-11
-3.1077929e-11
-5.215481e-12
-7.5749589e-12
-3.7450527e-11
-5.3712947e-11
-1.9163737e-11
4.8572432e-11
8.7662112e-11
5.6464946e-11
-2.6813218e-11
-1.1286927e-10
-1.7059015e-10
-1.9474719e-10
-1.8536162e-10
-1.495943e-10
-1.1762574e-10
-1.2169925e-10
-1.4912717e-10
-1.4606568e-10
-8.5980303e-11
-7.3628134e-12
3.9740756e-11
5.7091239e-11
7.5271031e-11
9.3373246e-11
8.9436244e-11
7.3464169e-11
7.3565356e-11
7.8940358e-11
5.8561336e-11
2.8247646e-11
2.7561989e-11
3.8428508e-11
9.0781913e-12
-5.0697927e-11
-8.3813026e-11
-7.4738765e-11
-3.9368381e-11
2.595765e-11
9.9401166e-11
1.1142031e-10
4.6759342e-11
-1.7444684e-11
-2.0662074e-11
1.9371214e-11
4.7974801e-11
1.9091136e-11
-5.0020639e-11
-7.7838146e-11
-4.6064257e-11
-4.1036294e-11
-9.7057277e-11
-1.2225652e-10
-6.9536149e-11
-4.4998425e-11
-7.5036196e-11
-5.0361917e-11
3.0004791e-12
6.2531525e-11
9.5730544e-11
7.7319663e-12
-1.4190672e-12
5.77407e-11
1.2493587e-10
2.1076697e-10
8.5117617e-11
-3.0351028e-11
-9.9846566e-11
-5.4575947e-11
5.0234353e-11
5.3579354e-11
7.2527459e-11
6.1281285e-11
1.3474265e-13
1.1490525e-10
1.0028971e-10
5.3980978e-11
1.6381899e-10
-4.6109405e-10
-3.0948355e-10
1.658281e-10
3.2136561e-10
-1.0907307e-10
-6.0826778e-10
-1.6654977e-10
1.2493291e-10
3.1032456e-10
1.5352586e-10
-1.5886552e-10
-1.8188709e-10
-8.958118e-11
2.959797e-10
1.7213277e-10
1.2428244e-10
2.2099371e-11
9.2313357e-12
2.5902644e-10
-6.2026759e-11
3.1347457e-11
-1.9407208e-11
2.0267807e-10
-3.4103132e-11
2.7500342e-10
-3.4102015e-10
-2.8642359e-10
1.1662285e-10
4.4342609e-10
-6.5302766e-10
-1.094025e-10
-6.8213056e-10
3.8507326e-11
2.7890173e-10
5.0872849e-11
-5.0138436e-10
2.3229837e-10
-1.2710209e-10
-3.5190745e-10
-5.8038301e-11
9.4825918e-11
-3.3164318e-10
-1.8466766e-10
4.0633697e-10
-4.3601497e-10
-1.3548102e-10
4.7935572e-10
3.7267795e-11
-1.9805868e-10
3.8438463e-10
4.1460608e-10
2.7521106e-10
4.4125971e-10
1.2336582e-10
-1.2466863e-10
4.6366989e-11
-1.6990217e-10
-5.0997639e-10
-5.2767878e-10
-2.6030272e-10
-8.6278561e-12
1.2538517e-10
1.6233494e-10
3.3525779e-10
5.2645483e-10
3.8300702e-10
4.8952137e-11
-4.6178779e-11
5.3423475e-11
1.3157875e-11
-5.8407274e-11
5.6386233e-11
1.1486825e-10
-8.1346956e-11
-2.4780791e-10
-1.464455e-10
2.5096007e-11
4.8741126e-11
1.4856798e-11
5.0771938e-11
9.0955002e-11
6.5985732e-11
4.2847134e-11
5.972474e-11
1.812842e-11
-1.400729e-10
-2.8340822e-10
-2.4939729e-10
-8.3625303e-11
1.4077438e-11
-3.5961527e-11
-1.0702975e-10
-7.0573682e-11
3.3411103e-11
7.8919543e-11
2.401767e-11
-7.5408055e-11
-1.6653028e-10
-2.3398154e-10
-2.6126176e-10
-2.109049e-10
-7.1385611e-11
8.3328868e-11
1.3603336e-10
3.2914797e-11
-1.5522147e-10
-2.8695054e-10
-2.7060732e-10
-1.3052199e-10
3.1361019e-11
1.266071e-10
1.3284051e-10
7.8204123e-11
3.5715645e-12
-5.8818218e-11
-8.9607941e-11
-8.2582714e-11
-4.4015114e-11
7.7271563e-12
4.5543215e-11
4.5438714e-11
5.7431093e-12
-4.1509491e-11
-4.4238166e-11
2.9095985e-11
1.5393989e-10
2.5747358e-10
2.7309564e-10
1.9590752e-10
8.6102887e-11
1.5098921e-11
4.3772397e-12
1.5506773e-11
-3.2509897e-12
-6.2584993e-11
-1.2352923e-10
-1.3819755e-10
-9.4917129e-11
-2.422094e-11
3.2015278e-11
5.3364693e-11
4.6964735e-11
3.2146427e-11
2.6660116e-11
4.3070074e-11
8.5473135e-11
1.3915228e-10
1.6735151e-10
1.3255085e-10
3.3138707e-11
-8.1800331e-11
-1.4456221e-10
-1.2521623e-10
-5.745636e-11
-6.1315849e-12
-8.271022e-12
-4.7738327e-11
-8.2696324e-11
-8.8749234e-11
-7.0240202e-11
-4.1099565e-11
-1.1228907e-11
5.6292652e-12
-9.5921398e-12
-5.6436376e-11
-9.4736869e-11
-7.3137441e-11
1.0973153e-11
9.35472e-11
1.0141757e-10
2.3034555e-11
-8.8554688e-11
-1.7420677e-10
-2.1055629e-10
-2.0113091e-10
-1.5946241e-10
-1.1533497e-10
-1.0857122e-10
-1.4556181e-10
-1.7619889e-10
-1.4602067e-10
-6.4855269e-11
8.4594586e-12
4.4416124e-11
6.4496085e-11
8.3683615e-11
8.4180636e-11
6.4175132e-11
5.8318204e-11
7.8750205e-11
8.809286e-11
6.5110828e-11
3.9947612e-11
2.8132009e-11
-1.0308284e-12
-5.0593902e-11
-7.1117606e-11
-4.552966e-11
-1.023504e-11
2.1910178e-11
5.2689372e-11
4.2581664e-11
-1.1736046e-11
-2.7177689e-11
1.9794667e-11
5.3609518e-11
6.7966184e-11
9.6585755e-11
6.6409826e-11
-4.3996559e-11
-1.0582893e-10
-8.6672279e-11
-6.6816468e-11
-7.1205183e-11
-1.1924521e-10
-1.4050818e-10
-3.8433637e-11
4.1324908e-11
2.810691e-11
-8.9925106e-12
-7.4903311e-11
-3.499725e-11
6.3742824e-11
1.1257245e-10
1.6018345e-10
1.1904476e-10
9.3715675e-11
2.3446922e-11
-4.3541373e-11
7.4274429e-12
-1.4783568e-11
5.6761267e-11
2.6113516e-12
2.9985435e-11
7.5805914e-11
7.5905101e-11
1.6519021e-10
6.0533807e-11
1.1568948e-11
2.2656973e-10
-1.1848976e-10
-4.659277e-10
-2.0142365e-10
2.4214249e-10
3.3350154e-10
-1.3780095e-10
-1.7762132e-10
6.2118886e-11
2.3326059e-10
-5.2410164e-12
-4.1215308e-10
6.8792062e-11
4.0039988e-10
-1.1603193e-10
-2.0026787e-10
2.890562e-11
1.7550332e-10
3.172918e-10
4.4600752e-10
-2.6424698e-10
6.9847337e-11
-1.9393249e-11
-7.3194627e-12
-1.4006365e-10
-5.5180925e-10
2.2450292e-10
1.6940431e-10
-5.4677424e-10
3.5593313e-10
4.5847726e-11
1.0711699e-10
-4.6536912e-10
2.1998868e-10
-2.2695313e-10
-2.648928e-10
-2.0592579e-10
-9.1921769e-10
-4.5642627e-10
4.5515696e-10
-5.6532997e-10
-3.7036267e-10
-4.4464887e-10
-3.6514772e-10
2.6172139e-10
-3.0217735e-10
-4.2572836e-10
2.6774223e-10
3.8825211e-10
4.3285286e-10
3.4935766e-10
-2.0422469e-11
-1.3717839e-10
-2.330205e-10
-3.888393e-10
-2.1803075e-10
-6.3544531e-11
7.5115341e-11
1.7175961e-10
3.6962938e-10
4.0864293e-10
1.4204904e-10
-1.6597932e-10
-1.5269578e-10
1.0512579e-10
1.0472029e-10
-1.5415679e-10
-2.4795466e-10
-8.8334318e-11
2.9452799e-12
-2.6838865e-11
6.8948776e-11
2.1875255e-10
1.578106e-10
-6.8741228e-12
1.6541667e-11
1.6980174e-10
1.7308614e-10
2.5126774e-12
-1.3692417e-10
-1.6395264e-10
-1.482885e-10
-1.009974e-10
1.6061663e-11
1.3572645e-10
1.4006098e-10
5.7924943e-11
5.3624625e-11
1.9089806e-10
3.3040666e-10
3.2086998e-10
2.0448468e-10
1.4597163e-10
2.0840694e-10
3.0425063e-10
3.3269539e-10
2.7665045e-10
1.6749812e-10
2.8540949e-11
-1.0375803e-10
-1.5829035e-10
-8.3094262e-11
6.6150673e-11
1.4869938e-10
5.4671547e-11
-1.840895e-10
-4.0645282e-10
-4.6263943e-10
-3.3722798e-10
-1.4176277e-10
-6.4910081e-12
1.3677878e-11
-5.0883287e-11
-1.3819597e-10
-2.0422732e-10
-2.3708348e-10
-2.4560698e-10
-2.4005238e-10
-2.2333103e-10
-1.9873171e-10
-1.7998768e-10
-1.8467329e-10
-2.1357136e-10
-2.378225e-10
-2.1522928e-10
-1.3034561e-10
-2.0464144e-11
4.5574142e-11
2.4445931e-11
-6.2200598e-11
-1.4646187e-10
-1.7546535e-10
-1.5480299e-10
-1.3286183e-10
-1.4468958e-10
-1.7537746e-10
-1.7799778e-10
-1.2385101e-10
-3.1551797e-11
5.0045241e-11
8.3822856e-11
6.8667445e-11
3.0722874e-11
3.8500019e-13
-1.7480292e-12
3.2171723e-11
9.2822705e-11
1.4824301e-10
1.5494469e-10
9.0391958e-11
-1.721472e-11
-1.0019252e-10
-1.0471127e-10
-3.9994353e-11
2.886331e-11
4.1026365e-11
-6.685597e-12
-6.5002746e-11
-8.4911806e-11
-5.7646388e-11
-7.6653071e-12
3.7490926e-11
5.9710477e-11
4.5244537e-11
-7.8454586e-12
-6.9212877e-11
-8.3988585e-11
-2.4280498e-11
6.8456863e-11
1.1277434e-10
6.5895981e-11
-3.8171463e-11
-1.321924e-10
-1.791244e-10
-1.8257124e-10
-1.5790092e-10
-1.2298724e-10
-1.0665219e-10
-1.287983e-10
-1.6416175e-10
-1.5871799e-10
-9.7928033e-11
-2.9170599e-11
3.0981683e-12
1.2208547e-11
3.0460272e-11
5.0593422e-11
5.1019806e-11
4.9605065e-11
7.4725954e-11
1.0512318e-10
9.9614523e-11
6.6082965e-11
3.6923447e-11
6.6739152e-12
-3.4700804e-11
-4.9807899e-11
-1.4699774e-11
2.342985e-11
2.4595615e-11
1.3349169e-11
-2.2617661e-12
-4.7683506e-11
-7.3037979e-11
3.0302291e-12
1.1683855e-10
1.3050217e-10
5.7796026e-11
6.2680008e-12
-6.308025e-12
-4.4729048e-12
-5.7619956e-12
-5.4287809e-11
-1.0521227e-10
-9.3976594e-11
-1.1937179e-10
-1.4521471e-10
-3.2032821e-11
5.1421335e-11
4.5350813e-11
7.9759108e-12
-1.0877919e-10
-4.1147728e-11
1.0896728e-10
1.4520703e-10
1.6475235e-10
1.7631799e-11
-1.431542e-11
-3.2084347e-11
2.4773067e-11
3.9800637e-11
4.7520941e-11
-4.4503974e-11
-1.8110744e-11
8.2523761e-11
1.6779632e-10
1.3358156e-10
8.3527807e-11
9.1877538e-12
2.7351554e-11
1.4822249e-11
4.4064669e-10
-1.3722771e-11
-3.8774169e-10
-1.5487613e-10
2.0310055e-10
2.0840298e-10
6.206026e-12
5.5682076e-11
-1.9699223e-10
-1.8374825e-10
-4.2144769e-10
4.2501367e-11
5.0826134e-10
-6.8948399e-11
-2.2554982e-10
-3.0526687e-10
1.079936e-10
2.6390639e-10
-3.9783707e-10
1.7306893e-11
-1.3038331e-10
4.4118712e-11
-6.2332918e-11
2.6289718e-10
-3.7734655e-10
-3.163333e-10
1.0079092e-10
2.9767056e-10
-2.830521e-10
1.1827649e-10
2.434467e-10
5.2893878e-10
-7.3158335e-10
9.682815e-10
-2.4355092e-10
-5.441649e-11
-7.5533171e-11
4.0486479e-10
-7.3478454e-11
-2.5296838e-11
4.3117037e-10
1.4182756e-10
6.2661413e-11
9.7777711e-11
3.6256815e-10
1.8576574e-10
3.294619e-11
-3.0025663e-10
-6.1482557e-10
-3.9446651e-10
-1.4825599e-10
-2.0318616e-10
-1.4782048e-10
-6.8321189e-11
-2.8716154e-10
-4.2436226e-10
-2.52263e-10
6.8797646e-12
1.5774975e-10
2.2306331e-10
1.9849606e-10
4.5481077e-11
6.6792248e-11
2.2344346e-10
1.9566197e-10
3.1357925e-11
5.7934776e-11
1.9998474e-10
1.5788096e-10
4.9679733e-11
7.5310877e-11
7.773451e-11
-3.8921856e-11
-5.9562092e-11
1.0326806e-10
2.1401453e-10
1.158108e-10
-4.4424697e-11
-9.5424108e-11
-6.1244083e-11
-1.7052787e-11
5.1784468e-11
1.5208171e-10
1.994311e-10
1.4507191e-10
8.3947515e-11
1.3295775e-10
2.4923246e-10
2.7448107e-10
1.5133324e-10
-4.3472543e-12
-5.4356874e-11
6.7323841e-12
8.3421336e-11
1.0301695e-10
5.0668789e-11
-6.5821717e-11
-2.1494765e-10
-3.1882998e-10
-2.9940927e-10
-1.554722e-10
-5.3809519e-12
6.5404963e-12
-1.5043913e-10
-3.556053e-10
-4.4122956e-10
-3.3994136e-10
-1.2873545e-10
5.174454e-11
1.12097e-10
6.5145852e-11
-1.4521273e-11
-6.3637857e-11
-6.9128085e-11
-5.7984369e-11
-6.1069165e-11
-8.4247442e-11
-1.087285e-10
-1.1634433e-10
-1.1097564e-10
-1.1239147e-10
-1.295861e-10
-1.4238039e-10
-1.1742695e-10
-4.6396927e-11
3.4043286e-11
6.8983606e-11
3.5800869e-11
-3.3087058e-11
-8.1071718e-11
-8.0224022e-11
-5.205365e-11
-3.6072172e-11
-4.2989946e-11
-4.3427364e-11
-2.758218e-12
7.8194885e-11
1.5905681e-10
1.9489346e-10
1.7153476e-10
1.1048749e-10
4.6089144e-11
4.402708e-12
-1.964223e-12
2.7004562e-11
7.4274631e-11
1.0388734e-10
7.9672659e-11
-2.2371959e-13
-8.9278231e-11
-1.2462747e-10
-8.443019e-11
-1.2030149e-11
2.2285225e-11
-1.177786e-11
-7.858006e-11
-1.1608897e-10
-9.4364073e-11
-3.2891092e-11
3.0116328e-11
6.9556406e-11
7.5182061e-11
4.3293906e-11
-1.3593295e-11
-5.6101718e-11
-4.3860653e-11
1.6820928e-11
6.6765594e-11
5.2194236e-11
-1.8259613e-11
-8.9387054e-11
-1.2458175e-10
-1.332608e-10
-1.366858e-10
-1.3689676e-10
-1.3160194e-10
-1.3185201e-10
-1.401863e-10
-1.3231528e-10
-9.1580735e-11
-4.7803628e-11
-4.260603e-11
-6.4158122e-11
-6.0973036e-11
-2.0530183e-11
1.7455718e-11
3.3294458e-11
5.35218e-11
8.7544768e-11
1.0274481e-10
8.6414707e-11
6.6023577e-11
4.8062251e-11
1.2983768e-11
-1.7796574e-11
-1.3119674e-12
3.8901019e-11
4.2302439e-11
9.6290389e-12
-2.2938983e-11
-5.3653005e-11
-7.3333017e-11
-3.9539351e-11
4.4119137e-11
1.1158629e-10
1.0942066e-10
3.5456591e-11
-4.2496e-11
-2.7144486e-11
5.5419426e-11
6.0069649e-11
-5.2795835e-11
-1.5679829e-10
-1.4590811e-10
-7.464362e-11
-3.3722303e-11
-6.7166586e-12
6.251556e-14
-2.5034892e-12
1.6599543e-11
-3.2319518e-13
3.3258043e-11
6.9155523e-11
3.7239134e-11
4.1321251e-11
2.8172824e-11
5.0414872e-11
1.003475e-10
5.1528521e-11
2.5950277e-11
-3.6731744e-11
3.7329299e-12
1.0185371e-10
1.7704762e-10
1.6281738e-10
4.0103375e-11
2.6734344e-11
5.1647686e-11
4.9558871e-11
-1.7946759e-10
2.5763802e-10
2.8828614e-10
-1.1639626e-10
-1.8551542e-10
-3.3354528e-10
4.3415195e-11
-4.7533934e-11
2.8200241e-11
-4.2575627e-10
-6.4209896e-13
-1.9743891e-10
-2.2746309e-10
8.4124269e-11
-7.8909308e-11
-5.1077576e-11
-9.1144551e-11
5.7241726e-11
3.1874164e-10
-5.4122055e-10
-7.2054669e-11
-2.6774968e-10
3.6275054e-10
-2.9159016e-10
5.1744334e-11
-1.5262645e-10
2.0470719e-10
9.9060046e-11
-1.3773488e-10
9.014883e-11
4.9629595e-11
-6.1382426e-10
3.4105318e-10
5.9252146e-10
-1.2443654e-09
2.7752819e-10
6.6838964e-10
2.7469552e-10
-3.1300556e-10
-1.130243e-10
3.1074239e-10
-4.6069948e-10
-1.2954393e-10
2.0719137e-10
-2.8218109e-10
-6.1833571e-10
-1.6259434e-10
-1.9128965e-11
-7.6486083e-11
1.7180707e-10
1.8877337e-10
-1.9879011e-11
-1.2922753e-10
-6.9216406e-11
-1.1101798e-11
-2.0343184e-10
3.4891099e-11
4.0146725e-10
3.1608019e-10
5.895399e-11
2.1662929e-11
-7.0403827e-11
-2.3217367e-10
-1.8109982e-10
-2.3049492e-11
-1.3934478e-11
-2.4030785e-11
1.619148e-10
2.960339e-10
1.6701738e-10
2.6129706e-11
2.3965645e-11
-9.7195982e-12
-9.7890665e-11
-7.9533114e-11
2.7467614e-12
-4.7021951e-11
-2.2105658e-10
-3.2874532e-10
-2.9246213e-10
-1.9655271e-10
-1.0794393e-10
-1.7880305e-11
6.0385799e-11
7.3131754e-11
2.9836723e-11
2.668968e-11
1.1320228e-10
2.0426163e-10
1.8517406e-10
7.0400333e-11
-1.6257318e-11
3.4035024e-12
9.5890817e-11
1.8461224e-10
2.2188787e-10
1.9372747e-10
1.0500179e-10
-7.7345587e-13
-4.5058261e-11
1.8085657e-11
1.3307982e-10
1.8052734e-10
8.8779373e-11
-8.9836636e-11
-2.1803724e-10
-1.9924228e-10
-5.9058584e-11
8.9318122e-11
1.4633632e-10
9.8080708e-11
1.0059946e-11
-3.9914238e-11
-2.3589422e-11
2.7588746e-11
5.8428423e-11
3.7365871e-11
-2.1005187e-11
-7.3873129e-11
-9.1356255e-11
-8.0936914e-11
-7.4410949e-11
-9.0832754e-11
-1.1429132e-10
-1.1139113e-10
-7.1336852e-11
-2.3167859e-11
-8.8524281e-12
-4.0570674e-11
-8.8889163e-11
-1.1386321e-10
-1.0430787e-10
-8.148627e-11
-6.7223598e-11
-5.5383574e-11
-2.0309971e-11
4.8769555e-11
1.280769e-10
1.7689295e-10
1.7251262e-10
1.2578831e-10
6.6006418e-11
1.675416e-11
-1.1072565e-11
-1.2676211e-11
1.1842101e-11
4.7306025e-11
6.1381582e-11
2.8451015e-11
-4.0011058e-11
-9.4890199e-11
-9.2735239e-11
-4.1560424e-11
2.4305738e-12
-9.4453676e-12
-6.8571494e-11
-1.1859173e-10
-1.1327099e-10
-5.7179039e-11
1.0762237e-11
6.0294298e-11
8.5575416e-11
8.7885439e-11
6.5139601e-11
2.6823664e-11
6.4281115e-13
4.8824606e-12
1.9999789e-11
9.2540086e-12
-3.148851e-11
-6.5663129e-11
-6.7222558e-11
-5.8323077e-11
-7.6823991e-11
-1.2101447e-10
-1.5301754e-10
-1.5027517e-10
-1.2409167e-10
-8.9586899e-11
-5.2579191e-11
-3.339907e-11
-6.1643957e-11
-1.2352089e-10
-1.5275666e-10
-1.0990398e-10
-3.789073e-11
1.2099239e-12
1.0100644e-11
2.8421111e-11
5.9312003e-11
8.2230037e-11
1.0082538e-10
1.1510769e-10
9.3377942e-11
3.5496682e-11
1.838536e-12
1.8550921e-11
3.6582171e-11
2.7855177e-11
1.3855294e-11
-1.1437448e-11
-5.2433664e-11
-5.2924896e-11
-3.9880164e-12
1.6101275e-11
7.7143209e-12
3.5165051e-11
5.6247168e-11
3.505816e-11
3.9977866e-11
4.2926993e-11
-2.6167775e-11
-1.0284542e-10
-1.4956974e-10
-1.2364494e-10
1.3506398e-11
6.382511e-11
1.7702048e-12
-2.1119048e-11
-5.5805636e-11
1.082755e-12
6.8292325e-11
2.346823e-11
2.0711993e-11
-4.1445735e-11
5.2505767e-11
1.2185238e-10
1.1671803e-10
1.0142757e-10
-3.0243302e-11
-4.4929791e-11
3.9038388e-11
1.1882379e-10
2.0213951e-10
1.3195908e-10
5.1391635e-11
3.401296e-11
8.2997694e-11
7.863654e-11
1.042992e-11
-8.9171724e-11
-5.4360772e-10
6.0445241e-11
2.6381333e-10
1.5952623e-10
-4.9621407e-10
-8.9862213e-11
-4.1079444e-11
-1.1945832e-10
-3.4925716e-10
2.8968527e-10
2.3227232e-11
-1.156262e-10
-3.0531526e-10
-1.8839369e-10
2.3177352e-10
3.9828746e-11
-3.8142538e-10
2.9235043e-10
9.5082752e-11
-2.0004079e-10
2.5397337e-10
9.2828886e-11
2.9435766e-10
-2.6268776e-10
3.5413846e-11
-6.2449697e-11
2.116758e-10
-7.063739e-11
-5.3985068e-10
-3.4860572e-10
-1.647998e-10
-1.1308292e-09
3.7514955e-10
9.8744765e-10
-4.8304823e-10
-8.2617474e-10
4.7883831e-10
-1.9962391e-10
-4.6119454e-11
2.4113514e-10
-2.2053586e-10
-1.1284936e-10
-7.7420383e-11
-1.4144788e-13
2.1412976e-10
1.8237844e-10
-1.4494686e-11
-2.9428977e-10
-2.613473e-10
-7.8168568e-12
3.4617508e-11
-1.6527069e-12
1.5560012e-10
1.8900043e-10
2.7169161e-10
2.5892221e-10
2.53657e-11
-2.0283627e-10
-1.6480819e-10
-1.708495e-10
-3.6767704e-10
-2.7955778e-10
8.2220304e-11
2.2455457e-10
9.5700659e-11
1.0359661e-10
2.4310751e-10
1.6472071e-10
-5.3780671e-11
-1.0318321e-10
-4.4545846e-11
-7.6950207e-11
-1.1630646e-10
-2.5244143e-11
7.8729181e-11
4.038314e-11
-6.7266945e-11
-8.9181486e-11
-1.9257004e-11
4.683219e-11
7.0139334e-11
7.8908206e-11
8.3890342e-11
6.7530662e-11
5.013781e-11
9.1761696e-11
1.9048889e-10
2.5192445e-10
2.0309287e-10
8.4842673e-11
-5.6196165e-12
-2.5606603e-11
2.6963502e-13
3.985399e-11
7.1343764e-11
6.9812701e-11
2.4581078e-11
-2.5728829e-11
-3.0263129e-11
2.0445967e-11
6.6891195e-11
4.0870644e-11
-5.7800031e-11
-1.5487938e-10
-1.691541e-10
-9.0467812e-11
1.2549348e-11
5.7380998e-11
1.4904097e-11
-7.3176443e-11
-1.341757e-10
-1.2351278e-10
-5.5133656e-11
1.3633683e-11
2.6892987e-11
-2.8320971e-11
-1.1427283e-10
-1.7522587e-10
-1.8359062e-10
-1.5906856e-10
-1.4518107e-10
-1.6436324e-10
-1.9657258e-10
-2.0260514e-10
-1.6752238e-10
-1.1650497e-10
-8.7319933e-11
-9.1504041e-11
-1.070475e-10
-1.0661361e-10
-8.4951612e-11
-5.6767842e-11
-3.1127282e-11
7.1015337e-13
5.0531279e-11
1.1060596e-10
1.5459771e-10
1.6096272e-10
1.3287177e-10
9.1586752e-11
5.399477e-11
2.3169e-11
-9.4781692e-13
-9.5346754e-12
6.0026366e-12
3.4491249e-11
4.4935756e-11
1.6084548e-11
-3.5717903e-11
-6.7811496e-11
-5.6063921e-11
-2.4547743e-11
-2.0711021e-11
-6.1481651e-11
-1.1151409e-10
-1.2091725e-10
-7.7712623e-11
-1.4204238e-11
3.5148796e-11
6.6760528e-11
9.4201727e-11
1.1579181e-10
1.1485616e-10
8.7043051e-11
4.8659451e-11
1.2684251e-11
-2.4513925e-11
-6.0825582e-11
-7.1183843e-11
-3.8630564e-11
4.9977997e-12
7.4415416e-13
-6.6294705e-11
-1.4159101e-10
-1.6173667e-10
-1.2019961e-10
-5.7460217e-11
-1.1531744e-11
-4.7868227e-12
-5.339444e-11
-1.4294318e-10
-2.0703854e-10
-1.8457005e-10
-1.0203885e-10
-4.6428856e-11
-5.029851e-11
-6.0610268e-11
-2.8189868e-11
3.7730193e-11
1.1109479e-10
1.6982359e-10
1.7300696e-10
1.0190617e-10
2.0592328e-11
4.4448795e-12
3.2895668e-11
4.5833021e-11
4.562656e-11
4.297839e-11
2.0133404e-12
-6.1871537e-11
-6.8468941e-11
-2.6272712e-11
-1.7751333e-11
-2.4719579e-11
1.9399697e-11
7.7059163e-11
8.91012e-11
4.7414463e-11
-5.2579128e-11
-1.2286233e-10
-6.7354604e-11
-8.4110171e-12
-1.8760489e-12
3.9808321e-11
1.2579573e-11
-2.9583088e-11
1.1026953e-11
-2.229188e-11
1.0687865e-11
3.4489182e-11
-2.1919504e-11
6.8726693e-12
-1.8808342e-12
9.7048564e-11
1.2857134e-10
6.6810409e-11
-4.8602136e-11
-4.7633973e-11
7.4423082e-11
1.5162393e-10
1.6207879e-10
1.2199206e-10
3.1033024e-11
9.2839233e-11
1.3741003e-10
9.0127231e-11
-1.1286528e-11
-3.7297573e-11
1.8388969e-10
-5.9791417e-10
-3.8992157e-10
-4.9337394e-11
2.6978764e-10
-7.4628648e-11
-4.8466373e-11
6.1695473e-11
-1.6035351e-10
-2.082634e-10
1.2653258e-10
2.8587362e-12
1.7539538e-10
8.5758363e-11
-5.3095068e-11
-3.7319906e-11
1.4050985e-10
5.7963846e-11
-6.1435641e-10
3.727895e-11
2.2683391e-10
4.9899436e-11
1.0128406e-10
-5.0018913e-10
1.8523656e-10
-5.0072825e-10
-1.0197314e-10
-7.5709925e-11
2.5612287e-10
1.5177349e-10
-1.0584763e-10
3.8006472e-10
6.7905756e-10
-6.4362864e-10
-7.730572e-10
-6.5197042e-10
-8.8591033e-12
1.5286048e-10
-3.2104945e-11
-5.2861678e-10
-4.9328832e-10
-2.6882542e-11
-2.0641713e-10
-1.1833977e-10
-3.8740342e-10
-4.9861868e-10
-2.5608395e-10
-2.2621983e-10
-6.3104368e-11
1.2935037e-10
3.08576e-10
3.7327538e-10
2.3473463e-10
-6.3409598e-12
-2.6953267e-11
1.1838444e-10
1.4016741e-10
1.8994962e-11
6.0524806e-12
1.5238218e-11
-2.3261104e-10
-3.63884e-10
-5.3153694e-11
3.1447959e-10
2.8722576e-10
1.2630086e-10
1.7452807e-10
1.7728306e-10
-3.2279896e-11
-1.4452949e-10
-4.1954654e-11
1.0215189e-11
-6.3897685e-11
-4.3743342e-11
1.1764997e-10
2.0827363e-10
1.3723516e-10
5.3554948e-11
7.1887222e-11
1.2015641e-10
9.2661914e-11
-1.3668885e-12
-9.2903645e-11
-1.6095538e-10
-2.164889e-10
-2.3101365e-10
-1.5943795e-10
-3.3332859e-11
4.0354859e-11
-7.4111827e-13
-1.1768443e-10
-2.3479896e-10
-3.027274e-10
-3.0083938e-10
-2.3199484e-10
-1.3332812e-10
-6.0191744e-11
-3.8216696e-11
-4.0705525e-11
-2.8641364e-11
-3.1594149e-12
6.1271593e-12
-1.3818286e-11
-3.8834571e-11
-2.7965343e-11
3.0642092e-11
1.0270885e-10
1.3666853e-10
1.0780598e-10
3.7055072e-11
-2.4892203e-11
-3.4364601e-11
1.5348467e-11
9.1267075e-11
1.4115334e-10
1.2723902e-10
5.4392172e-11
-3.1015318e-11
-7.6568618e-11
-6.5740615e-11
-3.0433883e-11
-1.932688e-11
-4.9894047e-11
-9.2320788e-11
-1.0190599e-10
-6.5457326e-11
-1.1755443e-11
2.1296052e-11
2.3372784e-11
1.4623521e-11
1.7815941e-11
3.6005391e-11
5.7818324e-11
7.666215e-11
9.6087514e-11
1.1803324e-10
1.3301022e-10
1.2896047e-10
1.0691155e-10
8.1475797e-11
6.3288922e-11
4.6654215e-11
2.0108622e-11
-1.1952787e-11
-2.6929566e-11
-9.3029041e-12
2.5321006e-11
3.994937e-11
1.4516694e-11
-3.1003829e-11
-5.9044026e-11
-5.8292569e-11
-5.580246e-11
-8.0725906e-11
-1.2339354e-10
-1.4210258e-10
-1.119848e-10
-5.3655977e-11
-5.7758361e-12
2.1810112e-11
5.2226101e-11
1.0027028e-10
1.4441888e-10
1.5028091e-10
1.0950969e-10
4.2918014e-11
-2.5415096e-11
-7.729612e-11
-8.9699486e-11
-4.670933e-11
2.457801e-11
5.5590264e-11
3.5961345e-12
-9.1172961e-11
-1.4298398e-10
-1.1330325e-10
-4.1913541e-11
9.8698314e-12
1.2108263e-11
-3.8445027e-11
-1.2782093e-10
-2.0796206e-10
-2.1688328e-10
-1.550452e-10
-1.0270578e-10
-1.1773083e-10
-1.5360226e-10
-1.2772341e-10
-2.969199e-11
8.8224559e-11
1.7779958e-10
2.0126879e-10
1.3862185e-10
4.3328196e-11
1.2274778e-11
5.661339e-11
9.4142707e-11
8.4881563e-11
6.0299897e-11
2.9545618e-11
-1.9928968e-11
-6.4193892e-11
-7.5229315e-11
-5.5161843e-11
-1.4418209e-11
1.7871852e-11
1.8293478e-11
1.9791009e-11
2.9095088e-11
-9.6017385e-12
-7.7065659e-11
-7.6839654e-11
1.4714458e-11
9.4427579e-11
5.7821732e-11
-2.5544576e-11
-5.2863825e-11
-8.8323718e-12
7.7320433e-11
6.2036139e-11
-1.5504597e-11
-3.9429344e-11
-5.3447591e-11
1.989628e-11
8.9003498e-11
4.8983404e-11
-1.5796983e-11
-3.9230883e-11
-2.7485938e-11
7.8780872e-11
1.5937729e-10
1.5852021e-10
4.3864875e-11
7.9209364e-11
1.3041581e-10
1.7467198e-10
9.2097827e-11
-2.5237262e-11
-3.6098699e-11
1.0630925e-11
4.9983216e-11
4.3968889e-11
-3.3092663e-10
-5.6652856e-10
1.069681e-10
3.074742e-10
-2.5969087e-10
-9.2871704e-11
-2.0805495e-10
6.698674e-11
-2.0283255e-10
-6.2505076e-11
8.5717418e-11
8.6141759e-11
-1.1742407e-10
-9.6668438e-11
6.6231079e-11
5.3058919e-10
-7.3284801e-11
-2.5305355e-10
-4.3975306e-11
-8.5333792e-11
-1.5123526e-10
6.1171355e-12
-2.0230349e-11
2.0492331e-10
3.9062939e-10
-8.9646047e-11
-4.0981993e-10
-2.6990611e-10
-1.1338141e-11
-7.6549975e-10
-4.7390559e-10
7.6978459e-10
-1.1048559e-10
-9.4863078e-11
3.2108654e-11
-3.9780342e-10
-2.2209918e-10
1.0721003e-10
-1.8656229e-11
7.9307588e-11
4.1515324e-10
1.0910098e-10
5.62702e-11
8.1838766e-11
-1.2301499e-10
-6.8903731e-11
9.8540785e-11
-9.0526646e-12
-3.194526e-10
-3.1271894e-10
-2.3057866e-11
-6.0044627e-11
-1.4640042e-10
-7.9642604e-11
-1.2473098e-10
-1.5447598e-10
9.7515289e-11
2.0565406e-10
2.6839736e-11
-1.0819833e-11
1.5363566e-10
1.2412145e-10
-1.2445274e-10
-1.7849699e-10
-3.9463494e-11
-4.5161427e-11
-1.3638972e-10
-7.9859427e-11
1.4707789e-12
-6.9586309e-11
-1.3149791e-10
-3.806065e-12
1.6478911e-10
1.6196329e-10
4.8280143e-11
1.2979239e-11
7.6638463e-11
1.1037856e-10
5.4308135e-11
-2.4086736e-11
-6.4671552e-11
-8.7131518e-11
-1.0302006e-10
-5.8568893e-11
7.8541154e-11
2.3796978e-10
3.041345e-10
2.3196954e-10
7.3511561e-11
-8.0510095e-11
-1.553608e-10
-1.1878826e-10
-1.8012941e-12
1.1569857e-10
1.6527004e-10
1.4725942e-10
1.0070314e-10
5.98e-11
2.8031837e-11
2.3955554e-12
-5.9398514e-12
1.614149e-11
6.3055119e-11
1.0678585e-10
1.1713441e-10
8.6697752e-11
3.1919966e-11
-2.0791822e-11
-4.9252631e-11
-4.4717008e-11
-1.2622349e-11
2.7126754e-11
4.3598583e-11
1.1778107e-11
-6.1766314e-11
-1.3537164e-10
-1.6362426e-10
-1.3902866e-10
-1.0071941e-10
-9.6169993e-11
-1.3302221e-10
-1.7255285e-10
-1.7151589e-10
-1.2583028e-10
-6.9879941e-11
-3.7634927e-11
-3.1273472e-11
-2.7986913e-11
-1.0106029e-11
1.8150154e-11
4.1152597e-11
5.0701876e-11
4.9616846e-11
4.2426752e-11
3.0094971e-11
1.6075719e-11
1.0082308e-11
1.8907323e-11
3.2793537e-11
3.0957401e-11
5.149136e-12
-2.3958927e-11
-2.3014252e-11
1.7481515e-11
6.7025206e-11
8.2761093e-11
5.2263885e-11
4.2164733e-12
-2.7177029e-11
-4.0601611e-11
-6.1424519e-11
-1.0013335e-10
-1.3032149e-10
-1.1854312e-10
-6.8257519e-11
-1.80033e-11
5.9535333e-12
2.114975e-11
6.0573756e-11
1.2240846e-10
1.654719e-10
1.544183e-10
9.4424029e-11
1.7168386e-11
-4.7937756e-11
-7.80499e-11
-5.4536068e-11
1.4132529e-11
7.3511301e-11
6.27082e-11
-1.4345272e-11
-8.3056259e-11
-8.0785422e-11
-2.5531523e-11
1.7258792e-11
1.1641498e-11
-3.2988543e-11
-9.8137296e-11
-1.6354466e-10
-1.9411328e-10
-1.7437458e-10
-1.5084966e-10
-1.7973273e-10
-2.3088225e-10
-2.118754e-10
-9.4709826e-11
4.9317732e-11
1.4428076e-10
1.6658239e-10
1.2208962e-10
5.2549533e-11
3.8090573e-11
9.944652e-11
1.480576e-10
1.1719628e-10
5.4127941e-11
1.3985349e-11
-7.2112814e-12
-8.1618169e-12
-1.4353465e-12
-3.8087653e-11
-8.2206099e-11
-4.5181669e-11
1.1820469e-11
-1.6354684e-12
-1.8175052e-11
-9.06595e-12
-1.863603e-11
-4.2363103e-12
9.034782e-12
4.5476865e-12
6.223479e-11
5.6923353e-11
1.0259777e-12
5.7821245e-11
7.3291263e-11
7.5273254e-11
2.0464805e-11
-1.106517e-10
-4.6290968e-11
-3.0525224e-11
7.0818955e-11
4.4463501e-11
7.6265504e-12
-2.0075073e-11
1.6932139e-11
7.1400977e-11
1.1975146e-10
1.0186406e-10
3.1175279e-11
5.0944164e-11
2.2077406e-10
1.9708042e-10
8.0494162e-11
-5.4762436e-11
-6.1413689e-11
2.559842e-11
1.7211974e-11
-1.9618822e-10
3.4689675e-10
7.9735661e-11
-3.7683764e-10
1.8704622e-11
2.02183e-10
-2.7217365e-10
-2.6603369e-11
-1.8815174e-10
2.6510684e-10
-8.7146786e-11
2.4550141e-10
1.7120405e-10
-1.8064381e-10
-4.3145305e-10
4.7303095e-11
-1.3701058e-10
4.5613049e-11
1.2581349e-11
1.4035067e-10
-1.6075035e-10
5.8014389e-10
-9.1810584e-11
-1.585072e-10
6.0012572e-10
-4.5038095e-10
-1.7768228e-11
7.7243589e-11
4.1504097e-10
-9.269629e-10
1.0102503e-09
-5.7044088e-12
-1.3681292e-10
-1.4089643e-10
-4.0404094e-10
-3.4662842e-10
-2.8991556e-10
1.6578788e-10
4.9090933e-10
-1.2938379e-10
-1.556931e-10
-5.9545817e-11
-3.593706e-10
-3.892459e-10
-8.1645198e-11
-5.6798765e-11
-3.6996064e-10
-2.0385989e-10
8.7176562e-11
4.828584e-11
-1.4821132e-10
2.1265572e-11
2.0911953e-11
-6.2741442e-11
-1.2724726e-11
2.7790787e-11
-1.4178475e-10
-1.8714486e-10
-9.830628e-12
6.0923093e-11
7.4113106e-11
1.9768832e-10
2.0585692e-10
-1.0920242e-10
-3.9496438e-10
-3.4956424e-10
-2.1208249e-10
-1.577009e-10
-3.3928415e-11
1.4465419e-10
1.7029163e-10
8.6074758e-11
1.1859381e-10
2.5564449e-10
2.8294578e-10
1.5372779e-10
3.1544741e-11
1.7494172e-11
4.1357104e-11
1.1434596e-11
-5.718682e-11
-1.0136677e-10
-1.1684387e-10
-1.3787725e-10
-1.448264e-10
-7.5913867e-11
5.875941e-11
1.5353035e-10
1.1734706e-10
-3.9406227e-11
-2.247646e-10
-3.3332231e-10
-3.0588541e-10
-1.6699494e-10
-1.0162539e-11
7.7695062e-11
7.8055501e-11
3.4033194e-11
-5.5784526e-12
-2.7507324e-11
-3.4909901e-11
-1.5910866e-11
4.2099996e-11
1.2664633e-10
1.9983752e-10
2.2777651e-10
2.1067649e-10
1.7829119e-10
1.5450938e-10
1.3768784e-10
1.1492552e-10
8.6946383e-11
7.1068557e-11
7.5642588e-11
7.944613e-11
5.0258465e-11
-1.4397949e-11
-7.4601191e-11
-8.5378398e-11
-4.405883e-11
5.0859977e-12
1.6707298e-11
-9.2250186e-12
-3.2624209e-11
-1.9782395e-11
2.2752872e-11
6.1723755e-11
7.6590632e-11
7.7546551e-11
8.6410656e-11
1.0755361e-10
1.236016e-10
1.1578143e-10
8.2550165e-11
3.7895997e-11
-3.2599374e-12
-3.1815849e-11
-4.232649e-11
-3.2448334e-11
-1.0776026e-11
1.8649587e-12
-1.1975739e-11
-4.3953654e-11
-6.0108188e-11
-3.2274934e-11
2.9364342e-11
8.0146734e-11
8.3040067e-11
4.3580938e-11
-1.0581735e-12
-2.6777281e-11
-4.548583e-11
-7.9153873e-11
-1.1957235e-10
-1.30861e-10
-9.4194133e-11
-3.6831636e-11
-2.0855078e-12
2.7989153e-12
1.2543764e-11
5.4222235e-11
1.0872274e-10
1.3265373e-10
1.0807185e-10
5.4217436e-11
-1.030475e-12
-3.9744246e-11
-4.5732635e-11
-7.6780763e-12
5.337811e-11
8.3357158e-11
5.0832114e-11
-8.0068388e-12
-2.9508859e-11
-3.5482046e-12
1.8954814e-11
-1.2042347e-13
-4.3073626e-11
-7.9049314e-11
-1.0726427e-10
-1.3514395e-10
-1.5562667e-10
-1.7583959e-10
-2.2214748e-10
-2.7678382e-10
-2.6194566e-10
-1.4229305e-10
6.120053e-12
8.5524775e-11
8.4537638e-11
5.1797121e-11
3.1358449e-11
6.181161e-11
1.4749202e-10
2.0433453e-10
1.4744482e-10
3.4120095e-11
-1.2562515e-11
1.4614015e-11
4.3497274e-11
5.0003682e-11
1.8351663e-11
-7.1157531e-11
-1.375641e-10
-9.2507367e-11
-8.2520979e-12
2.2517958e-11
1.6270606e-11
-1.8192529e-11
-4.2212564e-11
9.1578125e-12
2.9817803e-11
-2.5053371e-12
5.8543859e-11
1.0689564e-10
1.1394487e-10
1.4958334e-10
4.0984127e-11
-5.5238947e-11
-9.0360237e-11
-7.6186183e-11
5.5590921e-11
8.0780543e-11
5.3423163e-11
1.4035315e-11
-6.5583506e-11
7.4987944e-11
6.0193801e-11
7.5901324e-11
2.7665005e-11
2.7146073e-11
1.1210158e-10
1.8183946e-10
2.1552478e-10
5.2281781e-11
-3.6707976e-11
2.8321011e-12
4.204401e-11
-4.5362502e-11
-8.7950804e-11
-3.311295e-10
-2.5865886e-11
2.4744446e-10
8.164893e-12
-1.5943782e-10
-3.2117976e-10
-1.2579184e-10
1.7141995e-10
-2.0325316e-10
1.4040564e-11
-1.1583837e-11
-2.3279344e-10
-1.0037585e-10
2.5436023e-10
2.8383294e-10
-5.6143302e-11
7.4847538e-11
-3.8845471e-10
-2.0437986e-10
3.0592182e-10
-3.9331736e-11
3.5409987e-11
2.6550129e-11
-2.5078092e-10
2.1033835e-10
-7.4991319e-11
-1.6199792e-10
-6.1990276e-11
7.0011e-11
5.8258581e-10
-7.1094147e-10
1.1905175e-10
-2.6646265e-10
-1.1504771e-10
4.597662e-10
3.8620203e-10
3.2710024e-10
-4.3108315e-10
-4.8597641e-10
-1.4418723e-10
-4.9776933e-10
-8.5955565e-11
-2.7645598e-11
-1.7191866e-10
1.0999058e-10
4.7556256e-11
2.8289572e-11
3.321047e-11
8.3629192e-11
-5.3139733e-11
-8.5039952e-11
-2.1446848e-10
-2.8392684e-10
-8.0962161e-11
1.1768092e-10
3.5406638e-11
-2.8676697e-11
1.0901909e-10
6.7764703e-11
-1.7786699e-10
-2.4263337e-10
-4.7608382e-11
3.1541947e-11
-9.3254169e-11
-9.7569265e-11
4.2155191e-11
8.5506175e-11
7.9271306e-11
1.712529e-10
2.3641106e-10
1.5712999e-10
8.1504223e-11
1.2992453e-10
1.8509503e-10
1.278854e-10
2.4245749e-11
-1.7732866e-11
-5.2368286e-13
1.3864103e-11
7.1276476e-12
5.4106141e-12
1.6567432e-11
1.6187176e-11
4.5985683e-12
2.7433212e-11
1.0686027e-10
1.8423627e-10
1.6879251e-10
3.6289148e-11
-1.4187502e-10
-2.5772182e-10
-2.4389403e-10
-1.1982925e-10
1.7947192e-11
7.2102091e-11
1.9610779e-11
-7.4590144e-11
-1.4505605e-10
-1.7680965e-10
-1.9037819e-10
-1.8923251e-10
-1.4788785e-10
-5.6775214e-11
4.728851e-11
1.1040241e-10
1.148699e-10
9.5519783e-11
9.5409315e-11
1.1434095e-10
1.135279e-10
6.8041258e-11
2.9414849e-12
-3.1335113e-11
-1.7939886e-11
4.0542274e-12
-1.5745932e-11
-7.8894274e-11
-1.3277637e-10
-1.2563762e-10
-6.1341683e-11
7.2964253e-12
3.4774994e-11
2.4150495e-11
1.1773604e-11
2.1553659e-11
4.4172411e-11
5.9308951e-11
6.5243343e-11
7.8550038e-11
1.0747355e-10
1.3507984e-10
1.3390976e-10
9.3708627e-11
3.205271e-11
-2.2836914e-11
-5.3478817e-11
-5.8964294e-11
-4.6511229e-11
-2.5633251e-11
-9.672207e-12
-1.2792609e-11
-3.6116909e-11
-5.7708423e-11
-4.664805e-11
5.6036882e-12
6.9642759e-11
1.018355e-10
8.6105187e-11
4.7408104e-11
1.9669061e-11
6.1168765e-12
-1.8153149e-11
-6.3758227e-11
-1.0152128e-10
-9.2338564e-11
-3.7974689e-11
1.4313742e-11
2.4792368e-11
5.8387124e-12
1.1421063e-12
2.9230558e-11
6.5029669e-11
7.7099855e-11
6.2662731e-11
3.7386028e-11
1.0224688e-11
-1.2195545e-11
-1.0820949e-11
2.7005838e-11
7.5950802e-11
8.959296e-11
5.9013676e-11
2.6203449e-11
2.2755342e-11
2.4281972e-11
-5.7314116e-12
-5.2598119e-11
-7.252881e-11
-6.3681968e-11
-6.7925004e-11
-1.079059e-10
-1.6891685e-10
-2.350869e-10
-2.8677274e-10
-2.7322789e-10
-1.6394221e-10
-2.5420994e-11
3.5306384e-11
5.6882001e-12
-3.1413838e-11
-1.5391149e-11
5.2837719e-11
1.46791e-10
2.0503372e-10
1.5572461e-10
3.3218407e-11
-2.4936397e-11
3.6309098e-11
1.1846957e-10
1.1443214e-10
1.6171257e-11
-1.0375947e-10
-1.4846018e-10
-9.2799133e-11
-1.4877225e-11
2.2993433e-11
2.0732439e-11
-1.849322e-11
-5.9956654e-11
-4.7632226e-11
1.6720372e-11
7.6371068e-11
8.7635258e-11
1.0118311e-10
1.3200957e-10
1.1287488e-10
7.0563896e-11
-1.631157e-11
-9.2617994e-11
-1.5387457e-11
6.1206561e-11
8.3651921e-11
3.6136699e-11
-5.0528284e-11
-4.7212291e-11
3.5192092e-11
1.2993563e-10
4.5967378e-11
-1.1982409e-11
-2.1907033e-11
1.1866784e-10
1.9277357e-10
1.5138298e-10
8.30374e-11
-4.4985317e-11
5.0326926e-12
9.6470401e-11
1.5943159e-11
-9.8975809e-11
-7.2987107e-11
-1.4819272e-10
-1.6883387e-10
1.2566156e-10
9.7138405e-11
-1.4965186e-10
-2.122928e-10
9.6192006e-11
1.4961464e-10
1.1803454e-11
2.2197268e-10
9.6869468e-11
-2.168545e-10
-2.761132e-10
-3.8423725e-10
3.1211988e-10
-1.2663018e-11
4.5590188e-10
-4.9983715e-10
2.6730172e-10
-4.6596964e-11
2.5472144e-10
-3.779441e-10
-4.6385577e-10
2.413091e-11
-1.4200657e-11
4.1137055e-10
-2.1637729e-10
8.566965e-11
-7.365488e-10
4.0905046e-10
5.8908374e-10
2.9564447e-10
6.4412217e-11
-3.4872998e-11
-4.2691308e-10
1.5896377e-10
-1.879481e-10
-3.0453989e-10
-2.9076274e-10
-3.3467153e-10
4.4534345e-10
2.5932547e-10
-2.4101935e-10
-9.2060131e-11
-4.8792034e-11
-1.0923492e-10
-5.1941129e-11
1.8239327e-12
-6.846076e-11
-7.9731925e-11
1.1222027e-10
-1.965567e-11
-2.2133987e-10
-1.5147206e-10
-1.0743339e-10
-1.9589042e-10
-6.4695655e-11
1.3342257e-10
2.969475e-11
-2.2912696e-10
-2.8889613e-10
-2.2636222e-10
-2.6889428e-10
-2.7566145e-10
-1.0310248e-10
6.4044251e-11
1.054494e-10
1.5163493e-10
2.282457e-10
1.8747149e-10
2.9742211e-11
-7.8378412e-11
-8.7430611e-11
-9.0133481e-11
-1.2847097e-10
-1.5712114e-10
-1.4500968e-10
-1.0538728e-10
-5.4069849e-11
5.3466372e-12
6.2707126e-11
9.9055975e-11
1.0945484e-10
1.2125864e-10
1.6110553e-10
2.0287204e-10
1.8321584e-10
7.6567158e-11
-6.4981347e-11
-1.4928297e-10
-1.147492e-10
2.1442456e-11
1.6292971e-10
1.9990749e-10
1.0520956e-10
-4.2411989e-11
-1.4156082e-10
-1.6132474e-10
-1.4657601e-10
-1.4091311e-10
-1.2688835e-10
-6.2336778e-11
4.7532755e-11
1.4321821e-10
1.7364117e-10
1.5294922e-10
1.4044937e-10
1.6516096e-10
1.9057376e-10
1.6083327e-10
7.3032931e-11
-1.0409175e-11
-2.7394911e-11
1.3227845e-11
4.0095916e-11
-1.5054066e-12
-8.8546233e-11
-1.4326314e-10
-1.1261356e-10
-1.8023603e-11
7.2477607e-11
1.1050199e-10
1.0105281e-10
7.718942e-11
5.9812639e-11
4.821684e-11
4.1240872e-11
4.9694051e-11
8.1414421e-11
1.200972e-10
1.3092527e-10
9.2466151e-11
1.9506492e-11
-4.8289903e-11
-8.0224984e-11
-7.5654171e-11
-5.5279142e-11
-3.8757627e-11
-3.3992143e-11
-4.1514977e-11
-5.8944303e-11
-7.6041661e-11
-7.3762894e-11
-3.8513186e-11
1.8570351e-11
6.4529698e-11
7.3934263e-11
5.5126533e-11
3.8924395e-11
3.9774389e-11
3.7092889e-11
5.1484754e-12
-4.4320229e-11
-6.4387755e-11
-2.6934248e-11
3.7215479e-11
6.7166871e-11
3.8560072e-11
-1.2001245e-11
-3.3558179e-11
-1.5421198e-11
1.5158467e-11
3.4659471e-11
4.1127805e-11
3.6516761e-11
1.8747465e-11
8.0409527e-13
1.1429985e-11
5.6846629e-11
9.926396e-11
9.8867583e-11
6.5698678e-11
3.976458e-11
2.7416218e-11
-1.4397211e-12
-4.8808689e-11
-7.0463575e-11
-4.5314051e-11
-2.0166949e-11
-4.9886918e-11
-1.2785744e-10
-2.0857457e-10
-2.5918935e-10
-2.5401074e-10
-1.7348055e-10
-5.8559171e-11
-3.1367811e-12
-3.6193988e-11
-7.4368282e-11
-4.2095999e-11
3.7711738e-11
1.0891415e-10
1.4008557e-10
1.0590554e-10
2.5776374e-11
-2.7103654e-12
6.7668418e-11
1.4303602e-10
1.2515213e-10
1.7692724e-11
-1.22803e-10
-1.8709674e-10
-8.355167e-11
6.2308053e-11
5.6041885e-11
-4.3040428e-11
-9.3352244e-11
-7.6955816e-11
1.2867746e-11
8.1153325e-11
5.3506974e-11
7.6246963e-11
1.1026524e-10
9.4403683e-11
1.300932e-10
7.2585735e-11
2.5502856e-11
3.3200495e-11
-3.4706897e-11
4.5547081e-11
-1.5050473e-11
-2.5167384e-11
-8.3411956e-11
3.6201616e-11
8.0204977e-11
1.0977003e-10
9.1094987e-11
-8.2921622e-11
-1.2562477e-11
9.7140541e-11
1.8667225e-10
1.0411509e-10
1.6783005e-12
4.8513235e-11
1.1576757e-10
7.8299358e-11
-1.3930036e-10
-2.2910171e-10
2.0869008e-12
1.0855753e-10
1.3370547e-10
6.8351898e-11
-2.6363373e-10
-2.0580667e-11
9.1952292e-11
1.5509761e-10
-1.6635016e-11
-9.4100067e-11
7.0727664e-11
1.8758595e-10
-5.4219208e-11
2.3988817e-10
3.6882051e-10
-1.7379872e-10
6.2389666e-11
-1.0607276e-12
3.4541916e-10
-1.8163794e-10
3.4854931e-10
-2.8188519e-10
-2.4336891e-11
-8.4597919e-11
3.2747549e-10
-3.1410279e-10
8.885569e-10
-7.716456e-10
-7.9341831e-11
-8.2088751e-10
7.9100261e-11
-1.4596306e-10
-1.7162941e-11
-6.325913e-10
-4.2392375e-10
-3.6566784e-10
9.3223254e-11
-7.079895e-11
-2.2621844e-10
-2.3429792e-10
-1.9579456e-10
-8.0777107e-11
9.4761978e-11
1.3015375e-10
-7.0872585e-12
1.0793935e-10
2.4894782e-11
-2.6294382e-11
7.9668582e-11
2.8992701e-10
1.6802883e-10
1.3557588e-10
1.1594628e-10
8.0005509e-11
1.946825e-10
1.9824662e-10
-1.0977099e-10
-3.5290499e-10
-3.2818884e-10
-3.080623e-10
-3.5128952e-10
-1.9786325e-10
8.6651713e-11
1.3517207e-10
-8.2374777e-12
-3.44621e-11
2.0015807e-11
-1.4247151e-11
-3.9751507e-11
4.3523143e-11
8.9521618e-11
-2.0018132e-11
-1.670788e-10
-2.0542838e-10
-1.540265e-10
-1.0469377e-10
-9.5860252e-11
-1.1276327e-10
-1.2237918e-10
-9.8989787e-11
-4.566347e-11
1.1710396e-11
4.838925e-11
6.1935793e-11
7.7216124e-11
1.1617501e-10
1.5813745e-10
1.5062705e-10
7.0675609e-11
-3.8482199e-11
-9.8404983e-11
-5.5625484e-11
7.7349861e-11
2.1937934e-10
2.6144834e-10
1.5908892e-10
-2.5565448e-11
-1.6290604e-10
-1.8275712e-10
-1.2724144e-10
-8.278784e-11
-7.4791214e-11
-5.2522715e-11
2.785584e-11
1.3650982e-10
2.0233802e-10
1.9705992e-10
1.6798106e-10
1.7582953e-10
2.176862e-10
2.3148839e-10
1.7503632e-10
8.4017821e-11
3.9906253e-11
7.9000799e-11
1.4622234e-10
1.5124048e-10
6.538876e-11
-4.5295867e-11
-8.4227579e-11
-1.5288935e-11
1.1025262e-10
2.0846291e-10
2.3407885e-10
1.992719e-10
1.4109948e-10
8.6444917e-11
4.8838565e-11
4.0319095e-11
6.7858748e-11
1.1577181e-10
1.4430261e-10
1.186712e-10
4.3462785e-11
-3.6329605e-11
-7.3385558e-11
-5.7954084e-11
-2.0599853e-11
1.4339606e-13
-9.8396113e-12
-3.8117266e-11
-6.5837176e-11
-8.2494773e-11
-8.39214e-11
-6.6438245e-11
-3.2247975e-11
3.6317523e-12
2.1363491e-11
1.8082075e-11
1.3787474e-11
2.739295e-11
4.8800528e-11
4.705522e-11
1.2448684e-11
-1.9458497e-11
-2.5420599e-12
6.0730926e-11
1.1065082e-10
9.1935106e-11
1.5244855e-11
-5.5486935e-11
-7.2294868e-11
-4.3563583e-11
-6.6090271e-12
1.6909197e-11
2.5802662e-11
2.0573244e-11
6.1487001e-12
5.0499387e-12
3.8081761e-11
8.7099842e-11
1.0536611e-10
7.6723845e-11
3.7060555e-11
1.9049614e-11
5.7705039e-12
-2.8919142e-11
-6.0990222e-11
-4.8288618e-11
-8.5145974e-12
-7.434639e-12
-6.8417491e-11
-1.4671419e-10
-1.958946e-10
-2.0324483e-10
-1.636978e-10
-8.8861694e-11
-3.6159038e-11
-4.9041997e-11
-7.8025378e-11
-4.7717706e-11
2.2590183e-11
5.885414e-11
4.8778961e-11
2.5269294e-11
5.3036265e-12
2.2103144e-11
1.028576e-10
1.6559049e-10
1.0097991e-10
-4.0085995e-11
-1.2563532e-10
-1.2582949e-10
-5.875745e-11
4.3647373e-11
5.6021715e-11
-6.1543028e-11
-1.356271e-10
-7.5407363e-11
4.2900428e-11
1.4927258e-10
1.1343581e-10
-3.0575331e-11
-2.8120093e-12
1.2147591e-10
1.6926411e-10
1.8662731e-10
7.0732492e-11
6.6672627e-13
1.5951374e-13
-3.7738484e-11
-1.3910798e-11
-1.9363498e-11
-1.1015831e-11
1.2287733e-10
1.19043e-10
1.0173406e-10
2.266704e-11
-2.5781092e-11
-4.8131002e-11
9.8644203e-11
1.1177514e-10
1.1829743e-10
3.9406556e-11
2.3328013e-11
8.4314582e-11
5.907372e-11
-4.5600714e-11
-1.2799601e-10
-1.3241376e-10
-1.5615814e-10
-8.7876358e-11
2.7198939e-10
8.9600256e-11
-5.0890436e-10
3.7803808e-11
4.1620668e-10
1.2238034e-10
-2.8591084e-11
1.8323457e-10
1.4434012e-10
2.5418185e-10
-8.7399904e-12
-1.5504921e-10
6.4072209e-11
2.7213118e-10
-1.5637871e-10
-1.9869118e-10
-2.2371367e-10
2.3339238e-10
1.4141108e-10
2.7171803e-10
-4.8294089e-11
2.3930588e-10
2.7568223e-10
-2.970164e-10
-8.8105075e-10
1.7719209e-10
1.8648075e-11
3.2953548e-10
-7.1862142e-10
2.201331e-10
-2.499128e-10
-2.2850807e-10
6.2525517e-10
2.0518298e-10
1.9930572e-10
-8.8972502e-11
-2.806074e-10
1.9300211e-10
1.2437221e-10
2.4582085e-10
1.3683241e-10
-7.623232e-12
1.9917975e-10
7.5717092e-11
-7.0278897e-11
-1.9013155e-10
-1.4129129e-10
-1.7833762e-10
-2.6672576e-10
-2.6169512e-10
-2.8652112e-10
-1.5335921e-10
8.0468924e-11
1.0584579e-10
1.3556659e-11
2.4526313e-11
1.5522041e-11
-1.341968e-10
-2.0662555e-10
-1.658104e-11
1.8843927e-10
1.8121334e-10
1.3439037e-10
1.7783999e-10
1.67009e-10
9.2413852e-11
1.2075089e-10
2.019122e-10
1.4498826e-10
-1.8318431e-11
-9.9240115e-11
-3.8597589e-11
7.788846e-11
1.6340627e-10
1.8488471e-10
1.5895205e-10
1.4177731e-10
1.6927659e-10
2.1094252e-10
2.1484538e-10
1.7535652e-10
1.3754131e-10
1.4504667e-10
1.8670725e-10
2.0098476e-10
1.4736189e-10
5.8036205e-11
2.7181025e-12
2.1562661e-11
1.0250144e-10
1.9224936e-10
2.1745156e-10
1.2145162e-10
-7.2501476e-11
-2.5156946e-10
-3.1041167e-10
-2.49852e-10
-1.664876e-10
-1.4330915e-10
-1.6580522e-10
-1.6035957e-10
-9.8526316e-11
-2.9421108e-11
-1.4597784e-11
-5.0339851e-11
-7.486537e-11
-4.9406179e-11
-7.5502678e-12
-1.0147613e-11
-6.4748964e-11
-1.070901e-10
-7.1332681e-11
2.7473864e-11
9.6965936e-11
6.0515226e-11
-6.0013311e-11
-1.5955669e-10
-1.4678766e-10
-2.3435202e-11
1.264287e-10
2.1392735e-10
2.0908283e-10
1.4039204e-10
5.4774724e-11
-1.1891682e-11
-3.8018792e-11
-1.433888e-11
4.6092842e-11
1.0237926e-10
1.0797445e-10
5.1014773e-11
-2.8775873e-11
-7.0307495e-11
-4.489638e-11
1.933775e-11
6.6086186e-11
6.1784514e-11
1.9256307e-11
-2.4479096e-11
-4.4868195e-11
-4.3740753e-11
-3.4021469e-11
-2.2799565e-11
-1.1488712e-11
-4.5048242e-12
-5.7671848e-12
-8.0976894e-12
3.904043e-12
3.263837e-11
5.6772711e-11
5.4594685e-11
3.7978307e-11
4.7756157e-11
1.0266025e-10
1.6247069e-10
1.6108907e-10
8.0724116e-11
-2.2156619e-11
-7.4568444e-11
-5.965416e-11
-1.9540648e-11
3.0644905e-12
3.5418284e-12
-2.1704872e-12
-4.9288588e-12
1.1734655e-12
2.6263585e-11
6.4974936e-11
8.421225e-11
5.9201164e-11
1.4900215e-11
-2.61562e-12
6.6347749e-12
-1.3683663e-12
-3.7717243e-11
-5.4750113e-11
-2.354516e-11
1.0693967e-11
-8.0338159e-12
-6.7970596e-11
-1.1927533e-10
-1.4216865e-10
-1.3795309e-10
-1.0077532e-10
-4.8890506e-11
-2.9501271e-11
-4.275296e-11
-3.1280933e-11
1.2133807e-11
2.0064437e-11
-2.6821525e-11
-6.1051077e-11
-3.9066706e-11
1.9311127e-11
8.9715883e-11
1.3059398e-10
7.540889e-11
-5.5716417e-11
-1.3659596e-10
-9.979574e-11
-9.4429025e-12
3.5155484e-11
-1.3649845e-11
-9.8596471e-11
-9.6365536e-11
1.3386983e-11
1.1675561e-10
1.2304099e-10
4.8925071e-11
-2.3723223e-11
-1.3102979e-11
1.1773466e-10
2.4488643e-10
1.9429422e-10
5.8728199e-11
-2.2413736e-11
-3.3633833e-11
4.2563433e-11
5.588221e-11
9.0886133e-13
1.6861526e-11
3.7952159e-11
1.5014953e-10
9.4951946e-11
-8.4037063e-12
-2.6982103e-11
9.3769043e-11
1.03217e-10
1.1793957e-10
-4.0868273e-11
-4.8149267e-11
6.0200078e-11
2.0962448e-10
1.4229653e-10
-1.4846007e-10
-2.6955539e-10
-1.6365882e-11
1.7759661e-10
-1.0711245e-10
-2.0231514e-10
6.848311e-11
-2.0847418e-10
-2.9725831e-10
-8.7797261e-11
1.3651396e-10
-1.6206764e-10
1.9359935e-10
-4.4809201e-11
-1.9557031e-11
2.8935771e-10
7.7878228e-11
2.4314147e-11
1.6589551e-10
1.7820284e-10
-1.7414133e-10
2.1401937e-10
-8.6121277e-11
2.8059703e-10
1.2391034e-10
-1.3021475e-10
-1.0986265e-10
-1.491379e-10
-8.55388e-11
1.7757758e-10
1.2072464e-10
-4.8672346e-10
4.438154e-10
-3.9361028e-10
-1.156192e-10
3.6890328e-10
-4.3736308e-10
-4.5019873e-10
-5.9172629e-10
-1.8988413e-10
-2.89498e-11
-5.8929691e-11
-1.1106023e-10
-4.215903e-10
1.2620131e-11
2.5223861e-10
7.6231639e-11
-1.0722727e-10
-2.1713909e-10
-2.1416555e-10
-2.2079906e-10
-1.3864819e-10
-1.7661207e-10
-2.2948751e-10
-6.1239382e-11
4.3508192e-11
-3.6783853e-11
-7.4118624e-11
-1.3798231e-10
-2.9567429e-10
-2.6775698e-10
1.4643572e-11
2.3164688e-10
2.4906173e-10
2.2926463e-10
2.0740908e-10
1.0689177e-10
-1.2944341e-11
-6.0522003e-11
-9.0632717e-11
-1.5743148e-10
-1.6393901e-10
-7.1180847e-11
-2.3304468e-11
-9.248085e-11
-1.5735145e-10
-1.2423079e-10
-3.730455e-11
3.3153241e-11
5.2956877e-11
1.8544095e-11
-2.3078105e-11
-5.164011e-12
6.7793547e-11
1.1190109e-10
7.0994624e-11
-5.2635826e-12
-2.2020154e-11
4.2296059e-11
1.1424801e-10
1.2266462e-10
8.4455963e-11
6.9028892e-11
1.0732381e-10
1.723934e-10
2.2706555e-10
2.4773928e-10
2.0327298e-10
8.4877991e-11
-5.956119e-11
-1.3084653e-10
-7.4536505e-11
5.535706e-11
1.4764371e-10
1.4875805e-10
1.0625701e-10
9.4310239e-11
1.2517832e-10
1.4930994e-10
1.2839495e-10
8.6608522e-11
7.5065615e-11
1.0156671e-10
1.2034295e-10
9.4929072e-11
5.2944783e-11
6.2555868e-11
1.4959153e-10
2.5122748e-10
2.6824812e-10
1.6622899e-10
1.890699e-11
-5.5548836e-11
7.8651849e-13
1.403389e-10
2.5970432e-10
2.8574557e-10
2.174123e-10
1.0396775e-10
1.9497612e-14
-5.8452609e-11
-5.6806071e-11
-3.9772907e-12
6.3062017e-11
9.2707925e-11
5.5856598e-11
-2.366015e-11
-8.2145584e-11
-6.9861467e-11
2.9503194e-12
7.5351663e-11
9.1410763e-11
4.8513523e-11
-9.0230663e-12
-3.7694628e-11
-3.2068497e-11
-1.7599643e-11
-1.6280831e-11
-2.726456e-11
-3.8451468e-11
-4.5410842e-11
-5.0432594e-11
-5.0561234e-11
-3.6982938e-11
-1.0201221e-11
1.6135993e-11
3.5703788e-11
6.5125109e-11
1.2245226e-10
1.8769249e-10
2.0489731e-10
1.4039646e-10
3.1835087e-11
-4.1006816e-11
-3.9010902e-11
2.784591e-13
1.531574e-11
-8.226239e-12
-3.5312611e-11
-3.56583e-11
-1.3456277e-11
1.3302697e-11
3.3711637e-11
3.6433597e-11
1.0604494e-11
-2.7634402e-11
-3.712391e-11
-6.8275081e-12
1.5499081e-11
-1.2822931e-11
-5.7700508e-11
-5.0483842e-11
7.5575419e-12
4.3213977e-11
1.5118494e-11
-4.2589489e-11
-8.6345076e-11
-1.0541237e-10
-9.183869e-11
-4.3368814e-11
5.5009559e-14
-6.9170113e-13
-1.4109949e-11
3.1315491e-12
1.3877568e-11
-3.0501054e-11
-8.4144639e-11
-7.6317547e-11
-1.7245643e-11
4.3516596e-11
6.9452999e-11
2.6438538e-11
-6.0750006e-11
-9.8163176e-11
-7.0845109e-11
-5.2989472e-11
-5.4873873e-11
-6.3748751e-11
-8.9891975e-11
-4.6562304e-11
9.2893264e-11
1.5819671e-10
9.5705486e-11
-6.7721864e-12
-7.2174124e-11
4.084416e-11
2.1249579e-10
2.0998332e-10
1.2664294e-10
-3.1850464e-11
-7.670771e-11
9.9577593e-11
1.1523782e-10
9.9937446e-11
-6.3023779e-11
-5.3511929e-11
-4.2273283e-11
1.0812392e-10
2.209061e-10
7.328441e-11
4.4094025e-11
4.5836728e-11
7.2840377e-11
2.8478939e-12
4.8383884e-11
2.5193008e-11
1.2339078e-10
9.2243355e-11
-6.0468575e-11
-1.3734747e-10
-1.0727917e-13
6.8894547e-11
-2.0626314e-10
-2.5396838e-10
9.1427735e-11
1.2310433e-10
-2.2393433e-10
-1.4736264e-10
1.4155816e-10
-3.0228343e-10
-2.8657248e-10
-5.6986747e-11
3.5111459e-10
-1.3187224e-10
5.6002195e-11
-2.229777e-10
-1.7679124e-10
-2.1164697e-10
2.8102529e-10
7.6181605e-11
1.7505131e-10
1.2874556e-10
-8.3024889e-11
4.1915032e-11
-2.0845296e-10
-1.1575751e-10
4.2191545e-11
-1.3489678e-11
2.142919e-10
5.3263401e-11
-6.0992331e-10
-1.6734809e-10
1.7407714e-10
2.9339463e-10
6.3933446e-10
1.1184144e-10
1.1383232e-10
1.0982332e-10
1.6469512e-10
1.4827403e-10
-1.2458434e-10
-3.3058551e-10
-2.4168445e-10
-3.0806126e-10
-2.9974644e-10
2.4980573e-10
1.8877772e-10
-2.5810557e-10
-2.8659093e-10
-2.3004819e-10
-2.2366484e-10
-1.063087e-10
2.2222117e-11
1.1200403e-11
-2.2601825e-11
3.4077702e-11
1.5847719e-10
1.4716328e-10
-4.2899603e-12
-1.2930557e-10
-4.7311484e-11
1.3075172e-10
1.9195954e-10
2.082121e-10
2.2502765e-10
1.3655298e-10
-1.2019343e-11
-8.0468931e-11
-9.6497202e-11
-1.5696104e-10
-2.1356253e-10
-1.8906878e-10
-1.4497148e-10
-1.5135014e-10
-1.4974489e-10
-7.5940747e-11
2.9700794e-11
1.075369e-10
1.388783e-10
1.1538494e-10
6.3906516e-11
6.6145023e-11
1.5793307e-10
2.5219678e-10
2.3665136e-10
1.2231205e-10
3.5705933e-11
6.1742345e-11
1.453926e-10
1.7981201e-10
1.4934552e-10
1.284947e-10
1.5790178e-10
1.9220667e-10
1.8076796e-10
1.3392014e-10
8.6702955e-11
3.2604349e-11
-5.3898389e-11
-1.3676011e-10
-1.3860573e-10
-3.4873475e-11
1.0013797e-10
1.6324495e-10
1.2652839e-10
5.3674174e-11
1.4674183e-11
1.7000251e-11
2.0435471e-11
2.1058731e-12
-1.5209326e-11
-4.4448921e-12
2.0240207e-11
2.0441887e-11
-9.4452266e-12
-2.1171749e-11
3.7058923e-11
1.4889122e-10
2.2650698e-10
1.9205303e-10
6.0924482e-11
-6.3905629e-11
-8.3176888e-11
1.1902941e-11
1.3912236e-10
2.0169343e-10
1.6246969e-10
5.520475e-11
-5.7235514e-11
-1.2567701e-10
-1.2981084e-10
-7.5785658e-11
5.4349284e-12
6.5698597e-11
6.5626221e-11
8.58085e-12
-5.3724026e-11
-6.0329106e-11
3.7417226e-12
9.1193765e-11
1.3496048e-10
1.0963918e-10
5.093804e-11
1.5026325e-11
2.3075595e-11
4.8173217e-11
5.2461276e-11
2.7810728e-11
-3.6872732e-12
-2.2481317e-11
-3.289067e-11
-4.8987304e-11
-6.9302558e-11
-7.5793165e-11
-5.5252537e-11
-1.0664642e-11
5.0075613e-11
1.2299179e-10
1.9323954e-10
2.2417763e-10
1.8455172e-10
9.4342351e-11
2.2531258e-11
1.9314158e-11
5.853761e-11
6.8670015e-11
1.9988534e-11
-4.2222493e-11
-5.8493071e-11
-2.6579743e-11
6.7712741e-12
6.6239444e-12
-2.2519832e-11
-5.9638613e-11
-8.4525643e-11
-7.5743718e-11
-2.9291071e-11
1.4002773e-11
4.2914173e-13
-5.6326381e-11
-7.2727141e-11
-5.9645493e-12
7.6651517e-11
8.3917271e-11
1.7563676e-11
-4.9665164e-11
-7.2113623e-11
-5.0555908e-11
4.9585011e-13
4.4554489e-11
3.3661553e-11
-1.6150399e-11
-2.9093446e-11
4.9097708e-12
7.068671e-12
-4.7123679e-11
-8.5412689e-11
-6.8687693e-11
-3.0085375e-11
5.2827894e-12
1.2584844e-11
-3.8980234e-11
-9.252209e-11
-7.459224e-11
-6.2534685e-11
-1.2853937e-10
-1.5867052e-10
-8.0007455e-11
2.9034769e-11
1.2929508e-10
1.5974568e-10
5.8942221e-11
-6.7962879e-12
5.0017929e-11
1.095968e-10
1.8833969e-10
1.7232942e-10
-1.0805338e-12
-3.8648133e-11
1.3744779e-11
1.2603338e-10
1.9150224e-10
3.6700643e-12
-1.484036e-10
-1.21582e-10
8.2623343e-11
2.4309864e-10
1.6580188e-10
5.8112903e-11
-5.9948304e-11
7.9381377e-11
1.8709602e-10
1.81525e-10
-3.8395249e-11
-7.1529949e-11
-2.6183069e-11
1.3515048e-10
1.1299976e-10
-3.2824012e-11
-1.5427542e-10
-1.1184226e-10
3.8636598e-11
-1.3527716e-10
-3.3302087e-10
-1.626973e-10
-1.0854264e-11
-3.0498397e-10
-7.7005345e-12
9.2373844e-11
-2.0152462e-10
-1.6410374e-10
-1.6869521e-10
-1.2059921e-10
-2.1475883e-11
-1.5670937e-11
-1.2887019e-10
1.3517951e-10
8.1768032e-11
-2.2231593e-06
-5.0615517e-11
7.2636316e-11
7.4583673e-11
-2.4743945e-10
1.1979838e-10
-2.8581082e-10
4.8625577e-10
4.8146606e-10
-1.3462533e-10
2.6932669e-10
-2.1064881e-10
-1.4927972e-10
1.3228271e-10
4.8347541e-11
-5.7360896e-10
2.4304481e-10
-2.9158787e-10
-3.0558449e-10
2.4798282e-10
-5.677341e-12
1.2084825e-10
-2.80652e-10
-3.5464414e-10
3.9522002e-10
2.5789848e-10
-2.5965873e-10
-1.2279346e-10
9.2874195e-11
-2.593483e-10
-2.8431875e-10
-1.3260356e-10
-8.0576383e-11
-8.5464763e-11
7.237817e-11
1.9867299e-10
2.9202372e-11
-2.1483264e-11
6.4818326e-11
8.6146222e-11
3.6969939e-11
6.2223004e-11
1.8485629e-10
2.0400015e-10
1.2833681e-10
1.0634543e-10
1.0925815e-10
5.8584963e-11
1.1722949e-11
2.7145877e-11
2.8553375e-11
-2.0842146e-11
-3.8831145e-11
-2.241622e-11
-5.0348906e-11
-1.0026627e-10
-1.0220047e-10
-8.1677977e-11
-9.015997e-11
-1.2105422e-10
-1.6610536e-10
-2.283871e-10
-2.5212125e-10
-1.6758441e-10
-2.3946216e-11
3.3097403e-11
-5.5277964e-11
-1.790566e-10
-1.995887e-10
-1.1996722e-10
-5.5907855e-11
-6.0951411e-11
-6.3672713e-11
3.3140797e-12
8.7833837e-11
9.356966e-11
2.252418e-11
-2.883219e-11
-1.7171988e-11
2.5667819e-12
-2.9718493e-11
-7.7123787e-11
-4.9647351e-11
7.2651524e-11
2.0248556e-10
2.3643907e-10
1.6496077e-10
6.6485214e-11
1.5148895e-11
1.8356126e-11
3.7817332e-11
5.0721068e-11
6.7852925e-11
9.5626716e-11
1.1125209e-10
9.2126366e-11
5.8642873e-11
6.7746729e-11
1.4939883e-10
2.5679311e-10
2.9886593e-10
2.3024648e-10
1.0228727e-10
1.8216261e-11
3.7590911e-11
1.2502554e-10
1.8935119e-10
1.6638739e-10
6.438937e-11
-5.6845657e-11
-1.3803622e-10
-1.5284865e-10
-1.0794366e-10
-3.1228261e-11
3.7489918e-11
6.0544579e-11
2.6934234e-11
-3.2058938e-11
-6.059531e-11
-2.5252297e-11
5.1784838e-11
1.1005164e-10
1.0784075e-10
6.1279123e-11
2.5567568e-11
3.6799303e-11
7.7357844e-11
9.9900329e-11
8.0622064e-11
4.0821706e-11
1.514402e-11
7.7559054e-12
-9.3005321e-12
-5.5425104e-11
-1.1062127e-10
-1.3203753e-10
-9.5750845e-11
-1.5057385e-11
7.8233509e-11
1.5531648e-10
1.9355889e-10
1.789809e-10
1.2483716e-10
7.9235156e-11
8.5833557e-11
1.2950724e-10
1.4194278e-10
8.0681475e-11
-1.2675591e-11
-5.6764708e-11
-2.8985956e-11
9.3543204e-12
-8.0599211e-12
-7.6707037e-11
-1.3884631e-10
-1.5197361e-10
-1.1589833e-10
-5.5101612e-11
-7.4682832e-12
-1.1907232e-11
-6.2314336e-11
-8.4547446e-11
-1.5315448e-11
9.7208285e-11
1.339965e-10
5.8334621e-11
-3.8420064e-11
-6.0328549e-11
-7.6787934e-12
6.163505e-11
9.6370353e-11
6.5552984e-11
-1.0527907e-11
-4.5793689e-11
6.3371133e-12
6.1346808e-11
2.0758715e-11
-7.2830576e-11
-1.1277538e-10
-8.4728631e-11
-3.7881504e-11
-4.4417674e-12
-1.7834333e-11
-8.5228541e-11
-1.3566682e-10
-1.3144343e-10
-1.3680238e-10
-1.6318614e-10
-1.2981493e-10
-2.3294618e-11
8.7224204e-11
1.3758231e-10
1.0143999e-10
5.3830271e-11
1.0972252e-10
2.04849e-10
1.6834856e-10
3.2401314e-11
-5.0564016e-11
-1.9641117e-11
1.189902e-10
2.0255264e-10
1.0011358e-10
-6.6244413e-11
-1.106922e-10
-1.5361001e-11
2.323961e-10
1.9218199e-10
1.434427e-11
-5.7661106e-11
9.2206625e-11
1.6602878e-10
2.3633641e-10
5.7377701e-11
-8.3139149e-11
-7.7749795e-11
1.8333248e-10
1.7151965e-10
-4.7626102e-11
-2.4126175e-10
-4.1458511e-11
2.7583631e-10
2.0926952e-11
-3.649101e-10
-1.0043271e-10
1.2835075e-10
-1.8136555e-10
-8.5508967e-11
-4.6930919e-11
-2.5488909e-10
-2.0675842e-10
2.1471603e-10
2.4772736e-10
-2.2571872e-10
3.1039436e-11
5.4582134e-11
-2.595122e-10
-4.6765463e-10
-3.501468e-10
-5.6067987e-06
-6.1194397e-12
-7.3314278e-23
8.3287252e-22
2.7872508e-20
-6.1552707e-20
6.2772684e-13
-2.515341e-11
1.0588306e-10
-6.3274194e-10
-2.2919882e-10
-1.7138069e-10
-3.7479883e-10
9.375372e-11
2.720102e-10
-6.2651374e-10
-5.1643313e-11
-2.4579359e-10
-4.7499341e-10
2.132991e-10
-3.171655e-10
-7.5980915e-11
-2.9340204e-11
-4.5851222e-10
-3.4669619e-10
2.1302366e-10
4.6633312e-10
-1.0150178e-12
-2.842238e-11
1.1456946e-10
2.4525659e-10
1.8118741e-10
3.7361828e-10
4.1574792e-10
1.350374e-10
1.1973604e-10
1.6505555e-10
6.8195326e-11
-5.1175594e-11
-5.9732716e-11
-1.5863991e-11
-4.1988057e-11
-1.3617587e-11
4.9156768e-11
6.1395719e-11
2.6648925e-11
-4.5879298e-11
-9.3615575e-11
-6.944152e-11
-1.3913058e-11
2.9650518e-12
-3.9936654e-11
-8.4178864e-11
-9.0886942e-11
-1.0452642e-10
-1.3031063e-10
-1.111347e-10
-7.0469853e-11
-8.2679734e-11
-1.3433367e-10
-1.7174185e-10
-2.0188316e-10
-2.2442503e-10
-1.7225206e-10
-2.5851454e-11
1.0211232e-10
9.3067101e-11
-1.5908754e-11
-8.0018952e-11
-4.0070456e-11
1.4844522e-11
-1.7737691e-12
-4.0037596e-11
4.6054889e-13
9.9891802e-11
1.312528e-10
4.6504519e-11
-4.8985633e-11
-3.8552396e-11
5.3655955e-11
9.3830195e-11
2.7123022e-11
-5.1937535e-11
-2.2088211e-11
1.1610656e-10
2.4054664e-10
2.4518906e-10
1.4674813e-10
4.5319175e-11
1.4675922e-11
4.845292e-11
9.9541733e-11
1.4297791e-10
1.8119303e-10
2.0661568e-10
1.9368067e-10
1.3683784e-10
8.0336165e-11
8.6782898e-11
1.669969e-10
2.5474666e-10
2.6635252e-10
1.8534468e-10
7.9766796e-11
3.3214132e-11
6.3462109e-11
1.1093872e-10
1.0189381e-10
1.7276773e-11
-9.6913113e-11
-1.762579e-10
-1.8646127e-10
-1.3564179e-10
-5.5613898e-11
1.8068401e-11
5.7170111e-11
4.9318439e-11
8.9588081e-12
-2.5346514e-11
-1.7768785e-11
3.1970383e-11
8.4000757e-11
9.5247314e-11
6.3150085e-11
3.0083323e-11
3.9186231e-11
8.7878574e-11
1.3047715e-10
1.2844896e-10
9.1746514e-11
6.2918203e-11
6.2426776e-11
6.0921258e-11
1.4932999e-11
-7.4861424e-11
-1.5296089e-10
-1.6044698e-10
-9.0902215e-11
9.2277855e-12
8.7202802e-11
1.2093243e-10
1.1851563e-10
1.0247907e-10
1.0156451e-10
1.3634667e-10
1.915418e-10
2.1195901e-10
1.5435451e-10
4.859774e-11
-2.032222e-11
-8.7409072e-12
2.7426105e-11
-1.4459525e-12
-1.0615392e-10
-2.0402808e-10
-2.1735776e-10
-1.5278656e-10
-7.4580243e-11
-3.461771e-11
-4.5544246e-11
-8.4323217e-11
-9.380533e-11
-2.1602336e-11
1.0091117e-10
1.5901941e-10
8.9218997e-11
-2.3084914e-11
-4.5810734e-11
3.4026599e-11
1.1650774e-10
1.248256e-10
6.3219704e-11
-1.7597713e-11
-4.5803408e-11
1.8793292e-11
1.0303326e-10
8.0609641e-11
-4.3075916e-11
-1.2541954e-10
-9.2851993e-11
-1.5718013e-11
1.7349483e-11
-2.4849637e-11
-1.1507679e-10
-1.6788985e-10
-1.448157e-10
-1.2582156e-10
-1.5182672e-10
-1.5945847e-10
-1.2463081e-10
-4.3544075e-11
8.5799814e-11
1.6013685e-10
1.5444554e-10
1.6318655e-10
1.538698e-10
1.1992874e-10
7.0972193e-11
-1.6221643e-11
4.7443573e-11
1.5491825e-10
9.3512454e-11
1.3920464e-11
-1.2532079e-10
-2.1893213e-12
1.3326639e-10
2.1557514e-10
1.206656e-10
-1.1625384e-10
-7.2558533e-11
1.4478428e-10
3.4108297e-10
1.6535753e-10
-2.0212616e-11
-9.0066633e-11
1.1964972e-10
1.7854921e-10
5.5749095e-11
-2.1613937e-10
-1.189224e-10
1.5369852e-10
7.4458075e-11
-1.5021916e-10
-1.5702929e-10
-1.1396593e-10
1.3756335e-11
5.8345711e-11
-6.0336844e-11
-1.5995522e-10
1.8606353e-10
-4.2234976e-10
-2.8533315e-10
1.4956605e-10
1.5090261e-10
-2.2840259e-10
-5.2699816e-11
1.8859204e-10
3.0965947e-10
3.5356868e-10
4.349164e-11
-7.1781311e-06
-4.5850942e-19
-3.8955937e-40
1.8709895e-45
1.3961654e-38
1.6804566e-37
3.3388507e-22
-1.7512414e-10
2.663245e-10
4.2411076e-10
1.7272272e-10
-1.7827034e-10
-5.3239282e-11
1.5091968e-10
3.5984916e-10
1.7359312e-10
-1.7664284e-10
-4.7708041e-10
3.1990748e-10
-1.3331678e-10
1.5790666e-10
3.2233561e-10
6.2773409e-11
3.3478058e-10
2.4463733e-10
1.4432823e-11
2.7289906e-10
3.9976997e-10
-6.9777147e-11
-2.7314572e-11
-5.0277795e-11
-3.5436889e-10
-1.4976637e-10
1.4571889e-10
9.220697e-11
5.1918286e-11
1.6988394e-10
2.0841497e-10
6.8547188e-11
1.5765913e-11
-3.90008e-11
-1.4119602e-10
-1.8917373e-10
-1.3434944e-10
-2.5636264e-12
5.0337448e-11
-8.287765e-12
-2.9923799e-11
3.7341403e-11
9.3662125e-11
7.9787639e-11
5.588748e-11
5.7236919e-11
1.983814e-11
-6.6557456e-11
-1.0317824e-10
-6.9159126e-11
-6.4699383e-11
-1.1720154e-10
-1.4563795e-10
-1.3044281e-10
-1.2969753e-10
-1.3476058e-10
-7.2463524e-11
4.5272562e-11
1.0368062e-10
4.7273469e-11
-3.4299393e-11
-3.4090974e-11
2.3559441e-11
3.9788759e-11
9.4649193e-12
2.9526321e-11
1.314434e-10
2.058013e-10
1.5106752e-10
2.9283725e-11
2.9035301e-12
1.1661849e-10
2.3124128e-10
1.9661733e-10
3.7699995e-11
-7.5581697e-11
-2.7754232e-11
1.2012005e-10
2.1046746e-10
1.6371986e-10
4.2438433e-11
-3.8321982e-11
-2.6948938e-11
4.321829e-11
1.2040654e-10
1.8665755e-10
2.3901529e-10
2.5554171e-10
2.0975268e-10
1.1796387e-10
4.9656621e-11
6.7744768e-11
1.5971925e-10
2.4165473e-10
2.3973668e-10
1.6085804e-10
7.7777924e-11
4.8924707e-11
6.1396853e-11
5.2779513e-11
-1.7753817e-11
-1.2708523e-10
-2.1192869e-10
-2.2587779e-10
-1.7175191e-10
-8.7909634e-11
-1.4290734e-11
2.7189185e-11
3.3254147e-11
1.4235393e-11
-8.6967666e-12
-1.1760204e-11
1.3713046e-11
4.9498978e-11
6.452539e-11
4.673799e-11
2.0754318e-11
2.5830403e-11
7.3130137e-11
1.2935618e-10
1.4980885e-10
1.2767814e-10
1.012502e-10
1.0647432e-10
1.2770099e-10
1.0937054e-10
2.1769385e-11
-9.3318873e-11
-1.557802e-10
-1.2616845e-10
-4.2568009e-11
2.3380577e-11
3.7411539e-11
2.3787901e-11
2.74205e-11
7.1542099e-11
1.474012e-10
2.2297083e-10
2.5461083e-10
2.1255367e-10
1.1808958e-10
4.1955099e-11
3.5172277e-11
6.0549447e-11
2.5748929e-11
-1.0028177e-10
-2.3327692e-10
-2.6421832e-10
-1.8482657e-10
-8.8055825e-11
-5.5380702e-11
-8.2811393e-11
-1.140154e-10
-9.9962607e-11
-2.3117929e-11
8.5089378e-11
1.4194421e-10
9.0404583e-11
-6.421721e-12
-1.8078473e-11
8.0576117e-11
1.6896605e-10
1.4538797e-10
4.7550217e-11
-2.5080139e-11
-2.2484699e-11
4.4314938e-11
1.1166025e-10
8.7698203e-11
-3.1057013e-11
-1.1165133e-10
-6.228852e-11
2.9320176e-11
3.9641234e-11
-3.8874784e-11
-1.4679865e-10
-2.0140246e-10
-1.3983271e-10
-6.2504419e-11
-1.2659648e-10
-2.4414514e-10
-2.3062736e-10
-1.1187034e-10
3.3947007e-11
1.5831525e-10
1.5776865e-10
1.1931163e-10
1.6812984e-10
1.6144531e-10
1.2001995e-10
1.036865e-10
2.4352037e-12
-3.2210326e-12
1.4233642e-12
-4.8047872e-11
5.3087213e-11
8.3142481e-11
1.3660701e-10
5.0623802e-11
-3.6814934e-11
5.337457e-11
1.0258238e-10
2.1577171e-10
1.6945095e-10
5.1697025e-11
-6.3924426e-11
1.1466484e-10
2.1864975e-10
1.3534473e-10
-1.382376e-10
-1.1007263e-10
1.9573958e-11
6.6616349e-11
5.4871392e-11
-1.0026928e-10
-3.5560972e-10
-4.7701037e-11
1.9129164e-10
-3.0213933e-10
-3.3769422e-10
1.3427641e-10
1.6080391e-10
8.8866495e-11
1.7095978e-10
4.2198231e-11
-2.1427424e-10
6.6433512e-11
2.9410784e-10
1.5175869e-11
-6.4835802e-10
-4.7760995e-10
1.7391017e-10
-1.7405348e-10
-7.1780756e-06
-2.2553791e-19
-1.2900147e-36
-4.1894681e-45
3.952279e-39
-1.5059334e-36
3.2879649e-22
-2.9735456e-11
-1.0531714e-10
-2.9007426e-10
-6.2069303e-11
6.809848e-10
-3.0656517e-10
-2.0784005e-11
3.30854e-10
4.1656709e-10
9.5286441e-11
4.0742686e-10
4.9245216e-10
-5.976266e-12
-8.5328225e-11
-2.5080487e-10
-6.8016206e-10
-6.6422519e-11
-4.3358836e-11
-6.9538391e-10
-1.9814673e-10
3.4677993e-10
2.0808388e-10
2.7717208e-10
2.6770444e-10
1.8972092e-11
-9.1717461e-11
-9.4578064e-11
-1.9102941e-10
-2.5244091e-10
-4.8670031e-11
8.38686e-11
1.3061237e-10
1.7503018e-10
1.6714915e-10
8.1560355e-11
-1.7599525e-11
2.2445504e-11
1.2419893e-10
1.3238616e-10
9.0395289e-11
6.9765805e-11
4.5725055e-11
-8.079501e-12
-3.9939666e-11
-7.4097191e-13
3.5481971e-11
-1.4426737e-11
-7.9724633e-11
-8.0397676e-11
-8.6228564e-11
-1.5552166e-10
-1.9741625e-10
-1.4569374e-10
-9.3519407e-11
-1.2772033e-10
-1.7780913e-10
-1.4170162e-10
-5.9080376e-11
-4.7427923e-11
-1.198672e-10
-1.7099883e-10
-1.386059e-10
-8.1859347e-11
-6.5437653e-11
-4.9385749e-11
3.0435875e-11
1.2763921e-10
1.2668459e-10
1.9649118e-11
-4.4674969e-11
4.7322206e-11
2.1835513e-10
2.7555931e-10
1.4123152e-10
-5.1424833e-11
-1.1164839e-10
2.2562373e-12
1.5514152e-10
1.9578206e-10
1.0953386e-10
2.9939024e-12
-2.4031239e-11
3.6301143e-11
1.2931597e-10
2.1631585e-10
2.9197037e-10
3.4345836e-10
3.3397623e-10
2.4566866e-10
1.2650828e-10
6.6698697e-11
1.1479974e-10
2.2430374e-10
2.9631218e-10
2.7430558e-10
1.9053073e-10
1.1899882e-10
9.432255e-11
8.2982004e-11
3.209582e-11
-6.5857935e-11
-1.6119424e-10
-1.9536765e-10
-1.5387452e-10
-7.3049158e-11
-2.7706612e-12
3.0412858e-11
3.1045175e-11
1.7071205e-11
3.884704e-12
5.3096556e-13
1.0004294e-11
2.6132157e-11
3.4462012e-11
2.4547942e-11
5.675494e-12
4.2376727e-12
3.7310018e-11
8.9812364e-11
1.2430173e-10
1.2076876e-10
1.0201687e-10
1.0846779e-10
1.453789e-10
1.6514984e-10
1.1586296e-10
6.9090196e-12
-8.8138068e-11
-1.0392634e-10
-5.2806883e-11
-8.6551736e-12
-2.2592909e-11
-6.8123915e-11
-7.5769178e-11
-8.8994517e-12
1.0452847e-10
2.0535059e-10
2.4956603e-10
2.2717025e-10
1.6257556e-10
1.0407834e-10
8.9635681e-11
9.9521568e-11
6.1527183e-11
-6.4994957e-11
-2.1619952e-10
-2.7515691e-10
-2.0648566e-10
-1.0234761e-10
-7.0366569e-11
-1.110717e-10
-1.3981539e-10
-1.0082454e-10
-1.4699393e-11
6.546579e-11
9.5798407e-11
6.1527899e-11
7.4080904e-12
2.0592151e-11
1.1919631e-10
1.9432445e-10
1.4293405e-10
2.0034803e-11
-3.5226223e-11
1.4267236e-11
8.7572719e-11
1.0964197e-10
6.2230258e-11
-2.4573273e-11
-6.478615e-11
1.8624438e-12
8.6970123e-11
5.2792745e-11
-7.2597655e-11
-1.5194273e-10
-1.4625911e-10
-1.0221152e-10
-7.2263483e-11
-1.3021534e-10
-2.5572165e-10
-2.7580998e-10
-1.3537219e-10
1.074467e-11
7.1054945e-11
7.4474825e-11
6.8227193e-11
1.4171955e-10
2.6006664e-10
2.2169776e-10
5.9741818e-11
-3.6450333e-11
-3.8017429e-11
5.4907577e-11
9.1615854e-11
1.1981311e-11
-4.5384619e-11
8.1342798e-11
1.1012075e-10
1.1584942e-10
1.2437328e-10
1.22409e-10
3.0900263e-11
7.5188366e-11
1.0391702e-10
1.5316672e-10
1.0263385e-10
8.9448776e-11
1.7207337e-11
1.4483811e-11
-6.7773447e-11
-1.0296854e-11
1.182392e-10
3.4544073e-11
-2.624697e-10
-4.589667e-11
1.7791603e-10
-5.6705676e-12
-2.2343132e-10
-1.7991834e-10
7.3244891e-11
8.535218e-12
-2.1660882e-10
-3.5023241e-10
2.3536835e-10
7.553224e-11
-1.676753e-10
-2.0137433e-10
2.5036648e-10
-2.5438285e-11
2.1085785e-10
2.0756174e-10
2.766609e-10
1.8116869e-10
-5.6074602e-06
5.5842966e-12
2.7162617e-23
2.6802188e-22
2.4419199e-21
8.0284422e-21
-4.3122532e-12
-1.495082e-11
3.6109883e-10
-6.319498e-11
2.007277e-11
3.1065415e-10
-1.7754374e-10
-1.384818e-11
-2.5180334e-10
-3.5412926e-10
-2.6612574e-10
2.3851954e-10
8.9105554e-11
-7.7922342e-11
1.2785926e-10
-9.178176e-11
-1.9606169e-10
8.3139201e-11
3.3355005e-10
4.3823009e-11
-1.9580739e-10
-9.4532755e-11
-5.9757441e-11
-2.6652736e-10
-5.1324702e-11
2.622602e-10
2.2536508e-10
7.6274417e-11
4.4488862e-11
1.2401761e-10
4.9050586e-11
-6.0814005e-11
2.9973831e-12
9.6027956e-11
1.3020524e-10
1.2058963e-10
1.8467751e-10
2.8926967e-10
2.5409207e-10
1.3194182e-10
7.9934688e-11
6.5530763e-11
-7.6926151e-12
-9.4027838e-11
-8.7613848e-11
-1.7375274e-11
-6.0906287e-13
-2.6179005e-11
-1.6499139e-12
3.2641403e-11
-1.2924793e-11
-6.242245e-11
7.4322913e-12
1.2385804e-10
1.1173215e-10
-2.7250808e-11
-1.168315e-10
-7.2521213e-11
-9.7626928e-12
-5.3134607e-11
-1.5605176e-10
-1.8617248e-10
-1.1770509e-10
-4.1683089e-11
-1.0983496e-11
1.9383825e-11
7.6486535e-11
9.053332e-11
7.3800078e-12
-9.238683e-11
-7.4242274e-11
7.3141376e-11
1.9403568e-10
1.4094107e-10
-4.7435741e-11
-1.8790956e-10
-1.5670905e-10
-1.4363525e-11
7.7001828e-11
3.4661535e-11
-7.7840509e-11
-1.4382959e-10
-1.1406528e-10
-2.7690289e-11
6.1658602e-11
1.4197997e-10
2.1571155e-10
2.5417062e-10
2.1381503e-10
1.0030699e-10
-6.4811571e-12
-1.5639633e-11
8.3751744e-11
2.0679149e-10
2.540546e-10
2.0328185e-10
1.1679825e-10
6.588912e-11
5.8743281e-11
4.5771011e-11
-1.3714066e-11
-1.0146086e-10
-1.5795599e-10
-1.4307503e-10
-7.3116989e-11
-6.6710323e-13
3.4289584e-11
3.1346771e-11
1.5835744e-11
8.850701e-12
1.3313481e-11
2.1780885e-11
2.8640651e-11
3.1995668e-11
3.0073948e-11
2.3897064e-11
2.2185018e-11
3.6852238e-11
6.8084962e-11
9.7323874e-11
1.0455049e-10
9.4520184e-11
9.6984757e-11
1.3165357e-10
1.7462211e-10
1.7377147e-10
1.0770173e-10
1.9423491e-11
-2.3663245e-11
-6.3682102e-12
1.4194496e-11
-2.3321483e-11
-1.0495068e-10
-1.493823e-10
-9.601586e-11
2.9715704e-11
1.470517e-10
1.9952314e-10
1.9181691e-10
1.6190721e-10
1.4090906e-10
1.3797468e-10
1.3597264e-10
9.4508164e-11
-1.4931682e-11
-1.5619419e-10
-2.3673498e-10
-2.0384056e-10
-1.1757958e-10
-8.4755946e-11
-1.2402456e-10
-1.4837637e-10
-9.1940995e-11
2.3777955e-12
5.1540619e-11
3.7557455e-11
7.0342394e-12
9.2953505e-12
6.7606923e-11
1.6158815e-10
2.0978552e-10
1.3993259e-10
7.2852266e-12
-4.3574625e-11
2.6625055e-11
9.945422e-11
7.8624301e-11
6.9483914e-12
-3.032763e-11
-3.6128324e-12
6.7072045e-11
1.1137932e-10
4.8702844e-11
-7.8678393e-11
-1.261722e-10
-6.6891007e-11
-2.6562887e-11
-8.3175336e-11
-1.9428894e-10
-2.5944523e-10
-1.9483263e-10
-6.8719971e-11
-3.9226116e-11
-8.8963552e-11
-8.078216e-11
3.5919284e-11
2.0703003e-10
2.7189119e-10
1.8070483e-10
6.5059607e-11
-2.447165e-11
5.5927311e-12
1.0346457e-10
3.2223753e-11
-3.7128589e-11
-5.0500891e-11
5.8390637e-11
1.959801e-10
1.6314962e-10
2.0570317e-11
1.8316783e-11
1.6964507e-10
1.7453344e-10
1.286477e-10
1.1720923e-11
5.6398407e-11
1.3184386e-10
1.2161247e-10
-7.2681821e-11
-7.6133374e-11
7.7371126e-11
8.6706173e-11
-2.0227507e-10
-1.1567245e-10
-2.4939801e-11
7.5810903e-11
6.5457257e-11
-2.3280541e-10
-5.5453864e-11
2.917584e-10
-2.0375448e-10
-2.9976386e-10
3.0591455e-10
-2.8731043e-10
-1.0082722e-10
4.6249736e-12
-1.6799635e-10
-5.4844928e-10
3.7859271e-10
-3.3848851e-11
1.3124875e-11
1.4564665e-10
-1.1471051e-10
1.2075927e-10
-1.2615288e-10
-2.2235966e-06
2.7330673e-10
1.5395575e-10
-5.9091708e-11
-1.8283981e-10
5.3335839e-10
1.582271e-10
-1.4962554e-10
2.708349e-10
-5.5819657e-11
-1.7106183e-10
2.5824125e-10
2.4425498e-10
3.003398e-10
-1.9653642e-12
1.8140743e-10
-4.0292391e-11
5.3962762e-11
1.4284534e-10
-1.8057416e-10
-1.098304e-11
-2.2076061e-10
-4.8461319e-10
-1.1113387e-10
1.2349759e-10
-2.0622777e-10
3.1615824e-11
1.1257122e-10
-2.5824413e-10
-1.9719103e-10
1.1035437e-10
2.9353929e-11
-1.3105434e-10
9.6262202e-11
3.205529e-10
1.5133746e-10
4.5300388e-12
6.1745539e-11
6.3271709e-11
-7.4632204e-11
-8.9932763e-11
8.7095456e-11
1.4864382e-10
-1.408149e-11
-1.7036167e-10
-1.9234844e-10
-1.9636204e-10
-2.6300442e-10
-2.8780433e-10
-2.0738665e-10
-1.4271988e-10
-1.6507655e-10
-1.7273988e-10
-1.2980535e-10
-1.3804887e-10
-1.8785946e-10
-1.278451e-10
4.2769356e-11
1.1798797e-10
-2.4746392e-12
-1.5194127e-10
-1.4022484e-10
-1.8463597e-11
1.730433e-11
-8.5021333e-11
-1.7276553e-10
-1.1464931e-10
3.3315161e-11
1.3752769e-10
1.684444e-10
1.8557217e-10
2.0124525e-10
1.690494e-10
8.8068871e-11
5.505021e-11
1.4238462e-10
2.8198491e-10
3.2823244e-10
2.3109632e-10
9.9789012e-11
7.4869011e-11
1.6876958e-10
2.5947639e-10
2.3563821e-10
1.1565073e-10
9.92032e-12
-3.9944777e-12
5.488011e-11
1.2187883e-10
1.7037763e-10
2.1763102e-10
2.643614e-10
2.6758066e-10
1.9211746e-10
7.4730982e-11
1.0437754e-11
6.1074718e-11
1.8615586e-10
2.7735432e-10
2.6304504e-10
1.7109631e-10
8.8988886e-11
7.049441e-11
8.9540575e-11
8.1584426e-11
1.9568847e-11
-5.8759472e-11
-9.4130858e-11
-6.6964734e-11
-1.166181e-11
2.2648152e-11
1.8071042e-11
-5.1118609e-12
-1.8931107e-11
-1.5942282e-11
-8.3213721e-12
-6.3775912e-12
-6.600365e-12
-3.1505781e-13
1.3004243e-11
2.5826872e-11
3.4108686e-11
4.1417829e-11
5.056439e-11
5.662098e-11
5.55109e-11
5.6976704e-11
7.8617728e-11
1.2025145e-10
1.5213735e-10
1.422972e-10
9.6803422e-11
5.9008667e-11
5.6653745e-11
6.0447157e-11
1.5480915e-11
-8.2559991e-11
-1.6247699e-10
-1.4807855e-10
-4.4011934e-11
6.7620276e-11
1.171969e-10
1.1231138e-10
1.068743e-10
1.2791663e-10
1.5418967e-10
1.5270756e-10
1.0914274e-10
2.6134392e-11
-7.6401273e-11
-1.5393287e-10
-1.6567094e-10
-1.2829935e-10
-1.0829846e-10
-1.3257143e-10
-1.4041213e-10
-7.1613591e-11
2.879574e-11
5.9039885e-11
3.4480863e-12
-4.5008732e-11
-1.0857508e-11
8.3783711e-11
1.6913163e-10
1.9257981e-10
1.3590266e-10
3.9869886e-11
-2.3725281e-12
4.401199e-11
8.5581177e-11
3.4836833e-11
-4.33522e-11
-3.4214723e-11
5.0145867e-11
1.1045591e-10
9.4292076e-11
1.3427423e-11
-6.7647614e-11
-5.8696797e-11
1.4613003e-11
1.7450768e-12
-1.2093366e-10
-2.0737017e-10
-1.9138765e-10
-1.1374282e-10
-3.2673756e-11
-6.3416969e-11
-1.8142035e-10
-1.4718586e-10
4.7582733e-11
1.8818045e-10
1.9852373e-10
4.8459824e-11
-6.1276395e-11
9.6615834e-11
1.748684e-10
5.830688e-11
-9.0640566e-11
-2.2002146e-10
-1.317875e-11
1.2712758e-10
2.2666957e-10
1.2370168e-10
-3.5149074e-11
1.0069085e-10
2.5769069e-10
2.2350167e-10
-3.6084067e-11
-1.0808947e-11
1.3986702e-10
1.8677897e-10
-2.117082e-11
-7.9593749e-11
8.5563895e-11
1.3940481e-10
-1.2186621e-10
-8.4740728e-11
-1.3291797e-10
-7.1837182e-12
4.7731959e-13
-1.9695682e-10
-7.0222665e-11
5.8124803e-11
-3.4438107e-12
-1.728268e-10
4.3570415e-12
5.6575198e-11
-2.0560566e-10
1.209975e-10
-2.299924e-11
3.089259e-10
6.5285829e-10
-2.1922747e-10
-3.8816091e-10
1.4851283e-10
1.2540472e-10
3.1003143e-10
-8.6193874e-11
1.4631667e-10
5.5044069e-10
-2.6706848e-10
-5.6915968e-11
-2.1054546e-10
-2.9319416e-11
4.7368773e-10
-1.2372662e-10
6.2946968e-12
2.9448695e-10
2.0839859e-10
-8.2619276e-11
1.3721675e-10
-3.4880745e-11
-4.008515e-10
-3.2647673e-10
-2.8085589e-10
-6.709878e-11
1.1618371e-10
5.1345313e-11
-2.4855172e-11
-8.8718569e-11
2.6463791e-10
5.7214978e-10
-1.0260965e-10
-2.7484702e-10
-1.6846218e-10
-1.6872913e-10
6.0441366e-11
2.7020079e-10
2.0965583e-10
2.1946846e-10
3.5881236e-10
2.1447416e-10
-1.9683459e-11
3.0956452e-11
6.5344934e-11
-2.5456815e-11
3.1397627e-11
2.4121653e-10
2.6202617e-10
9.7866906e-11
8.042047e-11
1.4803995e-10
7.5099455e-11
-3.2546017e-11
-1.6186466e-11
4.0319138e-11
3.2663278e-12
-6.4572791e-11
-2.7239873e-11
6.3435633e-11
6.9539292e-11
2.6590333e-11
3.2458559e-11
3.2405981e-11
-3.5486659e-11
-5.8873018e-11
5.2714451e-11
1.5623195e-10
7.4192662e-11
-1.1196575e-10
-1.6630732e-10
-4.1462837e-11
5.9097754e-11
-2.2758915e-11
-1.8361702e-10
-2.166865e-10
-8.9445304e-11
4.4081371e-11
6.5821418e-11
1.3547938e-11
-2.4213062e-11
-4.0829348e-11
-8.6165312e-11
-1.42357e-10
-1.3719659e-10
-5.2662406e-11
3.2876223e-11
3.7487556e-11
-1.5916463e-11
-3.0292066e-11
3.7712058e-11
1.1758118e-10
1.0508067e-10
-1.0846012e-11
-1.3343043e-10
-1.6610716e-10
-1.0722064e-10
-3.2672674e-11
2.3007274e-12
1.4668936e-11
4.3531574e-11
7.9900649e-11
7.3806234e-11
8.5740528e-12
-5.6949559e-11
-4.0803886e-11
6.8982546e-11
1.9021361e-10
2.2478104e-10
1.5616619e-10
6.1949519e-11
3.2082782e-11
8.1365646e-11
1.4451548e-10
1.4994491e-10
8.9964068e-11
1.9186087e-11
-6.9858894e-12
1.6005457e-11
4.93954e-11
5.7886941e-11
4.1363244e-11
2.3218702e-11
1.7512252e-11
1.6475005e-11
8.0847926e-12
-2.775989e-12
1.8703958e-12
2.9261828e-11
6.350413e-11
8.0238389e-11
7.1763973e-11
5.2534247e-11
4.0495513e-11
3.8804914e-11
4.0526875e-11
4.55609e-11
6.2917509e-11
9.3355302e-11
1.2040651e-10
1.2794524e-10
1.2101619e-10
1.1598823e-10
1.0814474e-10
6.7330268e-11
-1.8564026e-11
-1.061713e-10
-1.2797643e-10
-6.8638648e-11
1.0686378e-11
4.0759257e-11
2.4191056e-11
2.2555795e-11
6.9954749e-11
1.2808018e-10
1.3975118e-10
9.8462148e-11
4.171537e-11
-5.5429742e-12
-4.7514234e-11
-8.7051727e-11
-1.151242e-10
-1.3264213e-10
-1.4489236e-10
-1.2899609e-10
-5.5540107e-11
4.0942597e-11
7.1676059e-11
1.2531905e-11
-4.3100227e-11
-5.3734418e-12
8.9575487e-11
1.4273302e-10
1.2829168e-10
9.3550574e-11
7.0382072e-11
6.0033612e-11
5.9261774e-11
4.2643358e-11
-1.6009628e-11
-6.5269434e-11
-2.0399929e-11
8.3370943e-11
1.1750738e-10
5.6569576e-11
-4.6129188e-12
-1.2062685e-11
1.7773425e-11
4.7414182e-11
1.863123e-12
-1.2802141e-10
-1.8137182e-10
-7.6315847e-11
1.032523e-11
-4.280037e-11
-1.3019499e-10
-1.5527146e-10
-8.5256412e-11
5.3254604e-11
8.4440151e-11
-1.338277e-11
-2.0208765e-11
5.155471e-11
1.0581952e-10
1.2812219e-10
-3.5264294e-11
-1.6898149e-10
-5.8771528e-11
9.8890508e-11
1.3046523e-10
5.8408664e-12
-3.8927659e-11
1.6699127e-10
2.2268464e-10
2.0570589e-10
3.3718751e-11
7.2951675e-11
1.4444392e-10
1.7016903e-10
-5.0081205e-11
-5.1416984e-11
1.1553548e-10
1.0608484e-10
-9.1691728e-11
1.6759056e-11
-5.7009525e-11
1.1766411e-11
-8.6095493e-11
-9.6859633e-11
1.396233e-10
-7.2067549e-11
-1.5851961e-10
1.088127e-10
-5.9574188e-11
-2.7117208e-10
1.2783992e-10
-6.1834588e-12
7.6381856e-12
2.185891e-10
-3.0815492e-10
-3.8473453e-10
3.4411665e-10
2.2488539e-10
-4.110308e-10
2.7359743e-10
-5.8879544e-11
-1.8900415e-10
3.0054698e-10
-1.538953e-10
3.440757e-10
8.5875325e-10
1.1429781e-10
-9.368378e-11
-5.0585429e-10
-1.9296328e-10
1.7624374e-10
5.7671803e-11
-2.7477185e-10
1.8335733e-10
2.6763218e-10
-7.5179124e-11
-2.7668437e-10
-2.0247116e-10
2.8375172e-10
5.502845e-10
4.4912167e-10
3.1760164e-11
-2.0944411e-10
-6.7038483e-11
-3.9572681e-10
-2.1617035e-10
3.4054824e-10
2.5502232e-10
-2.2027856e-10
1.2428778e-10
3.0304089e-10
2.5755786e-11
5.5816663e-11
2.0022344e-10
1.9149934e-10
1.9894087e-10
2.654959e-10
3.2437004e-10
2.1416433e-10
1.933736e-12
-6.7531908e-11
4.9333585e-11
1.5495222e-10
7.2194175e-11
-4.047267e-11
-5.1276681e-11
-9.7394253e-11
-1.7924043e-10
-1.2639108e-10
2.2519984e-11
5.6772696e-11
-3.8283976e-11
-8.1098008e-11
-3.7950831e-11
-5.198116e-11
-1.3673913e-10
-1.6076201e-10
-1.2744174e-10
-1.5835554e-10
-2.2508264e-10
-1.8536977e-10
-6.4015397e-11
-4.2410166e-11
-1.5695085e-10
-2.1780367e-10
-9.4054925e-11
7.8338862e-11
8.7142592e-11
-5.5901456e-11
-1.3861334e-10
-3.8925385e-11
1.2857914e-10
1.8333042e-10
1.0346144e-10
1.4185617e-11
-3.9861317e-12
1.1135531e-11
1.1746223e-12
-1.9616705e-11
6.5652289e-13
6.1712919e-11
1.0996381e-10
1.2164073e-10
1.3838645e-10
1.9882816e-10
2.6623447e-10
2.5414445e-10
1.3292914e-10
-1.6888213e-11
-8.1868829e-11
-3.1437322e-11
5.7848992e-11
9.1892145e-11
5.9024342e-11
2.2486262e-11
2.8872838e-11
5.3756458e-11
4.5867042e-11
5.3153171e-12
-6.3708694e-12
5.8322424e-11
1.6436441e-10
2.1952144e-10
1.6968837e-10
6.005817e-11
-6.6755611e-12
3.0035559e-11
1.3311152e-10
2.0859447e-10
1.9532329e-10
1.1333072e-10
3.1918739e-11
6.66463e-13
1.480595e-11
3.795651e-11
4.5548242e-11
4.0194531e-11
3.3005937e-11
2.2567605e-11
1.0107113e-12
-2.5421302e-11
-3.2242248e-11
-1.0176281e-12
5.5013802e-11
9.6986882e-11
9.6308971e-11
6.2408548e-11
3.0167586e-11
2.1968207e-11
2.8047676e-11
2.6713667e-11
1.6473615e-11
1.900885e-11
4.9821747e-11
9.6557743e-11
1.3168636e-10
1.3979482e-10
1.229199e-10
8.4917197e-11
2.8181199e-11
-2.9917633e-11
-5.6022958e-11
-3.5966981e-11
-2.7329322e-12
-4.8093069e-12
-4.1994702e-11
-5.7491943e-11
-1.0415364e-11
6.3332369e-11
9.1630218e-11
5.9410353e-11
2.3824822e-11
2.9410903e-11
4.465247e-11
1.16249e-11
-6.8683704e-11
-1.3783904e-10
-1.5168158e-10
-1.1300709e-10
-4.4416316e-11
2.4699536e-11
5.3565072e-11
2.8439331e-11
3.7996866e-12
4.120828e-11
1.0778266e-10
1.1459342e-10
6.1429273e-11
4.3628241e-11
9.4195224e-11
1.2719835e-10
7.6007485e-11
-1.5127404e-11
-7.0210464e-11
-5.9339912e-11
8.4988405e-12
7.8426944e-11
7.0654297e-11
1.4577156e-12
-8.5399029e-12
6.4615466e-11
9.1152413e-11
9.5717311e-12
-8.6249517e-11
-1.1088272e-10
-6.0620867e-11
1.2107952e-11
7.3907507e-12
-8.4827436e-11
-1.2009046e-10
-3.5470938e-11
5.2526633e-11
3.6937788e-11
-6.7353896e-11
-1.3086141e-10
-4.4751361e-11
1.1043825e-10
1.4314996e-10
-1.4226515e-12
-1.0349558e-10
-6.2852743e-12
7.0093547e-11
-1.9655489e-12
-6.2978184e-11
-1.0980057e-10
7.4202459e-11
2.4160151e-10
2.264598e-10
3.9614258e-12
1.3070647e-10
2.4571086e-10
1.8032613e-10
-1.0602024e-10
-1.836629e-11
1.3830433e-10
9.9557744e-11
-1.0121147e-10
9.565143e-12
2.0808473e-11
5.6414655e-11
-2.110394e-10
-1.4403206e-10
1.85322e-10
-3.6261897e-11
-1.3863138e-10
2.6734234e-11
9.794806e-11
-1.264618e-10
-1.4766966e-10
1.291169e-10
2.4802656e-11
-1.5912701e-10
6.9681694e-12
2.8205453e-10
-2.2788464e-10
-5.4666257e-10
-4.5471773e-11
7.7658239e-10
1.966442e-10
1.7601328e-10
-7.9311318e-11
-3.0901896e-10
-2.0305588e-10
1.0799174e-10
-7.6326767e-10
-2.0067324e-10
1.6523566e-10
5.3267756e-10
1.8441553e-10
-2.288975e-10
3.6964205e-10
1.5556672e-13
-1.0782358e-10
-8.9531375e-11
4.1973309e-10
-5.0674776e-11
-2.2148621e-10
-4.4841551e-11
9.7782968e-11
-1.4141953e-10
-5.3074371e-10
-3.1352793e-10
-5.9756877e-11
1.0093727e-10
1.2791533e-10
-1.3282286e-10
2.3143695e-10
1.756648e-10
-8.3737402e-11
2.4563244e-10
3.5374787e-10
-1.5352273e-11
-1.1958832e-10
4.3412806e-11
-3.0451983e-11
-2.2963925e-10
-1.1732678e-10
1.0416486e-10
2.8736185e-11
-8.6104382e-11
6.8118229e-13
6.8200142e-11
-7.7967499e-11
-2.500462e-10
-2.419074e-10
-1.5977277e-10
-1.4114633e-10
-1.0872128e-10
2.429553e-11
1.4704621e-10
1.4292376e-10
1.192573e-10
1.8615284e-10
2.2408692e-10
1.3969095e-10
7.3202065e-11
1.1954206e-10
1.4245011e-10
4.7251034e-11
-3.5980803e-11
5.0521089e-12
6.7240784e-11
2.5383845e-11
-4.3518954e-11
1.1528933e-11
1.5506642e-10
1.959458e-10
6.3109483e-11
-8.2691407e-11
-6.318975e-11
8.1135945e-11
1.5563966e-10
6.925805e-11
-7.2265326e-11
-1.3054604e-10
-8.7341977e-11
-3.0993138e-11
-1.6969442e-11
-1.7826098e-11
4.5618105e-12
4.2322637e-11
6.7948379e-11
9.0912398e-11
1.4128875e-10
2.0437973e-10
2.0961538e-10
1.0588024e-10
-5.6623264e-11
-1.5739303e-10
-1.2582394e-10
-1.4763783e-11
5.4081361e-11
1.695797e-11
-7.5421206e-11
-1.2863391e-10
-1.0924871e-10
-6.3214048e-11
-4.2335331e-11
-3.7495386e-11
-1.0071328e-13
8.1245101e-11
1.4918607e-10
1.3497208e-10
4.1051144e-11
-4.8115599e-11
-4.2576778e-11
6.7142196e-11
2.0016679e-10
2.5908782e-10
2.122197e-10
1.0930786e-10
2.7323009e-11
6.3718496e-12
3.326035e-11
7.1663617e-11
9.7193302e-11
1.0383206e-10
9.0053708e-11
5.3970395e-11
5.2470911e-12
-2.7532699e-11
-1.5027138e-11
4.1742074e-11
1.0305087e-10
1.2280875e-10
9.2166128e-11
4.698467e-11
2.8194823e-11
3.7604331e-11
4.0717323e-11
1.4143463e-11
-2.0123925e-11
-1.665173e-11
3.8884955e-11
1.0821481e-10
1.3870214e-10
1.1490519e-10
6.6003685e-11
2.9029649e-11
1.7835145e-11
2.4694045e-11
3.4557825e-11
2.8832867e-11
-7.5797181e-12
-6.4088035e-11
-9.7324573e-11
-7.1719256e-11
-1.019134e-11
2.2500745e-11
2.1913911e-12
-1.6726174e-11
2.4638546e-11
9.390262e-11
9.5554155e-11
-1.7194057e-12
-1.135938e-10
-1.4235328e-10
-8.9736184e-11
-3.0707651e-11
-7.8564629e-12
-8.7987499e-13
2.1369264e-11
6.6818864e-11
1.2111312e-10
1.4260375e-10
9.018317e-11
2.2644232e-12
-8.3050964e-12
8.9420202e-11
1.6243122e-10
8.8495219e-11
-5.5342019e-11
-1.0085663e-10
-2.3063377e-11
5.8953366e-11
5.899553e-11
-1.3088455e-12
-3.5622569e-11
3.1420924e-11
1.4693616e-10
1.3621949e-10
-3.8955216e-11
-1.6917301e-10
-1.0256544e-10
4.3821948e-11
8.7960677e-11
-1.0251805e-11
-1.2066507e-10
-4.7275245e-11
1.4748567e-10
1.4813344e-10
-5.84008e-11
-1.7259011e-10
-8.8570744e-11
7.6461283e-11
7.5594837e-11
-1.5007954e-10
-1.9510384e-10
-1.7933611e-12
1.1714849e-10
7.7078443e-11
-1.7003772e-10
-1.489973e-10
9.1742973e-11
1.8878528e-10
3.9847046e-11
-5.7404383e-11
1.7162631e-10
3.2245688e-10
2.3857421e-10
-8.3247956e-11
-1.2082696e-12
1.7786769e-10
1.1900137e-10
-1.8792902e-10
-2.6843297e-11
1.3298685e-10
1.3114165e-10
-2.1027378e-10
-1.3060754e-10
1.2942014e-10
-7.9748264e-11
-1.0687934e-10
-1.198361e-10
-4.2381804e-11
1.1322717e-10
-7.1156412e-11
-1.7685963e-10
2.8449142e-10
-1.390029e-10
-3.404906e-10
1.9781078e-10
-5.3750195e-11
5.4442546e-11
7.0922062e-10
4.1009464e-10
-4.3009463e-10
-4.4561109e-10
1.9178472e-10
-4.0740341e-10
-8.335375e-11
2.8207314e-10
9.5332152e-11
2.9553674e-10
8.1329556e-10
4.7496566e-11
1.7731251e-10
-2.4305245e-10
4.3002271e-10
3.1384928e-10
1.6437963e-10
3.3208205e-10
2.4693094e-11
-2.5990799e-10
-9.9550091e-11
-2.6148547e-10
-8.2539552e-12
-7.6944436e-11
2.2782951e-10
-1.5044868e-10
-2.4969037e-10
3.9523881e-10
-7.0738348e-11
-7.9012845e-11
1.655807e-10
-1.9388139e-10
-1.309105e-10
1.7211277e-10
7.5998789e-11
-1.3893104e-10
-8.9339214e-11
-1.6889752e-10
-1.743179e-10
6.8121571e-11
7.8168182e-11
-1.3027677e-10
-1.2014106e-10
-4.3547257e-11
-1.1247325e-10
-1.2238208e-10
1.4569122e-11
1.6728064e-11
-1.660523e-10
-2.279283e-10
-1.1478679e-10
-2.3245839e-11
4.8092273e-12
4.4001453e-11
7.5527579e-11
3.3020634e-11
-2.8058791e-11
-4.6901138e-13
5.5315426e-11
6.1846222e-12
-7.8549174e-11
-4.3163936e-11
4.7050961e-11
1.3900047e-11
-1.1114174e-10
-1.4682569e-10
-7.001019e-11
-2.1270225e-11
-4.2647931e-11
-2.2671212e-11
8.6239935e-11
1.6275858e-10
9.3806006e-11
-4.1322323e-11
-6.314345e-11
6.1165743e-11
1.7033652e-10
1.2318296e-10
-3.2848829e-11
-1.3715059e-10
-1.0640021e-10
-4.2669338e-12
7.3099823e-11
1.0250737e-10
1.1556188e-10
1.2827863e-10
1.2461169e-10
1.0653553e-10
1.1103938e-10
1.5435195e-10
1.8834947e-10
1.3923728e-10
4.3798897e-12
-1.1805597e-10
-1.2208597e-10
-8.4992794e-12
1.0752305e-10
1.1113182e-10
2.6360808e-12
-1.1359925e-10
-1.4298541e-10
-8.6453336e-11
-1.3942301e-11
2.50932e-11
4.5309662e-11
8.1703423e-11
1.2563348e-10
1.2528786e-10
5.1226979e-11
-5.293719e-11
-9.9300546e-11
-3.6611092e-11
9.7352457e-11
2.0559206e-10
2.1410832e-10
1.2845932e-10
1.9260265e-11
-4.089227e-11
-2.7555414e-11
3.397679e-11
1.0114712e-10
1.4311817e-10
1.468444e-10
1.1223634e-10
5.2538598e-11
-2.3554594e-12
-1.7714712e-11
1.9347768e-11
8.1504879e-11
1.1965538e-10
1.0680632e-10
6.4960948e-11
4.081902e-11
5.2612699e-11
6.8016663e-11
4.3931923e-11
-1.5016227e-11
-5.1064738e-11
-1.6199388e-11
6.7222184e-11
1.2279137e-10
1.0076534e-10
3.0921753e-11
-1.2674816e-11
8.6241827e-12
6.4641432e-11
9.666467e-11
7.4835908e-11
1.3016088e-11
-5.3243747e-11
-9.1479497e-11
-8.7690813e-11
-5.8993155e-11
-4.3667896e-11
-5.7551465e-11
-6.1374256e-11
-3.6040117e-12
9.4138395e-11
1.3355544e-10
5.5912591e-11
-6.6460791e-11
-1.0918067e-10
-5.5262596e-11
-9.4946962e-12
-4.1124867e-11
-8.4336661e-11
-3.7395237e-11
9.3212173e-11
2.016306e-10
2.0336035e-10
1.0749124e-10
2.0864816e-12
-1.2393694e-11
7.4326529e-11
1.3678249e-10
5.502217e-11
-9.4728922e-11
-1.1783724e-10
1.0765508e-11
1.0016307e-10
3.2865787e-11
-7.3434604e-11
-5.5167149e-11
8.8161484e-11
2.0720486e-10
1.4561944e-10
-7.1023852e-11
-1.9051716e-10
-6.4372968e-11
8.5358076e-11
2.373327e-11
-1.1018277e-10
-8.7214943e-11
7.5684044e-11
2.1967761e-10
1.7256561e-10
-5.4498966e-11
-1.3767821e-10
1.9055988e-11
6.2096769e-11
-1.058785e-10
-2.5747692e-10
-1.9823746e-10
1.0892655e-10
1.6587908e-10
-1.3657141e-10
-2.0557595e-10
-4.8837686e-11
2.2976698e-10
1.0907868e-10
-2.0857547e-10
-4.6911314e-11
3.3836796e-10
3.3667694e-10
-3.9306012e-11
-1.3140685e-11
2.0622316e-10
1.6373654e-10
-1.4784814e-10
-5.8998116e-11
5.5443639e-11
1.2177315e-10
-1.1554041e-10
-8.5351079e-11
9.0432286e-11
-9.2104106e-12
7.5935229e-11
-1.1161716e-10
-1.1627164e-10
1.0495267e-10
-5.0344664e-11
-1.4696356e-10
5.8925524e-11
9.980766e-11
-1.8358864e-10
-1.5473719e-10
2.3929694e-10
-1.5902434e-10
-3.5525752e-11
-4.0048363e-10
-1.5801869e-10
-3.1085965e-10
1.2311363e-10
2.2558518e-10
5.5709436e-10
-1.4088954e-10
2.729572e-10
5.9940402e-11
3.5329587e-10
-5.8395643e-11
-3.8748531e-10
-3.1087954e-10
7.5919855e-11
-3.0929839e-10
-5.8614287e-10
6.2770069e-11
-6.8605945e-10
2.8621505e-10
1.9770924e-10
1.110279e-10
2.7635114e-10
2.7899032e-10
-5.0702728e-11
1.3389662e-10
1.4059609e-10
-2.3957964e-10
2.2794669e-10
4.2323312e-10
-5.141115e-11
-1.8909822e-10
1.4374983e-10
-1.1059163e-10
-4.0053884e-10
-7.5106716e-11
-1.1229621e-10
-2.4937284e-10
-6.4015706e-11
-1.0691153e-10
-2.3107634e-10
-1.8888068e-10
-9.2949652e-11
-2.2546011e-11
3.7669761e-11
7.736076e-11
3.5209335e-11
-9.9646269e-12
1.4237842e-11
-3.5510855e-12
-2.7582333e-11
6.3446812e-11
1.6843463e-10
1.7109609e-10
1.5026603e-10
1.6441082e-10
1.2756738e-10
3.631116e-11
1.9404416e-11
7.3902796e-11
4.7401791e-11
-6.1399547e-11
-8.0155355e-11
1.5453181e-11
4.1808085e-11
-7.5085565e-11
-1.7982213e-10
-1.5144694e-10
-7.6540059e-11
-7.4695648e-11
-1.1162704e-10
-9.473612e-11
-5.2164955e-11
-9.1230627e-11
-2.0649089e-10
-2.5761079e-10
-1.6638621e-10
-3.5476434e-11
-2.1590809e-11
-1.4565852e-10
-2.7011301e-10
-2.7230718e-10
-1.6186046e-10
-2.9056142e-11
6.4874501e-11
1.2361085e-10
1.5507167e-10
1.4036632e-10
7.3548857e-11
3.5261063e-12
-8.080283e-12
3.5988773e-11
5.8158297e-11
-6.8382756e-12
-1.2072287e-10
-1.7176749e-10
-9.7033356e-11
4.0296529e-11
1.0794713e-10
4.0744507e-11
-9.4402808e-11
-1.7296637e-10
-1.3499035e-10
-2.6269349e-11
6.7718788e-11
1.094147e-10
1.2309431e-10
1.3826431e-10
1.4244139e-10
1.0118139e-10
1.4369858e-11
-6.3239614e-11
-6.5964754e-11
1.7917957e-11
1.2852884e-10
1.820865e-10
1.4034969e-10
3.8022108e-11
-4.9901171e-11
-6.6827113e-11
-9.184972e-12
8.294919e-11
1.6038321e-10
1.9190846e-10
1.720091e-10
1.1594669e-10
5.2842397e-11
1.5298884e-11
2.2244452e-11
6.2316337e-11
9.8818331e-11
1.0027062e-10
7.1859634e-11
5.1158482e-11
6.5083672e-11
9.3141308e-11
8.5396675e-11
2.4032579e-11
-4.2438587e-11
-4.3713973e-11
2.9758252e-11
1.0401886e-10
9.7215818e-11
1.3434483e-11
-5.7258204e-11
-3.7838104e-11
5.1186912e-11
1.1865032e-10
1.0333443e-10
2.901118e-11
-3.8228276e-11
-6.2998361e-11
-6.0797853e-11
-6.291253e-11
-8.1275632e-11
-1.0109409e-10
-9.0424251e-11
-2.5779972e-11
6.9588311e-11
1.2119998e-10
7.4568666e-11
-2.3330702e-11
-6.1764932e-11
-1.0693004e-11
2.5771939e-11
-4.4619183e-11
-1.4825466e-10
-1.2610294e-10
4.4709163e-11
2.0721718e-10
2.2260666e-10
1.2552962e-10
4.8238893e-11
5.9310589e-11
1.1301002e-10
1.1122056e-10
6.1450443e-12
-1.1898007e-10
-1.1497656e-10
2.397132e-11
1.0531232e-10
7.8913941e-12
-1.1195044e-10
-4.9454223e-11
1.3492299e-10
2.1626162e-10
1.1102754e-10
-6.1293651e-11
-1.2741651e-10
-3.7079092e-11
4.1206694e-11
-5.8883903e-11
-1.7448172e-10
-4.6081495e-11
1.9379233e-10
2.2302168e-10
6.3547883e-11
-3.8351976e-12
1.1946062e-10
2.256744e-10
6.6187431e-11
-2.3669038e-10
-2.6901964e-10
-2.5849413e-11
6.0319134e-11
-1.1162883e-10
-2.340532e-10
-6.1557397e-11
1.7473809e-10
9.1553931e-11
-1.9415239e-10
-1.0590557e-10
1.3932024e-10
2.4968719e-10
4.2546853e-11
6.396831e-12
1.8858269e-10
2.1373944e-10
-3.1702343e-11
-9.6171529e-11
-2.6362294e-11
8.8242634e-11
-4.9450341e-11
-6.9984354e-11
-2.2108813e-11
-7.1291211e-11
1.7080318e-10
-7.7555743e-11
-1.0220005e-10
1.2178764e-10
-8.481365e-11
-3.4148182e-11
2.9869622e-11
-8.8614531e-11
1.2985198e-10
-2.2553857e-11
-1.8483117e-10
1.941975e-10
-2.4884874e-10
-3.7520156e-11
4.1853684e-11
6.7009074e-11
2.7050698e-10
-1.5087557e-10
-2.5101974e-10
-4.073941e-10
5.5402903e-11
-1.0343749e-10
1.7435313e-11
-4.373308e-10
-4.1872296e-10
3.292609e-10
1.5094723e-10
-7.2161474e-10
1.2760818e-10
4.007281e-10
-7.0537399e-11
2.232696e-10
4.5110402e-10
6.240308e-10
1.4786339e-10
-4.8378557e-10
-2.5727002e-10
-3.9646133e-10
-6.3198406e-12
2.8157845e-10
1.4766005e-11
2.7361985e-10
-1.3305139e-10
-2.3469323e-10
-1.4594586e-10
-1.4879335e-10
2.0526228e-11
1.0028851e-10
1.4239517e-11
-5.9494995e-11
-9.0667436e-11
1.2849356e-11
5.1114607e-11
6.9718732e-12
-1.7010565e-10
-2.8260505e-10
-1.6719124e-10
-5.2268681e-11
1.2283626e-12
6.3845086e-11
9.1836878e-11
7.8183443e-11
4.9838039e-11
4.468636e-11
9.94118e-11
1.757006e-10
1.9415582e-10
1.5200064e-10
1.1791914e-10
9.0835596e-11
1.6378176e-11
-4.5598331e-11
-1.9084297e-11
-3.618088e-12
-9.0589925e-11
-1.5103097e-10
-6.3497074e-11
4.910661e-11
2.8002958e-11
-6.2592552e-11
-7.073976e-11
-5.6876938e-12
1.2132879e-11
-4.0039987e-11
-7.1495855e-11
-4.721149e-11
-4.7622338e-11
-1.2313783e-10
-1.9174355e-10
-1.5315921e-10
-3.8779519e-11
1.534128e-11
-6.051829e-11
-1.8436975e-10
-2.3118483e-10
-1.6565222e-10
-4.5829055e-11
6.4155342e-11
1.5320068e-10
2.1682271e-10
2.2117753e-10
1.3455515e-10
-4.3274793e-12
-9.7114286e-11
-8.3911393e-11
-1.0877677e-11
1.4011451e-11
-5.442991e-11
-1.4383287e-10
-1.4824998e-10
-5.0605597e-11
5.2065122e-11
5.0963247e-11
-5.6483565e-11
-1.6532074e-10
-1.7210253e-10
-7.082898e-11
5.746246e-11
1.3302313e-10
1.4372704e-10
1.292938e-10
1.1880783e-10
1.0022554e-10
4.9271061e-11
-2.5612174e-11
-7.8489267e-11
-6.8240911e-11
-2.4857853e-12
6.2696824e-11
7.0173595e-11
1.0363021e-11
-7.0610187e-11
-1.0894319e-10
-7.1728708e-11
2.2185967e-11
1.2194377e-10
1.8162372e-10
1.8564955e-10
1.4872498e-10
9.9644992e-11
6.4376556e-11
5.5579207e-11
6.8458217e-11
8.3882568e-11
8.2891027e-11
6.5401704e-11
5.4192513e-11
7.1543571e-11
1.0707299e-10
1.1753406e-10
7.1701199e-11
-3.4545564e-12
-3.7302467e-11
8.5543308e-12
8.5952232e-11
1.0273818e-10
2.7114543e-11
-6.6407991e-11
-7.5612169e-11
1.1583258e-11
1.0127328e-10
1.0169677e-10
2.4043351e-11
-4.3359323e-11
-4.6622993e-11
-2.1046852e-11
-2.977219e-11
-7.9487611e-11
-1.1711217e-10
-9.560069e-11
-2.128972e-11
5.737642e-11
8.8501924e-11
5.3924175e-11
-7.2641698e-12
-2.3822057e-11
2.3012329e-11
5.1675436e-11
-2.5777166e-11
-1.5701606e-10
-1.7827434e-10
-2.8519991e-11
1.4741316e-10
1.8397824e-10
1.1083493e-10
8.2120774e-11
1.4111039e-10
1.7725372e-10
1.0232954e-10
-3.6269067e-11
-1.2277839e-10
-8.8628259e-11
2.0609951e-11
6.8878978e-11
-1.2729734e-11
-9.449529e-11
-1.187273e-11
1.5683652e-10
1.8880579e-10
6.9874809e-11
-8.7660998e-12
2.461908e-11
5.0440373e-11
-3.0857244e-11
-1.669366e-10
-1.9002219e-10
-2.2369322e-11
1.4604247e-10
1.241844e-10
4.972286e-11
1.2144688e-10
2.6296223e-10
2.5261175e-10
2.3861501e-12
-2.2048681e-10
-1.2608658e-10
1.6382999e-11
-8.9945424e-11
-2.3501371e-10
-1.8605179e-10
7.4314402e-11
1.6494156e-10
-1.303978e-10
-1.7330174e-10
3.8230663e-11
1.6831095e-10
-2.7966243e-11
1.176167e-11
1.722316e-10
1.4489664e-10
2.0290982e-11
3.2267029e-11
3.957368e-11
-4.2131259e-11
-5.0397602e-11
-1.7299648e-11
-6.9195292e-11
-1.453884e-10
1.8927578e-10
-7.6246047e-11
-8.328275e-11
1.0863647e-10
-1.293611e-10
-2.2937125e-11
-1.8908528e-11
2.7638265e-12
9.6281344e-11
3.8519518e-12
-5.3628633e-11
-1.3948458e-10
4.1107071e-11
-1.5503528e-10
-8.2455228e-11
1.0606629e-10
-1.5501199e-10
-1.3692155e-10
-9.6878773e-11
1.3190108e-10
4.3091912e-10
-2.8018779e-10
-9.0656927e-11
2.4872866e-10
3.6951399e-10
5.702397e-10
-1.0662565e-10
6.7154245e-11
1.878949e-10
-5.7807516e-12
4.6247496e-10
-3.6062492e-10
1.2391565e-10
2.8221767e-10
-1.1249904e-10
2.5006361e-10
3.405892e-11
-6.4607599e-11
4.4432938e-10
-8.7012586e-11
-3.0910414e-10
-5.9684013e-10
-3.9143454e-10
6.8770225e-11
-1.9773063e-10
-2.7379557e-10
2.096611e-10
3.3063192e-11
-2.7304855e-10
1.0039213e-10
9.4030834e-11
-8.786865e-11
-1.0712792e-11
-1.2044639e-10
-2.9732681e-10
-2.2614891e-10
-1.2647666e-10
-5.4502078e-11
-2.2832659e-11
-4.5680211e-11
-7.7546929e-11
-8.8028964e-11
-3.0932416e-11
2.5978019e-11
2.1008732e-11
2.5572288e-11
6.409078e-11
9.6966245e-11
1.339772e-10
1.8791165e-10
2.1479419e-10
1.7365147e-10
1.07385e-10
9.233569e-11
9.7762822e-11
2.4831548e-11
-8.4340162e-11
-8.1770834e-11
2.9891103e-11
9.7889379e-11
7.3984687e-11
5.628044e-11
8.190949e-11
6.619947e-11
-2.7593505e-11
-1.0707837e-10
-9.285402e-11
-3.8885142e-11
-3.927575e-11
-8.5128128e-11
-8.7629294e-11
-1.4767112e-11
5.3398902e-11
3.3995767e-11
-5.0209229e-11
-1.0191471e-10
-7.0703356e-11
1.2252108e-11
9.6975318e-11
1.7590938e-10
2.5289203e-10
2.9192108e-10
2.3364163e-10
7.7540949e-11
-7.9274709e-11
-1.2491019e-10
-4.5677989e-11
5.3065973e-11
5.5638429e-11
-4.0464301e-11
-1.3100124e-10
-1.256779e-10
-4.5042353e-11
7.9838518e-12
-3.2980521e-11
-1.2480382e-10
-1.644367e-10
-9.6860732e-11
3.5658432e-11
1.4360831e-10
1.7572869e-10
1.526563e-10
1.2496102e-10
1.1445886e-10
1.0056374e-10
5.6841292e-11
-1.0650475e-11
-6.4246862e-11
-7.2124795e-11
-4.1578002e-11
-1.4218907e-11
-2.6730069e-11
-7.55147e-11
-1.1792197e-10
-1.0922245e-10
-4.1367366e-11
5.0458032e-11
1.1744265e-10
1.348249e-10
1.1503579e-10
8.9423092e-11
7.9441999e-11
8.402404e-11
8.8661953e-11
8.1451572e-11
6.2734758e-11
4.4268637e-11
4.22047e-11
6.5884936e-11
1.042535e-10
1.2498892e-10
9.8876452e-11
3.5592975e-11
-1.2230163e-11
3.0458914e-12
6.5364354e-11
9.9867377e-11
5.333266e-11
-3.5910672e-11
-7.2062778e-11
-1.3210513e-11
7.1852152e-11
8.1518543e-11
3.6145022e-12
-7.0520912e-11
-6.2689625e-11
-4.6969051e-12
9.5684276e-12
-4.8680873e-11
-1.057537e-10
-8.2926129e-11
5.3006784e-12
7.4660996e-11
7.1702229e-11
2.0986694e-11
-1.6366806e-11
-4.7468768e-12
3.7862959e-11
5.0363186e-11
-1.8104271e-11
-1.3343542e-10
-1.7999409e-10
-9.1289423e-11
4.6237516e-11
9.7879318e-11
7.3117979e-11
1.0202793e-10
2.0933616e-10
2.4980609e-10
1.2819647e-10
-4.5897417e-11
-1.1152452e-10
-6.0356115e-11
-9.9125318e-13
-3.3280396e-12
-4.5328024e-11
-4.9800619e-11
3.5342845e-11
1.3893119e-10
1.2923257e-10
3.7463364e-11
3.3511392e-11
1.1216964e-10
8.5629437e-11
-6.6870271e-11
-1.6844179e-10
-1.3723464e-10
-4.3076516e-11
6.3052517e-12
-3.1308303e-11
-2.3933074e-12
2.0274465e-10
3.1951468e-10
1.8285656e-10
5.866642e-11
3.2760822e-11
-2.6201856e-11
-1.0435452e-10
-2.2205742e-10
-1.9671721e-10
1.7846262e-11
6.8356671e-12
-8.8737845e-11
-6.9684053e-11
4.4268234e-11
3.815091e-11
-5.9831177e-11
-5.649646e-13
7.6706607e-11
8.4697999e-11
3.9062295e-11
1.0198702e-10
8.0029941e-11
-1.0931669e-10
-3.7514709e-11
1.2666842e-11
-3.9279734e-11
-2.4219327e-10
9.6453988e-11
-6.5610814e-11
9.9463213e-12
1.2081091e-10
-9.5961564e-11
7.0240965e-11
-8.1759395e-11
2.2551693e-11
1.09489e-10
-6.3982743e-11
1.9853875e-11
-1.3093276e-11
-2.4656545e-10
1.7109104e-10
-4.937079e-11
-1.6545864e-10
1.0381662e-10
-1.3811002e-10
2.2795443e-11
6.9517913e-11
2.4533763e-11
-6.8331891e-11
-2.4935773e-11
4.1906356e-10
6.2371073e-11
-3.4439954e-10
-1.0581977e-10
3.4141053e-10
2.9030317e-11
2.4453734e-10
-3.1731227e-10
3.2311163e-10
-4.6843816e-10
4.9758382e-10
4.9034758e-10
1.4651016e-10
-3.1664572e-10
-8.6681388e-11
-5.8869762e-10
-1.8695461e-10
3.9570684e-10
1.4425315e-10
-8.3534005e-11
-1.9914582e-10
-3.625348e-10
8.3603336e-11
1.1039881e-10
-1.5353567e-11
3.7523428e-10
2.0125015e-10
1.1516816e-10
1.2628114e-10
8.9037622e-12
-3.1956028e-11
8.5315352e-12
-6.9424821e-11
-1.5039999e-10
-2.0204708e-11
2.3321402e-10
3.1336286e-10
2.6683024e-10
2.2910461e-10
1.4689734e-10
6.2765636e-11
7.3042942e-11
1.0615664e-10
9.708536e-11
7.6221798e-11
5.6612655e-11
4.5289379e-11
8.1092444e-11
1.5010226e-10
1.5623663e-10
7.9303873e-11
2.5181446e-11
3.2875466e-11
7.9731939e-12
-8.579931e-11
-1.4323366e-10
-9.777864e-11
-2.3198385e-11
6.898376e-12
2.0161907e-11
4.2945255e-11
1.7915026e-11
-9.2348252e-11
-2.0167957e-10
-1.9856537e-10
-1.0342306e-10
-3.4127328e-11
-4.9606098e-11
-9.3101089e-11
-9.1306358e-11
-5.9661344e-11
-6.3606879e-11
-1.1347151e-10
-1.5382917e-10
-1.396464e-10
-9.0275103e-11
-4.564707e-11
-8.6065249e-12
4.7940842e-11
1.1257134e-10
1.2206758e-10
2.8932288e-11
-1.1499489e-10
-1.8818421e-10
-1.1973724e-10
3.0424643e-11
1.2133535e-10
7.3067549e-11
-5.8297815e-11
-1.5039845e-10
-1.4075115e-10
-7.8798801e-11
-5.4875701e-11
-9.5170497e-11
-1.399084e-10
-1.1668399e-10
-1.91309e-11
8.9307675e-11
1.4140409e-10
1.2745537e-10
9.2348397e-11
8.113352e-11
9.4659334e-11
9.6307585e-11
5.5695067e-11
-1.7445586e-11
-8.1670383e-11
-1.0253458e-10
-8.3775407e-11
-5.9921913e-11
-6.0260829e-11
-7.9276218e-11
-8.4150025e-11
-5.0203069e-11
1.0950808e-11
6.0627776e-11
7.0527457e-11
5.0084067e-11
3.5938041e-11
5.3476949e-11
9.1970409e-11
1.1669791e-10
1.0434255e-10
6.529604e-11
3.23314e-11
3.1217673e-11
6.1905183e-11
1.0170624e-10
1.2162864e-10
1.0473606e-10
5.8929807e-11
1.6926862e-11
1.3307073e-11
4.9177007e-11
8.1982014e-11
6.5919273e-11
8.7182211e-12
-2.734199e-11
3.1528583e-12
6.3749231e-11
6.9342869e-11
-8.4083515e-12
-9.4755853e-11
-9.7415448e-11
-2.3710368e-11
2.5758436e-11
-1.1325387e-11
-7.4528644e-11
-6.0654046e-11
3.5354412e-11
1.1029202e-10
8.654823e-11
6.3748866e-12
-3.3778636e-11
-5.5794657e-12
3.3667772e-11
2.4913644e-11
-3.3466718e-11
-1.0048631e-10
-1.302656e-10
-1.0377937e-10
-5.0656532e-11
-1.9662662e-11
-4.5435433e-13
7.6441202e-11
2.113407e-10
2.7542858e-10
1.7367777e-10
5.7301562e-12
-6.1098824e-11
-2.6750294e-11
-1.8580257e-11
-6.1970003e-11
-6.2984685e-11
7.1581936e-12
7.4946321e-11
8.9756314e-11
6.7613554e-11
5.6693592e-11
1.0433207e-10
1.662395e-10
1.1584982e-10
-2.4477872e-11
-7.3614451e-11
-3.6871629e-11
-8.6831338e-11
-1.6123416e-10
-6.9837394e-11
1.1257739e-10
2.0897256e-10
2.0246143e-10
1.4386255e-10
1.3876593e-10
1.9470541e-10
5.76894e-11
-2.0480902e-10
-1.8543779e-10
-2.5373003e-11
-4.4775753e-11
-1.6434704e-10
-1.4310387e-10
1.5833818e-10
1.3120611e-10
-1.4268822e-10
-1.1578179e-10
1.2185032e-10
7.2026185e-11
-1.1085184e-10
5.2541526e-11
1.5310098e-10
-5.0703383e-11
-4.599989e-11
1.8162822e-12
3.0591936e-12
-2.8415786e-10
2.0425907e-11
-1.6738293e-10
-3.9188872e-11
7.8291142e-11
-9.2437602e-11
9.3312646e-11
-1.0935102e-10
4.4962041e-11
8.2369643e-11
1.9446385e-11
1.8062809e-11
-2.795126e-11
6.2133206e-12
-6.8537517e-12
4.2521963e-11
-4.8160224e-11
-2.0559262e-10
2.1055855e-10
-2.9844417e-10
6.1281191e-11
3.3798599e-12
-6.262419e-11
-4.5364616e-10
1.9975745e-10
-4.2682178e-10
-1.2329417e-10
7.7524421e-10
3.912039e-10
-7.2788337e-10
2.629814e-12
-5.7057843e-10
4.1406263e-10
2.6633148e-11
4.5071252e-10
-1.0015999e-10
-1.2090816e-10
-2.6845319e-10
-3.066441e-11
1.7007989e-10
4.0771599e-10
4.640978e-11
-2.7050407e-10
-1.6941353e-10
2.3018767e-11
5.3382951e-10
3.8845187e-10
5.6560265e-11
1.8085308e-11
7.0856033e-11
-7.5842072e-12
-2.0697908e-11
4.0674435e-10
3.0214744e-10
-1.5049119e-10
-1.5302796e-10
-3.8633876e-11
5.6921597e-11
2.2026039e-10
2.7985834e-10
3.3765469e-10
3.1163573e-10
1.7792282e-10
1.1630366e-10
9.0541534e-11
3.5976152e-11
1.3709278e-11
3.7286407e-11
6.1120375e-11
5.2972232e-11
1.7904324e-11
-8.8479374e-12
-9.1792232e-12
1.6607098e-11
4.2631648e-11
1.0426198e-11
-6.4690073e-11
-9.3441217e-11
-8.1808989e-11
-1.1309503e-10
-1.757704e-10
-1.93041e-10
-1.649273e-10
-1.387548e-10
-1.1218957e-10
-7.7970353e-11
-9.120318e-11
-1.9134781e-10
-2.9923904e-10
-2.8894175e-10
-1.4813409e-10
3.6695024e-12
5.2812641e-11
9.6403245e-12
-3.6231596e-11
-4.1595218e-11
-3.6796631e-11
-4.57663e-11
-5.3529128e-11
-2.7616957e-11
1.4100797e-11
3.1186119e-11
1.5170605e-11
1.0431098e-11
4.5701453e-11
8.7534341e-11
6.8465718e-11
-2.1717457e-11
-9.914816e-11
-6.8047394e-11
7.3428642e-11
2.1309914e-10
2.2923613e-10
1.1003422e-10
-4.3677908e-11
-1.2114075e-10
-1.0035446e-10
-4.7608117e-11
-3.015841e-11
-4.8179961e-11
-5.1443612e-11
-6.6576616e-12
6.4137371e-11
1.0850603e-10
9.9759288e-11
6.231588e-11
4.30875e-11
6.2156951e-11
9.3477862e-11
9.0794236e-11
3.3017968e-11
-5.4297989e-11
-1.2046501e-10
-1.3255462e-10
-1.0072112e-10
-6.2648711e-11
-4.5379194e-11
-4.3194562e-11
-3.2863553e-11
-7.2490204e-12
1.2111456e-11
-4.3271158e-13
-3.9102438e-11
-6.3591819e-11
-3.6597706e-11
3.4682504e-11
9.9412361e-11
1.0966202e-10
6.620303e-11
1.6680945e-11
8.6583606e-12
4.6581847e-11
9.3824776e-11
1.1140844e-10
9.0817039e-11
5.3471601e-11
2.67296e-11
2.3536351e-11
3.7473654e-11
4.9758174e-11
4.4445166e-11
2.5688066e-11
1.9606784e-11
4.6131301e-11
8.3527532e-11
7.7494441e-11
2.6884487e-12
-9.0549576e-11
-1.1784193e-10
-5.9052271e-11
1.0541833e-11
1.129721e-11
-3.5060062e-11
-3.2553986e-11
5.3396319e-11
1.365431e-10
1.1937318e-10
2.5630575e-11
-3.3919207e-11
-1.4257834e-11
1.3540645e-11
-1.9196619e-11
-7.9984454e-11
-9.837044e-11
-7.5046e-11
-6.5889204e-11
-8.7134526e-11
-9.5950585e-11
-5.1968696e-11
4.4368454e-11
1.5438527e-10
2.1134363e-10
1.6878117e-10
6.9342039e-11
6.4093727e-12
-7.8688806e-12
-4.2663781e-11
-9.0559855e-11
-5.4963393e-11
5.4900742e-11
1.0021996e-10
5.0682427e-11
3.8504841e-11
1.103926e-10
1.5367638e-10
1.1210299e-10
6.0101174e-11
5.8469027e-11
8.002844e-11
3.6093467e-11
-1.1661775e-10
-2.2459625e-10
-1.0884394e-10
7.8031216e-11
7.8474755e-11
1.8165132e-11
1.4851133e-10
3.206665e-10
2.2516113e-10
-4.1611309e-11
-1.0992747e-10
1.6443811e-11
-1.1592612e-11
-2.105312e-10
-2.2355059e-10
4.8966043e-11
1.8051852e-10
-2.7737558e-11
-7.4403792e-11
1.9835796e-11
3.174205e-11
-7.3726274e-11
1.8931921e-11
9.1312155e-11
-4.6803526e-11
-6.0045751e-11
6.0850321e-12
2.6094956e-11
-2.0575758e-10
5.1385941e-11
-2.5413458e-10
-1.4696535e-10
7.6427114e-12
-8.4089069e-11
4.6638256e-11
-1.8019109e-10
2.7000068e-11
-2.5084214e-12
3.8533563e-11
6.5125978e-11
-4.0588584e-11
4.3815214e-11
1.10739e-10
-1.3384284e-10
4.5350418e-12
-1.0600387e-11
-2.6458354e-10
1.2014027e-10
-2.8055068e-10
4.101497e-11
-7.0075795e-11
2.3376124e-12
3.6089311e-10
-4.8885366e-10
6.2319891e-11
-8.4263855e-12
-2.7979787e-10
2.4565403e-10
-3.010439e-10
-1.3665913e-10
3.3296646e-10
6.8460031e-10
-4.0509558e-10
2.9450566e-10
-2.3414836e-10
2.503032e-10
-4.4221075e-11
-7.3552899e-11
-9.6761519e-11
-1.0399397e-10
9.8317443e-11
3.3160966e-10
1.3488171e-10
2.3057864e-11
5.1496609e-10
3.260364e-10
2.7515797e-10
-3.3719147e-11
-1.1144603e-10
3.0909522e-10
9.0163709e-12
-1.7953085e-10
1.7841415e-10
1.3995895e-10
-4.5656024e-11
2.9834335e-12
1.3400325e-13
-8.8069917e-12
1.3199321e-10
3.1102528e-10
3.1876025e-10
1.5819085e-10
5.2856841e-11
2.2512547e-11
-1.0348029e-11
1.0035355e-11
8.9417397e-11
1.6793586e-10
2.1153531e-10
1.9234679e-10
1.3081696e-10
8.8769715e-11
8.2110497e-11
8.3087604e-11
6.677643e-11
2.9590525e-11
8.414288e-12
3.5354527e-11
6.8723199e-11
5.0943572e-11
-9.4481604e-12
-7.3949326e-11
-1.1954486e-10
-1.2322252e-10
-8.3939081e-11
-6.9407173e-11
-1.4798101e-10
-2.6653759e-10
-2.9105786e-10
-1.7291283e-10
-8.0871896e-12
6.9227571e-11
2.7073545e-11
-5.8090761e-11
-1.1040129e-10
-1.2136089e-10
-1.1632553e-10
-1.0524833e-10
-7.1238046e-11
-2.8189147e-11
-1.4523708e-11
-5.3097223e-11
-1.0751987e-10
-1.2160906e-10
-8.4325451e-11
-4.6512856e-11
-6.0998992e-11
-1.0605707e-10
-1.0451922e-10
-1.0540543e-11
1.2560035e-10
1.9403113e-10
1.3441946e-10
-7.7493611e-12
-1.2900681e-10
-1.6110161e-10
-1.1933447e-10
-6.5639785e-11
-3.9176905e-11
-3.1399978e-11
-1.6020863e-11
1.1429972e-11
2.8631129e-11
1.5880535e-11
-1.6259294e-11
-3.3511779e-11
-1.1687189e-11
3.7231604e-11
7.1313663e-11
5.4015911e-11
-1.2960482e-11
-8.7959591e-11
-1.2241356e-10
-9.9484419e-11
-4.3692407e-11
5.3139903e-12
2.7875491e-11
3.2730277e-11
3.3877922e-11
2.5544176e-11
-1.0911307e-11
-7.4693347e-11
-1.2767731e-10
-1.2084123e-10
-4.4564077e-11
5.1087592e-11
9.6350262e-11
6.6680815e-11
6.5998188e-12
-1.5502885e-11
2.42368e-11
8.5209672e-11
1.0927125e-10
8.1304765e-11
3.7483507e-11
1.9054455e-11
2.8696685e-11
3.7101761e-11
2.4370841e-11
2.8468922e-12
1.1814023e-12
3.2525017e-11
8.1627387e-11
1.1479378e-10
1.0097812e-10
3.4953248e-11
-4.9148457e-11
-9.4766114e-11
-7.271234e-11
-1.58832e-11
1.4136844e-11
3.1516369e-12
4.4111304e-12
6.1814312e-11
1.3387412e-10
1.3752351e-10
6.3343241e-11
-5.7617037e-12
-1.2912424e-11
-7.9545094e-12
-5.8274233e-11
-1.2744994e-10
-1.2589352e-10
-6.1690431e-11
-3.9148298e-11
-9.3568779e-11
-1.2934042e-10
-6.6667982e-11
4.2266268e-11
1.049574e-10
1.1568817e-10
1.1946262e-10
1.1547283e-10
7.1557568e-11
-7.4936267e-12
-7.6790231e-11
-8.4926105e-11
-1.2661438e-11
7.3014435e-11
6.4292166e-11
-1.0339956e-11
1.4649454e-11
1.5175736e-10
1.9149974e-10
7.3371161e-11
2.016833e-11
1.2910051e-10
1.8530245e-10
4.0298445e-11
-1.4854836e-10
-1.6283465e-10
-2.3344853e-11
2.7093714e-11
-8.9939341e-11
-8.4202322e-11
1.5906156e-10
2.7016515e-10
1.0285434e-10
-1.7933203e-11
6.4423546e-11
1.39149e-10
-8.1998463e-11
-3.2795149e-10
-3.3359753e-11
2.2545875e-10
-5.4227041e-11
-1.0847129e-10
6.3547586e-11
1.3394945e-10
-1.0412093e-10
-2.891093e-11
9.2388939e-11
-6.3687624e-11
-8.9188433e-11
4.1663808e-11
2.3437098e-11
-1.8691661e-10
3.4577466e-11
-1.9711536e-10
-1.7645107e-10
-6.9003717e-11
-1.0529677e-10
-8.9640986e-12
-1.7880347e-10
5.3541489e-11
-4.5441371e-11
5.3572357e-12
4.7116395e-11
3.0475753e-11
3.3246152e-11
-1.6579414e-11
-6.2985996e-11
-1.335955e-11
-2.9171952e-11
1.1434403e-10
-1.6455378e-10
1.1673991e-10
-2.2031147e-10
3.9209542e-11
-1.426721e-11
-6.7816922e-11
7.2659543e-12
1.5271905e-10
-1.2337373e-10
5.0700459e-10
-1.8283535e-10
-5.4103444e-10
5.7831619e-10
6.6715012e-10
8.6205042e-11
-4.3876762e-10
1.2997572e-10
1.7618823e-10
1.953172e-10
1.1140138e-10
2.4255148e-10
8.294504e-10
6.7454263e-10
2.2661068e-10
-3.0639101e-10
-1.6802892e-10
1.0685457e-10
4.3551059e-13
2.8737371e-10
1.7158931e-10
-3.561881e-11
6.4391822e-11
9.9013518e-13
6.2330126e-12
1.4147766e-10
1.3926475e-10
-1.434477e-10
-2.1235794e-10
-9.0789069e-11
-1.0482033e-11
7.4152192e-11
-1.559649e-12
-2.1532463e-10
-2.6599275e-10
-2.1629987e-10
-2.5398829e-10
-2.4478673e-10
-1.651888e-10
-1.4648417e-10
-1.4642089e-10
-8.8963276e-11
-5.9854789e-12
6.8937232e-11
1.1632972e-10
1.2083186e-10
9.0202805e-11
5.7390619e-11
5.3430077e-11
5.6627544e-11
2.9354159e-11
-1.1762508e-12
2.3943777e-11
1.0677082e-10
1.8667212e-10
2.0369984e-10
1.4088675e-10
3.9630533e-11
-1.8605049e-11
9.4946897e-12
6.5359623e-11
5.4282951e-11
-1.941698e-11
-4.7718653e-11
4.2371085e-11
1.9328133e-10
2.7914693e-10
2.4814193e-10
1.589851e-10
9.2839655e-11
8.143033e-11
9.9385988e-11
1.2343939e-10
1.5276368e-10
1.8225008e-10
1.8771623e-10
1.4263547e-10
6.1835411e-11
4.3964003e-13
-1.2338303e-12
4.2345032e-11
7.2390374e-11
5.908741e-11
3.373823e-11
4.9088115e-11
1.1434369e-10
1.7302974e-10
1.6184145e-10
7.6014743e-11
-2.9962525e-11
-9.2908314e-11
-9.2294278e-11
-5.378812e-11
-1.2768696e-11
1.3766188e-11
2.4991609e-11
2.085068e-11
-3.1322825e-12
-4.6544237e-11
-9.3753483e-11
-1.1912189e-10
-1.0555594e-10
-6.087745e-11
-1.6103619e-11
-4.7054325e-12
-3.7375778e-11
-9.1279592e-11
-1.2575272e-10
-1.1311222e-10
-5.9507046e-11
2.5727398e-12
4.3450134e-11
5.7085184e-11
5.3712861e-11
3.6606474e-11
-5.4936937e-12
-7.70604e-11
-1.505098e-10
-1.7486353e-10
-1.2146564e-10
-2.19531e-11
4.9729277e-11
4.3473209e-11
-1.6589527e-11
-5.4957968e-11
-2.2476489e-11
5.2813665e-11
9.7816522e-11
7.4994432e-11
2.0374289e-11
-3.6913803e-12
1.7235861e-11
3.7498885e-11
1.4016603e-11
-3.5820196e-11
-5.257651e-11
-5.2044727e-12
7.3416103e-11
1.2287742e-10
1.1399596e-10
6.4045214e-11
7.4700415e-12
-3.1347735e-11
-4.14505e-11
-2.3659124e-11
7.2255656e-12
3.2244167e-11
5.003838e-11
7.5733861e-11
1.0916793e-10
1.2040286e-10
8.8440451e-11
3.6955612e-11
4.016713e-13
-3.239982e-11
-9.234972e-11
-1.5211448e-10
-1.4282727e-10
-7.0093972e-11
-3.4995641e-11
-8.5538595e-11
-1.260977e-10
-6.1214731e-11
4.2860657e-11
6.1430599e-11
2.035002e-11
4.5966888e-11
1.2996704e-10
1.2350257e-10
-1.1160856e-11
-1.1725249e-10
-7.004793e-11
5.4067586e-11
1.0259548e-10
4.4608107e-11
-6.4356013e-12
5.9839376e-11
1.8151391e-10
1.7492891e-10
4.1948983e-11
3.1535857e-11
2.0077823e-10
2.4925024e-10
6.124706e-11
-6.340123e-11
1.1120141e-11
3.1868615e-11
-1.0659534e-10
-1.8015263e-10
-4.462058e-11
1.398275e-10
1.0967392e-10
-4.1246015e-11
7.8267376e-11
2.6215587e-10
1.8343117e-11
-2.0375894e-10
-1.222131e-11
7.7200289e-11
-3.8321765e-11
-7.7024193e-11
4.6417036e-11
1.2974405e-10
-2.0071181e-11
9.939213e-12
6.4311468e-11
-4.0183197e-11
-9.5562565e-11
1.9132746e-11
1.8282518e-11
-1.6658399e-10
9.8681022e-12
-7.526189e-11
-1.7594173e-10
-1.2400892e-10
-1.9063276e-10
-6.8974068e-11
-1.7612567e-10
-3.9494114e-11
-1.1387621e-10
-3.9482134e-12
-2.5321935e-11
-7.4918595e-12
8.2338006e-11
-1.4960879e-11
-8.5164791e-11
5.9517265e-11
-2.2900533e-11
7.5781691e-11
1.034766e-10
-2.0928239e-10
-5.4495827e-12
-9.5417254e-11
-1.3975231e-10
1.0686905e-10
-6.985168e-11
1.2125742e-11
2.9555163e-12
-3.6557578e-10
2.0274123e-10
2.4226533e-10
9.393326e-11
3.1355227e-10
-7.5940484e-10
-1.5275022e-10
3.8937253e-11
-4.801039e-11
-9.6083128e-11
4.6713164e-11
5.1903929e-10
8.5791864e-11
-3.3967221e-10
-4.7655467e-10
6.7861484e-11
4.2811808e-10
1.406085e-10
-1.9318803e-10
-1.7136597e-10
1.5489288e-10
-8.5213044e-12
5.4853862e-11
-6.1254378e-11
4.9017275e-11
3.7950305e-10
2.2722858e-11
1.1708535e-11
1.9951969e-10
8.3420751e-11
-2.1217183e-12
7.4193138e-11
7.9700299e-11
1.1345609e-10
1.5515344e-10
1.2485009e-10
5.9977625e-11
-2.937277e-11
-7.3701792e-12
1.1177361e-10
1.7622545e-10
1.9386549e-10
2.1507151e-10
2.142526e-10
1.956187e-10
1.9123754e-10
2.0632966e-10
2.1340019e-10
1.7432149e-10
1.1931129e-10
1.137334e-10
1.2250503e-10
7.2979664e-11
1.4740358e-12
-6.4023779e-12
5.6581946e-11
1.1952718e-10
1.0783261e-10
1.3408701e-11
-8.4664003e-11
-1.0149304e-10
-6.0988701e-11
-6.4048438e-11
-1.3672799e-10
-1.9426053e-10
-1.594427e-10
-6.1450031e-11
-1.5169588e-12
-3.3371115e-11
-1.1627045e-10
-1.7707351e-10
-1.7879528e-10
-1.4288488e-10
-9.6729506e-11
-5.6021271e-11
-2.4047652e-11
-1.0931153e-11
-3.1444876e-11
-8.4544655e-11
-1.3342549e-10
-1.3697273e-10
-8.3591161e-11
-1.2322949e-11
2.6138429e-11
1.8972802e-11
-6.4732185e-12
-1.4295309e-11
-5.2885921e-13
1.0795812e-11
2.387282e-12
-2.1959318e-11
-4.6420906e-11
-5.8117049e-11
-5.270882e-11
-2.9235453e-11
9.2045231e-12
4.7642869e-11
6.0840972e-11
3.1764486e-11
-3.1909584e-11
-9.8769188e-11
-1.3524495e-10
-1.2811322e-10
-9.088309e-11
-5.1574489e-11
-3.3430163e-11
-4.2432339e-11
-6.5535706e-11
-7.9561736e-11
-6.626737e-11
-2.5387009e-11
2.491028e-11
6.2166337e-11
7.6865293e-11
7.4086485e-11
5.9464198e-11
2.722599e-11
-3.047704e-11
-1.0097668e-10
-1.4491928e-10
-1.257994e-10
-5.1593594e-11
1.9444882e-11
2.7183376e-11
-2.9451359e-11
-8.5538164e-11
-7.4151381e-11
2.2465535e-12
7.2236352e-11
7.2950665e-11
1.8869344e-11
-1.889671e-11
-1.8701463e-13
3.575722e-11
2.2447798e-11
-4.4676054e-11
-9.5384852e-11
-6.7050857e-11
2.0393421e-11
8.9875019e-11
9.6541171e-11
6.6755105e-11
4.6501987e-11
4.097547e-11
2.6707452e-11
5.0559914e-12
8.6873682e-12
5.0144826e-11
9.4931477e-11
1.0426697e-10
8.5496769e-11
7.5002784e-11
8.2080507e-11
7.5752553e-11
2.7609112e-11
-5.4198276e-11
-1.3319888e-10
-1.6972412e-10
-1.4575089e-10
-8.9804085e-11
-6.3264468e-11
-8.4343281e-11
-8.6693968e-11
-1.4580767e-11
6.4137624e-11
4.1320091e-11
-4.0741258e-11
-2.5439386e-11
9.4808802e-11
1.2722854e-10
-1.367668e-11
-1.3410772e-10
-5.5544876e-11
9.44772e-11
9.6470216e-11
-7.5392472e-12
-1.459696e-11
9.7739792e-11
1.6507378e-10
1.0917287e-10
3.9468342e-11
8.3401795e-11
1.8567597e-10
1.6103398e-10
1.7228149e-11
6.504818e-12
1.4782893e-10
1.1418133e-10
-1.1981544e-10
-1.6613185e-10
1.0232944e-11
4.8785728e-11
-4.9555985e-11
-3.2998349e-12
1.2937315e-10
1.0894313e-10
-3.0272123e-11
-3.6789853e-11
9.0449341e-11
-1.7959393e-11
-1.8621917e-10
8.4575143e-11
2.3550583e-10
1.6670624e-11
-7.3020783e-11
1.0522829e-10
5.128298e-11
-1.1259339e-10
3.5809251e-11
6.7114291e-11
-1.5172719e-10
-5.7621408e-11
-3.1257128e-11
-1.2479206e-10
-3.6377365e-11
-2.3022447e-10
-1.2181182e-10
-1.6624035e-10
-7.8631529e-11
-1.7402331e-10
-1.0090539e-10
-9.6477416e-11
-6.9621519e-11
3.7034494e-11
-2.399341e-11
-8.4867538e-11
-2.4517076e-11
6.0571145e-12
8.1416281e-11
-8.7565174e-11
-2.7482048e-11
-1.8146272e-10
-3.6244316e-11
6.0098976e-11
-1.3297774e-10
1.3755175e-10
-2.4473564e-10
-1.6242735e-11
-1.0903138e-10
2.2759709e-10
-5.70906e-10
1.9037955e-10
-1.2051825e-10
-6.2763765e-10
-1.7570904e-10
-6.731549e-10
2.0551959e-10
1.7659768e-10
6.8068212e-10
-2.1505569e-10
-9.388622e-10
-5.2674168e-10
2.6854625e-11
-2.9624584e-10
-4.5650443e-11
-2.521383e-10
-1.5465465e-10
4.6576183e-10
3.7307066e-10
1.4951414e-10
-3.4360297e-10
-2.9880866e-11
1.8336206e-10
2.6354439e-11
1.1262462e-10
1.9262445e-10
-6.4857577e-11
-3.259164e-10
-3.7632582e-11
2.6755146e-10
2.920936e-10
2.4632963e-10
1.2506599e-10
-3.2291063e-11
4.7831719e-13
1.3414285e-10
7.8698997e-11
4.1496343e-11
1.5528e-10
1.8247522e-10
1.0239152e-10
6.4548625e-11
5.3541746e-11
1.8391947e-11
-4.9208974e-12
1.9374638e-11
6.6929045e-11
7.2573932e-11
2.0584389e-11
-1.1373527e-11
2.1764363e-11
4.2121691e-11
-1.4406281e-11
-8.0130226e-11
-5.8486839e-11
3.7794503e-11
1.0519721e-10
7.8041078e-11
8.0662518e-12
-4.1973729e-12
4.9763133e-11
7.4972965e-11
1.8250964e-11
-5.5832596e-11
-6.0772109e-11
-4.0408031e-12
3.131477e-11
2.5546699e-12
-5.547665e-11
-8.8163412e-11
-7.3870783e-11
-3.1470002e-11
1.583972e-11
5.2163039e-11
7.4074139e-11
7.4527563e-11
5.2392543e-11
1.1742908e-11
-2.4424129e-11
-3.0135962e-11
9.3415508e-12
7.7319472e-11
1.3175097e-10
1.4084615e-10
9.9265297e-11
3.0668892e-11
-3.1110682e-11
-6.0786762e-11
-4.6823148e-11
-6.4064491e-13
4.3361395e-11
5.055942e-11
1.653114e-11
-2.4435063e-11
-2.8923244e-11
1.1277764e-11
5.6485455e-11
5.5714227e-11
-5.6082602e-12
-9.1914049e-11
-1.5067414e-10
-1.5686902e-10
-1.278804e-10
-9.9771406e-11
-9.3678389e-11
-1.033442e-10
-1.0828198e-10
-9.4213239e-11
-6.1633261e-11
-2.2204127e-11
1.0598046e-11
2.8367381e-11
3.1630741e-11
2.7155509e-11
2.070074e-11
9.1668298e-12
-1.5781306e-11
-5.3496075e-11
-8.3812879e-11
-7.9229471e-11
-3.4658351e-11
1.5601357e-11
2.1206098e-11
-3.3466243e-11
-1.0401913e-10
-1.2207539e-10
-6.4557585e-11
1.8059606e-11
5.1952732e-11
1.9706957e-11
-2.3197113e-11
-1.8126917e-11
2.2621867e-11
3.081333e-11
-2.8005927e-11
-1.0307873e-10
-1.1501722e-10
-5.161297e-11
2.0529386e-11
4.2820077e-11
3.2963486e-11
4.4964212e-11
8.2894834e-11
9.5324458e-11
6.002291e-11
2.9826854e-11
6.1831233e-11
1.2719799e-10
1.4075875e-10
8.0666932e-11
2.5344561e-11
4.3454742e-11
8.9449015e-11
6.1159381e-11
-5.6599019e-11
-1.6544531e-10
-1.7947934e-10
-1.2614633e-10
-9.3105116e-11
-1.1002054e-10
-1.2140103e-10
-6.8222892e-11
2.9447222e-11
8.2418587e-11
3.6492396e-11
-4.0610325e-11
-2.7757329e-11
6.9267479e-11
9.3437448e-11
-2.786344e-11
-1.3135365e-10
-5.4641235e-11
8.4530662e-11
7.6088988e-11
-1.4023402e-11
2.9697311e-11
1.5788185e-10
1.4253187e-10
1.6365229e-11
1.4989758e-11
1.3533148e-10
1.6158999e-10
7.1794457e-11
5.0881272e-11
1.4282806e-10
1.704104e-10
3.0634164e-11
-9.7220319e-11
-3.2359646e-11
3.8370589e-11
-7.6285691e-11
-1.0127644e-10
1.0415274e-10
1.303446e-10
-8.1970974e-11
-6.1173073e-11
1.3480082e-10
3.0579797e-11
-1.9512681e-10
-5.2804714e-11
2.0951758e-10
1.62521e-10
-2.8441861e-11
5.495532e-12
8.8471275e-11
3.0951028e-11
7.1768581e-11
9.3163767e-12
-1.2884598e-10
-4.8246246e-11
2.5368134e-11
-1.0281479e-10
-1.9100855e-11
-1.9495513e-10
-1.0686132e-10
-1.9418433e-10
-9.3509537e-11
-1.2370216e-10
-9.5546435e-11
-1.2632388e-10
-1.2441994e-10
2.6727152e-11
-3.0161854e-11
-5.5589525e-11
-1.0215463e-10
-9.9988277e-11
4.7758566e-11
-1.0562453e-10
-2.9354343e-11
5.7136176e-11
-5.9831884e-11
-1.0483776e-10
1.0878301e-10
-2.9372232e-10
2.229493e-10
-2.9026913e-10
1.3302725e-10
6.352061e-11
1.8649214e-11
2.6785762e-11
-2.2311543e-11
-4.8324972e-10
6.4638845e-10
4.4660634e-10
7.3766422e-10
-8.7979887e-11
-6.5884354e-10
-2.5839923e-10
1.5866823e-11
3.6903055e-10
1.7926984e-10
9.0753707e-11
1.4662469e-10
2.5082712e-10
2.454949e-10
3.28281e-10
-1.4305965e-10
-4.5723029e-11
6.9813651e-10
-8.0856078e-11
-1.5817038e-10
-1.2011531e-10
-1.325818e-10
-5.2534861e-11
7.477283e-11
2.6527644e-10
2.0081877e-12
-3.1531898e-10
-6.1975577e-11
1.5743615e-10
1.2221469e-10
2.3967228e-10
2.8108859e-10
1.5134738e-10
1.5717466e-10
1.649729e-10
1.2959604e-10
2.0621054e-10
2.835844e-10
2.4402738e-10
1.7208996e-10
1.2614173e-10
7.6999762e-11
3.7930367e-11
6.3759495e-11
1.4291448e-10
1.8353049e-10
1.4993476e-10
1.2173079e-10
1.5824948e-10
1.9761758e-10
1.4959882e-10
3.4019147e-11
-3.11753e-11
1.9674284e-11
1.1284191e-10
1.3085651e-10
7.0252139e-11
3.4600759e-11
6.5934722e-11
8.1533072e-11
1.2838025e-11
-9.1001007e-11
-1.3678057e-10
-1.1436574e-10
-9.9434488e-11
-1.3173206e-10
-1.7274271e-10
-1.7349487e-10
-1.3317775e-10
-8.5324921e-11
-4.6092758e-11
-1.3536132e-11
1.3528281e-11
1.810719e-11
-3.6494368e-12
-3.9875859e-11
-6.5187117e-11
-6.3005435e-11
-3.1983799e-11
1.812586e-11
6.5361601e-11
8.9172601e-11
7.1300551e-11
5.8164626e-12
-8.7786214e-11
-1.652722e-10
-1.7437825e-10
-9.7086005e-11
1.9682863e-11
9.1876245e-11
6.7635531e-11
-2.4169122e-11
-9.7031183e-11
-8.7482961e-11
-1.3719892e-11
4.67283e-11
3.4096197e-11
-3.9632699e-11
-1.10601e-10
-1.2835569e-10
-9.9804349e-11
-7.1521054e-11
-7.7526821e-11
-1.0755476e-10
-1.2342771e-10
-9.9878496e-11
-4.683291e-11
3.3762067e-12
2.481862e-11
1.5153321e-11
-9.3950009e-12
-3.0376811e-11
-3.9086613e-11
-3.7827527e-11
-3.3891441e-11
-3.0739371e-11
-2.3549665e-11
-3.3519546e-12
2.9989739e-11
5.7156535e-11
4.8159917e-11
-9.7168794e-12
-8.8881419e-11
-1.344819e-10
-1.1144673e-10
-4.165698e-11
1.380281e-11
1.5960684e-11
-1.2917337e-11
-2.0541988e-11
8.0156655e-12
2.907612e-11
-3.3248455e-12
-7.3581091e-11
-1.1718724e-10
-9.8681366e-11
-5.1911653e-11
-2.8315131e-11
-2.4287694e-11
7.5686801e-12
7.7018254e-11
1.2634467e-10
1.078348e-10
6.2277871e-11
7.1984614e-11
1.3872314e-10
1.6579232e-10
9.2218872e-11
-5.2137927e-12
-8.3796553e-12
6.6293141e-11
7.5150077e-11
-4.8825671e-11
-1.8657652e-10
-1.9327148e-10
-1.0166014e-10
-6.4393209e-11
-1.2213433e-10
-1.5070961e-10
-6.0897685e-11
6.1495656e-11
8.1216109e-11
3.2826012e-12
-4.7629e-11
-3.9938849e-12
6.4609524e-11
5.6424402e-11
-2.3094252e-11
-6.5460904e-11
-1.2765205e-11
4.5886626e-11
1.5265172e-11
-2.119329e-11
6.8616912e-11
1.897618e-10
1.4908813e-10
3.0730912e-11
6.612006e-11
1.7284841e-10
1.0648307e-10
-2.2286158e-11
4.8171894e-11
1.8580429e-10
1.273494e-10
3.9852479e-12
4.7105329e-11
1.2928404e-10
3.8323611e-11
-1.2124407e-10
-9.1422423e-11
8.8725266e-11
8.5195914e-11
-7.0088797e-11
-2.060158e-11
3.1240041e-11
-1.3189762e-10
-7.3662809e-11
1.4742137e-10
9.0425905e-11
-5.0600408e-11
4.0155232e-11
2.015795e-10
7.1223816e-12
3.7240114e-11
7.2742421e-11
-4.6319047e-11
-4.5981183e-11
5.9416861e-11
-1.2050701e-10
-3.6239905e-11
-7.5346112e-11
-4.998297e-11
-1.9039799e-10
-1.5649886e-10
-1.3676945e-10
-9.4975858e-11
-1.5702779e-10
-1.7564172e-10
6.0797246e-12
-8.2589135e-11
-1.0123924e-11
-5.3744297e-11
-8.5390256e-11
-8.3453957e-11
-1.6924375e-10
-2.3581954e-11
-1.1765293e-10
-3.3393405e-11
-6.3974105e-11
-1.3094093e-10
9.4610516e-11
-1.8385738e-10
1.744589e-10
-2.9689504e-10
1.575311e-10
-2.3324719e-11
-8.722814e-13
-1.3529846e-10
2.1676516e-10
2.1622915e-10
1.1824857e-11
-3.7534499e-10
-2.2078247e-10
-1.3444994e-10
4.4342144e-10
-9.8185304e-12
2.9750492e-10
1.8077121e-10
4.1169779e-10
1.402614e-10
8.0994734e-11
2.3938054e-10
-6.6361485e-10
-1.7735145e-10
5.5397133e-10
1.593336e-11
-1.0974309e-11
2.3159299e-11
1.3148884e-10
1.5850631e-10
8.7305449e-11
-1.0594144e-10
-7.0088822e-12
1.0077929e-10
-8.1153398e-12
-5.6941149e-11
6.2267313e-11
1.2612219e-10
-9.2855883e-11
-2.4109047e-10
-1.7014412e-10
-1.7474397e-11
1.0021769e-10
7.6318579e-11
2.3370541e-11
3.3370534e-11
3.3191863e-11
7.9992501e-12
1.8272833e-11
6.5073472e-11
8.8540792e-11
6.301131e-11
4.672247e-11
9.7438981e-11
1.5403861e-10
1.2424522e-10
6.7666993e-11
1.0877994e-10
2.203209e-10
2.6493561e-10
1.9679495e-10
1.1127482e-10
1.1278328e-10
1.830987e-10
2.1511711e-10
1.7144926e-10
1.411594e-10
1.911952e-10
2.4638314e-10
2.0544211e-10
9.7104209e-11
3.3771961e-11
4.9745917e-11
6.8695168e-11
3.9910695e-11
2.8201462e-12
1.5491103e-11
7.0960773e-11
1.1133865e-10
1.1805909e-10
1.1669567e-10
1.3158201e-10
1.4136676e-10
1.2027194e-10
7.2331049e-11
3.201509e-11
2.4157867e-11
3.9936286e-11
5.8771831e-11
6.7495184e-11
7.1558088e-11
7.2577599e-11
5.0427159e-11
-1.4472817e-11
-1.0716382e-10
-1.6597024e-10
-1.2781195e-10
-6.6864953e-13
1.2239069e-10
1.3744523e-10
2.6265803e-11
-1.2144153e-10
-1.8867019e-10
-1.3785004e-10
-3.7981708e-11
1.0517133e-11
-2.7768222e-11
-1.0089494e-10
-1.3362781e-10
-1.0520614e-10
-6.2049658e-11
-6.0718604e-11
-1.0669329e-10
-1.5158997e-10
-1.4494355e-10
-8.3996106e-11
-1.334544e-11
1.8062777e-11
-3.048398e-12
-5.1899673e-11
-9.4145103e-11
-1.1218877e-10
-1.084145e-10
-9.0565675e-11
-6.0194859e-11
-1.5527289e-11
3.9042887e-11
8.7774951e-11
1.0893405e-10
8.7016541e-11
2.4411576e-11
-5.4285786e-11
-1.116572e-10
-1.1977333e-10
-8.1762583e-11
-3.0553924e-11
-1.3133444e-12
-6.3876115e-13
-5.9922893e-12
2.325953e-12
1.437047e-11
3.4964938e-12
-3.638153e-11
-7.8761794e-11
-9.6104526e-11
-9.2223406e-11
-8.8088781e-11
-8.0643605e-11
-4.0547523e-11
3.8120453e-11
1.0759908e-10
1.1619271e-10
8.216423e-11
7.8878904e-11
1.3063861e-10
1.6251112e-10
9.8637513e-11
-1.3571306e-11
-4.7833077e-11
2.0439312e-11
5.8593778e-11
-3.9683854e-11
-1.8390268e-10
-2.0261948e-10
-9.6971343e-11
-4.1709173e-11
-1.1208903e-10
-1.6257605e-10
-6.2008023e-11
8.4745173e-11
9.4616179e-11
-8.0752088e-12
-4.3294941e-11
3.1168129e-11
7.3255048e-11
1.1222704e-11
-4.7382573e-11
-1.7330796e-11
2.3798632e-11
-1.3255101e-11
-6.6536877e-11
-2.0514941e-11
1.047921e-10
1.6786663e-10
1.083528e-10
4.3578227e-11
7.754657e-11
1.0508773e-10
1.3963824e-11
-3.4345404e-11
1.1119091e-10
2.1442081e-10
7.6415895e-11
-8.6365258e-12
1.4481858e-10
1.6344396e-10
-7.0473654e-11
-9.2431899e-11
1.2898568e-10
1.0868863e-10
-7.2709209e-11
-1.9380675e-11
7.0523516e-11
-6.6590928e-11
-1.7457411e-10
-2.5475868e-11
1.1934527e-10
-1.6263884e-11
-5.3009545e-11
1.5299503e-10
1.1017464e-10
1.0318406e-10
5.5783111e-11
-1.7111239e-11
-2.0341057e-11
6.1696514e-11
-8.3262221e-11
-2.0048709e-11
-1.05588e-11
-2.6977954e-11
-9.2250701e-11
-1.687373e-10
-1.1501071e-10
-8.1159735e-11
-1.5477186e-10
-2.108173e-10
-5.8369799e-11
-1.5310148e-10
-3.1222774e-11
-1.0829694e-10
-9.6114094e-12
-8.793755e-11
-2.4849084e-10
-8.120975e-11
-1.1929812e-10
-7.7330863e-11
-1.1204536e-10
-1.1293883e-10
-9.9117746e-11
1.2572985e-10
-2.1396422e-10
-7.4391544e-11
-8.1181159e-11
1.3617683e-10
-1.400918e-11
1.6308973e-12
1.7142044e-11
-1.0614287e-10
5.4122426e-10
-3.5513841e-10
3.0030968e-10
-4.0841122e-10
-2.0763061e-10
-1.7717278e-11
4.4402259e-10
5.9435098e-10
3.9430924e-11
-3.3001187e-10
-2.7693402e-10
-1.0685527e-10
-3.5376372e-10
3.6628209e-10
2.2456946e-10
-6.9985528e-11
6.906835e-10
3.0791902e-11
-5.3577248e-10
-7.4874321e-12
2.9839362e-10
4.6146349e-10
1.5605261e-10
1.4696028e-10
4.7993049e-10
1.2771302e-10
-2.9367466e-10
-1.9711507e-11
2.9951543e-10
2.1586436e-10
1.4196156e-10
5.8476603e-11
-9.6138033e-12
1.2301685e-10
1.9334716e-10
1.6455135e-10
1.9554705e-10
1.9990401e-10
1.3679686e-10
9.8140637e-11
1.2518882e-10
1.6591558e-10
1.6602725e-10
1.4745942e-10
1.6623104e-10
2.0552471e-10
1.8326062e-10
9.1077549e-11
3.5940791e-11
8.1624735e-11
1.4844397e-10
1.41071e-10
8.444113e-11
6.8510097e-11
9.9409015e-11
8.1224121e-11
-2.9923672e-11
-1.3070831e-10
-1.1173848e-10
-2.6083641e-11
-1.2348075e-11
-9.6575286e-11
-1.6557011e-10
-1.4404419e-10
-9.9993358e-11
-1.1279347e-10
-1.5469539e-10
-1.4302216e-10
-6.8254481e-11
-6.4031339e-12
-1.4523708e-12
-2.1232596e-11
-9.9237438e-12
2.5597239e-11
3.7712264e-11
4.752579e-12
-3.830504e-11
-4.6503262e-11
-2.3639594e-11
-6.9725314e-12
-2.3546944e-11
-5.337936e-11
-5.4922607e-11
-2.4002404e-11
-3.4854805e-12
-3.4754187e-11
-9.8019433e-11
-1.1522076e-10
-3.3306847e-11
1.0222568e-10
1.745509e-10
1.0565962e-10
-6.0635488e-11
-1.9379596e-10
-1.9752923e-10
-9.5572797e-11
1.9416804e-12
1.1266961e-11
-5.1210883e-11
-1.0159763e-10
-8.3318858e-11
-2.2930792e-11
5.7766076e-12
-3.5906366e-11
-1.1125153e-10
-1.4794664e-10
-1.1098577e-10
-3.4071424e-11
1.6694961e-11
4.1831542e-12
-5.4180356e-11
-1.1309704e-10
-1.4251538e-10
-1.4319014e-10
-1.2754209e-10
-9.6409749e-11
-4.0784903e-11
3.6913077e-11
1.1029194e-10
1.4325811e-10
1.1884886e-10
5.2814361e-11
-1.9566407e-11
-6.8897705e-11
-8.5962383e-11
-7.6703253e-11
-5.1012122e-11
-1.8391093e-11
1.0378291e-11
2.4619467e-11
2.0459352e-11
4.7644916e-12
-1.0987792e-11
-2.1158724e-11
-3.0924143e-11
-5.022313e-11
-8.1493289e-11
-1.1080736e-10
-1.1276779e-10
-7.0673699e-11
1.5111297e-12
6.2085727e-11
7.8939624e-11
6.66513e-11
7.1836845e-11
1.0976432e-10
1.3080915e-10
7.9161059e-11
-1.8799474e-11
-6.8458023e-11
-3.2653538e-11
1.8511824e-12
-5.999918e-11
-1.6955441e-10
-1.8660624e-10
-8.9629033e-11
-2.2730693e-11
-7.6802605e-11
-1.3770821e-10
-6.5222568e-11
6.6947101e-11
7.8862239e-11
-1.9391834e-11
-4.3760688e-11
4.7893508e-11
8.7853409e-11
7.3274552e-12
-3.4272256e-11
4.8909739e-11
9.0158262e-11
-2.5605937e-11
-1.2440882e-10
-3.82733e-11
9.9714047e-11
1.1107235e-10
8.1945112e-11
1.438766e-10
1.8834473e-10
8.5800072e-11
-3.5280559e-11
-2.7577231e-13
1.0272784e-10
7.7686489e-11
-3.1924522e-11
-1.4660068e-11
1.1011434e-10
1.125173e-10
2.6890984e-11
8.5246649e-11
1.6236483e-10
3.253078e-11
-5.9556189e-11
5.7559307e-11
5.6502948e-11
-1.0297118e-10
-8.148099e-11
-2.3482547e-12
-1.1045841e-10
-8.1566659e-11
1.6955498e-10
1.5955808e-10
8.2745669e-13
7.3568267e-11
5.8637639e-11
2.073461e-11
6.7506233e-11
-2.7944312e-11
-7.1689717e-11
1.4341188e-11
-3.6348555e-11
-6.1338908e-13
-8.5997868e-11
-3.9747731e-11
-1.4382726e-10
-1.1073939e-10
-1.1306842e-10
-5.6721532e-11
-2.1456274e-10
-3.7043761e-11
-1.0266522e-10
7.7621176e-11
-3.6730942e-11
-1.4613348e-10
-1.0488453e-10
-1.3449352e-10
-3.4206103e-11
-2.5651645e-10
-2.2089013e-10
-1.5841279e-10
-2.0352765e-10
-4.7301701e-11
-7.5832223e-11
-1.0884344e-10
9.7517545e-11
-1.4548515e-10
1.9004805e-11
1.5828687e-11
8.8226582e-11
1.4467064e-10
1.080635e-10
-4.4581394e-10
-4.2426921e-11
2.5484163e-10
6.7213243e-10
-1.4738497e-11
-1.7090255e-10
-3.3446934e-10
-5.7641409e-10
-1.1907399e-10
-2.462831e-10
2.9925627e-10
1.7677647e-10
4.9007679e-11
3.8763235e-10
-9.9872909e-11
2.6092877e-10
1.9422004e-10
-8.9829179e-11
-1.4901395e-10
1.0624923e-10
3.8180367e-10
-3.7165664e-11
-1.9829505e-10
2.6755272e-10
4.1395445e-10
9.1641014e-12
-1.4219979e-10
3.2419948e-11
8.8107143e-12
-6.5978925e-11
3.565743e-11
1.3249107e-10
7.8511021e-11
-3.309136e-11
-7.3170433e-11
-6.5692307e-11
-5.3350978e-11
-2.3257941e-11
3.064394e-12
2.0248451e-11
4.9602609e-11
5.3300727e-11
2.1450758e-11
3.3644124e-11
1.0170289e-10
1.3082627e-10
8.6935545e-11
4.4185249e-11
6.3689237e-11
1.1821228e-10
1.4174288e-10
1.2865337e-10
1.3951321e-10
1.8898368e-10
1.8717696e-10
6.3067145e-11
-9.2147714e-11
-1.201872e-10
-2.1807402e-11
4.7803104e-11
3.2457404e-12
-6.2740278e-11
-3.7422098e-11
3.8984828e-11
5.5927399e-11
-1.6645136e-12
-3.6621719e-11
8.8583481e-12
7.6467896e-11
8.7992826e-11
5.2178303e-11
3.9768697e-11
7.2313776e-11
9.948916e-11
7.2742312e-11
1.3086081e-11
-1.4122222e-11
1.0656458e-11
4.1282193e-11
1.8950061e-11
-5.4359378e-11
-1.0789862e-10
-8.3289538e-11
-1.5943132e-12
5.5828002e-11
3.5896239e-11
-2.2318174e-11
-3.0078439e-11
4.4166607e-11
1.2858803e-10
1.1796407e-10
-1.1505043e-11
-1.6790081e-10
-2.2962672e-10
-1.6394307e-10
-5.3583465e-11
-7.9703366e-12
-5.5368791e-11
-1.2531867e-10
-1.3172341e-10
-6.4412171e-11
4.7369122e-12
1.1172064e-12
-7.5057651e-11
-1.5171501e-10
-1.596417e-10
-9.8507232e-11
-3.0498824e-11
-1.536119e-11
-5.7536258e-11
-1.1367743e-10
-1.4273619e-10
-1.4044754e-10
-1.2653925e-10
-1.0874263e-10
-7.1199597e-11
-7.4393232e-13
8.2525652e-11
1.3175932e-10
1.1520083e-10
4.8861892e-11
-1.7629404e-11
-4.7600155e-11
-4.5740939e-11
-3.9041034e-11
-3.6788267e-11
-2.16515e-11
1.8059377e-11
5.9211807e-11
6.2038006e-11
1.8890373e-11
-2.9729747e-11
-3.8101392e-11
-1.0142247e-11
3.7869629e-12
-3.1647054e-11
-9.0118004e-11
-1.1130568e-10
-6.9897832e-11
-3.9781719e-12
3.0933648e-11
2.4521429e-11
1.6653756e-11
4.1404456e-11
8.140014e-11
8.6182057e-11
3.4303593e-11
-3.6700569e-11
-7.1859983e-11
-6.6214999e-11
-7.2435122e-11
-1.2681693e-10
-1.8571222e-10
-1.7188521e-10
-8.6042706e-11
-2.1205802e-11
-3.5457319e-11
-6.3554321e-11
-1.9578424e-11
5.5311779e-11
5.166971e-11
-1.9816151e-11
-3.2893977e-11
3.7929263e-11
6.4864258e-11
-1.4091496e-14
-2.1125618e-11
6.6818135e-11
1.0226093e-10
-1.5996201e-11
-1.0213243e-10
1.4595085e-12
1.2196714e-10
8.4124421e-11
5.3598428e-11
1.7579783e-10
2.2827741e-10
6.0919041e-11
-5.4333019e-11
4.9997782e-11
1.0103476e-10
-3.0091855e-11
-5.9150141e-11
9.1072363e-11
1.2636821e-10
5.3434728e-12
-4.4904951e-12
9.3176927e-11
6.9420247e-11
1.111242e-11
1.4141125e-10
2.1305971e-10
-3.2670384e-11
-1.3966439e-10
5.5450715e-11
-5.4949111e-11
-2.3473688e-10
5.7115788e-11
1.7486172e-10
-1.6110202e-11
1.7797209e-11
4.0403805e-11
1.3592974e-10
7.9105869e-11
-1.8404192e-11
-1.1213175e-10
7.2292914e-11
-5.4892963e-11
3.8369329e-11
-5.2756969e-11
1.7111158e-11
-1.3075134e-10
-7.4341719e-11
-1.1996833e-10
-2.4799418e-11
-1.9462806e-10
-8.5893089e-11
-1.6288352e-10
1.1996774e-10
2.2834492e-11
5.9651988e-12
-8.1122515e-11
-1.5655133e-10
-9.9198789e-11
-3.1909671e-10
-2.7445064e-10
-2.2571452e-10
-1.176687e-10
-1.1534105e-10
-9.1681417e-11
-1.5474903e-10
-2.6452337e-10
1.7848299e-10
-2.783972e-10
2.2154372e-10
-6.5671925e-11
1.6804082e-10
4.081986e-12
5.3672066e-11
1.2489952e-10
-2.1640037e-10
2.4777947e-10
2.5229836e-11
-5.5161511e-10
6.0158157e-11
-1.7202668e-10
1.6029209e-10
-9.2604627e-11
1.6649533e-10
3.7056694e-10
-1.1712978e-10
2.3006219e-11
1.6797938e-10
1.3870535e-10
3.4249628e-10
-4.67864e-10
-4.0432366e-10
1.1987848e-10
1.5067015e-10
4.0834376e-10
3.2876885e-10
9.3566147e-12
2.1190109e-11
2.5433603e-11
-4.9386831e-11
6.2605694e-11
1.6274486e-10
2.087587e-10
1.6577739e-10
2.1727605e-11
8.2513902e-11
2.1706295e-10
1.1584628e-10
1.1166473e-11
1.9993938e-11
-1.8463137e-11
-4.4207117e-11
6.7094687e-13
2.6129705e-11
2.1108305e-11
3.4067072e-11
5.6912301e-11
9.05983e-11
1.5507992e-10
1.9832575e-10
1.6100166e-10
9.3139709e-11
7.4578397e-11
9.6587734e-11
1.0152841e-10
7.9145675e-11
7.9346912e-11
1.270637e-10
1.4526326e-10
3.7944093e-11
-1.4353924e-10
-2.2806575e-10
-1.5411945e-10
-5.6725603e-11
-7.4314753e-11
-1.541312e-10
-1.4919913e-10
-5.0070779e-11
1.7451714e-11
-2.3719056e-11
-9.8005336e-11
-1.0170531e-10
-3.9042596e-11
3.8170719e-12
-8.2057365e-12
-2.3754316e-11
1.0854032e-12
3.3946648e-11
1.4686007e-11
-5.6715951e-11
-1.053149e-10
-7.7903497e-11
-8.2652795e-12
1.4546274e-11
-5.5788975e-11
-1.5887669e-10
-1.8749905e-10
-1.0017619e-10
3.4155362e-11
1.0419681e-10
7.1167245e-11
3.2382668e-12
-9.9925629e-12
3.9655542e-11
7.3812345e-11
2.1892491e-11
-9.2085581e-11
-1.6914027e-10
-1.4092653e-10
-4.3761558e-11
1.9294718e-11
-1.4516561e-11
-1.0521522e-10
-1.552762e-10
-1.1206638e-10
-2.0468765e-11
2.5932892e-11
-1.962428e-11
-1.1415477e-10
-1.7318701e-10
-1.5459592e-10
-9.2397432e-11
-5.2424193e-11
-6.4571454e-11
-1.0125562e-10
-1.1771416e-10
-1.0162721e-10
-7.7662119e-11
-6.7619822e-11
-5.9500176e-11
-2.4125383e-11
4.0322799e-11
9.2107395e-11
8.4533733e-11
1.917622e-11
-4.904314e-11
-6.6139078e-11
-3.3764839e-11
-2.8301419e-13
2.378227e-12
-2.0816026e-12
2.8884435e-11
8.8947988e-11
1.1594433e-10
6.5647033e-11
-2.3732461e-11
-6.565218e-11
-2.6803299e-11
3.038456e-11
2.4785749e-11
-4.0518349e-11
-8.2301274e-11
-4.589896e-11
2.2959905e-11
3.9628231e-11
-6.5958898e-12
-4.104288e-11
-9.3778602e-12
4.5876615e-11
4.4393457e-11
-1.9923592e-11
-7.45285e-11
-7.5892025e-11
-7.1828641e-11
-1.2528034e-10
-2.1118047e-10
-2.408031e-10
-1.8023469e-10
-9.2249477e-11
-4.5249706e-11
-2.7867159e-11
9.7233558e-12
6.2670321e-11
7.4328234e-11
2.9200948e-11
-1.3767174e-11
-6.3097607e-12
1.6537638e-11
6.6413315e-15
-2.5283645e-11
1.5157332e-11
9.3489229e-11
8.7958544e-11
-1.5906076e-11
-6.8095513e-11
4.6071515e-12
6.5372411e-11
2.7622714e-11
3.3918712e-11
1.5529592e-10
1.9431656e-10
6.9658316e-11
2.2283461e-11
1.2943018e-10
1.2402322e-10
-2.2764042e-11
-2.2350454e-11
7.0291298e-11
-2.4405744e-11
-1.2388406e-10
1.5141343e-11
1.1243954e-10
5.4638653e-11
1.2896215e-10
1.8646522e-10
2.7938574e-11
2.5795126e-11
1.4415344e-10
2.2036843e-12
-1.0926008e-10
-2.1084111e-11
-2.1778115e-11
-6.3612844e-11
-2.6266238e-11
7.238923e-11
1.0041544e-10
7.0918307e-11
1.0771722e-10
-8.1307089e-11
4.5521292e-11
-1.0506259e-10
2.8378357e-11
-4.5330977e-11
7.1919763e-11
-6.7120838e-11
-2.2129743e-11
-1.0374599e-10
6.4191098e-12
-1.5436028e-10
-7.4400662e-11
-2.485059e-10
-2.4867847e-11
-1.1009032e-10
-4.4824547e-12
-6.7538538e-11
-1.7437589e-11
-1.1509616e-11
-1.4239869e-10
-4.1425442e-11
-2.0987319e-10
-2.0718264e-10
-2.0405137e-10
-3.0335641e-10
-2.1049418e-10
-1.0520527e-10
-2.5640522e-10
1.1493736e-10
-3.3911155e-10
2.4166311e-10
-3.1698942e-10
2.0815346e-10
-5.3681049e-11
-1.1345537e-10
3.3320752e-10
-2.421124e-10
4.5560363e-10
-3.1259238e-10
2.5936331e-10
2.3928701e-10
4.3399003e-10
4.2453535e-10
4.1590889e-10
-1.4133901e-10
-6.6138984e-11
-3.4159711e-10
-5.4273041e-10
-3.645226e-11
-1.737119e-11
1.3159344e-10
2.2275948e-10
-4.2902795e-11
-1.6099689e-10
4.6414332e-11
8.4813594e-11
7.8520675e-11
1.3492982e-10
2.8497157e-10
2.0147174e-10
-1.7431175e-10
-3.1648929e-10
-1.4470595e-10
2.7826382e-11
6.7902662e-11
4.8243034e-11
7.0734412e-11
6.5040668e-11
-5.1561709e-11
-9.3007335e-11
-7.6212027e-12
2.5895199e-11
1.5427358e-11
2.2398086e-11
8.5799309e-13
-3.5124674e-11
-3.94728e-11
-1.2194762e-11
4.9438362e-11
1.3615452e-10
1.9905742e-10
2.0299447e-10
1.7100002e-10
1.5138786e-10
1.4979889e-10
1.2714292e-10
7.561762e-11
5.5381384e-11
1.1829149e-10
2.0911825e-10
2.0407173e-10
8.5096315e-11
-8.232767e-12
3.1403815e-11
1.243951e-10
1.1850273e-10
1.4769032e-11
-3.5468377e-11
3.942092e-11
1.3541412e-10
1.1948399e-10
1.0703121e-11
-6.7985029e-11
-5.5308546e-11
-6.7933442e-12
9.5784053e-12
2.1229832e-12
1.2736184e-11
3.2189806e-11
7.5387301e-12
-7.8846449e-11
-1.5763473e-10
-1.4699485e-10
-4.8687588e-11
4.1704198e-11
2.4713961e-11
-9.0587088e-11
-1.8915663e-10
-1.648974e-10
-2.6127203e-11
1.1117577e-10
1.3881845e-10
5.9616342e-11
-3.2228105e-11
-5.9477773e-11
-3.5168781e-11
-2.898797e-11
-7.4264682e-11
-1.2558445e-10
-1.151951e-10
-3.9194702e-11
2.8367192e-11
1.0932509e-11
-8.7081946e-11
-1.7991858e-10
-1.8416471e-10
-1.0135659e-10
-1.4931759e-11
-6.9324534e-12
-8.1223956e-11
-1.679416e-10
-1.9721272e-10
-1.6286707e-10
-1.1480051e-10
-9.7871607e-11
-1.0703966e-10
-1.0391795e-10
-6.8223953e-11
-2.2285145e-11
-1.3899332e-12
-9.0570214e-12
-1.2533389e-11
1.3906713e-11
4.9699305e-11
4.5556657e-11
-1.7047604e-11
-9.3432118e-11
-1.1578302e-10
-6.6225861e-11
3.2116174e-12
3.2586114e-11
2.5912192e-11
4.0834746e-11
1.0358008e-10
1.5862228e-10
1.2872729e-10
1.9148936e-11
-7.0841668e-11
-5.9464299e-11
1.8598286e-11
5.6207372e-11
1.1244054e-11
-4.1467891e-11
-1.6520443e-11
5.9460158e-11
7.9969469e-11
7.1409358e-12
-7.0617479e-11
-5.9719574e-11
5.7989983e-12
1.3725354e-11
-6.0276326e-11
-1.1776474e-10
-9.2932047e-11
-6.4585109e-11
-1.3896456e-10
-2.7193323e-10
-3.1313044e-10
-2.1970055e-10
-1.1096768e-10
-7.7147966e-11
-5.2792502e-11
4.0577033e-11
1.3186808e-10
1.0867373e-10
1.6523868e-11
-4.7749422e-12
4.7401118e-11
4.2475591e-11
-4.1624353e-11
-6.6937256e-11
2.1238828e-11
8.6469074e-11
3.3109269e-11
-2.9557369e-11
1.3985947e-11
8.7108877e-11
7.8549225e-11
4.6581753e-11
8.7249441e-11
1.3843363e-10
1.088438e-10
6.9008258e-11
1.0655647e-10
1.2706944e-10
3.1923633e-11
-5.6537028e-11
-1.5113268e-11
2.8908903e-11
-2.8718383e-11
-3.4487756e-11
5.7230394e-11
3.8430967e-11
-5.0638842e-11
4.7828048e-11
1.8970926e-10
1.3295875e-10
1.0866096e-10
1.7392958e-10
4.4522569e-11
-3.3136842e-11
6.9934206e-11
-1.3118205e-10
-2.7408966e-10
3.6616508e-11
1.4940728e-10
1.3305201e-10
1.4717077e-11
-7.7698635e-11
1.1018252e-10
-1.9691797e-11
-4.4043381e-12
-7.6995621e-11
2.3387422e-11
-5.4074205e-11
3.1921419e-11
-6.03544e-11
1.1682918e-11
-9.1889708e-11
-7.9692766e-13
-2.1053549e-10
-1.6751773e-11
-1.1548812e-10
-2.1216069e-11
-7.8007899e-11
1.1428581e-10
8.0414788e-11
-5.7675836e-11
-3.3986113e-11
-1.6780749e-10
-2.051192e-10
-3.8274744e-10
-3.385031e-10
-2.3795649e-10
-2.2272843e-10
-1.6673482e-10
-2.4888365e-10
-9.1845908e-11
-2.2076378e-10
1.2196094e-10
-1.2364402e-10
-7.3692938e-11
3.4668894e-10
-2.1836192e-10
6.3559249e-10
-2.4312838e-10
2.7796175e-10
3.7117413e-10
1.2608962e-10
6.9890703e-10
-2.2065219e-10
-2.0643667e-10
-1.7527673e-10
-1.27787e-11
-2.038399e-10
3.1562072e-11
4.3764964e-10
-2.300106e-10
2.3189383e-10
2.9774292e-10
2.1679667e-10
3.9674672e-10
-5.5316534e-11
-3.9119762e-12
3.3701486e-10
2.1948344e-10
-6.2660119e-11
-1.074186e-10
5.1392784e-11
2.0872912e-10
8.6723432e-11
-1.0815122e-11
1.67743e-10
2.1338123e-10
3.8012432e-11
5.8445487e-11
2.101598e-10
1.8306724e-10
1.3199426e-10
1.7563838e-10
1.5948563e-10
1.1048708e-10
1.3053127e-10
1.3822634e-10
8.7425727e-11
6.0498401e-11
8.1490674e-11
1.1274292e-10
1.4322767e-10
1.5352807e-10
1.2638496e-10
9.685737e-11
9.8608718e-11
1.049552e-10
6.2727368e-11
-3.941778e-11
-1.3420351e-10
-1.3050022e-10
-2.9463036e-11
5.4723814e-11
3.816243e-11
-1.5708771e-11
2.058628e-12
7.1687019e-11
6.6915101e-11
-4.6174621e-11
-1.4203922e-10
-1.0999961e-10
-3.0222562e-12
3.1855001e-11
-5.3344709e-11
-1.6465579e-10
-1.9958661e-10
-1.6027195e-10
-1.1348424e-10
-9.1103671e-11
-7.3678741e-11
-5.6983075e-11
-7.6687105e-11
-1.5873846e-10
-2.5280982e-10
-2.6799294e-10
-1.6939384e-10
-2.737428e-11
3.5765662e-11
-3.1018526e-11
-1.5169841e-10
-1.9612433e-10
-1.0474239e-10
5.3236174e-11
1.484855e-10
1.1703563e-10
9.5498877e-12
-7.5093788e-11
-8.9037723e-11
-6.4376013e-11
-5.3843022e-11
-6.2512218e-11
-4.96916e-11
7.3224802e-12
6.9861068e-11
6.9480414e-11
-1.7138819e-11
-1.3365404e-10
-1.9094869e-10
-1.5102968e-10
-6.2561766e-11
-1.2778189e-11
-4.5903562e-11
-1.2852632e-10
-1.9082775e-10
-1.9533956e-10
-1.6216997e-10
-1.3333078e-10
-1.2194885e-10
-1.0400053e-10
-5.6390417e-11
7.7187856e-12
4.9348172e-11
4.7746625e-11
2.4513661e-11
1.638561e-11
2.7648024e-11
2.1502546e-11
-3.3328729e-11
-1.1352957e-10
-1.5334944e-10
-1.1353731e-10
-2.8212535e-11
3.1719732e-11
4.1199244e-11
4.6958267e-11
9.8668819e-11
1.6917657e-10
1.7433831e-10
8.02939e-11
-3.7605163e-11
-7.2235337e-11
-1.0870266e-11
5.247521e-11
4.0946366e-11
-6.3734784e-12
3.580657e-12
7.7373088e-11
1.1500724e-10
4.7874522e-11
-5.6663936e-11
-8.2348112e-11
-2.7509049e-11
-5.7830917e-12
-7.2832305e-11
-1.3866924e-10
-1.1149236e-10
-5.9022021e-11
-1.1965598e-10
-2.7746146e-10
-3.5814784e-10
-2.772684e-10
-1.5678659e-10
-1.1738671e-10
-8.8967299e-11
3.6757823e-11
1.7405189e-10
1.578863e-10
3.051511e-11
-1.173119e-11
5.211427e-11
4.4100685e-11
-6.9843057e-11
-9.5535942e-11
3.2311349e-11
1.065114e-10
1.6553942e-11
-4.7907451e-11
4.0930322e-11
1.1704828e-10
7.1737181e-11
6.1921522e-11
1.4160605e-10
1.2272046e-10
3.5875236e-12
2.1030882e-11
1.4583935e-10
1.2119291e-10
8.2097863e-12
3.569988e-11
8.6931133e-11
-1.8817017e-12
-4.5972972e-11
2.3177481e-11
-2.6458952e-11
-1.2741947e-10
-1.9627731e-11
1.2301584e-10
1.0114364e-10
1.2261282e-10
1.930263e-10
1.3530333e-10
1.191956e-10
1.1275269e-10
-8.8735014e-11
-1.5459063e-10
-4.3363707e-11
-2.70864e-11
3.5966705e-11
1.0505271e-11
4.1459706e-11
7.7771308e-11
3.8708212e-11
-1.9626785e-11
-3.4297817e-11
1.426327e-12
-6.0080311e-11
-9.1279156e-12
-4.2424572e-11
3.1104248e-11
-5.754169e-11
4.4906731e-12
-1.1858868e-10
3.8080368e-11
-1.2360285e-10
-6.0116647e-11
-1.1458641e-10
5.4238478e-11
1.1006521e-11
-5.1402855e-12
-3.4612855e-11
-8.1176916e-11
-2.2506412e-11
-1.9965112e-10
-1.8146301e-10
-1.7195226e-10
-2.9766288e-10
-3.1350531e-10
-2.3057834e-10
-2.6265774e-10
-1.0417058e-10
-6.0644106e-11
-3.5581112e-10
6.5414658e-11
6.8243415e-12
5.9778186e-11
4.9620791e-10
-3.3501102e-10
3.7775291e-10
3.2733945e-10
-1.1619503e-10
2.5609511e-10
-4.7388019e-10
2.5899108e-10
1.1166938e-10
-1.4052847e-10
-6.7500419e-11
-2.3474765e-10
6.4023779e-12
3.9883465e-10
1.8622545e-10
4.8272627e-10
1.7768088e-10
-7.1682438e-11
2.0238214e-10
8.2908933e-11
-2.8417997e-11
-9.9262914e-11
-8.8978164e-11
1.2486498e-10
1.6108867e-10
-1.7749848e-11
-7.4922711e-11
-5.1608005e-11
2.5049304e-11
8.4399719e-11
6.8985622e-11
2.4846438e-12
-2.4101975e-12
4.9091722e-11
3.7809392e-11
3.7280823e-11
1.0649537e-10
1.2970957e-10
9.6733602e-11
7.3623624e-11
4.8553848e-11
1.4946947e-11
4.9692875e-12
2.6125052e-11
5.6169699e-11
7.4190346e-11
7.3422619e-11
5.9208037e-11
4.9148487e-11
5.7386896e-11
6.7171925e-11
4.3541753e-11
-1.7236169e-11
-7.0131164e-11
-5.8903738e-11
1.8098815e-11
9.1351138e-11
1.0100403e-10
7.4310391e-11
7.6051502e-11
1.0549034e-10
9.4952476e-11
2.0670933e-11
-4.5277747e-11
-3.2085871e-11
3.19635e-11
5.4540256e-11
-7.9238736e-13
-7.7865198e-11
-1.065391e-10
-8.1695928e-11
-4.666012e-11
-2.9911574e-11
-2.369857e-11
-2.0999427e-11
-3.7338518e-11
-8.6703834e-11
-1.4154047e-10
-1.4815782e-10
-8.3916753e-11
9.488175e-12
5.4489074e-11
1.3381715e-11
-7.0116273e-11
-1.1147768e-10
-6.5773269e-11
2.9489092e-11
9.1287857e-11
7.1647079e-11
-2.8131378e-12
-6.6015215e-11
-7.8304435e-11
-5.4170816e-11
-3.1893706e-11
-2.5819823e-11
-1.747998e-11
1.0005576e-11
4.1236713e-11
3.957749e-11
-1.0982684e-11
-8.0897026e-11
-1.175618e-10
-9.4696565e-11
-3.8104387e-11
-1.2358078e-12
-1.5437361e-11
-6.4478835e-11
-1.0565505e-10
-1.1194576e-10
-9.1960671e-11
-7.1138979e-11
-6.0393593e-11
-4.744367e-11
-1.8195595e-11
2.0440149e-11
4.4476986e-11
3.9583073e-11
1.8204901e-11
4.9506762e-12
6.5289364e-12
2.7051907e-12
-2.714962e-11
-7.205839e-11
-9.3486813e-11
-6.6424674e-11
-1.0965003e-11
2.7723785e-11
3.1268359e-11
2.8354717e-11
5.3699944e-11
9.5152554e-11
1.0080023e-10
4.5252155e-11
-2.8269105e-11
-5.1651741e-11
-1.2466025e-11
3.20426e-11
3.0233554e-11
2.1635942e-12
5.9575618e-12
4.9262947e-11
7.1530752e-11
2.8685074e-11
-3.8358432e-11
-5.5549003e-11
-2.0131199e-11
-3.887025e-12
-4.3226287e-11
-8.1310203e-11
-5.9374609e-11
-2.1238586e-11
-5.6227397e-11
-1.53296e-10
-2.0013759e-10
-1.4578438e-10
-7.32821e-11
-5.9217342e-11
-5.1330695e-11
2.3816287e-11
1.0749295e-10
9.2429682e-11
1.3156514e-11
-1.7662374e-12
4.7988988e-11
3.6447955e-11
-4.8967023e-11
-6.9196866e-11
1.1044102e-11
4.7326414e-11
-1.6779256e-11
-4.2068647e-11
3.2420413e-11
7.132789e-11
2.4438844e-11
2.3217925e-11
7.9662149e-11
4.8979121e-11
-2.8868396e-11
2.2219416e-11
1.2239709e-10
8.0145114e-11
2.1021762e-12
4.2043522e-11
4.9436965e-11
-5.1862986e-11
-5.7345018e-11
2.4075918e-11
-1.1804385e-11
-5.6796908e-11
1.3564107e-11
1.8660885e-11
-1.058998e-12
1.2282422e-10
1.6411119e-10
5.486875e-11
4.4486289e-11
2.869531e-11
-8.1231099e-11
-6.1228321e-11
4.1131558e-11
9.214585e-12
-7.1166896e-11
-7.7600918e-12
6.9020052e-11
7.1648936e-11
-5.2063991e-11
-2.940627e-13
2.2267805e-11
-1.8965184e-11
-3.402473e-11
-3.8364016e-11
2.7447405e-11
8.8069918e-12
7.606546e-12
-7.6057089e-11
1.8949363e-11
-5.27126e-11
-5.502509e-11
-1.4036376e-10
-2.956633e-11
-2.0869147e-11
7.2436205e-12
1.1753202e-12
4.5587166e-11
6.8279312e-11
-5.055552e-11
-7.6627533e-11
-1.411259e-10
-1.4865335e-10
-1.3515532e-10
-1.4633156e-10
-9.906563e-11
-1.2358358e-10
-1.204103e-10
-2.5798419e-11
-2.2693546e-10
1.8084112e-10
-8.0809547e-11
-9.0405675e-12
-4.5043706e-11
-1.5005108e-10
3.6877233e-10
-4.5204417e-10
-1.5158188e-11
-1.1635113e-10
1.6446759e-10
)
;


// ************************************************************************* //
