/*--------------------------------*- C++ -*----------------------------------*\
| =========                 |                                                 |
| \\      /  F ield         | OpenFOAM: The Open Source CFD Toolbox           |
|  \\    /   O peration     | Version:  1912                                  |
|   \\  /    A nd           | Website:  www.openfoam.com                      |
|    \\/     M anipulation  |                                                 |
\*---------------------------------------------------------------------------*/
FoamFile
{
    version     2.0;
    format      ascii;
    class       volScalarField::Internal;
    location    "1";
    object      Susolid;
}
// * * * * * * * * * * * * * * * * * * * * * * * * * * * * * * * * * * * * * //

dimensions      [0 0 -1 0 0 0 0];


value           nonuniform List<scalar> 
11520
(
0
0
0
0
0
0
0
0
0
0
0
0
-3.5921446e-39
-6.3510191e-36
9.7240816e-35
-1.4114097e-34
-1.2722316e-33
-7.9801296e-33
-6.0659457e-33
5.816099e-33
1.412208e-33
-1.5280888e-33
-1.6561833e-33
9.3266318e-35
-1.980778e-35
2.2287402e-35
-1.5689616e-35
5.9600615e-37
-1.0239928e-36
-4.7622063e-38
8.0620245e-38
-2.5382493e-39
-9.5368462e-39
-8.1140033e-40
1.7179906e-40
1.1299655e-41
-1.1643657e-41
1.0759861e-42
-1.0906403e-43
-1.0006836e-44
-2.9545905e-46
2.4319816e-46
2.7971836e-47
-5.8559281e-48
2.1563202e-50
2.4570994e-50
2.6131011e-51
7.7189216e-53
1.0911962e-54
8.5234563e-56
5.2236297e-56
-8.739791e-58
-5.7096531e-54
1.1947531e-51
-1.519856e-48
-5.6115222e-47
7.4725572e-46
1.0972089e-45
-1.1438601e-43
9.2126839e-43
6.8355383e-42
4.9660946e-42
1.9675079e-41
1.3922066e-40
-4.9128433e-41
-5.4817053e-40
3.8859224e-41
-1.3147677e-39
-5.3992253e-39
-3.2579324e-39
-5.813235e-40
-5.4104004e-39
-7.4873705e-39
-3.0189638e-39
1.3709547e-39
4.1497027e-39
3.7337584e-39
4.9335762e-40
-1.3504284e-39
-9.0654616e-40
-2.1296977e-40
-4.1704508e-41
-2.3575714e-41
1.3704974e-41
2.5103158e-41
1.3937478e-41
6.0109337e-42
3.0690462e-42
1.0128402e-42
-1.4317182e-43
-2.6842507e-43
-8.940311e-44
-3.9735738e-45
3.9323087e-45
4.875046e-46
1.2053358e-46
2.6098544e-46
1.1531925e-46
8.603049e-48
-7.1932365e-48
-1.7815436e-48
1.9428518e-49
1.0316395e-49
-1.5994907e-50
-1.2882376e-50
-2.2447795e-51
-2.74532e-52
-2.0765434e-52
-1.028664e-52
-2.4039809e-53
-2.2681886e-54
7.4759589e-56
-2.5623628e-56
-3.2322308e-56
-8.3679504e-57
-9.3631892e-58
-1.0294181e-59
9.0785178e-60
8.3169101e-61
1.3392847e-62
-8.188227e-64
-9.614867e-65
-6.1330637e-66
-2.8045292e-67
-8.8118233e-69
-1.3207271e-70
3.2608907e-72
2.2500286e-73
-5.6660828e-76
-7.2580439e-76
-5.2882148e-77
-2.315224e-78
-6.5668017e-80
-8.0931543e-82
2.568492e-83
1.3239859e-84
-2.3531801e-86
-5.4234705e-87
-3.2026813e-88
-1.0433774e-89
-1.2716578e-91
4.0028405e-93
-7.5095439e-96
-3.0092654e-95
-2.4851694e-96
-1.0286898e-97
-1.318907e-99
1.1209415e-100
6.5669155e-102
-1.0332045e-103
-3.7880995e-104
-3.0472846e-105
-1.4900931e-106
-4.23789e-108
3.3504927e-110
1.6486241e-110
1.7546469e-111
7.275301e-113
-2.4816594e-113
-8.1112842e-114
-1.3554314e-114
-1.4237854e-115
-1.052454e-116
5.3103728e-117
3.9625181e-115
-5.6157047e-114
-1.1623274e-113
1.8127502e-114
9.462289e-114
4.8282272e-114
6.7060525e-115
-4.2884347e-111
-1.1748904e-110
-1.6714432e-105
-5.7087253e-105
-2.3564844e-105
-1.519319e-105
-1.508519e-106
1.7996322e-107
-2.6461455e-107
-7.8954736e-107
-7.266825e-107
-4.7873567e-107
-3.9762286e-107
-2.1825239e-107
-4.6776874e-108
-3.3648563e-109
-7.416004e-111
-1.5558455e-112
-4.9339904e-114
-1.5914463e-115
-5.0082249e-117
-1.5124728e-118
4.9014766e-120
1.160536e-120
8.0012349e-122
3.105625e-123
7.1087746e-125
5.9662842e-127
-3.2814527e-128
-2.5739949e-129
-1.1486939e-130
-1.4726932e-132
2.8784818e-133
2.9096521e-134
1.6413528e-135
8.0418857e-137
3.0730775e-138
-6.5299641e-140
-1.9981853e-140
-1.5522159e-141
-1.0480505e-142
-7.9686019e-144
-4.397563e-145
-7.7838707e-147
7.6974922e-148
6.7896272e-149
1.9417768e-150
-9.8850522e-152
-1.2332519e-152
-3.9183837e-154
-2.6708652e-156
-1.0805432e-157
5.3953285e-158
7.1643332e-159
3.6300229e-160
9.8057335e-162
-4.9790375e-163
-2.2618768e-164
3.5196684e-165
3.120329e-166
1.1414309e-167
-4.0043659e-169
-6.1229607e-170
-2.4467191e-171
-3.5535675e-173
1.5208493e-174
8.8395239e-156
3.8165982e-155
1.5113688e-155
0
0
0
0
0
0
0
0
0
0
0
0
1.843438e-35
-1.5423046e-33
-3.2167422e-33
4.7644976e-32
4.9783275e-31
9.7707523e-31
-5.7310569e-31
-2.3230966e-30
2.343291e-31
3.5518073e-30
1.2936113e-30
-8.3733927e-31
-1.3125779e-31
2.3293692e-31
2.4725962e-31
4.3507462e-31
-6.1134205e-32
-1.2310113e-31
-8.459523e-33
1.1931127e-32
3.5902534e-32
-1.1154192e-32
-1.8400103e-32
3.9265517e-33
1.5451159e-33
-3.8945753e-34
-2.9145199e-34
-1.5827718e-34
-1.6619082e-35
-2.083621e-36
-9.8046705e-37
5.8547945e-38
-7.9152429e-37
-1.5698752e-37
-1.6258641e-38
-2.1584384e-40
-2.5461337e-39
-9.0500897e-40
-1.05066e-40
-1.8766481e-41
-1.3715776e-42
-4.0159252e-43
-1.532151e-43
6.832249e-45
6.1612669e-44
2.5360523e-44
1.7522093e-42
1.1306053e-41
-1.315627e-40
-3.4923323e-42
-2.213251e-39
-2.9261597e-38
-5.9047639e-38
-5.3320921e-38
-5.7186738e-37
-1.2615416e-36
6.0142513e-37
3.0070291e-36
1.4907074e-36
-4.5012023e-37
5.9117398e-37
1.9814797e-36
2.8112272e-36
2.1405309e-36
-8.0265235e-37
-2.7966067e-36
-1.895248e-36
-2.4562131e-37
3.6026446e-37
3.1604715e-37
2.4512753e-37
1.861486e-37
1.0919086e-37
5.861752e-38
3.3067019e-38
1.2714278e-38
-3.7835547e-40
-3.0289067e-39
-1.2344786e-39
-5.4336031e-41
7.3783406e-41
-4.6169222e-42
-1.4203666e-41
-3.7063383e-42
-1.906776e-42
-2.2821228e-42
-1.3676067e-42
-4.4263674e-43
-9.3694545e-44
-2.872246e-44
-1.5360885e-44
-6.198338e-45
-1.6948404e-45
-4.5328876e-46
-1.8268379e-46
-7.4004169e-47
-2.0460955e-47
-3.2923108e-48
-2.7467585e-49
-8.1043213e-50
-5.6480278e-50
-1.8995581e-50
-3.0954458e-51
-3.9355881e-53
9.6612941e-53
2.2183678e-53
2.0804356e-54
-1.0857137e-55
-7.6832298e-56
-1.7365625e-56
-2.5467326e-57
-2.1397139e-58
4.3651888e-60
4.5320727e-60
6.9110908e-61
2.951561e-62
-9.6215031e-63
-2.6527683e-63
-3.6138201e-64
-2.5076706e-65
1.080823e-66
5.6148685e-67
7.6080703e-68
3.5855696e-69
-6.2556434e-70
-1.520423e-70
-1.2568192e-71
6.0581297e-73
2.6507856e-73
1.6734514e-74
-4.6364155e-75
-1.3401242e-75
-1.5099133e-76
-1.887885e-80
2.7858258e-78
4.0827359e-79
-2.0641248e-81
-1.1859785e-80
-2.6422385e-81
-3.3193609e-82
-2.1732034e-83
8.2939685e-85
4.1078645e-85
4.7709773e-86
-3.254468e-88
-1.2952379e-87
-3.115916e-88
-4.6832367e-89
-4.7317187e-90
-2.6451815e-91
-5.3645149e-94
-6.8891282e-94
-6.3518867e-94
-1.1456331e-94
-4.626369e-96
1.7488293e-96
3.5599192e-97
1.6345499e-98
-5.308298e-99
-1.4435416e-99
-2.2214187e-100
-2.9575176e-96
-7.4356947e-96
-3.343459e-96
-2.3736069e-96
-4.523572e-97
-4.784686e-97
-4.5437447e-97
-3.092791e-97
-2.244549e-97
-1.9452148e-97
-1.3455298e-97
-5.0200408e-98
-8.4046943e-99
-6.3722316e-100
-4.3617486e-101
-5.8910614e-102
-7.5962784e-103
-6.8885789e-104
-2.3906785e-105
1.4654474e-105
5.1754715e-106
8.9894205e-107
9.3277243e-108
5.5486568e-109
8.2336203e-111
-2.1429439e-111
-3.1600718e-112
-2.463421e-113
-2.0955433e-115
2.0954346e-115
2.7794158e-116
2.1270289e-117
1.2963554e-118
4.7868132e-120
-4.7037604e-121
-1.2551849e-121
-1.9772717e-122
-3.2297907e-123
-4.3761586e-124
-3.6443538e-125
-2.1089135e-126
-3.1373989e-127
-3.6642507e-128
3.6113511e-129
1.46846e-129
1.6367605e-130
5.8882534e-132
-2.3535597e-133
6.5501478e-135
-4.6813308e-135
-3.6187075e-135
-7.0832357e-136
-3.4541634e-138
2.1370732e-137
3.3638294e-138
2.456983e-139
-9.9471774e-141
-5.451139e-141
-4.4242455e-142
-4.8114297e-143
-1.0810724e-144
1.9066065e-145
2.3038662e-146
2.0691824e-146
2.3859855e-147
1.9062794e-148
5.0929477e-149
0
0
0
0
0
0
0
0
0
0
0
0
3.903079e-33
4.1346771e-32
-1.3145055e-30
-4.6660014e-30
1.1294172e-29
2.5847262e-29
-2.9285379e-29
-1.8447662e-28
-6.4717609e-29
-7.8095658e-29
1.7239522e-28
-1.7610854e-28
-3.6348657e-29
-2.6685948e-30
1.8573347e-29
4.5046403e-29
-4.5220483e-29
-7.4091258e-29
-4.3769947e-30
9.3534577e-31
-5.5011686e-30
-7.4795666e-30
2.1682906e-30
-2.2563546e-29
-4.841108e-31
1.5029046e-30
1.3183921e-30
-1.4834346e-30
-1.0450031e-30
5.0342428e-32
-2.1461903e-31
-5.249432e-32
-4.3585458e-32
-5.0616694e-33
-7.7729391e-33
8.6411104e-34
1.5877511e-33
5.9321079e-34
2.6578233e-34
1.3681976e-34
2.7996826e-35
1.8939384e-35
4.7291611e-36
-1.2127266e-36
-1.4391455e-37
6.4033376e-38
-2.1271899e-38
-1.7640872e-38
-1.3320136e-38
-3.0569508e-38
-2.1681811e-37
4.1424421e-37
5.9811352e-36
1.6057879e-35
3.903539e-35
1.1919752e-34
2.1008789e-34
1.4019215e-34
-3.6499258e-35
-1.1462767e-34
-5.2231787e-35
1.1942314e-34
2.5665013e-34
4.1205649e-35
-3.8318285e-34
-4.0684721e-34
-4.2610919e-35
1.7445405e-34
1.2881745e-34
4.393766e-35
6.5076866e-36
-8.7309687e-36
-8.480994e-36
1.2149625e-37
2.0829661e-36
-2.0891016e-36
-3.8658941e-36
-2.0660733e-36
-2.2694021e-37
2.2935739e-37
5.8949084e-38
-6.1371416e-38
-6.3229636e-38
-3.9403623e-38
-2.2484544e-38
-1.1183898e-38
-4.2582239e-39
-1.2355927e-39
-3.5883561e-40
-1.4661686e-40
-6.106968e-41
-1.876463e-41
-5.4113418e-42
-2.7185061e-42
-1.5127719e-42
-5.5437889e-43
-9.7105174e-44
8.8564543e-45
7.0083262e-45
-5.6313588e-46
-1.4014157e-45
-5.4638744e-46
-9.803833e-47
6.0662607e-49
5.39017e-48
1.6521878e-48
2.5101357e-49
-1.2116985e-50
-2.1000079e-50
-7.0501441e-51
-1.1308079e-51
8.1957427e-53
1.0676632e-52
3.2929198e-53
5.1984663e-54
-9.187497e-58
-2.4282762e-55
-6.8978744e-56
-7.7891936e-57
1.3490302e-57
8.9432866e-58
2.3788513e-58
3.758884e-59
2.0962624e-60
-6.623882e-61
-2.0004983e-61
-1.7629985e-62
2.125995e-63
-8.3158391e-65
-5.9262176e-64
-2.6026137e-64
-5.8657962e-65
-5.2133078e-66
1.282779e-66
5.8928171e-67
9.4693898e-68
-3.8925296e-69
-6.0947578e-69
-1.6814396e-69
-2.4327864e-70
-7.0859024e-72
5.5505053e-72
1.2769209e-72
-1.3085801e-76
-8.9516695e-74
-3.6169058e-74
-9.2116309e-75
-1.6490145e-75
-1.8924262e-76
-9.8245547e-78
-1.2609601e-78
-1.2354483e-78
-4.5155449e-79
-7.8127564e-80
-1.5375009e-81
2.5155471e-81
5.624802e-82
1.89659e-83
-1.9207245e-83
-6.6827675e-84
-1.6331208e-84
-3.7144837e-85
-7.1952056e-86
-9.7679838e-87
-2.5145858e-87
-1.5516559e-87
-1.6446413e-87
-9.9143017e-88
-4.2336249e-88
-3.2790978e-88
-2.2093039e-88
-9.5946682e-89
-2.1340494e-89
-1.7297479e-90
-6.9134257e-92
-5.574283e-92
-2.1810801e-92
-4.3120011e-93
-4.817747e-94
5.3986601e-95
5.819185e-95
1.9359134e-95
3.6883332e-96
4.1200227e-97
1.9899853e-98
-1.7839152e-99
-6.0951301e-100
-1.0065028e-100
-7.5572978e-102
9.0014103e-103
3.2095142e-103
4.9148752e-104
7.2313597e-105
9.8567328e-106
5.1711417e-107
-1.0523093e-107
-2.7087902e-108
-4.6946202e-109
-9.3351924e-110
-1.3446482e-110
-5.9333177e-112
1.3787009e-112
2.0692595e-113
-1.7767718e-114
-1.1707998e-114
-2.0100964e-115
-1.0972066e-117
3.1286715e-117
1.0240639e-118
9.5100727e-119
4.0578308e-119
4.6651589e-120
8.6445826e-122
-1.2542644e-121
2.9165839e-122
2.6730355e-122
5.7179732e-123
5.5728477e-124
-1.1116478e-124
-4.7996291e-125
-7.2772607e-126
-5.0909037e-127
-2.7876033e-128
-3.290305e-128
4.1308583e-129
4.8857008e-129
8.4897758e-130
1.6529409e-130
0
0
0
0
0
0
0
0
0
0
0
-3.6632105e-36
-2.5853185e-31
3.7806852e-30
4.3656502e-29
5.2123333e-29
-3.3625399e-28
-1.0360389e-27
5.2079321e-28
3.5662802e-27
5.9512454e-28
-3.3121726e-27
1.3287804e-27
2.3080908e-27
-1.1942652e-27
-1.0111243e-27
-1.9915479e-27
4.8000743e-28
-1.5677017e-27
1.1381325e-28
-1.6785866e-27
-4.1755336e-28
6.761518e-28
-1.9306238e-27
1.66611e-28
8.6352305e-29
-2.4636696e-28
-3.0715843e-28
1.8943877e-28
-2.9033886e-28
4.2998563e-29
-7.5760782e-29
4.2841834e-29
2.7928915e-29
3.9233965e-29
2.292437e-30
5.5554064e-30
1.4779078e-30
2.5750462e-30
3.2981599e-30
-1.6449211e-30
-4.6335534e-31
3.1224508e-31
-3.3569189e-31
-1.2458567e-31
5.9877417e-32
2.3886399e-33
-8.6735516e-33
5.8046259e-34
-1.870685e-34
-5.1866347e-34
-1.7067035e-35
5.4858282e-35
-4.0958841e-35
-2.0844461e-34
-2.3837149e-34
-8.6678799e-35
-1.3936532e-33
-5.6477536e-33
-9.5761068e-33
-6.8732666e-33
1.1004675e-33
4.3138602e-33
1.0176199e-32
2.1127089e-32
8.1967836e-33
-1.4085092e-32
-2.6702135e-33
2.3092373e-32
2.3729242e-32
6.0879851e-33
-5.8702773e-33
-7.0256232e-33
-3.4774174e-33
1.56603e-34
1.7760286e-33
1.4144611e-33
6.1799578e-34
3.9003079e-34
5.0354939e-34
4.8943796e-34
3.0122682e-34
1.1373039e-34
1.7760291e-35
-8.2781711e-36
-7.7729762e-36
-3.0842185e-36
-1.8494642e-37
6.9734186e-37
5.7775662e-37
2.9211124e-37
1.3425109e-37
6.8680489e-38
3.2289342e-38
9.7460616e-39
4.5723987e-40
-8.7630937e-40
-1.6643797e-40
1.5818922e-40
8.8414574e-41
-8.1964789e-42
-3.1877521e-41
-2.0701052e-41
-8.4879464e-42
-2.6763273e-42
-7.5683383e-43
-2.2770466e-43
-7.9002705e-44
-2.9652728e-44
-1.0959235e-44
-3.72573e-45
-1.1191278e-45
-2.8583346e-46
-6.3321827e-47
-1.5173014e-47
-5.4927163e-48
-2.4472587e-48
-9.6305373e-49
-3.0280471e-49
-7.4418473e-50
-1.3967794e-50
-2.0058113e-51
-3.4980798e-52
-1.7255298e-52
-1.0214074e-52
-4.7469132e-53
-1.7619157e-53
-5.5145026e-54
-1.5833141e-54
-4.7270039e-55
-1.5679706e-55
-5.2513729e-56
-1.5142634e-56
-3.1817348e-57
-2.9845935e-58
8.4767378e-59
4.4451612e-59
8.2690967e-60
-2.7983802e-61
-5.5475115e-61
-1.1681218e-61
1.1235065e-62
1.3454034e-62
3.7922505e-63
2.7309067e-64
-2.4067404e-64
-1.4426375e-64
-5.0418716e-65
-1.2311491e-65
-1.7934e-66
2.3714592e-69
4.3872836e-68
-1.4394898e-68
-1.5148417e-68
-5.0219005e-69
-6.1230666e-70
1.5836399e-70
9.1769478e-71
1.9535979e-71
1.3402414e-72
-4.7002035e-73
-2.501011e-73
-9.8586014e-74
-3.3505914e-74
-8.3461687e-75
-1.5105377e-75
-3.5343466e-76
-1.6489604e-76
-7.0795879e-77
-2.2722946e-77
-6.2626594e-78
-1.7150387e-78
-4.3059297e-79
-7.4114091e-80
-3.3318093e-81
1.5047882e-81
7.9699329e-83
-1.4643934e-82
-4.9153739e-83
-5.9101228e-84
1.6376881e-84
1.7286455e-84
8.7250311e-85
2.7840576e-85
5.4081618e-86
5.1296248e-87
-1.3908613e-88
-1.3476284e-88
-5.1775968e-89
-1.568413e-89
-1.6166335e-90
4.5885176e-91
2.4069033e-91
1.1296841e-91
5.0473563e-92
1.3524062e-92
1.327978e-93
-3.8908582e-94
-2.1858369e-94
-6.7075579e-95
-1.732428e-95
-4.1550611e-96
-8.6800788e-97
-9.9232199e-98
1.4058406e-98
5.6855975e-99
-5.315799e-100
-3.345181e-100
3.676603e-101
8.8956768e-102
-9.0660998e-102
-3.0272199e-102
-3.7543539e-103
1.2349784e-103
8.4478208e-104
1.3113331e-104
8.645236e-106
1.9581579e-107
6.9790075e-108
3.9732919e-107
3.3287132e-108
-6.1811536e-109
-3.9012189e-109
-1.1741035e-109
-4.1288653e-111
2.3786171e-112
8.9602016e-112
5.126058e-112
7.2595157e-113
1.4201108e-113
0
0
0
0
0
0
0
0
0
0
0
1.1216879e-33
-3.7120026e-29
-9.9918233e-29
8.9917279e-28
1.6780675e-27
-1.2034291e-26
-7.2634979e-27
-2.4460149e-26
5.3770184e-26
-3.0942309e-26
-8.1386249e-26
-2.6949769e-25
1.3876439e-25
9.532975e-26
-6.6926292e-26
-1.2443236e-25
-6.8032312e-26
5.9945194e-26
1.8054728e-25
-1.385212e-25
1.3293163e-26
1.4457226e-26
-1.6230546e-26
5.4731854e-26
1.1139654e-26
-7.9469378e-27
-1.4493184e-26
-1.8766994e-26
8.0027939e-27
-4.132651e-28
7.0558949e-28
9.3748382e-28
-8.1864463e-27
-7.1075196e-27
1.8582793e-27
1.1683999e-27
-1.884191e-27
1.7151659e-27
-2.682135e-28
-7.6740234e-28
4.1156536e-28
-3.4233839e-29
-1.8087352e-28
9.2219163e-29
6.1253175e-29
-9.6903691e-30
1.07645e-29
2.8672401e-30
-7.9819319e-30
-2.1361001e-30
1.2803224e-30
2.1378094e-31
-1.538238e-31
1.1483014e-31
1.6575063e-31
1.6806668e-31
2.2144851e-31
2.2459176e-31
1.1718287e-31
1.6583824e-32
4.0889159e-32
1.9746557e-31
7.7808695e-31
1.2813628e-30
8.9615595e-31
4.8657881e-31
9.6472739e-31
1.4492033e-30
1.0000886e-30
1.5777056e-31
-1.6801782e-31
2.1039327e-32
2.1297281e-31
1.9832798e-31
8.7880715e-32
-3.679141e-33
-4.4347933e-32
-3.9547644e-32
-1.5252986e-32
-2.0953889e-35
-2.277152e-33
-1.0531111e-32
-1.3403954e-32
-1.0129796e-32
-5.4784815e-33
-2.461828e-33
-1.1395621e-33
-6.2939989e-34
-3.6697755e-34
-1.9094695e-34
-8.3302199e-35
-3.2021381e-35
-1.3614723e-35
-7.3325189e-36
-3.6507306e-36
-1.2040517e-36
-1.1129316e-37
8.4237356e-38
-2.8096912e-39
-5.8651907e-38
-5.0794181e-38
-2.5837973e-38
-9.2565461e-39
-2.4734658e-39
-5.40153e-40
-1.3173256e-40
-4.7091139e-41
-1.6467951e-41
-2.0710841e-42
2.6843479e-42
2.8074411e-42
1.6485209e-42
6.80354e-43
1.9824832e-43
3.9470798e-44
9.1048651e-45
7.2961308e-45
5.9744927e-45
3.4259712e-45
1.478016e-45
5.1616527e-46
1.5607056e-46
4.3077806e-47
1.0531582e-47
1.697815e-48
-2.5784832e-49
-3.9902302e-49
-2.3534094e-49
-1.104471e-49
-4.5865744e-50
-1.6195592e-50
-4.1200273e-51
-2.8428446e-52
3.8506493e-52
2.5053562e-52
9.1140834e-53
2.3075575e-53
4.8057302e-54
1.33711e-54
5.5816061e-55
1.9011712e-55
2.6094884e-56
-1.4313911e-56
-1.2372739e-56
-5.6430242e-57
-1.9894483e-57
-5.9424044e-58
-1.4819901e-58
-2.9519713e-59
-6.5018726e-60
-3.4927634e-60
-2.1942813e-60
-9.4993849e-61
-2.5598615e-61
-3.0343572e-62
5.4825213e-63
2.7012809e-63
1.6224681e-64
-1.4578453e-64
-5.4797863e-65
-2.1474593e-65
-1.3732126e-65
-7.0398852e-66
-2.6425916e-66
-9.2266223e-67
-3.7694217e-67
-1.5889237e-67
-5.7321615e-68
-1.7748985e-68
-5.3583675e-69
-1.620805e-69
-3.9305136e-70
-4.4919401e-71
8.3335705e-72
3.5493811e-72
9.4994738e-75
-1.6027644e-73
2.7141509e-74
4.6639135e-74
2.6938177e-74
1.3138855e-74
5.004362e-75
1.2184073e-75
1.3992313e-76
9.3874484e-79
3.2061136e-78
1.5177032e-78
-3.8550359e-79
-3.8162218e-79
-1.2950339e-79
-2.6465835e-80
5.1120294e-81
8.0645688e-81
3.3774485e-81
6.5795412e-82
2.160458e-83
-3.8058081e-83
-2.385681e-83
-7.2450119e-84
-5.0597269e-85
1.1016061e-85
-1.0815662e-85
-7.4948361e-86
-1.9007147e-86
-1.9579675e-87
3.6108574e-88
1.234019e-88
-4.4439226e-90
-2.8504127e-90
-2.7539773e-90
-1.9059701e-90
-4.2732006e-91
7.5909007e-92
1.0835648e-91
3.6804472e-92
6.0355292e-93
2.5335904e-94
-5.4219882e-95
6.0571592e-95
6.1610073e-96
-4.844723e-96
-3.3147641e-96
-1.0845482e-96
-7.7032264e-98
6.9458071e-98
1.5571051e-98
6.2021019e-99
8.2145909e-100
2.3587695e-100
0
0
0
0
0
0
0
0
0
0
0
1.8191071e-32
-1.1173399e-27
-1.4501018e-27
3.418206e-27
2.5648099e-26
3.8696761e-26
2.5061884e-26
-1.8815292e-25
2.1565229e-24
5.0158424e-25
-1.606086e-24
-3.4111256e-24
-7.3494445e-24
3.7639021e-24
3.6965875e-25
4.6183415e-24
7.1346974e-24
-8.3895044e-24
-3.0042277e-24
5.2395968e-24
1.3899805e-24
7.9065245e-25
-2.4112504e-24
-1.7093435e-24
1.4365653e-24
-9.2172259e-26
2.5845096e-25
-6.6602914e-25
-1.619053e-25
-7.356112e-26
3.2504594e-26
-2.2181715e-26
5.2814171e-26
-8.3595559e-27
4.1668433e-26
5.6217179e-27
-8.2073039e-26
-3.5470107e-26
4.3428031e-27
-2.3327216e-26
-1.2120135e-26
6.0990139e-27
1.683155e-27
-2.0006388e-27
-1.4766747e-27
-6.423891e-30
-2.5462397e-28
-3.9667164e-28
1.0543004e-27
9.0174016e-28
-4.5028033e-29
-3.2859333e-28
-1.1893027e-28
-2.614964e-29
-3.4002725e-29
-1.3864601e-29
8.3677211e-30
1.4473762e-29
1.281791e-29
1.4231145e-29
1.4304413e-29
1.3841097e-29
2.1829659e-29
1.830077e-29
-8.7735181e-30
-2.6892056e-29
-1.705838e-29
-7.148898e-30
-1.393704e-29
-1.5954904e-29
-8.5099718e-31
1.4528569e-29
1.7054649e-29
1.2689351e-29
8.7394211e-30
4.9155548e-30
8.8744087e-31
-1.0605308e-30
-4.8607968e-31
4.3707769e-31
3.0433704e-31
-3.0021288e-31
-4.811358e-31
-2.3331915e-31
1.4698018e-32
7.53724e-32
3.6381029e-32
2.2146619e-33
-5.0119124e-33
-9.8619104e-34
2.0819172e-33
2.5007624e-33
1.9302353e-33
1.3348581e-33
8.5523988e-34
4.5831528e-34
1.6376074e-34
1.6252261e-36
-4.9937864e-35
-4.5179837e-35
-2.6940569e-35
-1.2977434e-35
-5.7045655e-36
-2.6585945e-36
-1.4159488e-36
-7.8612393e-37
-4.0214528e-37
-1.768184e-37
-6.4253777e-38
-1.8932239e-38
-5.097125e-39
-2.1754933e-39
-1.5892418e-39
-1.058056e-39
-5.022979e-40
-1.3801756e-40
8.5462999e-42
3.1833689e-41
1.8246514e-41
5.8908088e-42
8.9646899e-43
-1.6895452e-43
-1.8002683e-43
-1.1140245e-43
-8.0635843e-44
-5.6877064e-44
-3.3545368e-44
-1.6388367e-44
-6.8616717e-45
-2.5327478e-45
-8.1407532e-46
-2.0299984e-46
-2.0829288e-47
1.3995852e-47
1.1044699e-47
5.066375e-48
2.0936061e-48
9.5425997e-49
4.4209591e-49
1.6540674e-49
3.6265771e-50
-3.8082011e-51
-7.5413619e-51
-3.7913898e-51
-1.2463611e-51
-3.190374e-52
-7.4837548e-53
-1.8762109e-53
-6.3077156e-54
-3.9583844e-54
-2.9167903e-54
-1.6156262e-54
-5.8820714e-55
-1.1563092e-55
1.1715222e-57
4.900907e-57
-8.4170313e-58
-8.9184659e-58
9.0591419e-59
2.5450043e-58
8.6144095e-59
-1.2894722e-59
-2.5904141e-59
-1.5681263e-59
-7.4749709e-60
-3.2162735e-60
-1.2089231e-60
-3.9379383e-61
-1.2731916e-61
-4.7095439e-62
-1.6777693e-62
-4.0916953e-63
-2.8276137e-64
1.8861587e-64
7.6869814e-65
2.3751091e-65
1.3194797e-65
7.0463457e-66
2.8583601e-66
1.1169883e-66
4.500636e-67
1.3854359e-67
2.2634006e-68
1.6232611e-69
1.6085353e-69
9.6851532e-70
6.4588765e-71
-1.446253e-70
-8.2775724e-71
-2.7702332e-71
-3.9629586e-72
2.9187995e-72
2.3277839e-72
6.9518919e-73
6.0332294e-74
-1.777443e-74
-9.5910081e-75
-5.640231e-75
-2.1024682e-75
-1.3819073e-76
1.0883495e-76
-3.675478e-79
-2.7366589e-77
-1.5907465e-77
-4.1933986e-78
-8.5382896e-80
-5.5962564e-80
-1.5082071e-79
-3.2678066e-80
2.3321705e-81
3.3146516e-81
1.5223383e-81
2.1659148e-83
2.3381926e-83
5.7641405e-83
2.1642436e-83
1.0234673e-83
1.4502177e-84
-7.0351797e-88
-1.5121322e-85
-8.3078218e-86
-1.6962867e-86
-1.0599805e-87
1.6295462e-87
9.3904417e-88
6.2187417e-89
7.229463e-89
1.5518711e-89
5.4523313e-90
0
0
0
0
0
0
0
0
0
0
0
-5.8418801e-32
-1.7880441e-26
-8.2770858e-26
4.9422285e-25
1.6657213e-24
-6.0596892e-25
-1.817325e-23
-1.2683597e-24
2.4160425e-23
-3.9087044e-24
3.6733711e-23
1.0159191e-22
-1.6511008e-22
2.6900255e-22
1.5707137e-22
-2.22134e-22
9.3267833e-23
2.1649923e-22
-2.0275872e-22
-1.858204e-22
1.250795e-22
-5.4452893e-23
6.2668e-23
-4.8925197e-23
-5.1374205e-23
3.5174897e-23
-6.655231e-24
5.5116567e-24
8.4083098e-24
9.8589446e-25
-8.5358632e-24
2.9919213e-24
9.6643332e-25
-2.8080593e-24
4.4730682e-25
5.4051739e-25
5.0177218e-25
1.381223e-25
-4.0695535e-26
8.4895858e-26
3.2449776e-26
-2.6800044e-26
-1.5557309e-26
4.0137625e-26
7.7020549e-26
5.4585357e-26
1.9437413e-26
2.1549835e-26
2.0380713e-26
4.5831393e-27
-4.8515132e-27
-2.8857017e-27
-2.2999496e-27
-4.2267696e-27
-2.3029622e-27
-5.1281595e-28
-1.281303e-27
-1.8009711e-27
-8.4223927e-28
-7.4187027e-29
-1.4123103e-28
8.5556989e-29
7.4976965e-28
5.5973429e-28
-1.834777e-28
-2.247958e-28
4.0114185e-28
6.652845e-28
5.2502621e-28
5.3780755e-28
6.5968777e-28
5.7468367e-28
3.6944994e-28
2.6927114e-28
2.3252361e-28
1.3207656e-28
1.8325224e-29
2.4665385e-30
6.162478e-29
9.4248622e-29
6.8882712e-29
3.1255457e-29
1.6862966e-29
1.7780627e-29
1.6146843e-29
9.1098851e-30
2.5042707e-30
-5.8840542e-31
-1.206387e-30
-9.8530692e-31
-6.054966e-31
-2.3952406e-31
-3.7967055e-33
6.8185511e-32
2.9006137e-32
-2.9481676e-32
-5.3672595e-32
-4.5610969e-32
-2.7221787e-32
-1.2876993e-32
-5.40214e-33
-2.4135129e-33
-1.3623766e-33
-9.2321568e-34
-6.314413e-34
-3.9217719e-34
-2.1244788e-34
-9.886521e-35
-3.9748287e-35
-1.4910097e-35
-6.6050822e-36
-4.0838954e-36
-2.7807147e-36
-1.605e-36
-6.7371531e-37
-1.5043568e-37
3.2374416e-38
4.5673647e-38
1.8386953e-38
9.0182964e-40
-3.2381549e-39
-2.1967072e-39
-9.486745e-40
-4.5722961e-40
-3.2263732e-40
-2.3227415e-40
-1.3592965e-40
-6.276976e-41
-2.3168018e-41
-6.8586588e-42
-1.4942163e-42
-6.5815281e-44
1.9175734e-43
1.6156936e-43
9.8772671e-44
5.8194312e-44
3.522946e-44
1.9816058e-44
8.9778502e-45
2.7193967e-45
1.7723744e-46
-3.4813546e-46
-2.2813032e-46
-7.7113166e-47
-1.4102232e-47
-9.4947474e-49
-5.950775e-49
-8.6045937e-49
-6.0588951e-49
-3.3014899e-49
-1.5804698e-49
-5.9856312e-50
-1.392947e-50
-9.9236295e-52
-6.0979924e-52
-1.2712982e-51
-7.6633604e-52
-1.1453924e-52
1.2122598e-52
9.1067239e-53
2.4338878e-53
-4.7806084e-54
-8.298081e-54
-5.1557576e-54
-2.4122855e-54
-9.3819236e-55
-3.0846819e-55
-9.8524116e-56
-4.1286412e-56
-2.0431571e-56
-8.058939e-57
-1.9049534e-57
-6.5323251e-59
1.4079699e-58
8.0550104e-59
4.2177554e-59
2.0723427e-59
7.8411171e-60
2.5375568e-60
9.985058e-61
4.1993796e-61
1.2178335e-61
2.2905642e-62
8.692734e-63
4.7021588e-63
4.2989572e-64
-9.2684197e-64
-5.9009222e-64
-2.0216114e-64
-4.0813367e-65
1.0289449e-65
1.5030308e-65
6.4117548e-66
1.0216738e-66
-1.4439165e-67
-6.463982e-68
2.2853399e-68
2.1296271e-68
3.1816708e-69
-3.1228454e-69
-1.8164523e-69
-4.0094615e-70
-1.3293776e-70
-1.1677286e-70
-5.4513251e-71
-1.1466923e-71
-2.7386525e-72
-1.6819689e-72
-4.1492358e-73
9.0676182e-75
6.9177234e-74
3.8690801e-74
1.1394053e-75
-7.6096878e-77
1.1245336e-75
8.819852e-76
5.3829935e-76
7.8497791e-77
-1.0087967e-77
-1.1938152e-77
-2.3429679e-78
7.7289425e-79
2.9489656e-79
1.4253845e-79
4.2926416e-80
3.358028e-83
1.0170026e-80
3.146787e-81
5.9939294e-82
0
0
0
0
0
0
0
0
0
0
0
-2.924104e-29
-1.0522019e-25
-6.7177784e-25
1.379682e-23
3.2734749e-23
7.1026732e-23
3.0219619e-23
2.4965738e-23
1.1761041e-21
-4.2710115e-22
2.8654828e-22
-2.1900218e-22
2.6044479e-21
-5.0541276e-22
4.010246e-21
-4.7102751e-21
-3.6205159e-21
1.313436e-21
4.3234245e-21
-5.3640731e-21
-7.4147576e-22
-3.7324824e-21
1.6617406e-22
9.3081578e-22
1.2913778e-22
-9.5237813e-22
3.2514419e-22
-1.2941564e-22
-2.5772411e-22
-3.0262981e-23
3.4921781e-23
-8.563775e-23
-3.3265419e-23
5.0867667e-23
-3.7775459e-23
-8.1282504e-24
1.994823e-23
1.0719341e-24
-3.9521831e-24
5.3705229e-24
4.0391167e-24
1.8792912e-24
2.1524588e-24
4.2514196e-25
-3.1848886e-25
8.5202517e-26
-2.2586891e-25
-5.1095717e-25
-3.6925559e-25
-1.3290163e-25
-3.888182e-27
4.8040906e-26
5.5096374e-26
8.8969219e-26
1.2454619e-25
7.8574629e-26
8.7237744e-27
-7.1642098e-27
7.2077745e-27
1.5366921e-27
-5.9106395e-27
5.1203274e-27
9.143809e-27
-5.7353017e-27
-1.6056476e-26
-8.6745007e-27
1.3178505e-27
2.2706419e-27
6.0200157e-28
1.791682e-27
2.7795444e-27
1.7200566e-27
9.6714348e-28
1.1278872e-27
2.9525772e-28
-1.9119574e-27
-3.1902043e-27
-2.320516e-27
-6.2911419e-28
8.6052978e-29
-1.7335548e-28
-3.9920314e-28
-2.0017211e-28
7.0937166e-29
1.236511e-28
2.7394377e-29
-6.1796909e-29
-9.6814694e-29
-9.5287177e-29
-7.3600342e-29
-4.0593181e-29
-9.2733917e-30
7.2191938e-30
7.7682576e-30
1.2248902e-30
-3.7226819e-30
-4.3874282e-30
-2.6102003e-30
-7.8616537e-31
1.1679187e-31
2.8873502e-31
1.838003e-31
6.5058057e-32
1.7708857e-33
-1.7235717e-32
-1.5391845e-32
-8.2492354e-33
-2.5372815e-33
2.5514936e-34
8.5520728e-34
4.8184389e-34
3.4160065e-35
-1.3761744e-34
-8.1257251e-35
2.9435118e-35
8.5275306e-35
7.7652855e-35
4.4590827e-35
1.7221853e-35
4.0529731e-36
3.7852474e-37
5.8135422e-38
1.0853939e-37
-1.1930888e-38
-1.1981626e-37
-1.2275278e-37
-7.0930872e-38
-2.5040264e-38
-3.2685763e-39
2.199578e-39
1.8578825e-39
8.2472977e-40
2.834436e-40
1.1749876e-40
9.4460717e-41
9.2875271e-41
7.4587996e-41
4.4060772e-41
1.7068931e-41
2.07845e-42
-2.4885087e-42
-2.1244144e-42
-8.8529055e-43
-1.9465435e-43
-9.9146834e-45
-6.3583373e-45
-1.7379873e-44
-1.4203504e-44
-7.1640152e-45
-2.6547915e-45
-7.246395e-46
-9.2016676e-47
2.136219e-47
-1.6796217e-47
-4.5437027e-47
-3.4945653e-47
-1.2317459e-47
8.4085107e-49
3.2504132e-48
1.5924638e-48
1.6290242e-49
-2.8113021e-49
-2.4744574e-49
-1.333787e-49
-5.6636733e-50
-1.9897096e-50
-6.3566494e-51
-2.6348417e-51
-1.5506327e-51
-8.2138703e-52
-2.9697224e-52
-5.7370573e-53
3.2450862e-54
7.3667005e-54
4.61142e-54
2.57183e-54
1.1088099e-54
3.6125024e-55
1.3989627e-55
8.027661e-56
3.8053835e-56
1.1885751e-56
3.0731609e-57
9.095605e-58
-1.3969429e-59
-2.8660691e-58
-1.6796006e-58
-4.4711298e-59
-4.1683986e-60
3.691087e-60
3.6621907e-60
1.2179791e-60
-1.3779602e-61
-1.3065681e-61
3.8867612e-62
4.2886985e-62
2.2097976e-62
1.2731772e-62
3.5405642e-63
-9.4640989e-64
-9.1632448e-64
-3.0135678e-64
-9.307205e-65
-3.964323e-65
-2.6473664e-65
-1.2410569e-65
-1.3474947e-66
5.738106e-67
1.5421744e-67
-1.9453357e-68
-6.3744716e-68
-1.1690949e-68
8.3400673e-69
5.7563752e-69
3.1943032e-69
9.2380337e-70
2.8240199e-70
2.7378484e-71
-1.9659918e-71
1.2941033e-72
-9.9187967e-73
1.4634837e-72
2.5820765e-74
1.1347487e-73
1.0957245e-73
4.1822225e-74
3.4625251e-74
4.8174708e-75
3.4887765e-76
0
0
0
0
0
0
0
0
0
0
0
-7.3682889e-28
1.2954516e-24
7.4082712e-23
-1.1030723e-22
-6.779077e-22
2.700471e-22
3.6927136e-21
1.271381e-20
3.0047637e-20
-2.6372017e-20
9.3294895e-21
-3.2881176e-21
-1.4034559e-21
-3.1292055e-20
-1.2359989e-19
4.8800068e-20
3.436483e-20
-9.977171e-20
5.6600561e-20
6.1910819e-21
1.2006192e-20
-4.2246647e-20
1.578471e-20
-1.2613423e-20
-1.1199717e-20
-6.5075592e-21
-2.1378369e-20
-7.7125054e-21
5.5255588e-21
-4.8840573e-21
-2.2601316e-21
-1.9057591e-21
-1.0946596e-21
5.4749079e-22
-4.4068474e-22
-4.3310228e-22
1.9032937e-22
1.9345295e-22
1.5185145e-22
8.6740812e-23
-3.6115877e-24
-1.7398586e-23
-2.1337964e-23
-2.5962899e-23
-1.0722712e-23
-2.3210978e-24
2.0545283e-24
3.5688191e-24
5.8300729e-24
5.0201738e-24
1.3603893e-24
-1.2477525e-24
-9.2004516e-25
5.0119328e-25
4.0254941e-25
-4.9732605e-25
-6.2219994e-25
-1.8191145e-25
5.2701057e-27
-4.0580669e-26
9.0431793e-26
2.328845e-25
1.3454082e-25
-5.056547e-27
1.1427985e-26
9.8537575e-26
9.3086451e-26
1.2422223e-27
-5.4044813e-26
-5.6987192e-26
-4.55922e-26
-2.7356045e-26
3.7887079e-27
2.7885796e-26
2.4543116e-26
8.5188502e-27
6.7354465e-27
1.9262555e-26
2.7520331e-26
2.2081978e-26
1.1259919e-26
6.4359259e-27
7.2590063e-27
8.3014081e-27
7.1274978e-27
4.5512699e-27
2.1037663e-27
2.7417186e-28
-7.4841976e-28
-8.4589432e-28
-3.2472755e-28
1.866901e-28
2.9944484e-28
7.7656063e-29
-1.8239776e-28
-2.7790812e-28
-2.1602484e-28
-1.0645421e-28
-2.9958645e-29
-9.096313e-31
1.2593992e-30
-3.0509174e-30
-5.3492961e-30
-5.0606663e-30
-3.7302738e-30
-2.4343337e-30
-1.4872931e-30
-8.5848767e-31
-4.7051926e-31
-2.6061071e-31
-1.6239986e-31
-1.1329853e-31
-7.5610436e-32
-4.0752375e-32
-1.4608375e-32
-1.3493614e-33
1.7575202e-33
5.4814389e-34
-8.0628252e-34
-1.0913363e-33
-7.4737766e-34
-3.7484495e-34
-1.8190277e-34
-1.1140878e-34
-7.5545308e-35
-4.2671644e-35
-1.6439367e-35
-2.3071152e-36
2.0058337e-36
1.832468e-36
8.1479487e-37
1.9692027e-37
1.3266423e-39
-3.2230251e-39
3.1593179e-38
4.83262e-38
4.0732436e-38
2.2368213e-38
6.8256712e-39
-6.7697157e-40
-2.0430333e-39
-1.1023982e-39
-2.1647306e-40
7.9980879e-41
5.7960463e-41
-4.7956825e-42
-2.3578404e-41
-1.5512161e-41
-5.2828047e-42
-3.5098964e-43
8.5440582e-43
6.7465161e-43
2.5247608e-43
-2.1540094e-44
-9.3144502e-44
-5.5196694e-44
-7.7637132e-45
1.0611079e-44
8.4432534e-45
2.3744123e-45
-6.5961217e-46
-1.0916362e-45
-7.0441806e-46
-3.4072862e-46
-1.3937054e-46
-5.116572e-47
-2.0842851e-47
-1.1784578e-47
-7.0089544e-48
-3.1517945e-48
-9.0151829e-49
-1.240926e-49
6.0708234e-51
1.0984223e-50
1.2543943e-50
9.5067642e-51
4.3608434e-51
1.9227214e-51
1.3094741e-51
8.3032147e-52
3.5358229e-52
1.0509587e-52
2.6232829e-53
2.1120248e-54
-4.8772163e-54
-3.1002268e-54
-4.0404251e-55
2.8357972e-55
1.3071644e-55
3.1065671e-56
-2.2983943e-57
-2.1100901e-56
-1.4036287e-56
2.5221641e-58
4.2005975e-57
2.0212082e-57
3.8460048e-58
1.787385e-59
-7.6882394e-60
-2.3240376e-60
-1.2730057e-60
-5.0869305e-60
-4.1707695e-60
-1.572078e-60
-8.4057594e-61
-4.2936912e-61
-3.9672743e-62
2.6610731e-62
9.7827769e-63
7.1544413e-64
-4.0478255e-63
-6.3368282e-64
6.9286581e-64
3.8032222e-64
1.7733641e-64
7.7815026e-66
-2.5845012e-66
-2.3641981e-66
7.4337422e-67
4.8526682e-67
2.348935e-67
-8.8985516e-68
-1.4616287e-68
2.6823303e-68
2.1918296e-68
6.9972425e-69
1.7508092e-69
7.6899214e-71
9.1218569e-71
0
0
0
0
0
0
0
0
0
0
0
-1.0803747e-26
1.2908585e-23
1.5664064e-21
-1.0833502e-21
-1.2107369e-20
-4.2394559e-20
3.1615988e-20
1.4015699e-19
-3.3350406e-19
2.0839479e-20
-2.0662381e-19
8.6108127e-20
-1.3736709e-19
6.6979318e-19
-9.9657465e-19
-8.078764e-19
2.4083653e-19
6.4500073e-19
-5.3915565e-19
1.9257495e-19
3.2992001e-19
5.8163621e-19
-6.3801303e-19
6.5536013e-19
-1.252837e-19
-2.0895453e-20
-2.1326515e-20
8.2916523e-20
-1.0789272e-20
-2.6390366e-21
3.1731621e-20
7.3247056e-21
2.2635566e-21
2.4670061e-21
6.3908973e-21
2.2918889e-21
2.8545448e-22
-1.8356295e-21
-2.6682802e-21
-1.2239872e-21
-3.316059e-22
-3.3055684e-22
-1.7664376e-22
-6.0606315e-23
-1.9111842e-22
-2.1438128e-22
-9.7884118e-23
2.0737256e-24
3.7399277e-23
4.2089189e-23
3.0119514e-23
5.6215511e-24
6.7983264e-24
1.8876932e-23
1.3932027e-23
1.8897324e-24
2.9691629e-24
8.7813708e-24
5.9929848e-24
1.6314803e-24
2.1494723e-24
1.9373618e-24
-8.4053557e-25
-1.1173273e-24
1.6815524e-24
2.9983924e-24
1.3969515e-24
-4.5847232e-25
-8.3504869e-25
-4.4781754e-25
-1.0471125e-25
2.5966427e-25
6.2601792e-25
6.5124167e-25
3.7915616e-25
1.7331288e-25
2.1553748e-25
3.0544009e-25
2.5340768e-25
1.1838642e-25
-2.4236373e-27
-2.4468863e-26
2.1928558e-27
2.1694818e-26
2.2056078e-26
8.5823766e-27
-8.7555328e-27
-2.2359938e-26
-2.5722708e-26
-1.8421715e-26
-7.2827958e-27
-1.8945565e-28
1.7239231e-28
-2.9304725e-27
-5.1001756e-27
-4.6068807e-27
-2.5592507e-27
-6.920898e-28
1.9675674e-28
2.9867508e-28
1.2052622e-28
-1.8490803e-29
-5.5297492e-29
-4.0651392e-29
-2.289058e-29
-1.6057577e-29
-1.4641971e-29
-1.239716e-29
-8.639407e-30
-5.3286615e-30
-3.4652255e-30
-2.5478904e-30
-1.7732545e-30
-9.2029498e-31
-2.2735439e-31
1.0364773e-31
1.2968487e-31
4.1304134e-32
-2.3286042e-32
-3.4599044e-32
-2.0640189e-32
-8.0272905e-33
-3.3153435e-33
-2.3416734e-33
-1.3941991e-33
-5.1906725e-35
8.5796808e-34
1.0121344e-33
7.1548776e-34
3.614363e-34
1.329389e-34
3.1507202e-35
1.701546e-36
-4.2706548e-37
3.2871088e-36
5.0374373e-36
3.90722e-36
1.6539366e-36
-2.5515838e-39
-5.5688156e-37
-4.2323383e-37
-1.5540813e-37
-1.1949179e-38
1.1892636e-38
-3.3623679e-39
-1.1949587e-38
-9.3639073e-39
-4.0205156e-39
-7.3716494e-40
3.5360694e-40
4.261158e-40
2.3935018e-40
7.1342811e-41
-1.1548996e-41
-2.4479394e-41
-9.7910718e-42
1.9137165e-42
3.8566543e-42
1.5250512e-42
-2.6887241e-43
-6.6088528e-43
-4.6080965e-43
-2.4570764e-43
-1.2518047e-43
-6.2053337e-44
-2.9421767e-44
-1.4488286e-44
-7.5450548e-45
-3.4762359e-45
-1.1705085e-45
-2.962403e-46
-1.2759136e-46
-9.2541227e-47
-4.2221481e-47
-6.8028528e-48
2.7589317e-48
2.5020396e-48
1.9063268e-48
1.4732551e-48
8.1439789e-49
3.2162672e-49
1.1503257e-49
3.9080799e-50
4.912339e-51
-3.1235852e-51
-1.0650763e-52
1.4564002e-51
7.2824684e-52
7.6003011e-53
-8.2776589e-53
-8.8261928e-53
-5.4839668e-53
-1.3403554e-53
6.7608461e-54
7.7084332e-54
3.3981488e-54
4.936775e-55
-2.6455865e-55
-7.5355685e-56
6.8422421e-56
3.2896034e-56
-1.2790824e-56
-1.6761671e-56
-6.8644761e-57
-1.5415429e-57
-3.0493419e-58
-2.6525712e-59
1.0755572e-61
-1.8717043e-60
5.3796743e-60
-4.5292133e-62
2.0104344e-60
1.7988712e-60
4.1581941e-61
1.9759226e-61
5.7555204e-62
4.3897945e-62
3.7153864e-62
8.0936536e-63
1.7251739e-63
-1.0311637e-63
4.4150857e-65
5.0638874e-64
3.6917858e-64
1.4207386e-64
1.4611529e-65
4.0581332e-66
3.2590927e-66
1.2972088e-66
0
0
0
0
0
0
0
0
0
0
0
-3.2595125e-26
-1.3210402e-21
3.6132891e-21
-1.4232684e-20
-2.8185152e-20
-1.2234571e-19
1.5637449e-19
1.5196306e-18
-4.0423409e-18
-7.6194958e-19
-3.6572585e-18
6.1204349e-18
-5.5472933e-18
1.1144193e-18
-3.4621074e-18
4.4973807e-18
2.0422577e-18
-2.5913787e-18
1.5004992e-18
7.0697166e-19
-7.2772796e-18
3.2899034e-18
4.5462327e-18
-7.4175617e-18
1.2585493e-18
2.2651134e-18
6.8443453e-19
-5.6530206e-19
-1.46282e-19
2.855826e-19
-2.9853506e-19
-5.8906066e-20
6.5933668e-20
-6.2793493e-20
-9.6321035e-20
-1.7779324e-20
-1.4746871e-21
-4.1811892e-21
6.7072636e-21
5.3066547e-21
-4.0615409e-22
-1.9386171e-21
-7.7080826e-22
-9.2846563e-23
-1.2932479e-21
1.70719e-22
1.5312634e-21
9.5185495e-22
1.4197059e-22
4.2256541e-23
-1.1263698e-22
-3.0833388e-22
-2.0202782e-22
-2.1840869e-23
-1.1332603e-23
-1.6936641e-23
9.9682409e-23
1.6041916e-22
8.0155078e-23
1.1157784e-23
9.1540642e-24
-3.3373271e-24
-3.0318515e-23
-2.2311488e-23
6.9866412e-25
-1.0793404e-23
-4.5490491e-23
-6.0235188e-23
-4.7179844e-23
-2.7567447e-23
-1.2937912e-23
-1.8018478e-24
5.0281318e-24
4.9389878e-24
1.6059638e-24
1.1242206e-24
3.6621195e-24
4.9922934e-24
3.3620691e-24
9.2847974e-25
-1.5334171e-25
2.2852816e-26
4.5945676e-25
6.2085076e-25
5.2983223e-25
3.3905308e-25
1.2851412e-25
-7.1719063e-28
-3.0262427e-26
9.0053934e-27
4.4995235e-26
5.1688553e-26
1.9935215e-26
-1.5462055e-26
-3.0651247e-26
-1.7676662e-26
-4.2366941e-27
4.8039532e-27
5.8220105e-27
2.8546575e-27
2.1199254e-28
-6.0278471e-28
-2.5333535e-28
2.0885121e-28
3.0930534e-28
1.3727203e-28
-5.3160207e-29
-1.2788084e-28
-1.0742258e-28
-6.4206448e-29
-3.9557192e-29
-3.2144578e-29
-2.6749089e-29
-1.7130192e-29
-7.1625258e-30
-1.5091818e-30
-3.7180154e-31
-1.0918722e-30
-1.5235825e-30
-1.235477e-30
-7.1221237e-31
-3.4806149e-31
-1.7858357e-31
-9.0980674e-32
-2.0514323e-32
3.0118857e-32
4.809444e-32
4.0169059e-32
2.3561955e-32
1.0278305e-32
3.2097276e-33
4.8232931e-34
-1.877474e-34
-1.259542e-34
6.8607048e-35
1.5900781e-34
1.1911674e-34
3.1722023e-35
-2.5508892e-35
-3.4429078e-35
-1.905938e-35
-4.8160868e-36
1.5808347e-37
-3.4323756e-37
-1.3860357e-36
-1.327449e-36
-6.9905807e-37
-1.9372308e-37
1.9931307e-38
6.0779407e-38
4.6757756e-38
2.592043e-38
1.0327749e-38
2.2769143e-39
2.9095809e-41
1.1737405e-40
2.5434896e-40
6.2016517e-41
-1.1076962e-40
-1.207857e-40
-6.4414645e-41
-2.9003572e-41
-1.9752886e-41
-1.6028388e-41
-1.0402166e-41
-5.224267e-42
-2.1982465e-42
-8.0580138e-43
-2.392848e-43
-7.6636374e-44
-7.1069874e-44
-7.1307994e-44
-4.4007035e-44
-1.574685e-44
-2.6910292e-45
4.2452954e-47
1.7451586e-46
2.4101634e-46
2.4607254e-46
1.663694e-46
9.9164002e-47
5.4860527e-47
2.1498734e-47
3.9356988e-48
9.7866759e-50
4.7264146e-49
4.447582e-49
1.6111796e-49
3.8013955e-50
-1.4840949e-50
-3.2082928e-50
-1.5226182e-50
-5.378992e-52
1.0152492e-51
2.2674803e-52
4.8046852e-52
3.5624271e-52
1.0264057e-52
5.3955556e-53
2.6634507e-53
-7.4438658e-54
-1.3377126e-53
-8.8716626e-54
-3.3355453e-54
1.6527741e-55
3.5335527e-55
4.4224242e-57
-2.3746907e-56
-2.8170438e-56
2.4475047e-58
6.8951839e-57
1.0557121e-57
4.1409173e-58
-3.673583e-58
2.0581914e-58
2.1072803e-58
8.8834963e-59
3.3893396e-59
-4.4265358e-60
-2.8735222e-60
1.088414e-60
1.4408257e-60
1.0635442e-60
3.0056422e-61
5.0557805e-62
1.441945e-62
1.512851e-62
6.1489974e-63
3.4909306e-64
0
0
0
0
0
0
0
0
0
0
0
3.9191491e-26
-6.5248603e-21
-1.4713558e-19
-3.7470446e-19
1.2985952e-18
4.9517884e-19
-8.8771662e-18
1.1241522e-17
5.3800165e-18
-1.537078e-17
2.4731009e-17
1.0935276e-17
3.8509443e-17
-3.9664525e-17
5.3440915e-18
-9.2004312e-18
2.937989e-17
-8.9173155e-18
-6.0182506e-17
-3.3448885e-17
-1.3246473e-17
-7.4021279e-17
1.9506231e-17
3.9899302e-17
-1.4845932e-17
-1.894326e-17
8.0615014e-18
-2.4343055e-18
-4.0270478e-19
1.4942882e-18
-9.636391e-19
-3.4619892e-19
-1.663893e-19
-2.1293302e-22
2.2617489e-19
1.3563068e-19
-7.6278423e-21
-1.103065e-19
-7.0319037e-20
-1.5234312e-21
4.9360152e-21
-1.7430329e-22
1.2280292e-20
1.1299713e-20
1.2462319e-20
9.2310843e-21
7.1221106e-22
-4.544884e-21
-2.9859862e-21
-2.5357278e-21
-4.527701e-21
-2.8918873e-21
7.2309068e-22
1.6981443e-21
6.2901476e-22
5.9766581e-22
1.2419886e-21
7.510804e-22
-2.2034144e-22
-3.8203411e-22
-1.4979092e-22
-2.3600946e-22
-3.2654173e-22
-6.5056774e-23
1.8648217e-22
8.7886626e-23
-1.3416864e-22
-1.6208991e-22
-3.1569913e-23
6.8395204e-23
8.9996755e-23
8.7610432e-23
7.9306106e-23
5.3407851e-23
3.2601704e-23
4.8225107e-23
7.9528963e-23
8.2159404e-23
5.0884495e-23
1.6066435e-23
-7.9278868e-25
-2.64472e-24
2.0136016e-26
2.1174095e-24
2.6606675e-24
1.7967081e-24
4.3109741e-25
-3.0497627e-25
-2.3954968e-25
1.0416207e-25
2.2236344e-25
9.1015128e-26
-8.7563639e-26
-1.8292897e-25
-1.4509438e-25
-6.0964771e-26
6.4948634e-27
2.1645261e-26
4.2121512e-27
-1.6056689e-26
-2.0662994e-26
-1.3486131e-26
-4.3355021e-27
7.7594276e-28
1.1046992e-27
-8.3448897e-28
-2.3978255e-27
-2.5990271e-27
-1.9115514e-27
-1.1549235e-27
-7.3030051e-28
-5.6918058e-28
-4.6566592e-28
-3.2626753e-28
-1.82241e-28
-8.508768e-29
-4.2550241e-29
-2.9568532e-29
-2.2799268e-29
-1.4876052e-29
-7.7192718e-30
-3.3393391e-30
-1.1784257e-30
1.7202515e-32
7.7872066e-31
1.0782306e-30
9.4799353e-31
6.1742132e-31
3.1706993e-31
1.3522593e-31
4.9062509e-32
1.2887486e-32
-3.2104537e-34
-1.9564681e-33
7.4234041e-34
2.5577517e-33
1.9881484e-33
4.2248964e-34
-5.5425636e-34
-6.1863754e-34
-2.9925302e-34
-7.6300179e-35
-3.7310733e-35
-6.3896587e-35
-6.6552624e-35
-4.1252659e-35
-1.5087931e-35
-1.562419e-36
2.1808156e-36
2.3262955e-36
1.8355579e-36
1.2563139e-36
6.9095828e-37
2.891304e-37
8.8877609e-38
1.2687528e-38
-1.3373695e-38
-1.8026358e-38
-1.141459e-38
-3.3385503e-39
2.3187882e-40
1.8463929e-41
-8.7631164e-40
-9.9332e-40
-5.9993798e-40
-2.3487186e-40
-5.8928554e-41
-6.1844238e-42
-1.3376016e-42
-7.7462979e-42
-1.0728468e-41
-8.0107384e-42
-3.6687159e-42
-1.0383588e-42
-2.4105129e-43
-1.3278208e-43
-8.1082904e-44
-1.9046847e-44
1.2832949e-44
1.8958803e-44
1.4493702e-44
7.3604585e-45
2.154315e-45
2.156256e-46
2.2981107e-47
8.3715668e-47
5.7234174e-47
2.7871873e-47
1.2803928e-47
2.916343e-49
-4.3444475e-48
-2.3236124e-48
-4.2965079e-49
-1.3947824e-49
-9.3049782e-50
3.4882828e-50
6.5998904e-50
3.6245529e-50
9.1350775e-51
-4.7843903e-51
-5.2654352e-51
-1.3557655e-51
-7.9300507e-53
-8.2622629e-54
8.1673664e-53
1.1991181e-53
-1.3066839e-53
2.2509457e-54
-2.0974832e-54
4.6233116e-55
6.8411901e-55
-1.9886132e-55
2.8445144e-56
-3.5423901e-57
8.2967128e-56
4.9767727e-56
1.1680398e-56
-3.8283314e-57
-1.6863583e-57
1.1813135e-57
1.0764716e-57
5.1345036e-58
1.7203172e-58
1.9434801e-59
2.576012e-59
1.6853238e-59
4.8748882e-60
-2.6860535e-61
-3.8966311e-61
0
0
0
0
0
0
0
0
0
0
0
4.9109513e-26
1.2375255e-19
3.3158938e-19
-7.2472428e-19
-1.3638856e-18
1.1012364e-17
8.2520001e-18
-1.4053944e-16
1.2453003e-17
1.0281594e-16
2.7793586e-17
6.788926e-17
-3.6403199e-16
1.4913214e-16
-3.9911232e-16
-7.8663566e-17
-5.4933727e-17
1.6953603e-16
8.8716266e-17
-5.3039617e-17
1.5925402e-16
2.3202509e-16
-1.7476257e-16
-1.630337e-16
-1.0467331e-16
-1.062803e-18
1.3479614e-17
-2.0528378e-18
-2.4237547e-17
-1.6077963e-17
-6.189791e-19
-3.3444676e-18
-1.3468812e-18
-3.0982537e-18
-2.8083177e-18
-1.0198005e-18
-6.4054257e-19
-1.27945e-19
1.8936727e-19
3.2930359e-19
2.9343631e-19
1.3747573e-19
-2.8001121e-21
-9.0873594e-21
3.0869143e-20
2.8640609e-20
3.0819759e-21
7.9018884e-22
1.6219768e-21
-2.0448965e-20
-2.6756146e-20
-3.309251e-21
1.6773716e-20
1.3272408e-20
5.10951e-21
6.2417552e-21
5.6547952e-21
-9.2556329e-22
-3.7506627e-21
-9.9108546e-22
2.2072282e-22
-1.2679978e-21
-8.0003505e-22
1.9891715e-21
3.2633669e-21
1.9957444e-21
7.2286413e-22
8.9875771e-22
1.3853897e-21
9.780035e-22
-1.3070152e-23
-7.9406511e-22
-1.2095326e-21
-1.4056529e-21
-1.2736066e-21
-7.3330169e-22
-1.2565102e-22
1.224908e-22
-1.7803086e-24
-2.1999716e-22
-3.3595397e-22
-3.2625147e-22
-2.4049956e-22
-1.354877e-22
-5.6080463e-23
-1.7981764e-23
-7.9984754e-24
-5.8865258e-24
-2.8283426e-24
-2.0995974e-25
2.7198079e-25
-4.0533251e-25
-7.3896076e-25
-3.4341158e-25
2.4418855e-25
4.9834679e-25
4.1159825e-25
2.1383393e-25
4.8058062e-26
-2.6914209e-26
-2.4776876e-26
8.8294116e-27
4.0236623e-26
4.3275463e-26
2.8575294e-26
9.9176497e-27
-3.2597626e-27
-6.3261692e-27
-3.9502692e-27
-1.3150145e-27
-5.9557665e-28
-1.089357e-27
-1.4193237e-27
-1.0963128e-27
-4.8965857e-28
-6.0758828e-29
7.5572813e-29
5.6594464e-29
2.4013726e-29
1.9722045e-29
2.6710169e-29
2.8576109e-29
2.5097818e-29
2.0718096e-29
1.6666492e-29
1.2230032e-29
7.6782745e-30
4.0989596e-30
2.0003852e-30
9.8960033e-31
4.6206103e-31
1.2546289e-31
-4.6729887e-32
-6.5619993e-32
-1.405454e-32
2.3594029e-32
2.2840635e-32
5.0666349e-33
-6.5723411e-33
-7.5640716e-33
-4.4906855e-33
-2.57241e-33
-2.2160393e-33
-2.0074628e-33
-1.3635867e-33
-6.308453e-34
-1.7662174e-34
-1.1058698e-35
2.4178665e-35
3.3372644e-35
3.6767821e-35
3.0254974e-35
1.7908473e-35
7.3911797e-36
1.6336212e-36
-5.432721e-37
-9.2401596e-37
-5.9718474e-37
-1.724799e-37
5.0134282e-38
6.2387104e-38
2.2116288e-39
-3.0606371e-38
-2.6098089e-38
-1.1201131e-38
-2.2356861e-39
2.8298148e-40
1.859056e-40
-3.1491917e-40
-5.565579e-40
-4.7957671e-40
-2.6393467e-40
-9.9213411e-41
-3.443564e-41
-2.061001e-41
-1.3990964e-41
-6.0323077e-42
-7.2465194e-43
1.1088792e-42
1.1470185e-42
6.6422341e-43
2.3325618e-43
3.7052187e-44
5.3172724e-45
1.238308e-44
1.0364408e-44
4.6886223e-45
1.6659413e-45
4.070015e-46
-1.3646058e-46
-2.1782427e-46
-1.2611634e-46
-4.5549843e-47
-5.8469052e-48
3.5486571e-48
1.7733475e-48
9.339036e-49
6.6639812e-49
-1.0643811e-49
-4.1229142e-49
-1.978324e-49
1.8180541e-50
5.5834559e-50
1.6316892e-50
-3.430809e-51
-3.3699721e-51
-2.6652756e-52
1.101519e-51
4.1612121e-52
-4.8838905e-53
-5.8172351e-53
-3.6837181e-53
6.3895322e-54
1.3284002e-53
3.3891378e-54
-5.0539904e-55
-5.7891878e-55
-1.8661495e-55
2.4548644e-55
2.2737151e-55
1.0328484e-55
1.3021406e-56
1.0687115e-56
7.9784447e-57
4.8337419e-57
1.1501564e-57
-1.4189892e-58
-9.1168883e-59
1.2032062e-59
0
0
0
0
0
0
0
0
0
0
0
-9.9538144e-24
6.7193083e-19
3.3857983e-18
-1.3394036e-17
-2.4902747e-17
3.268569e-17
4.4224141e-16
-9.2350426e-17
-4.4361816e-16
-9.7404527e-17
-2.2827877e-16
-4.5119036e-16
2.0239054e-17
-7.1738968e-17
7.0738014e-16
1.2805259e-15
-2.7265236e-16
-1.1275097e-15
-6.5273626e-16
-2.3430364e-17
-1.3182597e-15
-6.6430277e-16
8.5810866e-16
-9.5793458e-17
-6.2692223e-17
1.5883749e-17
-1.4498024e-16
-5.884226e-17
2.0426755e-17
-2.535285e-18
7.6426087e-18
2.8272614e-17
5.244275e-18
1.9107344e-18
1.9685192e-18
-2.1054623e-18
-8.4426005e-19
8.7084668e-19
-5.8208002e-20
-1.5092103e-18
-1.0972052e-18
-6.0774746e-20
-1.2033369e-19
-2.2589005e-19
-9.5831252e-20
-1.1857261e-19
-1.1753962e-19
6.0165773e-20
1.0421694e-19
1.1312606e-20
-3.8396911e-21
4.6449385e-20
3.2333145e-20
-2.8233817e-20
-3.5623116e-20
-6.9934292e-21
-7.1673156e-21
-1.9532641e-20
-1.0388529e-20
1.7476291e-22
-7.5885027e-21
-1.3215603e-20
-3.5388144e-22
1.4228156e-20
1.3031761e-20
3.630646e-21
9.1376639e-22
5.0505496e-21
6.7913232e-21
3.1026163e-21
-1.2667448e-21
-3.0948024e-21
-3.7410653e-21
-3.9053364e-21
-1.9262454e-21
2.199641e-21
5.5672763e-21
5.8359314e-21
3.5881444e-21
9.0123845e-22
-7.6944528e-22
-1.1390218e-21
-6.5776163e-22
-7.4212887e-24
3.4956102e-22
3.6112263e-22
2.2956636e-22
1.1057732e-22
4.5677354e-23
1.4714047e-23
8.5422927e-25
-1.4226011e-24
2.5705311e-24
6.6035509e-24
7.2758354e-24
5.1587579e-24
2.44505e-24
5.7015854e-25
-2.3024516e-25
-3.4228369e-25
-1.9522091e-25
-3.3530611e-26
4.2865537e-26
4.8406262e-26
1.0227081e-26
-4.0105616e-26
-6.6737801e-26
-5.5914715e-26
-3.5478392e-26
-1.8460914e-26
-1.2587664e-26
-1.2458599e-26
-1.2044394e-26
-7.7138035e-27
-4.2721684e-27
-1.6779615e-27
-6.3581291e-28
-3.6962628e-28
-2.3003419e-28
-5.741228e-29
7.0829983e-29
1.0964669e-28
9.1679299e-29
6.0527809e-29
3.4714685e-29
1.6421735e-29
5.8167649e-30
2.4055712e-30
2.9581548e-30
3.3459533e-30
2.0486456e-30
2.1981567e-31
-6.5627465e-31
-4.0234792e-31
1.9403659e-31
4.6986771e-31
3.6454382e-31
1.4390779e-31
7.2207732e-33
-2.8800519e-32
-2.6493376e-32
-2.4557413e-32
-2.4408265e-32
-1.9274426e-32
-1.0586644e-32
-3.6633433e-33
-5.7792632e-34
1.1377735e-34
2.3951557e-34
4.0463798e-34
4.8014521e-34
3.794103e-34
2.0604928e-34
7.3000381e-35
7.6567425e-36
-1.2279614e-35
-1.1434334e-35
-4.5499995e-36
6.6867048e-37
1.9642868e-36
9.424216e-37
-1.2076164e-37
-3.9006636e-37
-2.1081852e-37
-3.6875911e-38
1.3742445e-38
5.0905388e-39
-7.8913118e-39
-1.2793729e-38
-1.157545e-38
-7.4314257e-39
-3.597556e-39
-1.6710262e-39
-1.0651294e-39
-7.2935381e-40
-3.5550952e-40
-8.4111076e-41
2.3100797e-41
3.552138e-41
2.1481927e-41
8.2187149e-42
1.8403751e-42
6.9168964e-43
9.3324603e-43
7.1568007e-43
2.9084707e-43
6.8742928e-44
9.0602511e-45
-2.3755061e-45
-1.3628095e-45
-1.2110128e-46
-1.6187137e-45
-1.7544657e-45
-4.8275864e-46
6.3039394e-47
-4.3403231e-48
-2.3931039e-47
-5.9049855e-48
-5.9869027e-48
-6.6928864e-49
6.9994462e-49
1.7227009e-49
1.149446e-48
5.1115641e-49
4.4667389e-51
1.2170821e-49
7.4381333e-50
3.6731633e-50
4.7886408e-51
-1.2382087e-50
-2.4705737e-51
-7.7494219e-52
8.529438e-52
2.5339313e-52
2.0511983e-53
-2.5415642e-53
1.0064782e-53
1.9876384e-53
1.5572365e-53
6.1722414e-54
8.7800226e-55
6.6522097e-55
1.3333249e-54
5.4914314e-55
1.0322992e-55
-3.2245957e-56
-1.6564122e-56
3.1549581e-57
9.6707882e-58
0
0
0
0
0
0
0
0
0
0
0
3.0907918e-22
3.1562718e-18
-2.6016501e-17
-2.1522299e-16
5.5521546e-17
-3.0949695e-16
1.7125795e-16
6.8238228e-17
9.9618294e-16
-1.4523127e-15
6.4685792e-15
-1.1904971e-15
-2.3698485e-15
8.8058472e-15
-6.3307332e-15
-2.323008e-16
9.1466914e-16
4.3448588e-15
-8.3675633e-15
7.6685216e-15
-3.5559125e-17
-6.8470505e-16
-5.5353873e-16
-1.2193885e-15
-7.8838795e-16
-4.8911126e-16
2.0478124e-16
4.3926687e-16
-8.3172981e-17
-7.1467701e-17
-1.944141e-17
-8.3299135e-17
-6.4057904e-17
-9.5578232e-18
-4.74704e-18
-2.2189974e-17
-8.8334936e-18
2.7506542e-18
1.1194724e-18
-2.5501806e-18
2.7450466e-19
2.0484214e-19
-4.7197335e-19
-7.4420357e-20
1.2795714e-19
-5.2047264e-19
-5.5466418e-19
-2.3820246e-20
1.2217934e-19
1.2450082e-19
2.8142951e-19
2.5114548e-19
-1.1539987e-19
-3.6520886e-19
-2.855247e-19
-1.5437213e-19
-1.0311256e-19
-2.0069525e-20
7.7891213e-20
8.3918988e-20
3.9003365e-20
4.9629785e-20
9.9224355e-20
1.0228609e-19
5.19663e-20
1.0003963e-20
5.2151298e-21
1.1589367e-20
3.0047624e-21
-1.4017717e-20
-2.2987552e-20
-2.4245132e-20
-2.582876e-20
-2.4122705e-20
-1.1058685e-20
7.3592841e-21
1.6248861e-20
1.0312582e-20
-2.8252712e-21
-1.2920763e-20
-1.5114671e-20
-1.0775442e-20
-4.502793e-21
-2.0673695e-22
1.1759929e-21
8.6731442e-22
2.7403662e-22
-3.2145789e-23
-1.1208238e-22
-9.9411129e-23
-3.1310974e-23
5.6635124e-23
1.1528299e-22
1.2180093e-22
9.2046223e-23
5.5942324e-23
3.0809587e-23
1.7249137e-23
9.8315742e-24
5.2087566e-24
2.484028e-24
1.2608347e-24
8.3679899e-25
5.4292782e-25
2.1079315e-25
-3.7241526e-26
-1.1754087e-25
-8.8582221e-26
-3.7326109e-26
3.1230094e-27
7.1543904e-27
-3.0351024e-27
-7.8099189e-27
-3.414431e-27
2.8115559e-27
5.446714e-27
4.8208152e-27
3.4732533e-27
2.7426178e-27
2.4059715e-27
1.9370618e-27
1.2634149e-27
6.2344069e-28
1.9692604e-28
-1.15902e-29
-7.6965603e-29
-6.9291361e-29
-3.5755494e-29
-7.9502273e-30
9.163428e-31
-3.8981897e-30
-9.428373e-30
-8.4522227e-30
-2.9595013e-30
1.7466943e-30
3.076537e-30
2.046398e-30
6.8593506e-31
-1.0582737e-32
-1.6929609e-31
-1.8088198e-31
-1.9699043e-31
-1.8530573e-31
-1.2566134e-31
-5.5771743e-32
-1.3381156e-32
-4.6266657e-34
3.773544e-34
1.0228905e-33
2.6618108e-33
3.198117e-33
2.3273523e-33
1.125738e-33
3.3379369e-34
-3.7328637e-36
-8.4336265e-35
-5.6596603e-35
-5.5175695e-36
2.217765e-35
1.993867e-35
6.9703499e-36
-6.2678822e-37
-1.3132683e-36
-8.9406004e-38
2.6931938e-37
-9.6094725e-40
-1.9226821e-37
-1.9660108e-37
-1.4805917e-37
-1.0313031e-37
-6.5405821e-38
-4.0545324e-38
-2.799768e-38
-1.8995825e-38
-9.7535105e-39
-2.8640213e-39
6.6346178e-41
4.9757748e-40
2.6301543e-40
8.5875152e-41
2.7607661e-41
2.8797471e-41
3.6238625e-41
2.6386804e-41
9.9736119e-42
1.2049252e-42
-2.3084211e-43
1.3927424e-43
2.1429533e-43
1.2694066e-43
2.3929464e-44
-4.7507222e-44
-4.6876928e-44
-1.6039509e-44
-7.2576593e-46
1.0014896e-45
3.6482543e-46
-2.0503492e-46
-2.3841299e-46
2.5843051e-47
4.1919132e-47
-1.7495172e-48
2.024835e-47
1.8258924e-47
9.5846691e-48
6.1787782e-48
8.2899394e-49
-5.4561441e-49
-4.3463054e-49
-1.7796237e-49
6.2889832e-50
4.4139989e-50
1.4061668e-50
1.7748133e-51
-3.9737285e-51
2.1713318e-51
8.3077614e-52
4.9802764e-52
8.6077385e-53
3.9949349e-53
7.7831748e-53
5.9412961e-53
3.305609e-53
3.7547977e-54
-1.2314212e-54
4.4269064e-56
3.0548069e-55
-1.5283208e-55
-1.3707306e-55
0
0
0
0
0
0
0
0
0
0
0
-2.0472834e-21
-3.4782329e-17
2.9488773e-16
8.5044431e-16
-3.4111319e-16
7.2745947e-16
-5.8484309e-15
-4.8927136e-15
1.1347556e-14
-1.9426817e-15
2.2355309e-15
1.7678501e-15
-1.641809e-14
1.3267218e-14
-4.4423904e-15
-8.7658771e-15
-2.9813428e-15
2.9108699e-15
2.0344589e-14
-2.0267721e-14
2.6989297e-15
-4.689175e-15
-1.5363783e-15
4.5644978e-15
2.8024871e-15
1.7130516e-15
-1.6147785e-15
-1.2941631e-15
-2.719762e-16
-6.6404873e-16
-8.1125085e-17
-1.8494222e-17
-8.1784249e-17
3.7375637e-17
1.1609019e-17
4.9949528e-18
4.2748326e-18
7.917328e-18
-3.7361189e-18
-4.4866603e-18
-8.5850188e-18
-8.7226075e-18
-1.9316139e-18
2.2068784e-18
5.2829598e-19
-3.4461377e-19
1.067998e-18
5.4766386e-19
-1.1998227e-18
-1.381689e-18
-2.313858e-19
1.3221832e-19
-3.4052786e-19
-3.1329978e-19
1.2007881e-19
2.178126e-19
1.8190468e-19
3.5631686e-19
4.4857442e-19
2.7328419e-19
1.3054372e-19
1.9249804e-19
2.5479439e-19
1.642511e-19
2.9164016e-20
-2.0032649e-20
-5.5635354e-22
1.3842076e-20
6.6671706e-21
4.7145856e-21
1.3335971e-20
1.1908065e-20
3.0525567e-21
1.620036e-20
5.5295271e-20
8.2232468e-20
6.395608e-20
1.1487951e-20
-3.6940164e-20
-5.4348512e-20
-4.1025086e-20
-1.583734e-20
1.8371313e-21
5.6399391e-21
1.1571269e-21
-3.2782277e-21
-4.6907104e-21
-4.1572072e-21
-3.2174254e-21
-2.2732432e-21
-1.2492212e-21
-3.3372429e-22
1.9145028e-22
3.0487414e-22
2.1429165e-22
1.1928178e-22
7.9053209e-23
6.2298537e-23
4.0317972e-23
1.5633625e-23
4.3355397e-25
-2.9444904e-24
-1.0649865e-24
1.5090608e-25
-3.6402549e-25
-1.1377167e-24
-1.1897223e-24
-6.8353675e-25
-2.058287e-25
1.525034e-26
4.2381883e-26
2.039702e-26
7.5486494e-27
9.8150445e-27
1.5606307e-26
1.5397745e-26
1.238705e-26
1.1546272e-26
9.9052827e-27
9.5790066e-27
6.824835e-27
3.4041411e-27
8.2367721e-28
-4.1238948e-28
-6.7447465e-28
-5.1633105e-28
-2.8115408e-28
-1.0635495e-28
-2.7389663e-29
-2.4585784e-29
-4.6846042e-29
-5.0237707e-29
-2.7105733e-29
2.1615536e-30
1.7736946e-29
1.7032522e-29
9.407454e-30
3.3656179e-30
9.0259358e-31
1.8050214e-31
-3.4270231e-31
-7.6613048e-31
-7.7256437e-31
-4.4279407e-31
-1.1418374e-31
2.6854983e-32
2.8882939e-32
4.2034093e-33
5.0568625e-34
7.9222685e-33
1.0738125e-32
7.7207606e-33
3.787992e-33
1.3580758e-33
2.2218739e-34
-1.5782758e-34
-8.3029912e-35
1.2232276e-34
2.02196e-34
1.3958286e-34
5.3576383e-35
1.3803944e-35
6.9267632e-36
4.2533199e-36
-5.7532628e-37
-3.0134154e-36
-2.361997e-36
-1.174154e-36
-7.062422e-37
-6.3019623e-37
-5.5197186e-37
-4.2816155e-37
-2.8999427e-37
-1.5282728e-37
-5.0530965e-38
-4.3016145e-39
3.2678338e-39
2.8691886e-40
-8.6041211e-40
-2.2808433e-40
4.2214203e-40
6.30041e-40
4.7111566e-40
1.9089016e-40
2.1648772e-41
-8.6105971e-42
6.6204834e-42
1.1368359e-41
5.7598351e-42
4.25543e-43
-1.422799e-42
-1.057383e-42
-3.4219595e-43
-2.8312299e-44
2.2511493e-44
1.040961e-44
-4.7470909e-45
-7.8440748e-45
-3.1663851e-45
5.6305026e-46
1.2988497e-45
7.5047897e-46
4.3501919e-46
2.8409772e-46
1.2124193e-46
3.7720061e-47
-4.3268396e-48
-1.215671e-47
-9.9655933e-49
1.9504251e-48
1.3079489e-48
2.7646785e-49
-1.8863347e-49
-8.577148e-50
3.1028511e-50
5.5450467e-50
9.4695504e-51
-1.1884379e-51
-1.0433429e-51
2.7067879e-51
2.1004924e-51
7.859337e-52
2.048842e-52
-5.2617463e-53
2.7834932e-54
2.5166822e-53
1.9569271e-54
-5.7019614e-54
-1.9686685e-54
0
0
0
0
0
0
0
0
0
0
0
-1.1817847e-20
-5.1335979e-16
-2.2081362e-15
3.4931108e-15
-2.9041911e-16
2.1883298e-14
-4.3394964e-14
3.5712223e-14
-7.7875939e-15
4.9812117e-14
-7.4911293e-14
-9.0972134e-14
4.5662508e-15
-2.525701e-15
6.7615849e-14
-3.2391068e-14
1.1476131e-14
-8.6433848e-14
4.1015911e-14
4.9029425e-14
1.9761903e-14
3.3355381e-15
-1.3504215e-15
-1.1999588e-14
3.176367e-15
-2.6395775e-15
-2.9931828e-15
-1.99834e-15
-1.6090395e-15
1.499788e-15
6.1347602e-16
-4.0241746e-16
-1.0918343e-16
-4.141941e-17
-6.6934314e-17
-2.3182874e-17
5.9871086e-19
-1.6696211e-17
-1.4601575e-17
1.5603801e-17
-2.0988464e-18
-1.8362534e-17
-9.8786692e-18
-5.5736439e-18
-8.180503e-18
-2.2003828e-18
3.7387124e-18
6.9334297e-19
-4.5070296e-18
-4.8384822e-18
-3.2609603e-18
-3.3644219e-18
-3.023278e-18
-9.9972992e-19
5.5344376e-19
8.1807344e-19
1.0630855e-18
1.4546319e-18
1.0918395e-18
1.5905971e-19
-3.8664957e-19
-3.9960285e-19
-3.8330098e-19
-5.1031437e-19
-5.848132e-19
-5.0672783e-19
-3.4584193e-19
-1.6633227e-19
1.5355084e-20
1.6704286e-19
2.4263437e-19
2.4392527e-19
2.4289816e-19
2.8627904e-19
3.1539351e-19
2.4568087e-19
8.7296931e-20
-6.2098029e-20
-1.178911e-19
-7.3851797e-20
1.1094962e-20
6.6883622e-20
6.4257674e-20
2.6140315e-20
-8.0444625e-21
-2.0257216e-20
-1.7217973e-20
-1.15373e-20
-8.0908194e-21
-5.258018e-21
-1.8449455e-21
9.9465098e-22
2.0980763e-21
1.7637555e-21
1.0671203e-21
6.6698415e-22
5.291535e-22
4.0836227e-22
2.285515e-22
6.8261448e-23
-6.3487285e-24
-1.081978e-23
3.3562754e-24
6.4918429e-24
-1.5445361e-25
-5.7067258e-24
-5.7544196e-24
-2.8099987e-24
-2.7984146e-25
6.8942242e-25
6.379639e-25
3.6117598e-25
1.6900172e-25
7.9137278e-26
4.0731178e-26
2.8839243e-26
2.3539711e-26
3.0972786e-26
3.0250538e-26
2.5367675e-26
1.2941475e-26
1.9646495e-27
-3.4860248e-27
-4.1317954e-27
-2.7655099e-27
-1.4264032e-27
-7.0200451e-28
-4.2973585e-28
-3.6425091e-28
-3.5690007e-28
-3.1594516e-28
-2.0912936e-28
-7.4094184e-29
2.4109853e-29
5.6228799e-29
4.3004874e-29
2.1290022e-29
9.928268e-30
6.6650756e-30
4.0623376e-30
3.6660722e-31
-2.0414241e-30
-1.9086812e-30
-5.1125987e-31
4.5008297e-31
5.1499035e-31
1.8651644e-31
-3.6443378e-32
-6.3664734e-32
-1.819029e-32
1.1064404e-32
1.5580946e-32
1.1333712e-32
6.1401193e-33
1.9145905e-33
4.9648728e-35
4.2476583e-34
1.2658011e-33
1.3185e-33
7.7993519e-34
3.0646632e-34
1.0921105e-34
4.4142948e-35
-1.3532315e-36
-2.666882e-35
-2.2288139e-35
-8.2632414e-36
-2.1114866e-36
-2.9867824e-36
-4.3597925e-36
-4.0345394e-36
-2.8328786e-36
-1.5625788e-36
-5.9832316e-37
-1.1279926e-37
-3.3617694e-39
-2.1500736e-38
-2.4395693e-38
-7.5973912e-39
3.7308042e-39
5.8847826e-39
4.1189986e-39
1.6885527e-39
2.2206218e-40
-1.2572162e-41
1.6841593e-40
1.9035152e-40
8.8751265e-41
6.6631682e-42
-2.4478322e-41
-1.9673189e-41
-4.6191393e-42
1.8051822e-42
8.4809804e-43
-3.3912798e-43
-3.817459e-43
-1.6280734e-43
1.4039435e-44
4.55209e-44
1.5382473e-44
1.1199903e-44
8.2505286e-45
3.5873153e-45
2.5030482e-45
7.0502852e-46
1.2468151e-46
8.145968e-47
-4.2612383e-47
2.7902894e-47
-4.5873723e-48
-3.805774e-48
-6.2402173e-48
1.3361356e-48
1.4563607e-48
9.7791102e-49
3.970725e-49
-1.7636953e-49
-1.3002918e-50
4.8799325e-50
4.5392827e-50
1.2222785e-50
9.4872051e-53
1.31708e-51
1.505572e-51
4.8654481e-52
-4.1253621e-52
-3.2254206e-52
1.3932168e-54
3.4281039e-53
0
0
0
0
0
0
0
0
0
0
0
7.0559764e-20
1.1228037e-15
-3.5049328e-15
3.740477e-15
-1.3150813e-16
7.1021687e-14
-5.0932513e-14
1.1955018e-13
-9.8616661e-14
-8.4300615e-15
-2.7697859e-14
9.6758614e-14
-8.1228442e-14
1.9830563e-13
-1.5050301e-13
-1.3979826e-14
-1.3474821e-13
1.2262168e-14
-2.1158298e-14
-2.2716281e-15
-7.4143079e-14
-4.2552355e-14
-2.9840041e-14
5.791897e-15
-3.1606668e-15
-6.9820749e-15
-4.9196359e-15
-2.8080368e-15
-8.0204815e-16
6.6018048e-16
6.4225334e-16
-2.4928576e-17
2.7217405e-16
4.5315604e-17
-3.4854415e-17
7.7677828e-17
2.1018628e-16
9.1594563e-17
5.6208886e-17
3.6987027e-17
1.9868086e-17
3.8079703e-17
3.0901284e-17
-1.3794194e-17
-3.6163712e-17
-2.7734677e-17
-2.1706244e-17
-2.0858503e-17
-1.0002779e-17
3.7666632e-18
5.1000929e-18
-2.7218533e-19
-1.0055812e-18
5.197717e-19
-3.3159122e-19
-8.3452185e-19
8.2890092e-19
1.5547333e-18
-3.1854524e-19
-2.4471655e-18
-2.7817608e-18
-1.9365608e-18
-1.2269888e-18
-1.0506224e-18
-1.1581884e-18
-1.1786026e-18
-8.9274639e-19
-3.843356e-19
9.1479161e-20
3.4821517e-19
4.067999e-19
4.5802393e-19
6.1518616e-19
7.384733e-19
6.1255197e-19
2.4712531e-19
-1.1423112e-19
-2.4486929e-19
-1.1459686e-19
1.3032162e-19
2.9866573e-19
2.8424367e-19
1.3653581e-19
-1.7124812e-20
-8.4214692e-20
-7.210779e-20
-3.7909382e-20
-1.8432879e-20
-1.231818e-20
-6.3349467e-21
2.4362594e-21
8.5738186e-21
9.0398103e-21
6.2044385e-21
3.6932658e-21
2.6754346e-21
2.2723699e-21
1.6435574e-21
8.3822267e-22
2.6914525e-22
8.4822962e-23
1.105638e-22
1.336931e-22
8.9690587e-23
2.4951514e-23
-1.104826e-23
-1.304261e-23
-1.4936103e-24
6.7414647e-24
7.9200022e-24
5.5323359e-24
2.8815201e-24
1.2546917e-24
4.6587876e-25
1.6707905e-25
7.7805566e-26
8.5134952e-26
1.0487422e-25
7.9889221e-26
5.3257383e-26
1.4456075e-26
-8.9988535e-27
-1.2865637e-26
-7.2641721e-27
-1.9293937e-27
8.6838982e-30
-4.5017581e-28
-1.2343962e-27
-1.5015881e-27
-1.3185356e-27
-9.3525963e-28
-5.1360225e-28
-1.7201349e-28
1.3294948e-29
5.3380501e-29
3.0669874e-29
1.5787384e-29
2.1059041e-29
2.5050849e-29
1.6041465e-29
2.803224e-30
-2.8788802e-30
-2.4580171e-31
3.8178799e-30
4.4991669e-30
2.4054643e-30
2.5537501e-31
-5.9211036e-31
-4.8900883e-31
-1.8586222e-31
-1.7698818e-32
2.8285852e-32
2.6833024e-32
1.3237459e-32
2.4363411e-33
1.2265014e-33
5.6431054e-33
7.8387604e-33
5.7330676e-33
2.5125641e-33
7.2721232e-34
2.2298571e-34
4.0118277e-35
-1.188953e-34
-1.4764552e-34
-6.8538156e-35
-7.0557441e-36
-3.5818696e-36
-1.9084676e-35
-2.3597744e-35
-1.809384e-35
-1.0737002e-35
-4.9263233e-36
-1.517359e-36
-3.4896117e-37
-2.6645461e-37
-2.3774401e-37
-8.1228944e-38
2.1402403e-38
3.0917204e-38
1.4155321e-38
4.035918e-39
4.6451172e-40
1.0577399e-39
2.6798034e-39
2.3404425e-39
7.7154573e-40
-1.6499275e-40
-2.77603e-40
-1.4874516e-40
-3.7033263e-41
1.4618041e-41
9.9365444e-42
-5.7618774e-42
-6.6804891e-42
-1.9477563e-42
5.7920972e-43
1.0500587e-42
4.1443889e-43
-5.7834511e-44
-2.7452268e-45
6.1016624e-44
4.3609523e-44
2.4587968e-44
4.7509507e-45
2.2762334e-47
2.7598076e-48
-3.2990625e-46
-6.12643e-47
-4.2837323e-47
-1.2206251e-47
6.8001178e-47
3.2808824e-47
1.3924099e-47
1.5363513e-48
-8.6294305e-49
-7.9339584e-49
7.985989e-49
4.4321165e-49
2.2912649e-49
3.7182309e-50
1.0694383e-50
1.8730151e-50
6.3423801e-51
-2.3600206e-51
-3.1849428e-51
-1.5800912e-51
-8.9134979e-52
-2.3932517e-52
0
0
0
0
0
0
0
0
0
0
0
-2.7468482e-19
3.6822226e-15
3.315993e-14
-3.2872352e-14
-6.3107071e-14
-9.3296911e-14
1.0980669e-13
6.5883421e-14
1.136273e-13
-1.5946538e-14
5.6507775e-14
4.1628785e-14
-2.7149546e-14
-5.8597762e-14
1.1054503e-14
1.1769997e-15
2.2266904e-14
-5.5274272e-14
1.9599412e-14
-2.4152806e-14
-2.2190044e-14
5.8940953e-14
1.7885896e-14
1.5285336e-14
-5.6618987e-15
-1.4035616e-14
7.2526159e-15
3.2913308e-15
4.4056322e-15
1.6645269e-15
-6.4477556e-17
1.2034032e-15
3.3357364e-16
-2.2881384e-16
-4.6170846e-16
-2.5801437e-16
-2.4709633e-16
-2.8322146e-16
-2.1526204e-16
-1.8462271e-16
-7.829072e-17
3.2917155e-17
3.5086997e-17
3.6822865e-18
5.5182715e-18
2.9235649e-18
-2.1376417e-17
-2.8110284e-17
-1.944648e-18
1.9221446e-17
1.6210078e-17
1.0623763e-17
1.2511776e-17
1.0524527e-17
5.2470618e-18
6.2104136e-18
9.4543269e-18
6.2107374e-18
-7.2129074e-19
-3.6087694e-18
-1.3020575e-18
2.4472607e-18
4.7971293e-18
5.0809639e-18
4.0905247e-18
3.4113424e-18
3.7950153e-18
4.3826927e-18
4.1074399e-18
3.0585261e-18
2.1675105e-18
2.043764e-18
2.3266673e-18
2.1905308e-18
1.3891182e-18
4.6797851e-19
1.8546323e-20
1.2318475e-19
4.8523626e-19
7.4655614e-19
6.8584084e-19
3.0809417e-19
-1.4650621e-19
-4.0109012e-19
-3.8676821e-19
-2.4096529e-19
-1.2308676e-19
-8.0445076e-20
-7.0004716e-20
-5.0447006e-20
-2.2877768e-20
-4.9953843e-21
-1.795553e-21
-4.4443601e-21
-4.7009452e-21
-2.1865471e-21
-2.334198e-22
-2.1722481e-22
-9.5146615e-22
-1.0710848e-21
-4.8156574e-22
1.2416891e-22
2.9104771e-22
1.1968098e-22
-7.7609235e-23
-1.3393617e-22
-7.93574e-23
-8.0979879e-24
2.775321e-23
2.9677041e-23
1.8105584e-23
7.5944127e-24
1.8376997e-24
-2.4481264e-25
-4.7853403e-25
-1.1077418e-25
2.1733439e-25
2.9504705e-25
1.8911265e-25
5.7294715e-26
-1.9844344e-26
-3.5365956e-26
-1.7510638e-26
5.5826787e-27
1.3916666e-26
9.4369087e-27
2.1282882e-27
-1.9503391e-27
-2.5625938e-27
-1.779359e-27
-9.793302e-28
-4.6146614e-28
-1.6249933e-28
-4.426144e-29
-3.9131581e-29
-3.772432e-29
1.2415882e-29
7.0456685e-29
8.2720664e-29
5.339216e-29
2.4791933e-29
2.0695209e-29
2.937309e-29
3.0527669e-29
1.9771674e-29
6.437983e-30
-1.1422271e-30
-2.4720803e-30
-1.2652768e-30
-2.63829e-31
2.6206238e-32
1.9089004e-32
-7.336539e-33
-1.0397995e-32
1.5376435e-33
2.1274336e-32
3.2383244e-32
2.5703904e-32
1.1015415e-32
1.682394e-33
-1.7840709e-34
2.721593e-34
-3.3607436e-35
-5.5221006e-34
-4.7576738e-34
-1.2091736e-34
3.2318649e-35
-1.4227584e-35
-7.0244151e-35
-7.1634366e-35
-4.9416843e-35
-2.7640004e-35
-1.1591716e-35
-3.2156766e-36
-1.1051622e-36
-9.0863122e-37
-3.7570885e-37
8.2044267e-38
7.6085467e-38
-5.6825156e-38
-7.1995661e-38
-2.554838e-38
6.9776586e-39
1.7845669e-38
1.4248783e-38
4.4968841e-39
-1.8095211e-39
-2.4075745e-39
-9.5125858e-40
-4.8510189e-41
9.6999705e-41
-2.0159352e-41
-7.7681183e-41
-4.0367163e-41
2.9716647e-42
1.3689134e-41
7.594717e-42
1.584714e-42
-4.019355e-43
-1.1575319e-43
5.4059966e-43
5.8261813e-43
2.3876861e-43
3.7164062e-44
-7.2815123e-45
-5.5923812e-45
3.6112929e-45
2.4121712e-45
1.9900024e-47
1.8672272e-46
2.1194043e-46
4.216196e-46
1.3368177e-46
-5.9152372e-48
-9.4684934e-48
1.6358685e-47
8.9271542e-48
5.0430396e-48
-8.6158292e-49
-4.9910754e-49
3.0599865e-49
5.2109313e-49
1.725281e-49
-8.7562265e-50
-7.7135626e-50
-2.2662719e-51
1.1869895e-50
-3.4464639e-51
-3.1258882e-51
0
0
0
0
0
0
0
0
0
0
0
1.5341552e-19
2.2854601e-14
4.568914e-14
-7.151082e-14
1.1795651e-13
-5.0728855e-14
1.6015358e-13
5.7908529e-14
-4.1770011e-14
-2.0952655e-14
-1.4591411e-14
-3.8594719e-15
4.6027798e-15
2.7556104e-15
-1.1281225e-14
1.1541072e-14
-1.2662462e-14
-4.6747821e-15
1.8164152e-14
-2.5184694e-14
-2.9078697e-14
-4.0584297e-14
-1.3031848e-14
-1.8836425e-15
-3.3608391e-15
-5.2030741e-15
-1.5597422e-14
3.7089698e-16
5.7758042e-15
1.3264776e-15
-1.389208e-15
-2.0273551e-15
-1.4388987e-15
-1.0907634e-15
-5.1652788e-16
-5.0609074e-16
-5.1296847e-16
-1.0794976e-16
6.1077726e-17
-4.1522988e-17
-6.7938478e-17
-1.0371123e-16
-1.840185e-16
-1.3931501e-16
6.4294008e-18
8.6603517e-17
7.9976155e-17
6.3755764e-17
5.0343093e-17
2.2813769e-17
-2.4462057e-18
-1.0193529e-17
-1.3689136e-17
-2.1449981e-17
-2.0265341e-17
-8.0283377e-18
-2.4116728e-18
-8.8290115e-18
-1.3929407e-17
-1.0243359e-17
-2.8750919e-18
2.3935417e-18
3.5834917e-18
1.1746681e-18
-1.3641916e-18
-2.8345345e-19
3.4328403e-18
5.1861638e-18
2.984939e-18
-1.9887071e-19
-7.4036014e-19
1.2531515e-18
2.9544046e-18
2.7431582e-18
1.6190468e-18
1.1249984e-18
1.4753609e-18
1.9840637e-18
2.172127e-18
1.9559234e-18
1.3151716e-18
4.4679641e-19
-2.5319307e-19
-4.4570517e-19
-2.0179782e-19
1.1811005e-19
2.4606658e-19
1.9189921e-19
1.0511211e-19
7.0865598e-20
7.0758538e-20
6.28701e-20
3.9876365e-20
1.9644573e-20
1.2312779e-20
1.1930373e-20
1.0025696e-20
5.5558512e-21
2.1565867e-21
1.7572083e-21
2.8719238e-21
3.2675165e-21
2.3433972e-21
9.672464e-22
7.2678854e-23
-1.3994721e-22
1.2885949e-24
1.4839713e-22
1.7587512e-22
1.2306589e-22
5.9131808e-23
1.7731437e-23
2.074939e-27
-3.8435597e-24
-2.3045758e-24
-9.8323418e-26
9.4578711e-25
8.5027541e-25
3.0881405e-25
-7.9290441e-26
-1.710807e-25
-8.7656395e-26
2.3092285e-27
4.097586e-26
3.8246414e-26
1.4837204e-26
-2.0236365e-27
-6.3519956e-27
-3.6806283e-27
-1.483201e-27
-9.8579479e-28
-1.172932e-27
-1.1662448e-27
-9.6463617e-28
-7.4563858e-28
-5.1712618e-28
-2.6009403e-28
-4.9040803e-29
5.271621e-29
7.8815873e-29
9.6593254e-29
1.2135285e-28
1.2360496e-28
8.9183501e-29
4.0174183e-29
5.9573206e-30
-4.992211e-30
-3.0738168e-30
1.4128497e-32
4.9788165e-31
-1.7048135e-31
-4.6424684e-31
-2.9593839e-31
-7.015949e-32
4.3365283e-32
6.8385488e-32
4.5775013e-32
8.2137041e-33
-1.3134743e-32
-1.0778697e-32
-1.205461e-33
1.6566509e-33
-8.2607642e-34
-2.2305504e-33
-1.1659864e-33
1.0383813e-34
3.517057e-34
7.2577699e-35
-1.2009197e-34
-1.4241637e-34
-1.0128264e-34
-5.1193727e-35
-1.396879e-35
1.0196897e-38
-7.3497251e-38
-8.5603283e-37
1.0805418e-37
2.7128966e-37
-3.3651731e-37
-5.2196535e-37
-2.6517151e-37
-3.3438604e-38
4.691193e-38
4.1475001e-38
8.7140723e-39
-1.1011675e-38
-9.750515e-39
-3.8425772e-39
-1.5639079e-39
-8.7818108e-40
-5.5129984e-40
-4.1864734e-40
-1.1638554e-40
1.2420072e-40
1.1276207e-40
3.6248528e-41
-1.3584524e-42
-7.6426633e-42
2.2758203e-42
6.2102847e-42
3.2086237e-42
1.0085984e-42
-1.3179467e-43
-1.6440612e-43
1.1020471e-43
6.5654761e-44
2.9222373e-44
-9.4297731e-45
-4.0847035e-45
-1.6413548e-45
2.1291587e-45
2.1997664e-45
3.6796407e-46
1.1131412e-46
5.801253e-47
4.6088044e-47
8.9831161e-49
7.5871594e-48
1.9585325e-48
4.7425449e-48
1.7480592e-48
-5.6346373e-49
-6.2762944e-49
-2.3976404e-52
7.5108192e-50
-1.0939911e-49
-6.5362025e-50
1.138805e-50
7.4020161e-51
0
0
0
0
0
0
0
0
0
0
0
-1.2101576e-17
1.6907606e-17
4.7405508e-14
1.5585989e-13
1.1322698e-13
-6.6437229e-14
2.310242e-14
-6.0529567e-14
-2.0021682e-14
5.0578248e-15
-9.1370713e-16
5.9186784e-15
8.0052539e-16
-7.8745473e-15
-2.2045037e-15
2.628155e-15
5.5022795e-15
1.4861699e-14
3.1204658e-15
3.6806591e-15
3.987429e-15
6.5166055e-15
6.1628724e-15
-5.1901698e-15
-1.3088787e-14
-8.569749e-15
-9.4454264e-15
-7.6800061e-15
5.1896143e-15
3.0975818e-15
-3.3165078e-15
-2.9586103e-15
-1.9094266e-15
-1.4855442e-15
-5.5514333e-16
9.0636997e-17
3.6064396e-17
-5.8352821e-17
7.1558417e-17
2.7395667e-16
2.1165551e-16
-5.1832875e-18
-1.3245119e-16
-4.1445113e-17
9.8776981e-17
1.260742e-16
1.1981504e-16
1.1430789e-16
6.1671941e-17
-4.8596562e-18
-2.9321992e-17
-3.1897507e-17
-4.7367607e-17
-5.9201122e-17
-4.8420634e-17
-3.4475572e-17
-3.356218e-17
-3.1057842e-17
-1.4755465e-17
5.4067113e-18
1.8311607e-17
2.2050785e-17
1.7003284e-17
8.6885707e-18
8.2398925e-18
1.7891055e-17
2.5776013e-17
2.165036e-17
9.9399298e-18
2.5591872e-18
3.8776643e-18
7.9555357e-18
8.53009e-18
6.1169666e-18
4.5280926e-18
4.7726974e-18
4.9683946e-18
3.983751e-18
2.5071885e-18
1.3730021e-18
4.3443705e-19
-6.0048331e-19
-1.2645926e-18
-1.0548511e-18
-2.1641657e-19
5.0167024e-19
6.531988e-19
3.9986591e-19
1.3243286e-19
2.7940727e-20
2.4691781e-20
2.2380851e-20
1.7193089e-21
-9.1532505e-21
-1.9501956e-21
6.4046582e-21
4.6162551e-21
-1.5066401e-21
-2.3617811e-21
2.8631032e-21
7.8916597e-21
8.1609035e-21
4.6617828e-21
9.8769728e-22
-6.8613192e-22
-5.8657968e-22
5.4694838e-23
4.1330485e-22
3.8453249e-22
1.9728735e-22
4.2391245e-23
-2.7605124e-23
-3.7779166e-23
-2.4188613e-23
-8.7019354e-24
3.806523e-25
2.7943961e-24
1.70014e-24
1.3341235e-25
-4.9995794e-25
-3.3784675e-25
1.2581784e-26
1.8758149e-25
1.6750506e-25
8.6159977e-26
2.6200782e-26
6.2285373e-27
6.8062399e-27
1.0371286e-26
8.2418481e-27
3.0155019e-27
-2.845257e-28
-1.234094e-27
-1.2771972e-27
-1.33571e-27
-1.3170038e-27
-9.9683959e-28
-4.9962135e-28
-6.588877e-29
2.1011553e-28
3.4845347e-28
3.6756427e-28
2.8469569e-28
1.5562689e-28
5.2543252e-29
8.2440574e-30
4.6186089e-30
9.1015438e-30
6.9069261e-30
1.294062e-30
-1.7507233e-30
-1.5457635e-30
-4.4549313e-31
7.1633936e-32
4.4019886e-32
-9.356753e-32
-1.5419738e-31
-1.3536499e-31
-7.4787486e-32
-1.7749852e-32
5.1841804e-33
9.6631608e-35
-7.6797124e-33
-5.9775455e-33
-2.9423355e-34
2.2596159e-33
1.471946e-33
1.8252658e-34
-3.0450354e-34
-2.5975453e-34
-1.0654048e-34
6.0883194e-37
3.1744313e-35
1.3860371e-35
-3.8277587e-36
-3.953182e-36
3.8096779e-37
3.119898e-37
-1.1785082e-36
-1.2056929e-36
-5.4520392e-37
-1.3377058e-37
1.3108936e-38
1.7363571e-38
-2.9793738e-38
-3.9032965e-38
-1.7306742e-38
-7.951003e-39
-8.9242888e-39
-5.9943308e-39
-1.6389498e-39
3.2139646e-40
7.7072935e-40
5.1105604e-40
1.0086032e-40
-6.1996534e-42
2.4242796e-41
2.8131181e-41
2.5518117e-41
1.2285088e-41
-4.0399542e-44
-7.5544754e-43
1.4001714e-43
6.6701829e-43
5.2491245e-43
5.1941032e-45
-1.0811328e-43
-4.5455451e-44
1.580507e-44
2.3722387e-44
8.2292995e-45
1.4627464e-45
-7.6301278e-46
5.0942136e-46
6.0364488e-46
2.9361365e-46
-3.104659e-47
-2.8833941e-47
-5.2469694e-48
1.3426992e-47
5.5503708e-48
-7.9494752e-49
-1.8372723e-48
-6.5320419e-49
1.1037047e-49
-1.8851353e-49
-2.2579527e-49
-5.3532632e-50
-1.7286654e-51
0
0
0
0
0
0
0
0
0
0
0
1.2356179e-17
1.1114983e-06
-2.7988507e-13
1.396332e-13
7.2390426e-14
-9.5508248e-14
2.866088e-14
-2.8898601e-13
3.8305575e-13
1.0233935e-13
-4.5553874e-15
4.2879988e-15
-2.3374602e-15
-1.3070987e-15
1.0778939e-15
4.1642537e-16
-5.715949e-15
2.9073579e-15
-4.1537162e-15
-5.0548265e-15
4.6337111e-15
-1.165433e-16
2.6499816e-15
-6.3693184e-15
-8.0444824e-15
8.6369505e-15
5.2201032e-15
-4.6842559e-15
-1.9166483e-15
1.2303102e-15
-2.9050964e-15
-2.6686837e-15
-1.0355034e-15
-5.2138403e-16
-4.6861535e-16
3.4071734e-16
8.0355578e-16
1.0165288e-16
-6.4269197e-17
1.6692837e-16
1.9197746e-16
7.1766457e-17
1.0596059e-16
2.7816459e-16
2.7321751e-16
1.5401652e-16
1.1506892e-16
1.0720837e-16
5.2412413e-17
9.6078336e-18
2.0460177e-17
1.9846263e-17
-1.3380719e-17
-2.3039447e-17
-1.2287149e-17
-2.5466751e-17
-4.6710513e-17
-4.3739096e-17
-3.2009684e-17
-3.223387e-17
-3.9316799e-17
-4.8790711e-17
-6.0392596e-17
-5.9745037e-17
-3.5433595e-17
-4.4995447e-18
5.5073842e-18
-8.121698e-18
-2.3175718e-17
-2.2720336e-17
-1.1998244e-17
-4.9094027e-18
-4.6972455e-18
-4.303906e-18
1.9627321e-19
4.5491647e-18
4.2254938e-18
8.8306588e-19
-9.7574429e-19
-4.9806947e-19
6.3269054e-20
-6.1657047e-19
-1.3326232e-18
-7.0642431e-19
8.4121338e-19
1.8845821e-18
1.7469622e-18
9.5565085e-19
2.9835612e-19
5.204425e-20
4.7726293e-20
7.357301e-20
7.3014737e-20
7.1485755e-20
7.2943459e-20
6.079876e-20
3.5700291e-20
1.5952463e-20
1.2810084e-20
1.9448765e-20
2.2800466e-20
1.7934553e-20
9.2555969e-21
2.7306869e-21
3.2025169e-22
4.3164967e-22
9.3026996e-22
9.0590213e-22
5.0796643e-22
1.2451409e-22
-6.9126209e-23
-1.0486562e-22
-7.2026336e-23
-3.1326491e-23
-5.5555282e-24
4.0588478e-24
3.9483278e-24
1.0603261e-24
-7.6191315e-25
-8.4678242e-25
-2.0927007e-25
2.5524797e-25
3.2400468e-25
1.8831089e-25
6.865801e-26
1.7359564e-26
1.7876448e-26
2.8724544e-26
2.6644345e-26
1.6180526e-26
5.2261239e-27
1.4089006e-27
5.1479598e-28
-4.3497779e-28
-1.8108205e-27
-2.5074916e-27
-2.0637655e-27
-1.0259146e-27
-1.0995411e-28
3.8713427e-28
5.1788364e-28
4.324558e-28
2.66471e-28
1.2317909e-28
5.1538363e-29
3.6609423e-29
3.6032011e-29
2.562904e-29
9.4061489e-30
-9.4939398e-31
-2.7179632e-30
-8.8289791e-31
1.8037932e-31
-9.792038e-32
-5.8436332e-31
-6.6015518e-31
-4.4887199e-31
-2.1167646e-31
-6.194674e-32
-5.1448195e-33
-5.0039181e-33
-1.5904139e-32
-1.3047756e-32
-1.4229375e-33
5.4138313e-33
4.4543191e-33
1.1525458e-33
-4.4926999e-34
-4.1579485e-34
-3.1064269e-35
1.4575663e-34
1.3268203e-34
5.2333532e-35
-4.8541621e-36
-1.2146272e-35
9.631395e-37
5.3218145e-36
1.0239114e-36
-2.0347365e-36
-1.7778445e-36
-7.5086408e-37
-1.8801414e-37
-1.2301147e-38
-2.7458774e-38
-7.2688436e-38
-6.3862354e-38
-3.402902e-38
-1.9409079e-38
-1.2643571e-38
-5.473608e-39
-5.3268115e-40
1.0780135e-39
9.1590493e-40
3.6252263e-40
1.0292962e-40
1.1188172e-40
1.110249e-40
4.8339758e-41
4.9131851e-42
-4.0360438e-42
-8.2264781e-43
2.6068929e-42
2.3139605e-42
5.9452445e-43
-2.038675e-43
-1.759996e-43
-1.2580401e-44
9.7741427e-44
4.1384928e-44
1.5768938e-45
-3.2264586e-45
2.6185376e-45
2.3860398e-45
1.713863e-45
2.0936432e-46
-1.5221285e-46
-7.1221725e-47
8.379352e-47
3.900694e-47
-5.3744986e-48
-1.3472957e-47
-1.1426017e-48
3.7417342e-48
1.3935089e-49
-1.189658e-48
-1.5988295e-49
9.9513615e-50
-6.8307793e-50
-1.5604166e-50
0
0
0
0
0
0
0
0
0
0
0
2.8035342e-06
-1.3070907e-10
-3.4741944e-12
1.7592904e-11
1.0570293e-10
-1.4164349e-10
1.6041086e-11
-8.0323993e-13
1.1151267e-13
-4.1955794e-14
-5.6993873e-15
-2.4543436e-15
-3.6661331e-15
6.9545805e-16
1.7082246e-15
-3.6108924e-15
-2.8687842e-16
-1.4215857e-15
-3.0104471e-15
1.5142814e-15
-2.5355966e-15
-6.7749752e-16
-2.8624817e-16
-4.7746739e-15
-3.7463901e-15
2.3209307e-15
4.9678167e-15
-1.0324829e-17
-2.7012861e-16
1.0024771e-15
1.9472501e-15
1.2856696e-15
2.3481305e-15
2.3156397e-15
6.6715599e-16
5.2463477e-16
6.4187815e-16
2.3547252e-16
-1.5842128e-16
-1.6706239e-16
-4.0258873e-17
-9.6987158e-17
-2.8710941e-17
9.4762419e-17
1.081331e-16
4.2860756e-17
-6.7508202e-17
-1.263196e-16
-8.6083269e-17
-1.5864711e-17
3.1120722e-18
-3.8587535e-17
-7.4839116e-17
-7.4273168e-17
-7.8401759e-17
-8.9553452e-17
-6.9841824e-17
-4.0417833e-17
-4.3195807e-17
-6.3818748e-17
-7.4086882e-17
-7.9002077e-17
-7.9634924e-17
-5.5439019e-17
-7.5549147e-18
2.7149851e-17
2.2576537e-17
-3.5337486e-18
-1.6344058e-17
-7.5602381e-18
2.5989625e-18
-2.8938179e-19
-6.107669e-18
6.5846587e-20
1.3398253e-17
1.6504071e-17
5.4684958e-18
-5.3634709e-18
-3.9060665e-18
4.9906733e-18
7.9357963e-18
2.0632775e-18
-3.5112273e-18
-1.3101303e-18
5.9612953e-18
1.0543719e-17
9.0467661e-18
4.4939015e-18
1.1357429e-18
2.9682293e-19
7.8006075e-19
1.2585325e-18
1.4010428e-18
1.3585362e-18
1.1706412e-18
8.1926522e-19
4.2710335e-19
1.8293594e-19
1.425982e-19
1.9591349e-19
2.111895e-19
1.5449051e-19
7.4492908e-20
2.2008215e-20
6.2341004e-21
8.0321517e-21
9.3876215e-21
5.717015e-21
6.3757222e-22
-2.333901e-21
-2.7489268e-21
-1.8693416e-21
-8.677803e-22
-2.2545631e-22
4.6101292e-23
9.1166853e-23
4.8838735e-23
5.4743616e-24
-9.499763e-24
-4.056927e-24
4.4189805e-24
6.9917216e-24
4.7635265e-24
1.8756264e-24
5.2993724e-25
4.1053332e-25
5.4186333e-25
4.7297519e-25
2.7678173e-25
1.2422046e-25
5.2774342e-26
3.2834684e-26
2.5213505e-26
4.4386675e-27
-1.584813e-26
-2.2940028e-26
-1.7992006e-26
-6.2911635e-27
4.7623762e-28
3.1460795e-27
3.0371849e-27
2.0589301e-27
1.2235318e-27
8.282308e-28
7.5498375e-28
7.1613335e-28
5.3215513e-28
2.588354e-28
5.4141518e-29
-1.4962707e-29
-4.2311022e-30
8.6829859e-30
-2.9787423e-31
-1.4156991e-29
-1.7525865e-29
-1.1965619e-29
-5.3635157e-30
-1.6612886e-30
-4.8690956e-31
-4.0253489e-31
-4.660672e-31
-3.226946e-31
-4.6034064e-32
1.3258796e-31
1.2823102e-31
4.3953181e-32
-6.9164443e-33
-8.3098799e-33
3.7203986e-33
7.6446715e-33
4.893835e-33
1.4745748e-33
-2.4315581e-34
-3.7333926e-34
8.9984416e-35
2.8860179e-34
1.3154718e-34
-4.0788221e-35
-6.863103e-35
-2.9246064e-35
-2.83842e-36
1.7892304e-36
-1.457854e-36
-3.8258235e-36
-3.1510046e-36
-1.5285752e-36
-7.4412645e-37
-5.0124359e-37
-2.9279254e-37
-1.2681381e-37
-2.446413e-38
2.6521083e-38
2.7136794e-38
1.4298038e-38
8.2243943e-39
4.20716e-39
1.7729049e-39
5.6532729e-40
-6.9389153e-41
1.0861927e-40
1.8920153e-40
6.0723366e-41
4.7905779e-42
-2.2782441e-41
-2.0957337e-43
6.6959851e-42
5.6674638e-42
1.6546633e-42
-8.2893466e-43
-2.681944e-43
2.7656853e-43
3.3569417e-43
8.3599319e-44
-5.2335807e-45
-1.1908323e-44
8.0543618e-45
6.1015806e-45
9.6433736e-46
-1.8870486e-45
-5.2255433e-46
3.3894242e-46
8.2174194e-47
-8.2737862e-47
-4.3043918e-47
-1.550472e-47
9.2632568e-49
1.9393883e-48
-9.8733515e-49
-1.2851276e-48
0
0
0
0
0
0
0
0
0
0
0
3.5891465e-06
-8.83642e-11
-1.6411002e-21
2.7099902e-18
2.0433134e-18
3.941515e-18
5.7822585e-13
-5.1517573e-13
8.9636123e-14
2.5790756e-14
4.4501122e-15
-2.8283986e-15
-5.7990208e-16
1.222092e-15
2.3289998e-15
9.5162646e-16
-8.5463055e-16
-2.0993612e-15
1.3137202e-15
-5.2315139e-16
6.0621159e-16
1.2334184e-15
2.4210366e-16
1.3206281e-15
9.8657395e-16
5.9185138e-17
1.1291955e-15
1.6458017e-15
-2.8397368e-16
-1.0876049e-16
-1.9386674e-16
-1.3130041e-15
-5.308043e-16
4.9213657e-16
2.9484538e-16
1.5651053e-16
4.8226047e-16
5.5753345e-16
1.7252361e-16
3.7308069e-17
-8.6824672e-17
-2.9601388e-16
-3.7389544e-16
-2.5084922e-16
-4.5412097e-18
8.4892563e-17
-1.3322226e-17
-4.5874738e-17
5.4648224e-17
1.3103606e-16
1.0690605e-16
7.1876205e-17
7.0832517e-17
2.3685244e-17
-7.6864864e-17
-1.1555146e-16
-7.5291837e-17
-6.8628621e-17
-1.2138486e-16
-1.4755385e-16
-1.2948784e-16
-1.2629853e-16
-1.2882964e-16
-6.8023508e-17
4.1715955e-17
9.3679251e-17
4.1809372e-17
-2.961669e-17
-2.8641306e-17
1.9174965e-17
3.120649e-17
7.1086867e-18
2.1082045e-17
8.8489291e-17
1.2943603e-16
8.7872701e-17
1.5583117e-17
1.3972059e-18
5.0131237e-17
8.7681031e-17
6.4907784e-17
1.0692495e-17
-1.8171201e-17
-5.5804778e-18
1.9929427e-17
2.8432206e-17
1.7772701e-17
3.6543076e-18
-2.5843592e-18
-1.4056721e-18
1.7224967e-18
3.6235966e-18
4.1929906e-18
3.9629722e-18
3.0934309e-18
1.8343039e-18
7.3761948e-19
2.1980795e-19
2.1023893e-19
3.4425063e-19
3.5844119e-19
2.4254878e-19
1.100509e-19
3.5681221e-20
1.4927566e-20
1.2360159e-20
6.9564612e-21
-1.5204584e-21
-7.0199857e-21
-7.4965852e-21
-5.0807876e-21
-2.4398713e-21
-7.8342201e-22
-7.9372983e-23
9.3517243e-23
7.0393861e-23
1.8428413e-23
-6.8448911e-24
-5.5936099e-24
3.923902e-24
8.4614972e-24
6.5404863e-24
2.8091788e-24
7.3798802e-25
5.3569032e-25
8.7528259e-25
8.9687059e-25
6.2191734e-25
3.0695028e-25
1.5654631e-25
9.6021343e-26
7.1456268e-26
4.7748286e-26
6.8712485e-27
-2.0559185e-26
-2.3784771e-26
-1.3389517e-26
-3.1467144e-27
1.2023011e-27
1.3328451e-27
5.8393698e-28
4.6104661e-28
8.1908227e-28
1.1425696e-27
1.1637209e-27
8.8994296e-28
4.9492887e-28
1.8222238e-28
4.2680756e-29
2.3467012e-29
2.6359832e-29
7.2769104e-30
-1.830474e-29
-2.7364401e-29
-1.9819425e-29
-8.8220867e-30
-2.6615364e-30
-1.0549028e-30
-9.8937051e-31
-8.5036374e-31
-4.6326537e-31
-6.6266094e-32
1.5017118e-31
1.5354478e-31
5.9671834e-32
-2.5749264e-33
-4.3842922e-33
1.176725e-32
1.4795233e-32
7.600522e-33
1.4777971e-33
-4.6143436e-34
-2.4387688e-34
2.82188e-34
4.1572707e-34
1.9013117e-34
-3.9050073e-35
-8.1093697e-35
-2.6029662e-35
7.0219115e-36
5.4196298e-36
-3.0223446e-36
-6.4652556e-36
-5.0056939e-36
-1.9539183e-36
-4.8919566e-37
-5.5291395e-37
-5.9285906e-37
-3.1024054e-37
-8.3064824e-38
1.3863136e-38
3.5432101e-38
1.9283162e-38
7.9360735e-39
6.0649566e-39
3.1475698e-39
1.260346e-39
5.8448932e-40
7.3443159e-42
-5.1799842e-42
1.2165613e-42
-2.1754834e-41
1.2691875e-41
1.0462008e-41
9.0185029e-42
1.7478735e-42
-6.6268694e-43
4.9933748e-43
4.972387e-43
5.4023994e-43
2.1848132e-43
3.4221772e-44
-2.1660536e-44
1.9829278e-44
1.9240609e-44
6.0427298e-45
-3.1223281e-45
-1.2541239e-45
1.1217765e-46
1.914883e-46
7.8889214e-47
-7.1901096e-47
-1.2683291e-46
-8.4387998e-48
1.6740022e-47
-1.3043552e-47
-7.1725044e-48
1.3994074e-48
8.2013489e-49
0
0
0
0
0
0
0
0
0
0
0
3.5891264e-06
-4.8373427e-11
-1.0710857e-18
-2.007023e-18
4.4573588e-18
-2.542073e-17
5.6941603e-13
-8.7477393e-14
-3.5448144e-14
-1.7640071e-14
-1.5992426e-15
1.0805367e-14
-3.3397709e-15
-1.6834002e-16
2.1419356e-15
2.2842913e-15
4.6115925e-16
1.7934347e-15
2.0229627e-15
-2.3459189e-17
-3.2764227e-16
-9.5977433e-16
-2.6239305e-15
-2.6205604e-16
-1.7489019e-16
-2.8520823e-15
-8.2002587e-16
1.427887e-15
8.4698464e-16
1.103823e-15
1.032426e-15
7.030841e-17
-3.2513248e-16
-3.194871e-16
-6.1098216e-16
-7.6117981e-16
-1.3819853e-16
2.2441993e-16
3.2882713e-16
4.143119e-16
3.7223033e-16
1.710463e-16
-3.4796994e-17
4.192401e-17
2.2008707e-16
2.2334884e-16
1.4536181e-16
1.0699572e-16
6.6943386e-17
-1.1307846e-17
-5.3535256e-17
-9.5332594e-19
4.3927216e-17
-1.723119e-17
-9.2107481e-17
-9.007479e-17
-9.3912491e-17
-1.6503322e-16
-2.0454605e-16
-1.4767109e-16
-9.2873254e-17
-1.2442506e-16
-1.700548e-16
-1.3307493e-16
-5.4461721e-17
-4.2870547e-17
-1.0605534e-16
-1.477117e-16
-1.1649338e-16
-6.6649533e-17
-5.1340901e-17
-3.7103632e-17
2.1738114e-17
8.5952505e-17
7.9697192e-17
1.1432144e-17
-2.3778472e-17
2.2776184e-17
9.3880874e-17
1.0450077e-16
4.6629721e-17
-1.4586786e-17
-2.6844904e-17
4.536944e-19
2.5741777e-17
2.6449956e-17
1.1891119e-17
2.5781126e-19
-1.6206755e-18
1.8935403e-18
5.1540917e-18
6.5100588e-18
6.5587615e-18
5.6947199e-18
4.0429235e-18
2.1483919e-18
7.9104473e-19
2.9524411e-19
3.5626652e-19
4.834481e-19
4.3950849e-19
2.7751966e-19
1.3034953e-19
5.459081e-20
2.877859e-20
1.6705286e-20
4.2302254e-21
-5.6400715e-21
-8.9039391e-21
-6.9106155e-21
-3.4611208e-21
-1.0376886e-21
-2.469104e-23
1.6890804e-22
1.0677486e-22
3.6137613e-23
5.0296011e-24
4.1788599e-25
4.7601295e-24
7.4722209e-24
5.8832187e-24
2.4945425e-24
3.4139526e-25
1.4963794e-25
7.7267215e-25
1.0844481e-24
8.768458e-25
5.0147282e-25
2.4582861e-25
1.5421256e-25
1.3209061e-25
9.2063317e-26
5.3279654e-26
2.0346858e-27
-1.8835987e-26
-1.5968226e-26
-5.8453718e-27
-6.2180983e-28
-1.1565396e-27
-2.4375038e-27
-1.8745242e-27
-1.5100044e-28
1.2079301e-27
1.6060656e-27
1.313309e-27
7.9987658e-28
3.8095477e-28
1.6144937e-28
9.1572412e-29
6.6617392e-29
2.68489e-29
-1.8397161e-29
-3.9498336e-29
-3.2286163e-29
-1.5485109e-29
-4.881849e-30
-2.1245488e-30
-2.1126448e-30
-1.6674301e-30
-7.5040062e-31
-6.7958404e-32
1.871438e-31
1.685601e-31
6.6334569e-32
4.8719054e-33
8.224127e-33
2.878289e-32
2.824799e-32
1.2453923e-32
1.0418482e-33
-1.0886527e-33
2.6093865e-34
9.439092e-34
6.9359277e-34
2.3009919e-34
-5.2892893e-35
-8.0851475e-35
1.3422284e-36
3.6052219e-35
1.2538661e-35
-9.8406924e-36
-1.1709412e-35
-6.3836741e-36
-2.5170689e-36
-1.0003012e-36
-1.0094247e-36
-1.1060537e-36
-6.6317244e-37
-1.8029268e-37
7.8979003e-39
2.8723261e-38
1.6498097e-38
8.2536051e-39
9.3296941e-39
9.2848722e-39
4.2778036e-39
6.2091625e-40
-2.033715e-40
-1.1348963e-40
8.7408409e-41
7.7519928e-41
5.3709935e-42
-1.0743942e-41
1.0136478e-41
7.2006144e-42
3.962388e-42
2.2181665e-42
1.1348439e-42
1.484578e-43
1.8663039e-43
1.328594e-43
1.0056274e-43
3.4501159e-44
1.534974e-44
1.5029578e-45
6.4202975e-46
-1.5202438e-45
-1.1654438e-46
6.7335225e-46
9.8700354e-47
-3.752045e-46
-3.2734229e-47
6.3134302e-47
-9.9841769e-49
-1.9466147e-47
-7.7354389e-48
1.5498592e-48
8.8649272e-50
-1.1013638e-48
0
0
0
0
0
0
0
0
0
0
0
2.8035048e-06
1.1927909e-10
1.2871967e-12
7.0504396e-12
2.6353836e-11
2.7110133e-11
-1.1019502e-10
-4.7743968e-13
3.8031274e-13
-4.1908973e-15
4.9922605e-16
4.4507843e-15
-1.7376493e-15
-1.02788e-16
-1.582191e-15
-2.0418461e-15
-1.4788306e-15
1.379728e-15
5.647674e-16
-5.5317964e-16
1.0221148e-15
-8.183418e-16
-1.9126641e-15
8.6568895e-16
3.6039138e-15
4.7739995e-16
-2.0856513e-15
-9.6146675e-16
-5.6786666e-16
-2.3318174e-15
-4.0745412e-16
1.8607553e-15
1.4162646e-15
4.2481468e-16
2.1979583e-16
5.4340697e-16
1.9076088e-16
-2.1000537e-16
9.2802836e-18
2.6862907e-16
3.3050922e-16
2.7862509e-16
3.8949186e-16
5.5783856e-16
4.4769374e-16
2.1229897e-16
1.1767259e-16
8.8467164e-17
-9.5411508e-18
-1.072766e-16
-9.2010968e-17
-1.6798308e-17
-5.4181858e-19
-2.1407009e-17
-1.2383354e-18
2.2446692e-17
-8.1278078e-18
-3.5825874e-17
3.8855619e-18
5.8881491e-17
4.8232309e-17
-1.0671307e-17
-4.1485783e-17
-2.335788e-17
-2.8552563e-18
-1.4138885e-17
-3.7887814e-17
-4.1391335e-17
-2.4064884e-17
-7.8726374e-18
-1.9250846e-18
3.1660063e-18
1.1681748e-17
1.2959594e-17
9.9106605e-19
-1.1630908e-17
-8.7403875e-18
8.0172539e-18
1.9680139e-17
1.3122185e-17
-4.0155758e-18
-1.4306347e-17
-1.0602262e-17
-8.5253e-19
3.9559359e-18
1.520122e-18
-2.8734802e-18
-4.4064221e-18
-2.8596802e-18
-5.6023039e-19
9.9296113e-19
1.7955648e-18
2.1142525e-18
1.9060917e-18
1.2116479e-18
4.2436273e-19
-2.0231975e-20
-3.5617672e-20
1.3763147e-19
2.4261978e-19
2.1063117e-19
1.1791532e-19
4.6945431e-20
1.8180016e-20
1.1026142e-20
5.793205e-21
-1.1605031e-21
-5.6927813e-21
-5.8291408e-21
-3.4455867e-21
-1.1403421e-21
-6.6879751e-24
2.1936726e-22
1.2707357e-22
4.0401426e-23
1.4114908e-23
1.318326e-23
1.3309707e-23
1.0727917e-23
7.3048158e-24
4.159769e-24
1.9945436e-24
1.1077809e-24
1.0985768e-24
1.1996318e-24
1.0125194e-24
6.2507673e-25
3.399411e-25
2.1368241e-25
1.778893e-25
1.4760712e-25
9.17211e-26
4.474556e-26
5.80067e-27
-5.0434693e-27
-9.6274004e-28
1.5139496e-27
-1.7464489e-27
-5.4928144e-27
-5.4386194e-27
-2.4198951e-27
5.1582527e-28
1.7489902e-27
1.6173847e-27
1.0541311e-27
5.9998602e-28
3.5023699e-28
2.2880074e-28
1.4963756e-28
6.8659101e-29
-7.1236263e-30
-4.8681351e-29
-4.7954261e-29
-2.6699649e-29
-9.908382e-30
-4.5722073e-30
-4.2618751e-30
-3.2319957e-30
-1.2633596e-30
2.0512817e-32
2.778283e-31
1.259109e-31
1.4598535e-32
1.1887411e-32
5.3035372e-32
7.7406771e-32
6.1094203e-32
2.466471e-32
7.7379804e-34
-2.7768805e-33
1.0136339e-33
2.2522952e-33
1.0547047e-33
5.498027e-35
-1.4096193e-34
-9.8233572e-36
1.0624928e-34
1.0237653e-34
2.5871166e-35
-2.4057624e-35
-2.2119814e-35
-6.6973976e-36
-1.5130359e-36
-2.6849367e-36
-3.5407708e-36
-2.6592857e-36
-1.1189855e-36
-2.2033195e-37
-6.9952638e-38
-8.7920834e-38
-4.4083558e-38
1.0784866e-38
3.4080378e-38
2.4452412e-38
8.84783e-39
1.7282912e-39
-3.5149429e-40
4.3286492e-41
4.30061e-40
7.1692473e-41
-4.4068298e-41
-3.1872107e-41
1.9531443e-41
3.4632179e-41
1.5182369e-41
1.0048484e-42
4.6821635e-43
2.2621392e-42
1.2102951e-42
4.6250231e-43
2.1779519e-44
5.4002493e-44
6.4858005e-44
3.0643962e-44
-9.3534587e-45
-4.9891614e-45
2.5743856e-45
1.4606048e-45
-1.7201583e-45
-4.9518101e-46
-5.3593109e-47
8.1547859e-47
3.5147593e-47
-6.2228395e-47
-7.358591e-48
1.9167776e-47
-6.6094865e-48
-4.7883634e-48
2.39993e-48
0
0
0
0
0
0
0
0
0
0
0
-1.906323e-17
1.1115487e-06
1.5112736e-12
2.9595683e-13
-5.7353512e-14
-7.0572178e-14
1.2759811e-13
1.599778e-13
-1.1786902e-13
5.7575798e-14
-1.8896525e-15
-2.7248732e-15
2.8671063e-15
2.1397888e-15
2.447931e-15
-1.6929735e-17
1.8076129e-15
-4.819104e-16
7.6856451e-16
2.3624325e-15
-3.3735372e-15
-2.2541865e-16
-4.8400266e-15
-1.0996195e-14
-2.5204194e-15
2.6983437e-15
-4.1733965e-15
5.702273e-16
1.7566924e-15
-3.4201994e-15
-2.2083573e-15
1.0355984e-15
2.2918092e-16
-8.478779e-16
5.2776774e-16
1.5088974e-15
6.120866e-16
1.5769173e-17
1.8472612e-16
1.6296132e-16
-1.6634523e-16
-1.7461862e-16
1.4836099e-16
2.2375705e-16
-1.8867763e-17
-2.0455639e-16
-2.0824951e-16
-1.928053e-16
-2.3546554e-16
-2.3606457e-16
-1.5644365e-16
-9.9289104e-17
-1.0608136e-16
-1.025931e-16
-7.122428e-17
-6.9899178e-17
-8.7609983e-17
-5.477256e-17
1.6779116e-17
4.2227112e-17
-8.0455871e-19
-4.4675343e-17
-3.7116398e-17
-4.3795284e-18
3.66223e-18
-1.5990459e-17
-2.8774287e-17
-1.6860116e-17
4.3160082e-18
1.5670242e-17
1.6863002e-17
1.631234e-17
1.5526206e-17
1.1440466e-17
5.222619e-18
2.8552812e-18
6.4399266e-18
1.1073924e-17
1.1128234e-17
6.7158407e-18
2.4647352e-18
1.5566284e-18
2.9226446e-18
3.7004975e-18
2.7347897e-18
1.0789586e-18
7.3474922e-20
-2.3197296e-20
2.4688207e-19
4.1974643e-19
4.4407326e-19
4.2443271e-19
3.8148096e-19
2.8258454e-19
1.4689427e-19
4.0935915e-20
4.0541261e-21
1.6651776e-20
3.5278522e-20
3.6185365e-20
2.3405956e-20
1.0289007e-20
3.5846283e-21
1.8857649e-21
1.5773042e-21
9.386742e-22
1.4588388e-22
-2.8163264e-22
-2.8789847e-22
-1.2972352e-22
-1.4205605e-23
1.7238266e-23
8.5319265e-24
-1.4860265e-24
-3.3693613e-24
-1.728786e-24
-5.4581071e-25
-2.5052218e-25
-1.5657708e-25
-4.4340673e-27
1.0696355e-25
1.2818879e-25
1.017908e-25
7.2659975e-26
5.5971838e-26
3.7668037e-26
2.7494055e-26
2.0962138e-26
2.080641e-26
2.2599378e-26
2.1809827e-26
1.1808326e-26
6.2454223e-27
2.688061e-27
1.8074702e-27
1.3425003e-27
2.3795514e-28
-8.7300643e-28
-1.1746812e-27
-7.2747746e-28
-1.4602968e-28
1.5062012e-28
1.7422428e-28
1.1079403e-28
6.9572937e-29
5.4651235e-29
4.3004874e-29
2.7659389e-29
1.2772283e-29
1.9660158e-30
-3.6763666e-30
-4.714829e-30
-3.2143817e-30
-1.5693412e-30
-8.3120016e-31
-6.3546866e-31
-4.1840872e-31
-1.3205478e-31
3.2709885e-32
4.1127847e-32
1.4664711e-33
-1.1635347e-32
-1.6986303e-33
7.8982285e-33
9.5659388e-33
6.5071851e-33
2.7318224e-33
4.7477661e-34
-1.6667416e-35
1.8165531e-34
2.0667973e-34
4.9027262e-35
-3.5411201e-35
-1.6156174e-35
1.3634402e-35
1.7224983e-35
8.4008114e-36
6.8082548e-37
-1.9445863e-36
-9.5294687e-37
1.3348564e-37
8.9356239e-39
-3.4582814e-37
-3.2996111e-37
-1.6882902e-37
-5.5424279e-38
-8.7630808e-39
-9.3281653e-39
-1.4583895e-38
-6.4435693e-39
1.1305011e-39
2.418008e-39
1.3748956e-39
1.8027585e-40
-1.2203474e-40
1.0266467e-40
9.8815683e-41
1.7464136e-41
-1.4343164e-41
-1.8334793e-41
-5.7647246e-43
2.9097339e-42
2.7060922e-42
7.6788909e-43
-1.1309896e-43
1.6742315e-43
2.207367e-43
9.8330175e-44
-8.1290903e-45
-1.2431706e-45
8.1883057e-45
5.5495606e-45
-3.1831024e-46
-6.0382956e-46
3.2658652e-46
2.6694217e-46
-1.1674097e-46
-4.049589e-47
-3.1598661e-47
-8.4722174e-49
2.7850019e-50
-5.6698332e-48
-9.94679e-49
4.0402259e-49
-1.171555e-50
-2.8698753e-49
3.5223284e-51
2.2208359e-50
-3.9088761e-50
0
0
0
0
0
0
0
0
0
0
0
3.1472991e-17
-1.6067817e-17
-3.5417099e-14
-1.8746308e-13
-2.5785411e-14
3.7904797e-13
-6.819412e-14
1.8278613e-15
5.0939301e-14
2.4985921e-14
-5.5976523e-15
3.791798e-15
-5.2450262e-16
-5.1765789e-15
-4.301143e-15
-4.2397288e-15
-1.2580913e-15
2.7001612e-15
1.4322777e-15
-8.0351136e-16
-3.2205646e-15
1.0469231e-14
2.3777022e-14
-4.2740824e-15
-1.0880524e-14
-5.9726014e-15
-5.1725939e-15
1.5483373e-15
5.6121897e-15
3.4394256e-15
2.8194125e-15
3.7033694e-15
1.7798093e-15
-1.3071126e-16
1.6162887e-16
2.6649384e-16
-8.1967241e-17
8.1067385e-17
5.0660268e-16
4.5307161e-16
1.4080188e-16
9.7206485e-17
1.5171458e-16
6.582422e-17
-2.4602559e-17
-1.0638352e-17
2.3219568e-17
1.660618e-18
-2.9190286e-17
-1.1024678e-17
2.3140316e-17
2.3013308e-17
8.0344701e-18
9.009812e-18
8.3110295e-18
-8.4517923e-18
-1.3075886e-17
1.0951271e-17
3.0407844e-17
1.3529416e-17
-1.909919e-17
-2.6452216e-17
-6.1206405e-18
8.0485021e-18
-2.8398685e-18
-2.0834131e-17
-2.2181045e-17
-8.1952155e-18
3.5874705e-18
4.7241278e-18
8.5197942e-19
-1.3265571e-18
-1.9392895e-18
-3.5335024e-18
-5.022741e-18
-4.1520747e-18
-1.363067e-18
7.2553121e-19
7.0287157e-19
-2.5245513e-19
-4.0433309e-19
4.2094676e-19
1.08947e-18
8.0146281e-19
-6.7464983e-20
-6.701112e-19
-6.6637983e-19
-3.3976879e-19
-8.084253e-20
4.3935491e-21
2.1369744e-20
4.7822549e-20
6.5439094e-20
4.4560364e-20
3.7741145e-21
-1.8080142e-20
-9.2452133e-21
1.1040693e-20
2.1290919e-20
1.7425398e-20
8.305646e-21
2.2396909e-21
7.8145077e-22
1.3236499e-21
1.5569403e-21
1.0610815e-21
4.148485e-22
5.719699e-23
-1.3363562e-23
1.9502946e-23
3.8058086e-23
2.8011044e-23
1.2484561e-23
4.3396846e-24
2.0139864e-24
1.1606092e-24
3.4723794e-25
-7.1995572e-26
2.9111368e-26
2.7265168e-25
3.5584855e-25
2.6227107e-25
1.4782428e-25
6.3647468e-26
3.2750836e-26
2.00852e-26
1.6964864e-26
1.3398983e-26
1.3282347e-26
1.4720286e-26
1.211869e-26
9.7766252e-27
6.5522231e-27
4.427268e-27
2.8925445e-27
1.253965e-27
-2.3923591e-28
-9.4103039e-28
-7.7556048e-28
-2.8278449e-28
2.9763049e-29
7.6317795e-29
3.0284896e-29
1.8777726e-29
3.8519368e-29
4.6398714e-29
3.3132035e-29
1.5197038e-29
4.1699734e-30
-3.5702625e-31
-1.9619854e-30
-2.292877e-30
-1.9245965e-30
-1.4005034e-30
-9.6152164e-31
-5.3543092e-31
-1.4350603e-31
6.5541923e-32
7.0755859e-32
7.5933616e-33
-1.5956189e-32
-1.2099245e-33
1.2212193e-32
1.1729765e-32
6.3270916e-33
2.7567134e-33
1.2338538e-33
6.2342979e-34
3.6300429e-34
1.534273e-34
-3.369256e-35
-8.0014462e-35
-1.4508228e-35
3.4258261e-35
2.778656e-35
7.6672918e-36
-3.5695267e-37
-5.308315e-37
4.4307716e-37
6.6702962e-37
1.4735173e-38
-5.6706961e-37
-4.4827204e-37
-1.0485695e-37
7.8577796e-39
-1.7975726e-38
-3.0068183e-38
-1.9648415e-38
-5.8904513e-39
2.0018906e-39
1.7210091e-39
-1.4737829e-40
-1.1983836e-40
1.6406687e-40
1.8011723e-40
1.1625281e-40
-1.7000779e-41
-4.3142386e-41
-7.9204901e-42
7.0122921e-42
4.8521276e-42
1.1357161e-43
-3.9449361e-43
8.792447e-43
6.0729047e-43
2.8967411e-43
2.4443774e-44
2.7142713e-44
2.7500214e-44
1.6528895e-44
-2.4744697e-45
-1.2885029e-45
1.4642075e-45
6.7794679e-46
-2.9463435e-46
2.7000943e-47
-4.5922687e-47
4.7256089e-48
-1.719176e-47
-9.5898093e-48
6.8353709e-48
-1.7397999e-48
-1.8820222e-48
6.3363439e-49
-1.6969855e-49
-3.7685777e-49
8.6451237e-50
-2.0294394e-51
1.2135293e-51
0
0
0
0
0
0
0
0
0
0
0
2.1709641e-18
1.1830444e-13
2.9303518e-14
-3.8472167e-14
-2.7881027e-13
-1.1366388e-13
1.0059348e-13
2.6952832e-14
-8.8145376e-14
3.4973702e-14
2.6190666e-14
-3.3933641e-15
-7.1739677e-15
-4.6221039e-15
6.5770421e-15
1.4307803e-14
1.4444835e-14
1.2838359e-15
-1.0310468e-14
-3.8595742e-15
-2.5556399e-14
-1.4824771e-14
2.3370209e-14
1.6592549e-14
-1.2562364e-14
5.8224731e-15
1.1210429e-14
7.5683824e-16
1.2778831e-15
3.4833609e-15
2.4805571e-15
1.8571418e-15
1.7835615e-15
1.602348e-15
7.979026e-16
5.5420505e-18
-1.5098983e-16
8.6992567e-17
2.1762063e-16
8.153916e-17
-3.7121486e-17
-3.8569071e-17
-6.0665111e-17
-9.3344822e-17
-5.5548804e-17
8.4284508e-18
1.8251455e-17
-1.0659478e-17
-1.9710124e-17
-8.1109273e-18
-9.8374908e-18
-2.3065265e-17
-2.4319728e-17
-1.7392531e-17
-1.9608948e-17
-2.5432555e-17
-1.9219494e-17
-6.1236203e-18
-3.7621407e-18
-1.2969333e-17
-1.6824007e-17
-6.806099e-18
5.313525e-18
5.53315e-18
-3.3123237e-18
-7.6265334e-18
-1.975654e-18
5.9727398e-18
7.7251824e-18
3.9174305e-18
4.7793724e-19
-1.1833702e-19
2.8851132e-19
2.6316421e-20
-3.7672211e-19
1.0717892e-20
8.4975576e-19
1.267605e-18
1.1654738e-18
1.0943044e-18
1.2884705e-18
1.4037419e-18
1.0821814e-18
4.5359348e-19
-4.5806706e-20
-1.7501408e-19
-5.2501443e-20
7.4787314e-20
9.1110278e-20
4.4458815e-20
1.2743076e-20
1.2190175e-20
1.6742495e-20
1.0434241e-20
8.7453614e-22
-7.5073837e-22
4.8749337e-21
9.6526919e-21
8.9734681e-21
4.7840135e-21
1.1573433e-21
-8.7159569e-23
2.6342538e-22
7.776846e-22
8.0517346e-22
4.9415882e-22
1.8647315e-22
3.3894333e-23
4.5344436e-25
6.4065273e-24
1.0373874e-23
7.8068321e-24
4.2929408e-24
2.1767569e-24
9.1965151e-25
2.5159628e-26
-3.8169078e-25
-2.9758196e-25
-5.7008058e-27
1.8624693e-25
2.0070219e-25
1.2324271e-25
5.0201873e-26
1.5912481e-26
9.6192247e-27
8.2692756e-27
6.0754357e-27
2.7229631e-27
2.268827e-27
4.2660294e-27
5.8928442e-27
5.6914024e-27
4.2517442e-27
2.6146176e-27
1.2556289e-27
2.8795983e-28
-2.1003406e-28
-2.6869219e-28
-1.1719373e-28
-6.0168354e-30
-7.1158084e-30
-4.1536717e-29
-3.7814498e-29
-4.5318674e-30
1.8135698e-29
1.7179954e-29
7.2560879e-30
1.8859163e-30
1.5012798e-30
1.4624492e-30
2.4307587e-31
-9.1237502e-31
-1.1575077e-30
-8.013037e-31
-3.737487e-31
-9.1525073e-32
3.1560301e-32
4.2241349e-32
1.3776732e-32
1.1254615e-33
7.4289453e-33
1.1772637e-32
7.549319e-33
2.4300009e-33
1.031716e-33
1.3258052e-33
1.0609775e-33
3.7410087e-34
-4.3747821e-35
-1.1880193e-34
-5.8504051e-35
4.862072e-36
2.5928195e-35
1.3444064e-35
1.5900336e-37
-5.3186458e-37
2.2886994e-36
1.8290692e-36
1.083886e-37
-5.4905778e-37
-3.953174e-37
-1.205848e-37
1.3387886e-38
4.5258284e-39
-2.8663277e-38
-2.231023e-38
-3.6100597e-39
2.9182431e-39
1.1162993e-39
-1.1033708e-39
-1.1580138e-39
-2.1318629e-40
2.8225641e-40
1.9562299e-40
-1.0360415e-42
-4.0032095e-41
-1.2870303e-42
7.573606e-42
-1.1170241e-43
-1.876413e-42
-1.7096985e-42
6.0191927e-43
1.0178039e-42
4.939132e-43
4.4593075e-45
7.570793e-44
7.3009547e-44
2.7404249e-44
-8.2159003e-45
-7.2361625e-46
2.7622715e-45
1.0050379e-45
-5.1494008e-46
2.4456277e-47
2.6660775e-47
3.6118462e-47
-6.7326471e-47
-2.2832623e-47
1.4557814e-47
-1.407665e-48
-2.6521969e-48
2.5138061e-49
4.5145301e-49
-2.849509e-49
-1.6223535e-49
6.8982445e-50
6.4271843e-51
-1.9948369e-50
4.2150703e-52
0
0
0
0
0
0
0
0
0
0
0
-1.3521732e-18
-1.1532295e-14
2.0134042e-14
1.1195268e-13
5.8570063e-14
-9.5456956e-14
1.7390809e-13
7.247841e-17
-4.5090456e-14
-2.9563818e-14
9.911772e-14
-7.6526043e-15
-2.0246657e-14
-2.9821971e-15
6.0995621e-15
-8.9244348e-15
-3.5855162e-14
-2.4109646e-14
-5.319271e-15
9.7540394e-15
1.2420831e-14
-1.2520546e-14
2.0174668e-14
1.3472549e-14
-5.3288344e-15
1.228603e-14
1.3292466e-14
-4.0624391e-16
-2.1430537e-15
5.2804897e-16
-2.5754468e-16
-1.3874072e-15
-5.1691488e-16
3.391878e-16
6.9798526e-17
-1.5729088e-16
9.4425024e-19
7.2460456e-17
-6.4179532e-17
-1.6125662e-16
-1.2361645e-16
-6.5430574e-17
-4.6847021e-17
-2.9571493e-17
5.4744772e-18
2.7740367e-17
2.2805393e-17
1.6253587e-17
2.187365e-17
2.2902845e-17
1.2521434e-17
5.7990137e-18
8.4286514e-18
8.9970231e-18
2.6889863e-18
-1.8549168e-18
2.3713243e-19
2.8875041e-18
1.0020543e-18
-1.5867079e-18
3.8997982e-19
4.8858917e-18
5.7690019e-18
1.7394805e-18
-2.1343886e-18
-1.5250252e-18
1.8244994e-18
3.2434209e-18
1.3280219e-18
-1.2641141e-18
-2.0631378e-18
-1.2340959e-18
-3.872625e-19
-1.8543138e-19
-1.6846215e-19
3.687395e-20
2.894579e-19
3.8906485e-19
4.3132573e-19
5.4984259e-19
6.4596669e-19
5.3284085e-19
2.1439059e-19
-9.0459224e-20
-1.9650307e-19
-1.2159289e-19
-1.0937223e-20
3.0420389e-20
7.1748115e-21
-2.3777264e-20
-2.9934265e-20
-1.8591114e-20
-7.7935281e-21
-3.7466306e-21
-2.3602606e-21
-4.4686841e-24
2.5184025e-21
3.2023441e-21
1.9890153e-21
4.1179036e-22
-3.2581468e-22
-1.9302466e-22
2.0217503e-22
3.9723126e-22
3.3622344e-22
1.7873425e-22
5.9335923e-23
9.4793669e-24
1.4055268e-24
4.62563e-24
6.2475854e-24
5.2711641e-24
3.4878471e-24
1.8606556e-24
6.7805749e-25
4.0656449e-26
-1.3075568e-25
-4.3279217e-26
7.236749e-26
1.1958317e-25
8.6191563e-26
4.8449477e-26
1.8538163e-26
8.2533614e-27
8.1388047e-27
6.2393562e-27
1.5537221e-27
-1.5917195e-27
-9.4508535e-28
1.5736432e-27
3.1010227e-27
2.7952574e-27
1.6178763e-27
6.4522063e-28
1.9583359e-28
8.254333e-29
7.7960966e-29
7.4008297e-29
4.165605e-29
-7.3474451e-30
-4.1458579e-29
-4.1792325e-29
-2.0335209e-29
-1.8980367e-30
2.7382411e-30
1.7336311e-31
-8.5580705e-31
8.1121733e-31
1.9795351e-30
1.2833316e-30
-1.4639685e-32
-6.1017132e-31
-4.800731e-31
-1.8908975e-31
-4.0238676e-32
-6.3719908e-33
-4.3963482e-34
6.5474649e-33
1.2496888e-32
1.3763747e-32
9.8030089e-33
3.7333073e-33
5.6200326e-35
-1.2303492e-34
7.8727695e-34
8.4623569e-34
2.7164981e-34
-9.9670388e-35
-1.0612235e-34
-1.4118942e-35
2.0910581e-35
1.2074579e-35
-1.5394637e-37
-2.3981867e-36
1.2059168e-36
3.2021906e-36
1.6790849e-36
-2.7053535e-37
-6.5938599e-37
-2.2351166e-37
5.3190801e-38
5.9244642e-38
-3.8173427e-39
-2.4748096e-38
-5.3211673e-39
9.0774426e-39
4.967628e-39
-1.0632922e-39
-1.7000311e-39
-4.7035012e-40
2.1815177e-40
1.154795e-40
-1.2233544e-40
-8.4576541e-41
-4.1205303e-43
1.4219482e-41
4.926228e-42
-5.7035637e-42
-2.614543e-42
8.3948958e-43
8.9795825e-43
9.8211307e-44
-7.3085454e-44
1.1252386e-43
1.085357e-43
4.10999e-44
-7.3180272e-45
-5.4036201e-47
4.0348394e-45
1.3652347e-45
-1.087185e-45
-7.8079614e-47
1.9393245e-46
9.5604836e-47
-7.6416772e-47
-2.3594598e-47
1.1589711e-47
-3.5303123e-48
-2.3324408e-48
-1.2857076e-48
-2.2294266e-49
2.9124181e-49
-8.9257597e-50
-1.0790339e-49
8.4198885e-50
-1.9904696e-50
-2.3528987e-50
6.5795231e-51
-8.5833873e-52
0
0
0
0
0
0
0
0
0
0
0
2.3921055e-19
1.4457292e-16
3.5758702e-15
-1.4568903e-14
5.3305877e-14
6.4523202e-14
4.6088481e-14
1.1389301e-13
8.6383945e-15
-9.0026359e-14
-3.2592743e-14
-7.7259677e-14
-2.1344533e-15
-1.7171311e-14
4.4432705e-14
-2.6506369e-14
-4.0983363e-14
6.1267754e-14
-1.025404e-14
-1.0458347e-14
1.9408347e-14
-1.946295e-14
-1.0683829e-14
1.0694076e-14
3.3929379e-15
-4.2879784e-15
-1.875798e-15
-2.4221266e-15
-1.7307317e-15
4.7457516e-16
3.8574329e-16
-4.5829107e-16
-3.0301157e-16
-7.9296666e-17
-1.4916242e-16
-1.1940125e-16
1.0570585e-17
9.1275066e-18
-6.8922201e-17
-7.2803679e-17
-2.8546991e-17
-4.554204e-18
7.5095368e-19
5.5399673e-18
7.7555748e-18
2.7966427e-18
-1.9816339e-18
-2.7916595e-20
2.803576e-18
2.6955608e-19
-2.9718794e-18
-1.4303037e-18
1.3769407e-18
3.620412e-19
-2.594668e-18
-3.092006e-18
-1.3375815e-18
-3.7059386e-19
-6.8087224e-19
-3.3316569e-19
1.1717556e-18
2.0534151e-18
1.103257e-18
-4.5451432e-19
-6.5090889e-19
5.91247e-19
1.5419121e-18
1.0406657e-18
-2.5756381e-19
-9.9059745e-19
-7.0139163e-19
-2.5400752e-20
3.88443e-19
4.8032551e-19
4.7151637e-19
4.4999276e-19
3.7106407e-19
2.6591379e-19
2.2944087e-19
2.6081475e-19
2.5715102e-19
1.5179895e-19
3.7692527e-21
-7.9291375e-20
-6.327975e-20
-3.3622033e-21
3.2117518e-20
2.4807244e-20
4.3527215e-22
-1.3736386e-20
-1.2537107e-20
-5.4436385e-21
-6.2447215e-22
7.9205979e-22
9.9872119e-22
1.2463848e-21
1.3148138e-21
8.9185163e-22
2.4594757e-22
-1.7001983e-22
-2.1163502e-22
-5.1369939e-23
8.9263307e-23
1.2223586e-22
8.1971237e-23
3.14373e-23
2.9873729e-24
-4.007296e-24
-1.6906212e-24
1.2921301e-24
2.3989983e-24
2.066807e-24
1.3126019e-24
6.0056422e-25
1.7772771e-25
-4.7987002e-27
-2.2702598e-26
1.5974011e-26
4.8878259e-26
5.4600954e-26
3.6251164e-26
1.6381153e-26
7.3307061e-27
6.7921204e-27
6.3227973e-27
2.9285639e-27
-7.136135e-28
-1.7195064e-27
-3.8420031e-28
1.1163396e-27
1.4196243e-27
8.0646514e-28
1.7037451e-28
-4.7818145e-29
2.2159762e-29
1.1253125e-28
1.1341997e-28
5.8878252e-29
6.8316508e-30
-1.8548178e-29
-2.1044499e-29
-1.3254156e-29
-5.8289389e-30
-2.80642e-30
-2.3936924e-30
-1.6437892e-30
-6.184843e-32
1.0299971e-30
9.2706943e-31
2.4502381e-31
-1.8297494e-31
-1.879285e-31
-5.9184406e-32
-6.2966594e-33
-1.6808433e-32
-2.1144154e-32
-5.7242231e-33
8.6714628e-33
1.134768e-32
6.8925139e-33
2.1842059e-33
2.5305286e-35
-8.9322155e-35
3.169334e-34
3.4359178e-34
8.107343e-35
-8.1528682e-35
-5.898934e-35
3.1216354e-36
1.6754166e-35
3.1583076e-36
-4.0378551e-36
-1.7287448e-36
1.5682184e-36
2.0839996e-36
8.2488901e-37
-2.2572652e-37
-3.3841807e-37
-6.3667504e-38
4.6829787e-38
7.1958362e-39
-1.8394187e-38
-7.9875233e-39
3.7888274e-39
5.9896867e-39
2.5535385e-39
-4.3612553e-40
-5.9374769e-40
4.4133963e-41
7.6969598e-41
-6.999763e-41
-9.0483265e-41
-3.6907222e-41
1.0708002e-41
8.5818468e-42
-3.7062996e-42
-2.9169798e-42
-3.6115778e-43
8.8271795e-43
2.1701493e-43
-2.142212e-43
-2.4795406e-44
9.1755711e-44
4.6695389e-44
-2.7797989e-45
-4.7244762e-46
3.7579597e-45
1.5078121e-45
-6.8599728e-46
-1.3752368e-46
6.4738337e-47
7.1019755e-47
-3.3561109e-47
-1.2312677e-47
6.4607617e-48
-3.2496819e-49
1.3194737e-48
-9.5254822e-49
-4.860044e-49
2.1428456e-49
-5.0073862e-50
-7.1017502e-50
1.3797601e-50
1.1294397e-50
-1.0013985e-50
-4.0577839e-51
3.0091481e-51
-9.5646582e-52
-1.0193975e-52
0
0
0
0
0
0
0
0
0
0
0
-2.1115634e-20
-5.7801474e-16
4.3618863e-16
-3.4618725e-15
-1.3446331e-14
3.0135795e-15
-5.9568885e-14
3.8241556e-14
3.3044573e-14
2.1713523e-14
5.4780537e-14
5.4721974e-14
-9.5955757e-15
2.3817879e-14
2.3112793e-14
-3.5869917e-14
3.0540168e-14
4.9674476e-14
-5.1558894e-15
-1.5741058e-14
9.6100254e-15
-5.7274959e-15
-1.5511434e-14
-2.1111224e-15
-2.2438209e-15
-3.5020797e-15
-6.2915355e-16
-7.3476776e-16
-1.1110311e-15
-6.3618977e-16
-2.1994725e-16
-3.7659773e-17
4.4702762e-17
6.5722104e-17
2.1595548e-17
-4.4526794e-18
4.6799689e-18
-8.6738748e-19
-5.0600888e-18
8.8391465e-18
1.8023738e-17
1.4226898e-17
9.8242068e-18
8.5520816e-18
5.3421447e-18
1.2386175e-18
5.4541722e-19
1.7311038e-18
9.3552958e-19
-1.0318873e-18
-1.158834e-18
1.9406072e-19
4.6024949e-19
-7.3086567e-19
-1.560045e-18
-1.1796117e-18
-5.3878381e-19
-4.7799808e-19
-6.5282167e-19
-5.0877277e-19
-2.5842849e-19
-4.1876028e-19
-8.8192997e-19
-1.0277699e-18
-6.2203867e-19
-1.2452345e-19
-7.1171066e-20
-4.5009926e-19
-7.7923256e-19
-7.2863782e-19
-3.982337e-19
-6.5037305e-20
1.3051485e-19
2.2058578e-19
2.4208593e-19
1.8899097e-19
8.4190939e-20
3.3828391e-21
-6.4055981e-21
2.3249226e-20
3.0203928e-20
-2.8173438e-21
-3.8943571e-20
-4.2827884e-20
-1.8468965e-20
5.786333e-21
1.1560603e-20
3.2180305e-21
-5.4387451e-21
-7.1917214e-21
-4.008796e-21
-5.5156706e-22
9.9540996e-22
1.1151632e-21
8.6178228e-22
6.5887127e-22
4.5793588e-22
2.1755242e-22
2.0491522e-23
-5.9327822e-23
-4.0371405e-23
7.1009778e-24
3.2744612e-23
2.9574783e-23
1.4451487e-23
2.4630143e-24
-2.0179729e-24
-1.6765819e-24
-1.4260968e-25
7.919526e-25
9.3235312e-25
6.7038946e-25
3.8005179e-25
1.5589089e-25
4.3930761e-26
1.0227809e-26
1.085455e-26
2.3053334e-26
2.4122027e-26
1.8906007e-26
9.8328228e-27
5.0567995e-27
4.6239754e-27
4.7316009e-27
3.0853303e-27
6.1414538e-28
-7.6280518e-28
-5.4954281e-28
2.6016877e-28
6.2887955e-28
4.0415833e-28
3.8190945e-29
-1.1068359e-28
-4.9462749e-29
4.5001246e-29
6.9771891e-29
4.0424785e-29
7.5096546e-30
-6.5127997e-30
-7.0264036e-30
-4.4159209e-30
-2.9602194e-30
-2.4645738e-30
-1.9654399e-30
-1.1213635e-30
-2.0289157e-31
3.4581873e-31
3.7842027e-31
1.4555785e-31
-2.8332278e-32
-4.6436187e-32
-4.9531498e-33
7.3201889e-33
-7.7345791e-33
-1.5610975e-32
-8.0286148e-33
1.7132197e-33
4.757416e-33
3.0483185e-33
1.0207356e-33
2.3189812e-34
1.6783119e-34
1.8742396e-34
1.0764836e-34
3.4564237e-36
-3.872933e-35
-2.1569569e-35
2.5811377e-36
6.4822246e-36
2.7655423e-37
-2.2248841e-36
-5.551753e-37
8.5224544e-37
7.6565532e-37
2.1948195e-37
-6.7398881e-38
-7.7643e-38
-1.2474714e-38
7.625961e-39
-5.9726039e-39
-9.6646643e-39
-1.3889181e-39
3.1670676e-39
1.9692896e-39
3.0212719e-40
-9.7836381e-42
1.6295661e-40
1.6405425e-40
2.5554929e-41
-4.8375117e-41
-2.9008694e-41
-1.4657844e-42
1.7928087e-42
-1.7334467e-42
-1.8928284e-42
-2.5843891e-43
3.7964337e-43
1.0261629e-43
-1.1191399e-43
-3.1298578e-44
2.1045367e-44
1.9220188e-44
1.6639514e-45
1.2672219e-46
1.8867608e-45
1.0768353e-45
-8.0193212e-47
-1.2179118e-46
-1.666581e-47
2.7768706e-47
-7.7241304e-48
-5.4108134e-48
-8.4371422e-49
-1.3391526e-48
1.5749205e-48
-3.5007274e-49
-2.2521563e-49
1.306723e-49
-4.4189297e-50
-8.6166037e-51
3.6405728e-51
-5.2032972e-51
3.6637518e-51
-3.0498606e-52
-1.1948177e-51
5.9859153e-52
-3.6482419e-52
-2.6096503e-53
1.3776422e-53
0
0
0
0
0
0
0
0
0
0
0
1.3274139e-21
-2.5005813e-16
1.4801004e-16
1.1990412e-15
-4.2762745e-16
2.1660255e-15
6.7844916e-15
1.4931494e-14
5.483492e-15
-2.3892902e-14
-1.6240917e-14
-2.6399468e-14
-4.1375784e-16
1.7761084e-14
8.7473343e-16
1.4806053e-14
-6.3989853e-15
-9.7579071e-15
-5.0965359e-15
-4.2417166e-15
4.6531136e-16
1.7647476e-15
1.9014422e-16
-5.9061917e-16
-6.5790853e-16
6.7294961e-17
1.9149102e-16
1.8570712e-17
-3.2099284e-16
-3.7722733e-16
-1.5791885e-16
-3.5001383e-17
5.8506671e-19
2.1726687e-17
2.2456355e-17
1.3831037e-17
6.4289322e-18
4.240586e-18
7.007493e-18
9.2957954e-18
7.7952003e-18
4.6845343e-18
2.8228113e-18
1.7094727e-18
2.4528033e-19
-5.5007835e-19
-1.8770697e-19
-2.9362094e-20
-6.1370068e-19
-8.6384279e-19
-3.10003e-19
2.0679875e-19
1.0273892e-19
-2.0195494e-19
-2.0248752e-19
-1.4560378e-20
2.798153e-20
-8.3733334e-20
-1.3635708e-19
-8.2538234e-20
-7.6675856e-20
-1.8340739e-19
-2.6535196e-19
-1.9776567e-19
-4.6897076e-20
1.7424496e-20
-6.464152e-20
-1.8507149e-19
-2.1741398e-19
-1.4511539e-19
-3.7086037e-20
4.744373e-20
1.0222316e-19
1.2869716e-19
1.1502598e-19
6.0355623e-20
-1.6477029e-21
-3.0890952e-20
-2.1951521e-20
-2.3045871e-21
2.3676845e-21
-7.226438e-21
-1.478927e-20
-1.1647832e-20
-2.999121e-21
2.2982516e-21
1.6551643e-21
-1.3337963e-21
-2.8059929e-21
-2.0763372e-21
-6.0087255e-22
3.3920906e-22
5.409105e-22
3.9863247e-22
2.4224152e-22
1.4899602e-22
8.3395278e-23
2.6962901e-23
-9.1385493e-24
-1.8119851e-23
-1.0105865e-23
-2.3414406e-25
3.7376503e-24
2.6298555e-24
2.4107465e-25
-1.0154985e-24
-9.816916e-25
-3.9973344e-25
7.2828436e-26
2.5603956e-25
2.3661364e-25
1.5436261e-25
1.0098908e-25
4.536258e-26
2.266805e-26
1.4471667e-26
1.2821658e-26
1.1313952e-26
8.0840601e-27
4.6087986e-27
2.7468947e-27
2.5918079e-27
2.7530859e-27
2.1301359e-27
9.0987139e-28
-3.0498962e-29
-2.2772128e-28
3.5895453e-29
2.4647311e-28
2.0017778e-28
3.5694423e-29
-5.8735166e-29
-4.4682227e-29
4.5482352e-30
2.6278354e-29
1.7343709e-29
2.6805318e-30
-3.1432514e-30
-2.1860866e-30
-6.3495913e-31
-5.749141e-31
-9.7743693e-31
-9.1237551e-31
-4.6948498e-31
-6.5576465e-32
1.1030079e-31
1.0566617e-31
3.9792105e-32
-3.2971783e-33
-6.619303e-33
3.8960452e-33
5.3058132e-33
-1.597722e-33
-5.8481938e-33
-3.9720158e-33
-3.7841453e-34
1.1596359e-33
8.5429558e-34
3.0247e-34
1.3114397e-34
1.313069e-34
9.5701435e-35
3.1922527e-35
-6.5103083e-36
-1.2628995e-35
-5.2027174e-36
6.8768902e-37
1.3011314e-36
-1.3559742e-37
-5.6537167e-37
-3.9744406e-38
2.9261686e-37
1.9558457e-37
4.0037085e-38
-2.76784e-39
4.2676024e-39
4.7826351e-39
-1.5945434e-39
-4.6843406e-39
-2.8850958e-39
-1.8311448e-40
6.4229038e-40
2.9240402e-40
6.2464204e-41
8.1120014e-41
9.307264e-41
4.7217419e-41
2.3475343e-43
-1.1379416e-41
-3.4025082e-42
2.3040843e-43
-6.5713127e-43
-8.8907702e-43
-3.6330357e-43
7.4666575e-44
8.5004059e-44
-3.4362606e-44
-2.3280151e-44
2.6099559e-45
5.8217588e-45
-4.8863991e-46
1.0349979e-46
7.6104773e-46
3.2055962e-46
2.2409789e-47
1.7738644e-47
1.0798085e-47
-5.6896463e-48
-3.3589399e-48
-5.6744196e-49
-1.113889e-48
-1.1454463e-48
7.2782506e-49
-1.4270932e-49
-7.5668987e-50
4.7785895e-50
-2.7474564e-50
-2.3459528e-51
-9.2885868e-52
6.5040056e-53
1.0825927e-51
2.0641404e-53
-1.3660953e-52
-1.6847465e-52
2.3483074e-53
-4.1784237e-53
-1.0458386e-53
6.3156333e-54
-4.3224864e-54
0
0
0
0
0
0
0
0
0
0
0
2.3652764e-22
-1.0656166e-19
6.6566411e-17
-1.7991879e-16
1.4548465e-16
6.3735156e-16
-4.2205268e-16
1.3551205e-15
2.4158881e-16
-5.8342324e-16
4.952564e-15
-1.1278513e-15
-4.619923e-15
-8.7550174e-15
-5.5007181e-15
8.9887937e-16
-2.3408373e-15
-2.8655695e-15
1.8921913e-15
2.5093113e-16
-1.7018847e-15
5.0240767e-16
3.6943492e-16
-2.6522923e-16
-2.4373318e-17
-2.0330361e-16
-3.6751561e-16
-2.0254594e-16
-8.1399117e-17
-2.505364e-17
-7.4673008e-18
-1.0608919e-17
-1.2790061e-17
-1.0330615e-17
-2.5922728e-18
1.5627803e-18
9.1326244e-19
8.0965806e-19
1.4913576e-18
1.6749254e-18
1.7365103e-18
1.848572e-18
1.6230177e-18
1.0203168e-18
4.9681188e-19
3.4063581e-19
2.9123426e-19
6.0484814e-20
-1.7005356e-19
-1.3812294e-19
4.279291e-20
1.2011125e-19
7.8640399e-20
5.2349157e-20
6.7305969e-20
4.8478779e-20
-1.8152851e-20
-6.3732577e-20
-5.0311679e-20
-1.928345e-20
-1.7910472e-20
-3.5853406e-20
-3.4231511e-20
-5.3730127e-21
1.8168521e-20
1.0851522e-20
-1.5065086e-20
-2.8744298e-20
-1.8698911e-20
3.0224183e-21
2.2130495e-20
3.6728853e-20
4.7666142e-20
4.8918255e-20
3.423919e-20
9.7688857e-21
-8.4388858e-21
-1.1040359e-20
-3.2935281e-21
3.0676671e-21
2.5369769e-21
-1.4332851e-21
-3.5515492e-21
-2.5705264e-21
-6.8542753e-22
8.9185847e-23
-2.6696739e-22
-7.2300816e-22
-6.735435e-22
-2.772734e-22
7.0540622e-23
1.9423394e-22
1.6076559e-22
9.3514838e-23
5.077917e-23
3.0545527e-23
1.7479936e-23
6.377804e-24
-7.6433144e-25
-2.916585e-24
-2.0711888e-24
-7.4658577e-25
-1.58811e-25
-1.8356862e-25
-3.1017253e-25
-2.9877965e-25
-1.9015365e-25
-4.2137739e-26
4.293367e-26
6.7169501e-26
5.9079254e-26
3.73508e-26
2.1547451e-26
1.3776445e-26
1.0485504e-26
7.976372e-27
5.2658846e-27
2.8965316e-27
1.4493755e-27
9.7303125e-28
1.06257e-27
1.1688012e-27
9.6825526e-28
5.2620898e-28
1.2939688e-28
-3.0205494e-29
5.0828023e-30
7.330556e-29
7.4872495e-29
2.6589371e-29
-1.184355e-29
-1.5640537e-29
-1.8771167e-30
6.6496712e-30
4.8884671e-30
1.3973247e-31
-1.7485828e-30
-9.9193062e-31
-4.7187236e-32
6.0729963e-32
-1.9422569e-31
-2.639249e-31
-1.2881852e-31
5.1003722e-33
4.4283838e-32
2.6090318e-32
4.6624813e-33
-2.20959e-33
-3.8761098e-34
1.8613423e-33
1.4837109e-33
-3.1817052e-34
-1.3926081e-33
-1.1105769e-33
-3.3152381e-34
9.8396907e-35
1.2152813e-34
5.2739082e-35
4.2568742e-35
5.0308028e-35
3.4434385e-35
1.0093772e-35
-2.0557125e-36
-2.8298692e-36
-8.6413331e-37
-7.9756376e-39
-1.4988724e-38
-1.1382255e-37
-6.9452409e-38
2.726883e-38
5.9076393e-38
3.0170843e-38
4.7839938e-39
2.33199e-39
4.2379577e-39
1.7500993e-39
-7.3664215e-40
-9.96545e-40
-4.3449825e-40
-7.2729323e-41
5.657142e-42
-1.4875593e-41
-6.0012401e-43
2.67387e-41
2.2088367e-41
6.604066e-42
1.1032582e-42
3.1974226e-43
-1.3228728e-43
-2.7166462e-43
-2.9711854e-43
-1.3485526e-43
6.2483267e-45
1.2185111e-45
-8.0286376e-45
-3.1901713e-45
1.0223379e-45
4.43112e-46
-3.4844775e-46
-1.6448958e-48
1.1131986e-46
6.108879e-47
1.3961442e-47
1.8011382e-47
6.9636883e-48
-4.673288e-48
-7.8570747e-49
1.2960867e-49
-1.9580913e-49
-5.8657899e-49
1.1318655e-49
-3.7203108e-50
2.7178347e-51
1.5865712e-50
-6.0407126e-51
2.1138376e-51
-1.173195e-51
1.5389774e-52
3.5442255e-52
-9.7993345e-53
1.4350097e-53
-4.4548627e-54
-3.9391542e-53
1.2802614e-53
-1.7260977e-54
-2.696121e-54
7.8651945e-55
-4.8529484e-55
3.7061147e-56
0
0
0
0
0
0
0
0
0
0
0
-5.0515496e-23
2.5326678e-18
-1.8416684e-17
5.6778472e-17
1.263099e-16
7.2301966e-17
-2.6397495e-16
-1.0923077e-16
-1.0317446e-15
-4.1398685e-16
1.0584162e-15
4.3031139e-16
-2.7644129e-16
-7.0617456e-16
-1.2514342e-15
2.7407599e-16
3.3581051e-16
-4.2248786e-17
9.0771108e-16
4.1605783e-16
1.9844284e-16
1.7714616e-16
9.9344596e-18
-2.7737518e-17
5.6458334e-18
-3.4398651e-17
-5.4916165e-17
-5.3644643e-18
4.4542266e-17
4.2699958e-17
2.5790588e-17
1.5653496e-17
7.0861294e-18
2.1394267e-18
1.7641039e-18
1.8247768e-18
1.1949898e-18
6.7683281e-19
3.6584035e-19
2.1508125e-19
2.8606433e-19
3.9785369e-19
3.1492448e-19
1.2309307e-19
3.0485743e-20
3.1448668e-20
6.1057379e-21
-5.3284646e-20
-7.3070762e-20
-4.1493379e-20
-8.289603e-21
2.1002995e-21
5.2895791e-21
9.8130954e-21
3.6014411e-21
-1.6485767e-20
-3.2244897e-20
-2.8649368e-20
-1.3555017e-20
-4.0858389e-21
-5.450891e-21
-9.4285451e-21
-8.555126e-21
-5.1912767e-21
-5.1577731e-21
-8.5995772e-21
-1.0914241e-20
-9.2741637e-21
-5.5971187e-21
-2.6276668e-21
-4.5603071e-22
2.3111878e-21
4.8687101e-21
4.6607784e-21
9.5830504e-22
-3.2431721e-21
-4.4330561e-21
-2.3133254e-21
4.7380632e-22
1.4975308e-21
7.0295409e-22
-4.3022093e-22
-8.3823952e-22
-5.8366212e-22
-2.3961578e-22
-1.206705e-22
-1.4931661e-22
-1.5458123e-22
-8.9697024e-23
-1.0106343e-23
3.2043554e-23
3.4095797e-23
2.044121e-23
9.7256279e-24
5.5603048e-24
4.1829055e-24
2.7185778e-24
9.9487794e-25
-1.9600342e-25
-5.7323401e-25
-4.4769979e-25
-2.2555661e-25
-1.0269297e-25
-6.916283e-26
-6.7836e-26
-5.7331546e-26
-2.4014946e-26
3.9514461e-27
1.6244628e-26
1.4362134e-26
6.5558746e-27
3.4697036e-27
3.740253e-27
4.607242e-27
4.1542374e-27
2.6221423e-27
1.1511478e-27
3.9743308e-28
2.6596702e-28
3.6339713e-28
4.0898681e-28
3.3313082e-28
1.9427769e-28
7.3612989e-29
1.4159428e-29
7.4126065e-30
1.8140637e-29
1.9916329e-29
1.0488623e-29
9.0361277e-31
-1.8360509e-30
1.3643627e-31
1.7683197e-30
1.2264696e-30
-9.4332761e-32
-6.7081193e-31
-4.3294297e-31
-6.5816249e-32
4.4433339e-32
-1.207977e-32
-4.8908637e-32
-2.4369049e-32
8.6540213e-33
1.6368635e-32
7.7506597e-33
3.4284887e-34
-1.0858743e-33
-1.0671225e-34
3.8134412e-34
1.6635559e-34
-1.3114348e-34
-2.3005381e-34
-1.7346667e-34
-8.0030426e-35
-2.2524253e-35
-5.0194952e-36
-6.6307975e-38
6.350691e-36
9.9537395e-36
7.3236404e-36
2.5965707e-36
4.7973439e-38
-2.8530115e-37
-6.9392156e-38
-2.6670818e-38
-4.903172e-38
-2.7363145e-38
1.701024e-39
9.7048658e-39
6.309693e-39
2.5707988e-39
1.161613e-39
1.1477715e-39
9.7839298e-40
3.6346426e-40
-4.0793134e-41
-6.4937744e-41
-1.7156724e-41
-2.1238658e-41
-2.0659984e-41
-4.6720769e-42
3.9188768e-42
3.772595e-42
1.8892872e-42
6.9164716e-43
3.4260147e-43
2.4606736e-43
3.720088e-44
-6.717544e-44
-3.0838846e-44
-2.1328259e-45
-1.8965584e-45
-3.496969e-45
-1.5249835e-45
8.4250222e-46
3.4754341e-46
-1.8759478e-46
-7.5330095e-47
3.9118157e-47
1.1376353e-47
-8.5894147e-48
1.9915344e-48
2.8306964e-48
-4.5599221e-49
-2.0066259e-49
3.8324366e-51
3.1137407e-51
-1.3913277e-49
4.7980466e-51
-1.8812012e-50
-2.1016664e-51
1.9981813e-51
-1.1198109e-51
5.3514424e-52
-2.961121e-52
5.7340158e-53
4.9345093e-53
5.4584799e-54
2.3695942e-54
-1.7094378e-54
1.7670701e-55
-9.0418809e-56
2.595815e-55
-1.3571125e-55
-2.6677546e-55
1.2550859e-55
-8.1523754e-56
7.6530413e-57
1.9251456e-58
0
0
0
0
0
0
0
0
0
0
0
4.5768753e-25
3.1798875e-19
-3.8733992e-19
-1.650717e-18
-9.8168408e-18
-2.4055751e-18
2.4235973e-17
9.3371316e-17
1.5522544e-17
-1.2277942e-16
-9.4494077e-17
1.5448387e-17
3.8902495e-16
3.1318759e-16
4.5147035e-17
1.3971602e-17
5.1488836e-17
-5.0283826e-18
-1.2120728e-17
2.0422604e-16
1.2687808e-16
-5.154296e-17
-4.1660751e-17
-8.1711213e-18
9.1672078e-18
2.6513372e-17
2.4768604e-17
2.1674595e-17
1.4348499e-17
5.8249146e-18
2.6905509e-18
1.4742943e-18
4.1160385e-19
1.1024084e-19
2.1120671e-19
2.4484996e-19
1.5091922e-19
3.6533773e-20
-1.303892e-20
-9.8625255e-21
1.3146421e-20
2.5147083e-20
4.6379582e-21
-2.1974281e-20
-2.4551898e-20
-1.6846704e-20
-1.849577e-20
-2.3133266e-20
-2.0716029e-20
-1.4619424e-20
-1.0288483e-20
-7.0442595e-21
-4.194607e-21
-4.2510531e-21
-7.808822e-21
-1.0796259e-20
-9.2980364e-21
-4.2852573e-21
9.6078428e-23
1.2587992e-21
2.1018343e-22
-7.2551885e-22
-7.6768867e-22
-6.2784308e-22
-7.2368564e-22
-7.8560894e-22
-3.7618782e-22
1.77907e-22
3.6284078e-22
1.6156511e-22
1.0063397e-22
3.9406911e-22
6.6353498e-22
4.4837987e-22
-1.2075363e-22
-4.5987068e-22
-2.5865168e-22
2.2473312e-22
5.1613327e-22
4.3201078e-22
1.5871121e-22
-4.7451206e-23
-9.7611471e-23
-5.9081217e-23
-2.0180227e-23
-9.0788468e-24
-1.0153674e-23
-7.4929474e-24
-6.6262289e-25
4.3052546e-24
4.8540813e-24
2.9449975e-24
1.1909365e-24
5.3297857e-25
4.8869446e-25
4.6417805e-25
2.851152e-25
6.7460246e-26
-7.2460549e-26
-1.1888859e-25
-1.0291988e-25
-5.9090437e-26
-2.7615703e-26
-1.4969693e-26
-1.0488381e-26
-5.7901577e-27
-9.2010165e-28
1.1041684e-27
-2.8254421e-29
-1.8212046e-27
-2.1011011e-27
-8.5257717e-28
5.6605741e-28
1.1295549e-27
8.6206945e-28
3.5788702e-28
6.1643885e-29
2.1745252e-29
7.9048181e-29
1.0696671e-28
8.4846392e-29
4.5942168e-29
1.7867183e-29
5.8666248e-30
3.3743188e-30
3.4900045e-30
2.9938692e-30
1.7182673e-30
6.34657e-31
3.0790297e-31
4.5801204e-31
5.2152422e-31
3.0268145e-31
6.5344918e-33
-1.3624921e-31
-1.0920602e-31
-3.3532322e-32
3.6494269e-33
2.372373e-33
-4.4439607e-33
-2.4783986e-33
2.4298123e-33
3.696001e-33
1.9129255e-33
2.4200714e-34
-1.8783011e-34
-4.6090915e-35
2.5436497e-35
-2.0860943e-35
-5.0056687e-35
-3.5297608e-35
-1.5371976e-35
-7.6710627e-36
-5.741274e-36
-3.5628675e-36
-1.0829407e-36
5.1670632e-37
1.0006832e-36
7.593366e-37
3.3479186e-37
7.5634927e-38
3.8291549e-39
-2.5648735e-39
-7.5578593e-39
-8.6855867e-39
-2.8432483e-39
1.5260442e-39
1.4913391e-39
4.0226647e-40
1.6241354e-40
2.4656329e-40
1.8110183e-40
6.9457672e-41
1.9509558e-41
9.9092271e-42
7.056824e-42
1.6502871e-42
-2.7554314e-42
-2.7331436e-42
-6.7991224e-43
2.4938579e-43
1.2789877e-43
1.5048681e-44
6.233689e-44
6.7979617e-44
2.4031641e-44
-2.2289631e-45
-2.9460964e-45
2.1981182e-46
-7.7056107e-47
-6.9374429e-46
-3.64088e-46
3.9298303e-47
7.1180265e-47
-5.3577921e-48
-7.0197734e-48
9.1144052e-49
7.08295e-49
-7.9663842e-49
9.8778389e-50
2.2940447e-49
-5.6460484e-50
-3.4684604e-50
1.6784571e-51
3.4277569e-51
-1.2836219e-50
1.518391e-51
-3.5473145e-51
-9.6648333e-52
2.3617035e-53
-1.2178086e-52
3.1572894e-53
-5.6874416e-53
3.9632066e-54
-1.7079493e-55
1.2139708e-54
9.4695086e-55
-2.7170531e-55
1.3469904e-55
1.5596139e-55
-8.6144444e-56
1.330684e-57
-1.4145873e-57
-1.601936e-56
3.2923956e-57
-3.4717578e-57
2.2865229e-58
-1.7558336e-58
2.6264178e-60
0
0
0
0
0
0
0
0
0
0
0
4.8230294e-25
-1.3212359e-20
1.2057497e-19
-8.8084372e-20
-4.1335825e-19
-1.2075473e-18
-2.4300106e-18
3.7953039e-18
1.8837124e-17
1.0404145e-17
2.253936e-18
6.0907193e-17
4.28238e-17
4.1708876e-17
-5.1081096e-18
-1.6483341e-17
4.3074296e-17
1.1429671e-18
-2.009982e-17
1.7194552e-17
1.1301294e-17
-3.0027273e-18
1.558914e-19
5.4424773e-21
-2.7212989e-19
3.0434307e-18
5.2668148e-18
3.9106779e-18
1.3899834e-18
3.2968531e-19
9.9033805e-20
-3.1967357e-20
2.1723144e-20
1.3560769e-19
1.7873935e-19
1.5855054e-19
1.0203899e-19
4.943818e-20
2.4086475e-20
1.6140627e-20
1.1951487e-20
7.1057205e-21
2.3566497e-21
5.0772834e-22
1.6369617e-21
2.473516e-21
1.4442302e-21
-2.1377737e-22
-1.3530984e-21
-1.7920772e-21
-1.5327555e-21
-8.7718432e-22
-6.1669027e-22
-1.1306713e-21
-1.7700942e-21
-1.6967087e-21
-8.9264688e-22
-3.7262942e-23
2.8661382e-22
1.0129821e-22
-1.9740943e-22
-3.4220829e-22
-3.4434616e-22
-3.0296152e-22
-2.5193527e-22
-1.5667971e-22
-5.6811696e-23
-2.6673367e-23
-8.7948537e-23
-1.5862797e-22
-1.576367e-22
-9.4574065e-23
-4.4407814e-23
-4.8719844e-23
-6.9662411e-23
-5.5481296e-23
-4.443755e-24
4.1357131e-23
4.9092487e-23
2.5692474e-23
-1.1018499e-24
-1.3461906e-23
-1.215848e-23
-6.4056111e-24
-2.4634465e-24
-1.0160664e-24
-5.5565169e-25
-1.8860399e-25
9.1042082e-26
1.5146611e-25
5.447258e-26
-3.4659848e-26
-5.0378882e-26
-1.4357932e-26
3.4965129e-26
4.743957e-26
2.9042756e-26
-4.9908702e-27
-2.4744414e-26
-2.5398571e-26
-1.5589289e-26
-4.7365242e-27
4.2764292e-28
1.6309749e-27
1.3782669e-27
1.0196268e-27
5.4599782e-28
-1.6458513e-28
-7.8999994e-28
-9.4077269e-28
-6.1630813e-28
-1.5630435e-28
1.2243734e-28
1.5678246e-28
7.3207325e-29
4.8584301e-30
-7.6053717e-30
7.8756867e-30
1.8230356e-29
1.5300957e-29
7.407521e-30
2.2090362e-30
7.2218695e-31
6.9547744e-31
5.717086e-31
2.3742877e-31
1.743787e-32
4.5246008e-33
7.7461201e-32
1.202361e-31
1.0402119e-31
5.599272e-32
1.1798132e-32
-1.0046201e-32
-1.1670256e-32
-5.367398e-33
-6.9926062e-34
3.6935135e-34
4.8626587e-35
3.9996818e-35
3.2780312e-34
4.1324013e-34
2.4593504e-34
6.5321973e-35
-3.4105572e-36
-4.3673608e-36
-1.5303976e-36
-6.3490792e-36
-7.8289136e-36
-4.3410794e-36
-1.188966e-36
-4.1991986e-37
-5.5622491e-37
-4.2432914e-37
-1.2020901e-37
4.171433e-38
5.6469617e-38
3.3795422e-38
1.887306e-38
9.8270484e-39
3.2676872e-39
-1.8291272e-40
-9.9808266e-40
-5.8555584e-40
-4.6137119e-41
1.4008956e-40
6.471267e-41
-5.4400613e-42
4.0141609e-42
2.1580435e-41
1.408247e-41
2.7804388e-42
3.9248771e-43
1.2857503e-42
9.4123915e-43
1.0404661e-43
-1.942996e-43
-1.0754033e-43
-7.7589816e-45
4.5170187e-45
-7.4971386e-45
-3.498138e-45
3.2829275e-45
2.7614436e-45
5.1901402e-46
-4.4536277e-47
7.849845e-47
8.2933227e-47
-2.3832433e-47
-4.634246e-47
-2.2850832e-48
7.463956e-48
-8.6509473e-49
-8.3145982e-49
2.3337095e-49
2.349969e-49
-8.7015042e-50
-1.1476896e-50
1.7372751e-50
-5.6569086e-51
-3.7316969e-51
8.1891265e-52
2.1581372e-52
-8.0416312e-52
6.9317582e-53
-1.836395e-52
-7.619299e-53
-1.3774195e-53
-9.6912059e-54
-3.7941329e-55
-3.4714185e-54
4.7559406e-55
-1.8420862e-55
9.8859195e-57
3.9480167e-56
1.1566776e-56
5.7013527e-57
-1.2815023e-57
-2.1890226e-57
-2.0825889e-58
-2.0348822e-58
3.5605158e-58
-2.2819358e-58
7.1926428e-59
-6.0167788e-59
4.7355177e-60
-7.6025829e-61
-1.5907828e-60
7.4856089e-62
0
0
0
0
0
0
0
0
0
0
0
2.7819087e-26
6.4692954e-22
1.0418395e-20
1.4983364e-19
3.7319729e-19
3.0520385e-19
-8.4030747e-19
-8.0472045e-19
8.0186139e-19
4.6285723e-21
3.9465983e-18
2.9115597e-18
-6.8156086e-19
1.3960531e-18
2.2593574e-20
1.377763e-19
2.9351469e-18
2.6369637e-18
-2.4032175e-18
-3.0453044e-18
-1.0837749e-18
-1.0182682e-19
5.7308117e-19
-9.3664986e-21
-9.8396337e-19
-9.0853369e-19
-5.4330415e-19
-4.6253281e-19
-3.195219e-19
-1.5314437e-19
-9.5775119e-20
-6.7193061e-20
-2.8577051e-20
-1.3447672e-21
1.0844225e-20
1.2847885e-20
9.4102048e-21
4.9821986e-21
2.2641215e-21
1.5180576e-21
1.169519e-21
4.4519672e-22
-1.3244812e-23
2.0250769e-22
6.8651274e-22
9.2392935e-22
7.8599557e-22
4.2927636e-22
9.6577509e-23
-3.6726562e-23
1.5373025e-23
8.786702e-23
6.1294568e-23
-1.8622943e-23
-3.928187e-23
3.0232941e-23
1.2046657e-22
1.5314291e-22
1.2053049e-22
6.8735936e-23
3.5909873e-23
2.8295609e-23
3.1144066e-23
3.503376e-23
3.9316257e-23
4.2322702e-23
3.9095729e-23
2.6433886e-23
1.0091405e-23
6.2310605e-26
-1.49441e-25
4.3130905e-24
6.0903437e-24
4.0347311e-24
1.8323265e-24
2.0883191e-24
3.7460166e-24
4.2794197e-24
2.9642078e-24
1.0163848e-24
-2.850836e-25
-6.3103672e-25
-4.4507205e-25
-1.8315231e-25
-3.1069676e-26
2.4095062e-26
3.0816604e-26
1.9180214e-26
-1.9811051e-27
-2.291886e-26
-3.1266679e-26
-3.3445537e-26
-2.3194487e-26
-1.0864366e-26
-1.9629391e-27
-4.4451394e-28
-2.6903006e-27
-4.9244197e-27
-5.0167242e-27
-3.2961371e-27
-1.2545473e-27
3.8881217e-29
4.6661759e-28
4.3210779e-28
2.843862e-28
1.3457054e-28
-1.3922604e-29
-1.3369946e-28
-1.7755886e-28
-1.3932801e-28
-6.4934249e-29
-7.8225484e-30
1.173479e-29
6.7499459e-30
-1.6840945e-30
-3.624831e-30
-9.5719937e-31
1.4432845e-30
1.7048591e-30
8.2859114e-31
1.4184682e-31
-1.6097939e-32
4.6806458e-32
6.3046136e-32
1.4506271e-32
-2.2690775e-32
-2.0271547e-32
-1.2146217e-33
1.0314544e-32
1.0336655e-32
5.7112445e-33
1.900966e-33
1.3067682e-34
-3.2154301e-34
-2.480373e-34
-8.217961e-35
1.4496588e-35
3.7183462e-35
3.3007159e-35
2.8439867e-35
2.322821e-35
1.4448242e-35
5.957778e-36
1.3911994e-36
8.4119766e-39
-3.7579646e-37
-5.9062853e-37
-5.34103e-37
-2.7413759e-37
-7.3229934e-38
-1.981708e-38
-2.6145207e-38
-2.0717956e-38
-5.3843038e-39
2.0100581e-39
1.5299278e-39
2.6808045e-40
3.1904691e-40
4.7343863e-40
2.3521008e-40
-1.1070615e-41
-6.0346405e-41
-1.863615e-41
7.4083482e-42
7.2134537e-42
1.6035462e-42
-1.1785448e-43
5.5626841e-43
8.5351826e-43
4.1461899e-43
4.9944371e-44
1.8795484e-44
5.9699234e-44
3.6848816e-44
4.4869819e-45
-2.2940656e-45
1.9807421e-46
2.7853057e-46
-4.5565335e-46
-3.75431e-46
-4.5189346e-47
6.8601627e-47
2.5985267e-47
-4.7047866e-48
4.2848539e-48
6.8673025e-48
2.2922173e-49
-1.2110181e-48
-3.4443616e-50
1.0286861e-49
-2.4071794e-50
-2.274182e-50
6.4232744e-51
8.3907962e-51
-6.0490978e-52
1.3920228e-52
4.1739145e-52
-1.2051851e-52
-1.3208505e-52
1.2153777e-53
5.3230249e-54
-2.2170396e-53
5.9872779e-55
-2.0762182e-54
-2.2010189e-54
-7.0166244e-55
-4.8659193e-55
-7.9218225e-56
-9.07866e-56
-9.1135426e-57
-1.1734037e-56
-1.8121176e-58
-5.163847e-58
-6.7714841e-59
3.2903869e-58
-2.6369278e-59
-6.6045802e-59
2.0259509e-59
-3.4134725e-60
4.9345913e-60
2.9365905e-60
-2.5824599e-60
-2.9171316e-62
-2.2106024e-61
-1.3981042e-61
4.6061898e-62
-1.294182e-62
9.6356551e-64
1.0050628e-64
0
0
0
0
0
0
0
0
0
0
0
6.2233709e-27
2.6059051e-23
-1.0463381e-21
-7.500383e-21
3.6575569e-21
5.9818264e-20
4.1469324e-20
-1.0342898e-19
-1.4490546e-19
1.8816192e-19
-1.3623543e-20
1.0805e-19
-1.36246e-19
1.2598642e-19
1.0119462e-18
5.858642e-20
2.8245325e-20
4.3655894e-19
1.6048103e-19
-3.4889132e-21
1.015509e-19
8.8532348e-20
9.9975209e-20
1.0612608e-19
6.491617e-20
2.3283613e-20
-8.3857871e-21
-1.5265104e-21
1.6601079e-20
1.8598863e-20
1.4436313e-20
1.1240726e-20
7.8337727e-21
4.9964219e-21
3.4129589e-21
2.5776838e-21
1.8725394e-21
1.0794674e-21
5.2452402e-22
3.5752929e-22
2.776185e-22
1.2030807e-22
1.7851907e-24
-5.7559079e-24
3.8187915e-23
6.1223566e-23
4.2422697e-23
4.0991819e-24
-2.0351836e-23
-1.9416267e-23
-9.3893505e-24
-8.0394967e-24
-1.4105178e-23
-1.6660766e-23
-1.1491843e-23
-3.7515076e-24
-7.899182e-26
-1.4888508e-24
-4.4760882e-24
-5.8971211e-24
-5.1601014e-24
-3.5975416e-24
-2.1215157e-24
-1.0655567e-24
-3.9776627e-25
-1.5450423e-25
-3.834418e-25
-8.8871521e-25
-1.1874517e-24
-1.0196762e-24
-5.1971804e-25
-6.2850739e-26
1.089867e-25
6.243144e-26
-1.6942742e-26
-2.9973788e-26
-8.6201052e-28
1.3206328e-26
2.2699641e-27
-1.784252e-26
-2.5263738e-26
-2.5508171e-26
-1.6588116e-26
-7.8008509e-27
1.9713443e-27
8.4493509e-27
7.8008593e-27
3.2154735e-27
-2.5049315e-27
-6.0004083e-27
-6.2527152e-27
-4.4668754e-27
-2.3703176e-27
-9.9706447e-28
-4.7766103e-28
-4.4243057e-28
-4.9339234e-28
-4.281355e-28
-2.5241526e-28
-6.781069e-29
4.6238507e-29
7.9489311e-29
6.712934e-29
4.3828074e-29
2.3637302e-29
7.2150774e-30
-5.3433493e-30
-1.1624946e-29
-1.0875345e-29
-6.1098196e-30
-1.6103809e-30
3.8737527e-31
3.4331456e-31
-2.3425563e-31
-4.2574559e-31
-2.2949169e-31
4.2965012e-33
8.484715e-32
5.2307721e-32
8.2102874e-33
-4.9602082e-33
-2.9443204e-35
3.3572853e-33
1.2498771e-33
-1.4669845e-33
-1.8369975e-33
-7.5329599e-34
1.3294407e-34
3.3818299e-34
2.0859584e-34
8.2401238e-35
3.2627328e-35
1.6260251e-35
5.9647046e-36
6.3241559e-37
6.0567103e-37
1.9393895e-36
2.0272266e-36
1.2237115e-36
5.4895014e-37
2.6226805e-37
1.5561423e-37
7.7522265e-38
1.5184543e-38
-1.5950571e-38
-2.0886943e-38
-1.4120944e-38
-6.4070684e-39
-2.0771781e-39
-7.6680961e-40
-5.3354045e-40
-2.850705e-40
-2.4823645e-41
5.6313503e-41
1.86374e-41
-9.4039342e-42
-2.9934778e-42
5.6659364e-42
3.8471262e-42
-2.0847414e-43
-1.0267175e-42
-2.1280798e-43
1.8049009e-43
9.1569789e-44
-3.5431044e-45
-3.3844933e-45
1.1142173e-44
9.2203893e-45
2.9776741e-45
5.2388288e-46
5.3694278e-46
5.7787312e-46
2.4148369e-46
1.2407487e-47
2.2425834e-48
2.4319033e-47
8.934538e-48
-4.4453711e-48
-2.9134378e-48
8.4559314e-50
1.8937512e-49
-9.0088125e-50
-2.8008353e-51
5.1115954e-50
1.9977098e-50
-2.5686751e-51
-1.4402952e-51
1.6289935e-51
-1.4836762e-52
-7.0365213e-52
1.457554e-52
1.8458795e-52
5.9258955e-54
-1.1739211e-53
7.6298166e-54
1.6724444e-54
-1.6470422e-54
2.3432878e-55
1.9593759e-55
-1.9709733e-55
-3.3217461e-56
-7.9754603e-57
-1.4056748e-56
-1.8042451e-57
-5.0149356e-57
-1.1623689e-57
-6.9315537e-58
-1.4290161e-58
-1.375018e-58
-3.4577833e-59
-1.4302794e-59
-4.4543806e-60
1.0201005e-60
-2.8383935e-61
-4.301549e-61
-5.3115372e-62
5.5957498e-63
3.1998112e-62
-1.4606684e-62
-1.9411976e-63
-5.415126e-63
-4.5589866e-64
3.1791871e-64
-2.9516745e-64
1.2782697e-64
-9.5006483e-65
-2.628173e-66
-7.3372023e-66
6.3559691e-66
0
0
0
0
0
0
0
0
0
0
0
-1.4179134e-27
5.0491001e-25
-5.4782887e-23
-4.3503177e-23
-8.576129e-22
-1.4542125e-21
9.8770678e-21
1.508144e-20
1.0166755e-20
-3.4646979e-20
-4.0344848e-21
3.142385e-20
5.1123935e-21
2.5484131e-20
4.3684963e-20
-1.4275887e-20
-6.6941892e-20
-6.95273e-21
4.3087929e-20
3.9955862e-20
2.7974678e-20
1.1505749e-20
-2.3482544e-21
2.6944306e-23
5.7493473e-21
2.5215676e-21
9.7865211e-22
2.6611213e-21
2.2470393e-21
8.9743715e-22
3.9966786e-22
2.3285623e-22
5.595444e-23
-1.0447834e-23
2.8679575e-23
6.9112571e-23
5.2372955e-23
1.041484e-23
-4.0511178e-24
5.4853849e-24
7.5612189e-24
-1.8537006e-24
-7.4607103e-24
-3.9693408e-24
1.8900501e-24
3.8909768e-24
2.1736039e-24
1.7013002e-25
-6.7225727e-26
6.2136258e-25
7.2808726e-25
1.3946957e-25
-3.4210764e-25
-2.9447482e-25
-1.5952119e-26
1.0173851e-25
6.6266033e-27
-1.179098e-25
-1.6377665e-25
-1.1370898e-25
-4.1059036e-26
1.5943516e-26
4.3655927e-26
5.567941e-26
5.0859647e-26
3.0646886e-26
6.330464e-27
-1.2109919e-26
-1.2366949e-26
3.3330818e-27
2.4218344e-26
3.6258245e-26
3.382309e-26
2.0597745e-26
5.4468244e-27
-4.6637435e-27
-7.8920491e-27
-4.9614319e-27
-5.4893292e-29
3.0756248e-27
2.7815524e-27
7.4530927e-28
-8.730773e-28
-8.0453536e-28
2.4222086e-28
9.3470961e-28
7.0500586e-28
-5.3441287e-29
-6.5840584e-28
-8.0016714e-28
-6.0947243e-28
-3.5895325e-28
-1.9992142e-28
-1.3247292e-28
-1.0199887e-28
-7.3792959e-29
-4.3871786e-29
-1.9413452e-29
-4.6845348e-30
1.4834148e-30
2.6100173e-30
1.8959404e-30
1.0511984e-30
5.131642e-31
1.443355e-31
-1.5657525e-31
-3.3187074e-31
-3.2267015e-31
-1.8791375e-31
-5.0281748e-32
1.3749346e-32
1.1276118e-32
-1.0666648e-32
-1.9748228e-32
-1.3720345e-32
-4.2695171e-33
6.9863434e-34
1.1687384e-33
2.5632607e-34
-1.7346307e-34
-7.7494288e-35
5.4986442e-35
4.2353651e-35
-2.1652323e-35
-4.4589833e-35
-2.7693859e-35
-6.8818541e-36
1.5081708e-36
1.7245697e-36
7.242425e-37
5.3631685e-37
5.3419274e-37
3.3031562e-37
1.1131643e-37
2.9468276e-38
3.2394517e-38
3.5179898e-38
2.0459612e-38
6.1348521e-39
1.0041075e-39
8.9297804e-40
9.4935573e-40
3.3383198e-40
-1.5822181e-40
-2.3588737e-40
-1.2997992e-40
-4.621523e-41
-1.7186509e-41
-1.0192105e-41
-5.6218342e-42
-1.5731046e-42
3.3679555e-43
4.6577973e-43
1.0151865e-43
-5.5403622e-44
-1.8502184e-44
2.2475981e-44
1.4705142e-44
-2.1191974e-45
-4.8107288e-45
-9.6023786e-46
7.1028633e-46
3.0463976e-46
-2.66601e-47
2.6716537e-47
6.6984421e-47
2.8422922e-47
1.528773e-48
6.5379412e-49
2.7469078e-48
1.521402e-48
3.1253725e-49
1.0208429e-49
1.3165118e-49
7.1936453e-50
5.9039579e-51
-8.5277053e-51
-1.2878974e-51
6.9080184e-52
-6.1938602e-52
-3.6973132e-52
1.7045687e-52
9.5349762e-53
-2.6723678e-53
-8.8622247e-54
8.6530247e-54
8.6727988e-55
-2.4381298e-54
-2.8986998e-55
5.0387931e-55
1.7075962e-55
-1.3019871e-56
1.0930594e-57
7.625056e-57
1.152797e-57
1.1520947e-57
6.4287226e-59
-3.8117875e-58
-6.1033225e-59
1.3687041e-59
-2.359807e-59
-1.8602158e-60
-8.0358678e-60
-1.8595689e-60
-1.4230283e-60
-2.8786229e-61
-1.5957518e-61
-5.1522764e-62
-2.8406112e-62
-1.1638865e-62
1.0375947e-63
-4.8479152e-64
-3.690513e-64
-2.7946713e-64
-1.1245789e-64
2.203214e-65
-1.9940598e-65
-2.262685e-66
1.7941491e-66
-7.6365943e-67
-5.4266927e-67
2.2785919e-67
-2.4841308e-67
7.596722e-68
-3.9761307e-68
7.3097665e-69
1.3971737e-69
1.638495e-70
9.3803679e-71
0
0
0
0
0
0
0
0
0
0
0
2.208727e-29
8.5378293e-26
1.8946696e-24
1.1440366e-23
6.2725612e-23
-8.2429741e-23
-6.3157555e-23
1.9109823e-21
-3.7213865e-22
-1.1039207e-21
-1.1147375e-21
-1.5200305e-21
-6.8515973e-22
1.1255782e-21
3.9305684e-21
2.8197138e-23
-4.0528284e-21
-7.0980709e-22
1.5610313e-21
1.020808e-21
1.6516475e-21
1.564169e-21
6.6438007e-22
5.3367389e-22
4.2609258e-22
2.504828e-22
2.9377894e-22
2.9390329e-22
1.8191249e-22
9.1341932e-23
4.7260989e-23
2.0240179e-23
6.9548198e-24
8.1215277e-24
1.2634952e-23
1.1210245e-23
6.3406791e-24
3.5706189e-24
3.2311454e-24
2.7926276e-24
1.4813108e-24
2.3538336e-25
-1.5512985e-25
6.9280964e-26
2.9299851e-25
2.5004583e-25
9.3113013e-26
3.4941177e-26
4.7316595e-26
4.2472916e-26
5.8844828e-27
-3.6514527e-26
-4.4364641e-26
-3.1975327e-26
-2.3940514e-26
-2.7481161e-26
-3.1390513e-26
-2.749361e-26
-1.8989255e-26
-9.9623199e-27
-4.7618919e-27
-1.2874529e-27
1.1153553e-27
1.3740907e-27
-2.5354433e-28
-2.4358553e-27
-3.5741843e-27
-2.9975736e-27
-1.3706026e-27
6.5990841e-28
2.0766683e-27
2.4282627e-27
1.6639478e-27
1.1551377e-28
-1.4550103e-27
-2.3166975e-27
-2.0087476e-27
-9.32079e-28
1.527249e-28
5.7152537e-28
3.3304391e-28
-9.1884646e-29
-2.7953374e-28
-1.879396e-28
-2.1671068e-29
5.3561073e-29
2.8010113e-29
-2.3048425e-29
-4.4983224e-29
-3.6068311e-29
-1.9143727e-29
-9.2530968e-30
-6.6861265e-30
-6.1124056e-30
-4.5703818e-30
-2.38331e-30
-7.1245787e-31
3.2403405e-32
1.4875538e-31
5.6162075e-32
-2.1325857e-32
-4.183951e-32
-3.2373704e-32
-1.8676688e-32
-9.8909199e-33
-5.2594418e-33
-2.3435978e-33
-1.9253693e-34
9.8690174e-34
1.0698418e-33
5.0915965e-34
-5.7632976e-35
-2.9389919e-34
-2.4642404e-34
-1.1249974e-34
-2.3031018e-35
4.1557753e-36
2.6022777e-36
-1.1342009e-36
-9.660711e-37
2.0082915e-37
3.8605573e-37
-2.3272927e-38
-2.7013694e-37
-2.2451232e-37
-9.8168368e-38
-2.6683454e-38
-7.4839276e-39
-3.2851267e-39
5.2142166e-40
2.6899261e-39
2.2268029e-39
9.5474513e-40
2.7575017e-40
1.5868976e-40
1.5159405e-40
8.9421333e-41
2.4444525e-41
-6.7633794e-43
-5.2974704e-43
2.0339872e-42
1.1144773e-42
-3.4857552e-43
-6.3866998e-43
-3.1596648e-43
-7.9064044e-44
-2.3732473e-44
-2.1249687e-44
-1.2331681e-44
-2.3346428e-45
1.1005023e-45
6.7595922e-46
1.2660457e-47
-8.4818891e-47
-3.2723448e-48
2.4270027e-47
9.68353e-48
-1.804518e-48
-2.3208229e-48
-2.046524e-49
3.3154658e-49
4.9543163e-50
-3.0794398e-50
4.4491486e-50
5.4729466e-50
1.9064672e-50
1.7368226e-51
1.6464156e-51
1.8903519e-51
5.0990092e-52
-4.6584065e-53
4.3820122e-53
7.3334049e-53
2.1743063e-53
2.9347304e-55
1.4917574e-54
1.7556003e-54
2.2250908e-55
-3.0012426e-55
-9.6210373e-56
3.9584451e-56
1.6069192e-56
-5.5734199e-57
-6.8878139e-58
4.3794528e-58
-7.7321792e-58
-1.8009797e-58
1.4992182e-58
3.8150364e-59
-8.8334016e-60
2.8930771e-60
5.9785082e-60
8.6734878e-62
1.8573928e-61
1.4822295e-61
-3.8462849e-62
-1.5521855e-62
8.1337455e-63
-6.6735122e-63
-8.0992039e-64
-6.7793661e-64
-1.8063041e-64
-2.7570653e-64
-9.059301e-65
-3.1576346e-65
-8.725154e-66
-5.7270198e-66
-2.5373743e-66
3.4710829e-68
-1.8593229e-67
-8.9673703e-69
-1.8688453e-68
-1.1631112e-68
-4.4430954e-69
-3.5142902e-69
-1.9057155e-70
-3.6923918e-70
-4.0613677e-71
-3.0089053e-71
-2.3766472e-71
6.6132071e-72
-4.9390305e-72
1.7974307e-72
-1.1707837e-72
2.3728863e-73
-1.339343e-74
-1.9055938e-76
-1.1222872e-74
6.8136997e-75
0
0
0
0
0
0
0
0
0
0
0
1.1945205e-30
1.4456539e-26
-2.0263456e-25
-2.9368233e-25
3.8382954e-24
3.5286031e-25
-5.9861387e-25
2.6246642e-24
2.6498279e-23
4.7609957e-23
3.7776807e-23
-5.5277842e-23
-4.1250416e-24
6.7940044e-23
-5.2099918e-24
-3.3596242e-23
3.3216076e-23
5.9448805e-23
-3.7454546e-23
-8.1200127e-23
-4.7085994e-23
-3.8894138e-24
1.7584659e-23
1.0339084e-23
2.4010628e-24
2.5635092e-24
1.8793088e-24
3.2832448e-25
5.4016416e-25
1.3580956e-24
1.3071393e-24
6.4663217e-25
3.3254261e-25
4.824628e-25
5.341242e-25
2.7952927e-25
1.1073963e-25
1.2159528e-25
1.8099188e-25
1.4669618e-25
6.5558425e-26
3.0606151e-26
2.3818969e-26
3.1527703e-26
2.9138042e-26
1.8689079e-26
1.2654896e-26
1.3978447e-26
1.4759413e-26
1.005527e-26
3.8450919e-27
1.0660287e-27
1.2296116e-27
1.3231986e-27
5.9520456e-28
3.238638e-29
1.3738143e-28
4.8996578e-28
6.3796854e-28
6.2339406e-28
6.0808306e-28
6.6476891e-28
7.3359135e-28
6.2456395e-28
3.6478421e-28
1.5276264e-28
1.0682279e-28
1.603022e-28
2.1054913e-28
2.1185685e-28
1.9358779e-28
1.6643056e-28
9.6502976e-29
-2.2777791e-29
-1.3676998e-28
-1.6923205e-28
-1.0249045e-28
-4.1516602e-31
5.783579e-29
4.8573897e-29
6.8202118e-30
-2.2766698e-29
-2.5109752e-29
-1.2815661e-29
-2.4286987e-30
4.5568611e-31
-8.0349227e-31
-1.922288e-30
-1.6532693e-30
-8.3384592e-31
-3.1088164e-31
-1.8980773e-31
-2.0544987e-31
-1.7757193e-31
-1.0202785e-31
-3.5107697e-32
-3.2736864e-33
2.5711113e-33
-2.4902759e-34
-2.4072712e-33
-2.4537304e-33
-1.6265618e-33
-8.6589023e-34
-3.9472385e-34
-1.418664e-34
-1.9614453e-35
2.6211029e-35
3.1060144e-35
2.0157693e-35
8.3559839e-36
1.2075596e-36
-1.3740505e-36
-1.4376379e-36
-7.7993924e-37
-2.6774998e-37
-5.003736e-38
-1.0697375e-39
-2.5737463e-40
-1.1880743e-39
2.2573893e-40
6.791992e-40
8.0071744e-41
-4.0167994e-40
-4.1718746e-40
-2.4303587e-40
-1.1081604e-40
-5.005758e-41
-2.1571869e-41
-5.0822824e-42
2.2287616e-42
2.9213627e-42
1.4585205e-42
4.7476969e-43
2.0891099e-43
1.5791711e-43
8.9284813e-44
2.4528748e-44
-1.5213083e-45
-2.4073043e-45
4.5998271e-46
5.8733398e-46
-1.7648651e-46
-3.614722e-46
-1.7534826e-46
-3.6809506e-47
-6.9187201e-48
-8.0953227e-48
-5.0935605e-48
-8.3973238e-49
4.9429639e-49
2.3685654e-49
-8.6458107e-51
-1.9757035e-50
6.0414966e-51
6.0110823e-51
3.8854513e-52
-6.8984894e-52
-1.0576032e-52
6.0676034e-53
-1.4073939e-53
-2.932804e-53
-3.7420838e-54
7.8857435e-54
5.1953065e-54
1.3749749e-54
2.260582e-55
1.6394967e-55
9.0284077e-56
4.8607259e-57
-4.8299414e-57
6.2989773e-57
4.8793082e-57
6.9653108e-58
-3.1444738e-59
2.10031e-58
9.4164612e-59
-1.6085186e-59
-8.3355333e-60
4.5836124e-60
1.5179549e-60
-3.9804901e-61
-4.1482309e-62
5.8865352e-62
-2.1620595e-62
-2.1991977e-62
-1.2421107e-63
2.246509e-63
-1.1790529e-64
-1.4764308e-64
1.6332012e-64
4.4968658e-65
1.606492e-65
3.3051189e-66
-3.84923e-67
-1.7332945e-67
1.9868861e-67
-1.011089e-67
-9.1596929e-69
-1.8108998e-69
-1.7330645e-69
-2.2148779e-69
-1.5108527e-69
-3.8321686e-70
-1.0041864e-70
-7.0959873e-71
-3.5740569e-71
-3.6515101e-72
-3.5269132e-72
-2.6431825e-73
-3.3622383e-73
-1.0921425e-74
-3.649865e-74
-3.7597598e-74
-4.4704261e-75
-2.3846012e-75
-5.6018742e-76
-2.9358646e-76
-1.0683579e-76
-3.3785639e-77
1.5413753e-77
-9.4164785e-78
-1.1731198e-78
-4.5787338e-79
2.7420186e-79
-1.0052365e-80
4.1628185e-82
1.5536427e-81
-3.4098463e-81
6.151909e-81
0
0
0
0
0
0
0
0
0
0
0
-1.8649307e-31
1.178155e-27
4.1421618e-27
-6.6777772e-27
1.636644e-25
2.5361562e-26
-1.0192827e-24
-3.1531074e-26
2.2287395e-24
5.3325156e-24
2.3166121e-24
2.5973306e-24
1.0226774e-23
2.6616656e-24
-5.7093289e-24
-3.484262e-25
4.6934373e-24
2.9157165e-24
1.6440306e-24
5.6237468e-25
-7.4495863e-26
7.6502347e-25
9.4014114e-25
6.2130571e-25
5.6693026e-25
4.2711847e-25
2.243613e-25
1.1392636e-25
9.6430899e-26
8.8698659e-26
7.2987972e-26
4.9737149e-26
4.2264561e-26
3.8948248e-26
2.5712441e-26
9.5656023e-27
2.9456149e-27
5.2298208e-27
8.0314662e-27
6.259108e-27
2.8437311e-27
1.7506792e-27
1.9101685e-27
1.150661e-27
-3.2137261e-28
-1.040681e-27
-6.5212894e-28
-1.0996477e-28
-3.6986534e-29
-2.0202645e-28
-2.377995e-28
-1.3969435e-28
-6.4432861e-29
-4.7563964e-29
-4.2193387e-29
-2.5380599e-29
-8.6001288e-30
-7.4436006e-31
-1.8746521e-31
-3.2520514e-30
-1.8016695e-30
5.344478e-30
8.7545509e-30
1.1753637e-30
-9.6748586e-30
-1.1535265e-29
-5.5588568e-30
-1.5049474e-30
-4.529275e-30
-8.9022408e-30
-7.739764e-30
-2.7892391e-30
-3.2633005e-31
-2.5641559e-30
-5.578602e-30
-4.9537712e-30
-1.059582e-30
2.3576166e-30
2.8599742e-30
1.205701e-30
-4.7261259e-31
-1.0124155e-30
-6.7907448e-31
-2.1240959e-31
2.7421016e-33
9.942607e-33
-2.7781356e-32
-3.3346596e-32
-1.6289994e-32
-2.6301589e-33
3.8294111e-34
-1.3557165e-33
-2.3583777e-33
-1.7362956e-33
-7.1126145e-34
-1.176416e-34
3.0652451e-35
4.0320977e-36
-2.7076625e-35
-2.8950043e-35
-1.8465795e-35
-9.2839938e-36
-4.0920646e-36
-1.5141661e-36
-3.1028176e-37
1.3465582e-37
1.9103041e-37
1.1669649e-37
4.5114651e-38
9.2598443e-39
-1.5715226e-39
-2.5199546e-39
-1.4238539e-39
-5.7223054e-40
-1.7049214e-40
-2.7392142e-41
6.8530467e-42
7.1707432e-42
2.6153411e-42
2.6598733e-43
-2.6659516e-43
-2.2204944e-43
-1.3971008e-43
-9.7226482e-44
-6.7291904e-44
-3.8851422e-44
-1.6714169e-44
-4.4086855e-45
3.9502113e-47
6.7720175e-46
3.577616e-46
1.2498788e-46
5.5510914e-47
3.4809511e-47
1.6956499e-47
4.1778054e-48
-4.0236398e-49
-5.9190683e-49
-1.1361973e-49
2.5824141e-51
-3.3431288e-50
-3.7596281e-50
-1.6406102e-50
-3.1131862e-51
-3.1081195e-52
-4.1196347e-52
-2.8875308e-52
-5.3278491e-53
2.1232096e-53
9.6777281e-54
-9.1773779e-55
-7.9606268e-55
3.3380026e-55
2.3383756e-55
7.4245169e-57
-1.3177882e-56
7.1142508e-57
4.9456978e-57
-5.281075e-58
-9.6178426e-58
-1.1057734e-58
1.0734518e-58
4.4423593e-59
1.2140899e-59
7.8738916e-60
3.796542e-60
6.3523491e-61
-9.5671571e-62
-2.7314906e-64
3.7063944e-62
1.0182349e-62
-1.51601e-63
-2.5155699e-64
6.8096689e-64
2.5012269e-64
2.1432515e-65
2.4297871e-65
1.6508583e-65
1.1769344e-66
-7.6480023e-67
2.6171801e-67
9.0746488e-68
-5.8273192e-68
-1.6209413e-68
-1.638277e-70
-2.6962171e-69
-6.9498421e-70
5.031304e-70
1.6451569e-70
2.9578226e-73
9.0967126e-72
2.5025061e-72
3.0475129e-73
3.409569e-73
-4.8396992e-74
-4.2483754e-74
2.9018317e-75
-2.5060142e-75
-1.4379305e-77
-6.8406778e-76
-1.0706447e-76
-1.3092287e-76
-3.3997347e-77
-1.1683897e-77
-1.9689745e-78
-2.4971338e-78
-1.4426295e-79
-1.3353014e-79
3.3652976e-80
-5.2983501e-81
-7.0001691e-81
-1.6653755e-81
-7.065492e-82
-5.9345799e-83
-1.4670959e-82
-4.1571386e-83
-9.7928187e-84
-4.1254456e-84
-3.1382757e-85
-1.64391e-85
-7.696363e-86
2.24533e-86
-1.088908e-86
4.6161287e-88
1.2455865e-88
2.2455419e-88
1.188991e-88
2.8631418e-89
-3.8017003e-89
0
0
0
0
0
0
0
0
0
0
0
4.3828992e-34
3.4127932e-29
-9.3426838e-29
5.8917703e-28
2.9174052e-27
-3.6619933e-27
-1.3004012e-26
1.611578e-26
8.7654204e-26
-1.1580837e-26
-6.9589941e-26
1.1616089e-25
1.8063684e-25
3.7944148e-27
-5.1293804e-26
1.1328409e-26
2.59696e-27
-1.7744117e-26
8.412341e-27
2.707008e-26
1.3963334e-26
-5.2416338e-27
-1.0170253e-26
-7.9301006e-27
-5.6512549e-27
-2.0627175e-27
2.1701066e-28
1.1546324e-27
2.3110244e-27
2.0218745e-27
6.4691779e-28
7.6736157e-28
1.6812762e-27
1.625559e-27
8.3355621e-28
3.1456147e-28
3.2763722e-28
4.2932205e-28
3.5508906e-28
2.1702186e-28
1.5459636e-28
1.3419107e-28
8.310605e-29
1.7096406e-29
-1.4903604e-29
-1.1343107e-29
-1.1757181e-30
1.4426016e-30
5.3774347e-32
-5.6024602e-31
-1.7699534e-31
9.6093494e-32
7.0944634e-32
-1.0988618e-33
-1.4821542e-32
4.1228632e-33
7.1896655e-32
1.4994062e-31
1.4309777e-31
1.6002225e-31
3.9337583e-31
6.7873305e-31
5.8125053e-31
1.1503484e-31
-1.2903492e-31
9.6149598e-32
3.5118013e-31
1.4572811e-31
-3.6360976e-31
-6.0580361e-31
-3.7969425e-31
-5.7199997e-33
1.5305723e-31
7.3126726e-32
-3.2892811e-32
-3.1257277e-32
3.1569116e-32
6.1717571e-32
3.7144543e-32
-2.3237455e-33
-2.1283326e-32
-1.7886651e-32
-7.6884485e-33
-1.4831983e-33
-1.2772992e-34
-5.041623e-34
-6.3657092e-34
-3.6663211e-34
-9.652513e-35
3.7565173e-36
4.6098592e-37
-1.5848444e-35
-1.6126952e-35
-8.4064975e-36
-2.5293632e-36
-3.7596309e-37
-8.9529363e-38
-1.5618331e-37
-1.4161439e-37
-8.0428119e-38
-3.5289107e-38
-1.3980596e-38
-5.2107667e-39
-1.459857e-39
-6.4405637e-42
2.9775175e-40
1.9557865e-40
6.9461356e-41
1.1817955e-41
-1.6895881e-42
-1.7925756e-42
-6.7345348e-43
-2.2361544e-43
-8.1572224e-44
-1.849602e-44
5.9154339e-45
7.402069e-45
2.946195e-45
3.3925817e-46
-2.0101237e-46
-9.6560008e-47
-9.5923529e-48
1.3309199e-48
-4.1155171e-48
-4.3183471e-48
-1.95725e-48
-4.4920721e-49
-9.3062307e-51
2.6236359e-50
7.5109757e-51
1.8350906e-51
1.6350231e-51
1.1475983e-51
4.3216075e-52
6.0957421e-53
-2.3026696e-53
-1.5861691e-53
-5.1235617e-54
-1.9578766e-54
-1.1932146e-54
-6.0616214e-55
-1.9396008e-55
-3.3454035e-56
-2.8313987e-57
-1.6204338e-57
-9.9090593e-58
-1.0380669e-58
9.9412026e-59
3.1380463e-59
-4.0540363e-60
-2.2598891e-60
8.7240694e-61
4.9797742e-61
-3.6001453e-65
-1.7907864e-62
1.8738131e-62
9.4597214e-63
-4.8671448e-64
-1.0192358e-63
4.7637454e-66
1.2983906e-64
2.9127762e-65
6.0196809e-66
6.3870022e-66
2.6757534e-66
2.2976546e-67
-6.5766453e-68
1.9371883e-68
1.2498419e-68
-1.1854684e-69
-7.4022382e-70
3.6113295e-70
1.5838685e-70
2.1117497e-72
-5.5820952e-73
3.634563e-72
8.4769065e-73
4.2378324e-74
1.6803097e-73
7.8699672e-74
-3.7428086e-75
-4.9512621e-75
6.0694414e-76
-1.8528798e-76
-2.4330766e-76
1.8158102e-77
1.7014128e-77
-4.7872531e-79
1.6117076e-79
1.1127375e-79
1.1361007e-79
2.002383e-80
-1.4080039e-81
-2.5875291e-81
5.021703e-82
-1.1455335e-82
2.4008018e-83
-9.8783879e-84
9.5693121e-85
-2.1797727e-84
-3.687549e-85
-1.7672414e-85
-1.0828946e-86
-2.5145739e-86
-3.277461e-87
-1.8322728e-87
3.9712901e-88
2.2204457e-89
1.7009434e-90
-6.7711719e-90
-3.8184296e-90
-7.0582144e-91
-6.611998e-91
-1.6533488e-91
-3.9466082e-92
-5.9617055e-93
-1.6905402e-93
-3.8810405e-94
-1.8889452e-94
-9.2957679e-95
1.8028477e-95
-8.0702141e-96
1.8401801e-96
-1.560593e-97
1.1406898e-97
7.9032624e-100
2.9594418e-99
1.9583869e-99
-9.6344429e-100
0
0
0
0
0
0
0
0
0
0
0
7.537745e-36
1.8314252e-31
7.7418429e-30
-6.2489882e-29
-2.565788e-28
2.5533236e-28
4.5836794e-28
2.8885816e-27
3.607105e-27
1.2422832e-28
3.1427089e-28
3.6227355e-28
-6.5364283e-28
7.6064453e-28
1.800148e-27
2.0712384e-27
1.4530155e-27
1.6578146e-28
5.3182761e-28
1.1738046e-27
5.1701577e-28
4.125587e-29
5.8686399e-29
-4.3262399e-29
-8.2545504e-29
1.0114584e-30
3.1121136e-29
2.0817157e-29
2.6390218e-29
3.3683238e-29
3.9769188e-29
4.889388e-29
4.3405118e-29
2.3605543e-29
8.8197624e-30
4.3943943e-30
3.4106434e-30
2.0689722e-30
8.9650038e-31
4.8140436e-31
3.9817177e-31
2.269375e-31
2.8559358e-32
-5.03719e-32
-3.6168687e-32
-1.0724293e-32
-1.6846098e-33
-9.1789158e-34
-7.7308748e-34
-2.9739774e-34
-3.9119565e-35
5.7128838e-36
-6.0968562e-36
-6.2481989e-35
-2.2032871e-34
-2.6371847e-34
6.4564118e-35
-2.8579588e-34
-1.4591426e-33
1.0369467e-34
4.5338034e-33
2.4984465e-33
-1.1319237e-32
-2.2910311e-32
-1.7293854e-32
-1.7642615e-33
2.8288274e-33
-9.4094352e-33
-2.2210661e-32
-2.0833477e-32
-8.507414e-33
2.1371418e-33
4.6404865e-33
2.1833469e-33
6.6342587e-35
-1.3271404e-34
3.3187786e-34
3.7880162e-34
6.7114891e-35
-1.6444147e-34
-1.7171437e-34
-7.9449469e-35
-1.3392099e-35
3.1351393e-36
-1.2257495e-36
-4.5207822e-36
-3.3258723e-36
-1.1726695e-36
-1.0258129e-37
6.1038495e-38
-2.1277975e-38
-5.59391e-38
-3.7636133e-38
-1.4622164e-38
-3.7335021e-39
-8.8839145e-40
-4.5055472e-40
-2.8563624e-40
-1.3182117e-40
-4.4362003e-41
-1.2975563e-41
-4.2456438e-42
-1.3782017e-42
-2.0233169e-43
1.2013059e-43
9.558967e-44
2.9947067e-44
2.2701962e-45
-1.8970715e-45
-8.1869395e-46
-1.3302321e-46
-3.5342079e-49
9.3759699e-49
-2.5806919e-49
1.1217672e-48
1.0780095e-48
4.368672e-49
7.6614683e-50
-8.547464e-51
-7.2704047e-51
-9.0938185e-52
3.1470909e-52
7.8094797e-53
-3.8700481e-53
-2.3747168e-53
-3.9871247e-54
5.9841775e-55
3.088564e-55
-1.5321353e-56
-2.8320532e-56
-1.9159702e-57
2.7662573e-57
7.8748836e-58
-1.0364238e-58
-1.133365e-58
-3.3633102e-59
-9.2480422e-60
-4.6718275e-60
-2.2740073e-60
-7.4649875e-61
-1.6037662e-61
-2.3492052e-62
-3.2881962e-63
-5.7618495e-64
5.7038299e-65
1.0400612e-64
3.4799588e-65
3.84617e-66
-5.0872905e-67
-6.5234102e-68
4.7706322e-68
5.3312551e-72
-5.6328416e-69
9.3470843e-70
1.5916324e-69
4.1234371e-70
-2.0479854e-71
-2.4019114e-71
4.4406614e-73
1.717505e-72
1.9732379e-73
6.5719286e-74
8.1413054e-74
2.7496273e-74
2.6541518e-75
2.2808258e-76
3.556169e-76
9.426785e-77
-5.9705179e-78
-2.2152861e-78
2.4989278e-78
-2.7923408e-79
-3.944166e-79
1.1351043e-80
1.9562616e-80
2.2298676e-81
1.2372576e-81
4.2018027e-82
1.4789329e-83
3.2183901e-84
4.2689283e-84
1.5643563e-86
-1.8806284e-85
-8.9008827e-87
-2.2783378e-87
-1.6631924e-87
-1.7273032e-88
1.2026234e-88
4.2258916e-89
7.5706668e-90
2.9179624e-90
-5.5871664e-91
7.9283329e-92
-4.6324651e-92
3.1633604e-93
-1.2755499e-93
5.1003693e-94
-1.1977156e-94
-9.9197198e-96
-1.1662804e-95
1.8067544e-97
-1.0860279e-96
-1.3063443e-97
-1.0871616e-97
-2.7063273e-99
-2.9757167e-99
-3.0045652e-101
-1.1209106e-100
-7.1547912e-102
-1.165755e-102
-3.5550036e-102
-2.5453482e-103
-3.1691883e-103
-7.677623e-104
-1.8529885e-104
-6.7410805e-105
-1.143006e-105
-1.3940306e-106
-8.2791848e-107
9.0313391e-108
-6.4754908e-108
1.1199354e-108
-3.5603876e-109
5.6588383e-110
-3.5276107e-111
-1.7998191e-111
1.2743652e-111
-2.2294894e-112
1.0088372e-112
0
0
0
0
0
0
0
0
0
0
0
0
1.4265904e-33
7.8376068e-32
-1.3335614e-31
-2.6465755e-30
2.854147e-30
1.0924261e-29
1.9061774e-29
4.9946853e-29
1.2928148e-28
8.9876478e-29
-6.9348495e-29
-1.104612e-28
-4.3730455e-29
7.1874552e-30
1.4776505e-29
8.7029426e-30
1.0393736e-29
7.6415678e-30
-4.751562e-30
-6.5902838e-30
-4.0668583e-31
1.0178893e-30
4.3615236e-31
4.4368743e-31
1.1572199e-32
-3.1258389e-31
-2.239856e-31
-4.252385e-32
1.0184308e-31
1.5892526e-31
1.2602854e-31
6.6626539e-32
2.777471e-32
1.1606588e-32
5.1687505e-33
1.8825672e-33
4.583234e-34
1.3118151e-34
1.0466628e-34
6.6165346e-35
2.2142523e-35
3.0427378e-36
-9.3428951e-38
1.0919579e-37
1.2826294e-37
3.5161099e-38
1.2353762e-39
-1.0027881e-39
1.7942296e-39
3.0687541e-38
1.2859602e-37
4.7320973e-38
-1.0823052e-36
-2.812843e-36
-9.4465758e-37
3.0696257e-36
1.3381162e-36
1.371967e-35
5.2384719e-35
1.6620303e-35
-2.1371387e-34
-4.8154364e-34
-4.6792519e-34
-1.5043676e-34
1.1725073e-34
5.9593511e-35
-1.7742376e-34
-2.8614478e-34
-1.8384455e-34
-2.0548695e-35
5.9197619e-35
4.8142021e-35
1.2981446e-35
-4.2558769e-36
-4.608449e-36
-1.5492202e-36
-7.0442928e-37
-9.6719872e-37
-8.5255604e-37
-3.9687554e-37
-6.6780705e-38
2.3310725e-38
4.2284716e-39
-1.5480159e-38
-1.436072e-38
-6.4505918e-39
-1.5230487e-39
-9.4128453e-41
-1.7930797e-41
-8.4314618e-41
-6.8440187e-41
-3.0863966e-41
-9.5746402e-42
-2.4795271e-42
-7.594687e-43
-2.9175412e-43
-9.7237905e-44
-2.1410475e-44
-2.2902476e-45
-4.5641522e-47
-9.2632735e-47
-3.8871898e-47
1.2712637e-47
1.2986224e-47
3.2894323e-48
-3.2735959e-49
-4.5612664e-49
-1.3615737e-49
-1.8132629e-50
2.0432851e-52
4.8086394e-52
8.8525455e-53
3.2234935e-53
1.8855907e-53
6.6457696e-54
1.2387867e-54
4.2242566e-56
-3.5752678e-56
-6.8520942e-57
4.8833531e-58
3.3561793e-58
1.5237274e-59
-1.2727758e-59
-1.1461406e-60
9.305447e-61
2.8173938e-61
5.6520651e-63
-1.2531686e-62
-2.3712454e-63
5.1415485e-65
2.7118528e-65
-2.6485815e-65
-1.1484985e-65
-2.0075017e-66
-3.0840858e-67
-1.4639683e-67
-6.3074614e-68
-1.5959314e-68
-2.4555521e-69
-2.7144156e-70
-4.1219157e-71
-6.1485773e-72
1.0281195e-72
7.2543278e-73
1.2954179e-73
4.2595046e-75
-2.6565165e-76
5.6802302e-76
1.0941754e-76
-2.3004023e-77
-7.9208766e-78
5.3706525e-79
4.663291e-79
3.800692e-80
-7.207898e-81
7.2312799e-82
9.5305785e-82
1.8150473e-82
2.2688683e-83
8.9405556e-84
2.9786246e-84
4.9081419e-85
6.5091456e-86
2.0983891e-86
6.0397736e-86
2.8393964e-86
-5.4671878e-86
-8.7126348e-87
7.7520548e-87
-2.966245e-87
-1.1352179e-87
4.8808748e-88
6.8437027e-89
-1.5465954e-89
2.4933552e-90
1.710036e-90
2.0775055e-91
2.9274786e-92
8.00202e-93
3.4581715e-94
-4.2939957e-95
1.4942045e-95
-4.5680636e-96
-1.5377928e-96
3.2721116e-98
2.1019192e-98
2.9123109e-99
4.9525187e-101
-3.9717471e-101
8.4530227e-102
-2.240348e-103
-7.3437561e-105
-1.8600103e-104
8.0953269e-106
-2.6539708e-106
2.200144e-107
-5.792192e-108
1.5503815e-109
-1.6782542e-109
-1.9999288e-112
-7.2795076e-111
-8.0486754e-113
-7.8348481e-113
-2.0831818e-114
-1.1465409e-114
2.6194283e-115
3.0050191e-116
-3.6698194e-117
-3.8251556e-118
-3.4445176e-118
-7.8548923e-119
-2.7779108e-119
-4.7050236e-120
-6.3756153e-121
-1.1547719e-121
-1.676259e-122
-4.8562609e-123
-3.4788219e-124
-1.6227085e-124
1.7386879e-125
-3.4161277e-126
-3.9425377e-127
3.5882927e-127
-4.3684664e-128
2.455576e-128
-1.8124951e-129
3.995549e-130
1.0281519e-130
0
0
0
0
0
0
0
0
0
0
0
0
1.2136531e-35
1.4849074e-33
-2.5733617e-33
-1.0936601e-33
3.7664721e-31
6.0024791e-31
-3.1182848e-31
-7.3406066e-31
3.5656151e-31
1.1553959e-30
3.7093177e-31
-3.4734515e-32
3.9377897e-31
3.5663719e-31
4.4049245e-32
4.5681254e-32
1.0759853e-31
5.9495399e-32
2.6321039e-32
2.0717353e-32
1.06976e-32
4.0400432e-33
2.4873763e-33
1.3086491e-33
3.9101352e-34
1.2124687e-34
6.9263876e-35
3.8391362e-35
1.8429694e-35
7.032792e-36
1.9403103e-36
4.690387e-37
1.4178417e-37
4.2203847e-38
6.6509914e-39
-1.0405584e-39
-8.3429921e-40
-1.8109485e-40
-8.6715762e-42
3.2542329e-42
4.3803192e-43
-3.33456e-44
7.7709041e-46
5.1259573e-45
1.263967e-44
-1.2719957e-43
-3.9824669e-42
-2.2956849e-41
-3.6801364e-42
1.8603556e-40
-1.2694045e-39
-1.3896566e-38
-5.2963346e-38
-1.1745722e-37
-1.9756431e-37
-3.2550441e-37
-4.708229e-37
-5.7358907e-37
-1.0827156e-36
-2.8281143e-36
-5.1617649e-36
-5.7430602e-36
-3.5157553e-36
-5.1113514e-37
5.6136673e-37
-3.843637e-37
-1.4001137e-36
-1.2771067e-36
-4.5742147e-37
1.4867868e-37
2.5359775e-37
1.1718457e-37
5.3864908e-39
-2.2973628e-38
-1.4252595e-38
-5.2101754e-39
-2.1322967e-39
-1.1739665e-39
-4.2940376e-40
2.8283057e-41
1.1727174e-40
4.9324848e-41
-5.0104402e-42
-1.5676507e-41
-8.758238e-42
-2.6411002e-42
-4.0674742e-43
-3.0122098e-44
-3.8261568e-44
-3.6937016e-44
-1.8434424e-44
-6.1820461e-45
-1.6380557e-45
-4.1854717e-46
-1.1577288e-46
-2.9032818e-47
-4.4963015e-48
1.7053663e-49
2.9260519e-49
7.3437891e-50
9.4274995e-51
1.5132863e-51
5.8594718e-52
9.920396e-53
-3.1406759e-53
-2.0136336e-53
-4.5677379e-54
-4.8283952e-55
-1.6354037e-56
2.514033e-57
4.4712984e-58
6.9858505e-59
2.0142834e-59
4.7449322e-60
6.7263292e-61
4.2670002e-62
-2.756162e-63
-7.3111474e-64
-1.5212968e-65
1.0167696e-65
1.099845e-66
-2.3762326e-68
1.8552976e-69
5.5784439e-69
1.1551647e-69
6.7070129e-71
-1.1084924e-71
-2.2519526e-72
-1.052738e-73
-3.1001563e-75
-5.4745127e-75
-1.4628425e-75
-1.6520974e-76
-1.2295152e-77
-3.5068637e-78
-1.144897e-78
-2.0820891e-79
-2.2723932e-80
-1.8125496e-81
-1.9152606e-82
-2.0496282e-83
1.1962313e-84
8.0043537e-85
1.026387e-85
2.8048707e-87
-1.5249561e-88
9.581836e-89
1.1469548e-89
-2.5694326e-90
-4.9712919e-91
2.3778948e-92
1.1083739e-92
2.4351904e-94
-9.9594673e-95
1.2020222e-95
4.8537003e-96
4.1983101e-97
5.1115569e-98
1.6478353e-98
2.0118314e-99
8.2798321e-102
6.828714e-102
7.7540126e-97
2.1111813e-96
9.012153e-96
7.6940414e-95
1.798755e-94
-2.4262316e-96
-2.827898e-95
5.387038e-96
-1.806145e-96
-1.9365512e-96
-4.9809849e-98
3.9032544e-98
3.159836e-99
3.9147645e-100
6.5398522e-101
4.9730647e-102
4.7818079e-103
4.913928e-104
-4.1568868e-105
-7.6818998e-106
-2.2534652e-107
-1.4510235e-108
1.9581844e-109
5.7323916e-111
2.2366612e-111
4.0929459e-112
1.9615465e-113
-9.4563931e-115
-1.5521674e-115
5.9936549e-118
-2.3196454e-117
-3.2084512e-119
-1.3479983e-119
8.8981186e-121
-1.482959e-121
1.0502405e-123
-2.5585362e-123
7.793256e-125
-2.4974767e-125
-1.2607189e-126
-2.6330109e-127
1.4373635e-128
3.5097963e-130
-2.035026e-131
-1.7368632e-131
-5.2270537e-132
-1.8714523e-133
-2.1489017e-133
-2.5277447e-134
-3.0946214e-135
-6.9028563e-136
-9.3382675e-137
-8.7909239e-138
-1.2770401e-138
-6.434659e-140
-4.7412289e-141
-3.5075396e-141
8.1004975e-143
1.0576582e-144
1.1553065e-144
1.1916313e-144
-9.9620864e-146
1.3862411e-146
1.4775245e-147
-6.4303414e-149
1.7322077e-149
0
0
0
0
0
0
0
0
0
0
0
0
4.3951331e-38
2.2028342e-36
-1.1416339e-35
-2.6183206e-34
-9.2876828e-34
3.0565355e-33
5.8998497e-33
-6.0894743e-34
-1.275434e-33
-3.9195323e-34
7.9507147e-35
1.0497645e-34
3.1644879e-35
3.9669612e-37
-1.265433e-37
8.0051714e-37
1.8058759e-37
4.908365e-38
3.6287059e-38
1.0713558e-38
1.809998e-39
2.9105898e-40
3.775852e-41
2.1256848e-42
1.2000942e-43
9.9403433e-44
3.1224143e-44
5.586347e-45
6.9444628e-46
6.526939e-47
5.8651147e-48
6.894899e-49
7.5704239e-50
4.2976884e-51
-1.3944343e-52
-4.3642231e-53
-2.6538453e-54
5.5743923e-56
1.8222457e-56
1.2460086e-57
2.9534338e-54
1.8580502e-51
7.8186244e-49
2.0639499e-47
9.2177541e-47
-2.4066624e-45
-1.3555012e-44
7.9985433e-44
6.465952e-43
-3.7264827e-44
-1.2552325e-41
-5.2025645e-41
-1.0769396e-40
-1.4473202e-40
-1.9054588e-40
-2.7204582e-40
-3.8360405e-40
-9.6549168e-40
-2.8447546e-39
-5.322596e-39
-5.8104549e-39
-3.1446299e-39
3.1324765e-40
1.4698155e-39
2.7495112e-40
-1.0278967e-39
-1.0968618e-39
-4.1016738e-40
1.1044468e-40
1.9519312e-40
8.3380915e-41
-1.7032156e-42
-1.9923938e-41
-1.1312837e-41
-3.6048131e-42
-9.423903e-43
-3.2710402e-43
-9.1817516e-44
2.1100642e-44
3.3846968e-44
1.2268741e-44
-1.248693e-45
-3.2781322e-45
-1.6506613e-45
-4.4802817e-46
-5.9084055e-47
-6.1082103e-49
-2.3652842e-48
-2.9773415e-48
-1.4287952e-48
-4.3059831e-49
-9.7645066e-50
-2.0218244e-50
-4.4497413e-51
-8.7651318e-52
-8.1392069e-53
2.1331906e-53
1.0407941e-53
1.989369e-54
1.8738984e-55
9.8938235e-57
2.3815611e-57
1.6727562e-58
-2.5935523e-58
-9.3848438e-59
-1.3757991e-59
-7.8513913e-61
-5.3127378e-63
5.4159299e-64
2.4407455e-65
8.8178374e-67
6.6609489e-68
4.7242981e-69
2.0126009e-70
3.6521246e-72
-9.2714391e-74
-6.9219957e-75
-6.8650976e-77
7.2942662e-78
2.8626175e-79
8.5762025e-82
9.9543622e-83
3.4949768e-83
2.1714068e-84
3.7565393e-86
-2.1861101e-87
-1.3906638e-88
-2.2360798e-90
-1.9361735e-92
-9.7664448e-93
-8.434735e-94
-2.8646262e-95
-4.8312567e-97
-6.1177253e-98
-8.0987204e-99
-5.2151069e-100
-1.9042818e-101
-4.8788913e-103
-2.0436763e-104
-9.3405661e-106
2.3243736e-107
5.7236497e-108
2.7324965e-109
2.200509e-111
-1.7090578e-113
2.7703143e-113
5.7949801e-114
-4.6598793e-113
-4.456162e-112
2.0147132e-112
1.0007706e-111
-2.4650737e-112
-3.0518452e-112
9.0431502e-113
6.2957383e-113
5.8257611e-114
1.3085381e-114
9.46505e-115
1.1093223e-115
-1.1417744e-116
7.1915256e-112
1.7872106e-111
3.862934e-106
5.0993425e-107
8.6371724e-104
1.6982251e-103
-1.4409418e-103
-9.230623e-104
1.8213139e-104
-3.201828e-105
-3.8828364e-105
1.5755169e-106
2.4711298e-107
-1.0435762e-109
4.6740788e-109
1.8509046e-110
1.7366186e-112
4.0864475e-114
8.2738077e-116
-7.9957953e-117
-2.1884924e-118
5.5162958e-120
4.6855336e-122
-1.3679207e-122
-5.5820524e-125
1.8336102e-125
6.9305409e-127
-1.808477e-128
-3.6237127e-132
9.6496092e-132
-2.8820012e-133
-1.8264891e-134
-7.4449675e-136
2.0131524e-137
2.6107428e-139
9.8855795e-141
-4.6898374e-141
5.8972084e-143
-8.6100657e-144
-4.810634e-145
-6.6080014e-146
-7.4790775e-148
-2.8176687e-149
5.1735318e-151
4.3965937e-153
8.8409988e-153
6.7297604e-154
-2.2990924e-155
-1.6093404e-156
-1.363737e-157
-6.5555627e-159
-2.6974552e-160
-1.3112132e-161
-3.9553415e-163
-2.1829383e-164
-9.3461493e-166
-8.7434778e-168
-3.338139e-168
1.1480074e-169
-2.2020455e-171
-1.052138e-173
-2.2281186e-174
-3.1404377e-175
3.2514036e-176
-1.7449496e-177
-1.3876028e-156
-1.7125068e-155
3.0112187e-156
)
;


// ************************************************************************* //
