/*--------------------------------*- C++ -*----------------------------------*\
| =========                 |                                                 |
| \\      /  F ield         | OpenFOAM: The Open Source CFD Toolbox           |
|  \\    /   O peration     | Version:  1912                                  |
|   \\  /    A nd           | Website:  www.openfoam.com                      |
|    \\/     M anipulation  |                                                 |
\*---------------------------------------------------------------------------*/
FoamFile
{
    version     2.0;
    format      ascii;
    class       surfaceScalarField;
    location    "0.2";
    object      phi;
}
// * * * * * * * * * * * * * * * * * * * * * * * * * * * * * * * * * * * * * //

dimensions      [0 3 -1 0 0 0 0];
oriented        oriented;


internalField   nonuniform List<scalar> 
22752
(
1.3562656e-09
3.1040106e-10
1.026681e-09
3.2958461e-10
7.9532881e-10
2.3135219e-10
6.4114037e-10
1.5418844e-10
5.397065e-10
1.0143387e-10
4.7315518e-10
6.655132e-11
4.2917662e-10
4.397856e-11
3.9976326e-10
2.9413353e-11
3.79898e-10
1.9865263e-11
3.6643177e-10
1.3466233e-11
3.5732024e-10
9.1115305e-12
3.5115817e-10
6.1620635e-12
3.4691185e-10
4.2463261e-12
3.4377596e-10
3.1358917e-12
3.4110615e-10
2.6698073e-12
3.3839468e-10
2.711467e-12
3.3526538e-10
3.1293019e-12
3.3147201e-10
3.7933659e-12
3.2689222e-10
4.5797892e-12
3.2151397e-10
5.378252e-12
3.1541483e-10
6.099141e-12
3.0873682e-10
6.6780167e-12
3.0166024e-10
7.0765783e-12
2.9437967e-10
7.2805631e-12
2.8708429e-10
7.2953824e-12
2.7994348e-10
7.1408071e-12
2.7309799e-10
6.84549e-12
2.6665587e-10
6.4421226e-12
2.6069225e-10
5.9636248e-12
2.5525186e-10
5.4403841e-12
2.5035323e-10
4.898629e-12
2.4599365e-10
4.359582e-12
2.4215423e-10
3.8394181e-12
2.3880466e-10
3.3495737e-12
2.3590726e-10
2.8973952e-12
2.3342044e-10
2.486829e-12
2.3130123e-10
2.1192089e-12
2.295073e-10
1.7939307e-12
2.2799824e-10
1.5090564e-12
2.2673647e-10
1.2617735e-12
2.2568767e-10
1.0487966e-12
2.2482101e-10
8.6665954e-13
2.2410913e-10
7.1188238e-13
2.23528e-10
5.811276e-13
2.2305673e-10
4.7127188e-13
2.2267726e-10
3.7946971e-13
2.2237413e-10
3.03129e-13
2.2213415e-10
2.3998318e-13
2.2194612e-10
1.8802157e-13
2.2180064e-10
1.4548442e-13
2.2168978e-10
1.1085837e-13
2.2160694e-10
8.2840375e-14
2.2154663e-10
6.0314092e-14
2.2150429e-10
4.2339299e-14
2.2147617e-10
2.8116168e-14
2.2145921e-10
1.6965282e-14
2.2145088e-10
8.3279131e-15
2.2144914e-10
1.7359223e-15
2.2145236e-10
-3.2134881e-15
2.214592e-10
-6.845368e-15
2.2146862e-10
-9.4153263e-15
2.2147976e-10
-1.11453e-14
2.2149199e-10
-1.2225995e-14
2.2150479e-10
-1.2806164e-14
2.2151779e-10
-1.2999024e-14
2.2153067e-10
-1.2876371e-14
2.2154321e-10
-1.2538884e-14
2.2155526e-10
-1.2048362e-14
2.2156671e-10
-1.1453046e-14
2.2157751e-10
-1.0794991e-14
2.2158761e-10
-1.0104515e-14
2.2159701e-10
-9.4009254e-15
2.2160571e-10
-8.7007753e-15
2.2161373e-10
-8.0193884e-15
2.2162109e-10
-7.363971e-15
2.2162783e-10
-6.7337944e-15
2.2163396e-10
-6.130503e-15
2.2163952e-10
-5.5622963e-15
2.2164456e-10
-5.035529e-15
2.2164911e-10
-4.5480868e-15
2.216532e-10
-4.0952092e-15
2.2165688e-10
-3.6779614e-15
2.2166018e-10
-3.3009694e-15
2.2166314e-10
-2.9633542e-15
2.216658e-10
-2.6568119e-15
2.2166817e-10
-2.3734367e-15
2.2167029e-10
-2.112215e-15
2.2167216e-10
-1.8765257e-15
2.2167383e-10
-1.6676703e-15
2.2167531e-10
-1.4829642e-15
2.2167663e-10
-1.3190229e-15
2.2167781e-10
-1.1742808e-15
2.2167885e-10
-1.0475463e-15
2.2167979e-10
-9.3567461e-16
2.2168062e-10
-8.3411081e-16
2.2168136e-10
-7.3963682e-16
2.2168201e-10
-6.5202624e-16
2.2168259e-10
-5.7305233e-16
2.2168309e-10
-5.0424268e-16
2.2168354e-10
-4.4549566e-16
2.2168393e-10
-3.9513326e-16
2.2168428e-10
-3.5071944e-16
2.2168459e-10
-3.1011384e-16
2.2168487e-10
-2.7239874e-16
2.216851e-10
-2.3808716e-16
2.2168531e-10
-2.0830473e-16
2.216855e-10
-1.8347186e-16
2.2168566e-10
-1.6263392e-16
2.216858e-10
-1.4416084e-16
2.2168593e-10
-1.2707732e-16
2.2168604e-10
-1.1154233e-16
2.2168614e-10
-9.8060929e-17
2.2168623e-10
-8.6445847e-17
2.216863e-10
-7.5760939e-17
2.2168637e-10
-6.5371047e-17
2.2168642e-10
-5.5845431e-17
2.2168647e-10
-4.8493844e-17
2.2168651e-10
-4.3902215e-17
2.2168656e-10
-4.0994348e-17
2.2168659e-10
-3.7668374e-17
2.2168663e-10
-3.2562079e-17
2.2168665e-10
-2.6288048e-17
2.2168667e-10
-2.0882886e-17
2.2168669e-10
-1.7978507e-17
2.2168671e-10
-1.7364236e-17
2.2168673e-10
-1.7173341e-17
2.2168674e-10
-1.5515549e-17
2.2168675e-10
-1.2066967e-17
2.2168676e-10
-8.2032863e-18
2.2168677e-10
-5.7035847e-18
2.2168677e-10
-5.2361851e-18
2.2168678e-10
-5.8662481e-18
2.2168678e-10
-5.9385082e-18
2.2168679e-10
-4.4734592e-18
2.2168679e-10
-1.8228591e-18
2.2168679e-10
8.2360685e-19
2.2168679e-10
2.5021181e-18
2.2168678e-10
3.1767256e-18
2.2168678e-10
3.4846511e-18
2.2168678e-10
3.8586563e-18
2.2168677e-10
3.9502764e-18
2.2168677e-10
2.8780582e-18
2.2168677e-10
1.0327911e-19
2.2168677e-10
-3.794646e-18
2.2168678e-10
-7.2014469e-18
2.2168679e-10
-8.4168316e-18
2.216868e-10
-6.7572242e-18
2.216868e-10
-3.0367555e-18
2.216868e-10
9.1826372e-19
2.2168679e-10
3.421896e-18
2.2168679e-10
3.9109963e-18
2.2168679e-10
3.1413084e-18
2.2168678e-10
2.6237605e-18
2.2168678e-10
3.6887758e-18
2.2168677e-10
6.7196303e-18
2.2168676e-10
1.0962005e-17
2.2168675e-10
1.4867808e-17
2.2168673e-10
1.6713398e-17
2.2168672e-10
1.5337098e-17
2.2168671e-10
1.06838e-17
2.216867e-10
3.9074477e-18
2.2168671e-10
-3.0817425e-18
2.2168671e-10
-8.4798846e-18
2.2168673e-10
-1.1420845e-17
2.2168674e-10
-1.2209066e-17
2.2168675e-10
-1.1847844e-17
2.2168676e-10
-1.1270259e-17
2.2168677e-10
-1.084397e-17
2.2168678e-10
-1.051143e-17
2.2168679e-10
-1.0262242e-17
2.216868e-10
-1.027678e-17
2.2168681e-10
-1.0585964e-17
2.2168682e-10
-1.068929e-17
2.2168683e-10
-9.6592771e-18
2.2168684e-10
-6.8360028e-18
2.2168684e-10
-2.4720724e-18
2.2168684e-10
2.402761e-18
2.2168683e-10
6.7287059e-18
2.2168682e-10
9.9972819e-18
2.2168681e-10
1.2179526e-17
2.216868e-10
1.3258776e-17
2.2168678e-10
1.3108727e-17
2.2168677e-10
1.1953678e-17
2.2168676e-10
1.0655066e-17
2.2168675e-10
1.0175e-17
2.2168674e-10
1.0686731e-17
2.2168673e-10
1.1349859e-17
2.2168672e-10
1.111327e-17
2.2168671e-10
9.7178692e-18
2.216867e-10
7.7838474e-18
2.216867e-10
6.1100536e-18
2.2168669e-10
5.2812961e-18
2.2168668e-10
5.873189e-18
2.2168668e-10
8.4363913e-18
2.2168666e-10
1.2819348e-17
2.2168665e-10
1.7687245e-17
2.2168662e-10
2.1311845e-17
2.216866e-10
2.3019879e-17
2.2168658e-10
2.3445553e-17
2.2168655e-10
2.3354524e-17
2.2168653e-10
2.2973171e-17
2.2168651e-10
2.2796128e-17
2.2168648e-10
2.4240363e-17
2.2168646e-10
2.8602381e-17
2.2168642e-10
3.5684446e-17
2.2168638e-10
4.4438856e-17
2.2168632e-10
5.4800835e-17
2.2168625e-10
6.7673429e-17
2.2168617e-10
8.3146791e-17
2.2168607e-10
1.0021091e-16
2.2168595e-10
1.1849828e-16
2.2168581e-10
1.3888644e-16
2.2168565e-10
1.6198038e-16
2.2168546e-10
1.8740928e-16
2.2168525e-10
2.1512127e-16
2.21685e-10
2.4595594e-16
2.2168472e-10
2.8045871e-16
2.216844e-10
3.1863269e-16
2.2168404e-10
3.6122122e-16
2.2168363e-10
4.0980047e-16
2.2168317e-10
4.6595739e-16
2.2168263e-10
5.321222e-16
2.2168202e-10
6.1198161e-16
2.2168131e-10
7.0837015e-16
2.2168049e-10
8.236193e-16
2.2167953e-10
9.6289042e-16
2.2167839e-10
1.1331731e-15
2.2167705e-10
1.3415005e-15
2.2167545e-10
1.5979168e-15
2.2167354e-10
1.9168982e-15
2.2167122e-10
2.3192383e-15
2.2166838e-10
2.8365906e-15
2.2166486e-10
3.516405e-15
2.2166043e-10
4.432449e-15
2.2165474e-10
5.6898746e-15
2.2164728e-10
7.4636134e-15
2.2163709e-10
1.0184783e-14
2.2162261e-10
1.4482525e-14
2.2160558e-10
1.7035829e-14
2.5150775e-14
1.7490919e-09
2.2797581e-10
1.695592e-09
3.8308453e-10
1.5670729e-09
3.5987131e-10
1.4284478e-09
2.9281356e-10
1.3046833e-09
2.2519829e-10
1.2035903e-09
1.6764432e-10
1.1250756e-09
1.2249327e-10
1.065944e-09
8.8544997e-11
1.0223816e-09
6.3427639e-11
9.9091414e-10
4.4933712e-11
9.6861705e-10
3.140862e-11
9.5306072e-10
2.1718388e-11
9.4220177e-10
1.5105278e-11
9.3429944e-10
1.1038217e-11
9.2787513e-10
9.0941209e-12
9.2170776e-10
8.8788319e-12
9.1484708e-10
9.9899835e-12
9.0662586e-10
1.2014587e-11
8.9665796e-10
1.4547692e-11
8.8481731e-10
1.7218899e-11
8.7119884e-10
1.971761e-11
8.5606651e-10
2.1810345e-11
8.3979593e-10
2.3347168e-11
8.2281863e-10
2.4257855e-11
8.0557381e-10
2.4540202e-11
7.8847081e-10
2.4243808e-11
7.7186359e-10
2.3452716e-11
7.5603668e-10
2.2269025e-11
7.4120074e-10
2.0799568e-11
7.2749533e-10
1.9145792e-11
7.1499658e-10
1.7397385e-11
7.0372742e-10
1.5628738e-11
6.9366881e-10
1.3898024e-11
6.8477057e-10
1.2247816e-11
6.7696108e-10
1.070689e-11
6.7015547e-10
9.2924345e-12
6.6426226e-10
8.0124201e-12
6.5918833e-10
6.8678642e-12
6.5484257e-10
5.8548174e-12
6.5113831e-10
4.9660274e-12
6.4799496e-10
4.192147e-12
6.4533877e-10
3.522847e-12
6.4310323e-10
2.9474286e-12
6.4122898e-10
2.4553798e-12
6.3966358e-10
2.0366697e-12
6.3836104e-10
1.6820065e-12
6.3728131e-10
1.3828576e-12
6.3638974e-10
1.1315559e-12
6.3565648e-10
9.212792e-13
6.3505596e-10
7.4600465e-13
6.3456636e-10
6.0046087e-13
6.3416914e-10
4.8006353e-13
6.3384859e-10
3.8085778e-13
6.3359148e-10
2.9945253e-13
6.3338666e-10
2.3293834e-13
6.3322479e-10
1.7883709e-13
6.3309805e-10
1.3506e-13
6.3299995e-10
9.983768e-14
6.3292507e-10
7.1668893e-14
6.3286892e-10
4.9300711e-14
6.3282782e-10
3.1691984e-14
6.327987e-10
1.7966257e-14
6.3277909e-10
7.3911946e-15
6.3276692e-10
-6.3740228e-16
6.3276057e-10
-6.6469294e-15
6.3275862e-10
-1.0931213e-14
6.3276001e-10
-1.3928145e-14
6.3276386e-10
-1.5897856e-14
6.3276947e-10
-1.7064592e-14
6.327763e-10
-1.7619189e-14
6.327839e-10
-1.770688e-14
6.3279194e-10
-1.7441117e-14
6.3280016e-10
-1.691766e-14
6.3280835e-10
-1.6215556e-14
6.3281638e-10
-1.5392173e-14
6.3282413e-10
-1.4486752e-14
6.3283154e-10
-1.3533893e-14
6.3283854e-10
-1.2567234e-14
6.3284512e-10
-1.1611291e-14
6.3285125e-10
-1.0678057e-14
6.3285693e-10
-9.775506e-15
6.3286217e-10
-8.9156924e-15
6.3286697e-10
-8.1108366e-15
6.3287138e-10
-7.3642968e-15
6.3287539e-10
-6.6702636e-15
6.3287904e-10
-6.0226407e-15
6.3288235e-10
-5.4213654e-15
6.3288534e-10
-4.8697282e-15
6.3288804e-10
-4.3685131e-15
6.3289047e-10
-3.9147484e-15
6.3289266e-10
-3.5048375e-15
6.3289462e-10
-3.1364691e-15
6.3289638e-10
-2.8069961e-15
6.3289796e-10
-2.511527e-15
6.3289937e-10
-2.2439066e-15
6.3290063e-10
-1.999491e-15
6.3290175e-10
-1.776649e-15
6.3290275e-10
-1.5758392e-15
6.3290365e-10
-1.3975631e-15
6.3290444e-10
-1.2409245e-15
6.3290515e-10
-1.1033247e-15
6.3290578e-10
-9.8101361e-16
6.3290634e-10
-8.7033239e-16
6.3290684e-10
-7.6918744e-16
6.3290728e-10
-6.7761997e-16
6.3290767e-10
-5.9677497e-16
6.3290801e-10
-5.270138e-16
6.3290831e-10
-4.6685328e-16
6.3290858e-10
-4.1375455e-16
6.3290882e-10
-3.6586185e-16
6.3290903e-10
-3.227639e-16
6.3290922e-10
-2.8461883e-16
6.3290938e-10
-2.5087786e-16
6.3290953e-10
-2.2018233e-16
6.3290965e-10
-1.9162577e-16
6.3290976e-10
-1.6587689e-16
6.3290986e-10
-1.4461124e-16
6.3290995e-10
-1.286024e-16
6.3291002e-10
-1.1640216e-16
6.3291009e-10
-1.0505036e-16
6.3291015e-10
-9.2355655e-17
6.329102e-10
-7.8685634e-17
6.3291025e-10
-6.6509815e-17
6.3291029e-10
-5.8080976e-17
6.3291032e-10
-5.3348703e-17
6.3291036e-10
-4.988785e-17
6.3291038e-10
-4.4880264e-17
6.3291041e-10
-3.7398064e-17
6.3291043e-10
-2.9006468e-17
6.3291045e-10
-2.2314931e-17
6.3291046e-10
-1.8830978e-17
6.3291047e-10
-1.7856833e-17
6.3291048e-10
-1.7221638e-17
6.3291049e-10
-1.5080038e-17
6.329105e-10
-1.1172719e-17
6.3291051e-10
-6.6604508e-18
6.3291052e-10
-2.9309029e-18
6.3291052e-10
-4.8087345e-19
6.3291052e-10
1.1787665e-18
6.3291052e-10
2.6522387e-18
6.3291052e-10
3.8009228e-18
6.3291052e-10
3.7255737e-18
6.3291052e-10
1.6193353e-18
6.3291052e-10
-2.205006e-18
6.3291052e-10
-6.0631321e-18
6.3291052e-10
-7.753683e-18
6.3291052e-10
-5.8897032e-18
6.3291052e-10
-7.739806e-19
6.3291051e-10
5.7704217e-18
6.329105e-10
1.1519122e-17
6.3291049e-10
1.5108902e-17
6.3291048e-10
1.6623489e-17
6.3291046e-10
1.7301845e-17
6.3291045e-10
1.8640673e-17
6.3291043e-10
2.1437384e-17
6.3291042e-10
2.5305246e-17
6.3291041e-10
2.8784416e-17
6.3291039e-10
2.9919776e-17
6.3291038e-10
2.7161876e-17
6.3291037e-10
2.0214817e-17
6.3291036e-10
1.0376232e-17
6.3291036e-10
1.2534529e-19
6.3291036e-10
-7.9832064e-18
6.3291036e-10
-1.2562287e-17
6.3291036e-10
-1.3931643e-17
6.3291037e-10
-1.3629112e-17
6.3291037e-10
-1.3326512e-17
6.3291037e-10
-1.3931904e-17
6.3291038e-10
-1.5473884e-17
6.3291038e-10
-1.7592834e-17
6.3291039e-10
-1.9887398e-17
6.329104e-10
-2.178825e-17
6.3291042e-10
-2.2349841e-17
6.3291043e-10
-2.0493686e-17
6.3291043e-10
-1.5768177e-17
6.3291044e-10
-8.9288882e-18
6.3291045e-10
-1.5681724e-18
6.3291045e-10
4.9474847e-18
6.3291045e-10
1.0196336e-17
6.3291044e-10
1.4477573e-17
6.3291044e-10
1.8056975e-17
6.3291043e-10
2.0849638e-17
6.3291042e-10
2.28862e-17
6.3291041e-10
2.4718738e-17
6.3291039e-10
2.6969611e-17
6.3291037e-10
2.9519564e-17
6.3291035e-10
3.1446091e-17
6.3291033e-10
3.1962008e-17
6.3291031e-10
3.1332336e-17
6.3291029e-10
3.0675131e-17
6.3291026e-10
3.1032802e-17
6.3291023e-10
3.3028641e-17
6.329102e-10
3.7249457e-17
6.3291017e-10
4.4205915e-17
6.3291013e-10
5.3493185e-17
6.3291008e-10
6.3394338e-17
6.3291003e-10
7.2015881e-17
6.3290997e-10
7.8879654e-17
6.3290991e-10
8.4875264e-17
6.3290984e-10
9.0774887e-17
6.3290977e-10
9.6762002e-17
6.3290969e-10
1.0364302e-16
6.329096e-10
1.133982e-16
6.329095e-10
1.277069e-16
6.3290939e-10
1.4665998e-16
6.3290926e-10
1.6995192e-16
6.3290912e-10
1.9873315e-16
6.3290895e-10
2.3491742e-16
6.3290876e-10
2.7907878e-16
6.3290853e-10
3.3060151e-16
6.3290826e-10
3.896241e-16
6.3290794e-10
4.5722315e-16
6.3290757e-10
5.3392941e-16
6.3290713e-10
6.1971319e-16
6.3290663e-10
7.1538692e-16
6.3290606e-10
8.2276932e-16
6.3290539e-10
9.4374408e-16
6.3290463e-10
1.0802852e-15
6.3290376e-10
1.2353719e-15
6.3290275e-10
1.4135508e-15
6.329016e-10
1.6209384e-15
6.3290027e-10
1.8650528e-15
6.3289872e-10
2.1546293e-15
6.3289693e-10
2.4991727e-15
6.3289485e-10
2.910152e-15
6.328924e-10
3.4045379e-15
6.3288953e-10
4.0049206e-15
6.3288614e-10
4.7388409e-15
6.3288209e-10
5.6441339e-15
6.3287723e-10
6.7728309e-15
6.3287135e-10
8.1977205e-15
6.3286416e-10
1.0026548e-14
6.3285526e-10
1.2418201e-14
6.3284408e-10
1.5614863e-14
6.3282978e-10
1.9987618e-14
6.3281113e-10
2.6114183e-14
6.3278623e-10
3.5090991e-14
6.3275204e-10
4.8668199e-14
6.3270478e-10
6.429936e-14
7.7676243e-14
1.7519816e-09
1.4266092e-10
1.8281171e-09
3.0694895e-10
1.8374573e-09
3.505311e-10
1.8000086e-09
3.3026228e-10
1.7401531e-09
2.8505383e-10
1.674404e-09
2.3339342e-10
1.6125177e-09
1.8437953e-10
1.5592227e-09
1.4184e-10
1.5160072e-09
1.0664318e-10
1.4825571e-09
7.838377e-11
1.4576591e-09
5.6306615e-11
1.4396962e-09
3.9681268e-11
1.4269085e-09
2.7893055e-11
1.4175381e-09
2.0408613e-11
1.4099296e-09
1.6702622e-11
1.4026127e-09
1.6195715e-11
1.3943733e-09
1.822938e-11
1.3843063e-09
2.2081549e-11
1.3718408e-09
2.7013235e-11
1.3567344e-09
3.2325311e-11
1.3390398e-09
3.7412162e-11
1.3190492e-09
4.1800971e-11
1.2972255e-09
4.5170815e-11
1.2741317e-09
4.7351698e-11
1.2503644e-09
4.8307456e-11
1.2265002e-09
4.8108093e-11
1.203055e-09
4.6897927e-11
1.1804598e-09
4.486422e-11
1.1590491e-09
4.2210225e-11
1.1390606e-09
3.9134293e-11
1.1206424e-09
3.5815621e-11
1.103865e-09
3.240607e-11
1.0887361e-09
2.9026996e-11
1.0752142e-09
2.5769678e-11
1.063223e-09
2.2698061e-11
1.0526626e-09
1.9852831e-11
1.0434193e-09
1.7255793e-11
1.0353728e-09
1.4914271e-11
1.0284027e-09
1.2824919e-11
1.0223917e-09
1.0977035e-11
1.0172287e-09
9.3551531e-12
1.0128105e-09
7.9410769e-12
1.0090425e-09
6.7154049e-12
1.0058393e-09
5.6585602e-12
1.0031245e-09
4.7515658e-12
1.00083e-09
3.9765025e-12
9.9889604e-10
3.3167749e-12
9.9727032e-10
2.7572705e-12
9.959072e-10
2.2843993e-12
9.9476717e-10
1.8860388e-12
9.9381613e-10
1.5515013e-12
9.9302478e-10
1.2714149e-12
9.9236803e-10
1.0376099e-12
9.9182445e-10
8.430259e-13
9.9137582e-10
6.8156661e-13
9.9100667e-10
5.4799183e-13
9.9070389e-10
4.3784259e-13
9.904564e-10
3.4732214e-13
9.9025488e-10
2.7318854e-13
9.9009148e-10
2.1269996e-13
9.8995962e-10
1.6355362e-13
9.8985378e-10
1.2380626e-13
9.8976935e-10
9.1819196e-14
9.8970249e-10
6.6223719e-14
9.8964996e-10
4.5881382e-14
9.8960916e-10
2.9868334e-14
9.8957786e-10
1.7371402e-14
9.8955424e-10
7.7286681e-15
9.8953678e-10
3.9152463e-16
9.8952426e-10
-5.0940619e-15
9.8951564e-10
-9.094451e-15
9.8951011e-10
-1.1910121e-14
9.8950699e-10
-1.379022e-14
9.8950571e-10
-1.4940691e-14
9.8950584e-10
-1.5524467e-14
9.8950703e-10
-1.5669198e-14
9.8950897e-10
-1.5480761e-14
9.8951145e-10
-1.5049282e-14
9.8951429e-10
-1.4445863e-14
9.8951733e-10
-1.3722478e-14
9.8952048e-10
-1.2920382e-14
9.8952364e-10
-1.207735e-14
9.8952676e-10
-1.1225367e-14
9.8952978e-10
-1.0384527e-14
9.8953267e-10
-9.5637509e-15
9.8953541e-10
-8.7685223e-15
9.89538e-10
-8.0065542e-15
9.8954042e-10
-7.2863897e-15
9.8954266e-10
-6.6133391e-15
9.8954474e-10
-5.9887015e-15
9.8954664e-10
-5.4121716e-15
9.8954839e-10
-4.8833671e-15
9.8954998e-10
-4.4008401e-15
9.8955143e-10
-3.9609147e-15
9.8955275e-10
-3.5586212e-15
9.8955394e-10
-3.1898998e-15
9.8955501e-10
-2.8528315e-15
9.8955599e-10
-2.5470802e-15
9.8955686e-10
-2.2724349e-15
9.8955765e-10
-2.0275953e-15
9.8955835e-10
-1.8096788e-15
9.8955899e-10
-1.614542e-15
9.8955955e-10
-1.437962e-15
9.8956006e-10
-1.2771866e-15
9.8956052e-10
-1.131633e-15
9.8956092e-10
-1.0019383e-15
9.8956128e-10
-8.8809719e-16
9.895616e-10
-7.8838372e-16
9.8956189e-10
-7.0002703e-16
9.8956215e-10
-6.2080863e-16
9.8956237e-10
-5.4981037e-16
9.8956257e-10
-4.8664831e-16
9.8956275e-10
-4.3032663e-16
9.8956291e-10
-3.7920585e-16
9.8956305e-10
-3.3221867e-16
9.8956318e-10
-2.8991322e-16
9.8956329e-10
-2.5388699e-16
9.8956338e-10
-2.24895e-16
9.8956347e-10
-2.0147269e-16
9.8956354e-10
-1.8054527e-16
9.8956361e-10
-1.5963386e-16
9.8956367e-10
-1.3869779e-16
9.8956372e-10
-1.1987525e-16
9.8956377e-10
-1.0531336e-16
9.8956381e-10
-9.5036731e-17
9.8956385e-10
-8.6710825e-17
9.8956388e-10
-7.7452044e-17
9.8956391e-10
-6.6106235e-17
9.8956394e-10
-5.4055816e-17
9.8956396e-10
-4.3948945e-17
9.8956398e-10
-3.7525128e-17
9.8956399e-10
-3.4309657e-17
9.8956401e-10
-3.2108097e-17
9.8956402e-10
-2.8736353e-17
9.8956403e-10
-2.3492788e-17
9.8956404e-10
-1.7288496e-17
9.8956405e-10
-1.1598026e-17
9.8956406e-10
-7.2535804e-18
9.8956407e-10
-4.0686348e-18
9.8956407e-10
-1.4539011e-18
9.8956407e-10
7.2424946e-19
9.8956407e-10
1.906615e-18
9.8956407e-10
1.4353339e-18
9.8956407e-10
-5.4312319e-19
9.8956407e-10
-2.6935561e-18
9.8956406e-10
-3.0545504e-18
9.8956406e-10
-1.639013e-19
9.8956405e-10
6.059338e-18
9.8956404e-10
1.4260151e-17
9.8956403e-10
2.2437117e-17
9.8956402e-10
2.9013344e-17
9.89564e-10
3.3494823e-17
9.8956398e-10
3.6431596e-17
9.8956396e-10
3.8833967e-17
9.8956394e-10
4.1416001e-17
9.8956392e-10
4.4067846e-17
9.8956391e-10
4.5767985e-17
9.8956389e-10
4.4949489e-17
9.8956388e-10
4.025965e-17
9.8956387e-10
3.1431019e-17
9.8956386e-10
1.9747649e-17
9.8956385e-10
7.7224469e-18
9.8956384e-10
-1.9931895e-18
9.8956384e-10
-7.8981305e-18
9.8956384e-10
-1.0281148e-17
9.8956383e-10
-1.0794431e-17
9.8956383e-10
-1.1344323e-17
9.8956383e-10
-1.3120839e-17
9.8956383e-10
-1.6343367e-17
9.8956383e-10
-2.0598008e-17
9.8956384e-10
-2.5145671e-17
9.8956385e-10
-2.8903472e-17
9.8956385e-10
-3.0462716e-17
9.8956386e-10
-2.8581556e-17
9.8956387e-10
-2.3008002e-17
9.8956388e-10
-1.4882745e-17
9.8956388e-10
-6.1221675e-18
9.8956388e-10
1.8061713e-18
9.8956389e-10
8.600569e-18
9.8956389e-10
1.4776539e-17
9.8956388e-10
2.0820546e-17
9.8956388e-10
2.6819137e-17
9.8956387e-10
3.2794956e-17
9.8956385e-10
3.8983784e-17
9.8956383e-10
4.5438203e-17
9.8956381e-10
5.1503124e-17
9.8956379e-10
5.6106167e-17
9.8956376e-10
5.8776204e-17
9.8956373e-10
6.0262171e-17
9.895637e-10
6.2025506e-17
9.8956367e-10
6.5303507e-17
9.8956363e-10
7.0893679e-17
9.8956359e-10
7.9504521e-17
9.8956354e-10
9.1542618e-17
9.8956349e-10
1.0629894e-16
9.8956343e-10
1.2191957e-16
9.8956336e-10
1.3677512e-16
9.8956329e-10
1.5073378e-16
9.8956321e-10
1.6470426e-16
9.8956312e-10
1.7930842e-16
9.8956302e-10
1.9488782e-16
9.8956291e-10
2.1273571e-16
9.8956279e-10
2.3517657e-16
9.8956266e-10
2.640008e-16
9.895625e-10
2.9978149e-16
9.8956233e-10
3.4336251e-16
9.8956213e-10
3.9709166e-16
9.895619e-10
4.6364414e-16
9.8956164e-10
5.443791e-16
9.8956133e-10
6.3987081e-16
9.8956097e-10
7.5126203e-16
9.8956054e-10
8.7992963e-16
9.8956005e-10
1.0265874e-15
9.8955948e-10
1.1919297e-15
9.8955882e-10
1.377696e-15
9.8955805e-10
1.5866878e-15
9.8955717e-10
1.8227362e-15
9.8955616e-10
2.090891e-15
9.89555e-10
2.3972645e-15
9.8955367e-10
2.7500127e-15
9.8955213e-10
3.1607454e-15
9.8955035e-10
3.6432822e-15
9.8954829e-10
4.2126687e-15
9.895459e-10
4.8872683e-15
9.8954312e-10
5.6906933e-15
9.8953987e-10
6.6544654e-15
9.8953606e-10
7.8202209e-15
9.8953155e-10
9.2407031e-15
9.8952621e-10
1.098692e-14
9.8951983e-10
1.3155567e-14
9.8951215e-10
1.587944e-14
9.8950282e-10
1.9348739e-14
9.894914e-10
2.3838159e-14
9.8947726e-10
2.9756788e-14
9.8945953e-10
3.7722102e-14
9.8943697e-10
4.8672274e-14
9.8940792e-10
6.4141986e-14
9.8936966e-10
8.693088e-14
9.8931806e-10
1.1589379e-13
1.3308236e-13
1.7230204e-09
8.6307188e-11
1.8137988e-09
2.1617056e-10
1.8830407e-09
2.8128922e-10
1.9181433e-09
2.9515963e-10
1.9251612e-09
2.7803596e-10
1.9137635e-09
2.4479115e-10
1.8928077e-09
2.0533526e-10
1.8689069e-09
1.6574085e-10
1.8462503e-09
1.2929977e-10
1.8270416e-09
9.7592495e-11
1.8120546e-09
7.1293583e-11
1.8011008e-09
5.0635035e-11
1.7933793e-09
3.5614624e-11
1.7877361e-09
2.6051753e-11
1.7828669e-09
2.1571877e-11
1.777481e-09
2.1581558e-11
1.7704363e-09
2.5274088e-11
1.7608402e-09
3.1677637e-11
1.7481089e-09
3.9744579e-11
1.7319869e-09
4.8447272e-11
1.712531e-09
5.6868108e-11
1.6900636e-09
6.4268386e-11
1.6651077e-09
7.01267e-11
1.6383131e-09
7.4146264e-11
1.6103843e-09
7.6236273e-11
1.5820172e-09
7.647515e-11
1.5538507e-09
7.5064454e-11
1.5264331e-09
7.2281798e-11
1.5002051e-09
6.8438281e-11
1.4754947e-09
6.384468e-11
1.4525231e-09
5.8787189e-11
1.4314164e-09
5.3512795e-11
1.4122208e-09
4.8222572e-11
1.3949194e-09
4.3071059e-11
1.3794478e-09
3.8169668e-11
1.3657082e-09
3.3592469e-11
1.3535812e-09
2.9382771e-11
1.3429357e-09
2.5559779e-11
1.3336359e-09
2.2124745e-11
1.3255469e-09
1.9066039e-11
1.3185385e-09
1.6363515e-11
1.3124879e-09
1.3991663e-11
1.307281e-09
1.1922296e-11
1.3028134e-09
1.0126179e-11
1.2989905e-09
8.5744661e-12
1.2957275e-09
7.2395168e-12
1.2929489e-09
6.095411e-12
1.2905879e-09
5.1182637e-12
1.2885859e-09
4.2863844e-12
1.2868916e-09
3.5802936e-12
1.2854605e-09
2.9826547e-12
1.2842538e-09
2.478143e-12
1.283238e-09
2.0533251e-12
1.2823846e-09
1.6964968e-12
1.2816687e-09
1.3974824e-12
1.2810692e-09
1.1474936e-12
1.280568e-09
9.3899227e-13
1.2801498e-09
7.6551132e-13
1.2798015e-09
6.2151141e-13
1.2795119e-09
5.0227972e-13
1.2792716e-09
4.038171e-13
1.2790727e-09
3.2272681e-13
1.2789084e-09
2.5613531e-13
1.278773e-09
2.0162543e-13
1.2786617e-09
1.57166e-13
1.2785705e-09
1.2105234e-13
1.2784961e-09
9.1844726e-14
1.2784355e-09
6.833656e-14
1.2783863e-09
4.9516643e-14
1.2783467e-09
3.4542553e-14
1.2783149e-09
2.2719049e-14
1.2782895e-09
1.3469747e-14
1.2782694e-09
6.3126665e-15
1.2782536e-09
8.4740923e-16
1.2782413e-09
-3.2520384e-15
1.2782319e-09
-6.2509377e-15
1.2782248e-09
-8.3703343e-15
1.2782196e-09
-9.7954162e-15
1.2782158e-09
-1.0676239e-14
1.2782132e-09
-1.1131543e-14
1.2782115e-09
-1.1258677e-14
1.2782106e-09
-1.1141029e-14
1.2782102e-09
-1.0847461e-14
1.2782103e-09
-1.0429334e-14
1.2782106e-09
-9.9229906e-15
1.2782112e-09
-9.3568289e-15
1.278212e-09
-8.7561769e-15
1.2782128e-09
-8.1429006e-15
1.2782137e-09
-7.5333025e-15
1.2782147e-09
-6.9383768e-15
1.2782156e-09
-6.3659179e-15
1.2782166e-09
-5.8217176e-15
1.2782175e-09
-5.3091586e-15
1.2782184e-09
-4.8289112e-15
1.2782192e-09
-4.3800125e-15
1.27822e-09
-3.9615753e-15
1.2782207e-09
-3.5736567e-15
1.2782213e-09
-3.2169181e-15
1.278222e-09
-2.8917438e-15
1.2782225e-09
-2.5974373e-15
1.2782231e-09
-2.3317985e-15
1.2782235e-09
-2.0913695e-15
1.278224e-09
-1.8724797e-15
1.2782244e-09
-1.672595e-15
1.2782247e-09
-1.4909242e-15
1.278225e-09
-1.3276341e-15
1.2782253e-09
-1.1823491e-15
1.2782256e-09
-1.0533712e-15
1.2782258e-09
-9.382658e-16
1.2782261e-09
-8.3502962e-16
1.2782263e-09
-7.4254779e-16
1.2782264e-09
-6.5995207e-16
1.2782266e-09
-5.8583822e-16
1.2782267e-09
-5.1846868e-16
1.2782268e-09
-4.5684548e-16
1.278227e-09
-4.0141466e-16
1.2782271e-09
-3.5341943e-16
1.2782271e-09
-3.1328474e-16
1.2782272e-09
-2.7955032e-16
1.2782273e-09
-2.4949868e-16
1.2782274e-09
-2.2099729e-16
1.2782274e-09
-1.9390628e-16
1.2782275e-09
-1.6977918e-16
1.2782275e-09
-1.5009296e-16
1.2782275e-09
-1.3459118e-16
1.2782276e-09
-1.2120951e-16
1.2782276e-09
-1.0759639e-16
1.2782276e-09
-9.290539e-17
1.2782277e-09
-7.835841e-17
1.2782277e-09
-6.613919e-17
1.2782277e-09
-5.7581388e-17
1.2782277e-09
-5.2137266e-17
1.2782277e-09
-4.7825948e-17
1.2782277e-09
-4.266662e-17
1.2782278e-09
-3.5933016e-17
1.2782278e-09
-2.8320488e-17
1.2782278e-09
-2.1109449e-17
1.2782278e-09
-1.5165403e-17
1.2782278e-09
-1.0543027e-17
1.2782278e-09
-6.8428017e-18
1.2782278e-09
-3.8386174e-18
1.2782278e-09
-1.7092055e-18
1.2782278e-09
-6.7393868e-19
1.2782278e-09
-4.3140693e-19
1.2782278e-09
5.9410885e-20
1.2782278e-09
2.1966514e-18
1.2782278e-09
6.9769286e-18
1.2782278e-09
1.4424115e-17
1.2782278e-09
2.3588406e-17
1.2782278e-09
3.3047959e-17
1.2782278e-09
4.1569015e-17
1.2782277e-09
4.8532375e-17
1.2782277e-09
5.3937599e-17
1.2782277e-09
5.8107206e-17
1.2782277e-09
6.1290302e-17
1.2782277e-09
6.3314546e-17
1.2782276e-09
6.3454163e-17
1.2782276e-09
6.063171e-17
1.2782276e-09
5.3972877e-17
1.2782276e-09
4.351762e-17
1.2782276e-09
3.0632599e-17
1.2782276e-09
1.7688509e-17
1.2782276e-09
7.0598836e-18
1.2782276e-09
3.0338934e-20
1.2782276e-09
-3.7121235e-18
1.2782276e-09
-5.6504221e-18
1.2782275e-09
-7.4750293e-18
1.2782275e-09
-1.0330036e-17
1.2782275e-09
-1.4618654e-17
1.2782275e-09
-2.0137216e-17
1.2782275e-09
-2.6134088e-17
1.2782275e-09
-3.1233779e-17
1.2782276e-09
-3.3650675e-17
1.2782276e-09
-3.1987653e-17
1.2782276e-09
-2.6152383e-17
1.2782276e-09
-1.7537678e-17
1.2782276e-09
-8.1607104e-18
1.2782276e-09
5.8233629e-19
1.2782276e-09
8.4849729e-18
1.2782276e-09
1.607877e-17
1.2782276e-09
2.3898343e-17
1.2782276e-09
3.2260758e-17
1.2782275e-09
4.1446213e-17
1.2782275e-09
5.1617801e-17
1.2782275e-09
6.2327961e-17
1.2782275e-09
7.2331315e-17
1.2782275e-09
8.0328281e-17
1.2782274e-09
8.6056759e-17
1.2782274e-09
9.0540616e-17
1.2782274e-09
9.5329007e-17
1.2782273e-09
1.0176159e-16
1.2782273e-09
1.1096198e-16
1.2782273e-09
1.2395486e-16
1.2782272e-09
1.4107728e-16
1.2782272e-09
1.6127396e-16
1.2782271e-09
1.8264835e-16
1.278227e-09
2.0404415e-16
1.278227e-09
2.2574571e-16
1.2782269e-09
2.4855497e-16
1.2782268e-09
2.7292344e-16
1.2782267e-09
2.9960141e-16
1.2782266e-09
3.3057993e-16
1.2782264e-09
3.6838984e-16
1.2782263e-09
4.1463753e-16
1.2782261e-09
4.7027753e-16
1.2782259e-09
5.3731677e-16
1.2782257e-09
6.191107e-16
1.2782254e-09
7.1879004e-16
1.2782251e-09
8.3847994e-16
1.2782248e-09
9.8026176e-16
1.2782244e-09
1.1466279e-15
1.2782239e-09
1.3395036e-15
1.2782234e-09
1.5600072e-15
1.2782228e-09
1.809789e-15
1.2782221e-09
2.0918065e-15
1.2782212e-09
2.4100383e-15
1.2782203e-09
2.7700961e-15
1.2782192e-09
3.1799972e-15
1.278218e-09
3.6493689e-15
1.2782165e-09
4.190089e-15
1.2782149e-09
4.8188714e-15
1.2782129e-09
5.5559031e-15
1.2782107e-09
6.4227323e-15
1.2782082e-09
7.4464386e-15
1.2782052e-09
8.6626179e-15
1.2782017e-09
1.0116071e-14
1.2781977e-09
1.1865485e-14
1.278193e-09
1.3986564e-14
1.2781874e-09
1.6578291e-14
1.2781807e-09
1.9773843e-14
1.2781729e-09
2.3752914e-14
1.2781635e-09
2.8763546e-14
1.2781521e-09
3.5154149e-14
1.2781385e-09
4.3424415e-14
1.2781219e-09
5.4298307e-14
1.2781017e-09
6.8832384e-14
1.2780773e-09
8.8605221e-14
1.2780479e-09
1.1629024e-13
1.2780111e-09
1.527306e-13
1.7332104e-13
1.7011416e-09
5.1832263e-11
1.774352e-09
1.4296015e-10
1.8527521e-09
2.028891e-10
1.9183049e-09
2.2960685e-10
1.9659732e-09
2.3036767e-10
1.9971153e-09
2.1364907e-10
2.0156564e-09
1.8679409e-10
2.0259544e-09
1.5544289e-10
2.0316908e-09
1.2356336e-10
2.0354822e-09
9.3801149e-11
2.0388775e-09
6.789821e-11
2.0425143e-09
4.699822e-11
2.0463227e-09
3.1806224e-11
2.0497361e-09
2.263845e-11
2.0518961e-09
1.9411782e-11
2.0518421e-09
2.163564e-11
2.0486763e-09
2.8439827e-11
2.0416954e-09
3.8658524e-11
2.0304676e-09
5.0972429e-11
2.0148657e-09
6.4049167e-11
1.9950611e-09
7.6672706e-11
1.971484e-09
8.7845463e-11
1.9447626e-09
9.6848151e-11
1.9156514e-09
1.0325742e-10
1.8849601e-09
1.0692756e-10
1.8534889e-09
1.0794637e-10
1.8219772e-09
1.0657614e-10
1.7910679e-09
1.0319111e-10
1.7612868e-09
9.8219359e-11
1.7330363e-09
9.2095223e-11
1.7065992e-09
8.5224268e-11
1.6821508e-09
7.7961151e-11
1.6597747e-09
7.0598743e-11
1.6394799e-09
6.3365831e-11
1.6212186e-09
5.6430928e-11
1.6049016e-09
4.9909489e-11
1.5904115e-09
4.3872875e-11
1.5776139e-09
3.8357371e-11
1.566366e-09
3.3372666e-11
1.556523e-09
2.8909075e-11
1.5479429e-09
2.4943602e-11
1.5404899e-09
2.1444639e-11
1.5340365e-09
1.8375694e-11
1.5284647e-09
1.5698015e-11
1.5236665e-09
1.3372611e-11
1.5195445e-09
1.1361564e-11
1.516011e-09
9.6288994e-12
1.5129881e-09
8.1411692e-12
1.5104067e-09
6.8677198e-12
1.5082062e-09
5.7807945e-12
1.5063334e-09
4.8555155e-12
1.5047418e-09
4.0697696e-12
1.503391e-09
3.4040521e-12
1.5022463e-09
2.8412522e-12
1.5012773e-09
2.36643e-12
1.5004582e-09
1.9666213e-12
1.4997666e-09
1.6306295e-12
1.4991833e-09
1.3488049e-12
1.4986919e-09
1.1128561e-12
1.4982785e-09
9.1568588e-13
1.4979311e-09
7.5123219e-13
1.4976395e-09
6.1432901e-13
1.497395e-09
5.0058865e-13
1.4971904e-09
4.0629185e-13
1.4970193e-09
3.282905e-13
1.4968764e-09
2.6392674e-13
1.4967573e-09
2.1095561e-13
1.4966581e-09
1.6748016e-13
1.4965757e-09
1.3190037e-13
1.4965074e-09
1.0287585e-13
1.4964508e-09
7.9288845e-14
1.4964041e-09
6.0202833e-14
1.4963656e-09
4.482999e-14
1.4963339e-09
3.251277e-14
1.496308e-09
2.2708181e-14
1.4962867e-09
1.4966206e-14
1.4962695e-09
8.909267e-15
1.4962555e-09
4.2213784e-15
1.4962441e-09
6.4309695e-16
1.496235e-09
-2.0370638e-15
1.4962278e-09
-3.9952191e-15
1.496222e-09
-5.3803409e-15
1.4962175e-09
-6.3156216e-15
1.496214e-09
-6.8984654e-15
1.4962112e-09
-7.2050396e-15
1.4962092e-09
-7.297275e-15
1.4962076e-09
-7.227611e-15
1.4962065e-09
-7.0397758e-15
1.4962058e-09
-6.7683527e-15
1.4962053e-09
-6.440008e-15
1.496205e-09
-6.0755974e-15
1.4962049e-09
-5.6914769e-15
1.4962048e-09
-5.2998276e-15
1.4962049e-09
-4.9091022e-15
1.4962051e-09
-4.525196e-15
1.4962053e-09
-4.1528026e-15
1.4962055e-09
-3.7961236e-15
1.4962057e-09
-3.4587955e-15
1.496206e-09
-3.1434931e-15
1.4962062e-09
-2.8515079e-15
1.4962065e-09
-2.5824995e-15
1.4962067e-09
-2.3347877e-15
1.496207e-09
-2.1062756e-15
1.4962072e-09
-1.89551e-15
1.4962074e-09
-1.7021203e-15
1.4962076e-09
-1.52625e-15
1.4962078e-09
-1.3675399e-15
1.496208e-09
-1.2247104e-15
1.4962081e-09
-1.096037e-15
1.4962083e-09
-9.8004925e-16
1.4962084e-09
-8.7569914e-16
1.4962085e-09
-7.8190481e-16
1.4962086e-09
-6.9716145e-16
1.4962087e-09
-6.1991156e-16
1.4962088e-09
-5.4937059e-16
1.4962089e-09
-4.8585208e-16
1.496209e-09
-4.3011362e-16
1.496209e-09
-3.8217905e-16
1.4962091e-09
-3.4070702e-16
1.4962092e-09
-3.0360834e-16
1.4962092e-09
-2.6937875e-16
1.4962093e-09
-2.3791989e-16
1.4962093e-09
-2.1015114e-16
1.4962093e-09
-1.8674674e-16
1.4962094e-09
-1.6710622e-16
1.4962094e-09
-1.4952348e-16
1.4962094e-09
-1.323773e-16
1.4962094e-09
-1.1528319e-16
1.4962095e-09
-9.9284203e-17
1.4962095e-09
-8.5913977e-17
1.4962095e-09
-7.5886795e-17
1.4962095e-09
-6.8492226e-17
1.4962095e-09
-6.2068972e-17
1.4962095e-09
-5.5075219e-17
1.4962096e-09
-4.6967531e-17
1.4962096e-09
-3.8290777e-17
1.4962096e-09
-3.0043263e-17
1.4962096e-09
-2.2965636e-17
1.4962096e-09
-1.7245375e-17
1.4962096e-09
-1.267607e-17
1.4962096e-09
-9.0133758e-18
1.4962096e-09
-6.1195295e-18
1.4962096e-09
-3.7739924e-18
1.4962096e-09
-1.4565808e-18
1.4962096e-09
1.6377701e-18
1.4962096e-09
6.3228991e-18
1.4962096e-09
1.3017781e-17
1.4962096e-09
2.1533708e-17
1.4962096e-09
3.1211108e-17
1.4962096e-09
4.1213475e-17
1.4962096e-09
5.0790491e-17
1.4962095e-09
5.9417503e-17
1.4962095e-09
6.6758168e-17
1.4962095e-09
7.2567419e-17
1.4962095e-09
7.6611661e-17
1.4962095e-09
7.8535518e-17
1.4962095e-09
7.7760439e-17
1.4962095e-09
7.3611112e-17
1.4962095e-09
6.569536e-17
1.4962094e-09
5.4404887e-17
1.4962094e-09
4.1180684e-17
1.4962094e-09
2.8144446e-17
1.4962094e-09
1.7224389e-17
1.4962094e-09
9.3496985e-18
1.4962094e-09
4.1896148e-18
1.4962094e-09
5.8774971e-19
1.4962094e-09
-2.7029174e-18
1.4962094e-09
-6.5820123e-18
1.4962094e-09
-1.1535947e-17
1.4962094e-09
-1.7587506e-17
1.4962094e-09
-2.4093291e-17
1.4962094e-09
-2.960248e-17
1.4962094e-09
-3.2222927e-17
1.4962094e-09
-3.0606575e-17
1.4962094e-09
-2.4836784e-17
1.4962094e-09
-1.6367258e-17
1.4962094e-09
-7.0417018e-18
1.4962094e-09
1.9777593e-18
1.4962094e-09
1.0541651e-17
1.4962094e-09
1.9054541e-17
1.4962094e-09
2.7996248e-17
1.4962093e-09
3.7898156e-17
1.4962093e-09
4.9327337e-17
1.4962093e-09
6.243086e-17
1.4962093e-09
7.6407419e-17
1.4962093e-09
8.9679293e-17
1.4962093e-09
1.0092732e-16
1.4962093e-09
1.1004255e-16
1.4962092e-09
1.1801964e-16
1.4962092e-09
1.2619742e-16
1.4962092e-09
1.3592395e-16
1.4962091e-09
1.4867846e-16
1.4962091e-09
1.6576592e-16
1.496209e-09
1.8740118e-16
1.496209e-09
2.1233654e-16
1.4962089e-09
2.3895198e-16
1.4962089e-09
2.6670006e-16
1.4962088e-09
2.9610443e-16
1.4962087e-09
3.2771654e-16
1.4962086e-09
3.620122e-16
1.4962085e-09
4.0041277e-16
1.4962084e-09
4.4548694e-16
1.4962083e-09
4.9961865e-16
1.4962081e-09
5.6416594e-16
1.496208e-09
6.4062221e-16
1.4962078e-09
7.3195498e-16
1.4962075e-09
8.4195951e-16
1.4962073e-09
9.7394785e-16
1.496207e-09
1.1309739e-15
1.4962067e-09
1.3166246e-15
1.4962063e-09
1.5344827e-15
1.4962058e-09
1.7871569e-15
1.4962053e-09
2.0766927e-15
1.4962047e-09
2.4058695e-15
1.496204e-09
2.7788017e-15
1.4962032e-09
3.2009043e-15
1.4962023e-09
3.6794704e-15
1.4962013e-09
4.2246019e-15
1.4962001e-09
4.849026e-15
1.4961987e-09
5.5683443e-15
1.4961971e-09
6.4032331e-15
1.4961953e-09
7.378815e-15
1.4961932e-09
8.5225794e-15
1.4961908e-09
9.8690056e-15
1.496188e-09
1.1462732e-14
1.4961847e-09
1.3358112e-14
1.496181e-09
1.5626287e-14
1.4961766e-09
1.8358313e-14
1.4961715e-09
2.1669703e-14
1.4961656e-09
2.5714764e-14
1.4961586e-09
3.0695466e-14
1.4961505e-09
3.6880502e-14
1.496141e-09
4.4634054e-14
1.49613e-09
5.4453113e-14
1.4961173e-09
6.7021121e-14
1.4961028e-09
8.3268588e-14
1.4960869e-09
1.0449353e-13
1.4960708e-09
1.3244971e-13
1.4960543e-09
1.6917704e-13
1.9113976e-13
1.6878289e-09
3.0669996e-11
1.7410706e-09
8.971853e-11
1.809478e-09
1.3448162e-10
1.8793791e-09
1.5970579e-10
1.9431114e-09
1.6663533e-10
1.9976741e-09
1.5908641e-10
2.0429971e-09
1.4147106e-10
2.0804997e-09
1.1794029e-10
2.1120372e-09
9.2025891e-11
2.1392751e-09
6.6563211e-11
2.1633833e-09
4.3790054e-11
2.1849438e-09
2.5437679e-11
2.2039872e-09
1.2762878e-11
2.2200998e-09
6.5257931e-12
2.2325911e-09
6.9204827e-12
2.2406683e-09
1.3558448e-11
2.2436221e-09
2.5486081e-11
2.240958e-09
4.1322616e-11
2.2324699e-09
5.9460463e-11
2.2182654e-09
7.8253741e-11
2.198747e-09
9.6191074e-11
2.1745615e-09
1.1203093e-10
2.1465314e-09
1.2487832e-10
2.1155801e-09
1.342087e-10
2.0826608e-09
1.3984686e-10
2.0486939e-09
1.4191324e-10
2.0145186e-09
1.4075145e-10
1.9808596e-09
1.3685007e-10
1.9483094e-09
1.3076954e-10
1.9173236e-09
1.2308102e-10
1.8882269e-09
1.14321e-10
1.8612262e-09
1.0496189e-10
1.8364279e-09
9.5396993e-11
1.8138571e-09
8.5936687e-11
1.7934753e-09
7.6812685e-11
1.7751978e-09
6.8186994e-11
1.7589076e-09
6.016308e-11
1.7444674e-09
5.2797607e-11
1.7317289e-09
4.6111155e-11
1.7205401e-09
4.0097888e-11
1.7107505e-09
3.4733215e-11
1.7022148e-09
2.9980297e-11
1.6947958e-09
2.5794736e-11
1.6883654e-09
2.2128345e-11
1.6828062e-09
1.893181e-11
1.6780112e-09
1.6156579e-11
1.6738839e-09
1.3756177e-11
1.6703381e-09
1.1686983e-11
1.6672971e-09
9.9087402e-12
1.6646931e-09
8.3847927e-12
1.6624665e-09
7.0820882e-12
1.6605652e-09
5.9710985e-12
1.6589436e-09
5.0256578e-12
1.6575621e-09
4.2227071e-12
1.6563865e-09
3.5420376e-12
1.6553871e-09
2.9660446e-12
1.6545383e-09
2.4794559e-12
1.653818e-09
2.0690613e-12
1.6532074e-09
1.7234715e-12
1.6526902e-09
1.432898e-12
1.6522525e-09
1.1889514e-12
1.6518823e-09
9.8445985e-13
1.6515696e-09
8.1330468e-13
1.6513056e-09
6.70274e-13
1.651083e-09
5.509399e-13
1.6508954e-09
4.5154891e-13
1.6507374e-09
3.6891702e-13
1.6506045e-09
3.003424e-13
1.6504929e-09
2.435403e-13
1.6503992e-09
1.9658875e-13
1.6503206e-09
1.5787194e-13
1.6502548e-09
1.2602583e-13
1.6501997e-09
9.9899104e-14
1.6501537e-09
7.8527311e-14
1.6501153e-09
6.1106445e-14
1.6500833e-09
4.6963028e-14
1.6500567e-09
3.5529791e-14
1.6500346e-09
2.633152e-14
1.6500162e-09
1.8974405e-14
1.6500011e-09
1.3131969e-14
1.6499886e-09
8.5299694e-15
1.6499782e-09
4.9370336e-15
1.6499698e-09
2.1612934e-15
1.6499628e-09
4.7119338e-17
1.6499571e-09
-1.5316765e-15
1.6499525e-09
-2.6797366e-15
1.6499488e-09
-3.4849758e-15
1.6499458e-09
-4.0205345e-15
1.6499433e-09
-4.345622e-15
1.6499414e-09
-4.5077939e-15
1.6499399e-09
-4.5453965e-15
1.6499387e-09
-4.4893328e-15
1.6499377e-09
-4.3641771e-15
1.649937e-09
-4.1891714e-15
1.6499365e-09
-3.97951e-15
1.6499361e-09
-3.747546e-15
1.6499358e-09
-3.5035461e-15
1.6499356e-09
-3.2559157e-15
1.6499354e-09
-3.0111954e-15
1.6499354e-09
-2.7739712e-15
1.6499353e-09
-2.5468493e-15
1.6499353e-09
-2.3308577e-15
1.6499353e-09
-2.1262928e-15
1.6499354e-09
-1.9335354e-15
1.6499354e-09
-1.7533496e-15
1.6499355e-09
-1.5865135e-15
1.6499356e-09
-1.4332202e-15
1.6499356e-09
-1.292948e-15
1.6499357e-09
-1.1648577e-15
1.6499358e-09
-1.0481733e-15
1.6499358e-09
-9.421881e-16
1.6499359e-09
-8.4598347e-16
1.649936e-09
-7.5830895e-16
1.649936e-09
-6.7798887e-16
1.6499361e-09
-6.0449755e-16
1.6499361e-09
-5.3802825e-16
1.6499362e-09
-4.7893475e-16
1.6499362e-09
-4.269876e-16
1.6499363e-09
-3.8109455e-16
1.6499363e-09
-3.3983105e-16
1.6499363e-09
-3.0228851e-16
1.6499364e-09
-2.684153e-16
1.6499364e-09
-2.386039e-16
1.6499364e-09
-2.1289422e-16
1.6499364e-09
-1.9048227e-16
1.6499365e-09
-1.7005333e-16
1.6499365e-09
-1.5063944e-16
1.6499365e-09
-1.3221602e-16
1.6499365e-09
-1.1559421e-16
1.6499365e-09
-1.0167777e-16
1.6499365e-09
-9.0627833e-17
1.6499365e-09
-8.1633992e-17
1.6499366e-09
-7.3393454e-17
1.6499366e-09
-6.4843895e-17
1.6499366e-09
-5.5680023e-17
1.6499366e-09
-4.634013e-17
1.6499366e-09
-3.753972e-17
1.6499366e-09
-2.9824334e-17
1.6499366e-09
-2.3403258e-17
1.6499366e-09
-1.8190768e-17
1.6499366e-09
-1.3949109e-17
1.6499366e-09
-1.0345414e-17
1.6499366e-09
-6.8764989e-18
1.6499366e-09
-2.8939409e-18
1.6499366e-09
2.2107845e-18
1.6499366e-09
8.8034508e-18
1.6499366e-09
1.6866955e-17
1.6499366e-09
2.6049974e-17
1.6499366e-09
3.5898544e-17
1.6499366e-09
4.600447e-17
1.6499366e-09
5.598927e-17
1.6499366e-09
6.5443756e-17
1.6499366e-09
7.3864403e-17
1.6499366e-09
8.0679048e-17
1.6499366e-09
8.5358404e-17
1.6499366e-09
8.7417409e-17
1.6499366e-09
8.6352496e-17
1.6499365e-09
8.1745997e-17
1.6499365e-09
7.3542964e-17
1.6499365e-09
6.2379185e-17
1.6499365e-09
4.9689223e-17
1.6499365e-09
3.7286951e-17
1.6499365e-09
2.6627656e-17
1.6499365e-09
1.8290755e-17
1.6499365e-09
1.1964761e-17
1.6499365e-09
6.8711927e-18
1.6499365e-09
2.2504738e-18
1.6499365e-09
-2.4954237e-18
1.6499365e-09
-7.8427575e-18
1.6499365e-09
-1.3947907e-17
1.6499365e-09
-2.0264701e-17
1.6499365e-09
-2.5403214e-17
1.6499364e-09
-2.7615459e-17
1.6499364e-09
-2.5810273e-17
1.6499364e-09
-2.0263523e-17
1.6499364e-09
-1.2325127e-17
1.6499364e-09
-3.4647751e-18
1.6499364e-09
5.4792347e-18
1.6499364e-09
1.4375944e-17
1.6499364e-09
2.3435339e-17
1.6499364e-09
3.3041872e-17
1.6499364e-09
4.3873259e-17
1.6499364e-09
5.6669376e-17
1.6499364e-09
7.1521804e-17
1.6499364e-09
8.7452491e-17
1.6499364e-09
1.0289942e-16
1.6499364e-09
1.1677631e-16
1.6499363e-09
1.2907532e-16
1.6499363e-09
1.4052211e-16
1.6499363e-09
1.5208879e-16
1.6499363e-09
1.6510367e-16
1.6499362e-09
1.8131483e-16
1.6499362e-09
2.0211021e-16
1.6499361e-09
2.2752251e-16
1.6499361e-09
2.5637138e-16
1.6499361e-09
2.8762243e-16
1.649936e-09
3.2130123e-16
1.6499359e-09
3.5791289e-16
1.6499359e-09
3.9775919e-16
1.6499358e-09
4.4162311e-16
1.6499357e-09
4.91642e-16
1.6499356e-09
5.5058916e-16
1.6499355e-09
6.2045564e-16
1.6499353e-09
7.0258367e-16
1.6499352e-09
7.9917122e-16
1.649935e-09
9.1371704e-16
1.6499348e-09
1.0499197e-15
1.6499345e-09
1.211257e-15
1.6499343e-09
1.4017966e-15
1.649934e-09
1.6261963e-15
1.6499336e-09
1.8886622e-15
1.6499332e-09
2.19271e-15
1.6499327e-09
2.5417472e-15
1.6499322e-09
2.9395415e-15
1.6499316e-09
3.3911394e-15
1.6499309e-09
3.903706e-15
1.6499301e-09
4.4861021e-15
1.6499292e-09
5.1493806e-15
1.6499281e-09
5.9087276e-15
1.6499269e-09
6.783321e-15
1.6499255e-09
7.7960136e-15
1.6499239e-09
8.9747734e-15
1.6499221e-09
1.0352268e-14
1.64992e-09
1.1967725e-14
1.6499176e-09
1.3870531e-14
1.6499148e-09
1.6121035e-14
1.6499116e-09
1.8796261e-14
1.649908e-09
2.1993069e-14
1.6499038e-09
2.5832358e-14
1.6498991e-09
3.0471118e-14
1.6498937e-09
3.6108882e-14
1.6498875e-09
4.3001042e-14
1.6498807e-09
5.1478367e-14
1.6498732e-09
6.1966915e-14
1.6498652e-09
7.5014408e-14
1.6498572e-09
9.1297143e-14
1.64985e-09
1.116952e-13
1.6498454e-09
1.369787e-13
1.6498455e-09
1.6913614e-13
1.8990348e-13
1.6803975e-09
1.6939196e-11
1.7187052e-09
5.141081e-11
1.7737801e-09
7.9406679e-11
1.8371597e-09
9.6326239e-11
1.9024255e-09
1.0136946e-10
1.9656122e-09
9.589975e-11
2.0247935e-09
8.228974e-11
2.0794397e-09
6.3294111e-11
2.1297351e-09
4.1730538e-11
2.1761076e-09
2.0190673e-11
2.2188468e-09
1.0508171e-12
2.257923e-09
-1.3638534e-11
2.2929311e-09
-2.2245198e-11
2.3231363e-09
-2.3679377e-11
2.3475981e-09
-1.7541366e-11
2.3653638e-09
-4.2072056e-12
2.3756975e-09
1.5152336e-11
2.3782308e-09
3.8789374e-11
2.3729539e-09
6.4737335e-11
2.3602638e-09
9.0943863e-11
2.3408883e-09
1.1556654e-10
2.3157991e-09
1.3712011e-10
2.2861168e-09
1.5456072e-10
2.2530195e-09
1.6730594e-10
2.2176656e-09
1.7520076e-10
2.181132e-09
1.7844684e-10
2.1443715e-09
1.7751202e-10
2.1081869e-09
1.7303466e-10
2.0732214e-09
1.6573504e-10
2.0399608e-09
1.5634162e-10
2.0087454e-09
1.4553636e-10
1.9797879e-09
1.3391937e-10
1.9531941e-09
1.2199082e-10
1.928984e-09
1.1014676e-10
1.9071123e-09
9.8684471e-11
1.8874855e-09
8.7813758e-11
1.8699777e-09
7.7670851e-11
1.8544423e-09
6.8332979e-11
1.8407218e-09
5.9831743e-11
1.8286547e-09
5.2164929e-11
1.8180817e-09
4.5306194e-11
1.808849e-09
3.9213064e-11
1.8008108e-09
3.3832863e-11
1.7938317e-09
2.9107483e-11
1.7877867e-09
2.4976782e-11
1.7825623e-09
2.1381035e-11
1.7780558e-09
1.8262657e-11
1.7741755e-09
1.5567311e-11
1.7708396e-09
1.3244627e-11
1.7679758e-09
1.1248525e-11
1.7655206e-09
9.5372937e-12
1.7634182e-09
8.0735668e-12
1.7616197e-09
6.8241233e-12
1.7600828e-09
5.7595917e-12
1.7587707e-09
4.8541738e-12
1.7576514e-09
4.085339e-12
1.7566974e-09
3.433482e-12
1.7558848e-09
2.8815997e-12
1.7551933e-09
2.415e-12
1.7546052e-09
2.0210259e-12
1.7541053e-09
1.6888014e-12
1.7536808e-09
1.4090028e-12
1.7533204e-09
1.1736524e-12
1.7530148e-09
9.7593638e-13
1.7527557e-09
8.1005045e-13
1.7525362e-09
6.7105673e-13
1.7523503e-09
5.547523e-13
1.7521931e-09
4.5756332e-13
1.7520602e-09
3.7646222e-13
1.7519479e-09
3.0889157e-13
1.7518531e-09
2.5268857e-13
1.7517731e-09
2.0601998e-13
1.7517056e-09
1.6733585e-13
1.7516488e-09
1.3533337e-13
1.751601e-09
1.0891898e-13
1.7515608e-09
8.7170885e-14
1.751527e-09
6.9310919e-14
1.7514987e-09
5.4685779e-14
1.7514749e-09
4.2749986e-14
1.751455e-09
3.304672e-14
1.7514383e-09
2.5190591e-14
1.7514244e-09
1.8856961e-14
1.7514128e-09
1.3775863e-14
1.7514031e-09
9.7251023e-15
1.751395e-09
6.5209628e-15
1.7513884e-09
4.0095599e-15
1.7513828e-09
2.0614848e-15
1.7513782e-09
5.6902151e-16
1.7513744e-09
-5.5618534e-16
1.7513713e-09
-1.3862678e-15
1.7513687e-09
-1.98049e-15
1.7513666e-09
-2.3872299e-15
1.7513649e-09
-2.6461548e-15
1.7513635e-09
-2.7894898e-15
1.7513624e-09
-2.8435235e-15
1.7513615e-09
-2.8298025e-15
1.7513607e-09
-2.7660786e-15
1.7513601e-09
-2.6668555e-15
1.7513597e-09
-2.5437322e-15
1.7513593e-09
-2.4056064e-15
1.751359e-09
-2.2588731e-15
1.7513588e-09
-2.1079581e-15
1.7513586e-09
-1.956144e-15
1.7513585e-09
-1.8062365e-15
1.7513584e-09
-1.660768e-15
1.7513583e-09
-1.5217578e-15
1.7513583e-09
-1.3904008e-15
1.7513583e-09
-1.2671572e-15
1.7513583e-09
-1.152157e-15
1.7513583e-09
-1.0454506e-15
1.7513583e-09
-9.4695269e-16
1.7513583e-09
-8.5625653e-16
1.7513583e-09
-7.7262365e-16
1.7513583e-09
-6.953461e-16
1.7513583e-09
-6.2415329e-16
1.7513583e-09
-5.5919174e-16
1.7513584e-09
-5.0062179e-16
1.7513584e-09
-4.4819412e-16
1.7513584e-09
-4.0116121e-16
1.7513584e-09
-3.5866546e-16
1.7513584e-09
-3.2022141e-16
1.7513585e-09
-2.8577381e-16
1.7513585e-09
-2.5534469e-16
1.7513585e-09
-2.2860556e-16
1.7513585e-09
-2.0474304e-16
1.7513585e-09
-1.82831e-16
1.7513585e-09
-1.6238437e-16
1.7513585e-09
-1.4356423e-16
1.7513586e-09
-1.2691448e-16
1.7513586e-09
-1.1282659e-16
1.7513586e-09
-1.0108026e-16
1.7513586e-09
-9.0871212e-17
1.7513586e-09
-8.1253885e-17
1.7513586e-09
-7.1590708e-17
1.7513586e-09
-6.1781655e-17
1.7513586e-09
-5.2171436e-17
1.7513586e-09
-4.321961e-17
1.7513586e-09
-3.5261958e-17
1.7513586e-09
-2.8457332e-17
1.7513586e-09
-2.2772648e-17
1.7513586e-09
-1.79918e-17
1.7513586e-09
-1.371004e-17
1.7513586e-09
-9.3225242e-18
1.7513586e-09
-4.1760451e-18
1.7513586e-09
2.1711934e-18
1.7513586e-09
9.809095e-18
1.7513586e-09
1.8497504e-17
1.7513586e-09
2.7847645e-17
1.7513586e-09
3.7565203e-17
1.7513586e-09
4.7489238e-17
1.7513586e-09
5.7427202e-17
1.7513586e-09
6.7016706e-17
1.7513586e-09
7.5689131e-17
1.7513586e-09
8.2770315e-17
1.7513586e-09
8.7656678e-17
1.7513586e-09
8.984955e-17
1.7513586e-09
8.89056e-17
1.7513586e-09
8.4541679e-17
1.7513586e-09
7.687395e-17
1.7513586e-09
6.6636077e-17
1.7513586e-09
5.5158965e-17
1.7513586e-09
4.3924017e-17
1.7513586e-09
3.3957318e-17
1.7513586e-09
2.5566701e-17
1.7513586e-09
1.8513431e-17
1.7513586e-09
1.2386028e-17
1.7513586e-09
6.8452225e-18
1.7513586e-09
1.545694e-18
1.7513586e-09
-3.9387677e-18
1.7513586e-09
-9.7977076e-18
1.7513586e-09
-1.5523281e-17
1.7513585e-09
-1.9847467e-17
1.7513585e-09
-2.1321427e-17
1.7513585e-09
-1.9226966e-17
1.7513585e-09
-1.4005154e-17
1.7513585e-09
-6.7785049e-18
1.7513585e-09
1.4454697e-18
1.7513585e-09
1.0143514e-17
1.7513585e-09
1.915448e-17
1.7513585e-09
2.8489528e-17
1.7513585e-09
3.845422e-17
1.7513585e-09
4.9800093e-17
1.7513585e-09
6.3286245e-17
1.7513585e-09
7.889304e-17
1.7513585e-09
9.5636895e-17
1.7513585e-09
1.1225619e-16
1.7513585e-09
1.2803941e-16
1.7513584e-09
1.4299163e-16
1.7513584e-09
1.5745266e-16
1.7513584e-09
1.7205924e-16
1.7513584e-09
1.8816175e-16
1.7513584e-09
2.0761712e-16
1.7513583e-09
2.3165258e-16
1.7513583e-09
2.6012506e-16
1.7513583e-09
2.9220051e-16
1.7513582e-09
3.2757779e-16
1.7513582e-09
3.6664647e-16
1.7513581e-09
4.0969417e-16
1.7513581e-09
4.569454e-16
1.751358e-09
5.097096e-16
1.7513579e-09
5.7061089e-16
1.7513578e-09
6.4220389e-16
1.7513577e-09
7.2611997e-16
1.7513576e-09
8.2406175e-16
1.7513575e-09
9.3890008e-16
1.7513573e-09
1.0741731e-15
1.7513571e-09
1.2332639e-15
1.7513569e-09
1.4199517e-15
1.7513567e-09
1.6390856e-15
1.7513564e-09
1.8957847e-15
1.7513561e-09
2.1946397e-15
1.7513557e-09
2.5402187e-15
1.7513553e-09
2.9372592e-15
1.7513549e-09
3.3903796e-15
1.7513544e-09
3.9055198e-15
1.7513538e-09
4.4914027e-15
1.7513531e-09
5.1580984e-15
1.7513523e-09
5.9171577e-15
1.7513515e-09
6.7854968e-15
1.7513505e-09
7.7848431e-15
1.7513493e-09
8.9388091e-15
1.751348e-09
1.0276674e-14
1.7513465e-09
1.1834428e-14
1.7513449e-09
1.3652741e-14
1.7513429e-09
1.5782525e-14
1.7513408e-09
1.82864e-14
1.7513383e-09
2.1240074e-14
1.7513356e-09
2.4738817e-14
1.7513325e-09
2.8898802e-14
1.7513291e-09
3.3864478e-14
1.7513254e-09
3.9814779e-14
1.7513215e-09
4.6968008e-14
1.7513173e-09
5.5592519e-14
1.7513133e-09
6.6010768e-14
1.7513097e-09
7.8601786e-14
1.7513072e-09
9.3772586e-14
1.7513069e-09
1.1199669e-13
1.7513106e-09
1.3335999e-13
1.7513206e-09
1.5911098e-13
1.769132e-13
1.6763587e-09
7.2471287e-12
1.7049221e-09
2.2847479e-11
1.7488744e-09
3.5454351e-11
1.8034431e-09
4.1757497e-11
1.8642438e-09
4.0568758e-11
1.9279331e-09
3.2210441e-11
1.9922672e-09
1.7955708e-11
2.0559555e-09
-3.9423149e-13
2.1181658e-09
-2.0479763e-11
2.1784238e-09
-4.0067321e-11
2.2361583e-09
-5.6683628e-11
2.2905674e-09
-6.8047697e-11
2.3405313e-09
-7.2209092e-11
2.3846294e-09
-6.7777468e-11
2.4212963e-09
-5.4208236e-11
2.4491224e-09
-3.2033349e-11
2.4669814e-09
-2.7066864e-12
2.4746019e-09
3.1168889e-11
2.4720782e-09
6.7261075e-11
2.46015e-09
1.0287208e-10
2.4399554e-09
1.3576113e-10
2.4128983e-09
1.6417721e-10
2.3805036e-09
1.869554e-10
2.3442946e-09
2.0351497e-10
2.3057007e-09
2.1379458e-10
2.265996e-09
2.1815154e-10
2.2262633e-09
2.1724477e-10
2.1873804e-09
2.1191751e-10
2.1500236e-09
2.0309189e-10
2.1146818e-09
1.916834e-10
2.0816796e-09
1.7853862e-10
2.0512027e-09
1.6439624e-10
2.0233253e-09
1.4986821e-10
1.9980351e-09
1.3543692e-10
1.9752562e-09
1.2146343e-10
1.9548677e-09
1.0820221e-10
1.9367198e-09
9.5818757e-11
1.9206455e-09
8.4407265e-11
1.9064701e-09
7.4007162e-11
1.894018e-09
6.4616987e-11
1.8831179e-09
5.6206309e-11
1.8736061e-09
4.8724942e-11
1.8653287e-09
4.2110251e-11
1.8581434e-09
3.629278e-11
1.8519198e-09
3.1200338e-11
1.8465398e-09
2.6761016e-11
1.8418972e-09
2.2905295e-11
1.8378971e-09
1.9567447e-11
1.8344553e-09
1.6686407e-11
1.8314976e-09
1.4206205e-11
1.8289588e-09
1.2076131e-11
1.8267816e-09
1.0250686e-11
1.8249164e-09
8.6893512e-12
1.8233197e-09
7.3562687e-12
1.821954e-09
6.2199152e-12
1.8207866e-09
5.2527145e-12
1.8197895e-09
4.4306359e-12
1.8189382e-09
3.7328173e-12
1.818212e-09
3.1412079e-12
1.8175928e-09
2.6402312e-12
1.8170652e-09
2.2164818e-12
1.8166157e-09
1.8584485e-12
1.8162331e-09
1.5562635e-12
1.8159076e-09
1.3014846e-12
1.8156307e-09
1.0869066e-12
1.8153954e-09
9.0638496e-13
1.8151954e-09
7.5467866e-13
1.8150257e-09
6.2732543e-13
1.8148816e-09
5.2053814e-13
1.8147594e-09
4.3110665e-13
1.8146558e-09
3.5630577e-13
1.814568e-09
2.9382089e-13
1.8144936e-09
2.4169283e-13
1.8144307e-09
1.9826987e-13
1.8143774e-09
1.6215871e-13
1.8143324e-09
1.3218036e-13
1.8142944e-09
1.073379e-13
1.8142623e-09
8.6792437e-14
1.8142352e-09
6.9839672e-14
1.8142124e-09
5.5886356e-14
1.8141931e-09
4.4431043e-14
1.8141769e-09
3.505149e-14
1.8141633e-09
2.7395306e-14
1.8141519e-09
2.1169516e-14
1.8141423e-09
1.6129174e-14
1.8141342e-09
1.2068026e-14
1.8141274e-09
8.8125568e-15
1.8141218e-09
6.2180451e-15
1.8141171e-09
4.1648187e-15
1.8141131e-09
2.5540839e-15
1.8141099e-09
1.3040234e-15
1.8141071e-09
3.4686715e-16
1.8141048e-09
-3.7352548e-16
1.814103e-09
-9.0356131e-16
1.8141014e-09
-1.2815769e-15
1.8141001e-09
-1.5390752e-15
1.814099e-09
-1.7020816e-15
1.8140982e-09
-1.7919742e-15
1.8140974e-09
-1.8261579e-15
1.8140969e-09
-1.8184839e-15
1.8140964e-09
-1.7796459e-15
1.814096e-09
-1.7178637e-15
1.8140957e-09
-1.6397546e-15
1.8140954e-09
-1.5509306e-15
1.8140952e-09
-1.4561176e-15
1.8140951e-09
-1.3589622e-15
1.8140949e-09
-1.2619212e-15
1.8140948e-09
-1.1665618e-15
1.8140947e-09
-1.0740641e-15
1.8140947e-09
-9.8545699e-16
1.8140946e-09
-9.0151665e-16
1.8140946e-09
-8.2257197e-16
1.8140946e-09
-7.4850166e-16
1.8140946e-09
-6.7905728e-16
1.8140946e-09
-6.1421931e-16
1.8140946e-09
-5.5421134e-16
1.8140946e-09
-4.9924045e-16
1.8140946e-09
-4.492444e-16
1.8140946e-09
-4.0385101e-16
1.8140946e-09
-3.6262394e-16
1.8140946e-09
-3.2531865e-16
1.8140946e-09
-2.9183495e-16
1.8140946e-09
-2.6197856e-16
1.8140946e-09
-2.352888e-16
1.8140946e-09
-2.1109085e-16
1.8140946e-09
-1.8881249e-16
1.8140946e-09
-1.6828751e-16
1.8140946e-09
-1.4973453e-16
1.8140946e-09
-1.3345028e-16
1.8140946e-09
-1.1945402e-16
1.8140946e-09
-1.0731006e-16
1.8140946e-09
-9.6303764e-17
1.8140946e-09
-8.5807422e-17
1.8140946e-09
-7.5510786e-17
1.8140946e-09
-6.5455861e-17
1.8140946e-09
-5.589391e-17
1.8140947e-09
-4.7066575e-17
1.8140947e-09
-3.9121295e-17
1.8140947e-09
-3.2138067e-17
1.8140947e-09
-2.6098676e-17
1.8140947e-09
-2.0825919e-17
1.8140947e-09
-1.5939019e-17
1.8140947e-09
-1.0868797e-17
1.8140947e-09
-5.0476318e-18
1.8140947e-09
1.8328501e-18
1.8140947e-09
9.738151e-18
1.8140947e-09
1.8390109e-17
1.8140947e-09
2.7473785e-17
1.8140947e-09
3.682178e-17
1.8140947e-09
4.6369115e-17
1.8140947e-09
5.5945998e-17
1.8140947e-09
6.5164844e-17
1.8140947e-09
7.345464e-17
1.8140947e-09
8.0200349e-17
1.8140947e-09
8.4891013e-17
1.8140947e-09
8.7110837e-17
1.8140947e-09
8.6476671e-17
1.8140947e-09
8.2758566e-17
1.8140947e-09
7.612217e-17
1.8140947e-09
6.7285384e-17
1.8140947e-09
5.7407525e-17
1.8140947e-09
4.763535e-17
1.8140947e-09
3.8639294e-17
1.8140947e-09
3.0555248e-17
1.8140947e-09
2.3264709e-17
1.8140947e-09
1.6673673e-17
1.8140947e-09
1.0742006e-17
1.8140947e-09
5.27779e-18
1.8140947e-09
-9.3170989e-20
1.8140947e-09
-5.5152077e-18
1.8140946e-09
-1.0460564e-17
1.8140946e-09
-1.3806341e-17
1.8140946e-09
-1.4471796e-17
1.8140946e-09
-1.212807e-17
1.8140946e-09
-7.3069516e-18
1.8140946e-09
-8.2545726e-19
1.8140946e-09
6.7515164e-18
1.8140946e-09
1.5128379e-17
1.8140946e-09
2.4070555e-17
1.8140946e-09
3.3445421e-17
1.8140946e-09
4.353971e-17
1.8140946e-09
5.5118042e-17
1.8140946e-09
6.8821804e-17
1.8140946e-09
8.4492502e-17
1.8140946e-09
1.0128577e-16
1.8140946e-09
1.1839042e-16
1.8140946e-09
1.3544993e-16
1.8140945e-09
1.5236893e-16
1.8140945e-09
1.6912725e-16
1.8140945e-09
1.8620626e-16
1.8140945e-09
2.050347e-16
1.8140945e-09
2.2737475e-16
1.8140945e-09
2.5410541e-16
1.8140944e-09
2.8501688e-16
1.8140944e-09
3.198325e-16
1.8140944e-09
3.5890067e-16
1.8140943e-09
4.0267284e-16
1.8140943e-09
4.5118492e-16
1.8140942e-09
5.0486944e-16
1.8140942e-09
5.6560474e-16
1.8140941e-09
6.3609421e-16
1.8140941e-09
7.1843063e-16
1.814094e-09
8.1418351e-16
1.8140939e-09
9.2566481e-16
1.8140937e-09
1.0561033e-15
1.8140936e-09
1.2087268e-15
1.8140935e-09
1.3867469e-15
1.8140933e-09
1.5943059e-15
1.8140931e-09
1.8365217e-15
1.8140929e-09
2.1185858e-15
1.8140926e-09
2.4455872e-15
1.8140923e-09
2.8229356e-15
1.814092e-09
3.2561649e-15
1.8140916e-09
3.7509062e-15
1.8140912e-09
4.314163e-15
1.8140908e-09
4.9552987e-15
1.8140902e-09
5.6851561e-15
1.8140896e-09
6.5163117e-15
1.814089e-09
7.4663149e-15
1.8140882e-09
8.5574889e-15
1.8140873e-09
9.8139187e-15
1.8140863e-09
1.1265116e-14
1.8140852e-09
1.2947388e-14
1.814084e-09
1.4900758e-14
1.8140826e-09
1.7175385e-14
1.814081e-09
1.983176e-14
1.8140793e-09
2.2939761e-14
1.8140775e-09
2.6587114e-14
1.8140755e-09
3.0877127e-14
1.8140734e-09
3.5933864e-14
1.8140713e-09
4.1903793e-14
1.8140694e-09
4.8957699e-14
1.8140677e-09
5.7291808e-14
1.8140665e-09
6.7120746e-14
1.8140665e-09
7.8666194e-14
1.8140681e-09
9.211249e-14
1.8140725e-09
1.0761716e-13
1.814081e-09
1.2490722e-13
1.8140956e-09
1.4443828e-13
1.586286e-13
1.6741304e-09
-2.1656896e-13
1.6966425e-09
3.3533982e-13
1.7326337e-09
-5.368669e-13
1.7795558e-09
-5.1645985e-12
1.8347056e-09
-1.4581053e-11
1.8957643e-09
-2.8848198e-11
1.9609165e-09
-4.719649e-11
2.0287522e-09
-6.8229951e-11
2.098273e-09
-9.0000591e-11
2.1684301e-09
-1.1022441e-10
2.2380682e-09
-1.2632168e-10
2.3056876e-09
-1.3566715e-10
2.3693619e-09
-1.3588337e-10
2.4267368e-09
-1.2515242e-10
2.475266e-09
-1.0273745e-10
2.5126807e-09
-6.9448042e-11
2.5375439e-09
-2.7569882e-11
2.5491482e-09
1.9564595e-11
2.5479822e-09
6.8427097e-11
2.5351627e-09
1.1569159e-10
2.5123616e-09
1.5856226e-10
2.4815442e-09
1.9499462e-10
2.4447516e-09
2.2374792e-10
2.4039379e-09
2.4432871e-10
2.3608608e-09
2.5687173e-10
2.3170202e-09
2.619921e-10
2.2736343e-09
2.606307e-10
2.2316423e-09
2.5390947e-10
2.1917266e-09
2.4300757e-10
2.1543448e-09
2.2906521e-10
2.119767e-09
2.1311639e-10
2.088114e-09
1.9604926e-10
2.0593924e-09
1.7858985e-10
2.0335258e-09
1.6130347e-10
2.0103809e-09
1.4460836e-10
1.9897875e-09
1.2879558e-10
1.9715548e-09
1.1405151e-10
1.9554824e-09
1.0047966e-10
1.9413692e-09
8.8120362e-11
1.929019e-09
7.6967214e-11
1.9182445e-09
6.6980795e-11
1.9088701e-09
5.809932e-11
1.9007333e-09
5.0247021e-11
1.8936856e-09
4.3340525e-11
1.8875923e-09
3.7293598e-11
1.8823327e-09
3.2020597e-11
1.8777992e-09
2.7438874e-11
1.8738962e-09
2.3470423e-11
1.8705397e-09
2.0042857e-11
1.867656e-09
1.7089897e-11
1.8651806e-09
1.4551548e-11
1.8630573e-09
1.2374014e-11
1.8612372e-09
1.0509409e-11
1.8596781e-09
8.9153952e-12
1.8583433e-09
7.5547489e-12
1.8572011e-09
6.3949058e-12
1.8562242e-09
5.4074942e-12
1.8553892e-09
4.5678786e-12
1.8546756e-09
3.854729e-12
1.8540662e-09
3.2496322e-12
1.853546e-09
2.7367356e-12
1.853102e-09
2.3024133e-12
1.8527233e-09
1.9349719e-12
1.8524004e-09
1.6243984e-12
1.8521252e-09
1.3621375e-12
1.8518907e-09
1.1408807e-12
1.851691e-09
9.5438642e-13
1.851521e-09
7.9733637e-13
1.8513763e-09
6.652109e-13
1.8512532e-09
5.5416902e-13
1.8511486e-09
4.6094228e-13
1.8510597e-09
3.8275185e-13
1.8509841e-09
3.1724345e-13
1.85092e-09
2.6242681e-13
1.8508655e-09
2.1661677e-13
1.8508193e-09
1.7838399e-13
1.8507801e-09
1.4651882e-13
1.8507469e-09
1.2000153e-13
1.8507188e-09
9.7972743e-14
1.8506949e-09
7.9706003e-14
1.8506748e-09
6.4586509e-14
1.8506577e-09
5.2096199e-14
1.8506433e-09
4.1801092e-14
1.8506312e-09
3.3337882e-14
1.8506209e-09
2.6400988e-14
1.8506122e-09
2.0732542e-14
1.8506049e-09
1.6115539e-14
1.8505988e-09
1.2368526e-14
1.8505936e-09
9.3405225e-15
1.8505893e-09
6.9059541e-15
1.8505856e-09
4.9601531e-15
1.8505825e-09
3.4157833e-15
1.85058e-09
2.199975e-15
1.8505778e-09
1.2520524e-15
1.850576e-09
5.2170229e-16
1.8505745e-09
-3.2650077e-17
1.8505732e-09
-4.4543085e-16
1.8505722e-09
-7.451732e-16
1.8505713e-09
-9.5537581e-16
1.8505706e-09
-1.0950586e-15
1.85057e-09
-1.1793367e-15
1.8505695e-09
-1.2203092e-15
1.8505691e-09
-1.2280365e-15
1.8505687e-09
-1.2110875e-15
1.8505685e-09
-1.1765408e-15
1.8505682e-09
-1.1297953e-15
1.850568e-09
-1.074651e-15
1.8505679e-09
-1.0138543e-15
1.8505678e-09
-9.4974052e-16
1.8505677e-09
-8.844641e-16
1.8505676e-09
-8.1980049e-16
1.8505675e-09
-7.5687285e-16
1.8505675e-09
-6.9614554e-16
1.8505674e-09
-6.3777893e-16
1.8505674e-09
-5.8203285e-16
1.8505674e-09
-5.2935481e-16
1.8505674e-09
-4.801949e-16
1.8505673e-09
-4.347928e-16
1.8505673e-09
-3.9311458e-16
1.8505673e-09
-3.5500099e-16
1.8505673e-09
-3.20321e-16
1.8505673e-09
-2.8893183e-16
1.8505673e-09
-2.6055866e-16
1.8505673e-09
-2.3477108e-16
1.8505673e-09
-2.1110128e-16
1.8505673e-09
-1.8926805e-16
1.8505673e-09
-1.6931514e-16
1.8505673e-09
-1.5145779e-16
1.8505673e-09
-1.3579351e-16
1.8505673e-09
-1.22104e-16
1.8505673e-09
-1.0986369e-16
1.8505673e-09
-9.84828e-17
1.8505673e-09
-8.7583615e-17
1.8505673e-09
-7.7085457e-17
1.8505673e-09
-6.7110987e-17
1.8505673e-09
-5.7820423e-17
1.8505673e-09
-4.9281633e-17
1.8505673e-09
-4.1490149e-17
1.8505673e-09
-3.4448545e-17
1.8505673e-09
-2.8143448e-17
1.8505673e-09
-2.245584e-17
1.8505673e-09
-1.7090839e-17
1.8505673e-09
-1.1592849e-17
1.8505673e-09
-5.5207319e-18
1.8505673e-09
1.3435409e-18
1.8505673e-09
8.9569734e-18
1.8505673e-09
1.7127127e-17
1.8505673e-09
2.5672378e-17
1.8505673e-09
3.4510388e-17
1.8505674e-09
4.3558864e-17
1.8505674e-09
5.2563925e-17
1.8505674e-09
6.1077971e-17
1.8505674e-09
6.8578146e-17
1.8505674e-09
7.4608344e-17
1.8505674e-09
7.8840037e-17
1.8505674e-09
8.0980214e-17
1.8505674e-09
8.0694599e-17
1.8505674e-09
7.7759448e-17
1.8505674e-09
7.23279e-17
1.8505674e-09
6.5046311e-17
1.8505674e-09
5.6870883e-17
1.8505674e-09
4.863692e-17
1.8505674e-09
4.0740966e-17
1.8505674e-09
3.323764e-17
1.8505674e-09
2.6152439e-17
1.8505674e-09
1.9630933e-17
1.8505674e-09
1.3796216e-17
1.8505674e-09
8.5111863e-18
1.8505674e-09
3.4533555e-18
1.8505674e-09
-1.415662e-18
1.8505674e-09
-5.5121914e-18
1.8505674e-09
-7.8767585e-18
1.8505674e-09
-7.8119146e-18
1.8505673e-09
-5.3237604e-18
1.8505673e-09
-9.3781003e-19
1.8505673e-09
4.8579393e-18
1.8505673e-09
1.1845863e-17
1.8505673e-09
1.9839369e-17
1.8505673e-09
2.852251e-17
1.8505673e-09
3.7721597e-17
1.8505673e-09
4.7774282e-17
1.8505673e-09
5.9396418e-17
1.8505673e-09
7.3011305e-17
1.8505673e-09
8.8338243e-17
1.8505673e-09
1.0477698e-16
1.8505673e-09
1.2197169e-16
1.8505673e-09
1.3977839e-16
1.8505673e-09
1.5792354e-16
1.8505673e-09
1.761883e-16
1.8505673e-09
1.951304e-16
1.8505673e-09
2.1624773e-16
1.8505672e-09
2.4099191e-16
1.8505672e-09
2.6983074e-16
1.8505672e-09
3.0267193e-16
1.8505672e-09
3.3985762e-16
1.8505672e-09
3.8210551e-16
1.8505671e-09
4.2968315e-16
1.8505671e-09
4.8254664e-16
1.8505671e-09
5.4160206e-16
1.850567e-09
6.091124e-16
1.850567e-09
6.8746733e-16
1.8505669e-09
7.7835371e-16
1.8505668e-09
8.8364215e-16
1.8505668e-09
1.0061784e-15
1.8505667e-09
1.1490947e-15
1.8505666e-09
1.3152518e-15
1.8505664e-09
1.5079813e-15
1.8505663e-09
1.7316319e-15
1.8505662e-09
1.9911059e-15
1.850566e-09
2.2916678e-15
1.8505658e-09
2.6390742e-15
1.8505656e-09
3.0390457e-15
1.8505653e-09
3.4973137e-15
1.8505651e-09
4.0207791e-15
1.8505648e-09
4.6175102e-15
1.8505644e-09
5.2964596e-15
1.850564e-09
6.0689898e-15
1.8505636e-09
6.9493096e-15
1.8505631e-09
7.9543183e-15
1.8505626e-09
9.1052339e-15
1.850562e-09
1.0426838e-14
1.8505613e-09
1.1947491e-14
1.8505605e-09
1.3701359e-14
1.8505597e-09
1.5727227e-14
1.8505588e-09
1.8071607e-14
1.8505578e-09
2.07897e-14
1.8505568e-09
2.3943848e-14
1.8505558e-09
2.7608826e-14
1.8505548e-09
3.1871952e-14
1.8505539e-09
3.6831921e-14
1.8505532e-09
4.2600665e-14
1.8505529e-09
4.929914e-14
1.8505531e-09
5.7055489e-14
1.8505542e-09
6.5989831e-14
1.8505567e-09
7.6198912e-14
1.8505611e-09
8.7709052e-14
1.8505683e-09
1.0046973e-13
1.8505791e-09
1.1407199e-13
1.8505951e-09
1.2842361e-13
1.3915161e-13
1.6728786e-09
-6.428476e-12
1.6916209e-09
-1.8406991e-11
1.7222418e-09
-3.1157807e-11
1.7634047e-09
-4.6327407e-11
1.8136387e-09
-6.4815083e-11
1.8715562e-09
-8.6765697e-11
1.9359769e-09
-1.1161719e-10
2.0058892e-09
-1.3814221e-10
2.080355e-09
-1.6446639e-10
2.1582686e-09
-1.8813801e-10
2.2381613e-09
-2.0621444e-10
2.317989e-09
-2.1549481e-10
2.3949943e-09
-2.1288867e-10
2.4656168e-09
-1.9577493e-10
2.5258969e-09
-1.6301755e-10
2.5723784e-09
-1.1592953e-10
2.6028849e-09
-5.8076383e-11
2.6166704e-09
5.7790456e-12
2.6145894e-09
7.0508156e-11
2.5983574e-09
1.3192353e-10
2.5703904e-09
1.8652929e-10
2.5333864e-09
2.3199863e-10
2.4900247e-09
2.6710962e-10
2.442764e-09
2.9158944e-10
2.393724e-09
3.0591174e-10
2.3446334e-09
3.110827e-10
2.2968256e-09
3.0843845e-10
2.2512668e-09
2.9946824e-10
2.2086023e-09
2.8567213e-10
2.1692112e-09
2.6845626e-10
2.1332632e-09
2.4906445e-10
2.1007703e-09
2.2854213e-10
2.0716333e-09
2.077268e-10
2.0456792e-09
1.8725765e-10
2.0226902e-09
1.6759737e-10
2.0024258e-09
1.4905995e-10
1.9846379e-09
1.3183936e-10
1.9690811e-09
1.1603652e-10
1.9555192e-09
1.0168226e-10
1.9437297e-09
8.8756661e-11
1.9335063e-09
7.7204245e-11
1.9246597e-09
6.6945949e-11
1.9170184e-09
5.7888324e-11
1.9104283e-09
4.993054e-11
1.9047523e-09
4.2969601e-11
1.8998689e-09
3.6904055e-11
1.8956711e-09
3.1636641e-11
1.8920655e-09
2.7076056e-11
1.8889704e-09
2.3137915e-11
1.8863151e-09
1.9745239e-11
1.8840381e-09
1.6828581e-11
1.8820862e-09
1.4325833e-11
1.8804138e-09
1.2181843e-11
1.8789812e-09
1.0347948e-11
1.8777546e-09
8.7814356e-12
1.8767045e-09
7.4449949e-12
1.8758058e-09
6.3061514e-12
1.875037e-09
5.336722e-12
1.8743794e-09
4.51232e-12
1.8738171e-09
3.8119087e-12
1.8733365e-09
3.2173785e-12
1.8729257e-09
2.7131571e-12
1.8725748e-09
2.2858795e-12
1.8722751e-09
1.9241009e-12
1.8720192e-09
1.6180345e-12
1.8718008e-09
1.3593099e-12
1.8716144e-09
1.1407748e-12
1.8714554e-09
9.5633413e-13
1.8713198e-09
8.0080232e-13
1.8712042e-09
6.697639e-13
1.8711057e-09
5.5945672e-13
1.8710218e-09
4.6668136e-13
1.8709503e-09
3.8872459e-13
1.8708894e-09
3.2328695e-13
1.8708376e-09
2.684162e-13
1.8707936e-09
2.2245468e-13
1.8707561e-09
1.8399919e-13
1.8707242e-09
1.5186496e-13
1.8706971e-09
1.2505053e-13
1.8706741e-09
1.0270723e-13
1.8706546e-09
8.4116203e-14
1.870638e-09
6.8671049e-14
1.870624e-09
5.5862197e-14
1.870612e-09
4.5261135e-14
1.8706019e-09
3.6506302e-14
1.8705934e-09
2.9292328e-14
1.8705861e-09
2.3362045e-14
1.87058e-09
1.8499826e-14
1.8705748e-09
1.4525398e-14
1.8705704e-09
1.1288063e-14
1.8705667e-09
8.6616406e-15
1.8705636e-09
6.540357e-15
1.870561e-09
4.835592e-15
1.8705587e-09
3.4733458e-15
1.8705569e-09
2.392134e-15
1.8705553e-09
1.5409458e-15
1.870554e-09
8.7727722e-16
1.8705529e-09
3.6562667e-16
1.8705519e-09
-2.3419617e-17
1.8705512e-09
-3.1381242e-16
1.8705505e-09
-5.2484717e-16
1.87055e-09
-6.723296e-16
1.8705495e-09
-7.696649e-16
1.8705491e-09
-8.2829713e-16
1.8705488e-09
-8.5755833e-16
1.8705485e-09
-8.6450535e-16
1.8705483e-09
-8.5424681e-16
1.8705481e-09
-8.3075995e-16
1.870548e-09
-7.9763972e-16
1.8705478e-09
-7.5824465e-16
1.8705477e-09
-7.1534102e-16
1.8705477e-09
-6.7075509e-16
1.8705476e-09
-6.2543048e-16
1.8705475e-09
-5.7989864e-16
1.8705475e-09
-5.3476522e-16
1.8705474e-09
-4.9083095e-16
1.8705474e-09
-4.4889293e-16
1.8705474e-09
-4.0950095e-16
1.8705474e-09
-3.7287517e-16
1.8705473e-09
-3.3902163e-16
1.8705473e-09
-3.0787178e-16
1.8705473e-09
-2.7928852e-16
1.8705473e-09
-2.530257e-16
1.8705473e-09
-2.2876729e-16
1.8705473e-09
-2.0625228e-16
1.8705473e-09
-1.8543164e-16
1.8705473e-09
-1.6647971e-16
1.8705473e-09
-1.4958831e-16
1.8705473e-09
-1.34722e-16
1.8705473e-09
-1.2153343e-16
1.8705473e-09
-1.094828e-16
1.8705473e-09
-9.8101135e-17
1.8705473e-09
-8.7195665e-17
1.8705473e-09
-7.6836095e-17
1.8705473e-09
-6.718107e-17
1.8705473e-09
-5.830802e-17
1.8705473e-09
-5.0151262e-17
1.8705473e-09
-4.2589443e-17
1.8705473e-09
-3.5565334e-17
1.8705473e-09
-2.907893e-17
1.8705473e-09
-2.3085268e-17
1.8705473e-09
-1.74074e-17
1.8705473e-09
-1.1734142e-17
1.8705473e-09
-5.7474167e-18
1.8705473e-09
7.3278135e-19
1.8705473e-09
7.7333335e-18
1.8705473e-09
1.52083e-17
1.8705473e-09
2.3113014e-17
1.8705473e-09
3.1394124e-17
1.8705473e-09
3.987459e-17
1.8705473e-09
4.8169735e-17
1.8705473e-09
5.5782312e-17
1.8705473e-09
6.2288143e-17
1.8705473e-09
6.7439967e-17
1.8705473e-09
7.1109555e-17
1.8705474e-09
7.3111432e-17
1.8705474e-09
7.3133079e-17
1.8705474e-09
7.0939637e-17
1.8705474e-09
6.6660415e-17
1.8705474e-09
6.0857529e-17
1.8705474e-09
5.4286783e-17
1.8705474e-09
4.7512308e-17
1.8705474e-09
4.073365e-17
1.8705474e-09
3.3990691e-17
1.8705474e-09
2.7446301e-17
1.8705474e-09
2.1392233e-17
1.8705474e-09
1.5995344e-17
1.8705474e-09
1.1112006e-17
1.8705474e-09
6.4916129e-18
1.8705474e-09
2.2458285e-18
1.8705474e-09
-9.8594039e-19
1.8705474e-09
-2.4393125e-18
1.8705474e-09
-1.7842085e-18
1.8705473e-09
7.3420021e-19
1.8705473e-09
4.6877656e-18
1.8705473e-09
9.8936212e-18
1.8705473e-09
1.6350733e-17
1.8705473e-09
2.3881724e-17
1.8705473e-09
3.2130876e-17
1.8705473e-09
4.0999141e-17
1.8705473e-09
5.0908129e-17
1.8705473e-09
6.2445853e-17
1.8705473e-09
7.5765005e-17
1.8705473e-09
9.052693e-17
1.8705473e-09
1.0643381e-16
1.8705473e-09
1.2347875e-16
1.8705473e-09
1.4155386e-16
1.8705473e-09
1.602228e-16
1.8705473e-09
1.7930814e-16
1.8705473e-09
1.9960508e-16
1.8705473e-09
2.2255729e-16
1.8705473e-09
2.4913174e-16
1.8705473e-09
2.7947137e-16
1.8705473e-09
3.1378803e-16
1.8705472e-09
3.529252e-16
1.8705472e-09
3.9762783e-16
1.8705472e-09
4.4792816e-16
1.8705472e-09
5.040085e-16
1.8705472e-09
5.6733467e-16
1.8705471e-09
6.4020119e-16
1.8705471e-09
7.2447694e-16
1.8705471e-09
8.2172173e-16
1.870547e-09
9.3427542e-16
1.8705469e-09
1.0651561e-15
1.8705469e-09
1.217113e-15
1.8705468e-09
1.3928685e-15
1.8705467e-09
1.5960131e-15
1.8705466e-09
1.8308009e-15
1.8705465e-09
2.1017844e-15
1.8705464e-09
2.4144455e-15
1.8705462e-09
2.7749874e-15
1.8705461e-09
3.1889968e-15
1.8705459e-09
3.6622654e-15
1.8705457e-09
4.2027749e-15
1.8705455e-09
4.8192299e-15
1.8705453e-09
5.5199386e-15
1.8705451e-09
6.3165765e-15
1.8705448e-09
7.2244894e-15
1.8705445e-09
8.2592985e-15
1.8705442e-09
9.4406048e-15
1.8705438e-09
1.0793259e-14
1.8705434e-09
1.2343179e-14
1.870543e-09
1.4121644e-14
1.8705425e-09
1.6165349e-14
1.8705421e-09
1.8514605e-14
1.8705417e-09
2.1218277e-14
1.8705413e-09
2.4329395e-14
1.870541e-09
2.7908303e-14
1.8705408e-09
3.2024877e-14
1.8705409e-09
3.6752269e-14
1.8705413e-09
4.2168903e-14
1.8705423e-09
4.8351839e-14
1.870544e-09
5.5370963e-14
1.8705467e-09
6.3273176e-14
1.8705508e-09
7.2066313e-14
1.8705568e-09
8.1678181e-14
1.8705654e-09
9.1941881e-14
1.870577e-09
1.0243204e-13
1.8705927e-09
1.1277538e-13
1.2056014e-13
1.6720687e-09
-1.1830541e-11
1.6883703e-09
-3.4708599e-11
1.715313e-09
-5.8100461e-11
1.7523164e-09
-8.3330856e-11
1.7987202e-09
-1.1121882e-10
1.853922e-09
-1.4196751e-10
1.9174213e-09
-1.7511651e-10
1.9887635e-09
-2.0948437e-10
2.0673991e-09
-2.4310199e-10
2.1524581e-09
-2.7319705e-10
2.2424496e-09
-2.9620594e-10
2.334965e-09
-3.0801019e-10
2.4263665e-09
-3.0429022e-10
2.5113975e-09
-2.8080588e-10
2.5839573e-09
-2.3557737e-10
2.6388975e-09
-1.7086971e-10
2.6733134e-09
-9.249229e-11
2.6865317e-09
-7.4392679e-12
2.680325e-09
7.6714837e-11
2.6572989e-09
1.5494966e-10
2.6209403e-09
2.228879e-10
2.5748819e-09
2.7805701e-10
2.5225477e-09
3.1944384e-10
2.4669364e-09
3.4720073e-10
2.4105167e-09
3.6233141e-10
2.3552034e-09
3.6639596e-10
2.3023874e-09
3.6125453e-10
2.2529972e-09
3.4885844e-10
2.207577e-09
3.3109228e-10
2.166368e-09
3.0966526e-10
2.1293857e-09
2.8604679e-10
2.0964882e-09
2.6143962e-10
2.0674331e-09
2.3678191e-10
2.0419211e-09
2.1276966e-10
2.0196279e-09
1.8989051e-10
2.0002261e-09
1.6846173e-10
1.9833986e-09
1.4866689e-10
1.9688466e-09
1.3058852e-10
1.9562939e-09
1.1423491e-10
1.9454888e-09
9.9561783e-11
1.9362042e-09
8.6488875e-11
1.9282373e-09
7.4912888e-11
1.9214084e-09
6.471721e-11
1.9155596e-09
5.5779318e-11
1.910553e-09
4.7976219e-11
1.9062687e-09
4.1188307e-11
1.9026033e-09
3.5302093e-11
1.8994674e-09
3.0211889e-11
1.8967847e-09
2.5820693e-11
1.8944893e-09
2.2040574e-11
1.8925253e-09
1.8792614e-11
1.8908446e-09
1.6006552e-11
1.8894062e-09
1.3620249e-11
1.888175e-09
1.1579068e-11
1.8871213e-09
9.8351993e-12
1.8862193e-09
8.3469821e-12
1.8854472e-09
7.0782253e-12
1.8847864e-09
5.9975734e-12
1.8842207e-09
5.0779408e-12
1.8837367e-09
4.2959886e-12
1.8833224e-09
3.6316335e-12
1.882968e-09
3.0676139e-12
1.8826647e-09
2.5891268e-12
1.8824053e-09
2.1834995e-12
1.8821835e-09
1.8398887e-12
1.8819937e-09
1.5490167e-12
1.8818316e-09
1.3029583e-12
1.8816929e-09
1.0949596e-12
1.8815745e-09
9.1926806e-13
1.8814733e-09
7.7097879e-13
1.8813868e-09
6.4591115e-13
1.881313e-09
5.4050991e-13
1.8812499e-09
4.51757e-13
1.8811961e-09
3.7708915e-13
1.8811502e-09
3.1432696e-13
1.8811111e-09
2.6161959e-13
1.8810777e-09
2.1739986e-13
1.8810492e-09
1.8034219e-13
1.8810249e-09
1.4932324e-13
1.8810042e-09
1.2338962e-13
1.8809866e-09
1.0173342e-13
1.8809716e-09
8.3672523e-14
1.8809588e-09
6.8632264e-14
1.880948e-09
5.6127958e-14
1.8809387e-09
4.5749945e-14
1.8809309e-09
3.7152001e-14
1.8809242e-09
3.0042236e-14
1.8809185e-09
2.4175316e-14
1.8809137e-09
1.9345461e-14
1.8809096e-09
1.5380063e-14
1.8809061e-09
1.2134113e-14
1.8809032e-09
9.4856589e-15
1.8809007e-09
7.3323122e-15
1.8808986e-09
5.5885062e-15
1.8808968e-09
4.1830288e-15
1.8808953e-09
3.0565069e-15
1.880894e-09
2.1591212e-15
1.8808929e-09
1.449052e-15
1.880892e-09
8.9162732e-16
1.8808912e-09
4.5859275e-16
1.8808906e-09
1.269697e-16
1.88089e-09
-1.2241381e-16
1.8808896e-09
-3.0603199e-16
1.8808892e-09
-4.3790466e-16
1.8808888e-09
-5.2930413e-16
1.8808886e-09
-5.8871054e-16
1.8808883e-09
-6.2245335e-16
1.8808881e-09
-6.3577925e-16
1.880888e-09
-6.335904e-16
1.8808878e-09
-6.2040022e-16
1.8808877e-09
-5.9980957e-16
1.8808876e-09
-5.741672e-16
1.8808875e-09
-5.4478948e-16
1.8808875e-09
-5.1258663e-16
1.8808874e-09
-4.785903e-16
1.8808874e-09
-4.4402252e-16
1.8808873e-09
-4.1002244e-16
1.8808873e-09
-3.7737602e-16
1.8808873e-09
-3.4645967e-16
1.8808872e-09
-3.1738783e-16
1.8808872e-09
-2.901725e-16
1.8808872e-09
-2.6475418e-16
1.8808872e-09
-2.4098532e-16
1.8808872e-09
-2.1868756e-16
1.8808872e-09
-1.9777592e-16
1.8808872e-09
-1.7836076e-16
1.8808872e-09
-1.6069525e-16
1.8808872e-09
-1.4495358e-16
1.8808872e-09
-1.3102722e-16
1.8808872e-09
-1.1851067e-16
1.8808872e-09
-1.0688626e-16
1.8808872e-09
-9.579165e-17
1.8808872e-09
-8.5172686e-17
1.8808872e-09
-7.5195558e-17
1.8808872e-09
-6.602799e-17
1.8808872e-09
-5.7672969e-17
1.8808872e-09
-4.9957357e-17
1.8808872e-09
-4.2674033e-17
1.8808872e-09
-3.5729929e-17
1.8808872e-09
-2.9152201e-17
1.8808872e-09
-2.2984385e-17
1.8808872e-09
-1.717805e-17
1.8808872e-09
-1.1558995e-17
1.8808872e-09
-5.8984349e-18
1.8808872e-09
-3.9718345e-21
1.8808872e-09
6.2631482e-18
1.8808872e-09
1.3010887e-17
1.8808872e-09
2.029258e-17
1.8808872e-09
2.802326e-17
1.8808872e-09
3.5890256e-17
1.8808872e-09
4.3384343e-17
1.8808872e-09
5.0004645e-17
1.8808872e-09
5.5471538e-17
1.8808872e-09
5.9753006e-17
1.8808872e-09
6.2883675e-17
1.8808872e-09
6.4733464e-17
1.8808872e-09
6.4984835e-17
1.8808872e-09
6.3400246e-17
1.8808872e-09
6.0103512e-17
1.8808872e-09
5.5586667e-17
1.8808872e-09
5.0424048e-17
1.8808872e-09
4.4952649e-17
1.8808872e-09
3.9238073e-17
1.8808872e-09
3.3344348e-17
1.8808872e-09
2.7541098e-17
1.8808872e-09
2.2177276e-17
1.8808872e-09
1.7385599e-17
1.8808872e-09
1.300389e-17
1.8808872e-09
8.8907813e-18
1.8808872e-09
5.322331e-18
1.8808872e-09
2.949392e-18
1.8808872e-09
2.2975663e-18
1.8808872e-09
3.3728523e-18
1.8808872e-09
5.8092932e-18
1.8808872e-09
9.3488416e-18
1.8808872e-09
1.4057046e-17
1.8808872e-09
2.0019419e-17
1.8808872e-09
2.7015564e-17
1.8808872e-09
3.4724387e-17
1.8808872e-09
4.3201198e-17
1.8808872e-09
5.2917431e-17
1.8808872e-09
6.4247706e-17
1.8808872e-09
7.7088361e-17
1.8808872e-09
9.1148003e-17
1.8808872e-09
1.0643966e-16
1.8808872e-09
1.2314166e-16
1.8808872e-09
1.4105158e-16
1.8808872e-09
1.5968306e-16
1.8808872e-09
1.79118e-16
1.8808872e-09
2.003898e-16
1.8808872e-09
2.2467982e-16
1.8808872e-09
2.5241437e-16
1.8808872e-09
2.8362655e-16
1.8808872e-09
3.1894179e-16
1.8808872e-09
3.5945172e-16
1.8808872e-09
4.0567943e-16
1.8808871e-09
4.5758487e-16
1.8808871e-09
5.1583881e-16
1.8808871e-09
5.8229591e-16
1.8808871e-09
6.5892009e-16
1.8808871e-09
7.4712653e-16
1.8808871e-09
8.4864701e-16
1.880887e-09
9.6613804e-16
1.880887e-09
1.1023849e-15
1.8808869e-09
1.2598248e-15
1.8808869e-09
1.4413377e-15
1.8808868e-09
1.6506018e-15
1.8808868e-09
1.8915645e-15
1.8808867e-09
2.168697e-15
1.8808866e-09
2.4876171e-15
1.8808866e-09
2.854292e-15
1.8808865e-09
3.2741806e-15
1.8808864e-09
3.7534899e-15
1.8808863e-09
4.3004183e-15
1.8808862e-09
4.9236603e-15
1.8808861e-09
5.6316859e-15
1.8808859e-09
6.4359889e-15
1.8808858e-09
7.3514696e-15
1.8808857e-09
8.3929814e-15
1.8808856e-09
9.5786769e-15
1.8808854e-09
1.0931803e-14
1.8808853e-09
1.2475719e-14
1.8808852e-09
1.4238619e-14
1.8808851e-09
1.6253412e-14
1.880885e-09
1.8554118e-14
1.8808851e-09
2.1182056e-14
1.8808852e-09
2.4180106e-14
1.8808855e-09
2.7596008e-14
1.8808861e-09
3.1480549e-14
1.8808869e-09
3.5885202e-14
1.8808883e-09
4.0858375e-14
1.8808902e-09
4.6441668e-14
1.8808929e-09
5.2658792e-14
1.8808966e-09
5.9506192e-14
1.8809018e-09
6.6933636e-14
1.8809086e-09
7.481633e-14
1.8809176e-09
8.2935719e-14
1.8809292e-09
9.0902301e-14
1.8809437e-09
9.8246604e-14
1.0369246e-13
1.6714868e-09
-1.6650679e-11
1.6860125e-09
-4.9234285e-11
1.7102089e-09
-8.2296852e-11
1.743975e-09
-1.1709699e-10
1.787255e-09
-1.5449875e-10
1.8401123e-09
-1.9482484e-10
1.9027323e-09
-2.3773654e-10
1.9753427e-09
-2.8209479e-10
2.0580391e-09
-3.2579831e-10
2.1505056e-09
-3.6566364e-10
2.2515601e-09
-3.9726037e-10
2.3586764e-09
-4.1512652e-10
2.4671797e-09
-4.1279351e-10
2.569088e-09
-3.8271413e-10
2.6548762e-09
-3.213656e-10
2.7171306e-09
-2.3312415e-10
2.7524983e-09
-1.2785993e-10
2.7613124e-09
-1.625336e-11
2.7465785e-09
9.1448736e-11
2.7126118e-09
1.8891634e-10
2.6642839e-09
2.7121578e-10
2.6063133e-09
3.3602761e-10
2.5428877e-09
3.8286947e-10
2.4774856e-09
4.1260283e-10
2.4128271e-09
4.2698986e-10
2.3509043e-09
4.2831879e-10
2.2930592e-09
4.1909959e-10
2.2400877e-09
4.0182998e-10
2.192351e-09
3.7882903e-10
2.1498847e-09
3.5213153e-10
2.1124973e-09
3.2343418e-10
2.079853e-09
2.9408392e-10
2.0515374e-09
2.6509752e-10
2.0271055e-09
2.3720155e-10
2.0061141e-09
2.1088185e-10
1.9881417e-09
1.8643416e-10
1.9727984e-09
1.6401015e-10
1.959731e-09
1.4365594e-10
1.9486233e-09
1.2534262e-10
1.9391954e-09
1.0898968e-10
1.9312015e-09
9.4482758e-11
1.9244276e-09
8.1686847e-11
1.9186884e-09
7.0456354e-11
1.9138252e-09
6.0642603e-11
1.9097021e-09
5.2099283e-11
1.9062041e-09
4.4686304e-11
1.9032338e-09
3.8272378e-11
1.9007092e-09
3.2736509e-11
1.8985612e-09
2.7968672e-11
1.8967319e-09
2.386993e-11
1.8951724e-09
2.0352102e-11
1.8938418e-09
1.7337164e-11
1.8927055e-09
1.4756494e-11
1.8917345e-09
1.2550035e-11
1.8909043e-09
1.0665454e-11
1.890194e-09
9.0572985e-12
1.889586e-09
7.6862008e-12
1.8890654e-09
6.5181423e-12
1.8886196e-09
5.5238032e-12
1.8882376e-09
4.6779571e-12
1.8879103e-09
3.9589194e-12
1.8876298e-09
3.3480763e-12
1.8873895e-09
2.8294832e-12
1.8871835e-09
2.3894943e-12
1.887007e-09
2.0164328e-12
1.8868557e-09
1.7003123e-12
1.886726e-09
1.4326076e-12
1.8866149e-09
1.2060528e-12
1.8865197e-09
1.0144532e-12
1.8864382e-09
8.5252336e-13
1.8863683e-09
7.1575952e-13
1.8863085e-09
6.0033155e-13
1.8862573e-09
5.0298442e-13
1.8862134e-09
4.2094976e-13
1.8861759e-09
3.5187264e-13
1.8861437e-09
2.9375327e-13
1.8861162e-09
2.4489717e-13
1.8860927e-09
2.0386833e-13
1.8860726e-09
1.6944773e-13
1.8860554e-09
1.406002e-13
1.8860407e-09
1.164485e-13
1.8860281e-09
9.6251263e-14
1.8860173e-09
7.9382566e-14
1.8860082e-09
6.5313439e-14
1.8860003e-09
5.3596269e-14
1.8859936e-09
4.3852497e-14
1.8859879e-09
3.5762623e-14
1.885983e-09
2.9057655e-14
1.8859788e-09
2.3511511e-14
1.8859753e-09
1.8934078e-14
1.8859723e-09
1.5165182e-14
1.8859697e-09
1.2069809e-14
1.8859675e-09
9.5345229e-15
1.8859656e-09
7.4645173e-15
1.885964e-09
5.7807147e-15
1.8859626e-09
4.4168093e-15
1.8859615e-09
3.3168441e-15
1.8859605e-09
2.4337884e-15
1.8859597e-09
1.7287618e-15
1.8859589e-09
1.1700773e-15
1.8859583e-09
7.3169466e-16
1.8859578e-09
3.9153203e-16
1.8859574e-09
1.3048971e-16
1.885957e-09
-6.7534582e-17
1.8859567e-09
-2.1529412e-16
1.8859564e-09
-3.2239726e-16
1.8859562e-09
-3.9630096e-16
1.885956e-09
-4.4351807e-16
1.8859559e-09
-4.7018969e-16
1.8859557e-09
-4.8178499e-16
1.8859556e-09
-4.8248134e-16
1.8859555e-09
-4.7495955e-16
1.8859554e-09
-4.6085491e-16
1.8859553e-09
-4.4150362e-16
1.8859553e-09
-4.184148e-16
1.8859552e-09
-3.9321128e-16
1.8859552e-09
-3.6727868e-16
1.8859552e-09
-3.4152284e-16
1.8859551e-09
-3.1640517e-16
1.8859551e-09
-2.9215144e-16
1.8859551e-09
-2.6891213e-16
1.8859551e-09
-2.4676907e-16
1.885955e-09
-2.2570291e-16
1.885955e-09
-2.056531e-16
1.885955e-09
-1.866515e-16
1.885955e-09
-1.6890727e-16
1.885955e-09
-1.5272339e-16
1.885955e-09
-1.3826866e-16
1.885955e-09
-1.2539812e-16
1.885955e-09
-1.1368564e-16
1.885955e-09
-1.0265369e-16
1.885955e-09
-9.2041225e-17
1.885955e-09
-8.1905876e-17
1.885955e-09
-7.2480786e-17
1.885955e-09
-6.3923869e-17
1.885955e-09
-5.6162834e-17
1.885955e-09
-4.8934682e-17
1.885955e-09
-4.1971788e-17
1.885955e-09
-3.516884e-17
1.885955e-09
-2.8600402e-17
1.885955e-09
-2.2406137e-17
1.885955e-09
-1.6655452e-17
1.885955e-09
-1.1278258e-17
1.885955e-09
-6.0890119e-18
1.885955e-09
-8.4679702e-19
1.885955e-09
4.7075689e-18
1.885955e-09
1.0802908e-17
1.885955e-09
1.7529674e-17
1.885955e-09
2.4722027e-17
1.885955e-09
3.1928856e-17
1.885955e-09
3.8563039e-17
1.885955e-09
4.418302e-17
1.885955e-09
4.8682609e-17
1.885955e-09
5.2212415e-17
1.885955e-09
5.4897213e-17
1.885955e-09
5.6601184e-17
1.885955e-09
5.6992118e-17
1.885955e-09
5.5855723e-17
1.885955e-09
5.3343887e-17
1.8859551e-09
4.9897245e-17
1.8859551e-09
4.5926107e-17
1.8859551e-09
4.1577434e-17
1.8859551e-09
3.6830262e-17
1.8859551e-09
3.1789709e-17
1.8859551e-09
2.6794896e-17
1.8859551e-09
2.2187855e-17
1.8859551e-09
1.8036039e-17
1.8859551e-09
1.4184548e-17
1.8859551e-09
1.0632483e-17
1.8859551e-09
7.7897623e-18
1.8859551e-09
6.2388032e-18
1.8859551e-09
6.2317139e-18
1.885955e-09
7.5294782e-18
1.885955e-09
9.7748851e-18
1.885955e-09
1.2928841e-17
1.885955e-09
1.722255e-17
1.885955e-09
2.2720538e-17
1.885955e-09
2.9153021e-17
1.885955e-09
3.6304884e-17
1.885955e-09
4.4396994e-17
1.885955e-09
5.3861929e-17
1.885955e-09
6.4809944e-17
1.885955e-09
7.6974928e-17
1.885955e-09
9.0232589e-17
1.885955e-09
1.0485894e-16
1.885955e-09
1.2104182e-16
1.885955e-09
1.3843578e-16
1.885955e-09
1.5666471e-16
1.885955e-09
1.7617153e-16
1.885955e-09
1.9806674e-16
1.885955e-09
2.2308224e-16
1.885955e-09
2.512232e-16
1.885955e-09
2.8268338e-16
1.885955e-09
3.1847624e-16
1.885955e-09
3.5964202e-16
1.885955e-09
4.0641209e-16
1.885955e-09
4.5893172e-16
1.885955e-09
5.184055e-16
1.885955e-09
5.8671752e-16
1.885955e-09
6.6532527e-16
1.885955e-09
7.5548399e-16
1.885955e-09
8.5923612e-16
1.885955e-09
9.7919998e-16
1.885955e-09
1.1177431e-15
1.885955e-09
1.2772961e-15
1.8859549e-09
1.4609636e-15
1.8859549e-09
1.6721378e-15
1.8859549e-09
1.9144873e-15
1.8859549e-09
2.1927595e-15
1.8859549e-09
2.5123411e-15
1.8859548e-09
2.8783261e-15
1.8859548e-09
3.2964088e-15
1.8859548e-09
3.7735311e-15
1.8859548e-09
4.3170649e-15
1.8859548e-09
4.9352287e-15
1.8859548e-09
5.6375554e-15
1.8859548e-09
6.4346554e-15
1.8859548e-09
7.3395855e-15
1.8859548e-09
8.3673249e-15
1.8859548e-09
9.5344147e-15
1.8859549e-09
1.0861137e-14
1.885955e-09
1.2369116e-14
1.8859552e-09
1.4082419e-14
1.8859554e-09
1.6029315e-14
1.8859557e-09
1.8238922e-14
1.8859561e-09
2.0743081e-14
1.8859568e-09
2.3576567e-14
1.8859576e-09
2.6774107e-14
1.8859587e-09
3.0371248e-14
1.8859602e-09
3.4399148e-14
1.8859621e-09
3.888294e-14
1.8859647e-09
4.3836605e-14
1.8859682e-09
4.9251833e-14
1.8859726e-09
5.5091233e-14
1.8859782e-09
6.1272575e-14
1.8859854e-09
6.7648568e-14
1.8859943e-09
7.3989662e-14
1.8860053e-09
7.9960099e-14
1.8860184e-09
8.5094659e-14
8.8757216e-14
1.6709824e-09
-2.0966373e-11
1.6839568e-09
-6.2208706e-11
1.7057059e-09
-1.0404599e-10
1.7364745e-09
-1.4786553e-10
1.7766947e-09
-1.9471897e-10
1.8270335e-09
-2.4516369e-10
1.8883904e-09
-2.9909347e-10
1.9618214e-09
-3.5552571e-10
2.0483498e-09
-4.1232671e-10
2.1486327e-09
-4.6594657e-10
2.262273e-09
-5.109007e-10
2.3870601e-09
-5.3991362e-10
2.5168468e-09
-5.4258018e-10
2.6387433e-09
-5.0461068e-10
2.737735e-09
-4.2035728e-10
2.8039628e-09
-2.9935192e-10
2.8348907e-09
-1.587878e-10
2.8333559e-09
-1.4718627e-11
2.8046518e-09
1.2015282e-10
2.7554202e-09
2.3814803e-10
2.6920947e-09
3.3454123e-10
2.6203999e-09
4.0772237e-10
2.5450811e-09
4.5818831e-10
2.4698576e-09
4.8782632e-10
2.3974788e-09
4.9936863e-10
2.3298273e-09
4.9597035e-10
2.2680485e-09
4.8087834e-10
2.2126931e-09
4.571854e-10
2.1638576e-09
4.2766453e-10
2.1213158e-09
3.9467334e-10
2.0846331e-09
3.6011692e-10
2.0532598e-09
3.2545718e-10
2.0266018e-09
2.9175547e-10
2.004069e-09
2.5973443e-10
1.9851044e-09
2.2984644e-10
1.9692e-09
2.0233856e-10
1.9559019e-09
1.7730821e-10
1.9448105e-09
1.5474737e-10
1.9355772e-09
1.3457591e-10
1.9279007e-09
1.1666615e-10
1.9215226e-09
1.0086084e-10
1.9162231e-09
8.6986406e-11
1.9118165e-09
7.4862937e-11
1.9081476e-09
6.4311541e-11
1.9050872e-09
5.5159652e-11
1.9025288e-09
4.7244721e-11
1.9003847e-09
4.0416487e-11
1.8985831e-09
3.4538113e-11
1.8970652e-09
2.9486501e-11
1.8957832e-09
2.5151995e-11
1.8946976e-09
2.1437692e-11
1.8937762e-09
1.8258499e-11
1.8929927e-09
1.5540064e-11
1.892325e-09
1.3217693e-11
1.8917552e-09
1.1235296e-11
1.8912681e-09
9.5443684e-12
1.8908513e-09
8.1030464e-12
1.8904941e-09
6.8752743e-12
1.8901879e-09
5.8300588e-12
1.889925e-09
4.9407867e-12
1.8896993e-09
4.184622e-12
1.8895054e-09
3.5419975e-12
1.8893387e-09
2.9961719e-12
1.8891954e-09
2.5328251e-12
1.8890721e-09
2.1397094e-12
1.8889661e-09
1.8063598e-12
1.8888748e-09
1.5238485e-12
1.8887963e-09
1.2845648e-12
1.8887288e-09
1.0820166e-12
1.8886706e-09
9.106652e-13
1.8886206e-09
7.6579297e-13
1.8885775e-09
6.4338719e-13
1.8885405e-09
5.4003455e-13
1.8885086e-09
4.5282998e-13
1.8884812e-09
3.7930214e-13
1.8884576e-09
3.173521e-13
1.8884373e-09
2.6519946e-13
1.8884198e-09
2.2133323e-13
1.8884048e-09
1.8446972e-13
1.8883919e-09
1.5351892e-13
1.8883808e-09
1.2755698e-13
1.8883712e-09
1.0580224e-13
1.888363e-09
8.7593642e-14
1.8883559e-09
7.237171e-14
1.8883499e-09
5.9662605e-14
1.8883447e-09
4.9065319e-14
1.8883402e-09
4.024115e-14
1.8883363e-09
3.2904697e-14
1.888333e-09
2.6815753e-14
1.8883302e-09
2.1771869e-14
1.8883277e-09
1.7602024e-14
1.8883257e-09
1.4161851e-14
1.8883239e-09
1.1330083e-14
1.8883223e-09
9.0053703e-15
1.888321e-09
7.1029174e-15
1.8883199e-09
5.5512341e-15
1.8883189e-09
4.2897905e-15
1.8883181e-09
3.2678148e-15
1.8883173e-09
2.4434952e-15
1.8883167e-09
1.7826695e-15
1.8883162e-09
1.2569062e-15
1.8883158e-09
8.4178201e-16
1.8883154e-09
5.1618787e-16
1.888315e-09
2.6258425e-16
1.8883148e-09
6.7258964e-17
1.8883145e-09
-8.0240451e-17
1.8883143e-09
-1.8840154e-16
1.8883141e-09
-2.6491023e-16
1.888314e-09
-3.1692775e-16
1.8883138e-09
-3.5055952e-16
1.8883137e-09
-3.7027521e-16
1.8883136e-09
-3.7895162e-16
1.8883136e-09
-3.7855042e-16
1.8883135e-09
-3.7088423e-16
1.8883134e-09
-3.5792751e-16
1.8883134e-09
-3.4159468e-16
1.8883133e-09
-3.2336697e-16
1.8883133e-09
-3.0416482e-16
1.8883133e-09
-2.8451226e-16
1.8883132e-09
-2.647922e-16
1.8883132e-09
-2.4535562e-16
1.8883132e-09
-2.2645599e-16
1.8883132e-09
-2.0818503e-16
1.8883132e-09
-1.9055072e-16
1.8883131e-09
-1.7364575e-16
1.8883131e-09
-1.5773867e-16
1.8883131e-09
-1.4316811e-16
1.8883131e-09
-1.3010041e-16
1.8883131e-09
-1.1836697e-16
1.8883131e-09
-1.075398e-16
1.8883131e-09
-9.7198162e-17
1.8883131e-09
-8.7187246e-17
1.8883131e-09
-7.766763e-17
1.8883131e-09
-6.8918475e-17
1.8883131e-09
-6.10674e-17
1.8883131e-09
-5.3961357e-17
1.8883131e-09
-4.7259873e-17
1.8883131e-09
-4.065612e-17
1.8883131e-09
-3.406135e-17
1.8883131e-09
-2.7615033e-17
1.8883131e-09
-2.1548006e-17
1.8883131e-09
-1.6018578e-17
1.8883131e-09
-1.1015798e-17
1.8883131e-09
-6.3562387e-18
1.8883131e-09
-1.7346748e-18
1.8883131e-09
3.206701e-18
1.8883131e-09
8.7605919e-18
1.8883131e-09
1.4993237e-17
1.8883131e-09
2.1633208e-17
1.8883131e-09
2.8123274e-17
1.8883131e-09
3.3868488e-17
1.8883131e-09
3.8545778e-17
1.8883131e-09
4.2223524e-17
1.8883131e-09
4.5171235e-17
1.8883131e-09
4.751901e-17
1.8883131e-09
4.9082822e-17
1.8883131e-09
4.9524487e-17
1.8883131e-09
4.8692643e-17
1.8883131e-09
4.6797336e-17
1.8883131e-09
4.4233766e-17
1.8883132e-09
4.1254142e-17
1.8883132e-09
3.7844637e-17
1.8883132e-09
3.3934577e-17
1.8883132e-09
2.9680973e-17
1.8883132e-09
2.5463671e-17
1.8883132e-09
2.1581828e-17
1.8883132e-09
1.8042466e-17
1.8883132e-09
1.4734351e-17
1.8883132e-09
1.1796689e-17
1.8883132e-09
9.7002916e-18
1.8883132e-09
8.8724383e-18
1.8883132e-09
9.2964991e-18
1.8883131e-09
1.0607325e-17
1.8883131e-09
1.2582981e-17
1.8883131e-09
1.5408475e-17
1.8883131e-09
1.9375563e-17
1.8883131e-09
2.4448388e-17
1.8883131e-09
3.0331163e-17
1.8883131e-09
3.6957836e-17
1.8883131e-09
4.4664881e-17
1.8883131e-09
5.3751866e-17
1.8883131e-09
6.4087403e-17
1.8883131e-09
7.5396567e-17
1.8883131e-09
8.7807085e-17
1.8883131e-09
1.0174228e-16
1.8883132e-09
1.1724549e-16
1.8883132e-09
1.3386496e-16
1.8883132e-09
1.5147802e-16
1.8883132e-09
1.7084455e-16
1.8883132e-09
1.9291967e-16
1.8883132e-09
2.179333e-16
1.8883132e-09
2.4573989e-16
1.8883132e-09
2.7689664e-16
1.8883132e-09
3.1262321e-16
1.8883132e-09
3.5366176e-16
1.8883132e-09
4.0005816e-16
1.8883132e-09
4.5233998e-16
1.8883132e-09
5.1204437e-16
1.8883132e-09
5.8073971e-16
1.8883132e-09
6.5948092e-16
1.8883132e-09
7.4968645e-16
1.8883132e-09
8.5359827e-16
1.8883132e-09
9.7348281e-16
1.8883133e-09
1.111412e-15
1.8883133e-09
1.270036e-15
1.8883133e-09
1.4524288e-15
1.8883133e-09
1.6614539e-15
1.8883133e-09
1.9007136e-15
1.8883133e-09
2.1752392e-15
1.8883133e-09
2.4898132e-15
1.8883134e-09
2.8486634e-15
1.8883134e-09
3.2579247e-15
1.8883135e-09
3.7250028e-15
1.8883135e-09
4.2560677e-15
1.8883136e-09
4.8587218e-15
1.8883137e-09
5.5433721e-15
1.8883138e-09
6.31944e-15
1.8883139e-09
7.1979527e-15
1.8883141e-09
8.1939783e-15
1.8883143e-09
9.3220307e-15
1.8883146e-09
1.0599373e-14
1.8883149e-09
1.2046096e-14
1.8883153e-09
1.3681277e-14
1.8883158e-09
1.5529088e-14
1.8883164e-09
1.7613679e-14
1.8883172e-09
1.9958667e-14
1.8883182e-09
2.2590911e-14
1.8883194e-09
2.5534085e-14
1.888321e-09
2.8810504e-14
1.888323e-09
3.2434992e-14
1.8883254e-09
3.6416332e-14
1.8883285e-09
4.07471e-14
1.8883324e-09
4.5399303e-14
1.8883372e-09
5.0315724e-14
1.888343e-09
5.5399028e-14
1.8883502e-09
6.0499115e-14
1.8883588e-09
6.5398419e-14
1.8883689e-09
6.981665e-14
1.8883807e-09
7.3337796e-14
7.5680461e-14
1.6704419e-09
-2.4741588e-11
1.6817618e-09
-7.3528678e-11
1.7008511e-09
-1.2313524e-10
1.7282208e-09
-1.7523527e-10
1.7647136e-09
-2.3121172e-10
1.8115614e-09
-2.9201153e-10
1.870421e-09
-3.5795304e-10
1.9433483e-09
-4.2845303e-10
2.0326456e-09
-5.0162396e-10
2.1405039e-09
-5.7380484e-10
2.268009e-09
-6.3840585e-10
2.414002e-09
-6.8590665e-10
2.5696542e-09
-6.9823236e-10
2.7128202e-09
-6.4777666e-10
2.8204332e-09
-5.2797029e-10
2.8818561e-09
-3.6077485e-10
2.8987013e-09
-1.7563303e-10
2.8786517e-09
5.3309772e-12
2.8305516e-09
1.6825297e-10
2.7633722e-09
3.0532742e-10
2.6846785e-09
4.1323493e-10
2.6005568e-09
4.918441e-10
2.5156921e-09
5.4305297e-10
2.4335542e-09
5.699642e-10
2.3565712e-09
5.7635169e-10
2.2862828e-09
5.6625875e-10
2.2234926e-09
5.436685e-10
2.1684228e-09
5.1225525e-10
2.1208652e-09
4.7522213e-10
2.0803217e-09
4.3521684e-10
2.046125e-09
3.9431363e-10
2.0175349e-09
3.540472e-10
1.9938081e-09
3.1548227e-10
1.9742418e-09
2.7930079e-10
1.9581972e-09
2.4589106e-10
1.9451083e-09
2.1542744e-10
1.9344815e-09
1.8793495e-10
1.9258911e-09
1.6333786e-10
1.9189724e-09
1.4149454e-10
1.9134165e-09
1.2222212e-10
1.9089632e-09
1.0531412e-10
1.9053962e-09
9.0553355e-11
1.9025375e-09
7.772162e-11
1.9002422e-09
6.6606871e-11
1.8983935e-09
5.7008319e-11
1.8968985e-09
4.8739809e-11
1.8956833e-09
4.1631663e-11
1.8946901e-09
3.5531327e-11
1.8938734e-09
3.0303151e-11
1.8931978e-09
2.5827577e-11
1.8926356e-09
2.1999961e-11
1.8921649e-09
1.8729187e-11
1.8917687e-09
1.5936236e-11
1.8914336e-09
1.355282e-11
1.8911488e-09
1.1520074e-11
1.8909058e-09
9.7873395e-12
1.8906978e-09
8.3110805e-12
1.8905191e-09
7.0539409e-12
1.8903653e-09
5.9839079e-12
1.8902325e-09
5.0735584e-12
1.8901177e-09
4.2994146e-12
1.8900183e-09
3.6413993e-12
1.8899321e-09
3.0823583e-12
1.8898573e-09
2.6076304e-12
1.8897923e-09
2.2046883e-12
1.8897359e-09
1.86284e-12
1.8896867e-09
1.572969e-12
1.889644e-09
1.3273028e-12
1.8896068e-09
1.1192113e-12
1.8895744e-09
9.4304088e-13
1.8895462e-09
7.939777e-13
1.8895217e-09
6.6792626e-13
1.8895003e-09
5.6140071e-13
1.8894817e-09
4.7143351e-13
1.8894655e-09
3.9550017e-13
1.8894514e-09
3.3145574e-13
1.8894392e-09
2.774791e-13
1.8894285e-09
2.320235e-13
1.8894192e-09
1.9377468e-13
1.8894111e-09
1.6161678e-13
1.889404e-09
1.346036e-13
1.8893979e-09
1.1193366e-13
1.8893925e-09
9.2928293e-14
1.8893879e-09
7.7012534e-14
1.8893839e-09
6.3699084e-14
1.8893804e-09
5.2575311e-14
1.8893773e-09
4.3292603e-14
1.8893747e-09
3.5557115e-14
1.8893724e-09
2.9121222e-14
1.8893703e-09
2.3775715e-14
1.8893686e-09
1.934345e-14
1.8893671e-09
1.5674818e-14
1.8893658e-09
1.2644258e-14
1.8893646e-09
1.0146788e-14
1.8893636e-09
8.0942574e-15
1.8893628e-09
6.4120166e-15
1.889362e-09
5.0368219e-15
1.8893614e-09
3.9158289e-15
1.8893608e-09
3.0056265e-15
1.8893603e-09
2.2705269e-15
1.8893599e-09
1.6804268e-15
1.8893596e-09
1.2092697e-15
1.8893592e-09
8.347109e-16
1.889359e-09
5.3849491e-16
1.8893587e-09
3.0644838e-16
1.8893585e-09
1.2751558e-16
1.8893583e-09
-7.6831047e-18
1.8893582e-09
-1.0778016e-16
1.889358e-09
-1.8060381e-16
1.8893579e-09
-2.3252553e-16
1.8893578e-09
-2.6806531e-16
1.8893577e-09
-2.9023809e-16
1.8893576e-09
-3.0137558e-16
1.8893576e-09
-3.0377742e-16
1.8893575e-09
-2.9978617e-16
1.8893575e-09
-2.9143428e-16
1.8893574e-09
-2.801509e-16
1.8893574e-09
-2.6680932e-16
1.8893574e-09
-2.5202178e-16
1.8893573e-09
-2.3638556e-16
1.8893573e-09
-2.2048268e-16
1.8893573e-09
-2.0471892e-16
1.8893573e-09
-1.8924489e-16
1.8893572e-09
-1.7408419e-16
1.8893572e-09
-1.5935547e-16
1.8893572e-09
-1.453689e-16
1.8893572e-09
-1.3248701e-16
1.8893572e-09
-1.2086345e-16
1.8893572e-09
-1.1030514e-16
1.8893572e-09
-1.0039603e-16
1.8893572e-09
-9.079283e-17
1.8893572e-09
-8.1459795e-17
1.8893572e-09
-7.2654336e-17
1.8893572e-09
-6.4679152e-17
1.8893572e-09
-5.7608571e-17
1.8893572e-09
-5.1203004e-17
1.8893572e-09
-4.5054997e-17
1.8893572e-09
-3.8847488e-17
1.8893572e-09
-3.253662e-17
1.8893572e-09
-2.633446e-17
1.8893572e-09
-2.0542557e-17
1.8893572e-09
-1.5367361e-17
1.8893572e-09
-1.0812969e-17
1.8893572e-09
-6.6718373e-18
1.8893572e-09
-2.5805984e-18
1.8893572e-09
1.8718683e-18
1.8893572e-09
6.9796442e-18
1.8893572e-09
1.2739505e-17
1.8893572e-09
1.8779187e-17
1.8893572e-09
2.4493498e-17
1.8893572e-09
2.9354294e-17
1.8893572e-09
3.3195678e-17
1.8893572e-09
3.6230992e-17
1.8893572e-09
3.8767372e-17
1.8893572e-09
4.0870369e-17
1.8893572e-09
4.2289325e-17
1.8893572e-09
4.2709173e-17
1.8893572e-09
4.2081519e-17
1.8893572e-09
4.0685825e-17
1.8893572e-09
3.8857181e-17
1.8893572e-09
3.6686752e-17
1.8893572e-09
3.4028834e-17
1.8893572e-09
3.0803286e-17
1.8893572e-09
2.7232824e-17
1.8893572e-09
2.3717431e-17
1.8893572e-09
2.0497575e-17
1.8893572e-09
1.7537874e-17
1.8893572e-09
1.4791075e-17
1.8893572e-09
1.2499553e-17
1.8893572e-09
1.1104506e-17
1.8893572e-09
1.0823308e-17
1.8893572e-09
1.1433403e-17
1.8893572e-09
1.2587956e-17
1.8893572e-09
1.4287186e-17
1.8893572e-09
1.6883235e-17
1.8893572e-09
2.06077e-17
1.8893572e-09
2.528015e-17
1.8893572e-09
3.0624976e-17
1.8893572e-09
3.6740756e-17
1.8893572e-09
4.4003006e-17
1.8893572e-09
5.2525515e-17
1.8893572e-09
6.2031581e-17
1.8893572e-09
7.2390288e-17
1.8893572e-09
8.3975695e-17
1.8893572e-09
9.7187756e-17
1.8893572e-09
1.1183403e-16
1.8893573e-09
1.2746575e-16
1.8893573e-09
1.4430144e-16
1.8893573e-09
1.6326572e-16
1.8893573e-09
1.8497113e-16
1.8893573e-09
2.0926594e-16
1.8893573e-09
2.3615556e-16
1.8893573e-09
2.6657649e-16
1.8893573e-09
3.0165948e-16
1.8893573e-09
3.4173922e-16
1.8893573e-09
3.8689346e-16
1.8893574e-09
4.3808026e-16
1.8893574e-09
4.9685773e-16
1.8893574e-09
5.6435595e-16
1.8893574e-09
6.4153022e-16
1.8893574e-09
7.3007597e-16
1.8893574e-09
8.3210769e-16
1.8893575e-09
9.4943918e-16
1.8893575e-09
1.0841256e-15
1.8893575e-09
1.2389496e-15
1.8893576e-09
1.4165896e-15
1.8893576e-09
1.6195573e-15
1.8893577e-09
1.8516064e-15
1.8893577e-09
2.1175484e-15
1.8893578e-09
2.4214715e-15
1.8893579e-09
2.7674208e-15
1.889358e-09
3.1615933e-15
1.8893581e-09
3.61099e-15
1.8893582e-09
4.1212041e-15
1.8893584e-09
4.6992477e-15
1.8893586e-09
5.3550381e-15
1.8893588e-09
6.0973024e-15
1.889359e-09
6.9357112e-15
1.8893594e-09
7.8841613e-15
1.8893597e-09
8.9553645e-15
1.8893602e-09
1.0163999e-14
1.8893607e-09
1.1527737e-14
1.8893613e-09
1.3061884e-14
1.889362e-09
1.4786401e-14
1.8893629e-09
1.6719907e-14
1.889364e-09
1.8880825e-14
1.8893653e-09
2.1286847e-14
1.8893669e-09
2.395418e-14
1.8893688e-09
2.6893522e-14
1.8893711e-09
3.0108706e-14
1.889374e-09
3.3595187e-14
1.8893774e-09
3.7333069e-14
1.8893815e-09
4.1282379e-14
1.8893864e-09
4.5376227e-14
1.8893923e-09
4.951441e-14
1.8893993e-09
5.3555061e-14
1.8894073e-09
5.7303545e-14
1.8894166e-09
6.0530774e-14
1.8894271e-09
6.288451e-14
6.4275624e-14
1.6697782e-09
-2.7853117e-11
1.6790808e-09
-8.2831309e-11
1.6948719e-09
-1.3892635e-10
1.7178556e-09
-1.9821892e-10
1.7491985e-09
-2.6255464e-10
1.7906339e-09
-3.3344697e-10
1.8445836e-09
-4.1190266e-10
1.9142595e-09
-4.9812892e-10
2.0036465e-09
-5.9101102e-10
2.1171804e-09
-6.8733868e-10
2.2583203e-09
-7.7954582e-10
2.4277406e-09
-8.5532692e-10
2.6104745e-09
-8.8096627e-10
2.7677976e-09
-8.0509974e-10
2.8678994e-09
-6.2807205e-10
2.9060462e-09
-3.9892174e-10
2.8944055e-09
-1.6399228e-10
2.8478417e-09
5.189476e-11
2.7787722e-09
2.373225e-10
2.6968774e-09
3.8722225e-10
2.6090789e-09
5.0103339e-10
2.5202782e-09
5.806448e-10
2.4339899e-09
6.2934131e-10
2.352751e-09
6.5120309e-10
2.2783045e-09
6.5079812e-10
2.2116902e-09
6.3287312e-10
2.1533342e-09
6.0202445e-10
2.1031633e-09
5.6242621e-10
2.0607335e-09
5.1765191e-10
2.0253612e-09
4.7058909e-10
1.9962395e-09
4.2343532e-10
1.9725299e-09
3.7775684e-10
1.9534253e-09
3.3458688e-10
1.9381864e-09
2.9453962e-10
1.9261573e-09
2.5792022e-10
1.9167667e-09
2.2481801e-10
1.9095236e-09
1.9517805e-10
1.9040093e-09
1.6885221e-10
1.8998696e-09
1.4563416e-10
1.8968085e-09
1.2528329e-10
1.894581e-09
1.075416e-10
1.892988e-09
9.2146316e-11
1.8918703e-09
7.8839397e-11
1.8911025e-09
6.737467e-11
1.890588e-09
5.7522772e-11
1.8902537e-09
4.9074157e-11
1.8900449e-09
4.1840453e-11
1.8899217e-09
3.5654493e-11
1.8898554e-09
3.0369436e-11
1.8898257e-09
2.5857317e-11
1.8898184e-09
2.2007281e-11
1.8898239e-09
1.8723685e-11
1.8898358e-09
1.5924276e-11
1.8898501e-09
1.3538496e-11
1.8898643e-09
1.15059e-11
1.8898769e-09
9.7747457e-12
1.8898872e-09
8.3007792e-12
1.889895e-09
7.0461889e-12
1.8899002e-09
5.9786758e-12
1.8899031e-09
5.0706463e-12
1.889904e-09
4.2985365e-12
1.8899032e-09
3.642239e-12
1.8899009e-09
3.0845977e-12
1.8898976e-09
2.6109669e-12
1.8898934e-09
2.2088487e-12
1.8898887e-09
1.8675884e-12
1.8898835e-09
1.5781056e-12
1.8898782e-09
1.33266e-12
1.8898727e-09
1.1246512e-12
1.8898673e-09
9.4845407e-13
1.889862e-09
7.9928046e-13
1.8898569e-09
6.7305571e-13
1.889852e-09
5.6631082e-13
1.8898473e-09
4.7609247e-13
1.8898429e-09
3.9988815e-13
1.8898388e-09
3.3556221e-13
1.889835e-09
2.8130041e-13
1.8898315e-09
2.3556144e-13
1.8898282e-09
1.9703562e-13
1.8898252e-09
1.6461075e-13
1.8898225e-09
1.3734319e-13
1.88982e-09
1.1443296e-13
1.8898177e-09
9.5202154e-14
1.8898156e-09
7.9076002e-14
1.8898138e-09
6.5567003e-14
1.8898121e-09
5.4262217e-14
1.8898106e-09
4.4812841e-14
1.8898092e-09
3.6924826e-14
1.889808e-09
3.0350004e-14
1.8898069e-09
2.4878166e-14
1.8898059e-09
2.0331022e-14
1.889805e-09
1.6558069e-14
1.8898042e-09
1.3433144e-14
1.8898035e-09
1.0850656e-14
1.8898029e-09
8.7216054e-15
1.8898023e-09
6.9703966e-15
1.8898018e-09
5.5330801e-15
1.8898014e-09
4.3564393e-15
1.889801e-09
3.396748e-15
1.8898006e-09
2.6177277e-15
1.8898003e-09
1.9884151e-15
1.8898001e-09
1.4819782e-15
1.8897998e-09
1.0757052e-15
1.8897996e-09
7.5132686e-16
1.8897994e-09
4.9462856e-16
1.8897992e-09
2.9416997e-16
1.8897991e-09
1.3991077e-16
1.889799e-09
2.2625591e-17
1.8897989e-09
-6.5750847e-17
1.8897988e-09
-1.315038e-16
1.8897987e-09
-1.790466e-16
1.8897986e-09
-2.1153914e-16
1.8897985e-09
-2.3171433e-16
1.8897985e-09
-2.4229339e-16
1.8897984e-09
-2.4581418e-16
1.8897984e-09
-2.4424312e-16
1.8897983e-09
-2.3884963e-16
1.8897983e-09
-2.3045447e-16
1.8897982e-09
-2.1980895e-16
1.8897982e-09
-2.0775765e-16
1.8897982e-09
-1.9509102e-16
1.8897982e-09
-1.8230324e-16
1.8897981e-09
-1.6953998e-16
1.8897981e-09
-1.5680624e-16
1.8897981e-09
-1.4423815e-16
1.8897981e-09
-1.3218174e-16
1.8897981e-09
-1.210072e-16
1.8897981e-09
-1.1083748e-16
1.8897981e-09
-1.0145106e-16
1.8897981e-09
-9.2459707e-17
1.8897981e-09
-8.3621329e-17
1.889798e-09
-7.5029274e-17
1.889798e-09
-6.7024387e-17
1.889798e-09
-5.9904563e-17
1.889798e-09
-5.3667487e-17
1.889798e-09
-4.798368e-17
1.889798e-09
-4.2400315e-17
1.889798e-09
-3.6625548e-17
1.889798e-09
-3.068225e-17
1.889798e-09
-2.4848597e-17
1.889798e-09
-1.9462784e-17
1.889798e-09
-1.4735943e-17
1.889798e-09
-1.0652618e-17
1.889798e-09
-6.9713184e-18
1.889798e-09
-3.2998795e-18
1.889798e-09
7.7203676e-19
1.889798e-09
5.485988e-18
1.889798e-09
1.0748435e-17
1.889798e-09
1.6117527e-17
1.889798e-09
2.1009868e-17
1.889798e-09
2.502685e-17
1.889798e-09
2.8169513e-17
1.889798e-09
3.0741434e-17
1.8897981e-09
3.3010345e-17
1.8897981e-09
3.4931422e-17
1.8897981e-09
3.6194308e-17
1.8897981e-09
3.6548676e-17
1.8897981e-09
3.6074366e-17
1.8897981e-09
3.510481e-17
1.8897981e-09
3.3885142e-17
1.8897981e-09
3.2345361e-17
1.8897981e-09
3.0251239e-17
1.8897981e-09
2.7561363e-17
1.8897981e-09
2.4574545e-17
1.8897981e-09
2.169027e-17
1.8897981e-09
1.9078522e-17
1.8897981e-09
1.667405e-17
1.8897981e-09
1.449134e-17
1.8897981e-09
1.2820633e-17
1.8897981e-09
1.2001398e-17
1.8897981e-09
1.2043452e-17
1.8897981e-09
1.2628656e-17
1.8897981e-09
1.3555413e-17
1.8897981e-09
1.5055654e-17
1.8897981e-09
1.7530779e-17
1.8897981e-09
2.1043685e-17
1.8897981e-09
2.5281227e-17
1.8897981e-09
3.0059879e-17
1.8897981e-09
3.5640105e-17
1.8897981e-09
4.2360367e-17
1.8897981e-09
5.0145486e-17
1.8897981e-09
5.8696827e-17
1.8897981e-09
6.8111454e-17
1.8897981e-09
7.8903307e-17
1.8897981e-09
9.1282108e-17
1.8897981e-09
1.0483603e-16
1.8897981e-09
1.1927978e-16
1.8897981e-09
1.3517904e-16
1.8897982e-09
1.5341985e-16
1.8897982e-09
1.7419478e-16
1.8897982e-09
1.9720242e-16
1.8897982e-09
2.2278908e-16
1.8897982e-09
2.5208229e-16
1.8897982e-09
2.858488e-16
1.8897982e-09
3.2409922e-16
1.8897983e-09
3.6717115e-16
1.8897983e-09
4.1633313e-16
1.8897983e-09
4.7290159e-16
1.8897983e-09
5.3770442e-16
1.8897984e-09
6.1188067e-16
1.8897984e-09
6.9721833e-16
1.8897984e-09
7.9536804e-16
1.8897985e-09
9.078485e-16
1.8897985e-09
1.0368952e-15
1.8897986e-09
1.1850629e-15
1.8897986e-09
1.354456e-15
1.8897987e-09
1.5477231e-15
1.8897988e-09
1.7687828e-15
1.8897989e-09
2.0215382e-15
1.889799e-09
2.3095881e-15
1.8897991e-09
2.6375274e-15
1.8897993e-09
3.0108473e-15
1.8897995e-09
3.4352816e-15
1.8897997e-09
3.9168317e-15
1.8897999e-09
4.4619394e-15
1.8898002e-09
5.0786446e-15
1.8898005e-09
5.7757817e-15
1.8898009e-09
6.5621055e-15
1.8898013e-09
7.4490195e-15
1.8898018e-09
8.4484215e-15
1.8898024e-09
9.5722153e-15
1.8898031e-09
1.0834799e-14
1.8898039e-09
1.2249977e-14
1.8898049e-09
1.3832143e-14
1.889806e-09
1.5596453e-14
1.8898073e-09
1.7555283e-14
1.8898089e-09
1.9720336e-14
1.8898107e-09
2.2101106e-14
1.8898129e-09
2.4699567e-14
1.8898155e-09
2.7512417e-14
1.8898186e-09
3.0526352e-14
1.8898222e-09
3.3713499e-14
1.8898265e-09
3.7028485e-14
1.8898314e-09
4.040272e-14
1.8898372e-09
4.3740247e-14
1.8898439e-09
4.6913288e-14
1.8898514e-09
4.9754214e-14
1.8898599e-09
5.2078357e-14
1.8898691e-09
5.3597057e-14
5.4321458e-14
1.6689247e-09
-3.0111148e-11
1.6756485e-09
-8.9555076e-11
1.6871656e-09
-1.5044348e-10
1.7042765e-09
-2.1532984e-10
1.7283361e-09
-2.8661422e-10
1.7614247e-09
-3.6653556e-10
1.8066009e-09
-4.5707887e-10
1.8682266e-09
-5.5975465e-10
1.9522702e-09
-6.750546e-10
2.0661924e-09
-8.012609e-10
2.2169008e-09
-9.3025417e-10
2.4066011e-09
-1.0450273e-09
2.6046575e-09
-1.0790226e-09
2.7467969e-09
-9.4723912e-10
2.8017365e-09
-6.8301166e-10
2.7867702e-09
-3.8395546e-10
2.7328195e-09
-1.100416e-10
2.660363e-09
1.2435127e-10
2.5813738e-09
3.1631165e-10
2.5013584e-09
4.6723771e-10
2.422906e-09
5.7948576e-10
2.3473956e-09
6.5615524e-10
2.2759653e-09
7.0077159e-10
2.2097686e-09
7.1739979e-10
2.1498268e-09
7.1073993e-10
2.0968371e-09
6.8586278e-10
2.0510813e-09
6.4778024e-10
2.0124388e-09
6.0106875e-10
1.980469e-09
5.4962175e-10
1.9545226e-09
4.9653549e-10
1.9338495e-09
4.4410839e-10
1.917684e-09
3.9392238e-10
1.9053001e-09
3.4697073e-10
1.896041e-09
3.0379876e-10
1.889328e-09
2.6463315e-10
1.8846597e-09
2.2948631e-10
1.8816054e-09
1.9823239e-10
1.8797985e-09
1.7065909e-10
1.8789308e-09
1.4650188e-10
1.878747e-09
1.2546704e-10
1.8790403e-09
1.072483e-10
1.8796471e-09
9.1539564e-11
1.8804416e-09
7.8044866e-11
1.8813305e-09
6.648578e-11
1.8822469e-09
5.6606373e-11
1.8831451e-09
4.8175931e-11
1.8839958e-09
4.0989779e-11
1.8847817e-09
3.48686e-11
1.8854943e-09
2.9656812e-11
1.8861312e-09
2.5220402e-11
1.886694e-09
2.1444508e-11
1.8871867e-09
1.8230992e-11
1.8876148e-09
1.5496202e-11
1.8879844e-09
1.3168922e-11
1.8883017e-09
1.1188543e-11
1.888573e-09
9.503483e-12
1.8888039e-09
8.069854e-12
1.8889998e-09
6.8503155e-12
1.8891654e-09
5.8130777e-12
1.889305e-09
4.9310641e-12
1.8894223e-09
4.1812161e-12
1.8895206e-09
3.5438989e-12
1.8896028e-09
3.0023847e-12
1.8896714e-09
2.5424128e-12
1.8897284e-09
2.151832e-12
1.8897757e-09
1.8202939e-12
1.8898148e-09
1.5389845e-12
1.8898471e-09
1.3003931e-12
1.8898736e-09
1.0981186e-12
1.8898954e-09
9.2670891e-13
1.8899131e-09
7.815238e-13
1.8899276e-09
6.5861416e-13
1.8899393e-09
5.5461775e-13
1.8899487e-09
4.6667239e-13
1.8899562e-09
3.9234292e-13
1.8899622e-09
3.2955891e-13
1.889967e-09
2.7656111e-13
1.8899707e-09
2.3185468e-13
1.8899735e-09
1.9416924e-13
1.8899757e-09
1.6242555e-13
1.8899774e-09
1.3570756e-13
1.8899786e-09
1.1323844e-13
1.8899794e-09
9.4359556e-14
1.88998e-09
7.8511997e-14
1.8899803e-09
6.5221334e-14
1.8899805e-09
5.4085709e-14
1.8899805e-09
4.4765865e-14
1.8899805e-09
3.6975736e-14
1.8899804e-09
3.0473428e-14
1.8899802e-09
2.5053541e-14
1.88998e-09
2.0541734e-14
1.8899797e-09
1.6791035e-14
1.8899795e-09
1.3678384e-14
1.8899792e-09
1.1100598e-14
1.889979e-09
8.9703836e-15
1.8899787e-09
7.2134818e-15
1.8899785e-09
5.7672484e-15
1.8899783e-09
4.5797217e-15
1.8899781e-09
3.6080753e-15
1.8899779e-09
2.8164036e-15
1.8899777e-09
2.1738118e-15
1.8899775e-09
1.6536539e-15
1.8899774e-09
1.2337198e-15
1.8899772e-09
8.9633595e-16
1.8899771e-09
6.2758871e-16
1.889977e-09
4.1590224e-16
1.8899769e-09
2.5090693e-16
1.8899768e-09
1.2323048e-16
1.8899767e-09
2.5011254e-17
1.8899766e-09
-4.9676445e-17
1.8899765e-09
-1.0507098e-16
1.8899764e-09
-1.445033e-16
1.8899764e-09
-1.7107951e-16
1.8899763e-09
-1.8779326e-16
1.8899763e-09
-1.9717103e-16
1.8899762e-09
-2.0096073e-16
1.8899762e-09
-2.0022434e-16
1.8899762e-09
-1.9576977e-16
1.8899761e-09
-1.8853005e-16
1.8899761e-09
-1.7958002e-16
1.8899761e-09
-1.6984275e-16
1.8899761e-09
-1.5981416e-16
1.889976e-09
-1.4958456e-16
1.889976e-09
-1.3913503e-16
1.889976e-09
-1.2863003e-16
1.889976e-09
-1.1844822e-16
1.889976e-09
-1.08947e-16
1.889976e-09
-1.0019859e-16
1.889976e-09
-9.1952088e-17
1.8899759e-09
-8.3867285e-17
1.8899759e-09
-7.5823349e-17
1.8899759e-09
-6.8041738e-17
1.8899759e-09
-6.0921379e-17
1.8899759e-09
-5.4720501e-17
1.8899759e-09
-4.9340248e-17
1.8899759e-09
-4.436929e-17
1.8899759e-09
-3.9346901e-17
1.8899759e-09
-3.404185e-17
1.8899759e-09
-2.8554435e-17
1.8899759e-09
-2.3207548e-17
1.8899759e-09
-1.8336827e-17
1.8899759e-09
-1.4115823e-17
1.8899759e-09
-1.048662e-17
1.8899759e-09
-7.1862949e-18
1.8899759e-09
-3.8340016e-18
1.8899759e-09
-7.2309152e-20
1.8899759e-09
4.2507729e-18
1.8899759e-09
8.9559729e-18
1.8899759e-09
1.3581686e-17
1.8899759e-09
1.7632564e-17
1.8899759e-09
2.0879318e-17
1.8899759e-09
2.347096e-17
1.8899759e-09
2.57384e-17
1.8899759e-09
2.7846564e-17
1.8899759e-09
2.9619771e-17
1.8899759e-09
3.0718537e-17
1.8899759e-09
3.0995822e-17
1.8899759e-09
3.0660632e-17
1.889976e-09
3.0062524e-17
1.889976e-09
2.9325707e-17
1.889976e-09
2.8240357e-17
1.889976e-09
2.6543466e-17
1.889976e-09
2.4276851e-17
1.889976e-09
2.1810766e-17
1.889976e-09
1.9511563e-17
1.889976e-09
1.746249e-17
1.889976e-09
1.557489e-17
1.889976e-09
1.3914417e-17
1.889976e-09
1.2772608e-17
1.889976e-09
1.235622e-17
1.889976e-09
1.252016e-17
1.889976e-09
1.2967327e-17
1.889976e-09
1.3703043e-17
1.889976e-09
1.5114854e-17
1.889976e-09
1.7512839e-17
1.889976e-09
2.0743283e-17
1.889976e-09
2.444563e-17
1.889976e-09
2.8614772e-17
1.889976e-09
3.3641357e-17
1.889976e-09
3.9748047e-17
1.889976e-09
4.6693473e-17
1.889976e-09
5.4257185e-17
1.889976e-09
6.2757586e-17
1.889976e-09
7.2695727e-17
1.889976e-09
8.4010838e-17
1.889976e-09
9.6210839e-17
1.889976e-09
1.0932394e-16
1.889976e-09
1.2416132e-16
1.8899761e-09
1.4135714e-16
1.8899761e-09
1.6071794e-16
1.8899761e-09
1.820286e-16
1.8899761e-09
2.0598833e-16
1.8899761e-09
2.3363829e-16
1.8899761e-09
2.65286e-16
1.8899762e-09
3.0087814e-16
1.8899762e-09
3.4113585e-16
1.8899762e-09
3.8738062e-16
1.8899762e-09
4.4055102e-16
1.8899763e-09
5.0140843e-16
1.8899763e-09
5.7132593e-16
1.8899764e-09
6.5184111e-16
1.8899764e-09
7.4406833e-16
1.8899765e-09
8.4955779e-16
1.8899765e-09
9.7068731e-16
1.8899766e-09
1.1094228e-15
1.8899767e-09
1.2674282e-15
1.8899768e-09
1.4477987e-15
1.8899769e-09
1.6543239e-15
1.8899771e-09
1.8897044e-15
1.8899772e-09
2.1573309e-15
1.8899774e-09
2.4624128e-15
1.8899776e-09
2.8092841e-15
1.8899778e-09
3.2022176e-15
1.8899781e-09
3.6478726e-15
1.8899784e-09
4.1521544e-15
1.8899788e-09
4.7209589e-15
1.8899792e-09
5.3633022e-15
1.8899796e-09
6.0868857e-15
1.8899802e-09
6.9003811e-15
1.8899808e-09
7.8153402e-15
1.8899816e-09
8.840716e-15
1.8899824e-09
9.9882489e-15
1.8899834e-09
1.1270034e-14
1.8899845e-09
1.269588e-14
1.8899858e-09
1.427792e-14
1.8899874e-09
1.6023253e-14
1.8899891e-09
1.7939915e-14
1.8899912e-09
2.0030812e-14
1.8899936e-09
2.229371e-14
1.8899964e-09
2.4719878e-14
1.8899997e-09
2.729034e-14
1.8900034e-09
2.9974239e-14
1.8900077e-09
3.2725131e-14
1.8900126e-09
3.5477389e-14
1.8900182e-09
3.8143867e-14
1.8900245e-09
4.0613456e-14
1.8900315e-09
4.2745364e-14
1.8900392e-09
4.4392346e-14
1.8900475e-09
4.5323143e-14
4.5597201e-14
1.6678403e-09
-3.1284783e-11
1.671304e-09
-9.3018806e-11
1.6773617e-09
-1.5650112e-10
1.686778e-09
-2.2474615e-10
1.7008834e-09
-3.0071961e-10
1.7218023e-09
-3.8745446e-10
1.7528273e-09
-4.8810392e-10
1.7989853e-09
-6.0591266e-10
1.8677951e-09
-7.4386438e-10
1.969727e-09
-9.0319284e-10
2.1161006e-09
-1.0766278e-09
2.3085132e-09
-1.2374398e-09
2.4796597e-09
-1.2501691e-09
2.534783e-09
-1.0023624e-09
2.4803393e-09
-6.2856794e-10
2.3817193e-09
-2.8533551e-10
2.2904677e-09
-1.8790029e-11
2.2197652e-09
1.9505384e-10
2.1680258e-09
3.6805104e-10
2.1276256e-09
5.0763793e-10
2.0923781e-09
6.1473319e-10
2.0587025e-09
6.8983085e-10
2.025518e-09
7.3395609e-10
1.9933064e-09
7.4961139e-10
1.9631383e-09
7.40908e-10
1.936043e-09
7.1295811e-10
1.9127122e-09
6.7111105e-10
1.893431e-09
6.2034993e-10
1.8781364e-09
5.6491634e-10
1.8665263e-09
5.0814558e-10
1.8581689e-09
4.5246581e-10
1.8525866e-09
3.9950471e-10
1.849309e-09
3.5024837e-10
1.8478994e-09
3.0520831e-10
1.8479649e-09
2.6456766e-10
1.8491573e-09
2.282939e-10
1.8511722e-09
1.9621751e-10
1.8537475e-09
1.6808379e-10
1.8566628e-09
1.4358654e-10
1.8597385e-09
1.2239133e-10
1.8628338e-09
1.0415301e-10
1.8658437e-09
8.8529653e-11
1.8686949e-09
7.5193683e-11
1.8713406e-09
6.3840061e-11
1.8737555e-09
5.4191519e-11
1.8759303e-09
4.6001082e-11
1.8778678e-09
3.9052332e-11
1.8795784e-09
3.3158004e-11
1.8810776e-09
2.8157583e-11
1.8823836e-09
2.3914406e-11
1.8835155e-09
2.031259e-11
1.8844924e-09
1.7254107e-11
1.8853325e-09
1.4656141e-11
1.8860527e-09
1.2448735e-11
1.8866684e-09
1.0572752e-11
1.8871938e-09
8.9781686e-12
1.887641e-09
7.6226422e-12
1.888021e-09
6.4702959e-12
1.8883434e-09
5.4906926e-12
1.8886164e-09
4.6579921e-12
1.8888474e-09
3.9502497e-12
1.8890425e-09
3.3488159e-12
1.8892071e-09
2.8378273e-12
1.8893457e-09
2.4037817e-12
1.8894623e-09
2.0351908e-12
1.8895603e-09
1.7222807e-12
1.8896426e-09
1.456731e-12
1.8897115e-09
1.2314557e-12
1.8897692e-09
1.0404193e-12
1.8898175e-09
8.7848382e-13
1.8898577e-09
7.4127678e-13
1.8898912e-09
6.2507739e-13
1.8899191e-09
5.2671819e-13
1.8899423e-09
4.435031e-13
1.8899615e-09
3.7313815e-13
1.8899774e-09
3.1367266e-13
1.8899905e-09
2.6344894e-13
1.8900013e-09
2.210582e-13
1.8900102e-09
1.853028e-13
1.8900174e-09
1.5516504e-13
1.8900234e-09
1.2978116e-13
1.8900282e-09
1.0841862e-13
1.8900321e-09
9.0455943e-14
1.8900352e-09
7.5365155e-14
1.8900378e-09
6.2697801e-14
1.8900398e-09
5.2074211e-14
1.8900414e-09
4.317412e-14
1.8900426e-09
3.5727326e-14
1.8900436e-09
2.9504826e-14
1.8900443e-09
2.4311769e-14
1.8900449e-09
1.9982816e-14
1.8900453e-09
1.637886e-14
1.8900456e-09
1.3383497e-14
1.8900458e-09
1.089887e-14
1.8900459e-09
8.841896e-15
1.890046e-09
7.1418868e-15
1.890046e-09
5.739424e-15
1.890046e-09
4.5853186e-15
1.890046e-09
3.6388146e-15
1.8900459e-09
2.8653968e-15
1.8900459e-09
2.2352528e-15
1.8900458e-09
1.7229008e-15
1.8900457e-09
1.3074144e-15
1.8900456e-09
9.7221165e-16
1.8900456e-09
7.0398372e-16
1.8900455e-09
4.9132581e-16
1.8900454e-09
3.2395606e-16
1.8900454e-09
1.9283709e-16
1.8900453e-09
9.0689448e-17
1.8900452e-09
1.2119465e-17
1.8900452e-09
-4.6921657e-17
1.8900451e-09
-8.9932174e-17
1.8900451e-09
-1.2027993e-16
1.890045e-09
-1.4102453e-16
1.890045e-09
-1.5448653e-16
1.8900449e-09
-1.6209582e-16
1.8900449e-09
-1.6472278e-16
1.8900449e-09
-1.6321686e-16
1.8900448e-09
-1.5869778e-16
1.8900448e-09
-1.5239774e-16
1.8900448e-09
-1.4526277e-16
1.8900448e-09
-1.3770873e-16
1.8900447e-09
-1.2974936e-16
1.8900447e-09
-1.2136228e-16
1.8900447e-09
-1.1275993e-16
1.8900447e-09
-1.0434729e-16
1.8900447e-09
-9.6444472e-17
1.8900447e-09
-8.9055485e-17
1.8900447e-09
-8.1906329e-17
1.8900446e-09
-7.4725559e-17
1.8900446e-09
-6.7524523e-17
1.8900446e-09
-6.0636484e-17
1.8900446e-09
-5.4479384e-17
1.8900446e-09
-4.9234748e-17
1.8900446e-09
-4.4696918e-17
1.8900446e-09
-4.0401887e-17
1.8900446e-09
-3.5926252e-17
1.8900446e-09
-3.1129089e-17
1.8900446e-09
-2.6187307e-17
1.8900446e-09
-2.1437558e-17
1.8900446e-09
-1.7166249e-17
1.8900446e-09
-1.3475736e-17
1.8900446e-09
-1.0262037e-17
1.8900446e-09
-7.266647e-18
1.8900446e-09
-4.1620413e-18
1.8900446e-09
-6.8621533e-19
1.8900446e-09
3.2081294e-18
1.8900446e-09
7.2809385e-18
1.8900446e-09
1.1106211e-17
1.8900446e-09
1.4329997e-17
1.8900446e-09
1.6905749e-17
1.8900446e-09
1.9092822e-17
1.8900446e-09
2.1184746e-17
1.8900446e-09
2.3199522e-17
1.8900446e-09
2.4838092e-17
1.8900446e-09
2.5772997e-17
1.8900446e-09
2.5985067e-17
1.8900446e-09
2.5787706e-17
1.8900447e-09
2.550166e-17
1.8900447e-09
2.5118636e-17
1.8900447e-09
2.4332421e-17
1.8900447e-09
2.2915015e-17
1.8900447e-09
2.1016235e-17
1.8900447e-09
1.9046651e-17
1.8900447e-09
1.7294432e-17
1.8900447e-09
1.5744088e-17
1.8900447e-09
1.4298562e-17
1.8900447e-09
1.3073527e-17
1.8900447e-09
1.233713e-17
1.8900447e-09
1.2166666e-17
1.8900447e-09
1.2331142e-17
1.8900447e-09
1.2631811e-17
1.8900447e-09
1.3261904e-17
1.8900447e-09
1.4639845e-17
1.8900447e-09
1.6885221e-17
1.8900447e-09
1.9676897e-17
1.8900447e-09
2.2746229e-17
1.8900447e-09
2.6319295e-17
1.8900447e-09
3.0827982e-17
1.8900447e-09
3.6291158e-17
1.8900447e-09
4.2337842e-17
1.8900447e-09
4.8892743e-17
1.8900447e-09
5.6435329e-17
1.8900447e-09
6.5335473e-17
1.8900447e-09
7.5307445e-17
1.8900447e-09
8.597545e-17
1.8900447e-09
9.7730383e-17
1.8900448e-09
1.114147e-16
1.8900448e-09
1.2724356e-16
1.8900448e-09
1.4477305e-16
1.8900448e-09
1.6405094e-16
1.8900448e-09
1.8599554e-16
1.8900448e-09
2.113404e-16
1.8900449e-09
2.400625e-16
1.8900449e-09
2.723323e-16
1.8900449e-09
3.0917837e-16
1.890045e-09
3.5168177e-16
1.890045e-09
4.0043369e-16
1.8900451e-09
4.5630741e-16
1.8900451e-09
5.2070587e-16
1.8900452e-09
5.946688e-16
1.8900452e-09
6.7904495e-16
1.8900453e-09
7.75656e-16
1.8900454e-09
8.8670754e-16
1.8900455e-09
1.0134804e-15
1.8900456e-09
1.1575541e-15
1.8900457e-09
1.3222361e-15
1.8900459e-09
1.5107182e-15
1.890046e-09
1.7249422e-15
1.8900462e-09
1.9682312e-15
1.8900464e-09
2.2456367e-15
1.8900467e-09
2.5606535e-15
1.890047e-09
2.9166511e-15
1.8900473e-09
3.3199955e-15
1.8900477e-09
3.7761828e-15
1.8900481e-09
4.2897815e-15
1.8900486e-09
4.8689357e-15
1.8900492e-09
5.520344e-15
1.8900498e-09
6.2507318e-15
1.8900506e-09
7.0705188e-15
1.8900514e-09
7.986365e-15
1.8900524e-09
9.0082088e-15
1.8900535e-09
1.0145032e-14
1.8900548e-09
1.1404918e-14
1.8900563e-09
1.2795624e-14
1.890058e-09
1.4321306e-14
1.8900599e-09
1.598689e-14
1.8900622e-09
1.7791427e-14
1.8900647e-09
1.9728959e-14
1.8900677e-09
2.1787918e-14
1.890071e-09
2.3947205e-14
1.8900748e-09
2.6175724e-14
1.8900791e-09
2.8429222e-14
1.8900839e-09
3.0648174e-14
1.8900893e-09
3.2756149e-14
1.8900953e-09
3.4658923e-14
1.8901018e-09
3.6240834e-14
1.8901088e-09
3.7386006e-14
1.8901162e-09
3.791242e-14
3.7898359e-14
1.6665204e-09
-3.1138516e-11
1.6660345e-09
-9.2532867e-11
1.6654283e-09
-1.5589499e-10
1.6652728e-09
-2.2459061e-10
1.6665981e-09
-3.0204491e-10
1.671129e-09
-3.9198535e-10
1.6816764e-09
-4.9865139e-10
1.702728e-09
-6.2696422e-10
1.7412255e-09
-7.8236183e-10
1.8070398e-09
-9.6900717e-10
1.9118127e-09
-1.1814007e-09
2.0523475e-09
-1.3779746e-09
2.1037788e-09
-1.3016004e-09
1.9400294e-09
-8.3861303e-10
1.7052275e-09
-3.9376607e-10
1.5399439e-09
-1.2005186e-10
1.4762809e-09
4.487292e-11
1.4862582e-09
1.8507662e-10
1.5303603e-09
3.2394887e-10
1.5821999e-09
4.5579837e-10
1.628604e-09
5.6832908e-10
1.6649237e-09
6.5351121e-10
1.69123e-09
7.0764973e-10
1.7095795e-09
7.3126187e-10
1.7224505e-09
7.2803701e-10
1.7320171e-09
7.0339151e-10
1.7398942e-09
6.6323396e-10
1.747132e-09
6.1311214e-10
1.7543256e-09
5.5772272e-10
1.7617543e-09
5.0071693e-10
1.7695026e-09
4.447175e-10
1.7775469e-09
3.9146038e-10
1.7858079e-09
3.4198737e-10
1.7941791e-09
2.9683714e-10
1.8025417e-09
2.5620506e-10
1.8107742e-09
2.2006144e-10
1.8187597e-09
1.8823202e-10
1.8263932e-09
1.6045025e-10
1.8335876e-09
1.3639217e-10
1.8402773e-09
1.1570155e-10
1.8464206e-09
9.8009796e-11
1.8519979e-09
8.2952347e-11
1.85701e-09
7.0181585e-11
1.8614738e-09
5.9376185e-11
1.8654186e-09
5.024679e-11
1.8688813e-09
4.2538374e-11
1.8719036e-09
3.6029974e-11
1.874529e-09
3.0532617e-11
1.8768004e-09
2.5886217e-11
1.8787588e-09
2.1955982e-11
1.8804426e-09
1.8628811e-11
1.8818867e-09
1.580996e-11
1.8831228e-09
1.3420085e-11
1.8841788e-09
1.1392671e-11
1.8850797e-09
9.6718733e-12
1.8858472e-09
8.2107319e-12
1.8865001e-09
6.969696e-12
1.887055e-09
5.9153881e-12
1.8875261e-09
5.0195942e-12
1.8879257e-09
4.258438e-12
1.8882642e-09
3.6116937e-12
1.8885508e-09
3.062205e-12
1.8887933e-09
2.5954032e-12
1.8889981e-09
2.1989092e-12
1.8891711e-09
1.862204e-12
1.8893171e-09
1.5763457e-12
1.8894401e-09
1.333727e-12
1.8895436e-09
1.127873e-12
1.8896308e-09
9.5327277e-13
1.889704e-09
8.0523608e-13
1.8897655e-09
6.7977281e-13
1.8898171e-09
5.7348823e-13
1.8898604e-09
4.8349311e-13
1.8898965e-09
4.0732825e-13
1.8899268e-09
3.4290103e-13
1.889952e-09
2.8843194e-13
1.889973e-09
2.4240863e-13
1.8899906e-09
2.0354553e-13
1.8900051e-09
1.7074945e-13
1.8900172e-09
1.4309151e-13
1.8900272e-09
1.197836e-13
1.8900354e-09
1.001573e-13
1.8900423e-09
8.3644937e-14
1.8900479e-09
6.9763622e-14
1.8900525e-09
5.8103093e-14
1.8900562e-09
4.831641e-14
1.8900593e-09
4.0111173e-14
1.8900618e-09
3.324042e-14
1.8900638e-09
2.7494311e-14
1.8900654e-09
2.2694052e-14
1.8900667e-09
1.8688137e-14
1.8900677e-09
1.534938e-14
1.8900685e-09
1.2571324e-14
1.8900692e-09
1.0264152e-14
1.8900697e-09
8.3513676e-15
1.89007e-09
6.7679731e-15
1.8900703e-09
5.4595586e-15
1.8900705e-09
4.3811145e-15
1.8900707e-09
3.4950953e-15
1.8900707e-09
2.7694235e-15
1.8900708e-09
2.1763934e-15
1.8900708e-09
1.692593e-15
1.8900708e-09
1.2990335e-15
1.8900708e-09
9.8062756e-16
1.8900708e-09
7.2497604e-16
1.8900708e-09
5.2121189e-16
1.8900708e-09
3.5960652e-16
1.8900707e-09
2.3190002e-16
1.8900707e-09
1.3167299e-16
1.8900706e-09
5.4150889e-17
1.8900706e-09
-4.5178793e-18
1.8900705e-09
-4.7928347e-17
1.8900705e-09
-7.9528156e-17
1.8900705e-09
-1.0221874e-16
1.8900704e-09
-1.1795853e-16
1.8900704e-09
-1.2783166e-16
1.8900704e-09
-1.3257163e-16
1.8900703e-09
-1.3310598e-16
1.8900703e-09
-1.306949e-16
1.8900703e-09
-1.2661331e-16
1.8900703e-09
-1.217156e-16
1.8900702e-09
-1.1628267e-16
1.8900702e-09
-1.1026267e-16
1.8900702e-09
-1.0366613e-16
1.8900702e-09
-9.6770729e-17
1.8900702e-09
-8.9993162e-17
1.8900702e-09
-8.3589644e-17
1.8900701e-09
-7.7485103e-17
1.8900701e-09
-7.139545e-17
1.8900701e-09
-6.5136743e-17
1.8900701e-09
-5.8850269e-17
1.8900701e-09
-5.2947042e-17
1.8900701e-09
-4.7814928e-17
1.8900701e-09
-4.352703e-17
1.8900701e-09
-3.9780828e-17
1.8900701e-09
-3.6103807e-17
1.8900701e-09
-3.2157116e-17
1.8900701e-09
-2.7913416e-17
1.8900701e-09
-2.3609716e-17
1.8900701e-09
-1.9553254e-17
1.8900701e-09
-1.59392e-17
1.8900701e-09
-1.2780431e-17
1.8900701e-09
-9.9391262e-18
1.8900701e-09
-7.1910702e-18
1.8900701e-09
-4.30177e-18
1.8900701e-09
-1.12976e-18
1.8900701e-09
2.2729377e-18
1.8900701e-09
5.6426279e-18
1.8900701e-09
8.6403401e-18
1.8900701e-09
1.1087737e-17
1.8900701e-09
1.3110986e-17
1.8900701e-09
1.5028044e-17
1.8900701e-09
1.7037432e-17
1.8900701e-09
1.8990254e-17
1.8900701e-09
2.0492322e-17
1.8900701e-09
2.1269817e-17
1.8900701e-09
2.143471e-17
1.8900701e-09
2.1369586e-17
1.8900701e-09
2.1330038e-17
1.8900701e-09
2.1184685e-17
1.8900701e-09
2.0587297e-17
1.8900701e-09
1.9394424e-17
1.8900701e-09
1.7856102e-17
1.8900701e-09
1.6368911e-17
1.8900701e-09
1.5101992e-17
1.8900701e-09
1.3951922e-17
1.8900701e-09
1.2847647e-17
1.8900701e-09
1.1964273e-17
1.8900701e-09
1.1531391e-17
1.8900701e-09
1.1508491e-17
1.8900701e-09
1.1630969e-17
1.8900701e-09
1.1822245e-17
1.8900701e-09
1.2393049e-17
1.8900701e-09
1.3682501e-17
1.8900701e-09
1.5610485e-17
1.8900701e-09
1.7817209e-17
1.8900702e-09
2.0249625e-17
1.8900702e-09
2.3328441e-17
1.8900702e-09
2.7377168e-17
1.8900702e-09
3.2142724e-17
1.8900702e-09
3.7198654e-17
1.8900702e-09
4.2673494e-17
1.8900702e-09
4.9142015e-17
1.8900702e-09
5.6793462e-17
1.8900702e-09
6.5237592e-17
1.8900702e-09
7.4352948e-17
1.8900702e-09
8.4784153e-17
1.8900702e-09
9.7145354e-17
1.8900703e-09
1.112018e-16
1.8900703e-09
1.264966e-16
1.8900703e-09
1.4343441e-16
1.8900703e-09
1.6294943e-16
1.8900703e-09
1.8537539e-16
1.8900704e-09
2.105893e-16
1.8900704e-09
2.3909652e-16
1.8900704e-09
2.719586e-16
1.8900705e-09
3.0983782e-16
1.8900705e-09
3.5319274e-16
1.8900706e-09
4.0308422e-16
1.8900706e-09
4.6065475e-16
1.8900707e-09
5.2645933e-16
1.8900708e-09
6.0147658e-16
1.8900709e-09
6.8769086e-16
1.890071e-09
7.8666339e-16
1.8900711e-09
8.9922206e-16
1.8900712e-09
1.0272396e-15
1.8900714e-09
1.1736256e-15
1.8900715e-09
1.3406429e-15
1.8900717e-09
1.5303506e-15
1.890072e-09
1.7459305e-15
1.8900722e-09
1.99119e-15
1.8900725e-09
2.2695035e-15
1.8900728e-09
2.5840917e-15
1.8900732e-09
2.9396276e-15
1.8900737e-09
3.3413909e-15
1.8900741e-09
3.7935622e-15
1.8900747e-09
4.3020733e-15
1.8900754e-09
4.8732978e-15
1.8900761e-09
5.5125707e-15
1.8900769e-09
6.2279692e-15
1.8900779e-09
7.026247e-15
1.890079e-09
7.9135844e-15
1.8900802e-09
8.8975805e-15
1.8900817e-09
9.984213e-15
1.8900833e-09
1.1177932e-14
1.8900851e-09
1.2481869e-14
1.8900872e-09
1.3897494e-14
1.8900896e-09
1.5421684e-14
1.8900923e-09
1.7046912e-14
1.8900953e-09
1.8760294e-14
1.8900987e-09
2.0540547e-14
1.8901025e-09
2.2358879e-14
1.8901068e-09
2.417559e-14
1.8901115e-09
2.5938509e-14
1.8901167e-09
2.7582521e-14
1.8901223e-09
2.9029878e-14
1.8901283e-09
3.0187741e-14
1.8901348e-09
3.0966215e-14
1.8901414e-09
3.1224267e-14
3.1042517e-14
1.6650071e-09
-2.9478994e-11
1.6600133e-09
-8.7539014e-11
1.6517658e-09
-1.476475e-10
1.6404892e-09
-2.1331403e-10
1.6266391e-09
-2.8819477e-10
1.6110811e-09
-3.7642738e-10
1.5953622e-09
-4.8293243e-10
1.5819893e-09
-6.1359136e-10
1.5742529e-09
-7.7462538e-10
1.57381e-09
-9.6856428e-10
1.5728341e-09
-1.1804248e-09
1.5215451e-09
-1.3266856e-09
1.2358162e-09
-1.0158716e-09
8.1042325e-10
-4.1322004e-10
5.5023514e-10
-1.3357796e-10
4.8327021e-10
-5.3086922e-11
5.4578145e-10
-1.763832e-11
6.8211222e-10
4.8745844e-11
8.3846008e-10
1.6760101e-10
9.8782923e-10
3.0642922e-10
1.1178336e-09
4.3832471e-10
1.225888e-09
5.4545683e-10
1.3142949e-09
6.1924285e-10
1.3867717e-09
6.5878501e-10
1.4469258e-09
6.6788289e-10
1.4977121e-09
6.5260528e-10
1.5413479e-09
6.1959814e-10
1.5794192e-09
5.7504081e-10
1.6130415e-09
5.2410048e-10
1.643008e-09
4.7075034e-10
1.6698999e-09
4.1782568e-10
1.6941546e-09
3.6720559e-10
1.7161075e-09
3.2003456e-10
1.7360147e-09
2.7692988e-10
1.7540715e-09
2.3814826e-10
1.7704267e-09
2.0370628e-10
1.7851972e-09
1.7346146e-10
1.7984814e-09
1.4716608e-10
1.810369e-09
1.2450457e-10
1.8209486e-09
1.0512196e-10
1.8303113e-09
8.8647074e-11
1.8385519e-09
7.4711754e-11
1.8457678e-09
6.2965704e-11
1.8520571e-09
5.30869e-11
1.8575162e-09
4.478763e-11
1.8622379e-09
3.7816668e-11
1.8663094e-09
3.1958554e-11
1.869811e-09
2.7030996e-11
1.872816e-09
2.2881214e-11
1.8753901e-09
1.9381896e-11
1.8775916e-09
1.642727e-11
1.879472e-09
1.3929543e-11
1.8810763e-09
1.1815794e-11
1.8824437e-09
1.0025333e-11
1.883608e-09
8.5075348e-12
1.8845987e-09
7.2200645e-12
1.8854409e-09
6.1274308e-12
1.8861565e-09
5.1998001e-12
1.8867641e-09
4.412042e-12
1.8872796e-09
3.7429516e-12
1.8877167e-09
3.1746053e-12
1.888087e-09
2.6918275e-12
1.8884007e-09
2.2817543e-12
1.8886661e-09
1.9334718e-12
1.8888906e-09
1.6377163e-12
1.8890803e-09
1.3866184e-12
1.8892406e-09
1.1734884e-12
1.8893758e-09
9.9263602e-13
1.8894899e-09
8.3922061e-13
1.889586e-09
7.0912369e-13
1.8896669e-09
5.9884288e-13
1.889735e-09
5.053995e-13
1.8897922e-09
4.2625872e-13
1.8898403e-09
3.5926266e-13
1.8898806e-09
3.0257502e-13
1.8899144e-09
2.5463441e-13
1.8899427e-09
2.1411388e-13
1.8899664e-09
1.7988514e-13
1.8899861e-09
1.5098856e-13
1.8900026e-09
1.2660909e-13
1.8900163e-09
1.060555e-13
1.8900278e-09
8.8741322e-14
1.8900372e-09
7.4167722e-14
1.8900451e-09
6.190986e-14
1.8900516e-09
5.1606983e-14
1.8900569e-09
4.2954543e-14
1.8900614e-09
3.5696039e-14
1.890065e-09
2.9614433e-14
1.890068e-09
2.4524811e-14
1.8900704e-09
2.0269549e-14
1.8900724e-09
1.6715386e-14
1.890074e-09
1.3750693e-14
1.8900752e-09
1.1281881e-14
1.8900763e-09
9.2296343e-15
1.8900771e-09
7.5262503e-15
1.8900778e-09
6.1143752e-15
1.8900783e-09
4.9462268e-15
1.8900787e-09
3.9822589e-15
1.890079e-09
3.1892172e-15
1.8900792e-09
2.5384784e-15
1.8900794e-09
2.0053973e-15
1.8900795e-09
1.5694106e-15
1.8900796e-09
1.213996e-15
1.8900796e-09
9.2590678e-16
1.8900797e-09
6.9397639e-16
1.8900797e-09
5.0828205e-16
1.8900797e-09
3.600984e-16
1.8900797e-09
2.4229994e-16
1.8900797e-09
1.495016e-16
1.8900796e-09
7.7585862e-17
1.8900796e-09
2.2937028e-17
1.8900796e-09
-1.7995843e-17
1.8900795e-09
-4.851391e-17
1.8900795e-09
-7.1154755e-17
1.8900795e-09
-8.7425337e-17
1.8900794e-09
-9.8093803e-17
1.8900794e-09
-1.0381792e-16
1.8900794e-09
-1.0560025e-16
1.8900794e-09
-1.0474969e-16
1.8900793e-09
-1.0245422e-16
1.8900793e-09
-9.9384013e-17
1.8900793e-09
-9.5667488e-17
1.8900793e-09
-9.1223795e-17
1.8900793e-09
-8.6134558e-17
1.8900792e-09
-8.0747044e-17
1.8900792e-09
-7.5464336e-17
1.8900792e-09
-7.0453019e-17
1.8900792e-09
-6.555774e-17
1.8900792e-09
-6.0503975e-17
1.8900792e-09
-5.5208541e-17
1.8900792e-09
-4.9923938e-17
1.8900792e-09
-4.5089469e-17
1.8900792e-09
-4.1012695e-17
1.8900792e-09
-3.76425e-17
1.8900792e-09
-3.4608685e-17
1.8900791e-09
-3.1484869e-17
1.8900791e-09
-2.8060768e-17
1.8900791e-09
-2.4428039e-17
1.8900791e-09
-2.0852257e-17
1.8900791e-09
-1.7566069e-17
1.8900791e-09
-1.4642755e-17
1.8900791e-09
-1.2003965e-17
1.8900791e-09
-9.4985931e-18
1.8900791e-09
-6.9691312e-18
1.8900791e-09
-4.3026113e-18
1.8900791e-09
-1.4840294e-18
1.8900791e-09
1.3566427e-18
1.8900791e-09
3.9736914e-18
1.8900791e-09
6.1560199e-18
1.8900791e-09
7.9129566e-18
1.8900791e-09
9.5118982e-18
1.8900791e-09
1.1271223e-17
1.8900792e-09
1.3251291e-17
1.8900792e-09
1.5140146e-17
1.8900792e-09
1.6490575e-17
1.8900792e-09
1.7115166e-17
1.8900792e-09
1.7250081e-17
1.8900792e-09
1.730869e-17
1.8900792e-09
1.7457014e-17
1.8900792e-09
1.7465678e-17
1.8900792e-09
1.7001216e-17
1.8900792e-09
1.6026861e-17
1.8900792e-09
1.4855877e-17
1.8900792e-09
1.3813331e-17
1.8900792e-09
1.293554e-17
1.8900792e-09
1.2072522e-17
1.8900792e-09
1.1224125e-17
1.8900792e-09
1.0623967e-17
1.8900792e-09
1.0436634e-17
1.8900792e-09
1.0507381e-17
1.8900792e-09
1.0569937e-17
1.8900792e-09
1.066282e-17
1.8900792e-09
1.1141508e-17
1.8900792e-09
1.2216062e-17
1.8900792e-09
1.3674364e-17
1.8900792e-09
1.5255595e-17
1.8900792e-09
1.7159358e-17
1.8900792e-09
1.9865203e-17
1.8900792e-09
2.343441e-17
1.8900792e-09
2.7356266e-17
1.8900792e-09
3.1284734e-17
1.8900792e-09
3.5603425e-17
1.8900792e-09
4.0909127e-17
1.8900793e-09
4.7195838e-17
1.8900793e-09
5.4078e-17
1.8900793e-09
6.1702452e-17
1.8900793e-09
7.0754893e-17
1.8900793e-09
8.1450843e-17
1.8900793e-09
9.3263488e-17
1.8900793e-09
1.0598856e-16
1.8900794e-09
1.2035052e-16
1.8900794e-09
1.3707589e-16
1.8900794e-09
1.5612891e-16
1.8900795e-09
1.7748674e-16
1.8900795e-09
2.0188337e-16
1.8900795e-09
2.3010635e-16
1.8900796e-09
2.6245188e-16
1.8900796e-09
2.9953061e-16
1.8900797e-09
3.4250762e-16
1.8900798e-09
3.9204117e-16
1.8900798e-09
4.4843084e-16
1.8900799e-09
5.1299507e-16
1.89008e-09
5.8746397e-16
1.8900802e-09
6.7246864e-16
1.8900803e-09
7.6880208e-16
1.8900804e-09
8.7877579e-16
1.8900806e-09
1.0044222e-15
1.8900808e-09
1.1470968e-15
1.890081e-09
1.3094791e-15
1.8900813e-09
1.4943984e-15
1.8900816e-09
1.7038744e-15
1.8900819e-09
1.9414594e-15
1.8900823e-09
2.2105524e-15
1.8900827e-09
2.5135842e-15
1.8900832e-09
2.8555895e-15
1.8900837e-09
3.2406859e-15
1.8900843e-09
3.6722363e-15
1.8900851e-09
4.1568347e-15
1.8900859e-09
4.6986665e-15
1.8900868e-09
5.3026849e-15
1.8900879e-09
5.9765931e-15
1.890089e-09
6.7227861e-15
1.8900904e-09
7.5482999e-15
1.8900919e-09
8.4568953e-15
1.8900936e-09
9.451247e-15
1.8900956e-09
1.0533205e-14
1.8900978e-09
1.1701833e-14
1.8901003e-09
1.2953564e-14
1.890103e-09
1.4280069e-14
1.8901061e-09
1.5668918e-14
1.8901096e-09
1.7100701e-14
1.8901134e-09
1.8549934e-14
1.8901176e-09
1.9982331e-14
1.8901221e-09
2.135392e-14
1.8901271e-09
2.2611393e-14
1.8901325e-09
2.3692714e-14
1.8901381e-09
2.452512e-14
1.890144e-09
2.503993e-14
1.8901501e-09
2.5129823e-14
2.4868916e-14
1.6633925e-09
-2.6204881e-11
1.65361e-09
-7.7756468e-11
1.6372252e-09
-1.3126272e-10
1.6140068e-09
-1.9009558e-10
1.583639e-09
-2.5782698e-10
1.5458188e-09
-3.3860719e-10
1.5003777e-09
-4.3749136e-10
1.4472673e-09
-5.6048099e-10
1.3855622e-09
-7.1292025e-10
1.3079647e-09
-8.9096677e-10
1.1818479e-09
-1.054308e-09
9.1724583e-10
-1.0620835e-09
5.4266422e-10
-6.4128997e-10
2.7043722e-10
-1.4099304e-10
1.5802432e-10
-2.1165055e-11
1.3326974e-10
-2.8332341e-11
1.7386571e-10
-5.8234292e-11
2.5344276e-10
-3.0831205e-11
3.7306133e-10
4.7982441e-11
5.2174003e-10
1.5775051e-10
6.76298e-10
2.8376674e-10
8.2065009e-10
4.0110474e-10
9.4966838e-10
4.9022456e-10
1.0635604e-09
5.4489297e-10
1.1639872e-09
5.6745608e-10
1.2526774e-09
5.6391511e-10
1.3310991e-09
5.4117641e-10
1.4004564e-09
5.0568358e-10
1.4617628e-09
4.62794e-10
1.5159077e-09
4.1660551e-10
1.5636901e-09
3.7004323e-10
1.6058305e-09
3.2506525e-10
1.6429707e-09
2.8289433e-10
1.6756753e-09
2.4422529e-10
1.7044362e-09
2.0938732e-10
1.7296824e-09
1.7846014e-10
1.7517907e-09
1.5135313e-10
1.7710972e-09
1.2785955e-10
1.7879057e-09
1.0769608e-10
1.8024937e-09
9.0533947e-11
1.8151161e-09
7.6024646e-11
1.8260069e-09
6.3820964e-11
1.8353798e-09
5.3592863e-11
1.8434284e-09
4.5038285e-11
1.8503269e-09
3.7889142e-11
1.8562303e-09
3.1913219e-11
1.8612757e-09
2.6913138e-11
1.8655833e-09
2.2723463e-11
1.8692576e-09
1.9206843e-11
1.8723897e-09
1.6249874e-11
1.8750578e-09
1.3759173e-11
1.8773294e-09
1.1657863e-11
1.8792627e-09
9.8825551e-12
1.8809072e-09
8.3808378e-12
1.8823055e-09
7.1092445e-12
1.8834939e-09
6.0316077e-12
1.8845036e-09
5.1177304e-12
1.8853611e-09
4.3423221e-12
1.886089e-09
3.6841451e-12
1.8867066e-09
3.1253229e-12
1.8872305e-09
2.6507749e-12
1.8876745e-09
2.2477555e-12
1.8880508e-09
1.9054783e-12
1.8883695e-09
1.6148026e-12
1.8886392e-09
1.3679766e-12
1.8888674e-09
1.1584206e-12
1.8890604e-09
9.8054481e-13
1.8892234e-09
8.295979e-13
1.8893611e-09
7.0153857e-13
1.8894773e-09
5.9293001e-13
1.8895753e-09
5.0085117e-13
1.8896578e-09
4.2281856e-13
1.8897274e-09
3.5671834e-13
1.8897859e-09
3.0075056e-13
1.8898351e-09
2.5338374e-13
1.8898764e-09
2.1331614e-13
1.8899111e-09
1.7944145e-13
1.8899401e-09
1.5081863e-13
1.8899645e-09
1.2664726e-13
1.8899849e-09
1.0624793e-13
1.8900019e-09
8.9044725e-14
1.8900161e-09
7.4548563e-14
1.8900279e-09
6.2342689e-14
1.8900377e-09
5.2071891e-14
1.8900459e-09
4.3434985e-14
1.8900527e-09
3.6178267e-14
1.8900583e-09
3.0088071e-14
1.8900629e-09
2.4983101e-14
1.8900667e-09
2.0708489e-14
1.8900699e-09
1.7132312e-14
1.8900724e-09
1.414341e-14
1.8900745e-09
1.1648801e-14
1.8900762e-09
9.5702759e-15
1.8900776e-09
7.8412078e-15
1.8900788e-09
6.4046792e-15
1.8900797e-09
5.2127277e-15
1.8900804e-09
4.2256138e-15
1.8900809e-09
3.4103744e-15
1.8900814e-09
2.7390171e-15
1.8900818e-09
2.187292e-15
1.890082e-09
1.7344448e-15
1.8900822e-09
1.3634003e-15
1.8900824e-09
1.0605265e-15
1.8900825e-09
8.1472831e-16
1.8900826e-09
6.1640696e-16
1.8900826e-09
4.5698746e-16
1.8900827e-09
3.2913429e-16
1.8900827e-09
2.2710815e-16
1.8900827e-09
1.4664969e-16
1.8900827e-09
8.4325384e-17
1.8900826e-09
3.6844081e-17
1.8900826e-09
8.9259683e-19
1.8900826e-09
-2.6453474e-17
1.8900826e-09
-4.7213776e-17
1.8900826e-09
-6.2420594e-17
1.8900825e-09
-7.258725e-17
1.8900825e-09
-7.8333047e-17
1.8900825e-09
-8.0690279e-17
1.8900825e-09
-8.0900992e-17
1.8900824e-09
-7.9949041e-17
1.8900824e-09
-7.8266634e-17
1.8900824e-09
-7.5848725e-17
1.8900824e-09
-7.2633329e-17
1.8900824e-09
-6.8797494e-17
1.8900823e-09
-6.4743726e-17
1.8900823e-09
-6.0826574e-17
1.8900823e-09
-5.7103536e-17
1.8900823e-09
-5.3350208e-17
1.8900823e-09
-4.9325665e-17
1.8900823e-09
-4.5050692e-17
1.8900823e-09
-4.0854024e-17
1.8900823e-09
-3.7146695e-17
1.8900823e-09
-3.4116269e-17
1.8900823e-09
-3.1591396e-17
1.8900822e-09
-2.9180241e-17
1.8900822e-09
-2.6558047e-17
1.8900822e-09
-2.3671716e-17
1.8900822e-09
-2.0718683e-17
1.8900822e-09
-1.7952255e-17
1.8900822e-09
-1.5491005e-17
1.8900822e-09
-1.3270876e-17
1.8900822e-09
-1.1134321e-17
1.8900822e-09
-8.9432962e-18
1.8900822e-09
-6.6367634e-18
1.8900822e-09
-4.2346841e-18
1.8900822e-09
-1.8368339e-18
1.8900822e-09
3.8086595e-19
1.8900822e-09
2.2301414e-18
1.8900822e-09
3.6522816e-18
1.8900822e-09
4.8326887e-18
1.8900822e-09
6.1316867e-18
1.8900822e-09
7.812059e-18
1.8900822e-09
9.7725609e-18
1.8900822e-09
1.1563924e-17
1.8900823e-09
1.2735401e-17
1.8900823e-09
1.3212971e-17
1.8900823e-09
1.3340926e-17
1.8900823e-09
1.3522749e-17
1.8900823e-09
1.382015e-17
1.8900823e-09
1.3935633e-17
1.8900823e-09
1.3587195e-17
1.8900823e-09
1.2841681e-17
1.8900823e-09
1.2027832e-17
1.8900823e-09
1.1361864e-17
1.8900823e-09
1.0767789e-17
1.8900823e-09
1.0106647e-17
1.8900823e-09
9.4769036e-18
1.8900823e-09
9.1397679e-18
1.8900823e-09
9.1553163e-18
1.8900823e-09
9.2615118e-18
1.8900823e-09
9.2234033e-18
1.8900823e-09
9.186796e-18
1.8900823e-09
9.5053019e-18
1.8900823e-09
1.0256831e-17
1.8900823e-09
1.1185155e-17
1.8900823e-09
1.2208971e-17
1.8900823e-09
1.3715349e-17
1.8900823e-09
1.6072112e-17
1.8900823e-09
1.901003e-17
1.8900823e-09
2.1891864e-17
1.8900823e-09
2.4611662e-17
1.8900823e-09
2.7794216e-17
1.8900823e-09
3.1937794e-17
1.8900824e-09
3.6824697e-17
1.8900824e-09
4.214444e-17
1.8900824e-09
4.8251675e-17
1.8900824e-09
5.5696438e-17
1.8900824e-09
6.4312067e-17
1.8900824e-09
7.3552068e-17
1.8900825e-09
8.3596418e-17
1.8900825e-09
9.5260816e-17
1.8900825e-09
1.088579e-16
1.8900825e-09
1.2412189e-16
1.8900826e-09
1.4127506e-16
1.8900826e-09
1.6110007e-16
1.8900827e-09
1.8398963e-16
1.8900827e-09
2.1012049e-16
1.8900828e-09
2.4036954e-16
1.8900828e-09
2.7570605e-16
1.8900829e-09
3.1622097e-16
1.890083e-09
3.6225083e-16
1.8900831e-09
4.1535075e-16
1.8900832e-09
4.7661503e-16
1.8900833e-09
5.4596756e-16
1.8900835e-09
6.2448769e-16
1.8900836e-09
7.1460189e-16
1.8900838e-09
8.1743486e-16
1.890084e-09
9.3377888e-16
1.8900843e-09
1.0665165e-15
1.8900846e-09
1.2179506e-15
1.8900849e-09
1.3888436e-15
1.8900852e-09
1.5824167e-15
1.8900857e-09
1.8020248e-15
1.8900861e-09
2.0487281e-15
1.8900866e-09
2.326743e-15
1.8900872e-09
2.6398797e-15
1.8900879e-09
2.989886e-15
1.8900887e-09
3.3827424e-15
1.8900896e-09
3.8214e-15
1.8900906e-09
4.3097912e-15
1.8900917e-09
4.8532897e-15
1.890093e-09
5.4538308e-15
1.8900944e-09
6.1166509e-15
1.890096e-09
6.8443567e-15
1.8900978e-09
7.6380497e-15
1.8900999e-09
8.4993409e-15
1.8901021e-09
9.4254864e-15
1.8901047e-09
1.0412708e-14
1.8901075e-09
1.1453624e-14
1.8901106e-09
1.2537551e-14
1.8901141e-09
1.3647799e-14
1.8901179e-09
1.4762724e-14
1.890122e-09
1.5854314e-14
1.8901265e-09
1.6887464e-14
1.8901313e-09
1.7820572e-14
1.8901363e-09
1.860601e-14
1.8901417e-09
1.9188408e-14
1.8901472e-09
1.9516594e-14
1.8901528e-09
1.9511254e-14
1.9235319e-14
1.6618113e-09
-2.1349503e-11
1.6473579e-09
-6.3303106e-11
1.6230269e-09
-1.0693171e-10
1.5880821e-09
-1.5515079e-10
1.5413443e-09
-2.1108909e-10
1.4812003e-09
-2.7846321e-10
1.4056251e-09
-3.6191616e-10
1.3121842e-09
-4.6704012e-10
1.1977969e-09
-5.9853296e-10
1.058133e-09
-7.5130283e-10
8.8732704e-10
-8.8350207e-10
6.6520393e-10
-8.3996042e-10
2.8224709e-10
-2.5833313e-10
1.129396e-10
2.831445e-11
7.157044e-11
2.0204106e-11
5.7554201e-11
-1.4316102e-11
4.5540575e-11
-4.6220666e-11
4.9693343e-11
-3.4983973e-11
9.9043111e-11
-1.3673273e-12
2.0583877e-10
5.0954852e-11
3.4528241e-10
1.4432311e-10
4.9133762e-10
2.5504952e-10
6.344996e-10
3.4706258e-10
7.7103605e-10
4.0835653e-10
8.9905466e-10
4.3943747e-10
1.0174739e-09
4.4549584e-10
1.1257129e-09
4.329374e-10
1.2235893e-09
4.0780719e-10
1.3112642e-09
3.7511917e-10
1.3891732e-09
3.3869645e-10
1.4579422e-09
3.0127425e-10
1.5183039e-09
2.6470359e-10
1.5710315e-09
2.3016668e-10
1.6168936e-09
1.9836323e-10
1.656627e-09
1.6965389e-10
1.6909242e-09
1.4416292e-10
1.7204278e-09
1.2184954e-10
1.7457288e-09
1.0255852e-10
1.7673666e-09
8.6058266e-11
1.7858291e-09
7.2071505e-11
1.8015532e-09
6.0300554e-11
1.8149265e-09
5.0447599e-11
1.8262896e-09
4.2229792e-11
1.8359387e-09
3.538923e-11
1.8441295e-09
2.9698257e-11
1.8510818e-09
2.4960979e-11
1.8569828e-09
2.1012118e-11
1.8619921e-09
1.7714209e-11
1.8662449e-09
1.4954005e-11
1.869856e-09
1.2638729e-11
1.8729227e-09
1.0692541e-11
1.8755271e-09
9.0534271e-12
1.8777391e-09
7.6705685e-12
1.8796178e-09
6.5021814e-12
1.8812132e-09
5.5137811e-12
1.882568e-09
4.6767907e-12
1.8837183e-09
3.9674353e-12
1.8846948e-09
3.365864e-12
1.8855235e-09
2.855448e-12
1.8862266e-09
2.4222178e-12
1.886823e-09
2.0544095e-12
1.8873286e-09
1.7420968e-12
1.8877572e-09
1.4768899e-12
1.8881203e-09
1.251685e-12
1.8884278e-09
1.0604617e-12
1.8886881e-09
8.9811484e-13
1.8889084e-09
7.6030981e-13
1.8890946e-09
6.4336272e-13
1.889252e-09
5.4414091e-13
1.889385e-09
4.5998201e-13
1.8894972e-09
3.886247e-13
1.8895919e-09
3.2814642e-13
1.8896717e-09
2.7690988e-13
1.8897389e-09
2.3352065e-13
1.8897955e-09
1.9679298e-13
1.8898431e-09
1.657196e-13
1.8898831e-09
1.3944421e-13
1.8899167e-09
1.1723788e-13
1.8899448e-09
9.8480683e-14
1.8899684e-09
8.2646997e-14
1.8899882e-09
6.9291431e-14
1.8900047e-09
5.8035166e-14
1.8900185e-09
4.855472e-14
1.89003e-09
4.0574356e-14
1.8900396e-09
3.3860888e-14
1.8900475e-09
2.8218377e-14
1.8900541e-09
2.348164e-14
1.8900596e-09
1.9509961e-14
1.8900641e-09
1.6182859e-14
1.8900679e-09
1.3397939e-14
1.8900709e-09
1.1069291e-14
1.8900735e-09
9.125085e-15
1.8900755e-09
7.5045616e-15
1.8900772e-09
6.1556686e-15
1.8900786e-09
5.0340119e-15
1.8900797e-09
4.1024987e-15
1.8900806e-09
3.3305827e-15
1.8900813e-09
2.6927913e-15
1.8900819e-09
2.167207e-15
1.8900823e-09
1.7347359e-15
1.8900827e-09
1.3792011e-15
1.890083e-09
1.0875192e-15
1.8900832e-09
8.4928247e-16
1.8900833e-09
6.5582451e-16
1.8900834e-09
4.9943738e-16
1.8900835e-09
3.7325407e-16
1.8900836e-09
2.7162512e-16
1.8900836e-09
1.9035031e-16
1.8900836e-09
1.2633635e-16
1.8900836e-09
7.6874811e-17
1.8900836e-09
3.9131051e-17
1.8900836e-09
1.0242356e-17
1.8900836e-09
-1.2141963e-17
1.8900836e-09
-2.943415e-17
1.8900836e-09
-4.2218157e-17
1.8900836e-09
-5.081013e-17
1.8900835e-09
-5.5797506e-17
1.8900835e-09
-5.8167824e-17
1.8900835e-09
-5.8980231e-17
1.8900835e-09
-5.8931401e-17
1.8900835e-09
-5.8205451e-17
1.8900834e-09
-5.670648e-17
1.8900834e-09
-5.4432177e-17
1.8900834e-09
-5.1657642e-17
1.8900834e-09
-4.8805753e-17
1.8900834e-09
-4.6144618e-17
1.8900834e-09
-4.3615349e-17
1.8900833e-09
-4.0947951e-17
1.8900833e-09
-3.7958366e-17
1.8900833e-09
-3.47621e-17
1.8900833e-09
-3.171884e-17
1.8900833e-09
-2.9159721e-17
1.8900833e-09
-2.7129706e-17
1.8900833e-09
-2.5361594e-17
1.8900833e-09
-2.3494944e-17
1.8900833e-09
-2.1351586e-17
1.8900833e-09
-1.9043986e-17
1.8900833e-09
-1.68462e-17
1.8900833e-09
-1.4955941e-17
1.8900833e-09
-1.3349368e-17
1.8900833e-09
-1.1826463e-17
1.8900833e-09
-1.0173085e-17
1.8900833e-09
-8.2962549e-18
1.8900833e-09
-6.2485132e-18
1.8900833e-09
-4.1767236e-18
1.8900833e-09
-2.2691686e-18
1.8900833e-09
-7.1091637e-19
1.8900833e-09
3.9756046e-19
1.8900833e-09
1.1534501e-18
1.8900833e-09
1.8845641e-18
1.8900833e-09
2.9869726e-18
1.8900833e-09
4.6227838e-18
1.8900833e-09
6.5291299e-18
1.8900833e-09
8.1652963e-18
1.8900833e-09
9.1303745e-18
1.8900833e-09
9.4822911e-18
1.8900833e-09
9.6423708e-18
1.8900833e-09
9.96035e-18
1.8900833e-09
1.0384399e-17
1.8900833e-09
1.0579283e-17
1.8900833e-09
1.0341804e-17
1.8900833e-09
9.8279692e-18
1.8900833e-09
9.3422523e-18
1.8900833e-09
8.9812122e-18
1.8900833e-09
8.5956471e-18
1.8900833e-09
8.1026943e-18
1.8900833e-09
7.6904167e-18
1.8900833e-09
7.5945119e-18
1.8900833e-09
7.742267e-18
1.8900833e-09
7.7991386e-18
1.8900833e-09
7.6094137e-18
1.8900833e-09
7.4216219e-18
1.8900833e-09
7.5445611e-18
1.8900833e-09
7.9302588e-18
1.8900833e-09
8.3443082e-18
1.8900833e-09
8.8967076e-18
1.8900833e-09
1.0050121e-17
1.8900833e-09
1.1945609e-17
1.8900834e-09
1.4042626e-17
1.8900834e-09
1.577254e-17
1.8900834e-09
1.7355661e-17
1.8900834e-09
1.952482e-17
1.8900834e-09
2.2522181e-17
1.8900834e-09
2.5933162e-17
1.8900834e-09
2.9598577e-17
1.8900834e-09
3.4026136e-17
1.8900834e-09
3.9562324e-17
1.8900835e-09
4.5812022e-17
1.8900835e-09
5.2426912e-17
1.8900835e-09
5.9867853e-17
1.8900835e-09
6.8705525e-17
1.8900836e-09
7.877384e-17
1.8900836e-09
8.9828421e-17
1.8900836e-09
1.0240777e-16
1.8900837e-09
1.1717546e-16
1.8900837e-09
1.3420195e-16
1.8900838e-09
1.5378363e-16
1.8900838e-09
1.7688409e-16
1.8900839e-09
2.0391382e-16
1.890084e-09
2.3455744e-16
1.8900841e-09
2.6944658e-16
1.8900842e-09
3.1004069e-16
1.8900843e-09
3.5668516e-16
1.8900845e-09
4.0921148e-16
1.8900846e-09
4.6895671e-16
1.8900848e-09
5.377166e-16
1.890085e-09
6.160556e-16
1.8900852e-09
7.0471489e-16
1.8900855e-09
8.0578384e-16
1.8900858e-09
9.2102395e-16
1.8900861e-09
1.0511961e-15
1.8900865e-09
1.198271e-15
1.8900869e-09
1.3650021e-15
1.8900874e-09
1.5524912e-15
1.890088e-09
1.7632166e-15
1.8900886e-09
2.0005593e-15
1.8900894e-09
2.2657376e-15
1.8900902e-09
2.5627902e-15
1.8900911e-09
2.8940221e-15
1.8900922e-09
3.2627004e-15
1.8900933e-09
3.6716773e-15
1.8900947e-09
4.1236242e-15
1.8900962e-09
4.6210906e-15
1.8900978e-09
5.1661112e-15
1.8900997e-09
5.7593139e-15
1.8901018e-09
6.401126e-15
1.8901042e-09
7.0890474e-15
1.8901067e-09
7.8197685e-15
1.8901096e-09
8.587279e-15
1.8901128e-09
9.382857e-15
1.8901162e-09
1.0193341e-14
1.89012e-09
1.1001877e-14
1.890124e-09
1.1787444e-14
1.8901284e-09
1.2523961e-14
1.890133e-09
1.3180844e-14
1.8901379e-09
1.3723394e-14
1.890143e-09
1.4111557e-14
1.8901482e-09
1.4309229e-14
1.8901535e-09
1.4260849e-14
1.4015329e-14
1.6604236e-09
-1.5106393e-11
1.6418853e-09
-4.4764798e-11
1.6106008e-09
-7.5647207e-11
1.5653511e-09
-1.0990112e-10
1.5041076e-09
-1.4984563e-10
1.4239061e-09
-1.9826166e-10
1.3206388e-09
-2.5864892e-10
1.188795e-09
-3.3519634e-10
1.0211719e-09
-4.3090979e-10
8.0784786e-10
-5.3797882e-10
5.3741259e-10
-6.130668e-10
2.6127655e-10
-5.6382438e-10
3.0615279e-12
-1.181015e-13
3.1375978e-11
-2.9240647e-19
5.1580084e-11
-4.7105041e-20
3.7263981e-11
-3.057524e-20
-8.9566849e-12
-7.4536923e-20
-4.3933047e-11
-7.6103243e-15
-3.9044268e-11
-6.2561068e-12
2.2209831e-11
-1.0299247e-11
1.285721e-10
3.7960838e-11
2.5268767e-10
1.3093396e-10
3.887641e-10
2.1098615e-10
5.3099078e-10
2.6612985e-10
6.7377124e-10
2.9665701e-10
8.1247919e-10
3.0678788e-10
9.4369054e-10
3.0172605e-10
1.0651574e-09
2.8634035e-10
1.1756507e-09
2.6462581e-10
1.2747423e-09
2.3960486e-10
1.3625787e-09
2.1343791e-10
1.4396854e-09
1.875969e-10
1.5068161e-09
1.6303598e-10
1.564845e-09
1.4033432e-10
1.6146942e-09
1.1980469e-10
1.6572856e-09
1.0157148e-10
1.6935093e-09
8.5625871e-11
1.724202e-09
7.1865832e-11
1.7501333e-09
6.0126937e-11
1.7719975e-09
5.0207372e-11
1.7904096e-09
4.1888414e-11
1.8059066e-09
3.4950642e-11
1.8189505e-09
2.9185853e-11
1.829935e-09
2.4404765e-11
1.8391922e-09
2.0440981e-11
1.8470012e-09
1.7152033e-11
1.8535949e-09
1.441838e-11
1.859168e-09
1.2141168e-11
1.8638825e-09
1.0239439e-11
1.867874e-09
8.6472467e-12
1.8712556e-09
7.3109826e-12
1.874122e-09
6.1870315e-12
1.8765527e-09
5.2398198e-12
1.8786147e-09
4.4402238e-12
1.8803642e-09
3.7642931e-12
1.8818487e-09
3.1922424e-12
1.8831085e-09
2.7076565e-12
1.8841775e-09
2.2968605e-12
1.8850845e-09
1.9484188e-12
1.885854e-09
1.6527386e-12
1.8865067e-09
1.4017543e-12
1.8870601e-09
1.1886693e-12
1.8875292e-09
1.0077426e-12
1.8879268e-09
8.5411567e-13
1.8882636e-09
7.2367457e-13
1.8885488e-09
6.1293359e-13
1.8887901e-09
5.1893386e-13
1.8889943e-09
4.3915982e-13
1.889167e-09
3.7147303e-13
1.8893129e-09
3.1405801e-13
1.8894362e-09
2.6537384e-13
1.8895402e-09
2.2410962e-13
1.889628e-09
1.8914788e-13
1.889702e-09
1.5953719e-13
1.8897643e-09
1.3446951e-13
1.8898168e-09
1.1325882e-13
1.8898609e-09
9.5321244e-14
1.889898e-09
8.0159163e-14
1.8899291e-09
6.7349687e-14
1.8899552e-09
5.6534978e-14
1.8899771e-09
4.7411926e-14
1.8899954e-09
3.9722024e-14
1.8900107e-09
3.3243903e-14
1.8900235e-09
2.7789039e-14
1.8900342e-09
2.31987e-14
1.890043e-09
1.9339891e-14
1.8900504e-09
1.6100174e-14
1.8900565e-09
1.3383207e-14
1.8900616e-09
1.1106356e-14
1.8900658e-09
9.1997398e-15
1.8900693e-09
7.605066e-15
1.8900721e-09
6.2735169e-15
1.8900745e-09
5.1634125e-15
1.8900764e-09
4.2388235e-15
1.890078e-09
3.4692925e-15
1.8900792e-09
2.8297294e-15
1.8900803e-09
2.2996134e-15
1.8900811e-09
1.8616238e-15
1.8900818e-09
1.5005555e-15
1.8900823e-09
1.2031022e-15
1.8900827e-09
9.5819959e-16
1.890083e-09
7.5712408e-16
1.8900833e-09
5.929355e-16
1.8900835e-09
4.5962754e-16
1.8900836e-09
3.5166693e-16
1.8900837e-09
2.6418521e-16
1.8900838e-09
1.9342005e-16
1.8900839e-09
1.3678538e-16
1.8900839e-09
9.2368379e-17
1.8900839e-09
5.8244192e-17
1.8900839e-09
3.2186407e-17
1.8900839e-09
1.1978853e-17
1.8900839e-09
-4.0133794e-18
1.8900839e-09
-1.6564905e-17
1.8900839e-09
-2.5859787e-17
1.8900839e-09
-3.2058323e-17
1.8900839e-09
-3.569477e-17
1.8900838e-09
-3.7623465e-17
1.8900838e-09
-3.8627263e-17
1.8900838e-09
-3.9076765e-17
1.8900838e-09
-3.8933657e-17
1.8900838e-09
-3.8060079e-17
1.8900837e-09
-3.6535152e-17
1.8900837e-09
-3.4708711e-17
1.8900837e-09
-3.297417e-17
1.8900837e-09
-3.1481621e-17
1.8900837e-09
-3.0063711e-17
1.8900837e-09
-2.8436271e-17
1.8900837e-09
-2.6489872e-17
1.8900836e-09
-2.4415544e-17
1.8900836e-09
-2.2558572e-17
1.8900836e-09
-2.11305e-17
1.8900836e-09
-2.0032009e-17
1.8900836e-09
-1.8937304e-17
1.8900836e-09
-1.7567057e-17
1.8900836e-09
-1.5916979e-17
1.8900836e-09
-1.4252951e-17
1.8900836e-09
-1.2885052e-17
1.8900836e-09
-1.1915855e-17
1.8900836e-09
-1.1166471e-17
1.8900836e-09
-1.0317724e-17
1.8900836e-09
-9.1345958e-18
1.8900836e-09
-7.5954987e-18
1.8900836e-09
-5.8680664e-18
1.8900836e-09
-4.2036424e-18
1.8900836e-09
-2.8427448e-18
1.8900836e-09
-1.9452574e-18
1.8900836e-09
-1.5094671e-18
1.8900836e-09
-1.3011331e-18
1.8900836e-09
-8.9964136e-19
1.8900836e-09
7.1075115e-20
1.8900836e-09
1.6468626e-18
1.8900836e-09
3.429206e-18
1.8900836e-09
4.8474649e-18
1.8900836e-09
5.6001553e-18
1.8900836e-09
5.8751968e-18
1.8900836e-09
6.1217294e-18
1.8900836e-09
6.5900607e-18
1.8900836e-09
7.1151222e-18
1.8900836e-09
7.3610879e-18
1.8900836e-09
7.2288408e-18
1.8900836e-09
6.9479158e-18
1.8900836e-09
6.7684907e-18
1.8900836e-09
6.6681029e-18
1.8900836e-09
6.4582905e-18
1.8900836e-09
6.128892e-18
1.8900836e-09
5.9247562e-18
1.8900836e-09
6.0109959e-18
1.8900837e-09
6.1918707e-18
1.8900837e-09
6.1263602e-18
1.8900837e-09
5.7818743e-18
1.8900837e-09
5.4723615e-18
1.8900837e-09
5.4025817e-18
1.8900837e-09
5.4054059e-18
1.8900837e-09
5.3185094e-18
1.8900837e-09
5.4279563e-18
1.8900837e-09
6.1775026e-18
1.8900837e-09
7.4530248e-18
1.8900837e-09
8.5768189e-18
1.8900837e-09
9.1991836e-18
1.8900837e-09
9.8140995e-18
1.8900837e-09
1.105367e-17
1.8900837e-09
1.2812209e-17
1.8900837e-09
1.4595549e-17
1.8900837e-09
1.6496507e-17
1.8900838e-09
1.9115924e-17
1.8900838e-09
2.2567961e-17
1.8900838e-09
2.6368721e-17
1.8900838e-09
3.0418224e-17
1.8900838e-09
3.5215129e-17
1.8900839e-09
4.0887997e-17
1.8900839e-09
4.6999719e-17
1.8900839e-09
5.3613883e-17
1.890084e-09
6.1484686e-17
1.890084e-09
7.0943464e-17
1.8900841e-09
8.1847022e-17
1.8900841e-09
9.4684919e-17
1.8900842e-09
1.1019378e-16
1.8900843e-09
1.2812238e-16
1.8900844e-09
1.4817533e-16
1.8900845e-09
1.7138487e-16
1.8900846e-09
1.9867899e-16
1.8900847e-09
2.2973647e-16
1.8900848e-09
2.6480814e-16
1.890085e-09
3.0515959e-16
1.8900852e-09
3.513346e-16
1.8900854e-09
4.0377847e-16
1.8900856e-09
4.6360011e-16
1.8900859e-09
5.3142053e-16
1.8900862e-09
6.0843872e-16
1.8900866e-09
6.9624564e-16
1.890087e-09
7.9506575e-16
1.8900874e-09
9.0667467e-16
1.890088e-09
1.0329335e-15
1.8900886e-09
1.1737516e-15
1.8900892e-09
1.3323244e-15
1.89009e-09
1.5104096e-15
1.8900908e-09
1.7080796e-15
1.8900918e-09
1.929355e-15
1.8900929e-09
2.175112e-15
1.8900941e-09
2.4471932e-15
1.8900955e-09
2.7478486e-15
1.890097e-09
3.0788944e-15
1.8900988e-09
3.4404374e-15
1.8901007e-09
3.8332014e-15
1.8901028e-09
4.2571721e-15
1.8901052e-09
4.7108529e-15
1.8901078e-09
5.1916423e-15
1.8901107e-09
5.6951664e-15
1.8901139e-09
6.2151349e-15
1.8901173e-09
6.7425461e-15
1.8901211e-09
7.2660061e-15
1.8901251e-09
7.7717858e-15
1.8901294e-09
8.2425544e-15
1.8901339e-09
8.6579299e-15
1.8901386e-09
8.9952104e-15
1.8901435e-09
9.2285131e-15
1.8901485e-09
9.3350851e-15
1.8901535e-09
9.2797154e-15
9.0955911e-15
1.6593894e-09
-7.829116e-12
1.6378153e-09
-2.3190759e-11
1.6013653e-09
-3.919717e-11
1.5484492e-09
-5.6985043e-11
1.4763835e-09
-7.7779942e-11
1.3811612e-09
-1.030393e-10
1.2570488e-09
-1.3453659e-10
1.0960083e-09
-1.7415579e-10
8.8753192e-10
-2.2243342e-10
6.2297273e-10
-2.7341964e-10
3.1369537e-10
-3.0378943e-10
1.1810178e-13
-2.5024712e-10
2.5889908e-19
1.1649002e-20
4.3133837e-20
-7.6166416e-20
1.720156e-20
-4.3004251e-20
6.6733359e-21
-2.6794506e-20
-3.6158333e-21
-2.6983698e-20
-7.6102859e-15
-4.7575491e-20
-4.4691445e-12
-1.7945726e-12
-3.2468801e-12
-1.1521511e-11
3.0362789e-11
4.3511691e-12
1.0965158e-10
5.1645163e-11
2.2348605e-10
9.715168e-11
3.5976471e-10
1.2985119e-10
5.0766338e-10
1.4875835e-10
6.5832752e-10
1.5612374e-10
8.0517593e-10
1.5487764e-10
9.4376241e-10
1.4775386e-10
1.0713984e-09
1.3698979e-10
1.1867299e-09
1.242734e-10
1.289359e-09
1.1080883e-10
1.3795381e-09
9.74178e-11
1.4579375e-09
8.4636527e-11
1.5254773e-09
7.2794489e-11
1.5832085e-09
6.2073543e-11
1.6322295e-09
5.255043e-11
1.6736282e-09
4.4227164e-11
1.7084408e-09
3.7053298e-11
1.7376245e-09
3.0943231e-11
1.7620415e-09
2.5790324e-11
1.7824516e-09
2.1478393e-11
1.7995115e-09
1.7890724e-11
1.8137807e-09
1.4916656e-11
1.8257297e-09
1.245578e-11
1.8357506e-09
1.0420057e-11
1.8441683e-09
8.7343411e-12
1.8512509e-09
7.3357909e-12
1.8572194e-09
6.1726304e-12
1.8622562e-09
5.2026108e-12
1.866512e-09
4.3914388e-12
1.8701117e-09
3.7113277e-12
1.873159e-09
3.1397454e-12
1.8757404e-09
2.6583707e-12
1.8779284e-09
2.2522413e-12
1.8797836e-09
1.9090782e-12
1.8813571e-09
1.6187597e-12
1.8826919e-09
1.3729042e-12
1.8838242e-09
1.1645376e-12
1.8847848e-09
9.878314e-13
1.8855996e-09
8.3790268e-13
1.8862907e-09
7.1065209e-13
1.8868767e-09
6.0262733e-13
1.8873736e-09
5.1091145e-13
1.8877947e-09
4.3303664e-13
1.8881514e-09
3.6691631e-13
1.8884536e-09
3.1078395e-13
1.8887094e-09
2.631386e-13
1.8889258e-09
2.2270266e-13
1.8891089e-09
1.8839113e-13
1.8892637e-09
1.5928506e-13
1.8893944e-09
1.3460489e-13
1.8895049e-09
1.1368602e-13
1.889598e-09
9.5960919e-14
1.8896766e-09
8.0947067e-14
1.8897429e-09
6.8235868e-14
1.8897987e-09
5.748037e-14
1.8898456e-09
4.8384218e-14
1.8898851e-09
4.0694293e-14
1.8899182e-09
3.4196187e-14
1.889946e-09
2.8709441e-14
1.8899694e-09
2.4081189e-14
1.8899889e-09
2.0180141e-14
1.8900053e-09
1.6893202e-14
1.8900189e-09
1.4124369e-14
1.8900303e-09
1.1793626e-14
1.8900398e-09
9.8342691e-15
1.8900477e-09
8.1894804e-15
1.8900543e-09
6.8099889e-15
1.8900598e-09
5.6534832e-15
1.8900643e-09
4.6846182e-15
1.890068e-09
3.8742417e-15
1.8900711e-09
3.1977627e-15
1.8900736e-09
2.6337419e-15
1.8900757e-09
2.1635308e-15
1.8900774e-09
1.7716155e-15
1.8900788e-09
1.4456336e-15
1.8900799e-09
1.1755755e-15
1.8900808e-09
9.5269002e-16
1.8900815e-09
7.6894692e-16
1.8900821e-09
6.1730068e-16
1.8900826e-09
4.9217031e-16
1.890083e-09
3.8941392e-16
1.8900832e-09
3.0570328e-16
1.8900835e-09
2.3786412e-16
1.8900836e-09
1.8276426e-16
1.8900838e-09
1.3774483e-16
1.8900839e-09
1.0104605e-16
1.8900839e-09
7.1712657e-17
1.890084e-09
4.9008853e-17
1.890084e-09
3.185711e-17
1.890084e-09
1.8783182e-17
1.890084e-09
8.3723313e-18
1.890084e-09
-2.12054e-19
1.890084e-09
-7.1198647e-18
1.890084e-09
-1.2187959e-17
1.890084e-09
-1.5444764e-17
1.8900839e-09
-1.7327452e-17
1.8900839e-09
-1.8475391e-17
1.8900839e-09
-1.9337272e-17
1.8900839e-09
-1.9960508e-17
1.8900839e-09
-2.0131073e-17
1.8900839e-09
-1.9709734e-17
1.8900838e-09
-1.8853769e-17
1.8900838e-09
-1.7940755e-17
1.8900838e-09
-1.7281901e-17
1.8900838e-09
-1.6890893e-17
1.8900838e-09
-1.6513754e-17
1.8900838e-09
-1.5885568e-17
1.8900837e-09
-1.4983464e-17
1.8900837e-09
-1.4051307e-17
1.8900837e-09
-1.3379388e-17
1.8900837e-09
-1.3038032e-17
1.8900837e-09
-1.2798169e-17
1.8900837e-09
-1.2317561e-17
1.8900837e-09
-1.1436789e-17
1.8900837e-09
-1.0332271e-17
1.8900837e-09
-9.3923012e-18
1.8900837e-09
-8.9170668e-18
1.8900837e-09
-8.8841198e-18
1.8900837e-09
-8.9646915e-18
1.8900837e-09
-8.7572179e-18
1.8900837e-09
-8.0433154e-18
1.8900837e-09
-6.8876448e-18
1.8900837e-09
-5.5580724e-18
1.8900837e-09
-4.3746283e-18
1.8900837e-09
-3.5909382e-18
1.8900837e-09
-3.3179995e-18
1.8900837e-09
-3.4573969e-18
1.8900837e-09
-3.6752799e-18
1.8900837e-09
-3.5134665e-18
1.8900837e-09
-2.6586412e-18
1.8900837e-09
-1.2006364e-18
1.8900837e-09
3.7596824e-19
1.8900837e-09
1.5358991e-18
1.8900837e-09
2.107302e-18
1.8900837e-09
2.3771958e-18
1.8900837e-09
2.7595066e-18
1.8900837e-09
3.3693661e-18
1.8900837e-09
3.9508374e-18
1.8900837e-09
4.2185702e-18
1.8900837e-09
4.2013489e-18
1.8900837e-09
4.178385e-18
1.8900837e-09
4.3099282e-18
1.8900837e-09
4.4511406e-18
1.8900837e-09
4.3968107e-18
1.8900837e-09
4.2140699e-18
1.8900837e-09
4.1770118e-18
1.8900837e-09
4.3668971e-18
1.8900837e-09
4.5094397e-18
1.8900837e-09
4.3195565e-18
1.8900837e-09
3.8817323e-18
1.8900837e-09
3.4971336e-18
1.8900837e-09
3.2117632e-18
1.8900838e-09
2.7782021e-18
1.8900838e-09
2.1723668e-18
1.8900838e-09
1.8389441e-18
1.8900838e-09
2.1295263e-18
1.8900838e-09
2.690239e-18
1.8900838e-09
2.8283317e-18
1.8900838e-09
2.4593326e-18
1.8900838e-09
2.2065109e-18
1.8900838e-09
2.4399935e-18
1.8900838e-09
2.768404e-18
1.8900838e-09
2.8191136e-18
1.8900838e-09
2.9840767e-18
1.8900838e-09
3.8235729e-18
1.8900839e-09
5.1676143e-18
1.8900839e-09
6.5197792e-18
1.8900839e-09
7.9666435e-18
1.8900839e-09
9.8499292e-18
1.890084e-09
1.1924804e-17
1.890084e-09
1.3846884e-17
1.890084e-09
1.6097117e-17
1.8900841e-09
1.9326335e-17
1.8900841e-09
2.3344238e-17
1.8900842e-09
2.7933039e-17
1.8900842e-09
3.3737329e-17
1.8900843e-09
4.1071974e-17
1.8900844e-09
4.9273699e-17
1.8900845e-09
5.8450482e-17
1.8900846e-09
6.9789777e-17
1.8900847e-09
8.3337799e-17
1.8900848e-09
9.8319834e-17
1.890085e-09
1.1546832e-16
1.8900851e-09
1.3568008e-16
1.8900853e-09
1.5836941e-16
1.8900856e-09
1.8403985e-16
1.8900858e-09
2.1407617e-16
1.8900861e-09
2.4784257e-16
1.8900864e-09
2.8580905e-16
1.8900868e-09
3.3000769e-16
1.8900872e-09
3.7931734e-16
1.8900877e-09
4.3430888e-16
1.8900882e-09
4.9746503e-16
1.8900888e-09
5.670591e-16
1.8900895e-09
6.4492543e-16
1.8900903e-09
7.3353219e-16
1.8900911e-09
8.3052987e-16
1.8900921e-09
9.3993293e-16
1.8900932e-09
1.0609426e-15
1.8900945e-09
1.1949495e-15
1.8900959e-09
1.3430687e-15
1.8900975e-09
1.505903e-15
1.8900992e-09
1.683452e-15
1.8901012e-09
1.8763439e-15
1.8901034e-09
2.0843556e-15
1.8901058e-09
2.3066941e-15
1.8901084e-09
2.5418837e-15
1.8901113e-09
2.7876553e-15
1.8901145e-09
3.0407403e-15
1.8901179e-09
3.2966527e-15
1.8901217e-09
3.5496154e-15
1.8901256e-09
3.7930205e-15
1.8901299e-09
4.0180219e-15
1.8901343e-09
4.2141587e-15
1.8901389e-09
4.3704367e-15
1.8901437e-09
4.4743633e-15
1.8901485e-09
4.5149767e-15
1.8901533e-09
4.4750141e-15
4.3713951e-15
1.6588372e-09
3.9081499e-16
1.6356452e-09
1.1754052e-15
1.5964461e-09
1.9971558e-15
1.5394581e-09
2.8981334e-15
1.4616743e-09
3.8857913e-15
1.3586301e-09
4.9298053e-15
1.2240875e-09
6.0073206e-15
1.0499246e-09
7.0879793e-15
8.2748299e-10
8.1892595e-15
5.5405421e-10
9.1455902e-15
2.5025528e-10
9.494336e-15
1.517916e-19
8.1629853e-15
1.5189821e-19
2.3806295e-25
7.5730794e-20
9.965637e-25
3.2725628e-20
9.1521146e-25
5.9303251e-21
7.962568e-25
-2.1053891e-20
5.1823406e-25
-6.8604105e-20
1.986676e-25
-1.794593e-12
2.0291563e-17
-1.3316423e-11
3.1866296e-16
-8.9647896e-12
-4.6412326e-16
4.2682219e-11
-1.8454774e-15
1.3983695e-10
-3.0505319e-15
2.6969216e-10
-4.0280223e-15
4.1845532e-10
-4.8042355e-15
5.7458442e-10
-5.3642494e-15
7.2946775e-10
-5.6874115e-15
8.7722738e-10
-5.7636271e-15
1.0142228e-09
-5.6069592e-15
1.1385014e-09
-5.2508297e-15
1.249315e-09
-4.7418441e-15
1.3467369e-09
-4.1370351e-15
1.4313769e-09
-3.4919418e-15
1.5041743e-09
-2.8554885e-15
1.5662501e-09
-2.2645847e-15
1.6188023e-09
-1.7463213e-15
1.6630308e-09
-1.3094153e-15
1.700085e-09
-9.5229589e-16
1.7310289e-09
-6.7369415e-16
1.7568197e-09
-4.6148179e-16
1.7782984e-09
-2.9992267e-16
1.7961893e-09
-1.8274808e-16
1.8111061e-09
-1.0267896e-16
1.8235619e-09
-4.5586112e-17
1.8339819e-09
-2.6048552e-18
1.8427163e-09
2.5908473e-17
1.850052e-09
4.0999276e-17
1.8562246e-09
5.0166652e-17
1.8614271e-09
5.8977492e-17
1.8658185e-09
6.5249356e-17
1.8695298e-09
6.612364e-17
1.8726694e-09
6.487337e-17
1.8753278e-09
6.5277014e-17
1.8775799e-09
6.5226225e-17
1.8794889e-09
6.1733753e-17
1.8811077e-09
5.7392702e-17
1.8824805e-09
5.6312815e-17
1.883645e-09
5.7037737e-17
1.8846328e-09
5.5027435e-17
1.8854706e-09
5.0097432e-17
1.8861812e-09
4.6121389e-17
1.8867838e-09
4.4455763e-17
1.8872947e-09
4.2355502e-17
1.8877277e-09
3.8198527e-17
1.8880945e-09
3.4448704e-17
1.8884053e-09
3.3823715e-17
1.8886684e-09
3.5030512e-17
1.8888911e-09
3.4498313e-17
1.8890794e-09
3.116879e-17
1.8892387e-09
2.744093e-17
1.8893733e-09
2.5586284e-17
1.8894869e-09
2.5071233e-17
1.8895829e-09
2.4024147e-17
1.8896638e-09
2.2135902e-17
1.889732e-09
2.0798264e-17
1.8897895e-09
2.078439e-17
1.8898378e-09
2.0959271e-17
1.8898785e-09
1.9739504e-17
1.8899127e-09
1.7181455e-17
1.8899414e-09
1.4971573e-17
1.8899654e-09
1.4400192e-17
1.8899856e-09
1.4934998e-17
1.8900025e-09
1.5000361e-17
1.8900166e-09
1.3802822e-17
1.8900284e-09
1.2024244e-17
1.8900382e-09
1.0805321e-17
1.8900464e-09
1.0433362e-17
1.8900532e-09
1.0242984e-17
1.8900588e-09
9.608789e-18
1.8900635e-09
8.694891e-18
1.8900674e-09
8.1325067e-18
1.8900706e-09
8.1320087e-18
1.8900732e-09
8.165e-18
1.8900753e-09
7.563802e-18
1.8900771e-09
6.2911018e-18
1.8900785e-09
4.994561e-18
1.8900797e-09
4.3275587e-18
1.8900807e-09
4.3021422e-18
1.8900814e-09
4.3562049e-18
1.890082e-09
4.0015432e-18
1.8900825e-09
3.3239654e-18
1.8900829e-09
2.8272136e-18
1.8900832e-09
2.8358873e-18
1.8900835e-09
3.1135837e-18
1.8900836e-09
3.0909254e-18
1.8900838e-09
2.4510304e-18
1.8900839e-09
1.475854e-18
1.8900839e-09
8.0510882e-19
1.890084e-09
8.5565797e-19
1.890084e-09
1.4502804e-18
1.890084e-09
1.9830594e-18
1.890084e-09
1.944898e-18
1.890084e-09
1.3262797e-18
1.890084e-09
5.6104024e-19
1.890084e-09
1.074574e-19
1.890084e-09
6.3442992e-20
1.890084e-09
1.4020931e-19
1.890084e-09
-2.4902655e-20
1.8900839e-09
-5.2625572e-19
1.8900839e-09
-1.1215009e-18
1.8900839e-09
-1.473448e-18
1.8900839e-09
-1.4648922e-18
1.8900839e-09
-1.3032323e-18
1.8900839e-09
-1.3345524e-18
1.8900838e-09
-1.7431757e-18
1.8900838e-09
-2.4030462e-18
1.8900838e-09
-3.0049702e-18
1.8900838e-09
-3.3384362e-18
1.8900838e-09
-3.4737011e-18
1.8900838e-09
-3.6816841e-18
1.8900838e-09
-4.1696087e-18
1.8900838e-09
-4.8597729e-18
1.8900838e-09
-5.4192306e-18
1.8900837e-09
-5.529862e-18
1.8900837e-09
-5.175644e-18
1.8900837e-09
-4.698928e-18
1.8900837e-09
-4.565613e-18
1.8900837e-09
-5.0194568e-18
1.8900837e-09
-5.901567e-18
1.8900837e-09
-6.761754e-18
1.8900837e-09
-7.1610722e-18
1.8900837e-09
-6.9302398e-18
1.8900837e-09
-6.2205462e-18
1.8900837e-09
-5.3698674e-18
1.8900837e-09
-4.7240662e-18
1.8900837e-09
-4.5168129e-18
1.8900837e-09
-4.8031617e-18
1.8900837e-09
-5.4119723e-18
1.8900837e-09
-5.9566937e-18
1.8900837e-09
-5.9895815e-18
1.8900837e-09
-5.2798114e-18
1.8900837e-09
-4.0159118e-18
1.8900837e-09
-2.7078163e-18
1.8900837e-09
-1.8049368e-18
1.8900837e-09
-1.3515946e-18
1.8900837e-09
-1.0178536e-18
1.8900837e-09
-4.8471222e-19
1.8900838e-09
2.2114637e-19
1.8900838e-09
8.0578354e-19
1.8900838e-09
1.092774e-18
1.8900838e-09
1.242706e-18
1.8900838e-09
1.5342906e-18
1.8900838e-09
1.9898182e-18
1.8900838e-09
2.3418081e-18
1.8900838e-09
2.4012302e-18
1.8900838e-09
2.329293e-18
1.8900838e-09
2.4206579e-18
1.8900838e-09
2.6801208e-18
1.8900838e-09
2.7917502e-18
1.8900838e-09
2.5402106e-18
1.8900838e-09
2.0719245e-18
1.8900838e-09
1.5971975e-18
1.8900838e-09
1.0059449e-18
1.8900838e-09
6.5923929e-20
1.8900838e-09
-1.042707e-18
1.8900838e-09
-1.7715124e-18
1.8900838e-09
-1.9490922e-18
1.8900838e-09
-2.1491339e-18
1.8900838e-09
-2.983216e-18
1.8900838e-09
-4.2779891e-18
1.8900838e-09
-5.4161977e-18
1.8900838e-09
-6.3333618e-18
1.8900838e-09
-7.5481349e-18
1.8900839e-09
-9.1711182e-18
1.8900839e-09
-1.0611922e-17
1.8900839e-09
-1.1533049e-17
1.8900839e-09
-1.237266e-17
1.8900839e-09
-1.3524763e-17
1.8900839e-09
-1.4768244e-17
1.890084e-09
-1.6004607e-17
1.890084e-09
-1.7673627e-17
1.890084e-09
-1.9819471e-17
1.8900841e-09
-2.1750354e-17
1.8900841e-09
-2.3268787e-17
1.8900842e-09
-2.5001309e-17
1.8900842e-09
-2.6968805e-17
1.8900843e-09
-2.8451782e-17
1.8900844e-09
-2.9614851e-17
1.8900844e-09
-3.12059e-17
1.8900845e-09
-3.2737108e-17
1.8900846e-09
-3.3409532e-17
1.8900847e-09
-3.4010122e-17
1.8900849e-09
-3.5313082e-17
1.890085e-09
-3.644734e-17
1.8900852e-09
-3.7043672e-17
1.8900854e-09
-3.8038722e-17
1.8900856e-09
-3.9173809e-17
1.8900859e-09
-3.9567729e-17
1.8900862e-09
-4.0186875e-17
1.8900865e-09
-4.1448885e-17
1.8900869e-09
-4.207506e-17
1.8900873e-09
-4.2986096e-17
1.8900878e-09
-4.4760146e-17
1.8900883e-09
-4.6152109e-17
1.8900889e-09
-4.8542699e-17
1.8900896e-09
-5.1228256e-17
1.8900904e-09
-5.3861406e-17
1.8900913e-09
-5.7839642e-17
1.8900923e-09
-6.1757125e-17
1.8900934e-09
-6.5878991e-17
1.8900947e-09
-7.1080096e-17
1.8900961e-09
-7.6202159e-17
1.8900977e-09
-8.2077086e-17
1.8900995e-09
-8.8586239e-17
1.8901014e-09
-9.5367075e-17
1.8901036e-09
-1.0235238e-16
1.890106e-09
-1.0980385e-16
1.8901087e-09
-1.1797516e-16
1.8901116e-09
-1.2685088e-16
1.8901148e-09
-1.3615718e-16
1.8901182e-09
-1.4566268e-16
1.8901219e-09
-1.5580733e-16
1.8901259e-09
-1.6641947e-16
1.8901301e-09
-1.7761467e-16
1.8901345e-09
-1.8960947e-16
1.8901391e-09
-2.0202737e-16
1.8901438e-09
-2.1491574e-16
1.8901485e-09
-2.2837916e-16
1.8901532e-09
-2.4256715e-16
-2.5680042e-16
1.6588372e-09
7.8298784e-12
1.6356453e-09
2.3193065e-11
1.5964462e-09
3.9201122e-11
1.5394583e-09
5.6990785e-11
1.4616746e-09
7.7787614e-11
1.3586305e-09
1.0304902e-10
1.224088e-09
1.3454845e-10
1.0499252e-09
1.7416985e-10
8.2748373e-10
2.2244971e-10
5.5405488e-10
2.7343799e-10
2.5025563e-10
3.0380874e-10
1.4045628e-19
2.5026379e-10
1.5189911e-19
-1.1648486e-20
7.5730712e-20
7.6169399e-20
3.2725509e-20
4.3006119e-20
5.9300471e-21
2.6796258e-20
-2.105421e-20
2.6984776e-20
-6.8604522e-20
4.757572e-20
-1.7944618e-12
1.7944821e-12
-1.3315208e-11
1.1521065e-11
-8.9619429e-12
-4.3537296e-12
4.268631e-11
-5.1650099e-11
1.3984165e-10
-9.7158393e-11
2.6969696e-10
-1.2985933e-10
4.1845988e-10
-1.4876772e-10
5.7458855e-10
-1.5613403e-10
7.2947133e-10
-1.5488847e-10
8.7723039e-10
-1.4776482e-10
1.0142252e-09
-1.3700046e-10
1.1385034e-09
-1.2428341e-10
1.2493165e-09
-1.1081788e-10
1.3467381e-09
-9.7425714e-11
1.4313778e-09
-8.4643228e-11
1.504175e-09
-7.2799979e-11
1.5662506e-09
-6.2077898e-11
1.6188027e-09
-5.2553792e-11
1.663031e-09
-4.4229686e-11
1.7000852e-09
-3.7055129e-11
1.7310291e-09
-3.0944522e-11
1.7568198e-09
-2.5791205e-11
1.7782985e-09
-2.1478961e-11
1.7961893e-09
-1.7891069e-11
1.8111061e-09
-1.4916848e-11
1.8235619e-09
-1.2455861e-11
1.833982e-09
-1.0420054e-11
1.8427163e-09
-8.7342838e-12
1.850052e-09
-7.3357047e-12
1.8562246e-09
-6.1725259e-12
1.8614271e-09
-5.2024908e-12
1.8658185e-09
-4.3913092e-12
1.8695298e-09
-3.7111956e-12
1.8726695e-09
-3.1396129e-12
1.8753278e-09
-2.6582368e-12
1.8775799e-09
-2.2521096e-12
1.8794889e-09
-1.9089548e-12
1.8811076e-09
-1.6186446e-12
1.8824805e-09
-1.3727917e-12
1.883645e-09
-1.1644251e-12
1.8846328e-09
-9.8772347e-13
1.8854706e-09
-8.3780327e-13
1.8861812e-09
-7.105593e-13
1.8867838e-09
-6.025379e-13
1.8872947e-09
-5.108267e-13
1.8877277e-09
-4.3295998e-13
1.8880945e-09
-3.6684658e-13
1.8884053e-09
-3.107156e-13
1.8886684e-09
-2.630686e-13
1.8888911e-09
-2.2263418e-13
1.8890794e-09
-1.8832909e-13
1.8892387e-09
-1.5923018e-13
1.8893733e-09
-1.3455386e-13
1.8894869e-09
-1.136363e-13
1.8895829e-09
-9.591315e-14
1.8896638e-09
-8.0902546e-14
1.889732e-09
-6.8193695e-14
1.8897895e-09
-5.7438457e-14
1.8898378e-09
-4.8342461e-14
1.8898785e-09
-4.0655254e-14
1.8899127e-09
-3.416218e-14
1.8899414e-09
-2.8679697e-14
1.8899654e-09
-2.4052592e-14
1.8899856e-09
-2.0150533e-14
1.8900025e-09
-1.6863343e-14
1.8900166e-09
-1.4096614e-14
1.8900284e-09
-1.1769219e-14
1.8900382e-09
-9.8123762e-15
1.8900464e-09
-8.1685954e-15
1.8900532e-09
-6.789668e-15
1.8900588e-09
-5.6343961e-15
1.8900635e-09
-4.6672253e-15
1.8900674e-09
-3.8579599e-15
1.8900706e-09
-3.1816441e-15
1.8900732e-09
-2.6177343e-15
1.8900753e-09
-2.1487336e-15
1.8900771e-09
-1.7591918e-15
1.8900785e-09
-1.4356028e-15
1.8900797e-09
-1.1667988e-15
1.8900807e-09
-9.4400895e-16
1.8900814e-09
-7.6021471e-16
1.890082e-09
-6.0925582e-16
1.8900825e-09
-4.8540171e-16
1.8900829e-09
-3.8359907e-16
1.8900832e-09
-2.9992904e-16
1.8900835e-09
-2.3164917e-16
1.8900836e-09
-1.7666833e-16
1.8900838e-09
-1.3290639e-16
1.8900839e-09
-9.8082496e-17
1.8900839e-09
-7.0051785e-17
1.890084e-09
-4.7293751e-17
1.890084e-09
-2.9051407e-17
1.890084e-09
-1.4982063e-17
1.890084e-09
-4.6366603e-18
1.890084e-09
2.7852067e-18
1.890084e-09
8.2384964e-18
1.890084e-09
1.2428594e-17
1.890084e-09
1.5586106e-17
1.890084e-09
1.7617111e-17
1.890084e-09
1.84719e-17
1.8900839e-09
1.8399818e-17
1.8900839e-09
1.7882856e-17
1.8900839e-09
1.7334314e-17
1.8900839e-09
1.6845232e-17
1.8900839e-09
1.6202185e-17
1.8900839e-09
1.5149384e-17
1.8900838e-09
1.3660569e-17
1.8900838e-09
1.1988146e-17
1.8900838e-09
1.0456348e-17
1.8900838e-09
9.1902935e-18
1.8900838e-09
8.0283118e-18
1.8900838e-09
6.6931515e-18
1.8900838e-09
5.0802447e-18
1.8900838e-09
3.40886e-18
1.8900838e-09
2.0829854e-18
1.8900837e-09
1.3627994e-18
1.8900837e-09
1.1154051e-18
1.8900837e-09
8.6842544e-19
1.8900837e-09
1.3180426e-19
1.8900837e-09
-1.2516963e-18
1.8900837e-09
-2.995632e-18
1.8900837e-09
-4.57071e-18
1.8900837e-09
-5.5479081e-18
1.8900837e-09
-5.8287967e-18
1.8900837e-09
-5.6355943e-18
1.8900837e-09
-5.3353005e-18
1.8900837e-09
-5.2587392e-18
1.8900837e-09
-5.6004172e-18
1.8900837e-09
-6.3700927e-18
1.8900837e-09
-7.3590337e-18
1.8900837e-09
-8.1714291e-18
1.8900837e-09
-8.3988332e-18
1.8900837e-09
-7.8869979e-18
1.8900837e-09
-6.880811e-18
1.8900837e-09
-5.8633113e-18
1.8900837e-09
-5.1776922e-18
1.8900837e-09
-4.7746568e-18
1.8900837e-09
-4.3438516e-18
1.8900838e-09
-3.692846e-18
1.8900838e-09
-2.9554245e-18
1.8900838e-09
-2.3918111e-18
1.8900838e-09
-2.0320148e-18
1.8900838e-09
-1.6215096e-18
1.8900838e-09
-9.5980868e-19
1.8900838e-09
-2.0338723e-19
1.8900838e-09
2.912299e-19
1.8900838e-09
4.1395768e-19
1.8900838e-09
4.4800564e-19
1.8900838e-09
6.9529073e-19
1.8900838e-09
1.0681498e-18
1.8900838e-09
1.205093e-18
1.8900838e-09
9.377676e-19
1.8900838e-09
4.2276623e-19
1.8900838e-09
-2.3633363e-19
1.8900838e-09
-1.2278813e-18
1.8900838e-09
-2.6633114e-18
1.8900838e-09
-4.1629608e-18
1.8900838e-09
-5.2052195e-18
1.8900838e-09
-5.8945997e-18
1.8900838e-09
-6.956708e-18
1.8900838e-09
-8.7997773e-18
1.8900838e-09
-1.099899e-17
1.8900838e-09
-1.3036557e-17
1.8900838e-09
-1.5137387e-17
1.8900838e-09
-1.7825356e-17
1.8900839e-09
-2.0961236e-17
1.8900839e-09
-2.3953742e-17
1.8900839e-09
-2.6779897e-17
1.8900839e-09
-2.9974119e-17
1.8900839e-09
-3.3670343e-17
1.8900839e-09
-3.758636e-17
1.890084e-09
-4.1924172e-17
1.890084e-09
-4.7190401e-17
1.890084e-09
-5.3157628e-17
1.8900841e-09
-5.9261872e-17
1.8900841e-09
-6.5859913e-17
1.8900842e-09
-7.3621036e-17
1.8900842e-09
-8.2137307e-17
1.8900843e-09
-9.0850715e-17
1.8900843e-09
-1.0045111e-16
1.8900844e-09
-1.11565e-16
1.8900845e-09
-1.2364063e-16
1.8900846e-09
-1.3668596e-16
1.8900847e-09
-1.5179846e-16
1.8900849e-09
-1.6921606e-16
1.890085e-09
-1.8850303e-16
1.8900852e-09
-2.1002696e-16
1.8900854e-09
-2.343351e-16
1.8900856e-09
-2.6185184e-16
1.8900859e-09
-2.9306709e-16
1.8900862e-09
-3.2824512e-16
1.8900865e-09
-3.6838559e-16
1.8900869e-09
-4.1412423e-16
1.8900873e-09
-4.6540836e-16
1.8900878e-09
-5.2363542e-16
1.8900883e-09
-5.8933954e-16
1.8900889e-09
-6.635499e-16
1.8900896e-09
-7.469542e-16
1.8900904e-09
-8.4084919e-16
1.8900913e-09
-9.4546665e-16
1.8900923e-09
-1.062633e-15
1.8900934e-09
-1.1925885e-15
1.8900947e-09
-1.3368613e-15
1.8900961e-09
-1.4952785e-15
1.8900977e-09
-1.6695321e-15
1.8900995e-09
-1.8598434e-15
1.8901014e-09
-2.0663262e-15
1.8901036e-09
-2.2885556e-15
1.890106e-09
-2.526087e-15
1.8901087e-09
-2.7775772e-15
1.8901116e-09
-3.0408154e-15
1.8901148e-09
-3.3123372e-15
1.8901182e-09
-3.5873505e-15
1.8901219e-09
-3.860777e-15
1.8901259e-09
-4.1255368e-15
1.8901301e-09
-4.3728591e-15
1.8901345e-09
-4.592697e-15
1.8901391e-09
-4.7736593e-15
1.8901437e-09
-4.9035677e-15
1.8901485e-09
-4.9713368e-15
1.8901532e-09
-4.9597445e-15
-4.8845748e-15
1.6593894e-09
1.5107124e-11
1.6378155e-09
4.4767012e-11
1.6013656e-09
7.5650994e-11
1.5484498e-09
1.0990662e-10
1.4763844e-09
1.49853e-10
1.3811624e-09
1.9827103e-10
1.2570505e-09
2.5866036e-10
1.0960103e-09
3.3521e-10
8.8753423e-10
4.3092579e-10
6.2297495e-10
5.3799728e-10
3.1369684e-10
6.1308686e-10
1.1810949e-13
5.6384252e-10
2.5890257e-19
1.1810922e-13
4.3132636e-20
2.9191763e-19
1.7201282e-20
6.7250309e-20
6.6723128e-21
3.0585627e-20
-3.6172548e-21
3.4610142e-20
-7.6103612e-15
7.6104286e-15
-4.4688462e-12
6.2557179e-12
-3.2423263e-12
1.0294545e-11
3.0372538e-11
-3.7968594e-11
1.096647e-10
-1.3094226e-10
2.2350061e-10
-2.109943e-10
3.5977937e-10
-2.6613809e-10
5.0767721e-10
-2.9666556e-10
6.5833997e-10
-3.067968e-10
8.051867e-10
-3.017352e-10
9.4377143e-10
-2.8634955e-10
1.0714058e-09
-2.646348e-10
1.1867357e-09
-2.3961336e-10
1.2893635e-09
-2.1344568e-10
1.3795416e-09
-1.8760375e-10
1.4579402e-09
-1.6304183e-10
1.5254793e-09
-1.4033914e-10
1.58321e-09
-1.1980854e-10
1.6322306e-09
-1.0157446e-10
1.673629e-09
-8.5628105e-11
1.7084414e-09
-7.1867448e-11
1.7376249e-09
-6.012807e-11
1.7620418e-09
-5.0208133e-11
1.7824518e-09
-4.1888894e-11
1.7995116e-09
-3.4950925e-11
1.8137808e-09
-2.9186001e-11
1.8257297e-09
-2.4404811e-11
1.8357506e-09
-2.0440954e-11
1.8441683e-09
-1.7151962e-11
1.8512509e-09
-1.4418282e-11
1.8572194e-09
-1.2141052e-11
1.8622562e-09
-1.0239311e-11
1.866512e-09
-8.647115e-12
1.8701117e-09
-7.3108486e-12
1.873159e-09
-6.1868931e-12
1.8757404e-09
-5.2396803e-12
1.8779284e-09
-4.4400908e-12
1.8797836e-09
-3.7641701e-12
1.8813571e-09
-3.1921262e-12
1.8826918e-09
-2.7075435e-12
1.8838242e-09
-2.2967512e-12
1.8847848e-09
-1.9483152e-12
1.8855996e-09
-1.6526406e-12
1.8862907e-09
-1.4016602e-12
1.8868767e-09
-1.188579e-12
1.8873736e-09
-1.0076582e-12
1.8877947e-09
-8.5403871e-13
1.8881514e-09
-7.2360306e-13
1.8884536e-09
-6.1286373e-13
1.8887094e-09
-5.1886421e-13
1.8889258e-09
-4.3909273e-13
1.8891089e-09
-3.7141164e-13
1.8892637e-09
-3.1400285e-13
1.8893944e-09
-2.6532281e-13
1.8895049e-09
-2.2406074e-13
1.889598e-09
-1.8910085e-13
1.8896766e-09
-1.5949231e-13
1.8897429e-09
-1.3442628e-13
1.8897986e-09
-1.1321639e-13
1.8898456e-09
-9.5280066e-14
1.889885e-09
-8.0121172e-14
1.8899182e-09
-6.7316364e-14
1.889946e-09
-5.6505507e-14
1.8899694e-09
-4.7383713e-14
1.8899889e-09
-3.9693079e-14
1.8900053e-09
-3.3214492e-14
1.8900189e-09
-2.7761007e-14
1.8900303e-09
-2.3173472e-14
1.8900398e-09
-1.931735e-14
1.8900477e-09
-1.6079299e-14
1.8900543e-09
-1.3363331e-14
1.8900598e-09
-1.1087572e-14
1.8900643e-09
-9.1822772e-15
1.890068e-09
-7.5886896e-15
1.8900711e-09
-6.2577558e-15
1.8900736e-09
-5.1482536e-15
1.8900757e-09
-4.2249081e-15
1.8900774e-09
-3.4572931e-15
1.8900788e-09
-2.819592e-15
1.8900799e-09
-2.2905281e-15
1.8900808e-09
-1.8527669e-15
1.8900815e-09
-1.4918004e-15
1.8900821e-09
-1.1949606e-15
1.8900826e-09
-9.5110806e-16
1.890083e-09
-7.5088554e-16
1.8900832e-09
-5.8691823e-16
1.8900835e-09
-4.5349501e-16
1.8900836e-09
-3.4584211e-16
1.8900838e-09
-2.5952724e-16
1.8900839e-09
-1.9039695e-16
1.8900839e-09
-1.3494061e-16
1.890084e-09
-9.0605173e-17
1.890084e-09
-5.5685139e-17
1.890084e-09
-2.8845776e-17
1.890084e-09
-8.6779992e-18
1.890084e-09
6.3688177e-18
1.890084e-09
1.7690093e-17
1.890084e-09
2.6193274e-17
1.890084e-09
3.2252437e-17
1.8900839e-09
3.6005549e-17
1.8900839e-09
3.7729917e-17
1.8900839e-09
3.7986713e-17
1.8900839e-09
3.7440825e-17
1.8900839e-09
3.6544717e-17
1.8900839e-09
3.5374282e-17
1.8900838e-09
3.3759433e-17
1.8900838e-09
3.158258e-17
1.8900838e-09
2.8987428e-17
1.8900838e-09
2.6324522e-17
1.8900838e-09
2.3891287e-17
1.8900838e-09
2.1705219e-17
1.8900837e-09
1.95181e-17
1.8900837e-09
1.7066654e-17
1.8900837e-09
1.4359712e-17
1.8900837e-09
1.1740312e-17
1.8900837e-09
9.6479652e-18
1.8900837e-09
8.2621708e-18
1.8900837e-09
7.3201059e-18
1.8900837e-09
6.2642561e-18
1.8900837e-09
4.6251023e-18
1.8900837e-09
2.34774e-18
1.8900837e-09
-1.8006795e-19
1.8900837e-09
-2.4011096e-18
1.8900837e-09
-3.9382421e-18
1.8900837e-09
-4.7704042e-18
1.8900837e-09
-5.1612719e-18
1.8900837e-09
-5.463714e-18
1.8900837e-09
-5.9635774e-18
1.8900837e-09
-6.8142374e-18
1.8900837e-09
-8.0034301e-18
1.8900837e-09
-9.3190492e-18
1.8900837e-09
-1.038341e-17
1.8900837e-09
-1.0832589e-17
1.8900837e-09
-1.0566181e-17
1.8900837e-09
-9.8463676e-18
1.8900837e-09
-9.1022436e-18
1.8900837e-09
-8.5823865e-18
1.8900837e-09
-8.1917257e-18
1.8900837e-09
-7.6798273e-18
1.8900837e-09
-6.9704994e-18
1.8900837e-09
-6.2422552e-18
1.8900837e-09
-5.6629443e-18
1.8900837e-09
-5.1259098e-18
1.8900837e-09
-4.3626523e-18
1.8900837e-09
-3.327406e-18
1.8900837e-09
-2.3482134e-18
1.8900837e-09
-1.7857966e-18
1.8900837e-09
-1.5941567e-18
1.8900837e-09
-1.36825e-18
1.8900837e-09
-8.6081711e-19
1.8900837e-09
-3.0725651e-19
1.8900837e-09
-1.3076599e-19
1.8900837e-09
-4.531578e-19
1.8900837e-09
-1.1001818e-18
1.8900837e-09
-2.0252725e-18
1.8900837e-09
-3.4073714e-18
1.8900837e-09
-5.2082567e-18
1.8900838e-09
-6.958237e-18
1.8900838e-09
-8.3188452e-18
1.8900838e-09
-9.678031e-18
1.8900838e-09
-1.1746113e-17
1.8900838e-09
-1.4594377e-17
1.8900838e-09
-1.7604397e-17
1.8900838e-09
-2.0481759e-17
1.8900838e-09
-2.3731906e-17
1.8900838e-09
-2.7806263e-17
1.8900838e-09
-3.2371293e-17
1.8900838e-09
-3.6959696e-17
1.8900838e-09
-4.1799019e-17
1.8900839e-09
-4.7323606e-17
1.8900839e-09
-5.3410073e-17
1.8900839e-09
-5.9913383e-17
1.8900839e-09
-6.7359761e-17
1.890084e-09
-7.6160699e-17
1.890084e-09
-8.5869411e-17
1.890084e-09
-9.625036e-17
1.8900841e-09
-1.0806047e-16
1.8900841e-09
-1.2166555e-16
1.8900842e-09
-1.3635573e-16
1.8900842e-09
-1.5211015e-16
1.8900843e-09
-1.700683e-16
1.8900844e-09
-1.9054665e-16
1.8900845e-09
-2.1315297e-16
1.8900846e-09
-2.3869919e-16
1.8900847e-09
-2.6808275e-16
1.8900848e-09
-3.0094473e-16
1.890085e-09
-3.3779014e-16
1.8900851e-09
-3.7990055e-16
1.8900853e-09
-4.272468e-16
1.8900855e-09
-4.8082423e-16
1.8900858e-09
-5.4252342e-16
1.8900861e-09
-6.1186805e-16
1.8900864e-09
-6.9025265e-16
1.8900868e-09
-7.8020652e-16
1.8900872e-09
-8.8063547e-16
1.8900877e-09
-9.9442086e-16
1.8900882e-09
-1.1241464e-15
1.8900888e-09
-1.2691791e-15
1.8900895e-09
-1.4328846e-15
1.8900903e-09
-1.6165474e-15
1.8900911e-09
-1.8217886e-15
1.8900921e-09
-2.0503498e-15
1.8900932e-09
-2.3050892e-15
1.8900945e-09
-2.5875793e-15
1.8900959e-09
-2.8989601e-15
1.8900975e-09
-3.2411839e-15
1.8900992e-09
-3.615034e-15
1.8901012e-09
-4.0213983e-15
1.8901033e-09
-4.4598641e-15
1.8901057e-09
-4.92926e-15
1.8901084e-09
-5.4263529e-15
1.8901113e-09
-5.9468244e-15
1.8901145e-09
-6.4848167e-15
1.8901179e-09
-7.0314975e-15
1.8901216e-09
-7.5757378e-15
1.8901256e-09
-8.1030169e-15
1.8901298e-09
-8.5959504e-15
1.8901343e-09
-9.0346447e-15
1.8901389e-09
-9.3964013e-15
1.8901436e-09
-9.6558615e-15
1.8901485e-09
-9.7897817e-15
1.8901533e-09
-9.7627308e-15
-9.6069813e-15
1.6604236e-09
2.1350173e-11
1.6418855e-09
6.3305168e-11
1.6106012e-09
1.0693524e-10
1.5653519e-09
1.5515593e-10
1.5041089e-09
2.1109597e-10
1.423908e-09
2.7847194e-10
1.3206415e-09
3.6192685e-10
1.1887986e-09
4.6705291e-10
1.0211763e-09
5.9854811e-10
8.0785294e-10
7.5132064e-10
5.3741757e-10
8.8352223e-10
2.612808e-10
8.3997929e-10
3.0616363e-12
2.5833727e-10
3.1376355e-11
-2.8314718e-11
5.1578645e-11
-2.020229e-11
3.7258729e-11
1.4319916e-11
-8.9630915e-12
4.6221821e-11
-4.3935281e-11
3.49798e-11
-3.9038463e-11
1.3588999e-12
2.2224078e-11
-5.0967996e-11
1.2859246e-10
-1.4433698e-10
2.5271169e-10
-2.5506149e-10
3.8878959e-10
-3.470722e-10
5.310159e-10
-4.083644e-10
6.7379462e-10
-4.3944429e-10
8.1249997e-10
-4.4550215e-10
9.4370833e-10
-4.3294356e-10
1.0651721e-09
-4.0781335e-10
1.1756627e-09
-3.7512533e-10
1.2747518e-09
-3.3870245e-10
1.362586e-09
-3.0127991e-10
1.4396909e-09
-2.6470871e-10
1.5068203e-09
-2.3017115e-10
1.5648481e-09
-1.9836699e-10
1.6146965e-09
-1.6965693e-10
1.6572874e-09
-1.4416529e-10
1.6935106e-09
-1.2185131e-10
1.7242029e-09
-1.025598e-10
1.750134e-09
-8.6059151e-11
1.7719979e-09
-7.2072084e-11
1.79041e-09
-6.0300907e-11
1.8059068e-09
-5.0447789e-11
1.8189507e-09
-4.2229864e-11
1.8299351e-09
-3.5389219e-11
1.8391923e-09
-2.9698192e-11
1.8470013e-09
-2.4960883e-11
1.853595e-09
-2.1012001e-11
1.859168e-09
-1.7714075e-11
1.8638825e-09
-1.4953863e-11
1.867874e-09
-1.2638588e-11
1.8712556e-09
-1.06924e-11
1.874122e-09
-9.0532841e-12
1.8765527e-09
-7.6704276e-12
1.8786147e-09
-6.5020498e-12
1.8803642e-09
-5.5136583e-12
1.8818487e-09
-4.6766721e-12
1.8831085e-09
-3.9673204e-12
1.8841775e-09
-3.365756e-12
1.8850845e-09
-2.8553472e-12
1.885854e-09
-2.4221208e-12
1.8865066e-09
-2.0543146e-12
1.8870601e-09
-1.7420064e-12
1.8875292e-09
-1.4768066e-12
1.8879268e-09
-1.2516082e-12
1.8882636e-09
-1.0603889e-12
1.8885488e-09
-8.9804406e-13
1.8887901e-09
-7.6024129e-13
1.8889943e-09
-6.4329761e-13
1.889167e-09
-5.4408019e-13
1.8893129e-09
-4.5992597e-13
1.8894362e-09
-3.8857291e-13
1.8895402e-09
-3.2809796e-13
1.889628e-09
-2.7686372e-13
1.889702e-09
-2.33476e-13
1.8897643e-09
-1.9674949e-13
1.8898168e-09
-1.6567743e-13
1.8898609e-09
-1.394041e-13
1.889898e-09
-1.1720093e-13
1.8899291e-09
-9.8447589e-14
1.8899552e-09
-8.2617231e-14
1.8899771e-09
-6.9263312e-14
1.8899954e-09
-5.8007001e-14
1.8900107e-09
-4.8526081e-14
1.8900235e-09
-4.0546309e-14
1.8900342e-09
-3.3834965e-14
1.890043e-09
-2.8195308e-14
1.8900504e-09
-2.3460972e-14
1.8900565e-09
-1.9490718e-14
1.8900616e-09
-1.6164403e-14
1.8900658e-09
-1.338026e-14
1.8900693e-09
-1.1052679e-14
1.8900721e-09
-9.1097332e-15
1.8900745e-09
-7.4905029e-15
1.8900764e-09
-6.1429108e-15
1.890078e-09
-5.0225642e-15
1.8900792e-09
-4.0922267e-15
1.8900803e-09
-3.3211391e-15
1.8900811e-09
-2.6837955e-15
1.8900818e-09
-2.1585224e-15
1.8900823e-09
-1.7265312e-15
1.8900827e-09
-1.371709e-15
1.890083e-09
-1.0807521e-15
1.8900833e-09
-8.4302821e-16
1.8900835e-09
-6.4993718e-16
1.8900836e-09
-4.9409647e-16
1.8900837e-09
-3.6887242e-16
1.8900838e-09
-2.684469e-16
1.8900839e-09
-1.881216e-16
1.8900839e-09
-1.2439381e-16
1.8900839e-09
-7.4612164e-17
1.8900839e-09
-3.6445859e-17
1.8900839e-09
-7.5754265e-18
1.8900839e-09
1.4199869e-17
1.8900839e-09
3.0619088e-17
1.8900839e-09
4.2748016e-17
1.8900839e-09
5.1118296e-17
1.8900839e-09
5.6128167e-17
1.8900838e-09
5.8378697e-17
1.8900838e-09
5.8696809e-17
1.8900838e-09
5.7872598e-17
1.8900838e-09
5.6369602e-17
1.8900838e-09
5.4267563e-17
1.8900837e-09
5.1483486e-17
1.8900837e-09
4.8067847e-17
1.8900837e-09
4.4326745e-17
1.8900837e-09
4.0671262e-17
1.8900837e-09
3.7334151e-17
1.8900837e-09
3.4211617e-17
1.8900837e-09
3.0979767e-17
1.8900836e-09
2.7410412e-17
1.8900836e-09
2.3626291e-17
1.8900836e-09
2.0066974e-17
1.8900836e-09
1.7178314e-17
1.8900836e-09
1.5055059e-17
1.8900836e-09
1.3328847e-17
1.8900836e-09
1.1403481e-17
1.8900836e-09
8.866058e-18
1.8900836e-09
5.7627551e-18
1.8900836e-09
2.542424e-18
1.8900836e-09
-2.6179825e-19
1.8900836e-09
-2.3539359e-18
1.8900836e-09
-3.780647e-18
1.8900836e-09
-4.8103748e-18
1.8900836e-09
-5.7457974e-18
1.8900836e-09
-6.8145759e-18
1.8900836e-09
-8.1414758e-18
1.8900836e-09
-9.7172845e-18
1.8900836e-09
-1.1347367e-17
1.8900836e-09
-1.267794e-17
1.8900836e-09
-1.3378061e-17
1.8900836e-09
-1.337856e-17
1.8900836e-09
-1.2939303e-17
1.8900836e-09
-1.2436264e-17
1.8900836e-09
-1.205178e-17
1.8900836e-09
-1.1677964e-17
1.8900836e-09
-1.1128996e-17
1.8900836e-09
-1.0404418e-17
1.8900836e-09
-9.669016e-18
1.8900836e-09
-8.9823113e-18
1.8900836e-09
-8.1596229e-18
1.8900836e-09
-7.007092e-18
1.8900836e-09
-5.6615139e-18
1.8900836e-09
-4.549012e-18
1.8900836e-09
-3.9243158e-18
1.8900836e-09
-3.5477319e-18
1.8900836e-09
-2.9658005e-18
1.8900836e-09
-2.095474e-18
1.8900836e-09
-1.3651402e-18
1.8900837e-09
-1.2225918e-18
1.8900837e-09
-1.6807808e-18
1.8900837e-09
-2.5014855e-18
1.8900837e-09
-3.6596232e-18
1.8900837e-09
-5.3143106e-18
1.8900837e-09
-7.3470915e-18
1.8900837e-09
-9.33231e-18
1.8900837e-09
-1.1166701e-17
1.8900837e-09
-1.3381668e-17
1.8900837e-09
-1.646507e-17
1.8900837e-09
-2.013181e-17
1.8900837e-09
-2.3772949e-17
1.8900837e-09
-2.7479308e-17
1.8900837e-09
-3.1968818e-17
1.8900837e-09
-3.7477586e-17
1.8900837e-09
-4.3466705e-17
1.8900837e-09
-4.9619303e-17
1.8900837e-09
-5.6329522e-17
1.8900838e-09
-6.3900246e-17
1.8900838e-09
-7.2161168e-17
1.8900838e-09
-8.1294089e-17
1.8900838e-09
-9.1988955e-17
1.8900839e-09
-1.0431268e-16
1.8900839e-09
-1.1766234e-16
1.8900839e-09
-1.3224215e-16
1.890084e-09
-1.4902e-16
1.890084e-09
-1.6800339e-16
1.8900841e-09
-1.8855688e-16
1.8900841e-09
-2.1134082e-16
1.8900842e-09
-2.3757781e-16
1.8900843e-09
-2.6716325e-16
1.8900844e-09
-3.0002575e-16
1.8900845e-09
-3.3753323e-16
1.8900846e-09
-3.803561e-16
1.8900847e-09
-4.2811445e-16
1.8900848e-09
-4.8211723e-16
1.890085e-09
-5.4410939e-16
1.8900852e-09
-6.1394281e-16
1.8900854e-09
-6.9288155e-16
1.8900856e-09
-7.835848e-16
1.8900859e-09
-8.8582676e-16
1.8900862e-09
-1.0011906e-15
1.8900866e-09
-1.1338042e-15
1.890087e-09
-1.2829596e-15
1.8900874e-09
-1.4510534e-15
1.890088e-09
-1.6426712e-15
1.8900885e-09
-1.8568628e-15
1.8900892e-09
-2.0991016e-15
1.89009e-09
-2.3701044e-15
1.8900908e-09
-2.6738529e-15
1.8900918e-09
-3.0125187e-15
1.8900929e-09
-3.3901529e-15
1.8900941e-09
-3.8091239e-15
1.8900955e-09
-4.2717974e-15
1.890097e-09
-4.7810813e-15
1.8900987e-09
-5.3385836e-15
1.8901006e-09
-5.945494e-15
1.8901028e-09
-6.6012445e-15
1.8901052e-09
-7.3046997e-15
1.8901078e-09
-8.0519881e-15
1.8901107e-09
-8.8368431e-15
1.8901138e-09
-9.6504421e-15
1.8901173e-09
-1.0479953e-14
1.890121e-09
-1.1308858e-14
1.890125e-09
-1.2115703e-14
1.8901293e-09
-1.2874491e-14
1.8901338e-09
-1.355491e-14
1.8901386e-09
-1.4121859e-14
1.8901434e-09
-1.4535767e-14
1.8901484e-09
-1.4760595e-14
1.8901534e-09
-1.4740735e-14
-1.4523767e-14
1.6618114e-09
2.6205472e-11
1.6473582e-09
7.7758327e-11
1.6230275e-09
1.3126591e-10
1.5880833e-09
1.9010022e-10
1.541346e-09
2.5783318e-10
1.481203e-09
3.3861502e-10
1.4056289e-09
4.3750093e-10
1.3121894e-09
5.6049242e-10
1.1978037e-09
7.1293379e-10
1.0581416e-09
8.9098278e-10
8.8733725e-10
1.0543265e-09
6.6521388e-10
1.0621027e-09
2.822499e-10
6.4130126e-10
1.1293965e-10
1.4099553e-10
7.1569704e-11
2.1167653e-11
5.7552862e-11
2.8336758e-11
4.5540637e-11
5.8234046e-11
4.9700595e-11
3.0819842e-11
9.905994e-11
-4.8000445e-11
2.0586443e-10
-1.5777249e-10
3.4531445e-10
-2.83787e-10
4.9137318e-10
-4.0112022e-10
6.3453597e-10
-4.9023499e-10
7.7107095e-10
-5.4489939e-10
8.9908652e-10
-5.6745986e-10
1.0175019e-09
-5.6391748e-10
1.1257366e-09
-5.4117829e-10
1.2236088e-09
-5.0568555e-10
1.3112798e-09
-4.6279632e-10
1.3891855e-09
-4.1660817e-10
1.4579517e-09
-3.700461e-10
1.5183111e-09
-3.2506813e-10
1.571037e-09
-2.8289702e-10
1.6168976e-09
-2.4422766e-10
1.65663e-09
-2.093893e-10
1.6909264e-09
-1.784617e-10
1.7204294e-09
-1.513543e-10
1.74573e-09
-1.278604e-10
1.7673675e-09
-1.0769665e-10
1.7858297e-09
-9.0534288e-11
1.8015536e-09
-7.6024834e-11
1.8149269e-09
-6.3821034e-11
1.8262898e-09
-5.3592838e-11
1.8359388e-09
-4.5038202e-11
1.8441297e-09
-3.7889029e-11
1.8510819e-09
-3.1913086e-11
1.8569829e-09
-2.6912989e-11
1.8619921e-09
-2.2723308e-11
1.8662449e-09
-1.9206686e-11
1.869856e-09
-1.6249719e-11
1.8729227e-09
-1.3759022e-11
1.8755271e-09
-1.1657717e-11
1.8777391e-09
-9.882416e-12
1.8796177e-09
-8.3807077e-12
1.8812132e-09
-7.1091206e-12
1.882568e-09
-6.0314865e-12
1.8837183e-09
-5.1176138e-12
1.8846948e-09
-4.3422138e-12
1.8855235e-09
-3.6840447e-12
1.8862266e-09
-3.1252262e-12
1.8868229e-09
-2.6506805e-12
1.8873286e-09
-2.2476661e-12
1.8877572e-09
-1.9053958e-12
1.8881203e-09
-1.6147258e-12
1.8884278e-09
-1.3679033e-12
1.8886881e-09
-1.1583504e-12
1.8889084e-09
-9.8047854e-13
1.8890946e-09
-8.2953521e-13
1.889252e-09
-7.014786e-13
1.889385e-09
-5.9287298e-13
1.8894972e-09
-5.0079818e-13
1.8895918e-09
-4.2276993e-13
1.8896717e-09
-3.5667291e-13
1.8897389e-09
-3.0070685e-13
1.8897955e-09
-2.5334125e-13
1.8898431e-09
-2.1327528e-13
1.8898831e-09
-1.7940274e-13
1.8899167e-09
-1.5078233e-13
1.8899448e-09
-1.2661362e-13
1.8899684e-09
-1.0621709e-13
1.8899882e-09
-8.9016164e-14
1.8900047e-09
-7.4520988e-14
1.8900185e-09
-6.2315007e-14
1.89003e-09
-5.2044309e-14
1.8900396e-09
-4.340896e-14
1.8900475e-09
-3.6155163e-14
1.8900541e-09
-3.0067883e-14
1.8900596e-09
-2.496454e-14
1.8900641e-09
-2.0690277e-14
1.8900679e-09
-1.7114298e-14
1.8900709e-09
-1.4126465e-14
1.8900734e-09
-1.1633792e-14
1.8900755e-09
-9.5572529e-15
1.8900772e-09
-7.8295262e-15
1.8900786e-09
-6.3937032e-15
1.8900797e-09
-5.2022976e-15
1.8900806e-09
-4.2158933e-15
1.8900813e-09
-3.4014194e-15
1.8900819e-09
-2.7306132e-15
1.8900823e-09
-2.1791897e-15
1.8900827e-09
-1.7266558e-15
1.890083e-09
-1.3562033e-15
1.8900832e-09
-1.0542006e-15
1.8900833e-09
-8.0932168e-16
1.8900834e-09
-6.1176427e-16
1.8900835e-09
-4.5295447e-16
1.8900836e-09
-3.2568399e-16
1.8900836e-09
-2.2426267e-16
1.8900836e-09
-1.4432092e-16
1.8900836e-09
-8.2282154e-17
1.8900836e-09
-3.4861336e-17
1.8900836e-09
1.0667733e-18
1.8900836e-09
2.8214979e-17
1.8900836e-09
4.8557903e-17
1.8900836e-09
6.3281695e-17
1.8900836e-09
7.3093991e-17
1.8900835e-09
7.8674497e-17
1.8900835e-09
8.0929597e-17
1.8900835e-09
8.0895746e-17
1.8900835e-09
7.9430544e-17
1.8900835e-09
7.6986147e-17
1.8900834e-09
7.3664785e-17
1.8900834e-09
6.9501245e-17
1.8900834e-09
6.4724303e-17
1.8900834e-09
5.9778766e-17
1.8900834e-09
5.5094656e-17
1.8900834e-09
5.0809564e-17
1.8900833e-09
4.6694493e-17
1.8900833e-09
4.2371378e-17
1.8900833e-09
3.7663132e-17
1.8900833e-09
3.2797975e-17
1.8900833e-09
2.8288477e-17
1.8900833e-09
2.4562986e-17
1.8900833e-09
2.1631127e-17
1.8900833e-09
1.9050839e-17
1.8900833e-09
1.6230427e-17
1.8900833e-09
1.2835769e-17
1.8900833e-09
8.9960487e-18
1.8900833e-09
5.1741305e-18
1.8900833e-09
1.8353971e-18
1.8900833e-09
-8.1773421e-19
1.8900833e-09
-2.8777091e-18
1.8900833e-09
-4.5827716e-18
1.8900833e-09
-6.1639997e-18
1.8900833e-09
-7.7942532e-18
1.8900833e-09
-9.5882147e-18
1.8900833e-09
-1.1555083e-17
1.8900833e-09
-1.3518898e-17
1.8900833e-09
-1.5138875e-17
1.8900833e-09
-1.6103376e-17
1.8900833e-09
-1.6366505e-17
1.8900833e-09
-1.6188766e-17
1.8900833e-09
-1.5908691e-17
1.8900833e-09
-1.5661882e-17
1.8900833e-09
-1.5332121e-17
1.8900833e-09
-1.4778038e-17
1.8900833e-09
-1.4033046e-17
1.8900833e-09
-1.3222695e-17
1.8900833e-09
-1.2327857e-17
1.8900833e-09
-1.1159901e-17
1.8900833e-09
-9.6483872e-18
1.8900833e-09
-8.0718987e-18
1.8900833e-09
-6.8457649e-18
1.8900833e-09
-6.0462552e-18
1.8900833e-09
-5.2885686e-18
1.8900833e-09
-4.2046934e-18
1.8900833e-09
-2.9659102e-18
1.8900833e-09
-2.1566754e-18
1.8900833e-09
-2.1352859e-18
1.8900833e-09
-2.7275827e-18
1.8900833e-09
-3.6358734e-18
1.8900833e-09
-4.9066788e-18
1.8900833e-09
-6.7419133e-18
1.8900833e-09
-9.0136906e-18
1.8900833e-09
-1.1373454e-17
1.8900833e-09
-1.3862073e-17
1.8900833e-09
-1.6963695e-17
1.8900833e-09
-2.0859389e-17
1.8900833e-09
-2.5080836e-17
1.8900834e-09
-2.9289386e-17
1.8900834e-09
-3.3985637e-17
1.8900834e-09
-3.9862652e-17
1.8900834e-09
-4.6762022e-17
1.8900834e-09
-5.4001895e-17
1.8900834e-09
-6.1533619e-17
1.8900834e-09
-6.9931099e-17
1.8900834e-09
-7.941345e-17
1.8900834e-09
-8.9886518e-17
1.8900835e-09
-1.0177809e-16
1.8900835e-09
-1.1563335e-16
1.8900835e-09
-1.3111118e-16
1.8900835e-09
-1.4776138e-16
1.8900836e-09
-1.6635268e-16
1.8900836e-09
-1.8784938e-16
1.8900837e-09
-2.119176e-16
1.8900837e-09
-2.3824283e-16
1.8900838e-09
-2.6794719e-16
1.8900838e-09
-3.019546e-16
1.8900839e-09
-3.4002144e-16
1.890084e-09
-3.8266319e-16
1.8900841e-09
-4.3136039e-16
1.8900842e-09
-4.8664577e-16
1.8900843e-09
-5.4881242e-16
1.8900844e-09
-6.1939839e-16
1.8900846e-09
-6.9992442e-16
1.8900848e-09
-7.9109385e-16
1.890085e-09
-8.9421207e-16
1.8900852e-09
-1.0117208e-15
1.8900855e-09
-1.1455383e-15
1.8900858e-09
-1.297255e-15
1.8900861e-09
-1.4699374e-15
1.8900865e-09
-1.6655835e-15
1.8900869e-09
-1.8862669e-15
1.8900874e-09
-2.1366683e-15
1.890088e-09
-2.4178604e-15
1.8900886e-09
-2.7349207e-15
1.8900893e-09
-3.0912474e-15
1.8900901e-09
-3.4902475e-15
1.8900911e-09
-3.9365842e-15
1.8900921e-09
-4.4341697e-15
1.8900933e-09
-4.9870422e-15
1.8900946e-09
-5.5985634e-15
1.8900961e-09
-6.272831e-15
1.8900978e-09
-7.0129366e-15
1.8900997e-09
-7.821043e-15
1.8901018e-09
-8.6965165e-15
1.8901041e-09
-9.6378546e-15
1.8901067e-09
-1.0641243e-14
1.8901095e-09
-1.1699789e-14
1.8901127e-09
-1.2802178e-14
1.8901161e-09
-1.3931424e-14
1.8901199e-09
-1.5066083e-14
1.890124e-09
-1.617849e-14
1.8901283e-09
-1.7233843e-14
1.890133e-09
-1.8190587e-14
1.8901378e-09
-1.9000418e-14
1.8901429e-09
-1.960829e-14
1.8901481e-09
-1.9963571e-14
1.8901534e-09
-1.9987136e-14
-1.9740161e-14
1.6633926e-09
2.9479497e-11
1.6536103e-09
8.7540637e-11
1.6372259e-09
1.4765029e-10
1.6140081e-09
2.1331807e-10
1.5836411e-09
2.8820015e-10
1.545822e-09
3.7643413e-10
1.5003824e-09
4.8294059e-10
1.4472738e-09
6.1360099e-10
1.3855709e-09
7.7463666e-10
1.3079761e-09
9.6857758e-10
1.1818619e-09
1.1804407e-09
9.1725963e-10
1.3267049e-09
5.4267175e-10
1.0158891e-09
2.7044379e-10
4.1322349e-10
1.5801921e-10
1.3359223e-10
1.3327399e-10
5.3081975e-11
1.7388351e-10
1.7624526e-11
2.5346873e-10
-4.8765375e-11
3.7309741e-10
-1.6762913e-10
5.217838e-10
-3.0645887e-10
6.7634557e-10
-4.3834877e-10
8.2069784e-10
-5.4547248e-10
9.4971389e-10
-6.1925104e-10
1.0636022e-09
-6.5878771e-10
1.1640244e-09
-6.6788204e-10
1.2527095e-09
-6.5260254e-10
1.331126e-09
-6.1959488e-10
1.4004784e-09
-5.7503793e-10
1.4617805e-09
-5.2409843e-10
1.5159216e-09
-4.7074923e-10
1.5637009e-09
-4.1782541e-10
1.6058387e-09
-3.6720591e-10
1.6429769e-09
-3.2003523e-10
1.6756799e-09
-2.7693068e-10
1.7044396e-09
-2.3814904e-10
1.7296849e-09
-2.0370694e-10
1.7517925e-09
-1.7346196e-10
1.7710986e-09
-1.4716642e-10
1.7879067e-09
-1.2450476e-10
1.8024944e-09
-1.0512203e-10
1.8151167e-09
-8.8647065e-11
1.8260073e-09
-7.4711678e-11
1.83538e-09
-6.2965572e-11
1.8434286e-09
-5.3086743e-11
1.850327e-09
-4.4787464e-11
1.8562304e-09
-3.781649e-11
1.8612758e-09
-3.1958368e-11
1.8655833e-09
-2.7030816e-11
1.8692577e-09
-2.2881044e-11
1.8723897e-09
-1.9381729e-11
1.8750578e-09
-1.6427107e-11
1.8773294e-09
-1.3929391e-11
1.8792627e-09
-1.1815654e-11
1.8809072e-09
-1.0025201e-11
1.8823054e-09
-8.5074071e-12
1.8834939e-09
-7.2199419e-12
1.8845036e-09
-6.1273151e-12
1.8853611e-09
-5.1996922e-12
1.886089e-09
-4.4119408e-12
1.8867066e-09
-3.7428552e-12
1.8872304e-09
-3.174513e-12
1.8876745e-09
-2.6917399e-12
1.8880508e-09
-2.2816719e-12
1.8883695e-09
-1.9333941e-12
1.8886392e-09
-1.6376431e-12
1.8888674e-09
-1.3865503e-12
1.8890603e-09
-1.1734251e-12
1.8892234e-09
-9.9257579e-13
1.8893611e-09
-8.3916166e-13
1.8894773e-09
-7.0906645e-13
1.8895753e-09
-5.9878934e-13
1.8896578e-09
-5.0535077e-13
1.8897274e-09
-4.2621386e-13
1.8897859e-09
-3.5922007e-13
1.8898351e-09
-3.0253405e-13
1.8898764e-09
-2.5459526e-13
1.8899111e-09
-2.1407652e-13
1.8899401e-09
-1.798492e-13
1.8899645e-09
-1.5095416e-13
1.8899848e-09
-1.2657703e-13
1.8900019e-09
-1.0602624e-13
1.890016e-09
-8.8714015e-14
1.8900279e-09
-7.4140896e-14
1.8900377e-09
-6.1883067e-14
1.8900459e-09
-5.158144e-14
1.8900527e-09
-4.2931862e-14
1.8900583e-09
-3.567643e-14
1.8900629e-09
-2.9596414e-14
1.8900667e-09
-2.4506742e-14
1.8900699e-09
-2.025127e-14
1.8900724e-09
-1.6698225e-14
1.8900745e-09
-1.3735978e-14
1.8900762e-09
-1.1269614e-14
1.8900776e-09
-9.2186524e-15
1.8900788e-09
-7.5154746e-15
1.8900797e-09
-6.1037343e-15
1.8900804e-09
-4.936374e-15
1.8900809e-09
-3.9735964e-15
1.8900814e-09
-3.1813786e-15
1.8900817e-09
-2.5307671e-15
1.890082e-09
-1.9976008e-15
1.8900822e-09
-1.5620697e-15
1.8900824e-09
-1.2078667e-15
1.8900825e-09
-9.2120763e-16
1.8900826e-09
-6.9018655e-16
1.8900826e-09
-5.0464796e-16
1.8900827e-09
-3.5630625e-16
1.8900827e-09
-2.3867019e-16
1.8900827e-09
-1.4658121e-16
1.8900827e-09
-7.5585005e-17
1.8900826e-09
-2.1540168e-17
1.8900826e-09
1.9323416e-17
1.8900826e-09
5.0062095e-17
1.8900826e-09
7.2778144e-17
1.8900826e-09
8.8752925e-17
1.8900825e-09
9.8892922e-17
1.8900825e-09
1.0417097e-16
1.8900825e-09
1.0576469e-16
1.8900825e-09
1.0485366e-16
1.8900824e-09
1.0230456e-16
1.8900824e-09
9.8537866e-17
1.8900824e-09
9.3690799e-17
1.8900824e-09
8.7932078e-17
1.8900824e-09
8.1660936e-17
1.8900823e-09
7.5425673e-17
1.8900823e-09
6.9634103e-17
1.8900823e-09
6.4307857e-17
1.8900823e-09
5.910374e-17
1.8900823e-09
5.3613852e-17
1.8900823e-09
4.7726864e-17
1.8900823e-09
4.1767263e-17
1.8900823e-09
3.6292265e-17
1.8900823e-09
3.1691575e-17
1.8900822e-09
2.7896651e-17
1.8900822e-09
2.4425028e-17
1.8900822e-09
2.0723158e-17
1.8900822e-09
1.6540865e-17
1.8900822e-09
1.2060484e-17
1.8900822e-09
7.7146824e-18
1.8900822e-09
3.8726393e-18
1.8900822e-09
6.4697698e-19
1.8900822e-09
-2.0736626e-18
1.8900822e-09
-4.4723236e-18
1.8900822e-09
-6.7043216e-18
1.8900822e-09
-8.9018928e-18
1.8900822e-09
-1.1183924e-17
1.8900822e-09
-1.357697e-17
1.8900822e-09
-1.5908425e-17
1.8900822e-09
-1.7835246e-17
1.8900822e-09
-1.9062238e-17
1.8900822e-09
-1.9576396e-17
1.8900822e-09
-1.9652801e-17
1.8900822e-09
-1.9602271e-17
1.8900823e-09
-1.9509532e-17
1.8900823e-09
-1.9239042e-17
1.8900823e-09
-1.8672642e-17
1.8900823e-09
-1.7859828e-17
1.8900823e-09
-1.6896955e-17
1.8900823e-09
-1.5730831e-17
1.8900823e-09
-1.4213534e-17
1.8900823e-09
-1.2388482e-17
1.8900823e-09
-1.0598638e-17
1.8900823e-09
-9.167927e-18
1.8900823e-09
-8.0040223e-18
1.8900823e-09
-6.6928056e-18
1.8900823e-09
-5.0692814e-18
1.8900823e-09
-3.5548032e-18
1.8900823e-09
-2.7621308e-18
1.8900823e-09
-2.8394568e-18
1.8900823e-09
-3.4290549e-18
1.8900823e-09
-4.2789852e-18
1.8900823e-09
-5.6013484e-18
1.8900823e-09
-7.6596491e-18
1.8900823e-09
-1.0281946e-17
1.8900823e-09
-1.3127785e-17
1.8900823e-09
-1.6279451e-17
1.8900823e-09
-2.0112882e-17
1.8900823e-09
-2.4607539e-17
1.8900823e-09
-2.9340418e-17
1.8900823e-09
-3.4320762e-17
1.8900823e-09
-4.0217704e-17
1.8900823e-09
-4.7390986e-17
1.8900823e-09
-5.5301177e-17
1.8900823e-09
-6.3433044e-17
1.8900824e-09
-7.2218651e-17
1.8900824e-09
-8.2363252e-17
1.8900824e-09
-9.3890107e-17
1.8900824e-09
-1.0667665e-16
1.8900824e-09
-1.2118534e-16
1.8900824e-09
-1.3769775e-16
1.8900825e-09
-1.5576994e-16
1.8900825e-09
-1.75511e-16
1.8900825e-09
-1.981368e-16
1.8900826e-09
-2.2420116e-16
1.8900826e-09
-2.530274e-16
1.8900826e-09
-2.8478266e-16
1.8900827e-09
-3.2083975e-16
1.8900828e-09
-3.6176659e-16
1.8900828e-09
-4.0765787e-16
1.8900829e-09
-4.5970649e-16
1.890083e-09
-5.1895108e-16
1.8900831e-09
-5.8573281e-16
1.8900832e-09
-6.6138757e-16
1.8900833e-09
-7.4725452e-16
1.8900835e-09
-8.4421433e-16
1.8900836e-09
-9.5485269e-16
1.8900838e-09
-1.081166e-15
1.890084e-09
-1.2241042e-15
1.8900843e-09
-1.387254e-15
1.8900846e-09
-1.573128e-15
1.8900849e-09
-1.7833589e-15
1.8900852e-09
-2.0222364e-15
1.8900856e-09
-2.2923988e-15
1.8900861e-09
-2.5977403e-15
1.8900866e-09
-2.9433233e-15
1.8900872e-09
-3.3319012e-15
1.8900879e-09
-3.7700248e-15
1.8900887e-09
-4.2601845e-15
1.8900895e-09
-4.8093211e-15
1.8900905e-09
-5.4220957e-15
1.8900916e-09
-6.1049169e-15
1.8900929e-09
-6.8628757e-15
1.8900943e-09
-7.700574e-15
1.8900959e-09
-8.6215104e-15
1.8900978e-09
-9.6293053e-15
1.8900998e-09
-1.072575e-14
1.8901021e-09
-1.1910335e-14
1.8901046e-09
-1.3178444e-14
1.8901074e-09
-1.4522063e-14
1.8901105e-09
-1.5928961e-14
1.890114e-09
-1.7379858e-14
1.8901178e-09
-1.884892e-14
1.8901219e-09
-2.0302031e-14
1.8901264e-09
-2.1695263e-14
1.8901311e-09
-2.2975622e-14
1.8901362e-09
-2.4081272e-14
1.8901416e-09
-2.4939579e-14
1.8901471e-09
-2.5481549e-14
1.8901527e-09
-2.5600192e-14
-2.5368196e-14
1.6650072e-09
3.1138932e-11
1.6600136e-09
9.2534235e-11
1.6517666e-09
1.5589733e-10
1.6404907e-09
2.24594e-10
1.6266415e-09
3.0204936e-10
1.6110847e-09
3.9199088e-10
1.5953674e-09
4.9865794e-10
1.5819966e-09
6.2697176e-10
1.5742629e-09
7.8237039e-10
1.5738235e-09
9.6901691e-10
1.5728521e-09
1.1814122e-09
1.521567e-09
1.3779901e-09
1.2358352e-09
1.3016209e-09
8.1046198e-10
8.3859669e-10
5.5028995e-10
3.9376426e-10
4.8332678e-10
1.2004515e-10
5.458402e-10
-4.4888893e-11
6.8217692e-10
-1.8510209e-10
8.3852607e-10
-3.2397829e-10
9.8789086e-10
-4.5582366e-10
1.1178891e-09
-5.6834702e-10
1.2259382e-09
-6.5352152e-10
1.3143402e-09
-7.0765313e-10
1.3868123e-09
-7.3125981e-10
1.4469616e-09
-7.2803129e-10
1.4977429e-09
-7.0338387e-10
1.5413739e-09
-6.632259e-10
1.5794407e-09
-6.1310474e-10
1.6130589e-09
-5.5771657e-10
1.6430219e-09
-5.0071224e-10
1.6699107e-09
-4.4471419e-10
1.694163e-09
-3.9145821e-10
1.7161138e-09
-3.4198603e-10
1.7360195e-09
-2.9683637e-10
1.7540751e-09
-2.5620462e-10
1.7704293e-09
-2.2006119e-10
1.7851992e-09
-1.8823183e-10
1.7984828e-09
-1.6045007e-10
1.81037e-09
-1.3639198e-10
1.8209494e-09
-1.1570134e-10
1.8303119e-09
-9.8009574e-11
1.8385523e-09
-8.2952111e-11
1.8457681e-09
-7.018134e-11
1.8520573e-09
-5.9375946e-11
1.8575164e-09
-5.0246564e-11
1.862238e-09
-4.2538152e-11
1.8663094e-09
-3.6029754e-11
1.869811e-09
-3.0532413e-11
1.872816e-09
-2.588603e-11
1.8753901e-09
-2.1955803e-11
1.8775916e-09
-1.8628638e-11
1.879472e-09
-1.5809802e-11
1.8810763e-09
-1.3419942e-11
1.8824436e-09
-1.1392534e-11
1.883608e-09
-9.6717402e-12
1.8845986e-09
-8.2106083e-12
1.8854409e-09
-6.9695833e-12
1.8861565e-09
-5.9152822e-12
1.886764e-09
-5.0194924e-12
1.8872795e-09
-4.258342e-12
1.8877166e-09
-3.6116044e-12
1.888087e-09
-3.0621205e-12
1.8884007e-09
-2.5953212e-12
1.8886661e-09
-2.1988304e-12
1.8888906e-09
-1.862131e-12
1.8890803e-09
-1.5762798e-12
1.8892405e-09
-1.3336664e-12
1.8893758e-09
-1.1278148e-12
1.8894898e-09
-9.5321517e-13
1.889586e-09
-8.0517999e-13
1.8896669e-09
-6.7972034e-13
1.889735e-09
-5.7344037e-13
1.8897922e-09
-4.83449e-13
1.8898403e-09
-4.0728654e-13
1.8898806e-09
-3.4286117e-13
1.8899144e-09
-2.8839394e-13
1.8899427e-09
-2.4237217e-13
1.8899664e-09
-2.0351e-13
1.8899861e-09
-1.707149e-13
1.8900026e-09
-1.4305895e-13
1.8900163e-09
-1.1975391e-13
1.8900277e-09
-1.0013e-13
1.8900372e-09
-8.361862e-14
1.8900451e-09
-6.9737585e-14
1.8900516e-09
-5.807825e-14
1.8900569e-09
-4.8294238e-14
1.8900614e-09
-4.0091905e-14
1.890065e-09
-3.3222619e-14
1.8900679e-09
-2.7476353e-14
1.8900704e-09
-2.2675851e-14
1.8900723e-09
-1.8671169e-14
1.8900739e-09
-1.5335054e-14
1.8900752e-09
-1.2559507e-14
1.8900763e-09
-1.0253401e-14
1.8900771e-09
-8.3404744e-15
1.8900777e-09
-6.7570778e-15
1.8900783e-09
-5.4497208e-15
1.8900787e-09
-4.3729606e-15
1.890079e-09
-3.4880775e-15
1.8900792e-09
-2.7624376e-15
1.8900794e-09
-2.1690006e-15
1.8900795e-09
-1.6855062e-15
1.8900796e-09
-1.2933741e-15
1.8900796e-09
-9.7675212e-16
1.8900797e-09
-7.2206579e-16
1.8900797e-09
-5.1800379e-16
1.8900797e-09
-3.5552181e-16
1.8900797e-09
-2.2749889e-16
1.8900797e-09
-1.2806759e-16
1.8900796e-09
-5.1986033e-17
1.8900796e-09
5.5819245e-18
1.8900796e-09
4.8840788e-17
1.8900795e-09
8.1007214e-17
1.8900795e-09
1.0421653e-16
1.8900795e-09
1.1983888e-16
1.8900794e-09
1.2900358e-16
1.8900794e-09
1.3297173e-16
1.8900794e-09
1.3313874e-16
1.8900794e-09
1.3074985e-16
1.8900793e-09
1.2662158e-16
1.8900793e-09
1.2112303e-16
1.8900793e-09
1.1443331e-16
1.8900793e-09
1.0685788e-16
1.8900793e-09
9.894352e-17
1.8900792e-09
9.12994e-17
1.8900792e-09
8.4275179e-17
1.8900792e-09
7.7768873e-17
1.8900792e-09
7.1344091e-17
1.8900792e-09
6.459323e-17
1.8900792e-09
5.7482284e-17
1.8900792e-09
5.0415892e-17
1.8900792e-09
4.3966319e-17
1.8900792e-09
3.8468287e-17
1.8900792e-09
3.3786325e-17
1.8900791e-09
2.942573e-17
1.8900791e-09
2.4889755e-17
1.8900791e-09
2.0002849e-17
1.8900791e-09
1.496793e-17
1.8900791e-09
1.0154552e-17
1.8900791e-09
5.8247563e-18
1.8900791e-09
2.0162776e-18
1.8900791e-09
-1.3774845e-18
1.8900791e-09
-4.4742445e-18
1.8900791e-09
-7.3637541e-18
1.8900791e-09
-1.0154173e-17
1.8900791e-09
-1.2971583e-17
1.8900791e-09
-1.5843625e-17
1.8900791e-09
-1.857928e-17
1.8900791e-09
-2.0825036e-17
1.8900791e-09
-2.2312792e-17
1.8900792e-09
-2.3079732e-17
1.8900792e-09
-2.3423034e-17
1.8900792e-09
-2.361592e-17
1.8900792e-09
-2.3679089e-17
1.8900792e-09
-2.3450499e-17
1.8900792e-09
-2.2833174e-17
1.8900792e-09
-2.1899266e-17
1.8900792e-09
-2.0733841e-17
1.8900792e-09
-1.9271468e-17
1.8900792e-09
-1.7407427e-17
1.8900792e-09
-1.5262007e-17
1.8900792e-09
-1.3185414e-17
1.8900792e-09
-1.1395348e-17
1.8900792e-09
-9.7004838e-18
1.8900792e-09
-7.7633211e-18
1.8900792e-09
-5.6529745e-18
1.8900792e-09
-3.944788e-18
1.8900792e-09
-3.1443172e-18
1.8900792e-09
-3.1625083e-18
1.8900792e-09
-3.5754095e-18
1.8900792e-09
-4.3113539e-18
1.8900792e-09
-5.7595138e-18
1.8900792e-09
-8.143497e-18
1.8900792e-09
-1.1148683e-17
1.8900792e-09
-1.4413838e-17
1.8900792e-09
-1.808757e-17
1.8900792e-09
-2.2513526e-17
1.8900792e-09
-2.7600508e-17
1.8900792e-09
-3.304095e-17
1.8900792e-09
-3.9033814e-17
1.8900792e-09
-4.611301e-17
1.8900792e-09
-5.4218329e-17
1.8900792e-09
-6.2728342e-17
1.8900792e-09
-7.1633122e-17
1.8900793e-09
-8.180813e-17
1.8900793e-09
-9.3787912e-17
1.8900793e-09
-1.0723416e-16
1.8900793e-09
-1.220188e-16
1.8900793e-09
-1.3868229e-16
1.8900793e-09
-1.5740021e-16
1.8900794e-09
-1.7792438e-16
1.8900794e-09
-2.0090291e-16
1.8900794e-09
-2.274926e-16
1.8900794e-09
-2.5756079e-16
1.8900795e-09
-2.9043961e-16
1.8900795e-09
-3.2707142e-16
1.8900796e-09
-3.6896894e-16
1.8900796e-09
-4.163491e-16
1.8900797e-09
-4.6965644e-16
1.8900798e-09
-5.3035798e-16
1.8900798e-09
-5.9883805e-16
1.8900799e-09
-6.7547927e-16
1.89008e-09
-7.6287435e-16
1.8900801e-09
-8.6269128e-16
1.8900803e-09
-9.7529795e-16
1.8900804e-09
-1.1039164e-15
1.8900806e-09
-1.250962e-15
1.8900808e-09
-1.4169198e-15
1.890081e-09
-1.6065908e-15
1.8900813e-09
-1.8230914e-15
1.8900815e-09
-2.0678483e-15
1.8900819e-09
-2.3468352e-15
1.8900822e-09
-2.663481e-15
1.8900827e-09
-3.0207954e-15
1.8900831e-09
-3.4252513e-15
1.8900837e-09
-3.8802536e-15
1.8900843e-09
-4.3936551e-15
1.890085e-09
-4.9701963e-15
1.8900858e-09
-5.617859e-15
1.8900868e-09
-6.3420702e-15
1.8900878e-09
-7.1495222e-15
1.890089e-09
-8.0474361e-15
1.8900903e-09
-9.0433766e-15
1.8900918e-09
-1.0143283e-14
1.8900936e-09
-1.135116e-14
1.8900955e-09
-1.2669736e-14
1.8900977e-09
-1.4100871e-14
1.8901002e-09
-1.5641693e-14
1.8901029e-09
-1.7284033e-14
1.890106e-09
-1.9015093e-14
1.8901094e-09
-2.0814286e-14
1.8901133e-09
-2.2652374e-14
1.8901174e-09
-2.4489606e-14
1.890122e-09
-2.627375e-14
1.890127e-09
-2.7940085e-14
1.8901323e-09
-2.9411456e-14
1.890138e-09
-3.0595089e-14
1.8901439e-09
-3.1400406e-14
1.89015e-09
-3.168713e-14
-3.1534466e-14
1.6665205e-09
3.1285121e-11
1.6660348e-09
9.3019909e-11
1.6654291e-09
1.5650301e-10
1.6652743e-09
2.2474886e-10
1.6666005e-09
3.0072312e-10
1.6711327e-09
3.8745873e-10
1.6816818e-09
4.8810884e-10
1.7027355e-09
6.0591804e-10
1.7412358e-09
7.4387004e-10
1.8070542e-09
9.0319858e-10
1.911833e-09
1.0766333e-09
2.0523781e-09
1.2374449e-09
2.1038253e-09
1.2501738e-09
1.9400816e-09
1.0023403e-09
1.7052953e-09
6.2855061e-10
1.5400181e-09
2.8532231e-10
1.4763536e-09
1.8775606e-11
1.4863235e-09
-1.9507197e-10
1.5304165e-09
-3.680713e-10
1.5822488e-09
-5.0765594e-10
1.6286474e-09
-6.1474559e-10
1.6649625e-09
-6.8983667e-10
1.691265e-09
-7.3395566e-10
1.709611e-09
-7.4960581e-10
1.7224786e-09
-7.4089884e-10
1.7320417e-09
-7.1294704e-10
1.7399155e-09
-6.7109961e-10
1.74715e-09
-6.2033925e-10
1.7543405e-09
-5.6490712e-10
1.7617664e-09
-5.081381e-10
1.7695122e-09
-4.5246006e-10
1.7775545e-09
-3.9950046e-10
1.7858138e-09
-3.5024533e-10
1.7941836e-09
-3.0520615e-10
1.8025451e-09
-2.6456612e-10
1.8107767e-09
-2.2829279e-10
1.8187615e-09
-1.9621667e-10
1.8263946e-09
-1.6808312e-10
1.8335886e-09
-1.4358598e-10
1.8402781e-09
-1.2239085e-10
1.8464211e-09
-1.0415258e-10
1.8519982e-09
-8.8529264e-11
1.8570102e-09
-7.5193328e-11
1.861474e-09
-6.3839738e-11
1.8654187e-09
-5.4191225e-11
1.8688813e-09
-4.6000813e-11
1.8719037e-09
-3.9052084e-11
1.874529e-09
-3.3157776e-11
1.8768004e-09
-2.8157378e-11
1.8787588e-09
-2.3914215e-11
1.8804426e-09
-2.031241e-11
1.8818867e-09
-1.7253944e-11
1.8831228e-09
-1.4655995e-11
1.8841788e-09
-1.2448595e-11
1.8850797e-09
-1.0572615e-11
1.8858471e-09
-8.9780427e-12
1.8865001e-09
-7.6225308e-12
1.887055e-09
-6.4701925e-12
1.8875261e-09
-5.4905921e-12
1.8879256e-09
-4.6578971e-12
1.8882642e-09
-3.9501634e-12
1.8885508e-09
-3.3487352e-12
1.8887932e-09
-2.8377475e-12
1.8889981e-09
-2.4037032e-12
1.8891711e-09
-2.0351182e-12
1.889317e-09
-1.7222162e-12
1.88944e-09
-1.4566723e-12
1.8895436e-09
-1.2313989e-12
1.8896308e-09
-1.0403632e-12
1.889704e-09
-8.7842972e-13
1.8897655e-09
-7.4122655e-13
1.8898171e-09
-6.2503135e-13
1.8898603e-09
-5.2667524e-13
1.8898965e-09
-4.4346212e-13
1.8899268e-09
-3.7309881e-13
1.889952e-09
-3.136351e-13
1.889973e-09
-2.6341297e-13
1.8899905e-09
-2.2102337e-13
1.8900051e-09
-1.8526907e-13
1.8900172e-09
-1.551331e-13
1.8900272e-09
-1.2975166e-13
1.8900354e-09
-1.0839131e-13
1.8900422e-09
-9.0429819e-14
1.8900478e-09
-7.5339656e-14
1.8900524e-09
-6.2673524e-14
1.8900562e-09
-5.2052236e-14
1.8900593e-09
-4.3154646e-14
1.8900618e-09
-3.5709279e-14
1.8900638e-09
-2.9486981e-14
1.8900654e-09
-2.4294118e-14
1.8900667e-09
-1.9966586e-14
1.8900677e-09
-1.6365118e-14
1.8900685e-09
-1.3371911e-14
1.8900692e-09
-1.0888007e-14
1.8900696e-09
-8.8307203e-15
1.89007e-09
-7.1308026e-15
1.8900703e-09
-5.7297393e-15
1.8900705e-09
-4.577762e-15
1.8900706e-09
-3.6327156e-15
1.8900707e-09
-2.8593801e-15
1.8900708e-09
-2.2286669e-15
1.8900708e-09
-1.7164618e-15
1.8900708e-09
-1.3024084e-15
1.8900708e-09
-9.6909718e-16
1.8900708e-09
-7.018128e-16
1.8900708e-09
-4.8854206e-16
1.8900708e-09
-3.197803e-16
1.8900707e-09
-1.8792901e-16
1.8900707e-09
-8.6511997e-17
1.8900706e-09
-9.6480101e-18
1.8900706e-09
4.7969651e-17
1.8900705e-09
9.0737402e-17
1.8900705e-09
1.2185573e-16
1.8900705e-09
1.4342383e-16
1.8900704e-09
1.5690945e-16
1.8900704e-09
1.6368145e-16
1.8900704e-09
1.6526024e-16
1.8900703e-09
1.6318147e-16
1.8900703e-09
1.5866837e-16
1.8900703e-09
1.5243029e-16
1.8900703e-09
1.4476954e-16
1.8900702e-09
1.35911e-16
1.8900702e-09
1.2628796e-16
1.8900702e-09
1.1656094e-16
1.8900702e-09
1.0735555e-16
1.8900702e-09
9.8934005e-17
1.8900701e-09
9.1075216e-17
1.8900701e-09
8.3280772e-17
1.8900701e-09
7.5172751e-17
1.8900701e-09
6.6799887e-17
1.8900701e-09
5.8626142e-17
1.8900701e-09
5.1211269e-17
1.8900701e-09
4.4823146e-17
1.8900701e-09
3.9268989e-17
1.8900701e-09
3.4058495e-17
1.8900701e-09
2.8755828e-17
1.8900701e-09
2.3243628e-17
1.8900701e-09
1.7719228e-17
1.8900701e-09
1.2471866e-17
1.8900701e-09
7.6604186e-18
1.8900701e-09
3.2665865e-18
1.8900701e-09
-7.9743874e-19
1.8900701e-09
-4.5888825e-18
1.8900701e-09
-8.1502454e-18
1.8900701e-09
-1.1577489e-17
1.8900701e-09
-1.4994934e-17
1.8900701e-09
-1.8407303e-17
1.8900701e-09
-2.1586575e-17
1.8900701e-09
-2.4170402e-17
1.8900701e-09
-2.5933767e-17
1.8900701e-09
-2.6974141e-17
1.8900701e-09
-2.7601898e-17
1.8900701e-09
-2.8035406e-17
1.8900701e-09
-2.8228386e-17
1.8900701e-09
-2.8002254e-17
1.8900701e-09
-2.7295458e-17
1.8900701e-09
-2.6208204e-17
1.8900701e-09
-2.4810952e-17
1.8900701e-09
-2.3020811e-17
1.8900701e-09
-2.0767095e-17
1.8900701e-09
-1.8228862e-17
1.8900701e-09
-1.5751531e-17
1.8900701e-09
-1.3470576e-17
1.8900701e-09
-1.1155909e-17
1.8900701e-09
-8.5875456e-18
1.8900701e-09
-6.0270661e-18
1.8900701e-09
-4.0988778e-18
1.8900701e-09
-3.1464586e-18
1.8900701e-09
-2.9214533e-18
1.8900701e-09
-3.0727814e-18
1.8900701e-09
-3.749203e-18
1.8900701e-09
-5.409047e-18
1.8900701e-09
-8.108507e-18
1.8900701e-09
-1.1386738e-17
1.8900701e-09
-1.4961334e-17
1.8900701e-09
-1.9125788e-17
1.8900701e-09
-2.4201067e-17
1.8900701e-09
-2.9997596e-17
1.8900701e-09
-3.624568e-17
1.8900701e-09
-4.3193265e-17
1.8900702e-09
-5.1178498e-17
1.8900702e-09
-5.9918739e-17
1.8900702e-09
-6.9015325e-17
1.8900702e-09
-7.8949067e-17
1.8900702e-09
-9.0635326e-17
1.8900702e-09
-1.041374e-16
1.8900702e-09
-1.1891441e-16
1.8900702e-09
-1.3517753e-16
1.8900702e-09
-1.5370535e-16
1.8900703e-09
-1.745922e-16
1.8900703e-09
-1.9770044e-16
1.8900703e-09
-2.2383384e-16
1.8900703e-09
-2.5373958e-16
1.8900703e-09
-2.8692965e-16
1.8900704e-09
-3.2336475e-16
1.8900704e-09
-3.6468321e-16
1.8900705e-09
-4.1204627e-16
1.8900705e-09
-4.6522034e-16
1.8900706e-09
-5.2487416e-16
1.8900706e-09
-5.9260791e-16
1.8900707e-09
-6.6897373e-16
1.8900708e-09
-7.5489714e-16
1.8900709e-09
-8.5293695e-16
1.890071e-09
-9.6457674e-16
1.8900711e-09
-1.0906617e-15
1.8900712e-09
-1.2347633e-15
1.8900714e-09
-1.3997276e-15
1.8900715e-09
-1.58625e-15
1.8900717e-09
-1.7994995e-15
1.8900719e-09
-2.0436773e-15
1.8900722e-09
-2.3202411e-15
1.8900725e-09
-2.6350845e-15
1.8900728e-09
-2.9918293e-15
1.8900732e-09
-3.3958685e-15
1.8900736e-09
-3.8536161e-15
1.8900741e-09
-4.3713157e-15
1.8900747e-09
-4.9551631e-15
1.8900753e-09
-5.611429e-15
1.890076e-09
-6.3486237e-15
1.8900769e-09
-7.1761128e-15
1.8900778e-09
-8.102671e-15
1.8900789e-09
-9.1362018e-15
1.8900802e-09
-1.0284517e-14
1.8900816e-09
-1.1557052e-14
1.8900832e-09
-1.2961847e-14
1.890085e-09
-1.4503459e-14
1.8900871e-09
-1.6184876e-14
1.8900895e-09
-1.8005766e-14
1.8900921e-09
-1.9960339e-14
1.8900952e-09
-2.203704e-14
1.8900986e-09
-2.4214952e-14
1.8901024e-09
-2.6462584e-14
1.8901066e-09
-2.8736075e-14
1.8901113e-09
-3.0976148e-14
1.8901165e-09
-3.3106243e-14
1.8901221e-09
-3.5032224e-14
1.8901282e-09
-3.6639156e-14
1.8901346e-09
-3.7810948e-14
1.8901412e-09
-3.8366059e-14
-3.8381825e-14
1.6678404e-09
3.0111417e-11
1.6713043e-09
8.9555933e-11
1.6773624e-09
1.5044494e-10
1.6867794e-09
2.153319e-10
1.7008857e-09
2.8661684e-10
1.7218057e-09
3.6653864e-10
1.7528323e-09
4.5708223e-10
1.7989924e-09
5.5975802e-10
1.8678048e-09
6.7505763e-10
1.9697403e-09
8.0126309e-10
2.1161188e-09
9.3025485e-10
2.3085384e-09
1.0450252e-09
2.4796932e-09
1.079019e-09
2.5348117e-09
9.4722185e-10
2.4803709e-09
6.829914e-10
2.3817555e-09
3.8393774e-10
2.2905064e-09
1.1002465e-10
2.2198036e-09
-1.243692e-10
2.1680611e-09
-3.1632872e-10
2.1276563e-09
-4.672512e-10
2.0924048e-09
-5.7949405e-10
2.0587259e-09
-6.5615779e-10
2.0255389e-09
-7.0076866e-10
1.9933254e-09
-7.1739227e-10
1.9631557e-09
-7.1072913e-10
1.9360588e-09
-6.8585018e-10
1.9127264e-09
-6.4776722e-10
1.8934436e-09
-6.0105641e-10
1.8781473e-09
-5.4961081e-10
1.8665355e-09
-4.9652633e-10
1.8581765e-09
-4.4410103e-10
1.8525927e-09
-3.9391668e-10
1.8493138e-09
-3.4696641e-10
1.8479032e-09
-3.0379552e-10
1.8479678e-09
-2.6463074e-10
1.8491595e-09
-2.294845e-10
1.8511738e-09
-1.9823099e-10
1.8537487e-09
-1.7065799e-10
1.8566637e-09
-1.46501e-10
1.8597392e-09
-1.2546632e-10
1.8628343e-09
-1.0724769e-10
1.865844e-09
-9.1539037e-11
1.8686951e-09
-7.8044414e-11
1.8713408e-09
-6.6485384e-11
1.8737556e-09
-5.660602e-11
1.8759304e-09
-4.8175619e-11
1.8778678e-09
-4.0989501e-11
1.8795784e-09
-3.4868351e-11
1.8810776e-09
-2.965659e-11
1.8823836e-09
-2.5220202e-11
1.8835155e-09
-2.1444323e-11
1.8844924e-09
-1.8230824e-11
1.8853324e-09
-1.5496052e-11
1.8860526e-09
-1.3168783e-11
1.8866684e-09
-1.1188409e-11
1.8871937e-09
-9.503357e-12
1.8876409e-09
-8.0697424e-12
1.8880209e-09
-6.850214e-12
1.8883433e-09
-5.8129795e-12
1.8886164e-09
-4.9309703e-12
1.8888474e-09
-4.1811313e-12
1.8890425e-09
-3.5438214e-12
1.889207e-09
-3.0023087e-12
1.8893457e-09
-2.5423372e-12
1.8894623e-09
-2.1517611e-12
1.8895603e-09
-1.820231e-12
1.8896426e-09
-1.5389275e-12
1.8897115e-09
-1.3003379e-12
1.8897692e-09
-1.0980639e-12
1.8898174e-09
-9.2665646e-13
1.8898577e-09
-7.8147542e-13
1.8898912e-09
-6.5856978e-13
1.8899191e-09
-5.54576e-13
1.8899423e-09
-4.6663219e-13
1.8899615e-09
-3.9230414e-13
1.8899774e-09
-3.2952186e-13
1.8899905e-09
-2.765259e-13
1.8900013e-09
-2.3182109e-13
1.8900102e-09
-1.9413708e-13
1.8900174e-09
-1.6239491e-13
1.8900233e-09
-1.3567866e-13
1.8900282e-09
-1.132112e-13
1.8900321e-09
-9.4333555e-14
1.8900352e-09
-7.8486924e-14
1.8900377e-09
-6.5197412e-14
1.8900398e-09
-5.4063491e-14
1.8900413e-09
-4.4745581e-14
1.8900426e-09
-3.6956986e-14
1.8900436e-09
-3.0455666e-14
1.8900443e-09
-2.5036801e-14
1.8900449e-09
-2.0526651e-14
1.8900453e-09
-1.677803e-14
1.8900456e-09
-1.3666939e-14
1.8900458e-09
-1.1089559e-14
1.8900459e-09
-8.9590879e-15
1.890046e-09
-7.2025105e-15
1.890046e-09
-5.7579097e-15
1.890046e-09
-4.5727279e-15
1.890046e-09
-3.6027774e-15
1.8900459e-09
-2.8113953e-15
1.8900459e-09
-2.1682908e-15
1.8900458e-09
-1.6481424e-15
1.8900457e-09
-1.2294118e-15
1.8900456e-09
-8.9374534e-16
1.8900456e-09
-6.2586663e-16
1.8900455e-09
-4.1350618e-16
1.8900454e-09
-2.4696552e-16
1.8900453e-09
-1.183152e-16
1.8900453e-09
-2.0611562e-17
1.8900452e-09
5.2452796e-17
1.8900452e-09
1.0638275e-16
1.8900451e-09
1.4551809e-16
1.8900451e-09
1.7289377e-16
1.890045e-09
1.9053376e-16
1.890045e-09
2.0001826e-16
1.8900449e-09
2.0295055e-16
1.8900449e-09
2.0104827e-16
1.8900449e-09
1.958867e-16
1.8900448e-09
1.8857592e-16
1.8900448e-09
1.796708e-16
1.8900448e-09
1.6940032e-16
1.8900448e-09
1.5803782e-16
1.8900447e-09
1.461277e-16
1.8900447e-09
1.344031e-16
1.8900447e-09
1.2346027e-16
1.8900447e-09
1.1345394e-16
1.8900447e-09
1.0405953e-16
1.8900447e-09
9.4749967e-17
1.8900447e-09
8.5202542e-17
1.8900446e-09
7.5548674e-17
1.8900446e-09
6.6290117e-17
1.8900446e-09
5.794958e-17
1.8900446e-09
5.0716392e-17
1.8900446e-09
4.4342246e-17
1.8900446e-09
3.834563e-17
1.8900446e-09
3.2346534e-17
1.8900446e-09
2.6271987e-17
1.8900446e-09
2.0298843e-17
1.8900446e-09
1.4633929e-17
1.8900446e-09
9.34622e-18
1.8900446e-09
4.3770702e-18
1.8900446e-09
-3.4074483e-19
1.8900446e-09
-4.8200306e-18
1.8900446e-09
-9.0761506e-18
1.8900446e-09
-1.3197823e-17
1.8900446e-09
-1.7291425e-17
1.8900446e-09
-2.1314449e-17
1.8900446e-09
-2.4989087e-17
1.8900446e-09
-2.7949257e-17
1.8900446e-09
-3.0022299e-17
1.8900446e-09
-3.1361955e-17
1.8900446e-09
-3.2276399e-17
1.8900446e-09
-3.2924459e-17
1.8900446e-09
-3.3206167e-17
1.8900446e-09
-3.294811e-17
1.8900446e-09
-3.2129857e-17
1.8900447e-09
-3.0863407e-17
1.8900447e-09
-2.9185305e-17
1.8900447e-09
-2.6994218e-17
1.8900447e-09
-2.4267638e-17
1.8900447e-09
-2.1252877e-17
1.8900447e-09
-1.8289552e-17
1.8900447e-09
-1.5435791e-17
1.8900447e-09
-1.2441189e-17
1.8900447e-09
-9.2073122e-18
1.8900447e-09
-6.1497588e-18
1.8900447e-09
-3.8947867e-18
1.8900447e-09
-2.6403087e-18
1.8900447e-09
-2.062257e-18
1.8900447e-09
-1.9345219e-18
1.8900447e-09
-2.5657724e-18
1.8900447e-09
-4.3754218e-18
1.8900447e-09
-7.2487904e-18
1.8900447e-09
-1.0707586e-17
1.8900447e-09
-1.46552e-17
1.8900447e-09
-1.9480661e-17
1.8900447e-09
-2.5339031e-17
1.8900447e-09
-3.1857872e-17
1.8900447e-09
-3.8809128e-17
1.8900447e-09
-4.6520476e-17
1.8900447e-09
-5.5218052e-17
1.8900447e-09
-6.4555042e-17
1.8900447e-09
-7.4390033e-17
1.8900447e-09
-8.5432699e-17
1.8900447e-09
-9.8330892e-17
1.8900447e-09
-1.1277441e-16
1.8900447e-09
-1.2844412e-16
1.8900447e-09
-1.4607477e-16
1.8900447e-09
-1.664639e-16
1.8900448e-09
-1.8939913e-16
1.8900448e-09
-2.1477119e-16
1.8900448e-09
-2.4345012e-16
1.8900448e-09
-2.759063e-16
1.8900448e-09
-3.117957e-16
1.8900449e-09
-3.5181051e-16
1.8900449e-09
-3.9756771e-16
1.8900449e-09
-4.4945121e-16
1.890045e-09
-5.0729415e-16
1.890045e-09
-5.7226843e-16
1.8900451e-09
-6.4575303e-16
1.8900451e-09
-7.2863974e-16
1.8900452e-09
-8.2262591e-16
1.8900453e-09
-9.2955878e-16
1.8900454e-09
-1.0508371e-15
1.8900455e-09
-1.1884154e-15
1.8900456e-09
-1.3451271e-15
1.8900457e-09
-1.5247787e-15
1.8900459e-09
-1.7298971e-15
1.890046e-09
-1.9633698e-15
1.8900462e-09
-2.2302695e-15
1.8900464e-09
-2.5335178e-15
1.8900467e-09
-2.8795945e-15
1.8900469e-09
-3.2728568e-15
1.8900473e-09
-3.7189829e-15
1.8900476e-09
-4.2237403e-15
1.8900481e-09
-4.7950644e-15
1.8900485e-09
-5.4406829e-15
1.8900491e-09
-6.1699603e-15
1.8900497e-09
-6.9909516e-15
1.8900505e-09
-7.9134729e-15
1.8900513e-09
-8.948204e-15
1.8900523e-09
-1.0107551e-14
1.8900534e-09
-1.1401697e-14
1.8900547e-09
-1.2841227e-14
1.8900562e-09
-1.443714e-14
1.8900579e-09
-1.6198274e-14
1.8900598e-09
-1.8131151e-14
1.8900621e-09
-2.0238878e-14
1.8900646e-09
-2.251887e-14
1.8900675e-09
-2.4962575e-14
1.8900709e-09
-2.7551349e-14
1.8900747e-09
-3.0253923e-14
1.8900789e-09
-3.3024023e-14
1.8900838e-09
-3.579668e-14
1.8900891e-09
-3.8484837e-14
1.8900951e-09
-4.0976899e-14
1.8901016e-09
-4.3132971e-14
1.8901086e-09
-4.4806471e-14
1.890116e-09
-4.5766206e-14
-4.6069872e-14
1.6689248e-09
2.7853316e-11
1.6756488e-09
8.2831944e-11
1.6871663e-09
1.3892743e-10
1.7042778e-09
1.982204e-10
1.7283381e-09
2.6255646e-10
1.7614278e-09
3.3344901e-10
1.8066053e-09
4.1190469e-10
1.8682327e-09
4.9813062e-10
1.9522784e-09
5.9101196e-10
2.0662032e-09
6.8733832e-10
2.2169145e-09
7.7954351e-10
2.4066182e-09
8.5532158e-10
2.6046786e-09
8.8095865e-10
2.7468167e-09
8.0508369e-10
2.8017569e-09
6.2805118e-10
2.7867926e-09
3.9890202e-10
2.7328427e-09
1.6397462e-10
2.6603843e-09
-5.1910806e-11
2.5813914e-09
-2.3733587e-10
2.5013721e-09
-3.8723192e-10
2.4229168e-09
-5.0103866e-10
2.3474043e-09
-5.8064531e-10
2.2759729e-09
-6.2933724e-10
2.2097757e-09
-6.5119509e-10
2.1498338e-09
-6.5078724e-10
2.0968442e-09
-6.3286058e-10
2.0510884e-09
-6.020114e-10
2.0124456e-09
-5.6241366e-10
1.9804753e-09
-5.1764055e-10
1.9545283e-09
-4.7057931e-10
1.9338545e-09
-4.2342723e-10
1.9176882e-09
-3.7775036e-10
1.9053036e-09
-3.3458181e-10
1.8960438e-09
-2.945357e-10
1.8893303e-09
-2.5791721e-10
1.8846614e-09
-2.2481569e-10
1.8816067e-09
-1.9517624e-10
1.8797995e-09
-1.6885078e-10
1.8789315e-09
-1.4563302e-10
1.8787475e-09
-1.2528236e-10
1.8790407e-09
-1.0754083e-10
1.8796473e-09
-9.214568e-11
1.8804418e-09
-7.8838864e-11
1.8813306e-09
-6.7374213e-11
1.882247e-09
-5.7522373e-11
1.8831451e-09
-4.907381e-11
1.8839958e-09
-4.184015e-11
1.8847817e-09
-3.5654226e-11
1.8854943e-09
-3.0369201e-11
1.8861312e-09
-2.5857112e-11
1.886694e-09
-2.2007094e-11
1.8871866e-09
-1.8723511e-11
1.8876147e-09
-1.5924121e-11
1.8879843e-09
-1.353836e-11
1.8883017e-09
-1.1505774e-11
1.8885729e-09
-9.7746253e-12
1.8888039e-09
-8.3006685e-12
1.8889997e-09
-7.0460882e-12
1.8891653e-09
-5.9785796e-12
1.8893049e-09
-5.0705537e-12
1.8894222e-09
-4.2984522e-12
1.8895206e-09
-3.6421639e-12
1.8896028e-09
-3.0845265e-12
1.8896713e-09
-2.610896e-12
1.8897284e-09
-2.2087811e-12
1.8897757e-09
-1.8675278e-12
1.8898148e-09
-1.5780511e-12
1.8898471e-09
-1.3326073e-12
1.8898736e-09
-1.1245982e-12
1.8898953e-09
-9.4840247e-13
1.8899131e-09
-7.9923268e-13
1.8899275e-09
-6.7301203e-13
1.8899392e-09
-5.6626983e-13
1.8899487e-09
-4.7605307e-13
1.8899562e-09
-3.9985036e-13
1.8899622e-09
-3.3552654e-13
1.8899669e-09
-2.8126701e-13
1.8899707e-09
-2.3552988e-13
1.8899735e-09
-1.970053e-13
1.8899757e-09
-1.6458133e-13
1.8899773e-09
-1.3731475e-13
1.8899785e-09
-1.144058e-13
1.8899794e-09
-9.5176404e-14
1.8899799e-09
-7.9051453e-14
1.8899803e-09
-6.5543365e-14
1.8899805e-09
-5.42395e-14
1.8899805e-09
-4.4791417e-14
1.8899805e-09
-3.6905142e-14
1.8899803e-09
-3.0332297e-14
1.8899802e-09
-2.4862447e-14
1.88998e-09
-2.0317172e-14
1.8899797e-09
-1.6545785e-14
1.8899795e-09
-1.3421842e-14
1.8899792e-09
-1.0839659e-14
1.889979e-09
-8.7106721e-15
1.8899787e-09
-6.960077e-15
1.8899785e-09
-5.5243741e-15
1.8899783e-09
-4.3499187e-15
1.8899781e-09
-3.3919596e-15
1.8899779e-09
-2.6135305e-15
1.8899777e-09
-1.9839831e-15
1.8899775e-09
-1.4774872e-15
1.8899774e-09
-1.0720055e-15
1.8899772e-09
-7.4892071e-16
1.8899771e-09
-4.9298555e-16
1.889977e-09
-2.9208591e-16
1.8899769e-09
-1.3656692e-16
1.8899768e-09
-1.8329379e-17
1.8899767e-09
6.9841354e-17
1.8899766e-09
1.344061e-16
1.8899765e-09
1.8077341e-16
1.8899764e-09
2.1299938e-16
1.8899764e-09
2.3384475e-16
1.8899763e-09
2.4524354e-16
1.8899763e-09
2.4889348e-16
1.8899762e-09
2.4659138e-16
1.8899762e-09
2.4015371e-16
1.8899762e-09
2.3107942e-16
1.8899761e-09
2.2028217e-16
1.8899761e-09
2.0813355e-16
1.8899761e-09
1.9479563e-16
1.889976e-09
1.8059381e-16
1.889976e-09
1.6615956e-16
1.889976e-09
1.5225015e-16
1.889976e-09
1.3939023e-16
1.889976e-09
1.2761461e-16
1.889976e-09
1.1651439e-16
1.889976e-09
1.0556666e-16
1.8899759e-09
9.4525298e-17
1.8899759e-09
8.3602199e-17
1.8899759e-09
7.3315935e-17
1.8899759e-09
6.4127437e-17
1.8899759e-09
5.6130805e-17
1.8899759e-09
4.9015146e-17
1.8899759e-09
4.2304129e-17
1.8899759e-09
3.566984e-17
1.8899759e-09
2.9075675e-17
1.8899759e-09
2.2675508e-17
1.8899759e-09
1.660296e-17
1.8899759e-09
1.0852553e-17
1.8899759e-09
5.3334048e-18
1.8899759e-09
-1.0205199e-20
1.8899759e-09
-5.1689457e-18
1.8899759e-09
-1.0149946e-17
1.8899759e-09
-1.5034903e-17
1.8899759e-09
-1.9893724e-17
1.8899759e-09
-2.4613935e-17
1.8899759e-09
-2.8856086e-17
1.8899759e-09
-3.2249851e-17
1.8899759e-09
-3.467274e-17
1.8899759e-09
-3.6326616e-17
1.8899759e-09
-3.7513001e-17
1.8899759e-09
-3.8341541e-17
1.8899759e-09
-3.8678886e-17
1.8899759e-09
-3.8365755e-17
1.889976e-09
-3.7408253e-17
1.889976e-09
-3.5906006e-17
1.889976e-09
-3.3859064e-17
1.889976e-09
-3.1176075e-17
1.889976e-09
-2.7912556e-17
1.889976e-09
-2.4378652e-17
1.889976e-09
-2.0871343e-17
1.889976e-09
-1.7349729e-17
1.889976e-09
-1.3563298e-17
1.889976e-09
-9.566441e-18
1.889976e-09
-5.9287138e-18
1.889976e-09
-3.255848e-18
1.889976e-09
-1.5969098e-18
1.889976e-09
-5.7298185e-19
1.889976e-09
-8.3568275e-20
1.889976e-09
-5.6291015e-19
1.889976e-09
-2.3890192e-18
1.889976e-09
-5.3577269e-18
1.889976e-09
-9.060234e-18
1.889976e-09
-1.3542367e-17
1.889976e-09
-1.9132362e-17
1.889976e-09
-2.5741945e-17
1.889976e-09
-3.2914559e-17
1.889976e-09
-4.0584666e-17
1.889976e-09
-4.9137769e-17
1.889976e-09
-5.8587119e-17
1.889976e-09
-6.847138e-17
1.889976e-09
-7.8872806e-17
1.889976e-09
-9.065488e-17
1.889976e-09
-1.0426796e-16
1.889976e-09
-1.1932993e-16
1.889976e-09
-1.35904e-16
1.889976e-09
-1.5494772e-16
1.889976e-09
-1.7689183e-16
1.889976e-09
-2.0127864e-16
1.8899761e-09
-2.2835247e-16
1.8899761e-09
-2.5917782e-16
1.8899761e-09
-2.9396433e-16
1.8899761e-09
-3.3248721e-16
1.8899761e-09
-3.7576698e-16
1.8899762e-09
-4.2492248e-16
1.8899762e-09
-4.7986721e-16
1.8899762e-09
-5.4128253e-16
1.8899763e-09
-6.1098949e-16
1.8899763e-09
-6.8965717e-16
1.8899764e-09
-7.780383e-16
1.8899764e-09
-8.7820058e-16
1.8899765e-09
-9.9104972e-16
1.8899765e-09
-1.1186996e-15
1.8899766e-09
-1.2659013e-15
1.8899767e-09
-1.4339564e-15
1.8899768e-09
-1.6248718e-15
1.8899769e-09
-1.8441144e-15
1.889977e-09
-2.0935229e-15
1.8899772e-09
-2.379226e-15
1.8899774e-09
-2.705846e-15
1.8899776e-09
-3.077322e-15
1.8899778e-09
-3.5005573e-15
1.8899781e-09
-3.9805075e-15
1.8899784e-09
-4.5260478e-15
1.8899787e-09
-5.1448698e-15
1.8899791e-09
-5.8446353e-15
1.8899796e-09
-6.6357573e-15
1.8899801e-09
-7.528992e-15
1.8899807e-09
-8.5370343e-15
1.8899815e-09
-9.6708865e-15
1.8899823e-09
-1.0944569e-14
1.8899833e-09
-1.2372413e-14
1.8899844e-09
-1.3968949e-14
1.8899857e-09
-1.5748229e-14
1.8899872e-09
-1.7722924e-14
1.889989e-09
-1.990436e-14
1.8899911e-09
-2.2301617e-14
1.8899935e-09
-2.4917694e-14
1.8899963e-09
-2.7748549e-14
1.8899995e-09
-3.0780065e-14
1.8900032e-09
-3.3985208e-14
1.8900075e-09
-3.731897e-14
1.8900124e-09
-4.0712374e-14
1.890018e-09
-4.4070008e-14
1.8900243e-09
-4.7264919e-14
1.8900313e-09
-5.0129708e-14
1.890039e-09
-5.2479917e-14
1.8900472e-09
-5.4026518e-14
-5.477988e-14
1.6697783e-09
2.4741716e-11
1.6790811e-09
7.352913e-11
1.6948725e-09
1.2313599e-10
1.7178567e-09
1.7523627e-10
1.7492002e-09
2.3121289e-10
1.7906365e-09
2.9201271e-10
1.8445872e-09
3.5795401e-10
1.9142644e-09
4.2845345e-10
2.0036529e-09
5.0162342e-10
2.1171884e-09
5.7380287e-10
2.2583299e-09
6.3840193e-10
2.4277516e-09
6.8589994e-10
2.6104871e-09
6.982231e-10
2.7678086e-09
6.4776227e-10
2.8679076e-09
5.2795211e-10
2.9060531e-09
3.6075655e-10
2.8944114e-09
1.7561636e-10
2.8478459e-09
-5.3453006e-12
2.7787742e-09
-1.6826424e-10
2.6968774e-09
-3.0533508e-10
2.6090774e-09
-4.1323865e-10
2.5202759e-09
-4.9184378e-10
2.4339874e-09
-5.4304882e-10
2.3527491e-09
-5.6995674e-10
2.2783036e-09
-5.7634174e-10
2.2116903e-09
-5.6624727e-10
2.1533353e-09
-5.4365645e-10
2.1031652e-09
-5.1224348e-10
2.0607359e-09
-4.7521126e-10
2.0253638e-09
-4.3520728e-10
1.9962421e-09
-3.9430552e-10
1.9725323e-09
-3.5404052e-10
1.9534274e-09
-3.154769e-10
1.9381882e-09
-2.7929653e-10
1.9261587e-09
-2.458877e-10
1.9167678e-09
-2.154248e-10
1.9095245e-09
-1.8793288e-10
1.9040099e-09
-1.6333621e-10
1.8998701e-09
-1.4149322e-10
1.8968088e-09
-1.2222105e-10
1.8945812e-09
-1.0531324e-10
1.8929882e-09
-9.0552636e-11
1.8918703e-09
-7.7721026e-11
1.8911025e-09
-6.6606365e-11
1.890588e-09
-5.7007886e-11
1.8902536e-09
-4.8739441e-11
1.8900448e-09
-4.1631348e-11
1.8899216e-09
-3.5531052e-11
1.8898553e-09
-3.0302909e-11
1.8898256e-09
-2.5827367e-11
1.8898183e-09
-2.1999776e-11
1.8898238e-09
-1.8729016e-11
1.8898357e-09
-1.5936081e-11
1.8898501e-09
-1.3552684e-11
1.8898642e-09
-1.1519953e-11
1.8898768e-09
-9.7872256e-12
1.8898872e-09
-8.3109723e-12
1.8898949e-09
-7.0538413e-12
1.8899001e-09
-5.9838147e-12
1.8899031e-09
-5.0734691e-12
1.8899039e-09
-4.2993322e-12
1.8899031e-09
-3.6413269e-12
1.8899009e-09
-3.0822919e-12
1.8898975e-09
-2.6075644e-12
1.8898934e-09
-2.2046235e-12
1.8898886e-09
-1.8627813e-12
1.8898835e-09
-1.5729172e-12
1.8898781e-09
-1.3272536e-12
1.8898727e-09
-1.119161e-12
1.8898673e-09
-9.4299054e-13
1.889862e-09
-7.9393038e-13
1.8898569e-09
-6.67883e-13
1.889852e-09
-5.6136018e-13
1.8898473e-09
-4.7139455e-13
1.8898429e-09
-3.9546324e-13
1.8898388e-09
-3.314219e-13
1.889835e-09
-2.7744839e-13
1.8898314e-09
-2.3199468e-13
1.8898282e-09
-1.9374627e-13
1.8898252e-09
-1.6158813e-13
1.8898225e-09
-1.3457523e-13
1.88982e-09
-1.1190658e-13
1.8898177e-09
-9.2903049e-14
1.8898156e-09
-7.6988738e-14
1.8898138e-09
-6.3675823e-14
1.8898121e-09
-5.2552148e-14
1.8898105e-09
-4.3270161e-14
1.8898092e-09
-3.5536652e-14
1.8898079e-09
-2.9103637e-14
1.8898068e-09
-2.376092e-14
1.8898059e-09
-1.9330622e-14
1.889805e-09
-1.5663084e-14
1.8898042e-09
-1.263314e-14
1.8898035e-09
-1.0136183e-14
1.8898029e-09
-8.0842724e-15
1.8898023e-09
-6.4029316e-15
1.8898018e-09
-5.0290581e-15
1.8898014e-09
-3.9097033e-15
1.889801e-09
-3.0010084e-15
1.8898006e-09
-2.2667934e-15
1.8898003e-09
-1.6768884e-15
1.8898e-09
-1.2057018e-15
1.8897998e-09
-8.314453e-16
1.8897996e-09
-5.3594409e-16
1.8897994e-09
-3.0454298e-16
1.8897992e-09
-1.2564818e-16
1.8897991e-09
1.0131083e-17
1.889799e-09
1.1087031e-16
1.8897989e-09
1.8380117e-16
1.8897988e-09
2.3522728e-16
1.8897987e-09
2.7017527e-16
1.8897986e-09
2.9223399e-16
1.8897985e-09
3.0382382e-16
1.8897985e-09
3.067842e-16
1.8897984e-09
3.0290767e-16
1.8897983e-09
2.9409997e-16
1.8897983e-09
2.8214804e-16
1.8897983e-09
2.6835736e-16
1.8897982e-09
2.5338374e-16
1.8897982e-09
2.3741238e-16
1.8897982e-09
2.2055923e-16
1.8897982e-09
2.0320433e-16
1.8897981e-09
1.8603304e-16
1.8897981e-09
1.6977491e-16
1.8897981e-09
1.5484189e-16
1.8897981e-09
1.4113976e-16
1.8897981e-09
1.2819703e-16
1.8897981e-09
1.1552688e-16
1.8897981e-09
1.0297903e-16
1.8897981e-09
9.0841775e-17
1.889798e-09
7.9626803e-17
1.889798e-09
6.9704462e-17
1.889798e-09
6.1050617e-17
1.889798e-09
5.3281977e-17
1.889798e-09
4.5925997e-17
1.889798e-09
3.8705106e-17
1.889798e-09
3.1619725e-17
1.889798e-09
2.4807718e-17
1.889798e-09
1.8343232e-17
1.889798e-09
1.2158805e-17
1.889798e-09
6.1314716e-18
1.889798e-09
2.0058952e-19
1.889798e-09
-5.6279076e-18
1.889798e-09
-1.1371221e-17
1.889798e-09
-1.7102054e-17
1.889798e-09
-2.2833573e-17
1.889798e-09
-2.8358505e-17
1.889798e-09
-3.3257559e-17
1.889798e-09
-3.7147446e-17
1.889798e-09
-3.9954646e-17
1.889798e-09
-4.1929435e-17
1.8897981e-09
-4.3372737e-17
1.8897981e-09
-4.4356786e-17
1.8897981e-09
-4.4720521e-17
1.8897981e-09
-4.4311175e-17
1.8897981e-09
-4.3146768e-17
1.8897981e-09
-4.1315754e-17
1.8897981e-09
-3.8812372e-17
1.8897981e-09
-3.5591453e-17
1.8897981e-09
-3.1783103e-17
1.8897981e-09
-2.7702466e-17
1.8897981e-09
-2.3548178e-17
1.8897981e-09
-1.9191475e-17
1.8897981e-09
-1.4456216e-17
1.8897981e-09
-9.608102e-18
1.8897981e-09
-5.3461598e-18
1.8897981e-09
-2.174796e-18
1.8897981e-09
5.0362936e-20
1.8897981e-09
1.7239555e-18
1.8897981e-09
2.7442958e-18
1.8897981e-09
2.5029838e-18
1.8897981e-09
6.5213879e-19
1.8897981e-09
-2.5018128e-18
1.8897981e-09
-6.5580497e-18
1.8897981e-09
-1.1598991e-17
1.8897981e-09
-1.7858373e-17
1.8897981e-09
-2.5136972e-17
1.8897981e-09
-3.3064075e-17
1.8897981e-09
-4.1704479e-17
1.8897981e-09
-5.1257633e-17
1.8897981e-09
-6.1356221e-17
1.8897981e-09
-7.1511942e-17
1.8897981e-09
-8.2186729e-17
1.8897981e-09
-9.4439316e-17
1.8897981e-09
-1.0853631e-16
1.8897981e-09
-1.2406728e-16
1.8897981e-09
-1.4137268e-16
1.8897981e-09
-1.6140982e-16
1.8897981e-09
-1.8430994e-16
1.8897981e-09
-2.0975366e-16
1.8897981e-09
-2.3843062e-16
1.8897982e-09
-2.7123233e-16
1.8897982e-09
-3.078595e-16
1.8897982e-09
-3.482746e-16
1.8897982e-09
-3.9392657e-16
1.8897982e-09
-4.4574922e-16
1.8897983e-09
-5.0358466e-16
1.8897983e-09
-5.6844535e-16
1.8897983e-09
-6.4169538e-16
1.8897983e-09
-7.2314606e-16
1.8897984e-09
-8.1415695e-16
1.8897984e-09
-9.1841028e-16
1.8897985e-09
-1.0368647e-15
1.8897985e-09
-1.170105e-15
1.8897986e-09
-1.3230903e-15
1.8897986e-09
-1.4980717e-15
1.8897987e-09
-1.6964258e-15
1.8897988e-09
-1.9259482e-15
1.8897989e-09
-2.1886383e-15
1.889799e-09
-2.4883247e-15
1.8897991e-09
-2.8321941e-15
1.8897993e-09
-3.2224099e-15
1.8897994e-09
-3.6695783e-15
1.8897996e-09
-4.1774754e-15
1.8897999e-09
-4.7554406e-15
1.8898001e-09
-5.4112467e-15
1.8898004e-09
-6.1551616e-15
1.8898008e-09
-6.9988863e-15
1.8898012e-09
-7.9532278e-15
1.8898017e-09
-9.0326514e-15
1.8898023e-09
-1.0251577e-14
1.889803e-09
-1.1626609e-14
1.8898038e-09
-1.3174684e-14
1.8898047e-09
-1.4913823e-14
1.8898058e-09
-1.6862648e-14
1.8898072e-09
-1.9040014e-14
1.8898087e-09
-2.1463371e-14
1.8898106e-09
-2.4147789e-14
1.8898128e-09
-2.7103952e-14
1.8898153e-09
-3.0337111e-14
1.8898184e-09
-3.3841518e-14
1.889822e-09
-3.7596556e-14
1.8898263e-09
-4.1563133e-14
1.8898312e-09
-4.5674949e-14
1.889837e-09
-4.9832192e-14
1.8898436e-09
-5.3893563e-14
1.8898511e-09
-5.766431e-14
1.8898596e-09
-6.0916425e-14
1.8898689e-09
-6.3298245e-14
-6.4719115e-14
1.6704419e-09
2.0966451e-11
1.6817621e-09
6.2208995e-11
1.7008516e-09
1.0404646e-10
1.7282217e-09
1.4786613e-10
1.764715e-09
1.9471962e-10
1.8115635e-09
2.451642e-10
1.8704239e-09
2.9909364e-10
1.9433521e-09
3.5552522e-10
2.0326503e-09
4.1232521e-10
2.1405095e-09
4.6594367e-10
2.2680154e-09
5.1089601e-10
2.4140088e-09
5.3990658e-10
2.569661e-09
5.4257084e-10
2.7128251e-09
5.0459817e-10
2.8204351e-09
4.2034219e-10
2.8818553e-09
2.9933632e-10
2.8986984e-09
1.5877327e-10
2.8786469e-09
1.4706228e-11
2.830545e-09
-1.2016238e-10
2.7633643e-09
-2.3815435e-10
2.6846698e-09
-3.3454416e-10
2.6005479e-09
-4.0772189e-10
2.5156837e-09
-4.5818462e-10
2.4335468e-09
-4.8781986e-10
2.3565651e-09
-4.9936007e-10
2.2862783e-09
-4.9596039e-10
2.2234896e-09
-4.8086777e-10
2.168421e-09
-4.5717493e-10
2.1208645e-09
-4.276547e-10
2.0803217e-09
-3.9466451e-10
2.0461254e-09
-3.6010927e-10
2.0175357e-09
-3.2545074e-10
1.9938089e-09
-2.9175016e-10
1.9742425e-09
-2.5973013e-10
1.9581978e-09
-2.2984299e-10
1.9451088e-09
-2.023358e-10
1.9344819e-09
-1.7730601e-10
1.9258913e-09
-1.5474561e-10
1.9189726e-09
-1.3457449e-10
1.9134166e-09
-1.16665e-10
1.9089632e-09
-1.0085989e-10
1.9053962e-09
-8.6985633e-11
1.9025375e-09
-7.4862306e-11
1.9002421e-09
-6.431101e-11
1.8983934e-09
-5.5159202e-11
1.8968983e-09
-4.7244343e-11
1.8956832e-09
-4.0416168e-11
1.89469e-09
-3.4537839e-11
1.8938733e-09
-2.9486261e-11
1.8931977e-09
-2.5151786e-11
1.8926355e-09
-2.1437512e-11
1.8921648e-09
-1.8258337e-11
1.8917686e-09
-1.5539915e-11
1.8914335e-09
-1.3217559e-11
1.8911487e-09
-1.1235177e-11
1.8909057e-09
-9.5442576e-12
1.8906977e-09
-8.1029413e-12
1.8905191e-09
-6.8751786e-12
1.8903652e-09
-5.8299722e-12
1.8902324e-09
-4.9407045e-12
1.8901177e-09
-4.1845441e-12
1.8900183e-09
-3.5419274e-12
1.8899321e-09
-2.9961085e-12
1.8898573e-09
-2.5327628e-12
1.8897923e-09
-2.1396469e-12
1.8897358e-09
-1.8063019e-12
1.8896867e-09
-1.5237985e-12
1.889644e-09
-1.2845192e-12
1.8896068e-09
-1.0819703e-12
1.8895744e-09
-9.1061773e-13
1.8895462e-09
-7.657475e-13
1.8895217e-09
-6.4334541e-13
1.8895003e-09
-5.3999503e-13
1.8894817e-09
-4.527913e-13
1.8894655e-09
-3.7926536e-13
1.8894514e-09
-3.1731941e-13
1.8894391e-09
-2.651712e-13
1.8894284e-09
-2.213072e-13
1.8894191e-09
-1.8444319e-13
1.889411e-09
-1.534909e-13
1.889404e-09
-1.2752865e-13
1.8893979e-09
-1.0577545e-13
1.8893925e-09
-8.7569191e-14
1.8893879e-09
-7.2348779e-14
1.8893839e-09
-5.9639708e-14
1.8893803e-09
-4.9041828e-14
1.8893773e-09
-4.021805e-14
1.8893746e-09
-3.2883869e-14
1.8893723e-09
-2.6798464e-14
1.8893703e-09
-2.1757856e-14
1.8893686e-09
-1.7589952e-14
1.8893671e-09
-1.4150549e-14
1.8893658e-09
-1.1319312e-14
1.8893646e-09
-8.9955409e-15
1.8893636e-09
-7.0943316e-15
1.8893628e-09
-5.5437541e-15
1.889362e-09
-4.2831554e-15
1.8893614e-09
-3.262042e-15
1.8893608e-09
-2.4388101e-15
1.8893603e-09
-1.7790766e-15
1.8893599e-09
-1.253972e-15
1.8893595e-09
-8.3892887e-16
1.8893592e-09
-5.1318444e-16
1.889359e-09
-2.5969436e-16
1.8893587e-09
-6.490003e-17
1.8893585e-09
8.1956264e-17
1.8893583e-09
1.8978289e-16
1.8893582e-09
2.6639752e-16
1.889358e-09
3.1875058e-16
1.8893579e-09
3.5267285e-16
1.8893578e-09
3.7256119e-16
1.8893577e-09
3.8140871e-16
1.8893576e-09
3.8126259e-16
1.8893576e-09
3.7385309e-16
1.8893575e-09
3.6100332e-16
1.8893575e-09
3.4460245e-16
1.8893574e-09
3.2626544e-16
1.8893574e-09
3.0700561e-16
1.8893574e-09
2.8719388e-16
1.8893573e-09
2.6685431e-16
1.8893573e-09
2.4608756e-16
1.8893573e-09
2.2532514e-16
1.8893573e-09
2.0526301e-16
1.8893572e-09
1.8654549e-16
1.8893572e-09
1.6943188e-16
1.8893572e-09
1.5369457e-16
1.8893572e-09
1.3882524e-16
1.8893572e-09
1.244055e-16
1.8893572e-09
1.1039654e-16
1.8893572e-09
9.7152826e-17
1.8893572e-09
8.5148143e-17
1.8893572e-09
7.4627749e-17
1.8893572e-09
6.5432006e-17
1.8893572e-09
5.7099594e-17
1.8893572e-09
4.9162576e-17
1.8893572e-09
4.1398165e-17
1.8893572e-09
3.3850038e-17
1.8893572e-09
2.6649791e-17
1.8893572e-09
1.9825011e-17
1.8893572e-09
1.3254728e-17
1.8893571e-09
6.7786852e-18
1.8893571e-09
3.1003587e-19
1.8893571e-09
-6.1774687e-18
1.8893572e-09
-1.2729991e-17
1.8893572e-09
-1.9406656e-17
1.8893572e-09
-2.6137413e-17
1.8893572e-09
-3.2587122e-17
1.8893572e-09
-3.8235022e-17
1.8893572e-09
-4.2681485e-17
1.8893572e-09
-4.590792e-17
1.8893572e-09
-4.8218157e-17
1.8893572e-09
-4.9913927e-17
1.8893572e-09
-5.1023931e-17
1.8893572e-09
-5.1352935e-17
1.8893572e-09
-5.0756219e-17
1.8893572e-09
-4.9282365e-17
1.8893572e-09
-4.7044128e-17
1.8893572e-09
-4.406085e-17
1.8893572e-09
-4.0324784e-17
1.8893572e-09
-3.5973494e-17
1.8893572e-09
-3.125464e-17
1.8893572e-09
-2.6265994e-17
1.8893572e-09
-2.0878083e-17
1.8893572e-09
-1.5088106e-17
1.8893572e-09
-9.3711051e-18
1.8893572e-09
-4.4349368e-18
1.8893572e-09
-5.6855236e-19
1.8893572e-09
2.5348108e-18
1.8893572e-09
5.1245087e-18
1.8893572e-09
6.7646149e-18
1.8893572e-09
6.6897462e-18
1.8893572e-09
4.704601e-18
1.8893572e-09
1.3191251e-18
1.8893572e-09
-3.0603265e-18
1.8893572e-09
-8.6180054e-18
1.8893572e-09
-1.5599458e-17
1.8893572e-09
-2.3759884e-17
1.8893572e-09
-3.2716744e-17
1.8893572e-09
-4.2411404e-17
1.8893572e-09
-5.2712524e-17
1.8893572e-09
-6.306963e-17
1.8893572e-09
-7.3314892e-17
1.8893572e-09
-8.434365e-17
1.8893572e-09
-9.7101276e-17
1.8893572e-09
-1.1141698e-16
1.8893572e-09
-1.2691067e-16
1.8893572e-09
-1.4437419e-16
1.8893572e-09
-1.649139e-16
1.8893572e-09
-1.8853288e-16
1.8893572e-09
-2.1501502e-16
1.8893572e-09
-2.4505787e-16
1.8893573e-09
-2.7910816e-16
1.8893573e-09
-3.1681838e-16
1.8893573e-09
-3.5883591e-16
1.8893573e-09
-4.0673863e-16
1.8893573e-09
-4.6074006e-16
1.8893573e-09
-5.2040659e-16
1.8893573e-09
-5.8693248e-16
1.8893574e-09
-6.6182865e-16
1.8893574e-09
-7.4550448e-16
1.8893574e-09
-8.3916672e-16
1.8893574e-09
-9.4530387e-16
1.8893575e-09
-1.0655895e-15
1.8893575e-09
-1.2013388e-15
1.8893575e-09
-1.3566385e-15
1.8893576e-09
-1.5359003e-15
1.8893576e-09
-1.7403591e-15
1.8893577e-09
-1.9752395e-15
1.8893577e-09
-2.2452146e-15
1.8893578e-09
-2.5529355e-15
1.8893579e-09
-2.9082493e-15
1.8893579e-09
-3.3133344e-15
1.8893581e-09
-3.7765171e-15
1.8893582e-09
-4.3033673e-15
1.8893583e-09
-4.9042973e-15
1.8893585e-09
-5.5884075e-15
1.8893587e-09
-6.3655738e-15
1.889359e-09
-7.2485448e-15
1.8893593e-09
-8.2501955e-15
1.8893596e-09
-9.3865583e-15
1.88936e-09
-1.0674597e-14
1.8893605e-09
-1.2133391e-14
1.8893612e-09
-1.3782922e-14
1.8893619e-09
-1.5646056e-14
1.8893628e-09
-1.7746648e-14
1.8893638e-09
-2.0109234e-14
1.8893651e-09
-2.2758977e-14
1.8893667e-09
-2.5720199e-14
1.8893686e-09
-2.9013566e-14
1.8893709e-09
-3.2655908e-14
1.8893737e-09
-3.6654493e-14
1.8893772e-09
-4.1001283e-14
1.8893813e-09
-4.5669718e-14
1.8893862e-09
-5.0603166e-14
1.8893921e-09
-5.5703623e-14
1.889399e-09
-6.0821899e-14
1.8894071e-09
-6.5741789e-14
1.8894163e-09
-7.0183937e-14
1.8894268e-09
-7.3733068e-14
-7.6105109e-14
1.6709824e-09
1.6650727e-11
1.6839569e-09
4.9234439e-11
1.7057063e-09
8.2297118e-11
1.7364751e-09
1.170973e-10
1.7766957e-09
1.5449901e-10
1.8270351e-09
1.9482487e-10
1.8883926e-09
2.3773613e-10
1.9618241e-09
2.820937e-10
2.0483531e-09
3.2579623e-10
2.1486365e-09
3.6566027e-10
2.262277e-09
3.9725544e-10
2.3870639e-09
4.1511972e-10
2.5168499e-09
4.1278485e-10
2.6387447e-09
3.8270341e-10
2.7377336e-09
3.2135324e-10
2.8039586e-09
2.3311137e-10
2.8348838e-09
1.2784805e-10
2.8333474e-09
1.624256e-11
2.8046416e-09
-9.1456533e-11
2.7554088e-09
-1.8892156e-10
2.6920828e-09
-2.7121818e-10
2.6203881e-09
-3.3602717e-10
2.5450698e-09
-3.8286637e-10
2.4698474e-09
-4.1259746e-10
2.3974701e-09
-4.269827e-10
2.3298201e-09
-4.2831041e-10
2.2680429e-09
-4.1909061e-10
2.212689e-09
-4.0182097e-10
2.1638547e-09
-3.7882044e-10
2.1213139e-09
-3.5212368e-10
2.0846319e-09
-3.2342726e-10
2.0532591e-09
-2.9407797e-10
2.0266015e-09
-2.6509253e-10
2.0040688e-09
-2.3719743e-10
1.9851043e-09
-2.1087848e-10
1.9691999e-09
-1.8643143e-10
1.9559019e-09
-1.6400794e-10
1.9448104e-09
-1.4365415e-10
1.9355771e-09
-1.2534117e-10
1.9279006e-09
-1.0898851e-10
1.9215225e-09
-9.4481801e-11
1.9162229e-09
-8.1686063e-11
1.9118163e-09
-7.0455714e-11
1.9081474e-09
-6.0642072e-11
1.905087e-09
-5.2098834e-11
1.9025286e-09
-4.4685927e-11
1.9003845e-09
-3.8272062e-11
1.8985829e-09
-3.2736238e-11
1.8970651e-09
-2.796844e-11
1.895783e-09
-2.3869733e-11
1.8946975e-09
-2.0351932e-11
1.8937761e-09
-1.7337011e-11
1.8929926e-09
-1.4756353e-11
1.8923249e-09
-1.2549907e-11
1.8917551e-09
-1.066534e-11
1.891268e-09
-9.0571944e-12
1.8908512e-09
-7.686102e-12
1.8904941e-09
-6.5180518e-12
1.8901878e-09
-5.5237231e-12
1.889925e-09
-4.6778823e-12
1.8896993e-09
-3.958846e-12
1.8895054e-09
-3.3480075e-12
1.8893387e-09
-2.8294215e-12
1.8891954e-09
-2.3894361e-12
1.8890721e-09
-2.0163743e-12
1.888966e-09
-1.7002559e-12
1.8888748e-09
-1.432558e-12
1.8887963e-09
-1.2060093e-12
1.8887287e-09
-1.0144108e-12
1.8886706e-09
-8.5248003e-13
1.8886206e-09
-7.1571745e-13
1.8885775e-09
-6.0029258e-13
1.8885405e-09
-5.0294711e-13
1.8885086e-09
-4.2091221e-13
1.8884811e-09
-3.5183603e-13
1.8884575e-09
-2.9372086e-13
1.8884372e-09
-2.4487014e-13
1.8884198e-09
-2.0384418e-13
1.8884048e-09
-1.6942276e-13
1.8883918e-09
-1.4057302e-13
1.8883807e-09
-1.1642074e-13
1.8883712e-09
-9.6225312e-14
1.888363e-09
-7.9359178e-14
1.8883559e-09
-6.5291275e-14
1.8883499e-09
-5.3573484e-14
1.8883446e-09
-4.3828631e-14
1.8883402e-09
-3.5739152e-14
1.8883363e-09
-2.9036862e-14
1.888333e-09
-2.3494718e-14
1.8883302e-09
-1.8920795e-14
1.8883277e-09
-1.5153813e-14
1.8883256e-09
-1.2059137e-14
1.8883239e-09
-9.5245263e-15
1.8883223e-09
-7.4558758e-15
1.888321e-09
-5.7737178e-15
1.8883199e-09
-4.4109053e-15
1.8883189e-09
-3.3112326e-15
1.8883181e-09
-2.4282806e-15
1.8883173e-09
-1.7239068e-15
1.8883167e-09
-1.1664382e-15
1.8883162e-09
-7.2910902e-16
1.8883157e-09
-3.8917273e-16
1.8883154e-09
-1.2765219e-16
1.888315e-09
7.0744808e-17
1.8883148e-09
2.1805554e-16
1.8883145e-09
3.2393288e-16
1.8883143e-09
3.9657634e-16
1.8883141e-09
4.4327544e-16
1.888314e-09
4.7038636e-16
1.8883138e-09
4.8298059e-16
1.8883137e-09
4.8463794e-16
1.8883136e-09
4.7768311e-16
1.8883136e-09
4.637716e-16
1.8883135e-09
4.4448004e-16
1.8883134e-09
4.2155327e-16
1.8883134e-09
3.9671271e-16
1.8883133e-09
3.7126944e-16
1.8883133e-09
3.4588446e-16
1.8883133e-09
3.2065871e-16
1.8883132e-09
2.9550428e-16
1.8883132e-09
2.7053771e-16
1.8883132e-09
2.4622512e-16
1.8883132e-09
2.2321677e-16
1.8883131e-09
2.0201061e-16
1.8883131e-09
1.8267985e-16
1.8883131e-09
1.6486923e-16
1.8883131e-09
1.4806581e-16
1.8883131e-09
1.319496e-16
1.8883131e-09
1.1659909e-16
1.8883131e-09
1.0240737e-16
1.8883131e-09
8.9776158e-17
1.8883131e-09
7.8801467e-17
1.8883131e-09
6.9177254e-17
1.8883131e-09
6.036708e-17
1.8883131e-09
5.1915659e-17
1.8883131e-09
4.3661598e-17
1.8883131e-09
3.569618e-17
1.8883131e-09
2.815166e-17
1.8883131e-09
2.1020382e-17
1.8883131e-09
1.4135088e-17
1.8883131e-09
7.2900098e-18
1.8883131e-09
3.4597477e-19
1.8883131e-09
-6.7882766e-18
1.8883131e-09
-1.4205799e-17
1.8883131e-09
-2.1939231e-17
1.8883131e-09
-2.9799668e-17
1.8883131e-09
-3.7290113e-17
1.8883131e-09
-4.377455e-17
1.8883131e-09
-4.8842648e-17
1.8883131e-09
-5.2537998e-17
1.8883131e-09
-5.5211067e-17
1.8883131e-09
-5.714238e-17
1.8883131e-09
-5.8301488e-17
1.8883131e-09
-5.8471392e-17
1.8883131e-09
-5.7559032e-17
1.8883131e-09
-5.56972e-17
1.8883131e-09
-5.3051077e-17
1.8883131e-09
-4.9641617e-17
1.8883132e-09
-4.5422183e-17
1.8883132e-09
-4.0460042e-17
1.8883132e-09
-3.4927605e-17
1.8883132e-09
-2.8904843e-17
1.8883132e-09
-2.2369876e-17
1.8883132e-09
-1.5510814e-17
1.8883132e-09
-8.893293e-18
1.8883132e-09
-3.0889289e-18
1.8883132e-09
1.8240646e-18
1.8883132e-09
6.1258452e-18
1.8883132e-09
9.7301352e-18
1.8883131e-09
1.1884106e-17
1.8883131e-09
1.1875403e-17
1.8883131e-09
9.8274784e-18
1.8883131e-09
6.3877973e-18
1.8883131e-09
1.7442797e-18
1.8883131e-09
-4.5361241e-18
1.8883131e-09
-1.2643122e-17
1.8883131e-09
-2.2050492e-17
1.8883131e-09
-3.2116256e-17
1.8883131e-09
-4.2591918e-17
1.8883131e-09
-5.3246378e-17
1.8883131e-09
-6.3711725e-17
1.8883131e-09
-7.421661e-17
1.8883131e-09
-8.5700292e-17
1.8883131e-09
-9.859215e-17
1.8883131e-09
-1.1241684e-16
1.8883131e-09
-1.2732088e-16
1.8883131e-09
-1.447636e-16
1.8883131e-09
-1.6576436e-16
1.8883131e-09
-1.8988228e-16
1.8883131e-09
-2.1683653e-16
1.8883131e-09
-2.4738607e-16
1.8883131e-09
-2.8198215e-16
1.8883131e-09
-3.2071613e-16
1.8883131e-09
-3.6455834e-16
1.8883132e-09
-4.1423836e-16
1.8883132e-09
-4.6915316e-16
1.8883132e-09
-5.2952604e-16
1.8883132e-09
-5.9697418e-16
1.8883132e-09
-6.7235093e-16
1.8883132e-09
-7.56535e-16
1.8883132e-09
-8.5111303e-16
1.8883132e-09
-9.5682988e-16
1.8883132e-09
-1.0761219e-15
1.8883132e-09
-1.212831e-15
1.8883133e-09
-1.368467e-15
1.8883133e-09
-1.5469206e-15
1.8883133e-09
-1.7523311e-15
1.8883133e-09
-1.987732e-15
1.8883133e-09
-2.2611548e-15
1.8883133e-09
-2.5740594e-15
1.8883134e-09
-2.9327141e-15
1.8883134e-09
-3.3443256e-15
1.8883134e-09
-3.8156508e-15
1.8883135e-09
-4.3548568e-15
1.8883135e-09
-4.9692547e-15
1.8883136e-09
-5.6695509e-15
1.8883137e-09
-6.4669564e-15
1.8883139e-09
-7.37537e-15
1.888314e-09
-8.4091901e-15
1.8883142e-09
-9.5851965e-15
1.8883145e-09
-1.0922434e-14
1.8883148e-09
-1.2443601e-14
1.8883152e-09
-1.4172047e-14
1.8883156e-09
-1.6134848e-14
1.8883163e-09
-1.8361908e-14
1.888317e-09
-2.0884241e-14
1.888318e-09
-2.3735703e-14
1.8883192e-09
-2.6952378e-14
1.8883208e-09
-3.05675e-14
1.8883228e-09
-3.4612236e-14
1.8883252e-09
-3.9112738e-14
1.8883283e-09
-4.4081527e-14
1.8883321e-09
-4.9511731e-14
1.8883369e-09
-5.5365919e-14
1.8883428e-09
-6.1561547e-14
1.8883499e-09
-6.7953482e-14
1.8883585e-09
-7.4313499e-14
1.8883686e-09
-8.0306279e-14
1.8883803e-09
-8.5467386e-14
-8.9158879e-14
1.6714868e-09
1.1830577e-11
1.6860126e-09
3.4708658e-11
1.7102092e-09
5.8100557e-11
1.7439755e-09
8.3330951e-11
1.7872557e-09
1.1121877e-10
1.8401134e-09
1.4196719e-10
1.9027338e-09
1.7511573e-10
1.9753446e-09
2.0948291e-10
2.0580412e-09
2.4309961e-10
2.150508e-09
2.7319353e-10
2.2515623e-09
2.9620109e-10
2.3586782e-09
3.0800387e-10
2.4671805e-09
3.0428248e-10
2.5690872e-09
2.8079677e-10
2.6548731e-09
2.3556726e-10
2.7171252e-09
1.7085937e-10
2.7524906e-09
9.248263e-11
2.7613025e-09
7.4305946e-12
2.7465672e-09
-7.6721225e-11
2.7125996e-09
-1.5495389e-10
2.6642712e-09
-2.2288983e-10
2.6063007e-09
-2.7805663e-10
2.5428756e-09
-3.1944129e-10
2.4774744e-09
-3.4719632e-10
2.4128172e-09
-3.6232551e-10
2.3508959e-09
-3.6638903e-10
2.2930523e-09
-3.6124704e-10
2.2400822e-09
-3.4885085e-10
2.1923467e-09
-3.3108496e-10
2.1498815e-09
-3.0965847e-10
2.1124949e-09
-2.8604071e-10
2.0798513e-09
-2.6143431e-10
2.0515361e-09
-2.3677738e-10
2.0271045e-09
-2.1276586e-10
2.0061134e-09
-1.8988737e-10
1.9881411e-09
-1.6845914e-10
1.972798e-09
-1.4866478e-10
1.9597306e-09
-1.3058679e-10
1.948623e-09
-1.1423351e-10
1.9391951e-09
-9.9560641e-11
1.9312012e-09
-8.6487946e-11
1.9244273e-09
-7.4912127e-11
1.9186882e-09
-6.4716587e-11
1.9138249e-09
-5.5778807e-11
1.9097019e-09
-4.7975788e-11
1.9062039e-09
-4.1187947e-11
1.9032336e-09
-3.5301796e-11
1.900709e-09
-3.0211634e-11
1.898561e-09
-2.5820473e-11
1.8967317e-09
-2.2040388e-11
1.8951722e-09
-1.8792457e-11
1.8938416e-09
-1.600641e-11
1.8927054e-09
-1.3620118e-11
1.8917344e-09
-1.1578949e-11
1.8909042e-09
-9.8350973e-12
1.8901939e-09
-8.3468918e-12
1.8895859e-09
-7.0781376e-12
1.8890654e-09
-5.9974882e-12
1.8886195e-09
-5.0778635e-12
1.8882375e-09
-4.2959183e-12
1.8879102e-09
-3.6315646e-12
1.8876298e-09
-3.067547e-12
1.8873894e-09
-2.5890668e-12
1.8871834e-09
-2.1834461e-12
1.8870069e-09
-1.8398362e-12
1.8868556e-09
-1.5489636e-12
1.886726e-09
-1.3029087e-12
1.8866149e-09
-1.0949163e-12
1.8865197e-09
-9.1922866e-13
1.8864381e-09
-7.7093995e-13
1.8863683e-09
-6.4587293e-13
1.8863085e-09
-5.4047385e-13
1.8862573e-09
-4.5172238e-13
1.8862134e-09
-3.7705409e-13
1.8861759e-09
-3.1429203e-13
1.8861437e-09
-2.6158791e-13
1.8861162e-09
-2.1737327e-13
1.8860927e-09
-1.8031872e-13
1.8860726e-09
-1.4929918e-13
1.8860554e-09
-1.2336343e-13
1.8860407e-09
-1.0170679e-13
1.8860281e-09
-8.3647908e-14
1.8860173e-09
-6.8610073e-14
1.8860081e-09
-5.6106363e-14
1.8860003e-09
-4.5726988e-14
1.8859936e-09
-3.7127645e-14
1.8859879e-09
-3.0018511e-14
1.885983e-09
-2.4154737e-14
1.8859788e-09
-1.9329235e-14
1.8859753e-09
-1.5367531e-14
1.8859722e-09
-1.2123666e-14
1.8859697e-09
-9.4761774e-15
1.8859675e-09
-7.3238105e-15
1.8859656e-09
-5.5815372e-15
1.885964e-09
-4.1776174e-15
1.8859626e-09
-3.0517983e-15
1.8859615e-09
-2.1541138e-15
1.8859605e-09
-1.4435923e-15
1.8859597e-09
-8.8655688e-16
1.8859589e-09
-4.5485098e-16
1.8859583e-09
-1.2457786e-16
1.8859578e-09
1.2442491e-16
1.8859574e-09
3.0866616e-16
1.885957e-09
4.4117621e-16
1.8859567e-09
5.3214099e-16
1.8859564e-09
5.8988022e-16
1.8859562e-09
6.2165018e-16
1.885956e-09
6.3392818e-16
1.8859559e-09
6.3218471e-16
1.8859557e-09
6.2050916e-16
1.8859556e-09
6.0155254e-16
1.8859555e-09
5.7694227e-16
1.8859554e-09
5.4791445e-16
1.8859553e-09
5.1580734e-16
1.8859553e-09
4.8214462e-16
1.8859552e-09
4.4833018e-16
1.8859552e-09
4.152788e-16
1.8859552e-09
3.8329342e-16
1.8859551e-09
3.5226066e-16
1.8859551e-09
3.2204041e-16
1.8859551e-09
2.9278219e-16
1.8859551e-09
2.6494828e-16
1.885955e-09
2.3907537e-16
1.885955e-09
2.1545977e-16
1.885955e-09
1.9397222e-16
1.885955e-09
1.7415204e-16
1.885955e-09
1.5551799e-16
1.885955e-09
1.3786622e-16
1.885955e-09
1.2136935e-16
1.885955e-09
1.0642999e-16
1.885955e-09
9.3348059e-17
1.885955e-09
8.2056088e-17
1.885955e-09
7.2109189e-17
1.885955e-09
6.2912633e-17
1.885955e-09
5.4034208e-17
1.885955e-09
4.5373611e-17
1.885955e-09
3.7065706e-17
1.885955e-09
2.9247208e-17
1.885955e-09
2.1888853e-17
1.885955e-09
1.4786311e-17
1.885955e-09
7.6772116e-18
1.885955e-09
3.3805943e-19
1.885955e-09
-7.4224129e-18
1.885955e-09
-1.5755138e-17
1.885955e-09
-2.4643654e-17
1.885955e-09
-3.3743594e-17
1.885955e-09
-4.2372885e-17
1.885955e-09
-4.977941e-17
1.885955e-09
-5.5548857e-17
1.885955e-09
-5.9775675e-17
1.885955e-09
-6.2820092e-17
1.885955e-09
-6.4907583e-17
1.885955e-09
-6.5959695e-17
1.885955e-09
-6.5801777e-17
1.885955e-09
-6.447335e-17
1.885955e-09
-6.2231015e-17
1.885955e-09
-5.9256992e-17
1.8859551e-09
-5.5483179e-17
1.8859551e-09
-5.0743661e-17
1.8859551e-09
-4.5032313e-17
1.8859551e-09
-3.8524046e-17
1.8859551e-09
-3.1376055e-17
1.8859551e-09
-2.3687135e-17
1.8859551e-09
-1.5730786e-17
1.8859551e-09
-8.0295596e-18
1.8859551e-09
-1.0138634e-18
1.8859551e-09
5.2702555e-18
1.8859551e-09
1.0869122e-17
1.8859551e-09
1.5357113e-17
1.885955e-09
1.7898078e-17
1.885955e-09
1.8051812e-17
1.885955e-09
1.6194339e-17
1.885955e-09
1.2808602e-17
1.885955e-09
7.6690411e-18
1.885955e-09
2.367162e-19
1.885955e-09
-9.2939237e-18
1.885955e-09
-1.9934346e-17
1.885955e-09
-3.0892354e-17
1.885955e-09
-4.1999633e-17
1.885955e-09
-5.3111942e-17
1.885955e-09
-6.394201e-17
1.885955e-09
-7.4728435e-17
1.885955e-09
-8.6146552e-17
1.885955e-09
-9.8334949e-17
1.885955e-09
-1.1113969e-16
1.885955e-09
-1.2547496e-16
1.885955e-09
-1.4293641e-16
1.885955e-09
-1.6385571e-16
1.885955e-09
-1.8749806e-16
1.885955e-09
-2.1419938e-16
1.885955e-09
-2.4519701e-16
1.885955e-09
-2.8071695e-16
1.885955e-09
-3.2051612e-16
1.885955e-09
-3.6517356e-16
1.885955e-09
-4.1488684e-16
1.885955e-09
-4.6947614e-16
1.885955e-09
-5.3043968e-16
1.885955e-09
-5.9905338e-16
1.885955e-09
-6.7406243e-16
1.885955e-09
-7.5600051e-16
1.885955e-09
-8.4846322e-16
1.885955e-09
-9.5260929e-16
1.885955e-09
-1.0695285e-15
1.885955e-09
-1.2033333e-15
1.885955e-09
-1.3551971e-15
1.8859549e-09
-1.529019e-15
1.8859549e-09
-1.7324496e-15
1.8859549e-09
-1.9653686e-15
1.8859549e-09
-2.234319e-15
1.8859549e-09
-2.5453979e-15
1.8859548e-09
-2.9026301e-15
1.8859548e-09
-3.3152762e-15
1.8859548e-09
-3.786136e-15
1.8859547e-09
-4.3263944e-15
1.8859547e-09
-4.943675e-15
1.8859547e-09
-5.6490038e-15
1.8859547e-09
-6.4534793e-15
1.8859547e-09
-7.3711607e-15
1.8859547e-09
-8.41851e-15
1.8859547e-09
-9.6141086e-15
1.8859548e-09
-1.0978116e-14
1.8859549e-09
-1.2536188e-14
1.885955e-09
-1.4315571e-14
1.8859552e-09
-1.634683e-14
1.8859555e-09
-1.8666465e-14
1.8859559e-09
-2.1313589e-14
1.8859565e-09
-2.4330589e-14
1.8859574e-09
-2.7766035e-14
1.8859585e-09
-3.1669602e-14
1.8859599e-09
-3.6091099e-14
1.8859619e-09
-4.1080089e-14
1.8859645e-09
-4.6677516e-14
1.8859679e-09
-5.2907319e-14
1.8859723e-09
-5.9766043e-14
1.8859779e-09
-6.7205174e-14
1.8859851e-09
-7.5101264e-14
1.885994e-09
-8.3237007e-14
1.8860049e-09
-9.1223803e-14
1.8860181e-09
-9.8593491e-14
-1.040692e-13
1.6720687e-09
6.4284947e-12
1.6883704e-09
1.8406995e-11
1.7153132e-09
3.1157791e-11
1.7523168e-09
4.6327345e-11
1.7987207e-09
6.4814843e-11
1.8539227e-09
8.6765153e-11
1.9174223e-09
1.1161618e-10
1.9887647e-09
1.3814054e-10
2.0674004e-09
1.644639e-10
2.1524594e-09
1.8813453e-10
2.2424506e-09
2.0620986e-10
2.3349654e-09
2.1548911e-10
2.426366e-09
2.128819e-10
2.5113955e-09
1.9576725e-10
2.5839535e-09
1.6300928e-10
2.6388916e-09
1.1592121e-10
2.6733056e-09
5.8068611e-11
2.686522e-09
-5.7857635e-12
2.6803141e-09
-7.0513287e-11
2.657287e-09
-1.3192687e-10
2.620928e-09
-1.8653075e-10
2.5748696e-09
-2.3199822e-10
2.5225358e-09
-2.6710749e-10
2.4669253e-09
-2.9158581e-10
2.4105066e-09
-3.0590688e-10
2.3551946e-09
-3.1107699e-10
2.3023798e-09
-3.0843227e-10
2.2529909e-09
-2.9946192e-10
2.2075719e-09
-2.8566598e-10
2.1663639e-09
-2.6845051e-10
2.1293825e-09
-2.4905922e-10
2.0964857e-09
-2.2853751e-10
2.0674311e-09
-2.0772282e-10
2.0419195e-09
-1.8725426e-10
2.0196267e-09
-1.6759453e-10
2.0002251e-09
-1.4905759e-10
1.9833978e-09
-1.3183743e-10
1.9688459e-09
-1.1603492e-10
1.9562933e-09
-1.0168096e-10
1.9454883e-09
-8.87556e-11
1.9362037e-09
-7.720338e-11
1.9282369e-09
-6.6945237e-11
1.921408e-09
-5.7887738e-11
1.9155593e-09
-4.9930066e-11
1.9105527e-09
-4.2969209e-11
1.9062685e-09
-3.6903724e-11
1.902603e-09
-3.1636369e-11
1.8994672e-09
-2.7075826e-11
1.8967845e-09
-2.3137713e-11
1.8944891e-09
-1.9745068e-11
1.8925251e-09
-1.6828438e-11
1.8908444e-09
-1.4325706e-11
1.889406e-09
-1.2181726e-11
1.8881749e-09
-1.0347842e-11
1.8871212e-09
-8.7813448e-12
1.8862192e-09
-7.4449164e-12
1.8854471e-09
-6.3060759e-12
1.8847863e-09
-5.3366452e-12
1.8842207e-09
-4.512247e-12
1.8837366e-09
-3.8118428e-12
1.8833224e-09
-3.2173154e-12
1.8829679e-09
-2.7130943e-12
1.8826647e-09
-2.2858214e-12
1.8824053e-09
-1.9240507e-12
1.8821834e-09
-1.6179875e-12
1.8819937e-09
-1.3592613e-12
1.8818315e-09
-1.1407266e-12
1.8816929e-09
-9.5629157e-13
1.8815744e-09
-8.0076586e-13
1.8814732e-09
-6.6972942e-13
1.8813868e-09
-5.5942159e-13
1.8813129e-09
-4.6664648e-13
1.8812499e-09
-3.8869121e-13
1.8811961e-09
-3.2325462e-13
1.8811502e-09
-2.6838472e-13
1.881111e-09
-2.2242559e-13
1.8810776e-09
-1.8397382e-13
1.8810492e-09
-1.5184205e-13
1.8810249e-09
-1.2502721e-13
1.8810042e-09
-1.026822e-13
1.8809866e-09
-8.4090971e-14
1.8809716e-09
-6.864776e-14
1.8809588e-09
-5.5840926e-14
1.880948e-09
-4.5239811e-14
1.8809387e-09
-3.648305e-14
1.8809309e-09
-2.9267511e-14
1.8809242e-09
-2.3338093e-14
1.8809185e-09
-1.847936e-14
1.8809137e-09
-1.4509545e-14
1.8809096e-09
-1.1276198e-14
1.8809061e-09
-8.6523887e-15
1.8809032e-09
-6.5327465e-15
1.8809007e-09
-4.8294087e-15
1.8808986e-09
-3.4685894e-15
1.8808968e-09
-2.3883027e-15
1.8808953e-09
-1.5369887e-15
1.880894e-09
-8.7235222e-16
1.8808929e-09
-3.5990875e-16
1.880892e-09
2.8779792e-17
1.8808912e-09
3.1767239e-16
1.8808906e-09
5.2711256e-16
1.88089e-09
6.7402143e-16
1.8808896e-09
7.7190421e-16
1.8808892e-09
8.3116739e-16
1.8808888e-09
8.599234e-16
1.8808886e-09
8.6496525e-16
1.8808883e-09
8.5237572e-16
1.8808881e-09
8.2755801e-16
1.880888e-09
7.9487291e-16
1.8808878e-09
7.5729919e-16
1.8808877e-09
7.1652392e-16
1.8808876e-09
6.7346913e-16
1.8808875e-09
6.2889897e-16
1.8808875e-09
5.8379252e-16
1.8808874e-09
5.3930056e-16
1.8808874e-09
4.9639557e-16
1.8808873e-09
4.5556987e-16
1.8808873e-09
4.1682443e-16
1.8808873e-09
3.7991447e-16
1.8808872e-09
3.4469754e-16
1.8808872e-09
3.1134356e-16
1.8808872e-09
2.8024904e-16
1.8808872e-09
2.517689e-16
1.8808872e-09
2.2596466e-16
1.8808872e-09
2.0251781e-16
1.8808872e-09
1.8090124e-16
1.8808872e-09
1.6069232e-16
1.8808872e-09
1.4178566e-16
1.8808872e-09
1.244184e-16
1.8808872e-09
1.0896461e-16
1.8808872e-09
9.5603506e-17
1.8808872e-09
8.4116943e-17
1.8808872e-09
7.3954283e-17
1.8808872e-09
6.4488183e-17
1.8808871e-09
5.5311163e-17
1.8808871e-09
4.6368503e-17
1.8808871e-09
3.7826127e-17
1.8808871e-09
2.9831541e-17
1.8808871e-09
2.2355054e-17
1.8808871e-09
1.516727e-17
1.8808871e-09
7.9336308e-18
1.8808871e-09
3.0984082e-19
1.8808871e-09
-8.0260919e-18
1.8808871e-09
-1.7284825e-17
1.8808872e-09
-2.737653e-17
1.8808872e-09
-3.7777378e-17
1.8808872e-09
-4.7615325e-17
1.8808872e-09
-5.6026809e-17
1.8808872e-09
-6.2579821e-17
1.8808872e-09
-6.7372074e-17
1.8808872e-09
-7.0718922e-17
1.8808872e-09
-7.2786506e-17
1.8808872e-09
-7.3519925e-17
1.8808872e-09
-7.2893011e-17
1.8808872e-09
-7.1139955e-17
1.8808872e-09
-6.8608297e-17
1.8808872e-09
-6.5392991e-17
1.8808872e-09
-6.1249859e-17
1.8808872e-09
-5.5897672e-17
1.8808872e-09
-4.9336202e-17
1.8808872e-09
-4.1820745e-17
1.8808873e-09
-3.3579833e-17
1.8808873e-09
-2.4734417e-17
1.8808873e-09
-1.5540797e-17
1.8808873e-09
-6.48599e-18
1.8808872e-09
1.9971372e-18
1.8808872e-09
9.7318358e-18
1.8808872e-09
1.6524914e-17
1.8808872e-09
2.1800682e-17
1.8808872e-09
2.4822378e-17
1.8808872e-09
2.5353625e-17
1.8808872e-09
2.3732116e-17
1.8808872e-09
2.0096847e-17
1.8808872e-09
1.4003236e-17
1.8808872e-09
5.2006092e-18
1.8808872e-09
-5.5820384e-18
1.8808872e-09
-1.7160305e-17
1.8808872e-09
-2.8961947e-17
1.8808872e-09
-4.0963665e-17
1.8808872e-09
-5.2817636e-17
1.8808872e-09
-6.3958485e-17
1.8808872e-09
-7.4522388e-17
1.8808872e-09
-8.5187348e-17
1.8808872e-09
-9.6252754e-17
1.8808872e-09
-1.080117e-16
1.8808872e-09
-1.2166962e-16
1.8808872e-09
-1.3845821e-16
1.8808872e-09
-1.5832263e-16
1.8808872e-09
-1.8103784e-16
1.8808871e-09
-2.0766402e-16
1.8808871e-09
-2.3910013e-16
1.8808871e-09
-2.7473601e-16
1.8808871e-09
-3.1434955e-16
1.8808871e-09
-3.5906764e-16
1.8808871e-09
-4.0915508e-16
1.8808871e-09
-4.6394718e-16
1.8808871e-09
-5.2413051e-16
1.8808871e-09
-5.9069765e-16
1.8808871e-09
-6.6345518e-16
1.8808871e-09
-7.4346637e-16
1.8808871e-09
-8.3312866e-16
1.880887e-09
-9.3282353e-16
1.880887e-09
-1.0435304e-15
1.880887e-09
-1.1704765e-15
1.8808869e-09
-1.3167876e-15
1.8808869e-09
-1.483632e-15
1.8808868e-09
-1.6781049e-15
1.8808868e-09
-1.9036496e-15
1.8808867e-09
-2.1646589e-15
1.8808866e-09
-2.4681124e-15
1.8808865e-09
-2.8165423e-15
1.8808865e-09
-3.2208163e-15
1.8808864e-09
-3.6841868e-15
1.8808862e-09
-4.2161476e-15
1.8808861e-09
-4.8245854e-15
1.880886e-09
-5.520855e-15
1.8808859e-09
-6.317261e-15
1.8808857e-09
-7.227283e-15
1.8808856e-09
-8.2677273e-15
1.8808854e-09
-9.4595414e-15
1.8808853e-09
-1.0824244e-14
1.8808851e-09
-1.2388799e-14
1.880885e-09
-1.4184911e-14
1.8808849e-09
-1.6246708e-14
1.8808848e-09
-1.8615638e-14
1.8808849e-09
-2.1339742e-14
1.880885e-09
-2.4471203e-14
1.8808853e-09
-2.8070705e-14
1.8808858e-09
-3.2206327e-14
1.8808867e-09
-3.6951222e-14
1.880888e-09
-4.2382776e-14
1.8808899e-09
-4.8578122e-14
1.8808926e-09
-5.5606746e-14
1.8808963e-09
-6.3517421e-14
1.8809015e-09
-7.2318384e-14
1.8809083e-09
-8.1939726e-14
1.8809173e-09
-9.2217108e-14
1.8809288e-09
-1.0272521e-13
1.8809433e-09
-1.1309334e-13
-1.2090773e-13
1.6728786e-09
2.1656116e-13
1.691621e-09
-3.3537915e-13
1.722242e-09
5.3678678e-13
1.7634049e-09
5.1644281e-12
1.813639e-09
1.4580696e-11
1.8715567e-09
2.8847507e-11
1.9359775e-09
4.7195351e-11
2.0058899e-09
6.8228157e-11
2.0803557e-09
8.9998125e-11
2.1582691e-09
1.102211e-10
2.2381615e-09
1.263175e-10
2.3179885e-09
1.3566208e-10
2.3949929e-09
1.3587753e-10
2.4656141e-09
1.2514599e-10
2.5258927e-09
1.0273072e-10
2.5723725e-09
6.9441404e-11
2.6028773e-09
2.7563747e-11
2.6166614e-09
-1.9569809e-11
2.6145792e-09
-6.8431065e-11
2.5983464e-09
-1.1569412e-10
2.5703789e-09
-1.5856328e-10
2.5333749e-09
-1.9499415e-10
2.4900135e-09
-2.2374608e-10
2.4427533e-09
-2.4432567e-10
2.3937142e-09
-2.5686773e-10
2.3446246e-09
-2.6198741e-10
2.2968179e-09
-2.6062563e-10
2.2512603e-09
-2.5390426e-10
2.2085968e-09
-2.4300248e-10
2.1692067e-09
-2.2906041e-10
2.1332594e-09
-2.13112e-10
2.1007673e-09
-1.9604535e-10
2.0716309e-09
-1.7858643e-10
2.0456772e-09
-1.6130056e-10
2.0226885e-09
-1.4460589e-10
2.0024245e-09
-1.2879351e-10
1.9846368e-09
-1.1404979e-10
1.9690802e-09
-1.0047826e-10
1.9555184e-09
-8.8119201e-11
1.9437291e-09
-7.6966272e-11
1.9335057e-09
-6.6980024e-11
1.9246592e-09
-5.8098683e-11
1.9170179e-09
-5.0246497e-11
1.910428e-09
-4.33401e-11
1.904752e-09
-3.7293254e-11
1.8998686e-09
-3.2020309e-11
1.8956708e-09
-2.7438631e-11
1.8920652e-09
-2.3470218e-11
1.8889702e-09
-2.0042681e-11
1.8863149e-09
-1.7089748e-11
1.8840379e-09
-1.4551425e-11
1.8820861e-09
-1.2373906e-11
1.8804137e-09
-1.0509311e-11
1.8789811e-09
-8.9153046e-12
1.8777544e-09
-7.5546672e-12
1.8767044e-09
-6.3948328e-12
1.8758057e-09
-5.407427e-12
1.8750369e-09
-4.5678137e-12
1.8743793e-09
-3.8546664e-12
1.873817e-09
-3.2495735e-12
1.8733364e-09
-2.7366784e-12
1.8729257e-09
-2.3023553e-12
1.8725748e-09
-1.9349166e-12
1.8722751e-09
-1.6243507e-12
1.8720192e-09
-1.3620952e-12
1.8718007e-09
-1.1408379e-12
1.8716144e-09
-9.5434253e-13
1.8714554e-09
-7.972966e-13
1.8713198e-09
-6.6517761e-13
1.8712042e-09
-5.5413806e-13
1.8711057e-09
-4.6090882e-13
1.8710217e-09
-3.827162e-13
1.8709503e-09
-3.1720927e-13
1.8708894e-09
-2.6239625e-13
1.8708376e-09
-2.1658945e-13
1.8707935e-09
-1.7835922e-13
1.8707561e-09
-1.4649642e-13
1.8707242e-09
-1.1998054e-13
1.8706971e-09
-9.7951221e-14
1.8706741e-09
-7.9682872e-14
1.8706546e-09
-6.4562804e-14
1.870638e-09
-5.2073673e-14
1.870624e-09
-4.1779905e-14
1.870612e-09
-3.3316311e-14
1.8706019e-09
-2.6377457e-14
1.8705934e-09
-2.0707562e-14
1.8705861e-09
-1.6091538e-14
1.87058e-09
-1.2348058e-14
1.8705748e-09
-9.3247595e-15
1.8705704e-09
-6.894582e-15
1.8705667e-09
-4.9522361e-15
1.8705636e-09
-3.410504e-15
1.870561e-09
-2.1966942e-15
1.8705587e-09
-1.249936e-15
1.8705569e-09
-5.1953866e-16
1.8705553e-09
3.6080277e-17
1.870554e-09
4.5061279e-16
1.8705529e-09
7.5141264e-16
1.8705519e-09
9.6116415e-16
1.8705512e-09
1.0991162e-15
1.8705505e-09
1.1815295e-15
1.87055e-09
1.2216243e-15
1.8705495e-09
1.2295871e-15
1.8705491e-09
1.2130224e-15
1.8705488e-09
1.1778413e-15
1.8705485e-09
1.1291598e-15
1.8705483e-09
1.0716897e-15
1.8705481e-09
1.0095725e-15
1.870548e-09
9.4594889e-16
1.8705479e-09
8.8267113e-16
1.8705478e-09
8.204904e-16
1.8705477e-09
7.5961636e-16
1.8705476e-09
7.0025925e-16
1.8705475e-09
6.4290167e-16
1.8705475e-09
5.8820089e-16
1.8705474e-09
5.3665932e-16
1.8705474e-09
4.8840447e-16
1.8705474e-09
4.4324288e-16
1.8705474e-09
4.0088339e-16
1.8705473e-09
3.611972e-16
1.8705473e-09
3.2432392e-16
1.8705473e-09
2.9051929e-16
1.8705473e-09
2.5990962e-16
1.8705473e-09
2.323296e-16
1.8705473e-09
2.0731912e-16
1.8705473e-09
1.8432442e-16
1.8705473e-09
1.6297522e-16
1.8705473e-09
1.4323327e-16
1.8705473e-09
1.2534655e-16
1.8705473e-09
1.0962719e-16
1.8705473e-09
9.6145963e-17
1.8705473e-09
8.4584135e-17
1.8705473e-09
7.4338399e-17
1.8705473e-09
6.476915e-17
1.8705473e-09
5.5475863e-17
1.8705473e-09
4.6418529e-17
1.8705473e-09
3.7780524e-17
1.8705473e-09
2.9736885e-17
1.8705473e-09
2.2287882e-17
1.8705473e-09
1.5191345e-17
1.8705473e-09
8.0212281e-18
1.8705473e-09
2.78491e-19
1.8705473e-09
-8.5115307e-18
1.8705473e-09
-1.8617739e-17
1.8705473e-09
-2.9865315e-17
1.8705473e-09
-4.1550496e-17
1.8705473e-09
-5.2620125e-17
1.8705473e-09
-6.2088449e-17
1.8705473e-09
-6.9453963e-17
1.8705473e-09
-7.4746884e-17
1.8705473e-09
-7.8210251e-17
1.8705473e-09
-8.001229e-17
1.8705474e-09
-8.0240443e-17
1.8705474e-09
-7.9102813e-17
1.8705474e-09
-7.7009127e-17
1.8705474e-09
-7.4290137e-17
1.8705474e-09
-7.085923e-17
1.8705474e-09
-6.6299469e-17
1.8705474e-09
-6.0296627e-17
1.8705474e-09
-5.2922294e-17
1.8705474e-09
-4.448569e-17
1.8705474e-09
-3.5192732e-17
1.8705474e-09
-2.5124979e-17
1.8705474e-09
-1.4564695e-17
1.8705474e-09
-4.0798556e-18
1.8705474e-09
5.81419e-18
1.8705474e-09
1.4857478e-17
1.8705474e-09
2.2766891e-17
1.8705474e-09
2.8916221e-17
1.8705474e-09
3.2577466e-17
1.8705474e-09
3.3485828e-17
1.8705473e-09
3.181369e-17
1.8705473e-09
2.752443e-17
1.8705473e-09
2.0281402e-17
1.8705473e-09
1.0239067e-17
1.8705473e-09
-1.5951407e-18
1.8705473e-09
-1.4155375e-17
1.8705473e-09
-2.704123e-17
1.8705473e-09
-4.0013188e-17
1.8705473e-09
-5.2307254e-17
1.8705473e-09
-6.3267955e-17
1.8705473e-09
-7.3254526e-17
1.8705473e-09
-8.3018163e-17
1.8705473e-09
-9.2773247e-17
1.8705473e-09
-1.0295582e-16
1.8705473e-09
-1.15061e-16
1.8705473e-09
-1.3043033e-16
1.8705473e-09
-1.491457e-16
1.8705473e-09
-1.7122485e-16
1.8705473e-09
-1.9747154e-16
1.8705472e-09
-2.2817452e-16
1.8705472e-09
-2.6294359e-16
1.8705472e-09
-3.0231973e-16
1.8705472e-09
-3.4704855e-16
1.8705472e-09
-3.9637567e-16
1.8705472e-09
-4.4978956e-16
1.8705472e-09
-5.0840358e-16
1.8705471e-09
-5.7275203e-16
1.8705471e-09
-6.4246725e-16
1.8705471e-09
-7.1815359e-16
1.8705471e-09
-8.0134076e-16
1.870547e-09
-8.9420244e-16
1.870547e-09
-9.9851385e-16
1.8705469e-09
-1.11602e-15
1.8705469e-09
-1.2511101e-15
1.8705468e-09
-1.4076039e-15
1.8705467e-09
-1.5898778e-15
1.8705466e-09
-1.8029408e-15
1.8705465e-09
-2.0498503e-15
1.8705464e-09
-2.3386401e-15
1.8705462e-09
-2.6735735e-15
1.8705461e-09
-3.0611876e-15
1.8705459e-09
-3.5070438e-15
1.8705457e-09
-4.0196269e-15
1.8705455e-09
-4.607905e-15
1.8705452e-09
-5.2809649e-15
1.870545e-09
-6.0516139e-15
1.8705447e-09
-6.9345824e-15
1.8705443e-09
-7.9461009e-15
1.870544e-09
-9.107484e-15
1.8705436e-09
-1.0442626e-14
1.8705432e-09
-1.1978798e-14
1.8705428e-09
-1.3750462e-14
1.8705423e-09
-1.579621e-14
1.8705419e-09
-1.8161365e-14
1.8705414e-09
-2.0900785e-14
1.870541e-09
-2.4076963e-14
1.8705407e-09
-2.7763418e-14
1.8705406e-09
-3.2046188e-14
1.8705406e-09
-3.7023522e-14
1.8705411e-09
-4.2805799e-14
1.870542e-09
-4.9514555e-14
1.8705437e-09
-5.7277817e-14
1.8705464e-09
-6.6216464e-14
1.8705505e-09
-7.6428563e-14
1.8705565e-09
-8.7944552e-14
1.870565e-09
-1.0071531e-13
1.8705766e-09
-1.1433335e-13
1.8705922e-09
-1.2870857e-13
-1.3946703e-13
1.6741304e-09
-7.2471619e-12
1.6966426e-09
-2.2847549e-11
1.7326338e-09
-3.545447e-11
1.779556e-09
-4.1757747e-11
1.8347059e-09
-4.0569196e-11
1.8957646e-09
-3.2211187e-11
1.9609168e-09
-1.7956858e-11
2.0287526e-09
3.9234398e-13
2.0982733e-09
2.0477458e-11
2.1684301e-09
4.0064282e-11
2.2380677e-09
5.6679887e-11
2.3056865e-09
6.8043307e-11
2.3693599e-09
7.2204155e-11
2.4267337e-09
6.777216e-11
2.4752616e-09
5.4202819e-11
2.5126749e-09
3.2028105e-11
2.5375367e-09
2.7019259e-12
2.5491398e-09
-3.1172852e-11
2.5479727e-09
-6.7264034e-11
2.5351525e-09
-1.028739e-10
2.512351e-09
-1.3576174e-10
2.4815335e-09
-1.6417665e-10
2.4447411e-09
-1.8695376e-10
2.4039279e-09
-2.0351241e-10
2.3608514e-09
-2.1379127e-10
2.3170117e-09
-2.1814769e-10
2.2736267e-09
-2.1724062e-10
2.2316357e-09
-2.1191328e-10
2.191721e-09
-2.0308774e-10
2.15434e-09
-1.9167946e-10
2.119763e-09
-1.7853501e-10
2.0881107e-09
-1.6439301e-10
2.0593897e-09
-1.4986538e-10
2.0335236e-09
-1.3543448e-10
2.010379e-09
-1.2146135e-10
1.989786e-09
-1.0820047e-10
1.9715535e-09
-9.5817293e-11
1.9554813e-09
-8.4406072e-11
1.9413683e-09
-7.4006168e-11
1.9290182e-09
-6.4616182e-11
1.9182438e-09
-5.620565e-11
1.9088695e-09
-4.8724392e-11
1.9007328e-09
-4.2109805e-11
1.8936851e-09
-3.6292423e-11
1.8875919e-09
-3.120005e-11
1.8823324e-09
-2.6760778e-11
1.8777989e-09
-2.2905093e-11
1.8738959e-09
-1.9567277e-11
1.8705395e-09
-1.6686261e-11
1.8676558e-09
-1.420608e-11
1.8651804e-09
-1.2076029e-11
1.8630571e-09
-1.02506e-11
1.8612371e-09
-8.6892682e-12
1.859678e-09
-7.3561904e-12
1.8583432e-09
-6.2198448e-12
1.857201e-09
-5.2526503e-12
1.8562241e-09
-4.4305765e-12
1.8553891e-09
-3.7327624e-12
1.8546756e-09
-3.1411557e-12
1.8540662e-09
-2.6401796e-12
1.8535459e-09
-2.2164297e-12
1.853102e-09
-1.8583959e-12
1.8527233e-09
-1.556214e-12
1.8524004e-09
-1.3014426e-12
1.8521251e-09
-1.0868708e-12
1.8518906e-09
-9.0634916e-13
1.8516909e-09
-7.5464029e-13
1.8515209e-09
-6.2728867e-13
1.8513763e-09
-5.2050664e-13
1.8512532e-09
-4.3107733e-13
1.8511486e-09
-3.5627307e-13
1.8510596e-09
-2.9378449e-13
1.8509841e-09
-2.4165788e-13
1.8509199e-09
-1.9824072e-13
1.8508655e-09
-1.6213521e-13
1.8508193e-09
-1.3216006e-13
1.8507801e-09
-1.0731926e-13
1.8507469e-09
-8.6774723e-14
1.8507188e-09
-6.9821614e-14
1.8506949e-09
-5.5866544e-14
1.8506748e-09
-4.440942e-14
1.8506577e-09
-3.5029286e-14
1.8506433e-09
-2.7373319e-14
1.8506312e-09
-2.1147147e-14
1.8506209e-09
-1.6105496e-14
1.8506122e-09
-1.2043438e-14
1.8506049e-09
-8.7890071e-15
1.8505988e-09
-6.1977705e-15
1.8505936e-09
-4.1491007e-15
1.8505893e-09
-2.5430898e-15
1.8505856e-09
-1.2973603e-15
1.8505825e-09
-3.4387942e-16
1.85058e-09
3.7391213e-16
1.8505778e-09
9.0301604e-16
1.850576e-09
1.2820243e-15
1.8505745e-09
1.541947e-15
1.8505732e-09
1.7075478e-15
1.8505722e-09
1.7988284e-15
1.8505713e-09
1.8325049e-15
1.8505706e-09
1.8228505e-15
1.85057e-09
1.7817864e-15
1.8505695e-09
1.7186646e-15
1.8505691e-09
1.640304e-15
1.8505688e-09
1.5515093e-15
1.8505685e-09
1.4559639e-15
1.8505683e-09
1.3570147e-15
1.8505681e-09
1.2578911e-15
1.8505679e-09
1.1614172e-15
1.8505678e-09
1.0695516e-15
1.8505677e-09
9.8311575e-16
1.8505676e-09
9.0199395e-16
1.8505675e-09
8.2566551e-16
1.8505675e-09
7.5368788e-16
1.8505674e-09
6.8593676e-16
1.8505674e-09
6.2253661e-16
1.8505674e-09
5.6358708e-16
1.8505674e-09
5.0898878e-16
1.8505673e-09
4.5848179e-16
1.8505673e-09
4.1178172e-16
1.8505673e-09
3.6873837e-16
1.8505673e-09
3.2938024e-16
1.8505673e-09
2.9376036e-16
1.8505673e-09
2.6177715e-16
1.8505673e-09
2.330986e-16
1.8505673e-09
2.0718361e-16
1.8505673e-09
1.8347238e-16
1.8505673e-09
1.6162252e-16
1.8505673e-09
1.4159567e-16
1.8505673e-09
1.235933e-16
1.8505673e-09
1.078627e-16
1.8505673e-09
9.4423158e-17
1.8505673e-09
8.293648e-17
1.8505673e-09
7.2799539e-17
1.8505673e-09
6.3360901e-17
1.8505673e-09
5.418929e-17
1.8505673e-09
4.5222147e-17
1.8505673e-09
3.6656393e-17
1.8505673e-09
2.8725178e-17
1.8505673e-09
2.1494405e-17
1.8505673e-09
1.4720664e-17
1.8505673e-09
7.8709813e-18
1.8505673e-09
2.6755226e-19
1.8505673e-09
-8.7323245e-18
1.8505673e-09
-1.9463227e-17
1.8505673e-09
-3.1679295e-17
1.8505673e-09
-4.4518419e-17
1.8505673e-09
-5.6749133e-17
1.8505674e-09
-6.7220853e-17
1.8505674e-09
-7.5288464e-17
1.8505674e-09
-8.0869193e-17
1.8505674e-09
-8.4174404e-17
1.8505674e-09
-8.5486735e-17
1.8505674e-09
-8.5133543e-17
1.8505674e-09
-8.3552669e-17
1.8505674e-09
-8.1228854e-17
1.8505674e-09
-7.8378868e-17
1.8505674e-09
-7.4730865e-17
1.8505674e-09
-6.9773843e-17
1.8505674e-09
-6.3217956e-17
1.8505674e-09
-5.5167188e-17
1.8505674e-09
-4.5896092e-17
1.8505674e-09
-3.5565169e-17
1.8505674e-09
-2.4302329e-17
1.8505674e-09
-1.2522866e-17
1.8505674e-09
-8.8217583e-19
1.8505674e-09
1.0135469e-17
1.8505674e-09
2.0308692e-17
1.8505674e-09
2.9269558e-17
1.8505674e-09
3.62285e-17
1.8505674e-09
4.0355411e-17
1.8505674e-09
4.1376998e-17
1.8505674e-09
3.9452235e-17
1.8505673e-09
3.4509164e-17
1.8505673e-09
2.6274999e-17
1.8505673e-09
1.5076333e-17
1.8505673e-09
2.038762e-18
1.8505673e-09
-1.1721772e-17
1.8505673e-09
-2.5615858e-17
1.8505673e-09
-3.9084325e-17
1.8505673e-09
-5.1278055e-17
1.8505673e-09
-6.1786619e-17
1.8505673e-09
-7.1053058e-17
1.8505673e-09
-7.950777e-17
1.8505673e-09
-8.7262779e-17
1.8505673e-09
-9.5338193e-17
1.8505673e-09
-1.0578489e-16
1.8505673e-09
-1.197177e-16
1.8505673e-09
-1.367592e-16
1.8505673e-09
-1.5705485e-16
1.8505672e-09
-1.8185518e-16
1.8505672e-09
-2.116874e-16
1.8505672e-09
-2.461095e-16
1.8505672e-09
-2.8500338e-16
1.8505672e-09
-3.2811399e-16
1.8505672e-09
-3.7494275e-16
1.8505671e-09
-4.2633919e-16
1.8505671e-09
-4.8298813e-16
1.8505671e-09
-5.4337409e-16
1.850567e-09
-6.0741997e-16
1.850567e-09
-6.7755703e-16
1.850567e-09
-7.5417642e-16
1.8505669e-09
-8.3771598e-16
1.8505668e-09
-9.3122937e-16
1.8505667e-09
-1.0368006e-15
1.8505667e-09
-1.158604e-15
1.8505666e-09
-1.3009868e-15
1.8505664e-09
-1.4657541e-15
1.8505663e-09
-1.6609251e-15
1.8505661e-09
-1.8904879e-15
1.8505659e-09
-2.1583037e-15
1.8505657e-09
-2.4712482e-15
1.8505655e-09
-2.8339239e-15
1.8505653e-09
-3.2536871e-15
1.850565e-09
-3.7355172e-15
1.8505647e-09
-4.2893579e-15
1.8505643e-09
-4.9240389e-15
1.8505639e-09
-5.6509605e-15
1.8505635e-09
-6.484919e-15
1.8505629e-09
-7.4427761e-15
1.8505624e-09
-8.5444813e-15
1.8505618e-09
-9.8152917e-15
1.8505611e-09
-1.1283195e-14
1.8505603e-09
-1.2983214e-14
1.8505595e-09
-1.4957199e-14
1.8505585e-09
-1.7253919e-14
1.8505576e-09
-1.9932515e-14
1.8505566e-09
-2.3063757e-14
1.8505555e-09
-2.6733412e-14
1.8505545e-09
-3.1043682e-14
1.8505536e-09
-3.6116734e-14
1.8505529e-09
-4.2098766e-14
1.8505526e-09
-4.9160668e-14
1.8505528e-09
-5.7498135e-14
1.8505539e-09
-6.732632e-14
1.8505563e-09
-7.8871015e-14
1.8505607e-09
-9.2318724e-14
1.8505678e-09
-1.0782997e-13
1.8505786e-09
-1.2513355e-13
1.8505946e-09
-1.4468781e-13
-1.5891022e-13
1.6763587e-09
-1.693925e-11
1.7049221e-09
-5.1410891e-11
1.7488745e-09
-7.9406836e-11
1.8034432e-09
-9.6326528e-11
1.864244e-09
-1.0136996e-10
1.9279333e-09
-9.5900527e-11
1.9922674e-09
-8.2290924e-11
2.0559555e-09
-6.3295787e-11
2.1181657e-09
-4.1732697e-11
2.1784234e-09
-2.0193383e-11
2.2361573e-09
-1.0540654e-12
2.2905658e-09
1.3634816e-11
2.3405288e-09
2.2241114e-11
2.3846259e-09
2.3675096e-11
2.4212916e-09
1.753709e-11
2.4491166e-09
4.2031434e-12
2.4669744e-09
-1.5155926e-11
2.4745939e-09
-3.87923e-11
2.4720693e-09
-6.4739445e-11
2.4601405e-09
-9.0945066e-11
2.4399455e-09
-1.155668e-10
2.4128884e-09
-1.3711947e-10
2.3804938e-09
-1.5455925e-10
2.3442852e-09
-1.6730377e-10
2.305692e-09
-1.7519803e-10
2.265988e-09
-1.7844372e-10
2.2262561e-09
-1.7750869e-10
2.1873741e-09
-1.7303127e-10
2.150018e-09
-1.6573171e-10
2.114677e-09
-1.5633847e-10
2.0816755e-09
-1.4553348e-10
2.0511993e-09
-1.3391678e-10
2.0233224e-09
-1.2198854e-10
1.9980327e-09
-1.1014479e-10
1.9752542e-09
-9.86828e-11
1.9548661e-09
-8.7812335e-11
1.9367184e-09
-7.7669666e-11
1.9206444e-09
-6.8331998e-11
1.9064691e-09
-5.9830942e-11
1.8940172e-09
-5.2164263e-11
1.8831172e-09
-4.530566e-11
1.8736055e-09
-3.9212617e-11
1.8653281e-09
-3.38325e-11
1.8581429e-09
-2.9107198e-11
1.8519194e-09
-2.4976557e-11
1.8465395e-09
-2.138085e-11
1.8418969e-09
-1.8262497e-11
1.8378968e-09
-1.5567178e-11
1.8344551e-09
-1.3244517e-11
1.8314974e-09
-1.1248425e-11
1.8289586e-09
-9.5372096e-12
1.8267815e-09
-8.0734993e-12
1.8249163e-09
-6.8240583e-12
1.8233196e-09
-5.7595257e-12
1.8219539e-09
-4.8541135e-12
1.8207865e-09
-4.085286e-12
1.8197894e-09
-3.4334333e-12
1.8189382e-09
-2.8815533e-12
1.818212e-09
-2.4149543e-12
1.8175928e-09
-2.0209794e-12
1.8170651e-09
-1.6887544e-12
1.8166156e-09
-1.408957e-12
1.816233e-09
-1.1736108e-12
1.8159075e-09
-9.7590224e-13
1.8156307e-09
-8.1002267e-13
1.8153953e-09
-6.7102903e-13
1.8151954e-09
-5.5472016e-13
1.8150257e-09
-4.5752923e-13
1.8148816e-09
-3.7643088e-13
1.8147594e-09
-3.0886232e-13
1.8146557e-09
-2.5265669e-13
1.8145679e-09
-2.0598454e-13
1.8144936e-09
-1.6730202e-13
1.8144307e-09
-1.353064e-13
1.8143774e-09
-1.0889885e-13
1.8143324e-09
-8.7154147e-14
1.8142944e-09
-6.9295377e-14
1.8142623e-09
-5.4671363e-14
1.8142352e-09
-4.273616e-14
1.8142124e-09
-3.3031389e-14
1.8141931e-09
-2.5172014e-14
1.8141769e-09
-1.8835485e-14
1.8141633e-09
-1.3753105e-14
1.8141519e-09
-9.7020732e-15
1.8141423e-09
-6.4976762e-15
1.8141342e-09
-3.9861817e-15
1.8141275e-09
-2.0391783e-15
1.8141218e-09
-5.494985e-16
1.8141171e-09
5.7158316e-16
1.8141131e-09
1.3969196e-15
1.8141099e-09
1.98625e-15
1.8141071e-09
2.3885546e-15
1.8141049e-09
2.6443483e-15
1.814103e-09
2.7867906e-15
1.8141014e-09
2.8424379e-15
1.8141001e-09
2.8320119e-15
1.8140991e-09
2.7716277e-15
1.8140982e-09
2.6741996e-15
1.8140975e-09
2.5506153e-15
1.8140969e-09
2.4102576e-15
1.8140964e-09
2.2608246e-15
1.814096e-09
2.1079943e-15
1.8140957e-09
1.955441e-15
1.8140954e-09
1.8053424e-15
1.8140952e-09
1.6592311e-15
1.8140951e-09
1.518699e-15
1.814095e-09
1.3855313e-15
1.8140949e-09
1.2613594e-15
1.8140948e-09
1.1471519e-15
1.8140947e-09
1.0428787e-15
1.8140947e-09
9.4764175e-16
1.8140946e-09
8.6016502e-16
1.8140946e-09
7.792823e-16
1.8140946e-09
7.0424285e-16
1.8140946e-09
6.3472652e-16
1.8140946e-09
5.706053e-16
1.8140946e-09
5.1173335e-16
1.8140946e-09
4.5788505e-16
1.8140946e-09
4.0877299e-16
1.8140946e-09
3.6414372e-16
1.8140946e-09
3.2383522e-16
1.8140946e-09
2.8768612e-16
1.8140946e-09
2.5543144e-16
1.8140946e-09
2.2665731e-16
1.8140946e-09
2.0080239e-16
1.8140946e-09
1.7729882e-16
1.8140946e-09
1.5576705e-16
1.8140946e-09
1.3609346e-16
1.8140946e-09
1.1840831e-16
1.8140946e-09
1.0294202e-16
1.8140946e-09
8.9756284e-17
1.8140946e-09
7.857636e-17
1.8140946e-09
6.883069e-17
1.8140947e-09
5.9831145e-17
1.8140947e-09
5.1068345e-17
1.8140947e-09
4.2428147e-17
1.8140947e-09
3.4132834e-17
1.8140947e-09
2.6514381e-17
1.8140947e-09
1.974176e-17
1.8140947e-09
1.3586772e-17
1.8140947e-09
7.4069754e-18
1.8140947e-09
3.3221141e-19
1.8140947e-09
-8.4668013e-18
1.8140947e-09
-1.9417703e-17
1.8140947e-09
-3.2240765e-17
1.8140947e-09
-4.5937761e-17
1.8140947e-09
-5.9078402e-17
1.8140947e-09
-7.0292695e-17
1.8140947e-09
-7.8751384e-17
1.8140947e-09
-8.4285851e-17
1.8140947e-09
-8.717067e-17
1.8140947e-09
-8.7891052e-17
1.8140947e-09
-8.7012572e-17
1.8140947e-09
-8.511233e-17
1.8140947e-09
-8.2653215e-17
1.8140947e-09
-7.972161e-17
1.8140947e-09
-7.5924209e-17
1.8140947e-09
-7.0703146e-17
1.8140947e-09
-6.3754038e-17
1.8140947e-09
-5.5146351e-17
1.8140947e-09
-4.5137118e-17
1.8140947e-09
-3.3958562e-17
1.8140947e-09
-2.1880493e-17
1.8140947e-09
-9.3954806e-18
1.8140947e-09
2.9262697e-18
1.8140947e-09
1.4731063e-17
1.8140947e-09
2.574836e-17
1.8140947e-09
3.5370312e-17
1.8140947e-09
4.2633054e-17
1.8140947e-09
4.6788811e-17
1.8140946e-09
4.7744211e-17
1.8140946e-09
4.5640412e-17
1.8140946e-09
4.0190853e-17
1.8140946e-09
3.1029355e-17
1.8140946e-09
1.8685829e-17
1.8140946e-09
4.5873818e-18
1.8140946e-09
-9.9827089e-18
1.8140946e-09
-2.4380606e-17
1.8140946e-09
-3.8012417e-17
1.8140946e-09
-4.9988222e-17
1.8140946e-09
-5.9761931e-17
1.8140946e-09
-6.7521945e-17
1.8140946e-09
-7.3713826e-17
1.8140946e-09
-7.90943e-17
1.8140946e-09
-8.5331469e-17
1.8140946e-09
-9.4135473e-17
1.8140946e-09
-1.0579059e-16
1.8140945e-09
-1.2016246e-16
1.8140945e-09
-1.3855991e-16
1.8140945e-09
-1.6237648e-16
1.8140945e-09
-1.9089716e-16
1.8140945e-09
-2.2299359e-16
1.8140944e-09
-2.5933735e-16
1.8140944e-09
-3.0049684e-16
1.8140944e-09
-3.4539347e-16
1.8140944e-09
-3.9338994e-16
1.8140943e-09
-4.448101e-16
1.8140943e-09
-4.9960344e-16
1.8140942e-09
-5.5829067e-16
1.8140942e-09
-6.214586e-16
1.8140941e-09
-6.8821117e-16
1.814094e-09
-7.6009863e-16
1.8140939e-09
-8.4143824e-16
1.8140938e-09
-9.3307239e-16
1.8140937e-09
-1.0374756e-15
1.8140936e-09
-1.1615957e-15
1.8140934e-09
-1.3072965e-15
1.8140932e-09
-1.4799092e-15
1.814093e-09
-1.6852301e-15
1.8140928e-09
-1.9266571e-15
1.8140925e-09
-2.211052e-15
1.8140922e-09
-2.5401898e-15
1.8140919e-09
-2.9227234e-15
1.8140915e-09
-3.3626244e-15
1.8140911e-09
-3.8677534e-15
1.8140906e-09
-4.4467184e-15
1.8140901e-09
-5.1105716e-15
1.8140895e-09
-5.8723971e-15
1.8140888e-09
-6.7493576e-15
1.814088e-09
-7.7596633e-15
1.8140871e-09
-8.9278283e-15
1.8140861e-09
-1.0282768e-14
1.814085e-09
-1.1858711e-14
1.8140837e-09
-1.3697394e-14
1.8140823e-09
-1.5849496e-14
1.8140808e-09
-1.8376779e-14
1.8140791e-09
-2.1354177e-14
1.8140772e-09
-2.4875333e-14
1.8140752e-09
-2.9055397e-14
1.8140731e-09
-3.403674e-14
1.814071e-09
-3.9997319e-14
1.814069e-09
-4.7155284e-14
1.8140673e-09
-5.5778646e-14
1.8140662e-09
-6.6192288e-14
1.8140661e-09
-7.8778087e-14
1.8140677e-09
-9.394599e-14
1.8140721e-09
-1.1217436e-13
1.8140805e-09
-1.3354942e-13
1.8140951e-09
-1.5932317e-13
-1.771586e-13
1.6803975e-09
-3.0670066e-11
1.7187052e-09
-8.9718622e-11
1.7737802e-09
-1.344818e-10
1.8371598e-09
-1.597061e-10
1.9024256e-09
-1.6663583e-10
1.9656123e-09
-1.5908718e-10
2.0247935e-09
-1.4147216e-10
2.0794395e-09
-1.1794178e-10
2.1297346e-09
-9.2027791e-11
2.1761067e-09
-6.6565528e-11
2.2188454e-09
-4.3792763e-11
2.257921e-09
-2.5440716e-11
2.2929282e-09
-1.2766133e-11
2.3231324e-09
-6.529131e-12
2.3475933e-09
-6.9237506e-12
2.3653579e-09
-1.3561477e-11
2.3756907e-09
-2.5488703e-11
2.3782231e-09
-4.1324684e-11
2.3729455e-09
-5.9461878e-11
2.3602549e-09
-7.8254451e-11
2.3408792e-09
-9.6191068e-11
2.3157899e-09
-1.1203025e-10
2.2861077e-09
-1.2487703e-10
2.2530108e-09
-1.342069e-10
2.2176575e-09
-1.3984466e-10
2.1811245e-09
-1.4191077e-10
2.1443647e-09
-1.4074883e-10
2.1081808e-09
-1.3684743e-10
2.0732161e-09
-1.3076696e-10
2.0399562e-09
-1.2307859e-10
2.0087415e-09
-1.1431878e-10
1.9797846e-09
-1.049599e-10
1.9531913e-09
-9.5395233e-11
1.9289817e-09
-8.5935165e-11
1.9071103e-09
-7.6811394e-11
1.8874838e-09
-6.8185899e-11
1.8699763e-09
-6.016217e-11
1.8544412e-09
-5.2796839e-11
1.8407208e-09
-4.6110537e-11
1.8286539e-09
-4.0097371e-11
1.818081e-09
-3.4732806e-11
1.8088484e-09
-2.9979958e-11
1.8008103e-09
-2.579446e-11
1.7938313e-09
-2.2128126e-11
1.7877864e-09
-1.8931638e-11
1.7825619e-09
-1.6156448e-11
1.7780555e-09
-1.3756066e-11
1.7741752e-09
-1.1686886e-11
1.7708394e-09
-9.9086591e-12
1.7679757e-09
-8.3847209e-12
1.7655205e-09
-7.0820241e-12
1.763418e-09
-5.9710453e-12
1.7616196e-09
-5.0256079e-12
1.7600827e-09
-4.2226537e-12
1.7587706e-09
-3.5419861e-12
1.7576513e-09
-2.9660015e-12
1.7566973e-09
-2.4794201e-12
1.7558848e-09
-2.0690275e-12
1.7551932e-09
-1.7234348e-12
1.7546051e-09
-1.4328567e-12
1.7541053e-09
-1.1889081e-12
1.7536807e-09
-9.8441846e-13
1.7533204e-09
-8.1326858e-13
1.7530147e-09
-6.7024566e-13
1.7527556e-09
-5.5091916e-13
1.7525361e-09
-4.5153048e-13
1.7523503e-09
-3.6889413e-13
1.7521931e-09
-3.0031373e-13
1.7520602e-09
-2.435099e-13
1.7519479e-09
-1.9655892e-13
1.751853e-09
-1.5784062e-13
1.751773e-09
-1.2599214e-13
1.7517056e-09
-9.9867445e-14
1.7516488e-09
-7.8503032e-14
1.751601e-09
-6.1089753e-14
1.7515608e-09
-4.6949805e-14
1.751527e-09
-3.5517194e-14
1.7514987e-09
-2.6319984e-14
1.7514749e-09
-1.8964313e-14
1.751455e-09
-1.3120964e-14
1.7514383e-09
-8.514878e-15
1.7514244e-09
-4.9172497e-15
1.7514128e-09
-2.1390451e-15
1.7514031e-09
-2.4857322e-17
1.7513951e-09
1.5531427e-15
1.7513884e-09
2.7006355e-15
1.7513828e-09
3.5050434e-15
1.7513782e-09
4.0386221e-15
1.7513745e-09
4.3603682e-15
1.7513713e-09
4.5181957e-15
1.7513688e-09
4.5509074e-15
1.7513667e-09
4.4900591e-15
1.751365e-09
4.3613235e-15
1.7513636e-09
4.1851664e-15
1.7513624e-09
3.9772414e-15
1.7513615e-09
3.7490269e-15
1.7513608e-09
3.5089252e-15
1.7513602e-09
3.2634931e-15
1.7513597e-09
3.0183863e-15
1.7513593e-09
2.7786338e-15
1.7513591e-09
2.54826e-15
1.7513588e-09
2.3298104e-15
1.7513587e-09
2.1242679e-15
1.7513585e-09
1.9315037e-15
1.7513584e-09
1.751112e-15
1.7513584e-09
1.5831194e-15
1.7513583e-09
1.4281142e-15
1.7513583e-09
1.2868473e-15
1.7513583e-09
1.1595993e-15
1.7513583e-09
1.045695e-15
1.7513583e-09
9.4353863e-16
1.7513583e-09
8.5110792e-16
1.7513583e-09
7.6654985e-16
1.7513583e-09
6.8862516e-16
1.7513584e-09
6.1679394e-16
1.7513584e-09
5.5093645e-16
1.7513584e-09
4.9101375e-16
1.7513584e-09
4.3685441e-16
1.7513584e-09
3.8809049e-16
1.7513585e-09
3.4427644e-16
1.7513585e-09
3.0503302e-16
1.7513585e-09
2.7004526e-16
1.7513585e-09
2.3899552e-16
1.7513585e-09
2.114807e-16
1.7513585e-09
1.8694495e-16
1.7513586e-09
1.6476949e-16
1.7513586e-09
1.4446554e-16
1.7513586e-09
1.2581033e-16
1.7513586e-09
1.0890514e-16
1.7513586e-09
9.405472e-17
1.7513586e-09
8.1455134e-17
1.7513586e-09
7.0949343e-17
1.7513586e-09
6.1989719e-17
1.7513586e-09
5.3807478e-17
1.7513586e-09
4.5775905e-17
1.7513586e-09
3.7719968e-17
1.7513586e-09
2.9915642e-17
1.7513586e-09
2.2842663e-17
1.7513586e-09
1.6815535e-17
1.7513586e-09
1.1647583e-17
1.7513586e-09
6.5944301e-18
1.7513586e-09
5.7896902e-19
1.7513586e-09
-7.4451999e-18
1.7513586e-09
-1.8036439e-17
1.7513586e-09
-3.0910652e-17
1.7513586e-09
-4.493297e-17
1.7513586e-09
-5.8452248e-17
1.7513586e-09
-6.9877912e-17
1.7513586e-09
-7.8245409e-17
1.7513586e-09
-8.3387888e-17
1.7513586e-09
-8.571189e-17
1.7513586e-09
-8.5890514e-17
1.7513586e-09
-8.4635718e-17
1.7513586e-09
-8.256912e-17
1.7513586e-09
-8.0099594e-17
1.7513586e-09
-7.7209987e-17
1.7513586e-09
-7.3406288e-17
1.7513586e-09
-6.8052722e-17
1.7513586e-09
-6.0807618e-17
1.7513586e-09
-5.1780521e-17
1.7513586e-09
-4.1355446e-17
1.7513586e-09
-2.9909495e-17
1.7513586e-09
-1.7753894e-17
1.7513586e-09
-5.2601239e-18
1.7513586e-09
7.1679471e-18
1.7513586e-09
1.9178864e-17
1.7513586e-09
3.0305396e-17
1.7513586e-09
3.9777936e-17
1.7513586e-09
4.6735992e-17
1.7513586e-09
5.0681453e-17
1.7513586e-09
5.1554362e-17
1.7513586e-09
4.9198924e-17
1.7513586e-09
4.3079162e-17
1.7513586e-09
3.3021245e-17
1.7513586e-09
2.0012017e-17
1.7513586e-09
5.6626411e-18
1.7513586e-09
-8.9613553e-18
1.7513586e-09
-2.3384454e-17
1.7513586e-09
-3.6776195e-17
1.7513586e-09
-4.7849336e-17
1.7513585e-09
-5.5968943e-17
1.7513585e-09
-6.1649122e-17
1.7513585e-09
-6.5771074e-17
1.7513585e-09
-6.9199649e-17
1.7513585e-09
-7.3199789e-17
1.7513585e-09
-7.9123808e-17
1.7513585e-09
-8.7794717e-17
1.7513585e-09
-1.0007226e-16
1.7513584e-09
-1.1704648e-16
1.7513584e-09
-1.3870322e-16
1.7513584e-09
-1.6405681e-16
1.7513584e-09
-1.9326563e-16
1.7513583e-09
-2.2712149e-16
1.7513583e-09
-2.6460548e-16
1.7513583e-09
-3.0436049e-16
1.7513582e-09
-3.4722255e-16
1.7513582e-09
-3.937573e-16
1.7513581e-09
-4.4238015e-16
1.751358e-09
-4.9258942e-16
1.751358e-09
-5.4581669e-16
1.7513579e-09
-6.0235253e-16
1.7513578e-09
-6.6209358e-16
1.7513577e-09
-7.2779487e-16
1.7513575e-09
-8.03078e-16
1.7513574e-09
-8.9000033e-16
1.7513572e-09
-9.9231129e-16
1.751357e-09
-1.1142925e-15
1.7513568e-09
-1.2615678e-15
1.7513566e-09
-1.4386075e-15
1.7513563e-09
-1.6475138e-15
1.751356e-09
-1.8949932e-15
1.7513556e-09
-2.1832551e-15
1.7513552e-09
-2.5179756e-15
1.7513547e-09
-2.9030111e-15
1.7513542e-09
-3.3447115e-15
1.7513536e-09
-3.8505309e-15
1.7513529e-09
-4.4312519e-15
1.7513522e-09
-5.0971092e-15
1.7513513e-09
-5.8643225e-15
1.7513503e-09
-6.7503094e-15
1.7513491e-09
-7.7766092e-15
1.7513478e-09
-8.9710185e-15
1.7513463e-09
-1.0366489e-14
1.7513446e-09
-1.2001849e-14
1.7513427e-09
-1.3926011e-14
1.7513405e-09
-1.620026e-14
1.7513381e-09
-1.889889e-14
1.7513353e-09
-2.2116887e-14
1.7513322e-09
-2.5975763e-14
1.7513288e-09
-3.0628978e-14
1.7513251e-09
-3.6274352e-14
1.7513211e-09
-4.3167348e-14
1.751317e-09
-5.1639952e-14
1.7513129e-09
-6.2120222e-14
1.7513093e-09
-7.5158181e-14
1.7513068e-09
-9.1436137e-14
1.7513064e-09
-1.1183578e-13
1.75131e-09
-1.3713097e-13
1.75132e-09
-1.6931115e-13
-1.9011166e-13
1.6878289e-09
-5.1832332e-11
1.7410706e-09
-1.4296026e-10
1.809478e-09
-2.0288927e-10
1.8793791e-09
-2.2960716e-10
1.9431114e-09
-2.3036814e-10
1.997674e-09
-2.1364978e-10
2.0429969e-09
-1.8679504e-10
2.0804992e-09
-1.5544414e-10
2.1120364e-09
-1.2356493e-10
2.1392739e-09
-9.3803015e-11
2.1633815e-09
-6.7900344e-11
2.1849413e-09
-4.7000567e-11
2.2039839e-09
-3.1808686e-11
2.2200957e-09
-2.2640928e-11
2.2325861e-09
-1.941416e-11
2.2406624e-09
-2.1637793e-11
2.2436153e-09
-2.8441636e-11
2.2409505e-09
-3.865989e-11
2.2324619e-09
-5.0973303e-11
2.218257e-09
-6.4049516e-11
2.1987385e-09
-7.6672525e-11
2.174553e-09
-8.7844799e-11
2.146523e-09
-9.6847065e-11
2.1155721e-09
-1.0325597e-10
2.0826533e-09
-1.0692586e-10
2.048687e-09
-1.0794449e-10
2.0145124e-09
-1.0657418e-10
1.9808541e-09
-1.0318913e-10
1.9483046e-09
-9.8217452e-11
1.9173194e-09
-9.2093441e-11
1.8882233e-09
-8.5222637e-11
1.8612231e-09
-7.7959696e-11
1.8364253e-09
-7.0597465e-11
1.8138549e-09
-6.3364734e-11
1.7934735e-09
-5.6429987e-11
1.7751963e-09
-4.9908695e-11
1.7589063e-09
-4.3872206e-11
1.7444663e-09
-3.8356824e-11
1.731728e-09
-3.3372217e-11
1.7205393e-09
-2.8908711e-11
1.7107498e-09
-2.4943297e-11
1.7022143e-09
-2.1444396e-11
1.6947953e-09
-1.8375496e-11
1.688365e-09
-1.5697865e-11
1.6828059e-09
-1.33725e-11
1.6780109e-09
-1.1361474e-11
1.6738837e-09
-9.6288274e-12
1.6703379e-09
-8.1411086e-12
1.6672969e-09
-6.8676637e-12
1.6646929e-09
-5.7807414e-12
1.6624664e-09
-4.8554672e-12
1.6605651e-09
-4.06973e-12
1.6589435e-09
-3.4040164e-12
1.657562e-09
-2.8412125e-12
1.6563864e-09
-2.3663908e-12
1.655387e-09
-1.966591e-12
1.6545382e-09
-1.6306062e-12
1.653818e-09
-1.3487816e-12
1.6532073e-09
-1.1128279e-12
1.6526901e-09
-9.1565036e-13
1.6522524e-09
-7.5119135e-13
1.6518823e-09
-6.1428975e-13
1.6515696e-09
-5.0055714e-13
1.6513056e-09
-4.0627009e-13
1.651083e-09
-3.2827724e-13
1.6508954e-09
-2.6391734e-13
1.6507374e-09
-2.1094264e-13
1.6506045e-09
-1.674588e-13
1.6504929e-09
-1.3187238e-13
1.6503992e-09
-1.0284558e-13
1.6503206e-09
-7.9257727e-14
1.6502548e-09
-6.017099e-14
1.6501997e-09
-4.4800867e-14
1.6501537e-09
-3.2491462e-14
1.6501153e-09
-2.2695432e-14
1.6500833e-09
-1.4957604e-14
1.6500567e-09
-8.9008487e-15
1.6500346e-09
-4.2131425e-15
1.6500163e-09
-6.3600963e-16
1.6500011e-09
2.0449749e-15
1.6499886e-09
4.0075243e-15
1.6499783e-09
5.3979417e-15
1.6499698e-09
6.3356945e-15
1.6499629e-09
6.9176246e-15
1.6499572e-09
7.2223573e-15
1.6499526e-09
7.3138766e-15
1.6499488e-09
7.2443041e-15
1.6499458e-09
7.0558886e-15
1.6499434e-09
6.7823999e-15
1.6499415e-09
6.4506213e-15
1.6499399e-09
6.0817928e-15
1.6499387e-09
5.6928361e-15
1.6499378e-09
5.297096e-15
1.6499371e-09
4.9045788e-15
1.6499365e-09
4.5220497e-15
1.6499361e-09
4.1534986e-15
1.6499358e-09
3.8010923e-15
1.6499356e-09
3.4662834e-15
1.6499355e-09
3.1506043e-15
1.6499354e-09
2.8557468e-15
1.6499354e-09
2.5829855e-15
1.6499354e-09
2.3325121e-15
1.6499354e-09
2.1032189e-15
1.6499354e-09
1.8931361e-15
1.6499355e-09
1.7003377e-15
1.6499356e-09
1.5237221e-15
1.6499356e-09
1.3631478e-15
1.6499357e-09
1.2189146e-15
1.6499358e-09
1.0909214e-15
1.6499358e-09
9.7802147e-16
1.6499359e-09
8.7802375e-16
1.6499359e-09
7.882906e-16
1.649936e-09
7.0651671e-16
1.6499361e-09
6.3129393e-16
1.6499361e-09
5.6216886e-16
1.6499362e-09
4.9922555e-16
1.6499362e-09
4.4257007e-16
1.6499363e-09
3.9200105e-16
1.6499363e-09
3.4696937e-16
1.6499363e-09
3.0681286e-16
1.6499364e-09
2.7100612e-16
1.6499364e-09
2.3921176e-16
1.6499364e-09
2.111757e-16
1.6499365e-09
1.865476e-16
1.6499365e-09
1.6474861e-16
1.6499365e-09
1.4505705e-16
1.6499365e-09
1.2685632e-16
1.6499365e-09
1.0987208e-16
1.6499366e-09
9.4282082e-17
1.6499366e-09
8.0557198e-17
1.6499366e-09
6.9077673e-17
1.6499366e-09
5.9793554e-17
1.6499366e-09
5.212676e-17
1.6499366e-09
4.5177553e-17
1.6499366e-09
3.8187448e-17
1.6499366e-09
3.0945067e-17
1.6499366e-09
2.3837661e-17
1.6499366e-09
1.7558614e-17
1.6499366e-09
1.261277e-17
1.6499366e-09
8.8728125e-18
1.6499366e-09
5.4841112e-18
1.6499366e-09
1.1343627e-18
1.6499366e-09
-5.4626172e-18
1.6499366e-09
-1.4996305e-17
1.6499366e-09
-2.7163531e-17
1.6499366e-09
-4.0688779e-17
1.6499366e-09
-5.3746635e-17
1.6499366e-09
-6.4636377e-17
1.6499366e-09
-7.2382944e-17
1.6499366e-09
-7.6888666e-17
1.6499366e-09
-7.8662924e-17
1.6499366e-09
-7.8468294e-17
1.6499366e-09
-7.7063367e-17
1.6499366e-09
-7.5063865e-17
1.6499366e-09
-7.2800687e-17
1.6499366e-09
-7.0115185e-17
1.6499366e-09
-6.6376758e-17
1.6499365e-09
-6.0907603e-17
1.6499365e-09
-5.347634e-17
1.6499365e-09
-4.4402347e-17
1.6499365e-09
-3.4232444e-17
1.6499365e-09
-2.3346613e-17
1.6499365e-09
-1.1927259e-17
1.6499365e-09
-2.1588839e-19
1.6499365e-09
1.1399572e-17
1.6499365e-09
2.249116e-17
1.6499365e-09
3.258616e-17
1.6499365e-09
4.1088153e-17
1.6499365e-09
4.7358398e-17
1.6499365e-09
5.0919279e-17
1.6499365e-09
5.1459648e-17
1.6499365e-09
4.858291e-17
1.6499365e-09
4.1881821e-17
1.6499365e-09
3.1591928e-17
1.6499365e-09
1.8870806e-17
1.6499365e-09
5.043129e-18
1.6499365e-09
-9.0933572e-18
1.6499365e-09
-2.2805641e-17
1.6499365e-09
-3.4783181e-17
1.6499365e-09
-4.379165e-17
1.6499365e-09
-4.978454e-17
1.6499365e-09
-5.3543629e-17
1.6499365e-09
-5.5550447e-17
1.6499365e-09
-5.6359335e-17
1.6499364e-09
-5.7643485e-17
1.6499364e-09
-6.1352801e-17
1.6499364e-09
-6.8196744e-17
1.6499364e-09
-7.8231895e-17
1.6499364e-09
-9.2083598e-17
1.6499363e-09
-1.1029089e-16
1.6499363e-09
-1.3250157e-16
1.6499363e-09
-1.5814944e-16
1.6499362e-09
-1.8688659e-16
1.6499362e-09
-2.1847351e-16
1.6499361e-09
-2.5298884e-16
1.6499361e-09
-2.9001148e-16
1.649936e-09
-3.2832204e-16
1.6499359e-09
-3.6805009e-16
1.6499358e-09
-4.0999416e-16
1.6499358e-09
-4.5285388e-16
1.6499356e-09
-4.9627724e-16
1.6499355e-09
-5.427215e-16
1.6499354e-09
-5.9359222e-16
1.6499352e-09
-6.5053892e-16
1.6499351e-09
-7.1715836e-16
1.6499349e-09
-7.9705972e-16
1.6499347e-09
-8.9424981e-16
1.6499344e-09
-1.0126437e-15
1.6499341e-09
-1.1563859e-15
1.6499338e-09
-1.3287045e-15
1.6499334e-09
-1.5325536e-15
1.649933e-09
-1.7714291e-15
1.6499326e-09
-2.048181e-15
1.649932e-09
-2.3661688e-15
1.6499314e-09
-2.7306419e-15
1.6499307e-09
-3.146691e-15
1.6499299e-09
-3.6245411e-15
1.649929e-09
-4.172223e-15
1.6499279e-09
-4.8026565e-15
1.6499267e-09
-5.5325696e-15
1.6499253e-09
-6.379966e-15
1.6499237e-09
-7.3684449e-15
1.6499219e-09
-8.5283775e-15
1.6499197e-09
-9.8937966e-15
1.6499173e-09
-1.1507133e-14
1.6499146e-09
-1.3424516e-14
1.6499114e-09
-1.5714851e-14
1.6499077e-09
-1.8466188e-14
1.6499035e-09
-2.1794925e-14
1.6498988e-09
-2.5851883e-14
1.6498933e-09
-3.0836976e-14
1.6498872e-09
-3.7019975e-14
1.6498803e-09
-4.4765991e-14
1.6498728e-09
-5.4573441e-14
1.6498647e-09
-6.7130854e-14
1.6498567e-09
-8.3370825e-14
1.6498494e-09
-1.0459711e-13
1.6498449e-09
-1.3256561e-13
1.6498449e-09
-1.6931502e-13
-1.9131029e-13
1.7011416e-09
-8.6307238e-11
1.774352e-09
-2.1617067e-10
1.8527521e-09
-2.8128937e-10
1.9183048e-09
-2.9515991e-10
1.9659731e-09
-2.7803637e-10
1.997115e-09
-2.4479172e-10
2.015656e-09
-2.0533601e-10
2.0259536e-09
-1.6574181e-10
2.0316897e-09
-1.2930095e-10
2.0354805e-09
-9.7593871e-11
2.0388753e-09
-7.1295131e-11
2.0425114e-09
-5.0636704e-11
2.0463191e-09
-3.5616348e-11
2.0497316e-09
-2.6053462e-11
2.051891e-09
-2.157349e-11
2.0518362e-09
-2.1582982e-11
2.0486698e-09
-2.5275236e-11
2.0416883e-09
-3.167846e-11
2.0304601e-09
-3.9745057e-11
2.0148579e-09
-4.8447381e-11
1.9950533e-09
-5.6867856e-11
1.9714763e-09
-6.4267817e-11
1.9447551e-09
-7.012585e-11
1.9156443e-09
-7.4145188e-11
1.8849535e-09
-7.6235045e-11
1.8534828e-09
-7.6473814e-11
1.8219717e-09
-7.5063084e-11
1.791063e-09
-7.2280427e-11
1.7612825e-09
-6.8436977e-11
1.7330326e-09
-6.3843468e-11
1.706596e-09
-5.8786092e-11
1.6821481e-09
-5.3511818e-11
1.6597724e-09
-4.8221714e-11
1.639478e-09
-4.3070315e-11
1.621217e-09
-3.8169047e-11
1.6049003e-09
-3.3591948e-11
1.5904104e-09
-2.9382328e-11
1.577613e-09
-2.5559419e-11
1.5663652e-09
-2.2124442e-11
1.5565223e-09
-1.90658e-11
1.5479423e-09
-1.636331e-11
1.5404894e-09
-1.3991511e-11
1.5340361e-09
-1.1922164e-11
1.5284643e-09
-1.012608e-11
1.5236662e-09
-8.574403e-12
1.5195442e-09
-7.2394733e-12
1.5160108e-09
-6.0953709e-12
1.5129879e-09
-5.118224e-12
1.5104066e-09
-4.2863472e-12
1.5082061e-09
-3.5802595e-12
1.5063332e-09
-2.9826202e-12
1.5047416e-09
-2.4781132e-12
1.5033909e-09
-2.0533025e-12
1.5022462e-09
-1.6964719e-12
1.5012772e-09
-1.3974566e-12
1.5004581e-09
-1.1474773e-12
1.4997665e-09
-9.3898112e-13
1.4991832e-09
-7.6549411e-13
1.4986919e-09
-6.2148674e-13
1.4982785e-09
-5.0224988e-13
1.497931e-09
-4.0378262e-13
1.4976394e-09
-3.2269258e-13
1.497395e-09
-2.5610975e-13
1.4971903e-09
-2.016119e-13
1.4970192e-09
-1.5716113e-13
1.4968764e-09
-1.2104994e-13
1.4967573e-09
-9.1838068e-14
1.4966581e-09
-6.8320685e-14
1.4965757e-09
-4.9491969e-14
1.4965074e-09
-3.4513669e-14
1.4964508e-09
-2.2689513e-14
1.4964041e-09
-1.3440618e-14
1.4963656e-09
-6.2867139e-15
1.4963339e-09
-8.2944232e-16
1.496308e-09
3.2606135e-15
1.4962868e-09
6.2544419e-15
1.4962695e-09
8.3737742e-15
1.4962555e-09
9.7996603e-15
1.4962442e-09
1.068017e-14
1.4962351e-09
1.113668e-14
1.4962278e-09
1.1268519e-14
1.496222e-09
1.1156227e-14
1.4962175e-09
1.086423e-14
1.496214e-09
1.0443463e-14
1.4962113e-09
9.9340308e-15
1.4962092e-09
9.3675333e-15
1.4962077e-09
8.7688141e-15
1.4962066e-09
8.1571566e-15
1.4962058e-09
7.5472081e-15
1.4962053e-09
6.9499524e-15
1.496205e-09
6.373669e-15
1.4962049e-09
5.8246314e-15
1.4962049e-09
5.3073341e-15
1.496205e-09
4.8243187e-15
1.4962051e-09
4.3760367e-15
1.4962053e-09
3.9612066e-15
1.4962055e-09
3.5777176e-15
1.4962058e-09
3.2236975e-15
1.496206e-09
2.8981592e-15
1.4962063e-09
2.6008285e-15
1.4962065e-09
2.3313203e-15
1.4962068e-09
2.0882995e-15
1.496207e-09
1.8692346e-15
1.4962072e-09
1.6709656e-15
1.4962075e-09
1.4907487e-15
1.4962077e-09
1.3270609e-15
1.4962078e-09
1.1796292e-15
1.496208e-09
1.048687e-15
1.4962082e-09
9.3393148e-16
1.4962083e-09
8.3385146e-16
1.4962084e-09
7.4585291e-16
1.4962086e-09
6.6703882e-16
1.4962087e-09
5.9512648e-16
1.4962088e-09
5.2897857e-16
1.4962089e-09
4.6848129e-16
1.496209e-09
4.139482e-16
1.496209e-09
3.6550105e-16
1.4962091e-09
3.2276498e-16
1.4962092e-09
2.8498558e-16
1.4962092e-09
2.513955e-16
1.4962093e-09
2.2149783e-16
1.4962093e-09
1.9507749e-16
1.4962094e-09
1.7199229e-16
1.4962094e-09
1.5190326e-16
1.4962094e-09
1.3415342e-16
1.4962094e-09
1.1792182e-16
1.4962095e-09
1.025569e-16
1.4962095e-09
8.7884002e-17
1.4962095e-09
7.4283103e-17
1.4962095e-09
6.2441729e-17
1.4962095e-09
5.2883182e-17
1.4962096e-09
4.5558437e-17
1.4962096e-09
3.9747363e-17
1.4962096e-09
3.4371049e-17
1.4962096e-09
2.8578481e-17
1.4962096e-09
2.2228146e-17
1.4962096e-09
1.5945867e-17
1.4962096e-09
1.0721322e-17
1.4962096e-09
7.2527351e-18
1.4962096e-09
5.4216846e-18
1.4962096e-09
4.2062354e-18
1.4962096e-09
2.0430259e-18
1.4962096e-09
-2.5418991e-18
1.4962096e-09
-1.0285079e-17
1.4962096e-09
-2.0826052e-17
1.4962096e-09
-3.2807694e-17
1.4962096e-09
-4.43874e-17
1.4962096e-09
-5.3942905e-17
1.4962096e-09
-6.0608394e-17
1.4962096e-09
-6.4355207e-17
1.4962095e-09
-6.5718088e-17
1.4962095e-09
-6.5447326e-17
1.4962095e-09
-6.4259003e-17
1.4962095e-09
-6.2674222e-17
1.4962095e-09
-6.0838571e-17
1.4962095e-09
-5.838874e-17
1.4962095e-09
-5.4635633e-17
1.4962095e-09
-4.9076937e-17
1.4962094e-09
-4.1784306e-17
1.4962094e-09
-3.3293251e-17
1.4962094e-09
-2.4139179e-17
1.4962094e-09
-1.4567894e-17
1.4962094e-09
-4.7103008e-18
1.4962094e-09
5.1449437e-18
1.4962094e-09
1.4626871e-17
1.4962094e-09
2.3505814e-17
1.4962094e-09
3.1613228e-17
1.4962094e-09
3.8544564e-17
1.4962094e-09
4.3632661e-17
1.4962094e-09
4.6273921e-17
1.4962094e-09
4.6110214e-17
1.4962094e-09
4.284815e-17
1.4962094e-09
3.6263478e-17
1.4962094e-09
2.6655008e-17
1.4962094e-09
1.5020453e-17
1.4962094e-09
2.5284578e-18
1.4962094e-09
-9.9076301e-18
1.4962094e-09
-2.1369352e-17
1.4962094e-09
-3.078512e-17
1.4962094e-09
-3.7488532e-17
1.4962094e-09
-4.1509844e-17
1.4962094e-09
-4.3012735e-17
1.4962094e-09
-4.2288706e-17
1.4962094e-09
-4.0728151e-17
1.4962094e-09
-4.0511687e-17
1.4962093e-09
-4.267125e-17
1.4962093e-09
-4.700571e-17
1.4962093e-09
-5.4187948e-17
1.4962093e-09
-6.5522592e-17
1.4962092e-09
-8.048362e-17
1.4962092e-09
-9.7563137e-17
1.4962092e-09
-1.1717941e-16
1.4962091e-09
-1.4034627e-16
1.4962091e-09
-1.6591929e-16
1.496209e-09
-1.9250383e-16
1.4962089e-09
-2.2052337e-16
1.4962089e-09
-2.5027817e-16
1.4962088e-09
-2.8112661e-16
1.4962087e-09
-3.1251503e-16
1.4962086e-09
-3.4377414e-16
1.4962084e-09
-3.7499786e-16
1.4962083e-09
-4.0744485e-16
1.4962082e-09
-4.4225695e-16
1.496208e-09
-4.8183592e-16
1.4962078e-09
-5.2906341e-16
1.4962076e-09
-5.8572523e-16
1.4962074e-09
-6.5654034e-16
1.4962071e-09
-7.4520779e-16
1.4962068e-09
-8.5304085e-16
1.4962064e-09
-9.8446367e-16
1.496206e-09
-1.139719e-15
1.4962056e-09
-1.3223505e-15
1.4962051e-09
-1.5330974e-15
1.4962045e-09
-1.7739107e-15
1.4962038e-09
-2.0498321e-15
1.496203e-09
-2.3634377e-15
1.4962021e-09
-2.7225512e-15
1.4962011e-09
-3.134551e-15
1.4961999e-09
-3.607725e-15
1.4961985e-09
-4.1563193e-15
1.4961969e-09
-4.7956906e-15
1.4961951e-09
-5.5430274e-15
1.496193e-09
-6.4227198e-15
1.4961906e-09
-7.4627482e-15
1.4961878e-09
-8.6962484e-15
1.4961845e-09
-1.0168419e-14
1.4961807e-09
-1.1936622e-14
1.4961763e-09
-1.407405e-14
1.4961712e-09
-1.6679116e-14
1.4961652e-09
-1.9882744e-14
1.4961583e-09
-2.3863509e-14
1.4961501e-09
-2.8869884e-14
1.4961406e-09
-3.5250623e-14
1.4961295e-09
-4.3509455e-14
1.4961168e-09
-5.4372188e-14
1.4961023e-09
-6.8899077e-14
1.4960864e-09
-8.8673411e-14
1.4960702e-09
-1.1637158e-13
1.4960537e-09
-1.5283116e-13
-1.7345038e-13
1.7230204e-09
-1.4266094e-10
1.8137987e-09
-3.0694904e-10
1.8830406e-09
-3.5053123e-10
1.9181432e-09
-3.3026248e-10
1.925161e-09
-2.8505414e-10
1.913763e-09
-2.3339382e-10
1.8928071e-09
-1.8438003e-10
1.8689059e-09
-1.4184064e-10
1.8462489e-09
-1.0664395e-10
1.8270397e-09
-7.8384656e-11
1.8120521e-09
-5.6307597e-11
1.8010978e-09
-3.9682314e-11
1.7933755e-09
-2.7894126e-11
1.7877317e-09
-2.0409662e-11
1.7828618e-09
-1.6703597e-11
1.7774754e-09
-1.6196553e-11
1.7704302e-09
-1.8230027e-11
1.7608337e-09
-2.2081986e-11
1.7481021e-09
-2.701345e-11
1.73198e-09
-3.2325293e-11
1.7125241e-09
-3.7411928e-11
1.6900568e-09
-4.1800548e-11
1.6651012e-09
-4.5170231e-11
1.638307e-09
-4.7350997e-11
1.6103786e-09
-4.8306666e-11
1.5820121e-09
-4.8107266e-11
1.5538461e-09
-4.6897076e-11
1.5264291e-09
-4.4863383e-11
1.5002015e-09
-4.2209438e-11
1.4754916e-09
-3.9133573e-11
1.4525205e-09
-3.5814968e-11
1.4314142e-09
-3.240549e-11
1.4122189e-09
-2.9026492e-11
1.3949179e-09
-2.5769243e-11
1.3794465e-09
-2.2697699e-11
1.3657071e-09
-1.9852523e-11
1.3535803e-09
-1.725554e-11
1.3429349e-09
-1.4914058e-11
1.3336353e-09
-1.2824743e-11
1.3255463e-09
-1.0976888e-11
1.3185381e-09
-9.3550324e-12
1.3124875e-09
-7.9409868e-12
1.3072807e-09
-6.7153358e-12
1.3028131e-09
-5.6585133e-12
1.2989903e-09
-4.7515369e-12
1.2957273e-09
-3.976481e-12
1.2929487e-09
-3.3167575e-12
1.2905877e-09
-2.7572546e-12
1.2885857e-09
-2.2843768e-12
1.2868915e-09
-1.8860161e-12
1.2854603e-09
-1.5514798e-12
1.2842536e-09
-1.2713942e-12
1.2832379e-09
-1.0375954e-12
1.2823845e-09
-8.4301293e-13
1.2816686e-09
-6.8155304e-13
1.2810691e-09
-5.479858e-13
1.2805679e-09
-4.3784063e-13
1.2801497e-09
-3.473108e-13
1.2798014e-09
-2.7316628e-13
1.2795118e-09
-2.1267416e-13
1.2792716e-09
-1.6352701e-13
1.2790727e-09
-1.2378078e-13
1.2789084e-09
-9.1801562e-14
1.278773e-09
-6.6218601e-14
1.2786617e-09
-4.5885766e-14
1.2785705e-09
-2.9874177e-14
1.2784961e-09
-1.73711e-14
1.2784355e-09
-7.7172534e-15
1.2783863e-09
-3.695259e-16
1.2783467e-09
5.1216424e-15
1.2783149e-09
9.1222484e-15
1.2782895e-09
1.1936475e-14
1.2782694e-09
1.3812503e-14
1.2782536e-09
1.4954198e-14
1.2782414e-09
1.5527781e-14
1.2782319e-09
1.5667254e-14
1.2782248e-09
1.5479572e-14
1.2782196e-09
1.5049906e-14
1.2782158e-09
1.4446406e-14
1.2782132e-09
1.3723982e-14
1.2782116e-09
1.2926723e-14
1.2782106e-09
1.2089337e-14
1.2782103e-09
1.1238317e-14
1.2782103e-09
1.0393253e-14
1.2782107e-09
9.568305e-15
1.2782113e-09
8.7735414e-15
1.278212e-09
8.0159015e-15
1.2782129e-09
7.2998358e-15
1.2782138e-09
6.6279154e-15
1.2782148e-09
6.0014971e-15
1.2782157e-09
5.4212829e-15
1.2782166e-09
4.887524e-15
1.2782176e-09
4.3997262e-15
1.2782184e-09
3.9561361e-15
1.2782192e-09
3.5535674e-15
1.27822e-09
3.1878872e-15
1.2782207e-09
2.8550341e-15
1.2782214e-09
2.5520207e-15
1.278222e-09
2.2772446e-15
1.2782226e-09
2.0298912e-15
1.2782231e-09
1.8088678e-15
1.2782236e-09
1.6119874e-15
1.278224e-09
1.4359813e-15
1.2782244e-09
1.2773725e-15
1.2782248e-09
1.1335921e-15
1.2782251e-09
1.0035714e-15
1.2782254e-09
8.8743966e-16
1.2782257e-09
7.8551486e-16
1.2782259e-09
6.9725418e-16
1.2782261e-09
6.2085388e-16
1.2782263e-09
5.5368184e-16
1.2782265e-09
4.9320045e-16
1.2782266e-09
4.3779091e-16
1.2782268e-09
3.8698134e-16
1.2782269e-09
3.4103427e-16
1.278227e-09
3.0027506e-16
1.2782271e-09
2.6458864e-16
1.2782272e-09
2.3334799e-16
1.2782273e-09
2.0573848e-16
1.2782274e-09
1.8114279e-16
1.2782274e-09
1.5930052e-16
1.2782275e-09
1.4018551e-16
1.2782275e-09
1.2370186e-16
1.2782276e-09
1.0942646e-16
1.2782276e-09
9.6610504e-17
1.2782276e-09
8.4443643e-17
1.2782277e-09
7.2436062e-17
1.2782277e-09
6.0703389e-17
1.2782277e-09
4.9937951e-17
1.2782277e-09
4.1014247e-17
1.2782278e-09
3.4433935e-17
1.2782278e-09
2.9910375e-17
1.2782278e-09
2.6389975e-17
1.2782278e-09
2.2590236e-17
1.2782278e-09
1.7738878e-17
1.2782278e-09
1.2047396e-17
1.2782278e-09
6.61028e-18
1.2782278e-09
2.7513711e-18
1.2782279e-09
1.2159193e-18
1.2782279e-09
1.7047132e-18
1.2782279e-09
2.9445654e-18
1.2782279e-09
3.2054723e-18
1.2782279e-09
1.005789e-18
1.2782278e-09
-4.3143971e-18
1.2782278e-09
-1.2353574e-17
1.2782278e-09
-2.1803936e-17
1.2782278e-09
-3.0980922e-17
1.2782278e-09
-3.8497916e-17
1.2782278e-09
-4.370213e-17
1.2782278e-09
-4.66862e-17
1.2782277e-09
-4.7974892e-17
1.2782277e-09
-4.8158494e-17
1.2782277e-09
-4.769676e-17
1.2782277e-09
-4.6832772e-17
1.2782277e-09
-4.5472151e-17
1.2782277e-09
-4.315908e-17
1.2782276e-09
-3.9354669e-17
1.2782276e-09
-3.3875467e-17
1.2782276e-09
-2.7098795e-17
1.2782276e-09
-1.9686039e-17
1.2782276e-09
-1.21177e-17
1.2782276e-09
-4.5902915e-18
1.2782276e-09
2.7195052e-18
1.2782276e-09
9.5563256e-18
1.2782276e-09
1.5823749e-17
1.2782276e-09
2.1682538e-17
1.2782276e-09
2.71826e-17
1.2782276e-09
3.1880633e-17
1.2782276e-09
3.5075489e-17
1.2782276e-09
3.6370299e-17
1.2782276e-09
3.5663285e-17
1.2782276e-09
3.265135e-17
1.2782276e-09
2.6902595e-17
1.2782276e-09
1.8627473e-17
1.2782276e-09
8.9362133e-18
1.2782276e-09
-9.4473348e-19
1.2782276e-09
-1.0334314e-17
1.2782276e-09
-1.8712329e-17
1.2782276e-09
-2.5220736e-17
1.2782276e-09
-2.9098192e-17
1.2782276e-09
-3.0285513e-17
1.2782276e-09
-2.9302725e-17
1.2782276e-09
-2.7022651e-17
1.2782276e-09
-2.4670148e-17
1.2782276e-09
-2.3347358e-17
1.2782275e-09
-2.3629145e-17
1.2782275e-09
-2.6157047e-17
1.2782275e-09
-3.1728587e-17
1.2782275e-09
-4.0040944e-17
1.2782274e-09
-4.9994133e-17
1.2782274e-09
-6.1781416e-17
1.2782274e-09
-7.6152253e-17
1.2782273e-09
-9.2037184e-17
1.2782273e-09
-1.0841632e-16
1.2782272e-09
-1.2645757e-16
1.2782271e-09
-1.4628088e-16
1.278227e-09
-1.6611844e-16
1.2782269e-09
-1.8624771e-16
1.2782268e-09
-2.0727047e-16
1.2782267e-09
-2.2726295e-16
1.2782266e-09
-2.4624246e-16
1.2782264e-09
-2.6621433e-16
1.2782263e-09
-2.8700017e-16
1.2782261e-09
-3.0980131e-16
1.2782259e-09
-3.3821266e-16
1.2782257e-09
-3.740461e-16
1.2782255e-09
-4.1961288e-16
1.2782252e-09
-4.7811604e-16
1.2782249e-09
-5.4987071e-16
1.2782246e-09
-6.3882672e-16
1.2782242e-09
-7.4357139e-16
1.2782237e-09
-8.6628737e-16
1.2782232e-09
-1.0073556e-15
1.2782226e-09
-1.1668095e-15
1.2782219e-09
-1.3485993e-15
1.2782211e-09
-1.5545538e-15
1.2782201e-09
-1.7885032e-15
1.2782191e-09
-2.0569934e-15
1.2782178e-09
-2.3650632e-15
1.2782164e-09
-2.7223318e-15
1.2782147e-09
-3.1408639e-15
1.2782128e-09
-3.6314519e-15
1.2782106e-09
-4.2100586e-15
1.278208e-09
-4.896738e-15
1.2782051e-09
-5.7139077e-15
1.2782016e-09
-6.6918604e-15
1.2781975e-09
-7.8709657e-15
1.2781927e-09
-9.3030848e-15
1.2781871e-09
-1.1057735e-14
1.2781805e-09
-1.3230164e-14
1.2781726e-09
-1.595372e-14
1.2781631e-09
-1.9416926e-14
1.2781518e-09
-2.3897001e-14
1.278138e-09
-2.9805632e-14
1.2781214e-09
-3.7761862e-14
1.2781012e-09
-4.8705152e-14
1.2780767e-09
-6.4178229e-14
1.2780474e-09
-8.6978596e-14
1.2780105e-09
-1.1596211e-13
-1.3317445e-13
1.7519816e-09
-2.2797582e-10
1.8281171e-09
-3.8308459e-10
1.8374573e-09
-3.5987137e-10
1.8000084e-09
-2.9281367e-10
1.7401528e-09
-2.2519846e-10
1.6744035e-09
-1.6764453e-10
1.612517e-09
-1.2249353e-10
1.5592217e-09
-8.8545319e-11
1.5160057e-09
-6.3428023e-11
1.4825552e-09
-4.4934157e-11
1.4576567e-09
-3.1409114e-11
1.4396933e-09
-2.1718914e-11
1.426905e-09
-1.5105817e-11
1.4175341e-09
-1.1038744e-11
1.4099251e-09
-9.094601e-12
1.4026078e-09
-8.8792285e-12
1.394368e-09
-9.9902755e-12
1.3843008e-09
-1.2014769e-11
1.3718351e-09
-1.4547758e-11
1.3567287e-09
-1.7218849e-11
1.3390342e-09
-1.9717456e-11
1.3190438e-09
-2.1810098e-11
1.2972204e-09
-2.3346853e-11
1.2741269e-09
-2.4257493e-11
1.25036e-09
-2.4539803e-11
1.2264962e-09
-2.4243402e-11
1.2030514e-09
-2.3452295e-11
1.1804566e-09
-2.2268624e-11
1.1590464e-09
-2.079919e-11
1.1390583e-09
-1.9145457e-11
1.1206404e-09
-1.7397078e-11
1.1038633e-09
-1.5628466e-11
1.0887346e-09
-1.3897781e-11
1.075213e-09
-1.2247615e-11
1.063222e-09
-1.0706727e-11
1.0526618e-09
-9.2922946e-12
1.0434186e-09
-8.012296e-12
1.0353723e-09
-6.8677581e-12
1.0284023e-09
-5.8547353e-12
1.0223913e-09
-4.9659502e-12
1.0172284e-09
-4.1920931e-12
1.0128102e-09
-3.5228065e-12
1.0090423e-09
-2.9474026e-12
1.0058391e-09
-2.4553635e-12
1.0031242e-09
-2.0366704e-12
1.0008298e-09
-1.6820039e-12
9.9889587e-10
-1.3828521e-12
9.9727016e-10
-1.1315495e-12
9.9590705e-10
-9.2127056e-13
9.9476703e-10
-7.4599315e-13
9.93816e-10
-6.0044657e-13
9.9302465e-10
-4.8005059e-13
9.9236791e-10
-3.8084993e-13
9.9182434e-10
-2.9944673e-13
9.9137572e-10
-2.3293471e-13
9.9100658e-10
-1.7883861e-13
9.907038e-10
-1.3505982e-13
9.9045631e-10
-9.9827135e-14
9.902548e-10
-7.1651055e-14
9.9009141e-10
-4.9282061e-14
9.8995955e-10
-3.1673292e-14
9.8985372e-10
-1.794978e-14
9.897693e-10
-7.3837684e-15
9.8970245e-10
6.3266491e-16
9.8964993e-10
6.6333097e-15
9.8960914e-10
1.091741e-14
9.8957785e-10
1.3921033e-14
9.8955423e-10
1.5904134e-14
9.8953677e-10
1.708522e-14
9.8952425e-10
1.7647108e-14
9.8951564e-10
1.7734414e-14
9.8951011e-10
1.7464794e-14
9.8950698e-10
1.6934654e-14
9.8950572e-10
1.6221677e-14
9.8950586e-10
1.5387456e-14
9.8950705e-10
1.4478471e-14
9.89509e-10
1.3529424e-14
9.8951148e-10
1.2566463e-14
9.8951432e-10
1.1609928e-14
9.8951736e-10
1.0676132e-14
9.8952051e-10
9.7777616e-15
9.8952368e-10
8.923802e-15
9.895268e-10
8.1197616e-15
9.8952982e-10
7.3683181e-15
9.8953272e-10
6.6701423e-15
9.8953547e-10
6.0245556e-15
9.8953806e-10
5.4298733e-15
9.8954047e-10
4.8837137e-15
9.8954272e-10
4.3835263e-15
9.8954479e-10
3.9271346e-15
9.895467e-10
3.5129365e-15
9.8954845e-10
3.1395308e-15
9.8955004e-10
2.8048796e-15
9.8955149e-10
2.5056542e-15
9.8955281e-10
2.2373899e-15
9.89554e-10
1.9954417e-15
9.8955508e-10
1.776215e-15
9.8955605e-10
1.5778756e-15
9.8955693e-10
1.3999698e-15
9.8955772e-10
1.2422265e-15
9.8955842e-10
1.1033939e-15
9.8955906e-10
9.8084725e-16
9.8955962e-10
8.7124636e-16
9.8956013e-10
7.7179799e-16
9.8956058e-10
6.811859e-16
9.8956098e-10
5.9957216e-16
9.8956134e-10
5.2773563e-16
9.8956166e-10
4.6590651e-16
9.8956195e-10
4.1309318e-16
9.895622e-10
3.6731125e-16
9.8956243e-10
3.264178e-16
9.8956263e-10
2.8896867e-16
9.8956281e-10
2.5457782e-16
9.8956298e-10
2.235818e-16
9.8956312e-10
1.9637183e-16
9.8956325e-10
1.7290829e-16
9.8956336e-10
1.526339e-16
9.8956346e-10
1.3477162e-16
9.8956355e-10
1.1874966e-16
9.8956362e-10
1.0438589e-16
9.8956369e-10
9.177091e-17
9.8956375e-10
8.1000428e-17
9.895638e-10
7.1889327e-17
9.8956385e-10
6.3870704e-17
9.8956389e-10
5.6182604e-17
9.8956392e-10
4.8197282e-17
9.8956396e-10
3.9784817e-17
9.8956399e-10
3.1517905e-17
9.8956401e-10
2.4457585e-17
9.8956403e-10
1.9555375e-17
9.8956405e-10
1.7001393e-17
9.8956406e-10
1.5899428e-17
9.8956408e-10
1.4624683e-17
9.8956409e-10
1.1772426e-17
9.895641e-10
7.0500393e-18
9.8956411e-10
1.5080949e-18
9.8956412e-10
-3.0506197e-18
9.8956413e-10
-5.1299842e-18
9.8956413e-10
-4.3347833e-18
9.8956413e-10
-1.4447685e-18
9.8956414e-10
2.0323268e-18
9.8956413e-10
4.4618711e-18
9.8956413e-10
4.5953645e-18
9.8956412e-10
1.8995448e-18
9.8956412e-10
-3.256823e-18
9.895641e-10
-9.6714379e-18
9.8956409e-10
-1.5846424e-17
9.8956407e-10
-2.0746995e-17
9.8956405e-10
-2.4195216e-17
9.8956403e-10
-2.6627314e-17
9.8956401e-10
-2.8474492e-17
9.8956399e-10
-2.9783618e-17
9.8956398e-10
-3.0403813e-17
9.8956396e-10
-3.0280713e-17
9.8956394e-10
-2.9346107e-17
9.8956393e-10
-2.7256252e-17
9.8956391e-10
-2.3537693e-17
9.895639e-10
-1.8158272e-17
9.8956388e-10
-1.1870209e-17
9.8956387e-10
-5.7450656e-18
9.8956385e-10
-3.6859809e-19
9.8956385e-10
4.2912538e-18
9.8956384e-10
8.3458975e-18
9.8956384e-10
1.1718082e-17
9.8956384e-10
1.4470682e-17
9.8956384e-10
1.7002256e-17
9.8956385e-10
1.9555104e-17
9.8956386e-10
2.1721166e-17
9.8956387e-10
2.2886658e-17
9.8956389e-10
2.2972393e-17
9.895639e-10
2.2108545e-17
9.8956391e-10
1.9794211e-17
9.8956393e-10
1.5303907e-17
9.8956393e-10
9.0038697e-18
9.8956394e-10
2.3249325e-18
9.8956394e-10
-3.8472503e-18
9.8956394e-10
-9.701518e-18
9.8956394e-10
-1.4963216e-17
9.8956393e-10
-1.8232841e-17
9.8956392e-10
-1.8782412e-17
9.8956391e-10
-1.7568531e-17
9.895639e-10
-1.5512751e-17
9.8956388e-10
-1.2520575e-17
9.8956387e-10
-9.1868819e-18
9.8956385e-10
-7.3304799e-18
9.8956383e-10
-7.7479304e-18
9.8956382e-10
-9.6569744e-18
9.895638e-10
-1.2936921e-17
9.8956378e-10
-1.8199947e-17
9.8956375e-10
-2.4699531e-17
9.8956372e-10
-3.1259682e-17
9.8956368e-10
-3.8402098e-17
9.8956364e-10
-4.6788743e-17
9.8956359e-10
-5.567963e-17
9.8956352e-10
-6.480407e-17
9.8956345e-10
-7.4749161e-17
9.8956337e-10
-8.5349353e-17
9.8956328e-10
-9.6258881e-17
9.8956318e-10
-1.0721154e-16
9.8956307e-10
-1.1733007e-16
9.8956295e-10
-1.2656105e-16
9.8956282e-10
-1.3529873e-16
9.8956268e-10
-1.4370939e-16
9.8956252e-10
-1.5373086e-16
9.8956235e-10
-1.6678949e-16
9.8956216e-10
-1.8406943e-16
9.8956195e-10
-2.0753084e-16
9.8956171e-10
-2.3879372e-16
9.8956144e-10
-2.7792693e-16
9.8956113e-10
-3.2690956e-16
9.8956077e-10
-3.8412516e-16
9.8956035e-10
-4.5033182e-16
9.8955987e-10
-5.2524916e-16
9.8955931e-10
-6.0888206e-16
9.8955866e-10
-7.0226548e-16
9.8955792e-10
-8.0701488e-16
9.8955705e-10
-9.2486857e-16
9.8955605e-10
-1.059642e-15
9.895549e-10
-1.214265e-15
9.8955358e-10
-1.3941394e-15
9.8955204e-10
-1.6065777e-15
9.8955027e-10
-1.8565907e-15
9.8954821e-10
-2.15204e-15
9.8954582e-10
-2.5040607e-15
9.8954303e-10
-2.9241499e-15
9.8953976e-10
-3.4273145e-15
9.8953593e-10
-4.0347982e-15
9.895314e-10
-4.7743943e-15
9.8952602e-10
-5.6827787e-15
9.895196e-10
-6.8116466e-15
9.8951188e-10
-8.2344734e-15
9.8950252e-10
-1.0057048e-14
9.8949107e-10
-1.2441727e-14
9.8947689e-10
-1.5630797e-14
9.8945913e-10
-1.9998011e-14
9.8943654e-10
-2.6119881e-14
9.8940747e-10
-3.5100392e-14
9.8936918e-10
-4.8687725e-14
9.8931755e-10
-6.4332556e-14
-7.7729081e-14
1.7490919e-09
-3.1040107e-10
1.695592e-09
-3.2958465e-10
1.5670728e-09
-2.313522e-10
1.4284476e-09
-1.5418845e-10
1.304683e-09
-1.0143391e-10
1.2035899e-09
-6.655138e-11
1.125075e-09
-4.3978639e-11
1.0659431e-09
-2.9413449e-11
1.0223805e-09
-1.9865373e-11
9.9091266e-10
-1.3466357e-11
9.6861522e-10
-9.1116709e-12
9.5305853e-10
-6.1622179e-12
9.421992e-10
-4.2464913e-12
9.3429651e-10
-3.1360575e-12
9.2787186e-10
-2.6699524e-12
9.2170421e-10
-2.7115768e-12
9.1484331e-10
-3.1293764e-12
9.0662195e-10
-3.7934084e-12
8.9665399e-10
-4.5797986e-12
8.8481337e-10
-5.3782288e-12
8.71195e-10
-6.0990856e-12
8.5606284e-10
-6.6779316e-12
8.3979246e-10
-7.0764803e-12
8.2281542e-10
-7.2804512e-12
8.0557089e-10
-7.295268e-12
7.8846818e-10
-7.1406919e-12
7.7186125e-10
-6.8453736e-12
7.5603465e-10
-6.4420153e-12
7.4119898e-10
-5.9635259e-12
7.2749382e-10
-5.4402979e-12
7.1499529e-10
-4.898542e-12
7.0372632e-10
-4.3595041e-12
6.9366789e-10
-3.8393515e-12
6.847698e-10
-3.349523e-12
6.7696042e-10
-2.897349e-12
6.7015492e-10
-2.4867889e-12
6.642618e-10
-2.1191754e-12
6.5918794e-10
-1.7939042e-12
6.5484224e-10
-1.5090288e-12
6.5113803e-10
-1.2617473e-12
6.4799472e-10
-1.0487799e-12
6.4533856e-10
-8.6664952e-13
6.4310304e-10
-7.1188e-13
6.4122881e-10
-5.8113025e-13
6.3966342e-10
-4.7127847e-13
6.3836088e-10
-3.7946922e-13
6.3728116e-10
-3.0313304e-13
6.363896e-10
-2.399865e-13
6.3565635e-10
-1.8802021e-13
6.3505584e-10
-1.4548117e-13
6.3456624e-10
-1.1085273e-13
6.3416903e-10
-8.2832648e-14
6.3384849e-10
-6.0309287e-14
6.3359138e-10
-4.2337181e-14
6.3338656e-10
-2.811489e-14
6.3322468e-10
-1.6966654e-14
6.3309795e-10
-8.3269545e-15
6.3299985e-10
-1.7257542e-15
6.3292497e-10
3.2265988e-15
6.3286884e-10
6.8523114e-15
6.3282774e-10
9.4193724e-15
6.3279864e-10
1.1150884e-14
6.3277903e-10
1.2227338e-14
6.3276687e-10
1.2797565e-14
6.3276052e-10
1.2983925e-14
6.3275857e-10
1.2861979e-14
6.3275996e-10
1.2530115e-14
6.3276382e-10
1.2049844e-14
6.3276944e-10
1.146676e-14
6.3277627e-10
1.0816016e-14
6.3278388e-10
1.0124814e-14
6.3279193e-10
9.4159153e-15
6.3280015e-10
8.7087165e-15
6.3280836e-10
8.0184568e-15
6.3281639e-10
7.3551882e-15
6.3282414e-10
6.7239456e-15
6.3283154e-10
6.1265319e-15
6.3283855e-10
5.5637324e-15
6.3284512e-10
5.036703e-15
6.3285125e-10
4.5469989e-15
6.3285693e-10
4.09567e-15
6.3286217e-10
3.682497e-15
6.3286699e-10
3.3059851e-15
6.3287139e-10
2.9638678e-15
6.3287541e-10
2.6536116e-15
6.3287906e-10
2.3726051e-15
6.3288237e-10
2.1181253e-15
6.3288537e-10
1.8875114e-15
6.3288807e-10
1.678659e-15
6.3289051e-10
1.4904018e-15
6.328927e-10
1.3223496e-15
6.3289467e-10
1.1740964e-15
6.3289643e-10
1.0442335e-15
6.32898e-10
9.2997975e-16
6.3289941e-10
8.2783216e-16
6.3290067e-10
7.34835e-16
6.329018e-10
6.4965359e-16
6.329028e-10
5.7267468e-16
6.329037e-10
5.0496861e-16
6.3290449e-10
4.4688107e-16
6.329052e-10
3.9724572e-16
6.3290583e-10
3.5367732e-16
6.3290639e-10
3.137451e-16
6.3290688e-10
2.761996e-16
6.3290732e-10
2.4134677e-16
6.3290771e-10
2.1039569e-16
6.3290805e-10
1.8431441e-16
6.3290836e-10
1.6295877e-16
6.3290862e-10
1.4506129e-16
6.3290886e-10
1.2900473e-16
6.3290908e-10
1.1372478e-16
6.3290927e-10
9.9149537e-17
6.3290943e-10
8.5946832e-17
6.3290958e-10
7.481126e-17
6.3290971e-10
6.5888601e-17
6.3290983e-10
5.8705926e-17
6.3290993e-10
5.250596e-17
6.3291002e-10
4.6717294e-17
6.3291009e-10
4.1229294e-17
6.3291016e-10
3.6280195e-17
6.3291022e-10
3.2150417e-17
6.3291027e-10
2.8901396e-17
6.3291032e-10
2.6237851e-17
6.3291036e-10
2.3588327e-17
6.3291039e-10
2.0370011e-17
6.3291043e-10
1.6291967e-17
6.3291045e-10
1.163834e-17
6.3291048e-10
7.3248575e-18
6.329105e-10
4.4990256e-18
6.3291051e-10
3.8366539e-18
6.3291053e-10
4.951035e-18
6.3291054e-10
6.3578429e-18
6.3291054e-10
6.2369881e-18
6.3291055e-10
3.6027489e-18
6.3291056e-10
-9.9998732e-19
6.3291057e-10
-5.773677e-18
6.3291057e-10
-8.7436484e-18
6.3291058e-10
-8.8668285e-18
6.3291058e-10
-6.3937088e-18
6.3291058e-10
-2.4314964e-18
6.3291058e-10
1.6908165e-18
6.3291058e-10
4.8210172e-18
6.3291058e-10
6.1453194e-18
6.3291058e-10
5.3385115e-18
6.3291057e-10
2.7811695e-18
6.3291056e-10
-4.7962687e-19
6.3291055e-10
-3.3500912e-18
6.3291053e-10
-5.4430538e-18
6.3291052e-10
-7.2035687e-18
6.329105e-10
-9.2607359e-18
6.3291048e-10
-1.1653263e-17
6.3291047e-10
-1.3776037e-17
6.3291045e-10
-1.5075486e-17
6.3291043e-10
-1.5491067e-17
6.3291042e-10
-1.5072082e-17
6.3291041e-10
-1.3464971e-17
6.3291039e-10
-1.016739e-17
6.3291038e-10
-5.3735921e-18
6.3291037e-10
-2.8029426e-19
6.3291036e-10
3.7869225e-18
6.3291035e-10
6.4486387e-18
6.3291035e-10
8.1630139e-18
6.3291035e-10
9.2974534e-18
6.3291035e-10
9.7922635e-18
6.3291035e-10
9.707887e-18
6.3291036e-10
9.5486994e-18
6.3291037e-10
9.6993307e-18
6.3291038e-10
9.9084894e-18
6.329104e-10
9.7875398e-18
6.3291041e-10
9.4154819e-18
6.3291042e-10
8.8373402e-18
6.3291044e-10
7.4314958e-18
6.3291045e-10
4.6417241e-18
6.3291045e-10
1.0383507e-18
6.3291046e-10
-2.269581e-18
6.3291046e-10
-5.0429086e-18
6.3291046e-10
-7.6422584e-18
6.3291045e-10
-9.5922601e-18
6.3291044e-10
-9.9054181e-18
6.3291043e-10
-8.7181042e-18
6.3291042e-10
-6.9188998e-18
6.3291041e-10
-4.5200482e-18
6.329104e-10
-1.4018504e-18
6.3291039e-10
1.116416e-18
6.3291038e-10
1.7877881e-18
6.3291037e-10
1.2674753e-18
6.3291036e-10
2.0921789e-19
6.3291035e-10
-2.1826157e-18
6.3291034e-10
-5.5631302e-18
6.3291032e-10
-7.9467907e-18
6.329103e-10
-9.4151059e-18
6.3291027e-10
-1.1746733e-17
6.3291024e-10
-1.4382904e-17
6.329102e-10
-1.6029847e-17
6.3291016e-10
-1.7906375e-17
6.329101e-10
-2.0871536e-17
6.3291004e-10
-2.3960537e-17
6.3290997e-10
-2.7336835e-17
6.329099e-10
-3.1075241e-17
6.3290981e-10
-3.3717662e-17
6.3290972e-10
-3.5587772e-17
6.3290962e-10
-3.7410487e-17
6.3290952e-10
-3.8120339e-17
6.329094e-10
-3.9170965e-17
6.3290928e-10
-4.2123119e-17
6.3290914e-10
-4.6692035e-17
6.3290899e-10
-5.3836573e-17
6.3290881e-10
-6.4221561e-17
6.3290861e-10
-7.8277457e-17
6.3290838e-10
-9.589012e-17
6.3290811e-10
-1.1579088e-16
6.329078e-10
-1.3823816e-16
6.3290744e-10
-1.6197335e-16
6.3290702e-10
-1.8733851e-16
6.3290653e-10
-2.1417901e-16
6.3290596e-10
-2.4278293e-16
6.3290531e-10
-2.7408113e-16
6.3290456e-10
-3.097258e-16
6.329037e-10
-3.5072264e-16
6.3290271e-10
-3.9920961e-16
6.3290156e-10
-4.5794329e-16
6.3290023e-10
-5.278423e-16
6.3289869e-10
-6.1106653e-16
6.3289689e-10
-7.1112919e-16
6.328948e-10
-8.3065908e-16
6.3289235e-10
-9.7335592e-16
6.3288946e-10
-1.145336e-15
6.3288604e-10
-1.3540275e-15
6.3288196e-10
-1.6095308e-15
6.3287708e-10
-1.9268433e-15
6.3287117e-10
-2.3257281e-15
6.3286395e-10
-2.839293e-15
6.3285502e-10
-3.514468e-15
6.3284382e-10
-4.4280682e-15
6.3282951e-10
-5.682238e-15
6.3281084e-10
-7.4547913e-15
6.3278592e-10
-1.0178051e-14
6.3275172e-10
-1.4483887e-14
6.3270443e-10
-1.7044658e-14
-2.5175131e-14
1.3562656e-09
1.0266809e-09
7.9532875e-10
6.4114029e-10
5.3970638e-10
4.73155e-10
4.2917636e-10
3.9976291e-10
3.7989754e-10
3.6643118e-10
3.5731951e-10
3.5115729e-10
3.469108e-10
3.4377474e-10
3.4110479e-10
3.3839321e-10
3.3526384e-10
3.3147043e-10
3.2689063e-10
3.215124e-10
3.1541332e-10
3.0873538e-10
3.016589e-10
2.9437845e-10
2.8708318e-10
2.7994249e-10
2.7309712e-10
2.666551e-10
2.6069158e-10
2.5525128e-10
2.5035274e-10
2.4599323e-10
2.4215388e-10
2.3880436e-10
2.3590701e-10
2.3342022e-10
2.3130105e-10
2.2950714e-10
2.2799811e-10
2.2673637e-10
2.2568759e-10
2.2482094e-10
2.2410906e-10
2.2352793e-10
2.2305665e-10
2.2267718e-10
2.2237405e-10
2.2213406e-10
2.2194604e-10
2.2180056e-10
2.216897e-10
2.2160687e-10
2.2154656e-10
2.2150423e-10
2.2147611e-10
2.2145914e-10
2.2145082e-10
2.2144909e-10
2.2145232e-10
2.2145917e-10
2.2146859e-10
2.2147974e-10
2.2149197e-10
2.2150477e-10
2.2151775e-10
2.2153061e-10
2.2154314e-10
2.2155519e-10
2.2156666e-10
2.2157747e-10
2.215876e-10
2.2159701e-10
2.2160572e-10
2.2161374e-10
2.216211e-10
2.2162782e-10
2.2163395e-10
2.2163951e-10
2.2164455e-10
2.2164909e-10
2.2165319e-10
2.2165687e-10
2.2166018e-10
2.2166314e-10
2.216658e-10
2.2166817e-10
2.2167029e-10
2.2167217e-10
2.2167385e-10
2.2167534e-10
2.2167667e-10
2.2167784e-10
2.2167888e-10
2.2167981e-10
2.2168064e-10
2.2168138e-10
2.2168203e-10
2.216826e-10
2.216831e-10
2.2168355e-10
2.2168395e-10
2.216843e-10
2.2168462e-10
2.2168489e-10
2.2168513e-10
2.2168534e-10
2.2168553e-10
2.2168569e-10
2.2168584e-10
2.2168597e-10
2.2168608e-10
2.2168618e-10
2.2168626e-10
2.2168634e-10
2.216864e-10
2.2168646e-10
2.2168652e-10
2.2168656e-10
2.216866e-10
2.2168664e-10
2.2168667e-10
2.216867e-10
2.2168673e-10
2.2168675e-10
2.2168677e-10
2.2168679e-10
2.216868e-10
2.2168681e-10
2.2168681e-10
2.2168681e-10
2.2168682e-10
2.2168683e-10
2.2168683e-10
2.2168684e-10
2.2168684e-10
2.2168683e-10
2.2168682e-10
2.2168681e-10
2.2168681e-10
2.216868e-10
2.216868e-10
2.2168681e-10
2.2168682e-10
2.2168682e-10
2.2168682e-10
2.2168682e-10
2.2168682e-10
2.2168681e-10
2.2168681e-10
2.216868e-10
2.2168679e-10
2.2168677e-10
2.2168676e-10
2.2168674e-10
2.2168673e-10
2.2168671e-10
2.216867e-10
2.216867e-10
2.216867e-10
2.216867e-10
2.2168671e-10
2.2168672e-10
2.2168673e-10
2.2168674e-10
2.2168674e-10
2.2168675e-10
2.2168676e-10
2.2168677e-10
2.2168678e-10
2.2168679e-10
2.216868e-10
2.2168681e-10
2.2168681e-10
2.2168682e-10
2.2168681e-10
2.2168681e-10
2.216868e-10
2.2168679e-10
2.2168678e-10
2.2168677e-10
2.2168676e-10
2.2168676e-10
2.2168676e-10
2.2168676e-10
2.2168676e-10
2.2168676e-10
2.2168676e-10
2.2168676e-10
2.2168676e-10
2.2168675e-10
2.2168674e-10
2.2168673e-10
2.2168671e-10
2.216867e-10
2.2168668e-10
2.2168666e-10
2.2168663e-10
2.2168661e-10
2.2168658e-10
2.2168654e-10
2.2168651e-10
2.2168647e-10
2.2168643e-10
2.2168639e-10
2.2168635e-10
2.216863e-10
2.2168625e-10
2.2168618e-10
2.2168611e-10
2.2168601e-10
2.2168589e-10
2.2168576e-10
2.2168559e-10
2.2168541e-10
2.2168519e-10
2.2168495e-10
2.2168468e-10
2.2168437e-10
2.2168402e-10
2.2168362e-10
2.2168316e-10
2.2168263e-10
2.2168202e-10
2.2168131e-10
2.2168048e-10
2.216795e-10
2.2167836e-10
2.21677e-10
2.216754e-10
2.2167347e-10
2.2167114e-10
2.216683e-10
2.2166479e-10
2.2166036e-10
2.2165468e-10
2.2164722e-10
2.2163705e-10
2.2162256e-10
2.2160552e-10
)
;

boundaryField
{
    inletAnion
    {
        type            calculated;
        value           nonuniform List<scalar> 
24
(
-1.6666667e-09
-1.6666667e-09
-1.6666667e-09
-1.6666667e-09
-1.6666667e-09
-1.6666667e-09
-1.6666667e-09
-1.6666667e-09
-1.6666667e-09
-1.6666667e-09
-1.6666667e-09
-1.6666667e-09
-1.6666667e-09
-1.6666667e-09
-1.6666667e-09
-1.6666667e-09
-1.6666667e-09
-1.6666667e-09
-1.6666667e-09
-1.6666667e-09
-1.6666667e-09
-1.6666667e-09
-1.6666667e-09
-1.6666667e-09
)
;
    }
    inletCation
    {
        type            calculated;
        value           nonuniform List<scalar> 
24
(
-1.6666667e-09
-1.6666667e-09
-1.6666667e-09
-1.6666667e-09
-1.6666667e-09
-1.6666667e-09
-1.6666667e-09
-1.6666667e-09
-1.6666667e-09
-1.6666667e-09
-1.6666667e-09
-1.6666667e-09
-1.6666667e-09
-1.6666667e-09
-1.6666667e-09
-1.6666667e-09
-1.6666667e-09
-1.6666667e-09
-1.6666667e-09
-1.6666667e-09
-1.6666667e-09
-1.6666667e-09
-1.6666667e-09
-1.6666667e-09
)
;
    }
    outlet
    {
        type            calculated;
        value           nonuniform List<scalar> 
48
(
2.2158043e-10
6.3265225e-10
9.8926266e-10
1.2779708e-09
1.4960365e-09
1.6498467e-09
1.7513336e-09
1.8141139e-09
1.8506146e-09
1.8706113e-09
1.8809606e-09
1.8860334e-09
1.8883937e-09
1.8894385e-09
1.8898791e-09
1.8900562e-09
1.8901239e-09
1.8901483e-09
1.8901563e-09
1.8901585e-09
1.8901587e-09
1.8901584e-09
1.890158e-09
1.8901579e-09
1.8901578e-09
1.890158e-09
1.8901583e-09
1.8901586e-09
1.8901583e-09
1.8901561e-09
1.8901481e-09
1.8901237e-09
1.8900559e-09
1.8898788e-09
1.8894382e-09
1.8883934e-09
1.886033e-09
1.8809601e-09
1.8706108e-09
1.8506141e-09
1.8141134e-09
1.7513329e-09
1.6498461e-09
1.4960359e-09
1.2779702e-09
9.892621e-10
6.3265187e-10
2.2158034e-10
)
;
    }
    walls
    {
        type            calculated;
        value           uniform 0;
    }
    frontAndBack
    {
        type            empty;
        value           nonuniform 0();
    }
}


// ************************************************************************* //
