/*--------------------------------*- C++ -*----------------------------------*\
| =========                 |                                                 |
| \\      /  F ield         | OpenFOAM: The Open Source CFD Toolbox           |
|  \\    /   O peration     | Version:  1912                                  |
|   \\  /    A nd           | Website:  www.openfoam.com                      |
|    \\/     M anipulation  |                                                 |
\*---------------------------------------------------------------------------*/
FoamFile
{
    version     2.0;
    format      ascii;
    class       volScalarField::Internal;
    location    "0.2";
    object      Suliquid;
}
// * * * * * * * * * * * * * * * * * * * * * * * * * * * * * * * * * * * * * //

dimensions      [0 0 -1 0 0 0 0];


value           nonuniform List<scalar> 
11520
(
1.630373e-12
5.2749266e-10
6.613126e-10
9.9889193e-11
-1.949003e-11
6.3077847e-11
5.9239677e-11
3.3546646e-11
3.0024873e-11
8.0314714e-12
-1.0854683e-10
-8.2689811e-11
-1.7436278e-10
-4.8697302e-12
1.8372897e-10
4.6756654e-11
-1.9952553e-10
-5.0275301e-11
3.7445856e-11
-8.9222034e-11
-2.7532892e-10
-1.7549626e-10
1.60858e-11
-2.7943518e-11
1.4660561e-11
1.1132158e-11
1.7019374e-10
-1.6508399e-11
1.4602584e-10
-4.8794675e-10
6.5558262e-10
-6.8621345e-10
3.9513717e-10
2.1398122e-10
3.6436373e-10
1.0864349e-10
-1.204698e-10
7.840377e-10
4.8979958e-11
-3.7244667e-10
-1.9059017e-10
2.3628822e-10
-7.8343142e-11
1.2382382e-10
6.8237048e-11
1.0371608e-09
-4.8185076e-10
5.5255162e-10
-6.2906149e-11
1.9047177e-10
2.7702105e-10
7.2115412e-11
-1.3900104e-10
-4.2766524e-10
7.9028073e-10
5.9721482e-10
-8.627368e-10
-1.7376975e-10
5.9960098e-10
-6.5379371e-11
-4.7098187e-11
2.1724659e-10
-3.4867871e-10
-3.6865681e-10
2.7437303e-10
1.822678e-10
-3.7252058e-10
-3.9908579e-10
-7.7938662e-11
7.126809e-11
-3.1320002e-11
-2.0533599e-10
-1.5532483e-10
1.1357998e-10
2.1644074e-10
1.1806507e-10
1.5695406e-10
2.2416759e-10
-3.8091733e-11
-3.4374737e-10
-1.7708269e-10
1.6924872e-10
6.0706591e-11
-3.0641252e-10
-2.6405176e-10
1.0413084e-10
1.3537184e-10
-2.2194882e-10
-3.6259928e-10
-1.0191079e-10
7.503203e-11
-9.0285256e-11
-2.3318687e-10
-6.7635414e-11
1.2180698e-10
-1.9279134e-12
-2.5771248e-10
-2.7224184e-10
-1.0301553e-10
-1.2396295e-10
-3.9023676e-10
-5.1286476e-10
-2.337494e-10
1.7728538e-10
2.7263652e-10
-1.6614029e-12
-2.8606527e-10
-2.8872357e-10
-9.1974578e-11
4.2550265e-11
1.4514575e-11
-6.5655648e-11
-8.5010685e-11
-6.2435917e-11
-7.0036468e-11
-1.0925193e-10
-1.1666702e-10
-5.8607896e-11
2.6180148e-11
7.5925405e-11
6.5540529e-11
1.2528359e-11
-4.8681556e-11
-8.3794765e-11
-6.8091193e-11
-6.6209074e-12
5.4446195e-11
5.7802493e-11
-7.3457414e-12
-8.3585983e-11
-9.5457035e-11
-2.5156177e-11
6.7097813e-11
1.0270218e-10
6.0952443e-11
-7.101295e-12
-3.5601727e-11
-5.7067244e-12
4.8844633e-11
8.8247638e-11
1.0394656e-10
1.1056826e-10
1.1279355e-10
9.4454229e-11
4.5122588e-11
-1.4495286e-11
-4.4966328e-11
-3.1725112e-11
-8.1077775e-12
-2.4822935e-11
-9.1528087e-11
-1.5447251e-10
-1.4185818e-10
-3.755088e-11
9.3389249e-11
1.583408e-10
1.2161469e-10
3.6679852e-11
-6.52507e-12
3.2979889e-11
1.1191232e-10
1.4731498e-10
9.2528096e-11
-2.5707065e-11
-1.3428737e-10
-1.7079234e-10
-1.2388728e-10
-3.692469e-11
2.1026035e-11
6.6662044e-13
-8.8348498e-11
-1.7779893e-10
-1.9176756e-10
-1.1059634e-10
1.4373285e-11
1.107179e-10
1.4425426e-10
1.2567719e-10
7.5367788e-11
5.65222e-12
-6.1601929e-11
-9.0258655e-11
-6.5629999e-11
-2.0909211e-11
-2.5976149e-12
-1.5465018e-11
-2.6136465e-11
-1.4928131e-11
1.090209e-11
5.6092508e-11
1.4225453e-10
2.5029911e-10
3.0108998e-10
2.3458342e-10
8.4193132e-11
-6.2456559e-11
-1.4929044e-10
-1.6265838e-10
-1.0020375e-10
1.0024732e-11
9.1228579e-11
8.5786183e-11
1.9201527e-11
-5.1058809e-11
-1.0105684e-10
-1.107921e-10
-5.1413728e-11
4.6533112e-11
1.1148139e-10
1.3980976e-10
1.5660517e-10
1.1062085e-10
-6.6280278e-12
-6.5282731e-11
-1.9644511e-11
2.0246942e-11
4.6468061e-11
1.1582342e-10
1.4130203e-10
7.5112633e-11
1.3660336e-11
2.6414813e-12
4.6848132e-11
1.4169564e-10
2.081938e-10
1.8769148e-10
1.0226468e-10
-1.755839e-12
-9.3636614e-11
-9.8578047e-11
-3.6188201e-11
-1.5975549e-11
-2.7665067e-12
-5.1204357e-11
-9.7348753e-11
-1.3160172e-10
-2.1476109e-10
-2.8671752e-10
-3.3053993e-10
-2.236533e-10
-2.1754685e-10
-8.7788885e-10
-5.5155369e-11
3.304204e-10
4.6903002e-10
3.8143935e-10
-8.5058569e-11
-3.8384722e-10
-1.4462674e-10
3.0218061e-10
1.1267883e-10
1.0513812e-10
1.301217e-10
-1.5988846e-11
5.3168817e-11
1.5997075e-10
1.1016278e-10
-4.2597217e-11
-2.5582153e-10
-2.3800573e-10
3.0495768e-10
4.6022407e-10
2.0193489e-10
1.324927e-10
4.8398208e-11
1.8913013e-10
6.0375517e-10
-1.3348365e-10
-1.1400746e-12
-6.9542969e-10
5.2987552e-10
1.0293706e-09
4.2324441e-10
5.0101108e-11
-2.028511e-10
9.8023652e-10
7.9903689e-11
-5.9882637e-10
1.9111444e-10
2.6696436e-10
-2.8537658e-10
1.6955821e-10
3.2449631e-10
3.1842623e-10
-1.2601121e-10
-3.614227e-10
4.5748052e-10
-5.7207904e-10
2.6275073e-10
-1.4918006e-10
-5.6990247e-10
4.6494457e-10
-4.9970673e-11
-5.0475193e-11
1.7569638e-10
-1.4401872e-10
4.3137111e-10
3.3850217e-10
-2.9021234e-10
2.7980761e-10
3.0269761e-10
-6.1429692e-10
-2.694216e-10
5.3747186e-10
4.8572994e-11
-5.8177891e-10
-2.8574823e-10
1.2530076e-10
1.5748129e-10
3.9653172e-11
-1.2012832e-10
-1.1386893e-10
1.3787656e-10
2.4091436e-10
1.03014e-10
1.0199111e-10
1.3637056e-10
-1.8745871e-10
-4.9711404e-10
-1.8731715e-10
3.060399e-10
1.5565134e-10
-3.6073114e-10
-3.6858597e-10
2.7266243e-11
5.6633593e-12
-4.4910758e-10
-5.5857294e-10
-1.5661273e-10
7.3039311e-11
-1.7476652e-10
-3.6223241e-10
-1.1387182e-10
1.4005305e-10
-7.707108e-11
-4.9279917e-10
-5.5593957e-10
-3.1820335e-10
-2.9079505e-10
-5.7611073e-10
-6.8527502e-10
-3.0029472e-10
2.1033016e-10
2.7476036e-10
-1.3241373e-10
-5.0489451e-10
-4.7114716e-10
-1.7990005e-10
1.8237979e-12
-4.4965441e-11
-1.5185284e-10
-1.6768262e-10
-1.3313626e-10
-1.5037608e-10
-2.0741107e-10
-2.027572e-10
-9.343248e-11
4.7895501e-11
1.1904915e-10
8.5173036e-11
-1.4166862e-11
-1.1441516e-10
-1.6013302e-10
-1.2132759e-10
-1.5070771e-11
8.4154213e-11
9.2276448e-11
-2.6322525e-12
-1.1256037e-10
-1.2619881e-10
-1.9183101e-11
1.1732842e-10
1.6739469e-10
1.0323605e-10
4.0037799e-12
-3.1001195e-11
2.3201323e-11
1.1053527e-10
1.6566491e-10
1.7570526e-10
1.6919117e-10
1.6189765e-10
1.3369312e-10
6.3129676e-11
-2.8856631e-11
-8.8330634e-11
-8.6974724e-11
-6.0631068e-11
-7.4813992e-11
-1.4671569e-10
-2.1017785e-10
-1.7319516e-10
-1.6907028e-11
1.6843358e-10
2.5613605e-10
2.0007788e-10
7.860115e-11
1.9050384e-11
7.6834183e-11
1.8630963e-10
2.2698448e-10
1.3389842e-10
-4.9820917e-11
-2.1493514e-10
-2.7067186e-10
-2.0346504e-10
-7.9023914e-11
1.8475853e-12
-3.0740952e-11
-1.6058582e-10
-2.8668643e-10
-2.9772422e-10
-1.6600896e-10
2.9298551e-11
1.762061e-10
2.2067456e-10
1.8083268e-10
9.4234341e-11
-1.4085907e-11
-1.105989e-10
-1.4527401e-10
-1.0060688e-10
-2.8550722e-11
8.0703676e-13
-1.7642115e-11
-2.7877852e-11
4.9114237e-12
6.6721278e-11
1.5160394e-10
2.7958076e-10
4.2084591e-10
4.6674504e-10
3.4042362e-10
1.0204467e-10
-1.1404091e-10
-2.2953858e-10
-2.3559922e-10
-1.3778795e-10
2.1480007e-11
1.3320903e-10
1.1602756e-10
1.184009e-11
-8.7841623e-11
-1.4906931e-10
-1.5670134e-10
-7.1895188e-11
8.2791998e-11
2.0542725e-10
2.4273098e-10
2.2264483e-10
1.5975636e-10
5.873588e-11
-1.9263833e-11
-1.410412e-11
4.90757e-11
1.1494877e-10
1.5203385e-10
1.0270421e-10
-1.4787554e-11
-2.849312e-11
7.5343722e-11
1.7064902e-10
3.2076143e-10
4.3313293e-10
3.3795355e-10
2.4281249e-10
1.5451884e-10
-3.2988124e-12
-9.2574889e-11
-1.8296584e-10
-1.7860188e-10
-1.0249468e-10
-8.7060913e-11
-9.5422337e-11
-2.2556972e-10
-3.4858455e-10
-4.5022392e-10
-4.3759325e-10
-3.1698976e-10
-1.5089139e-10
6.3131169e-10
-3.9890165e-11
6.9966452e-11
2.456987e-10
1.205136e-10
7.5012047e-11
8.1336256e-11
1.0197276e-11
-1.2883343e-10
4.4882717e-11
-1.5772835e-10
-2.8918392e-10
-6.5246559e-11
-2.0285988e-10
-2.49133e-10
-1.594569e-10
-2.2092264e-10
-2.9048068e-10
-6.8050507e-11
-3.5501558e-13
-1.7878245e-10
-2.112345e-10
-3.6337543e-10
-2.6737372e-11
-4.7594887e-11
-2.5872586e-10
-3.1176789e-10
5.6624729e-10
-8.3590349e-11
4.7229425e-10
-2.1485259e-10
8.2693505e-12
-5.1210125e-10
3.4655604e-10
-7.5495017e-11
-1.3545336e-09
1.5068166e-10
4.9694841e-10
-1.9239594e-10
-2.049289e-10
1.5761808e-10
-5.5948164e-10
1.8919917e-10
-7.73825e-10
3.7966479e-10
-1.1338998e-09
-3.1734371e-10
-3.6800965e-10
3.7194645e-10
6.8084648e-11
-1.0390027e-09
6.8252668e-11
4.7749394e-10
-1.0731057e-10
1.0416855e-10
5.3403272e-11
-3.1040272e-10
5.0134464e-11
4.4127039e-10
7.0980384e-11
-2.7704586e-10
3.3645985e-11
3.5400736e-10
2.2045313e-10
8.1007268e-11
1.0274657e-10
-5.0480101e-12
-8.7883545e-11
8.2371277e-11
2.0100385e-10
1.0183187e-10
5.6289887e-11
9.5806528e-11
1.5524535e-11
-1.0317355e-10
-1.4701388e-10
-2.7299821e-10
-4.3184264e-10
-2.6912464e-10
1.4299697e-10
2.4999744e-10
-6.0657842e-11
-2.7218552e-10
-1.5963999e-10
-1.0280274e-10
-2.8955599e-10
-3.6539924e-10
-1.3963579e-10
2.7251839e-11
-1.3145248e-10
-3.0120408e-10
-1.337347e-10
1.2942184e-10
2.7900807e-11
-3.7036074e-10
-5.5914034e-10
-3.5085155e-10
-1.0891602e-10
-1.5821459e-10
-3.2801329e-10
-2.774588e-10
-3.5398687e-11
5.597803e-11
-1.509388e-10
-4.1348553e-10
-4.4289942e-10
-2.5766579e-10
-9.4963141e-11
-8.3628416e-11
-1.3810133e-10
-1.4322998e-10
-1.1523796e-10
-1.351307e-10
-1.9990583e-10
-2.167847e-10
-1.2945325e-10
5.3615735e-12
8.2651784e-11
5.369504e-11
-4.6939133e-11
-1.5063734e-10
-2.0148886e-10
-1.6992253e-10
-6.24118e-11
6.4240044e-11
1.2510293e-10
7.6176367e-11
-3.3166467e-11
-9.4724363e-11
-4.3228467e-11
7.7629923e-11
1.59768e-10
1.391138e-10
5.4891277e-11
-4.6698654e-13
2.2104715e-11
8.6839765e-11
1.253989e-10
1.1294888e-10
8.3597238e-11
7.7077082e-11
8.4527313e-11
6.1008377e-11
-1.4204639e-11
-1.0261431e-10
-1.417619e-10
-1.1282994e-10
-6.2862184e-11
-5.200477e-11
-8.302288e-11
-9.3382015e-11
-2.4341903e-11
1.0595024e-10
2.0802259e-10
2.0665723e-10
1.1834295e-10
3.8839077e-11
5.0088885e-11
1.4100899e-10
2.1930794e-10
1.9718527e-10
6.6730862e-11
-9.9692596e-11
-2.0891427e-10
-2.1032486e-10
-1.2327681e-10
-2.3362964e-11
4.2045058e-12
-7.393216e-11
-2.0430883e-10
-2.8030787e-10
-2.3148679e-10
-8.6006652e-11
6.0006502e-11
1.3212995e-10
1.258052e-10
7.3694728e-11
-5.5410466e-13
-7.6901771e-11
-1.1633207e-10
-8.8094667e-11
-1.9694338e-11
2.1196498e-11
9.289702e-12
-9.0681665e-12
1.3405588e-11
6.5409898e-11
1.1963987e-10
1.8959852e-10
2.8698436e-10
3.5265111e-10
3.046729e-10
1.5065661e-10
-1.5504659e-11
-1.2412344e-10
-1.6739541e-10
-1.4019191e-10
-4.0294061e-11
6.9900513e-11
1.0205863e-10
4.9693609e-11
-2.79808e-11
-1.0019717e-10
-1.4513244e-10
-1.0618865e-10
1.8728411e-11
1.409139e-10
2.1694422e-10
2.5962853e-10
2.0897213e-10
4.9126515e-11
-5.3221638e-11
-1.9582875e-11
1.6224285e-11
3.7596782e-11
1.2512566e-10
1.6742336e-10
8.1068125e-11
-1.3126392e-12
6.9420418e-12
7.8385488e-11
1.9249846e-10
3.0796501e-10
3.2504729e-10
2.317331e-10
1.258299e-10
-9.8886057e-12
-9.7550387e-11
-1.0666223e-10
-1.4940566e-10
-9.096984e-11
-5.695423e-11
-2.6140783e-11
-2.7683285e-11
-1.645203e-10
-3.058023e-10
-4.2675959e-10
-3.9002141e-10
-2.8189176e-10
-1.5223514e-10
2.2203596e-10
3.50573e-10
2.1969648e-10
2.0175493e-10
-3.5248441e-11
-5.3478467e-11
1.4549962e-10
2.7630076e-10
1.2750689e-10
1.9308567e-10
-1.0187598e-10
-3.8488458e-10
-1.2927429e-10
2.399397e-10
-1.4609391e-10
-4.0270876e-10
-2.7527561e-10
2.3102464e-10
3.3866136e-10
-9.3802747e-11
-3.298895e-10
-7.8698997e-11
1.3813503e-11
-4.0445254e-11
-2.6789392e-10
2.1192895e-10
-1.5255759e-10
2.5719878e-10
4.2237223e-10
-2.9248165e-10
1.0960815e-11
8.155564e-11
1.9664187e-10
-4.9891181e-10
6.0695171e-10
1.0960824e-09
-8.7119567e-11
4.4841574e-10
7.8915485e-10
2.7663007e-10
4.2244574e-10
3.9229884e-10
-3.7489261e-10
1.2482389e-09
-7.8775194e-10
4.4544085e-10
3.1637684e-10
-3.5490568e-10
-3.2602158e-10
-3.6590183e-10
4.8177084e-10
-7.8044831e-10
-1.3427766e-09
4.5700221e-10
-4.7819941e-12
-1.3146742e-09
-2.5417006e-10
4.0096825e-10
-3.9325629e-10
-2.7108832e-10
3.2039464e-10
-5.002756e-11
-3.6777158e-10
8.0710053e-11
2.7629496e-10
-1.5624349e-10
-3.5385795e-10
5.7933154e-11
4.4121699e-10
3.0225631e-10
-3.7822798e-11
-1.4616541e-10
-1.4423128e-10
-2.9085789e-10
-4.8023276e-10
-5.1993386e-10
-4.3438018e-10
-2.676459e-10
-3.2428188e-12
2.2067998e-10
1.9012348e-10
-5.069491e-11
-2.4418072e-10
-2.7227127e-10
-2.1368913e-10
-1.2449877e-10
-1.8447196e-11
9.5968147e-12
-1.0142461e-10
-1.9292445e-10
-6.7499111e-11
1.6159569e-10
1.60901e-10
-1.4349177e-10
-4.1378372e-10
-3.353887e-10
-1.7787133e-11
1.866705e-10
1.3564471e-10
-1.1207059e-11
-9.1796356e-11
-1.3640507e-10
-2.2928113e-10
-3.2857844e-10
-3.2688299e-10
-2.2313145e-10
-1.2904019e-10
-1.1604567e-10
-1.3787754e-10
-1.2548705e-10
-9.4945771e-11
-1.1188742e-10
-1.7814994e-10
-2.1271072e-10
-1.5358618e-10
-4.0051527e-11
2.8615826e-11
-2.924632e-12
-1.0312262e-10
-2.004781e-10
-2.4264906e-10
-2.1108185e-10
-1.1279742e-10
1.5441223e-11
1.0817442e-10
1.1032306e-10
3.3185068e-11
-4.1628473e-11
-3.3301874e-11
5.8084773e-11
1.5055134e-10
1.6426604e-10
1.0189199e-10
3.9207829e-11
4.0794167e-11
9.2269993e-11
1.2342626e-10
8.9683051e-11
2.0263678e-11
-1.9289887e-11
-5.0522707e-12
1.6850704e-11
-1.703799e-11
-1.1171155e-10
-1.9998652e-10
-2.0800167e-10
-1.2929174e-10
-2.8488014e-11
2.7569158e-11
3.5576097e-11
4.7860787e-11
1.0328742e-10
1.7656555e-10
2.0444293e-10
1.5901415e-10
8.5502307e-11
6.0065723e-11
1.1207811e-10
1.9262379e-10
2.194761e-10
1.5031909e-10
1.3845241e-11
-1.1722432e-10
-1.7839211e-10
-1.5036982e-10
-6.8774197e-11
-5.9173156e-12
-2.4118867e-11
-1.2237999e-10
-2.2608251e-10
-2.4696937e-10
-1.6475425e-10
-4.3981417e-11
3.4029105e-11
4.3319446e-11
1.1330472e-11
-3.3216573e-11
-7.9121449e-11
-1.0598929e-10
-8.3223912e-11
-1.5621607e-11
4.1197633e-11
4.5690467e-11
2.8580628e-11
4.8623836e-11
1.0699452e-10
1.5501344e-10
1.7655096e-10
2.0151004e-10
2.2970525e-10
2.0997624e-10
1.2261827e-10
1.9917444e-11
-4.8375779e-11
-8.8090257e-11
-1.0490622e-10
-7.0241067e-11
1.0331994e-11
6.976587e-11
6.8304506e-11
3.1493811e-11
-2.506297e-11
-1.0016251e-10
-1.297318e-10
-4.71522e-11
8.9628254e-11
1.8198061e-10
2.3716047e-10
2.6599716e-10
1.8706303e-10
2.3437279e-11
-4.9331219e-11
-1.2628222e-11
-2.9589034e-12
-1.9198596e-12
3.5522284e-11
3.0342169e-11
2.83542e-11
7.5652808e-11
9.0413479e-11
1.548896e-10
2.6353998e-10
2.7626512e-10
2.9834191e-10
2.8565805e-10
1.3848797e-10
-3.1155444e-11
-1.8809136e-10
-2.1541249e-10
-1.3160891e-10
-2.8617264e-11
4.8912086e-11
1.8092396e-11
-4.6160986e-11
-1.7397033e-10
-3.0026687e-10
-3.3753775e-10
-3.4244966e-10
-2.3892303e-10
-1.3005761e-10
8.1339978e-11
3.6883746e-10
2.5132125e-11
5.729663e-11
1.1098448e-10
-2.335286e-11
1.6684336e-11
1.1644139e-10
-1.30374e-11
-1.3759064e-11
-1.7808103e-10
-1.8168306e-10
4.6261833e-11
2.1974301e-10
-2.7110837e-10
-4.0411649e-10
2.6355812e-10
3.3856831e-10
-1.8854724e-10
-2.6571497e-10
-1.0515301e-10
-9.5907249e-11
3.267274e-10
1.327842e-11
-1.0817739e-10
1.7972117e-10
-3.1067492e-10
-3.440771e-10
3.7159383e-10
-1.2887484e-10
3.3829262e-10
1.303861e-10
5.2262434e-10
8.1406468e-10
7.3032986e-10
6.2285227e-11
-2.1136641e-10
-3.6400659e-10
-9.6334873e-10
2.535337e-10
-1.4910713e-10
5.5686264e-10
-4.6284493e-10
-8.6887818e-10
2.4869464e-10
-3.7181467e-10
-5.6713634e-10
4.9993632e-10
-8.4888852e-10
-6.5021444e-10
1.852459e-10
3.8484672e-11
2.3879534e-10
-5.4462436e-10
-8.9059672e-10
3.9887361e-10
4.8655731e-10
-4.1582788e-10
-4.2516802e-11
4.1456925e-10
-1.3982114e-10
-2.6305898e-10
3.7687702e-10
5.4955628e-10
9.1242379e-11
-2.0315502e-10
-5.295667e-11
1.8557417e-10
9.5256622e-11
-2.8392292e-10
-4.5889906e-10
-2.4335099e-10
-6.8243254e-11
-2.0125927e-10
-3.2753062e-10
-2.1138079e-10
-7.83069e-11
-9.5863221e-11
-9.6029711e-11
-1.3401585e-11
-7.1358022e-11
-3.3493069e-10
-5.0314129e-10
-3.4485659e-10
-4.0517138e-11
8.4753626e-11
-3.4474384e-11
-2.0476075e-10
-2.3675516e-10
-1.0406691e-10
6.7982162e-11
1.044845e-10
-6.2303772e-11
-2.9190056e-10
-3.4746635e-10
-1.4426678e-10
1.5271987e-10
2.9850219e-10
1.9560633e-10
-6.1463126e-11
-3.0964073e-10
-4.3846148e-10
-4.2498715e-10
-3.2015467e-10
-2.1491926e-10
-1.8050807e-10
-2.1125065e-10
-2.3711652e-10
-2.077829e-10
-1.5301239e-10
-1.4041948e-10
-1.8288784e-10
-2.166456e-10
-1.8116657e-10
-9.7373005e-11
-4.6847933e-11
-7.9849196e-11
-1.6672324e-10
-2.3843012e-10
-2.5229104e-10
-2.0933453e-10
-1.2805684e-10
-2.9537935e-11
5.4435786e-11
8.5247113e-11
5.3348974e-11
2.3858016e-12
-8.1138936e-13
6.6152979e-11
1.5275043e-10
1.8359239e-10
1.376319e-10
7.1137453e-11
5.7055982e-11
1.0444365e-10
1.4745165e-10
1.1662621e-10
1.6093508e-11
-7.7932349e-11
-9.7947448e-11
-5.8216596e-11
-4.0278867e-11
-1.0452524e-10
-2.2087877e-10
-2.9173126e-10
-2.4480696e-10
-1.0023413e-10
5.2080384e-11
1.3826672e-10
1.5736162e-10
1.5961513e-10
1.786994e-10
1.98264e-10
1.837496e-10
1.3598435e-10
9.9089689e-11
1.1382494e-10
1.7040489e-10
2.1389077e-10
1.9393395e-10
1.0598188e-10
-9.9129975e-12
-1.0052923e-10
-1.2919557e-10
-9.4268354e-11
-3.4399505e-11
-1.0730261e-11
-6.0149808e-11
-1.5461246e-10
-2.1748546e-10
-1.9617339e-10
-1.1546695e-10
-4.8031642e-11
-3.7198135e-11
-6.5925619e-11
-9.8232915e-11
-1.2070672e-10
-1.2861906e-10
-1.0161577e-10
-3.0433556e-11
4.6238476e-11
7.6221535e-11
6.7420823e-11
8.2976869e-11
1.4918839e-10
2.1380994e-10
2.2243279e-10
1.8909835e-10
1.5297973e-10
1.1027373e-10
4.4168112e-11
-1.745815e-11
-3.964008e-11
-4.2974806e-11
-5.998002e-11
-6.5030758e-11
-2.0270343e-11
4.5814791e-11
7.9737949e-11
7.4741567e-11
3.7737752e-11
-3.9029792e-11
-1.119513e-10
-9.3187225e-11
2.4801057e-11
1.6019293e-10
2.5507046e-10
2.8416174e-10
2.221483e-10
1.0272382e-10
4.3755435e-12
-4.6451111e-11
-5.4742479e-11
-1.5933783e-11
3.1344627e-11
2.812266e-11
8.5942822e-12
4.6407434e-11
8.2355882e-11
7.5099961e-11
1.3949757e-10
2.1287577e-10
2.1456326e-10
2.6977011e-10
2.4558894e-10
1.0763339e-10
-4.5577685e-11
-2.373872e-10
-2.2360982e-10
-1.3211965e-10
-1.5200164e-11
6.615119e-11
6.2214423e-12
-3.5618652e-11
-1.5124101e-10
-2.5362571e-10
-2.6106821e-10
-2.6242487e-10
-1.7783257e-10
-9.4502074e-11
8.9871519e-11
2.5947777e-10
2.6800652e-13
-7.1775496e-12
1.2953183e-10
-1.4683314e-10
-1.6280372e-10
1.6022788e-10
2.228102e-10
-1.1214816e-10
-7.3184159e-11
2.2558506e-10
2.6022386e-10
-6.0160659e-11
-2.3172138e-10
5.2510026e-11
1.8878838e-10
5.7726324e-11
-1.2025024e-10
-1.5925915e-11
4.5340514e-10
-8.331513e-11
-3.5909151e-10
3.2199494e-10
-3.3213173e-10
-4.459582e-10
2.5092203e-10
1.3547823e-10
-5.6393876e-10
6.0640476e-10
1.8855761e-09
-8.067415e-11
-8.3859984e-10
-1.9410958e-09
-3.3390309e-10
-1.1328254e-10
2.0957737e-10
2.7762056e-10
-4.2125181e-11
-4.191052e-10
4.134303e-11
-1.1660945e-09
8.3069237e-10
-1.3731891e-10
3.4385143e-10
-1.8748801e-10
-4.1019887e-11
5.2456605e-10
4.5144849e-11
-6.0031425e-11
-2.2238085e-10
5.9195067e-11
3.07711e-10
2.2722137e-10
6.3868885e-10
3.9497119e-10
-3.4265323e-10
5.7797164e-11
3.8252234e-10
-3.5472006e-10
-4.9448136e-10
1.781822e-10
2.6868999e-10
-1.4479978e-11
9.8499466e-11
2.7017218e-10
2.34455e-10
1.5689596e-10
-1.0283193e-10
-4.7912934e-10
-4.6381962e-10
-1.262751e-10
-8.1838166e-11
-3.065995e-10
-2.61338e-10
-8.6792254e-12
-3.7154379e-11
-2.6599378e-10
-2.5133597e-10
-8.2909093e-11
-1.8539988e-10
-4.6591268e-10
-4.3639523e-10
-5.7958894e-11
1.85749e-10
4.0935266e-11
-2.0173062e-10
-2.0481175e-10
-1.2267621e-11
1.3630848e-10
1.4886111e-10
8.7313642e-11
2.1409746e-12
-8.145849e-11
-8.7481056e-11
5.0981807e-11
2.5409894e-10
3.188683e-10
1.2690905e-10
-2.0924443e-10
-4.4458997e-10
-4.3419509e-10
-2.4967387e-10
-8.0976393e-11
-5.2744728e-11
-1.3782403e-10
-2.2225264e-10
-2.3015698e-10
-1.8216114e-10
-1.4745724e-10
-1.5752857e-10
-1.7863886e-10
-1.6721013e-10
-1.3210665e-10
-1.2598479e-10
-1.7678735e-10
-2.4817301e-10
-2.7701595e-10
-2.3883004e-10
-1.6395802e-10
-9.5372831e-11
-4.8917559e-11
-1.8705704e-11
-3.2207074e-12
-6.0052082e-12
-1.4574583e-11
3.9309247e-12
6.8231193e-11
1.4972828e-10
1.8841138e-10
1.526697e-10
7.9494003e-11
4.4285836e-11
8.3177738e-11
1.4994472e-10
1.5758473e-10
6.7669986e-11
-6.527448e-11
-1.4544429e-10
-1.3241725e-10
-8.2940306e-11
-9.2280953e-11
-1.9235942e-10
-3.1179223e-10
-3.3902125e-10
-2.2499008e-10
-2.7038738e-11
1.4634439e-10
2.2700537e-10
2.2835365e-10
2.0632275e-10
1.9585481e-10
1.8970424e-10
1.7057814e-10
1.4604167e-10
1.421972e-10
1.6879868e-10
2.0193155e-10
2.0488414e-10
1.607627e-10
8.2484903e-11
-7.6874021e-13
-5.9045378e-11
-7.2671677e-11
-4.5351311e-11
-1.3245052e-11
-2.4167193e-11
-9.0733293e-11
-1.6726881e-10
-1.9109771e-10
-1.504962e-10
-9.7650815e-11
-8.8028459e-11
-1.2242373e-10
-1.6197299e-10
-1.812068e-10
-1.7893175e-10
-1.4721438e-10
-7.2108979e-11
2.4892194e-11
8.7337982e-11
9.4691034e-11
1.0054978e-10
1.6085567e-10
2.4795128e-10
2.8314068e-10
2.3887744e-10
1.5534549e-10
6.698207e-11
-2.1846859e-11
-8.9378701e-11
-9.9634315e-11
-6.7599497e-11
-4.8788127e-11
-4.8874211e-11
-2.0271782e-11
4.382722e-11
9.5729309e-11
1.101974e-10
8.6883303e-11
1.1797373e-11
-8.5257903e-11
-1.0565857e-10
-1.427203e-11
1.12908e-10
2.2951645e-10
3.247127e-10
3.0885195e-10
1.5603204e-10
2.7273343e-11
-1.0266613e-11
-6.5874476e-11
-1.0401428e-10
-3.5353933e-11
2.8984704e-11
3.6182536e-11
5.1670368e-11
4.4896994e-11
3.4740354e-11
7.200038e-11
1.3734988e-10
2.3407578e-10
2.8984515e-10
2.5443173e-10
1.3298245e-10
-3.9245716e-11
-1.6692693e-10
-2.3132199e-10
-1.7794732e-10
-8.2124337e-11
4.8144952e-12
7.0372259e-11
4.7746494e-11
1.1168368e-11
1.9711981e-12
-1.6711384e-10
-1.7431065e-10
-1.9607186e-10
-1.2612411e-10
-5.9787786e-11
-2.9264823e-11
-1.9911349e-11
1.3460302e-10
1.7058754e-10
-2.7051443e-11
-2.7936004e-10
-1.0901165e-10
3.2311815e-10
2.6987698e-10
-1.8632851e-11
-3.0060467e-11
2.4260261e-10
5.5976721e-11
1.2816621e-11
1.4824308e-10
-1.9565697e-11
-2.8723948e-10
-2.1004988e-10
1.8029487e-11
-2.1388083e-10
-4.6711814e-10
3.8926179e-10
-1.5416144e-10
-1.2778327e-10
2.9950938e-10
4.3253274e-10
-7.2311043e-10
9.8554465e-10
1.0216381e-09
-1.1426318e-09
-1.1169842e-09
4.3403563e-10
5.8925048e-10
1.2207446e-09
8.2794565e-10
5.571232e-11
-4.3274212e-11
-9.3841273e-10
-2.0803727e-10
5.8610955e-10
4.3902818e-11
9.4946264e-10
-4.2328372e-10
-8.6540747e-11
1.6547088e-10
-4.1840156e-10
2.0306763e-10
-7.3211866e-10
-1.4928841e-10
9.0634169e-10
-3.1791412e-10
-6.5011413e-10
3.1376735e-10
2.1874104e-10
-4.3969534e-10
-3.9350456e-10
4.8805598e-11
-1.6253639e-11
-4.7219489e-10
-4.0405498e-10
-2.2372044e-11
-1.652277e-10
-3.9058657e-10
-1.5356921e-10
-1.0546746e-10
-4.3905549e-10
-4.4757264e-10
-2.3544314e-10
-3.8483303e-10
-4.8648224e-10
-3.7570226e-11
3.5962315e-10
1.7509207e-10
-5.8141477e-11
6.1676887e-11
3.3024741e-11
-3.9957774e-10
-6.4084661e-10
-3.6642649e-10
-1.1412609e-10
-2.6717304e-10
-4.0533135e-10
-1.3615526e-10
1.9890364e-10
1.3325962e-10
-1.6590792e-10
-2.2812764e-10
-1.2635939e-11
1.3850507e-10
8.926089e-11
4.2289011e-11
1.2543327e-10
1.8973287e-10
1.0095935e-10
-1.40399e-11
3.458543e-11
1.8806765e-10
1.9501809e-10
-4.758463e-11
-3.4682041e-10
-4.3922477e-10
-2.7954012e-10
-5.6537122e-11
3.0513385e-11
-4.7789645e-11
-1.7843486e-10
-2.5021162e-10
-2.4366572e-10
-2.0430288e-10
-1.7109799e-10
-1.4664302e-10
-1.2560372e-10
-1.2638505e-10
-1.7694067e-10
-2.6882669e-10
-3.4081128e-10
-3.2609989e-10
-2.1796153e-10
-8.2349123e-11
-2.2207284e-13
-6.0641697e-13
-5.0134249e-11
-9.5963114e-11
-1.087939e-10
-8.5780668e-11
-3.0957866e-11
4.9671409e-11
1.335432e-10
1.7850612e-10
1.5297677e-10
7.5656635e-11
1.3252584e-11
2.5075123e-11
1.0126402e-10
1.6253972e-10
1.3180919e-10
1.1786461e-11
-1.1333309e-10
-1.5841612e-10
-1.2174876e-10
-8.6251385e-11
-1.3275748e-10
-2.5209514e-10
-3.4577777e-10
-3.1465342e-10
-1.4993606e-10
6.0332532e-11
2.0878641e-10
2.521022e-10
2.2539906e-10
1.8973959e-10
1.758709e-10
1.765908e-10
1.7756763e-10
1.7942216e-10
1.8934902e-10
2.0228518e-10
2.0234283e-10
1.7923704e-10
1.3664416e-10
8.4564336e-11
3.3535778e-11
-2.9201781e-12
-1.1627616e-11
1.0673094e-12
1.3107076e-12
-4.2690335e-11
-1.1795491e-10
-1.697713e-10
-1.6092427e-10
-1.1758248e-10
-1.0076278e-10
-1.3588503e-10
-1.9230206e-10
-2.2922925e-10
-2.3428852e-10
-2.0583223e-10
-1.3244421e-10
-2.226497e-11
7.1621611e-11
1.0121204e-10
9.5044017e-11
1.3007921e-10
2.2451026e-10
3.0599561e-10
3.0341792e-10
2.2169685e-10
1.0362061e-10
-2.5317042e-11
-1.367676e-10
-1.8187586e-10
-1.4837107e-10
-9.0442436e-11
-5.1229385e-11
-8.402001e-12
5.8611544e-11
1.1414448e-10
1.2718532e-10
1.082359e-10
5.4857404e-11
-3.4748699e-11
-8.6105843e-11
-2.328815e-11
9.979592e-11
1.9015079e-10
2.5619582e-10
3.0373626e-10
2.5205001e-10
1.1273998e-10
2.1771894e-11
-8.4455443e-12
-5.9841747e-11
-8.3848613e-11
-4.6720421e-11
-2.2332763e-11
1.0440936e-11
3.4799881e-11
-1.0771846e-11
2.1114885e-11
1.2088015e-10
1.7077797e-10
2.7461279e-10
2.8650964e-10
1.5110376e-10
2.4704703e-13
-1.9280146e-10
-2.1992568e-10
-1.9006193e-10
-1.2878543e-10
-2.7028984e-11
3.0647322e-12
1.3521363e-10
1.8634188e-10
9.73218e-11
7.2340883e-11
-1.3604189e-10
-1.0403831e-10
-1.1741705e-10
-4.0117831e-11
-1.9914373e-11
-2.6078523e-11
-1.6096327e-10
7.5836772e-11
1.1454091e-10
-4.4352287e-11
3.2714709e-11
9.195427e-11
2.1160073e-10
5.8327245e-11
7.7940111e-11
-9.5940286e-12
-5.5538768e-11
4.3819531e-11
-2.3531996e-11
-5.374787e-12
-2.3368447e-11
1.5295262e-10
-1.9685009e-10
-4.4642953e-10
6.3540345e-11
-4.155683e-10
3.792711e-10
-4.4151096e-10
6.3564074e-11
1.2718864e-10
6.4542019e-10
-3.3495231e-11
-7.9278748e-10
-1.283178e-09
1.3877136e-09
1.0028981e-09
4.214933e-10
-9.3348532e-10
-1.3976912e-10
-5.8984699e-10
1.1013951e-10
7.6816857e-10
6.0318683e-10
-4.6976192e-10
4.551872e-10
-2.1499055e-10
-8.2950693e-10
-5.509886e-10
3.6763911e-10
-9.3570195e-10
-2.6028784e-10
1.2406666e-10
-4.0802934e-10
-1.4046508e-10
-2.3644276e-10
-4.9219967e-11
4.9080177e-10
3.3540591e-10
7.4743517e-11
2.4292909e-10
3.387307e-10
5.2488332e-11
-2.289332e-10
-7.0448637e-11
1.0937288e-10
-1.58779e-10
-2.3348134e-10
2.5108782e-10
3.4500348e-10
-2.5043476e-10
-4.5084438e-10
-4.8118889e-11
-6.7754587e-11
-5.245317e-10
-4.3959108e-10
9.0431386e-11
1.7092248e-10
-9.4210971e-11
-2.9450288e-11
1.281214e-10
-2.0634151e-10
-6.6765703e-10
-5.6502452e-10
-1.5053807e-10
-1.2229718e-10
-3.9373758e-10
-3.57022e-10
2.9935129e-13
1.3532275e-10
-8.1781398e-11
-2.0920599e-10
-2.9576533e-11
1.3165228e-10
1.4583829e-11
-1.4492916e-10
-3.7093702e-11
2.0539087e-10
2.1803847e-10
-3.7571183e-11
-2.3026879e-10
-1.4438989e-10
4.0331306e-11
2.9500416e-11
-1.9230454e-10
-3.7258718e-10
-3.2241238e-10
-1.1465861e-10
4.3073148e-11
3.8200163e-11
-8.0201321e-11
-2.0377138e-10
-2.6996691e-10
-2.7279428e-10
-2.2597204e-10
-1.4895599e-10
-8.1060734e-11
-7.7134558e-11
-1.6665423e-10
-3.115431e-10
-4.1418614e-10
-3.8564556e-10
-2.2093825e-10
-1.2866716e-11
1.1578904e-10
1.027259e-10
-1.5396978e-11
-1.4401833e-10
-2.0509488e-10
-1.7939588e-10
-9.5026003e-11
7.6398234e-12
9.5641934e-11
1.4200872e-10
1.2737638e-10
5.7723795e-11
-2.185145e-11
-4.8591543e-11
5.2437339e-12
9.7798457e-11
1.4488478e-10
9.5061058e-11
-1.9618181e-11
-1.1192337e-10
-1.2398887e-10
-8.3988192e-11
-7.4973458e-11
-1.4598896e-10
-2.5518543e-10
-3.0314928e-10
-2.2546666e-10
-5.2048042e-11
1.1934231e-10
2.0684705e-10
2.0280826e-10
1.6036314e-10
1.3513635e-10
1.4420828e-10
1.7198632e-10
1.9874138e-10
2.1547705e-10
2.1822815e-10
2.0410114e-10
1.7672794e-10
1.478703e-10
1.2617645e-10
1.0788448e-10
8.6340057e-11
6.6226249e-11
5.538228e-11
4.3033818e-11
1.8416085e-12
-7.4312835e-11
-1.458198e-10
-1.6192872e-10
-1.2271937e-10
-8.6599964e-11
-1.0647809e-10
-1.7410128e-10
-2.3971427e-10
-2.6867363e-10
-2.5393278e-10
-1.901881e-10
-7.9311193e-11
3.5016842e-11
8.7072223e-11
7.1166131e-11
6.5913319e-11
1.3965221e-10
2.5799481e-10
3.2627172e-10
2.9727277e-10
1.9155965e-10
4.1244917e-11
-1.1985086e-10
-2.2905742e-10
-2.3557152e-10
-1.6549281e-10
-8.4077578e-11
-9.0754592e-12
7.1373494e-11
1.3105773e-10
1.3658488e-10
1.0611205e-10
6.5885634e-11
1.1862511e-11
-2.8664454e-11
2.0033418e-12
8.8828413e-11
1.617186e-10
2.0748662e-10
2.393639e-10
2.3356619e-10
1.9103007e-10
1.3446979e-10
4.9254423e-11
-4.1582604e-11
-7.377137e-11
-6.4214149e-11
-5.942802e-11
-4.0686289e-11
-4.4143852e-12
-5.7659641e-13
-6.525316e-12
7.5269941e-11
1.7819213e-10
2.0183712e-10
2.083926e-10
1.3820247e-10
2.5408076e-11
-6.5246881e-11
-1.7329231e-10
-1.6850862e-10
-1.7190193e-10
-1.2383917e-10
-3.6715959e-11
5.7135905e-11
8.2419082e-11
1.9785073e-10
1.0563273e-10
1.0096293e-10
-6.200499e-11
4.2310777e-12
1.4938505e-11
1.6233529e-11
1.7852212e-11
1.0295917e-10
-1.6483965e-10
-1.4551743e-10
-2.552095e-10
-1.1142441e-10
1.7289189e-10
2.0293258e-10
-7.6635906e-11
-1.1982078e-10
-1.1033866e-11
1.4583742e-10
2.8174371e-10
1.9764643e-10
-4.1543151e-10
-3.4219314e-10
8.1337186e-12
1.9921492e-10
-3.2903267e-11
-6.4181466e-10
9.5164648e-11
1.3118919e-10
-4.7433617e-10
4.231004e-10
1.7720256e-10
-9.670401e-10
-2.2477186e-10
9.5514545e-12
9.8152734e-10
2.6727695e-10
-8.8628452e-10
-8.2237893e-10
-2.2469927e-10
4.9949715e-11
9.6270081e-10
9.2370866e-10
-3.2893333e-10
-7.0634607e-11
1.5851515e-10
7.008389e-10
-7.1018517e-10
8.3426614e-10
4.781427e-10
1.9235842e-10
-1.5919587e-10
2.75872e-10
2.8739e-10
-3.9104978e-10
3.8439754e-10
5.6414034e-10
4.906434e-10
5.7282869e-10
-5.3929175e-10
-9.505883e-10
-6.4429744e-11
2.026997e-11
-3.9232921e-10
-1.1878354e-10
2.6623906e-10
1.9012756e-10
-1.1174104e-10
-2.2158839e-10
4.4888113e-11
1.7485839e-10
-2.2466968e-10
-4.1560583e-10
1.0620266e-10
4.4938436e-10
3.2164978e-11
-2.9964044e-10
-1.7210523e-11
1.5711366e-10
-1.5374287e-10
-3.2142343e-10
-1.3192823e-10
-1.7301756e-10
-5.1702242e-10
-4.9946014e-10
-1.742418e-11
2.1686449e-10
-8.0057142e-11
-3.2618907e-10
-1.2051719e-10
1.5543205e-10
9.9414087e-11
-5.7350764e-11
3.7324334e-11
2.1121813e-10
1.0376086e-10
-1.7310594e-10
-1.8852655e-10
1.1550092e-10
3.1524014e-10
1.237131e-10
-2.1752118e-10
-3.009966e-10
-9.0327513e-11
9.4888999e-11
2.9206158e-11
-1.7336303e-10
-2.6310324e-10
-1.5975718e-10
8.7321285e-12
8.937388e-11
4.2615897e-11
-7.8573873e-11
-2.0574718e-10
-2.8534361e-10
-2.7920297e-10
-1.8528973e-10
-6.3934678e-11
-1.399378e-11
-9.66559e-11
-2.7351208e-10
-4.2179962e-10
-4.2192361e-10
-2.4897579e-10
3.7492539e-12
1.8769761e-10
2.0162719e-10
5.7613818e-11
-1.3653839e-10
-2.6019979e-10
-2.5844215e-10
-1.6098871e-10
-3.997354e-11
4.7318946e-11
8.085777e-11
6.4629366e-11
9.7354633e-12
-6.2375176e-11
-1.1272623e-10
-1.0071414e-10
-2.1924446e-11
7.3297209e-11
1.1375711e-10
6.9890658e-11
-1.7129514e-11
-7.426929e-11
-6.8640106e-11
-3.8026938e-11
-4.7653199e-11
-1.1661771e-10
-1.9201847e-10
-1.9742617e-10
-1.0757468e-10
2.6187951e-11
1.2228851e-10
1.3896651e-10
1.0087437e-10
6.5624601e-11
7.162507e-11
1.1692677e-10
1.7512503e-10
2.2004712e-10
2.3513057e-10
2.1562388e-10
1.7224207e-10
1.3112029e-10
1.1687382e-10
1.3057213e-10
1.5045582e-10
1.559713e-10
1.4418346e-10
1.1654469e-10
6.2411501e-11
-2.5250692e-11
-1.1779758e-10
-1.5956133e-10
-1.2646041e-10
-6.5092696e-11
-5.1367108e-11
-1.1163891e-10
-2.0202027e-10
-2.6377758e-10
-2.7158915e-10
-2.2359936e-10
-1.242106e-10
-6.3603479e-12
6.1525707e-11
4.2102491e-11
-5.8849986e-12
1.9656087e-11
1.4076919e-10
2.7200999e-10
3.2108628e-10
2.6768047e-10
1.3601411e-10
-4.1380677e-11
-2.0338397e-10
-2.7172093e-10
-2.2837811e-10
-1.3257724e-10
-3.5172924e-11
5.8280384e-11
1.2803038e-10
1.3726037e-10
1.025167e-10
7.1433537e-11
4.6047668e-11
2.4219798e-11
4.8172445e-11
1.0983547e-10
1.3415722e-10
1.32706e-10
1.7844223e-10
2.2282661e-10
1.9734636e-10
1.7054268e-10
1.4558902e-10
2.6029073e-11
-9.3500998e-11
-8.4848039e-11
-4.6733137e-11
-2.6536175e-11
4.2732195e-12
-1.689696e-11
-2.5981203e-11
2.7294384e-11
8.5023464e-11
1.7503629e-10
1.8737663e-10
1.1188775e-10
5.7991776e-11
-2.4665996e-11
-6.1313343e-11
-1.3226057e-10
-2.1755818e-10
-2.2473796e-10
-2.077166e-10
-1.7132177e-11
1.0333958e-10
1.9163797e-10
1.5710696e-10
1.470171e-10
1.4793173e-10
6.9004593e-11
1.1683392e-10
6.1608097e-11
4.3249276e-11
4.1086887e-11
1.3757668e-10
-1.091588e-10
-1.53906e-11
2.0154928e-11
-6.1845761e-11
-1.4302521e-10
7.4685413e-11
1.4731332e-10
-1.1088211e-10
-1.3773674e-10
1.9057311e-10
3.3242672e-10
1.1698484e-10
-1.1217469e-10
3.4605132e-10
2.9599366e-10
-4.0849126e-10
-3.3723473e-10
5.0049891e-10
-1.9504081e-10
2.0292746e-10
-4.5777002e-11
-6.0964038e-10
3.8865784e-10
6.8869114e-10
-2.7896501e-10
7.3403077e-10
7.6002182e-11
-2.3347835e-10
9.8617651e-10
9.9130213e-10
2.2052842e-11
2.1364679e-10
-9.065367e-10
-5.381664e-10
3.301924e-10
4.2361594e-10
1.3493803e-10
-4.9710277e-10
4.7123642e-10
-5.3479072e-10
-4.4883135e-10
1.0244254e-09
-2.0857491e-10
5.2149136e-11
3.8008279e-10
3.0229833e-11
-1.2150559e-10
-6.3141975e-10
-7.0981154e-10
-6.0153667e-10
-4.9323151e-10
-1.8817745e-11
-1.2710256e-10
-6.0532715e-10
-2.7864256e-10
1.5736699e-10
-4.4329779e-11
-1.7183182e-10
2.3739515e-11
8.1970182e-11
-6.0543099e-11
-2.8190166e-10
-3.8142522e-10
-5.8387451e-11
3.6523104e-10
2.3935102e-10
-1.8999785e-10
-2.1382601e-10
1.5952138e-11
-5.8117485e-11
-2.6015965e-10
-1.8756567e-10
-9.979793e-11
-2.9831476e-10
-3.9701834e-10
-5.7925543e-11
2.6885578e-10
8.7516451e-11
-2.8071292e-10
-2.5750568e-10
5.9538979e-11
1.7027277e-10
2.8977284e-11
1.7142427e-13
1.3716428e-10
1.0270533e-10
-1.914538e-10
-3.7158263e-10
-1.7757448e-10
1.191805e-10
1.0354612e-10
-2.0189161e-10
-3.9963531e-10
-2.6503775e-10
3.0925651e-12
9.0505333e-11
-5.4216369e-11
-2.2781985e-10
-2.522274e-10
-1.3889001e-10
-1.1333819e-11
3.632111e-11
-1.5417585e-11
-1.3757846e-10
-2.687578e-10
-3.2717168e-10
-2.6234426e-10
-1.1445734e-10
-1.8019034e-12
-2.5453412e-11
-1.7712308e-10
-3.4016155e-10
-3.8045751e-10
-2.4685039e-10
-6.9349996e-12
1.9978682e-10
2.5314627e-10
1.2948371e-10
-8.507937e-11
-2.5467183e-10
-2.8713058e-10
-1.9141959e-10
-5.5576294e-11
3.0151287e-11
3.5516179e-11
-1.0791253e-11
-6.7784663e-11
-1.1727304e-10
-1.5581837e-10
-1.6919097e-10
-1.3367051e-10
-4.8091249e-11
4.6502999e-11
9.247908e-11
6.8673009e-11
1.0992485e-11
-2.3104108e-11
-1.203926e-11
1.191693e-11
3.9810587e-12
-4.0924068e-11
-7.9450767e-11
-6.633358e-11
-3.7709141e-12
5.8717538e-11
7.2068922e-11
3.3459614e-11
-1.4520777e-11
-2.4248386e-11
2.0282075e-11
9.9996282e-11
1.8015634e-10
2.2871052e-10
2.2639893e-10
1.765683e-10
1.1107028e-10
7.5566488e-11
9.5421125e-11
1.5422929e-10
2.0989064e-10
2.3069473e-10
2.0870091e-10
1.4468934e-10
4.1974899e-11
-7.3818121e-11
-1.4613885e-10
-1.3059883e-10
-5.1757061e-11
5.0403583e-12
-2.4486899e-11
-1.2126509e-10
-2.1316001e-10
-2.4859907e-10
-2.2073584e-10
-1.4153083e-10
-3.7022371e-11
3.5493022e-11
2.0945282e-11
-5.5983782e-11
-8.9624854e-11
-6.777968e-12
1.4600954e-10
2.5954247e-10
2.7360016e-10
1.9494691e-10
5.0012379e-11
-1.1679662e-10
-2.2928426e-10
-2.3556724e-10
-1.6396202e-10
-7.312412e-11
1.8158753e-11
9.8921512e-11
1.2893225e-10
1.0181917e-10
7.3135015e-11
6.9467252e-11
6.5316877e-11
7.4072196e-11
1.240139e-10
1.5762077e-10
1.2477698e-10
1.0607256e-10
1.6195184e-10
2.0178108e-10
1.653412e-10
1.1657045e-10
6.4425126e-11
-1.9355238e-11
-5.3960209e-11
-1.38781e-11
1.1655045e-11
2.4811239e-11
8.7084499e-12
-6.4482892e-11
-4.0182703e-11
4.6170188e-11
7.1997639e-11
1.4076067e-10
1.3552996e-10
7.5149499e-11
4.6118039e-11
-7.2745098e-11
-1.1619633e-10
-2.2125178e-10
-2.5542028e-10
-1.8090083e-10
-6.0611844e-11
8.8565525e-11
1.8472598e-10
1.6373904e-10
1.5746407e-10
1.6466912e-10
1.9622761e-10
1.5220136e-10
1.3631867e-10
1.0390989e-10
9.802965e-11
7.7215654e-11
-1.3264834e-10
-2.2504684e-10
-1.6667539e-10
9.0203271e-11
-3.1139938e-11
-5.2631641e-11
2.0426191e-10
3.9549946e-10
1.9005943e-10
9.8319308e-11
3.1814607e-11
-4.0193719e-10
-1.6702762e-10
2.8627749e-10
3.2507888e-10
1.5518415e-10
-5.7075153e-11
2.7696613e-10
-1.0500923e-10
-9.7617653e-12
4.0049573e-10
-1.0272653e-10
4.477235e-10
-3.9144958e-10
7.8871713e-10
-6.1728416e-10
5.9499867e-10
3.0484811e-10
1.4716164e-10
-3.0528362e-10
2.3473649e-10
-6.9951191e-10
3.2858251e-10
9.2820801e-10
-5.6786859e-10
-6.2041927e-10
-8.0305269e-10
8.0819134e-10
-1.3398511e-10
2.3657345e-10
3.2613043e-11
2.5427305e-10
-1.7910373e-10
-2.3959271e-10
1.5265903e-11
1.1087607e-11
7.1120602e-11
1.6693898e-10
3.3951599e-10
2.7749725e-11
-2.7922057e-10
9.6324032e-11
3.3098573e-11
-4.0950308e-10
-1.1054629e-11
4.3388028e-10
5.9171221e-11
-8.7622079e-11
3.5813863e-10
4.4867086e-10
1.4586572e-10
5.1475255e-11
5.3868786e-11
1.3250197e-11
1.767058e-10
3.4981193e-10
1.54945e-10
-1.4912585e-10
-2.0439873e-10
-2.0522217e-10
-3.2217385e-10
-3.2555664e-10
-1.6469339e-10
-1.0293211e-10
-1.2220406e-10
5.0330949e-11
2.9744155e-10
2.1505995e-10
-1.3941183e-10
-2.6541578e-10
-2.0239644e-11
1.9197846e-10
1.1257264e-10
-2.2893898e-11
1.1936312e-11
4.0355824e-11
-1.5146899e-10
-3.8698117e-10
-3.5385914e-10
-1.0380741e-10
1.0135147e-11
-1.5680253e-10
-3.5582522e-10
-3.0851605e-10
-6.3929427e-11
1.0580541e-10
5.3481158e-11
-1.1621527e-10
-2.2106646e-10
-1.9426562e-10
-9.4298722e-11
-7.3440658e-12
1.0497826e-11
-6.1151118e-11
-1.9478184e-10
-3.0649021e-10
-3.0714734e-10
-1.8989465e-10
-5.2799895e-11
-1.3724924e-11
-9.995958e-11
-2.2645898e-10
-2.7496279e-10
-1.8922776e-10
-8.8028488e-12
1.6471396e-10
2.303655e-10
1.459416e-10
-4.2486305e-11
-2.2086008e-10
-2.7966551e-10
-1.9376881e-10
-4.2413616e-11
5.560945e-11
3.826754e-11
-6.0379381e-11
-1.5720542e-10
-2.0070454e-10
-2.0185781e-10
-1.9519769e-10
-1.8664651e-10
-1.4916478e-10
-6.7439816e-11
2.8736194e-11
8.6198839e-11
8.0708223e-11
4.1326291e-11
1.9086999e-11
3.5133764e-11
6.5840776e-11
7.5992582e-11
5.9602753e-11
4.1897684e-11
4.4156421e-11
5.5479657e-11
4.3641131e-11
-6.6369541e-12
-7.2281836e-11
-1.0912578e-10
-8.7227825e-11
-1.0028162e-11
9.2059387e-11
1.787914e-10
2.1420099e-10
1.8255589e-10
1.0439141e-10
3.4633677e-11
2.7886082e-11
9.5084658e-11
1.9424943e-10
2.6670424e-10
2.7842164e-10
2.2614754e-10
1.2179793e-10
-7.4956702e-12
-1.0857725e-10
-1.2366725e-10
-4.8365969e-11
4.3603218e-11
6.104873e-11
-1.5340036e-11
-1.210629e-10
-1.8216502e-10
-1.7740496e-10
-1.2440152e-10
-4.7595717e-11
1.530876e-11
1.1916328e-11
-6.7676556e-11
-1.4651852e-10
-1.274968e-10
-6.1384087e-12
1.2564129e-10
1.8737272e-10
1.7028067e-10
9.4927382e-11
-1.9947725e-11
-1.2978591e-10
-1.7663404e-10
-1.5354163e-10
-1.0050764e-10
-3.412759e-11
4.8420848e-11
1.1124002e-10
1.1518107e-10
8.9461695e-11
8.1455003e-11
8.4078458e-11
8.9731595e-11
1.2439755e-10
1.6637226e-10
1.5945013e-10
1.2505299e-10
1.162429e-10
1.1654654e-10
1.0314528e-10
8.0476888e-11
3.4209689e-11
-2.1321233e-12
3.084345e-11
7.9599664e-11
7.4393576e-11
4.1918287e-11
4.433738e-12
-3.9262846e-11
-5.5242038e-11
2.1163112e-12
7.7015884e-11
7.7858014e-11
6.6774526e-11
5.7634616e-11
3.5582959e-11
-1.0306686e-12
-1.0277823e-10
-1.7784654e-10
-2.0686241e-10
-1.8532638e-10
-5.1833622e-11
9.7493708e-11
9.5316734e-11
1.0743702e-10
1.4633449e-10
1.426249e-10
2.1309789e-10
2.0877011e-10
1.5722396e-10
1.7583938e-10
1.8038963e-10
1.467966e-10
7.8198345e-11
-2.4324569e-10
-5.9605627e-11
-1.1335792e-10
-2.6114443e-10
-1.0325696e-11
2.4210667e-10
2.2421351e-10
2.1163209e-11
1.5992917e-10
2.6490397e-10
-5.7295699e-11
-2.7698287e-10
-3.0803999e-11
4.2968517e-11
-3.1017101e-10
-1.4586627e-10
-4.8996896e-10
3.9769026e-10
7.1166944e-10
6.6650336e-10
-9.9527198e-10
-6.3782759e-10
6.2375167e-10
-1.6097514e-10
-2.3567823e-10
-2.8608021e-10
-3.6268726e-10
-8.5519763e-10
3.8157242e-10
-4.2435854e-10
7.950525e-10
1.0471982e-10
3.9155008e-10
-3.3527801e-11
6.2645128e-10
7.8563319e-10
9.5307305e-10
-7.0239111e-11
-4.1639838e-10
-2.2524831e-10
7.4706678e-10
-2.6668975e-11
-2.2615888e-10
2.7501284e-10
-7.8660378e-11
2.5666417e-10
-8.8971883e-11
-5.3007827e-10
1.0522908e-10
7.6823417e-11
-2.6397316e-10
-7.8353171e-11
-8.0153259e-11
5.9351288e-11
3.4995474e-10
-1.6889413e-12
-2.9856723e-10
5.9783571e-11
1.0391077e-10
-3.0255426e-10
-1.9450154e-10
1.9004049e-10
1.8523115e-11
-2.8040987e-10
-4.9767571e-11
2.4410026e-10
1.1009602e-10
-6.9709978e-11
1.3122054e-11
7.8543484e-11
-2.1995496e-11
-7.9303486e-11
-2.7808984e-11
2.6726096e-11
1.1767269e-10
2.687947e-10
2.8898412e-10
8.4852132e-11
-8.77371e-11
-1.4401134e-12
1.6950791e-10
1.431057e-10
-2.6024217e-11
-9.7229399e-11
-6.4777368e-11
-1.1706173e-10
-2.616555e-10
-2.9306168e-10
-1.4335541e-10
-1.5179368e-11
-8.4440829e-11
-2.4744412e-10
-2.7791444e-10
-1.3352436e-10
1.5166789e-11
2.0918821e-11
-8.6023895e-11
-1.801602e-10
-1.9224043e-10
-1.4165449e-10
-7.4923778e-11
-3.0247684e-11
-4.3624837e-11
-1.3003511e-10
-2.4355675e-10
-2.9474832e-10
-2.3737681e-10
-1.2652112e-10
-6.4662287e-11
-9.3633058e-11
-1.5701418e-10
-1.6770013e-10
-9.308988e-11
2.9063496e-11
1.3294613e-10
1.6591548e-10
1.0464493e-10
-3.4313078e-11
-1.8441146e-10
-2.5221967e-10
-1.8357557e-10
-2.2883084e-11
1.0631973e-10
9.895008e-11
-4.1270672e-11
-2.0817909e-10
-2.9183794e-10
-2.7017562e-10
-2.0776411e-10
-1.733599e-10
-1.6996242e-10
-1.4772214e-10
-7.3506079e-11
2.5348205e-11
8.9495581e-11
9.061368e-11
5.852769e-11
4.5874059e-11
7.4627734e-11
1.2184589e-10
1.5106845e-10
1.4960085e-10
1.301969e-10
1.0433121e-10
6.5048222e-11
5.5712205e-13
-8.0948093e-11
-1.4680399e-10
-1.6205166e-10
-1.1395285e-10
-1.8668476e-11
8.8027373e-11
1.6287894e-10
1.7097522e-10
1.0858049e-10
1.8333908e-11
-3.039413e-11
7.4665474e-12
1.1443308e-10
2.2588534e-10
2.8239852e-10
2.6411041e-10
1.8291227e-10
6.5462131e-11
-4.4986282e-11
-9.0907142e-11
-4.1781137e-11
6.041262e-11
1.2281906e-10
8.9588593e-11
-4.0261552e-12
-7.878619e-11
-9.5817975e-11
-7.1881456e-11
-3.3340646e-11
2.959686e-12
7.4165894e-12
-4.8796814e-11
-1.3744981e-10
-1.7672184e-10
-1.233556e-10
-2.6657741e-11
3.9213424e-11
5.9028658e-11
5.4720277e-11
2.6280125e-11
-2.9670432e-11
-8.1499429e-11
-9.8879637e-11
-9.1096717e-11
-6.4300977e-11
1.7692742e-13
8.2331546e-11
1.1935982e-10
1.0392122e-10
8.9088834e-11
8.9518647e-11
9.3364202e-11
1.3064187e-10
1.9631801e-10
2.0631722e-10
1.5104334e-10
1.1335348e-10
7.9253143e-11
-3.012651e-13
-3.661003e-11
5.3712575e-12
2.1365505e-11
4.1827956e-11
1.2185416e-10
1.3105038e-10
6.2865729e-11
2.0959876e-11
-1.6914784e-11
-1.1729816e-12
4.4912148e-11
2.5309541e-11
3.6276577e-11
1.0196574e-11
-3.1531646e-11
1.194803e-11
-2.8707197e-11
-5.6130668e-11
-1.4517624e-10
-2.0134626e-10
-1.3133051e-10
-8.9247859e-11
-1.6328316e-11
1.306221e-11
5.7168623e-11
9.5092955e-11
1.7802241e-10
1.9418281e-10
1.9209586e-10
1.7243671e-10
1.887404e-10
1.9390735e-10
1.8413333e-10
1.3748838e-10
7.4267582e-11
-9.6087781e-11
8.5520135e-11
-2.2690753e-11
-2.0483329e-10
2.2761942e-10
2.7590527e-10
-9.7319867e-11
-1.9359935e-10
-1.9319734e-10
-2.8514218e-10
-4.4492804e-11
1.5771067e-10
-3.552203e-11
-1.6667028e-10
-1.7532837e-10
6.74457e-10
-6.443528e-10
-8.6324316e-10
-2.7032086e-10
5.1669237e-10
6.2732323e-10
2.9537854e-10
-3.224044e-10
1.0101389e-09
-1.1199434e-09
1.0921266e-10
1.0964742e-09
-2.263892e-10
1.2361615e-10
9.2812146e-11
-5.5673701e-10
2.9155945e-10
9.1081643e-10
3.0260541e-10
-5.740132e-10
-5.5080551e-10
-6.9079797e-10
9.210956e-11
8.1333557e-10
-4.0403378e-10
-6.8140192e-10
-2.2849836e-10
2.2726208e-10
-5.0222095e-10
-5.5909928e-10
4.1054783e-11
-1.7112751e-10
2.1806937e-11
3.2327007e-10
-3.6413641e-11
-8.6574946e-11
6.9823375e-11
-7.1718498e-12
1.8662164e-11
-6.8800844e-11
-1.9694821e-10
1.0276032e-10
1.9081639e-10
-3.2350905e-10
-4.226792e-10
1.0452882e-10
1.4119201e-10
-3.5268955e-10
-3.2785182e-10
1.5606345e-10
1.8818969e-10
-1.5498607e-10
-1.3762126e-10
1.9824121e-10
3.0458582e-10
1.5848798e-10
8.6781136e-11
1.2231784e-10
1.2789981e-10
1.2809026e-10
1.6674569e-10
1.6143631e-10
9.1635288e-11
6.7385496e-11
1.0703914e-10
7.7963696e-11
-6.8222825e-11
-2.074547e-10
-2.5041922e-10
-2.5893661e-10
-2.8394508e-10
-2.5329617e-10
-1.2015057e-10
3.7263233e-12
-1.798369e-11
-1.4947811e-10
-2.3112865e-10
-1.918131e-10
-1.1594066e-10
-1.0248598e-10
-1.4238157e-10
-1.6560549e-10
-1.4761834e-10
-1.1926194e-10
-1.0158616e-10
-8.6313206e-11
-7.9000947e-11
-1.1005756e-10
-1.8270113e-10
-2.4179283e-10
-2.3115843e-10
-1.6891376e-10
-1.2889568e-10
-1.4676995e-10
-1.7279799e-10
-1.3538239e-10
-2.9534699e-11
7.8957335e-11
1.2649977e-10
1.0343786e-10
3.4829911e-11
-5.8626e-11
-1.5700489e-10
-2.1378037e-10
-1.7051317e-10
-2.3104226e-11
1.3764313e-10
1.8037292e-10
4.8717064e-11
-1.7638445e-10
-3.4059287e-10
-3.491855e-10
-2.4099261e-10
-1.3427157e-10
-1.0669689e-10
-1.3305496e-10
-1.3268124e-10
-6.4720663e-11
3.3101006e-11
9.25029e-11
8.9057668e-11
6.0937353e-11
6.2581227e-11
1.0901685e-10
1.6893853e-10
2.0238654e-10
1.9594039e-10
1.6081136e-10
1.086153e-10
3.9612119e-11
-4.4375351e-11
-1.2548513e-10
-1.7399826e-10
-1.6796471e-10
-1.0733731e-10
-1.3184413e-11
7.8426565e-11
1.2641e-10
1.0433775e-10
2.6267184e-11
-4.9763279e-11
-5.9467165e-11
1.4128931e-11
1.2547826e-10
2.0768333e-10
2.249729e-10
1.8341169e-10
1.0626786e-10
2.1037541e-11
-3.3004005e-11
-1.6179634e-11
6.7767121e-11
1.5333622e-10
1.6894009e-10
1.1135462e-10
4.3008991e-11
1.3279573e-11
1.2398546e-11
1.0687249e-11
5.3787169e-12
1.0380183e-12
-2.3811411e-11
-8.5432861e-11
-1.4927514e-10
-1.643339e-10
-1.3408831e-10
-1.0423681e-10
-8.6782281e-11
-5.4191011e-11
-8.3265957e-12
1.0236672e-11
-1.035317e-11
-3.8419706e-11
-5.2789205e-11
-4.9224027e-11
-7.7450341e-12
7.0228029e-11
1.2151419e-10
1.0460188e-10
7.1885546e-11
7.6391983e-11
9.8694349e-11
1.3405549e-10
2.0737975e-10
2.5964866e-10
2.0750654e-10
1.0495273e-10
4.0689566e-11
-2.1615605e-11
-1.001761e-10
-1.0045567e-10
-1.7250086e-11
5.3030916e-11
1.0435188e-10
1.3250459e-10
9.0645755e-11
5.9232539e-11
7.1445192e-11
5.7463001e-11
7.5727144e-11
6.0973664e-11
-4.4577223e-11
-4.895353e-11
-2.4868092e-11
6.3501112e-12
3.7726419e-11
-7.6309283e-11
-1.301442e-10
-1.9546422e-10
-1.72069e-10
-1.1841795e-10
-5.4582874e-11
3.0450433e-11
4.0348523e-11
1.3220911e-10
1.3287705e-10
2.0647054e-10
8.9072873e-11
7.7684911e-11
1.5486627e-10
2.2283018e-10
2.2062126e-10
1.6263486e-10
9.1214121e-11
6.2966641e-11
-1.210645e-10
-3.4533478e-10
-1.3776093e-10
2.0793491e-10
1.8878361e-10
-1.878856e-10
-1.2114453e-10
1.1899862e-10
-2.4917906e-10
-2.6924605e-10
1.3185176e-10
-9.0455922e-11
-1.7904324e-10
2.8037948e-10
-1.3077972e-10
-1.0964946e-09
1.1850335e-09
1.0659242e-09
5.0772528e-10
-4.3512531e-10
-6.7094127e-10
6.4217339e-11
4.0188322e-10
6.1663088e-10
1.8574341e-11
-6.0011127e-11
6.5371257e-11
5.7994377e-10
-3.6289572e-10
7.9399909e-10
-8.263981e-10
-2.9766405e-10
2.7426e-11
1.0858396e-09
-5.6160022e-10
6.9306951e-10
9.533969e-10
-3.3966756e-10
-3.9256534e-10
4.8942829e-11
-6.2297092e-11
4.3116014e-11
-3.105586e-10
2.0421166e-10
7.6760836e-10
-1.1238453e-10
-1.8745521e-10
3.1047439e-10
-1.4530839e-10
-6.5550161e-11
6.5830544e-10
5.535834e-10
1.3631842e-10
1.3027234e-10
1.2226896e-10
8.8516307e-11
6.7265216e-11
-2.2523944e-10
-3.6755504e-10
1.2104612e-11
1.5371346e-10
-3.1146183e-10
-4.7364145e-10
1.8737919e-11
2.8205205e-10
-2.1493666e-11
-1.5540421e-10
1.7663752e-10
3.9430811e-10
2.1489745e-10
3.1423195e-11
8.3849543e-11
1.5667886e-10
1.1864779e-10
1.1557529e-10
2.042594e-10
2.3836721e-10
1.4649488e-10
2.77674e-11
-4.0497251e-11
-9.2112953e-11
-1.6527203e-10
-2.4333592e-10
-2.987438e-10
-3.014548e-10
-2.0648971e-10
-2.0380336e-11
1.4145213e-10
1.5193713e-10
2.1415603e-11
-1.1859549e-10
-1.7775878e-10
-1.8528033e-10
-1.9742357e-10
-2.0014852e-10
-1.4924938e-10
-6.2376525e-11
-1.0881116e-11
-2.6412676e-11
-6.6477565e-11
-8.4220864e-11
-9.0957296e-11
-1.2074662e-10
-1.6241335e-10
-1.716846e-10
-1.455145e-10
-1.3878109e-10
-1.8429761e-10
-2.2967368e-10
-1.9036573e-10
-5.8279228e-11
7.501463e-11
1.1372379e-10
5.2167997e-11
-3.9802012e-11
-1.0545751e-10
-1.4476087e-10
-1.6916023e-10
-1.5075088e-10
-4.864235e-11
1.1190209e-10
2.1756283e-10
1.5587623e-10
-6.6584833e-11
-3.0596189e-10
-3.9827432e-10
-3.0166171e-10
-1.247065e-10
-1.5982859e-11
-2.9485218e-11
-9.5814999e-11
-1.1187126e-10
-4.6647568e-11
4.3462138e-11
8.8004227e-11
7.5941862e-11
5.5779172e-11
7.5499498e-11
1.3402038e-10
1.9026018e-10
2.0772747e-10
1.824588e-10
1.320223e-10
7.0414919e-11
8.3653994e-13
-7.1200094e-11
-1.2946375e-10
-1.5446112e-10
-1.3667634e-10
-8.1574573e-11
-7.7758115e-12
5.5171023e-11
7.4562707e-11
3.683571e-11
-3.1589011e-11
-7.4891784e-11
-5.3811396e-11
1.7535035e-11
8.6536309e-11
1.1417865e-10
1.0301611e-10
7.5939691e-11
4.6341158e-11
2.3048833e-11
2.8754646e-11
8.3013984e-11
1.6355056e-10
2.1279906e-10
1.9956389e-10
1.5525383e-10
1.268304e-10
1.1415563e-10
8.4314612e-11
3.5101801e-11
1.7040321e-13
-1.1068397e-11
-3.1603277e-11
-8.0747319e-11
-1.3266511e-10
-1.629589e-10
-1.8277047e-10
-1.9580848e-10
-1.704641e-10
-9.6175827e-11
-2.3882975e-11
-1.678427e-12
-1.3062043e-11
-1.8855627e-11
-8.2917917e-12
2.4115702e-11
8.2903357e-11
1.2546524e-10
1.0125405e-10
4.7778047e-11
4.6242903e-11
9.7874868e-11
1.5552877e-10
2.1567472e-10
2.6389811e-10
2.4058663e-10
1.4898119e-10
5.2282291e-11
-3.6853159e-11
-1.1538581e-10
-1.4571066e-10
-1.2827147e-10
-6.8290925e-11
3.9125549e-11
1.1843998e-10
1.1982003e-10
1.0949823e-10
1.2345627e-10
1.2736786e-10
8.4131934e-11
1.6574216e-11
-2.5445008e-11
-5.0784938e-11
-1.4035552e-11
6.0498875e-11
5.27413e-11
-3.1285495e-11
-1.6500974e-10
-2.4316356e-10
-1.6575459e-10
-9.9227906e-11
5.5155941e-12
1.8131383e-11
8.5851836e-11
6.8305831e-11
1.4430417e-10
6.9956809e-11
7.6017551e-11
4.8261847e-11
1.0924486e-10
1.5896002e-10
1.7613066e-10
1.7099588e-10
1.783776e-10
1.2959402e-10
2.9436049e-11
-8.8099698e-11
-4.3946741e-10
1.7793586e-11
2.0574991e-10
-2.0778136e-10
-2.3280088e-10
9.3969785e-12
7.2417595e-11
-3.6750394e-11
8.81667e-11
2.7919207e-10
-1.4521486e-10
1.2469748e-10
1.5713743e-10
8.8296586e-10
-2.4945059e-10
-7.4153431e-10
-4.5361881e-10
6.6257124e-10
-5.0084256e-10
4.1471021e-10
1.9682471e-10
6.6956213e-10
-2.4220344e-10
-4.6780165e-10
3.8799155e-10
1.884458e-10
4.8853493e-10
-3.7640027e-11
-2.6939308e-10
1.9803634e-10
5.4070315e-10
3.2508446e-10
-1.7650649e-10
-1.6031443e-10
4.6373689e-10
-1.6613612e-10
-2.7993188e-10
8.3098119e-10
6.2688399e-11
-7.2988505e-11
2.6047581e-10
-1.3972399e-10
4.4105312e-10
1.0330953e-10
-6.8034245e-10
2.4243888e-11
1.443699e-10
-4.0679667e-10
-6.915999e-11
2.8159645e-11
-4.4699683e-10
-2.7218668e-10
1.9979485e-10
1.5012622e-10
-1.3725726e-10
-3.6198183e-10
-4.1736629e-10
-8.7245457e-11
2.8547234e-10
1.6832304e-10
-8.0702186e-11
5.8007474e-11
1.8867139e-10
-7.7979213e-11
-2.2675676e-10
1.3002667e-10
4.6432191e-10
2.9918442e-10
-2.9328734e-11
-8.1871167e-11
2.0880106e-11
2.6944782e-11
3.0781096e-11
1.8009053e-10
3.2072055e-10
2.3485619e-10
-8.597499e-12
-1.6883407e-10
-1.6050074e-10
-1.0361305e-10
-1.2682492e-10
-2.3073907e-10
-3.1143742e-10
-2.5746059e-10
-5.7688007e-11
1.599436e-10
2.3134443e-10
1.1961543e-10
-6.0916034e-11
-1.8800766e-10
-2.4571149e-10
-2.7318398e-10
-2.6398416e-10
-1.8087171e-10
-4.8094136e-11
4.0800711e-11
2.7274988e-11
-4.3525273e-11
-8.6959849e-11
-8.3090132e-11
-7.8201222e-11
-9.8066281e-11
-1.1245528e-10
-9.8571814e-11
-9.6323134e-11
-1.5481493e-10
-2.4213616e-10
-2.5851921e-10
-1.545016e-10
-5.6555549e-12
6.1335451e-11
3.7131951e-12
-1.0144062e-10
-1.5578563e-10
-1.4317017e-10
-1.168457e-10
-1.0497434e-10
-6.6052447e-11
4.3659019e-11
1.7849986e-10
2.1430183e-10
7.0929671e-11
-1.8332033e-10
-3.6890978e-10
-3.5113455e-10
-1.6148544e-10
3.6940422e-11
1.0151692e-10
2.8584377e-11
-6.9455783e-11
-8.8488483e-11
-2.3344692e-11
5.2243749e-11
7.7273684e-11
6.0232408e-11
5.3536676e-11
8.8140516e-11
1.4336048e-10
1.7526686e-10
1.619166e-10
1.1591129e-10
6.2052539e-11
1.308989e-11
-3.0898765e-11
-6.9313804e-11
-9.5473215e-11
-1.0279104e-10
-8.9314892e-11
-5.7076576e-11
-1.3632616e-11
2.2722259e-11
2.8730278e-11
-1.7769613e-12
-4.4242022e-11
-6.2235105e-11
-4.5942459e-11
-2.2170152e-11
-1.9634975e-11
-3.2682469e-11
-3.1379151e-11
-3.3761523e-12
3.4115038e-11
6.7361218e-11
1.0899321e-10
1.7039422e-10
2.2865897e-10
2.4847149e-10
2.3196649e-10
2.1416191e-10
2.0496441e-10
1.7200417e-10
9.8282701e-11
2.3474953e-11
-6.6129765e-12
-5.2419595e-12
-2.123523e-11
-6.8878351e-11
-1.2402973e-10
-1.737785e-10
-2.173382e-10
-2.2851823e-10
-1.7974908e-10
-1.0101232e-10
-5.1967586e-11
-3.7162119e-11
-1.3379985e-11
3.1943771e-11
7.8020185e-11
1.1768448e-10
1.3578027e-10
9.6369551e-11
2.4142795e-11
1.0423291e-11
7.6947448e-11
1.5154955e-10
2.0375761e-10
2.4749935e-10
2.4339088e-10
1.7706674e-10
1.1632314e-10
4.9571103e-11
-8.8609073e-11
-2.055099e-10
-2.0767831e-10
-1.7255952e-10
-9.8185327e-11
5.7231523e-11
1.5243988e-10
1.5650863e-10
1.6346242e-10
1.3064781e-10
9.3080913e-11
5.0584789e-11
-4.0008393e-11
-5.9274969e-12
5.0049609e-11
3.6758939e-11
3.4000496e-11
-1.0945619e-10
-1.6158011e-10
-1.7172001e-10
-1.0010569e-10
-1.0468075e-11
-8.2460983e-12
-4.6892419e-11
1.6424885e-11
8.0152122e-11
1.3063738e-10
1.486443e-10
2.7325719e-12
4.9946564e-11
7.1544601e-11
1.0957235e-10
1.0194655e-10
5.8356797e-11
5.7484118e-11
1.295398e-10
1.5497824e-10
1.0205092e-10
-9.581233e-11
2.168545e-10
2.0069221e-10
-2.0239796e-10
-1.8844581e-10
1.8609703e-10
-1.0743897e-10
-2.052446e-10
1.9382455e-10
2.1524273e-10
1.6568014e-10
5.7963854e-11
2.5985449e-10
-7.4929225e-10
-3.6571137e-10
1.0202278e-09
5.2890219e-10
-1.0460389e-10
-4.0415225e-10
1.9399529e-10
-3.0171535e-10
-5.6464835e-10
3.7580082e-10
5.987711e-11
-7.6664745e-10
8.0878408e-10
2.3851091e-10
-5.7380939e-10
6.833124e-10
1.7496359e-10
-5.4505825e-11
5.7094694e-11
9.2444754e-10
-4.3998853e-10
-2.7959408e-10
-4.0242854e-11
-9.6632169e-11
6.60007e-10
3.7818697e-11
-2.6683771e-10
6.0928676e-10
1.5147486e-10
-4.910475e-11
2.7477043e-10
-2.0060032e-10
-2.3288533e-10
1.2693924e-10
1.2077835e-10
3.2235601e-10
2.2122345e-10
-4.546028e-10
-4.2723496e-10
2.3701047e-10
3.4147514e-10
5.7967344e-11
7.3684926e-12
-8.8739936e-12
-7.329798e-11
5.2140209e-11
2.4135863e-10
3.2259408e-10
3.9778187e-10
3.6683929e-10
4.7652407e-11
-2.3118448e-10
-7.7173836e-11
2.0970623e-10
1.4285159e-10
-1.216746e-10
-1.5673812e-10
-6.5880794e-12
3.3222313e-11
-4.4960375e-12
9.502159e-11
2.5908611e-10
2.2183073e-10
-3.2444701e-11
-2.3266527e-10
-1.9574759e-10
-2.5994117e-11
6.4204842e-11
-7.9198082e-12
-1.5156559e-10
-2.1008924e-10
-1.0122296e-10
1.0043092e-10
2.2026832e-10
1.5528759e-10
-2.5392656e-11
-1.7408928e-10
-2.2383727e-10
-2.0942229e-10
-1.658266e-10
-8.2158138e-11
3.3012452e-11
1.0813819e-10
8.1615502e-11
-1.1329637e-11
-7.1813131e-11
-5.6950174e-11
-2.0785791e-11
-2.6487743e-11
-6.0372452e-11
-6.9072162e-11
-5.5813565e-11
-8.3920195e-11
-1.7678168e-10
-2.5942061e-10
-2.3965741e-10
-1.290192e-10
-4.1637833e-11
-6.4142741e-11
-1.5761709e-10
-2.0873703e-10
-1.6408931e-10
-8.1643802e-11
-4.4436127e-11
-5.178481e-11
-2.4881535e-11
7.8266656e-11
1.833996e-10
1.6161104e-10
-2.4715772e-11
-2.543505e-10
-3.438733e-10
-2.1787395e-10
1.9760703e-11
1.8371749e-10
1.740677e-10
4.8000158e-11
-5.8592761e-11
-6.4807504e-11
4.0276483e-13
5.6814644e-11
6.4423917e-11
5.0170465e-11
5.9524365e-11
9.8790118e-11
1.320321e-10
1.2402548e-10
7.5815164e-11
1.7560016e-11
-2.3097863e-11
-3.9986215e-11
-4.2380968e-11
-4.0426396e-11
-4.0894435e-11
-4.645391e-11
-5.3072822e-11
-4.9336185e-11
-2.8088564e-11
2.1513659e-14
1.2957724e-11
5.8325124e-13
-2.4942652e-11
-4.8293709e-11
-7.3995793e-11
-1.1545035e-10
-1.6164363e-10
-1.7263696e-10
-1.2080412e-10
-2.7022577e-11
6.2176112e-11
1.2640182e-10
1.804388e-10
2.3288538e-10
2.6478804e-10
2.6381191e-10
2.5238685e-10
2.5245892e-10
2.4130589e-10
1.8049681e-10
8.3840284e-11
1.2260365e-11
-4.8702432e-12
-2.9934883e-12
-2.2917879e-11
-6.1700102e-11
-1.028727e-10
-1.4913385e-10
-1.9262645e-10
-1.9940076e-10
-1.6109167e-10
-1.1714964e-10
-8.8551716e-11
-4.3060499e-11
3.5835229e-11
1.0944778e-10
1.4624132e-10
1.496406e-10
1.1121194e-10
3.5323822e-11
-3.3596235e-12
4.9453287e-11
1.2654321e-10
1.5709841e-10
1.801242e-10
2.194008e-10
2.1466024e-10
1.6214721e-10
1.0503027e-10
-7.4640391e-12
-1.9321707e-10
-3.0361022e-10
-2.5992887e-10
-1.5681971e-10
-3.2981448e-11
9.4934787e-11
1.4206027e-10
1.4715047e-10
1.5070536e-10
9.5401897e-11
6.6995013e-11
5.3079465e-11
-8.7465427e-12
3.252333e-11
5.2521287e-11
5.7311351e-12
-2.3778418e-11
-1.0054956e-10
-5.9922459e-11
-5.9752444e-11
-8.6912889e-11
-7.9058807e-11
-1.0391923e-10
-2.7718132e-12
9.8848291e-11
1.8041673e-10
1.497982e-10
1.1862937e-10
2.43484e-11
2.6023339e-11
-1.9658671e-11
-3.4562135e-11
1.6836359e-11
1.482458e-10
1.852093e-10
4.2403369e-11
-9.5513544e-11
-3.357526e-11
-2.3748355e-12
5.6734793e-10
1.1837048e-10
-2.4292092e-10
3.4384864e-11
1.1726402e-10
-2.460151e-10
-4.1067905e-10
1.3545496e-11
2.043773e-10
2.8043905e-11
-3.3153895e-10
-2.2273514e-10
1.5906469e-09
-3.9721703e-10
-5.9862192e-10
-2.1993323e-11
3.8121596e-10
-3.3641639e-10
6.3658449e-11
8.9537931e-10
-1.8173772e-10
6.9368924e-11
-1.0930191e-10
2.3087264e-10
-5.6969987e-10
2.8126165e-10
-2.2610816e-10
4.5717817e-10
-9.5224204e-11
-3.0356391e-10
5.7806029e-10
-3.1269288e-10
-7.5178062e-10
3.8905985e-10
-1.5769578e-11
6.9670156e-10
3.8921061e-10
-1.0415692e-09
-5.0465255e-12
7.5286568e-11
-3.7776729e-10
4.9965814e-10
3.5396031e-10
-9.8744815e-11
2.4449313e-10
2.2252032e-10
1.8023299e-10
2.7382077e-10
-1.8909163e-10
-4.3505705e-10
-1.0771326e-11
7.3607747e-11
-2.3730901e-10
-6.5519917e-11
3.8679006e-10
4.4286902e-10
2.7499374e-10
2.56217e-10
2.9429178e-10
2.5481624e-10
1.4597584e-10
-1.8765123e-11
-1.0758279e-10
1.2112944e-11
1.400155e-10
-2.426439e-12
-2.6321021e-10
-2.8767904e-10
-1.0688903e-10
-2.5595263e-11
-7.8342123e-11
-4.7319482e-11
7.9460308e-11
7.2815545e-11
-1.3082546e-10
-3.0354614e-10
-2.4871905e-10
-3.6518555e-11
1.3166605e-10
1.482227e-10
4.6249599e-11
-6.9662608e-11
-9.7611583e-11
-1.7518051e-11
6.9543186e-11
3.6525616e-11
-1.1768479e-10
-2.5819919e-10
-2.6864708e-10
-1.6314061e-10
-2.9205766e-11
8.1158919e-11
1.585149e-10
1.7870176e-10
1.119538e-10
-6.8410084e-12
-7.7620042e-11
-4.131174e-11
4.4021959e-11
7.1139864e-11
1.4786374e-11
-4.7920677e-11
-5.2075932e-11
-3.3040075e-11
-6.9137646e-11
-1.6235767e-10
-2.273775e-10
-2.0400658e-10
-1.4002472e-10
-1.3058419e-10
-1.9350459e-10
-2.4299391e-10
-1.9634282e-10
-7.9068198e-11
3.5204634e-12
-6.3948072e-12
-4.9280045e-11
-2.2154946e-11
8.7268617e-11
1.6815535e-10
1.028538e-10
-9.230855e-11
-2.5903878e-10
-2.4326364e-10
-4.4460965e-11
1.813304e-10
2.6755495e-10
1.8093458e-10
2.9192312e-11
-5.7630732e-11
-4.1036595e-11
2.0475809e-11
5.642737e-11
5.439058e-11
5.1866961e-11
7.5348442e-11
1.0552595e-10
1.0133599e-10
4.7654259e-11
-2.8329727e-11
-8.3730125e-11
-9.5337222e-11
-6.9798547e-11
-2.9802973e-11
8.5832722e-13
6.3651312e-12
-1.4712998e-11
-4.4273985e-11
-5.4337835e-11
-3.1813648e-11
6.9046268e-12
3.0447116e-11
2.1963163e-11
-1.3444299e-11
-6.8012751e-11
-1.4238065e-10
-2.2593219e-10
-2.7765468e-10
-2.5078292e-10
-1.4273412e-10
-5.144098e-12
1.070829e-10
1.816887e-10
2.3369972e-10
2.633649e-10
2.595903e-10
2.386488e-10
2.3733182e-10
2.5619193e-10
2.4435093e-10
1.6739069e-10
6.2751395e-11
-5.0695038e-12
-2.1890423e-11
-2.0175209e-11
-1.9676943e-11
-1.9948411e-11
-3.5865887e-11
-8.4543874e-11
-1.4040601e-10
-1.5940589e-10
-1.410499e-10
-1.1152044e-10
-6.3869798e-11
1.7746604e-11
9.8989722e-11
1.3477074e-10
1.3321102e-10
1.1401356e-10
6.7847361e-11
1.9002178e-11
2.8793151e-11
8.3029155e-11
1.0801098e-10
1.1482453e-10
1.6366578e-10
2.214684e-10
2.1824559e-10
1.4704463e-10
1.4681269e-11
-1.5090409e-10
-2.6253823e-10
-2.7414722e-10
-2.0787153e-10
-9.4827863e-11
-4.4153819e-13
4.1806523e-11
8.4781815e-11
1.3765482e-10
1.5245948e-10
1.0308462e-10
3.0952805e-11
1.4229445e-11
2.3336559e-11
4.1544092e-11
7.3114732e-11
4.0317477e-11
-1.2158443e-12
-3.3081614e-11
-8.5478471e-11
-4.0026619e-11
-1.3374577e-10
-8.0471483e-11
2.9519496e-12
1.5979124e-10
1.9494578e-10
9.5360898e-11
1.3086633e-11
2.6823082e-11
-6.7637007e-12
6.0727951e-11
3.905568e-11
-3.5867705e-11
-5.9630911e-11
1.1483497e-11
8.2723051e-11
1.3537178e-10
9.0711552e-11
-1.9207134e-11
1.2744454e-10
-1.4748361e-10
-9.9718897e-11
1.2630459e-10
-1.6018787e-10
-4.166273e-10
-7.8652468e-11
-1.6824854e-10
-3.1270777e-10
1.1857055e-10
-2.3204898e-11
2.7092481e-10
-9.0483925e-10
-2.2544819e-10
3.2638086e-10
4.3385019e-11
1.6666463e-10
-2.2362234e-11
-2.6331672e-10
7.6759699e-11
9.0644222e-10
-5.9441213e-11
4.9686747e-10
-1.1507509e-09
4.6415709e-10
5.4496868e-10
-1.1249571e-10
-7.8388919e-10
-4.4466746e-11
1.8856119e-10
-6.8081099e-12
7.3001997e-10
-6.9017634e-10
2.7569123e-10
4.5130437e-10
-6.8957891e-10
-1.0789123e-11
-1.7801868e-10
-1.8132223e-10
1.0548848e-10
-5.1846652e-10
1.2716351e-12
4.2184598e-10
-3.9228291e-10
-3.208052e-10
2.7074521e-10
1.580615e-10
-3.8937252e-11
-1.4015845e-10
-2.1102757e-10
-2.8103461e-12
8.3307686e-11
-1.428316e-10
-1.0409983e-10
2.4344914e-10
3.6235046e-10
2.8986618e-10
3.9342513e-10
5.3817695e-10
4.1935665e-10
1.0741962e-10
-1.5398026e-10
-2.1813167e-10
-8.5360278e-11
4.4725756e-11
-2.2288758e-11
-1.5585554e-10
-1.0143272e-10
6.5617284e-11
6.6797839e-11
-9.598384e-11
-1.6478215e-10
-7.8125814e-11
-4.5596534e-11
-1.6457183e-10
-2.6374489e-10
-1.893047e-10
-1.7861349e-11
1.0008352e-10
1.3528128e-10
1.3059012e-10
9.0638623e-11
1.7232793e-11
-4.0333907e-11
-6.0155965e-11
-1.0661415e-10
-2.3073097e-10
-3.5529202e-10
-3.4218787e-10
-1.5931699e-10
8.2332226e-11
2.5395006e-10
3.0944973e-10
2.6249136e-10
1.3540237e-10
-2.3883237e-11
-1.203246e-10
-7.8175464e-11
6.0642083e-11
1.5579989e-10
1.142996e-10
-8.1514353e-12
-8.1601979e-11
-5.8074334e-11
-1.5211308e-11
-4.1680958e-11
-1.2533203e-10
-1.8355586e-10
-1.7997648e-10
-1.6488594e-10
-1.9228066e-10
-2.3411236e-10
-2.1152219e-10
-1.0355041e-10
1.0055136e-11
3.3963536e-11
-2.8606793e-11
-7.2815527e-11
-1.3628225e-11
1.0749673e-10
1.5685219e-10
5.5504244e-11
-1.2141962e-10
-2.0681068e-10
-1.0478499e-10
1.1258937e-10
2.7361882e-10
2.6600959e-10
1.2693495e-10
-1.3081607e-11
-5.9209114e-11
-2.0630285e-11
3.131334e-11
5.0620472e-11
5.1354065e-11
6.7678045e-11
9.9068947e-11
1.0605404e-10
5.5981773e-11
-3.7856235e-11
-1.2475157e-10
-1.5922483e-10
-1.3191662e-10
-6.7651941e-11
-3.7988343e-12
2.8862974e-11
1.8251506e-11
-2.1612025e-11
-5.5052383e-11
-5.0002361e-11
-7.0283452e-12
3.9064811e-11
5.106993e-11
2.0042099e-11
-4.0362539e-11
-1.1969444e-10
-2.1335894e-10
-2.9737707e-10
-3.2231587e-10
-2.5293007e-10
-1.1053659e-10
4.2150266e-11
1.5738142e-10
2.2718777e-10
2.5522725e-10
2.377914e-10
1.9126072e-10
1.6729794e-10
2.0042771e-10
2.4965075e-10
2.3483543e-10
1.3516609e-10
1.5899233e-11
-5.0858967e-11
-5.2963455e-11
-1.5702734e-11
3.65448e-11
7.0746688e-11
4.6675652e-11
-3.0177328e-11
-9.6704238e-11
-1.0812509e-10
-8.2447377e-11
-4.3955585e-11
1.3535097e-11
7.683082e-11
1.0561119e-10
1.0173711e-10
1.0068661e-10
9.2649917e-11
5.3517745e-11
2.3450981e-11
3.8272517e-11
5.6334554e-11
6.2742695e-11
1.1180779e-10
1.8326354e-10
1.8872749e-10
1.2983162e-10
3.6381627e-11
-1.0610074e-10
-2.0921056e-10
-1.8670517e-10
-1.5597298e-10
-1.6697257e-10
-1.1517245e-10
-4.2052054e-11
2.0645318e-11
1.2156293e-10
1.4933545e-10
9.8778729e-11
3.0637757e-11
-6.9640466e-11
-1.6916798e-11
8.2476077e-11
6.9571563e-11
9.2949759e-11
1.8293361e-11
4.6917351e-11
4.9085359e-11
-9.7485349e-12
-9.3134241e-11
-1.4956406e-12
-3.2214768e-12
1.6890787e-11
7.9439241e-11
8.7778751e-12
8.5045883e-11
1.4432512e-10
1.7514848e-10
-1.1277184e-11
-1.4897184e-10
-1.6633999e-10
-2.1908965e-11
7.8314459e-11
3.690103e-12
-1.5109893e-10
-8.11061e-11
1.1426407e-10
8.3618032e-11
9.1539115e-11
-6.0812307e-10
-2.663473e-10
5.9039603e-11
-2.9608206e-10
-5.8920302e-10
3.8075537e-11
2.1567452e-10
9.2425025e-12
-2.8264265e-10
-1.255484e-09
2.5253659e-10
5.1446834e-10
-5.9778426e-11
-3.7369055e-10
-2.7725586e-10
1.9523621e-10
6.6933162e-10
-4.3532308e-10
-1.0073764e-09
5.3141969e-10
-5.1354982e-10
6.5341046e-10
1.5883054e-10
-3.0912263e-10
-9.0109663e-10
-5.3231279e-10
-3.170479e-10
3.6512905e-10
-8.7995466e-12
1.1801034e-10
-1.0418567e-10
4.6953625e-10
2.4886266e-10
-6.7387633e-10
2.215809e-10
4.2778679e-12
-4.8348655e-10
2.6090621e-11
9.5919346e-12
2.3875472e-10
4.7181943e-10
-7.1455842e-11
-1.8590347e-10
2.4562402e-10
3.0922159e-10
2.5017757e-10
2.8373573e-10
1.4482007e-10
-1.015191e-11
-1.3800823e-11
8.3274301e-11
3.2581956e-10
5.3214212e-10
3.9209865e-10
1.0254178e-10
6.1703208e-11
1.8036926e-10
1.5276764e-10
5.4598185e-12
-5.816288e-11
-4.271165e-12
6.5226667e-11
4.7674697e-11
-7.0137295e-11
-1.2257365e-10
5.5475625e-11
3.0013633e-10
2.7650682e-10
-1.1652336e-11
-2.1947902e-10
-1.9030545e-10
-1.2530763e-10
-1.7320286e-10
-1.9770459e-10
-7.0575001e-11
8.1162339e-11
9.1876606e-11
2.4546491e-11
3.9736594e-11
1.2483224e-10
1.335302e-10
2.6567454e-11
-9.6462367e-11
-1.8051253e-10
-2.7317814e-10
-3.7861822e-10
-3.8392337e-10
-1.9871277e-10
1.0279704e-10
3.4541502e-10
4.2126976e-10
3.4634353e-10
1.8689176e-10
4.52895e-12
-1.2413868e-10
-1.1600032e-10
3.3034074e-11
1.9906118e-10
2.274197e-10
9.3989946e-11
-6.7380236e-11
-1.139424e-10
-4.5528897e-11
1.9854153e-11
-4.187825e-12
-8.5498645e-11
-1.408563e-10
-1.4624729e-10
-1.4552172e-10
-1.6663083e-10
-1.7241619e-10
-1.150692e-10
-1.6692474e-11
3.9147774e-11
4.993017e-12
-6.4213997e-11
-6.4558071e-11
3.505545e-11
1.4514118e-10
1.4501542e-10
1.7952034e-11
-1.17835e-10
-1.2194366e-10
2.6885828e-11
2.0783009e-10
2.746701e-10
1.8805141e-10
3.6901099e-11
-6.0213069e-11
-6.0419014e-11
-9.7587892e-12
2.8853307e-11
4.1970573e-11
5.9041188e-11
9.6169665e-11
1.2374632e-10
9.5303498e-11
9.1618374e-13
-1.1497927e-10
-1.8843371e-10
-1.8597065e-10
-1.223309e-10
-4.1921545e-11
1.209329e-11
1.8478178e-11
-1.451937e-11
-5.263994e-11
-5.7049493e-11
-1.6581849e-11
3.8386247e-11
6.1174799e-11
3.2213703e-11
-2.9146401e-11
-9.6060742e-11
-1.6473458e-10
-2.4021428e-10
-2.9952109e-10
-2.9363651e-10
-1.9744183e-10
-4.3406188e-11
1.0566877e-10
2.0588949e-10
2.4256561e-10
2.1324194e-10
1.3647416e-10
7.2781785e-11
8.9651736e-11
1.7901128e-10
2.4265025e-10
1.9378545e-10
5.682472e-11
-6.4066222e-11
-9.580085e-11
-4.336908e-11
4.9331393e-11
1.3106491e-10
1.4965813e-10
8.995789e-11
8.6911448e-12
-2.2209643e-11
-1.6487718e-12
2.262128e-11
3.8604749e-11
6.1557941e-11
7.7404736e-11
7.3367099e-11
7.7745075e-11
9.4699911e-11
7.6598226e-11
2.7665737e-11
1.6753203e-11
4.5858333e-11
5.9410005e-11
7.6753067e-11
1.2723534e-10
1.3387079e-10
5.6621219e-11
-1.4466927e-11
-5.2385504e-11
-1.1292079e-10
-1.464675e-10
-1.2153645e-10
-1.4127652e-10
-1.8010753e-10
-1.173436e-10
-1.0750709e-11
7.0573719e-11
9.7232723e-11
5.3074808e-12
-6.1376627e-11
-3.2401792e-11
-1.8399572e-11
7.2024125e-11
1.1031734e-10
4.8653782e-11
5.6128377e-11
4.423243e-11
1.1243612e-10
1.2907146e-10
7.9480585e-11
-3.0032173e-11
-8.9195817e-11
3.9542659e-11
2.3402998e-11
1.4738728e-10
6.5267607e-11
7.1689915e-11
-3.4498218e-12
2.1032597e-11
-5.5234375e-11
-1.6363398e-11
-3.8609418e-12
-8.8289655e-11
-1.9092032e-10
-9.1343935e-11
2.5998837e-11
-7.5405197e-11
-1.4975738e-10
-3.9813856e-11
-9.1717787e-11
-3.1500537e-11
-4.0258302e-10
-3.9731129e-10
9.9823123e-11
-1.8166189e-10
-2.6455035e-10
-6.7422251e-11
-1.0176059e-10
2.4835271e-11
-6.9160572e-12
-4.0836749e-10
2.6574421e-11
2.5331257e-10
4.9812187e-10
-2.0702607e-11
-1.2389445e-09
1.3625154e-09
2.1909123e-09
-1.5336567e-09
-4.5078109e-10
3.7686994e-10
-4.1800799e-10
4.2571869e-10
-8.0424804e-10
9.6901326e-10
-5.5035462e-10
-4.9254734e-10
-9.4146569e-11
-3.0173062e-10
-2.0470485e-10
-7.491396e-10
7.0133954e-11
-5.5444592e-10
-2.1350721e-10
6.5413691e-10
-3.568879e-10
-8.787636e-11
3.7753045e-10
-4.7777745e-11
-2.1851372e-11
-2.2737282e-10
-4.8585324e-10
-3.2360322e-10
-4.3203791e-10
-4.4927966e-10
3.6799598e-11
3.2162481e-10
1.2357113e-10
-7.4279101e-11
3.3994138e-11
2.8193687e-10
3.1238306e-10
7.9007368e-11
-2.2592665e-11
1.7154575e-10
2.5796099e-10
-1.7437959e-11
-3.2666107e-10
-3.3285725e-10
-1.2212385e-10
6.7049121e-11
1.1636236e-10
3.7563544e-11
-1.3798374e-11
1.342359e-10
3.6481975e-10
3.3686384e-10
-5.6996096e-12
-2.9816482e-10
-2.8491902e-10
-1.5595699e-10
-1.5926072e-10
-2.0030309e-10
-8.6011719e-11
7.7938188e-11
4.747157e-11
-1.3902944e-10
-2.0412573e-10
-5.7775427e-11
8.3060213e-11
3.3398244e-11
-1.242189e-10
-2.2271496e-10
-2.5519329e-10
-3.0626703e-10
-3.4713267e-10
-2.5341194e-10
-6.0530408e-12
2.4624252e-10
3.4911389e-10
2.9018497e-10
1.5704313e-10
1.8675476e-11
-9.1564307e-11
-1.2200874e-10
-2.2102906e-11
1.6380481e-10
2.8484682e-10
2.2364852e-10
3.2266532e-11
-1.1439697e-10
-1.0504192e-10
1.9527147e-12
6.6961026e-11
3.0248568e-11
-4.6615472e-11
-8.1480006e-11
-6.7787049e-11
-5.5332268e-11
-6.6372226e-11
-6.7378318e-11
-2.8970456e-11
2.0670779e-11
2.5815802e-11
-1.8596128e-11
-4.6206587e-11
6.4421934e-12
1.1474358e-10
1.766956e-10
1.2038889e-10
-9.9168164e-12
-8.7681659e-11
-2.9874238e-11
1.1702561e-10
2.2248955e-10
1.9607286e-10
6.7025528e-11
-5.732757e-11
-9.7928232e-11
-6.2856239e-11
-1.2565573e-11
1.6028713e-11
3.7889302e-11
7.9991907e-11
1.2995823e-10
1.3750599e-10
6.7441534e-11
-5.6480308e-11
-1.6494778e-10
-1.9946473e-10
-1.5548856e-10
-7.6840425e-11
-1.7377603e-11
-5.9186962e-12
-3.4998977e-11
-6.9871129e-11
-7.1352435e-11
-2.5507603e-11
3.8589251e-11
6.7745429e-11
3.2774279e-11
-4.2008768e-11
-1.0617491e-10
-1.3906686e-10
-1.6564657e-10
-2.0899784e-10
-2.437106e-10
-2.1521824e-10
-1.0375924e-10
4.7916479e-11
1.7243964e-10
2.2488188e-10
1.9294766e-10
9.4852507e-11
-9.2818127e-12
-3.4451844e-11
5.1707458e-11
1.7081734e-10
1.9626021e-10
8.9858057e-11
-5.5847414e-11
-1.2294382e-10
-7.87943e-11
2.851322e-11
1.3504902e-10
1.9038808e-10
1.719294e-10
1.1387088e-10
8.5514844e-11
1.0530022e-10
1.2187798e-10
1.0484326e-10
8.6747398e-11
8.7774883e-11
8.3086814e-11
6.9380997e-11
6.8194773e-11
5.8609721e-11
1.8669287e-11
2.1958664e-12
4.721285e-11
8.6821002e-11
7.2683086e-11
5.4197294e-11
4.6702401e-11
7.0187347e-12
-4.3522832e-11
-6.1342919e-11
-7.0208091e-11
-9.0781116e-11
-1.1180871e-10
-1.2848704e-10
-1.2040503e-10
-7.6298554e-11
-2.240983e-11
1.5856135e-11
5.6809522e-12
-5.5665393e-11
-1.0250824e-10
-7.4846154e-11
9.8988671e-12
3.5572485e-11
-1.7859977e-11
-3.5642252e-11
1.4360394e-12
1.1124959e-10
2.410411e-10
1.9028309e-10
1.630904e-10
-4.3520561e-12
9.8553974e-11
6.4561496e-11
8.6855448e-11
-4.5830704e-11
5.9124865e-11
-2.3974118e-12
1.0178857e-10
1.527883e-11
-4.2397317e-12
-8.9043757e-11
-6.7646787e-11
-8.0907821e-11
-8.7648171e-11
-1.1069425e-10
-8.5430722e-11
1.5171846e-11
8.3216326e-12
-8.7957288e-11
-6.8252326e-11
-2.1495612e-10
2.4853277e-10
-1.8077784e-10
-4.5248434e-10
2.9383379e-10
1.3893905e-10
-4.4909331e-10
-3.2949913e-10
3.5196328e-10
5.3091347e-11
9.4289905e-11
-4.0836376e-10
1.2091002e-10
-6.3034599e-10
-1.1113291e-10
-1.2453083e-11
-2.1857852e-09
-2.7597527e-09
2.9900663e-09
1.8931328e-10
-1.7247686e-09
-8.4329175e-11
4.6608727e-10
-3.0692653e-10
-1.6691331e-10
2.8388139e-10
-2.235245e-10
4.4618015e-10
2.9106235e-10
-1.3174563e-10
-2.4215686e-10
-2.3491141e-10
5.0641316e-10
4.0510207e-10
2.7984719e-10
8.9050748e-11
-1.55977e-10
2.9801859e-10
2.4608721e-10
-1.4108868e-10
1.2921962e-10
3.7119438e-10
9.0749519e-11
-3.0151245e-10
-3.2693515e-10
-1.5042215e-11
1.1678942e-10
-2.3131964e-11
-3.7575235e-11
2.5190949e-10
5.5385763e-10
3.5555456e-10
-3.2372704e-10
-6.8184508e-10
-2.8320437e-10
2.1922148e-10
1.8589948e-10
-7.2269007e-11
-5.6881941e-11
1.1300116e-10
1.5162287e-10
1.0553946e-10
9.1156827e-11
1.1226448e-10
2.2085092e-10
4.0508709e-10
4.1661519e-10
1.1033414e-10
-2.1829185e-10
-2.1343986e-10
1.0767917e-11
8.8642362e-11
-1.1374704e-11
-1.6312985e-11
1.2148522e-10
1.3436156e-10
-8.3888404e-11
-2.6800667e-10
-1.8664442e-10
1.0934325e-11
4.1139757e-11
-1.0235335e-10
-1.9596757e-10
-1.4781913e-10
-9.1637898e-11
-1.2792198e-10
-1.6326795e-10
-7.5477024e-11
8.6218684e-11
1.6841766e-10
1.1886991e-10
2.6916303e-11
-2.3713403e-11
-4.5338594e-11
-6.6658639e-11
-4.4054582e-11
7.6774861e-11
2.3825685e-10
2.9310028e-10
1.7034367e-10
-2.4362436e-11
-1.1700021e-10
-5.2031349e-11
6.4122439e-11
1.0186662e-10
4.8225222e-11
-8.6032824e-12
-2.9940549e-12
3.9676282e-11
5.5749632e-11
3.0303676e-11
4.2164534e-12
1.0259919e-11
3.0290056e-11
3.0407496e-11
1.7420523e-11
3.6445264e-11
1.0639239e-10
1.7715601e-10
1.7327384e-10
8.0830612e-11
-2.303155e-11
-4.1265185e-11
4.3044214e-11
1.4554433e-10
1.6262512e-10
7.0383234e-11
-5.8829859e-11
-1.3291532e-10
-1.2291995e-10
-7.057262e-11
-2.6892278e-11
2.3427885e-12
4.5087161e-11
1.0876695e-10
1.5298283e-10
1.2492656e-10
1.9502594e-11
-1.0469041e-10
-1.7209227e-10
-1.5308064e-10
-8.3060478e-11
-2.5816148e-11
-2.1285644e-11
-6.1951267e-11
-1.0521303e-10
-1.0578506e-10
-4.8595993e-11
3.4270089e-11
7.9758054e-11
4.3757809e-11
-5.4201033e-11
-1.4216873e-10
-1.6459703e-10
-1.3711621e-10
-1.2064128e-10
-1.4179699e-10
-1.572397e-10
-1.0637733e-10
1.3595214e-11
1.4063669e-10
2.0553798e-10
1.787934e-10
7.5158799e-11
-5.2902776e-11
-1.247963e-10
-8.2057565e-11
4.0972409e-11
1.2415453e-10
8.0143298e-11
-4.6388062e-11
-1.3104174e-10
-1.0611795e-10
-6.8378907e-12
9.9127608e-11
1.7290749e-10
2.0083675e-10
1.9193613e-10
1.8393189e-10
2.0002758e-10
2.0730621e-10
1.7335968e-10
1.3477573e-10
1.3668861e-10
1.4711139e-10
1.1606612e-10
6.417999e-11
2.9435807e-11
7.4547092e-12
1.0054841e-11
6.3872491e-11
1.1264318e-10
7.8024247e-11
4.895973e-12
-2.9384302e-11
-4.7614069e-11
-6.8384924e-11
-7.256309e-11
-1.0279934e-10
-1.5007158e-10
-1.2420363e-10
-7.3083556e-11
-6.2672464e-11
-2.1532417e-11
6.0796468e-12
-4.3578279e-11
-7.3967006e-11
-1.0367621e-10
-1.2369359e-10
-7.1487035e-11
-8.5478701e-11
-9.4155749e-11
-7.6738746e-11
-1.0608173e-10
5.1282009e-11
1.7344577e-10
2.4959691e-10
2.0338172e-10
1.4829808e-10
1.339204e-10
1.4564236e-10
2.4901249e-10
9.4151391e-11
4.1407706e-11
-1.0092828e-10
4.9512932e-11
4.3019103e-11
5.4938649e-11
-1.187359e-10
-5.3789184e-11
-2.1779092e-11
-4.1810752e-11
-1.9494886e-10
-2.1092368e-10
-6.3938504e-11
-8.6231415e-11
-2.1188342e-10
-8.8063451e-11
4.8814922e-11
-3.597243e-11
-2.4327547e-10
-3.7350244e-10
2.5155715e-10
-1.1710815e-10
-5.4286488e-10
1.0750598e-10
2.4159857e-10
-3.8859829e-10
-1.6150743e-10
-8.8843788e-10
3.123281e-10
1.0895209e-11
-7.3477766e-11
-3.3590442e-11
-3.4546294e-10
4.124554e-09
9.6406025e-10
-5.9261216e-09
2.8486637e-09
-6.5839215e-10
4.144703e-10
2.0637215e-10
1.523843e-10
-1.247571e-09
1.0164902e-09
3.4717727e-10
-2.6422231e-10
1.2371521e-09
3.9134136e-10
2.3614342e-11
1.3630547e-10
1.8074338e-10
2.3041858e-10
1.0156981e-10
-1.1542426e-10
-8.4747754e-12
-4.304622e-11
-1.166973e-10
-3.387165e-11
-8.5617381e-11
-3.3647846e-11
-9.0602255e-11
-4.2213574e-10
-3.4259376e-10
1.85278e-10
3.6396716e-10
8.1891521e-11
-1.374863e-10
-2.4853126e-11
3.0057734e-10
3.917528e-10
-5.8283071e-11
-5.4108158e-10
-4.2250791e-10
-6.1926343e-11
-1.1118326e-10
-3.13076e-10
-1.0358807e-10
3.1104503e-10
4.2081916e-10
2.8429455e-10
2.1534269e-10
2.0235081e-10
1.4780754e-10
1.442154e-10
1.7349704e-10
3.5391265e-11
-2.115788e-10
-2.2596813e-10
4.4123457e-11
2.2035596e-10
8.6416056e-11
-9.4506416e-11
-5.2768947e-11
6.0194301e-11
-2.1355149e-11
-2.1284055e-10
-2.3380204e-10
-7.9919677e-11
-1.8179526e-11
-1.4816551e-10
-2.5244023e-10
-1.468982e-10
4.526717e-11
9.2715638e-11
-1.8175577e-11
-1.0993757e-10
-9.4871287e-11
-6.9310457e-11
-1.2306053e-10
-1.9097794e-10
-1.6201332e-10
-5.4011066e-11
1.549804e-11
7.8194338e-12
1.8637987e-11
1.2686936e-10
2.5959549e-10
2.7008333e-10
1.2913974e-10
-2.6721515e-11
-5.1990466e-11
4.687735e-11
1.3940256e-10
1.3400362e-10
6.9566155e-11
4.2796254e-11
8.4018828e-11
1.3371278e-10
1.2851296e-10
7.6400679e-11
3.6672957e-11
4.3699838e-11
7.6410478e-11
9.9617899e-11
1.1263106e-10
1.395806e-10
1.8008877e-10
1.9256687e-10
1.410034e-10
4.8979502e-11
-1.0879069e-11
9.958611e-12
8.0258295e-11
1.1454572e-10
5.817261e-11
-5.9826558e-11
-1.5721522e-10
-1.7777828e-10
-1.3494835e-10
-7.9989995e-11
-4.0247272e-11
8.887725e-13
6.4835365e-11
1.3161634e-10
1.4653681e-10
7.7933333e-11
-3.9993194e-11
-1.2799283e-10
-1.3129083e-10
-6.6970814e-11
-4.1617819e-12
-1.7148851e-12
-6.0446296e-11
-1.2958636e-10
-1.4807132e-10
-9.0566342e-11
1.2471957e-11
8.8614726e-11
7.272993e-11
-3.6436691e-11
-1.6404452e-10
-2.1835829e-10
-1.749147e-10
-9.6279373e-11
-5.8624896e-11
-6.6628877e-11
-5.7044394e-11
1.6071836e-11
1.2246817e-10
1.8879504e-10
1.6977503e-10
7.4539091e-11
-5.2895184e-11
-1.5244508e-10
-1.6763982e-10
-9.1820948e-11
9.1978077e-13
1.5262412e-11
-5.9043029e-11
-1.3241772e-10
-1.2405049e-10
-4.6431737e-11
3.9978554e-11
1.1077476e-10
1.7401794e-10
2.2670771e-10
2.5996808e-10
2.7762375e-10
2.72965e-10
2.320791e-10
1.8636247e-10
1.8997252e-10
2.1874124e-10
1.8670639e-10
8.877784e-11
1.2780257e-11
1.9180322e-12
3.0035284e-11
8.2084162e-11
1.2492316e-10
8.6625679e-11
-1.0160002e-11
-4.9985354e-11
-3.6613696e-11
-7.1059955e-11
-1.3355473e-10
-1.6220099e-10
-1.8624238e-10
-1.681057e-10
-5.1324204e-11
3.2149613e-11
9.8361801e-12
-6.3383742e-12
-2.4987886e-11
-6.8720894e-11
-7.6236985e-11
-1.2472322e-10
-1.6472261e-10
-1.2235316e-10
-1.4881702e-10
-1.197012e-10
-3.9478365e-11
-2.8157695e-11
5.5951528e-11
7.2201154e-11
1.5275299e-10
1.8903892e-10
2.9250015e-10
3.6395408e-10
2.0245813e-10
1.6066472e-10
4.8992008e-11
5.6429637e-11
3.9581469e-11
4.2455864e-11
-1.2887256e-10
-8.6191342e-11
-3.4486769e-11
7.4361193e-11
-9.9149947e-11
-1.9873253e-10
-1.0971994e-10
-7.6886651e-11
-1.7230461e-10
-2.2428341e-10
-2.2226864e-10
-1.2907639e-10
-3.3185462e-11
-3.4007049e-11
-5.2767506e-11
-6.1293591e-10
-1.2258739e-11
2.0559543e-10
-5.1025975e-10
-4.0046828e-10
-6.7460405e-11
-1.7629897e-10
-7.3597568e-11
-5.8081107e-11
4.3869317e-11
4.4909703e-12
4.1251074e-12
4.0206202e-22
-5.2710788e-20
-1.4548258e-19
5.5646419e-19
-1.3364282e-11
1.1950404e-10
-1.0239473e-10
8.2788315e-11
-7.7772631e-11
1.7577625e-10
-7.5665748e-10
-2.9501709e-10
-1.2445168e-09
4.2918731e-10
-2.0969124e-10
-6.1518912e-10
1.5815898e-10
4.3594331e-10
1.3598389e-10
-6.0918685e-10
-4.282789e-10
-3.1096844e-10
-4.9541647e-10
-3.3482409e-10
6.0389402e-11
3.5127161e-10
3.5708017e-10
1.1339595e-10
-1.5314665e-10
-8.1490441e-11
1.4600731e-10
6.4910504e-11
-3.7306647e-11
4.7576886e-11
-7.3584278e-11
-2.7427769e-10
-2.0202102e-10
-1.8870073e-10
-3.6900656e-10
-2.2693126e-10
1.8558384e-10
1.8657876e-10
-1.5173292e-10
-1.2299414e-10
2.5059722e-10
3.6498068e-10
2.0254883e-10
1.9504198e-10
3.129977e-10
2.2732963e-10
9.6905231e-12
-6.1219265e-11
-5.0843753e-11
-1.4018598e-10
-1.7021077e-10
6.1966351e-11
3.2182694e-10
2.426051e-10
-7.6300505e-11
-2.1941938e-10
-8.8503082e-11
2.590006e-11
-3.3094554e-11
-8.5673585e-11
-6.2661399e-13
5.6589391e-11
-7.4519786e-11
-2.3775514e-10
-1.7150135e-10
9.1250598e-11
2.5398844e-10
1.5305795e-10
-6.6723998e-11
-2.009514e-10
-2.4407647e-10
-3.0681848e-10
-3.8335343e-10
-3.4640153e-10
-1.5885402e-10
3.4178669e-11
8.1312787e-11
1.8651096e-11
1.1429697e-11
1.270651e-10
2.487964e-10
2.3573517e-10
1.071897e-10
1.4763619e-11
5.4332898e-11
1.6172588e-10
2.084466e-10
1.5717693e-10
8.7364026e-11
8.2044964e-11
1.3128298e-10
1.6009295e-10
1.2924208e-10
7.8284971e-11
7.0318423e-11
1.1755784e-10
1.7572856e-10
2.0256039e-10
2.0036666e-10
1.9589929e-10
1.9400383e-10
1.7017603e-10
1.1145339e-10
4.6725877e-11
2.2553665e-11
4.7724286e-11
7.4071991e-11
4.2534327e-11
-5.4643231e-11
-1.6186955e-10
-2.1332364e-10
-1.9167159e-10
-1.3371239e-10
-8.1280735e-11
-3.8548765e-11
1.6572925e-11
8.5992505e-11
1.2917269e-10
9.9901912e-11
3.3260718e-12
-9.3572427e-11
-1.1786788e-10
-5.8930565e-11
2.0721898e-11
4.3012381e-11
-1.6826981e-11
-1.1244214e-10
-1.6744348e-10
-1.3430215e-10
-2.8562419e-11
7.8715106e-11
1.052203e-10
1.7196373e-11
-1.3470842e-10
-2.4539341e-10
-2.4107513e-10
-1.44291e-10
-4.5124298e-11
-3.699605e-12
5.09037e-12
4.1605316e-11
1.1523911e-10
1.7178903e-10
1.5976267e-10
8.1560836e-11
-2.4066674e-11
-1.1960209e-10
-1.7448775e-10
-1.6793128e-10
-1.174096e-10
-8.251406e-11
-1.029536e-10
-1.4382605e-10
-1.4030817e-10
-8.4365724e-11
-2.0405727e-11
3.4760208e-11
1.0860224e-10
2.0486853e-10
2.8215138e-10
3.11802e-10
3.0350846e-10
2.7348796e-10
2.4370603e-10
2.5083727e-10
2.8482955e-10
2.6109308e-10
1.4345088e-10
2.9391247e-11
1.4449551e-11
6.1095336e-11
9.479926e-11
1.0299244e-10
7.5783379e-11
8.1146869e-12
-3.3027943e-11
-2.0817463e-11
-5.6071668e-11
-1.7800115e-10
-2.6733556e-10
-2.4476875e-10
-1.5407995e-10
-5.1825078e-11
1.4510995e-11
1.820022e-11
4.5101714e-12
1.2218447e-11
4.8202922e-12
-5.493776e-11
-1.5002997e-10
-2.2619335e-10
-2.1836729e-10
-1.3619324e-10
-1.0149533e-10
-1.3187833e-10
-1.2474952e-10
-6.2588808e-11
2.8391017e-11
1.6286087e-10
1.5895949e-10
3.0441659e-10
2.6880035e-10
3.0378333e-10
2.8489758e-10
2.4424349e-10
1.4899845e-10
1.6879528e-11
-6.6975784e-11
-7.4478074e-11
-5.6736134e-11
5.2887794e-12
-1.2109286e-10
-9.2607003e-11
-6.2276094e-11
-7.1738694e-11
-7.2118764e-11
-1.1725401e-10
-2.4776446e-10
-1.5174959e-10
-3.5250362e-11
-1.7127048e-10
-1.5774668e-10
-8.9335505e-13
1.5624036e-10
3.79617e-11
-7.5343644e-10
-1.5254513e-10
5.4352387e-10
1.9226412e-10
-1.7179054e-10
2.9722506e-11
-3.8309144e-10
2.3299733e-11
-1.08883e-10
1.309062e-10
-5.7109743e-19
-3.2247295e-41
-3.436414e-46
1.6281296e-39
1.0602616e-37
1.9913421e-22
-2.5435409e-10
3.8791713e-10
-1.7641032e-10
4.2576859e-10
-8.3518361e-10
4.6325211e-10
2.5568318e-10
-2.011713e-10
4.1697341e-10
-4.7203199e-10
1.332072e-10
-7.8205416e-10
-1.850911e-10
3.8527685e-10
4.3531439e-11
2.4382113e-10
-3.3114171e-10
-4.9237655e-10
2.0737907e-10
-1.6157454e-11
-4.4732002e-10
-7.0652996e-11
2.1244793e-10
2.8396586e-10
5.8218848e-10
5.1859987e-10
1.1615161e-10
1.5271652e-10
2.220534e-10
-1.6814362e-10
-2.9639259e-10
2.4380708e-11
4.671428e-11
-1.8472377e-10
-1.1061635e-10
4.488083e-11
-2.9182397e-11
6.0586421e-11
4.4126928e-10
5.335614e-10
1.9000107e-10
4.388072e-12
1.7596374e-10
2.2101635e-10
-3.2216295e-11
-1.7743189e-10
-5.2295501e-11
3.2115668e-11
-3.4110318e-11
2.277521e-11
2.5177255e-10
2.9776183e-10
6.2073102e-12
-2.778297e-10
-2.3300182e-10
-9.1551208e-12
8.7221166e-11
5.9473308e-11
9.0636942e-11
1.5169635e-10
5.9085697e-11
-1.5110471e-10
-2.0575468e-10
5.69649e-12
2.4059126e-10
2.1773689e-10
-3.0911896e-11
-2.547197e-10
-3.31127e-10
-3.584812e-10
-4.2235446e-10
-4.3377649e-10
-2.7770305e-10
-2.533643e-11
1.1858951e-10
6.9623373e-11
-3.3548907e-11
-1.2363372e-11
1.3081517e-10
2.3641821e-10
2.0358721e-10
1.0890724e-10
9.3912992e-11
1.8519169e-10
2.7449757e-10
2.6127122e-10
1.6629866e-10
8.9091916e-11
8.5024157e-11
1.1582551e-10
1.1899474e-10
9.2237709e-11
8.9597415e-11
1.4627726e-10
2.3046897e-10
2.780835e-10
2.6249801e-10
2.1546349e-10
1.8170096e-10
1.6938681e-10
1.5279866e-10
1.1578722e-10
7.5785901e-11
5.8100294e-11
5.6390499e-11
3.221973e-11
-4.1533734e-11
-1.434669e-10
-2.1761076e-10
-2.2470572e-10
-1.7619088e-10
-1.1346634e-10
-6.2706236e-11
-1.5748622e-11
4.1444213e-11
9.1186345e-11
9.0385555e-11
2.051013e-11
-7.6484197e-11
-1.2425416e-10
-8.2111404e-11
1.1989386e-11
7.2691128e-11
4.4307572e-11
-5.2378478e-11
-1.4058548e-10
-1.509241e-10
-7.1396003e-11
4.6055136e-11
1.1808019e-10
8.2745786e-11
-5.2456341e-11
-2.0455694e-10
-2.7179947e-10
-2.1737085e-10
-9.8455372e-11
-3.2041318e-12
3.7394929e-11
6.0830061e-11
1.0234967e-10
1.416423e-10
1.3534855e-10
7.8609423e-11
5.684514e-12
-5.8380939e-11
-1.136675e-10
-1.5584047e-10
-1.6870494e-10
-1.5767114e-10
-1.5416274e-10
-1.6773941e-10
-1.6708565e-10
-1.3064836e-10
-7.9946455e-11
-3.1520139e-11
4.1015968e-11
1.5321053e-10
2.5801936e-10
3.0106482e-10
2.930294e-10
2.7822284e-10
2.7509267e-10
2.8774279e-10
3.1227132e-10
2.9964785e-10
2.0200095e-10
8.0566822e-11
4.7921018e-11
9.5126981e-11
1.1791455e-10
9.3888252e-11
7.3773007e-11
6.0906986e-11
4.3003127e-11
2.0909634e-11
-5.7201085e-11
-2.0359365e-10
-2.9585434e-10
-2.6375959e-10
-1.7539544e-10
-8.4630291e-11
-3.63763e-11
-4.3428426e-11
7.2407722e-12
1.0362965e-10
8.3739035e-11
-3.3852113e-11
-1.8006077e-10
-2.7131737e-10
-1.8260563e-10
-1.0213687e-10
-1.1382554e-10
-1.2443683e-10
-1.9681371e-10
-1.060542e-10
5.3836905e-12
5.9179702e-11
1.0901325e-10
8.0688205e-11
2.7550188e-10
4.076771e-10
4.1462254e-10
2.7273994e-10
1.5015417e-10
1.7205334e-10
7.3451302e-11
-7.3574469e-12
-1.440878e-10
-1.5219369e-10
-7.0353627e-12
-5.358882e-11
-1.4583894e-10
-1.1816802e-10
-4.9855011e-11
-1.7358729e-10
-2.350505e-10
-2.0793276e-10
-1.3457404e-10
-8.367468e-11
-1.2577256e-10
-1.0485278e-10
-6.2862416e-11
-5.4784999e-11
3.4255072e-10
-1.6901417e-10
-6.601196e-11
-3.2273382e-10
-3.4053252e-10
-5.8987211e-10
9.7014638e-11
-2.6645245e-11
-1.6048938e-10
-2.9655852e-10
-2.5578058e-10
-2.1346096e-20
-1.4073756e-36
1.3667594e-46
2.8801755e-40
-1.0771784e-37
1.9890156e-22
7.322582e-11
2.1531073e-12
-5.2227645e-10
3.1157901e-10
6.2919867e-11
1.1029895e-09
-6.5049157e-10
3.9166712e-10
-1.5854403e-10
3.0409251e-11
-3.3114671e-10
-6.4352732e-10
2.701072e-10
-5.9308455e-11
-3.2415124e-10
-2.1922314e-10
-4.6089658e-10
1.719401e-10
4.9687098e-10
-3.6622832e-10
-6.0030293e-10
-8.6628219e-11
-8.9906647e-12
-1.7621998e-10
-1.7250215e-10
-7.6273445e-11
1.5379852e-10
1.8789374e-10
-2.6899505e-10
-4.6052395e-10
1.2402022e-10
6.2227249e-10
4.2733204e-10
1.129032e-10
3.4966577e-11
-7.3774087e-11
-1.0411003e-10
1.9451792e-10
4.1434817e-10
1.6756125e-10
-1.1648691e-10
2.1119617e-12
1.6889598e-10
-1.3934438e-11
-2.2179087e-10
-6.3868644e-11
1.9301109e-10
1.5749182e-10
5.026249e-13
5.7271416e-11
1.8748719e-10
5.8057828e-11
-2.3101946e-10
-2.9351276e-10
-7.2002357e-11
1.2346108e-10
1.3185399e-10
1.150767e-10
1.832868e-10
1.8626878e-10
1.0728396e-11
-1.6390581e-10
-1.0831192e-10
9.695871e-11
1.536608e-10
-4.8181929e-11
-3.026945e-10
-3.8927902e-10
-3.4079334e-10
-3.2294441e-10
-3.5856149e-10
-3.0976681e-10
-1.167126e-10
7.8794493e-11
1.0603591e-10
-1.0995782e-11
-8.5935394e-11
-5.7807586e-12
1.4361982e-10
2.0906666e-10
1.6627512e-10
1.3140244e-10
1.962149e-10
3.118576e-10
3.5558847e-10
2.7821582e-10
1.4922505e-10
6.5804988e-11
5.1053143e-11
6.0036013e-11
6.0579767e-11
7.6839243e-11
1.4513326e-10
2.4839653e-10
3.1800497e-10
3.0239849e-10
2.2303252e-10
1.507662e-10
1.3450772e-10
1.5920769e-10
1.7526384e-10
1.5468022e-10
1.1171839e-10
7.1598424e-11
3.3364316e-11
-2.4645814e-11
-1.0912208e-10
-1.9007161e-10
-2.2439069e-10
-1.9660833e-10
-1.3246224e-10
-6.9679868e-11
-2.2350289e-11
1.9495756e-11
5.8136782e-11
6.8490443e-11
2.2607561e-11
-6.6471654e-11
-1.3727268e-10
-1.2925692e-10
-4.3781037e-11
5.0288574e-11
7.6284641e-11
1.6476065e-11
-7.5895494e-11
-1.252819e-10
-9.1920068e-11
4.4907627e-12
1.0033405e-10
1.2586286e-10
4.7850132e-11
-9.9072322e-11
-2.2481881e-10
-2.4868148e-10
-1.6684832e-10
-5.1251638e-11
2.5477185e-11
5.4084168e-11
6.9097277e-11
8.5365899e-11
8.2000409e-11
4.8361738e-11
9.0383147e-12
-1.3511478e-11
-3.4416782e-11
-7.7000437e-11
-1.2823816e-10
-1.5721517e-10
-1.6435173e-10
-1.7534623e-10
-1.904263e-10
-1.8237983e-10
-1.4355706e-10
-9.028245e-11
-1.9717636e-11
8.3692902e-11
1.9284099e-10
2.5206047e-10
2.5898486e-10
2.6575779e-10
2.9254421e-10
3.1149611e-10
3.1041801e-10
2.9029818e-10
2.2689119e-10
1.2807508e-10
7.3513179e-11
9.5322914e-11
1.136168e-10
8.686978e-11
8.28086e-11
1.1943004e-10
1.227243e-10
6.7953301e-11
-3.009058e-11
-1.7525231e-10
-2.7887191e-10
-2.3654495e-10
-1.5556691e-10
-1.5674668e-10
-1.4396881e-10
-6.4785481e-11
2.2877722e-11
1.1695452e-10
1.0889962e-10
-5.7764499e-11
-1.6338934e-10
-1.7275109e-10
-1.5788022e-10
-9.2742313e-11
-1.7943192e-10
-2.7140113e-10
-1.4327447e-10
-3.0175831e-11
7.1422029e-11
-5.4696133e-11
-9.1477924e-11
-1.5449791e-11
1.5488852e-10
3.8739027e-10
3.5550717e-10
2.8753975e-10
3.2885928e-10
2.9473956e-10
2.0267017e-10
-7.354658e-11
-7.7694486e-11
-2.9895023e-11
-3.4470789e-11
-1.2389836e-10
-1.2087883e-10
-1.9332907e-12
-4.3114495e-11
-1.4898519e-10
-2.9832759e-10
-2.0761554e-10
-9.6749527e-11
-2.5399762e-10
-2.6108163e-10
-4.2961847e-11
-8.2449669e-12
-4.4637974e-11
-1.3148698e-10
-2.3333829e-10
-3.4673343e-12
-9.3993516e-11
-5.2723769e-11
3.4008911e-11
4.7098423e-10
-4.1378904e-10
3.5726758e-11
3.2243045e-10
3.9547712e-10
3.1867836e-10
-1.5681782e-11
-7.2273924e-24
-2.0714797e-21
-1.926811e-20
-1.1443409e-20
3.0671237e-11
-6.6538747e-10
-3.9435915e-10
6.1760266e-10
-2.683873e-10
-3.7515893e-10
-1.2625894e-10
-2.6215966e-11
-1.2104504e-10
-1.065284e-10
-3.3828282e-11
6.8456917e-11
7.7123788e-10
3.9258167e-10
-1.785927e-10
1.2595462e-10
9.1178945e-11
8.247247e-11
2.9185579e-10
-4.3494754e-11
-9.2081171e-11
2.8144173e-10
2.1296584e-10
3.2927578e-11
-9.7830521e-11
-3.7175784e-10
-1.7723408e-10
2.9195844e-10
2.8979368e-11
-4.516235e-10
-9.6186888e-11
4.6332819e-10
3.0538453e-10
-2.3807476e-11
1.2626745e-10
3.2166058e-10
2.1600907e-10
1.6648323e-10
2.2737352e-10
2.2880679e-11
-2.9886257e-10
-2.384825e-10
6.9791241e-11
1.0220646e-10
-6.8509773e-11
3.7679139e-11
3.6253137e-10
4.0346033e-10
1.1380247e-10
-4.4645389e-11
8.9641043e-11
1.7085623e-10
6.5222225e-12
-1.3280871e-10
-1.81139e-11
1.6364983e-10
1.6001957e-10
5.9947526e-11
8.6199052e-11
1.915102e-10
1.4928595e-10
-4.7617398e-11
-1.5527995e-10
-5.9276902e-11
4.402235e-11
-6.0670267e-11
-2.9401645e-10
-4.0096997e-10
-3.0015339e-10
-1.6218786e-10
-1.4410019e-10
-1.8600236e-10
-1.3696054e-10
6.549092e-12
9.3746709e-11
3.4733741e-11
-7.4786178e-11
-8.224896e-11
2.9563632e-11
1.3912959e-10
1.5716445e-10
1.3351518e-10
1.7427243e-10
2.9324845e-10
3.8987545e-10
3.6844953e-10
2.4205795e-10
1.0560588e-10
2.977421e-11
1.0288136e-11
1.2827267e-11
3.6173791e-11
1.0646825e-10
2.1779267e-10
3.0630091e-10
3.0262525e-10
2.0676948e-10
9.7600334e-11
6.2134291e-11
1.1576726e-10
1.9661684e-10
2.2970542e-10
1.932086e-10
1.2046399e-10
5.08082e-11
-8.206255e-12
-7.2352038e-11
-1.4245264e-10
-1.9158648e-10
-1.8945143e-10
-1.364778e-10
-6.489048e-11
-7.9180075e-12
2.6737363e-11
4.7792855e-11
5.32182e-11
2.3272767e-11
-4.9776849e-11
-1.3309173e-10
-1.6749737e-10
-1.2083253e-10
-2.4648747e-11
4.8763415e-11
4.9494975e-11
-9.801138e-12
-7.066376e-11
-8.0270973e-11
-2.6336746e-11
6.0771829e-11
1.2682467e-10
1.2019412e-10
2.6242871e-11
-1.0917489e-10
-2.004048e-10
-1.8961485e-10
-9.9673717e-11
-9.3850209e-12
2.6309561e-11
1.784507e-11
3.3210074e-12
-5.321435e-12
-1.7768275e-11
-2.795562e-11
-1.7189725e-11
6.4715141e-12
7.6858035e-12
-2.6931265e-11
-6.9685528e-11
-9.9041388e-11
-1.3137543e-10
-1.8039624e-10
-2.1542671e-10
-1.9802332e-10
-1.35476e-10
-5.9629062e-11
2.0821274e-11
1.0377995e-10
1.6317066e-10
1.8783866e-10
2.147808e-10
2.6756096e-10
3.0704769e-10
2.9912048e-10
2.6887407e-10
2.3313847e-10
1.679186e-10
9.2819554e-11
7.1062418e-11
9.3021546e-11
9.9635571e-11
1.1177392e-10
1.6364801e-10
1.7980733e-10
1.0001671e-10
-6.7237953e-12
-8.720402e-11
-1.5966562e-10
-1.9336968e-10
-1.7379379e-10
-1.789693e-10
-1.9932742e-10
-1.270599e-10
1.2077062e-11
9.647735e-11
7.1550357e-11
-5.0817624e-11
-1.5394547e-10
-1.3437261e-10
-1.2343807e-10
-2.0198816e-10
-2.2551199e-10
-1.7526879e-10
-7.9361655e-11
5.9170687e-12
-5.0149645e-11
-1.7799465e-10
-1.5431393e-10
-5.3520175e-11
1.5420186e-10
1.6154041e-10
1.8760536e-10
2.9945044e-10
4.2478927e-10
4.1260152e-10
1.8032384e-10
8.7029482e-11
6.0001823e-12
3.8174325e-11
-1.1255222e-10
-1.2238435e-10
-5.2661138e-11
-1.2319292e-11
3.5437434e-11
-1.3779254e-10
-1.690389e-10
-1.0928661e-10
-1.4085417e-10
-2.3012984e-10
-2.7772849e-10
-1.5494763e-10
-6.8292903e-11
-5.4920334e-11
-4.968543e-11
9.4546744e-12
8.2712116e-11
5.300806e-11
-9.6108254e-11
-4.1227499e-10
-7.6283216e-11
-2.5058423e-10
-2.5088388e-10
-2.5303165e-10
1.1479612e-11
-3.1482577e-10
1.0650281e-10
-2.598982e-11
3.0491651e-11
-8.258076e-12
3.3150491e-10
-7.5697049e-13
-6.7128544e-10
3.6320403e-10
-1.2603465e-10
3.2616019e-10
-9.9875776e-10
4.1719057e-10
4.0618339e-10
5.4773587e-12
3.7748239e-10
5.2309009e-10
2.7267771e-11
5.0768589e-10
3.0359542e-10
-4.8438071e-10
-2.4854809e-10
-6.1557741e-12
-1.2046334e-11
2.0252452e-10
-4.5966839e-11
-4.4910447e-10
-2.2451408e-10
-2.4484536e-10
-5.987931e-10
-3.2900778e-10
-5.3779044e-11
-2.676522e-10
-1.4260576e-10
1.5045995e-10
2.6569054e-11
1.0212665e-10
4.7995047e-10
2.6093773e-10
-3.5633776e-10
-3.5538321e-10
1.1448252e-10
2.4771282e-10
1.1166595e-10
1.2121115e-10
8.4533374e-11
-1.7756924e-10
-2.8391149e-10
-5.4913608e-11
1.0198587e-10
3.9584905e-12
3.2848125e-11
3.358672e-10
4.6980836e-10
1.7739621e-10
-1.3933056e-10
-7.3602604e-11
1.7449805e-10
2.1393753e-10
9.0111479e-11
9.634943e-11
2.1955067e-10
1.9499658e-10
-2.2204687e-12
-1.0286111e-10
8.2923812e-12
1.0809215e-10
-2.3859088e-12
-1.9182828e-10
-2.1891094e-10
-1.0411317e-10
-8.1876034e-11
-2.3468321e-10
-3.6785458e-10
-2.888969e-10
-7.0007036e-11
6.3486526e-11
2.8961375e-11
-4.3888225e-11
-2.3145636e-11
5.3839829e-11
6.5046711e-11
-1.0190964e-11
-6.811301e-11
-2.8965978e-11
6.2403241e-11
1.1323832e-10
1.1208129e-10
1.3557704e-10
2.3298483e-10
3.4991895e-10
3.8570218e-10
3.0583661e-10
1.7171317e-10
6.6555767e-11
1.8357494e-11
4.8193632e-12
1.2503338e-11
5.9714762e-11
1.5359424e-10
2.4646455e-10
2.6062605e-10
1.6783552e-10
3.3147269e-11
-3.3472675e-11
2.4300756e-11
1.5912357e-10
2.6499359e-10
2.7090892e-10
1.8970589e-10
8.5686098e-11
7.6864481e-12
-4.4195459e-11
-9.1730087e-11
-1.3717845e-10
-1.5515953e-10
-1.2399093e-10
-5.5150103e-11
1.3440764e-11
5.2783895e-11
6.1839545e-11
5.3863146e-11
2.9514118e-11
-2.2704419e-11
-9.9212608e-11
-1.6401164e-10
-1.7150444e-10
-1.1168273e-10
-2.5813008e-11
2.7487161e-11
2.2200977e-11
-1.8421924e-11
-4.8855647e-11
-3.7561693e-11
1.7092736e-11
8.9636687e-11
1.3628791e-10
1.1524085e-10
2.2526912e-11
-8.7829458e-11
-1.3853224e-10
-1.0119224e-10
-2.7835818e-11
3.3895824e-12
-3.0225344e-11
-8.5040491e-11
-1.139662e-10
-1.1356848e-10
-1.0046927e-10
-7.2672953e-11
-2.1700892e-11
3.5055363e-11
6.6138981e-11
6.3442954e-11
3.7252476e-11
-1.729103e-11
-1.0815821e-10
-1.9915435e-10
-2.2519192e-10
-1.7041712e-10
-8.7665774e-11
-2.3500124e-11
2.7400913e-11
7.7494469e-11
1.1687432e-10
1.5036293e-10
1.9941963e-10
2.4732854e-10
2.541218e-10
2.305289e-10
2.1077787e-10
1.7076936e-10
8.329151e-11
1.4766723e-11
3.7181921e-11
1.07248e-10
1.5642122e-10
1.8880265e-10
1.9455165e-10
1.3350363e-10
4.8189544e-11
3.0274721e-12
-3.4064851e-11
-9.3886417e-11
-1.4625823e-10
-1.7994533e-10
-1.7147288e-10
-1.0403658e-10
-5.1480009e-11
-3.450845e-11
-6.5103721e-12
-1.3216933e-11
-5.1987825e-11
-8.3052099e-11
-1.4696162e-10
-1.9953493e-10
-2.3672871e-10
-2.1459746e-10
-5.5819021e-11
-1.3758776e-11
-4.6968976e-11
-5.8009507e-11
-1.4931996e-10
-2.6130419e-11
-6.2332105e-11
-4.5758906e-11
7.3559973e-11
2.636077e-10
3.5091411e-10
3.1075082e-10
2.9870577e-10
2.3365391e-10
1.6584436e-10
-1.6404703e-11
1.3164232e-11
-8.7561044e-11
-9.6190317e-11
3.0084397e-11
-4.1241741e-11
-9.5148785e-11
-1.6009838e-10
-6.0838289e-11
-4.6028179e-11
-2.9359801e-10
-2.8113308e-10
-4.0690148e-11
-1.0662438e-10
-2.3733358e-10
-5.8241789e-11
5.4524436e-11
-1.6805498e-10
-1.3999897e-10
-7.95086e-11
-5.6972416e-10
3.9877509e-10
-7.7796336e-12
3.716264e-10
-3.7869321e-10
3.595903e-10
4.7914726e-10
-9.0591415e-10
-1.8848303e-10
-1.6082624e-10
-2.5441592e-10
-2.3153608e-10
2.0617404e-10
-1.6527433e-10
1.2262527e-10
-2.1392216e-10
3.7710141e-10
8.5333282e-11
5.4569319e-10
1.6257741e-10
-5.8731689e-10
5.3444719e-11
7.2115141e-10
9.5827058e-11
-7.5193991e-10
-3.8457051e-11
2.3682089e-10
3.6432314e-10
2.177106e-10
-3.2118904e-10
2.4232255e-12
4.9034769e-10
3.1127561e-10
3.6156685e-11
-1.5848677e-11
-7.0555507e-11
-1.6760132e-10
-2.0359748e-10
-2.5164044e-10
-2.6590434e-10
-1.9078412e-10
-1.6053381e-10
-5.4173609e-11
1.9738785e-10
1.4228564e-10
-2.4433238e-10
-2.4759615e-10
1.9668811e-10
3.1865073e-10
-2.060242e-11
-2.0036727e-10
-7.3295071e-11
-1.5884446e-11
-3.9233351e-11
1.0378099e-10
2.6400672e-10
1.8412877e-10
7.8968514e-11
2.3962908e-10
4.1967418e-10
2.4052938e-10
-1.0054635e-10
-1.1461877e-10
1.9975398e-10
4.0095859e-10
3.1695436e-10
2.1766564e-10
2.7185344e-10
2.8087647e-10
7.8849484e-11
-1.449906e-10
-1.4200246e-10
-1.1258624e-12
-3.0195927e-12
-1.8561995e-10
-3.0245581e-10
-2.0829051e-10
-6.5777977e-11
-8.8707643e-11
-2.2782353e-10
-2.5073886e-10
-7.1092372e-11
1.4213394e-10
1.9561802e-10
1.0072989e-10
1.5350667e-11
2.4757663e-11
6.4923809e-11
5.0529654e-11
-3.0207876e-12
-1.9899526e-11
2.1847355e-11
7.0904775e-11
8.865939e-11
1.0564528e-10
1.7014259e-10
2.674642e-10
3.238208e-10
2.8902053e-10
1.9208478e-10
1.0382932e-10
6.1703427e-11
4.8393048e-11
3.9534317e-11
4.5974311e-11
9.2139348e-11
1.6101973e-10
1.8561252e-10
1.1304169e-10
-2.5200069e-11
-1.225685e-10
-8.8209758e-11
6.7175363e-11
2.3602999e-10
3.0606782e-10
2.4862194e-10
1.257135e-10
2.0737478e-11
-3.2189294e-11
-5.506098e-11
-7.9004744e-11
-1.0164942e-10
-9.4395331e-11
-4.3263772e-11
2.7938585e-11
7.8109619e-11
8.6663527e-11
6.6547689e-11
3.8841463e-11
5.5664631e-12
-4.6050484e-11
-1.1282792e-10
-1.6211568e-10
-1.5822715e-10
-1.0007622e-10
-2.7495232e-11
1.3388393e-11
8.8112345e-12
-1.8946404e-11
-3.5239083e-11
-1.7655233e-11
3.4562654e-11
9.9044896e-11
1.350155e-10
1.0924146e-10
3.2480308e-11
-3.5993482e-11
-4.2604133e-11
-2.1972122e-12
1.212405e-11
-4.8102189e-11
-1.4879577e-10
-2.1540462e-10
-2.1822233e-10
-1.8809283e-10
-1.5451375e-10
-1.0454609e-10
-1.7998326e-11
8.7110525e-11
1.664189e-10
1.8829411e-10
1.4100854e-10
2.9604429e-11
-1.0421902e-10
-1.8434978e-10
-1.6999597e-10
-1.0645569e-10
-6.361726e-11
-4.4368061e-11
-6.8453501e-12
4.9807561e-11
9.2689836e-11
1.2336256e-10
1.6357924e-10
1.9847474e-10
2.0428657e-10
1.8947116e-10
1.4747111e-10
5.0829582e-11
-4.8726004e-11
-3.9242833e-11
7.3491367e-11
1.6189331e-10
1.755781e-10
1.6513372e-10
1.4385503e-10
1.1008782e-10
9.2201225e-11
5.6367062e-11
-2.9366065e-11
-7.5909434e-11
-6.0058474e-11
-8.2478757e-11
-1.1308735e-10
-8.9103963e-11
-8.4792016e-11
-6.9798773e-11
-1.1082677e-11
-4.5671948e-11
-1.2779291e-10
-1.7632555e-10
-2.1760833e-10
-1.2962227e-10
-8.2442677e-11
-1.4987402e-10
-6.5166082e-11
-2.3099059e-11
6.0239387e-11
-1.2118482e-11
-1.5945525e-10
-1.3639817e-10
-1.0299663e-10
-9.1764866e-12
5.4898492e-11
1.4914419e-10
3.0685688e-10
3.4789452e-10
2.5239182e-10
1.3914859e-10
1.7871e-10
4.2744762e-11
-1.9575062e-11
-1.1917942e-11
1.5663512e-11
6.2811837e-11
-1.1104569e-10
-8.1630046e-11
-5.1444745e-12
-1.3762761e-10
-2.506204e-10
-2.1828873e-10
-1.115526e-10
-1.3031054e-10
-1.760605e-10
-6.6104583e-11
-1.6438784e-11
-4.8911189e-11
-1.2732543e-10
-9.8352716e-10
-1.9610167e-10
-1.2978309e-10
-1.7613053e-10
-5.2011318e-10
5.1858517e-10
-4.8981169e-10
-9.6890685e-10
-9.0347975e-11
6.1325103e-10
2.8179397e-10
2.4890122e-10
8.3618483e-10
-2.1275483e-10
4.5092739e-10
4.4015774e-10
2.0368713e-11
-2.4919734e-10
2.4995885e-10
-1.4933974e-10
7.8756392e-10
-4.9051794e-10
5.3429054e-10
-1.8909295e-12
-2.1525356e-10
-2.3944872e-10
-3.2561659e-10
7.6865737e-11
-1.0000736e-10
8.819647e-11
-8.5953781e-11
-4.2568181e-10
2.3580851e-12
4.4982288e-11
-2.5834898e-10
-2.6156785e-10
-3.6176227e-11
4.232251e-10
4.86081e-10
-8.8809265e-11
-2.765818e-10
9.5535018e-11
1.6181894e-10
-4.5046731e-11
-5.126532e-11
-1.6092628e-10
-5.4085914e-10
-5.4783941e-10
2.6430282e-11
4.0028937e-10
1.3360375e-10
-2.1370752e-10
-1.7303642e-10
-6.3860928e-13
5.6176447e-11
1.4697953e-10
2.8955877e-10
2.5367873e-10
8.4157275e-11
8.5432136e-11
2.2924233e-10
1.6764818e-10
-1.0757154e-10
-1.7189301e-10
1.4397405e-10
4.6232142e-10
4.4028877e-10
2.4263068e-10
1.8985849e-10
2.4585614e-10
1.5904301e-10
-6.9187671e-11
-1.8643796e-10
-1.1018469e-10
-5.5398911e-11
-1.8153051e-10
-3.3539593e-10
-2.8349862e-10
-6.3247761e-11
6.6999123e-11
-1.3545173e-11
-1.3944007e-10
-1.0063318e-10
8.5581655e-11
2.2352383e-10
1.9809117e-10
8.911478e-11
3.3488189e-11
5.7717499e-11
8.6997874e-11
7.0471918e-11
3.7747429e-11
3.5756278e-11
6.294617e-11
8.920744e-11
1.1088647e-10
1.5154847e-10
2.110847e-10
2.4653048e-10
2.188058e-10
1.4541853e-10
8.6109353e-11
7.7940827e-11
9.9011273e-11
1.0427345e-10
8.4555965e-11
7.2693268e-11
8.985478e-11
1.0328482e-10
5.5335658e-11
-6.1362783e-11
-1.7160461e-10
-1.7442546e-10
-3.947318e-11
1.5433547e-10
2.801296e-10
2.670681e-10
1.4982847e-10
2.4430087e-11
-3.9530836e-11
-4.4283191e-11
-3.5956525e-11
-4.3067313e-11
-5.0001632e-11
-2.5656655e-11
3.1802429e-11
8.6901448e-11
1.0282978e-10
7.8569883e-11
4.3859292e-11
2.1246792e-11
1.2859319e-12
-3.8600652e-11
-9.6384682e-11
-1.3717554e-10
-1.2697814e-10
-7.0695017e-11
-1.0061003e-11
1.5354295e-11
4.2411156e-13
-2.8422485e-11
-3.9602123e-11
-1.6820826e-11
3.5162925e-11
9.1519823e-11
1.185075e-10
1.0042694e-10
6.1912764e-11
4.7160811e-11
6.3838165e-11
5.9606873e-11
-2.2050077e-11
-1.6348088e-10
-2.7840349e-10
-3.0489975e-10
-2.6806384e-10
-2.291193e-10
-1.9519634e-10
-1.17443e-10
2.6345329e-11
1.8520043e-10
2.814593e-10
2.7598713e-10
1.8122577e-10
4.4906182e-11
-6.5541782e-11
-1.0220246e-10
-8.4550083e-11
-7.4202666e-11
-8.5480615e-11
-7.0706144e-11
-1.456731e-11
2.9267168e-11
3.3738379e-11
5.0162156e-11
1.1360282e-10
1.7523138e-10
1.7725443e-10
1.1574905e-10
9.4377395e-12
-9.4978859e-11
-1.0350124e-10
8.08756e-12
1.1537908e-10
1.2645722e-10
1.1843399e-10
1.5585694e-10
1.6956622e-10
1.2439133e-10
7.1458346e-11
2.6015325e-11
1.1899262e-11
7.0483799e-11
9.553568e-11
-2.2803706e-11
-1.429852e-10
-1.2978575e-10
-8.0620838e-11
-8.0814702e-11
-1.2660282e-10
-1.6838178e-10
-1.0426584e-10
-5.8787559e-11
-1.7783355e-10
-2.453318e-10
-1.9303381e-10
-5.5909203e-11
1.2522787e-10
7.4111549e-11
-1.3604645e-11
-8.246472e-11
-1.3749429e-10
-7.597218e-11
-1.4374632e-10
-1.2976268e-10
4.1946398e-11
1.9559079e-10
2.1583085e-10
2.0104268e-10
2.6279523e-10
2.1135735e-10
8.537885e-11
-1.1889505e-11
2.1737293e-11
9.4941935e-11
-1.1986978e-11
2.0038483e-11
2.9654769e-11
2.5217769e-11
-1.3309366e-11
-2.195651e-10
-2.3269954e-10
-5.7826272e-11
-1.6434616e-10
-2.8018178e-10
-2.1440681e-11
2.6761908e-11
-1.1758134e-10
-9.73757e-12
5.6483863e-10
6.0119073e-10
-2.3343461e-10
-2.0078155e-10
-1.1425453e-10
-2.2424143e-10
3.0326799e-10
8.8684102e-10
-1.3877526e-10
-8.6357656e-13
-1.8968161e-10
-2.5913252e-10
-5.7902905e-10
-1.4653603e-10
1.6121145e-10
-9.6267983e-10
-1.1693106e-10
5.7887538e-11
7.3151907e-10
-8.1308854e-10
1.4821514e-10
-9.8709273e-10
-5.3707779e-10
2.0183427e-10
-5.1810778e-10
-5.5344039e-10
1.9300182e-11
6.3056333e-10
2.1675396e-10
-7.3838768e-10
-5.3851813e-10
-1.9280835e-10
-3.7658638e-11
2.3413533e-10
-1.2128226e-10
-3.4703215e-10
-3.9085214e-11
9.2192381e-12
-2.0177727e-11
-5.3136945e-11
-2.9730112e-10
-2.2971043e-10
1.0547778e-10
1.2608288e-10
3.8253975e-11
7.0725105e-11
-1.0471843e-10
-3.5554042e-10
-2.0915559e-10
1.005898e-10
5.5833063e-11
-1.6820026e-10
-1.1723802e-10
1.2293979e-10
2.310208e-10
2.414466e-10
2.9045387e-10
2.5932792e-10
8.9545701e-11
1.063677e-11
1.2178042e-10
1.5580947e-10
-4.1415818e-11
-1.719497e-10
5.3735338e-11
4.1406171e-10
4.8284706e-10
2.4768058e-10
7.02671e-11
1.2082236e-10
1.9333919e-10
1.0244226e-10
-3.8835339e-11
-5.7540445e-11
-1.8226204e-11
-9.271463e-11
-2.4650039e-10
-2.5861237e-10
-5.1347159e-11
1.7240242e-10
1.8418105e-10
1.6584252e-11
-1.0000456e-10
-3.3751534e-11
1.1544767e-10
1.7790495e-10
1.2041008e-10
4.5810434e-11
3.9199059e-11
7.9889365e-11
1.0290106e-10
9.0286472e-11
7.4915559e-11
8.3191763e-11
1.0915616e-10
1.3980175e-10
1.7535619e-10
2.1035453e-10
2.1634394e-10
1.6676892e-10
8.0325352e-11
1.8377356e-11
2.8012293e-11
9.120827e-11
1.4308051e-10
1.3932664e-10
9.6111166e-11
5.8861958e-11
4.0553916e-11
6.5695807e-12
-7.2968746e-11
-1.6749631e-10
-1.9669964e-10
-1.0673576e-10
6.524151e-11
2.103356e-10
2.359544e-10
1.4128052e-10
9.8986661e-12
-6.7360947e-11
-6.4722753e-11
-2.4271834e-11
5.6496049e-13
-1.0348256e-12
7.5191586e-13
3.1272872e-11
7.6122245e-11
9.6792209e-11
7.5352534e-11
3.548173e-11
1.462673e-11
1.9984675e-11
2.1034736e-11
-1.0942321e-11
-6.3464357e-11
-9.2149681e-11
-6.8680513e-11
-1.3323367e-11
2.5965496e-11
2.0727853e-11
-1.5342503e-11
-4.6997636e-11
-5.0070573e-11
-2.3109931e-11
2.0331965e-11
6.2291042e-11
8.8953434e-11
1.0175843e-10
1.1642865e-10
1.3630077e-10
1.264109e-10
3.8026813e-11
-1.252756e-10
-2.8325929e-10
-3.4974393e-10
-3.2329287e-10
-2.7645546e-10
-2.5121373e-10
-2.0222259e-10
-6.8836239e-11
1.2517769e-10
2.8261739e-10
3.3246719e-10
2.8304621e-10
1.8616867e-10
8.8597742e-11
1.8628867e-11
-2.1187911e-11
-5.3621288e-11
-8.7277043e-11
-9.0155721e-11
-4.6486772e-11
-9.4745968e-12
-2.7121763e-11
-4.5414791e-11
1.7400456e-11
1.2450132e-10
1.5805397e-10
8.2892836e-11
-3.3170983e-11
-1.2446626e-10
-1.5260717e-10
-9.7925259e-11
-1.2368112e-11
2.7928966e-11
5.8625831e-11
1.4636653e-10
2.0785569e-10
1.4087731e-10
3.5625404e-11
3.1176037e-11
1.1384959e-10
1.8562385e-10
1.7002768e-10
6.8773566e-11
-1.5998459e-11
-3.3203291e-11
-5.1502768e-11
-1.0891489e-10
-1.8549602e-10
-2.1396765e-10
-1.2779933e-10
-5.2630284e-11
-1.2645694e-10
-2.4008827e-10
-2.0412691e-10
-1.5917399e-11
5.5127211e-11
-3.0425117e-11
1.6798619e-11
5.1965537e-12
4.9839572e-11
-9.3747041e-11
-1.9822206e-10
-1.7908232e-10
-6.2672725e-11
2.3146859e-12
6.1517996e-11
1.6750648e-10
2.0783186e-10
1.5490882e-10
1.521694e-10
8.5137247e-11
4.4945397e-11
-1.592085e-12
6.7921152e-11
-3.4367802e-12
-4.4013408e-12
1.2100457e-10
1.1847615e-11
-1.3189329e-10
-8.6135294e-11
-6.7101854e-11
-1.8218442e-10
-2.1575192e-10
-7.4109152e-11
-5.8178549e-11
-7.7267159e-11
2.3040606e-12
-7.5935179e-13
-2.1159859e-10
-4.0250159e-10
-1.5061873e-10
2.0935962e-10
1.6501571e-10
-4.2664776e-10
-8.8528881e-10
1.0664054e-10
-3.6777194e-10
-1.1729677e-09
6.7196679e-10
9.9914319e-11
-1.5749055e-10
-1.5549999e-10
-1.0149481e-10
1.2351694e-10
9.4892616e-11
-1.1586451e-10
-1.0200578e-10
8.3248279e-10
9.8100291e-11
3.1423553e-11
-1.1956027e-10
-5.5216689e-11
5.3229397e-10
-2.9424125e-10
-2.5041481e-10
5.0020433e-11
1.0509577e-10
2.1410742e-11
-1.3862637e-10
-7.8578022e-12
2.6528551e-10
2.8109045e-10
-5.11483e-11
4.8363079e-11
3.8697908e-10
-3.4730109e-11
-5.2493543e-10
-2.426129e-10
1.2270604e-10
4.8968885e-11
-1.334384e-10
-1.7194247e-10
-9.7786319e-11
-3.4600991e-11
-3.7340613e-11
1.6442851e-11
1.3765776e-10
1.2617291e-10
-1.870183e-11
-5.898749e-11
4.3515988e-11
1.0918526e-10
1.0528998e-10
1.2682036e-10
1.2141573e-10
5.5880348e-12
-7.7755449e-11
2.4018165e-11
1.4178696e-10
3.4549142e-11
-1.5778289e-10
-8.9406926e-11
2.269249e-10
3.9855637e-10
2.206194e-10
-5.2442009e-11
-1.025924e-10
3.807582e-11
1.2844644e-10
9.5273444e-11
6.204518e-11
8.13444e-11
5.4349315e-11
-5.7594437e-11
-1.1440995e-10
1.3000902e-11
2.2857389e-10
3.0373613e-10
1.5891971e-10
-4.4720604e-11
-1.0926729e-10
-1.8750746e-11
8.5286569e-11
9.5520444e-11
4.0898092e-11
1.0708563e-11
3.6945684e-11
8.1443604e-11
1.0487516e-10
1.1037287e-10
1.2094542e-10
1.4478847e-10
1.7628976e-10
2.1105258e-10
2.4126027e-10
2.4134745e-10
1.8316907e-10
7.536539e-11
-2.2895359e-11
-4.5483519e-11
1.7535901e-11
1.0687687e-10
1.4898137e-10
1.215572e-10
6.1006918e-11
1.1051796e-11
-2.3932773e-11
-6.8045037e-11
-1.2418505e-10
-1.5093862e-10
-1.0026471e-10
2.23388e-11
1.4424505e-10
1.8013865e-10
1.0569859e-10
-2.0615119e-11
-1.0821982e-10
-1.0936079e-10
-4.8744843e-11
1.1726129e-11
3.4445088e-11
3.1288808e-11
3.5632121e-11
5.693643e-11
7.0528281e-11
5.0915148e-11
8.9711354e-12
-1.5628e-11
1.6127004e-12
3.8748517e-11
5.0224023e-11
1.9118298e-11
-2.12998e-11
-2.4347582e-11
1.6428892e-11
5.9104286e-11
5.9379355e-11
1.6051561e-11
-3.3828279e-11
-5.7367754e-11
-5.2750268e-11
-3.5768365e-11
-1.3714373e-11
1.8985256e-11
6.6915808e-11
1.2411644e-10
1.716215e-10
1.7595958e-10
1.0078996e-10
-5.5747473e-11
-2.3231686e-10
-3.3944048e-10
-3.4258912e-10
-2.9415957e-10
-2.5938694e-10
-2.2726411e-10
-1.3200789e-10
3.9920581e-11
2.1035589e-10
2.9576751e-10
2.9505693e-10
2.6103725e-10
2.1988632e-10
1.6059784e-10
8.1505407e-11
2.8864534e-12
-5.5310567e-11
-7.8361733e-11
-6.3635566e-11
-4.583708e-11
-6.8688771e-11
-1.0088258e-10
-5.4892745e-11
6.5746983e-11
1.3334552e-10
7.2708455e-11
-3.9453756e-11
-1.139644e-10
-1.5904841e-10
-1.9135492e-10
-1.7975728e-10
-1.1506211e-10
-1.3452654e-11
1.1198469e-10
1.8408156e-10
1.1733101e-10
5.9925805e-12
2.2202623e-11
1.4792102e-10
2.506052e-10
2.6866293e-10
1.9674873e-10
1.1485121e-10
8.9347018e-11
-1.9186211e-11
-2.1690986e-10
-2.3845423e-10
-1.1002253e-10
-4.2497775e-11
-4.8812679e-11
-1.4135287e-10
-1.7317138e-10
-9.307604e-11
-1.2288601e-10
-9.8485989e-11
-4.4717202e-11
-1.1052744e-11
1.2949534e-10
5.7686014e-11
-6.3303801e-11
-1.1834626e-10
-1.318753e-10
-1.8857317e-10
-1.5205696e-10
-3.2230228e-11
6.2776242e-11
8.09111e-11
1.7614891e-10
1.0423935e-10
7.3498164e-11
1.9282141e-11
1.0963901e-10
4.4866649e-11
-3.0506709e-11
9.2153829e-11
9.0277503e-11
2.4679031e-11
-7.1958291e-11
-9.1558288e-11
2.2278098e-11
-1.0966555e-10
-2.4189037e-10
-1.0149825e-12
2.3653401e-12
-1.8553908e-10
-1.4044294e-12
5.0260086e-11
-3.7818697e-11
1.0977845e-10
1.77639e-10
-1.4690387e-10
-4.9913888e-10
4.071931e-10
1.0762509e-09
-3.1109787e-10
-2.2418373e-10
-3.8288081e-10
2.0588856e-10
2.7578615e-10
-2.0130267e-11
2.7911314e-10
6.0429352e-10
-1.2737567e-10
6.1814878e-10
-5.8097937e-10
4.0766812e-10
-3.4739335e-10
-2.2795993e-10
-6.244e-10
7.0255862e-10
8.3048405e-11
4.9599038e-10
3.8219949e-10
-3.2734757e-10
-4.7961996e-10
-9.2192005e-10
5.3303518e-12
4.5753179e-10
-1.2714676e-10
2.0554983e-10
3.3322144e-10
-1.8802146e-10
-3.0153339e-10
-1.0677082e-10
-1.0054525e-10
-3.5684603e-10
-4.0791057e-10
4.0006487e-11
3.5014121e-10
1.5324389e-10
-1.2566993e-11
8.8079692e-11
1.0719447e-10
-4.1326512e-11
-1.1255739e-10
-1.6371895e-11
1.3123537e-10
2.3923607e-10
2.9190493e-10
2.5416522e-10
1.1253308e-10
-2.2526448e-11
-4.0333469e-11
-1.2830231e-11
-5.9381765e-11
-1.007551e-10
1.7546459e-11
2.0104258e-10
1.8379533e-10
-4.2387722e-11
-1.5667834e-10
2.9207519e-11
2.815176e-10
2.7499008e-10
3.4797342e-11
-1.4208913e-10
-9.975886e-11
3.9128966e-11
1.1933402e-10
1.4452757e-10
1.7764152e-10
1.949747e-10
1.4591623e-10
8.4437781e-11
1.2011065e-10
2.4538116e-10
3.104325e-10
2.0422003e-10
7.2586915e-14
-1.2801773e-10
-1.0204331e-10
-3.8760521e-12
4.479583e-11
1.4618557e-11
-3.2411107e-11
-3.6692674e-11
3.4434893e-12
5.7704265e-11
1.0755889e-10
1.5147327e-10
1.8745246e-10
2.1133772e-10
2.2866234e-10
2.4891452e-10
2.6166249e-10
2.3424703e-10
1.4629242e-10
2.7184982e-11
-5.5351572e-11
-5.3525946e-11
1.5473511e-11
8.4875207e-11
1.0001608e-10
6.0423119e-11
5.013259e-12
-3.5059173e-11
-5.8418175e-11
-7.3923787e-11
-7.2758072e-11
-3.284476e-11
4.6771548e-11
1.2461096e-10
1.4085924e-10
7.0136471e-11
-4.9719825e-11
-1.4333725e-10
-1.5656314e-10
-9.5438754e-11
-1.3395137e-11
3.8524583e-11
4.9629381e-11
4.3862486e-11
4.2247962e-11
3.835984e-11
1.2795639e-11
-3.2508811e-11
-6.3841964e-11
-4.7407407e-11
1.0041251e-11
6.1871762e-11
6.892972e-11
4.2386953e-11
3.0241994e-11
6.0921521e-11
1.0766566e-10
1.1813625e-10
7.3520865e-11
7.4266751e-12
-3.5420599e-11
-4.6528482e-11
-5.0162641e-11
-5.9805448e-11
-5.5903748e-11
-1.2021422e-11
6.7827304e-11
1.4577253e-10
1.7606747e-10
1.2967787e-10
7.1821328e-12
-1.5200265e-10
-2.7895882e-10
-3.2127304e-10
-2.8879523e-10
-2.3619115e-10
-1.9087118e-10
-1.2256937e-10
-4.3490816e-12
1.2593243e-10
2.0392877e-10
2.2445935e-10
2.3810957e-10
2.6260334e-10
2.5403581e-10
1.8349746e-10
8.9142249e-11
2.2409973e-11
-1.1544317e-11
-3.4659475e-11
-6.0570785e-11
-9.6463767e-11
-1.2997041e-10
-1.1125948e-10
-1.9097017e-11
6.7538244e-11
5.7634105e-11
-1.7453015e-11
-7.5783837e-11
-1.3573982e-10
-2.4121444e-10
-3.1441454e-10
-2.5718498e-10
-1.094555e-10
2.793253e-11
1.001072e-10
7.9311593e-11
1.2603852e-11
2.9071866e-11
1.3163673e-10
1.908551e-10
2.1886105e-10
2.8860581e-10
2.9631748e-10
1.8548083e-10
4.8622609e-11
-1.1683802e-10
-2.4824635e-10
-1.9809063e-10
-1.0742917e-10
-8.4668273e-11
-2.4183162e-11
-1.7944111e-11
-6.7244085e-11
-1.1579871e-10
-1.8036138e-10
-6.8907861e-11
-2.4050576e-11
7.2014792e-12
3.7338355e-11
4.3560781e-11
-2.6614209e-11
-1.5093069e-10
-1.6607061e-10
-1.2300133e-10
-1.1514651e-10
-1.4336412e-10
2.3705133e-11
7.740692e-11
1.0134121e-10
-5.7670834e-12
9.2480354e-11
4.8702566e-11
-5.1444427e-11
5.3159903e-11
4.9679162e-11
1.4764473e-10
8.4753379e-11
-6.5056248e-11
2.47824e-11
7.257593e-12
-1.3008446e-10
-1.1915842e-10
2.0390749e-13
-2.1475063e-11
-1.0801721e-10
1.1888566e-11
3.2995863e-11
-5.7076227e-11
2.942116e-11
-1.809044e-10
5.41791e-10
-2.309844e-10
3.7850337e-11
-8.4995475e-10
1.0789105e-09
-1.7653813e-10
2.5100672e-10
4.4549011e-10
-5.3430077e-11
1.1932246e-09
-2.0438847e-10
-4.4503572e-10
-5.1325354e-10
3.3309294e-10
-7.9667263e-10
3.7543307e-10
1.444515e-10
-3.4747654e-11
4.2015128e-10
1.6967022e-10
-4.2657671e-12
-2.1940791e-10
-4.3203386e-10
-5.8781268e-10
1.1502318e-10
3.4844569e-10
-8.1894602e-11
2.8127284e-10
1.4253666e-10
6.631114e-11
7.3576537e-10
2.5992538e-10
-4.0710004e-10
7.0910058e-13
4.0177713e-11
-2.8778689e-10
-7.0394518e-11
1.1369711e-10
-1.0081419e-10
-2.5275527e-10
-1.7862774e-10
-1.731806e-12
1.693066e-10
2.0351559e-10
7.4833608e-11
-8.3072948e-11
-1.1006623e-10
3.3672041e-11
2.0347267e-10
2.0460576e-10
2.5904156e-11
-1.4396777e-10
-1.6096083e-10
-1.0448445e-10
-1.2534318e-10
-1.8128506e-10
-9.5622754e-11
1.2071841e-10
2.163701e-10
5.1411419e-11
-1.7095117e-10
-1.6220937e-10
6.8310065e-11
2.4370126e-10
1.8724924e-10
7.4181984e-12
-9.2773894e-11
-5.6865087e-11
3.6701414e-11
1.2512892e-10
2.060467e-10
2.6835482e-10
2.7841213e-10
2.4575124e-10
2.3214404e-10
2.6143845e-10
2.671033e-10
1.7359648e-10
9.6596119e-12
-1.0815131e-10
-1.0366493e-10
-2.0884844e-11
3.6204662e-11
1.4961908e-11
-5.099645e-11
-9.7517535e-11
-9.044182e-11
-3.2628222e-11
5.7582915e-11
1.5603883e-10
2.3037123e-10
2.554416e-10
2.3815278e-10
2.1639762e-10
2.2080264e-10
2.3833782e-10
2.2365587e-10
1.5015375e-10
4.470988e-11
-3.3079579e-11
-4.6234423e-11
-1.1010273e-11
2.4741873e-11
2.7622482e-11
9.1450346e-13
-3.0507697e-11
-4.6457504e-11
-3.9970997e-11
-9.3841888e-12
4.5245906e-11
1.1118746e-10
1.5648257e-10
1.4415415e-10
6.3270679e-11
-5.4015218e-11
-1.4883032e-10
-1.7516342e-10
-1.3083159e-10
-5.3729502e-11
1.033726e-11
4.001567e-11
4.3058925e-11
3.4730742e-11
1.6681171e-11
-2.0764148e-11
-7.5047819e-11
-1.1743081e-10
-1.1154577e-10
-5.1293305e-11
2.5258413e-11
6.8761543e-11
6.771815e-11
5.9580346e-11
8.586306e-11
1.4023455e-10
1.721269e-10
1.4336195e-10
7.2624212e-11
1.2382905e-11
-1.1899548e-11
-2.3723514e-11
-5.2486303e-11
-8.5067593e-11
-7.7953507e-11
-1.3638976e-11
7.1555735e-11
1.2090043e-10
1.0483002e-10
2.9782942e-11
-8.0126246e-11
-1.9110123e-10
-2.6134896e-10
-2.6261555e-10
-2.0595998e-10
-1.2911898e-10
-5.4693008e-11
1.8859661e-11
8.502647e-11
1.2170151e-10
1.3259314e-10
1.589935e-10
2.1722568e-10
2.5623702e-10
2.2344089e-10
1.4540148e-10
8.8812147e-11
6.291394e-11
2.5379879e-11
-3.2782972e-11
-7.9664968e-11
-1.0354364e-10
-1.1121239e-10
-8.6410739e-11
-2.5027879e-11
2.3431756e-11
1.8624209e-11
-2.4067484e-11
-1.0487019e-10
-2.4517269e-10
-3.6790053e-10
-3.4242267e-10
-1.9552581e-10
-7.9988325e-11
-3.670294e-11
-5.7344568e-12
1.1853306e-11
1.0874119e-11
4.7965846e-11
1.3155337e-10
2.2881924e-10
3.3727084e-10
3.8325898e-10
2.6736095e-10
7.7736931e-11
-4.4451677e-11
-1.3829908e-10
-2.4495778e-10
-2.4818949e-10
-8.9636455e-11
8.4452142e-11
1.0224276e-10
-2.0996695e-11
-9.4193131e-11
-4.4116798e-11
-3.5232442e-11
-1.3108481e-10
-1.8033804e-10
-6.5287877e-11
7.5612751e-11
1.6262307e-11
-5.9387666e-11
-7.1230288e-11
-1.09685e-10
-1.9720876e-10
-1.0388555e-10
-4.246972e-11
-6.9393464e-12
-5.2687067e-11
7.1415792e-11
3.0179054e-11
-4.6747259e-11
3.2839215e-11
-9.5449578e-11
6.0789633e-11
9.6486548e-11
2.6257494e-11
4.6582159e-11
2.4338773e-11
8.8517148e-11
-4.4657717e-11
-1.6525701e-10
5.7901266e-11
2.7059393e-11
-1.6036943e-10
9.7973359e-11
9.0105116e-11
-9.5988927e-11
3.2533752e-11
-1.0764928e-11
-2.2253475e-10
5.7892944e-10
-4.3992712e-10
4.3488152e-10
-3.8665058e-10
-2.6211037e-10
-3.8659382e-10
-3.8864668e-10
-2.6788368e-10
-6.6423554e-10
6.0312634e-11
-1.2788527e-09
5.6195755e-10
-2.8862812e-10
1.3089026e-09
-1.3120397e-10
1.662523e-10
-4.9440846e-10
-7.6123108e-11
5.1200391e-10
-1.0687874e-10
-5.4703101e-11
1.4265763e-10
-2.0848673e-10
-2.0704248e-10
-1.3782235e-10
1.940665e-10
1.9297958e-10
-1.5374268e-10
-9.7945215e-11
1.9628127e-10
1.3172893e-10
-3.4128583e-10
-1.2616035e-10
5.1711113e-10
2.8761101e-10
-3.2570236e-12
4.0121227e-10
3.8894632e-10
-1.7307824e-10
-2.6336619e-10
-2.9959965e-12
-2.0825409e-11
-1.1442482e-10
-1.120137e-11
4.5432223e-11
-4.8509645e-11
-4.3699021e-11
1.0224914e-10
1.1607811e-10
-8.4767414e-11
-2.3831723e-10
-1.5970339e-10
3.2738322e-12
2.4372541e-11
-8.4823656e-11
-1.2234207e-10
5.9395025e-12
1.4988215e-10
1.1859914e-10
-5.6186856e-11
-1.5346782e-10
-3.7673614e-11
1.8903683e-10
3.1960567e-10
2.622377e-10
9.8419772e-11
-3.1860832e-11
-5.1754185e-11
2.7539857e-11
1.4709159e-10
2.4092356e-10
2.6988217e-10
2.4566786e-10
2.1468572e-10
2.0025064e-10
1.716255e-10
8.8939078e-11
-2.7358507e-11
-1.0032108e-10
-7.8403977e-11
5.1524559e-12
6.6169663e-11
5.1506529e-11
-2.3523668e-11
-1.049219e-10
-1.4485791e-10
-1.1826729e-10
-2.1184935e-11
1.2147669e-10
2.5170579e-10
3.055564e-10
2.6386278e-10
1.763047e-10
1.2359602e-10
1.4669784e-10
2.1182211e-10
2.4484602e-10
2.0029132e-10
9.7359864e-11
-3.8902042e-12
-5.6296186e-11
-5.5816661e-11
-3.1456385e-11
-1.43711e-11
-1.5683594e-11
-2.5252512e-11
-2.1469435e-11
1.3926224e-11
8.179186e-11
1.5780521e-10
2.0079773e-10
1.7776512e-10
8.9547366e-11
-2.5128784e-11
-1.1377416e-10
-1.4378495e-10
-1.1903089e-10
-6.9320673e-11
-2.4294103e-11
4.1690153e-12
1.9032767e-11
2.3131808e-11
9.2901278e-12
-3.2861328e-11
-9.8387939e-11
-1.5770391e-10
-1.7146957e-10
-1.2333606e-10
-4.0001139e-11
2.7964406e-11
5.1436588e-11
5.0662881e-11
7.0634289e-11
1.2737314e-10
1.8459556e-10
1.9136702e-10
1.3962574e-10
7.313826e-11
3.5339091e-11
2.1333646e-11
-4.9926242e-12
-5.2830735e-11
-8.4670516e-11
-6.4152239e-11
-6.416551e-12
3.6974877e-11
3.5578993e-11
8.6372126e-13
-4.8046332e-11
-1.0986254e-10
-1.7734973e-10
-2.1239552e-10
-1.7548295e-10
-7.6998761e-11
2.5903576e-11
8.5053343e-11
9.574477e-11
8.0152595e-11
6.5979191e-11
8.1674991e-11
1.3719374e-10
1.9679116e-10
2.074235e-10
1.677278e-10
1.2709454e-10
1.0384417e-10
6.1685645e-11
-8.4616968e-12
-5.6218217e-11
-6.1679906e-11
-7.4910389e-11
-1.1290145e-10
-1.0905165e-10
-3.076396e-11
4.3350727e-11
2.8975793e-11
-7.043498e-11
-2.0772895e-10
-3.2481662e-10
-3.4911784e-10
-2.7726778e-10
-2.0171447e-10
-1.5225218e-10
-6.467873e-11
2.5315156e-11
1.036034e-11
-5.0185623e-11
-3.2502368e-12
1.5600139e-10
3.1413285e-10
3.7126466e-10
3.1772771e-10
2.4368201e-10
1.3490241e-10
-1.0012341e-10
-3.0483547e-10
-2.8829744e-10
-1.135598e-10
8.4649766e-11
1.1588967e-10
4.6177129e-11
1.4344075e-10
1.0336139e-10
-1.4074724e-10
-1.9968454e-10
-2.2409428e-10
-7.2565746e-11
-6.0582018e-11
-3.716823e-11
3.5901597e-11
8.6825234e-12
-1.0399779e-10
-1.2577511e-10
-9.2642021e-11
-9.4396774e-11
-7.4737223e-11
2.114259e-12
-2.1442454e-12
-4.5967111e-11
4.0972107e-11
-1.4500444e-10
-1.0144506e-11
-1.521655e-11
1.4544969e-11
2.6250197e-11
-6.0231867e-11
8.0438272e-11
5.9892778e-11
-4.5717714e-11
-1.2907286e-11
4.4229795e-11
2.2536244e-11
-4.373972e-11
1.0326594e-10
8.6394218e-11
-5.7518829e-11
7.2927977e-11
-1.6607111e-11
-6.9830586e-12
-2.2899668e-11
4.7689341e-11
-5.7029089e-11
-6.9482551e-10
8.9399344e-10
-7.0165037e-10
2.8501563e-10
4.6038495e-10
8.0896279e-10
-1.3253667e-10
2.4393805e-10
8.2759669e-10
-3.5769192e-10
2.90359e-10
-9.5030633e-12
-3.5858896e-11
1.1299358e-10
4.2875362e-10
1.5102352e-11
-6.4872464e-11
-3.8306133e-10
2.9658829e-10
3.2218106e-10
6.5609484e-11
1.2442947e-10
-1.3604309e-10
1.1064202e-10
-1.8838625e-10
-3.8802133e-10
4.2424129e-10
2.6872865e-10
-4.5461909e-10
-1.0871759e-10
4.9937431e-10
4.752742e-10
1.8260271e-10
7.8708303e-11
6.1213434e-11
-1.1189924e-10
-1.2925964e-10
1.9321083e-10
3.0961546e-10
2.7320845e-11
-1.5763064e-10
-1.3200973e-10
-1.942247e-10
-2.7168952e-10
-1.5132714e-10
-2.5781436e-11
-1.313724e-10
-2.7300919e-10
-1.5970315e-10
1.0407703e-10
2.0288937e-10
7.1967777e-11
-8.0690959e-11
-9.2148819e-11
-1.3584697e-12
6.319478e-11
3.9428075e-11
-2.1638356e-11
-1.4712544e-11
1.1705557e-10
3.1006037e-10
4.1627575e-10
3.3782138e-10
1.3317657e-10
-2.9454008e-11
-3.0692984e-11
9.4806752e-11
2.1259872e-10
2.2590329e-10
1.5133068e-10
7.2542633e-11
3.9622677e-11
2.8782405e-11
-7.121568e-12
-6.6687611e-11
-9.7194491e-11
-5.9525014e-11
2.3240039e-11
8.7521781e-11
8.9914773e-11
3.4390362e-11
-4.5717103e-11
-1.1363664e-10
-1.3340415e-10
-7.3226479e-11
6.855695e-11
2.3709571e-10
3.3887049e-10
3.094032e-10
1.737896e-10
3.648337e-11
7.1903532e-13
8.6904074e-11
2.2051409e-10
2.962355e-10
2.5838814e-10
1.3376315e-10
-6.4043997e-13
-7.6950083e-11
-7.7460891e-11
-3.3430905e-11
6.8174925e-12
1.5984407e-11
5.8043462e-12
1.3055465e-11
6.3788584e-11
1.4455604e-10
2.0567595e-10
2.0015883e-10
1.2357463e-10
1.9775575e-11
-5.3694655e-11
-7.0345529e-11
-4.8299765e-11
-2.5438122e-11
-2.2257769e-11
-2.8747872e-11
-2.4280459e-11
-5.5787302e-12
5.0710311e-12
-2.0307601e-11
-8.6617984e-11
-1.6412166e-10
-2.0647088e-10
-1.8467666e-10
-1.1130777e-10
-3.2525427e-11
1.030409e-11
1.6210211e-11
2.2943086e-11
6.5260802e-11
1.3381835e-10
1.8162375e-10
1.7334731e-10
1.2328566e-10
7.6672183e-11
5.652935e-11
4.3488458e-11
1.2141297e-11
-2.8697283e-11
-4.7783611e-11
-3.8337202e-11
-2.893342e-11
-4.0753052e-11
-5.8254699e-11
-6.0202981e-11
-6.2251074e-11
-9.513003e-11
-1.4238369e-10
-1.3783977e-10
-4.6172614e-11
7.9854736e-11
1.5080752e-10
1.3593373e-10
8.0688046e-11
4.1685589e-11
3.850825e-11
6.5207652e-11
1.0806681e-10
1.4395271e-10
1.5297341e-10
1.3933127e-10
1.1464579e-10
7.1646487e-11
1.2675938e-11
-2.2288812e-11
-1.5476678e-11
-2.6738151e-11
-9.94926e-11
-1.5286062e-10
-8.9081762e-11
2.6326643e-11
4.0737354e-11
-6.0532556e-11
-1.6300423e-10
-2.1552088e-10
-2.5378274e-10
-2.8696462e-10
-2.8959899e-10
-2.4155757e-10
-1.3619508e-10
-4.1888646e-11
-6.5779058e-11
-1.3921554e-10
-7.2831892e-11
1.0051196e-10
2.0298411e-10
2.4895286e-10
3.0892597e-10
3.1860185e-10
2.1777102e-10
-2.9098916e-11
-2.986527e-10
-2.7834752e-10
-8.7098873e-11
-5.172676e-11
4.1942013e-11
2.2931857e-10
2.6170551e-10
2.2575907e-10
-1.1179638e-11
-2.3080334e-10
-1.4477287e-10
-1.895833e-10
-1.8380263e-10
-9.1945101e-11
-5.6187615e-11
-2.6241719e-11
-1.89496e-11
3.2511636e-11
-1.0181781e-10
-9.9009185e-11
-8.2228182e-11
1.1223791e-12
-9.0111793e-11
4.8265748e-11
-1.1976201e-10
-3.1602451e-11
-1.1519524e-10
-4.446798e-11
-1.7183622e-11
-7.8775854e-11
-2.9810408e-12
-3.043786e-11
4.1966309e-11
-1.2068838e-11
-8.1532477e-11
1.0663038e-10
8.601439e-11
-4.7238977e-11
1.5069346e-10
1.3233506e-10
-5.1657742e-11
9.9015361e-11
2.7648802e-11
-1.9445693e-11
-2.7694006e-12
2.9272267e-11
-3.0706288e-11
3.4501791e-10
-8.5186058e-11
9.6619421e-10
7.2304995e-11
1.8615286e-10
7.7882694e-10
-1.4272092e-10
3.3767518e-10
1.1476262e-10
4.4280632e-11
6.5862043e-10
-1.8378919e-11
-2.4091738e-10
-9.7294181e-10
4.4225914e-10
-1.434677e-10
1.5327553e-10
3.2896683e-10
-8.0128365e-11
5.4526856e-10
3.4733645e-10
-1.1184619e-10
-1.2394185e-10
-1.5640414e-10
4.2700511e-11
-1.4400697e-10
-1.4548287e-10
3.844051e-10
7.7478079e-11
-1.6259993e-10
3.553022e-10
1.7601793e-10
-2.4780274e-10
1.1003808e-10
2.5183865e-10
-2.3003241e-10
-3.3623e-10
6.8159269e-11
2.1753754e-10
-4.0573209e-13
-1.0762742e-10
-5.4062871e-11
-1.612906e-10
-3.6937044e-10
-3.6081052e-10
-2.1404857e-10
-2.314548e-10
-3.3582206e-10
-2.2031706e-10
8.8146111e-11
2.6737722e-10
1.8088462e-10
-1.2999596e-12
-9.9621711e-11
-9.3268711e-11
-2.0051226e-11
9.0546945e-11
1.7139124e-10
1.6333994e-10
1.262131e-10
1.8264703e-10
3.2464066e-10
3.8353982e-10
2.4630391e-10
2.431752e-11
-6.6006153e-11
4.1028755e-11
1.9477973e-10
2.1057745e-10
6.5483546e-11
-1.0898972e-10
-1.8682545e-10
-1.6073506e-10
-1.0803256e-10
-8.3324011e-11
-7.4443179e-11
-4.6314147e-11
3.8633246e-12
4.8324377e-11
6.6405495e-11
5.9171327e-11
3.3353182e-11
-7.9939187e-12
-4.7297455e-11
-4.1124816e-11
4.8665267e-11
2.0297652e-10
3.3406294e-10
3.4503424e-10
2.1289446e-10
2.0089184e-11
-1.0204586e-10
-7.0752258e-11
8.7842414e-11
2.6256555e-10
3.3949056e-10
2.7745133e-10
1.2671665e-10
-1.5413145e-11
-7.3152695e-11
-3.8612652e-11
3.3906458e-11
7.6634724e-11
6.3794108e-11
2.8255355e-11
2.5474141e-11
7.7484776e-11
1.478261e-10
1.7490055e-10
1.3079432e-10
4.9507593e-11
-3.8727044e-12
5.4119827e-12
5.1290528e-11
7.5219266e-11
4.4672767e-11
-1.7326802e-11
-5.8157715e-11
-4.8641736e-11
-1.1116422e-11
2.9978983e-12
-3.9223266e-11
-1.226503e-10
-1.9671988e-10
-2.1484209e-10
-1.6907349e-10
-9.320995e-11
-3.5366526e-11
-1.9597028e-11
-2.7381029e-11
-1.7376841e-11
3.3107647e-11
1.029202e-10
1.4583916e-10
1.3712934e-10
9.6738391e-11
6.4231908e-11
5.6394513e-11
5.7561144e-11
4.7585209e-11
2.5123992e-11
-3.5904809e-12
-4.0162808e-11
-8.272077e-11
-1.0803111e-10
-9.1733614e-11
-5.0719129e-11
-3.632383e-11
-6.6046137e-11
-8.4001848e-11
-2.4382612e-11
9.3972347e-11
1.7624596e-10
1.6320222e-10
9.5533879e-11
4.7995846e-11
3.8541524e-11
4.0053825e-11
4.7379423e-11
7.7939414e-11
1.1809993e-10
1.243201e-10
8.1423465e-11
2.1567647e-11
-1.4593025e-11
-9.6531773e-12
1.9464883e-11
1.9155566e-11
-4.7886995e-11
-1.2265219e-10
-1.0110696e-10
-4.5624293e-12
2.2656182e-11
-5.9114995e-11
-1.237849e-10
-1.1949136e-10
-1.577944e-10
-2.7439989e-10
-3.3377997e-10
-2.5699778e-10
-1.3458586e-10
-7.8514685e-11
-1.1437488e-10
-1.7308237e-10
-1.3818832e-10
-1.727481e-11
5.2243353e-11
9.884415e-11
2.6341016e-10
3.9710872e-10
2.6841802e-10
6.9623819e-12
-1.7941189e-10
-2.6214207e-10
-2.1714413e-10
-1.1354799e-10
4.5042072e-12
2.5043407e-10
3.8777027e-10
2.5512228e-10
1.7659123e-10
4.8814959e-11
-1.5341738e-10
-2.8109973e-10
-2.8948436e-10
-2.1959649e-10
-1.4135105e-10
-9.3715371e-11
5.765994e-11
-8.7866618e-11
-3.2290385e-11
-5.1442105e-11
6.1641856e-11
-1.3381659e-10
6.0526649e-11
-1.1730393e-10
-1.2288741e-11
-1.0693553e-10
-9.0038245e-11
-9.6735614e-11
-1.0004349e-10
-6.3121416e-11
-1.2810411e-10
-1.0885233e-11
-2.0404347e-11
-7.0449359e-11
-3.1530553e-11
1.3347466e-11
6.0608169e-11
3.3719607e-11
1.4741577e-10
1.6495885e-10
-1.0477133e-12
1.4430408e-10
3.0786679e-11
-2.1389872e-11
1.8661166e-11
-3.1118534e-11
6.7440862e-10
-8.7534046e-10
-1.7430102e-10
5.3832645e-10
-7.2712541e-10
5.8494284e-11
-2.415204e-10
9.0028787e-11
1.4065875e-10
-4.5473634e-11
1.2123014e-10
8.0857939e-11
1.969364e-10
2.8031435e-10
7.9369013e-11
6.7755398e-11
2.6146548e-10
-5.0716011e-10
4.8122385e-10
6.4415925e-10
-1.2502318e-10
-6.5206544e-10
-2.7162461e-10
4.7712046e-10
4.1751693e-10
-2.7491327e-10
-1.8989192e-10
3.4314698e-10
2.3136779e-10
3.8444046e-11
1.0996456e-10
2.0900042e-10
-2.7416694e-11
-6.7174159e-10
-6.9274567e-10
4.2980615e-11
2.3073872e-10
-7.1063604e-11
1.2491477e-10
3.9275564e-10
6.2655364e-11
-2.9557676e-10
-2.0491239e-10
-1.0131042e-10
-2.2229745e-10
-2.1735491e-10
-2.028707e-11
-1.3721375e-12
-2.0107701e-10
-2.3912556e-10
-3.5844708e-12
1.9819001e-10
1.7415073e-10
6.2117141e-11
4.4707884e-12
-2.3077583e-11
-2.4433319e-11
8.7629145e-11
2.8737002e-10
3.8056856e-10
2.7034258e-10
1.2314481e-10
1.3519808e-10
2.4399507e-10
2.2914244e-10
4.6471227e-11
-9.7356063e-11
-2.5850234e-11
1.7021242e-10
2.4315719e-10
7.9124645e-11
-1.9218649e-10
-3.5928623e-10
-3.371831e-10
-2.0410812e-10
-8.0696189e-11
-2.2685467e-11
-1.6654559e-11
-3.2688029e-11
-4.9582503e-11
-4.7189213e-11
-1.0381511e-11
4.8681922e-11
9.0839958e-11
9.0525166e-11
7.3143805e-11
9.6494974e-11
1.8699531e-10
2.9721404e-10
3.3577236e-10
2.4640417e-10
6.3790989e-11
-1.0375763e-10
-1.5029595e-10
-4.6894559e-11
1.4061349e-10
2.9723124e-10
3.3334817e-10
2.3982362e-10
8.8565314e-11
-1.885409e-11
-2.2625472e-11
5.5667738e-11
1.3541615e-10
1.4621019e-10
8.6244286e-11
1.7985587e-11
5.3556014e-12
5.1725097e-11
1.0080667e-10
9.7070843e-11
4.5622961e-11
8.1278163e-12
3.7770608e-11
1.2051786e-10
1.8246871e-10
1.5944811e-10
5.9021928e-11
-4.5301949e-11
-8.1490945e-11
-4.1461184e-11
1.6714343e-11
2.507617e-11
-3.6869129e-11
-1.3080614e-10
-1.960231e-10
-1.9613308e-10
-1.4100972e-10
-7.4636023e-11
-4.1117119e-11
-5.2012414e-11
-7.8054843e-11
-7.3632856e-11
-1.9550795e-11
5.5382537e-11
9.9082952e-11
8.6552582e-11
4.4441043e-11
2.2697915e-11
4.4067869e-11
8.5250957e-11
1.0377174e-10
7.5455411e-11
7.7883227e-12
-6.8937295e-11
-1.1569632e-10
-1.0639778e-10
-5.3326569e-11
-5.6142573e-12
-7.3612892e-13
-1.5213372e-11
1.0782719e-11
9.0066459e-11
1.5838341e-10
1.5211545e-10
9.1708536e-11
4.7699489e-11
4.1469511e-11
3.6100222e-11
2.2778336e-11
4.5198367e-11
1.0884744e-10
1.3723391e-10
7.1382231e-11
-3.5764401e-11
-8.4780704e-11
-5.3982335e-11
-3.5300738e-12
1.2029779e-11
-1.3126118e-11
-4.9185658e-11
-5.7180706e-11
-3.5709261e-11
-3.6796989e-11
-7.708285e-11
-8.3623732e-11
-3.369829e-11
-4.9559296e-11
-1.9132847e-10
-2.9886957e-10
-2.4382725e-10
-1.4861242e-10
-1.4946185e-10
-1.7833158e-10
-1.4698569e-10
-9.7538222e-11
-7.9596047e-11
-6.3824644e-11
1.8924318e-11
1.8300718e-10
2.9284151e-10
2.256459e-10
8.6898354e-11
-2.4603706e-11
-1.8853134e-10
-3.3920256e-10
-2.5161981e-10
2.2050536e-11
1.9671246e-10
2.6663424e-10
3.9489928e-10
4.2786628e-10
2.3032276e-10
-9.1531394e-11
-2.8908203e-10
-2.6175403e-10
-3.5236073e-10
-3.1027497e-10
-1.0446826e-10
-1.1616672e-10
-2.316708e-12
-6.195526e-11
7.3134115e-11
-1.2673965e-10
9.1083399e-11
-8.4433497e-11
7.7254961e-11
-4.6968675e-11
-8.8328506e-11
-9.1772637e-11
-9.8187081e-11
-1.0746434e-10
-1.6329328e-10
-9.2375558e-11
-1.1875335e-10
-6.962024e-11
-8.2386775e-11
-1.1969699e-10
1.8940378e-11
3.7098865e-11
-2.2662602e-11
1.4057276e-10
2.0948509e-10
1.6887478e-11
1.6936429e-10
1.312656e-10
-5.2855156e-11
5.4481828e-11
-8.3842543e-11
-9.1419999e-12
3.9061206e-10
-9.3415045e-11
2.2531392e-10
9.9981879e-10
-4.7281468e-10
1.7999104e-10
7.2331982e-11
-4.9617034e-10
-5.9661601e-10
5.6189149e-10
1.4180895e-10
7.8236407e-10
-4.7555989e-10
-7.5062112e-10
3.7948793e-10
1.6258132e-10
-2.3785579e-12
-5.6151245e-10
-9.5829779e-10
1.0516464e-10
5.2890807e-10
-2.1428796e-10
-2.0241192e-10
2.2001846e-10
4.2696602e-10
1.9512364e-10
1.0683038e-11
2.2952153e-10
1.8994962e-11
-1.3198577e-10
1.6197086e-10
-3.2129143e-11
-5.0764529e-10
-4.8868383e-10
-1.8963509e-10
-9.3350021e-11
-1.8266785e-10
-8.8088997e-11
1.9094767e-10
1.9399438e-10
-7.7434342e-11
-1.8286373e-10
-1.4453764e-10
-2.020148e-10
-1.6721048e-10
9.6541206e-11
2.3667372e-10
3.4885864e-11
-1.8069909e-10
-1.2289437e-10
1.8092301e-11
9.9995861e-12
-3.0759797e-11
4.790948e-11
1.2757168e-10
8.6369289e-11
6.8126146e-11
2.2644079e-10
4.091385e-10
3.5841234e-10
1.1016305e-10
-4.9872086e-11
-8.037142e-13
6.8089794e-11
-2.532669e-11
-1.7666747e-10
-1.5346253e-10
6.3390996e-11
2.3447289e-10
1.5049754e-10
-1.3209864e-10
-3.7271494e-10
-4.0065837e-10
-2.4651702e-10
-5.7893544e-11
4.7671453e-11
4.3307791e-11
-3.671493e-11
-1.3455921e-10
-1.862518e-10
-1.4674628e-10
-2.5388123e-11
1.107159e-10
1.9083602e-10
2.019953e-10
1.934244e-10
2.1646428e-10
2.6727126e-10
2.9013354e-10
2.3460327e-10
1.0609383e-10
-3.2613529e-11
-1.0529295e-10
-7.0790587e-11
5.3168648e-11
2.0031943e-10
2.9030607e-10
2.7478598e-10
1.6992698e-10
5.1697421e-11
5.1657881e-12
5.9015811e-11
1.5965209e-10
2.1459633e-10
1.7228462e-10
6.643738e-11
-1.8711944e-11
-2.9013025e-11
1.3289029e-11
4.1201398e-11
2.0677449e-11
-1.1196137e-11
1.3356239e-11
1.1340294e-10
2.2632552e-10
2.583517e-10
1.7284826e-10
2.7763431e-11
-7.3099714e-11
-6.9438954e-11
9.1816718e-12
7.7314379e-11
6.8567304e-11
-1.5899515e-11
-1.1887727e-10
-1.7708104e-10
-1.644402e-10
-1.0416485e-10
-4.8740365e-11
-4.2522486e-11
-8.7199459e-11
-1.3669481e-10
-1.3425412e-10
-6.7005516e-11
1.5643117e-11
4.6491322e-11
1.0113151e-11
-3.7736312e-11
-2.8002324e-11
4.8437025e-11
1.2959426e-10
1.4538032e-10
8.2347783e-11
-1.2186097e-11
-7.7216457e-11
-8.2997793e-11
-4.1307299e-11
1.1900796e-11
4.475763e-11
5.4663268e-11
6.6358057e-11
9.5625095e-11
1.2091386e-10
1.0878941e-10
6.6030204e-11
3.4841389e-11
2.9527829e-11
1.9134831e-11
-3.741452e-12
1.3002118e-11
9.3846555e-11
1.5659063e-10
1.0251224e-10
-3.3921588e-11
-1.192043e-10
-1.0097284e-10
-5.4425006e-11
-3.9177316e-11
-2.4066701e-11
1.3713589e-11
2.5879108e-11
-2.0354906e-11
-8.0373663e-11
-9.600695e-11
-6.0201866e-11
-1.6851232e-11
-3.5852737e-11
-1.3638544e-10
-2.2069388e-10
-1.9989504e-10
-1.5276812e-10
-1.76625e-10
-1.923395e-10
-1.3275681e-10
-1.0944752e-10
-1.5989618e-10
-1.4653496e-10
-3.3338452e-11
8.6188181e-11
1.6864285e-10
1.9247565e-10
1.5184845e-10
4.7065377e-11
-1.61719e-10
-3.3289472e-10
-2.7238315e-10
-1.2739363e-10
8.8753896e-12
2.2472824e-10
4.2474156e-10
5.2991662e-10
3.4552269e-10
2.1141998e-11
-4.7109142e-11
-2.9581033e-10
-3.3544252e-10
-3.263108e-10
-2.7924618e-10
-1.8417792e-10
-1.3981905e-10
4.5412876e-11
-8.9436166e-11
1.043596e-10
-4.61079e-11
5.9180003e-11
-1.1417481e-11
1.8761603e-11
-1.0888934e-11
-6.7466732e-11
-6.1320303e-11
-1.141827e-10
-1.162196e-10
-1.6018915e-10
-1.176163e-10
-1.3513672e-10
-1.5105981e-10
-1.0775754e-10
-6.7761645e-11
-7.9079836e-12
-1.3528798e-11
8.2249029e-11
1.5667796e-10
5.6690935e-11
2.0167529e-10
1.2074317e-10
-5.5839783e-12
6.4460955e-11
-9.764127e-11
-1.3028464e-11
-4.4131739e-11
-2.5838806e-10
8.5110955e-10
-3.4763452e-10
3.5310423e-10
-1.9695705e-10
1.0164473e-10
7.3329189e-10
3.9703025e-10
-2.1480024e-10
7.8450533e-10
-3.9366901e-10
5.8864002e-10
5.7411091e-10
8.5239101e-11
-1.734058e-10
-1.0664049e-09
2.9160854e-10
4.3993782e-10
-2.8148269e-10
-5.9075337e-10
-2.2064288e-10
5.1725723e-10
3.0061863e-10
-5.2194828e-10
-1.7603934e-10
3.5448701e-10
1.2916425e-12
-1.4373152e-10
-8.6474909e-11
-3.141725e-11
5.4322502e-11
-2.7543626e-10
-3.8763048e-10
1.6375291e-10
3.543437e-10
-7.1768051e-11
-2.5522549e-10
-1.0714445e-10
-1.1093469e-10
-1.8755431e-10
-6.8366323e-11
6.2190307e-11
-6.0992421e-12
-3.1114114e-11
1.9993542e-10
3.8602803e-10
2.221895e-10
-5.7722951e-11
-1.1015812e-10
-3.1929417e-11
-6.8252792e-11
-1.23045e-10
2.1618146e-11
2.4906629e-10
2.7558183e-10
1.3461162e-10
1.1710576e-10
2.7595144e-10
3.3881331e-10
1.5116408e-10
-8.6484329e-11
-1.3753823e-10
-6.724054e-11
-9.5913747e-11
-2.3757271e-10
-2.7864279e-10
-1.0100697e-10
1.3228968e-10
1.718675e-10
-2.3667773e-11
-2.5917117e-10
-3.2926739e-10
-2.0763087e-10
-2.0358736e-11
9.7910993e-11
9.3869572e-11
-1.1706693e-11
-1.5803391e-10
-2.6415165e-10
-2.5984027e-10
-1.3399393e-10
4.6806323e-11
1.8945423e-10
2.4986292e-10
2.5543389e-10
2.5518925e-10
2.6069914e-10
2.4371526e-10
1.8235675e-10
9.4420353e-11
2.3952626e-11
2.3337445e-12
3.0661687e-11
9.1450484e-11
1.644933e-10
2.2513792e-10
2.4207274e-10
1.9446016e-10
1.0251066e-10
3.0022378e-11
3.8350159e-11
1.2661165e-10
2.2075343e-10
2.3395637e-10
1.4534018e-10
1.9992949e-11
-5.3762702e-11
-4.5888053e-11
-4.638264e-12
4.817453e-12
-2.4594463e-11
-3.3096653e-11
3.7096451e-11
1.6827995e-10
2.6933444e-10
2.5550354e-10
1.2998279e-10
-1.3454613e-11
-7.0355698e-11
-1.2641397e-11
9.5103124e-11
1.5577044e-10
1.1819069e-10
7.5695798e-12
-1.0352688e-10
-1.505904e-10
-1.1920223e-10
-5.0500582e-11
-1.175144e-11
-4.5106019e-11
-1.2951768e-10
-1.9215471e-10
-1.7233735e-10
-8.5168944e-11
-1.3153213e-11
-2.276169e-11
-8.9470816e-11
-1.1876201e-10
-4.9313084e-11
7.6530317e-11
1.56678e-10
1.3531239e-10
5.0657533e-11
-1.8368248e-11
-3.2245937e-11
-5.5870088e-12
3.3733085e-11
7.4890216e-11
1.1297945e-10
1.3438905e-10
1.2600686e-10
9.1252274e-11
4.8753725e-11
1.8949828e-11
9.8829206e-12
8.1693335e-12
-9.0007381e-12
-3.4819063e-11
-1.9789706e-11
6.413594e-11
1.5093428e-10
1.3435633e-10
1.00667e-11
-1.0550908e-10
-1.3120109e-10
-1.1256896e-10
-1.0374645e-10
-6.3166356e-11
3.3904043e-11
8.6384029e-11
8.758464e-12
-1.0661394e-10
-1.1951308e-10
-5.1042479e-11
-1.5211923e-11
-3.4364075e-11
-5.9501679e-11
-8.2252657e-11
-1.2098383e-10
-1.7024359e-10
-2.0208104e-10
-1.7478107e-10
-1.0088981e-10
-8.8383397e-11
-1.5490029e-10
-1.4490694e-10
-4.7123017e-11
-3.2865465e-11
-2.8788254e-11
1.3219696e-10
2.2786815e-10
4.0377293e-11
-1.9434012e-10
-2.4521612e-10
-1.9995548e-10
-2.1481626e-10
-2.1281856e-10
9.3293376e-11
4.5779021e-10
3.8981573e-10
3.0001155e-10
3.3132507e-10
9.4006665e-11
-1.1322488e-10
-3.1556948e-10
-3.4551852e-10
-3.6943811e-10
-2.3967224e-10
-1.1354779e-10
-1.4988967e-10
1.3330363e-11
-2.2425653e-11
1.2104161e-11
6.0893637e-11
7.6209735e-11
2.4269865e-11
-1.856726e-11
2.9956171e-12
-3.9409135e-11
-4.9899161e-11
-1.0138474e-10
-9.8984401e-11
-1.3531992e-10
-1.4877031e-10
-1.3406913e-10
-1.6335355e-10
-1.1359803e-10
-7.3301099e-11
-9.9080029e-11
-3.3632437e-12
1.3357403e-10
2.9521162e-11
1.6770974e-10
2.1800955e-10
-2.7616627e-11
1.0367855e-10
-1.2494378e-10
-1.7578125e-11
-1.0133275e-10
-5.2082599e-11
-6.5741254e-10
6.1414834e-10
1.0929641e-12
1.9615541e-10
-3.3244906e-12
2.4503985e-10
-7.5715552e-10
5.1540085e-10
-4.9726783e-10
6.27075e-10
-1.9200155e-12
-5.6087715e-10
-2.7393523e-10
2.9913669e-10
2.3905879e-10
2.358697e-10
-1.0511567e-10
-1.5938943e-11
8.1458301e-10
6.8604085e-11
-4.9996616e-10
-3.0946471e-10
-2.2360863e-10
-1.5834905e-10
-1.5009016e-10
-3.6302041e-10
-5.5959109e-10
-2.1016457e-10
1.592545e-10
1.4642648e-10
1.2827183e-10
-2.2380405e-12
-1.4502223e-10
-6.4563515e-12
2.856875e-13
-2.1550283e-10
-2.224375e-10
-1.4723562e-10
-2.145006e-10
-1.7020787e-10
-6.5303325e-12
-3.4155709e-11
-1.4050684e-10
5.5364749e-12
2.4018223e-10
1.7518169e-10
-8.8410046e-11
-1.6408292e-10
-6.0772455e-11
-7.624768e-11
-1.8928391e-10
-1.0268512e-10
1.8625767e-10
3.2745854e-10
1.6558592e-10
-3.4014378e-11
-1.7700906e-11
9.7111737e-11
6.8414902e-11
-8.143907e-11
-1.4716502e-10
-9.3204592e-11
-9.0849955e-11
-2.169582e-10
-3.1251994e-10
-2.1260794e-10
9.7226662e-12
1.2864713e-10
4.3488597e-11
-1.2088471e-10
-1.825991e-10
-9.6493702e-11
4.0492757e-11
1.1835357e-10
9.9883454e-11
5.8759968e-12
-1.2269264e-10
-2.300835e-10
-2.5317632e-10
-1.6496638e-10
-1.0470191e-11
1.2517608e-10
1.9345087e-10
2.1535471e-10
2.3359387e-10
2.4907139e-10
2.2275832e-10
1.3891753e-10
4.4714554e-11
1.3404104e-11
7.0505504e-11
1.6879027e-10
2.3814285e-10
2.5122174e-10
2.3269793e-10
2.124787e-10
1.8516516e-10
1.2862046e-10
5.2679128e-11
1.07243e-11
4.9158227e-11
1.4724906e-10
2.2143168e-10
1.993423e-10
9.0692089e-11
-2.0686105e-11
-5.7971255e-11
-2.2813052e-11
1.6038377e-11
2.9697698e-12
-4.2002454e-11
-4.4819074e-11
3.9062841e-11
1.6724222e-10
2.4092369e-10
1.9686414e-10
7.023708e-11
-3.333346e-11
-2.9347488e-11
7.5064879e-11
1.9158838e-10
2.2599001e-10
1.499044e-10
1.489959e-11
-9.1664957e-11
-1.1038916e-10
-4.9870396e-11
2.0374526e-11
2.3408992e-11
-6.1105006e-11
-1.724958e-10
-2.189568e-10
-1.6529603e-10
-7.3914173e-11
-4.4375546e-11
-1.046813e-10
-1.7491872e-10
-1.5310818e-10
-3.0787589e-11
9.5851363e-11
1.3234628e-10
8.3110788e-11
2.624117e-11
1.4859938e-11
3.5772704e-11
6.0496799e-11
9.5050985e-11
1.5123228e-10
1.9721979e-10
1.7897002e-10
9.2537977e-11
1.0337584e-12
-3.5653013e-11
-2.5571855e-11
-2.208091e-11
-5.2445107e-11
-8.6557409e-11
-7.1325145e-11
1.1286069e-11
1.1374333e-10
1.5477119e-10
9.7750956e-11
-1.0462208e-11
-1.0047585e-10
-1.5431467e-10
-1.7535967e-10
-1.2793472e-10
-1.8897205e-12
9.7424927e-11
5.7884168e-11
-5.6497858e-11
-9.2437396e-11
-5.4373676e-11
-6.1579452e-11
-9.6756015e-11
-5.242546e-11
1.7488103e-11
-2.420141e-11
-1.2911533e-10
-1.5028035e-10
-1.0452325e-10
-1.0262893e-10
-1.3818777e-10
-1.3423817e-10
-8.6751756e-11
-6.2288134e-11
-9.1705877e-11
-8.3585594e-11
3.9641974e-11
1.2791652e-10
3.9419153e-11
-7.6401492e-11
-1.273219e-10
-2.322561e-10
-3.0749879e-10
-1.8954505e-10
-1.1502596e-12
1.344629e-10
2.6102829e-10
3.9550172e-10
4.1363871e-10
1.7871598e-10
-7.6201986e-12
-1.6809671e-10
-3.3891093e-10
-3.2697115e-10
-2.7164107e-10
-2.1783003e-10
-1.4775933e-10
-3.9177819e-11
-6.1911451e-11
4.3972597e-11
-5.1414589e-12
6.8912008e-11
4.3230533e-11
2.9851885e-11
2.4443258e-11
3.6321883e-11
-4.0334496e-11
-5.2253718e-11
-6.8194755e-11
-1.1257462e-10
-1.0442806e-10
-1.243384e-10
-1.2995231e-10
-1.4074961e-10
-1.1572202e-10
-1.1069409e-10
-7.8172819e-11
2.2555978e-11
3.8357186e-11
1.0320937e-10
1.5998269e-10
1.2077909e-11
9.3170242e-11
-8.7135539e-11
-4.4883275e-11
-1.109032e-10
-1.0012927e-10
-7.5257718e-11
1.081853e-10
9.6930886e-11
-1.728991e-10
5.1233913e-11
-2.9606764e-10
-1.0304385e-10
-1.1504087e-10
-9.7622306e-11
7.4871995e-11
9.3312332e-11
4.3892393e-10
-1.5826157e-10
-2.081558e-10
-2.8162402e-10
7.9109499e-11
1.0758888e-09
4.4230894e-10
-4.7397232e-10
-3.4874255e-10
-6.5490836e-11
4.7211023e-11
-5.132939e-10
-3.3817863e-10
3.419698e-10
2.449654e-11
-3.1294879e-10
-1.8422843e-10
-2.5779808e-11
8.4614684e-11
1.3189364e-10
2.8493839e-10
3.7759792e-10
1.4624688e-10
-1.0078301e-10
-1.5998221e-10
-1.7906511e-10
-1.5397393e-10
-1.8063453e-11
1.6944619e-10
2.665953e-10
1.2758041e-10
-1.2870501e-10
-1.7023974e-10
4.877393e-12
4.613923e-11
-1.1991652e-10
-1.8257944e-10
-4.2369225e-11
1.8751558e-11
-1.2039227e-10
-1.8334153e-10
1.370224e-11
2.2542533e-10
1.5968384e-10
-8.7154842e-11
-2.1812456e-10
-1.6853686e-10
-1.09512e-10
-1.2086195e-10
-1.0609573e-10
-2.4739326e-11
1.9252646e-12
-1.0739955e-10
-2.3188273e-10
-2.0065627e-10
-3.2107077e-11
8.7976664e-11
4.892073e-11
-5.9599512e-11
-8.5525719e-11
-1.3748294e-12
9.0384266e-11
1.0015314e-10
3.5971426e-11
-4.3423731e-11
-1.0467646e-10
-1.4104016e-10
-1.3613121e-10
-7.2830629e-11
2.39559e-11
9.2300506e-11
9.9340221e-11
8.4209669e-11
1.0891653e-10
1.7254228e-10
2.0064018e-10
1.3418277e-10
1.4757702e-11
-3.9817772e-11
4.7473173e-11
2.3078926e-10
3.8205775e-10
4.1086682e-10
3.3618861e-10
2.4366707e-10
1.8741205e-10
1.4866641e-10
8.5990627e-11
7.7227768e-12
-2.5853885e-11
2.6648566e-11
1.275518e-10
1.8530628e-10
1.4385779e-10
3.9697793e-11
-3.4525631e-11
-2.3488056e-11
3.7749794e-11
6.5335151e-11
1.7769726e-11
-5.8313051e-11
-7.5900785e-11
1.2315411e-12
1.1684713e-10
1.7342538e-10
1.2594186e-10
2.6162747e-11
-2.3849915e-11
3.4803981e-11
1.655423e-10
2.6745066e-10
2.5992739e-10
1.455039e-10
4.3797833e-12
-6.9648754e-11
-4.0602016e-11
4.3303267e-11
8.8892226e-11
3.5240203e-11
-9.0632598e-11
-1.9326524e-10
-1.9556083e-10
-1.1580748e-10
-5.1731322e-11
-7.7950093e-11
-1.6225364e-10
-1.9957223e-10
-1.2984369e-10
-5.1541736e-12
7.3533436e-11
7.036895e-11
3.7345757e-11
3.2652425e-11
5.428991e-11
7.4115827e-11
1.0108679e-10
1.6317633e-10
2.3274288e-10
2.2896977e-10
1.2001105e-10
-1.6093837e-11
-7.5953477e-11
-5.4484023e-11
-3.6736198e-11
-7.5437624e-11
-1.302036e-10
-1.3618772e-10
-8.1276441e-11
4.5078699e-12
8.9423582e-11
1.3947392e-10
1.1604024e-10
1.4820608e-11
-1.08844e-10
-1.7765367e-10
-1.5216414e-10
-5.8519417e-11
2.5700118e-11
3.4708565e-11
-1.3721022e-11
-4.9670072e-11
-6.6121652e-11
-1.0715232e-10
-1.3000519e-10
-4.834013e-11
5.9457185e-11
2.6170925e-11
-9.7023214e-11
-1.1759246e-10
-6.5113447e-11
-1.0143625e-10
-1.6213054e-10
-1.0237704e-10
-2.2489963e-11
-6.6955821e-11
-1.4214106e-10
-1.0725945e-10
-1.0086605e-11
1.5530279e-11
-2.4988948e-11
-1.5244454e-11
-3.4072355e-11
-2.0498536e-10
-2.6325933e-10
-1.1349415e-10
-1.1833451e-10
-1.1054071e-10
2.1055738e-10
3.6941857e-10
2.4293005e-10
1.9599345e-10
6.3313939e-11
-8.7162788e-11
-2.2772109e-10
-2.4213643e-10
-2.5519544e-10
-2.7431475e-10
-1.1814011e-10
-1.7917306e-10
9.1307976e-12
-6.0301188e-11
3.3611334e-11
-4.3602812e-12
4.7459607e-11
5.9717842e-12
1.9516446e-11
4.4327721e-11
5.1085784e-11
-1.7699328e-11
-4.9923806e-11
-2.702644e-11
-9.3738843e-11
-5.8442416e-11
-1.0269475e-10
-1.2471188e-10
-7.2482767e-11
-1.3247071e-10
-1.4426503e-10
-1.6182113e-11
-6.8970874e-11
6.6095326e-12
1.8091124e-10
-4.2601843e-11
1.031567e-10
-4.7248793e-11
-7.865024e-11
-1.5960839e-10
-1.5619872e-10
-9.5375181e-11
-9.5306094e-11
9.8047207e-10
-3.2311815e-10
3.6950003e-10
1.7109517e-10
2.885025e-10
2.5525387e-10
3.7492251e-10
2.1471603e-10
4.9147231e-10
-1.6144415e-10
-2.433783e-10
-1.6077018e-11
7.4811222e-10
1.0522934e-09
-3.0490947e-11
-7.2362376e-10
-2.2380813e-10
8.8730165e-11
-3.9765467e-11
-3.7437998e-10
-1.9965741e-10
2.954167e-11
-5.5080923e-12
-1.4899301e-10
-7.5953791e-11
4.8887832e-10
4.5049383e-10
-2.01553e-10
-2.7562795e-10
-6.8517541e-11
-7.106593e-11
2.3574803e-11
1.3210814e-10
7.7976868e-11
4.1792267e-12
-5.8213714e-11
-6.1531225e-11
1.0791706e-10
2.6896152e-10
1.4152535e-10
-1.7085043e-10
-3.0689096e-10
-1.8764632e-10
-1.0206558e-10
-2.0421422e-10
-2.76941e-10
-1.5176433e-10
-1.8170644e-11
-9.2385185e-11
-2.4936768e-10
-2.3952382e-10
-9.2531431e-11
-4.5739837e-11
-1.6687701e-10
-2.943563e-10
-3.149387e-10
-2.7845003e-10
-2.2862323e-10
-1.1883992e-10
4.4242508e-11
1.2842288e-10
4.846117e-11
-8.0359918e-11
-7.5799467e-11
6.5698739e-11
1.6418967e-10
9.9479128e-11
-3.5862158e-11
-7.1399046e-11
2.0789036e-11
1.0715869e-10
7.2889478e-11
-4.9253186e-11
-1.4237958e-10
-1.4379664e-10
-8.0105254e-11
2.3568827e-12
8.5592172e-11
1.5095052e-10
1.5427503e-10
7.3301707e-11
-3.4428296e-11
-6.4561995e-11
2.0753414e-11
1.3599468e-10
1.5393137e-10
4.9633294e-11
-5.7713444e-11
-2.0958882e-11
1.8252285e-10
4.2076505e-10
5.3219337e-10
4.7133792e-10
3.2872296e-10
2.2069181e-10
1.7605757e-10
1.3629464e-10
5.2151211e-11
-4.3802232e-11
-7.1329033e-11
1.0240664e-12
1.0909985e-10
1.525392e-10
9.6145244e-11
4.7144379e-12
-2.4910533e-11
3.4413893e-11
1.1285388e-10
1.1538499e-10
2.0315556e-11
-9.5951633e-11
-1.3182068e-10
-5.7968935e-11
5.6082663e-11
1.1085556e-10
7.313767e-11
4.9379412e-12
1.0116994e-12
9.585907e-11
2.280518e-10
2.9444713e-10
2.4043991e-10
1.0743823e-10
-3.2839245e-12
-1.5579171e-11
5.9375872e-11
1.3502164e-10
1.2457151e-10
1.643513e-11
-1.1367288e-10
-1.7008916e-10
-1.2582115e-10
-4.6881715e-11
-2.523003e-11
-8.3636574e-11
-1.5450075e-10
-1.573269e-10
-8.6441526e-11
-7.7154451e-12
2.3918408e-11
1.9531344e-11
2.0776963e-11
3.8356701e-11
5.6371531e-11
8.2563873e-11
1.4575756e-10
2.2856963e-10
2.4726504e-10
1.4578477e-10
-1.2854839e-11
-1.0308184e-10
-8.6468862e-11
-4.7395192e-11
-6.7343778e-11
-1.2465558e-10
-1.549852e-10
-1.4634639e-10
-1.1463838e-10
-4.0634491e-11
8.0704028e-11
1.643999e-10
1.1326555e-10
-3.5316217e-11
-1.3967947e-10
-1.349876e-10
-8.4536315e-11
-4.5890203e-11
-7.6028568e-13
5.3063138e-11
5.1327932e-11
-4.0409602e-11
-1.5011334e-10
-1.6901951e-10
-7.5650131e-11
3.3214674e-11
5.6133246e-11
2.0221533e-11
1.2472428e-11
-3.99744e-12
-1.0681074e-10
-1.8792711e-10
-1.2691819e-10
-6.5000819e-11
-1.1524224e-10
-1.1742855e-10
-4.2122834e-11
-6.4171859e-11
-9.8548228e-11
-1.4065579e-11
-2.8375674e-12
-8.9513861e-11
-7.1858317e-11
-6.9658047e-11
-1.8160174e-10
-2.0988862e-10
-8.8324048e-11
1.217579e-10
1.9794991e-10
8.5460582e-11
1.0977422e-10
9.8811524e-11
-4.4204606e-11
-1.2244652e-10
-2.4448385e-10
-2.7267409e-10
-1.5734967e-10
-1.9377373e-10
-3.9589037e-11
-1.0143885e-10
-3.5385243e-11
-5.1571496e-11
2.9918881e-11
-4.6812784e-11
-2.6512475e-12
1.4658335e-11
3.2199153e-11
-7.0449956e-13
7.1601764e-12
4.6105794e-11
-1.9031216e-11
1.8984038e-11
-3.8690118e-11
-2.6398062e-11
-4.7184817e-11
-7.486859e-11
-7.5778162e-11
-1.5207602e-10
-1.1187477e-10
-5.638893e-11
-8.8038928e-11
5.6127845e-11
-4.259127e-11
4.3695391e-12
-5.7381099e-12
-1.3801798e-10
-1.0319249e-10
-2.6077733e-10
-1.4680368e-10
-1.8471465e-10
3.0247513e-11
1.7662374e-10
-3.9505091e-10
1.0747061e-09
-5.4548167e-10
4.25961e-10
3.2135005e-10
6.5491952e-10
-4.2350893e-10
4.3055991e-10
-8.324999e-11
9.2294745e-11
2.543668e-10
-7.9876993e-10
-3.6501104e-10
-2.081437e-10
-2.6439041e-10
-3.5441245e-10
-2.1317383e-10
3.9603686e-10
5.888187e-11
3.6552646e-11
4.5155004e-10
2.412524e-11
-3.0962104e-10
8.0185131e-11
4.1399004e-10
3.0437351e-11
-3.8783242e-10
-1.1480404e-10
6.3404479e-11
-2.0657626e-10
-1.769406e-10
1.1417915e-10
1.4474167e-10
6.2395966e-11
1.2520348e-10
2.4206828e-10
2.5534321e-10
7.0830493e-11
-2.2640421e-10
-3.5249744e-10
-1.9853688e-10
-2.3386244e-11
-7.0558532e-11
-2.2480943e-10
-2.4350771e-10
-1.4362555e-10
-1.2727495e-10
-2.4365526e-10
-3.499815e-10
-3.5269899e-10
-3.0190617e-10
-2.6157175e-10
-2.3669672e-10
-2.3868856e-10
-2.8787156e-10
-3.1923371e-10
-2.1160078e-10
2.6944702e-11
2.0543379e-10
1.7490187e-10
3.7636662e-11
2.2772778e-11
1.7965495e-10
3.1058311e-10
2.3467499e-10
2.2988458e-11
-1.0074238e-10
-4.3167143e-11
6.2007918e-11
4.3015735e-11
-1.022731e-10
-2.2645304e-10
-2.1516123e-10
-8.9364545e-11
6.2258708e-11
1.8424465e-10
2.5827352e-10
2.5265973e-10
1.3540851e-10
-5.1511349e-11
-1.7983442e-10
-1.4354805e-10
2.0555596e-11
1.5334575e-10
1.3382645e-10
1.0645736e-11
-4.3710755e-11
8.7588469e-11
3.4138773e-10
5.3524577e-10
5.4333408e-10
4.037116e-10
2.5659779e-10
1.9319907e-10
1.8020084e-10
1.2831419e-10
1.3584473e-11
-8.8064775e-11
-8.5497958e-11
2.0287134e-11
1.2907675e-10
1.4043819e-10
5.5720815e-11
-2.5808605e-11
-1.0646879e-11
9.122426e-11
1.7343391e-10
1.3772867e-10
-8.1484835e-12
-1.540723e-10
-1.8862481e-10
-9.9058038e-11
2.3539435e-11
7.6258762e-11
4.0949262e-11
-6.553894e-12
2.0611369e-11
1.3014638e-10
2.4060433e-10
2.6040256e-10
1.7588999e-10
6.4373393e-11
2.1565829e-11
7.508579e-11
1.6198919e-10
1.8851753e-10
1.1422881e-10
-1.4021084e-11
-1.0531294e-10
-1.0397295e-10
-3.4162891e-11
2.78733e-11
2.5434515e-11
-3.0897444e-11
-8.435546e-11
-9.2417334e-11
-6.1495836e-11
-2.6124964e-11
-6.6850626e-12
5.2351241e-13
3.6408515e-12
9.1080598e-12
3.3656704e-11
9.824829e-11
1.8443361e-10
2.1918234e-10
1.43387e-10
-5.3940226e-12
-1.1408246e-10
-1.1883681e-10
-7.0990051e-11
-5.5930465e-11
-8.7635716e-11
-1.2846349e-10
-1.6671788e-10
-2.0058946e-10
-1.7503108e-10
-4.0788794e-11
1.2315768e-10
1.6364943e-10
5.9486335e-11
-4.6727778e-11
-6.6327545e-11
-6.9839526e-11
-1.0390245e-10
-7.7879736e-11
4.2397252e-11
1.0492531e-10
1.6435329e-12
-1.3643474e-10
-1.4699569e-10
-7.466405e-11
-3.3701154e-11
-7.0345452e-12
5.3764128e-11
8.8096108e-11
2.9935948e-11
-7.0569756e-11
-1.2117414e-10
-1.0591976e-10
-8.4567234e-11
-8.8132297e-11
-7.017397e-11
-4.1727596e-11
-9.579291e-11
-1.5549676e-10
-6.7325401e-11
1.2210218e-11
-7.2897802e-11
-9.1086262e-11
-1.2990903e-11
-9.6013242e-11
-1.2175348e-10
3.1902255e-11
-3.9506623e-11
-9.2761095e-11
1.0772953e-10
6.6044487e-11
-1.1367066e-11
-6.1863862e-11
-1.7917486e-10
-1.9965698e-10
-1.9278008e-10
-1.7091439e-10
-1.2924696e-10
-5.473217e-11
-1.8425185e-11
-4.4883529e-11
-2.2568024e-11
-4.7178974e-11
6.6191066e-12
-9.5145361e-11
-3.9082336e-11
-2.8088189e-12
3.9868035e-12
-4.7074481e-14
2.9400009e-12
7.49961e-11
-1.6351276e-11
6.9912619e-11
2.911986e-11
-4.557078e-12
5.1771913e-11
-2.9301487e-11
-1.0017425e-10
-6.212753e-11
-1.1722795e-10
-1.3303638e-10
2.8853154e-12
-1.0120619e-10
-2.9571083e-11
6.2607295e-12
-1.6908592e-10
-1.143319e-10
-2.4663088e-10
-1.783248e-10
-2.4950808e-10
-3.5735018e-11
-2.8102716e-10
5.4672586e-10
3.9053296e-10
-2.0777392e-10
2.0309497e-10
1.5342815e-10
5.5931472e-11
1.2366267e-10
-9.8194611e-12
6.5805371e-10
-1.8327505e-10
2.3374263e-11
2.788324e-10
1.8606213e-11
-4.3491933e-10
-5.8725277e-10
3.6869019e-10
2.2329003e-10
-5.1372592e-10
-5.229198e-11
1.413097e-10
4.218055e-11
2.8239791e-11
-7.1598686e-11
1.4717745e-10
2.7000726e-11
-4.900127e-10
-5.227416e-10
-2.216372e-10
-5.1854609e-11
-2.1047352e-11
1.1788099e-12
9.5961224e-11
8.2070948e-11
-9.9471829e-11
-1.0519814e-10
1.3307733e-10
2.3169373e-10
1.909942e-11
-2.6742235e-10
-3.4450621e-10
-1.5953728e-10
7.7759695e-11
1.1405742e-10
-6.9692513e-11
-2.6585002e-10
-3.1670414e-10
-2.6879068e-10
-2.5600948e-10
-3.3489756e-10
-4.5390057e-10
-5.0408686e-10
-3.9721969e-10
-1.7411646e-10
-2.5022542e-11
-9.7781194e-11
-2.8594589e-10
-3.140645e-10
-7.6215117e-11
2.0875891e-10
2.6564589e-10
1.1327332e-10
2.9525808e-11
1.7516886e-10
3.8330747e-10
3.8275682e-10
1.4545064e-10
-9.1443088e-11
-1.2795788e-10
-2.3316905e-11
1.9283361e-11
-8.2792825e-11
-2.142577e-10
-2.2867079e-10
-1.1211815e-10
4.1381078e-11
1.5905965e-10
2.3476197e-10
2.6242243e-10
1.9661358e-10
2.2696087e-11
-1.6689575e-10
-2.2341311e-10
-9.159948e-11
1.1431589e-10
2.1492703e-10
1.4907205e-10
3.6255246e-11
4.78954e-11
2.2502842e-10
4.3538087e-10
5.1084836e-10
4.1248981e-10
2.5370735e-10
1.6862247e-10
1.7685647e-10
1.8487904e-10
1.1002538e-10
-1.7428822e-11
-8.5306053e-11
-2.476455e-11
1.0832779e-10
1.8427789e-10
1.2952384e-10
1.5345259e-12
-6.8122319e-11
-5.5367437e-12
1.3022133e-10
2.0068121e-10
1.1995887e-10
-6.3004843e-11
-2.0798232e-10
-2.1087401e-10
-9.282013e-11
3.0071693e-11
6.2279783e-11
1.3710298e-11
-2.341637e-11
2.1634484e-11
1.2517823e-10
1.9742176e-10
1.7872288e-10
1.0091496e-10
5.2773631e-11
8.8323213e-11
1.7454971e-10
2.2551121e-10
1.8542274e-10
7.6164418e-11
-2.7269614e-11
-6.1266541e-11
-1.7479375e-11
6.1678247e-11
1.1925985e-10
1.196887e-10
6.6389444e-11
-3.9115103e-12
-4.7884512e-11
-4.6914398e-11
-1.9699171e-11
-3.4489484e-12
-1.6956878e-11
-4.0064615e-11
-3.1093315e-11
2.9997321e-11
1.1167829e-10
1.4721905e-10
9.3024413e-11
-2.4259833e-11
-1.247996e-10
-1.4874034e-10
-1.0610994e-10
-5.1454377e-11
-2.7020917e-11
-4.9070031e-11
-1.2343053e-10
-2.2541644e-10
-2.7347384e-10
-1.9253412e-10
-2.5586237e-11
8.7588484e-11
8.0315089e-11
2.9834062e-11
9.1116673e-12
-2.2322524e-11
-8.7041972e-11
-8.1729384e-11
4.3583284e-11
1.3051931e-10
3.7271038e-11
-1.1426137e-10
-1.4479853e-10
-1.0663882e-10
-1.090868e-10
-7.0917448e-11
6.6693115e-11
1.41661e-10
6.193361e-11
-1.81895e-11
-2.6302583e-11
-7.8946674e-11
-1.4918648e-10
-1.0189865e-10
-3.5113433e-11
-9.1373522e-11
-1.3027017e-10
-4.0167749e-11
-5.1016665e-12
-1.0743824e-10
-1.3930111e-10
-5.057197e-11
-1.7814849e-11
-1.2835752e-11
2.5572143e-11
-2.1234577e-11
-5.5516126e-11
-2.6039038e-11
-3.5833739e-11
3.2868458e-12
-9.3027999e-11
-1.9714724e-10
-2.089916e-10
-2.9633843e-10
-1.4064306e-10
-1.8547164e-10
-3.3693229e-11
-7.3886789e-11
2.4827025e-11
4.8123869e-11
-6.2163099e-12
-1.5556359e-12
-7.518293e-11
-3.6081947e-11
-1.1338751e-10
-7.0499922e-11
-5.374701e-11
-3.5647781e-11
4.7431901e-11
1.4844097e-13
7.3087854e-11
3.7178331e-11
1.2514443e-10
9.6285012e-11
6.8404687e-11
1.146325e-10
-3.4359622e-11
-7.1814445e-11
-4.3831128e-11
-1.927332e-10
-8.7935329e-11
-9.5566712e-11
-1.8527069e-10
-1.0431643e-11
-2.4600386e-10
-7.16309e-11
-3.2346448e-10
-2.1404597e-10
-3.1831652e-10
-3.3878584e-10
-1.0641492e-10
-4.4620107e-10
-5.6780903e-10
5.7800072e-10
5.1668679e-10
-1.0305595e-10
1.2326811e-10
3.0229088e-10
1.8861889e-10
-7.0436487e-10
-4.8980517e-11
7.6583839e-10
1.7338533e-11
-3.9406334e-10
4.1825337e-10
8.7845581e-10
2.9640555e-10
9.5342039e-11
-4.0565997e-11
-2.8247224e-10
1.3166018e-10
9.4920371e-11
-4.253987e-10
-5.0966906e-10
-2.5766268e-10
-2.5423163e-11
-2.4533531e-10
-3.8041245e-10
6.9728921e-11
1.6025394e-10
-2.4042837e-10
-1.5665446e-10
2.739215e-10
2.8639056e-10
-3.4340545e-11
-1.6491288e-10
9.2548328e-12
1.5935907e-10
2.0387456e-11
-2.4135522e-10
-2.9995955e-10
-1.0427908e-10
1.3620652e-10
2.1486771e-10
7.3645463e-11
-1.8576711e-10
-3.7476024e-10
-3.634499e-10
-2.1165675e-10
-1.2867653e-10
-2.4844363e-10
-4.4579821e-10
-4.4450148e-10
-1.5272772e-10
1.7036661e-10
1.8413901e-10
-1.1140423e-10
-3.4482354e-10
-2.1692012e-10
1.327339e-10
3.1342836e-10
1.7583558e-10
-2.5261477e-11
1.2974317e-11
2.542476e-10
3.9134752e-10
2.4423836e-10
-3.5829417e-11
-1.7941284e-10
-1.1771711e-10
-1.2664955e-11
-1.6590731e-11
-9.8469129e-11
-1.2960011e-10
-6.5597632e-11
2.0248625e-11
6.0310569e-11
7.5661564e-11
1.1082082e-10
1.3693812e-10
7.8049762e-11
-6.7735481e-11
-1.8157561e-10
-1.3537801e-10
5.986986e-11
2.491461e-10
2.8890177e-10
1.9407101e-10
1.1468692e-10
1.687973e-10
3.1706215e-10
4.1089931e-10
3.5425013e-10
2.0214959e-10
9.398883e-11
1.0371716e-10
1.7005392e-10
1.7674327e-10
8.845051e-11
-9.257659e-12
-4.218047e-12
1.146474e-10
2.3511666e-10
2.2960707e-10
8.4747107e-11
-7.9017107e-11
-1.1866945e-10
-4.5685289e-12
1.4955954e-10
1.9124336e-10
6.9402779e-11
-1.2042546e-10
-2.2665348e-10
-1.7862621e-10
-4.231774e-11
5.4285701e-11
4.4969671e-11
-2.2193671e-11
-5.0179181e-11
1.6106413e-12
8.2053849e-11
1.1506811e-10
8.6579601e-11
5.6557157e-11
8.7531761e-11
1.719117e-10
2.3945347e-10
2.2878816e-10
1.4423226e-10
4.4543541e-11
-1.1332394e-11
5.9067699e-13
7.0468592e-11
1.6605588e-10
2.3688462e-10
2.3438311e-10
1.512276e-10
4.273747e-11
-1.6542373e-11
-6.9446481e-12
1.7400347e-11
-3.0737363e-12
-5.8507904e-11
-8.2145076e-11
-3.6809794e-11
3.5551013e-11
6.0457124e-11
1.054051e-11
-7.850345e-11
-1.5492547e-10
-1.8800303e-10
-1.6414329e-10
-8.4796192e-11
1.1897261e-11
5.1349761e-11
-1.8461348e-11
-1.635174e-10
-2.8092999e-10
-2.9041381e-10
-2.0153542e-10
-8.3718215e-11
1.1069168e-11
7.119612e-11
8.5725855e-11
3.8304512e-11
-3.472714e-11
-4.373635e-11
3.5650653e-11
1.0058399e-10
6.0919995e-11
-2.6271328e-11
-6.946998e-11
-9.4981445e-11
-1.3574018e-10
-1.0380221e-10
3.1797642e-11
1.1605739e-10
6.7430236e-11
1.352095e-11
-6.7649721e-12
-9.8495347e-11
-1.7769609e-10
-9.0050115e-11
1.4697218e-11
-2.3808122e-11
-5.6724946e-11
-3.7258002e-11
-1.0888272e-10
-1.6984906e-10
-1.0066801e-10
-5.5007731e-11
-5.0242686e-11
1.6703299e-11
7.1201666e-11
5.0032976e-11
-5.977731e-12
2.7790728e-11
2.584375e-11
-1.9390469e-10
-2.1502609e-10
-1.9624216e-10
-3.2203263e-10
-2.042991e-10
-3.9033425e-10
-1.5175471e-10
-1.4343247e-10
4.1243574e-11
6.2884915e-11
5.9038148e-11
8.077088e-11
2.3484743e-11
1.5953625e-11
-1.1088168e-10
-9.3548522e-11
-1.2153664e-10
-8.550995e-11
-6.6352938e-11
-7.4512726e-11
3.4879792e-11
-1.4301128e-11
9.576109e-11
8.601144e-11
1.3125741e-10
2.0029097e-10
1.5887264e-10
1.0766082e-10
4.4889903e-11
-1.4596108e-11
-9.835611e-11
-9.6430531e-11
-1.2518817e-10
-2.0938768e-10
-2.0898528e-11
-2.6081378e-10
-1.1953999e-10
-2.6158712e-10
-2.9549394e-10
-2.3634737e-10
-4.2845741e-10
-5.8068573e-11
-2.0286603e-10
2.2573593e-10
4.5427105e-10
-7.0965893e-11
6.3626609e-10
5.671204e-10
1.9936707e-10
-2.0909906e-10
4.1290219e-10
1.231141e-10
2.9816842e-10
1.4119174e-10
5.3863704e-10
6.6877839e-10
1.8060312e-10
1.2215903e-10
-3.2375641e-10
-3.583239e-10
4.008198e-11
-6.7348153e-11
3.7585995e-11
1.034547e-10
-1.2047591e-10
-2.5537276e-10
-5.5359317e-10
-6.4792192e-10
-1.8850024e-10
3.0323798e-10
3.5245835e-10
-3.492774e-11
-2.5734768e-10
6.5918785e-11
2.9386414e-10
-5.1349305e-12
-2.5035048e-10
-4.7957463e-11
2.0977698e-10
1.525377e-10
-8.7233097e-11
-2.1107712e-10
-1.3465937e-10
1.4125188e-11
9.3510167e-11
3.6700928e-11
-1.5584833e-10
-3.7361282e-10
-4.1620442e-10
-1.9940624e-10
7.534667e-11
1.013981e-10
-1.4463696e-10
-3.2228921e-10
-1.3565988e-10
2.6209049e-10
4.1907891e-10
1.4132778e-10
-2.4978185e-10
-3.0081125e-10
2.5449729e-11
3.2607191e-10
2.6704261e-10
-2.8420505e-11
-1.7771417e-10
-2.3069081e-11
2.1008456e-10
2.2860667e-10
2.1115938e-11
-1.7486321e-10
-1.8149038e-10
-5.6309966e-11
4.0017203e-11
5.1903922e-11
4.6903004e-11
7.1087632e-11
7.4483557e-11
1.7739236e-12
-1.0205862e-10
-1.3210749e-10
-6.0009606e-11
2.0752721e-11
8.6883623e-12
-7.3871607e-11
-9.7065629e-11
2.5474877e-11
2.2977543e-10
3.641496e-10
3.4906858e-10
2.5401009e-10
2.0932633e-10
2.5891119e-10
3.1856158e-10
2.7968058e-10
1.3893619e-10
6.6186641e-12
-1.0093958e-11
7.9927789e-11
1.6644711e-10
1.59883e-10
8.7051657e-11
5.8790792e-11
1.429193e-10
2.7995633e-10
3.309324e-10
2.1406469e-10
-5.9012372e-12
-1.661712e-10
-1.4985047e-10
8.5562531e-12
1.5426431e-10
1.5263505e-10
6.6754404e-12
-1.5361695e-10
-1.9598303e-10
-1.0453322e-10
1.9190686e-11
6.3045743e-11
9.3144086e-12
-6.4872445e-11
-7.9728271e-11
-3.2266812e-11
1.8064558e-11
2.9591958e-11
2.675282e-11
6.2971599e-11
1.4805126e-10
2.297559e-10
2.4661263e-10
1.8972248e-10
1.0329226e-10
3.8182283e-11
2.1399088e-11
6.2872812e-11
1.6118681e-10
2.820769e-10
3.5163855e-10
3.09727e-10
1.8132771e-10
6.6194163e-11
3.6295941e-11
5.7480226e-11
4.1705679e-11
-3.3184099e-11
-9.5349557e-11
-8.0733401e-11
-2.3773665e-11
-1.0085845e-11
-6.5928197e-11
-1.4136398e-10
-1.9356349e-10
-2.2557446e-10
-2.2887678e-10
-1.5875967e-10
-1.514591e-11
1.0130241e-10
8.4282709e-11
-4.9639379e-11
-1.909986e-10
-2.7232457e-10
-2.9971991e-10
-2.685307e-10
-1.54388e-10
-3.5845226e-12
7.5094733e-11
5.3488211e-11
2.5918605e-11
5.8395079e-11
9.614787e-11
7.8157907e-11
3.7435067e-11
1.1999893e-11
-3.5406926e-11
-1.2110964e-10
-1.6538241e-10
-1.0888814e-10
-1.3110885e-11
4.3754478e-11
7.6553482e-11
1.0783162e-10
8.0757005e-11
-2.2620968e-11
-9.3688222e-11
-7.5971661e-11
-7.2865322e-11
-1.1190105e-10
-7.7658047e-11
-1.7711958e-11
-7.0581192e-11
-1.1159102e-10
-5.7906293e-11
-1.0522202e-10
-1.4474316e-10
3.8216813e-11
9.4742787e-11
-1.919083e-12
1.4948391e-10
1.5794294e-10
-8.3689427e-11
-8.3084732e-11
-1.7139676e-10
-3.1298945e-10
-3.3315705e-10
-4.6487718e-10
-2.7113608e-10
-2.8632273e-10
-1.6121726e-10
-8.0251749e-11
3.1565866e-11
1.2716461e-10
1.1167477e-10
1.2306878e-10
1.2616225e-11
-3.8921153e-11
-1.2292578e-10
-9.4039634e-11
-1.4165973e-10
-1.4452084e-10
-5.7265043e-11
-7.3178359e-11
1.0850679e-11
7.0483531e-12
1.3377443e-10
1.2867231e-10
1.6489959e-10
2.5541554e-10
1.3559248e-10
1.0758702e-10
1.188147e-10
-6.1738178e-11
-6.604343e-11
-8.1905588e-11
-2.625437e-10
-6.1966408e-11
-2.6445455e-10
-1.5557828e-10
-2.4255558e-10
-3.3540392e-10
-2.7233447e-10
-4.436862e-10
-9.2521453e-11
-5.7038953e-10
1.478267e-11
5.2313382e-11
3.2786131e-11
4.444367e-10
1.937743e-10
-4.2350055e-10
-3.445624e-10
1.6683871e-10
2.0097278e-10
1.8019902e-10
5.9890233e-10
2.1735771e-10
1.0932607e-11
-6.0679282e-11
1.909023e-11
3.4008678e-11
-5.5619447e-10
-2.7033608e-10
3.7456829e-10
-1.2478754e-10
-3.6010924e-10
1.6442151e-10
3.4379955e-10
-1.9791653e-12
-4.9368592e-10
-3.9495733e-10
2.5020822e-10
3.1004795e-10
-2.2700885e-10
-3.2932421e-10
1.2621229e-10
4.0225339e-10
1.4347073e-10
-2.2137275e-10
-1.7128772e-10
1.5043003e-10
2.6568973e-10
1.0957424e-10
-5.3623681e-11
-1.1494185e-10
-1.3366379e-10
-1.3059867e-10
-1.1269729e-10
-1.5885809e-10
-2.9579937e-10
-3.6160816e-10
-1.685491e-10
1.9297954e-10
3.796965e-10
2.0498722e-10
-8.5681073e-11
-9.0413065e-11
2.3400681e-10
4.919148e-10
3.3963876e-10
-7.3385053e-11
-2.8101411e-10
-7.0184288e-11
2.7395332e-10
3.3155216e-10
4.4753024e-11
-2.5437122e-10
-2.664416e-10
-5.2191385e-11
9.8756547e-11
3.1121458e-11
-1.3416523e-10
-1.9427469e-10
-9.9677148e-11
4.3872444e-11
1.4036936e-10
1.9000135e-10
2.1483858e-10
1.7803528e-10
3.210965e-11
-1.7599532e-10
-3.0892795e-10
-2.7268504e-10
-1.2198073e-10
-2.7890303e-12
6.6322285e-12
-2.7514598e-11
1.7107231e-11
1.7294833e-10
3.4509014e-10
4.169692e-10
3.7183385e-10
2.9545805e-10
2.6813365e-10
2.7457315e-10
2.3433411e-10
1.0958145e-10
-3.5574939e-11
-9.4086955e-11
-2.733402e-11
9.3367916e-11
1.6140706e-10
1.4568554e-10
1.1757705e-10
1.6626172e-10
2.905759e-10
3.8338037e-10
3.2890163e-10
1.2200356e-10
-1.1046503e-10
-2.1120535e-10
-1.2763492e-10
4.3890452e-11
1.4538372e-10
9.5627747e-11
-4.6527873e-11
-1.4778623e-10
-1.2765561e-10
-2.5280543e-11
5.190999e-11
3.7474465e-11
-3.9398533e-11
-9.944958e-11
-9.9827955e-11
-6.4524634e-11
-3.6808074e-11
-1.9907285e-11
2.0853945e-11
1.0287869e-10
1.9232732e-10
2.344349e-10
2.0926444e-10
1.4524072e-10
8.3375063e-11
4.7773194e-11
5.5292542e-11
1.2601524e-10
2.5457487e-10
3.7594784e-10
4.0004817e-10
3.0405413e-10
1.7024309e-10
1.0081838e-10
1.0327564e-10
9.4087601e-11
2.0727115e-11
-6.5869119e-11
-8.7698107e-11
-5.5271578e-11
-5.0864243e-11
-1.0932791e-10
-1.7981784e-10
-2.1689519e-10
-2.3981684e-10
-2.6010161e-10
-2.1892745e-10
-7.5876352e-11
8.3222971e-11
1.2359473e-10
2.9437375e-11
-1.0023875e-10
-2.0783594e-10
-3.0808234e-10
-3.6183831e-10
-2.7791625e-10
-8.8694046e-11
3.7044576e-11
3.5312813e-11
3.2265168e-11
1.002498e-10
1.3017015e-10
6.4132441e-11
2.1509017e-11
5.0144965e-11
1.6084313e-11
-1.1168111e-10
-1.6368383e-10
-8.8772967e-11
-3.2124455e-11
-1.6249407e-11
6.7365656e-11
1.4987754e-10
9.4554957e-11
-5.4225303e-12
-3.919205e-11
-9.1636483e-11
-1.5145126e-10
-8.9088812e-11
-3.6477695e-12
-2.6857758e-11
-4.5424593e-11
-5.5772884e-11
-1.6323788e-10
-1.814337e-10
-3.6863957e-11
4.5723234e-12
1.4886838e-12
1.260627e-10
1.7483312e-10
1.1249153e-10
4.3681951e-11
-4.7761832e-11
-1.3395859e-10
-2.4796993e-10
-3.1133498e-10
-3.9947377e-10
-4.1834299e-10
-4.1150365e-10
-2.8317941e-10
-1.3157615e-10
4.1380912e-11
7.6119983e-11
1.0359471e-10
8.0349985e-11
1.2060364e-10
2.9864481e-11
-6.3018787e-11
-1.4056415e-10
-1.1710148e-10
-1.495143e-10
-1.7023431e-10
-6.1422404e-11
-6.8829024e-11
1.3438278e-11
3.7483155e-11
1.2656005e-10
1.7680962e-10
2.0926449e-10
2.4612374e-10
1.9282943e-10
1.7172948e-10
6.8873008e-11
-4.2283983e-11
-5.1516717e-11
-2.0002459e-10
-1.087703e-10
-2.2658093e-10
-2.2484395e-10
-1.795569e-10
-3.8458915e-10
-2.27556e-10
-3.3547444e-10
-3.9043414e-10
-2.6549308e-10
-2.0838951e-10
-1.1963456e-10
1.038153e-11
-1.854084e-10
1.1977658e-10
5.5204131e-10
5.8019689e-11
-4.5620665e-11
3.2771241e-10
4.2202837e-10
-3.3301671e-10
-3.4706658e-10
3.3845129e-11
-9.3320242e-11
-4.0013931e-10
-3.8725825e-10
5.9551421e-11
1.5834346e-10
-3.0980809e-11
5.0694178e-11
9.2694893e-11
9.9290831e-11
9.3515664e-11
-1.761417e-10
-3.4319537e-10
-1.3393998e-10
1.5428986e-10
1.6385062e-10
-1.4666098e-10
-3.1416506e-10
-3.851477e-11
2.2942661e-10
9.8618954e-11
-1.318834e-10
-9.9329916e-11
9.3424466e-11
1.7212346e-10
8.3456113e-11
-3.8216985e-11
-1.0832488e-10
-1.4212535e-10
-1.438404e-10
-1.0689738e-10
-8.8688754e-11
-1.389986e-10
-1.7523346e-10
-6.2442727e-11
1.6698946e-10
2.9522686e-10
1.8383479e-10
-2.3167675e-11
-6.0642058e-11
1.2271814e-10
2.9006122e-10
2.1320663e-10
-3.6299994e-11
-1.732718e-10
-5.0732331e-11
1.6548193e-10
2.0665629e-10
1.9847372e-11
-1.8971139e-10
-2.1574897e-10
-7.5513627e-11
4.7572089e-11
3.3255141e-11
-6.1899268e-11
-1.0728729e-10
-5.396702e-11
4.175132e-11
1.1245386e-10
1.4479145e-10
1.481406e-10
1.0633345e-10
-1.9114076e-12
-1.426232e-10
-2.2702107e-10
-1.9280742e-10
-7.4927362e-11
2.5109792e-11
4.2164497e-11
9.1596809e-12
1.0828208e-11
8.6161302e-11
1.8838252e-10
2.4047072e-10
2.166265e-10
1.6071271e-10
1.2728356e-10
1.2009763e-10
9.7249141e-11
3.1128772e-11
-4.8460789e-11
-8.0157212e-11
-3.6342802e-11
4.4584931e-11
9.6644265e-11
9.3563126e-11
7.3215099e-11
9.2609278e-11
1.5988078e-10
2.1615749e-10
1.8866356e-10
6.6198543e-11
-7.936529e-11
-1.4869429e-10
-1.0033401e-10
1.3171403e-11
9.1957873e-11
7.5538757e-11
-8.7846579e-12
-7.8824624e-11
-7.6288803e-11
-1.6646182e-11
3.4758956e-11
3.0463409e-11
-1.8124871e-11
-6.224079e-11
-6.9495582e-11
-4.9210835e-11
-2.8475692e-11
-1.4405351e-11
9.6594014e-12
5.4346696e-11
1.0249202e-10
1.2444994e-10
1.0957651e-10
7.4328075e-11
4.0757463e-11
2.0281951e-11
2.1588484e-11
5.9396943e-11
1.3490126e-10
2.1074619e-10
2.2919954e-10
1.7196526e-10
8.8811594e-11
4.6022674e-11
5.1672214e-11
5.2746104e-11
1.2784283e-11
-3.8819999e-11
-5.2761924e-11
-3.3956797e-11
-3.2587917e-11
-6.8363999e-11
-1.0723611e-10
-1.2218864e-10
-1.3101611e-10
-1.4473841e-10
-1.234961e-10
-3.6170645e-11
6.5616928e-11
9.6454427e-11
4.5961259e-11
-2.7262218e-11
-9.6212477e-11
-1.7469373e-10
-2.2728069e-10
-1.8157907e-10
-5.8708319e-11
2.4359745e-11
2.8046695e-11
3.8188139e-11
8.8551027e-11
9.301501e-11
2.8513847e-11
-1.8797679e-13
3.2985274e-11
1.7006317e-11
-6.3468223e-11
-8.3764133e-11
-3.2494861e-11
-2.2733094e-11
-3.5444792e-11
2.2964809e-11
7.4959002e-11
2.7093783e-11
-1.575562e-11
4.006139e-12
-2.1629428e-11
-6.2259406e-11
-1.1135298e-11
8.9828711e-12
-7.6586588e-11
-8.9738445e-11
-2.4671488e-11
-3.3650639e-11
-4.4611917e-11
-2.1651762e-11
-4.4302968e-11
1.8443129e-11
1.3250596e-10
5.5885875e-11
-1.4175497e-11
8.081513e-11
3.7952702e-11
-7.1279496e-11
-1.1651676e-10
-2.3763246e-10
-2.0897715e-10
-2.6875749e-10
-1.6550706e-10
-1.2094166e-10
-6.006789e-11
-3.4641705e-11
5.0146996e-11
8.9713319e-11
9.8263477e-11
2.8055071e-11
-3.8898167e-13
-2.2459505e-11
-4.2758206e-11
-9.9430416e-11
-9.5240028e-11
-5.4400669e-11
-6.3632005e-11
-2.8337968e-11
-1.6802519e-11
4.9608192e-11
4.8963304e-11
8.0336813e-11
1.4094351e-10
1.1451882e-10
1.0520931e-10
9.7538551e-11
2.0876592e-11
1.9728257e-13
-1.3316574e-11
-1.1236732e-10
-5.3256058e-11
-1.1350634e-10
-1.0469656e-10
-8.300292e-11
-1.8207134e-10
-1.2931129e-10
-1.4098352e-10
-2.9193726e-10
8.3709234e-11
-2.5635474e-10
-3.5660035e-10
-6.3759498e-11
2.5663764e-10
)
;


// ************************************************************************* //
