/*--------------------------------*- C++ -*----------------------------------*\
| =========                 |                                                 |
| \\      /  F ield         | OpenFOAM: The Open Source CFD Toolbox           |
|  \\    /   O peration     | Version:  1912                                  |
|   \\  /    A nd           | Website:  www.openfoam.com                      |
|    \\/     M anipulation  |                                                 |
\*---------------------------------------------------------------------------*/
FoamFile
{
    version     2.0;
    format      ascii;
    class       volScalarField;
    location    "1.4";
    object      Ccation;
}
// * * * * * * * * * * * * * * * * * * * * * * * * * * * * * * * * * * * * * //

dimensions      [0 -3 0 0 1 0 0];


internalField   nonuniform List<scalar> 
11520
(
4.3415118e-16
4.9157883e-18
3.6870967e-16
-8.9588067e-16
-1.488073e-15
4.1183414e-16
9.4449361e-16
-1.2809162e-16
-9.5053251e-16
-1.6031361e-15
6.4813787e-17
2.7084866e-16
1.2193652e-15
1.1281988e-15
-1.2757972e-15
-6.2056659e-15
-7.9700192e-15
1.1604674e-14
8.664281e-14
2.735468e-13
6.3372855e-13
1.2081476e-12
1.9557698e-12
2.7321991e-12
3.285432e-12
3.3127658e-12
2.5521112e-12
8.7731456e-13
-1.634419e-12
-4.6872869e-12
-7.8146159e-12
-1.0483054e-11
-1.2226842e-11
-1.2769886e-11
-1.2092761e-11
-1.0421601e-11
-8.1472733e-12
-5.708809e-12
-3.4830326e-12
-1.7128413e-12
-4.8761357e-13
2.3068045e-13
5.5589947e-13
6.2417621e-13
5.5523491e-13
4.344246e-13
3.1186083e-13
2.1054505e-13
1.361635e-13
8.4877342e-14
4.8316538e-14
1.6031283e-14
-2.4484041e-14
-9.0366701e-14
-2.0544348e-13
-3.8888183e-13
-6.1391887e-13
-7.4763089e-13
-5.3601265e-13
2.8573876e-13
1.7623082e-12
3.5152761e-12
4.7757763e-12
4.7304766e-12
3.0122002e-12
1.1921349e-14
-3.2249032e-12
-5.4825508e-12
-5.9558234e-12
-4.5969781e-12
-2.0657103e-12
6.3901303e-13
2.6328758e-12
3.4588859e-12
3.1541185e-12
2.1071132e-12
8.2462512e-13
-2.7216402e-13
-9.5431164e-13
-1.1894149e-12
-1.0797208e-12
-7.8092333e-13
-4.3664236e-13
-1.4351301e-13
5.5069655e-14
1.5719992e-13
1.8438132e-13
1.6538119e-13
1.2576082e-13
8.3289224e-14
4.7603238e-14
2.2070825e-14
6.2371733e-15
-2.0837494e-15
-5.4161278e-15
-5.8997631e-15
-5.0493449e-15
-3.7870131e-15
-2.5873366e-15
-1.6371379e-15
-9.6497411e-16
-5.2863865e-16
-2.6584282e-16
-1.1878786e-16
-4.2951373e-17
-7.7666335e-18
5.9850724e-18
9.4826752e-18
8.7378978e-18
6.7019e-18
4.6501055e-18
3.0169962e-18
1.8607996e-18
1.1011966e-18
6.2872957e-19
3.4745952e-19
1.8616687e-19
9.673852e-20
4.8702738e-20
2.3692177e-20
1.1080173e-20
4.936158e-21
2.0588471e-21
7.7508092e-22
2.3855124e-22
3.5889914e-23
-2.6971483e-23
-3.6859063e-23
-3.0194186e-23
-2.0819235e-23
-1.308949e-23
-7.7443579e-24
-4.3781501e-24
-2.3842666e-24
-1.2560438e-24
-6.4114144e-25
-3.1694939e-25
-1.5132167e-25
-6.9356974e-26
-3.017107e-26
-1.2176469e-26
-4.3261573e-27
-1.1425586e-27
-3.4154707e-31
3.1027604e-28
3.1983426e-28
2.4537096e-28
1.6611318e-28
1.0468926e-28
6.2908234e-29
3.6508383e-29
2.0620841e-29
1.1392698e-29
6.178094e-30
3.2966488e-30
1.7341648e-30
9.0059759e-31
4.6225957e-31
2.3472129e-31
1.1799304e-31
5.8758366e-32
2.9001659e-32
1.4194282e-32
6.891488e-33
3.3202587e-33
1.5879005e-33
7.5402533e-34
3.5560409e-34
1.6659523e-34
7.7546413e-35
3.5871141e-35
1.6492546e-35
7.5380402e-36
3.4254836e-36
1.5478834e-36
6.9560716e-37
3.1092273e-37
1.3824639e-37
6.1152693e-38
2.6914298e-38
1.178689e-38
5.1369489e-39
2.228129e-39
9.6192705e-40
4.1337753e-40
1.7684356e-40
7.5318694e-41
3.193889e-41
1.348564e-41
5.6700679e-42
2.3741011e-42
9.8999458e-43
4.1116551e-43
1.7008955e-43
7.0087707e-44
2.8769663e-44
1.1764711e-44
4.7929799e-45
1.9455013e-45
7.8683236e-46
3.1708845e-46
1.2733519e-46
5.0957505e-47
2.0322681e-47
8.0777059e-48
3.2000004e-48
1.2635353e-48
4.9730193e-49
1.9510487e-49
7.630461e-50
2.9750026e-50
1.15637e-50
4.4812364e-51
1.7314461e-51
6.6703466e-52
2.5623247e-52
9.8148592e-53
3.7490026e-53
1.4280602e-53
5.4249233e-54
2.0552941e-54
7.7661248e-55
2.926856e-55
1.1002244e-55
4.1253447e-56
1.5429581e-56
5.7567666e-57
2.1426395e-57
7.9557433e-58
2.9470566e-58
1.0891479e-58
4.0159678e-59
1.4774495e-59
5.4233513e-60
1.9864154e-60
7.259776e-61
2.6480488e-61
9.6232127e-62
3.5412709e-62
1.1209964e-62
-5.5533386e-15
-6.0738842e-16
6.950207e-15
7.0937818e-15
1.1649111e-15
7.7390147e-15
1.6792059e-14
7.9666985e-15
4.8330837e-15
-1.0155297e-14
1.4377169e-15
-2.139912e-15
-1.4869117e-15
7.4686807e-15
3.5859859e-15
-5.1127475e-14
-1.5128045e-13
-1.6069229e-13
1.3850094e-13
1.0377955e-12
2.8373046e-12
5.9450197e-12
1.0699334e-11
1.7235216e-11
2.5216981e-11
3.3717539e-11
4.1254467e-11
4.5962827e-11
4.5898945e-11
3.950574e-11
2.62135e-11
6.9782067e-12
-1.557397e-11
-3.7632673e-11
-5.5232116e-11
-6.5414001e-11
-6.7041517e-11
-6.0974407e-11
-4.960626e-11
-3.5996119e-11
-2.2941148e-11
-1.2319805e-11
-4.8826953e-12
-4.5034808e-13
1.6787858e-12
2.3289899e-12
2.1928064e-12
1.7427133e-12
1.2499466e-12
8.3912096e-13
5.4042254e-13
3.3248359e-13
1.8393448e-13
9.525362e-14
9.0773973e-14
8.0231275e-14
-3.263309e-13
-1.6746772e-12
-3.9010622e-12
-5.4130069e-12
-3.2314161e-12
5.0442335e-12
1.8438329e-11
3.1400916e-11
3.5991056e-11
2.6627027e-11
4.2450812e-12
-2.3222772e-11
-4.4625921e-11
-5.1283894e-11
-4.11333e-11
-1.9155337e-11
5.6520837e-12
2.4652459e-11
3.2930269e-11
3.0330796e-11
2.0324749e-11
7.7902601e-12
-3.0594793e-12
-9.8447744e-12
-1.2153612e-11
-1.0968589e-11
-7.8555242e-12
-4.2847939e-12
-1.2565352e-12
7.7726074e-13
1.7980103e-12
2.0341043e-12
1.79118e-12
1.3407163e-12
8.7074011e-13
4.8200949e-13
2.0805452e-13
4.1629983e-14
-4.2631674e-14
-7.3163019e-14
-7.3722762e-14
-6.0916194e-14
-4.4684954e-14
-2.999643e-14
-1.866161e-14
-1.0790208e-14
-5.7631967e-15
-2.7876508e-15
-1.1583578e-15
-3.442675e-16
1.3253287e-17
1.36304e-16
1.5190499e-16
1.2685468e-16
9.2825179e-17
6.2624284e-17
3.9860593e-17
2.4233019e-17
1.4172108e-17
8.0069134e-18
4.3804345e-18
2.3225958e-18
1.1929547e-18
5.9234887e-19
2.8314204e-19
1.2928565e-19
5.5588655e-20
2.1858512e-20
7.3106863e-21
1.5620303e-21
-3.8037756e-22
-8.1171638e-22
-7.275731e-22
-5.2493268e-22
-3.4044062e-22
-2.0650231e-22
-1.193404e-22
-6.6351605e-23
-3.5677481e-23
-1.8599449e-23
-9.4049082e-24
-4.6055349e-24
-2.1753803e-24
-9.8343328e-25
-4.1928235e-25
-1.6353009e-25
-5.4027504e-26
-1.1001897e-26
3.4471381e-27
6.5904834e-27
5.8803702e-27
4.2840278e-27
2.8265761e-27
1.7552272e-27
1.0450999e-27
6.0295412e-28
3.3926358e-28
1.8698086e-28
1.0124738e-28
5.3983692e-29
2.8389891e-29
1.4745355e-29
7.5716287e-30
3.8470999e-30
1.9354932e-30
9.6475968e-31
4.7668712e-31
2.3357266e-31
1.1353987e-31
5.4771754e-32
2.622858e-32
1.2471466e-32
5.8896359e-33
2.7630057e-33
1.2879044e-33
5.9658632e-34
2.7467809e-34
1.2571986e-34
5.7210589e-35
2.5888157e-35
1.1650215e-35
5.2146787e-36
2.321838e-36
1.0284764e-36
4.5327299e-37
1.9877938e-37
8.6750068e-38
3.7678583e-38
1.628858e-38
7.0092575e-39
3.0025879e-39
1.2805248e-39
5.4372741e-40
2.2988297e-40
9.678211e-41
4.0576588e-41
1.6942469e-41
7.0457367e-42
2.918446e-42
1.204145e-42
4.9491829e-43
2.0264731e-43
8.2665684e-44
3.3597793e-44
1.3605695e-44
5.4900732e-45
2.2075245e-45
8.8455528e-46
3.5323047e-46
1.4058093e-46
5.5763586e-47
2.2047108e-47
8.6885945e-48
3.4132209e-48
1.3366446e-48
5.218235e-49
2.0309846e-49
7.8810462e-50
3.0491167e-50
1.176239e-50
4.5244595e-51
1.7354233e-51
6.637881e-52
2.5319573e-52
9.6317129e-53
3.6541635e-53
1.3826957e-53
5.2183848e-54
1.9644132e-54
7.3762051e-55
2.7628194e-55
1.0323026e-55
3.8477953e-56
1.4308115e-56
5.3080286e-57
1.9646218e-57
7.2549388e-58
2.6730766e-58
9.8271315e-59
3.604807e-59
1.31974e-59
4.8126222e-60
1.7803901e-60
5.5630966e-61
4.549687e-14
-2.1119494e-14
-2.6821877e-14
-5.5657841e-14
-3.3906319e-14
-3.4878455e-14
-3.7884543e-14
-1.3777316e-13
-2.3611347e-14
-1.3095113e-13
6.354231e-14
2.6887318e-14
-4.3718642e-14
-1.5389441e-13
-3.3898708e-13
-9.7557364e-13
-2.1015393e-12
-2.3435993e-12
1.1550792e-12
1.1934136e-11
3.2735476e-11
6.5027754e-11
1.0900451e-10
1.6352872e-10
2.2584284e-10
2.9088205e-10
3.5139229e-10
3.9880079e-10
4.2477159e-10
4.2279773e-10
3.8925545e-10
3.2382217e-10
2.2964613e-10
1.1365468e-10
-1.3101534e-11
-1.3571681e-10
-2.3720754e-10
-3.0231758e-10
-3.2252456e-10
-2.9971835e-10
-2.4585235e-10
-1.7822191e-10
-1.1303345e-10
-6.0756222e-11
-2.4978719e-11
-4.1318016e-12
5.7455837e-12
8.7973229e-12
8.301076e-12
6.4633911e-12
4.5387853e-12
3.0518274e-12
2.0237216e-12
1.1794838e-12
4.1139067e-13
3.4680081e-13
1.6613849e-12
2.5849847e-12
-2.1116446e-12
-1.5925648e-11
-3.101974e-11
-2.5261559e-11
2.4165942e-11
1.1615352e-10
2.1132973e-10
2.4652872e-10
1.7401308e-10
-1.3860677e-12
-2.1571909e-10
-3.7690081e-10
-4.1352667e-10
-3.1090356e-10
-1.145487e-10
9.6717799e-11
2.4931371e-10
3.0391386e-10
2.6353155e-10
1.6230412e-10
4.5095365e-11
-5.0991177e-11
-1.0649584e-10
-1.2002702e-10
-1.0242912e-10
-6.90883e-11
-3.3743513e-11
-5.2651494e-12
1.2784545e-11
2.0859882e-11
2.1566764e-11
1.8041147e-11
1.293154e-11
7.9895392e-12
4.0883323e-12
1.4529645e-12
-6.5456019e-14
-7.655959e-13
-9.5296291e-13
-8.7099261e-13
-6.8329647e-13
-4.8345276e-13
-3.1479479e-13
-1.8999044e-13
-1.0604831e-13
-5.3991697e-14
-2.4146102e-14
-8.4549874e-15
-1.0842896e-15
1.7890532e-15
2.4665311e-15
2.22312e-15
1.7013517e-15
1.1854875e-15
7.7434925e-16
4.8126846e-16
2.870288e-16
1.6509164e-16
9.1837352e-17
4.9470621e-17
2.5800474e-17
1.300455e-17
6.3105716e-18
2.9269174e-18
1.2802177e-18
5.1392839e-19
1.7729156e-19
4.1223572e-20
-6.3681501e-21
-1.7967049e-20
-1.6815556e-20
-1.242617e-20
-8.2086202e-21
-5.060728e-21
-2.970052e-21
-1.676636e-21
-9.1562044e-22
-4.8513274e-22
-2.4961488e-22
-1.2461232e-22
-6.0180661e-23
-2.7952111e-23
-1.2351276e-23
-5.0834452e-24
-1.8584331e-24
-5.2221451e-25
-2.7476506e-26
1.1642641e-25
1.2891201e-25
1.0199841e-25
7.052495e-26
4.5219555e-26
2.7590617e-26
1.6239291e-26
9.2952565e-27
5.2013235e-27
2.8554827e-27
1.5419646e-27
8.2059675e-28
4.3100673e-28
2.2368667e-28
1.1481613e-28
5.8331734e-29
2.9351031e-29
1.4635017e-29
7.2346252e-30
3.5470457e-30
1.7254367e-30
8.3300736e-31
3.9924343e-31
1.9000951e-31
8.9817485e-32
4.2177912e-32
1.9680276e-32
9.1259084e-33
4.2062119e-33
1.9272709e-33
8.7799726e-34
3.9774132e-34
1.7919274e-34
8.0297917e-35
3.5793287e-35
1.5873004e-35
7.0036039e-36
3.0749034e-36
1.343475e-36
5.8419122e-37
2.5283969e-37
1.0892721e-37
4.671574e-38
1.9946162e-38
8.479244e-39
3.5891206e-39
1.5128035e-39
6.3499458e-40
2.6544789e-40
1.1051931e-40
4.583253e-41
1.893271e-41
7.7907778e-42
3.1937665e-42
1.304381e-42
5.3077306e-43
2.1519887e-43
8.6940268e-44
3.5000523e-44
1.4041805e-44
5.6142034e-45
2.2371321e-45
8.8849411e-46
3.5172059e-46
1.3878478e-46
5.4589222e-47
2.1404887e-47
8.3671886e-48
3.2608149e-48
1.2669861e-48
4.9083494e-49
1.8959884e-49
7.3028245e-50
2.8049113e-50
1.0743317e-50
4.1036123e-51
1.5632209e-51
5.9390594e-52
2.2504803e-52
8.5056929e-53
3.2065465e-53
1.205799e-53
4.5231161e-54
1.6925503e-54
6.3183227e-55
2.353062e-55
8.7428082e-56
3.2409246e-56
1.198674e-56
4.4234645e-57
1.6287479e-57
5.9854784e-58
2.1904325e-58
8.1452679e-59
2.5265184e-59
-4.0328099e-13
2.8465031e-13
1.0364347e-13
3.3807227e-13
2.1875982e-13
8.2297723e-14
7.0757939e-13
-2.7175648e-13
1.8013403e-12
-8.6803048e-13
1.3471855e-12
-1.3292386e-13
-1.7614933e-12
-6.1175952e-12
-1.2652633e-11
-2.291765e-11
-3.0939262e-11
-1.765795e-11
4.7653148e-11
1.9871703e-10
4.588338e-10
8.3175755e-10
1.3005924e-09
1.831884e-09
2.3817384e-09
2.9005088e-09
3.3375273e-09
3.6463698e-09
3.7906549e-09
3.7491944e-09
3.5189778e-09
3.1152635e-09
2.569112e-09
1.9232853e-09
1.2275016e-09
5.3403018e-10
-1.055525e-10
-6.428026e-10
-1.0363691e-09
-1.258986e-09
-1.3050886e-09
-1.1952736e-09
-9.7493163e-10
-7.0484175e-10
-4.4450386e-10
-2.3523864e-10
-9.2768592e-11
-1.2138769e-11
2.243113e-11
2.9877869e-11
2.6206879e-11
2.008487e-11
1.4181263e-11
9.8159082e-12
7.4458822e-12
5.1564698e-12
2.6475199e-12
4.3008071e-12
8.7457124e-12
-2.6459808e-12
-4.5253615e-11
-7.9546363e-11
7.8762623e-12
3.2572851e-10
8.3389708e-10
1.2684639e-09
1.2511648e-09
5.4656345e-10
-7.1764084e-10
-2.0498509e-09
-2.8382195e-09
-2.6842893e-09
-1.6146015e-09
-5.2558435e-11
1.4085907e-09
2.2838218e-09
2.3782233e-09
1.8070455e-09
8.8346257e-10
-4.2857758e-11
-7.1577987e-10
-1.0295535e-09
-1.0147998e-09
-7.8326297e-10
-4.6585899e-10
-1.6782835e-10
5.0800214e-11
1.7341711e-10
2.1323006e-10
1.9711599e-10
1.528637e-10
1.0196269e-10
5.7390234e-11
2.4622375e-11
4.0238655e-12
-6.7002631e-12
-1.0657044e-11
-1.0678748e-11
-8.8681186e-12
-6.550001e-12
-4.4214215e-12
-2.7561869e-12
-1.5865656e-12
-8.3373079e-13
-3.8699716e-13
-1.4389247e-13
-2.5155543e-14
2.3812574e-14
3.7309817e-14
3.5110914e-14
2.7607278e-14
1.9641496e-14
1.3056838e-14
8.2415199e-15
4.9843889e-15
2.9037664e-15
1.6344235e-15
8.900113e-16
4.6878732e-16
2.3839923e-16
1.1657495e-16
5.4391271e-17
2.3865269e-17
9.5568146e-18
3.2393379e-18
6.8384883e-19
-2.0087548e-19
-4.0341276e-19
-3.6522958e-19
-2.6814775e-19
-1.7744093e-19
-1.099945e-19
-6.5048811e-20
-3.7058552e-20
-2.0449228e-20
-1.0960781e-20
-5.7123664e-21
-2.8928587e-21
-1.4201004e-21
-6.7245557e-22
-3.0441851e-22
-1.2954755e-22
-5.0021544e-23
-1.5947256e-23
-2.6331298e-24
1.7288496e-24
2.5544387e-24
2.1931129e-24
1.5824076e-24
1.0438382e-24
6.5079435e-25
3.899133e-25
2.2664603e-25
1.2858501e-25
7.1490349e-26
3.9062419e-26
2.1020267e-26
1.1157812e-26
5.8495744e-27
3.0318528e-27
1.5548374e-27
7.8949483e-28
3.9714524e-28
1.980148e-28
9.7898955e-29
4.8012202e-29
2.3364729e-29
1.1285803e-29
5.4122893e-30
2.5775668e-30
1.2193086e-30
5.7303181e-31
2.6759941e-31
1.2419582e-31
5.729453e-32
2.6276546e-32
1.1982097e-32
5.433302e-33
2.4502772e-33
1.0991018e-33
4.9043392e-34
2.1771537e-34
9.6162939e-35
4.2264776e-35
1.848596e-35
8.0470519e-36
3.4865848e-36
1.5037243e-36
6.4561767e-37
2.7596581e-37
1.1744654e-37
4.9769308e-38
2.1001478e-38
8.8254036e-39
3.693554e-39
1.5395984e-39
6.3922077e-40
2.6436337e-40
1.0891422e-40
4.4701923e-41
1.8278936e-41
7.4470282e-42
3.0230566e-42
1.2228243e-42
4.9290049e-43
1.9799505e-43
7.9263161e-44
3.1625117e-44
1.2576448e-44
4.9850548e-45
1.9696484e-45
7.7577311e-46
3.0459873e-46
1.1923085e-46
4.653031e-47
1.8104614e-47
7.0237277e-48
2.7170016e-48
1.0480318e-48
4.0312489e-49
1.5463343e-49
5.9153917e-50
2.2568229e-50
8.5874167e-51
3.2590845e-51
1.2337109e-51
4.6583522e-52
1.7545608e-52
6.5923086e-53
2.4708996e-53
9.2392401e-54
3.4466389e-54
1.282768e-54
4.7632909e-55
1.7647696e-55
6.5236352e-56
2.4068479e-56
8.8409364e-57
3.3044533e-57
1.0210504e-57
2.5035014e-12
-2.273584e-12
-8.6001484e-13
-2.3068144e-12
7.829397e-13
-6.1948644e-12
8.1457948e-12
-1.8831503e-11
1.496025e-11
-2.7750004e-11
6.8803632e-12
-2.8356335e-11
-6.8166091e-11
-1.6601857e-10
-2.7841248e-10
-3.7386505e-10
-3.1359997e-10
1.3059904e-10
1.2198604e-09
3.1705644e-09
6.0762553e-09
9.8589976e-09
1.4272211e-08
1.8946939e-08
2.345889e-08
2.739198e-08
3.0390026e-08
3.2191321e-08
3.2651063e-08
3.1749522e-08
2.9586236e-08
2.6361279e-08
2.2347e-08
1.7855544e-08
1.3207436e-08
8.7044028e-09
4.6079654e-09
1.1235363e-09
-1.610583e-09
-3.5285234e-09
-4.63705e-09
-5.011267e-09
-4.7854117e-09
-4.1370145e-09
-3.2603784e-09
-2.3344632e-09
-1.4966613e-09
-8.251252e-10
-3.3764699e-10
-1.6688462e-11
1.6051625e-10
2.1592958e-10
1.8327093e-10
1.1353813e-10
5.7836922e-11
3.5603893e-11
2.4778132e-11
2.2538744e-12
-1.8283596e-12
8.9604531e-11
3.3466853e-10
7.5405971e-10
1.4111539e-09
2.4330619e-09
3.7687312e-09
4.8037525e-09
4.3238476e-09
1.1878501e-09
-4.6013444e-09
-1.1299298e-08
-1.5970905e-08
-1.6006685e-08
-1.0648447e-08
-1.5288441e-09
8.0909498e-09
1.4872932e-08
1.6837411e-08
1.3984745e-08
7.9609174e-09
1.1227346e-09
-4.4526297e-09
-7.5946867e-09
-8.1638694e-09
-6.7832084e-09
-4.4046681e-09
-1.9195608e-09
7.1276641e-11
1.3131094e-09
1.8299974e-09
1.8057181e-09
1.4706087e-09
1.024884e-09
6.0400886e-10
2.76488e-10
5.9458515e-11
-6.0600044e-11
-1.0992922e-10
-1.1550847e-10
-9.8985581e-11
-7.4945213e-11
-5.1650911e-11
-3.2766607e-11
-1.9130318e-11
-1.0149219e-11
-4.7154102e-12
-1.711002e-12
-2.2700846e-13
3.8596036e-13
5.4808458e-13
5.0787403e-13
3.9893356e-13
2.8486237e-13
1.9039021e-13
1.2089499e-13
7.3551708e-14
4.308646e-14
2.436826e-14
1.3319117e-14
7.0311721e-15
3.5759866e-15
1.7430784e-15
8.0634144e-16
3.4728045e-16
1.3348815e-16
4.0507324e-17
4.1455455e-18
-7.3694324e-18
-9.0158004e-18
-7.421372e-18
-5.2556727e-18
-3.4232332e-18
-2.1086179e-18
-1.2457072e-18
-7.1133991e-19
-3.9436715e-19
-2.1275544e-19
-1.1176857e-19
-5.7133453e-20
-2.8350132e-20
-1.3592475e-20
-6.2447387e-21
-2.7074528e-21
-1.0736514e-21
-3.5983038e-22
-7.3094516e-23
2.5690836e-23
4.8080447e-23
4.3502305e-23
3.2267395e-23
2.1702287e-23
1.3743911e-23
8.3470278e-24
4.9119262e-24
2.8187368e-24
1.584144e-24
8.7452982e-25
4.752782e-25
2.5470441e-25
1.3477295e-25
7.048478e-26
3.6465299e-26
1.8674934e-26
9.4730231e-27
4.7619695e-27
2.3732418e-27
1.1730594e-27
5.7526356e-28
2.7997093e-28
1.3526191e-28
6.4887477e-29
3.0914771e-29
1.46312e-29
6.8799411e-30
3.2148189e-30
1.4930221e-30
6.8925553e-31
3.1634489e-31
1.4436655e-31
6.5516844e-32
2.957144e-32
1.3276236e-32
5.9293624e-33
2.6346131e-33
1.1647827e-33
5.1242902e-34
2.243485e-34
9.7757847e-35
4.2399042e-35
1.8305098e-35
7.8674518e-36
3.3664757e-36
1.434262e-36
6.0844929e-37
2.5703579e-37
1.0813484e-37
4.5307413e-38
1.890743e-38
7.8592777e-39
3.2542158e-39
1.3423003e-39
5.5159225e-40
2.2582741e-40
9.2119092e-41
3.7442175e-41
1.516472e-41
6.1205823e-42
2.4618338e-42
9.8685796e-43
3.9427787e-43
1.5700864e-43
6.2321703e-44
2.4658723e-44
9.7260828e-45
3.8243859e-45
1.4992079e-45
5.8594664e-46
2.2833358e-46
8.8718908e-47
3.4372895e-47
1.3279697e-47
5.1162374e-48
1.9657203e-48
7.5321507e-49
2.878459e-49
1.0971399e-49
4.1710156e-50
1.5816704e-50
5.9827494e-51
2.257419e-51
8.4970008e-52
3.1906301e-52
1.1952518e-52
4.4671336e-53
1.6657079e-53
6.1970435e-54
2.3002924e-54
8.5220392e-55
3.1427271e-55
1.1807025e-55
3.6427714e-56
-4.5446935e-11
-2.45672e-11
3.576848e-11
-3.8338154e-11
6.5477543e-11
-1.0162223e-10
1.5865952e-10
-1.3177563e-10
2.3057275e-10
-4.088741e-10
-2.4583209e-10
-1.0930761e-09
-1.8326251e-09
-3.0813716e-09
-3.8597915e-09
-3.5269125e-09
-5.5194322e-10
6.725209e-09
1.9634799e-08
3.8780596e-08
6.3867128e-08
9.3615639e-08
1.2593066e-07
1.5821576e-07
1.8777733e-07
2.1215907e-07
2.2943787e-07
2.3836613e-07
2.3846624e-07
2.3001439e-07
2.1394851e-07
1.9171361e-07
1.6507493e-07
1.3592979e-07
1.0614136e-07
7.7406832e-08
5.1160182e-08
2.8505038e-08
1.0171375e-08
-3.5090515e-09
-1.2602086e-08
-1.7540133e-08
-1.9055391e-08
-1.8071356e-08
-1.5571126e-08
-1.2459326e-08
-9.4301427e-09
-6.8901312e-09
-4.9530408e-09
-3.4885037e-09
-2.2520353e-09
-1.0380609e-09
2.8022278e-10
1.7495699e-09
3.2889563e-09
4.8290322e-09
6.6414877e-09
9.3031457e-09
1.3139528e-08
1.7825196e-08
2.2500418e-08
2.592804e-08
2.6501755e-08
2.2633911e-08
1.3557261e-08
-3.6256259e-10
-1.8179439e-08
-3.8690256e-08
-5.9431577e-08
-7.5201886e-08
-7.844218e-08
-6.2651761e-08
-2.7111687e-08
2.0566585e-08
6.6401841e-08
9.5782809e-08
9.9775657e-08
7.8606413e-08
4.083315e-08
-8.3200132e-10
-3.4637887e-08
-5.3519059e-08
-5.6278423e-08
-4.644586e-08
-2.9895996e-08
-1.2445157e-08
1.7510633e-09
1.0751843e-08
1.4542359e-08
1.4311426e-08
1.1683197e-08
8.1457579e-09
4.7557616e-09
2.0808641e-09
2.8922983e-10
-7.0496707e-10
-1.1039135e-09
-1.1274137e-09
-9.5843063e-10
-7.2401708e-10
-4.981899e-10
-3.1473902e-10
-1.8182526e-10
-9.413178e-11
-4.120573e-11
-1.2262911e-11
1.6117764e-12
6.8708238e-12
7.7290819e-12
6.691542e-12
5.1013788e-12
3.5864398e-12
2.3754785e-12
1.4995238e-12
9.0813694e-13
5.2964142e-13
2.9799728e-13
1.6175661e-13
8.4555478e-14
4.2380956e-14
2.0197209e-14
9.003485e-15
3.6254237e-15
1.2005931e-15
2.054114e-16
-1.3847602e-16
-2.1052359e-16
-1.8523461e-16
-1.365427e-16
-9.1731639e-17
-5.8054611e-17
-3.5179182e-17
-2.0595301e-17
-1.1709692e-17
-6.4847618e-18
-3.5027162e-18
-1.8454641e-18
-9.4724468e-19
-4.7234874e-19
-2.2767769e-19
-1.0515187e-19
-4.5789712e-20
-1.8190067e-20
-6.0552208e-21
-1.1563002e-21
5.3246723e-22
9.0616704e-22
8.1264166e-22
6.038906e-22
4.0831564e-22
2.6034147e-22
1.5930546e-22
9.449035e-23
5.4665869e-23
3.097588e-23
1.7241774e-23
9.4476736e-24
5.1045943e-24
2.7229792e-24
1.4355446e-24
7.4858227e-25
3.8637873e-25
1.9751103e-25
1.0004405e-25
5.0234433e-26
2.5014244e-26
1.23565e-26
6.056989e-27
2.947063e-27
1.4236415e-27
6.829492e-28
3.2541892e-28
1.5404482e-28
7.2456701e-29
3.386954e-29
1.5736453e-29
7.2683291e-30
3.3377387e-30
1.5241112e-30
6.9211957e-31
3.1260559e-31
1.4044686e-31
6.2773071e-32
2.7914197e-32
1.235122e-32
5.438365e-33
2.3830872e-33
1.0393515e-33
4.5120342e-34
1.9498673e-34
8.3886993e-35
3.5931401e-35
1.5324126e-35
6.5077442e-36
2.7521286e-36
1.1590974e-36
4.8619767e-37
2.0313067e-37
8.4534734e-38
3.5044402e-38
1.4472782e-38
5.9547133e-39
2.4410138e-39
9.9702185e-40
4.057778e-40
1.6456774e-40
6.6511562e-41
2.6789736e-41
1.0754272e-41
4.302857e-42
1.7160024e-42
6.8215851e-43
2.7032125e-43
1.067882e-43
4.2056681e-44
1.651336e-44
6.4646407e-45
2.5233726e-45
9.8212237e-46
3.8116757e-46
1.4752005e-46
5.6936289e-47
2.1915344e-47
8.4129077e-48
3.2210687e-48
1.2300617e-48
4.6853664e-49
1.7801895e-49
6.7470033e-50
2.5508985e-50
9.6211761e-51
3.620184e-51
1.3589861e-51
5.089731e-52
1.9018911e-52
7.0905925e-53
2.6384383e-53
9.7708684e-54
3.6900942e-54
1.1386441e-54
-1.0626769e-09
2.503836e-09
-1.5387491e-09
9.3635486e-10
-9.7765546e-11
-6.2906113e-10
-7.2598338e-10
-2.4216458e-09
-3.2043891e-09
-9.9194889e-09
-1.1776502e-08
-2.0909255e-08
-2.6047766e-08
-3.1900555e-08
-2.7913921e-08
-9.891855e-09
3.1272584e-08
1.010753e-07
2.0140662e-07
3.2987376e-07
4.8108215e-07
6.4667846e-07
8.1632249e-07
9.7863636e-07
1.1223744e-06
1.2373554e-06
1.3154901e-06
1.3515331e-06
1.3436606e-06
1.2935926e-06
1.206226e-06
1.088855e-06
9.5018217e-07
7.9934112e-07
6.4509079e-07
4.9525143e-07
3.563669e-07
2.3353453e-07
1.3033649e-07
4.8812802e-08
-1.0541517e-08
-4.8739375e-08
-6.8196348e-08
-7.2495014e-08
-6.5997488e-08
-5.3336781e-08
-3.8820658e-08
-2.5907644e-08
-1.6916761e-08
-1.2949385e-08
-1.4119945e-08
-2.0181626e-08
-3.1200027e-08
-4.8015169e-08
-7.2450637e-08
-1.0688256e-07
-1.5344954e-07
-2.1423842e-07
-2.9188615e-07
-3.8770607e-07
-4.975009e-07
-6.0999744e-07
-7.1048906e-07
-7.8538957e-07
-8.2299193e-07
-8.1248784e-07
-7.4629159e-07
-6.2514943e-07
-4.5995166e-07
-2.6707359e-07
-6.1834867e-08
1.427747e-07
3.3088467e-07
4.7852362e-07
5.5608126e-07
5.3978767e-07
4.2566909e-07
2.367018e-07
1.7950404e-08
-1.7826591e-07
-3.0982842e-07
-3.5701451e-07
-3.2516113e-07
-2.3844729e-07
-1.2894232e-07
-2.5884024e-08
5.1289589e-08
9.5015141e-08
1.0768873e-07
9.7682785e-08
7.5196758e-08
4.9185835e-08
2.5800755e-08
8.1509734e-09
-3.0991261e-09
-8.8139996e-09
-1.0524023e-08
-9.8049854e-09
-7.9372138e-09
-5.7918862e-09
-3.8603713e-09
-2.3488889e-09
-1.2842413e-09
-6.0162217e-10
-2.0484116e-10
-7.5080578e-13
8.5479204e-11
1.0696474e-10
9.7727943e-11
7.7449573e-11
5.620511e-11
3.8263312e-11
2.4749115e-11
1.531925e-11
9.1110822e-12
5.2162321e-12
2.8745857e-12
1.5215856e-12
7.6972764e-13
3.6846724e-13
1.6364658e-13
6.4497416e-14
1.974425e-14
1.5926918e-15
-4.378585e-15
-5.2881433e-15
-4.4371343e-15
-3.2262406e-15
-2.1647699e-15
-1.3769655e-15
-8.4189961e-16
-4.987338e-16
-2.8760917e-16
-1.6190486e-16
-8.9091535e-17
-4.7933526e-17
-2.5194531e-17
-1.2910378e-17
-6.425679e-18
-3.0868053e-18
-1.4157393e-18
-6.0745741e-19
-2.3333058e-19
-7.058708e-20
-6.5338504e-21
1.4046166e-20
1.714379e-20
1.4341723e-20
1.0387991e-20
6.9517677e-21
4.4182173e-21
2.7051862e-21
1.6091522e-21
9.3494109e-22
5.3253841e-22
2.9815062e-22
1.6439353e-22
8.9402012e-23
4.8010392e-23
2.5483642e-23
1.3380301e-23
6.9539725e-24
3.5793556e-24
1.8255353e-24
9.2293532e-25
4.6270971e-25
2.3011525e-25
1.1355603e-25
5.5618513e-26
2.7044504e-26
1.3058294e-26
6.2622633e-27
2.9832996e-27
1.4120838e-27
6.6419338e-28
3.1050384e-28
1.4429182e-28
6.6662115e-29
3.0622196e-29
1.3988389e-29
6.3551359e-30
2.871819e-30
1.290956e-30
5.7734192e-31
2.569007e-31
1.1374953e-31
5.0121734e-32
2.1980285e-32
9.5941945e-33
4.168576e-33
1.8030418e-33
7.7641962e-34
3.3288377e-34
1.4211045e-34
6.0412616e-35
2.5575707e-35
1.0783393e-35
4.5283461e-36
1.8941231e-36
7.8920267e-37
3.2757245e-37
1.3545369e-37
5.5803912e-38
2.2906243e-38
9.3687827e-39
3.8183589e-39
1.5508091e-39
6.2769882e-40
2.5320867e-40
1.018035e-40
4.0796776e-41
1.6296332e-41
6.4889762e-42
2.5757633e-42
1.0192952e-42
4.021413e-43
1.5818387e-43
6.2039792e-44
2.4261774e-44
9.4610204e-45
3.6790478e-45
1.4267023e-45
5.5175958e-46
2.1281526e-46
8.1867097e-47
3.1411364e-47
1.2021306e-47
4.5890223e-48
1.7474639e-48
6.6379082e-49
2.5153835e-49
9.5091491e-50
3.5863917e-50
1.3494776e-50
5.066184e-51
1.8975644e-51
7.0939132e-52
2.6388933e-52
1.0020022e-52
3.0960969e-53
1.6260352e-08
4.4690051e-09
-1.7163497e-08
3.1102784e-09
-2.4341185e-08
-1.7979161e-08
-5.0585108e-08
-4.5210183e-08
-8.9634323e-08
-1.1525489e-07
-1.4377672e-07
-1.7832256e-07
-1.7865164e-07
-1.5833389e-07
-6.2195266e-08
1.1687557e-07
4.0703325e-07
8.0198407e-07
1.2867195e-06
1.8370346e-06
2.4353702e-06
3.0639079e-06
3.7028937e-06
4.3251712e-06
4.8949714e-06
5.3700314e-06
5.7086377e-06
5.8776761e-06
5.8595448e-06
5.6555083e-06
5.2848253e-06
4.7804576e-06
4.1830684e-06
3.5350362e-06
2.8756855e-06
2.2382602e-06
1.6485832e-06
1.1250078e-06
6.7915863e-07
3.169777e-07
3.97156e-08
-1.5532061e-07
-2.7430895e-07
-3.2660947e-07
-3.2437313e-07
-2.8181945e-07
-2.1389063e-07
-1.341503e-07
-5.2188637e-08
2.9002773e-08
1.1503129e-07
2.2077086e-07
3.6938338e-07
5.8936346e-07
9.0932991e-07
1.3519971e-06
1.9300922e-06
2.645394e-06
3.4897541e-06
4.4457579e-06
5.4838264e-06
6.5549702e-06
7.5860584e-06
8.4879574e-06
9.1764787e-06
9.5914095e-06
9.6998409e-06
9.4875212e-06
8.954424e-06
8.1225874e-06
7.046071e-06
5.806833e-06
4.4934086e-06
3.1769515e-06
1.9032073e-06
7.0588962e-07
-3.7078548e-07
-1.259998e-06
-1.8824441e-06
-2.17475e-06
-2.1202241e-06
-1.7648067e-06
-1.2097755e-06
-5.8481665e-07
-1.3504711e-08
4.153716e-07
6.6189002e-07
7.3292292e-07
6.6833484e-07
5.2257715e-07
3.481955e-07
1.8513691e-07
5.6728126e-08
-2.9024005e-08
-7.5139313e-08
-9.0612593e-08
-8.6133082e-08
-7.1262571e-08
-5.3091482e-08
-3.6016466e-08
-2.2173238e-08
-1.2120756e-08
-5.5078108e-09
-1.5888983e-09
4.4313177e-10
1.282889e-09
1.4500491e-09
1.2924815e-09
1.0193394e-09
7.4145918e-10
5.0727502e-10
3.2988397e-10
2.0511073e-10
1.2229531e-10
6.9973007e-11
3.8359587e-11
2.005808e-11
9.911936e-12
4.5433286e-12
1.8524732e-12
5.9436856e-13
6.3665194e-14
-1.2104279e-13
-1.5567237e-13
-1.3482733e-13
-1.0050868e-13
-6.8977196e-14
-4.4839187e-14
-2.8020664e-14
-1.6978328e-14
-1.0027718e-14
-5.7919669e-15
-3.2779292e-15
-1.8192764e-15
-9.9014837e-16
-5.2793522e-16
-2.7520223e-16
-1.3976801e-16
-6.8770483e-17
-3.2476681e-17
-1.4476637e-17
-5.8880467e-18
-2.0028272e-18
-3.8368249e-19
1.96427e-19
3.3414857e-19
3.0648606e-19
2.3364919e-19
1.6220502e-19
1.0620985e-19
6.6738563e-20
4.0641233e-20
2.4132367e-20
1.4030048e-20
8.0094408e-21
4.4993912e-21
2.4912518e-21
1.3612727e-21
7.3481638e-22
3.9217651e-22
2.0708875e-22
1.0825822e-22
5.6055235e-23
2.8761766e-23
1.4629491e-23
7.3791903e-24
3.6922421e-24
1.8331447e-24
9.0331811e-25
4.4190103e-25
2.1465674e-25
1.0355886e-25
4.9628943e-26
2.3630035e-26
1.1180135e-26
5.2571529e-27
2.4571904e-27
1.1417526e-27
5.2748183e-28
2.4232586e-28
1.1071354e-28
5.0310668e-29
2.2741823e-29
1.022685e-29
4.5756591e-30
2.0370547e-30
9.0246329e-31
3.9789945e-31
1.7461112e-31
7.6271408e-32
3.3164879e-32
1.4356752e-32
6.1876886e-33
2.6553859e-33
1.1347111e-33
4.8287216e-34
2.0464362e-34
8.6379894e-35
3.6316507e-35
1.5208989e-35
6.3449589e-36
2.6370366e-36
1.0919144e-36
4.5047613e-37
1.8517863e-37
7.5852613e-38
3.0962432e-38
1.2595292e-38
5.1063837e-39
2.0633537e-39
8.3102002e-40
3.3361772e-40
1.3350832e-40
5.3261161e-41
2.1182493e-41
8.3990149e-42
3.3203574e-42
1.3087795e-42
5.143905e-43
2.0159668e-43
7.8787391e-44
3.0706576e-44
1.1935084e-44
4.6265437e-45
1.7887194e-45
6.8976156e-46
2.6530375e-46
1.0178679e-46
3.8954581e-47
1.4871674e-47
5.6638262e-48
2.1519036e-48
8.1566566e-49
3.0845421e-49
1.1637871e-49
4.3807782e-50
1.6459211e-50
6.1523588e-51
2.349296e-51
7.2762596e-52
3.1710764e-07
-3.2294295e-07
6.8771579e-08
-2.5856126e-07
-1.8972248e-07
-2.8952383e-07
-4.9099705e-07
-3.7836474e-07
-7.56285e-07
-6.4306753e-07
-8.5821512e-07
-7.453561e-07
-6.1270461e-07
-2.6767474e-07
3.0848334e-07
1.1518644e-06
2.2812191e-06
3.5697508e-06
4.9490453e-06
6.4037554e-06
8.0641148e-06
1.0068593e-05
1.2495144e-05
1.527687e-05
1.819546e-05
2.092743e-05
2.3127312e-05
2.4510215e-05
2.4907609e-05
2.4289792e-05
2.2753641e-05
2.0488212e-05
1.7731423e-05
1.4729171e-05
1.1703863e-05
8.8348406e-06
6.2500055e-06
4.0262801e-06
2.1960873e-06
7.5717846e-07
-3.164841e-07
-1.0646258e-06
-1.5327231e-06
-1.7671071e-06
-1.813471e-06
-1.7187772e-06
-1.5360715e-06
-1.3309948e-06
-1.1880859e-06
-1.2144124e-06
-1.5382388e-06
-2.3014754e-06
-3.6456317e-06
-5.6923299e-06
-8.5218996e-06
-1.2155588e-05
-1.654687e-05
-2.1584908e-05
-2.7107837e-05
-3.291786e-05
-3.879058e-05
-4.4478306e-05
-4.971386e-05
-5.4222531e-05
-5.7746892e-05
-6.008271e-05
-6.1113843e-05
-6.0827324e-05
-5.9298138e-05
-5.6654203e-05
-5.3046913e-05
-4.8645095e-05
-4.3646126e-05
-3.8280219e-05
-3.2788907e-05
-2.7382015e-05
-2.2198377e-05
-1.7297261e-05
-1.2688965e-05
-8.38828e-06
-4.4604009e-06
-1.0333393e-06
1.7302859e-06
3.6881774e-06
4.7741429e-06
5.0306645e-06
4.6065462e-06
3.7232948e-06
2.6249559e-06
1.5292546e-06
5.9377858e-07
-9.6965867e-08
-5.2551638e-07
-7.2321275e-07
-7.4780945e-07
-6.6347071e-07
-5.2680656e-07
-3.7977176e-07
-2.4827659e-07
-1.4447303e-07
-7.0680571e-08
-2.342351e-08
3.2926585e-09
1.577213e-08
1.9419643e-08
1.8284144e-08
1.5071967e-08
1.1390995e-08
8.0616373e-09
5.4018271e-09
3.4471167e-09
2.1003036e-09
1.2216772e-09
6.7627447e-10
3.5362977e-10
1.7201325e-10
7.5265095e-11
2.7069224e-11
5.1831112e-12
-3.3221291e-12
-5.5653523e-12
-5.2342139e-12
-4.098198e-12
-2.9165901e-12
-1.9535394e-12
-1.2534417e-12
-7.7841217e-13
-4.7098455e-13
-2.7888015e-13
-1.6208407e-13
-9.264221e-14
-5.2128175e-14
-2.8882053e-14
-1.5747766e-14
-8.4372254e-15
-4.4304771e-15
-2.2709312e-15
-1.1290009e-15
-5.3878152e-16
-2.4229837e-16
-9.8868118e-17
-3.3082468e-17
-5.3383031e-18
4.6463872e-18
6.9275127e-18
6.2756951e-18
4.8114355e-18
3.3792929e-18
2.2443543e-18
1.4321853e-18
8.8621149e-19
5.3483723e-19
3.160448e-19
1.8336796e-19
1.0467384e-19
5.8881126e-20
3.2679553e-20
1.7913211e-20
9.705708e-21
5.2016276e-21
2.7590985e-21
1.4492192e-21
7.5411099e-22
3.889053e-22
1.9884494e-22
1.008293e-22
5.0720921e-23
2.5318114e-23
1.2543704e-23
6.1697674e-24
3.0133637e-24
1.461703e-24
7.0432186e-25
3.3718043e-25
1.6039954e-25
7.5833304e-26
3.5636569e-26
1.6648329e-26
7.7328786e-27
3.5715913e-27
1.6405301e-27
7.494767e-28
3.4058943e-28
1.5397457e-28
6.9255709e-29
3.0995117e-29
1.3803937e-29
6.1182063e-30
2.6989504e-30
1.1850927e-30
5.180029e-31
2.2540802e-31
9.7655704e-32
4.2125967e-32
1.8094983e-32
7.740227e-33
3.2973643e-33
1.3990318e-33
5.9124118e-34
2.4888954e-34
1.0437134e-34
4.3602931e-35
1.8148328e-35
7.5261023e-36
3.1098669e-36
1.2804918e-36
5.2541165e-37
2.1484968e-37
8.7559959e-38
3.556604e-38
1.4399501e-38
5.8111732e-39
2.3377962e-39
9.3755664e-40
3.7485012e-40
1.4941969e-40
5.9383859e-41
2.3532029e-41
9.2982282e-42
3.6636165e-42
1.439486e-42
5.6404111e-43
2.2041324e-43
8.5902445e-44
3.3391131e-44
1.2945858e-44
5.0063422e-45
1.9311481e-45
7.4307184e-46
2.852204e-46
1.092141e-46
4.1719437e-47
1.5899101e-47
6.0449528e-48
2.2930524e-48
8.678077e-49
3.278069e-49
1.2317326e-49
4.7315294e-50
1.4701505e-50
1.8772918e-06
-3.2617617e-06
1.633999e-06
-3.3912648e-06
1.3445088e-07
-2.7948852e-06
-1.8561998e-06
-2.0841967e-06
-3.2736402e-06
-1.9180187e-06
-3.1663175e-06
-1.4200717e-06
-1.1520944e-06
4.0680547e-07
1.687782e-06
3.9137427e-06
6.402639e-06
8.6724899e-06
1.1022255e-05
1.4640776e-05
2.1531541e-05
3.3099608e-05
4.9663263e-05
7.0046994e-05
9.1964717e-05
0.00011262034
0.00012940933
0.00014043395
0.00014473216
0.00014230407
0.00013392887
0.00012090345
0.00010476706
8.7066169e-05
6.9184286e-05
5.2239442e-05
3.7039159e-05
2.4078806e-05
1.3570087e-05
5.4891072e-06
-3.6396853e-07
-4.3002062e-06
-6.6778815e-06
-7.8437972e-06
-8.0828205e-06
-7.5769745e-06
-6.3752865e-06
-4.3771585e-06
-1.3341405e-06
3.124678e-06
9.4412025e-06
1.8053566e-05
2.9307529e-05
4.3369891e-05
6.0162847e-05
7.9335978e-05
0.00010028432
0.00012220819
0.00014419841
0.00016532623
0.0001847205
0.00020162372
0.00021542699
0.00022569103
0.00023215913
0.00023476329
0.0002336208
0.00022901891
0.00022138644
0.00021125052
0.00019917982
0.00018572439
0.00017137096
0.00015652945
0.00014155008
0.00012675094
0.00011242883
9.8838191e-05
8.6146928e-05
7.43968e-05
6.3498982e-05
5.3278662e-05
4.3557201e-05
3.4239965e-05
2.5373536e-05
1.7148854e-05
9.8497051e-06
3.76743e-06
-8.8647549e-07
-4.0410621e-06
-5.7842239e-06
-6.3392366e-06
-6.0129832e-06
-5.1348182e-06
-4.0032075e-06
-2.850755e-06
-1.8304972e-06
-1.02018e-06
-4.3796828e-07
-6.2606704e-08
1.4745564e-07
2.3918472e-07
2.5538418e-07
2.2995738e-07
1.8676762e-07
1.4068819e-07
9.964419e-08
6.6814649e-08
4.252919e-08
2.5678269e-08
1.4636628e-08
7.7898598e-09
3.7803596e-09
1.5791372e-09
4.6483807e-10
-3.5851365e-11
-2.1492469e-10
-2.4156331e-10
-2.0713676e-10
-1.5679024e-10
-1.1002784e-10
-7.324583e-11
-4.6858641e-11
-2.9048928e-11
-1.7552693e-11
-1.0383546e-11
-6.0345153e-12
-3.4548625e-12
-1.9526775e-12
-1.091126e-12
-6.0321989e-13
-3.2989169e-13
-1.7826325e-13
-9.4955032e-14
-4.966341e-14
-2.5349223e-14
-1.250606e-14
-5.8673951e-15
-2.5373277e-15
-9.3805303e-16
-2.204085e-16
6.4938336e-17
1.5018528e-16
1.5135055e-16
1.2358937e-16
9.1115578e-17
6.3084021e-17
4.1796479e-17
2.6780328e-17
1.6701893e-17
1.018269e-17
6.0872929e-18
3.5761902e-18
2.0681985e-18
1.1790224e-18
6.6325604e-19
3.6851798e-19
2.0238666e-19
1.0993369e-19
5.9094659e-20
3.1451926e-20
1.6581232e-20
8.6621562e-21
4.4856715e-21
2.303349e-21
1.1731392e-21
5.9280703e-22
2.9727524e-22
1.4797405e-22
7.3128525e-23
3.5888018e-23
1.749263e-23
8.4699438e-24
4.0747234e-24
1.947944e-24
9.2550877e-25
4.3709123e-25
2.0521541e-25
9.5796648e-26
4.4467917e-26
2.0528196e-26
9.4256572e-27
4.3050352e-27
1.9561024e-27
8.8430116e-28
3.9778182e-28
1.7806015e-28
7.9324118e-29
3.5172143e-29
1.5523322e-29
6.820228e-30
2.9831603e-30
1.2991278e-30
5.633237e-31
2.4323572e-31
1.0459031e-31
4.4790007e-32
1.9104095e-32
8.1162776e-33
3.4347974e-33
1.4480625e-33
6.0819517e-34
2.5450426e-34
1.0611334e-34
4.4085279e-35
1.8251193e-35
7.5298758e-36
3.0960472e-36
1.2687453e-36
5.182171e-37
2.1098053e-37
8.5622677e-38
3.4639605e-38
1.3970638e-38
5.6174566e-39
2.2519768e-39
9.0013744e-40
3.5875175e-40
1.4257341e-40
5.6501625e-41
2.2329513e-41
8.8005742e-42
3.4591803e-42
1.3560706e-42
5.3021773e-43
2.0677804e-43
8.0435477e-44
3.1210319e-44
1.208008e-44
4.6641834e-45
1.7965041e-45
6.9030266e-46
2.6461908e-46
1.0120069e-46
3.8613572e-47
1.4698572e-47
5.5846619e-48
2.1103179e-48
8.1580645e-49
2.5448351e-49
3.7386875e-06
-1.4232077e-05
8.9019342e-06
-1.9286024e-05
7.2027252e-06
-1.7050952e-05
2.1366082e-07
-1.0589429e-05
-6.4566492e-06
-4.5505238e-06
-8.6321471e-06
-7.1501018e-09
-3.4449825e-06
-2.4200162e-07
-2.8420561e-07
5.5165077e-06
8.5733752e-06
1.1233655e-05
2.1323547e-05
5.2182266e-05
0.00011612118
0.00021679281
0.00034881033
0.00049820856
0.00064736414
0.00077881726
0.0008790603
0.00094000633
0.0009591557
0.00093891837
0.00088515424
0.00080571312
0.00070911895
0.00060357277
0.00049630407
0.00039321955
0.00029876813
0.00021594892
0.0001464083
9.0592604e-05
4.7938222e-05
1.7085897e-05
-3.8981124e-06
-1.7317671e-05
-2.5681092e-05
-3.1582019e-05
-3.7612719e-05
-4.6277687e-05
-5.9873589e-05
-8.0319016e-05
-0.00010894694
-0.0001463013
-0.00019199404
-0.00024467358
-0.00030213133
-0.00036153805
-0.00041976821
-0.00047375041
-0.00052078185
-0.00055876109
-0.00058631806
-0.00060284418
-0.00060844069
-0.00060380914
-0.0005901077
-0.00056879454
-0.00054147709
-0.00050978112
-0.00047524846
-0.00043926708
-0.00040303143
-0.00036752443
-0.00033351048
-0.00030153282
-0.00027191907
-0.00024480485
-0.00022018173
-0.00019796241
-0.00017804148
-0.00016032693
-0.00014472782
-0.00013110522
-0.00011921373
-0.00010866915
-9.8969103e-05
-8.9570582e-05
-8.0002897e-05
-6.9977753e-05
-5.9457826e-05
-4.8660467e-05
-3.7996609e-05
-2.7966213e-05
-1.9042904e-05
-1.1579167e-05
-5.7523419e-06
-1.5566077e-06
1.1670451e-06
2.6784913e-06
3.2806934e-06
3.2698149e-06
2.9007104e-06
2.3694907e-06
1.8106659e-06
1.3042657e-06
8.8805507e-07
5.7085937e-07
3.443953e-07
1.9235112e-07
9.6485746e-08
4.0137857e-08
9.8035438e-09
-4.5383129e-09
-9.788186e-09
-1.0372657e-08
-8.9272869e-09
-6.888232e-09
-4.9467633e-09
-3.3680133e-09
-2.1972262e-09
-1.3828812e-09
-8.4370737e-10
-5.0084677e-10
-2.901891e-10
-1.6457653e-10
-9.1621165e-11
-5.0214762e-11
-2.7176022e-11
-1.4566837e-11
-7.7543705e-12
-4.1074499e-12
-2.1660777e-12
-1.1354015e-12
-5.8884258e-13
-2.9952744e-13
-1.4720801e-13
-6.8031386e-14
-2.7894511e-14
-8.4534381e-15
2.07542e-16
3.4418194e-15
4.1072693e-15
3.6908477e-15
2.9306779e-15
2.1636379e-15
1.5194519e-15
1.0275504e-15
6.7414521e-16
4.311762e-16
2.6976766e-16
1.6552003e-16
9.9786876e-17
5.9199868e-17
3.4604351e-17
1.9950349e-17
1.1354249e-17
6.3838012e-18
3.5481023e-18
1.9505519e-18
1.0611687e-18
5.7157701e-19
3.0493477e-19
1.6119182e-19
8.4456053e-20
4.3873876e-20
2.2604438e-20
1.1553397e-20
5.8595125e-21
2.9495066e-21
1.473897e-21
7.3131223e-22
3.6036219e-22
1.7638204e-22
8.5767374e-23
4.1439303e-23
1.9897192e-23
9.4956211e-24
4.5047169e-24
2.1246223e-24
9.9637122e-25
4.6466358e-25
2.1551861e-25
9.9427921e-26
4.563061e-26
2.0834051e-26
9.4646466e-27
4.2784895e-27
1.924743e-27
8.6176889e-28
3.8404577e-28
1.703674e-28
7.5238054e-29
3.3080442e-29
1.4481782e-29
6.3128141e-30
2.740355e-30
1.1846913e-30
5.1009262e-31
2.1876036e-31
9.3453043e-32
3.9769707e-32
1.6860624e-32
7.1217187e-33
2.9971803e-33
1.2568521e-33
5.2519979e-34
2.1870524e-34
9.0763824e-35
3.754131e-35
1.5476496e-35
6.3595366e-36
2.6048955e-36
1.0636263e-36
4.3295535e-37
1.7570057e-37
7.108852e-38
2.8677527e-38
1.1535034e-38
4.6264683e-39
1.8503407e-39
7.3797659e-40
2.9352087e-40
1.164279e-40
4.6058774e-41
1.8172718e-41
7.1514479e-42
2.8070386e-42
1.0989965e-42
4.2919065e-43
1.6719459e-43
6.4971608e-44
2.5186348e-44
9.7399602e-45
3.7575892e-45
1.446206e-45
5.5530542e-46
2.1271354e-46
8.132784e-47
3.0919335e-47
1.2033495e-47
3.770986e-48
-9.0711879e-06
-3.1387179e-05
2.1911066e-05
-6.0798729e-05
3.5748597e-05
-6.4518037e-05
2.5825022e-05
-4.6397126e-05
6.9751283e-06
-2.4535928e-05
-1.3675341e-05
3.1369446e-06
-2.4772612e-05
-1.4609766e-05
-9.2841644e-06
1.0711846e-05
9.1354353e-06
4.5468431e-05
0.00018843053
0.00050944267
0.0010351619
0.0017374989
0.0025482318
0.003375005
0.0041292884
0.0047385228
0.005159523
0.0053744484
0.0053891645
0.0052263088
0.0049185806
0.004502954
0.0040161756
0.0034918404
0.0029588495
0.0024408489
0.0019562271
0.0015183857
0.0011361292
0.00081411227
0.00055337278
0.00035200729
0.00020601625
0.00011026016
5.9372754e-05
4.8427732e-05
7.3192987e-05
0.00012992875
0.00021484063
0.00032341754
0.00044991817
0.00058720993
0.00072704047
0.00086068352
0.00097979592
0.0010772787
0.0011479562
0.001188957
0.0011997633
0.0011819731
0.0011388626
0.0010748507
0.00099495588
0.00090430901
0.00080776312
0.00070961365
0.00061342924
0.00052198112
0.00043725365
0.00036051483
0.00029242481
0.00023316139
0.00018254502
0.00014014901
0.00010538454
7.7557192e-05
5.5900666e-05
3.9602093e-05
2.7835505e-05
1.9812517e-05
1.4844929e-05
1.2399543e-05
1.2119377e-05
1.379253e-05
1.7268798e-05
2.2347078e-05
2.8672902e-05
3.5686607e-05
4.2646871e-05
4.8727716e-05
5.3160702e-05
5.5378716e-05
5.5118777e-05
5.2456882e-05
4.7770636e-05
4.1646346e-05
3.4759613e-05
2.7760075e-05
2.1183615e-05
1.5403556e-05
1.0620612e-05
6.8829959e-06
4.1242469e-06
2.2065945e-06
9.6061358e-07
2.158101e-07
-1.7958825e-07
-3.4875672e-07
-3.8401363e-07
-3.4947796e-07
-2.8622433e-07
-2.1812529e-07
-1.5724457e-07
-1.0822146e-07
-7.1499021e-08
-4.5495914e-08
-2.793478e-08
-1.656421e-08
-9.4843137e-09
-5.2386351e-09
-2.7856805e-09
-1.421328e-09
-6.9217847e-10
-3.1903995e-10
-1.3720962e-10
-5.3596892e-11
-1.7873361e-11
-4.1057752e-12
3.6043421e-13
1.3085827e-12
1.1649229e-12
8.2609452e-13
5.5362672e-13
3.8050566e-13
2.7826656e-13
2.1541421e-13
1.7160032e-13
1.3678176e-13
1.0716244e-13
8.1813318e-14
6.0689942e-14
4.374597e-14
3.0681393e-14
2.0976041e-14
1.4006041e-14
9.15046e-15
5.8590794e-15
3.6823231e-15
2.2745436e-15
1.3824631e-15
8.2765239e-16
4.8851107e-16
2.8450207e-16
1.6360455e-16
9.2957773e-17
5.2216694e-17
2.9013139e-17
1.5953236e-17
8.6848023e-18
4.6827428e-18
2.5016569e-18
1.3246086e-18
6.9536676e-19
3.6201886e-19
1.8696269e-19
9.5806048e-20
4.8724334e-20
2.4598485e-20
1.233017e-20
6.1377855e-21
3.0346967e-21
1.4905777e-21
7.2744586e-22
3.5279376e-22
1.7005113e-22
8.1477535e-23
3.8810973e-23
1.8381696e-23
8.6573467e-24
4.0551218e-24
1.8892636e-24
8.7558562e-25
4.0370885e-25
1.8520216e-25
8.4542502e-26
3.8405823e-26
1.7364105e-26
7.8141238e-27
3.5004085e-27
1.5610064e-27
6.9306513e-28
3.0638097e-28
1.3486582e-28
5.9119059e-29
2.5808983e-29
1.1221825e-29
4.8599967e-30
2.0966129e-30
9.0103047e-31
3.857697e-31
1.6455531e-31
6.9938748e-32
2.9619136e-32
1.2499745e-32
5.2568943e-33
2.2033373e-33
9.2040746e-34
3.8322137e-34
1.5904213e-34
6.5794456e-35
2.713327e-35
1.1155042e-35
4.5721057e-36
1.8683424e-36
7.6122028e-37
3.0924002e-37
1.2526498e-37
5.0597477e-38
2.038023e-38
8.1862601e-39
3.2792371e-39
1.3100408e-39
5.2195717e-40
2.0741281e-40
8.2205143e-41
3.2496495e-41
1.2813242e-41
5.0393757e-42
1.9769665e-42
7.736346e-43
3.0199173e-43
1.1759392e-43
4.567862e-44
1.7700518e-44
6.8424936e-45
2.638608e-45
1.0155435e-45
3.8857436e-46
1.5229361e-46
4.7966736e-47
-6.7896061e-05
-3.3014053e-05
2.6766173e-05
-0.00012745517
9.6201571e-05
-0.00016388637
9.1887796e-05
-0.0001313169
5.6201402e-05
-0.00011810348
3.7285023e-05
-4.433044e-05
-9.994143e-05
2.2535961e-06
4.1322219e-05
5.1440976e-05
0.00013080048
0.00071486452
0.0020759195
0.0043481319
0.0073922946
0.010905207
0.014504562
0.017818114
0.020559772
0.022546593
0.023720036
0.024094223
0.02375251
0.022811745
0.021404285
0.019661809
0.017704827
0.015637494
0.013546458
0.011502006
0.0095597997
0.0077624051
0.0061402237
0.0047117513
0.0034834676
0.0024499405
0.00159481
0.00089313735
0.00031515902
-0.000169078
-0.00058516522
-0.00095092638
-0.0012749162
-0.0015570361
-0.0017909047
-0.0019672202
-0.002077219
-0.0021154641
-0.0020815001
-0.0019802569
-0.0018213858
-0.0016178857
-0.0013844284
-0.0011357378
-0.00088526599
-0.00064428601
-0.00042141626
-0.00022252181
-5.09006e-05
9.2345986e-05
0.00020784985
0.00029749419
0.00036396548
0.0004103712
0.00043993725
0.00045578548
0.0004607835
0.0004574548
0.00044793649
0.00043397432
0.00041694776
0.0003979196
0.0003777027
0.00035693138
0.00033612036
0.00031569397
0.0002959763
0.00027714775
0.00025918975
0.00024185049
0.00022466273
0.00020702919
0.00018836542
0.00016826557
0.00014664292
0.00012380126
0.00010041342
7.7411963e-05
5.5822387e-05
3.6583371e-05
2.0397489e-05
7.6422107e-06
-1.6486138e-06
-7.7411775e-06
-1.1116932e-05
-1.2371724e-05
-1.2121121e-05
-1.0926949e-05
-9.2515525e-06
-7.4390204e-06
-5.7178648e-06
-4.2176322e-06
-2.9921222e-06
-2.0434225e-06
-1.3430084e-06
-8.4808644e-07
-5.1284187e-07
-2.9517817e-07
-1.5997667e-07
-7.9978249e-08
-3.5252036e-08
-1.1983181e-08
-1.0700057e-09
3.1852562e-09
4.1596073e-09
3.732338e-09
2.8688595e-09
2.0102322e-09
1.3181232e-09
8.1961652e-10
4.8699123e-10
2.7788116e-10
1.5291159e-10
8.1554551e-11
4.2499477e-11
2.1948489e-11
1.1501072e-11
6.3173111e-12
3.7527133e-12
2.4379553e-12
1.7029868e-12
1.2390744e-12
9.1230479e-13
6.6706117e-13
4.7958421e-13
3.3758266e-13
2.3237387e-13
1.5646607e-13
1.0315879e-13
6.6677759e-14
4.2305576e-14
2.6380651e-14
1.6185768e-14
9.7810189e-15
5.8268812e-15
3.4248882e-15
1.9876253e-15
1.1396915e-15
6.4604501e-16
3.6223768e-16
2.0099749e-16
1.104194e-16
6.0080364e-17
3.2390093e-17
1.730738e-17
9.1690769e-18
4.8174868e-18
2.5109187e-18
1.2985854e-18
6.6655428e-19
3.3964306e-19
1.7183889e-19
8.6340744e-20
4.3090858e-20
2.1365089e-20
1.0525575e-20
5.1531919e-21
2.5076145e-21
1.2130001e-21
5.8335845e-22
2.7895952e-22
1.3265758e-22
6.2742264e-23
2.951723e-23
1.3814225e-23
6.4321992e-24
2.9800214e-24
1.3738826e-24
6.3036515e-25
2.8786428e-25
1.3085062e-25
5.9209909e-26
2.6673543e-26
1.1963843e-26
5.3431744e-27
2.3762962e-27
1.0524643e-27
4.6424986e-28
2.0396938e-28
8.9264174e-29
3.8915074e-29
1.6901122e-29
7.3130398e-30
3.1527678e-30
1.3543278e-30
5.7972054e-31
2.4728694e-31
1.0512234e-31
4.4537223e-32
1.8806491e-32
7.9153542e-33
3.3207145e-33
1.388709e-33
5.7893349e-34
2.4060364e-34
9.9689526e-35
4.1180122e-35
1.6960269e-35
6.9646671e-36
2.85171e-36
1.1642918e-36
4.7400545e-37
1.9243435e-37
7.7906163e-38
3.1453034e-38
1.2663849e-38
5.0850086e-39
2.0363399e-39
8.1329981e-40
3.2396764e-40
1.2870974e-40
5.1002061e-41
2.0157557e-41
7.9463705e-42
3.1245462e-42
1.225458e-42
4.7941219e-43
1.8707845e-43
7.2820205e-44
2.8272646e-44
1.0954964e-44
4.2188956e-45
1.6651434e-45
5.27202e-46
-0.00025433121
4.7099022e-05
-1.7526745e-05
-0.00023049202
0.00023876894
-0.00041081759
0.00026292084
-0.00027838452
4.1264514e-05
-0.00017552919
0.00019084903
-0.00037553821
2.3781463e-05
0.00033502681
0.00013801326
0.00031275785
0.0022178765
0.0071963218
0.015388424
0.026282638
0.038643912
0.051158479
0.062593215
0.072044134
0.078973282
0.083231897
0.08495471
0.084419391
0.081999084
0.078092957
0.073088599
0.067333243
0.061119861
0.054685932
0.048221506
0.04188159
0.035796686
0.030080428
0.024833422
0.020142612
0.016076581
0.01267819
0.0099568169
0.0078830894
0.0063887662
0.0053730938
0.0047149714
0.0042883906
0.003977758
0.0036900269
0.0033617014
0.0029602154
0.0024804699
0.0019381353
0.0013615847
0.00078411586
0.00023761694
-0.00025175294
-0.00066581913
-0.00099489078
-0.0012369935
-0.0013963546
-0.0014815913
-0.001503934
-0.0014756942
-0.001409076
-0.0013153526
-0.001204373
-0.0010843403
-0.00096178906
-0.00084169524
-0.00072766036
-0.00062212663
-0.00052659206
-0.00044180735
-0.00036794605
-0.00030474614
-0.00025162647
-0.00020778524
-0.00017228896
-0.00014415911
-0.0001224572
-0.00010636108
-9.5216446e-05
-8.8545351e-05
-8.5999073e-05
-8.7258016e-05
-9.1901241e-05
-9.9284639e-05
-0.00010847167
-0.00011824933
-0.00012723746
-0.00013406972
-0.00013760128
-0.00013708941
-0.00013230169
-0.00012352832
-0.00011150165
-9.7248437e-05
-8.1912794e-05
-6.6588274e-05
-5.2188254e-05
-3.9369858e-05
-2.8512285e-05
-1.9739668e-05
-1.2972927e-05
-7.9941923e-06
-4.5101763e-06
-2.2053599e-06
-7.805893e-07
2.3409248e-08
4.1551498e-07
5.5335859e-07
5.4858524e-07
4.7516196e-07
3.7844298e-07
2.8353678e-07
2.0222997e-07
1.3824444e-07
9.0931089e-08
5.766935e-08
3.529155e-08
2.0831399e-08
1.1841933e-08
6.4647525e-09
3.3740808e-09
1.6722382e-09
7.7919856e-10
3.364731e-10
1.3212677e-10
4.6593489e-11
1.584519e-11
7.6615087e-12
7.0916343e-12
7.9878624e-12
8.3366544e-12
7.8418996e-12
6.7715184e-12
5.4692581e-12
4.1899804e-12
3.0752045e-12
2.1779566e-12
1.4964235e-12
1.0014841e-12
6.5490233e-13
4.1949478e-13
2.6373018e-13
1.629992e-13
9.9172888e-14
5.9467388e-14
3.517762e-14
2.0545674e-14
1.1856539e-14
6.7648402e-15
3.8182601e-15
2.1330517e-15
1.179946e-15
6.4658494e-16
3.5111813e-16
1.8901337e-16
1.008971e-16
5.3423983e-17
2.8066009e-17
1.4632516e-17
7.5727085e-18
3.8910862e-18
1.9854805e-18
1.0062785e-18
5.0664828e-19
2.5345719e-19
1.2600343e-19
6.225962e-20
3.0580204e-20
1.4932919e-20
7.2506575e-21
3.5010148e-21
1.6813093e-21
8.0313678e-22
3.8165315e-22
1.8044005e-22
8.4884305e-23
3.9737106e-23
1.8513217e-23
8.5847049e-24
3.9624727e-24
1.8207189e-24
8.3289881e-25
3.7935874e-25
1.7204856e-25
7.7701349e-26
3.494741e-26
1.5654587e-26
6.984553e-27
3.1040965e-27
1.3742305e-27
6.0609248e-28
2.6631731e-28
1.1659135e-28
5.0858559e-29
2.2106296e-29
9.5751285e-30
4.1330586e-30
1.7779421e-30
7.6225913e-31
3.2572094e-31
1.3872828e-31
5.8894942e-32
2.4923058e-32
1.0513587e-32
4.4212168e-33
1.8534825e-33
7.7464848e-34
3.227776e-34
1.340902e-34
5.5538912e-35
2.2935889e-35
9.4441367e-36
3.8774614e-36
1.5873795e-36
6.4799427e-37
2.6377114e-37
1.0706739e-37
4.3337992e-38
1.7493201e-38
7.0415095e-39
2.8266034e-39
1.1315481e-39
4.5174803e-40
1.7986243e-40
7.1418578e-41
2.8282246e-41
1.1170014e-41
4.3998294e-42
1.7284805e-42
6.7725001e-43
2.6464276e-43
1.0319384e-43
3.9982915e-44
1.5883886e-44
5.0538021e-45
-0.0013928339
0.0010214036
-0.00086796111
0.00017438307
0.0002134472
-0.00095884378
0.0010671671
-0.0011223895
0.00035588082
0.00022446024
-0.00037808305
-0.00053211602
0.0015294203
0.00038597763
5.3360071e-05
0.0057693513
0.021148074
0.046439468
0.078784512
0.11451916
0.1495
0.18064046
0.20572297
0.2236887
0.23440173
0.23859708
0.23726518
0.23146627
0.22222347
0.21046082
0.19696271
0.18235091
0.16708862
0.15150248
0.13581877
0.1202083
0.10481878
0.089800732
0.075326294
0.061597179
0.048840924
0.037295173
0.027181216
0.018671591
0.011859508
0.0067388063
0.0032004613
0.0010464165
1.656329e-05
-0.00017790043
0.00017832001
0.00083137362
0.0015758684
0.0022626461
0.0027979768
0.0031365448
0.0032709312
0.0032200319
0.0030182358
0.0027064755
0.0023256116
0.0019121297
0.0014958289
0.0010990413
0.00073690698
0.00041828058
0.00014693639
-7.7165587e-05
-0.00025670438
-0.00039599538
-0.0005001919
-0.0005746896
-0.00062471296
-0.00065505381
-0.00066992981
-0.00067293204
-0.00066703526
-0.00065464878
-0.00063769073
-0.00061767175
-0.00059577571
-0.00057292567
-0.00054982453
-0.000526964
-0.00050460413
-0.00048273664
-0.00046105615
-0.00043896812
-0.00041565697
-0.0003902212
-0.0003618598
-0.00033007247
-0.00029482458
-0.00025663217
-0.00021654049
-0.00017599736
-0.00013664924
-0.00010010584
-6.7722965e-05
-4.0444398e-05
-1.8725302e-05
-2.539118e-06
8.5472777e-06
1.5255778e-05
1.8464679e-05
1.9085828e-05
1.7967579e-05
1.583098e-05
1.3238976e-05
1.0593095e-05
8.1495016e-06
6.0459685e-06
4.3325495e-06
3.0007333e-06
2.0079743e-06
1.2963103e-06
8.0509693e-07
4.7868259e-07
2.7019415e-07
1.4263626e-07
6.83496e-08
2.7632041e-08
7.0774919e-09
-2.029223e-09
-5.0882603e-09
-5.270649e-09
-4.3210933e-09
-3.1186727e-09
-2.0480691e-09
-1.2324565e-09
-6.7129682e-10
-3.1639468e-10
-1.1014136e-10
-2.0686396e-12
4.6067945e-11
6.0597329e-11
5.8275125e-11
4.8978759e-11
3.8037653e-11
2.7987968e-11
1.977756e-11
1.3533461e-11
9.0168311e-12
5.8718411e-12
3.7479583e-12
2.3498981e-12
1.4496743e-12
8.8114886e-13
5.2828788e-13
3.1270894e-13
1.8289544e-13
1.0576817e-13
6.0513863e-14
3.427124e-14
1.9221247e-14
1.0680478e-14
5.881934e-15
3.2115728e-15
1.7390762e-15
9.3421481e-16
4.9798542e-16
2.6347196e-16
1.3838813e-16
7.2177582e-17
3.7387928e-17
1.9238335e-17
9.8352955e-18
4.9964759e-18
2.5226994e-18
1.2660706e-18
6.3168894e-19
3.1337251e-19
1.5459215e-19
7.5846756e-20
3.7013609e-20
1.7968439e-20
8.678233e-21
4.1703256e-21
1.9942066e-21
9.4901684e-22
4.4949171e-22
2.1191042e-22
9.9449605e-23
4.6463273e-23
2.1612598e-23
1.0009852e-23
4.6164019e-24
2.1201439e-24
9.6971046e-25
4.4173511e-25
2.0042494e-25
9.0581058e-26
4.077965e-26
1.8289158e-26
8.171667e-27
3.6376084e-27
1.6133561e-27
7.1297331e-28
3.1395245e-28
1.3775901e-28
6.0236379e-29
2.6248031e-29
1.139854e-29
4.9332285e-30
2.1279277e-30
9.1482843e-31
3.9200577e-31
1.674278e-31
7.1278193e-32
3.0247605e-32
1.2795026e-32
5.395323e-33
2.2679297e-33
9.5035743e-34
3.970074e-34
1.6533816e-34
6.8646557e-35
2.8414737e-35
1.172615e-35
4.8246044e-36
1.9791087e-36
8.094431e-37
3.3007953e-37
1.3420638e-37
5.4407222e-38
2.1992528e-38
8.8641125e-39
3.5624028e-39
1.4275934e-39
5.7046071e-40
2.2730688e-40
9.031729e-41
3.5785458e-41
1.4139196e-41
5.5710355e-42
2.1888193e-42
8.5805511e-43
3.3414733e-43
1.3346809e-43
4.2639836e-44
-0.0067907815
0.0066607861
-0.0065494275
0.0053068162
-0.0038053396
0.0012530773
0.0012714815
-0.0034842783
0.0039894525
-0.0017984752
-0.0016405618
0.0035600055
0.0022807707
-0.0026884504
0.012203004
0.053912812
0.12019486
0.20109444
0.28540773
0.36391944
0.42938696
0.47850867
0.51016715
0.52536809
0.52712719
0.51868234
0.50304735
0.48267624
0.45943301
0.43463912
0.40916366
0.38353109
0.35801911
0.3327235
0.30760995
0.28258468
0.25753681
0.23237986
0.20709424
0.18176142
0.15658785
0.13191308
0.10819209
0.085948945
0.065706951
0.04791149
0.032865862
0.02069485
0.011340352
0.0045845719
9.1705116e-05
-0.0025423937
-0.0037420642
-0.0039119785
-0.0034090217
-0.0025264676
-0.0014889478
-0.00045559896
0.00047153272
0.001236483
0.0018178318
0.0022180419
0.0024544639
0.0025523069
0.0025395423
0.002443503
0.0022888519
0.0020965775
0.001883702
0.0016634425
0.0014456251
0.0012372087
0.0010428258
0.00086528495
0.00070600872
0.00056539943
0.00044313564
0.00033840783
0.0002501035
0.00017695197
0.00011763746
7.0887033e-05
3.5535973e-05
1.0568841e-05
-4.8696681e-06
-1.1501248e-05
-9.981741e-06
-1.0052144e-06
1.4572753e-05
3.5621273e-05
6.0664045e-05
8.7882681e-05
0.00011520821
0.00014049341
0.0001617364
0.00017731066
0.00018615338
0.00018787353
0.00018276041
0.0001716957
0.00015599194
0.0001371922
0.00011686833
9.6449294e-05
7.7100003e-05
5.965794e-05
4.4623829e-05
3.2194487e-05
2.2322518e-05
1.4787509e-05
9.2660951e-06
5.3922509e-06
2.8032591e-06
1.1703522e-06
2.1546344e-07
-2.8307825e-07
-4.9261242e-07
-5.3286763e-07
-4.8480365e-07
-3.9975136e-07
-3.0771123e-07
-2.2423777e-07
-1.5574804e-07
-1.033535e-07
-6.5449421e-08
-3.9342156e-08
-2.2183338e-08
-1.1438555e-08
-5.0667511e-09
-1.5363825e-09
2.3800131e-10
9.8754059e-10
1.1810061e-09
1.1036884e-09
9.1901413e-10
7.1346951e-10
5.2753479e-10
3.7590364e-10
2.6002726e-10
1.7546462e-10
1.1589883e-10
7.5125508e-11
4.7880243e-11
3.005031e-11
1.8595196e-11
1.135673e-11
6.8513668e-12
4.0859055e-12
2.4102355e-12
1.4071136e-12
8.1340694e-13
4.6578262e-13
2.6431627e-13
1.4869015e-13
8.2946309e-14
4.5898198e-14
2.5199676e-14
1.3731037e-14
7.4271338e-15
3.9888014e-15
2.127426e-15
1.1270407e-15
5.9316434e-16
3.101942e-16
1.6120715e-16
8.3270658e-17
4.2758109e-17
2.182842e-17
1.1080493e-17
5.5934758e-18
2.8082817e-18
1.4024384e-18
6.9671777e-19
3.4435274e-19
1.6934226e-19
8.2867079e-20
4.0354451e-20
1.9558239e-20
9.4347733e-21
4.5303271e-21
2.1654864e-21
1.0304792e-21
4.8821317e-22
2.3029985e-22
1.0817274e-22
5.0594925e-23
2.3565945e-23
1.0931362e-23
5.0500648e-24
2.3236655e-24
1.0649374e-24
4.8614672e-25
2.2106579e-25
1.0013917e-25
4.5188854e-26
2.0315124e-26
9.0987914e-27
4.0601183e-27
1.8050885e-27
7.9960719e-28
3.5292817e-28
1.5521725e-28
6.8022066e-29
2.9704865e-29
1.292661e-29
5.6057281e-30
2.422593e-30
1.0433748e-30
4.4783889e-31
1.915732e-31
8.1674943e-32
3.4705117e-32
1.4697993e-32
6.2042809e-33
2.6103738e-33
1.0947136e-33
4.5760793e-34
1.9067347e-34
7.9195237e-35
3.2789002e-35
1.3532744e-35
5.5677551e-36
2.2835945e-36
9.3370652e-37
3.8059421e-37
1.5466146e-37
6.2658206e-38
2.5307972e-38
1.0191261e-38
4.091638e-39
1.6378448e-39
6.5367514e-40
2.6011921e-40
1.0320739e-40
4.083096e-41
1.6105663e-41
6.3380628e-42
2.4772293e-42
9.933611e-43
3.1827475e-43
-0.019930743
0.021850316
-0.023217002
0.023648416
-0.02233831
0.019022527
-0.012371686
0.003536552
0.0070539217
-0.01293757
0.0096296555
0.0078700773
-0.0096403389
0.018154328
0.11937275
0.26804444
0.43781331
0.59989011
0.73601838
0.83536538
0.89151539
0.90690904
0.88802225
0.84616949
0.79368833
0.73841289
0.68500227
0.63585319
0.59187191
0.55300558
0.51869689
0.48820688
0.46080147
0.43582452
0.41264851
0.39063432
0.36914881
0.34757199
0.32532997
0.3019441
0.27709327
0.25068472
0.22290677
0.19423801
0.16539689
0.137238
0.11062431
0.086309609
0.064854957
0.046587036
0.031596658
0.019768595
0.010830351
0.0044076892
7.7402567e-05
-0.0025886982
-0.0039913755
-0.0044833872
-0.004359309
-0.0038534762
-0.0031435563
-0.0023574864
-0.0015819476
-0.00087105377
-0.00025440376
0.00025596597
0.00065990414
0.00096472732
0.0011819344
0.0013248722
0.0014071598
0.0014416918
0.0014400658
0.0014123086
0.0013668049
0.0013103532
0.0012482991
0.0011847057
0.0011225359
0.0010638305
0.0010098697
0.00096131283
0.00091831117
0.00088059485
0.00084753553
0.00081819254
0.00079135401
0.00076558816
0.00073931966
0.00071094112
0.0006789596
0.00064216553
0.00059979901
0.00055168217
0.00049828699
0.0004407185
0.00038060927
0.00031993959
0.00026081249
0.00020522129
0.00015484616
0.00011090833
7.4097062e-05
4.4570199e-05
2.2016761e-05
5.7621651e-06
-5.1062432e-06
-1.1613978e-05
-1.4790359e-05
-1.5585259e-05
-1.4815106e-05
-1.3136666e-05
-1.1043741e-05
-8.8803852e-06
-6.8640357e-06
-5.1128427e-06
-3.672825e-06
-2.5420077e-06
-1.6900552e-06
-1.0729934e-06
-6.4334188e-07
-3.5639317e-07
-1.7353202e-07
-6.3472522e-08
-2.1676916e-09
2.8018117e-08
3.9453248e-08
4.0426957e-08
3.6226679e-08
3.0033253e-08
2.3617678e-08
1.7854352e-08
1.308064e-08
9.3366129e-09
6.5166749e-09
4.4597365e-09
2.9986611e-09
1.9841611e-09
1.2936533e-09
8.3197612e-10
5.2825261e-10
3.3138956e-10
2.0553509e-10
1.2610461e-10
7.6575964e-11
4.6043195e-11
2.7423625e-11
1.6185604e-11
9.4693805e-12
5.4933138e-12
3.1607371e-12
1.8042431e-12
1.0220161e-12
5.7460903e-13
3.2072189e-13
1.7775006e-13
9.7834964e-14
5.3487836e-14
2.9051029e-14
1.5677561e-14
8.407506e-15
4.4811077e-15
2.3740382e-15
1.2503335e-15
6.5470979e-16
3.408812e-16
1.7649508e-16
9.0882302e-17
4.654607e-17
2.3712731e-17
1.2017414e-17
6.0590666e-18
3.0394741e-18
1.5171219e-18
7.5353194e-19
3.7245224e-19
1.8321228e-19
8.9697393e-20
4.3709054e-20
2.1200857e-20
1.0236441e-20
4.9201727e-21
2.3543388e-21
1.1215933e-21
5.3198534e-22
2.5123545e-22
1.1814022e-22
5.5318224e-23
2.5793469e-23
1.1976758e-23
5.5382585e-24
2.5505135e-24
1.1698173e-24
5.3439163e-25
2.4314609e-25
1.1019335e-25
4.9743709e-26
2.2368116e-26
1.0019423e-26
4.4708632e-27
1.9874144e-27
8.801298e-28
3.8831023e-28
1.7068571e-28
7.4750459e-29
3.2616772e-29
1.418046e-29
6.1429015e-30
2.6515643e-30
1.1404796e-30
4.8881079e-31
2.0877238e-31
8.8857727e-32
3.7689298e-32
1.5931339e-32
6.7113268e-33
2.8177135e-33
1.1790383e-33
4.9171318e-34
2.0438956e-34
8.4679538e-35
3.4968826e-35
1.4393824e-35
5.9057303e-36
2.4153655e-36
9.8472153e-37
4.0019784e-37
1.6213474e-37
6.5482708e-38
2.6365473e-38
1.0583075e-38
4.2351086e-39
1.6896724e-39
6.7209992e-40
2.6654626e-40
1.0538744e-40
4.1568876e-41
1.6282644e-41
6.5447415e-42
2.1004154e-42
-0.032083334
0.03753026
-0.042328987
0.048627754
-0.053325229
0.057577839
-0.056505193
0.048948
-0.028503896
-0.0029362207
0.038176903
-0.025995981
0.014715719
0.22115094
0.51627602
0.81017465
1.0614477
1.2263855
1.2872179
1.2345714
1.0897925
0.92154256
0.77897224
0.67229615
0.59269488
0.53055955
0.48095514
0.44158312
0.41071821
0.3866832
0.36796873
0.35340273
0.3422568
0.33414611
0.32862388
0.32496674
0.32236523
0.31994337
0.31677838
0.31193742
0.30452878
0.29380919
0.27932137
0.26100187
0.23921932
0.21472556
0.18853562
0.16177472
0.13553214
0.11074588
0.08813051
0.06814996
0.051027205
0.036778683
0.025261452
0.016223362
0.0093494178
0.004300319
0.00074155055
-0.0016368317
-0.0031085551
-0.0039059553
-0.0042195155
-0.0042005213
-0.0039655138
-0.0036015414
-0.0031715153
-0.0027192252
-0.0022737703
-0.0018533032
-0.0014680799
-0.0011228648
-0.0008187717
-0.00055463044
-0.00032797044
-0.00013570282
2.5427184e-05
0.00015855878
0.00026655748
0.00035194375
0.00041688052
0.00046319937
0.00049245097
0.00050597071
0.00050495397
0.00049053771
0.00046388597
0.00042627514
0.00037917215
0.00032429515
0.00026364388
0.00019948739
0.00013430082
7.0650952e-05
1.1040228e-05
-4.2271444e-05
-8.7440983e-05
-0.00012318517
-0.00014886939
-0.00016452811
-0.00017081529
-0.00016889412
-0.00016028495
-0.00014669449
-0.00012984973
-0.00011135589
-9.2591097e-05
-7.4643416e-05
-5.8288654e-05
-4.4002709e-05
-3.1998967e-05
-2.2280546e-05
-1.469792e-05
-9.0043863e-06
-4.9042088e-06
-2.0906567e-06
-2.7316202e-07
8.0568897e-07
1.3617041e-06
1.5671404e-06
1.5532109e-06
1.4152271e-06
1.2189255e-06
1.0069375e-06
8.0473288e-07
6.2567916e-07
4.750916e-07
3.5330013e-07
2.5785069e-07
1.8499774e-07
1.3065072e-07
9.0923294e-08
6.2409464e-08
4.2283707e-08
2.8296499e-08
1.87147e-08
1.2239053e-08
7.9182225e-09
5.0699398e-09
3.2139306e-09
2.0177986e-09
1.2550567e-09
7.7360443e-10
4.7267306e-10
2.8634983e-10
1.7203923e-10
1.0252885e-10
6.0623381e-11
3.557063e-11
2.0714627e-11
1.1974822e-11
6.8728267e-12
3.9168793e-12
2.2168894e-12
1.2462472e-12
6.9594501e-13
3.8610705e-13
2.1283917e-13
1.1658775e-13
6.3468213e-14
3.4340287e-14
1.8468703e-14
9.8739851e-15
5.2481873e-15
2.7734648e-15
1.4573599e-15
7.6150859e-16
3.9571138e-16
2.0450726e-16
1.0512237e-16
5.3748525e-17
2.7336996e-17
1.3831679e-17
6.9624982e-18
3.4869594e-18
1.7375811e-18
8.6155655e-19
4.2509553e-19
2.0872586e-19
1.0199417e-19
4.9602733e-20
2.4009793e-20
1.1567637e-20
5.5474666e-21
2.6482476e-21
1.2585077e-21
5.9539576e-22
2.8043163e-22
1.3150373e-22
6.1398401e-23
2.8543139e-23
1.3212638e-23
6.090284e-24
2.7955202e-24
1.2778542e-24
5.8171445e-25
2.6373285e-25
1.1908585e-25
5.3556616e-26
2.3990447e-26
1.0704116e-26
4.7573511e-27
2.1061831e-27
9.2887616e-28
4.0809793e-28
1.7861985e-28
7.7887447e-29
3.3836941e-29
1.4645826e-29
6.3160987e-30
2.7139952e-30
1.1620026e-30
4.9574176e-31
2.1074955e-31
8.9279707e-32
3.7689973e-32
1.5856149e-32
6.6478337e-33
2.7776956e-33
1.156705e-33
4.8007079e-34
1.9858377e-34
8.1874555e-35
3.3645866e-35
1.3781697e-35
5.6269417e-36
2.2900833e-36
9.2907239e-37
3.7573129e-37
1.5147632e-37
6.0878165e-38
2.4391447e-38
9.7427717e-39
3.8797632e-39
1.540354e-39
6.0967535e-40
2.4072942e-40
9.4386407e-41
3.797971e-41
1.219669e-41
-0.021612808
0.026827286
-0.032663152
0.042177037
-0.053819733
0.069922772
-0.088491993
0.10761532
-0.11662808
0.10241888
-0.012916763
-0.036677604
0.33883144
0.84379822
1.2758186
1.5458933
1.5949018
1.3892922
1.1144418
0.89868161
0.72754798
0.58365423
0.46569232
0.37453123
0.30714782
0.2583367
0.22360461
0.1996449
0.183883
0.17425166
0.16921903
0.16783529
0.16968997
0.17471561
0.18279635
0.1934893
0.20616932
0.22001961
0.23402055
0.24700362
0.25771343
0.26494076
0.26771222
0.26543853
0.25797782
0.24563268
0.22909327
0.20932979
0.18745723
0.16460009
0.14178092
0.11984665
0.099433875
0.080965826
0.064671536
0.050618045
0.038747939
0.028916476
0.020924655
0.014546382
0.0095492091
0.0057089854
0.0028192642
0.00069649264
-0.00081795472
-0.0018579522
-0.0025342148
-0.0029366915
-0.0031373059
-0.0031927353
-0.0031470317
-0.0030339751
-0.0028791103
-0.0027014607
-0.0025149379
-0.0023294775
-0.0021519426
-0.0019868302
-0.0018368201
-0.0017031968
-0.0015861738
-0.0014851432
-0.0013988693
-0.0013256434
-0.0012634102
-0.0012098781
-0.0011626197
-0.0011191714
-0.0010771347
-0.0010342825
-0.00098866906
-0.00093873718
-0.00088341494
-0.00082218902
-0.00075514296
-0.00068295021
-0.00060681715
-0.0005283779
-0.00044955
-0.00037236653
-0.00029880351
-0.00023062206
-0.0001692422
-0.00011565944
-7.0409234e-05
-3.3577245e-05
-4.8483405e-06
1.6416807e-05
3.1089844e-05
4.0179597e-05
4.4743642e-05
4.5813746e-05
4.4339175e-05
4.1149045e-05
3.6932536e-05
3.2234276e-05
2.7461328e-05
2.2898068e-05
1.8725492e-05
1.5042081e-05
1.1884075e-05
9.2437068e-06
7.0845924e-06
5.3540025e-06
3.9920856e-06
2.9383696e-06
2.1359861e-06
1.5341009e-06
1.0890132e-06
7.6433172e-07
5.3055942e-07
3.6434576e-07
2.4759218e-07
1.6653777e-07
1.1090327e-07
7.3135774e-08
4.7770837e-08
3.091241e-08
1.9821009e-08
1.259575e-08
7.9342693e-09
4.9550808e-09
3.0685192e-09
1.8845683e-09
1.1480686e-09
6.9384463e-10
4.1606199e-10
2.4758022e-10
1.4621582e-10
8.5713576e-11
4.9881083e-11
2.882076e-11
1.653517e-11
9.42094e-12
5.3310051e-12
2.996392e-12
1.6730415e-12
9.2805951e-13
5.1150172e-13
2.8013051e-13
1.5245948e-13
8.2464443e-14
4.433368e-14
2.3691419e-14
1.2585576e-14
6.6468128e-15
3.4901563e-15
1.8222135e-15
9.460361e-16
4.8842802e-16
2.5078841e-16
1.2807291e-16
6.5054644e-17
3.286988e-17
1.6521281e-17
8.261168e-18
4.1097666e-18
2.0342113e-18
1.0018504e-18
4.9097772e-19
2.3943985e-19
1.162064e-19
5.6128739e-20
2.6982639e-20
1.2910685e-20
6.1489532e-21
2.9151513e-21
1.3757818e-21
6.4637823e-22
3.023377e-22
1.4079451e-22
6.5280877e-23
3.0137812e-23
1.3854195e-23
6.3418016e-24
2.8908361e-24
1.3122938e-24
5.9327016e-25
2.6711882e-25
1.1978528e-25
5.3501453e-26
2.380163e-26
1.0547328e-26
4.6557341e-27
2.0471936e-27
8.9674625e-28
3.9132238e-28
1.7012519e-28
7.3686086e-29
3.1797956e-29
1.3671728e-29
5.8569511e-30
2.5000978e-30
1.0633902e-30
4.5070396e-31
1.9035568e-31
8.0117706e-32
3.360405e-32
1.4046473e-32
5.8515022e-33
2.4294259e-33
1.0052814e-33
4.1460143e-34
1.7042932e-34
6.9829548e-35
2.8518489e-35
1.160959e-35
4.7110858e-36
1.9056772e-36
7.6844391e-37
3.089013e-37
1.23789e-37
4.945488e-38
1.9697453e-38
7.8216787e-39
3.0963427e-39
1.2227805e-39
4.7949945e-40
1.9298222e-40
6.1969675e-41
0.0093751566
-0.010367058
0.0097892516
-0.0079589205
0.0022869383
0.0083000894
-0.028390534
0.065022621
-0.11277165
0.21178938
-0.16307188
0.36711179
1.1638691
1.6707938
1.8072337
1.5917388
1.2657636
0.95109087
0.69728918
0.52332963
0.39997441
0.3031625
0.22422559
0.16309832
0.1196359
0.091074703
0.073487292
0.063472874
0.058661994
0.057575389
0.059395338
0.063755173
0.070555842
0.079879993
0.091873483
0.10649306
0.12343408
0.14214443
0.16185313
0.18160759
0.20028859
0.21668513
0.2296365
0.23819209
0.24175121
0.24014465
0.23363343
0.22283423
0.20859977
0.19189082
0.17366803
0.15481123
0.13606776
0.11802754
0.1011198
0.085624976
0.071695681
0.059381629
0.048654718
0.039432027
0.031595469
0.025007641
0.019523908
0.015001122
0.011303478
0.0083061
0.005896905
0.0039772117
0.0024615061
0.0012766697
0.00036090377
-0.00033748325
-0.00086131384
-0.0012457341
-0.0015193213
-0.0017050864
-0.0018213672
-0.0018826152
-0.001900083
-0.0018824248
-0.0018362172
-0.0017664136
-0.0016767367
-0.0015700205
-0.0014485033
-0.0013140782
-0.001168502
-0.0010135641
-0.00085121473
-0.00068365055
-0.00051335706
-0.00034310527
-0.00017590347
-1.4906789e-05
0.00013670908
0.00027589969
0.00039991543
0.00050646079
0.00059383271
0.000661023
0.00070777364
0.00073457911
0.0007426358
0.0007337446
0.00071017754
0.00067452226
0.00062951948
0.00057790756
0.00052228587
0.00046500536
0.0004080909
0.0003531961
0.00030158847
0.00025416052
0.00021146076
0.00017373861
0.00014099698
0.00011304729
8.9562777e-05
7.0126813e-05
5.4274486e-05
4.1526337e-05
3.1414179e-05
2.3499457e-05
1.7385004e-05
1.2721291e-05
9.208358e-06
6.5945325e-06
4.6729833e-06
3.2769668e-06
2.2744602e-06
1.5627002e-06
1.0629872e-06
7.1597999e-07
4.7759595e-07
3.1555461e-07
2.0654293e-07
1.3394792e-07
8.6083373e-08
5.4831198e-08
3.462009e-08
2.1671383e-08
1.3451417e-08
8.2801119e-09
5.0553769e-09
3.06183e-09
1.8398328e-09
1.0969917e-09
6.4910131e-10
3.8120676e-10
2.2222912e-10
1.2861313e-10
7.3903308e-11
4.2168232e-11
2.3894458e-11
1.3447613e-11
7.5175099e-12
4.1747165e-12
2.3032772e-12
1.2626198e-12
6.8777437e-13
3.7231031e-13
2.0030302e-13
1.0711e-13
5.6933557e-14
3.0084114e-14
1.5804134e-14
8.2547097e-15
4.2870924e-15
2.2140392e-15
1.1371034e-15
5.8081357e-16
2.9507e-16
1.4910544e-16
7.4949716e-17
3.7478478e-17
1.8644728e-17
9.2282307e-18
4.5445897e-18
2.2269463e-18
1.0858956e-18
5.2693089e-19
2.5446606e-19
1.2230371e-19
5.8506677e-20
2.7857955e-20
1.3203606e-20
6.2295482e-21
2.925916e-21
1.3681343e-21
6.3690851e-22
2.9520676e-22
1.3623715e-22
6.2604217e-23
2.8646314e-23
1.3052961e-23
5.9230066e-24
2.6766132e-24
1.2046372e-24
5.3997161e-25
2.4107159e-25
1.0720073e-25
4.748341e-26
2.0950486e-26
9.2080917e-27
4.0316571e-27
1.7585338e-27
7.6416229e-28
3.3082821e-28
1.4269724e-28
6.1325138e-29
2.6259416e-29
1.1203882e-29
4.7632364e-30
2.0178962e-30
8.5186614e-31
3.5837055e-31
1.5024294e-31
6.277241e-32
2.6137768e-32
1.0846884e-32
4.486317e-33
1.8494168e-33
7.5989027e-34
3.1120697e-34
1.2704017e-34
5.1693625e-35
2.0967552e-35
8.477813e-36
3.4170841e-36
1.3730092e-36
5.4998048e-37
2.1962775e-37
8.7438423e-38
3.4706257e-38
1.3733265e-38
5.4211542e-39
2.124958e-39
8.5488368e-40
2.7437122e-40
0.023840916
-0.028523274
0.032777492
-0.039026952
0.045716919
-0.051188669
0.0627561
-0.043942389
0.071896652
0.13737299
0.049487599
1.3649155
1.9385604
1.8978932
1.5019587
1.1194446
0.79397818
0.53196028
0.35630665
0.25414049
0.18804622
0.13472021
0.090243793
0.057890476
0.037374774
0.025964144
0.020725977
0.019539691
0.021130096
0.02479943
0.030208989
0.037236612
0.045866566
0.056106837
0.067912783
0.081146713
0.095605996
0.11105752
0.12723531
0.14380138
0.16028872
0.17604802
0.19024674
0.20197184
0.21040198
0.21496795
0.21544725
0.2119746
0.20498064
0.19509067
0.18301999
0.16948734
0.15515372
0.14058583
0.12624035
0.11246327
0.099498508
0.087501546
0.076555053
0.066684563
0.057872945
0.050072994
0.043217892
0.037229541
0.032024957
0.027520961
0.023637472
0.020299654
0.017439186
0.014994852
0.012912657
0.011145584
0.009653128
0.00840068
0.007358838
0.0065026813
0.0058110525
0.0052658672
0.0048514714
0.0045540566
0.0043611422
0.0042611284
0.0042429241
0.0042956501
0.0044084183
0.0045701871
0.0047696904
0.0049954415
0.0052358052
0.0054791374
0.005713984
0.0059293307
0.0061148909
0.0062614167
0.0063610129
0.0064074305
0.006396318
0.0063254039
0.0061945928
0.0060059574
0.005763621
0.0054735319
0.0051431425
0.0047810133
0.0043963704
0.0039986478
0.0035970477
0.0032001461
0.0028155686
0.0024497521
0.0021077972
0.0017934137
0.0015089478
0.0012554793
0.001032971
0.0008404538
0.0006762272
0.00053806265
0.00042339464
0.00032949126
0.00025359773
0.00019305011
0.00014535901
0.00010826524
7.9770669e-05
5.8148772e-05
4.193929e-05
2.9931527e-05
2.1140327e-05
1.4778176e-05
1.0226118e-05
7.0054948e-06
4.7518709e-06
3.1919053e-06
2.1235292e-06
1.3994387e-06
9.1369729e-07
5.9111139e-07
3.7898389e-07
2.4083647e-07
1.5171866e-07
9.4762266e-08
5.869148e-08
3.6051246e-08
2.1965055e-08
1.3276113e-08
7.9614967e-09
4.7376241e-09
2.797848e-09
1.6399829e-09
9.542425e-10
5.5123084e-10
3.1616459e-10
1.8007198e-10
1.0185424e-10
5.7221294e-11
3.1931998e-11
1.7702206e-11
9.7499726e-12
5.3357415e-12
2.9016241e-12
1.5681262e-12
8.4227107e-13
4.4966627e-13
2.3863375e-13
1.258958e-13
6.6033194e-14
3.443642e-14
1.7857082e-14
9.2081253e-15
4.7220525e-15
2.4083477e-15
1.2217029e-15
6.1645099e-16
3.0941828e-16
1.5450235e-16
7.6752509e-17
3.7935383e-17
1.8655902e-17
9.1292026e-18
4.4454795e-18
2.1542566e-18
1.0389452e-18
4.9868588e-19
2.3824465e-19
1.1329292e-19
5.3627481e-20
2.5269583e-20
1.185374e-20
5.5357893e-21
2.5738923e-21
1.1915362e-21
5.4922362e-22
2.5207799e-22
1.1520802e-22
5.2433708e-23
2.3764905e-23
1.0726958e-23
4.8222427e-24
2.1590873e-24
9.6284497e-25
4.2768464e-25
1.8922908e-25
8.3399712e-26
3.6615835e-26
1.6014598e-26
6.9778337e-27
3.028985e-27
1.3099655e-27
5.6444649e-28
2.4232583e-28
1.0365833e-28
4.4182432e-29
1.8765021e-29
7.9417361e-30
3.3493577e-30
1.4076666e-30
5.8957981e-31
2.460946e-31
1.0237412e-31
4.2444231e-32
1.7538771e-32
7.2234238e-33
2.9652528e-33
1.2132943e-33
4.9484287e-34
2.0117592e-34
8.152726e-35
3.293505e-35
1.3263336e-35
5.3247156e-36
2.1310776e-36
8.5029838e-37
3.3823747e-37
1.3414222e-37
5.3036265e-38
2.0918697e-38
8.1930041e-39
3.2933814e-39
1.0560898e-39
0.011497199
-0.013229024
0.016613054
-0.016754817
0.032799075
-0.01583361
0.084858501
0.010678772
0.26191546
0.20421478
0.92967334
2.2908459
2.0738763
1.3736184
0.95963548
0.66774631
0.44576725
0.27096801
0.15064409
0.094871185
0.067890619
0.047039502
0.029408406
0.017538044
0.011550165
0.010342288
0.01294556
0.018770467
0.027390978
0.038365661
0.05120667
0.065409518
0.080448048
0.095710935
0.11046622
0.12396734
0.13561118
0.14505844
0.15231672
0.15770964
0.16175158
0.16498567
0.16780855
0.17033787
0.17239602
0.17361467
0.17358974
0.17201157
0.16873598
0.16379311
0.15735474
0.14968504
0.14109185
0.13188752
0.12236249
0.11277034
0.10332134
0.094181891
0.085477754
0.077299096
0.069706257
0.062735448
0.056403964
0.0507147
0.045659901
0.04122414
0.037386624
0.034122889
0.031405997
0.029207341
0.027497139
0.026244702
0.025418535
0.024986344
0.024914971
0.025170318
0.025717262
0.026519607
0.027540068
0.028740302
0.030081008
0.031522073
0.033022803
0.034542206
0.036039357
0.037473832
0.038806214
0.039998669
0.041015589
0.041824298
0.042395795
0.042705538
0.042734212
0.04246847
0.041901591
0.041033994
0.039873566
0.038435731
0.036743231
0.034825568
0.032718118
0.030460927
0.028097243
0.025671874
0.023229455
0.020812754
0.01846112
0.016209167
0.01408578
0.012113481
0.010308178
0.008679266
0.0072300553
0.005958443
0.0048577711
0.0039177814
0.0031255986
0.0024666757
0.0019256518
0.0014870866
0.0011360526
0.00085857865
0.00064195091
0.00047488564
0.00034759361
0.00025175875
0.00018045386
0.00012801456
8.9889859e-05
6.2484163e-05
4.3002136e-05
2.9303963e-05
1.9775916e-05
1.3218442e-05
8.7522204e-06
5.7413292e-06
3.7318615e-06
2.4039221e-06
1.5348292e-06
9.7142055e-07
6.095711e-07
3.7929131e-07
2.3405268e-07
1.4325384e-07
8.6978015e-08
5.2393895e-08
3.1316699e-08
1.8575914e-08
1.0935958e-08
6.3906935e-09
3.7074424e-09
2.135431e-09
1.22132e-09
6.9367014e-10
3.9129262e-10
2.1923998e-10
1.2202545e-10
6.7473863e-11
3.7069448e-11
2.0236332e-11
1.0977953e-11
5.9186487e-12
3.1715543e-12
1.689297e-12
8.9445612e-13
4.7083134e-13
2.4640995e-13
1.2822424e-13
6.6348736e-14
3.4141044e-14
1.7471602e-14
8.8926242e-15
4.5019148e-15
2.2670593e-15
1.1356755e-15
5.6597646e-16
2.8062186e-16
1.384361e-16
6.7952771e-17
3.3190939e-17
1.613283e-17
7.803759e-18
3.7568382e-18
1.8000687e-18
8.5847136e-19
4.0752508e-19
1.9257324e-19
9.058816e-20
4.2422987e-20
1.9779047e-20
9.1812839e-21
4.2434066e-21
1.9528007e-21
8.9485311e-22
4.0833283e-22
1.8555103e-22
8.3968515e-23
3.7843455e-23
1.6986469e-23
7.5939912e-24
3.3814885e-24
1.4997974e-24
6.6261274e-25
2.9161169e-25
1.2784483e-25
5.5835374e-26
2.429396e-26
1.053087e-26
4.5480095e-27
1.9569675e-27
8.3900524e-28
3.5840829e-28
1.525587e-28
6.4707485e-29
2.7349131e-29
1.1519049e-29
4.8348867e-30
2.0223894e-30
8.4307102e-31
3.5026465e-31
1.4503504e-31
5.9855715e-32
2.4621001e-32
1.009449e-32
4.1252734e-33
1.6804346e-33
6.8234146e-34
2.7618733e-34
1.1143921e-34
4.4824442e-35
1.7973988e-35
7.1851648e-36
2.8635298e-36
1.137754e-36
4.5070431e-37
1.7799276e-37
7.0124383e-38
2.7434219e-38
1.1014995e-38
3.5282254e-39
0.0014892413
0.0076116641
0.02653712
0.052996958
0.096496343
0.15477343
0.24793725
0.36882692
0.60731321
0.88429573
1.8166023
2.5350037
1.7402356
0.52271169
0.31132238
0.18640242
0.10642485
0.052194743
0.039013228
0.026929681
0.019538109
0.013390122
0.0088039774
0.0069908577
0.0087330721
0.014802293
0.026183049
0.043760056
0.067891354
0.098206459
0.13367711
0.17281407
0.21382217
0.25464828
0.29303238
0.32671375
0.35370615
0.37253232
0.38244561
0.38349259
0.37647222
0.36281086
0.3443551
0.32305035
0.30062437
0.27840476
0.25729252
0.23782126
0.22024062
0.20460879
0.19087843
0.17895904
0.16874955
0.16015132
0.15307311
0.1474325
0.14315523
0.14017241
0.13841737
0.13782368
0.13832387
0.13984845
0.14232537
0.1456797
0.14983379
0.15470723
0.16021704
0.16627804
0.17280315
0.17970376
0.18689001
0.19427108
0.20175551
0.20925153
0.21666734
0.22391147
0.2308932
0.23752288
0.24371239
0.24937562
0.25442889
0.25879162
0.26238687
0.26514212
0.26699003
0.26786942
0.2677263
0.26651504
0.2641997
0.26075544
0.25617006
0.25044563
0.24360001
0.2356684
0.22670456
0.2167817
0.20599283
0.1944503
0.18228458
0.1696419
0.15668105
0.14356908
0.13047631
0.11757084
0.10501287
0.092949259
0.081508677
0.070797718
0.06089819
0.051865757
0.043729952
0.036495475
0.030144589
0.024640364
0.01993047
0.015951212
0.012631536
0.0098967529
0.0076718131
0.0058840075
0.0044650447
0.0033525034
0.0024907067
0.0018310928
0.0013321775
0.0009592061
0.00068359436
0.00048224108
0.0003367869
0.00023287382
0.00015944565
0.0001081149
7.2609867e-05
4.8305974e-05
3.1839062e-05
2.0793801e-05
1.3458051e-05
8.6330823e-06
5.4896629e-06
3.4608437e-06
2.1633895e-06
1.3411061e-06
8.2456657e-07
5.0289803e-07
3.042862e-07
1.8267875e-07
1.088307e-07
6.4346571e-08
3.7762584e-08
2.1999397e-08
1.2723947e-08
7.3070647e-09
4.1669741e-09
2.3599401e-09
1.3274797e-09
7.4172819e-10
4.1171223e-10
2.2704708e-10
1.2440884e-10
6.7738993e-11
3.6653579e-11
1.9711573e-11
1.0536334e-11
5.5983037e-12
2.9570345e-12
1.5528265e-12
8.1075354e-13
4.2090699e-13
2.1729315e-13
1.1155757e-13
5.6960661e-14
2.8926977e-14
1.4612066e-14
7.3422404e-15
3.6701275e-15
1.8251389e-15
9.0302324e-16
4.445449e-16
2.1775642e-16
1.061425e-16
5.1486635e-17
2.4854783e-17
1.1941492e-17
5.7103499e-18
2.7179682e-18
1.2877306e-18
6.0733143e-19
2.8514597e-19
1.3328145e-19
6.2023038e-20
2.8736685e-20
1.3256831e-20
6.0894896e-21
2.7853424e-21
1.2686763e-21
5.7546026e-22
2.5994978e-22
1.1694732e-22
5.2400386e-23
2.3385066e-23
1.0394862e-23
4.6024682e-24
2.02988e-24
8.9181091e-25
3.9031306e-25
1.7017906e-25
7.3920761e-26
3.1989565e-26
1.3792593e-26
5.9250641e-27
2.5360823e-27
1.0816088e-27
4.5964957e-28
1.9464635e-28
8.2137449e-29
3.4540155e-29
1.4474644e-29
6.0451101e-30
2.5160849e-30
1.0437174e-30
4.31508e-31
1.7780931e-31
7.3028301e-32
2.9895796e-32
1.2198945e-32
4.9617909e-33
2.0117287e-33
8.1306569e-34
3.2758012e-34
1.3156954e-34
5.268042e-35
2.1028538e-35
8.3684468e-36
3.3202098e-36
1.3133667e-36
5.1793733e-37
2.0376314e-37
7.960563e-38
3.1914992e-38
1.0208866e-38
0.12793552
0.34393398
0.55513263
0.74859523
0.94921824
1.1393815
1.3544358
1.5733233
1.8590746
2.1916414
2.7699409
3.1955234
1.8232363
2.0396481e-09
-3.6597904e-11
-6.7599867e-12
5.1350971e-12
0.0016925002
0.013462511
0.011211049
0.0087621123
0.0068801305
0.0064491532
0.0089519823
0.016407335
0.031601579
0.057913754
0.098583342
0.15580955
0.23014854
0.3204119
0.42395866
0.53713754
0.65569216
0.77510611
0.89096692
0.99933136
1.0970149
1.1818141
1.2525852
1.3092217
1.3525444
1.3841195
1.4059844
1.4203228
1.4291916
1.4343542
1.4372085
1.4387771
1.4397499
1.4405595
1.4414583
1.4425785
1.4439729
1.4456452
1.4475692
1.4497021
1.4519909
1.4543748
1.4567878
1.459159
1.4614139
1.4634738
1.4652567
1.4666771
1.4676466
1.4680736
1.4678646
1.4669237
1.4651535
1.4624553
1.4587296
1.453876
1.4477942
1.4403837
1.4315449
1.4211787
1.4091875
1.3954755
1.3799496
1.3625194
1.3430991
1.3216075
1.2979699
1.2721195
1.2439994
1.2135644
1.1807839
1.1456448
1.1081551
1.0683475
1.0262839
0.98205969
0.93580854
0.88770664
0.8379764
0.78688882
0.73476406
0.68196951
0.62891497
0.57604456
0.52382545
0.4727338
0.42323866
0.37578485
0.33077608
0.28855964
0.24941378
0.21353882
0.18105258
0.15199029
0.12630882
0.10389463
0.084574604
0.068128808
0.054304033
0.042827221
0.033417906
0.025799038
0.019705798
0.014892216
0.01113563
0.0082391431
0.0060323759
0.0043708553
0.0031343929
0.0022247999
0.0015632351
0.0010874318
0.00074898934
0.00051085653
0.00034508637
0.00023089772
0.00015304994
0.0001005143
6.541296e-05
4.2189212e-05
2.6971249e-05
1.709318e-05
1.0740551e-05
6.6922369e-06
4.1353801e-06
2.5346411e-06
1.5411005e-06
9.2963901e-07
5.5644345e-07
3.3052494e-07
1.9485699e-07
1.1402685e-07
6.6241064e-08
3.8205415e-08
2.1879996e-08
1.2443437e-08
7.0282809e-09
3.9429146e-09
2.1972921e-09
1.2164717e-09
6.691147e-10
3.656984e-10
1.9861317e-10
1.071996e-10
5.7506256e-11
3.066265e-11
1.6252189e-11
8.5635878e-12
4.4861587e-12
2.3366897e-12
1.2102267e-12
6.2330794e-13
3.192561e-13
1.6263197e-13
8.240087e-14
4.1528389e-14
2.0819652e-14
1.0383504e-14
5.1520852e-15
2.5434112e-15
1.2493091e-15
6.1061548e-16
2.96985e-16
1.4374534e-16
6.9241882e-17
3.3195753e-17
1.5840068e-17
7.5234027e-18
3.5569331e-18
1.674026e-18
7.8432193e-19
3.6584099e-19
1.6989318e-19
7.8553319e-20
3.6164055e-20
1.6578008e-20
7.5674321e-21
3.4398827e-21
1.5571673e-21
7.0200593e-22
3.1519341e-22
1.4094868e-22
6.2778195e-23
2.7850736e-23
1.2307231e-23
5.4174567e-24
2.3755119e-24
1.0376733e-24
4.5156529e-25
1.9577238e-25
8.4560499e-26
3.6390075e-26
1.560312e-26
6.6660205e-27
2.8376701e-27
1.2036781e-27
5.0877412e-28
2.1429823e-28
8.9950506e-29
3.7626382e-29
1.5685463e-29
6.5167368e-30
2.6983782e-30
1.1135941e-30
4.5805104e-31
1.8779111e-31
7.6739946e-32
3.125822e-32
1.2691534e-32
5.1366708e-33
2.0724194e-33
8.3351263e-34
3.3419166e-34
1.3357894e-34
5.3229114e-35
2.1146539e-35
8.3756228e-36
3.3074819e-36
1.3021225e-36
5.1140346e-37
1.9946226e-37
7.9825681e-38
2.5493953e-38
7.8760267
7.6516266
7.4499758
7.2455376
7.0577204
6.8523347
6.6558655
6.4133947
6.1596338
5.7781372
5.2982019
4.4287295
2.5733226
2.6298188e-09
-1.3281926e-10
-2.7567944e-11
2.15424e-11
0.0048447478
0.035176785
0.030209412
0.025212869
0.020175078
0.016935559
0.019158032
0.031008536
0.057717483
0.10590232
0.18264505
0.29383229
0.44265872
0.62890631
0.84910699
1.0973458
1.3663448
1.6484604
1.9364097
2.2237836
2.5053471
2.7770268
3.0358267
3.2795682
3.5066111
3.7156143
3.9055607
4.0758788
4.2265167
4.357919
4.4709633
4.5668807
4.6471339
4.7132721
4.7668094
4.8091547
4.8415813
4.8652142
4.8810288
4.8898594
4.8924146
4.8892949
4.8810086
4.8679851
4.8505869
4.82912
4.8038423
4.7749705
4.7426857
4.707138
4.6684502
4.6267205
4.5820246
4.5344176
4.4839358
4.4305977
4.3744051
4.3153441
4.2533855
4.1884859
4.1205883
4.049623
3.975508
3.8981511
3.8174505
3.7332967
3.6455753
3.5541691
3.4589619
3.359843
3.2567122
3.1494865
3.0381079
2.9225526
2.8028421
2.6790564
2.5513482
2.4199594
2.285237
2.1476482
2.0077918
1.8664052
1.7243617
1.5826603
1.4424029
1.3047625
1.1709416
1.0421243
0.91942597
0.80384384
0.69621359
0.59717499
0.50714956
0.42633153
0.3546924
0.29199768
0.23783375
0.19164184
0.15275593
0.12044147
0.093932067
0.072462066
0.055293541
0.04173695
0.031165391
0.023022865
0.016827367
0.012169794
0.0087097387
0.0061692226
0.0043252478
0.0030019361
0.0020628075
0.0014035944
0.00094582419
0.00063128639
0.00041739928
0.00027343157
0.00017749244
0.00011418465
7.2810565e-05
4.6025805e-05
2.8846266e-05
1.7927471e-05
1.1049657e-05
6.75518e-06
4.0967589e-06
2.4649892e-06
1.4716868e-06
8.7195662e-07
5.1274997e-07
2.9929441e-07
1.7342969e-07
9.9776581e-08
5.6998234e-08
3.2334628e-08
1.8217674e-08
1.0194839e-08
5.6672574e-09
3.1297683e-09
1.7172706e-09
9.3625063e-10
5.0723702e-10
2.73107e-10
1.4614855e-10
7.7737713e-11
4.1103573e-11
2.1605885e-11
1.1291263e-11
5.8670995e-12
3.0314237e-12
1.5575539e-12
7.9587178e-13
4.0446067e-13
2.0444269e-13
1.0279152e-13
5.1411592e-14
2.5580552e-14
1.2662816e-14
6.2366035e-15
3.0562487e-15
1.4903105e-15
7.2316363e-16
3.4921419e-16
1.6782858e-16
8.0275207e-17
3.8217363e-17
1.8110299e-17
8.5427471e-18
4.0114136e-18
1.8751926e-18
8.7269602e-19
4.0436033e-19
1.8654427e-19
8.5688412e-20
3.919293e-20
1.7850778e-20
8.096331e-21
3.6569472e-21
1.6449995e-21
7.3696429e-22
3.2883453e-22
1.4614201e-22
6.4692731e-23
2.852558e-23
1.2529323e-23
5.4821397e-24
2.3895548e-24
1.0376312e-24
4.4889291e-25
1.9347746e-25
8.3084495e-26
3.5548833e-26
1.5155144e-26
6.4378002e-27
2.7250269e-27
1.1494045e-27
4.8312169e-28
2.0236448e-28
8.4473107e-29
3.5141579e-29
1.4569836e-29
6.0204707e-30
2.479478e-30
1.0177838e-30
4.1641616e-31
1.6981948e-31
6.9031336e-32
2.7971432e-32
1.1298049e-32
4.5490743e-33
1.8259285e-33
7.3062734e-34
2.9145368e-34
1.1590831e-34
4.5955858e-35
1.8165923e-35
7.1594392e-36
2.8130509e-36
1.1026381e-36
4.2923166e-37
1.7142529e-37
5.4648781e-38
8.0019398
7.9887906
7.9776024
7.9424953
7.9088476
7.8390113
7.7600451
7.6202461
7.4106439
7.0788481
6.2879166
4.9817824
3.6343247
1.4552761
0.99807915
0.66205218
0.40952345
0.21613547
0.16835355
0.12839153
0.1067737
0.084019711
0.061468557
0.049230229
0.055697425
0.0882753
0.15610524
0.26996291
0.43991493
0.67255979
0.96919963
1.3254356
1.7320518
2.1767118
2.6457634
3.1256605
3.6040577
4.0705158
4.5166252
4.9360003
5.3240654
5.6777568
5.9953066
6.2762995
6.5216887
6.7335507
6.9146587
7.0680981
7.1970146
7.304434
7.3931349
7.4655818
7.52392
7.570001
7.6054094
7.6314904
7.6493762
7.6600147
7.6641947
7.6625687
7.655672
7.6439399
7.6277228
7.6072981
7.5828815
7.5546353
7.5226762
7.487081
7.4478912
7.4051171
7.3587402
7.3087157
7.2549739
7.1974213
7.1359405
7.0703908
7.0006073
6.9264006
6.8475559
6.7638321
6.6749612
6.5806471
6.4805652
6.3743624
6.2616574
6.1420424
6.0150863
5.8803395
5.7373402
5.5856239
5.4247365
5.2542518
5.0737959
4.8830795
4.6819398
4.4703903
4.2486781
4.0173419
3.7772648
3.5297143
3.27636
3.0192615
2.7608252
2.5037255
2.2507988
2.0049145
1.7688377
1.5450934
1.3358462
1.1428055
0.96716424
0.8095729
0.67015076
0.54852821
0.44391454
0.3551825
0.28096092
0.21972738
0.16989412
0.12988216
0.098180844
0.073391612
0.054256392
0.039672355
0.028695249
0.020533979
0.014539072
0.010187383
0.0070650456
0.0048501951
0.0032965676
0.0022186594
0.0014788118
0.00097632984
0.00063857095
0.00041382603
0.00026575962
0.00016915638
0.00010672857
6.6762027e-05
4.1409251e-05
2.5470971e-05
1.5539386e-05
9.4041834e-06
5.6463067e-06
3.3637207e-06
1.9885753e-06
1.1667667e-06
6.7951294e-07
3.9285631e-07
2.2549726e-07
1.2851929e-07
7.2738048e-08
4.0885259e-08
2.2825906e-08
1.2658687e-08
6.9741414e-09
3.8174675e-09
2.0762633e-09
1.1221502e-09
6.0272472e-10
3.217537e-10
1.7072643e-10
9.0050448e-11
4.7218624e-11
2.4615953e-11
1.2759353e-11
6.5762949e-12
3.3705889e-12
1.7180377e-12
8.7094706e-13
4.3914924e-13
2.2025323e-13
1.0988793e-13
5.454092e-14
2.6931857e-14
1.3231451e-14
6.4680214e-15
3.1461767e-15
1.5228839e-15
7.3357811e-16
3.5167796e-16
1.6779769e-16
7.9687695e-17
3.7668897e-17
1.7724842e-17
8.3025351e-18
3.871583e-18
1.7973644e-18
8.307555e-19
3.823132e-19
1.7518358e-19
7.993081e-20
3.6316176e-20
1.6431193e-20
7.4035293e-21
3.3222064e-21
1.484737e-21
6.6088252e-22
2.9299977e-22
1.293882e-22
5.6914416e-23
2.4938235e-23
1.0885296e-23
4.7332659e-24
2.0504185e-24
8.8491098e-25
3.8049277e-25
1.6300355e-25
6.9576948e-26
2.959136e-26
1.2540335e-26
5.295551e-27
2.2283528e-27
9.3441606e-28
3.9047455e-28
1.626124e-28
6.7489348e-29
2.791576e-29
1.150822e-29
4.7284953e-30
1.9364458e-30
7.904358e-31
3.2160137e-31
1.304278e-31
5.2727144e-32
2.1248135e-32
8.5357245e-33
3.418246e-33
1.3646455e-33
5.4312531e-34
2.1550326e-34
8.5249371e-35
3.3621805e-35
1.3220806e-35
5.1829234e-36
2.0269688e-36
7.8730579e-37
3.1368309e-37
9.979319e-38
7.9945079
8.0068374
7.9909677
8.00801
7.978366
8.0014216
7.9356552
7.9587243
7.7878816
7.7110809
7.2131828
5.5531018
4.4830834
3.5016981
2.7555269
2.1185638
1.5445653
1.0198775
0.62104661
0.44126311
0.36560619
0.29633216
0.21766259
0.15501111
0.126211
0.14024392
0.20517633
0.33144325
0.53014677
0.80944478
1.1715296
1.61122
2.116237
2.6687025
3.2472189
3.8292919
4.3938808
4.9234049
5.4049033
5.8305355
6.1974279
6.5070536
6.7643364
6.9764549
7.1514231
7.2967962
7.4188568
7.5223682
7.610732
7.6863396
7.7509368
7.8058967
7.8523922
7.8914872
7.9241709
7.9513601
7.9738913
7.9925117
8.0078719
8.0205246
8.0309273
8.0394484
8.0463747
8.0519201
8.0562345
8.0594118
8.0614975
8.0624947
8.0623696
8.0610558
8.0584571
8.05445
8.0488844
8.0415845
8.0323475
8.0209423
8.0071073
7.9905467
7.9709275
7.9478744
7.9209647
7.8897224
7.8536101
7.812021
7.7642695
7.7095827
7.6470919
7.5758254
7.4947017
7.4025233
7.2979716
7.179606
7.0458712
6.8951227
6.7256774
6.5358996
6.3243249
6.0898204
5.8317684
5.5502544
5.2462343
4.9216507
4.5794781
4.2236766
3.8590539
3.4910415
3.1254066
2.7679291
2.4240772
2.0987132
1.7958579
1.51853
1.2686717
1.0471552
0.8538625
0.68781997
0.54736912
0.43035353
0.33430391
0.25660735
0.19465096
0.14593475
0.10815233
0.079241532
0.057408752
0.041132291
0.029150144
0.020437442
0.014178048
0.0097339032
0.006614775
0.0044501758
0.0029644859
0.0019557221
0.0012779823
0.0008273242
0.00053067901
0.00033733704
0.0002125403
0.00013274904
8.2205415e-05
5.0479254e-05
3.0741979e-05
1.8570277e-05
1.1128389e-05
6.6165523e-06
3.9036712e-06
2.2856609e-06
1.3283146e-06
7.6628935e-07
4.3887206e-07
2.4956615e-07
1.4092366e-07
7.9027694e-08
4.4016673e-08
2.43524e-08
1.338431e-08
7.3083897e-09
3.9651503e-09
2.1377136e-09
1.1453283e-09
6.0987208e-10
3.2278436e-10
1.6981929e-10
8.8817231e-11
4.6182473e-11
2.3875919e-11
1.2273781e-11
6.2742761e-12
3.1896773e-12
1.612716e-12
8.1101052e-13
4.0567786e-13
2.0186009e-13
9.9922062e-14
4.9208595e-14
2.4111011e-14
1.175467e-14
5.7023136e-15
2.7527197e-15
1.322413e-15
6.3225176e-16
3.008526e-16
1.4248883e-16
6.7172778e-17
3.1521933e-17
1.472518e-17
6.8478993e-18
3.1704686e-18
1.4614327e-18
6.7072276e-19
3.0650337e-19
1.3946791e-19
6.3194397e-20
2.851453e-20
1.2813123e-20
5.7340609e-21
2.555673e-21
1.1344902e-21
5.0160881e-22
2.2090968e-22
9.6909295e-23
4.2347995e-23
1.8434543e-23
7.9942749e-24
3.4537258e-24
1.4865286e-24
6.3745519e-25
2.7235239e-25
1.1593957e-25
4.9177318e-26
2.0784715e-26
8.7535173e-27
3.6736131e-27
1.5363472e-27
6.4029928e-28
2.6594191e-28
1.1008113e-28
4.5412287e-29
1.8671537e-29
7.6514665e-30
3.1252062e-30
1.2723113e-30
5.162975e-31
2.0883801e-31
8.4204016e-32
3.3843908e-32
1.3560109e-32
5.4161569e-33
2.1566264e-33
8.5609964e-34
3.3880467e-34
1.3367805e-34
5.2585429e-35
2.0624329e-35
8.0644932e-36
3.1457754e-36
1.2187824e-36
4.8427213e-37
1.5370457e-37
7.9911381
8.0114794
7.9871502
8.0154448
7.9829823
8.015858
7.9816562
7.9885847
7.9948162
7.7949692
7.9779231
6.7592381
5.7033583
5.0332613
4.2215378
3.4312327
2.6596843
1.9454212
1.4325197
1.1445069
0.97474893
0.81963859
0.64643063
0.48777413
0.37631342
0.3275701
0.3471965
0.44009361
0.61275867
0.87087218
1.2160954
1.643785
2.1421319
2.6925276
3.2706375
3.8491566
4.4020684
4.908442
5.3549559
5.7366591
6.0560072
6.3209721
6.5425642
6.7320036
6.8984287
7.0478826
7.1834871
7.3062852
7.4162337
7.5130241
7.5965932
7.6673292
7.7260657
7.7739706
7.8124018
7.8427737
7.8664547
7.8847003
7.8986174
7.9091521
7.9170925
7.9230825
7.9276389
7.9311708
7.9339986
7.9363706
7.9384779
7.9404662
7.942446
7.9444997
7.9466877
7.9490525
7.9516217
7.9544101
7.95742
7.9606413
7.9640489
7.9676001
7.9712306
7.9748504
7.9783389
7.9815375
7.9842402
7.9861788
7.9870046
7.9862669
7.9833899
7.9776493
7.9681476
7.9537813
7.9331953
7.9047179
7.8662798
7.815328
7.7487612
7.6629204
7.5536696
7.4165928
7.2473154
7.0419289
6.7974752
6.5124237
6.1870685
5.8237767
5.4270417
5.0033199
4.560666
4.1082096
3.6555357
3.2120449
2.7863621
2.3858539
2.0162932
1.6816857
1.3842558
1.1245672
0.90174661
0.71377132
0.55778286
0.43039525
0.32797279
0.24686163
0.18356781
0.13488128
0.097950423
0.070315224
0.049908047
0.035031601
0.024322457
0.016707144
0.011356189
0.0076398662
0.005088002
0.0033550674
0.0021909373
0.0014171435
0.00090809519
0.00057657938
0.00036280355
0.00022627737
0.00013990665
8.5769263e-05
5.2141993e-05
3.1439147e-05
1.8803719e-05
1.1157514e-05
6.5690243e-06
3.8379681e-06
2.2254843e-06
1.280927e-06
7.3190272e-07
4.1520478e-07
2.3388415e-07
1.3083283e-07
7.2687022e-08
4.0111283e-08
2.198821e-08
1.1974842e-08
6.4795962e-09
3.4838945e-09
1.8614889e-09
9.884911e-10
5.2172232e-10
2.7371394e-10
1.4275154e-10
7.4016022e-11
3.8156236e-11
1.955839e-11
9.9692066e-12
5.05335e-12
2.5475343e-12
1.2773575e-12
6.37068e-13
3.1605925e-13
1.5598701e-13
7.6590126e-14
3.7415201e-14
1.8186131e-14
8.7957907e-15
4.2332762e-15
2.0275416e-15
9.6644728e-16
4.5848489e-16
2.1648765e-16
1.0174773e-16
4.7601617e-17
2.2168964e-17
1.0278193e-17
4.7441269e-18
2.1801387e-18
9.9751618e-19
4.5444685e-19
2.0615436e-19
9.3125111e-20
4.1891333e-20
1.8766467e-20
8.3725817e-21
3.7202492e-21
1.6464075e-21
7.2572471e-22
3.1863397e-22
1.393522e-22
6.0708977e-23
2.6346613e-23
1.1390549e-23
4.9059986e-24
2.1051729e-24
8.9999507e-25
3.8335285e-25
1.626962e-25
6.8800243e-26
2.8990114e-26
1.217224e-26
5.0928963e-27
2.1234681e-27
8.8231948e-28
3.6535723e-28
1.5077645e-28
6.2013377e-29
2.5420564e-29
1.0385913e-29
4.2293671e-30
1.7166773e-30
6.9453759e-31
2.800965e-31
1.1259921e-31
4.5122113e-32
1.8025219e-32
7.178259e-33
2.849807e-33
1.1279235e-33
4.4506319e-34
1.7508604e-34
6.8671777e-35
2.6854448e-35
1.0469843e-35
4.0720676e-36
1.5731305e-36
6.2313008e-37
1.9725776e-37
8.0097115
7.9886916
8.0146132
7.9804899
8.0280952
7.9589322
8.0614957
7.9062245
8.1274109
7.8049299
8.0966332
7.7331943
6.8404957
6.0566874
5.3951246
4.8051936
4.114411
3.3668533
2.7391403
2.3196113
2.0448354
1.8170194
1.5717968
1.3199731
1.1067209
0.96403973
0.90262991
0.92366555
1.0268191
1.2115874
1.4764003
1.81698
2.224779
2.6863146
3.1826301
3.6902316
4.1856328
4.6501172
5.0726588
5.4500687
5.7851382
6.0841928
6.3543998
6.6013533
6.8278833
7.0343214
7.2195641
7.3822439
7.5216023
7.6379096
7.7324751
7.8074204
7.8653594
7.9090821
7.941302
7.964486
7.9807632
7.9918943
7.999284
8.0040168
8.0069057
8.0085417
8.0093418
8.0095899
8.0094714
8.0091007
8.0085428
8.0078294
8.0069712
8.0059666
8.0048073
8.0034822
8.0019811
8.0002976
7.9984315
7.9963914
7.9941953
7.99187
7.9894496
7.9869762
7.9845015
7.9820921
7.9798324
7.9778238
7.9761738
7.9749784
7.9743011
7.9741569
7.9745086
7.9752662
7.9762738
7.9772498
7.9776509
7.9764435
7.9717986
7.9607649
7.9390069
7.9007086
7.8387279
7.7450433
7.6114768
7.4306073
7.1967429
6.9067957
6.560911
6.1627459
5.7193485
5.2406577
4.7387019
4.2266136
3.7175944
3.2239584
2.7563521
2.3232173
1.9305159
1.581705
1.2779203
1.0183092
0.80045209
0.62081384
0.475176
0.3590177
0.26782409
0.19731582
0.14360168
0.10326413
0.073390234
0.051562169
0.035820536
0.024611779
0.016728767
0.011251037
0.0074890053
0.0049345951
0.0032193257
0.0020799455
0.0013310601
0.0008438875
0.00053014232
0.00033006452
0.00020369417
0.00012462475
7.5604244e-05
4.5485417e-05
2.7142393e-05
1.6067109e-05
9.4363199e-06
5.4992392e-06
3.1805005e-06
1.825733e-06
1.0403568e-06
5.8854996e-07
3.3059124e-07
1.8439786e-07
1.0214687e-07
5.6201187e-08
3.071585e-08
1.6677088e-08
8.9962453e-09
4.8220014e-09
2.5683771e-09
1.3595494e-09
7.1527684e-10
3.7405339e-10
1.9445071e-10
1.0049334e-10
5.1635844e-11
2.6380621e-11
1.3402049e-11
6.7708264e-12
3.4019471e-12
1.70004e-12
8.4501818e-13
4.1780839e-13
2.0550418e-13
1.0055973e-13
4.895696e-14
2.3714715e-14
1.1430369e-14
5.482348e-15
2.6167455e-15
1.2429938e-15
5.8764162e-16
2.7651279e-16
1.2950887e-16
6.0379219e-17
2.8022101e-17
1.2946736e-17
5.9550717e-18
2.7271e-18
1.243433e-18
5.6450851e-19
2.5519047e-19
1.1487433e-19
5.1494937e-20
2.2988311e-20
1.0220409e-20
4.5254892e-21
1.9957947e-21
8.7666973e-22
3.83568e-22
1.671672e-22
7.2573483e-23
3.138619e-23
1.3522228e-23
5.8039271e-24
2.4818439e-24
1.0573537e-24
4.4882158e-25
1.8982298e-25
7.9994336e-26
3.3590673e-26
1.4055312e-26
5.8605419e-27
2.4351373e-27
1.0083476e-27
4.1611246e-28
1.7113433e-28
7.0145802e-29
2.8656047e-29
1.1667901e-29
4.7352464e-30
1.9154785e-30
7.7233923e-31
3.1041743e-31
1.2436615e-31
4.9669203e-32
1.9774781e-32
7.8484901e-33
3.1054235e-33
1.2249716e-33
4.8173884e-34
1.8888078e-34
7.38352e-35
2.8777489e-35
1.1182323e-35
4.3347033e-36
1.6691399e-36
6.5883159e-37
2.0794327e-37
8.0307113
7.9635529
8.0424583
7.9488665
8.0607106
7.9274634
8.0838342
7.9082462
8.08608
7.9418611
7.9691646
8.0469235
7.7047297
7.1569131
6.56028
5.9925969
5.4599691
4.8970792
4.3401664
3.9054837
3.6032952
3.3714354
3.1330572
2.8801258
2.6481179
2.4678716
2.3556699
2.3178144
2.354156
2.460146
2.6295393
2.8565972
3.1365166
3.4633985
3.8267441
4.2115
4.6030992
4.989546
5.362142
5.7155167
6.0468053
6.3544598
6.6372034
6.8934633
7.1213921
7.3192956
7.4862561
7.6226428
7.7302527
7.8120981
7.8719737
7.9139683
7.9420505
7.959784
7.9701754
7.9756282
7.977972
7.9785345
7.9782316
7.9776595
7.977178
7.9769805
7.97715
7.9777004
7.9786062
7.9798224
7.9812969
7.9829783
7.9848198
7.9867812
7.9888275
7.9909276
7.9930509
7.9951661
7.9972409
7.9992436
8.0011434
8.002909
8.0045033
8.0058784
8.0069738
8.0077242
8.0080734
8.0079908
8.0074763
8.0065473
8.0052105
8.003436
8.0011649
7.9983704
7.9951687
7.9919349
7.9893447
7.9882503
7.9893319
7.9925293
7.9963466
7.9971969
7.9889884
7.9631282
7.9090434
7.8151989
7.6704755
7.4656813
7.1949304
6.8566487
6.4540367
5.9949283
5.4910871
4.9570778
4.4088979
3.8625753
3.3329098
2.8324926
2.3710732
1.9552877
1.5887105
1.2721592
1.0041678
0.78154294
0.59992951
0.45432956
0.33953886
0.25048432
0.18246036
0.13127333
0.093309458
0.065544287
0.045511401
0.031246039
0.021216283
0.014251157
0.0094719884
0.0062307852
0.0040574405
0.0026161534
0.0016705778
0.0010566966
0.0006622144
0.00041123818
0.0002531125
0.00015443129
9.3418332e-05
5.6037017e-05
3.3337467e-05
1.9673026e-05
1.1517407e-05
6.6902937e-06
3.8565807e-06
2.2064006e-06
1.2529883e-06
7.063902e-07
3.9539379e-07
2.1976243e-07
1.2130113e-07
6.6498508e-08
3.6211039e-08
1.9588319e-08
1.0527474e-08
5.6216585e-09
2.9830415e-09
1.5730727e-09
8.2446443e-10
4.2950342e-10
2.2241793e-10
1.1450312e-10
5.860629e-11
2.982528e-11
1.5092855e-11
7.5951646e-12
3.8011362e-12
1.8920423e-12
9.3674081e-13
4.6132657e-13
2.2600939e-13
1.1015428e-13
5.3414645e-14
2.5770926e-14
1.2371899e-14
5.9102359e-15
2.8097013e-15
1.3293112e-15
6.2593337e-16
2.9335108e-16
1.3684476e-16
6.3543592e-17
2.9372455e-17
1.3516211e-17
6.1920832e-18
2.8242697e-18
1.2825762e-18
5.799458e-19
2.6111881e-19
1.1707234e-19
5.227022e-20
2.3241086e-20
1.0291493e-20
4.5387646e-21
1.9936616e-21
8.7224111e-22
3.8011018e-22
1.6500098e-22
7.1348291e-23
3.0733801e-23
1.318864e-23
5.6383223e-24
2.4014899e-24
1.0190775e-24
4.3086738e-25
1.8151146e-25
7.6190771e-26
3.1867812e-26
1.328211e-26
5.5164547e-27
2.2832012e-27
9.4174267e-28
3.8711215e-28
1.5858797e-28
6.4750745e-29
2.6349499e-29
1.0687222e-29
4.3204986e-30
1.7409684e-30
6.992737e-31
2.7997156e-31
1.1173829e-31
4.4455177e-32
1.7631347e-32
6.9711107e-33
2.7477813e-33
1.0797824e-33
4.2303302e-34
1.652366e-34
6.4348942e-35
2.4985826e-35
9.6725354e-36
3.7353625e-36
1.4330679e-36
5.6340037e-37
1.7723458e-37
8.0282522
7.9675458
8.0357643
7.9604866
8.0411649
7.9587269
8.0359743
7.9753063
8.0038117
8.0218924
7.9570462
8.0157787
7.9911137
7.7998322
7.4858432
7.1163881
6.7395834
6.3570539
5.9628343
5.5986993
5.3227742
5.140127
4.9977905
4.8699078
4.7570661
4.6671996
4.6107318
4.5953727
4.622894
4.6900214
4.7911728
4.921116
5.0772278
5.2594534
5.4660855
5.6914703
5.9291435
6.1726914
6.416144
6.6542118
6.882018
7.094822
7.2881334
7.4581125
7.6021309
7.719226
7.8102363
7.8775679
7.9247076
7.9556537
7.9744002
7.984555
7.9891202
7.9904149
7.9901017
7.9892771
7.988588
7.9883515
7.9886618
7.9894762
7.9906803
7.9921328
7.9936947
7.9952456
7.9966914
7.9979653
7.999026
7.9998535
8.0004459
8.0008161
8.0009891
8.0009973
8.0008773
8.0006653
8.0003962
8.0001054
7.9998321
7.9996208
7.9995179
7.9995608
7.9997674
8.0001318
8.000635
8.0012675
8.0020499
8.0030279
8.0042264
8.0055733
8.0068324
8.007608
8.0074674
8.0061775
8.0039743
8.0017267
8.0008342
8.002762
8.0082261
8.0161859
8.0229073
8.0213998
8.0014681
7.9504855
7.8548154
7.7016445
7.4808888
7.1868122
6.8190652
6.3829775
5.8890878
5.3520338
4.7890197
4.2181229
3.6566866
3.1199949
2.6203485
2.1665817
1.7639921
1.414605
1.1176709
0.87029019
0.66806975
0.50573828
0.37767279
0.27831099
0.20244506
0.1454056
0.10315357
0.072301157
0.050082873
0.034295532
0.02322243
0.015552963
0.010305373
0.0067571761
0.0043855068
0.0028179014
0.001792991
0.0011299731
0.00070547867
0.00043642566
0.00026756484
0.00016259942
9.7961642e-05
5.8521238e-05
3.4670649e-05
2.0373687e-05
1.1876877e-05
6.869472e-06
3.9427052e-06
2.2458171e-06
1.2697579e-06
7.1267143e-07
3.9713055e-07
2.1973776e-07
1.2074074e-07
6.5891507e-08
3.5717308e-08
1.923302e-08
1.0289166e-08
5.4691504e-09
2.8887402e-09
1.5163053e-09
7.910318e-10
4.1017457e-10
2.1142114e-10
1.0833513e-10
5.5190813e-11
2.795602e-11
1.4080837e-11
7.0527558e-12
3.5131634e-12
1.7405159e-12
8.5768549e-13
4.204149e-13
2.0500143e-13
9.9447209e-14
4.7996841e-14
2.3048564e-14
1.1013173e-14
5.2365352e-15
2.4777846e-15
1.1667976e-15
5.4684449e-16
2.5508909e-16
1.1844114e-16
5.4741697e-17
2.5186098e-17
1.1535912e-17
5.2603224e-18
2.3881566e-18
1.0795019e-18
4.858631e-19
2.1774777e-19
9.7176621e-20
4.3187369e-20
1.9114231e-20
8.425195e-21
3.6986539e-21
1.6172057e-21
7.0430635e-22
3.0552679e-22
1.320215e-22
5.6828173e-23
2.4368125e-23
1.0409632e-23
4.4301523e-24
1.8783947e-24
7.9351406e-25
3.3399224e-25
1.4007036e-25
5.853265e-26
2.4372825e-26
1.0113064e-26
4.1815965e-27
1.7230464e-27
7.0755488e-28
2.8956377e-28
1.181032e-28
4.8009224e-29
1.9451152e-29
7.8548055e-30
3.1615983e-30
1.2684419e-30
5.0726912e-31
2.0221874e-31
8.0358252e-32
3.1832923e-32
1.257101e-32
4.9490512e-33
1.9424161e-33
7.6004851e-34
2.9650306e-34
1.1532299e-34
4.4720917e-35
1.729129e-35
6.665681e-36
2.563337e-36
9.7937526e-37
3.833192e-37
1.2014201e-37
8.0119035
7.9872712
8.0128979
7.9879404
8.0096667
7.9943441
7.9993953
8.0075914
7.9858518
8.014665
7.9932664
7.9899703
8.00667
7.9837413
7.8903849
7.7330876
7.538022
7.3281779
7.1156477
6.9126006
6.7339967
6.5941308
6.4970731
6.4424269
6.4239966
6.4333117
6.4615991
6.5037243
6.5571172
6.6199246
6.6903949
6.7670127
6.8488795
6.9362358
7.0296688
7.1287884
7.2324415
7.3386935
7.4449017
7.5479513
7.6445192
7.7314131
7.8059998
7.8666177
7.9128479
7.9455332
7.9665339
7.9783176
7.9835219
7.9845914
7.983542
7.9818578
7.980495
7.9799582
7.9804089
7.9817796
7.9838739
7.9864447
7.9892477
7.9920731
7.9947599
7.9971983
7.9993253
8.0011161
8.002575
8.0037251
8.0046008
8.0052402
8.0056815
8.0059604
8.0061091
8.0061559
8.0061229
8.0060247
8.0058674
8.0056511
8.0053745
8.0050409
8.0046596
8.0042425
8.0037945
8.0033074
8.0027648
8.0021648
8.0015513
8.0010321
8.000755
8.0008319
8.0012369
8.0017418
8.0019631
8.0015561
8.0005142
7.9994348
7.9995686
8.0024878
8.009328
8.0197173
8.0306654
8.0357616
8.0250026
7.9854277
7.9025359
7.7622501
7.5530528
7.2678706
6.9053501
6.4703045
5.9732941
5.4294629
4.8568783
4.2746707
3.7012586
3.1528847
2.6425992
2.1797338
1.7698337
1.4149557
1.1142191
0.86448808
0.66108214
0.49843546
0.37065381
0.27194524
0.19692137
0.14078112
0.099397205
0.069329205
0.047785969
0.032557589
0.021932744
0.014613005
0.0096317353
0.0062819804
0.0040552734
0.0025916468
0.0016400628
0.0010279388
0.00063824287
0.00039264758
0.0002393874
0.00014466423
8.6668188e-05
5.1483882e-05
3.032966e-05
1.7722198e-05
1.0272782e-05
5.9080389e-06
3.3716734e-06
1.9096532e-06
1.0735649e-06
5.9913262e-07
3.3196524e-07
1.8263739e-07
9.9784923e-08
5.4146136e-08
2.9184007e-08
1.5625842e-08
8.3120429e-09
4.3932038e-09
2.3073119e-09
1.2042692e-09
6.2470203e-10
3.2210166e-10
1.650902e-10
8.4119059e-11
4.2613568e-11
2.1464281e-11
1.0750619e-11
5.3546621e-12
2.6524313e-12
1.3067751e-12
6.4037235e-13
3.1215405e-13
1.5136971e-13
7.3024873e-14
3.5050322e-14
1.6738999e-14
7.954439e-15
3.7614722e-15
1.7701069e-15
8.2900855e-16
3.864207e-16
1.7927803e-16
8.2790792e-17
3.8058155e-17
1.7415908e-17
7.9341198e-18
3.5985428e-18
1.6249894e-18
7.3061828e-19
3.2708942e-19
1.4581353e-19
6.4729692e-20
2.8615564e-20
1.2598314e-20
5.5239769e-21
2.4123381e-21
1.0492733e-21
4.5459038e-22
1.9617768e-22
8.4332123e-23
3.6113253e-23
1.5405864e-23
6.5473694e-24
2.7721977e-24
1.1694268e-24
4.9150508e-25
2.0582759e-25
8.5884327e-26
3.570861e-26
1.4794299e-26
6.1078977e-27
2.5129176e-27
1.0303078e-27
4.2098898e-28
1.7143605e-28
6.9578283e-29
2.8144763e-29
1.1347126e-29
4.5598486e-30
1.8264295e-30
7.2921371e-31
2.9021344e-31
1.1513362e-31
4.5532313e-32
1.7950686e-32
7.0549969e-33
2.7642517e-33
1.079776e-33
4.2050907e-34
1.6327237e-34
6.3205622e-35
2.4395723e-35
9.3885862e-36
3.6024272e-36
1.3789034e-36
5.2444598e-37
2.042545e-37
6.3761875e-38
8.001096
7.9993044
8.0001423
8.0010127
7.9976263
8.0040499
7.9946269
8.0057253
7.9956108
8.0008443
8.0026011
7.9965762
7.9976462
8.0010743
7.9890592
7.9491787
7.8810661
7.7926554
7.693192
7.591658
7.4967458
7.4156269
7.3532707
7.3127686
7.2930484
7.2918673
7.3057667
7.3313434
7.3655783
7.4058843
7.4501318
7.4966665
7.5442839
7.5921756
7.6397477
7.6864111
7.7315097
7.7742717
7.8138179
7.8492418
7.8797406
7.9047718
7.924195
7.9383465
7.9480078
7.9542695
7.9583305
7.9612989
7.964045
7.9671294
7.9708048
7.9750701
7.9797514
7.9845869
7.9892979
7.9936404
7.9974335
8.0005689
8.0030065
8.0047626
8.0058936
8.0064803
8.0066146
8.0063898
8.0058939
8.005205
8.0043889
8.0034992
8.002578
8.001658
8.0007652
7.9999201
7.9991386
7.9984313
7.9978042
7.9972595
7.9967975
7.996418
7.9961196
7.9958965
7.9957345
7.995608
7.9954855
7.9953428
7.9951804
7.9950318
7.9949447
7.9949315
7.9949087
7.9946751
7.9939827
7.9927213
7.9911663
7.9901596
7.9910507
7.9952627
8.0034606
8.0144674
8.0242164
8.0250952
8.005984
7.9531285
7.8517696
7.6882454
7.4521504
7.1381195
6.7468926
6.2854848
5.7664752
5.2065933
4.6248887
4.040802
3.4724207
2.9351264
2.44074
1.9971756
1.6085402
1.2755693
0.99627191
0.76666254
0.58148262
0.43483996
0.32072683
0.23340212
0.16764295
0.11888314
0.083262417
0.05761114
0.039393357
0.026627133
0.017796394
0.011764209
0.00769359
0.0049789681
0.0031893187
0.0020225772
0.0012701575
0.00079003847
0.00048681802
0.00029723434
0.00017985737
0.00010787836
6.4149656e-05
3.7825303e-05
2.2119237e-05
1.2829996e-05
7.3827491e-06
4.2151119e-06
2.3881497e-06
1.342874e-06
7.4952845e-07
4.1531349e-07
2.2848256e-07
1.2481635e-07
6.7714546e-08
3.6486608e-08
1.952871e-08
1.0383605e-08
5.48532e-09
2.8792425e-09
1.501824e-09
7.7851163e-10
4.0110318e-10
2.0541425e-10
1.0457452e-10
5.2927154e-11
2.6633236e-11
1.3325901e-11
6.6302521e-12
3.2806286e-12
1.6143939e-12
7.9016621e-13
3.8469293e-13
1.8630578e-13
8.9760165e-14
4.3024349e-14
2.0518509e-14
9.7365463e-15
4.5974599e-15
2.1602819e-15
1.0102001e-15
4.7014669e-16
2.1777712e-16
1.0040779e-16
4.6080991e-17
2.1052215e-17
9.5745266e-18
4.3351272e-18
1.9542152e-18
8.7710092e-19
3.9197063e-19
1.7442312e-19
7.72895e-20
3.4105299e-20
1.4987416e-20
6.5592389e-21
2.8590374e-21
1.2412049e-21
5.3671243e-22
2.3116987e-22
9.9181081e-23
4.2388765e-23
1.8047333e-23
7.6547557e-24
3.2346041e-24
1.3617506e-24
5.7118344e-25
2.3870957e-25
9.9401895e-26
4.1244329e-26
1.7052674e-26
7.0257562e-27
2.8845592e-27
1.1802252e-27
4.812407e-28
1.9556209e-28
7.9203514e-29
3.1970844e-29
1.2862513e-29
5.1578848e-30
2.0615951e-30
8.2135838e-31
3.2619031e-31
1.2913078e-31
5.0958891e-32
2.0047149e-32
7.8620993e-33
3.0738901e-33
1.1981537e-33
4.6560916e-34
1.8039538e-34
6.9684199e-35
2.6838497e-35
1.0306385e-35
3.9463178e-36
1.506596e-36
5.7378157e-37
2.1715816e-37
8.4126259e-38
2.6149153e-38
7.9986583
8.0015287
7.9982432
8.0019837
7.9978803
8.0020836
7.9983059
8.0009624
8.0000473
7.9991818
8.0006426
8.0002649
7.9988905
7.9992734
7.99964
7.9945466
7.9797753
7.9542378
7.9200679
7.8804517
7.8395891
7.8012155
7.7685453
7.7437273
7.7277597
7.7202975
7.7204022
7.7268173
7.7381677
7.7530984
7.7703879
7.7890249
7.8082267
7.8274162
7.8461681
7.8641511
7.8810949
7.8967749
7.9110153
7.9237077
7.9348356
7.9444918
7.9528749
7.9602601
7.9669451
7.9731877
7.9791556
7.9849014
7.9903698
7.9954293
7.9999167
8.0036807
8.006616
8.0086812
8.0099021
8.0103616
8.0101838
8.0095142
8.0085022
8.0072864
8.0059852
8.0046917
8.0034726
8.0023708
8.0014083
8.0005908
7.999911
7.9993527
7.9988946
7.9985134
7.9981858
7.9978899
7.9976056
7.9973152
7.997005
7.9966657
7.9962932
7.9958863
7.995443
7.9949581
7.9944229
7.9938314
7.9931888
7.9925192
7.991862
7.9912514
7.9906784
7.9900509
7.9891828
7.9878491
7.9859254
7.9835796
7.981427
7.9805104
7.9819775
7.9864057
7.9928571
7.9978892
7.9948373
7.9736731
7.92163
7.8245876
7.6690042
7.4440245
7.1433396
6.7664263
6.3189411
5.8122266
5.2620659
4.6869467
4.1061476
3.5379463
2.9981774
2.4992706
2.0498021
1.6545117
1.3146802
1.0287431
0.79301455
0.60241674
0.45113837
0.33317595
0.24273962
0.17452581
0.12387271
0.086821911
0.06011143
0.041123542
0.027807172
0.018589965
0.012290623
0.0080381593
0.0052015922
0.003331337
0.0021120544
0.0013258482
0.00082428815
0.00050763522
0.00030974153
0.00018728654
0.00011224176
6.6683983e-05
3.928108e-05
2.2946318e-05
1.3294765e-05
7.6410704e-06
4.3571162e-06
2.4653506e-06
1.3843755e-06
7.7158494e-07
4.2689905e-07
2.3449487e-07
1.2789733e-07
6.9272543e-08
3.7263378e-08
1.9910083e-08
1.0567701e-08
5.5724976e-09
2.9196128e-09
1.52002e-09
7.864362e-10
4.0439714e-10
2.0669128e-10
1.0501317e-10
5.3040774e-11
2.6635227e-11
1.3298982e-11
6.6028272e-12
3.2600493e-12
1.6007867e-12
7.817886e-13
3.797716e-13
1.8351133e-13
8.8214463e-14
4.2187298e-14
2.0073195e-14
9.503233e-15
4.4768534e-15
2.0986836e-15
9.7908185e-16
4.5458361e-16
2.1006589e-16
9.6620215e-17
4.4235846e-17
2.0160313e-17
9.146585e-18
4.1312475e-18
1.8577415e-18
8.3174848e-19
3.7078473e-19
1.6458671e-19
7.2749567e-20
3.2021965e-20
1.4036742e-20
6.1277905e-21
2.6642738e-21
1.1537427e-21
4.9763581e-22
2.1379816e-22
9.1496146e-23
3.9005387e-23
1.6564774e-23
7.0081196e-24
2.9538479e-24
1.240397e-24
5.1896055e-25
2.1633352e-25
8.985529e-26
3.7188458e-26
1.5336682e-26
6.3027079e-27
2.5811253e-27
1.0533931e-27
4.2843454e-28
1.736617e-28
7.0155526e-29
2.8246881e-29
1.1335541e-29
4.5340802e-30
1.8076873e-30
7.1838351e-31
2.8457705e-31
1.1237385e-31
4.4234767e-32
1.7358267e-32
6.7905356e-33
2.6483017e-33
1.0296917e-33
3.9914778e-34
1.542614e-34
5.9441249e-35
2.2836824e-35
8.7480351e-36
3.3413472e-36
1.2725708e-36
4.8325295e-37
1.830694e-37
6.8927596e-38
2.6552594e-38
8.2167619e-39
7.9991789
8.0007759
7.9991994
8.0006852
7.9994011
8.0003705
7.9998257
7.9999191
8.0001856
7.9998612
7.9999168
8.0001565
8.0000183
7.9996476
7.999771
7.9995808
7.9978353
7.9930208
7.9848493
7.9736169
7.9604641
7.9467321
7.9338177
7.9228541
7.9146121
7.9093985
7.9071478
7.9075807
7.9102685
7.9147275
7.9204783
7.92709
7.9342033
7.9415346
7.9488671
7.9560373
7.9629237
7.9694376
7.9755179
7.9811268
7.9862457
7.9908685
7.9949928
7.9986111
8.0017027
8.0042338
8.0061632
8.0074562
8.0080988
8.0081108
8.0075514
8.0065176
8.0051339
8.0035393
8.0018711
8.0002512
7.9987768
7.9975146
7.9965007
7.9957429
7.9952264
7.9949197
7.9947816
7.9947666
7.9948295
7.9949284
7.9950262
7.995092
7.9951015
7.9950366
7.9948844
7.9946357
7.9942847
7.9938293
7.9932714
7.9926164
7.9918709
7.991039
7.9901196
7.9891065
7.987994
7.9867838
7.9854904
7.9841372
7.9827386
7.981271
7.9796473
7.9777165
7.9753129
7.9723574
7.96898
7.9655885
7.9627787
7.9609984
7.9599395
7.9577445
7.9502226
7.9303395
7.8882329
7.8119002
7.6885335
7.5063014
7.2562385
6.9338617
6.5401879
6.0819596
5.5710594
5.0232515
4.4565024
3.8891771
3.3383843
2.8186777
2.3412245
1.9134607
1.5391781
1.2189383
0.9506921
0.7304862
0.5531593
0.41295957
0.30404374
0.22084405
0.15830807
0.11202912
0.078290291
0.054046571
0.036867295
0.024857213
0.016569994
0.01092364
0.0071236049
0.0045965064
0.0029353229
0.0018556007
0.0011614778
0.00071999377
0.00044210801
0.00026896581
0.00016215078
9.688924e-05
5.7391163e-05
3.3705688e-05
1.9630129e-05
1.1339019e-05
6.4972313e-06
3.6935796e-06
2.0835141e-06
1.1663708e-06
6.4807815e-07
3.5745878e-07
1.9574371e-07
1.064306e-07
5.7466389e-08
3.0816278e-08
1.6413982e-08
8.6848487e-09
4.5653147e-09
2.3844246e-09
1.2374959e-09
6.3825305e-10
3.2716847e-10
1.666935e-10
8.4425325e-11
4.2508016e-11
2.1278893e-11
1.0591135e-11
5.2418603e-12
2.5799495e-12
1.2628514e-12
6.14809e-13
2.9771861e-13
1.4341007e-13
6.8721174e-14
3.2761774e-14
1.5539539e-14
7.3338175e-15
3.4440541e-15
1.6094734e-15
7.485092e-16
3.4644545e-16
1.5959575e-16
7.3177969e-17
3.3399139e-17
1.5174307e-17
6.8631501e-18
3.0903024e-18
1.3853603e-18
6.1834335e-19
2.7480359e-19
1.2160766e-19
5.3587694e-20
2.3515491e-20
1.0276538e-20
4.4726202e-21
1.938732e-21
8.3701257e-22
3.599334e-22
1.5417199e-22
6.5780748e-23
2.7958814e-23
1.1838087e-23
4.9934776e-24
2.0984527e-24
8.7858771e-25
3.6650177e-25
1.5233051e-25
6.3085883e-26
2.6033124e-26
1.0704918e-26
4.3864902e-27
1.791189e-27
7.2890265e-28
2.9560696e-28
1.1947851e-28
4.8129092e-29
1.9323281e-29
7.7325323e-30
3.0841994e-30
1.226182e-30
4.8592699e-31
1.9195626e-31
7.5589267e-32
2.9672615e-32
1.1611824e-32
4.53007e-33
1.7618947e-33
6.8318159e-34
2.6410947e-34
1.0179669e-34
3.9119689e-35
1.4989223e-35
5.7265719e-36
2.1814835e-36
8.2862869e-37
3.1385669e-37
1.1853609e-37
4.4660586e-38
1.6726092e-38
6.4062349e-39
1.9735961e-39
7.999711
8.0002219
7.9997853
8.0001248
7.9999042
8.0000035
8.0000028
7.9999371
8.0000124
7.9999805
7.9999723
7.9999609
8.0000593
7.9999593
7.9999346
7.9998999
7.9998304
7.9992736
7.9979577
7.995706
7.9926222
7.9889887
7.9851956
7.9816466
7.9786702
7.9764897
7.9751887
7.9747645
7.9751307
7.9761585
7.977699
7.9796031
7.9817347
7.9839764
7.9862312
7.9884208
7.9904825
7.9923666
7.9940345
7.9954562
7.9966099
7.9974812
7.9980639
7.998361
7.9983871
7.9981701
7.9977531
7.9971936
7.9965601
7.9959267
7.995365
7.9949362
7.9946844
7.9946319
7.9947786
7.9951032
7.9955683
7.996125
7.9967193
7.9972969
7.9978067
7.9982042
7.9984528
7.9985236
7.9983953
7.9980531
7.9974875
7.996694
7.9956714
7.9944209
7.9929448
7.9912469
7.9893322
7.9872083
7.9848842
7.9823689
7.9796699
7.9767915
7.9737366
7.970508
7.9671099
7.9635441
7.9598027
7.9558552
7.9516377
7.9470516
7.9419804
7.9363268
7.9300547
7.9232
7.9157942
7.9076452
7.897945
7.8847359
7.8643449
7.8309569
7.7765234
7.6911544
7.5640408
7.3848096
7.1450907
6.8399923
6.469186
6.03738
5.5540869
5.0327408
4.4893373
3.9408406
3.4036166
2.8921054
2.4178796
1.9891416
1.6106444
1.2839568
1.007968
0.77952051
0.59407002
0.44629778
0.33062605
0.24161376
0.17423006
0.12401739
0.087164066
0.060509133
0.041501303
0.028130944
0.018849886
0.01248967
0.0081850777
0.0053067947
0.0034047378
0.0021621097
0.0013592889
0.0008462136
0.00052176315
0.0003186985
0.00019287904
0.00011568334
6.8772855e-05
4.0532259e-05
2.3686267e-05
1.3727028e-05
7.8906036e-06
4.4995084e-06
2.5456937e-06
1.4292112e-06
7.9633664e-07
4.4041874e-07
2.4180237e-07
1.3180624e-07
7.1341992e-08
3.8347741e-08
2.0472431e-08
1.0856314e-08
5.7190694e-09
2.9932546e-09
1.5566147e-09
8.0441539e-10
4.1312617e-10
2.1087653e-10
1.0699315e-10
5.396396e-11
2.7058801e-11
1.3489817e-11
6.6869985e-12
3.2962337e-12
1.6158442e-12
7.8778539e-13
3.8201001e-13
1.842598e-13
8.8410819e-14
4.2201545e-14
2.0041394e-14
9.4696063e-15
4.4521269e-15
2.0828659e-15
9.69704e-16
4.4928976e-16
2.0718014e-16
9.508855e-17
4.3440074e-17
1.9754149e-17
8.9424035e-18
4.0299585e-18
1.8080859e-18
8.0766453e-19
3.5921736e-19
1.5908104e-19
7.0151087e-20
3.0805259e-20
1.3471287e-20
5.8668625e-21
2.544684e-21
1.099287e-21
4.7299379e-22
2.0271427e-22
8.6539603e-23
3.6801371e-23
1.5590072e-23
6.5793574e-24
2.7662154e-24
1.1587008e-24
4.8356486e-25
2.0107191e-25
8.3305962e-26
3.4390887e-26
1.4147105e-26
5.7991282e-27
2.3688778e-27
9.6431961e-28
3.9121102e-28
1.5817071e-28
6.3735132e-29
2.5596598e-29
1.0245866e-29
4.0878081e-30
1.6256228e-30
6.443896e-31
2.546176e-31
1.0028847e-31
3.9377463e-32
1.5413091e-32
6.0143416e-33
2.3396649e-33
9.0739657e-34
3.5085613e-34
1.3525703e-34
5.1987596e-35
1.9923186e-35
7.6128447e-36
2.9005081e-36
1.1019193e-36
4.1742997e-37
1.5768293e-37
5.9397082e-38
2.231057e-38
8.360233e-39
3.1144766e-39
1.186e-39
3.6379679e-40
7.9999174
8.0000471
7.9999556
8.0000098
7.9999908
7.9999845
8.0000026
7.9999751
7.9999986
7.9999749
7.9999989
7.9999641
8.0000022
7.999989
7.9999961
7.9999769
7.9999827
7.9999506
7.9998175
7.9995093
7.9989943
7.9982947
7.997476
7.996632
7.9958558
7.9952267
7.994793
7.9945761
7.9945711
7.9947542
7.9950903
7.9955393
7.9960614
7.9966201
7.9971841
7.997728
7.998232
7.9986819
7.999069
7.9993895
7.9996446
7.9998405
7.9999878
8.0001014
8.000199
8.0002997
8.0004217
8.00058
8.0007833
8.0010325
8.0013195
8.0016271
8.0019307
8.0022004
8.0024038
8.0025081
8.0024825
8.0022985
8.0019306
8.0013551
8.0005495
7.999492
7.9981605
7.9965321
7.9945834
7.9922915
7.9896347
7.9865933
7.9831503
7.979292
7.9750092
7.9702969
7.9651542
7.9595814
7.9535786
7.9471443
7.9402758
7.9329697
7.9252194
7.9170083
7.9082985
7.89902
7.8890653
7.8782933
7.8665425
7.853642
7.8394035
7.8235681
7.8056815
7.7848793
7.7595851
7.727159
7.683573
7.6232216
7.5389864
7.4226396
7.2656084
7.0600308
6.7999448
6.4823956
6.108242
5.6824899
5.2140753
4.7151279
4.1998439
3.683158
3.1794234
2.7012812
2.2588459
1.8592626
1.5066261
1.2022039
0.94487337
0.73167647
0.55840561
0.420151
0.31176513
0.22822202
0.16486749
0.11757006
0.082789641
0.057584026
0.039573082
0.026877591
0.018046376
0.011981505
0.0078679753
0.0051115165
0.0032860417
0.002090889
0.0013170992
0.00082153788
0.0005075134
0.00031057379
0.00018830567
0.00011314223
6.7379519e-05
3.9778603e-05
2.328434e-05
1.3515846e-05
7.7813912e-06
4.4439957e-06
2.5180126e-06
1.4157073e-06
7.8991747e-07
4.3746371e-07
2.4049821e-07
1.3126433e-07
7.1137808e-08
3.8284685e-08
2.0463074e-08
1.0863922e-08
5.7295363e-09
3.0020308e-09
1.5628523e-09
8.0848285e-10
4.1563816e-10
2.1236953e-10
1.0785504e-10
5.4450048e-11
2.7327683e-11
1.3636098e-11
6.7654284e-12
3.3377404e-12
1.6375522e-12
7.9901614e-13
3.8776211e-13
1.8717828e-13
8.9878511e-14
4.2933473e-14
2.0403494e-14
9.6473819e-15
4.5387696e-15
2.1247961e-15
9.8985819e-16
4.5891349e-16
2.1174627e-16
9.7241633e-17
4.4449221e-17
2.0224364e-17
9.160249e-18
4.130321e-18
1.8540711e-18
8.2862205e-19
3.6871872e-19
1.6336653e-19
7.2074289e-20
3.166408e-20
1.3852941e-20
6.0356598e-21
2.6189899e-21
1.1318464e-21
4.8719602e-22
2.0888157e-22
8.9205982e-23
3.7949165e-23
1.6082054e-23
6.7893502e-24
2.8554748e-24
1.196486e-24
4.9949553e-25
2.0776167e-25
8.6104141e-26
3.5556754e-26
1.4631002e-26
5.9992099e-27
2.4512976e-27
9.9814509e-28
4.0504237e-28
1.6380593e-28
6.6022835e-29
2.652204e-29
1.0618924e-29
4.2376714e-30
1.6856192e-30
6.6832709e-31
2.6413618e-31
1.040609e-31
4.0867643e-32
1.5999823e-32
6.2446124e-33
2.429749e-33
9.4252681e-34
3.6451301e-34
1.4054966e-34
5.4032407e-35
2.0710793e-35
7.9152935e-36
3.0163036e-36
1.1461212e-36
4.342532e-37
1.6406727e-37
6.1812554e-38
2.3222878e-38
8.7006509e-39
3.2506546e-39
1.2116037e-39
4.4902809e-40
1.7002253e-40
5.1940859e-41
7.9999805
8.0000059
7.9999934
7.9999963
8.0000007
7.9999928
8.0000025
7.9999897
8.0000016
7.999988
7.9999987
7.9999862
7.9999931
7.9999896
7.9999946
7.9999933
7.9999963
8
7.9999971
7.9999744
7.9999193
7.9998276
7.9997038
7.9995617
7.999419
7.9992939
7.9992004
7.9991472
7.999137
7.9991672
7.9992317
7.9993218
7.9994286
7.999543
7.9996572
7.9997647
7.9998604
7.9999409
8.0000043
8.0000497
8.0000775
8.0000891
8.0000858
8.0000693
8.0000409
8.0000003
7.9999462
7.9998753
7.9997821
7.9996591
7.9994967
7.9992825
7.9990012
7.9986337
7.9981554
7.9975349
7.9967327
7.9956996
7.9943762
7.9926931
7.9905726
7.98793
7.9846765
7.9807225
7.9759814
7.9703727
7.9638253
7.9562794
7.9476885
7.938021
7.9272581
7.9153915
7.902419
7.8883405
7.8731556
7.8568597
7.8394389
7.8208608
7.8010629
7.7799411
7.7573409
7.7330515
7.7067964
7.6782109
7.6467906
7.6117997
7.5721299
7.5261196
7.4713567
7.4045062
7.3212225
7.2162063
7.0834588
6.9167542
6.7103094
6.4595751
6.1620315
5.8178454
5.4302586
5.0056135
4.5529908
4.0835034
3.609353
3.1427925
2.6951435
2.2759943
1.8926598
1.5499345
1.2501206
0.99327875
0.77762949
0.6000286
0.4564503
0.34242689
0.25341275
0.18505864
0.13339623
0.094942708
0.066740723
0.046350554
0.031810686
0.021580443
0.014475307
0.0096024519
0.0063012454
0.0040912867
0.0026289281
0.0016721519
0.0010530307
0.00065669256
0.00040562421
0.00024820416
0.0001504867
9.0421026e-05
5.3851691e-05
3.1795244e-05
1.8613596e-05
1.0806226e-05
6.222458e-06
3.554353e-06
2.0143475e-06
1.1327815e-06
6.3220314e-07
3.5020696e-07
1.9257841e-07
1.0513817e-07
5.699499e-08
3.0682322e-08
1.6404581e-08
8.7119624e-09
4.5960815e-09
2.4089393e-09
1.254511e-09
6.4919665e-10
3.338664e-10
1.7064909e-10
8.6698005e-11
4.3785064e-11
2.1983229e-11
1.0973404e-11
5.4464132e-12
2.6880231e-12
1.3192944e-12
6.4397485e-13
3.1264107e-13
1.5097453e-13
7.2522344e-14
3.4656095e-14
1.6476144e-14
7.7934103e-15
3.6679444e-15
1.717781e-15
8.0055047e-16
3.7128802e-16
1.7137969e-16
7.8733281e-17
3.6002423e-17
1.6387128e-17
7.4249672e-18
3.3491083e-18
1.5039337e-18
6.7237963e-19
2.9930072e-19
1.3265663e-19
5.8546147e-20
2.5729756e-20
1.1260571e-20
4.9078536e-21
2.1303349e-21
9.2097448e-22
3.9655981e-22
1.7007826e-22
7.2658301e-23
3.0919679e-23
1.3107343e-23
5.535294e-24
2.3287836e-24
9.7610319e-25
4.076205e-25
1.6959975e-25
7.0310188e-26
2.9043561e-26
1.1954585e-26
4.9032757e-27
2.0040996e-27
8.1629505e-28
3.3134728e-28
1.3404212e-28
5.4042304e-29
2.1715706e-29
8.697095e-30
3.4717388e-30
1.381353e-30
5.4784683e-31
2.1658197e-31
8.5350446e-32
3.3529037e-32
1.3130446e-32
5.1261595e-33
1.9951241e-33
7.7414751e-34
2.9947744e-34
1.1550521e-34
4.4416716e-35
1.7029773e-35
6.5102672e-36
2.4815682e-36
9.4319339e-37
3.5746376e-37
1.3509195e-37
5.0909918e-38
1.9131982e-38
7.1698701e-39
2.679569e-39
9.9869349e-40
3.7119431e-40
1.3764164e-40
5.07559e-41
1.9112651e-41
5.8170325e-42
7.9999969
7.9999993
7.9999997
7.9999978
8.0000006
7.9999975
8.0000011
7.9999969
8.0000006
7.999997
7.9999992
7.9999966
7.9999969
7.9999954
7.9999955
7.9999956
7.9999967
7.9999991
8.0000023
8.000005
8.000005
8.0000008
7.9999918
7.9999789
7.9999644
7.9999509
7.9999409
7.9999365
7.9999383
7.9999464
7.9999599
7.9999772
7.9999967
8.0000166
8.0000352
8.0000515
8.0000641
8.0000725
8.0000766
8.0000759
8.0000709
8.0000618
8.0000482
8.0000304
8.000007
7.999975
7.9999303
7.9998642
7.9997633
7.9996082
7.9993697
7.9990062
7.9984632
7.9976683
7.9965289
7.9949326
7.9927461
7.9898154
7.9859681
7.9810183
7.9747709
7.967027
7.9575908
7.9462772
7.9329177
7.917366
7.8995021
7.8792355
7.856504
7.8312704
7.8035173
7.7732411
7.740446
7.7051346
7.6672954
7.6268887
7.583833
7.537994
7.4891723
7.4370826
7.3813142
7.3212666
7.256061
7.1844384
7.1046576
7.0144197
6.9108364
6.7904705
6.6494646
6.4837734
6.2894984
6.0633087
5.8029075
5.5074873
5.1781
4.8178716
4.432007
4.0275591
3.6129779
3.1974932
2.7904113
2.4004202
2.0349924
1.6999504
1.399231
1.1348515
0.90704996
0.71455562
0.55493572
0.42496656
0.32098614
0.23919836
0.17591195
0.12770976
0.091552521
0.064827313
0.045353223
0.031357245
0.021431881
0.014483847
0.0096808414
0.0064010004
0.0041877834
0.0027115308
0.0017379123
0.001102834
0.00069301824
0.00043133265
0.00026594501
0.00016246504
9.8353898e-05
5.9014676e-05
3.5102411e-05
2.0701054e-05
1.2105845e-05
7.0212096e-06
4.0393216e-06
2.3054117e-06
1.3055527e-06
7.3368033e-07
4.0920873e-07
2.2655093e-07
1.2451607e-07
6.7948155e-08
3.6819254e-08
1.9813817e-08
1.0590252e-08
5.6225994e-09
2.9655604e-09
1.5540317e-09
8.0916988e-10
4.1868583e-10
2.1530107e-10
1.1004059e-10
5.5904502e-11
2.8233514e-11
1.4175667e-11
7.0764858e-12
3.5125421e-12
1.733758e-12
8.510418e-13
4.1547071e-13
2.0173808e-13
9.7436883e-14
4.6814061e-14
2.2375635e-14
1.0640171e-14
5.0341184e-15
2.3698817e-15
1.1101573e-15
5.1751472e-16
2.400857e-16
1.1085107e-16
5.0941008e-17
2.3300907e-17
1.0609108e-17
4.8084851e-18
2.1696176e-18
9.7459767e-19
4.3586909e-19
1.9408688e-19
8.6053027e-20
3.7991466e-20
1.6702271e-20
7.3122989e-21
3.1881603e-21
1.3843719e-21
5.9870101e-22
2.5788716e-22
1.1064441e-22
4.7285344e-23
2.0129723e-23
8.5364995e-24
3.606359e-24
1.5178233e-24
6.3643242e-25
2.6587512e-25
1.1066558e-25
4.5895683e-26
1.8965757e-26
7.8094778e-27
3.2043611e-27
1.3102147e-27
5.3387399e-28
2.1679226e-28
8.7734573e-29
3.5386105e-29
1.4224682e-29
5.6991858e-30
2.2759142e-30
9.0590783e-31
3.5942576e-31
1.4214882e-31
5.6039967e-32
2.2023406e-32
8.628084e-33
3.3697575e-33
1.3120436e-33
5.0930042e-34
1.9709996e-34
7.6049478e-35
2.92559e-35
1.1221433e-35
4.2915176e-36
1.6364811e-36
6.2224057e-37
2.3591876e-37
8.9193439e-38
3.3626285e-38
1.264182e-38
4.7395168e-39
1.7719897e-39
6.6069311e-40
2.4567344e-40
9.1106053e-41
3.3694283e-41
1.2432347e-41
4.5625114e-42
1.7089017e-42
5.1838915e-43
7.9999998
7.9999995
8.0000001
7.9999994
8.0000001
7.9999994
8.0000002
7.9999994
8
7.9999995
7.9999998
7.9999995
7.9999994
7.9999989
7.9999985
7.9999982
7.9999981
7.9999986
7.9999996
8.0000013
8.0000032
8.0000052
8.000007
8.0000085
8.0000099
8.0000113
8.000013
8.0000152
8.0000178
8.0000211
8.0000247
8.0000283
8.000032
8.0000349
8.0000372
8.0000384
8.0000381
8.0000365
8.0000326
8.0000255
8.0000147
7.9999962
7.9999662
7.999918
7.9998378
7.9997085
7.999503
7.9991788
7.9986809
7.9979326
7.9968276
7.9952322
7.9929791
7.9898564
7.9856116
7.9799559
7.9725588
7.9630511
7.951039
7.9361146
7.9178639
7.8958812
7.8697869
7.8392418
7.8039578
7.7637071
7.7183261
7.6677138
7.6118269
7.5506708
7.4842902
7.4127545
7.3361388
7.2545058
7.1678863
7.0762594
6.9795228
6.8774467
6.7696113
6.6553357
6.5336163
6.4030928
6.262058
6.1085169
5.9402946
5.7551889
5.5511572
5.3265293
5.0802332
4.8120151
4.522632
4.213987
3.8891795
3.5524492
3.2090012
2.8647223
2.5258122
2.19837
1.8879874
1.599394
1.3361969
1.1007365
0.89406494
0.716035
0.56547499
0.44041742
0.33834892
0.25645244
0.19182031
0.14162506
0.10324297
0.074331897
0.052869366
0.037159125
0.025815166
0.017731452
0.012044289
0.008092606
0.0053797759
0.0035391755
0.0023045775
0.0014856518
0.00094833284
0.00059951623
0.00037541626
0.00023290048
0.00014316736
8.7217444e-05
5.2664304e-05
3.1524598e-05
1.8709769e-05
1.1011264e-05
6.42716e-06
3.7211428e-06
2.1373217e-06
1.2180349e-06
6.8881817e-07
3.8660007e-07
2.1537135e-07
1.1910704e-07
6.5397908e-08
3.5654896e-08
1.9304294e-08
1.0380475e-08
5.5444262e-09
2.9418351e-09
1.5507689e-09
8.1224356e-10
4.2274447e-10
2.186567e-10
1.1240364e-10
5.7433985e-11
2.9171969e-11
1.4730139e-11
7.3948155e-12
3.6911472e-12
1.8320702e-12
9.0427796e-13
4.4388692e-13
2.1671256e-13
1.0523667e-13
5.0833587e-14
2.4426633e-14
1.1677064e-14
5.5537746e-15
2.6281741e-15
1.2375351e-15
5.7986119e-16
2.7038265e-16
1.254719e-16
5.7949683e-17
2.6638898e-17
1.2188919e-17
5.5516305e-18
2.517124e-18
1.1361592e-18
5.1055875e-19
2.284258e-19
1.0175555e-19
4.5134097e-20
1.9934482e-20
8.7675477e-21
3.8401076e-21
1.6750179e-21
7.2765367e-22
3.1483081e-22
1.356734e-22
5.8236405e-23
2.4899686e-23
1.0604969e-23
4.4994317e-24
1.9017562e-24
8.0078667e-25
3.3593811e-25
1.4040983e-25
5.8471826e-26
2.4261717e-26
1.0030826e-26
4.1324399e-27
1.6964659e-27
6.9401093e-28
2.8293308e-28
1.1495048e-28
4.6543676e-29
1.8782196e-29
7.5540636e-30
3.0281406e-30
1.2098873e-30
4.8183626e-31
1.9127212e-31
7.5685604e-32
2.9853547e-32
1.1738458e-32
4.6011869e-33
1.7979744e-33
7.0042698e-34
2.7203118e-34
1.053323e-34
4.0663238e-35
1.565129e-35
6.0064273e-36
2.2983185e-36
8.7688358e-37
3.3359621e-37
1.2654858e-37
4.7869604e-38
1.8056689e-38
6.7920556e-39
2.5477582e-39
9.5305497e-40
3.555406e-40
1.3227586e-40
4.9079556e-41
1.816174e-41
6.7028783e-42
2.4671909e-42
9.0602439e-43
3.3097706e-43
1.2332883e-43
3.7305359e-44
8
7.9999999
8
7.9999999
8
7.9999999
8
7.9999999
8
7.9999999
7.9999999
7.9999999
7.9999999
7.9999999
7.9999998
7.9999996
7.9999995
7.9999994
7.9999996
7.9999999
8.0000004
8.0000012
8.0000021
8.0000031
8.0000042
8.0000052
8.0000065
8.0000076
8.0000087
8.0000099
8.0000107
8.0000116
8.0000121
8.0000118
8.0000112
8.0000083
8.0000028
7.9999926
7.9999722
7.9999372
7.9998757
7.99977
7.9995977
7.9993178
7.9988747
7.9981946
7.9971646
7.9956389
7.9934321
7.9902902
7.9858991
7.9798856
7.9717838
7.96104
7.9470467
7.9291279
7.906525
7.8784399
7.8440802
7.8026644
7.7534364
7.6957152
7.6289376
7.5526731
7.466631
7.3706734
7.2648236
7.1492584
7.0242902
6.890344
6.7479353
6.5976448
6.4400869
6.2758637
6.1054999
5.9293707
5.7476451
5.5602646
5.3669663
5.1673384
4.9608933
4.7471404
4.5256576
4.2961607
4.0585797
3.813142
3.5604578
3.3015982
3.0381475
2.772216
2.5064006
2.2436891
1.9873126
1.7405579
1.5065614
1.2881066
1.0874505
0.90619634
0.74522748
0.60470379
0.48411686
0.38239126
0.29801593
0.22918799
0.17395301
0.13032956
0.096409672
0.070432006
0.050827955
0.036243754
0.025543332
0.017797165
0.01226212
0.0083566186
0.0056344339
0.0037594475
0.0024828237
0.0016233222
0.0010509558
0.00067385165
0.00042797585
0.00026929031
0.00016789465
0.00010373687
6.3529142e-05
3.8567186e-05
2.3212836e-05
1.3853606e-05
8.1993606e-06
4.8132353e-06
2.8027924e-06
1.6191893e-06
9.2813825e-07
5.2794776e-07
2.9804825e-07
1.6701399e-07
9.2905667e-08
5.131048e-08
2.8138106e-08
1.5323494e-08
8.2878707e-09
4.4524309e-09
2.3761072e-09
1.2597773e-09
6.6362606e-10
3.4737352e-10
1.8069831e-10
9.3418916e-11
4.8003953e-11
2.4519835e-11
1.2450658e-11
6.2854468e-12
3.1548803e-12
1.5745825e-12
7.8147624e-13
3.857138e-13
1.8934072e-13
9.2444693e-14
4.4896041e-14
2.1689548e-14
1.0424064e-14
4.9841921e-15
2.3711014e-15
1.1223521e-15
5.2863652e-16
2.4777596e-16
1.1557385e-16
5.365156e-17
2.4788543e-17
1.1399573e-17
5.2181638e-18
2.3777194e-18
1.0785469e-18
4.8705099e-19
2.1897159e-19
9.8016607e-20
4.3684801e-20
1.9386514e-20
8.5669707e-21
3.7699204e-21
1.6520883e-21
7.2102274e-22
3.133989e-22
1.3567399e-22
5.8501078e-23
2.5125602e-23
1.0749081e-23
4.5808393e-24
1.944706e-24
8.2245861e-25
3.4653024e-25
1.4546238e-25
6.0835619e-26
2.5349994e-26
1.0525074e-26
4.3542599e-27
1.7949801e-27
7.3735224e-28
3.0183823e-28
1.2313199e-28
5.0058555e-29
2.0281942e-29
8.1898801e-30
3.2960591e-30
1.3221306e-30
5.2860103e-31
2.1065316e-31
8.3677024e-32
3.3132521e-32
1.3077487e-32
5.1454938e-33
2.0182455e-33
7.8918005e-34
3.0764104e-34
1.1956092e-34
4.6325654e-35
1.789582e-35
6.8927046e-36
2.6469505e-36
1.0135146e-36
3.8694752e-37
1.4730641e-37
5.5917571e-38
2.1166128e-38
7.9893281e-39
3.0072113e-39
1.1287857e-39
4.2253412e-40
1.5773335e-40
5.872261e-41
2.1802975e-41
8.0735228e-42
2.9816426e-42
1.0982498e-42
4.0346841e-43
1.4783332e-43
5.40428e-44
1.9655903e-44
7.2874992e-45
2.1993671e-45
8
8
8
8
8
8
7.9999999
7.9999999
7.9999999
7.9999999
7.9999999
8
8
8
8
8
8
8
8
7.9999999
8.0000001
8.0000002
8.0000004
8.0000008
8.0000009
8.0000013
8.0000017
8.0000018
8.0000022
8.000002
8.0000015
8.0000003
7.9999961
7.9999884
7.999972
7.9999405
7.9998847
7.9997847
7.9996166
7.9993411
7.9988966
7.9982064
7.9971522
7.9955707
7.99326
7.9899351
7.9852285
7.9787018
7.9697828
7.957767
7.9418605
7.9211057
7.8943688
7.860469
7.8181733
7.7660877
7.7027554
7.6268584
7.5372255
7.4327642
7.3125625
7.1760648
7.0231089
6.8538742
6.6688877
6.4690777
6.2557715
6.0306242
5.795544
5.5526305
5.3040926
5.0521221
4.7987683
4.5458613
4.2949942
4.0475295
3.8045906
3.5670266
3.3353795
3.109874
2.8904641
2.6769206
2.468952
2.2663262
2.0689755
1.8770688
1.6910434
1.5115968
1.3396416
1.1762317
1.0224692
0.87940439
0.7479383
0.62874124
0.52219349
0.42835439
0.34696089
0.2774534
0.21902321
0.17067449
0.13129255
0.099710974
0.074771517
0.055372734
0.040505342
0.029274251
0.020908579
0.014761861
0.010305053
0.0071148598
0.0048596145
0.0032844712
0.0021971587
0.0014550853
0.00095420021
0.00061972863
0.00039870877
0.00025414283
0.00016052343
0.00010048555
6.2349892e-05
3.8352506e-05
2.339021e-05
1.4145266e-05
8.4835469e-06
5.0464354e-06
2.9777183e-06
1.743108e-06
1.0124103e-06
5.8348529e-07
3.3372875e-07
1.8945093e-07
1.0675495e-07
5.9719468e-08
3.3168694e-08
1.8292488e-08
1.0018343e-08
5.4493378e-09
2.9441596e-09
1.5801306e-09
8.425229e-10
4.4634397e-10
2.3496211e-10
1.2291533e-10
6.390474e-11
3.3022999e-11
1.6962618e-11
8.6615904e-12
4.3970888e-12
2.2193669e-12
1.1138373e-12
5.5587203e-13
2.7587926e-13
1.3617094e-13
6.6849818e-14
3.2643367e-14
1.5856103e-14
7.6618211e-15
3.6832251e-15
1.7616162e-15
8.3831401e-16
3.9695344e-16
1.8703997e-16
8.7703191e-17
4.0926648e-17
1.9007718e-17
8.7863737e-18
4.0426639e-18
1.8515094e-18
8.4412383e-19
3.8311541e-19
1.7310802e-19
7.7873453e-20
3.4879199e-20
1.5554937e-20
6.907393e-21
3.0543824e-21
1.3449768e-21
5.8980285e-22
2.5758335e-22
1.1203802e-22
4.8536381e-23
2.0943098e-23
9.001254e-24
3.8536332e-24
1.6434609e-24
6.982102e-25
2.9550624e-25
1.2459952e-25
5.2342046e-26
2.190709e-26
9.1355185e-27
3.7958653e-27
1.5715632e-27
6.4835142e-28
2.6653886e-28
1.0919323e-28
4.4578913e-29
1.8137399e-29
7.3543684e-30
2.9720313e-30
1.1970482e-30
4.8054332e-31
1.9227746e-31
7.6685123e-32
3.0485454e-32
1.2080494e-32
4.7719806e-33
1.879083e-33
7.376285e-34
2.8865884e-34
1.1261553e-34
4.3801471e-35
1.6985038e-35
6.5666247e-36
2.5311967e-36
9.7280922e-37
3.7278419e-37
1.4243775e-37
5.4267539e-38
2.0616366e-38
7.809989e-39
2.950287e-39
1.1113805e-39
4.1749853e-40
1.5640463e-40
5.8432638e-41
2.1771142e-41
8.0897524e-42
2.9979606e-42
1.1080554e-42
4.0846048e-43
1.5017567e-43
5.5070333e-44
2.014252e-44
7.3481916e-45
2.6745817e-45
9.687072e-46
3.5739465e-46
1.0768977e-46
8
8.0000001
8
7.9999999
7.9999998
7.9999996
7.9999995
7.9999994
7.9999995
7.9999997
7.9999999
8.0000003
8.0000006
8.0000008
8.0000011
8.0000012
8.0000013
8.0000014
8.0000013
8.0000014
8.0000013
8.0000012
8.0000013
8.0000011
8.0000011
8.0000009
8.0000002
7.9999991
7.9999956
7.9999879
7.9999716
7.9999379
7.9998747
7.9997596
7.9995603
7.9992295
7.9986935
7.9978563
7.9965796
7.9946698
7.9918864
7.9878964
7.9822641
7.9744729
7.9638481
7.9495463
7.9306055
7.9058382
7.8738182
7.8330056
7.7816309
7.7176592
7.6391457
7.5442788
7.4309796
7.2970564
7.1409269
6.961763
6.7590078
6.5323521
6.282351
6.0107559
5.7201912
5.4137877
5.0952261
4.7688861
4.4396595
4.1124744
3.7918883
3.4819333
3.1860936
2.9072159
2.6473196
2.4074185
2.187484
1.9865924
1.8031961
1.6354275
1.4813645
1.3392118
1.207416
1.0847154
0.97014878
0.86303887
0.76295818
0.66968343
0.58314264
0.50335881
0.4303946
0.36430177
0.30507929
0.25264262
0.20680588
0.16727682
0.13366365
0.1054912
0.082223538
0.063289829
0.04811018
0.036119094
0.026784662
0.019622562
0.01420467
0.01016272
0.0071878394
0.0050269938
0.003477403
0.0023798751
0.0016118331
0.0010805973
0.00071728573
0.0004715263
0.00030704344
0.00019808975
0.0001266409
8.0243684e-05
5.0401292e-05
3.138557e-05
1.9379149e-05
1.1866165e-05
7.2062324e-06
4.3408713e-06
2.5939569e-06
1.5378385e-06
9.0461702e-07
5.2804151e-07
3.0588882e-07
1.75871e-07
1.0036973e-07
5.6863305e-08
3.1983452e-08
1.7861813e-08
9.9054848e-09
5.4553029e-09
2.9839916e-09
1.6212657e-09
8.7504522e-10
4.6921042e-10
2.4998048e-10
1.323383e-10
6.9621716e-11
3.6401686e-11
1.8917022e-11
9.7717974e-12
5.0178936e-12
2.5616967e-12
1.3002481e-12
6.5621944e-13
3.293271e-13
1.6435832e-13
8.1577666e-14
4.0271242e-14
1.9773839e-14
9.6579852e-15
4.692545e-15
2.268208e-15
1.0907757e-15
5.2190475e-16
2.4847053e-16
1.1770923e-16
5.5490905e-17
2.6033469e-17
1.2155256e-17
5.6485953e-18
2.6126619e-18
1.2028573e-18
5.5125753e-19
2.5149278e-19
1.1422148e-19
5.1646591e-20
2.3250227e-20
1.0421353e-20
4.6510587e-21
2.0669472e-21
9.1469345e-22
4.0309636e-22
1.7690799e-22
7.7323085e-23
3.3659808e-23
1.4593926e-23
6.3024249e-24
2.7110343e-24
1.1616374e-24
4.958275e-25
2.1082932e-25
8.9307404e-26
3.7689066e-26
1.5846375e-26
6.6381346e-27
2.7706292e-27
1.1522361e-27
4.7747368e-28
1.9715886e-28
8.1125213e-29
3.3264547e-29
1.3592738e-29
5.5353486e-30
2.2465114e-30
9.0867925e-31
3.6632241e-31
1.4719043e-31
5.8948267e-32
2.3531512e-32
9.3632747e-33
3.7137821e-33
1.4683421e-33
5.7872402e-34
2.2738421e-34
8.906449e-35
3.4778843e-35
1.3539497e-35
5.2550557e-36
2.0335262e-36
7.8456702e-37
3.0180624e-37
1.1575883e-37
4.4270818e-38
1.6882163e-38
6.4194117e-39
2.4340432e-39
9.2031502e-40
3.4699959e-40
1.3047119e-40
4.8921786e-41
1.8293666e-41
6.8221066e-42
2.5372548e-42
9.411218e-43
3.4815445e-43
1.2845487e-43
4.7270444e-44
1.7349905e-44
6.3515626e-45
2.3192499e-45
8.447086e-46
3.0686859e-46
1.112274e-46
4.0124342e-47
1.4732198e-47
4.4357971e-48
8.0000006
8
7.9999995
7.9999992
7.9999985
7.999998
7.999998
7.9999984
7.9999992
8.0000004
8.0000017
8.0000031
8.0000043
8.0000053
8.000006
8.0000065
8.0000066
8.0000064
8.0000061
8.0000054
8.0000047
8.0000038
8.0000029
8.0000019
7.999999
7.9999921
7.999974
7.9999322
7.9998473
7.9996825
7.9993883
7.9988903
7.998076
7.9968066
7.994882
7.9920325
7.9879392
7.9821611
7.9741409
7.9632372
7.9486005
7.9291981
7.903901
7.8713088
7.8297401
7.7773742
7.7120833
7.6314409
7.5329676
7.4139752
7.2717166
7.1042119
6.9100639
6.6872779
6.4337271
6.1492668
5.836234
5.4976761
5.1364033
4.7563461
4.3639703
3.9676266
3.5756891
3.1954948
2.833534
2.4957903
2.1873458
1.9114857
1.6690847
1.4587315
1.277437
1.1214938
0.98714228
0.87093662
0.76987656
0.68141421
0.6034185
0.53413316
0.4721404
0.41631874
0.36580567
0.31995456
0.27829098
0.24047278
0.20625283
0.17544609
0.14790172
0.12348066
0.10203906
0.083417359
0.067434857
0.053889007
0.042558527
0.033209206
0.025601249
0.019497026
0.01466832
0.010902386
0.0080064106
0.005810239
0.0041674524
0.0029550273
0.0020719068
0.0014368377
0.00098580102
0.00066931728
0.00044983452
0.00029934073
0.00019727926
0.00012879664
8.3317018e-05
5.3414684e-05
3.3944537e-05
2.1386452e-05
1.3360958e-05
8.2780969e-06
5.0871615e-06
3.1011707e-06
1.8755539e-06
1.1254654e-06
6.7015557e-07
3.9600438e-07
2.3224357e-07
1.3518989e-07
7.8115725e-08
4.4808789e-08
2.5518504e-08
1.4429507e-08
8.101947e-09
4.5175875e-09
2.5017332e-09
1.3760394e-09
7.5182108e-10
4.0806583e-10
2.2004741e-10
1.178991e-10
6.2769768e-11
3.3210342e-11
1.746286e-11
9.1266705e-12
4.74132e-12
2.448557e-12
1.2571252e-12
6.4170682e-13
3.256988e-13
1.6437955e-13
8.2501423e-14
4.1179989e-14
2.0443277e-14
1.0094432e-14
4.9580089e-15
2.4224402e-15
1.1774565e-15
5.6938735e-16
2.73947e-16
1.3114301e-16
6.2469397e-17
2.9611215e-17
1.3968016e-17
6.5573028e-18
3.0637253e-18
1.4247221e-18
6.594588e-19
3.0383888e-19
1.3935352e-19
6.3625594e-20
2.892046e-20
1.3087532e-20
5.8967008e-21
2.6453211e-21
1.1816385e-21
5.2558915e-22
2.3279954e-22
1.0268568e-22
4.5107366e-23
1.9733879e-23
8.5984887e-24
3.731586e-24
1.6130328e-24
6.9452493e-25
2.9788155e-25
1.2727012e-25
5.4169163e-26
2.2968682e-26
9.7027213e-27
4.0835657e-27
1.7123353e-27
7.1541143e-28
2.9782081e-28
1.2353795e-28
5.1062937e-29
2.1032209e-29
8.6327884e-30
3.5311622e-30
1.4394535e-30
5.8479519e-31
2.3678207e-31
9.5553173e-32
3.8433059e-32
1.5407793e-32
6.1569184e-33
2.4523678e-33
9.7368521e-34
3.8536626e-34
1.520415e-34
5.9799151e-35
2.3446777e-35
9.1651022e-36
3.5716431e-36
1.3876688e-36
5.375277e-37
2.0759807e-37
7.9939825e-38
3.0692363e-38
1.1749907e-38
4.4852341e-39
1.707229e-39
6.4798324e-40
2.4525071e-40
9.2563622e-41
3.4838779e-41
1.3076359e-41
4.8946404e-42
1.8271464e-42
6.8022562e-43
2.5256201e-43
9.3524784e-44
3.4541179e-44
1.2723522e-44
4.6746073e-45
1.7130037e-45
6.2611551e-46
2.2826595e-46
8.3009068e-47
3.0110378e-47
1.0894518e-47
3.9329464e-48
1.4133356e-48
5.164444e-49
1.555589e-49
8.0000043
7.9999959
7.9999969
7.9999963
7.9999938
7.999995
7.9999975
7.9999993
8.0000028
8.0000069
8.0000105
8.0000128
8.0000148
8.0000165
8.0000169
8.0000157
8.0000121
8.0000079
8.0000041
8.0000046
8.0000086
8.0000156
8.000014
7.9999768
7.9998627
7.9995931
7.9990567
7.9981061
7.996519
7.994031
7.990305
7.9848819
7.9772596
7.9667903
7.9526494
7.9339844
7.909698
7.8784496
7.8388941
7.7893384
7.7277874
7.6524072
7.561104
7.4512343
7.320063
7.1648528
6.9828423
6.7713773
6.5281082
6.2522857
5.9456854
5.6102778
5.2457093
4.8519745
4.4344888
4.0041003
3.5719234
3.145978
2.733043
2.3418287
1.982778
1.6646568
1.3914327
1.1618378
0.97118793
0.81365882
0.68374394
0.57673057
0.48863861
0.41605598
0.35604938
0.30614161
0.26429776
0.22888812
0.1986316
0.17253156
0.14981826
0.12990054
0.11232809
0.096759555
0.082937473
0.070666514
0.059796007
0.050205736
0.04179478
0.03447314
0.028155887
0.022759494
0.018199998
0.014392607
0.011252355
0.0086954234
0.0066407702
0.0050117738
0.0037376677
0.0027546157
0.0020063611
0.0014444449
0.0010280386
0.00072347147
0.00050354157
0.0003467035
0.00023621264
0.00015928927
0.00010634717
7.0313333e-05
4.6050593e-05
2.9883218e-05
1.9218395e-05
1.2251826e-05
7.7440397e-06
4.8539904e-06
3.0176507e-06
1.8609925e-06
1.138639e-06
6.912695e-07
4.1646384e-07
2.4901178e-07
1.4777996e-07
8.7056568e-08
5.0911156e-08
2.9558558e-08
1.7039028e-08
9.7528048e-09
5.5433094e-09
3.1289267e-09
1.754044e-09
9.7664569e-10
5.4015463e-10
2.967681e-10
1.619826e-10
8.7842729e-11
4.7333001e-11
2.5344141e-11
1.348593e-11
7.131949e-12
3.748811e-12
1.9587108e-12
1.0173526e-12
5.2532663e-13
2.6969677e-13
1.3767066e-13
6.98806e-14
3.5273684e-14
1.7707315e-14
8.8407727e-15
4.3902639e-15
2.168605e-15
1.0655789e-15
5.2087246e-16
2.5330427e-16
1.2255841e-16
5.9000663e-17
2.8262268e-17
1.3471509e-17
6.3900893e-18
3.0164841e-18
1.4171642e-18
6.6265218e-19
3.0840281e-19
1.428693e-19
6.5882148e-20
3.0243e-20
1.3820701e-20
6.2878597e-21
2.8481473e-21
1.2844815e-21
5.7679012e-22
2.5789965e-22
1.1482723e-22
5.0911771e-23
2.2479589e-23
9.8849128e-24
4.3290125e-24
1.888223e-24
8.2031928e-25
3.5497206e-25
1.5300417e-25
6.5694078e-26
2.8098215e-26
1.1972264e-26
5.0819946e-27
2.1491538e-27
9.0550524e-28
3.801187e-28
1.5898885e-28
6.6259382e-29
2.7515369e-29
1.1385819e-29
4.6949148e-30
1.9292076e-30
7.9000735e-31
3.2240157e-31
1.3112628e-31
5.3152227e-32
2.147359e-32
8.646722e-33
3.4703555e-33
1.3883018e-33
5.5359598e-34
2.2004552e-34
8.718746e-35
3.4437258e-35
1.3559608e-35
5.3225595e-36
2.0828571e-36
8.1259563e-37
3.1606465e-37
1.2256714e-37
4.7389154e-38
1.8268402e-38
7.0218044e-39
2.6911203e-39
1.0284028e-39
3.9187592e-40
1.4890126e-40
5.6418538e-41
2.1317092e-41
8.0320371e-42
3.018032e-42
1.1309179e-42
4.2262575e-43
1.5750957e-43
5.8545346e-44
2.1703035e-44
8.0241555e-45
2.9589456e-45
1.0882816e-45
3.992271e-46
1.4607666e-46
5.3312776e-47
1.9407911e-47
7.047428e-48
2.5526655e-48
9.2230971e-49
3.32411e-49
1.195352e-49
4.2797638e-50
1.5563581e-50
4.6970872e-51
8.0000083
7.9999742
8.0000005
7.999987
7.9999868
8.0000052
8.0000037
8.000004
8.0000217
8.0000269
8.0000165
8.0000131
8.0000311
8.000042
8.0000179
7.9999606
7.9999134
7.9999461
8.000085
8.0003094
8.0004692
8.0003176
7.9994742
7.9974612
7.9936991
7.9875311
7.9782313
7.9649769
7.9468776
7.922952
7.892052
7.852949
7.8042677
7.7443876
7.6717364
7.5846507
7.4810499
7.3589923
7.2166505
7.0518135
6.8630147
6.649549
6.4089738
6.1378042
5.835189
5.5021862
5.1391089
4.7487891
4.3406366
3.9258594
3.5091664
3.0895551
2.6698108
2.262491
1.8855628
1.5531089
1.2699725
1.0331519
0.83644672
0.67399032
0.54118799
0.43412399
0.34892227
0.28166906
0.22870457
0.18690487
0.1537738
0.12737703
0.10622012
0.089140342
0.075230739
0.063788114
0.054273096
0.046276099
0.039488231
0.033677032
0.028667543
0.02432759
0.020556871
0.017278189
0.014430984
0.011966429
0.0098437127
0.0080273738
0.0064854582
0.0051883494
0.0041081141
0.0032182284
0.0024935618
0.0019105135
0.0014472149
0.0010837325
0.00080222427
0.0005870245
0.00042464612
0.00030370507
0.00021477896
0.0001502181
0.00010392796
7.1141173e-05
4.8194201e-05
3.2319566e-05
2.14609e-05
1.4114234e-05
9.1961821e-06
5.9375793e-06
3.7998721e-06
2.4109405e-06
1.5168949e-06
9.4659099e-07
5.859842e-07
3.5991296e-07
2.1936193e-07
1.326889e-07
7.9665203e-08
4.747984e-08
2.8092951e-08
1.6503274e-08
9.6263472e-09
5.5757483e-09
3.2071916e-09
1.8321268e-09
1.0394967e-09
5.858084e-10
3.2792988e-10
1.8235917e-10
1.0074518e-10
5.5296841e-11
3.0156828e-11
1.6342205e-11
8.8004761e-12
4.7098095e-12
2.5051487e-12
1.3244272e-12
6.9601481e-13
3.6360998e-13
1.8884736e-13
9.751565e-14
5.0067505e-14
2.5561436e-14
1.29775e-14
6.5524156e-15
3.2903647e-15
1.643409e-15
8.1645549e-16
4.0348758e-16
1.9836433e-16
9.7019068e-17
4.721006e-17
2.2856999e-17
1.101118e-17
5.2783832e-18
2.5179218e-18
1.1953068e-18
5.6472048e-19
2.6553729e-19
1.2427273e-19
5.7890158e-20
2.6843068e-20
1.2390183e-20
5.6932583e-21
2.6043587e-21
1.1860865e-21
5.3780678e-22
2.4280016e-22
1.091447e-22
4.8854586e-23
2.1775832e-23
9.6655918e-24
4.2725163e-24
1.8808651e-24
8.2464509e-25
3.6010458e-25
1.5662415e-25
6.7853694e-26
2.9281203e-26
1.2586955e-26
5.3899451e-27
2.2992973e-27
9.7716553e-28
4.1373112e-28
1.7452591e-28
7.3351287e-29
3.0716793e-29
1.2816762e-29
5.3287928e-30
2.2077051e-30
9.1144059e-31
3.7497642e-31
1.5373786e-31
6.2816224e-32
2.5579353e-32
1.0381173e-32
4.1990862e-33
1.6928819e-33
6.802585e-34
2.724636e-34
1.0877817e-34
4.328976e-35
1.7173153e-35
6.7912138e-36
2.6772455e-36
1.0521635e-36
4.1223331e-37
1.6101942e-37
6.2704559e-38
2.4345339e-38
9.4240685e-39
3.6372812e-39
1.3997192e-39
5.3708153e-40
2.0548697e-40
7.8393946e-41
2.9822509e-41
1.1313016e-41
4.2795119e-42
1.6143606e-42
6.0730397e-43
2.2783458e-43
8.5241217e-44
3.1805673e-44
1.1835668e-44
4.3926081e-45
1.6259296e-45
6.0025887e-46
2.2102475e-46
8.117392e-47
2.973535e-47
1.0864709e-47
3.9596709e-48
1.4394725e-48
5.2198522e-49
1.8881248e-49
6.8128329e-50
2.4522079e-50
8.8047426e-51
3.1542861e-51
1.1253331e-51
4.0724229e-52
1.2342837e-52
7.9999709
7.9999578
8.0000414
7.9999356
8.0000437
8.0000511
7.9999361
8.0000532
8.000123
7.9999032
7.9998341
8.0001826
8.0004483
7.9999842
7.9990276
7.9986412
7.9998961
8.0027543
8.0057521
8.0062197
8.0009479
7.9869901
7.9619715
7.9243412
7.8731905
7.808008
7.7284021
7.63388
7.5237192
7.3969195
7.2522286
7.0882711
6.9037889
6.6978781
6.4699596
6.2194722
5.9458505
5.6492956
5.331755
4.9965166
4.6458044
4.2788155
3.893682
3.4927023
3.085623
2.6874396
2.3127883
1.9712716
1.665965
1.3949368
1.1544746
0.94205814
0.75731942
0.60081783
0.47214209
0.36898374
0.28758474
0.22382132
0.17404465
0.13535
0.10545786
0.08251381
0.064970465
0.051552564
0.041246828
0.033277648
0.027065206
0.022179193
0.018299354
0.015186302
0.012660979
0.010589796
0.0088734016
0.0074379715
0.006228497
0.0052037085
0.0043323113
0.0035902135
0.0029585644
0.0024221753
0.0019685233
0.0015869857
0.0012683181
0.0010043092
0.00078756445
0.00061138051
0.00046967955
0.00035697905
0.00026837898
0.00019955305
0.0001467358
0.00010670095
7.672958e-05
5.4569139e-05
3.8385422e-05
2.6710464e-05
1.838938e-05
1.2528801e-05
8.4489771e-06
5.640965e-06
3.7296196e-06
2.4425716e-06
1.584937e-06
1.0192194e-06
6.4971106e-07
4.106496e-07
2.5740516e-07
1.6004701e-07
9.8729128e-08
6.0434677e-08
3.6714608e-08
2.2139357e-08
1.3253165e-08
7.8768345e-09
4.6484162e-09
2.7240712e-09
1.5853571e-09
9.1635296e-10
5.2608379e-10
3.0000677e-10
1.6994856e-10
9.5640052e-11
5.3471612e-11
2.9702511e-11
1.6393626e-11
8.990726e-12
4.8998056e-12
2.6537151e-12
1.4283959e-12
7.6416964e-13
4.0635555e-13
2.1479615e-13
1.1287024e-13
5.8964948e-14
3.0626587e-14
1.5816925e-14
8.1225526e-15
4.1479915e-15
2.1066164e-15
1.0640504e-15
5.3455758e-16
2.6712102e-16
1.3277862e-16
6.5656748e-17
3.2298754e-17
1.580778e-17
7.6976414e-18
3.7296547e-18
1.7981494e-18
8.6268191e-19
4.1187415e-19
1.9569878e-19
9.2542632e-20
4.3555787e-20
2.040422e-20
9.5144517e-21
4.4162783e-21
2.0405961e-21
9.386515e-22
4.2985005e-22
1.9598066e-22
8.8963361e-23
4.0209512e-23
1.8096051e-23
8.1094928e-24
3.6188931e-24
1.6082262e-24
7.1174542e-25
3.1370765e-25
1.3770983e-25
6.0208862e-26
2.6219696e-26
1.1373196e-26
4.9140627e-27
2.1150352e-27
9.0683557e-28
3.8733661e-28
1.6482097e-28
6.9873896e-29
2.9512802e-29
1.2419759e-29
5.2075946e-30
2.1756864e-30
9.0574135e-31
3.7572867e-31
1.5531735e-31
6.3981463e-32
2.6265752e-32
1.0745823e-32
4.3814335e-33
1.7804583e-33
7.2110522e-34
2.9109094e-34
1.1712074e-34
4.697055e-35
1.8776547e-35
7.4819598e-36
2.9719109e-36
1.1767602e-36
4.6449694e-37
1.8278103e-37
7.1703993e-38
2.8043356e-38
1.093456e-38
4.2507688e-39
1.6475497e-39
6.3668456e-40
2.4532092e-40
9.424948e-41
3.6104966e-41
1.3791384e-41
5.2530434e-42
1.9951954e-42
7.5568393e-43
2.8541983e-43
1.0750435e-43
4.0380766e-44
1.5126492e-44
5.6510019e-45
2.1054483e-45
7.8235493e-46
2.899421e-46
1.0717042e-46
3.9509606e-47
1.4527884e-47
5.3282132e-48
1.9491623e-48
7.1122834e-49
2.5886427e-49
9.3981948e-50
3.4035584e-50
1.2295479e-50
4.4308613e-51
1.5928251e-51
5.712062e-52
2.0434366e-52
7.2938594e-53
2.5932545e-53
9.3379959e-54
2.852238e-54
7.9998735
8.0001085
7.9999948
7.9998798
8.0004848
7.999467
7.9998707
8.0010621
7.9992438
7.9981876
8.0017212
8.0043071
7.9992593
7.9904076
7.9897408
8.0047183
8.0292521
8.0452493
8.0314589
7.9722778
7.8625785
7.7068007
7.5151167
7.2990146
7.0676957
6.8264892
6.576907
6.3177457
6.0465712
5.7610627
5.4599302
5.1433373
4.8129013
4.4714075
4.1224047
3.769835
3.4177848
3.0703282
2.7313712
2.4044815
2.0928565
1.7995541
1.5277766
1.2807526
1.0610589
0.86980675
0.70629338
0.56832364
0.45294737
0.35719454
0.27850151
0.21474567
0.16402897
0.12445793
0.094090904
0.071049071
0.05367138
0.040604644
0.030802003
0.023466731
0.017988608
0.013896968
0.010831029
0.0085191694
0.0067609922
0.0054107253
0.0043628503
0.0035408334
0.0028889114
0.0023662975
0.0019430814
0.0015972588
0.0013125589
0.001076845
0.00088095313
0.00071785619
0.0005820642
0.00046920471
0.00037571828
0.0002986478
0.00023549365
0.00018411219
0.00014264691
0.00010948177
8.320945e-05
6.2608497e-05
4.6625924e-05
3.436235e-05
2.50582e-05
1.8080076e-05
1.2907016e-05
9.116692e-06
6.3718039e-06
4.4070175e-06
3.0167683e-06
2.0442015e-06
1.3714186e-06
9.1110677e-07
5.9953714e-07
3.9084941e-07
2.5249383e-07
1.6167466e-07
1.0263226e-07
6.4606298e-08
4.033752e-08
2.498483e-08
1.5355369e-08
9.3656588e-09
5.6699822e-09
3.407649e-09
2.0333676e-09
1.2048052e-09
7.0893111e-10
4.1430371e-10
2.4049059e-10
1.3866759e-10
7.9429064e-11
4.5200075e-11
2.5555233e-11
1.4355753e-11
8.0131115e-12
4.4445597e-12
2.4498067e-12
1.3419418e-12
7.3056363e-13
3.9530196e-13
2.126038e-13
1.1366043e-13
6.0404504e-14
3.1913686e-14
1.6763258e-14
8.754677e-15
4.5461996e-15
2.3475237e-15
1.2054548e-15
6.155983e-16
3.126621e-16
1.5794644e-16
7.9364494e-17
3.9668795e-17
1.9724326e-17
9.7568435e-18
4.8016838e-18
2.3511341e-18
1.145468e-18
5.5530535e-19
2.6788307e-19
1.2860089e-19
6.1439595e-20
2.9213151e-20
1.382464e-20
6.5116943e-21
3.0529382e-21
1.4247697e-21
6.6190031e-22
3.061118e-22
1.4093708e-22
6.4602025e-23
2.9482232e-23
1.3396319e-23
6.0609241e-24
2.7304714e-24
1.2248949e-24
5.4719137e-25
2.4343079e-25
1.0785097e-25
4.7588411e-26
2.0913321e-26
9.1538832e-27
3.9908374e-27
1.7330637e-27
7.4967361e-28
3.23037e-28
1.3866589e-28
5.9297873e-29
2.526244e-29
1.0722415e-29
4.5342477e-30
1.910413e-30
8.019965e-31
3.3547066e-31
1.3982569e-31
5.8074173e-32
2.4035648e-32
9.9133016e-33
4.0745835e-33
1.6690261e-33
6.8135028e-34
2.7721543e-34
1.1241288e-34
4.5433723e-35
1.8302732e-35
7.349206e-36
2.9414622e-36
1.173534e-36
4.667118e-37
1.8502633e-37
7.3124131e-38
2.8809851e-38
1.1315791e-38
4.4310108e-39
1.729836e-39
6.7328877e-40
2.6127755e-40
1.0109203e-40
3.8999189e-41
1.5001256e-41
5.7536373e-42
2.2004399e-42
8.3914673e-43
3.1910729e-43
1.2100825e-43
4.5759522e-44
1.7256193e-44
6.4895429e-45
2.4338699e-45
9.1033902e-46
3.395782e-46
1.2633261e-46
4.6874676e-47
1.7346673e-47
6.402611e-48
2.3570501e-48
8.6548388e-49
3.1698244e-49
1.1579904e-49
4.2196422e-50
1.5337497e-50
5.5609469e-51
2.0112473e-51
7.2562399e-52
2.6115244e-52
9.3760448e-53
3.3581105e-53
1.1998514e-53
4.2767777e-54
1.5210263e-54
5.3894677e-55
1.9307039e-55
5.97805e-56
)
;

boundaryField
{
    inletAnion
    {
        type            fixedValue;
        value           uniform 0;
    }
    inletCation
    {
        type            fixedValue;
        value           uniform 8;
    }
    outlet
    {
        type            inletOutlet;
        inletValue      uniform 0;
        value           nonuniform List<scalar> 
48
(
1.1209964e-62
5.5630966e-61
2.5265184e-59
1.0210504e-57
3.6427714e-56
1.1386441e-54
3.0960969e-53
7.2762596e-52
1.4701505e-50
2.5448351e-49
3.770986e-48
4.7966736e-47
5.27202e-46
5.0538021e-45
4.2639836e-44
3.1827475e-43
2.1004154e-42
1.219669e-41
6.1969675e-41
2.7437122e-40
1.0560898e-39
3.5282254e-39
1.0208866e-38
2.5493953e-38
5.4648781e-38
9.979319e-38
1.5370457e-37
1.9725776e-37
2.0794327e-37
1.7723458e-37
1.2014201e-37
6.3761875e-38
2.6149153e-38
8.2167619e-39
1.9735961e-39
3.6379679e-40
5.1940859e-41
5.8170325e-42
5.1838915e-43
3.7305359e-44
2.1993671e-45
1.0768977e-46
4.4357971e-48
1.555589e-49
4.6970872e-51
1.2342837e-52
2.852238e-54
5.97805e-56
)
;
    }
    walls
    {
        type            zeroGradient;
    }
    frontAndBack
    {
        type            empty;
    }
}


// ************************************************************************* //
