/*--------------------------------*- C++ -*----------------------------------*\
| =========                 |                                                 |
| \\      /  F ield         | OpenFOAM: The Open Source CFD Toolbox           |
|  \\    /   O peration     | Version:  1912                                  |
|   \\  /    A nd           | Website:  www.openfoam.com                      |
|    \\/     M anipulation  |                                                 |
\*---------------------------------------------------------------------------*/
FoamFile
{
    version     2.0;
    format      ascii;
    class       volScalarField;
    location    "1.4";
    object      Omega;
}
// * * * * * * * * * * * * * * * * * * * * * * * * * * * * * * * * * * * * * //

dimensions      [0 0 0 0 0 0 0];


internalField   nonuniform List<scalar> 
11520
(
8.1903305e-16
0
7.9094947e-16
0
0
9.8856812e-16
1.7473759e-15
0
0
0
2.3616417e-16
6.2944904e-16
2.5395392e-15
2.0532932e-15
0
0
0
3.0727297e-14
1.8722029e-13
5.6400205e-13
1.2655058e-12
2.3338194e-12
3.6381689e-12
4.8671694e-12
5.5636709e-12
5.2624724e-12
3.6572999e-12
7.380485e-13
0
0
0
0
0
0
0
0
0
0
0
0
0
1.4686332e-13
2.2514231e-13
1.988971e-13
1.4202923e-13
8.9240198e-14
5.1233086e-14
2.7505275e-14
1.4048664e-14
6.8512701e-15
2.9947764e-15
6.85635e-16
0
0
0
0
0
0
0
1.9229e-15
7.88255e-15
1.1801458e-14
1.2231324e-14
9.2955224e-15
4.4708728e-15
0
0
0
0
0
0
3.1312989e-16
8.288216e-16
8.5406055e-16
6.1743797e-16
3.2338547e-16
9.2364345e-17
0
0
0
0
0
0
0
1.3107415e-18
2.25328e-18
1.8796278e-18
1.2100681e-18
6.5689807e-19
3.0741396e-19
1.2235075e-19
3.8501634e-20
6.6458401e-21
0
0
0
0
0
0
0
0
0
0
0
0
0
2.072354e-26
1.7709207e-26
9.5436835e-27
4.3154372e-27
1.7621855e-27
6.6984453e-28
2.4071463e-28
8.2501181e-29
2.711051e-29
8.5681039e-30
2.6084289e-30
7.6511539e-31
2.1599532e-31
5.8520349e-32
1.5135322e-32
3.7006845e-33
8.3976721e-34
1.6994908e-34
2.7429459e-35
1.8014526e-36
0
0
0
0
0
0
0
0
0
0
0
0
0
0
0
0
0
4.4203491e-47
6.6066144e-47
3.0054242e-47
1.0719554e-47
3.4090871e-48
1.0107663e-48
2.8528953e-49
7.7544514e-50
2.0441796e-50
5.2507456e-51
1.3184902e-51
3.2443232e-52
7.8369568e-53
1.8610525e-53
4.3495701e-54
1.0014044e-54
2.2728973e-55
5.0890624e-56
1.1246671e-56
2.4544125e-57
5.2916653e-58
1.1275137e-58
2.3751031e-59
4.9477414e-60
1.0195681e-60
2.0788407e-61
4.1949272e-62
8.3795575e-63
1.657296e-63
3.2459722e-64
6.2970003e-65
1.2101551e-65
2.3042904e-66
4.3479959e-67
8.1313123e-68
1.5073457e-68
2.7701565e-69
5.0476724e-70
9.1206881e-71
1.6344279e-71
2.9050663e-72
5.1220896e-73
8.9595522e-74
1.5549599e-74
2.6778749e-75
4.5765978e-76
7.7628035e-77
1.3069494e-77
2.184254e-78
3.6240205e-79
5.9697937e-80
9.7644173e-81
1.5859446e-81
2.5581148e-82
4.0980495e-83
6.5206923e-84
1.0306308e-84
1.6182228e-85
2.524246e-86
3.9121454e-87
6.0244787e-88
9.2188313e-89
1.4018917e-89
2.1186785e-90
3.1824165e-91
4.7513751e-92
7.0514827e-93
1.0403239e-93
1.5258488e-94
2.225034e-95
3.2260497e-96
4.650948e-97
6.6676735e-98
9.5059526e-99
1.347818e-99
1.9006693e-100
2.6659174e-101
3.7194313e-102
5.1620311e-103
7.1269402e-104
9.7892177e-105
1.3377618e-105
1.8189418e-106
2.4608831e-107
3.3129732e-108
4.438353e-109
5.9173148e-110
7.8514143e-111
1.0368421e-111
1.3628237e-112
1.7829911e-113
2.3220047e-114
3.0101257e-115
3.8858499e-116
4.9793318e-117
6.5315842e-118
6.3672918e-119
0
9.3510463e-16
1.4941438e-14
1.1737604e-14
1.6720065e-15
1.8061476e-14
3.4194453e-14
1.4575223e-14
7.3724243e-15
0
3.5469773e-15
0
0
1.8506779e-14
4.7589693e-15
0
0
0
4.4142806e-13
2.3292568e-12
6.0088425e-12
1.2295225e-11
2.1807275e-11
3.4667653e-11
4.9975486e-11
6.56543e-11
7.8639307e-11
8.5338437e-11
8.2339712e-11
6.7387499e-11
4.0488496e-11
4.6732609e-12
0
0
0
0
0
0
0
0
0
0
0
1.234944e-13
1.4860849e-12
1.5938499e-12
1.2361973e-12
8.1656419e-13
4.8655738e-13
2.7022314e-13
1.4275613e-13
7.0892032e-14
3.0897563e-14
1.2735859e-14
1.0423726e-14
6.4917905e-15
0
0
0
0
0
1.1501658e-13
3.0069028e-13
3.9238426e-13
3.4890149e-13
1.9816448e-13
1.3121015e-14
0
0
0
0
0
1.6111492e-14
4.4684451e-14
4.7601659e-14
3.5408319e-14
1.8940689e-14
5.3349615e-15
0
0
0
0
0
0
0
1.2965143e-16
1.9439327e-16
1.5991475e-16
1.0305856e-16
5.6089688e-17
2.6184386e-17
1.0242513e-17
3.0178554e-18
3.1819546e-19
0
0
0
0
0
0
0
0
0
0
0
0
1.9504601e-24
4.5683513e-24
2.9615408e-24
1.4756077e-24
6.4520926e-25
2.5916077e-25
9.768687e-26
3.4956661e-26
1.19565e-26
3.9248399e-27
1.2392363e-27
3.7665771e-28
1.1014116e-28
3.0918165e-29
8.2948661e-30
2.1095565e-30
5.0085935e-31
1.0755451e-31
1.9262984e-32
2.0287174e-33
0
0
0
0
0
0
0
0
0
0
0
0
0
0
0
0
0
0
2.67754e-44
1.8533834e-44
7.5721901e-45
2.5954382e-45
8.1021226e-46
2.3801107e-46
6.6888971e-47
1.8154985e-47
4.7877429e-48
1.2317539e-48
3.1004941e-49
7.6521247e-50
1.8547688e-50
4.4209453e-51
1.0373141e-51
2.3979901e-52
5.4656036e-53
1.2289885e-53
2.7277557e-54
5.9787611e-55
1.2946189e-55
2.7704839e-56
5.8613096e-57
1.2262762e-57
2.537785e-58
5.1964085e-59
1.0530151e-59
2.1122381e-60
4.1948467e-61
8.2496787e-62
1.6068812e-62
3.1004898e-63
5.9271628e-64
1.1227947e-64
2.1079232e-65
3.9225755e-66
7.2361686e-67
1.3234983e-67
2.4003239e-68
4.3171839e-69
7.7013389e-70
1.3627493e-70
2.3921991e-71
4.166357e-72
7.2000952e-73
1.2347704e-73
2.1015651e-74
3.5501728e-75
5.9531448e-76
9.9099877e-77
1.6378266e-77
2.6876239e-78
4.37937e-79
7.0865255e-80
1.1388563e-80
1.8178291e-81
2.8821702e-82
4.5394371e-83
7.1028556e-84
1.1041924e-84
1.7055675e-85
2.6178015e-86
3.9928113e-87
6.0523679e-88
9.1181371e-89
1.3653704e-89
2.0322978e-90
3.0070819e-91
4.4233605e-92
6.4689884e-93
9.4064294e-94
1.360018e-94
1.9553419e-95
2.7956663e-96
3.9751964e-97
5.6217068e-98
7.9075071e-99
1.1063635e-99
1.5398121e-100
2.1319336e-101
2.9365659e-102
4.0242942e-103
5.4871523e-104
7.4444847e-105
1.0050214e-105
1.3501788e-106
1.8051133e-107
2.4017974e-108
3.1805931e-109
4.192182e-110
5.4999015e-111
7.1821292e-112
9.3396353e-113
1.2050092e-113
1.5972084e-114
1.5162093e-115
9.6625779e-14
0
0
0
0
0
0
0
0
0
1.519132e-13
3.3403837e-14
0
0
0
0
0
0
4.6840333e-12
2.7907749e-11
7.0927665e-11
1.3644573e-10
2.248946e-10
3.3402678e-10
4.5795048e-10
5.8574257e-10
7.0200787e-10
7.8908889e-10
8.3050731e-10
8.1419309e-10
7.3443801e-10
5.9259881e-10
3.9737607e-10
1.6530534e-10
0
0
0
0
0
0
0
0
0
0
0
0
8.8739868e-12
1.0743542e-11
8.8161211e-12
6.0447085e-12
3.7335064e-12
2.1903966e-12
1.2439443e-12
5.9431617e-13
1.5603355e-13
1.4550574e-13
5.5511573e-13
6.2393645e-13
0
0
0
0
2.5411445e-12
8.4310807e-12
1.1911132e-11
1.0932252e-11
5.9442907e-12
0
0
0
0
0
0
1.2568342e-12
2.3972755e-12
2.3837047e-12
1.6972026e-12
8.4210206e-13
1.5520464e-13
0
0
0
0
0
0
0
1.3241399e-14
1.5373056e-14
1.1860443e-14
7.4067576e-15
3.9287821e-15
1.7715262e-15
6.4669389e-16
1.5334762e-16
0
0
0
0
0
0
0
0
0
0
0
0
0
9.6117104e-22
7.5723568e-22
4.1222718e-22
1.915767e-22
8.0837968e-23
3.1809198e-23
1.1836182e-23
4.198371e-24
1.4263949e-24
4.6544431e-25
1.4603768e-25
4.404639e-26
1.274627e-26
3.524572e-27
9.2418765e-28
2.2652477e-28
5.0396116e-29
9.4557202e-30
1.1156504e-30
0
0
0
0
0
0
0
0
0
0
0
0
0
0
0
0
0
0
2.952531e-42
9.019936e-42
4.4020133e-42
1.6367773e-42
5.382616e-43
1.6443865e-43
4.772869e-44
1.3323796e-44
3.6039038e-45
9.4914121e-46
2.4421483e-46
6.1541338e-47
1.5216785e-47
3.6971565e-48
8.8369561e-49
2.0798695e-49
4.8240056e-50
1.1033292e-50
2.4898585e-51
5.5466534e-52
1.2202901e-52
2.6523989e-53
5.6978282e-54
1.2100723e-54
2.5413803e-55
5.2795774e-56
1.0851904e-56
2.2074394e-57
4.4446747e-58
8.8602534e-59
1.7489965e-59
3.4193666e-60
6.6220071e-61
1.2705468e-61
2.4155465e-62
4.5512169e-63
8.4993989e-64
1.5734617e-64
2.8879387e-65
5.2557908e-66
9.4854774e-67
1.6978613e-67
3.0145082e-68
5.3094533e-69
9.2778773e-70
1.6086371e-70
2.7677196e-71
4.7258881e-72
8.009101e-73
1.3472985e-73
2.2499003e-74
3.7301043e-75
6.1400926e-76
1.0036037e-76
1.6289936e-77
2.6259232e-78
4.2042173e-79
6.6859501e-80
1.0562086e-80
1.6575934e-81
2.5845244e-82
4.003959e-83
6.1636295e-84
9.428712e-85
1.4334012e-85
2.1657725e-86
3.2524997e-87
4.8552361e-88
7.2047842e-89
1.0628638e-89
1.5588645e-90
2.2732176e-91
3.2961191e-92
4.7524884e-93
6.8143143e-94
9.7170069e-95
1.3780917e-95
1.9439479e-96
2.7275785e-97
3.8069839e-98
5.2859189e-99
7.3016306e-100
1.0034668e-100
1.372124e-101
1.8668699e-102
2.5274801e-103
3.4051535e-104
4.5654408e-105
6.0918226e-106
8.0900446e-107
1.0693421e-107
1.4068331e-108
1.8430893e-109
2.3946347e-110
3.206353e-111
2.998347e-112
0
6.8035825e-13
2.0253217e-13
6.6765363e-13
3.9358238e-13
1.8798131e-13
1.4472145e-12
0
3.5330505e-12
0
2.901142e-12
0
0
0
0
0
0
0
1.3110161e-10
4.5442361e-10
9.9439351e-10
1.753739e-09
2.6965381e-09
3.7560717e-09
4.8450443e-09
5.8634781e-09
6.7082813e-09
7.2851688e-09
7.5217212e-09
7.3784139e-09
6.8542857e-09
5.9862502e-09
4.8432565e-09
3.517142e-09
2.1125619e-09
7.3791108e-10
0
0
0
0
0
0
0
0
0
0
0
0
4.2865977e-11
4.7570583e-11
3.7975991e-11
2.6847749e-11
1.7439908e-11
1.1158341e-11
7.8011811e-12
4.7608867e-12
2.2190741e-12
3.6569088e-12
5.7483957e-12
0
0
0
8.2328772e-12
1.0352793e-10
2.0847808e-10
2.5511037e-10
2.0132159e-10
6.2231029e-11
0
0
0
0
0
6.3901746e-12
7.230178e-11
9.5024946e-11
8.2641165e-11
5.2232686e-11
2.0236272e-11
0
0
0
0
0
0
0
4.6438034e-13
9.4682228e-13
8.8096736e-13
6.2427534e-13
3.6907389e-13
1.8544482e-13
7.7152466e-14
2.3459658e-14
1.6803416e-15
0
0
0
0
0
0
0
0
0
0
0
0
1.6646058e-19
1.4803843e-19
8.5575038e-20
4.164737e-20
1.8293908e-20
7.4677586e-21
2.8757888e-21
1.0537255e-21
3.6924149e-22
1.2409626e-22
4.0050567e-23
1.240916e-23
3.6838453e-24
1.0432929e-24
2.7958092e-25
6.9799258e-26
1.5713564e-26
2.9305099e-27
3.0923438e-28
0
0
0
0
0
0
0
0
0
0
0
0
0
0
0
0
0
0
0
3.2939358e-39
1.9882195e-39
8.0033009e-40
2.7623629e-40
8.7497844e-41
2.6170501e-41
7.5013958e-42
2.078547e-42
5.598653e-43
1.471516e-43
3.7843313e-44
9.5420166e-45
2.3626502e-45
5.7518365e-46
1.3781575e-46
3.2526575e-47
7.5671021e-48
1.7363341e-48
3.9316559e-49
8.7893091e-50
1.9406503e-50
4.2336136e-51
9.1282926e-52
1.945865e-52
4.1020451e-53
8.5538849e-54
1.7648364e-54
3.6034597e-55
7.2828134e-56
1.4572293e-56
2.8872617e-57
5.6656546e-58
1.101266e-58
2.120712e-59
4.0465476e-60
7.6518152e-61
1.4341087e-61
2.6643791e-62
4.9075283e-63
8.9626614e-64
1.6231971e-64
2.9155242e-65
5.1942481e-66
9.1798877e-67
1.6095607e-67
2.800129e-68
4.8338552e-69
8.2812742e-70
1.4080908e-70
2.3764853e-71
3.9815357e-72
6.622414e-73
1.0936304e-73
1.7932915e-74
2.9200755e-75
4.722111e-76
7.5842491e-77
1.2099239e-77
1.9173733e-78
3.0185056e-79
4.721141e-80
7.3367556e-81
1.1329093e-81
1.7384079e-82
2.650969e-83
4.0177646e-84
6.052312e-85
9.0624312e-86
1.348913e-86
1.9960335e-87
2.9364646e-88
4.2951944e-89
6.2469737e-90
9.0346765e-91
1.299387e-91
1.858549e-92
2.6439015e-93
3.740917e-94
5.2649944e-95
7.3710581e-96
1.0265935e-96
1.4224214e-97
1.9608437e-98
2.689466e-99
3.6704611e-100
4.9845874e-101
6.7361844e-102
9.0593404e-103
1.2125449e-103
1.6152553e-104
2.1415177e-105
2.827355e-106
3.7003555e-107
5.0044823e-108
4.6425738e-109
5.5231697e-12
0
0
0
1.5794628e-12
0
1.4447245e-11
0
2.7652315e-11
0
1.8274138e-11
0
0
0
0
0
0
5.7036446e-10
2.9371557e-09
7.0449842e-09
1.3041293e-08
2.0731273e-08
2.9596899e-08
3.8893977e-08
4.7780306e-08
5.543487e-08
6.115567e-08
6.4429805e-08
6.4981701e-08
6.2791876e-08
5.8085166e-08
5.1290303e-08
4.2979514e-08
3.3800306e-08
2.4410157e-08
1.5420822e-08
7.3546234e-09
6.1187365e-10
0
0
0
0
0
0
0
0
0
0
0
4.6039409e-11
3.2584375e-10
3.8576281e-10
3.0277242e-10
1.7665312e-10
8.9670618e-11
5.7800237e-11
3.6498771e-11
0
0
1.1303855e-10
3.8120604e-10
7.749466e-10
1.310718e-09
2.0218625e-09
2.7486121e-09
3.0119691e-09
2.2603844e-09
3.5910909e-10
0
0
0
0
0
0
1.6710904e-09
2.5052987e-09
2.4105905e-09
1.7030735e-09
7.9929303e-10
3.2942275e-11
0
0
0
0
0
0
9.7689607e-12
4.0548649e-11
4.345863e-11
3.3835057e-11
2.1680629e-11
1.1759076e-11
5.2972303e-12
1.7842445e-12
2.1181384e-13
0
0
0
0
0
0
0
0
0
0
0
0
2.6694938e-17
2.2529931e-17
1.3158212e-17
6.5487263e-18
2.9525174e-18
1.2383819e-18
4.8999096e-19
1.843616e-19
6.6275861e-20
2.2822716e-20
7.535351e-21
2.3837327e-21
7.2057024e-22
2.06998e-22
5.5921708e-23
1.3917067e-23
3.0452345e-24
5.0830262e-25
1.7153352e-26
0
0
0
0
0
0
0
0
0
0
0
0
0
0
0
0
0
0
0
1.0150584e-36
7.1853275e-37
3.0553031e-37
1.0926764e-37
3.560975e-38
1.0920511e-38
3.2029895e-39
9.0693671e-40
2.4939385e-40
6.6869428e-41
1.7532609e-41
4.504701e-42
1.1360426e-42
2.8157366e-43
6.8661097e-44
1.648635e-44
3.9007456e-45
9.1001541e-46
2.0944056e-46
4.7576035e-47
1.0671185e-47
2.3642691e-48
5.1759291e-49
1.1200085e-49
2.3961796e-50
5.0698674e-51
1.0611068e-51
2.1973843e-52
4.5032948e-53
9.1352376e-54
1.8346675e-54
3.6485609e-55
7.1860032e-56
1.4019297e-56
2.7096077e-57
5.1891162e-58
9.8480472e-59
1.8524099e-59
3.453923e-60
6.3845916e-61
1.1701808e-61
2.126791e-62
3.8335388e-63
6.8537397e-64
1.2155035e-64
2.1386149e-65
3.7333805e-66
6.467101e-67
1.1117269e-67
1.8967492e-68
3.21208e-69
5.3996778e-70
9.0114331e-71
1.4931488e-71
2.4565941e-72
4.0134881e-73
6.5118623e-74
1.0493464e-74
1.67957e-75
2.6704065e-76
4.2178448e-77
6.6186761e-78
1.0319337e-78
1.5986922e-79
2.4611731e-80
3.7654336e-81
5.725511e-82
8.653072e-83
1.2999096e-83
1.9412092e-84
2.8818873e-85
4.2535919e-86
6.2421928e-87
9.108544e-88
1.3216568e-88
1.9071003e-89
2.7367819e-90
3.9061148e-91
5.5451584e-92
7.8301944e-93
1.0998814e-93
1.5369463e-94
2.136659e-95
2.9552843e-96
4.0670005e-97
5.5690735e-98
7.588358e-99
1.0289416e-99
1.3884576e-100
1.8646502e-101
2.4921671e-102
3.316927e-103
4.3744939e-104
5.9754168e-105
5.5248052e-106
0
0
6.6399072e-11
0
1.1829447e-10
0
3.2034384e-10
0
4.3048509e-10
0
0
0
0
0
0
0
1.307147e-09
1.7243952e-08
4.4584852e-08
8.4342853e-08
1.3570078e-07
1.958851e-07
2.6055964e-07
3.2449248e-07
3.823479e-07
4.2932608e-07
4.6171214e-07
4.7714781e-07
4.7481691e-07
4.5541279e-07
4.2095157e-07
3.7445545e-07
3.1957021e-07
2.6018016e-07
2.0006962e-07
1.4265465e-07
9.078478e-08
4.6607027e-08
1.1478441e-08
0
0
0
0
0
0
0
0
0
0
0
0
0
7.9694259e-10
3.4767392e-09
6.14566e-09
8.732524e-09
1.1850063e-08
1.6475168e-08
2.285398e-08
3.0040694e-08
3.6375589e-08
3.9875916e-08
3.8427869e-08
3.0599786e-08
1.6676792e-08
0
0
0
0
0
0
0
0
1.5280397e-08
3.7764782e-08
4.7159794e-08
4.3042489e-08
2.9509558e-08
1.2708247e-08
0
0
0
0
0
0
0
4.5797312e-10
1.3649334e-09
1.4768625e-09
1.1877648e-09
7.8973732e-10
4.4335255e-10
2.0429819e-10
6.7204056e-11
2.915313e-12
0
0
0
0
0
0
0
0
0
0
0
2.047828e-15
3.6157345e-15
2.5940269e-15
1.4638748e-15
7.2709813e-16
3.3118346e-16
1.4108377e-16
5.6822541e-17
2.1774597e-17
7.9678817e-18
2.7889026e-18
9.3370587e-19
2.9842271e-19
9.0638551e-20
2.5927992e-20
6.8639588e-21
1.6183877e-21
3.0529992e-22
2.4851684e-23
0
0
0
0
0
0
0
0
0
0
0
0
0
0
0
0
0
0
0
0
3.1514226e-34
2.1407935e-34
9.1547473e-35
3.3189685e-35
1.0993867e-35
3.4306168e-36
1.0243309e-36
2.9532145e-37
8.2688344e-38
2.2573177e-38
6.0250232e-39
1.5756131e-39
4.0435576e-40
1.0196563e-40
2.5291149e-41
6.1756028e-42
1.4855918e-42
3.5228773e-43
8.2396153e-44
1.9016617e-44
4.3327086e-45
9.7487769e-46
2.1669774e-46
4.7600183e-47
1.0335664e-47
2.2190132e-48
4.7117402e-49
9.8970104e-50
2.056947e-50
4.2308565e-51
8.6139955e-52
1.7363322e-52
3.4656896e-53
6.8509152e-54
1.3414663e-54
2.6022593e-55
5.0017925e-56
9.5272455e-57
1.7986044e-57
3.3658019e-58
6.2442761e-59
1.1486046e-59
2.0951086e-60
3.7900166e-61
6.8002341e-62
1.2103279e-62
2.1371038e-63
3.7440126e-64
6.5085277e-65
1.122808e-65
1.9224191e-66
3.2670221e-67
5.5113521e-68
9.2300941e-69
1.5347407e-69
2.5338624e-70
4.1542025e-71
6.7637215e-72
1.093738e-72
1.7567335e-73
2.8028405e-74
4.4424755e-75
6.9955133e-76
1.0944986e-76
1.7015495e-77
2.6286929e-78
4.0358283e-79
6.1582066e-80
9.3397512e-81
1.4080113e-81
2.1100685e-82
3.1436627e-83
4.6564326e-84
6.8576793e-85
1.0042356e-85
1.462367e-86
2.1177108e-87
3.049954e-88
4.3688054e-89
6.2244477e-90
8.8213112e-91
1.2436115e-91
1.7441352e-92
2.433568e-93
3.3783011e-94
4.666248e-95
6.4131947e-96
8.7708209e-97
1.1936753e-97
1.6167271e-98
2.1791186e-99
2.9248603e-100
3.8886984e-101
5.3654135e-102
4.960243e-103
0
5.029028e-09
0
2.2985271e-09
0
0
0
0
0
0
0
0
0
0
0
0
8.6037497e-08
2.3418515e-07
4.4286061e-07
7.0660579e-07
1.0137975e-06
1.3467964e-06
1.6843061e-06
2.0035103e-06
2.282359e-06
2.5012248e-06
2.6447398e-06
2.7031863e-06
2.6736363e-06
2.5602014e-06
2.3732927e-06
2.1280392e-06
1.8422881e-06
1.5346391e-06
1.2228257e-06
9.2258337e-07
6.4696241e-07
4.0597229e-07
2.0643052e-07
5.190206e-08
0
0
0
0
0
0
0
0
0
0
0
0
0
0
0
0
0
0
0
0
0
0
0
0
0
0
0
0
0
0
0
2.0069326e-07
4.1438525e-07
5.5379793e-07
5.9556851e-07
5.3211784e-07
3.8140556e-07
1.8470402e-07
0
0
0
0
0
0
0
0
2.4074015e-08
3.5425449e-08
3.4049307e-08
2.6307859e-08
1.7121175e-08
9.3264017e-09
3.9518875e-09
8.7750471e-10
0
0
0
0
0
0
0
0
0
0
0
1.1516881e-13
4.1370938e-13
3.3833527e-13
2.0885646e-13
1.1192103e-13
5.4598477e-14
2.4786873e-14
1.05974e-14
4.2963285e-15
1.6580975e-15
6.1025246e-16
2.1416439e-16
7.1506179e-17
2.2594217e-17
6.6855142e-18
1.8133907e-18
4.2920031e-19
7.5856037e-20
1.3317174e-21
0
0
0
0
0
0
0
0
0
0
0
0
0
0
0
0
0
0
0
0
0
9.4137799e-32
5.2075205e-32
2.1310191e-32
7.6493106e-33
2.5407227e-33
7.9978097e-34
2.4167458e-34
7.0645925e-35
2.0078178e-35
5.5674409e-36
1.5100092e-36
4.0135144e-37
1.0469756e-37
2.6836815e-38
6.76598e-39
1.6791477e-39
4.10493e-40
9.8910073e-41
2.3502831e-41
5.5099255e-42
1.2749618e-42
2.9129779e-43
6.5737624e-44
1.4657626e-44
3.2300692e-45
7.0368019e-46
1.5158743e-46
3.2298157e-47
6.8079345e-48
1.4199307e-48
2.9310247e-49
5.9890033e-50
1.2115762e-50
2.4270734e-51
4.8152945e-52
9.463231e-53
1.8424636e-53
3.55439e-54
6.7951561e-55
1.2875423e-55
2.4182921e-56
4.5029476e-57
8.3134248e-58
1.5219851e-58
2.7633708e-59
4.9764064e-60
8.8897319e-61
1.5754502e-61
2.7701912e-62
4.8333547e-63
8.3688376e-64
1.4381427e-64
2.4530192e-65
4.153393e-66
6.9814934e-67
1.1651347e-67
1.9307455e-68
3.177114e-69
5.1920229e-70
8.4269977e-71
1.3585558e-71
2.175633e-72
3.4612419e-73
5.470796e-74
8.5916156e-75
1.3407194e-75
2.0790847e-76
3.2041263e-77
4.9077419e-78
7.4717004e-79
1.1307154e-79
1.7010354e-80
2.5440706e-81
3.782943e-82
5.5929885e-83
8.2224214e-84
1.2020566e-84
1.7476187e-85
2.526922e-86
3.6340144e-87
5.1982463e-88
7.3965261e-89
1.0469458e-89
1.4742473e-90
2.0653323e-91
2.8787643e-92
3.992468e-93
5.5095738e-94
7.5658314e-95
1.0339085e-95
1.4059841e-96
1.9039687e-97
2.5530922e-98
3.5588748e-99
3.2975387e-100
3.3775433e-08
5.0823626e-09
0
7.9670054e-09
0
0
0
0
0
0
0
0
0
0
0
3.4636647e-07
9.6256595e-07
1.7831761e-06
2.7770055e-06
3.896314e-06
5.1036108e-06
6.359001e-06
7.62058e-06
8.8346621e-06
9.9326686e-06
1.0833718e-05
1.1457661e-05
1.1740741e-05
1.1649762e-05
1.118913e-05
1.0399208e-05
9.3476585e-06
8.117307e-06
6.7940919e-06
5.4575082e-06
4.1745562e-06
2.997054e-06
1.961496e-06
1.0904719e-06
3.9469089e-07
0
0
0
0
0
0
0
0
0
7.538511e-08
2.4655716e-07
4.5700765e-07
7.5489589e-07
1.1978485e-06
1.841969e-06
2.7300075e-06
3.8840191e-06
5.3038541e-06
6.9685324e-06
8.8357172e-06
1.0833944e-05
1.2849235e-05
1.4722341e-05
1.6273929e-05
1.7349767e-05
1.7853542e-05
1.7746309e-05
1.7027873e-05
1.5731066e-05
1.3936084e-05
1.1780305e-05
9.4383638e-06
7.0774173e-06
4.8192593e-06
2.7366497e-06
8.8205054e-07
0
0
0
0
0
0
0
0
5.7360863e-08
4.2881813e-07
5.8858328e-07
5.8197272e-07
4.7470704e-07
3.295619e-07
1.9210724e-07
8.654356e-08
1.8976073e-08
0
0
0
0
0
0
0
0
0
0
0
2.4615674e-11
3.8523873e-11
3.0379237e-11
1.9207803e-11
1.0713252e-11
5.4680481e-12
2.6001936e-12
1.1634155e-12
4.9255786e-13
1.9788642e-13
7.5490772e-14
2.7300828e-14
9.315618e-15
2.9698309e-15
8.6691559e-16
2.2119853e-16
4.2748752e-17
1.5557398e-18
0
0
0
0
0
0
0
0
0
0
0
0
0
0
0
0
0
0
0
0
0
0
3.0425397e-29
2.1551767e-29
9.7246952e-30
3.726215e-30
1.3046694e-30
4.3017656e-31
1.3563947e-31
4.1267778e-32
1.2184369e-32
3.504707e-33
9.8484591e-34
2.7093023e-34
7.3083366e-35
1.9355653e-35
5.0382402e-36
1.2900586e-36
3.2517716e-37
8.0739671e-38
1.9758404e-38
4.7679159e-39
1.1350332e-39
2.6666419e-40
6.1852111e-41
1.4168459e-41
3.2062879e-42
7.1699857e-43
1.5848412e-43
3.4634868e-44
7.4852101e-45
1.6001245e-45
3.3841884e-46
7.0826121e-47
1.4670793e-47
3.0082529e-48
6.1073347e-49
1.2278311e-49
2.4448104e-50
4.8221294e-51
9.4229031e-52
1.8245072e-52
3.5009202e-53
6.6581472e-54
1.2552092e-54
2.3459875e-55
4.3474623e-56
7.9891159e-57
1.4560129e-57
2.6319933e-58
4.7196048e-59
8.3960477e-60
1.4819669e-60
2.5956211e-61
4.5115655e-62
7.7828613e-63
1.3326602e-63
2.2652122e-64
3.8225048e-65
6.4043703e-66
1.0654497e-66
1.7601743e-67
2.8878994e-68
4.7059671e-69
7.617146e-70
1.2247508e-70
1.9563665e-71
3.104803e-72
4.8959051e-73
7.6715003e-74
1.1945619e-74
1.8486307e-75
2.8433905e-76
4.3470914e-77
6.6064409e-78
9.9809747e-79
1.499148e-79
2.2387794e-80
3.3243128e-81
4.9084486e-82
7.2071889e-83
1.0524315e-83
1.5284614e-84
2.207871e-85
3.1723189e-86
4.5340748e-87
6.4466397e-88
9.1187358e-89
1.2832621e-89
1.7967927e-90
2.5032506e-91
3.4702036e-92
4.7871246e-93
6.5712245e-94
8.9825403e-95
1.2154557e-95
1.7122798e-96
1.5930357e-97
6.2300932e-07
0
1.3740112e-07
0
0
0
0
0
0
0
0
0
0
0
1.0255294e-06
2.8228324e-06
5.1636268e-06
7.7878733e-06
1.0579475e-05
1.3519723e-05
1.6854372e-05
2.0837058e-05
2.5616232e-05
3.1065955e-05
3.6765213e-05
4.2080643e-05
4.6328982e-05
4.8942665e-05
4.9585325e-05
4.819951e-05
4.4982891e-05
4.031871e-05
3.4688008e-05
2.8587087e-05
2.2464225e-05
1.6680483e-05
1.1492991e-05
7.0558819e-06
3.4331997e-06
6.1848444e-07
0
0
0
0
0
0
0
0
0
0
0
0
0
0
0
0
0
0
0
0
0
0
0
0
0
0
0
0
0
0
0
0
0
0
0
0
0
0
0
0
0
0
3.1723605e-06
5.8876773e-06
7.1319581e-06
7.0990519e-06
6.1329182e-06
4.6479713e-06
3.0375083e-06
1.6013403e-06
5.1094344e-07
0
0
0
0
0
0
0
0
0
0
0
1.260356e-09
2.73279e-09
2.4774198e-09
1.7570908e-09
1.0879704e-09
6.1223094e-10
3.1914418e-10
1.5569454e-10
7.147836e-11
3.0955744e-11
1.2643431e-11
4.8540597e-12
1.7378798e-12
5.7067974e-13
1.6560019e-13
3.8236672e-14
3.8740193e-15
0
0
0
0
0
0
0
0
0
0
0
0
0
0
0
0
0
0
0
0
0
0
0
0
1.0720429e-26
7.1716462e-27
3.2789642e-27
1.2903876e-27
4.6616126e-28
1.588807e-28
5.1822313e-29
1.6312801e-29
4.9826451e-30
1.4822704e-30
4.3062447e-31
1.2242009e-31
3.4109371e-32
9.3263171e-33
2.5050271e-33
6.6154299e-34
1.718975e-34
4.3977106e-35
1.1083457e-35
2.753177e-36
6.7437282e-37
1.629489e-37
3.8855395e-38
9.1463945e-39
2.1261125e-39
4.8819093e-40
1.1075962e-40
2.4835629e-41
5.5052635e-42
1.206679e-42
2.6158469e-43
5.6095934e-44
1.1902448e-44
2.4992547e-45
5.1943834e-46
1.068768e-46
2.1773719e-47
4.3929115e-48
8.7783206e-49
1.7377032e-49
3.4080726e-50
6.6232781e-51
1.2756394e-51
2.4351838e-52
4.6083018e-53
8.6459007e-54
1.6083963e-54
2.9671627e-55
5.4288236e-56
9.8522523e-57
1.773695e-57
3.1679846e-58
5.6142767e-59
9.8731612e-60
1.7231151e-60
2.9847715e-61
5.1320264e-62
8.7596953e-63
1.4844037e-63
2.4975706e-64
4.172778e-65
6.923296e-66
1.1408231e-66
1.8671466e-67
3.0354956e-68
4.9023867e-69
7.8658808e-70
1.2539593e-70
1.9863222e-71
3.1266511e-72
4.8910856e-73
7.6043029e-74
1.175096e-74
1.8050037e-75
2.7561577e-76
4.1838977e-77
6.3144907e-78
9.4755534e-79
1.4138649e-79
2.0978565e-80
3.0955309e-81
4.5426815e-82
6.6302958e-83
9.6254734e-84
1.3899664e-84
1.9966565e-85
2.8532671e-86
4.0564305e-87
5.7375972e-88
8.0746139e-89
1.1306783e-89
1.5754574e-90
2.1842557e-91
3.0156417e-92
4.1200839e-93
5.8684396e-94
5.4903583e-95
3.4898264e-06
0
3.2256796e-06
0
2.9617849e-07
0
0
0
0
0
0
0
0
1.8294724e-06
4.7405124e-06
9.3584284e-06
1.4322969e-05
1.8808614e-05
2.3526309e-05
3.0858556e-05
4.4698505e-05
6.7756975e-05
0.00010067395
0.00014115355
0.00018468618
0.00022571064
0.00025901553
0.00028078216
0.00028906759
0.00028386873
0.00026675631
0.00024034512
0.00020773628
0.00017204245
0.00013604565
0.00010199197
7.150167e-05
4.5566297e-05
2.4605878e-05
8.5655981e-06
0
0
0
0
0
0
0
0
0
6.6499709e-06
1.9681072e-05
3.7328739e-05
6.0268932e-05
8.8810679e-05
0.00012276784
0.00016140815
0.00020349439
0.00024740621
0.00029130876
0.00033332785
0.00037170058
0.00040488711
0.00043164662
0.00045108922
0.00046271208
0.00046641718
0.00046250309
0.00045162668
0.00043473312
0.00041295396
0.00038748165
0.00035944713
0.00032983926
0.00029949075
0.00026911874
0.00023937361
0.00021084556
0.00018401082
0.00015914601
0.00013626919
0.00011515964
9.5469193e-05
7.6888936e-05
5.9304395e-05
4.2874595e-05
2.8003017e-05
1.5213345e-05
4.9788966e-06
0
0
0
0
0
0
0
0
0
0
0
0
1.1162567e-07
1.3778973e-07
1.1930023e-07
8.732142e-08
5.7176003e-08
3.4320694e-08
1.9120053e-08
9.9476415e-09
4.844646e-09
2.2062144e-09
9.3455341e-10
3.6382828e-10
1.2677497e-10
3.6978494e-11
6.986252e-12
0
0
0
0
0
0
0
0
0
0
0
0
0
0
0
0
0
0
0
0
0
0
0
0
0
0
3.9977934e-24
3.6493367e-24
1.8832798e-24
8.081626e-25
3.1427231e-25
1.145371e-25
3.978218e-26
1.3295426e-26
4.3014982e-27
1.3527756e-27
4.1476195e-28
1.242501e-28
3.6430329e-29
1.0468721e-29
2.951738e-30
8.1738474e-31
2.2248018e-31
5.9563144e-32
1.569475e-32
4.0725029e-33
1.0411524e-33
2.6236686e-34
6.5196539e-35
1.5981809e-35
3.8660358e-36
9.2318035e-37
2.1768119e-37
5.0698332e-38
1.1666013e-38
2.6528848e-39
5.9633014e-40
1.3253412e-40
2.9129735e-41
6.3329248e-42
1.3621289e-42
2.8990898e-43
6.1068157e-44
1.2733705e-44
2.6287891e-45
5.3738967e-46
1.0879893e-46
2.1818682e-47
4.3347657e-48
8.5329402e-49
1.6645181e-49
3.2180596e-50
6.1669842e-51
1.1716032e-51
2.2068436e-52
4.1219131e-53
7.6350864e-54
1.4027081e-54
2.5562779e-55
4.6215143e-56
8.2897791e-57
1.4754688e-57
2.6060961e-58
4.5684431e-59
7.9488913e-60
1.3729278e-60
2.3541441e-61
4.0077745e-62
6.7748275e-63
1.1372528e-63
1.8959113e-64
3.1391991e-65
5.1629332e-66
8.4350417e-67
1.3690731e-67
2.2077485e-68
3.5374511e-69
5.6322608e-70
8.9116778e-71
1.4013705e-71
2.1902558e-72
3.4026411e-73
5.2546918e-74
8.0671079e-75
1.2312806e-75
1.8685005e-76
2.8193832e-77
4.2302573e-78
6.3118645e-79
9.3659635e-80
1.3822169e-80
2.0288657e-81
2.9621522e-82
4.3019107e-83
6.2149505e-84
8.9321868e-85
1.2771521e-85
1.8168223e-86
2.5714974e-87
3.6214934e-88
5.0744838e-89
7.0805901e-90
9.773687e-91
1.4082725e-91
1.3266365e-92
5.4790549e-06
0
1.6965266e-05
0
1.4567124e-05
0
1.2273731e-06
0
0
0
0
1.4220318e-06
0
1.9824683e-06
2.4321411e-06
1.3823914e-05
1.9229015e-05
2.436668e-05
4.4873439e-05
0.00010718292
0.00023538216
0.00043658539
0.00070020365
0.00099853641
0.001296485
0.0015591187
0.0017593142
0.001880752
0.0019183615
0.0018769762
0.0017683934
0.0016084118
0.0014141728
0.0012021543
0.00098687232
0.00078017928
0.00059099537
0.00042532405
0.000286445
0.00017521941
9.0472604e-05
2.9427488e-05
0
0
0
0
0
0
0
0
0
0
0
0
0
0
0
0
0
0
0
0
0
0
0
0
0
0
0
0
0
0
0
0
0
0
0
0
0
0
0
0
0
0
0
0
0
0
0
0
0
0
0
0
0
0
2.281559e-06
4.0121522e-06
4.3408919e-06
3.8673235e-06
3.0507474e-06
2.1928337e-06
1.4555494e-06
8.9781477e-07
5.1555768e-07
2.7504719e-07
1.3537804e-07
6.0526644e-08
2.3732363e-08
7.402872e-09
1.1026941e-09
0
0
0
0
0
0
0
0
0
0
0
0
0
0
0
0
0
0
0
0
0
0
0
0
0
0
0
1.3203147e-21
2.5407486e-21
1.5800507e-21
7.7066498e-22
3.3401182e-22
1.3433403e-22
5.1163129e-23
1.8661978e-23
6.5646048e-24
2.2373613e-24
7.4128699e-25
2.3935532e-25
7.5465935e-26
2.3269646e-26
7.0262074e-27
2.0797845e-27
6.0407229e-28
1.7230093e-28
4.8297846e-29
1.3313402e-29
3.6109648e-30
9.6418192e-31
2.5357427e-31
6.5713401e-32
1.6787377e-32
4.2291862e-33
1.0510653e-33
2.5777782e-34
6.2407924e-35
1.4919003e-35
3.5226242e-36
8.2173845e-37
1.8943064e-37
4.3163786e-38
9.7238937e-39
2.1662398e-39
4.7731907e-40
1.0404798e-40
2.2442143e-41
4.7905006e-42
1.0121866e-42
2.1172774e-43
4.3853514e-44
8.9951837e-45
1.8275195e-45
3.6781172e-46
7.3343907e-47
1.4492353e-47
2.8379837e-48
5.5085229e-49
1.0599155e-49
2.0219635e-50
3.82468e-51
7.1744566e-52
1.3347693e-52
2.4631834e-53
4.5093029e-54
8.1901519e-55
1.4760163e-55
2.6396883e-56
4.6851254e-57
8.2535482e-58
1.4432912e-58
2.5055497e-59
4.3184621e-60
7.3904782e-61
1.2559514e-61
2.1196726e-62
3.5530254e-63
5.9155968e-64
9.7837648e-65
1.6075195e-65
2.6241234e-66
4.2562207e-67
6.8597668e-68
1.0986833e-68
1.7488222e-69
2.766686e-70
4.3505649e-71
6.8003727e-72
1.0566958e-72
1.6323967e-73
2.5071906e-74
3.8287907e-75
5.8139928e-76
8.7791241e-77
1.3183059e-77
1.9687621e-78
2.9241882e-79
4.31991e-80
6.3477949e-81
9.2783494e-82
1.3490818e-82
1.9513937e-83
2.8080798e-84
4.0202135e-85
5.7264722e-86
8.1150896e-87
1.1451413e-87
1.5980507e-88
2.3306351e-89
2.2131339e-90
0
0
3.8407974e-05
0
7.0274648e-05
0
5.4053077e-05
0
1.6952667e-05
0
0
7.4212321e-06
0
0
0
2.3734041e-05
1.8615612e-05
9.2627106e-05
0.00038071789
0.0010249665
0.0020771219
0.0034813713
0.0051019752
0.0067546731
0.008262465
0.0094800672
0.010320771
0.010748616
0.010775342
0.010446459
0.0098276859
0.0089932266
0.0080167408
0.0069655282
0.0058974851
0.0048600031
0.0038899593
0.0030142415
0.0022504994
0.0016080183
0.0010887806
0.00068883827
0.00040004626
0.00021201834
0.00011397566
9.6065786e-05
0.00014982479
0.00026771516
0.0004419882
0.00066335061
0.00091996842
0.001197207
0.0014782481
0.0017454452
0.0019820745
0.00217406
0.0023113046
0.0023884048
0.0024046993
0.0023637478
0.0022724239
0.0021398247
0.0019761734
0.0017918455
0.0015965902
0.0013989799
0.0012060838
0.0010233416
0.00085460043
0.00070227143
0.00056755818
0.00045071499
0.00035129854
0.00026838482
0.00020073274
0.00014689137
0.00010526701
7.4181198e-05
5.195045e-05
3.6999212e-05
2.7987231e-05
2.3906818e-05
2.4099907e-05
2.8166081e-05
3.5774421e-05
4.6436301e-05
5.9321711e-05
7.3194086e-05
8.6498826e-05
9.7585365e-05
0.00010499584
0.00010773398
0.00010544044
9.8434976e-05
8.7625672e-05
7.4316475e-05
5.9962382e-05
4.592648e-05
3.3287058e-05
2.2727474e-05
1.4519015e-05
8.5833352e-06
4.6036463e-06
2.1479898e-06
7.7410873e-07
9.9047142e-08
0
0
0
0
0
0
0
0
0
0
0
0
0
0
0
0
0
0
0
0
0
0
6.1140041e-17
4.0533607e-16
2.3698249e-16
1.0756736e-16
4.6139552e-17
2.0300868e-17
9.3910121e-18
4.4931678e-18
2.1580113e-18
1.0162704e-18
4.6328501e-19
2.0340578e-19
8.5941178e-20
3.4984985e-20
1.3748977e-20
5.2278599e-21
1.9274111e-21
6.9037117e-22
2.4067167e-22
8.1788724e-23
2.713331e-23
8.7983064e-24
2.7916984e-24
8.6765166e-25
2.6437439e-25
7.9039017e-26
2.3202225e-26
6.6922569e-27
1.8977295e-27
5.2936693e-28
1.4533256e-28
3.9287887e-29
1.0462495e-29
2.7458115e-30
7.1044634e-31
1.8128957e-31
4.5639594e-32
1.1339036e-32
2.7810345e-33
6.7352843e-34
1.6111726e-34
3.8078195e-35
8.8933438e-36
2.0530985e-36
4.6860578e-37
1.0576738e-37
2.3611927e-38
5.2147401e-39
1.1395624e-39
2.4644923e-40
5.275671e-41
1.118055e-41
2.3461497e-42
4.8755662e-43
1.0035492e-43
2.0462658e-44
4.133889e-45
8.2754341e-46
1.6417918e-46
3.2284885e-47
6.293486e-48
1.2163253e-48
2.3309278e-49
4.4297722e-50
8.3494724e-51
1.5610333e-51
2.8952763e-52
5.3277109e-53
9.7277214e-54
1.7625741e-54
3.1695262e-55
5.657128e-56
1.0022944e-56
1.7629266e-57
3.0786046e-58
5.3381956e-59
9.1916864e-60
1.5717897e-60
2.6694984e-61
4.5033682e-62
7.5466391e-63
1.2563564e-63
2.078018e-64
3.4150421e-65
5.5768044e-66
9.0500042e-67
1.4595427e-67
2.3394792e-68
3.7272185e-69
5.9025802e-70
9.2921788e-71
1.4542472e-71
2.2627137e-72
3.5003899e-73
5.3842188e-74
8.2351534e-75
1.2525233e-75
1.8944659e-76
2.8496764e-77
4.2631667e-78
6.3433193e-79
9.3878723e-80
1.3819815e-80
2.0236679e-81
2.9477808e-82
4.2715498e-83
6.1578945e-84
8.8308006e-85
1.2609604e-85
1.7799632e-86
2.6287693e-87
2.5184516e-88
0
0
3.5035135e-05
0
0.00018206039
0
0.00018506159
0
0.00011842544
0
7.9912021e-05
0
0
1.1219715e-05
8.4357657e-05
0.00010045224
0.00025929689
0.001436198
0.0041638057
0.008710607
0.01479278
0.021806159
0.028986238
0.035590684
0.04104976
0.045001509
0.047330118
0.048065407
0.047374237
0.04549028
0.04267744
0.039197612
0.035290156
0.03116202
0.026985701
0.022901574
0.019021261
0.015430484
0.012190711
0.0093394155
0.0068896622
0.0048302221
0.0031276195
0.001731064
0.00058027298
0
0
0
0
0
0
0
0
0
0
0
0
0
0
0
0
0
0
0
0
0.00020860921
0.00043579418
0.00061130492
0.00074067818
0.00083023824
0.00088649783
0.00091572128
0.00092363272
0.00091524487
0.00089478294
0.00086568387
0.00083065643
0.00079179006
0.00075069424
0.00070863955
0.00066666408
0.00062561307
0.00058609985
0.00054840835
0.00051238883
0.00047741501
0.00044245904
0.00040630228
0.00036784557
0.000326437
0.00028211785
0.00023570943
0.00018871525
0.00014307118
0.00010081578
6.3760995e-05
3.3227032e-05
9.8787769e-06
0
0
0
0
0
0
0
0
0
0
0
0
0
0
0
0
0
0
0
0
1.3018673e-11
1.8542455e-10
1.5430991e-10
9.4041889e-11
4.9358638e-11
2.3489321e-11
1.0369973e-11
4.2986495e-12
1.6852807e-12
6.2804355e-13
2.2350415e-13
7.6408511e-14
2.5338029e-14
8.2878771e-15
2.745768e-15
9.5298971e-16
3.5616465e-16
1.4382328e-16
6.135102e-17
2.6776819e-17
1.1650722e-17
4.9741752e-18
2.0674688e-18
8.3400665e-19
3.2634758e-19
1.2395722e-19
4.5758617e-20
1.643949e-20
5.7560535e-21
1.9667882e-21
6.5662551e-22
2.1443177e-22
6.8566217e-23
2.1487089e-23
6.6046608e-24
1.9927598e-24
5.9059222e-25
1.7203624e-25
4.9283354e-26
1.3891769e-26
3.8548123e-27
1.0534972e-27
2.836811e-28
7.5294735e-29
1.9705865e-29
5.0871311e-30
1.2958002e-30
3.2577977e-31
8.0864418e-32
1.9822475e-32
4.7999794e-33
1.1484461e-33
2.7156602e-34
6.3479437e-35
1.4671644e-35
3.3535437e-36
7.5822219e-37
1.6960591e-37
3.7542141e-38
8.2244974e-39
1.7835617e-39
3.8293842e-40
8.1414751e-41
1.7142721e-41
3.5754109e-42
7.3876584e-43
1.5124659e-43
3.0684835e-44
6.1699444e-45
1.2297483e-45
2.4298832e-46
4.7604065e-47
9.2479609e-48
1.7817375e-48
3.4047746e-49
6.4540138e-50
1.2137155e-50
2.264628e-51
4.1929153e-52
7.7040603e-53
1.4049201e-53
2.5430499e-54
4.5695268e-55
8.151573e-56
1.4437938e-56
2.5392246e-57
4.4347266e-58
7.6919958e-59
1.325114e-59
2.2674831e-60
3.8542966e-61
6.5086229e-62
1.0919623e-62
1.8202521e-63
3.0150224e-64
4.9626487e-65
8.1176161e-66
1.3196614e-66
2.1322678e-67
3.4244559e-68
5.4668415e-69
8.675612e-70
1.368691e-70
2.1467152e-71
3.3475611e-72
5.1902504e-73
8.0015424e-74
1.2266028e-74
1.8698107e-75
2.8344756e-76
4.2731343e-77
6.4067225e-78
9.5533808e-79
1.4168562e-79
2.0900533e-80
3.0666607e-81
4.4758165e-82
6.4973571e-83
9.3905971e-84
1.3411799e-84
2.006114e-85
1.9399991e-86
0
0.00013120505
0
0
0.00044563843
0
0.00051250105
0
8.7709068e-05
0
0.00038328615
0
6.4490808e-05
0.00067289196
0.00026817804
0.00061913399
0.0044446576
0.014414687
0.030766254
0.052457738
0.076988126
0.10174411
0.12428149
0.14284267
0.15640414
0.16470978
0.16804312
0.1669581
0.16218708
0.15450873
0.14467517
0.13335804
0.12112391
0.10843381
0.0956597
0.083108539
0.071042198
0.059691616
0.049263413
0.039937511
0.031856588
0.025110285
0.019718987
0.015623171
0.01268366
0.010695318
0.0094124994
0.008580903
0.0079687883
0.0073913329
0.0067242938
0.0059061221
0.0049302998
0.0038313025
0.0026680534
0.0015082273
0.0004156807
0
0
0
0
0
0
0
0
0
0
0
0
0
0
0
0
0
0
0
0
0
0
0
0
0
0
0
0
0
0
0
0
0
0
0
0
0
0
0
0
0
0
0
0
0
0
0
0
0
0
0
0
0
1.2221315e-07
3.1057651e-07
3.0689558e-07
2.3681904e-07
1.5996855e-07
9.8552528e-08
5.6462022e-08
3.0402757e-08
1.5482865e-08
7.4850135e-09
3.4421983e-09
1.5070558e-09
6.2795809e-10
2.4865134e-10
9.3296607e-11
3.3017433e-11
1.0943457e-11
3.3616362e-12
9.4289842e-13
2.372263e-13
5.3497309e-14
1.2319356e-14
4.5261117e-15
2.8683628e-15
1.9706005e-15
1.2264002e-15
6.8579308e-16
3.5108285e-16
1.6738559e-16
7.5272646e-17
3.2222765e-17
1.3219913e-17
5.2244279e-18
1.9965955e-18
7.4014885e-19
2.6680903e-19
9.3716286e-20
3.212894e-20
1.0766261e-20
3.5306295e-21
1.1342768e-21
3.573301e-22
1.1047426e-22
3.3543816e-23
1.0009457e-23
2.937075e-24
8.4793535e-25
2.4097431e-25
6.7443348e-26
1.8597439e-26
5.0545814e-27
1.3545538e-27
3.5804475e-28
9.3379235e-29
2.403639e-29
6.1083076e-30
1.5329416e-30
3.8001246e-31
9.3077913e-32
2.2530783e-32
5.3912132e-33
1.2754779e-33
2.984197e-34
6.9061889e-35
1.581215e-35
3.582341e-36
8.0324062e-37
1.7828042e-37
3.9175532e-38
8.5241501e-39
1.8368834e-39
3.9207913e-40
8.2907293e-41
1.7370085e-41
3.6063084e-42
7.4205347e-43
1.5134809e-43
3.0601626e-44
6.1346899e-45
1.2194796e-45
2.4040418e-46
4.7005138e-47
9.1166098e-48
1.7540971e-48
3.3485149e-49
6.3426978e-50
1.1922368e-50
2.224129e-51
4.1181996e-52
7.5691062e-53
1.3810525e-53
2.5017365e-54
4.4996117e-55
8.0361075e-56
1.4252391e-56
2.5103482e-57
4.3915353e-58
7.6307256e-59
1.3170803e-59
2.258315e-60
3.8468972e-61
6.5105474e-62
1.0947915e-62
1.8292691e-63
3.0372498e-64
5.0114548e-65
8.2177016e-66
1.3392521e-66
2.1693076e-67
3.4925894e-68
5.5893545e-69
8.8916628e-70
1.4061461e-70
2.2106623e-71
3.4552281e-72
5.3692143e-73
8.2954771e-74
1.2743392e-74
1.9465154e-75
2.9564832e-76
4.4653251e-77
6.7066525e-78
1.0017248e-78
1.4879704e-79
2.1981896e-80
3.2293641e-81
4.7228715e-82
6.8226779e-83
1.0331841e-83
1.0084718e-84
0
0.0020820694
0
0.00039654616
0.00037657122
0
0.0020925758
0
0.00070366446
0.0004509785
0
0
0.0030922774
0.00074611167
9.6683655e-05
0.011552777
0.042266105
0.092465689
0.15615095
0.2258364
0.29329007
0.35266214
0.3999176
0.43339622
0.45313492
0.46071465
0.45805712
0.44713862
0.42982792
0.40779273
0.38243736
0.35487162
0.32592524
0.29618992
0.26608473
0.23593794
0.20604594
0.17672138
0.14832871
0.1212981
0.096115149
0.073285684
0.053278528
0.036457412
0.023018568
0.012951734
0.0060358496
0.0018697564
0
0
0.00040871754
0.0017535624
0.003258464
0.0046295037
0.0056843066
0.0063374104
0.0065786875
0.0064497785
0.0060222326
0.0053795793
0.0046042178
0.0037690254
0.0029329793
0.0021398304
0.0014188445
0.00078675504
0.00025026118
0
0
0
0
0
0
0
0
0
0
0
0
0
0
0
0
0
0
0
0
0
0
0
0
0
0
0
0
0
0
0
0
0
0
2.0477008e-06
2.0734913e-05
3.0494311e-05
3.3375037e-05
3.1553324e-05
2.7037455e-05
2.1452894e-05
1.5940757e-05
1.1165911e-05
7.40292e-06
4.6572068e-06
2.7840501e-06
1.5822555e-06
8.5456613e-07
4.3795819e-07
2.1234154e-07
9.688083e-08
4.1205808e-08
1.6054144e-08
5.521889e-09
1.5180169e-09
1.9911883e-10
0
0
0
0
0
0
0
0
0
0
9.7844709e-15
2.2494434e-14
1.6493785e-14
9.4010732e-15
4.728336e-15
2.1946395e-15
9.6035804e-16
4.0101514e-16
1.6100603e-16
6.2476294e-17
2.3517416e-17
8.6114426e-18
3.0741014e-18
1.0717029e-18
3.6539963e-19
1.2198964e-19
3.9919611e-20
1.281581e-20
4.0396435e-21
1.2510649e-21
3.8091483e-22
1.1408609e-22
3.3629317e-23
9.7608842e-24
2.7908437e-24
7.8638074e-25
2.1844647e-25
5.9844662e-26
1.6174026e-26
4.3137905e-27
1.1357343e-27
2.9525216e-28
7.5809563e-29
1.923003e-29
4.8202153e-30
1.19422e-30
2.9250306e-31
7.0843076e-32
1.6969713e-32
4.0211245e-33
9.4275544e-34
2.1873019e-34
5.0228869e-35
1.1418452e-35
2.5700516e-36
5.7283099e-37
1.2645271e-37
2.765104e-38
5.9901703e-39
1.2857953e-39
2.7350677e-40
5.7661339e-41
1.2049713e-41
2.4963023e-42
5.1274054e-43
1.0443065e-43
2.10929e-44
4.2254148e-45
8.3959966e-46
1.6549645e-46
3.2363906e-47
6.2795694e-48
1.2090242e-48
2.3100141e-49
4.3803186e-50
8.2441143e-51
1.5401541e-51
2.8562725e-52
5.2587531e-53
9.6126908e-54
1.7446829e-54
3.14432e-55
5.6273525e-56
1.0001754e-56
1.7655075e-57
3.0953534e-58
5.3904281e-59
9.3246599e-60
1.6023714e-60
2.7355005e-61
4.6395542e-62
7.8181385e-63
1.3089991e-63
2.1777345e-64
3.6001481e-65
5.9143277e-66
9.6556003e-67
1.5666104e-67
2.5262075e-68
4.0487549e-69
6.4496513e-70
1.0212469e-70
1.6073933e-71
2.5149388e-72
3.9116785e-73
6.0484728e-74
9.2980387e-75
1.4210715e-75
2.1594103e-76
3.2626072e-77
4.9013879e-78
7.3218588e-79
1.0874902e-79
1.6077148e-80
2.3468404e-81
3.5940412e-82
3.5383594e-83
0
0.013349904
0
0.010652015
0
0.002559222
0.0024860738
0
0.0079512667
0
0
0.0071536507
0.0045655621
0
0.024443993
0.1072844
0.23706125
0.39207121
0.54935043
0.6912386
0.80536908
0.8877034
0.93823369
0.96061178
0.96097522
0.9452182
0.91830333
0.88407534
0.8453538
0.80407063
0.7614518
0.7182087
0.67469459
0.63099422
0.5869863
0.54245117
0.49714549
0.4508829
0.40362489
0.35555982
0.30716061
0.25920311
0.21272238
0.16890117
0.12890757
0.093722491
0.06400437
0.040020929
0.02165222
0.0084498304
0
0
0
0
0
0
0
0
0.0010936033
0.0025983686
0.0037320424
0.004502688
0.0049472603
0.0051176529
0.005070634
0.0048611876
0.0045385909
0.0041445308
0.0037126237
0.0032688156
0.0028322627
0.002416411
0.0020300942
0.0016785462
0.0013642802
0.0010878198
0.00084829158
0.000643895
0.00047227085
0.00033078926
0.00021677395
0.00012767464
6.1190631e-05
1.5339707e-05
0
0
0
7.6288552e-06
4.2091917e-05
8.6910355e-05
0.00013886895
0.00019409223
0.00024829747
0.00029720422
0.00033700774
0.00036479756
0.00037882524
0.00037858877
0.00036476513
0.00033905148
0.00030395834
0.00026256142
0.00021819924
0.00017412087
0.00013312684
9.7277008e-05
6.7734864e-05
4.4779954e-05
2.7968391e-05
1.6381339e-05
8.8885438e-06
4.3675426e-06
1.8473478e-06
5.7402343e-07
1.4975313e-08
0
0
0
0
0
0
0
0
0
0
0
0
0
0
0
1.8255835e-12
2.6186564e-12
1.8730113e-12
1.0877221e-12
5.6543923e-13
2.7310362e-13
1.2484194e-13
5.4588869e-14
2.2988008e-14
9.3663349e-15
3.7048545e-15
1.4263066e-15
5.3550517e-16
1.9639267e-16
7.0449624e-17
2.4746553e-17
8.5203075e-18
2.8778516e-18
9.5428763e-19
3.1086968e-19
9.9546835e-20
3.1351955e-20
9.7164541e-21
2.9645431e-21
8.9084173e-22
2.6376023e-22
7.6974336e-23
2.2149423e-23
6.2863967e-24
1.7603506e-24
4.8649968e-25
1.3273132e-25
3.5759155e-26
9.5155573e-27
2.501609e-27
6.4989518e-28
1.6687916e-28
4.2363116e-29
1.0633816e-29
2.6399194e-30
6.4829708e-31
1.5751347e-31
3.7870147e-32
9.0112397e-33
2.1225124e-33
4.9495012e-34
1.1428336e-34
2.6132289e-35
5.9184114e-36
1.3277742e-36
2.9511464e-37
6.4991855e-38
1.418342e-38
3.0676606e-39
6.576377e-40
1.3975461e-40
2.9443615e-41
6.1504315e-42
1.2739488e-42
2.6168053e-43
5.3309381e-44
1.0771772e-44
2.1590324e-45
4.2929504e-46
8.4686124e-47
1.6575333e-47
3.219133e-48
6.2040346e-49
1.1865861e-49
2.2523941e-50
4.2436448e-51
7.9361866e-52
1.4732991e-52
2.7152104e-53
4.9679379e-54
9.0247466e-55
1.6278166e-55
2.9154959e-56
5.1853764e-57
9.1586805e-58
1.606548e-58
2.7988891e-59
4.8431887e-60
8.3244006e-61
1.4212558e-61
2.4105193e-62
4.0615255e-63
6.7987447e-64
1.130706e-64
1.8684103e-65
3.0677241e-66
5.0049694e-67
8.1142241e-68
1.3072906e-68
2.0931277e-69
3.3307065e-70
5.2675969e-71
8.2802302e-72
1.293731e-72
2.0092553e-73
3.1019399e-74
4.7605396e-75
7.2630823e-76
1.10165e-76
1.6613062e-77
2.4905291e-78
3.7159228e-79
5.4725677e-80
8.4614024e-81
8.3919273e-82
0
0.04366736
0
0.047267256
0
0.038072819
0
0.0071337246
0.014050724
0
0.0192707
0.015750293
0
0.036291073
0.23580555
0.51855946
0.82555013
1.0995506
1.3098779
1.4439643
1.5006456
1.4940878
1.4405866
1.360518
1.2720119
1.1847104
1.1034391
1.030591
0.96690944
0.91187796
0.8642936
0.82276001
0.78599621
0.75296906
0.72267317
0.69392266
0.66542673
0.63581648
0.60373289
0.56796889
0.52764728
0.48242363
0.43264806
0.37941149
0.32442732
0.26976435
0.21751311
0.1694857
0.12701516
0.090871879
0.061281983
0.038015802
0.020510601
0.0079983292
0
0
0
0
0
0
0
0
0
0
0
0.00058940574
0.0013776083
0.0019690793
0.002387573
0.0026601686
0.002814213
0.0028754058
0.0028667188
0.0028079019
0.00271538
0.0026024
0.0024793182
0.0023539572
0.0022319765
0.0021172272
0.0020120701
0.001917647
0.0018341017
0.0017607497
0.001696203
0.0016384602
0.0015849861
0.0015328127
0.0014786987
0.001419376
0.0013518895
0.0012739921
0.0011845151
0.0010836146
0.00097280767
0.00085478063
0.00073302661
0.00061142279
0.00049385217
0.00038391822
0.00028473522
0.00019874674
0.00012754617
7.172354e-05
3.0800081e-05
3.3079723e-06
0
0
0
0
0
0
0
0
0
0
0
0
0
0
0
0
0
0
3.110522e-10
9.7056335e-10
8.5732713e-10
5.845603e-10
3.5094588e-10
1.9417047e-10
1.0115796e-10
5.0224144e-11
2.3943189e-11
1.1015736e-11
4.9089728e-12
2.1247377e-12
8.9513766e-13
3.6770211e-13
1.4748459e-13
5.783195e-14
2.2192842e-14
8.3421519e-15
3.0740733e-15
1.1113101e-15
3.9438915e-16
1.3748067e-16
4.7100128e-17
1.5866632e-17
5.2581386e-18
1.7149537e-18
5.5070868e-19
1.74183e-19
5.428242e-20
1.6673572e-20
5.0495479e-21
1.50821e-21
4.4440701e-22
1.2921948e-22
3.7086471e-23
1.0508741e-23
2.9405993e-24
8.1277193e-25
2.2194365e-25
5.9889052e-26
1.597234e-26
4.2110297e-27
1.097705e-27
2.8296734e-28
7.2146161e-29
1.8196442e-29
4.5407077e-30
1.1212162e-30
2.7399755e-31
6.6275934e-32
1.5869938e-32
3.7623671e-33
8.8321842e-34
2.0532827e-34
4.727745e-35
1.0782846e-35
2.4363218e-36
5.4538636e-37
1.2097267e-37
2.6590557e-38
5.7925171e-39
1.250686e-39
2.6767673e-40
5.6792835e-41
1.1946352e-41
2.4915705e-42
5.1528036e-43
1.0567739e-43
2.1494303e-44
4.3361216e-45
8.6765996e-46
1.7222659e-46
3.391449e-47
6.6257653e-48
1.2843491e-48
2.4703385e-49
4.7150433e-50
8.9309917e-51
1.6789081e-51
3.132531e-52
5.8013956e-53
1.0665109e-53
1.9463478e-54
3.526339e-55
6.3431053e-56
1.1328682e-56
2.009007e-57
3.5377959e-58
6.1866788e-59
1.074434e-59
1.8532028e-60
3.1747563e-61
5.4021294e-62
9.1308118e-63
1.5330838e-63
2.557152e-64
4.2374352e-65
6.9763284e-66
1.1411671e-66
1.8547741e-67
2.9955242e-68
4.8074534e-69
7.6672201e-70
1.2152377e-70
1.9142764e-71
2.997006e-72
4.6636856e-73
7.2135418e-74
1.1090839e-74
1.6950951e-75
2.5755199e-76
3.8898087e-77
5.8465166e-78
8.6718175e-79
1.351156e-79
1.3480632e-80
0
0.074777329
0
0.096814272
0
0.11463193
0
0.097702411
0
0
0.075991738
0
0.029437537
0.43173444
0.96673464
1.441761
1.7887308
1.9485242
1.9169558
1.7240073
1.4444949
1.1780098
0.96732584
0.81303587
0.69977571
0.6142006
0.54973092
0.50283904
0.47037362
0.44923213
0.43674093
0.43095853
0.43086738
0.43615049
0.44628235
0.46003916
0.47592666
0.4922039
0.50689941
0.51787369
0.52290828
0.51994102
0.50743271
0.48472603
0.45226451
0.41157146
0.36498747
0.31526232
0.26513222
0.21697967
0.17262671
0.13326517
0.099493306
0.071416099
0.048771429
0.031055244
0.017630189
0.007810976
0.00092565785
0
0
0
0
0
0
0
0
0
0
0
0
0
0
0
0
0
0.0001010166
0.00036096376
0.00057064481
0.00073506374
0.00085851377
0.00094463522
0.00099652358
0.0010168699
0.0010081196
0.00097263832
0.0009128801
0.00083155193
0.00073176944
0.00061718449
0.00049205011
0.00036117911
0.0002297653
0.00010307397
0
0
0
0
0
0
0
0
0
0
0
0
0
0
0
0
0
0
0
0
0
0
1.0031024e-08
3.0867324e-07
3.5793044e-07
3.048865e-07
2.2515341e-07
1.5198689e-07
9.6064065e-08
5.7603785e-08
3.3036353e-08
1.8219691e-08
9.7002307e-09
5.0001241e-09
2.5010776e-09
1.2162462e-09
5.7587534e-10
2.6583535e-10
1.1977408e-10
5.2723987e-11
2.2695061e-11
9.5604065e-12
3.9441732e-12
1.5946171e-12
6.3218085e-13
2.45898e-13
9.389115e-14
3.5209722e-14
1.2973817e-14
4.6992352e-15
1.6738519e-15
5.8654812e-16
2.0227604e-16
6.86734e-17
2.29603e-17
7.5621625e-18
2.4542679e-18
7.8510466e-19
2.4761629e-19
7.7017287e-20
2.3629854e-20
7.1531876e-21
2.1369858e-21
6.3017461e-22
1.8347104e-22
5.2748261e-23
1.4978428e-23
4.2016724e-24
1.1645378e-24
3.1895937e-25
8.6345543e-26
2.3106667e-26
6.1135768e-27
1.5994838e-27
4.1386096e-28
1.0592078e-28
2.6817605e-29
6.7178364e-30
1.6651996e-30
4.0849425e-31
9.9184135e-32
2.3838979e-32
5.6724859e-33
1.3364401e-33
3.1179178e-34
7.2038803e-35
1.6485477e-35
3.7369324e-36
8.3917418e-37
1.8670486e-37
4.1159339e-38
8.9914982e-39
1.9466482e-39
4.1770976e-40
8.8844942e-41
1.873269e-41
3.915747e-42
8.1154593e-43
1.6677534e-43
3.3986499e-44
6.8686566e-45
1.3767727e-45
2.7372313e-46
5.3982453e-47
1.0561318e-47
2.0499344e-48
3.9477491e-49
7.5435843e-50
1.4303916e-50
2.691603e-51
5.0266107e-52
9.3170114e-53
1.7141291e-53
3.1304297e-54
5.6752557e-55
1.0214452e-55
1.8252381e-56
3.2383601e-57
5.7050275e-58
9.9802821e-59
1.733826e-59
2.9913726e-60
5.1258063e-61
8.7237779e-62
1.4747601e-62
2.4764858e-63
4.1311504e-64
6.8461992e-65
1.1271812e-65
1.8438505e-66
2.9968649e-67
4.8399347e-68
7.7671896e-69
1.238686e-69
1.9631433e-70
3.0921219e-71
4.8405535e-72
7.531596e-73
1.1648025e-73
1.7906425e-74
2.7364347e-75
4.1565307e-76
6.2830713e-77
9.3709599e-78
1.4688986e-78
1.4723752e-79
0
0.053339337
0
0.083750592
0
0.13854762
0
0.21283227
0
0.20358656
0
0
0.65327456
1.5103726
2.0923994
2.3151645
2.1741633
1.695035
1.2026012
0.87121442
0.64964713
0.48675896
0.36026867
0.26595419
0.20029408
0.15684083
0.12949494
0.11373688
0.10642961
0.1054739
0.10961057
0.11829918
0.13160944
0.14999982
0.17383363
0.20296218
0.23682101
0.27434683
0.31390671
0.35334585
0.39007377
0.42128638
0.44433752
0.45712576
0.45839798
0.44794018
0.42661842
0.39622742
0.35917896
0.31811988
0.27557948
0.23371688
0.19418924
0.15812432
0.12616545
0.098556394
0.075239908
0.055952321
0.0403046
0.027846243
0.018112089
0.010654091
0.00506091
0.00096821714
0
0
0
0
0
0
0
0
0
0
0
0
0
0
0
0
0
0
0
0
0
0
0
0
0
0
0
0
0
0
0
0
0
0
0
0
0
0
0
0
0
0
0
2.810244e-05
4.3125497e-05
4.8129598e-05
4.6417341e-05
4.0822594e-05
3.3535671e-05
2.6068944e-05
1.9327403e-05
1.3738281e-05
9.3976063e-06
6.2035544e-06
3.9605148e-06
2.4497402e-06
1.4702396e-06
8.5724463e-07
4.8612545e-07
2.683753e-07
1.4436694e-07
7.5730284e-08
3.8767254e-08
1.9379719e-08
9.4665186e-09
4.5211602e-09
2.1123609e-09
9.659931e-10
4.3259897e-10
1.8980618e-10
8.162956e-11
3.4426061e-11
1.4243378e-11
5.7836272e-12
2.305783e-12
9.0288072e-13
3.4737058e-13
1.3135833e-13
4.8839349e-14
1.785954e-14
6.4253128e-15
2.2749533e-15
7.9292272e-16
2.7213907e-16
9.1996201e-17
3.0639452e-17
1.0056191e-17
3.2533667e-18
1.0377233e-18
3.2642082e-19
1.0127852e-19
3.1002199e-20
9.3646776e-21
2.7919341e-21
8.2170065e-22
2.3878108e-22
6.8524103e-23
1.9423209e-23
5.4388574e-24
1.5047914e-24
4.1143166e-25
1.1118364e-25
2.9701138e-26
7.8444005e-27
2.0486356e-27
5.291152e-28
1.3516897e-28
3.4158933e-29
8.5406309e-30
2.112956e-30
5.1732203e-31
1.2535897e-31
3.0069521e-32
7.140452e-33
1.6788172e-33
3.9084891e-34
9.0113602e-35
2.0577611e-35
4.6544554e-36
1.0429352e-36
2.3152855e-37
5.0927684e-38
1.1100637e-38
2.397884e-39
5.1337587e-40
1.0894561e-40
2.2918717e-41
4.7798639e-42
9.8837815e-43
2.0265165e-43
4.120338e-44
8.3081982e-45
1.661526e-45
3.2958548e-46
6.4851987e-47
1.2659191e-47
2.451594e-48
4.7106736e-49
8.9813325e-50
1.6992318e-50
3.1904278e-51
5.9451039e-52
1.0995463e-52
2.0185517e-53
3.6784678e-54
6.6546095e-55
1.1951823e-55
2.1312219e-56
3.7733985e-57
6.6339513e-58
1.1581725e-58
2.0079867e-59
3.4574824e-60
5.9128283e-61
1.0043633e-61
1.6946128e-62
2.8402575e-63
4.7290684e-64
7.8225236e-65
1.285565e-65
2.0991294e-66
3.4056821e-67
5.4904798e-68
8.7958725e-69
1.4003316e-69
2.2155768e-70
3.4839104e-71
5.4449192e-72
8.4582429e-73
1.3060244e-73
2.0046278e-74
3.0582724e-75
4.6431564e-76
6.9545956e-77
1.0952178e-77
1.1017748e-78
0.018884653
0
0.019754719
0
0.0047679666
0.016321316
0
0.12833439
0
0.41330644
0
0.71043903
1.990856
2.5292021
2.4354071
1.9078784
1.2962869
0.79477231
0.47272024
0.29974986
0.20150189
0.13535713
0.086331128
0.052576734
0.032264374
0.02137279
0.016152033
0.014300439
0.014733811
0.017121816
0.021603557
0.028645992
0.038957521
0.053433406
0.073016576
0.098349198
0.12949787
0.16583727
0.20609205
0.24847585
0.29081226
0.33070345
0.36573825
0.3936969
0.4127786
0.42184196
0.42057426
0.40952106
0.38996083
0.36367142
0.3326619
0.29892614
0.26425507
0.23012295
0.19764291
0.16757558
0.14037122
0.11622776
0.095152012
0.077016313
0.06160644
0.048659683
0.037893309
0.029024677
0.02178451
0.015924885
0.011223333
0.0074842005
0.0045381905
0.0022407901
0.0004700752
0
0
0
0
0
0
0
0
0
0
0
0
0
0
0
0
0
0
0
0
0
0
1.5766228e-05
0.00031119203
0.00057933522
0.0008138731
0.0010090146
0.0011598996
0.0012630998
0.0013171579
0.0013230475
0.0012844106
0.0012074607
0.0011005077
0.00097315963
0.00083533857
0.00069629387
0.00056378739
0.00044357335
0.00033921814
0.0002522306
0.0001824187
0.0001283652
8.7920401e-05
5.8635121e-05
3.8090371e-05
2.4111615e-05
1.4878392e-05
8.9530087e-06
5.2556889e-06
3.0109379e-06
1.6840262e-06
9.1988551e-07
4.9092976e-07
2.5607558e-07
1.3059983e-07
6.5148602e-08
3.1799314e-08
1.519296e-08
7.1078863e-09
3.257411e-09
1.462845e-09
6.4398555e-10
2.7801146e-10
1.1773698e-10
4.8930465e-11
1.9962373e-11
7.997583e-12
3.1474841e-12
1.2172165e-12
4.6271069e-13
1.7295108e-13
6.358287e-14
2.299787e-14
8.1863395e-15
2.8685802e-15
9.8977458e-16
3.3636532e-16
1.1261646e-16
3.7154818e-17
1.2082442e-17
3.873657e-18
1.2246503e-18
3.818759e-19
1.174745e-19
3.5658691e-20
1.0682538e-20
3.1590391e-21
9.2233569e-22
2.6592319e-22
7.5724091e-23
2.1300904e-23
5.9199984e-24
1.6258341e-24
4.4129767e-25
1.184011e-25
3.1406151e-26
8.237077e-27
2.1364561e-27
5.4807333e-28
1.390808e-28
3.4917094e-29
8.6737827e-30
2.1322316e-30
5.187644e-31
1.2493072e-31
2.9784046e-32
7.0301486e-33
1.6430906e-33
3.8029747e-34
8.7176212e-35
1.9793921e-35
4.4521588e-36
9.9210847e-37
2.1904893e-37
4.7924709e-38
1.0390973e-38
2.2329165e-39
4.7560741e-40
1.0042092e-40
2.1020253e-41
4.3624239e-42
8.9770011e-43
1.8318282e-43
3.7070127e-44
7.4401992e-45
1.4811557e-45
2.9248691e-46
5.7297419e-47
1.1135745e-47
2.1472923e-48
4.1084911e-49
7.8005239e-50
1.4697582e-50
2.7483919e-51
5.1009551e-52
9.3970886e-53
1.718433e-53
3.1195883e-54
5.622311e-55
1.0060335e-55
1.787379e-56
3.1532155e-57
5.523944e-58
9.6101211e-59
1.6604179e-59
2.8493088e-60
4.8564557e-61
8.2220661e-62
1.3827627e-62
2.310163e-63
3.8343227e-64
6.3227828e-65
1.0359137e-65
1.6863836e-66
2.7278986e-67
4.3849063e-68
7.0044419e-69
1.1119584e-69
1.7543879e-70
2.7510902e-71
4.2879149e-72
6.6430533e-73
1.0230542e-73
1.5659803e-74
2.3854625e-75
3.5846414e-76
5.6653669e-77
5.7151268e-78
0.047664208
0
0.065502369
0
0.091332257
0
0.12540268
0
0.14404148
0.26735919
0.09906188
2.3070986
2.7628573
2.3852144
1.5809087
0.95560536
0.52374689
0.25569584
0.12567441
0.071421532
0.044876057
0.026926991
0.014158929
0.006824189
0.0033913696
0.0020542217
0.0017482708
0.0021050186
0.0031905204
0.0053484635
0.009130883
0.015254472
0.024536504
0.037784154
0.05561503
0.078265982
0.10551293
0.13671463
0.17091972
0.20696476
0.24351922
0.27908232
0.31199396
0.3405412
0.36315331
0.3786168
0.38624809
0.38597608
0.37831393
0.36423726
0.34501576
0.32204004
0.29667361
0.27014552
0.24348782
0.21751158
0.19281078
0.16978373
0.14866366
0.12955219
0.11245145
0.097292708
0.083960193
0.072310182
0.062185537
0.053426351
0.045877368
0.039392826
0.033839329
0.029097241
0.025061019
0.0216388
0.018751501
0.016331614
0.014321832
0.012673612
0.011345745
0.010302987
0.0095147791
0.0089540832
0.00859635
0.0084186201
0.0083987673
0.0085148847
0.0087448136
0.0090658176
0.0094544043
0.0098862971
0.010336557
0.010779851
0.011190844
0.011544715
0.011817773
0.011988181
0.012036822
0.011948306
0.011712126
0.011323869
0.010786324
0.010110231
0.0093144129
0.0084250629
0.0074741061
0.0064967542
0.0055285482
0.0046023237
0.0037455645
0.0029785303
0.0023133828
0.0017543325
0.0012986483
0.00093824569
0.00066152601
0.00045516453
0.00030562528
0.00020027978
0.00012810209
7.9984431e-05
4.8759166e-05
2.9026268e-05
1.6877287e-05
9.5871956e-06
5.321902e-06
2.8876475e-06
1.5319527e-06
7.9487275e-07
4.0349012e-07
2.0044131e-07
9.7476494e-08
4.6420835e-08
2.1655611e-08
9.8996052e-09
4.4361018e-09
1.9492514e-09
8.4016204e-10
3.5533049e-10
1.4750956e-10
6.0126856e-11
2.407231e-11
9.4690404e-12
3.6607364e-12
1.3913544e-12
5.2004807e-13
1.9121068e-13
6.9177847e-14
2.4633626e-14
8.6360059e-15
2.981498e-15
1.01392e-15
3.3972521e-16
1.121789e-16
3.6513652e-17
1.1718136e-17
3.7086564e-18
1.1577705e-18
3.5658778e-19
1.083768e-19
3.2510042e-20
9.6270458e-21
2.8147746e-21
8.1273303e-22
2.3178344e-22
6.5301269e-23
1.8177667e-23
5.0003762e-24
1.3595154e-24
3.653842e-25
9.7087888e-26
2.550903e-26
6.6282492e-27
1.7034939e-27
4.3309047e-28
1.0893591e-28
2.7112809e-29
6.6779692e-30
1.6279269e-30
3.9282474e-31
9.3839995e-32
2.2194886e-32
5.1980816e-33
1.2056102e-33
2.7694388e-34
6.3015006e-35
1.4203943e-35
3.1719843e-36
7.0186534e-37
1.5389334e-37
3.3440358e-38
7.2019141e-39
1.5374145e-39
3.2534143e-40
6.8254555e-41
1.4197293e-41
2.9281831e-42
5.9888851e-43
1.2147432e-43
2.4437052e-44
4.8761074e-45
9.6514286e-46
1.8951211e-46
3.6918316e-47
7.1357279e-48
1.3685403e-48
2.6045376e-49
4.9191232e-50
9.2205881e-51
1.7154286e-51
3.1678061e-52
5.8069056e-53
1.0567178e-53
1.9091e-54
3.4243707e-55
6.0987632e-56
1.0785437e-56
1.894063e-57
3.3032163e-58
5.7212435e-59
9.8419054e-60
1.6816181e-60
2.8540316e-61
4.8116806e-62
8.0586902e-63
1.3408633e-63
2.2165591e-64
3.6405832e-65
5.9412955e-66
9.6345482e-67
1.5525395e-67
2.4861993e-68
3.9566872e-69
6.2582119e-70
9.8381066e-71
1.5372178e-71
2.3874815e-72
3.6859924e-73
5.656205e-74
8.6377246e-75
1.3011757e-75
2.0620008e-76
2.0844743e-77
0.022964607
0
0.033171372
0
0.065403975
0
0.16835613
0.021243298
0.51006463
0.39351371
1.6771427
3.1796953
2.3204489
1.1980454
0.65725773
0.35073836
0.17011756
0.067947923
0.022878789
0.010198007
0.0060288522
0.0033700882
0.0015391255
0.00065160199
0.0003510834
0.00035434587
0.00065738331
0.001549652
0.0036257802
0.0077599476
0.014991973
0.02633311
0.042524351
0.063767946
0.089496441
0.11835363
0.14845491
0.17782867
0.20490898
0.22884577
0.24952404
0.26733773
0.28280735
0.29620396
0.30737441
0.31582547
0.32095626
0.32229122
0.31962804
0.31307725
0.30301917
0.29002033
0.27474234
0.25786327
0.24002129
0.22178017
0.20361278
0.18589776
0.16892495
0.15290564
0.13798476
0.12425329
0.11175976
0.10052027
0.090526822
0.081753932
0.07416376
0.067709832
0.062339679
0.057996583
0.054620634
0.052149289
0.050517573
0.049658055
0.049500702
0.04997268
0.050998181
0.052498315
0.054391103
0.056591599
0.059012169
0.061562927
0.064152366
0.066688175
0.069078275
0.071232084
0.073062027
0.074485292
0.075425812
0.075816449
0.075601333
0.074738295
0.073201352
0.070983153
0.068097246
0.064579947
0.060491454
0.055915774
0.050958995
0.045745543
0.040412334
0.035101076
0.029949396
0.0250818
0.020601619
0.016585011
0.013077799
0.010095425
0.0076258082
0.0056344486
0.0040708512
0.0028752815
0.0019849831
0.0013392425
0.00088298763
0.0005688929
0.00035817295
0.00022037585
0.00013252011
7.789282e-05
4.4758386e-05
2.514707e-05
1.381723e-05
7.4262362e-06
3.9051008e-06
2.0096483e-06
1.0123879e-06
4.9938214e-07
2.4126968e-07
1.1420482e-07
5.2979662e-08
2.4094082e-08
1.0745407e-08
4.7009146e-09
2.0180174e-09
8.5032747e-10
3.5180443e-10
1.4295653e-10
5.7072455e-11
2.2392335e-11
8.6367576e-12
3.2757176e-12
1.2220527e-12
4.4856127e-13
1.6203913e-13
5.7623466e-14
2.0177733e-14
6.9590223e-15
2.3644678e-15
7.9164689e-16
2.6124225e-16
8.4989886e-17
2.7264559e-17
8.6264077e-18
2.6924779e-18
8.2918775e-19
2.5201e-19
7.5601454e-20
2.2390876e-20
6.5481645e-21
1.8912658e-21
5.3956654e-22
1.5207925e-22
4.2354408e-23
1.1657367e-23
3.1713426e-24
8.5288967e-25
2.2678482e-25
5.963064e-26
1.550675e-26
3.9886681e-27
1.0149611e-27
2.5553041e-28
6.3659522e-29
1.5695184e-29
3.8300566e-30
9.2519218e-31
2.212574e-31
5.2390529e-32
1.2284169e-32
2.8524934e-33
6.5604902e-34
1.4946054e-34
3.3731862e-35
7.5426096e-36
1.6711428e-36
3.6690893e-37
7.9835718e-38
1.7217533e-38
3.6806038e-39
7.7997504e-40
1.6386794e-40
3.4134727e-41
7.0505795e-42
1.4441596e-42
2.933614e-43
5.9104822e-44
1.1811611e-44
2.3415052e-45
4.6048322e-46
8.9845735e-47
1.7393133e-47
3.3410741e-48
6.3687314e-49
1.2047819e-49
2.2619458e-50
4.2150559e-51
7.7965143e-52
1.4315344e-52
2.6093655e-53
4.7220121e-54
8.4840879e-55
1.5135454e-55
2.6811672e-56
4.7164593e-57
8.2394296e-58
1.4295252e-58
2.4633407e-59
4.2161802e-60
7.1680247e-61
1.2105669e-61
2.0310002e-62
3.3852103e-63
5.6058071e-64
9.2233651e-65
1.5078601e-65
2.4494833e-66
3.9541277e-67
6.3432297e-68
1.0112865e-68
1.6023676e-69
2.5234469e-70
3.9499362e-71
6.1456508e-72
9.5051005e-73
1.4611752e-73
2.2354024e-74
3.3732974e-75
5.3560874e-76
5.4226261e-77
0.0029878663
0.015191808
0.052937801
0.10522193
0.19081304
0.30331565
0.48103729
0.70265918
1.1252227
1.5649653
2.8560139
3.1556762
1.5742104
0.18816212
0.076637427
0.030335688
0.01066848
0.0027464148
0.0015934413
0.00083501301
0.00050211263
0.00026962163
0.00012945498
8.3121642e-05
0.00011979783
0.00032586116
0.0010234921
0.002960325
0.0074814897
0.016534413
0.032409211
0.057254521
0.092501934
0.13833191
0.19331201
0.25437622
0.31720557
0.37690164
0.42883021
0.46936602
0.49641172
0.50961201
0.51023643
0.50069051
0.48383618
0.46240811
0.43868631
0.4143886
0.3906933
0.36834278
0.34777742
0.32925159
0.31290704
0.2988137
0.28699385
0.27743741
0.27011073
0.26495926
0.26190829
0.26086419
0.26171605
0.26433709
0.2685861
0.27430917
0.28134147
0.28950876
0.29862903
0.30851413
0.31897137
0.32980499
0.34081742
0.35181067
0.36258752
0.37295279
0.38271468
0.39168605
0.39968579
0.40654033
0.4120851
0.41616621
0.41864217
0.41938585
0.41828655
0.41525225
0.41021219
0.40311951
0.39395413
0.38272581
0.36947713
0.35428635
0.3372701
0.31858541
0.29843105
0.27704767
0.25471628
0.23175454
0.20851027
0.18535174
0.16265482
0.14078719
0.12009078
0.10086402
0.083345763
0.067703008
0.054023923
0.042317304
0.032518421
0.024500433
0.018089739
0.013083222
0.0092652742
0.0064228395
0.0043572332
0.0028921668
0.0018780245
0.0011928952
0.00074114599
0.00045040285
0.00026773583
0.00015568517
8.8565532e-05
4.929615e-05
2.6850823e-05
1.4314443e-05
7.4704847e-06
3.8174556e-06
1.9105163e-06
9.3666858e-07
4.4997859e-07
2.1187764e-07
9.7810641e-08
4.4281053e-08
1.966554e-08
8.5699165e-09
3.6657052e-09
1.5394883e-09
6.3498083e-10
2.5729825e-10
1.0245439e-10
4.0101996e-11
1.5433533e-11
5.8418315e-12
2.1753802e-12
7.9714921e-13
2.8752509e-13
1.0210675e-13
3.570952e-14
1.2301842e-14
4.1755718e-15
1.3967606e-15
4.6055995e-16
1.4972835e-16
4.8003016e-17
1.5179947e-17
4.7358449e-18
1.4579282e-18
4.4296562e-19
1.3285586e-19
3.9341215e-20
1.1503994e-20
3.3224541e-21
9.4787797e-22
2.6717808e-22
7.4417368e-23
2.0485249e-23
5.5740184e-24
1.4994118e-24
3.9880669e-25
1.0489506e-25
2.7287226e-26
7.021579e-27
1.7874715e-27
4.5022442e-28
1.1221731e-28
2.7681245e-29
6.7586399e-30
1.6335507e-30
3.9089144e-31
9.261461e-32
2.1729568e-32
5.0491512e-33
1.1620581e-33
2.649262e-34
5.9834846e-35
1.3389343e-35
2.9688138e-36
6.5232962e-37
1.4205378e-37
3.0660575e-38
6.5597765e-39
1.3912903e-39
2.9255291e-40
6.0993875e-41
1.2609555e-41
2.5851207e-42
5.2561125e-43
1.059951e-43
2.1202064e-44
4.2070241e-45
8.281502e-46
1.617382e-46
3.13413e-47
6.0263369e-48
1.1498793e-48
2.1774266e-49
4.0921985e-50
7.6334472e-51
1.4133966e-51
2.5978543e-52
4.7402411e-53
8.5871314e-54
1.5444879e-54
2.7582644e-55
4.8913425e-56
8.6136363e-57
1.506386e-57
2.616387e-58
4.5134428e-59
7.7335353e-60
1.3162425e-60
2.2253826e-61
3.7377245e-62
6.236863e-63
1.0339599e-63
1.7031057e-64
2.7874143e-65
4.5331988e-66
7.3260903e-67
1.1765888e-67
1.8779435e-68
2.9789677e-69
4.6967166e-70
7.3601724e-71
1.146475e-71
1.7752248e-72
2.7321183e-73
4.1846252e-74
6.3219133e-75
1.0050443e-75
1.0185247e-76
0.25192107
0.65789756
1.033952
1.3559778
1.6748631
1.9518435
2.2537943
2.5225775
2.8629042
3.1658583
3.6691517
3.5369321
1.1668585
1.3245767e-18
0
0
2.6700421e-23
1.9552458e-06
0.0001139348
8.1111633e-05
5.2745907e-05
3.3138893e-05
2.634807e-05
4.2213311e-05
0.0001269558
0.00045730239
0.0015390562
0.0045167018
0.011475912
0.025516565
0.050431656
0.090029331
0.14731356
0.22377421
0.31896288
0.43044817
0.55415926
0.68500314
0.8175825
0.94686675
1.0686876
1.1800289
1.2791133
1.3653388
1.439055
1.5012531
1.5532619
1.596508
1.6323508
1.6619891
1.6864281
1.706485
1.7228119
1.7359229
1.746219
1.7540112
1.7595375
1.7629776
1.7644629
1.7640853
1.7619044
1.7579524
1.7522395
1.7447576
1.7354835
1.7243825
1.7114105
1.6965166
1.6796454
1.660739
1.6397383
1.6165854
1.5912247
1.5636046
1.5336792
1.5014098
1.4667664
1.4297297
1.3902928
1.3484634
1.3042658
1.2577435
1.2089618
1.1580106
1.1050074
1.0501007
0.993473
0.93534369
0.87597205
0.81565928
0.75474983
0.69363148
0.63273358
0.5725231
0.51349762
0.45617489
0.4010784
0.34871931
0.29957506
0.25406635
0.21253426
0.17522017
0.14225086
0.11363116
0.089245287
0.068867265
0.05217923
0.03879559
0.028290168
0.020223313
0.014166229
0.0097205086
0.0065317452
0.0042970649
0.0027671767
0.0017440772
0.0010757718
0.00064935305
0.00038357138
0.00022173306
0.00012544776
6.946826e-05
3.7657901e-05
1.9986569e-05
1.0387455e-05
5.2875429e-06
2.6367288e-06
1.2883788e-06
6.1701214e-07
2.8968519e-07
1.3336926e-07
6.0228169e-08
2.6685666e-08
1.1604132e-08
4.9536611e-09
2.0765495e-09
8.5503505e-10
3.4591866e-10
1.375417e-10
5.3763289e-11
2.066557e-11
7.8133343e-12
2.9064863e-12
1.0640357e-12
3.8345211e-13
1.3606352e-13
4.7550389e-14
1.6370126e-14
5.5531172e-15
1.8565532e-15
6.1187128e-16
1.9883321e-16
6.3721441e-17
2.0143709e-17
6.2825735e-18
1.9335923e-18
5.8735975e-19
1.7613113e-19
5.2148205e-20
1.5247219e-20
4.4031634e-21
1.2561307e-21
3.5405597e-22
9.8615596e-23
2.7147116e-23
7.3870731e-24
1.9872678e-24
5.2861421e-25
1.3905332e-25
3.6177975e-26
9.310787e-27
2.3706384e-27
5.9722407e-28
1.4888719e-28
3.6734927e-29
8.9713025e-30
2.1688909e-30
5.1913006e-31
1.230326e-31
2.8874733e-32
6.7114559e-33
1.5451219e-33
3.5237188e-34
7.9611643e-35
1.7821008e-35
3.9528543e-36
8.688683e-37
1.8927908e-37
4.0869272e-38
8.7473418e-39
1.8560035e-39
3.9042966e-40
8.1433896e-41
1.6842342e-41
3.4543817e-42
7.0265767e-43
1.4176119e-43
2.8369052e-44
5.6316984e-45
1.1091076e-45
2.1671039e-46
4.2013516e-47
8.0822542e-48
1.5429099e-48
2.9230962e-49
5.4962885e-50
1.0257669e-50
1.9002424e-51
3.4944471e-52
6.3794693e-53
1.1562568e-53
2.0807233e-54
3.7178415e-55
6.5964406e-56
1.1622408e-56
2.0336454e-57
3.5340409e-58
6.0997135e-59
1.0457134e-59
1.7807574e-60
3.0123741e-61
5.0623005e-62
8.4517043e-63
1.4019103e-63
2.310455e-64
3.7835349e-65
6.1566171e-66
9.955238e-67
1.5997308e-67
2.5547492e-68
4.05486e-69
6.3966037e-70
1.0029719e-70
1.5631898e-71
2.4218512e-72
3.7294172e-73
5.7154053e-74
8.6393855e-75
1.3743217e-75
1.3934311e-76
0.25191954
0.6579021
1.0339564
1.3559905
1.6748753
1.9518644
2.2538123
2.5226035
2.8629223
3.1658808
3.6691492
3.5369117
1.1668632
1.3245939e-18
0
0
2.6706101e-23
1.9555004e-06
0.00011394833
8.1124989e-05
5.2757795e-05
3.3147145e-05
2.6353177e-05
4.221693e-05
0.00012695852
0.00045730706
0.0015390798
0.0045167984
0.0114762
0.025517233
0.050432944
0.090031497
0.14731695
0.22377935
0.31897068
0.43046018
0.55417768
0.68503079
0.81762295
0.94692359
1.0687641
1.1801277
1.2792356
1.3654845
1.4392229
1.5014407
1.5534661
1.5967252
1.6325768
1.6622197
1.6866591
1.7067122
1.7230312
1.7361303
1.746411
1.7541846
1.7596896
1.763106
1.7645658
1.7641615
1.7619529
1.757973
1.7522324
1.7447234
1.7354232
1.7242975
1.7113024
1.6963875
1.6794975
1.6605746
1.63956
1.6163957
1.5910261
1.5633998
1.5334706
1.5011998
1.4665572
1.4295235
1.3900916
1.3482688
1.3040793
1.2575664
1.2087951
1.157855
1.1048636
1.0499691
0.99335358
0.93523646
0.87587676
0.81557553
0.75467708
0.69356907
0.63268076
0.57247904
0.51346147
0.45614573
0.40105535
0.34870147
0.2995616
0.25405648
0.21252728
0.17521543
0.14224782
0.11362935
0.089244339
0.068866888
0.052179206
0.038795761
0.028290427
0.020223592
0.014166489
0.0097207295
0.0065319221
0.0042971998
0.0027672753
0.0017441467
0.0010758192
0.00064938439
0.00038359151
0.00022174564
0.00012545541
6.9472794e-05
3.7660522e-05
1.9988049e-05
1.038827e-05
5.2879819e-06
2.6369599e-06
1.2884977e-06
6.1707203e-07
2.8971471e-07
1.3338351e-07
6.0234903e-08
2.6688785e-08
1.1605548e-08
4.9542916e-09
2.0768248e-09
8.5515302e-10
3.4596828e-10
1.3756219e-10
5.3771599e-11
2.0668881e-11
7.8146312e-12
2.9069856e-12
1.0642248e-12
3.8352252e-13
1.3608932e-13
4.7559694e-14
1.637343e-14
5.5542724e-15
1.856951e-15
6.1200625e-16
1.9887834e-16
6.3736315e-17
2.0148542e-17
6.2841221e-18
1.9340817e-18
5.8751234e-19
1.7617807e-19
5.2162459e-20
1.5251491e-20
4.4044277e-21
1.2565001e-21
3.541626e-22
9.8645997e-23
2.7155679e-23
7.3894568e-24
1.9879236e-24
5.2879252e-25
1.3910125e-25
3.6190717e-26
9.3141365e-27
2.3715092e-27
5.9744802e-28
1.4894417e-28
3.6749272e-29
8.9748759e-30
2.169772e-30
5.1934507e-31
1.2308454e-31
2.8887157e-32
6.7143981e-33
1.5458119e-33
3.5253215e-34
7.9648516e-35
1.7829411e-35
3.9547515e-36
8.6929268e-37
1.8937315e-37
4.0889934e-38
8.7518399e-39
1.8569741e-39
3.9063725e-40
8.1477914e-41
1.6851595e-41
3.4563104e-42
7.0305631e-43
1.418429e-43
2.8385662e-44
5.6350471e-45
1.1097773e-45
2.1684325e-46
4.2039664e-47
8.0873602e-48
1.5438992e-48
2.924998e-49
5.4999168e-50
1.0264539e-50
1.9015333e-51
3.4968548e-52
6.3839268e-53
1.157076e-53
2.0822179e-54
3.7205487e-55
6.6013094e-56
1.1631102e-56
2.035187e-57
3.5367556e-58
6.1044606e-59
1.0465378e-59
1.7821795e-60
3.0148107e-61
5.0664473e-62
8.458715e-63
1.4030877e-63
2.3124197e-64
3.7867918e-65
6.1619817e-66
9.9640178e-67
1.6011586e-67
2.5570567e-68
4.0585659e-69
6.4025186e-70
1.0039102e-70
1.5646691e-71
2.4241695e-72
3.7330279e-73
5.7210016e-74
8.6479395e-75
1.375698e-75
1.3948442e-76
0.0029868963
0.015193025
0.052937078
0.10522484
0.19081415
0.30332241
0.48104189
0.7026723
1.12523
1.5649855
2.8560042
3.1556376
1.5742187
0.1881697
0.076641682
0.030337807
0.01066948
0.0027468144
0.0015937762
0.00083527957
0.00050234393
0.00026977741
0.00012953115
8.3154938e-05
0.00011981562
0.00032587758
0.0010235395
0.002960504
0.0074820184
0.016535638
0.032411566
0.05725846
0.092508111
0.13834114
0.19332586
0.25439705
0.31723633
0.37694549
0.42889061
0.46944514
0.49651045
0.50972956
0.51037049
0.50083787
0.48399344
0.46257217
0.43885456
0.41455897
0.39086417
0.36851284
0.34794548
0.32941646
0.31306746
0.29896835
0.28714135
0.27757635
0.27023966
0.26507676
0.26201296
0.26095474
0.26179129
0.26439597
0.26862772
0.27433284
0.28134669
0.28949527
0.2985968
0.30846336
0.31890253
0.32971875
0.34071474
0.35169269
0.36245559
0.37280847
0.38255966
0.39152215
0.39951493
0.40636448
0.41190626
0.41598636
0.41846325
0.41920971
0.41811492
0.41508672
0.41005417
0.40297021
0.39381458
0.38259679
0.36935918
0.35417982
0.33717508
0.31850178
0.2983585
0.27698571
0.25466426
0.23171168
0.20847567
0.18532446
0.16263387
0.14077159
0.12007958
0.10085634
0.083340809
0.067700079
0.054022435
0.042316784
0.032518504
0.024500849
0.018090301
0.013083808
0.0092658134
0.006423298
0.0043576008
0.0028924479
0.0018782309
0.0011930414
0.00074124615
0.00045046939
0.00026777878
0.00015571212
8.8582e-05
4.9305955e-05
2.6856516e-05
1.4317668e-05
7.4722687e-06
3.8184195e-06
1.9110253e-06
9.3693139e-07
4.5011131e-07
2.1194323e-07
9.7842378e-08
4.4296091e-08
1.967252e-08
8.5730921e-09
3.6671216e-09
1.5401079e-09
6.3524673e-10
2.5741024e-10
1.025007e-10
4.0120803e-11
1.5441036e-11
5.8447729e-12
2.1765138e-12
7.9757876e-13
2.8768519e-13
1.0216546e-13
3.5730708e-14
1.2309369e-14
4.1782049e-15
1.3976678e-15
4.6086789e-16
1.4983134e-16
4.8036972e-17
1.5190983e-17
4.7393819e-18
1.4590463e-18
4.4331426e-19
1.3296314e-19
3.937379e-20
1.1513758e-20
3.3253435e-21
9.4872231e-22
2.6742176e-22
7.4486839e-23
2.0504816e-23
5.5794643e-24
1.5009098e-24
3.9921396e-25
1.0500453e-25
2.7316319e-26
7.0292251e-27
1.789459e-27
4.5073542e-28
1.1234729e-28
2.7713958e-29
6.7667868e-30
1.6355587e-30
3.9138133e-31
9.2732923e-32
2.1757857e-32
5.0558485e-33
1.1636282e-33
2.6529076e-34
5.9918683e-35
1.3408442e-35
2.973124e-36
6.5329341e-37
1.4226732e-37
3.0707461e-38
6.5699791e-39
1.3934908e-39
2.9302336e-40
6.1093584e-41
1.2630506e-41
2.5894857e-42
5.2651302e-43
1.0617984e-43
2.12396e-44
4.2145885e-45
8.2966227e-46
1.6203802e-46
3.1400281e-47
6.0378482e-48
1.1521085e-48
2.18171e-49
4.1003662e-50
7.6489036e-51
1.4162996e-51
2.6032658e-52
4.7502546e-53
8.6055246e-54
1.547842e-54
2.7643365e-55
4.902257e-56
8.6331161e-57
1.5098383e-57
2.6224627e-58
4.5240618e-59
7.7519676e-60
1.3194203e-60
2.2308243e-61
3.7469806e-62
6.252503e-63
1.0365852e-63
1.7074838e-64
2.7946682e-65
4.5451402e-66
7.345623e-67
1.1797636e-67
1.8830713e-68
2.9871985e-69
4.7098463e-70
7.3809883e-71
1.1497551e-71
1.7803622e-72
2.7401153e-73
4.1970129e-74
6.3408375e-75
1.0080873e-75
1.0216477e-76
0.022963689
0
0.033169912
0
0.065401431
0
0.16835139
0.021255103
0.51005543
0.39353652
1.6771367
3.1796433
2.3204263
1.1980509
0.6572714
0.35075171
0.1701283
0.067955325
0.022882963
0.010200928
0.006031295
0.0033718303
0.0015400285
0.00065196863
0.0003512248
0.00035441435
0.0006574447
0.0015497791
0.003626112
0.0077606995
0.014993417
0.026335548
0.04252821
0.063773819
0.089505414
0.11836692
0.14847394
0.17785425
0.20494131
0.22888407
0.24956671
0.26738272
0.28285268
0.29624817
0.30741672
0.31586572
0.32099469
0.32232823
0.31966404
0.31311257
0.30305398
0.29005471
0.27477626
0.25789665
0.24005401
0.22181211
0.20364384
0.18592783
0.16895396
0.15293352
0.13801143
0.12427867
0.11178376
0.10054277
0.090547681
0.081772984
0.074180813
0.067724677
0.062352095
0.058006342
0.054627514
0.052153083
0.050518102
0.049655175
0.049494314
0.04996274
0.050984705
0.052481386
0.05437087
0.056568282
0.058986051
0.061534356
0.064121744
0.066655949
0.069044928
0.071198122
0.073027965
0.07445164
0.07539306
0.075785054
0.075571703
0.074710781
0.073176236
0.070960639
0.068077458
0.064562923
0.060477152
0.055904076
0.050949714
0.045738438
0.040407127
0.035097466
0.029947079
0.025080487
0.020601043
0.016584943
0.013078051
0.01009585
0.0076262998
0.0056349356
0.004071291
0.0028756535
0.0019852819
0.0013394721
0.00088315741
0.00056901412
0.00035825673
0.00022043201
0.00013255667
7.7915964e-05
4.4772645e-05
2.5155629e-05
1.3822237e-05
7.4290934e-06
3.9066921e-06
2.0105137e-06
1.0128477e-06
4.9962089e-07
2.4139091e-07
1.1426503e-07
5.3008929e-08
2.4108009e-08
1.0751898e-08
4.7038786e-09
2.0193439e-09
8.509096e-10
3.5205499e-10
1.4306235e-10
5.7116321e-11
2.241019e-11
8.6438952e-12
3.2785212e-12
1.2231349e-12
4.4897204e-13
1.6219245e-13
5.767976e-14
2.0198073e-14
6.9662554e-15
2.3670003e-15
7.9252015e-16
2.6153886e-16
8.5089158e-17
2.7297303e-17
8.6370544e-18
2.6958912e-18
8.30267e-19
2.5234661e-19
7.570504e-20
2.2422333e-20
6.5575935e-21
1.894056e-21
5.4038181e-22
1.523145e-22
4.2421464e-23
1.1676249e-23
3.1765964e-24
8.5433431e-25
2.2717745e-25
5.9736132e-26
1.5534773e-26
3.9960295e-27
1.0168736e-27
2.5602187e-28
6.378446e-29
1.5726609e-29
3.8378781e-30
9.2711877e-31
2.2172711e-31
5.2503888e-32
1.2311254e-32
2.8589009e-33
6.5755006e-34
1.4980878e-34
3.3811886e-35
7.5608247e-36
1.6752502e-36
3.678266e-37
8.0038865e-38
1.7262098e-38
3.6902928e-39
7.8206287e-40
1.643139e-40
3.4229157e-41
7.0704029e-42
1.4482857e-42
2.9421299e-43
5.9279119e-44
1.184699e-44
2.3486279e-45
4.6190556e-46
9.0127488e-47
1.7448503e-47
3.3518695e-48
6.3896151e-49
1.2087906e-49
2.2695818e-50
4.2294909e-51
7.8235969e-52
1.4365777e-52
2.6186876e-53
4.7391171e-54
8.5152455e-55
1.5191801e-55
2.6912844e-56
4.7344965e-57
8.2713608e-58
1.4351386e-58
2.4731409e-59
4.2331726e-60
7.1972875e-61
1.2155723e-61
2.0395048e-62
3.3995645e-63
5.6298749e-64
9.2634567e-65
1.5144952e-65
2.4603937e-66
3.971954e-67
6.3721714e-68
1.0159558e-68
1.6098539e-69
2.5353753e-70
3.9688262e-71
6.1753827e-72
9.5516151e-73
1.4684075e-73
2.2465926e-74
3.3903734e-75
5.3835111e-76
5.4507453e-77
0.04765876
0
0.06549502
0
0.091321916
0
0.12538886
0
0.14403093
0.26735913
0.099098022
2.3070367
2.762799
2.3851762
1.5809019
0.95561741
0.52376837
0.25571956
0.12569483
0.071439166
0.044891301
0.026938451
0.014165759
0.0068274662
0.003392734
0.002054773
0.001748516
0.0021051568
0.0031906479
0.0053486526
0.0091312039
0.015255005
0.024537397
0.037785676
0.055617662
0.078270339
0.10551965
0.1367241
0.17093203
0.20697971
0.24353649
0.27910176
0.31201571
0.3405657
0.36318114
0.3786485
0.38628398
0.38601613
0.3783577
0.36428401
0.34506449
0.32208965
0.29672297
0.27019358
0.2435337
0.21755458
0.1928504
0.16981964
0.14869574
0.12958042
0.11247597
0.097313726
0.083977981
0.072325052
0.062197823
0.053436391
0.045885492
0.039399347
0.033844536
0.029101392
0.025064342
0.021641487
0.018753711
0.016333473
0.014323433
0.012675017
0.011346991
0.010304087
0.0095157267
0.0089548575
0.00859692
0.0084189495
0.0083988193
0.0085146264
0.0087442202
0.0090648756
0.0094531139
0.0098846739
0.010334633
0.01077767
0.011188467
0.011542212
0.011815218
0.011985655
0.012034401
0.01194606
0.011710116
0.011322139
0.010784901
0.010109125
0.0093136167
0.0084245515
0.0074738425
0.0064966933
0.0055286411
0.0046025223
0.0037458251
0.0029788165
0.0023136665
0.0017545943
0.0012988767
0.00093843574
0.00066167778
0.00045528127
0.000305712
0.00020034213
0.00012814555
8.0013829e-05
4.8778488e-05
2.9038619e-05
1.688497e-05
9.5918507e-06
5.3246505e-06
2.8892298e-06
1.5328413e-06
7.9535992e-07
4.0375091e-07
2.005777e-07
9.7546212e-08
4.6455681e-08
2.1672649e-08
9.9077573e-09
4.4399205e-09
1.9510033e-09
8.4094956e-10
3.5567746e-10
1.4765946e-10
6.0190377e-11
2.4098723e-11
9.4798216e-12
3.6650574e-12
1.3930556e-12
5.207062e-13
1.9146093e-13
6.927141e-14
2.4668031e-14
8.6484532e-15
2.9859298e-15
1.0154732e-15
3.4026126e-16
1.1236111e-16
3.657467e-17
1.1738271e-17
3.7152059e-18
1.1598708e-18
3.5725195e-19
1.0858397e-19
3.257379e-20
9.6464025e-21
2.8205755e-21
8.1444912e-22
2.3228469e-22
6.5445848e-23
1.8218856e-23
5.0119684e-24
1.3627389e-24
3.6626997e-25
9.7328455e-26
2.5573615e-26
6.6453921e-27
1.7079932e-27
4.3425833e-28
1.0923573e-28
2.7188955e-29
6.6971022e-30
1.6326839e-30
3.939952e-31
9.412503e-32
2.2263596e-32
5.214479e-33
1.2094846e-33
2.7785038e-34
6.322505e-35
1.4252146e-35
3.1829419e-36
7.0433293e-37
1.5444389e-37
3.3562065e-38
7.2285757e-39
1.5432028e-39
3.2658692e-40
6.8520201e-41
1.425346e-41
2.9399563e-42
6.0133534e-43
1.2197856e-43
2.4540096e-44
4.8969913e-45
9.693407e-46
1.9034907e-46
3.7083848e-47
7.168206e-48
1.3748624e-48
2.616748e-49
4.9425236e-50
9.2650897e-51
1.7238274e-51
3.1835377e-52
5.8361522e-53
1.0621148e-53
1.9189864e-54
3.4423491e-55
6.1312212e-56
1.0843618e-56
1.904418e-57
3.3215167e-58
5.7533604e-59
9.8978807e-60
1.691307e-60
2.8706882e-61
4.8401229e-62
8.1069327e-63
1.3489917e-63
2.2301645e-64
3.6632073e-65
5.978673e-66
9.6959032e-67
1.5625467e-67
2.502418e-68
3.9828079e-69
6.3000179e-70
9.9046028e-71
1.5477298e-71
2.4039977e-72
3.7117861e-73
5.69624e-74
8.6995599e-75
1.3105953e-75
2.0770997e-76
2.0999348e-77
0.018876569
0
0.019745667
0
0.0047593503
0.016328239
0
0.12833086
0
0.41327868
0
0.71042763
1.9907778
2.529124
2.4353607
1.9078486
1.2963027
0.79482744
0.47278629
0.29981487
0.20156023
0.13540374
0.086363334
0.052595665
0.032274118
0.021377424
0.016154162
0.014301373
0.01473415
0.017121794
0.021603208
0.028645228
0.038956226
0.053431395
0.073013797
0.098345846
0.1294944
0.16583427
0.20609015
0.24847569
0.29081457
0.33070909
0.36574817
0.39371204
0.41279972
0.42186944
0.42060795
0.40956028
0.39000442
0.36371794
0.33270977
0.29897385
0.26430127
0.23016657
0.19768318
0.16761203
0.14040363
0.11625613
0.0951765
0.077037188
0.06162404
0.048674375
0.037905469
0.029034664
0.02179266
0.015931502
0.011228685
0.0074885213
0.0045416819
0.0022436248
0.00047240098
0
0
0
0
0
0
0
0
0
0
0
0
0
0
0
0
0
0
0
0
0
0
1.6825747e-05
0.00031208226
0.00058007228
0.0008144773
0.0010095084
0.0011603058
0.0012634394
0.0013174493
0.0013233049
0.0012846441
0.0012076764
0.0011007085
0.00097334564
0.00083550866
0.00069644635
0.00056392083
0.00044368705
0.00033931232
0.00025230639
0.00018247793
0.00012841016
8.7953559e-05
5.8658886e-05
3.8106933e-05
2.4122841e-05
1.4885797e-05
8.9577634e-06
5.2586626e-06
3.0127501e-06
1.6851026e-06
9.2050908e-07
4.9128216e-07
2.5626995e-07
1.3070451e-07
6.5203663e-08
3.1827615e-08
1.5207181e-08
7.1148737e-09
3.26077e-09
1.4644254e-09
6.4471358e-10
2.7833996e-10
1.1788222e-10
4.8993409e-11
1.9989124e-11
8.008736e-12
3.1520473e-12
1.2190493e-12
4.6343364e-13
1.7323122e-13
6.368955e-14
2.3037805e-14
8.2010403e-15
2.8739033e-15
9.9167119e-16
3.3703042e-16
1.1284608e-16
3.723289e-17
1.2108589e-17
3.8822855e-18
1.2274565e-18
3.8277558e-19
1.177589e-19
3.5747359e-20
1.0709807e-20
3.1673139e-21
9.2481369e-22
2.6665565e-22
7.5937842e-23
2.1362498e-23
5.9375277e-24
1.630762e-24
4.4266634e-25
1.1877673e-25
3.1508036e-26
8.2643932e-27
2.1436964e-27
5.4997083e-28
1.3957258e-28
3.5043151e-29
8.705746e-30
2.1402497e-30
5.2075458e-31
1.2541956e-31
2.9902881e-32
7.0587436e-33
1.6499022e-33
3.8190394e-34
8.7551371e-35
1.9880682e-35
4.472031e-36
9.9661692e-37
2.2006218e-37
4.8150318e-38
1.0440746e-38
2.2437975e-39
4.7796476e-40
1.0092709e-40
2.1127984e-41
4.3851531e-42
9.0245421e-43
1.8416871e-43
3.7272854e-44
7.4815365e-45
1.4895149e-45
2.9416343e-46
5.7630932e-47
1.1201558e-47
2.1601758e-48
4.1335127e-49
7.8487396e-50
1.4789772e-50
2.7658837e-51
5.1338907e-52
9.4586365e-53
1.7298487e-53
3.140605e-54
5.6607196e-55
1.0130017e-55
1.7999297e-56
3.1756595e-57
5.5637953e-58
9.6803829e-59
1.6727194e-59
2.8706976e-60
4.8933896e-61
8.2854094e-62
1.3935531e-62
2.3284212e-63
3.8650122e-64
6.374028e-65
1.0444147e-65
1.7003944e-66
2.7508419e-67
4.4222372e-68
7.0647985e-69
1.1216555e-69
1.7698707e-70
2.7756575e-71
4.3266577e-72
6.7037786e-73
1.0325149e-73
1.5806289e-74
2.4080329e-75
3.6189426e-76
5.7202039e-77
5.7711716e-78
0
0.053340902
0
0.08374933
0
0.13854039
0
0.21281661
0
0.20357252
0
0
0.65325076
1.510273
2.0922851
2.3150564
2.1741444
1.6951139
1.2027201
0.87135112
0.64978732
0.48688255
0.36036334
0.26601796
0.20033378
0.15686481
0.12950954
0.11374598
0.10643547
0.10547772
0.10961284
0.11829979
0.13160787
0.1499955
0.17382656
0.20295275
0.23680987
0.27433493
0.31389523
0.35333623
0.39006764
0.42128545
0.44434323
0.45713911
0.45841932
0.44796918
0.42665402
0.39626803
0.35922264
0.31816464
0.27562348
0.23375861
0.19422759
0.15815859
0.12619532
0.098581856
0.075261168
0.055969745
0.040318646
0.027857405
0.018120856
0.010660925
0.0050662258
0.00097237564
0
0
0
0
0
0
0
0
0
0
0
0
0
0
0
0
0
0
0
0
0
0
0
0
0
0
0
0
0
0
0
0
0
0
0
0
0
0
0
0
0
0
0
2.816569e-05
4.3176251e-05
4.8170199e-05
4.6449511e-05
4.08477e-05
3.3554888e-05
2.6083327e-05
1.933791e-05
1.3745763e-05
9.4027973e-06
6.2070624e-06
3.9628239e-06
2.451221e-06
1.4711649e-06
8.5780829e-07
4.8646025e-07
2.6856928e-07
1.4447661e-07
7.5790806e-08
3.879987e-08
1.9396889e-08
9.475351e-09
4.5256019e-09
2.1145452e-09
9.6704402e-10
4.3309379e-10
1.9003428e-10
8.1732541e-11
3.4471615e-11
1.4263128e-11
5.7920233e-12
2.309284e-12
9.0431316e-13
3.4794587e-13
1.315852e-13
4.8927233e-14
1.7892992e-14
6.437828e-15
2.2795572e-15
7.9458845e-16
2.7273203e-16
9.2203926e-17
3.071109e-17
1.0080518e-17
3.2615038e-18
1.0404048e-18
3.2729163e-19
1.0155728e-19
3.1090176e-20
9.3920597e-21
2.8003405e-21
8.2424688e-22
2.3954214e-22
6.8748623e-23
1.9488597e-23
5.4576605e-24
1.5101313e-24
4.1292955e-25
1.1159874e-25
2.9814803e-26
7.875159e-27
2.0568627e-27
5.3129058e-28
1.357377e-28
3.4305963e-29
8.5782245e-30
2.122464e-30
5.1970097e-31
1.259479e-31
3.0213793e-32
7.1754304e-33
1.6872112e-33
3.9284296e-34
9.058259e-35
2.0686829e-35
4.6796427e-36
1.0486879e-36
2.3282997e-37
5.1219332e-38
1.1165388e-38
2.4121275e-39
5.1648059e-40
1.0961627e-40
2.3062297e-41
4.8103319e-42
9.9478715e-43
2.0398816e-43
4.147971e-44
8.3648475e-45
1.6730422e-45
3.3190719e-46
6.5316211e-47
1.2751257e-47
2.4697059e-48
4.7460205e-49
9.0497697e-50
1.7123787e-50
3.2154872e-51
5.9925031e-52
1.1084434e-52
2.0351264e-53
3.7091142e-54
6.7108545e-55
1.2054291e-55
2.1497537e-56
3.8066724e-57
6.6932673e-58
1.1686715e-58
2.0264394e-59
3.4896881e-60
5.9686485e-61
1.013972e-61
1.7110403e-62
2.8681532e-63
4.7761217e-64
7.9013645e-65
1.2986884e-65
2.1208309e-66
3.4413367e-67
5.5486819e-68
8.890275e-69
1.4155466e-69
2.2399449e-70
3.522695e-71
5.5062673e-72
8.5546857e-73
1.3210934e-73
2.0280308e-74
3.0943955e-75
4.6986392e-76
7.0386572e-77
1.1086109e-77
1.1154298e-78
0
0.07477297
0
0.096807422
0
0.11462275
0
0.097694499
0
0
0.075987373
0
0.029458222
0.43169416
0.96665524
1.4416381
1.7885892
1.9484035
1.9168974
1.7240671
1.4446465
1.1781783
0.9674677
0.81314076
0.69985212
0.61425839
0.54977637
0.50287569
0.47040368
0.44925706
0.43676168
0.43097538
0.43087982
0.43615793
0.44628532
0.4600388
0.4759244
0.4922013
0.50689808
0.51787529
0.52291445
0.51995316
0.50745161
0.48475175
0.4522963
0.41160789
0.36502668
0.31530233
0.26517115
0.217016
0.17265935
0.13329348
0.099517068
0.071435432
0.048786693
0.031066951
0.017638924
0.0078173343
0.00093020074
0
0
0
0
0
0
0
0
0
0
0
0
0
0
0
0
0
0.00010304885
0.00036291983
0.00057252323
0.00073686707
0.00086024745
0.00094630641
0.0009981402
0.0010184397
0.001009649
0.00097413213
0.00091434043
0.00083297772
0.00073315611
0.000618524
0.0004933315
0.00036238954
0.00023089149
0.00010410374
0
0
0
0
0
0
0
0
0
0
0
0
0
0
0
0
0
0
0
0
0
0
1.1110275e-08
3.0943406e-07
3.5844995e-07
3.0523006e-07
2.2537357e-07
1.5212373e-07
9.6146631e-08
5.7652201e-08
3.3063969e-08
1.8235028e-08
9.70853e-09
5.0045037e-09
2.5033328e-09
1.2173802e-09
5.7643244e-10
2.6610291e-10
1.1989976e-10
5.2781763e-11
2.2721063e-11
9.5718694e-12
3.9491249e-12
1.5967141e-12
6.3305179e-13
2.4625291e-13
9.4033096e-14
3.5265464e-14
1.2995319e-14
4.7073843e-15
1.6768876e-15
5.8766003e-16
2.026766e-16
6.8815371e-17
2.3009821e-17
7.5791667e-18
2.4600175e-18
7.8701947e-19
2.4824457e-19
7.7220444e-20
2.3694607e-20
7.1735364e-21
2.1432921e-21
6.321024e-22
1.8405246e-22
5.2921305e-23
1.5029261e-23
4.2164139e-24
1.1687589e-24
3.2015306e-25
8.667897e-26
2.3198678e-26
6.1386653e-27
1.6062443e-27
4.1566163e-28
1.063949e-28
2.6941039e-29
6.7496133e-30
1.6732905e-30
4.1053196e-31
9.9691847e-32
2.3964142e-32
5.7030194e-33
1.3438119e-33
3.1355344e-34
7.2455554e-35
1.6583085e-35
3.7595686e-36
8.4437266e-37
1.8788724e-37
4.142571e-38
9.0509436e-39
1.9597911e-39
4.2058886e-40
8.9469904e-41
1.8867129e-41
3.9444094e-42
8.1760293e-43
1.6804416e-43
3.4249998e-44
6.9229108e-45
1.3878492e-45
2.7596556e-46
5.4432669e-47
1.0650967e-47
2.0676406e-48
3.9824385e-49
7.6110049e-50
1.4433917e-50
2.7164737e-51
5.0738227e-52
9.4059457e-53
1.7307544e-53
3.1612746e-54
5.7320547e-55
1.0318269e-55
1.8440747e-56
3.2722884e-57
5.7656984e-58
1.0087999e-58
1.7528146e-59
3.0246114e-60
5.1835839e-61
8.8235164e-62
1.4918595e-62
2.5056021e-63
4.1803947e-64
6.9289292e-65
1.1409876e-65
1.8667399e-66
3.0345651e-67
4.9016273e-68
7.8674952e-69
1.2548907e-69
1.9891571e-70
3.1336203e-71
4.9063418e-72
7.6352472e-73
1.1810329e-73
1.8159024e-74
2.7755111e-75
4.2166099e-76
6.3749869e-77
9.5096895e-78
1.4909078e-78
1.4947478e-79
0
0.043662972
0
0.047262146
0
0.03806797
0
0.0071304659
0.014053
0
0.019277392
0.01573943
0
0.036291414
0.23578387
0.51850645
0.82546289
1.0994421
1.3097587
1.4438586
1.5005675
1.4940414
1.4405712
1.3605226
1.2720289
1.1847353
1.1034686
1.0306217
0.96693919
0.91190569
0.86431892
0.82278286
0.78601655
0.75298685
0.72268877
0.69393677
0.66544031
0.63583058
0.60374859
0.56798711
0.52766865
0.48244828
0.43267562
0.37944107
0.3244577
0.26979416
0.21754108
0.16951079
0.1270367
0.090889529
0.061295765
0.038026
0.020517684
0.0080028694
0
0
0
0
0
0
0
0
0
0
0
0.00059143674
0.0013798272
0.0019714156
0.0023899603
0.0026625476
0.0028165327
0.0028776243
0.0028688033
0.0028098282
0.0027171324
0.0026039701
0.0024807048
0.0023551648
0.0022330147
0.0021181096
0.0020128128
0.0019182678
0.0018346188
0.0017611814
0.0016965668
0.001638773
0.0015852636
0.0015330694
0.001478947
0.001419626
0.001352148
0.0012742623
0.0011847968
0.0010839041
0.00097309875
0.00085506572
0.00073329772
0.00061167255
0.00049407464
0.00038410939
0.00028489327
0.00019887204
0.00012764104
7.179179e-05
3.0846409e-05
3.3373509e-06
0
0
0
0
0
0
0
0
0
0
0
0
0
0
0
0
0
0
3.151168e-10
9.73027e-10
8.5875183e-10
5.8535132e-10
3.5136943e-10
1.943899e-10
1.0126823e-10
5.0278005e-11
2.39688e-11
1.1027609e-11
4.9143445e-12
2.1271122e-12
8.96164e-13
3.6813626e-13
1.4766444e-13
5.790496e-14
2.2221904e-14
8.3535011e-15
3.0784236e-15
1.1129477e-15
3.949948e-16
1.3770082e-16
4.7178814e-17
1.5894295e-17
5.2677082e-18
1.7182121e-18
5.5180112e-19
1.7454373e-19
5.4399772e-20
1.6711194e-20
5.061437e-21
1.5119144e-21
4.4554535e-22
1.2956454e-22
3.7189674e-23
1.0539203e-23
2.9494743e-24
8.1532482e-25
2.2266879e-25
6.0092483e-26
1.6028717e-26
4.2264663e-27
1.1018817e-27
2.8408431e-28
7.2441432e-29
1.8273612e-29
4.5606506e-30
1.1263132e-30
2.75286e-31
6.6598134e-32
1.5949654e-32
3.7818828e-33
8.879466e-34
2.0646206e-34
4.7546577e-35
1.0846089e-35
2.4510367e-36
5.4877662e-37
1.2174623e-37
2.6765376e-38
5.8316516e-39
1.2593647e-39
2.6958359e-40
5.7207975e-41
1.2035914e-41
2.5107198e-42
5.1933842e-43
1.0652982e-43
2.1671812e-44
4.3727684e-45
8.7516141e-46
1.7374919e-46
3.4220964e-47
6.6869444e-48
1.2964621e-48
2.4941272e-49
4.7613877e-50
9.0205617e-51
1.6960833e-51
3.1652079e-52
5.863086e-53
1.0780683e-53
1.967836e-54
3.5659909e-55
6.4157301e-56
1.1460718e-56
2.0328362e-57
3.58049e-58
6.2626233e-59
1.0878468e-59
1.8767243e-60
3.215716e-61
5.4729605e-62
9.2524556e-63
1.553832e-63
2.5923015e-64
4.2965819e-65
7.0751926e-66
1.1575831e-66
1.8818535e-67
3.0399033e-68
4.8797146e-69
7.7841276e-70
1.2340314e-70
1.9442983e-71
3.0446641e-72
4.7388709e-73
7.3314233e-74
1.1274533e-74
1.7235464e-75
2.6193219e-76
3.9568316e-77
5.948565e-78
8.8251257e-79
1.3753525e-79
1.372571e-80
0
0.013347023
0
0.010648686
0
0.0025555161
0.0024898454
0
0.0079561599
0
0
0.0071496315
0.0045658962
0
0.024443681
0.10727487
0.23703412
0.39202684
0.54928848
0.69116547
0.80529124
0.88762544
0.93816229
0.96054861
0.96092033
0.9451703
0.91826151
0.88403873
0.84532145
0.80404175
0.76142589
0.71818556
0.6746742
0.63097672
0.58697191
0.54244011
0.49713796
0.45087897
0.4036245
0.35556275
0.30716637
0.25921102
0.2127316
0.16891081
0.12891677
0.093730585
0.064010896
0.040025676
0.021655209
0.0084512687
0
0
0
0
0
0
0
0
0.0010947033
0.0025999134
0.0037339335
0.004504817
0.0049495213
0.0051199506
0.0050728886
0.0048633367
0.0045405892
0.0041463487
0.0037142449
0.0032702345
0.0028334817
0.002417438
0.0020309405
0.0016792251
0.0013648053
0.0010882047
0.00084854919
0.00064403762
0.00047231051
0.00033073789
0.00021664358
0.00012747734
6.0938282e-05
1.5043722e-05
0
0
0
7.2598574e-06
4.1728295e-05
8.6561449e-05
0.00013854378
0.00019379889
0.0002480424
0.00029699154
0.00033683889
0.00036467121
0.00037873765
0.00037853437
0.00036473729
0.00033904321
0.00030396301
0.00026257326
0.00021821376
0.00017413491
0.00013313858
9.728571e-05
6.7740577e-05
4.4783179e-05
2.7969809e-05
1.6381611e-05
8.8882042e-06
4.3669628e-06
1.8467501e-06
5.7351597e-07
1.4591998e-08
0
0
0
0
0
0
0
0
0
0
0
0
0
0
0
1.8362468e-12
2.6246994e-12
1.8762041e-12
1.0893213e-12
5.6620602e-13
2.7345782e-13
1.2500024e-13
5.4657539e-14
2.3016993e-14
9.378261e-15
3.7096455e-15
1.4281883e-15
5.362284e-16
1.9666499e-16
7.0550151e-17
2.4782963e-17
8.5332546e-18
2.8823743e-18
9.5584048e-19
3.1139399e-19
9.9721004e-20
3.1408901e-20
9.7347868e-21
2.9703565e-21
8.9265817e-22
2.6431966e-22
7.7144209e-23
2.2200297e-23
6.3014269e-24
1.7647324e-24
4.8776054e-25
1.330895e-25
3.5859634e-26
9.5433962e-27
2.5092287e-27
6.5195586e-28
1.6742991e-28
4.2508612e-29
1.0671814e-29
2.6497321e-30
6.50803e-31
1.5814644e-31
3.8028308e-32
9.0503399e-33
2.1320773e-33
4.9726572e-34
1.1483822e-34
2.6263903e-35
5.949319e-36
1.3349609e-36
2.9676944e-37
6.536922e-38
1.4268657e-38
3.0867322e-39
6.6186525e-40
1.406831e-40
2.9645681e-41
6.1940109e-42
1.2832638e-42
2.6365404e-43
5.3723846e-44
1.0858063e-44
2.1768448e-45
4.3294075e-46
8.5426044e-47
1.6724259e-47
3.2488611e-48
6.2628938e-49
1.1981458e-49
2.2749153e-50
4.2871746e-51
8.0196629e-52
1.4891828e-52
2.7452008e-53
5.0241313e-54
9.1292407e-55
1.6471021e-55
2.9508247e-56
5.2496182e-57
9.2746444e-58
1.6273293e-58
2.8358628e-59
4.9085036e-60
8.4389663e-61
1.4412106e-61
2.4450349e-62
4.1208157e-63
6.8998969e-64
1.1478463e-64
1.8972593e-65
3.1159568e-66
5.0850767e-67
8.2463976e-68
1.3289568e-68
2.128414e-69
3.3878071e-70
5.35941e-71
8.4269271e-72
1.3170232e-72
2.0460084e-73
3.1595756e-74
4.8503701e-75
7.402241e-76
1.1230774e-76
1.694103e-77
2.5404231e-78
3.7914531e-79
5.585405e-80
8.6383908e-81
8.5704322e-82
0
0.002079885
0
0.00039371883
0.00037960639
0
0.0020961509
0
0.00070695748
0.00044824361
0
0
0.0030914601
0.00074664816
9.7462159e-05
0.01155335
0.042262322
0.092455757
0.15613307
0.22581051
0.29325779
0.35262464
0.39987785
0.43335635
0.45309618
0.46067735
0.45802163
0.44710531
0.42979687
0.40776376
0.38241024
0.3548463
0.32590184
0.29616869
0.26606595
0.2359218
0.20603254
0.1767107
0.1483206
0.12129227
0.096111237
0.073283247
0.053277112
0.036456613
0.023018076
0.012951356
0.0060355199
0.00186951
0
0
0.00040940005
0.0017547483
0.0032601704
0.0046316886
0.0056868778
0.0063402404
0.0065816322
0.0064526944
0.0060249913
0.0053820768
0.0046063799
0.0037708083
0.0029343674
0.0021408319
0.0014194857
0.00078707471
0.00025030538
0
0
0
0
0
0
0
0
0
0
0
0
0
0
0
0
0
0
0
0
0
0
0
0
0
0
0
0
0
0
0
0
0
0
2.009863e-06
2.0709873e-05
3.047859e-05
3.3365688e-05
3.1548048e-05
2.7034598e-05
2.1451368e-05
1.5939907e-05
1.1165382e-05
7.4025448e-06
4.6569157e-06
2.783819e-06
1.5820761e-06
8.5443282e-07
4.3786396e-07
2.1227824e-07
9.6840351e-08
4.1181111e-08
1.6039735e-08
5.513836e-09
1.5136988e-09
1.9689529e-10
0
0
0
0
0
0
0
0
0
0
9.7828979e-15
2.251704e-14
1.6512296e-14
9.412109e-15
4.7340566e-15
2.197364e-15
9.6158006e-16
4.0153823e-16
1.6122146e-16
6.2562113e-17
2.3550609e-17
8.6239419e-18
3.0786939e-18
1.073352e-18
3.6597923e-19
1.2218923e-19
3.9987023e-20
1.283816e-20
4.0469228e-21
1.2533954e-21
3.8164871e-22
1.1431352e-22
3.3698709e-23
9.7817396e-24
2.7970204e-24
7.8818405e-25
2.1896567e-25
5.9992124e-26
1.6215354e-26
4.3252233e-27
1.138857e-27
2.9609448e-28
7.6034011e-29
1.9289123e-29
4.8355914e-30
1.1981748e-30
2.9350875e-31
7.1095978e-32
1.7032615e-32
4.0366012e-33
9.4652307e-34
2.1963781e-34
5.0445267e-35
1.1469523e-35
2.5819844e-36
5.7559163e-37
1.2708517e-37
2.7794546e-38
6.0224236e-39
1.2929765e-39
2.7509089e-40
5.8007595e-41
1.2124714e-41
2.5124033e-42
5.1616655e-43
1.0515328e-43
2.1244008e-44
4.2567428e-45
8.4603979e-46
1.6680929e-46
3.2629316e-47
6.3327863e-48
1.2196081e-48
2.3308944e-49
4.4211843e-50
8.3234635e-51
1.555441e-51
2.8854953e-52
5.3141878e-53
9.7170491e-54
1.7641808e-54
3.1804769e-55
5.6939053e-56
1.0123356e-56
1.7875644e-57
3.1350726e-58
5.461441e-59
9.4507204e-60
1.6245918e-60
2.7743943e-61
4.7071608e-62
7.9348472e-63
1.3290091e-63
2.2118099e-64
3.6577863e-65
6.0111729e-66
9.817247e-67
1.5934142e-67
2.5703638e-68
4.1210277e-69
6.5671853e-70
1.0402393e-70
1.6378896e-71
2.5635999e-72
3.9888413e-73
6.1700754e-74
9.4885003e-75
1.4507212e-75
2.205288e-76
3.3331691e-77
5.0092685e-78
7.4858226e-79
1.1122611e-79
1.6449544e-80
2.4021033e-81
3.6800835e-82
3.6247072e-83
0
0.00012958115
0
0
0.00044766518
0
0.00051441315
0
8.8709771e-05
0
0.00038323504
0
6.4132519e-05
0.00067290926
0.00026812964
0.0006196642
0.0044448827
0.014413805
0.030763473
0.052452361
0.076980191
0.10173362
0.12426903
0.142829
0.15638991
0.16469537
0.16802889
0.16694441
0.16217418
0.15449677
0.14466426
0.13334826
0.12111537
0.10842662
0.095653964
0.083104292
0.07103942
0.059690221
0.04926326
0.039938412
0.031858329
0.025112651
0.019721784
0.015626244
0.012686903
0.010698666
0.0094159187
0.0085843706
0.0079722749
0.0073947915
0.0067276555
0.0059093005
0.0049332006
0.0038338355
0.0026701442
0.0015098257
0.00041676543
0
0
0
0
0
0
0
0
0
0
0
0
0
0
0
0
0
0
0
0
0
0
0
0
0
0
0
0
0
0
0
0
0
0
0
0
0
0
0
0
0
0
0
0
0
0
0
0
0
0
0
0
0
1.2198326e-07
3.1044774e-07
3.0681944e-07
2.3677124e-07
1.5993722e-07
9.8531668e-08
5.644825e-08
3.0393885e-08
1.5477337e-08
7.4816955e-09
3.4402824e-09
1.5059915e-09
6.2738882e-10
2.4835796e-10
9.3150793e-11
3.294749e-11
1.091106e-11
3.3471428e-12
9.3663619e-13
2.3461439e-13
5.2446807e-14
1.1912693e-14
4.3750583e-15
2.8147972e-15
1.9526209e-15
1.220776e-15
6.8420468e-16
3.5070927e-16
1.6733388e-16
7.5286357e-17
3.2239608e-17
1.3230124e-17
5.229469e-18
1.9988315e-18
7.4107386e-19
2.6717254e-19
9.3853411e-20
3.2178922e-20
1.0783944e-20
3.5367214e-21
1.1363253e-21
3.5800369e-22
1.1069118e-22
3.3612315e-23
1.0030689e-23
2.9435402e-24
8.4987091e-25
2.415444e-25
6.7608638e-26
1.864464e-26
5.0678633e-27
1.3582382e-27
3.590527e-28
9.3651279e-29
2.4108854e-29
6.1273631e-30
1.5378901e-30
3.8128181e-31
9.3399638e-32
2.2611373e-32
5.4111694e-33
1.2803641e-33
2.9960289e-34
6.9345301e-35
1.5879315e-35
3.5980924e-36
8.0689669e-37
1.7912048e-37
3.9366638e-38
8.5672005e-39
1.8464881e-39
3.9420167e-40
8.3371978e-41
1.7470882e-41
3.6279744e-42
7.4666883e-43
1.5232259e-43
3.0805591e-44
6.1770133e-45
1.2281872e-45
2.4218063e-46
4.736455e-47
9.1887297e-48
1.7684514e-48
3.3768559e-49
6.3982099e-50
1.2030248e-50
2.244931e-51
4.158003e-52
7.6446878e-53
1.3952963e-53
2.5283793e-54
4.5490781e-55
8.1272762e-56
1.4419198e-56
2.5406485e-57
4.4461825e-58
7.7285856e-59
1.3344817e-59
2.2890428e-60
3.9007825e-61
6.6043956e-62
1.1110254e-62
1.8571612e-63
3.0848521e-64
5.0921565e-65
8.353617e-66
1.361993e-66
2.20711e-67
3.555024e-68
5.6918126e-69
9.0587344e-70
1.4332177e-70
2.2542537e-71
3.524984e-72
5.4801508e-73
8.4708248e-74
1.3018863e-74
1.9895304e-75
3.0232487e-76
4.5683372e-77
6.8646488e-78
1.0258153e-78
1.5244879e-79
2.2532243e-80
3.3118184e-81
4.8458107e-82
7.0036745e-83
1.0611186e-83
1.0363433e-84
0
0
3.5966065e-05
0
0.00018296816
0
0.00018566191
0
0.00011850499
0
7.979676e-05
0
0
1.1207667e-05
8.4250498e-05
0.00010050928
0.00025947359
0.0014363242
0.0041637106
0.0087100402
0.014791685
0.021804461
0.028983979
0.035587974
0.041046746
0.044998308
0.047326854
0.0480622
0.047371198
0.045487498
0.042674983
0.039195531
0.035288492
0.031160798
0.026984926
0.022901231
0.019021306
0.015430857
0.012191331
0.009340198
0.0068905207
0.004831079
0.0031284119
0.0017317456
0.00058081188
0
0
0
0
0
0
0
0
0
0
0
0
0
0
0
0
0
0
0
0
0.00020841875
0.00043574705
0.00061137826
0.00074084912
0.00083048501
0.00088680049
0.00091606205
0.0009239962
0.00091561795
0.00089515486
0.00086604614
0.0008310028
0.00079211642
0.00075099834
0.00070892073
0.00066692284
0.00062585073
0.00058631829
0.00054860966
0.00051257516
0.00047758824
0.00044262062
0.000406453
0.00036798551
0.00032656562
0.0002822342
0.00023581246
0.00018880412
0.00014314554
0.00010087589
6.380776e-05
3.3261909e-05
9.9036027e-06
0
0
0
0
0
0
0
0
0
0
0
0
0
0
0
0
0
0
0
0
1.2449726e-11
1.8505213e-10
1.5407969e-10
9.3906776e-11
4.9283023e-11
2.3448824e-11
1.0349157e-11
4.2883571e-12
1.6803757e-12
6.2578727e-13
2.2250115e-13
7.5977254e-14
2.5158576e-14
8.2155893e-15
2.7175811e-15
9.4235588e-16
3.5228716e-16
1.4245914e-16
6.0889318e-17
2.6627188e-17
1.160465e-17
4.960884e-18
2.063974e-18
8.332231e-19
3.2623062e-19
1.2396955e-19
4.5780021e-20
1.6452158e-20
5.7619539e-21
1.9692341e-21
6.575678e-22
2.1477616e-22
6.8686997e-23
2.1528025e-23
6.6181324e-24
1.9970792e-24
5.9194482e-25
1.7245073e-25
4.9407832e-26
1.3928451e-26
3.8654303e-27
1.0565187e-27
2.8452704e-28
7.5527897e-29
1.9769169e-29
5.1040702e-30
1.3002693e-30
3.2694291e-31
8.1163137e-32
1.9898208e-32
4.8189393e-33
1.1531348e-33
2.7271166e-34
6.3756105e-35
1.4737696e-35
3.3691367e-36
7.6186297e-37
1.7044687e-37
3.7734344e-38
8.2679722e-39
1.7932956e-39
3.8509612e-40
8.1888362e-41
1.7245677e-41
3.5975803e-42
7.434951e-43
1.5224621e-43
3.0894216e-44
6.2134121e-45
1.2386932e-45
2.4481317e-46
4.7973182e-47
9.3219976e-48
1.7964647e-48
3.4338309e-49
6.5108788e-50
1.2247559e-50
2.2858946e-51
4.2335625e-52
7.7811547e-53
1.4194316e-53
2.5701605e-54
4.6198002e-55
8.2441161e-56
1.4607057e-56
2.5699087e-57
4.4900035e-58
7.7908761e-59
1.3426788e-59
2.2984696e-60
3.9085873e-61
6.6031006e-62
1.1082932e-62
1.8482931e-63
3.0628527e-64
5.0437008e-65
8.2540743e-66
1.3424875e-66
2.1702065e-67
3.4871135e-68
5.5696728e-69
8.843322e-70
1.3958738e-70
2.1905026e-71
3.4176653e-72
5.3018076e-73
8.177995e-74
1.2543457e-74
1.9131707e-75
2.9018437e-76
4.3771899e-77
6.566509e-78
9.7973265e-79
1.4538852e-79
2.1459391e-80
3.150527e-81
4.6009638e-82
6.6830374e-83
9.6647895e-84
1.3811762e-84
2.0672167e-85
2.0005629e-86
0
0
3.8776691e-05
0
7.0547691e-05
0
5.4145725e-05
0
1.6882925e-05
0
0
7.422712e-06
0
0
0
2.3708394e-05
1.8643536e-05
9.2684444e-05
0.00038077832
0.0010249687
0.0020770635
0.0034812547
0.0051018132
0.0067544792
0.0082622516
0.0094798422
0.010320543
0.010748398
0.010775152
0.010446316
0.0098276046
0.0089932207
0.0080168193
0.0069656944
0.0058977361
0.0048603291
0.0038903447
0.0030146669
0.002250944
0.0016084627
0.0010892089
0.00068923973
0.00040041552
0.0002123546
0.00011428137
9.6345504e-05
0.00015008476
0.00026796361
0.00044223607
0.00066361196
0.00092026013
0.0011975476
0.0014786554
0.0017459341
0.0019826549
0.002174735
0.0023120699
0.0023892492
0.0024056056
0.0023646951
0.0022733892
0.0021407848
0.0019771071
0.0017927342
0.001597419
0.0013997381
0.0012067647
0.0010239424
0.00085512176
0.00070271656
0.00056793256
0.00045102549
0.00035155283
0.00026859073
0.00020089776
0.00014702227
0.00010536959
7.4260318e-05
5.2010099e-05
3.7042722e-05
2.8017484e-05
2.3926435e-05
2.4111385e-05
2.8171862e-05
3.5776892e-05
4.6437714e-05
5.9324049e-05
7.3198908e-05
8.6507122e-05
9.7597481e-05
0.00010501149
0.00010775236
0.0001054604
9.8455226e-05
8.7645004e-05
7.4333917e-05
5.9977295e-05
4.5938584e-05
3.3296395e-05
2.2734324e-05
1.4523797e-05
8.5865116e-06
4.6056554e-06
2.1492001e-06
7.7480348e-07
9.9427482e-08
0
0
0
0
0
0
0
0
0
0
0
0
0
0
0
0
0
0
0
0
0
0
0
3.6641261e-16
2.2062002e-16
1.0090452e-16
4.3509829e-17
1.9294497e-17
9.0175545e-18
4.3588125e-18
2.1111822e-18
1.0004761e-18
4.5814051e-19
2.0179269e-19
8.5456776e-20
3.4846869e-20
1.371216e-20
5.2189694e-21
1.9256152e-21
6.9015474e-22
2.407184e-22
8.1839379e-23
2.7159963e-23
8.8097235e-24
2.7960991e-24
8.6923639e-25
2.6491748e-25
7.9217998e-26
2.3259322e-26
6.709967e-27
1.9030875e-27
5.3095167e-28
1.4579165e-28
3.9418337e-29
1.0498895e-29
2.7557951e-30
7.1314015e-31
1.8200514e-31
4.5826836e-32
1.1387327e-32
2.7933158e-33
6.7660977e-34
1.6188025e-34
3.8264723e-35
8.9383798e-36
2.063841e-36
4.7113802e-37
1.0635741e-37
2.3747863e-38
5.2457129e-39
1.1465434e-39
2.4800605e-40
5.3100296e-41
1.1255607e-41
2.3623824e-42
4.910329e-43
1.010922e-43
2.0617548e-44
4.1661261e-45
8.3419145e-46
1.6553782e-46
3.2560087e-47
6.3487442e-48
1.2273253e-48
2.3526401e-49
4.4722715e-50
8.4319773e-51
1.5769205e-51
2.9256248e-52
5.3852279e-53
9.8358825e-54
1.7827581e-54
3.206907e-55
5.7258408e-56
1.014832e-56
1.7856368e-57
3.1194453e-58
5.4111196e-59
9.3209832e-60
1.5945554e-60
2.7093075e-61
4.5725075e-62
7.6659118e-63
1.2767955e-63
2.1128127e-64
3.4738895e-65
5.6756894e-66
9.2151051e-67
1.4869338e-67
2.3846373e-68
3.8012051e-69
6.0230515e-70
9.4871408e-71
1.4856071e-71
2.3128529e-72
3.5800756e-73
5.5101119e-74
8.4328785e-75
1.2833963e-75
1.9423919e-76
2.9236465e-77
4.3766809e-78
6.5165286e-79
9.6506781e-80
1.4216328e-80
2.0831592e-81
3.0365452e-82
4.4032627e-83
6.3522698e-84
9.1160621e-85
1.3026321e-85
1.8401235e-86
2.7196317e-87
2.6078694e-88
5.6035263e-06
0
1.7068166e-05
0
1.4617639e-05
0
1.2189569e-06
0
0
0
0
1.4100678e-06
0
1.9549518e-06
2.3981763e-06
1.3798418e-05
1.9221564e-05
2.4377207e-05
4.4897055e-05
0.00010720007
0.00023539074
0.00043659449
0.0007002282
0.00099858811
0.0012965679
0.0015592298
0.0017594466
0.0018808988
0.0019185182
0.0018771403
0.0017685641
0.0016085891
0.0014143565
0.0012023436
0.00098706521
0.00078037258
0.00059118502
0.00042550561
0.00028661424
0.00017537273
9.0607358e-05
2.9541973e-05
0
0
0
0
0
0
0
0
0
0
0
0
0
0
0
0
0
0
0
0
0
0
0
0
0
0
0
0
0
0
0
0
0
0
0
0
0
0
0
0
0
0
0
0
0
0
0
0
0
0
0
0
0
0
2.2802539e-06
4.0119126e-06
4.3412043e-06
3.8678439e-06
3.0512748e-06
2.1932731e-06
1.4558735e-06
8.9803275e-07
5.1569327e-07
2.7512574e-07
1.3542054e-07
6.0548112e-08
2.3742437e-08
7.4072133e-09
1.1043692e-09
0
0
0
0
0
0
0
0
0
0
0
0
0
0
0
0
0
0
0
0
0
0
0
0
0
0
0
1.0237851e-21
2.4466182e-21
1.5511658e-21
7.621276e-22
3.3159524e-22
1.3368519e-22
5.1000745e-23
1.8625452e-23
6.5579065e-24
2.236753e-24
7.4154217e-25
2.3956218e-25
7.5565001e-26
2.3309365e-26
7.0406765e-27
2.0847324e-27
6.0568704e-28
1.7280866e-28
4.8452608e-29
1.3359319e-29
3.6242654e-30
9.6795162e-31
2.5462148e-31
6.5998925e-32
1.6863869e-32
4.2493408e-33
1.0562922e-33
2.5911294e-34
6.2744023e-35
1.5002431e-35
3.5430535e-36
8.2667561e-37
1.9060865e-37
4.3441389e-38
9.7885247e-39
2.1811103e-39
4.8070133e-40
1.0480864e-40
2.261134e-41
4.8277316e-42
1.0202929e-42
2.1347456e-43
4.4226123e-44
9.0738757e-45
1.8439766e-45
3.7122052e-46
7.4043338e-47
1.4634538e-47
2.8666253e-48
5.5657023e-49
1.0712303e-49
2.0441593e-50
3.8678496e-51
7.2577144e-52
1.3506938e-52
2.4933936e-53
4.5661545e-54
8.2962928e-55
1.495678e-55
2.67583e-56
4.7510565e-57
8.3729224e-58
1.4647455e-58
2.5438273e-59
4.3862639e-60
7.5097251e-61
1.2767771e-61
2.1557917e-62
3.6152405e-63
6.0220387e-64
9.9646581e-65
1.6380588e-65
2.675345e-66
4.3415777e-67
7.0011006e-68
1.1219377e-68
1.7868448e-69
2.8284718e-70
4.4503508e-71
6.9605534e-72
1.0822545e-72
1.6729359e-73
2.5711119e-74
3.9289918e-75
5.9701556e-76
9.0211058e-77
1.3555885e-77
2.0258797e-78
3.0112029e-79
4.4517332e-80
6.5463978e-81
9.5759208e-82
1.3934248e-82
2.0171147e-83
2.9049617e-84
4.1622684e-85
5.9336603e-86
8.4156537e-87
1.1885476e-87
1.6600295e-88
2.4231068e-89
2.3034736e-90
3.5201268e-06
0
3.2440092e-06
0
3.001322e-07
0
0
0
0
0
0
0
0
1.8148295e-06
4.7233654e-06
9.3430561e-06
1.4312377e-05
1.8805601e-05
2.3531171e-05
3.0865623e-05
4.4704398e-05
6.7762975e-05
0.00010068542
0.00014117644
0.00018472401
0.00022576346
0.00025908073
0.00028085602
0.00028914656
0.00028395005
0.00026683809
0.00024042613
0.0002078157
0.00017211959
0.00013611985
0.00010206248
7.1567725e-05
4.5627167e-05
2.4660973e-05
8.6145311e-06
0
0
0
0
0
0
0
0
0
6.6663643e-06
1.9699265e-05
3.7349189e-05
6.0291974e-05
8.883666e-05
0.00012279728
0.00016144188
0.00020353368
0.00024745272
0.00029136443
0.0003333947
0.00037178042
0.00040498125
0.00043175556
0.00045121251
0.00046284828
0.00046656392
0.00046265738
0.00045178517
0.00043489244
0.00041311088
0.00038763315
0.00035959047
0.0003299721
0.00029961134
0.0002692261
0.00023946756
0.00021092663
0.00018408006
0.00015920468
0.00013631852
0.00011520074
9.5502938e-05
7.6916023e-05
5.93254e-05
4.2890057e-05
2.8013516e-05
1.5219555e-05
4.9815945e-06
0
0
0
0
0
0
0
0
0
0
0
0
1.1159954e-07
1.3780003e-07
1.1932155e-07
8.7341806e-08
5.7191377e-08
3.4330802e-08
1.9126062e-08
9.9509241e-09
4.8463044e-09
2.206989e-09
9.3488531e-10
3.63956e-10
1.2681676e-10
3.6988068e-11
6.9857624e-12
0
0
0
0
0
0
0
0
0
0
0
0
0
0
0
0
0
0
0
0
0
0
0
0
0
0
3.6989075e-24
3.5642244e-24
1.8600177e-24
8.0211547e-25
3.1280108e-25
1.142129e-25
3.972268e-26
1.3289144e-26
4.3029952e-27
1.3541684e-27
4.1543051e-28
1.2451367e-28
3.6524161e-29
1.05e-29
2.961677e-30
8.2042598e-31
2.2338207e-31
5.9823474e-32
1.5768117e-32
4.0927364e-33
1.0466226e-33
2.6381864e-34
6.5575204e-35
1.6078966e-35
3.8905772e-36
9.2928738e-37
2.1917922e-37
5.1060741e-38
1.1752523e-38
2.6732693e-39
6.0107333e-40
1.3362436e-40
2.9377364e-41
6.3885191e-42
1.3744693e-42
2.9261795e-43
6.1656414e-44
1.2860095e-44
2.6556633e-45
5.4304585e-46
1.0997751e-46
2.2061861e-47
4.3844591e-48
8.6335295e-49
1.6846904e-49
3.2581445e-50
6.2459229e-51
1.1870113e-51
2.2366573e-52
4.1791074e-53
7.7438834e-54
1.4232322e-54
2.5946795e-55
4.692787e-56
8.4210108e-57
1.499443e-57
2.6495563e-58
4.6466284e-59
8.0884931e-60
1.3976698e-60
2.3976753e-61
4.0838127e-62
6.9067043e-63
1.1599646e-63
1.9347551e-64
3.2051797e-65
5.2742531e-66
8.6216063e-67
1.4001344e-67
2.2591269e-68
3.6218902e-69
5.770154e-70
9.1354524e-71
1.4374597e-71
2.2481018e-72
3.494798e-73
5.4006302e-74
8.296842e-75
1.2672326e-75
1.9244359e-76
2.9059085e-77
4.3633379e-78
6.5153936e-79
9.6754917e-80
1.429029e-80
2.0992734e-81
3.0674714e-82
4.4586001e-83
6.4468157e-84
9.2734686e-85
1.3271199e-85
1.8895974e-86
2.6769379e-87
3.7734728e-88
5.2923997e-89
7.3916703e-90
1.0212953e-90
1.4729983e-91
1.3894343e-92
6.2764578e-07
0
1.3902661e-07
0
0
0
0
0
0
0
0
0
0
0
1.0193214e-06
2.816613e-06
5.1580368e-06
7.7842686e-06
1.0578642e-05
1.352083e-05
1.6856201e-05
2.0839192e-05
2.5619534e-05
3.1071976e-05
3.6775244e-05
4.2095126e-05
4.6347493e-05
4.8964254e-05
4.9608912e-05
4.8224144e-05
4.5007854e-05
4.0343506e-05
3.4712304e-05
2.8610638e-05
2.2486821e-05
1.6701914e-05
1.1513047e-05
7.0743592e-06
3.4499179e-06
6.333034e-07
0
0
0
0
0
0
0
0
0
0
0
0
0
0
0
0
0
0
0
0
0
0
0
0
0
0
0
0
0
0
0
0
0
0
0
0
0
0
0
0
0
0
3.1732649e-06
5.8896074e-06
7.1344261e-06
7.1016206e-06
6.1352453e-06
4.6498378e-06
3.0388227e-06
1.6021211e-06
5.1128463e-07
0
0
0
0
0
0
0
0
0
0
0
1.2592672e-09
2.7332402e-09
2.478219e-09
1.7577811e-09
1.0884442e-09
6.1251556e-10
3.1929938e-10
1.5577259e-10
7.151481e-11
3.0971557e-11
1.2649762e-11
4.856357e-12
1.7386017e-12
5.7084941e-13
1.6560627e-13
3.8210042e-14
3.8506694e-15
0
0
0
0
0
0
0
0
0
0
0
0
0
0
0
0
0
0
0
0
0
0
0
0
1.0218406e-26
7.0411414e-27
3.2468016e-27
1.2830229e-27
4.6466095e-28
1.586408e-28
5.1809954e-29
1.6325261e-29
4.9905611e-30
1.485666e-30
4.3187533e-31
1.2284286e-31
3.4244198e-32
9.3674857e-33
2.517167e-33
6.6501941e-34
1.7286796e-34
4.4241921e-35
1.115424e-35
2.7717394e-36
6.7915489e-37
1.641604e-37
3.915749e-38
9.2205922e-39
2.1440741e-39
4.9247885e-40
1.1176959e-40
2.5070442e-41
5.5591723e-42
1.2189047e-42
2.6432444e-43
5.6702809e-44
1.2035359e-44
2.5280426e-45
5.2560643e-46
1.0818443e-46
2.2048069e-47
4.4498885e-48
8.8954737e-49
1.7615566e-49
3.4561744e-50
6.719365e-51
1.2946558e-51
2.4724764e-52
4.6807804e-53
8.7855231e-54
1.6350599e-54
3.0176474e-55
5.5236076e-56
1.0028734e-56
1.8062869e-57
3.22769e-58
5.7227855e-59
1.0068826e-59
1.7581261e-60
3.0469426e-61
5.2416008e-62
8.9513911e-63
1.5176958e-63
2.5549743e-64
4.2710542e-65
7.0903696e-66
1.1690302e-66
1.9144443e-67
3.1142706e-68
5.0327164e-69
8.0800907e-70
1.2889388e-70
2.0430766e-71
3.2181531e-72
5.0376881e-73
7.8377363e-74
1.2120386e-74
1.8631157e-75
2.8470247e-76
4.3251448e-77
6.5327704e-78
9.8109317e-79
1.4651004e-79
2.1756866e-80
3.2130991e-81
4.7192944e-82
6.8941524e-83
1.0017531e-83
1.447908e-84
2.0818311e-85
2.9778132e-86
4.2375938e-87
5.9997467e-88
8.4519996e-89
1.1847284e-89
1.6524774e-90
2.2934463e-91
3.1697653e-92
4.3353693e-93
6.1817852e-94
5.7925304e-95
3.4131166e-08
5.2176226e-09
0
8.1066282e-09
0
0
0
0
0
0
0
0
0
0
0
3.4474879e-07
9.6087509e-07
1.7817632e-06
2.7761618e-06
3.8960497e-06
5.1037244e-06
6.3593175e-06
7.6211491e-06
8.8357339e-06
9.9345264e-06
1.0836519e-05
1.1461386e-05
1.1745235e-05
1.1654819e-05
1.1194548e-05
1.0404832e-05
9.3533745e-06
8.1230324e-06
6.7997544e-06
5.4630305e-06
4.1798504e-06
3.0020241e-06
1.9660473e-06
1.0945214e-06
3.9817734e-07
0
0
0
0
0
0
0
0
0
7.59709e-08
2.4727594e-07
4.5788525e-07
7.5595249e-07
1.1990992e-06
1.8434331e-06
2.7317256e-06
3.886064e-06
5.3063236e-06
6.9715277e-06
8.8393102e-06
1.0838151e-05
1.2854023e-05
1.4727666e-05
1.6279755e-05
1.7356041e-05
1.7860131e-05
1.7752976e-05
1.7034331e-05
1.5737069e-05
1.3941475e-05
1.1785017e-05
9.4423648e-06
7.0806772e-06
4.821742e-06
2.7383376e-06
8.8297214e-07
0
0
0
0
0
0
0
0
5.7376202e-08
4.2898383e-07
5.8882711e-07
5.8222983e-07
4.7493161e-07
3.2973061e-07
1.9221625e-07
8.6601828e-08
1.8998181e-08
0
0
0
0
0
0
0
0
0
0
0
2.4617844e-11
3.854394e-11
3.0397998e-11
1.9220657e-11
1.0720803e-11
5.4720486e-12
2.602148e-12
1.1643054e-12
4.9293707e-13
1.9803754e-13
7.554671e-14
2.7319733e-14
9.3212132e-15
2.9711082e-15
8.6700091e-16
2.2105796e-16
4.2625424e-17
1.4822197e-18
0
0
0
0
0
0
0
0
0
0
0
0
0
0
0
0
0
0
0
0
0
0
2.8652745e-29
2.1118912e-29
9.6255635e-30
3.7056034e-30
1.301087e-30
4.2981295e-31
1.3571657e-31
4.1337353e-32
1.2216176e-32
3.5166321e-33
9.8888414e-34
2.7221142e-34
7.3471098e-35
1.9468731e-35
5.070224e-36
1.2988702e-36
3.2754894e-37
8.1364801e-38
1.9920024e-38
4.8089595e-39
1.1452826e-39
2.6918332e-40
6.2461985e-41
1.4313989e-41
3.2405356e-42
7.24951e-43
1.6030697e-43
3.5047495e-44
7.5774836e-45
1.6205162e-45
3.4287355e-46
7.1788385e-47
1.4876379e-47
3.0517059e-48
6.198216e-49
1.2466438e-49
2.4833615e-50
4.900349e-51
9.5800722e-52
1.8557873e-52
3.5625924e-53
6.7786236e-54
1.2785315e-54
2.3907345e-55
4.4325644e-56
8.1495733e-57
1.4860101e-57
2.6876042e-58
4.8218519e-59
8.5825167e-60
1.5157017e-60
2.6561714e-61
4.6194026e-62
7.9734437e-63
1.3660878e-63
2.3234067e-64
3.9230717e-65
6.5769019e-66
1.0948374e-66
1.8098777e-67
2.9713771e-68
4.8452055e-69
7.8478151e-70
1.2627085e-70
2.0184146e-71
3.205568e-72
5.0584899e-73
7.93216e-74
1.2360884e-74
1.9143767e-75
2.9468418e-76
4.5088841e-77
6.8579584e-78
1.0369657e-78
1.5588611e-79
2.3299845e-80
3.4628204e-81
5.1175998e-82
7.521244e-83
1.0993276e-83
1.5981045e-84
2.3107329e-85
3.323428e-86
4.7548799e-87
6.7675864e-88
9.582806e-89
1.3500169e-89
1.8923249e-90
2.6392714e-91
3.6628972e-92
5.058742e-93
6.9521689e-94
9.5144992e-95
1.2889981e-95
1.8180548e-96
1.6945426e-97
0
5.063136e-09
0
2.3080446e-09
0
0
0
0
0
0
0
0
0
0
0
0
8.5736815e-08
2.338943e-07
4.4263723e-07
7.0647247e-07
1.0137343e-06
1.3467701e-06
1.6843106e-06
2.0035756e-06
2.2825309e-06
2.5015375e-06
2.6452013e-06
2.7037826e-06
2.6743436e-06
2.5609969e-06
2.3741601e-06
2.1289664e-06
1.8432623e-06
1.5356413e-06
1.223829e-06
9.2355481e-07
6.4786749e-07
4.0678016e-07
2.0711828e-07
5.2457591e-08
0
0
0
0
0
0
0
0
0
0
0
0
0
0
0
0
0
0
0
0
0
0
0
0
0
0
0
0
0
0
0
2.0051943e-07
4.1435889e-07
5.5388325e-07
5.9571576e-07
5.3227614e-07
3.8153384e-07
1.8477758e-07
0
0
0
0
0
0
0
0
2.4082714e-08
3.5441398e-08
3.4066422e-08
2.6322382e-08
1.713159e-08
9.3327893e-09
3.9551456e-09
8.7873205e-10
0
0
0
0
0
0
0
0
0
0
0
1.1521398e-13
4.1406978e-13
3.3865133e-13
2.0906045e-13
1.1203428e-13
5.4655375e-14
2.481333e-14
1.0608914e-14
4.3010429e-15
1.6599154e-15
6.1091034e-16
2.1438564e-16
7.1573796e-17
2.2611986e-17
6.6888324e-18
1.8132768e-18
4.2864182e-19
7.546228e-20
1.1220345e-21
0
0
0
0
0
0
0
0
0
0
0
0
0
0
0
0
0
0
0
0
0
9.0385242e-32
5.1229913e-32
2.1136335e-32
7.6189634e-33
2.537352e-33
8.0021343e-34
2.4215019e-34
7.0866459e-35
2.0160384e-35
5.5949529e-36
1.5186146e-36
4.0391603e-37
1.054337e-37
2.7041697e-38
6.821517e-39
1.6938561e-39
4.1430771e-40
9.9880663e-41
2.3745431e-41
5.5695625e-42
1.2893932e-42
2.9473818e-43
6.6546158e-44
1.4845052e-44
3.2729455e-45
7.1336418e-46
1.5374773e-46
3.2774319e-47
6.9116666e-48
1.4422727e-48
2.9786133e-49
6.0892719e-50
1.2324793e-50
2.4701996e-51
4.9033682e-52
9.6413096e-53
1.8781186e-53
3.625095e-54
6.9340475e-55
1.3145736e-55
2.4704227e-56
4.6025841e-57
8.5021834e-58
1.5574353e-58
2.829381e-59
5.0982889e-60
9.1129167e-61
1.6159855e-61
2.8432209e-62
4.9638854e-63
8.6003222e-64
1.4788783e-64
2.5241597e-65
4.2767018e-66
7.1936467e-67
1.2013697e-67
1.992188e-68
3.2805607e-69
5.3649682e-70
8.7141329e-71
1.4059023e-71
2.2531774e-72
3.5873992e-73
5.6746924e-74
8.9190151e-75
1.3929533e-75
2.1618917e-76
3.3345801e-77
5.1119878e-78
7.7895268e-79
1.1798739e-79
1.7766158e-80
2.6595896e-81
3.9584769e-82
5.8581807e-83
8.6207871e-84
1.2615614e-84
1.8360077e-85
2.6574933e-86
3.8258486e-87
5.4785694e-88
7.8039728e-89
1.1058554e-89
1.5589754e-90
2.1865644e-91
3.0513398e-92
4.2368858e-93
5.8540024e-94
8.0487767e-95
1.1012916e-95
1.499535e-96
2.0332876e-97
2.7301428e-98
3.8106344e-99
3.5383213e-100
0
0
6.7731959e-11
0
1.1946308e-10
0
3.1948684e-10
0
4.3029965e-10
0
0
0
0
0
0
0
1.2777306e-09
1.7212883e-08
4.4559134e-08
8.4325072e-08
1.3568763e-07
1.9587104e-07
2.6054259e-07
3.2447569e-07
3.8233741e-07
4.2932692e-07
4.6172635e-07
4.7717568e-07
4.748589e-07
4.5547077e-07
4.2102823e-07
3.7455242e-07
3.196862e-07
2.6031027e-07
2.0020608e-07
1.4278849e-07
9.0907679e-08
4.6712624e-08
1.1563153e-08
0
0
0
0
0
0
0
0
0
0
0
0
0
8.006077e-10
3.4837564e-09
6.1583461e-09
8.7561634e-09
1.1888836e-08
1.6529455e-08
2.2922334e-08
3.0121571e-08
3.6465419e-08
3.9967643e-08
3.8513786e-08
3.067533e-08
1.6740314e-08
0
0
0
0
0
0
0
0
1.5275028e-08
3.7769165e-08
4.717006e-08
4.3054139e-08
2.9518849e-08
1.2713059e-08
0
0
0
0
0
0
0
4.5790596e-10
1.3654874e-09
1.4776184e-09
1.1884592e-09
7.9025462e-10
4.4367987e-10
2.044741e-10
6.7280585e-11
2.9371245e-12
0
0
0
0
0
0
0
0
0
0
0
2.0506888e-15
3.6203035e-15
2.5973635e-15
1.4658102e-15
7.2808706e-16
3.3164607e-16
1.4128551e-16
5.6905332e-17
2.1806712e-17
7.979666e-18
2.7929811e-18
9.3502622e-19
2.9881533e-19
9.0741341e-20
2.5948862e-20
6.8652291e-21
1.616581e-21
3.0387579e-22
2.4089817e-23
0
0
0
0
0
0
0
0
0
0
0
0
0
0
0
0
0
0
0
0
2.9363693e-34
2.0936333e-34
9.0605708e-35
3.303141e-35
1.0977761e-35
3.4333646e-36
1.0268907e-36
2.9645958e-37
8.3100658e-38
2.270788e-38
6.0662415e-39
1.587646e-39
4.0774209e-40
1.0289029e-40
2.5537195e-41
6.2395996e-42
1.5018994e-42
3.5636585e-43
8.3398362e-44
1.9258921e-44
4.3903929e-45
9.8841017e-46
2.1982815e-46
4.8314629e-47
1.0496615e-47
2.25482e-48
4.7904357e-49
1.0067933e-49
2.0936459e-50
4.3087744e-51
8.7776274e-52
1.7703302e-52
3.5355928e-53
6.9931778e-54
1.3701296e-54
2.6594446e-55
5.1147848e-56
9.7483984e-57
1.8414878e-57
3.4481981e-58
6.4011725e-59
1.1782167e-59
2.1505124e-60
3.8927897e-61
6.9892713e-62
1.2448104e-62
2.1994894e-63
3.8559714e-64
6.7078563e-65
1.1580181e-65
1.9841352e-66
3.3743737e-67
5.6966812e-68
9.5476698e-69
1.5887617e-69
2.625091e-70
4.3071679e-71
7.0183988e-72
1.1358457e-72
1.8258759e-73
2.9156062e-74
4.6251581e-75
7.2895087e-76
1.1415035e-76
1.7762184e-77
2.7465524e-78
4.2206921e-79
6.4463673e-80
9.7861729e-81
1.4767523e-81
2.2152835e-82
3.3037519e-83
4.8985903e-84
7.2218599e-85
1.0586917e-85
1.5433353e-86
2.2374268e-87
3.2259828e-88
4.6262222e-89
6.5988495e-90
9.3629532e-91
1.321556e-91
1.8557138e-92
2.5924675e-93
3.6034313e-94
4.9835969e-95
6.8582906e-96
9.3919828e-97
1.2799356e-97
1.7359318e-98
2.3430443e-99
3.1493098e-100
4.1931996e-101
5.7936793e-102
5.3691896e-103
5.5614689e-12
0
0
0
1.5443516e-12
0
1.4416051e-11
0
2.7559434e-11
0
1.8260251e-11
0
0
0
0
0
0
5.69321e-10
2.936848e-09
7.0451471e-09
1.3040994e-08
2.0729604e-08
2.9593593e-08
3.8889363e-08
4.7774801e-08
5.5428631e-08
6.1148772e-08
6.4422757e-08
6.4975729e-08
6.2788683e-08
5.8086279e-08
5.1296426e-08
4.2990265e-08
3.3814405e-08
2.442587e-08
1.5436407e-08
7.3686659e-09
6.235222e-10
0
0
0
0
0
0
0
0
0
0
0
4.6090236e-11
3.2590849e-10
3.857669e-10
3.0261849e-10
1.7621892e-10
8.8827013e-11
5.6454791e-11
3.4640906e-11
0
0
1.1122836e-10
3.8009419e-10
7.7475483e-10
1.3117336e-09
2.0243205e-09
2.7523511e-09
3.0162702e-09
2.2642333e-09
3.6167788e-10
0
0
0
0
0
0
1.6712512e-09
2.5058461e-09
2.411259e-09
1.7036302e-09
7.9960487e-10
3.29903e-11
0
0
0
0
0
0
9.7588262e-12
4.0563499e-11
4.3481538e-11
3.385619e-11
2.1696084e-11
1.1768623e-11
5.3022579e-12
1.7864269e-12
2.1248875e-13
0
0
0
0
0
0
0
0
0
0
0
0
2.6738834e-17
2.2566175e-17
1.3179804e-17
6.5597727e-18
2.9576421e-18
1.2405904e-18
4.9088592e-19
1.8470486e-19
6.6400798e-20
2.286585e-20
7.549419e-21
2.3880255e-21
7.2177079e-22
2.0729117e-22
5.5975327e-23
1.3918191e-23
3.0396459e-24
5.04433e-25
1.5223427e-26
0
0
0
0
0
0
0
0
0
0
0
0
0
0
0
0
0
0
0
9.318822e-37
7.0093233e-37
3.0217488e-37
1.0874667e-37
3.5571126e-38
1.0936106e-38
3.2135785e-39
9.1129242e-40
2.5090362e-40
6.7346756e-41
1.7674717e-41
4.5451863e-42
1.147183e-42
2.8455207e-43
6.9437859e-44
1.6684524e-44
3.9503111e-45
9.2218827e-46
2.1237986e-46
4.8274562e-47
1.083471e-47
2.4020056e-48
5.261827e-49
1.1393049e-49
2.4389803e-50
5.1636417e-51
1.0814087e-51
2.2408311e-52
4.5952294e-53
9.3276454e-54
1.8745058e-54
3.7301852e-55
7.3515323e-56
1.4351618e-56
2.7756705e-57
5.3191786e-58
1.0101689e-58
1.9014143e-59
3.5477368e-60
6.5625759e-61
1.2036499e-61
2.1891811e-62
3.9488454e-63
7.0650488e-64
1.2539063e-64
2.2078361e-65
3.8571462e-66
6.6866321e-67
1.1503614e-67
1.9642151e-68
3.3289949e-69
5.6007611e-70
9.3547119e-71
1.5513223e-71
2.5544648e-72
4.1769698e-73
6.7830158e-74
1.0940076e-74
1.7526252e-75
2.789097e-76
4.409386e-77
6.9257376e-78
1.0808373e-78
1.6760748e-79
2.5828386e-80
3.955518e-81
6.0206409e-82
9.1084797e-83
1.3697553e-83
2.0476879e-84
3.043249e-85
4.4966906e-86
6.6063084e-87
9.6507941e-88
1.4019525e-88
2.0253352e-89
2.9099179e-90
4.1582563e-91
5.9103689e-92
8.3563451e-93
1.1752813e-93
1.6444317e-94
2.2890893e-95
3.1703444e-96
4.368883e-97
5.9907006e-98
8.1742981e-99
1.1099693e-99
1.4999614e-100
2.017352e-101
2.7002775e-102
3.5993251e-103
4.7543418e-104
6.5040118e-105
6.0299113e-106
0
6.869073e-13
2.0283692e-13
6.6782937e-13
3.9723724e-13
1.9057346e-13
1.453564e-12
0
3.5387134e-12
0
2.9145817e-12
0
0
0
0
0
0
0
1.3139938e-10
4.5472092e-10
9.9454102e-10
1.753664e-09
2.6962343e-09
3.7555025e-09
4.8440904e-09
5.8620125e-09
6.7063175e-09
7.2829471e-09
7.5196516e-09
7.3769131e-09
6.8536203e-09
5.9864674e-09
4.8442109e-09
3.5185758e-09
2.1141989e-09
7.3954243e-10
0
0
0
0
0
0
0
0
0
0
0
0
4.280365e-11
4.747502e-11
3.7879999e-11
2.6772835e-11
1.739165e-11
1.1128136e-11
7.7758162e-12
4.7302537e-12
2.1729222e-12
3.5780965e-12
5.6174785e-12
0
0
0
8.151319e-12
1.035659e-10
2.0861464e-10
2.5529191e-10
2.0148931e-10
6.234435e-11
0
0
0
0
0
6.3837055e-12
7.2316266e-11
9.5050964e-11
8.266793e-11
5.2252281e-11
2.02455e-11
0
0
0
0
0
0
0
4.6424401e-13
9.4721102e-13
8.8147708e-13
6.2470625e-13
3.6936708e-13
1.8561416e-13
7.7235895e-14
2.3493354e-14
1.6897514e-15
0
0
0
0
0
0
0
0
0
0
0
0
1.6679442e-19
1.4832263e-19
8.5742194e-20
4.1731033e-20
1.8331782e-20
7.4836783e-21
2.8820853e-21
1.0560857e-21
3.7008266e-22
1.2438146e-22
4.0142309e-23
1.2436968e-23
3.6916737e-24
1.0452761e-24
2.7999702e-25
6.9849159e-26
1.5699956e-26
2.9162428e-27
3.0151806e-28
0
0
0
0
0
0
0
0
0
0
0
0
0
0
0
0
0
0
0
3.0727564e-39
1.9435207e-39
7.9236926e-40
2.7516804e-40
8.7483508e-41
2.6233486e-41
7.5340394e-42
2.0908446e-42
5.6391551e-43
1.4838528e-43
3.8199574e-44
9.6408524e-45
2.3892008e-45
5.821255e-46
1.3958854e-46
3.2969905e-47
7.6758761e-48
1.7625578e-48
3.9938505e-49
8.9345597e-50
1.9740804e-50
4.3094903e-51
9.2982265e-52
1.9834376e-52
4.1840949e-53
8.7309234e-54
1.8025933e-54
3.6830765e-55
7.4488553e-56
1.4914866e-56
2.9572004e-57
5.8069776e-58
1.1295363e-58
2.1767086e-59
4.1563942e-60
7.8652592e-61
1.475198e-61
2.7427565e-62
5.0556905e-63
9.2402705e-64
1.6747604e-64
3.0104794e-65
5.3676379e-66
9.4938742e-67
1.6659548e-67
2.9006008e-68
5.0114338e-69
8.5926769e-70
1.4622767e-70
2.4700535e-71
4.1418945e-72
6.8952002e-73
1.1396942e-73
1.8705146e-74
3.0486112e-75
4.9345478e-76
7.9329103e-77
1.2667546e-77
2.009377e-78
3.1664529e-79
4.9574736e-80
7.7118065e-81
1.1920439e-81
1.8310506e-82
2.7951913e-83
4.2408845e-84
6.3953647e-85
9.5866732e-86
1.428544e-86
2.1162718e-87
3.1169507e-88
4.5645429e-89
6.6466281e-90
9.6243105e-91
1.3858911e-91
1.9847534e-92
2.8270162e-93
4.0051639e-94
5.6442751e-95
7.9125619e-96
1.103499e-96
1.5310772e-97
2.1135696e-98
2.9030458e-99
3.9676404e-100
5.396031e-101
7.3030201e-102
9.8364472e-103
1.3185682e-103
1.759215e-104
2.3360541e-105
3.0891001e-106
4.0495955e-107
5.4854633e-108
5.1039126e-109
9.724029e-14
0
0
0
0
0
0
0
0
0
1.5254307e-13
3.3066509e-14
0
0
0
0
0
0
4.7241301e-12
2.7941817e-11
7.0950825e-11
1.3645693e-10
2.2487976e-10
3.3395125e-10
4.5777577e-10
5.8545561e-10
7.0163822e-10
7.8869967e-10
8.3016704e-10
8.1394831e-10
7.3430245e-10
5.9256253e-10
3.9742481e-10
1.6543527e-10
0
0
0
0
0
0
0
0
0
0
0
0
8.8501319e-12
1.0719364e-11
8.796038e-12
6.0301046e-12
3.724071e-12
2.1848249e-12
1.2407308e-12
5.9268374e-13
1.5586661e-13
1.4612139e-13
5.5447418e-13
6.195403e-13
0
0
0
0
2.5376824e-12
8.4325414e-12
1.1915632e-11
1.0937493e-11
5.9484682e-12
0
0
0
0
0
0
1.2571646e-12
2.3980205e-12
2.3845389e-12
1.6978697e-12
8.4248159e-13
1.5530534e-13
0
0
0
0
0
0
0
1.3244091e-14
1.5381122e-14
1.1868413e-14
7.4125968e-15
3.9323422e-15
1.7733855e-15
6.4751729e-16
1.5363659e-16
0
0
0
0
0
0
0
0
0
0
0
0
0
9.6337644e-22
7.5891304e-22
4.1315643e-22
1.9202078e-22
8.1031092e-23
3.1887463e-23
1.1866103e-23
4.2092342e-24
1.430152e-24
4.6668267e-25
1.4642572e-25
4.4161257e-26
1.2777972e-26
3.5325044e-27
9.2586475e-28
2.2675205e-28
5.0364567e-29
9.4123963e-30
1.0917529e-30
0
0
0
0
0
0
0
0
0
0
0
0
0
0
0
0
0
0
9.8232559e-43
8.6089562e-42
4.3238459e-42
1.6242365e-42
5.3703168e-43
1.646294e-43
4.7901931e-44
1.3397624e-44
3.6295081e-45
9.5715044e-46
2.4656259e-46
6.2198311e-47
1.5394126e-47
3.7436353e-48
8.9557431e-49
2.109564e-49
4.896775e-50
1.1208411e-50
2.5312974e-51
5.6431791e-52
1.2424425e-52
2.7025249e-53
5.8097306e-54
1.234732e-54
2.5950476e-55
5.3949726e-56
1.109714e-56
2.2589672e-57
4.5517511e-58
9.0803745e-59
1.7937735e-59
3.5095191e-60
6.8016972e-61
1.3060105e-61
2.4848637e-62
4.6854242e-63
8.7568308e-64
1.6223913e-64
2.980105e-65
5.42787e-66
9.8039719e-67
1.756307e-67
3.1208581e-68
5.5013689e-69
9.6213769e-70
1.6696238e-70
2.8751402e-71
4.9136166e-72
8.334646e-73
1.4033226e-73
2.3455904e-74
3.8923335e-75
6.4131182e-76
1.0492212e-76
1.7046687e-77
2.7505774e-78
4.4081241e-79
7.0172071e-80
1.1096581e-80
1.7432584e-81
2.7209135e-82
4.2196875e-83
6.5026458e-84
9.9580738e-85
1.5155378e-85
2.2924225e-86
3.4465837e-87
5.1508481e-88
7.6523252e-89
1.1302161e-89
1.6596299e-90
2.4230958e-91
3.5177666e-92
5.07841e-93
7.2908742e-94
1.040996e-94
1.4782989e-95
2.0880696e-96
2.933747e-97
4.1003451e-98
5.7011564e-99
7.8863245e-100
1.0853742e-100
1.4862815e-101
2.0251751e-102
2.7459136e-103
3.7050686e-104
4.9752241e-105
6.6490192e-106
8.8440621e-107
1.1708956e-107
1.5429626e-108
2.0247785e-109
2.6352193e-110
3.5343037e-111
3.3154724e-112
0
1.0485724e-15
1.5017808e-14
1.1698384e-14
1.6233744e-15
1.8131796e-14
3.4361493e-14
1.462891e-14
7.3698874e-15
0
3.5283832e-15
0
0
1.8588415e-14
4.8654064e-15
0
0
0
4.4428706e-13
2.3325085e-12
6.0119141e-12
1.2295176e-11
2.1798962e-11
3.4646061e-11
4.9938722e-11
6.5604652e-11
7.8582164e-11
8.5280747e-11
8.2289264e-11
6.7352519e-11
4.0476384e-11
4.6884057e-12
0
0
0
0
0
0
0
0
0
0
0
1.1924166e-13
1.4814021e-12
1.5898345e-12
1.2332458e-12
8.1462481e-13
4.8539271e-13
2.6957563e-13
1.4241934e-13
7.0736503e-14
3.0864774e-14
1.2791045e-14
1.0499102e-14
6.4796369e-15
0
0
0
0
0
1.1483559e-13
3.0066628e-13
3.9245932e-13
3.4900958e-13
1.98255e-13
1.3169041e-14
0
0
0
0
0
1.6119833e-14
4.4701932e-14
4.762086e-14
3.542367e-14
1.8949741e-14
5.3380283e-15
0
0
0
0
0
0
0
1.2963637e-16
1.9448721e-16
1.6002164e-16
1.031406e-16
5.6141e-17
2.6211816e-17
1.025509e-17
3.0226167e-18
3.194637e-19
0
0
0
0
0
0
0
0
0
0
0
0
1.9588186e-24
4.5800056e-24
2.9689368e-24
1.4793534e-24
6.4688955e-25
2.5985476e-25
9.7955688e-26
3.5055281e-26
1.1990949e-26
3.9363226e-27
1.2428878e-27
3.7776211e-28
1.1045654e-28
3.1001967e-29
8.3149411e-30
2.1135493e-30
5.0131746e-31
1.0744038e-31
1.914792e-32
1.969522e-33
0
0
0
0
0
0
0
0
0
0
0
0
0
0
0
0
0
0
2.4036995e-44
1.7993495e-44
7.4778317e-45
2.5828367e-45
8.0991134e-46
2.3864807e-46
6.7219964e-47
1.8277643e-47
4.8273171e-48
1.2435464e-48
3.1337942e-49
7.7424538e-50
1.878497e-50
4.4816228e-51
1.0524733e-51
2.4350867e-52
5.5546966e-53
1.2500193e-53
2.7766078e-54
6.0905378e-55
1.3198306e-55
2.8265799e-56
5.9845029e-57
1.252993e-57
2.5950271e-58
5.3176211e-59
1.0783916e-59
2.1647799e-60
4.3024662e-61
8.4678027e-62
1.6506382e-62
3.1873898e-63
6.0980509e-64
1.1560767e-64
2.1721314e-65
4.0453003e-66
7.4686063e-67
1.3671279e-67
2.4814988e-68
4.466907e-69
7.9751449e-70
1.4124018e-70
2.4814962e-71
4.3256459e-72
7.4819573e-73
1.2842516e-73
2.1877523e-74
3.6991406e-75
6.2086698e-76
1.0345009e-76
1.7113398e-77
2.8109457e-78
4.5847578e-79
7.4261583e-80
1.1946241e-80
1.9087648e-81
3.029435e-82
4.7763093e-83
7.4813113e-84
1.1642595e-84
1.8002815e-85
2.7661833e-86
4.2237886e-87
6.4096512e-88
9.6673531e-89
1.4492762e-89
2.159704e-90
3.1993775e-91
4.7118688e-92
6.8993041e-93
1.0044524e-93
1.4540946e-94
2.0932544e-95
2.9967053e-96
4.2666293e-97
6.0418583e-98
8.5099401e-99
1.1922794e-99
1.6616901e-100
2.3039185e-101
3.177997e-102
4.3614717e-103
5.9556532e-104
8.0921825e-105
1.0941193e-105
1.472139e-106
1.9712429e-107
2.6270008e-108
3.484418e-109
4.6001373e-110
6.0451119e-111
7.907373e-112
1.0300199e-112
1.3312872e-113
1.7675829e-114
1.6834197e-115
8.2546475e-16
0
7.9600271e-16
0
0
9.9482027e-16
1.7549756e-15
0
0
0
2.320394e-16
6.3522438e-16
2.551949e-15
2.0710773e-15
0
0
0
3.0879205e-14
1.8728482e-13
5.6369004e-13
1.2643073e-12
2.3311579e-12
3.6337304e-12
4.8611793e-12
5.5569828e-12
5.2564017e-12
3.6533019e-12
7.3734933e-13
0
0
0
0
0
0
0
0
0
0
0
0
0
1.4602986e-13
2.2444058e-13
1.9837624e-13
1.4168017e-13
8.9026351e-14
5.1112488e-14
2.7442791e-14
1.401974e-14
6.8407679e-15
2.9940522e-15
6.8950293e-16
0
0
0
0
0
0
0
1.9117815e-15
7.8769477e-15
1.1800157e-14
1.2232447e-14
9.2973295e-15
4.4722154e-15
0
0
0
0
0
0
3.1339906e-16
8.2924117e-16
8.5447303e-16
6.1774445e-16
3.2355584e-16
9.2418791e-17
0
0
0
0
0
0
0
1.3103237e-18
2.2543985e-18
1.8809411e-18
1.211071e-18
6.5751856e-19
3.0774233e-19
1.2250059e-19
3.8558878e-20
6.6620563e-21
0
0
0
0
0
0
0
0
0
0
0
0
0
2.0790593e-26
1.7758831e-26
9.5700878e-27
4.3275346e-27
1.7672309e-27
6.7180763e-28
2.4143626e-28
8.2753536e-29
2.7194757e-29
8.5949787e-30
2.6166081e-30
7.674792e-31
2.1663773e-31
5.8681299e-32
1.5170857e-32
3.7067182e-33
8.40015e-34
1.6952586e-34
2.71521e-35
1.6750227e-36
0
0
0
0
0
0
0
0
0
0
0
0
0
0
0
0
0
2.9635962e-47
6.3132718e-47
2.9518415e-47
1.0638288e-47
3.4022891e-48
1.0124115e-48
2.8649938e-49
7.8030737e-50
2.0603976e-50
5.2998615e-51
1.332474e-51
3.282402e-52
7.9371117e-53
1.8866541e-53
4.4134359e-54
1.016998e-54
2.3102433e-55
5.1769398e-56
1.1450097e-56
2.5007877e-57
5.3958699e-58
1.1506088e-58
2.4256216e-59
5.056861e-60
1.0428531e-60
2.1279478e-61
4.2973187e-62
8.5906999e-63
1.7003691e-63
3.3329226e-64
6.470732e-65
1.2445209e-65
2.3716045e-66
4.478584e-67
8.38227e-68
1.5551286e-68
2.8603116e-69
5.2162594e-70
9.4331794e-71
1.691852e-71
3.0096952e-72
5.3111357e-73
9.2983157e-74
1.615173e-74
2.7840451e-75
4.7623268e-76
8.0851846e-77
1.3624782e-77
2.279177e-78
3.7850747e-79
6.2410394e-80
1.0217925e-80
1.6612242e-81
2.6821885e-82
4.3011129e-83
6.8507348e-84
1.0839067e-84
1.7036413e-85
2.6602859e-86
4.1273788e-87
6.3627894e-88
9.7471769e-89
1.4838796e-89
2.2451062e-90
3.3761601e-91
5.0464528e-92
7.4981669e-93
1.1075363e-93
1.6263829e-94
2.3745271e-95
3.4470547e-96
4.9757993e-97
7.1424581e-98
1.0195979e-98
1.4475466e-99
2.0440152e-100
2.8708394e-101
4.0108089e-102
5.5741412e-103
7.7067497e-104
1.0600734e-104
1.4507606e-105
1.9754866e-106
2.6766654e-107
3.6089296e-108
4.8422754e-109
6.4659052e-110
8.5928957e-111
1.1365835e-111
1.4963585e-112
1.9609328e-113
2.5580231e-114
3.3217326e-115
4.2954837e-116
5.5140693e-117
7.2455386e-118
7.0865181e-119
)
;

boundaryField
{
    inletAnion
    {
        type            calculated;
        value           uniform 0;
    }
    inletCation
    {
        type            calculated;
        value           uniform 0;
    }
    outlet
    {
        type            calculated;
        value           uniform 0;
    }
    walls
    {
        type            calculated;
        value           uniform 0;
    }
    frontAndBack
    {
        type            empty;
    }
}


// ************************************************************************* //
