/*--------------------------------*- C++ -*----------------------------------*\
| =========                 |                                                 |
| \\      /  F ield         | OpenFOAM: The Open Source CFD Toolbox           |
|  \\    /   O peration     | Version:  1912                                  |
|   \\  /    A nd           | Website:  www.openfoam.com                      |
|    \\/     M anipulation  |                                                 |
\*---------------------------------------------------------------------------*/
FoamFile
{
    version     2.0;
    format      ascii;
    class       volScalarField;
    location    "1.2";
    object      Canion;
}
// * * * * * * * * * * * * * * * * * * * * * * * * * * * * * * * * * * * * * //

dimensions      [0 -3 0 0 1 0 0];


internalField   nonuniform List<scalar> 
11520
(
8.0004069
7.9996679
7.9999622
8.0005023
7.9982841
8.0016968
8.0009986
7.9958775
8.0011419
8.0082489
7.9986377
7.9817381
7.9864528
8.0224433
8.0634641
8.0649875
7.9920436
7.8345549
7.605309
7.3288165
7.0294652
6.7241041
6.4211127
6.1214604
5.8219535
5.5180495
5.2058665
4.8832072
4.5498208
4.2072026
3.8581841
3.5064644
3.1561476
2.8113308
2.4758231
2.1530879
1.8464514
1.5594418
1.2959079
1.0595867
0.85319072
0.67753848
0.53128464
0.41142131
0.31424921
0.23627816
0.17463671
0.12695654
0.091044782
0.064695419
0.045753159
0.032302925
0.022808596
0.016128571
0.011444625
0.0081716309
0.0058877185
0.0042896112
0.0031631028
0.0023602836
0.0017807088
0.0013565525
0.0010418487
0.00080520072
0.00062498516
0.00048619157
0.00037830135
0.00029385414
0.0002274711
0.00017519959
0.00013407192
0.00010181291
7.6640074e-05
5.7132945e-05
4.2144813e-05
3.0742084e-05
2.2162101e-05
1.5782738e-05
1.109937e-05
7.7064085e-06
5.281729e-06
3.5730556e-06
2.3858638e-06
1.5726304e-06
1.0233934e-06
6.5762275e-07
4.1738069e-07
2.6171491e-07
1.6217986e-07
9.9352407e-08
6.0189276e-08
3.6071793e-08
2.1393037e-08
1.255968e-08
7.3017449e-09
4.2048519e-09
2.3992591e-09
1.3568258e-09
7.6067821e-10
4.2287159e-10
2.3315192e-10
1.2751955e-10
6.9198839e-11
3.7262806e-11
1.9914602e-11
1.0564443e-11
5.5636002e-12
2.909051e-12
1.5103645e-12
7.7874238e-13
3.9877874e-13
2.0283334e-13
1.0248435e-13
5.1443114e-14
2.5655943e-14
1.2713891e-14
6.2608967e-15
3.0640732e-15
1.4903984e-15
7.2057871e-16
3.4631443e-16
1.6546389e-16
7.8598047e-17
3.7121679e-17
1.743337e-17
8.1414653e-18
3.7811158e-18
1.7464711e-18
8.023316e-19
3.6662634e-19
1.6664653e-19
7.535231e-20
3.3896028e-20
1.516969e-20
6.7546596e-21
2.9926214e-21
1.3193012e-21
5.787646e-22
2.526663e-22
1.0977446e-22
4.7466245e-23
2.0427666e-23
8.7503081e-24
3.7309454e-24
1.5835265e-24
6.6905601e-25
2.8141665e-25
1.1784376e-25
4.9130595e-26
2.0394118e-26
8.4291533e-27
3.4690262e-27
1.4216544e-27
5.8017805e-28
2.3579097e-28
9.5435335e-29
3.8470224e-29
1.5445103e-29
6.1762431e-30
2.4600393e-30
9.7602347e-31
3.8574045e-31
1.5186678e-31
5.9563303e-32
2.3273337e-32
9.0597813e-33
3.513751e-33
1.3577921e-33
5.2278027e-34
2.0055946e-34
7.666891e-35
2.9205294e-35
1.1086228e-35
4.1937203e-36
1.5809638e-36
5.9396982e-37
2.2240253e-37
8.2996685e-38
3.087024e-38
1.1444317e-38
4.2288528e-39
1.557579e-39
5.7185283e-40
2.0928437e-40
7.6351778e-41
2.7767877e-41
1.0067428e-41
3.6387962e-42
1.3112066e-42
4.710526e-43
1.6871867e-43
6.0250785e-44
2.1452522e-44
7.6158824e-45
2.6958658e-45
9.515296e-46
3.348899e-46
1.1752954e-46
4.1130759e-47
1.4353916e-47
4.9953655e-48
1.7336697e-48
6.0003505e-49
2.0711276e-49
7.1296101e-50
2.4477214e-50
8.3811564e-51
2.8622003e-51
9.7489643e-52
3.3119782e-52
1.122264e-52
3.7930553e-53
1.2787265e-53
4.2999984e-54
1.4423435e-54
4.8259902e-55
1.610753e-55
5.3629486e-56
1.7812207e-56
5.9017177e-57
1.9507106e-57
6.4323242e-58
2.1159754e-58
6.9442883e-59
2.2736627e-59
7.4269776e-60
2.4204302e-60
7.8699836e-61
2.5530673e-61
8.2635026e-62
2.6686136e-62
8.5987018e-63
2.7644694e-63
8.8680519e-64
2.8384964e-64
9.0655702e-65
2.8892724e-65
9.1806185e-66
2.9409444e-66
8.196032e-67
8.0000858
8.0001522
7.9998499
8.000215
7.9998714
7.9997968
8.0002358
7.9998927
7.9994888
8.0001824
8.0008313
7.9998833
7.998124
7.9982399
8.0017555
8.0070958
8.0098397
8.0044184
7.9861229
7.9518335
7.9004476
7.8319307
7.7469453
7.6459258
7.5288939
7.3953929
7.2446386
7.0756921
6.8874874
6.6786801
6.4475984
6.1927584
5.9138491
5.6122739
5.2903175
4.9489468
4.5858098
4.1961666
3.777832
3.3369203
2.8893332
2.4562982
2.0568605
1.7018147
1.3922903
1.1233747
0.88980923
0.68946115
0.52266168
0.38927202
0.28663828
0.20980703
0.15309125
0.1114576
0.081034765
0.05896558
0.04309103
0.031736472
0.023614932
0.017772439
0.013528635
0.010410043
0.008089463
0.0063398575
0.0050026905
0.0039668269
0.0031541726
0.0025096535
0.0019941092
0.0015793348
0.0012446372
0.00097450998
0.00075703836
0.00058279455
0.00044414786
0.00033478674
0.00024940972
0.00018352566
0.00013332348
9.5583259e-05
6.7609633e-05
4.717556e-05
3.2469676e-05
2.2044426e-05
1.4764553e-05
9.7569122e-06
6.3631223e-06
4.0964732e-06
2.6041442e-06
1.6352374e-06
1.0146402e-06
6.2232667e-07
3.7745138e-07
2.2646426e-07
1.344591e-07
7.9028239e-08
4.5995788e-08
2.6517393e-08
1.5147623e-08
8.575775e-09
4.8130713e-09
2.6784709e-09
1.4782725e-09
8.0929068e-10
4.3955143e-10
2.3688452e-10
1.266914e-10
6.7250961e-11
3.5435994e-11
1.8536877e-11
9.6277128e-12
4.9653649e-12
2.5431158e-12
1.2936362e-12
6.5363049e-13
3.2807167e-13
1.6359221e-13
8.1050234e-14
3.990094e-14
1.9520352e-14
9.4908544e-15
4.5864081e-15
2.2030547e-15
1.0519559e-15
4.9937053e-16
2.3568602e-16
1.1060166e-16
5.161035e-17
2.3949078e-17
1.1052135e-17
5.0726717e-18
2.3157274e-18
1.0515368e-18
4.7497799e-19
2.1343194e-19
9.5412811e-20
4.2436468e-20
1.8779347e-20
8.2690089e-21
3.6231042e-21
1.5797372e-21
6.8546852e-22
2.960128e-22
1.2722579e-22
5.4425519e-23
2.3174675e-23
9.8226558e-24
4.1444676e-24
1.7408174e-24
7.2795101e-25
3.0306457e-25
1.2562372e-25
5.1847838e-26
2.1307431e-26
8.7194999e-27
3.5532886e-27
1.4420022e-27
5.8279495e-28
2.3458362e-28
9.4043549e-29
3.7551467e-29
1.4935104e-29
5.9168382e-30
2.3350039e-30
9.1794816e-31
3.594986e-31
1.4026213e-31
5.4520929e-32
2.1114502e-32
8.1471958e-33
3.1322753e-33
1.1999154e-33
4.5803068e-34
1.7422311e-34
6.6038636e-35
2.4945096e-35
9.390321e-36
3.5228738e-36
1.3171891e-36
4.9084731e-37
1.8230749e-37
6.7489295e-38
2.4902891e-38
9.1592775e-39
3.3580033e-39
1.2272164e-39
4.4708787e-40
1.623707e-40
5.8786372e-41
2.1218317e-41
7.635217e-42
2.7391682e-42
9.7974588e-43
3.4939449e-43
1.2423295e-43
4.4043899e-44
1.5569439e-44
5.487926e-45
1.9288626e-45
6.7602331e-46
2.362647e-46
8.2342129e-47
2.8618089e-47
9.9188995e-48
3.4284642e-48
1.1818378e-48
4.0630007e-49
1.3930776e-49
4.7637789e-50
1.6247409e-50
5.5268939e-51
1.8752138e-51
6.3460156e-52
2.1421018e-52
7.2123295e-53
2.4222291e-53
8.1145928e-54
2.7116751e-54
9.0393126e-55
3.0058503e-55
9.9710471e-56
3.2996115e-56
1.0892825e-56
3.5874093e-57
1.1786664e-57
3.8634673e-58
1.2634168e-58
4.1219785e-59
1.3417171e-59
4.3573136e-60
1.4118403e-60
4.564229e-61
1.4722125e-61
4.7380626e-62
1.521474e-62
4.8748846e-63
1.5586371e-63
4.9676902e-64
1.5983041e-64
4.3973812e-65
7.9999703
8.0000874
7.9999975
8.0000384
8.000045
7.9999806
7.9999849
7.9999935
7.999937
7.9999049
7.9999409
7.9999735
7.9999313
7.9998413
7.9998439
8.0000204
8.000376
8.0007064
8.0006652
7.9997582
7.9973892
7.9928913
7.9855327
7.9745295
7.9590007
7.9379447
7.9102475
7.8746633
7.8297744
7.774068
7.7058278
7.6229375
7.523223
7.4045256
7.2643456
7.1007071
6.9122309
6.6954435
6.445017
6.1581026
5.8335567
5.4678842
5.06062
4.6231732
4.1723511
3.7138759
3.2409202
2.7520807
2.2657114
1.813541
1.4222382
1.1016487
0.84670301
0.64619614
0.4895368
0.36860406
0.27686397
0.20841382
0.15785139
0.12057264
0.092970726
0.07238277
0.056892521
0.045122991
0.036079031
0.02904054
0.023488758
0.019052161
0.015465253
0.012537826
0.010132354
0.0081480308
0.0065096326
0.0051593883
0.004051593
0.0031488971
0.002419826
0.0018371996
0.0013771793
0.001018733
0.0007433517
0.00053489906
0.00037950678
0.00026546522
0.00018308203
0.00012450269
8.3499249e-05
5.5240737e-05
3.6060653e-05
2.3235195e-05
1.4782637e-05
9.2899431e-06
5.7689535e-06
3.5413764e-06
2.1498309e-06
1.2910853e-06
7.6732348e-07
4.5146177e-07
2.6303836e-07
1.5180969e-07
8.6811833e-08
4.9199898e-08
2.7640944e-08
1.5396924e-08
8.5052825e-09
4.6600625e-09
2.5328628e-09
1.3658791e-09
7.308921e-10
3.8814236e-10
2.0458757e-10
1.0704574e-10
5.5604672e-11
2.8678288e-11
1.4687312e-11
7.4700695e-12
3.7735077e-12
1.8934255e-12
9.4379293e-13
4.6738294e-13
2.2997348e-13
1.1244275e-13
5.4635241e-14
2.638395e-14
1.2663944e-14
6.042211e-15
2.8658595e-15
1.3513857e-15
6.335799e-16
2.953604e-16
1.3691853e-16
6.3119065e-17
2.8938482e-17
1.3195794e-17
5.9850374e-18
2.7002009e-18
1.2118501e-18
5.4106632e-19
2.4033971e-19
1.0621802e-19
4.6708106e-20
2.0437657e-20
8.8989299e-21
3.8559815e-21
1.6628188e-21
7.1365749e-22
3.0485361e-22
1.2961968e-22
5.4859239e-23
2.3112597e-23
9.6936752e-24
4.0475225e-24
1.6825626e-24
6.9639253e-25
2.8698384e-25
1.1776072e-25
4.81174e-26
1.957858e-26
7.9333391e-27
3.2014355e-27
1.2866646e-27
5.1503335e-28
2.0533933e-28
8.1544151e-29
3.2256271e-29
1.271021e-29
4.9891304e-30
1.9509517e-30
7.6003491e-31
2.9498603e-31
1.1406845e-31
4.3948175e-32
1.6871054e-32
6.4533346e-33
2.4596943e-33
9.3421578e-34
3.5358699e-34
1.3336505e-34
5.0130033e-35
1.8779212e-35
7.011214e-36
2.608906e-36
9.6757721e-37
3.5767393e-37
1.3178794e-37
4.8401953e-38
1.7719881e-38
6.4666771e-39
2.352532e-39
8.5316939e-40
3.0845485e-40
1.1117716e-40
3.9950117e-41
1.4312313e-41
5.1121242e-42
1.8205526e-42
6.4643608e-43
2.2886459e-43
8.0792719e-44
2.8439132e-44
9.9820705e-45
3.4937728e-45
1.2194048e-45
4.2441389e-46
1.4730889e-46
5.0988835e-47
1.7600981e-47
6.0593094e-48
2.0803795e-48
7.1236699e-49
2.4328494e-49
8.2867696e-50
2.8152836e-50
9.5396844e-51
3.2242514e-51
1.0869629e-51
3.6551007e-52
1.226e-52
4.1020007e-53
1.3690605e-53
4.5580455e-54
1.513809e-54
5.0154186e-55
1.6576548e-55
5.4656129e-56
1.7978293e-56
5.899697e-57
1.9314763e-57
6.3086167e-58
2.0557512e-58
6.6835169e-59
2.1679236e-59
7.0160645e-60
2.2654784e-60
7.2987653e-61
2.3461949e-61
7.5258182e-62
2.4060927e-62
7.7742595e-63
2.1233137e-63
7.9999859
8.0000138
8.0000106
8.0000106
8.0000192
8.000015
8.0000069
8.0000021
7.9999931
7.9999799
7.9999686
7.9999598
7.9999538
7.9999465
7.9999426
7.9999437
7.999954
7.9999755
8.0000033
8.0000274
8.0000206
7.9999393
7.9997073
7.999209
7.9982888
7.9967175
7.9941912
7.9903381
7.9846425
7.9764823
7.9651382
7.9496273
7.9288174
7.9014335
7.8657698
7.8199646
7.7621083
7.6897971
7.6002332
7.4901236
7.3555718
7.1929366
6.9981075
6.7656675
6.4929846
6.1829078
5.8369803
5.4498318
5.0169672
4.5451472
4.0495247
3.5433465
3.0359893
2.5399858
2.074771
1.6611288
1.3124105
1.0306116
0.80884945
0.63646159
0.50293458
0.39953326
0.31939797
0.25715364
0.2085655
0.17032613
0.13990471
0.11540619
0.095433459
0.078964859
0.065254792
0.053757372
0.044071149
0.035897223
0.029007986
0.023224778
0.018401741
0.014414658
0.011153708
0.0085192064
0.006419485
0.0047701954
0.0034944169
0.0025230945
0.0017954623
0.0012592401
0.00087050844
0.00059325963
0.0003986822
0.00026426806
0.00017283899
0.00011157693
7.1122647e-05
4.4782853e-05
2.7864827e-05
1.7139954e-05
1.0426408e-05
6.27462e-06
3.7369329e-06
2.2032119e-06
1.2862886e-06
7.4384047e-07
4.2617593e-07
2.4197201e-07
1.3617568e-07
7.5975903e-08
4.2031151e-08
2.3059904e-08
1.254878e-08
6.7743328e-09
3.6283787e-09
1.9284005e-09
1.0171286e-09
5.3247865e-10
2.7671234e-10
1.4275979e-10
7.3128091e-11
3.7197375e-11
1.8790477e-11
9.4277354e-12
4.6985782e-12
2.3262658e-12
1.1442714e-12
5.5926465e-13
2.7162194e-13
1.3110241e-13
6.2891631e-14
2.998804e-14
1.4213853e-14
6.6975878e-15
3.1376252e-15
1.4614767e-15
6.7689626e-16
3.1176111e-16
1.4279756e-16
6.504999e-17
2.947333e-17
1.3282931e-17
5.954811e-18
2.6556905e-18
1.1782784e-18
5.2012096e-19
2.2843964e-19
9.9832837e-20
4.3414423e-20
1.8787837e-20
8.0914199e-21
3.4681721e-21
1.4795407e-21
6.2824007e-22
2.6553303e-22
1.1171903e-22
4.6792099e-23
1.9510821e-23
8.0994718e-24
3.3476205e-24
1.3776344e-24
5.6450741e-25
2.3033635e-25
9.3590441e-26
3.787001e-26
1.5260637e-26
6.1246513e-27
2.4481575e-27
9.7468481e-28
3.8652103e-28
1.5268036e-28
6.0077384e-29
2.3549034e-29
9.1957172e-30
3.5773748e-30
1.3865172e-30
5.3540625e-31
2.059938e-31
7.8968204e-32
3.0164247e-32
1.1481251e-32
4.354684e-33
1.6459202e-33
6.1995377e-34
2.3271361e-34
8.7058164e-35
3.2459033e-35
1.2061821e-35
4.4673928e-36
1.6491943e-36
6.0684561e-37
2.2257965e-37
8.1377713e-38
2.9658557e-38
1.0775332e-38
3.9026427e-39
1.4091124e-39
5.0722692e-40
1.820286e-40
6.5128096e-41
2.3232672e-41
8.2630877e-42
2.9302743e-42
1.0361128e-42
3.6529913e-43
1.2842303e-43
4.5019386e-44
1.5737226e-44
5.4857771e-45
1.906948e-45
6.610578e-46
2.2853301e-46
7.8790947e-47
2.7091333e-47
9.2900876e-48
3.1772633e-48
1.0837747e-48
3.6871056e-49
1.2511263e-49
4.2344197e-50
1.4294593e-50
4.8132984e-51
1.6166451e-51
5.4162062e-52
1.8100557e-52
6.0340991e-53
2.0066151e-53
6.656627e-54
2.202876e-54
7.2724156e-55
2.3951194e-55
7.8694143e-56
2.5794744e-56
8.4352957e-57
2.7520498e-57
8.9578882e-58
2.9090738e-58
9.4256174e-59
3.047034e-59
9.8278584e-60
3.163073e-60
1.0145465e-60
3.2918344e-61
8.955051e-62
7.9999982
7.9999999
8.000002
8.0000024
8.0000043
8.0000058
8.0000055
8.0000045
8.0000027
7.9999997
7.9999959
7.9999916
7.9999874
7.9999835
7.9999802
7.9999781
7.9999769
7.9999773
7.999979
7.9999818
7.9999863
7.9999907
7.9999932
7.9999904
7.9999687
7.9999134
7.9997931
7.9995508
7.9991208
7.998379
7.9971567
7.9952519
7.992323
7.987963
7.9816761
7.9726893
7.9601462
7.9430425
7.9199187
7.8891979
7.8490282
7.7967806
7.7297737
7.6451591
7.5386913
7.4062319
7.2457209
7.0547003
6.8280547
6.561335
6.2539973
5.9071847
5.5212276
5.0979412
4.6438754
4.1696922
3.6874559
3.2097278
2.7502457
2.3233343
1.9411773
1.6108754
1.3333941
1.1047229
0.91811637
0.76614832
0.64197629
0.53984769
0.45514799
0.38426104
0.32439161
0.2734022
0.22967735
0.19200694
0.15948714
0.13143625
0.10732737
0.08673557
0.06929854
0.054689447
0.042600143
0.032732817
0.024797967
0.018516563
0.013624474
0.0098774724
0.007055601
0.0049661377
0.0034448362
0.002355488
0.0015880965
0.001056079
0.00069293567
0.0004487754
0.00028699363
0.00018129722
0.00011317545
6.9842121e-05
4.2622796e-05
2.5731963e-05
1.5372643e-05
9.090704e-06
5.3227888e-06
3.0866256e-06
1.7731008e-06
1.0092104e-06
5.6926681e-07
3.1828561e-07
1.7642537e-07
9.696603e-08
5.2851909e-08
2.8572567e-08
1.5323146e-08
8.1529951e-09
4.3044314e-09
2.2552829e-09
1.172813e-09
6.0541553e-10
3.1026209e-10
1.5787241e-10
7.9769486e-11
4.0028541e-11
1.9950467e-11
9.8771866e-12
4.8579766e-12
2.3739041e-12
1.1526533e-12
5.5616393e-13
2.6669498e-13
1.2710798e-13
6.0216219e-14
2.8357789e-14
1.3276507e-14
6.1798958e-15
2.8602015e-15
1.3163204e-15
6.0242994e-16
2.7419604e-16
1.2412361e-16
5.5887481e-17
2.5030481e-17
1.1151813e-17
4.9427638e-18
2.1795577e-18
9.5623928e-19
4.1743567e-19
1.8132678e-19
7.83805e-20
3.371721e-20
1.4434981e-20
6.1507044e-21
2.6085568e-21
1.1011967e-21
4.6274382e-22
1.9357496e-22
8.0614251e-23
3.3423316e-23
1.3796946e-23
5.6706435e-24
2.3206929e-24
9.4571131e-25
3.8377296e-25
1.5509008e-25
6.2417476e-26
2.5018386e-26
9.9876039e-27
3.9712756e-27
1.572834e-27
6.2049317e-28
2.4384244e-28
9.5458873e-29
3.7228397e-29
1.4464367e-29
5.59896e-30
2.159303e-30
8.2972351e-31
3.1767405e-31
1.2119184e-31
4.6070485e-32
1.7451962e-32
6.5879725e-33
2.4783303e-33
9.2913759e-34
3.471584e-34
1.2927522e-34
4.7979502e-35
1.7748506e-35
6.544041e-36
2.405031e-36
8.8104473e-37
3.2172871e-37
1.1711378e-37
4.2497574e-38
1.5373389e-38
5.5441595e-39
1.9933037e-39
7.1448621e-40
2.5533336e-40
9.0975654e-41
3.2318947e-41
1.1447585e-41
4.0430149e-42
1.4237758e-42
4.9995681e-43
1.7506032e-43
6.1124721e-44
2.1282832e-44
7.3898328e-45
2.5588314e-45
8.8360799e-46
3.0429683e-46
1.0451145e-46
3.5798736e-47
1.2229745e-47
4.1669809e-48
1.4160818e-48
4.7998327e-49
1.6227177e-49
5.4720106e-50
1.8405427e-50
6.1751527e-51
2.0666171e-51
6.8990683e-52
2.2974523e-52
7.6319513e-53
2.529094e-53
8.3606854e-54
2.7572325e-54
9.0712364e-55
2.9773374e-55
9.7491078e-56
3.1848103e-56
1.0379841e-56
3.3751464e-57
1.0949542e-57
3.5440678e-58
1.1446437e-58
3.6838234e-59
1.2002619e-59
3.2593452e-60
7.9999999
7.9999998
8.0000001
8.0000003
8.0000005
8.0000009
8.0000013
8.0000015
8.0000015
8.0000012
8.0000006
7.9999998
7.9999988
7.9999978
7.9999969
7.9999961
7.9999957
7.9999953
7.9999952
7.9999955
7.9999954
7.9999962
7.9999968
7.9999971
7.9999986
7.9999975
7.9999952
7.9999885
7.999966
7.9999248
7.9998372
7.9996681
7.9993796
7.9988694
7.9980287
7.9967048
7.9946114
7.9914502
7.986803
7.9800073
7.9703762
7.956993
7.9384949
7.9134893
7.8803243
7.8365338
7.7795476
7.707184
7.6166836
7.504492
7.3674349
7.203012
7.0086552
6.7818546
6.5211006
6.226259
5.8984669
5.5403904
5.1566235
4.7535538
4.3388327
3.9210204
3.5094084
3.1135007
2.7419277
2.4011788
2.0947881
1.8232995
1.5848945
1.3763173
1.193747
1.0334287
0.8920355
0.76681505
0.65559776
0.55672934
0.46896947
0.39138296
0.32323626
0.26390766
0.21281627
0.16937247
0.13294998
0.10287767
0.078447123
0.058931131
0.043607639
0.031784389
0.022820364
0.016141652
0.011250699
0.0077291424
0.0052352444
0.0034973937
0.0023052169
0.0014996918
0.00096334139
0.00061123755
0.00038322259
0.00023749649
0.00014553745
8.8214931e-05
5.2904051e-05
3.140049e-05
1.8450046e-05
1.0734384e-05
6.1854812e-06
3.5308421e-06
1.9969985e-06
1.1193174e-06
6.2184516e-07
3.4248277e-07
1.8702247e-07
1.0127822e-07
5.4396647e-08
2.898189e-08
1.5319436e-08
8.034924e-09
4.1821885e-09
2.1605615e-09
1.1079692e-09
5.6408174e-10
2.8514342e-10
1.4313429e-10
7.1356486e-11
3.5333072e-11
1.7379394e-11
8.4925602e-12
4.1232278e-12
1.9891753e-12
9.5364493e-13
4.5437846e-13
2.1518117e-13
1.0129388e-13
4.7401289e-14
2.2052596e-14
1.0200595e-14
4.6915894e-15
2.1457295e-15
9.7593592e-16
4.414577e-16
1.9861305e-16
8.8880418e-17
3.9565091e-17
1.7520785e-17
7.7189336e-18
3.3833727e-18
1.475561e-18
6.4033141e-19
2.7651442e-19
1.1882852e-19
5.082036e-20
2.1631799e-20
9.1644987e-21
3.8646389e-21
1.6222426e-21
6.7787786e-22
2.8199258e-22
1.1678736e-22
4.8155618e-23
1.9770228e-23
8.0818408e-24
3.2897487e-24
1.3334864e-24
5.3827855e-25
2.1638997e-25
8.6635787e-26
3.4546646e-26
1.3720842e-26
5.4279966e-27
2.1389449e-27
8.396105e-28
3.2831527e-28
1.2789562e-28
4.9634974e-29
1.9191252e-29
7.3929502e-30
2.8375699e-30
1.0851874e-30
4.1353008e-31
1.5702479e-31
5.9415866e-32
2.240391e-32
8.4187228e-33
3.1527045e-33
1.1766529e-33
4.3767798e-34
1.6226141e-34
5.9957399e-35
2.2082582e-35
8.1067886e-36
2.9665517e-36
1.0821091e-36
3.9347582e-37
1.4262792e-37
5.1539706e-38
1.8566991e-38
6.6682888e-39
2.3876544e-39
8.5236089e-40
3.0337594e-40
1.076601e-40
3.8093838e-41
1.3439749e-41
4.7279626e-42
1.6584915e-42
5.8012087e-43
2.023482e-43
7.0382594e-44
2.4413248e-44
8.444801e-45
2.9131705e-45
1.002222e-45
3.4386842e-46
1.1766836e-46
4.0158249e-47
1.3669288e-47
4.6406779e-48
1.5714104e-48
5.3073603e-49
1.7879539e-49
6.0080112e-50
2.0137689e-50
6.7328774e-51
2.2454922e-51
7.4704993e-52
2.4792616e-52
8.207993e-53
2.7108199e-53
8.9314201e-54
2.9356444e-54
9.6262315e-55
3.1490953e-55
1.027776e-55
3.3465799e-56
1.0871637e-56
3.5240665e-57
1.1381646e-57
3.7239509e-58
1.0109484e-58
8
8
8
8
8
8.0000001
8.0000001
8.0000002
8.0000003
8.0000003
8.0000003
8.0000002
8.0000002
8.0000001
8.0000001
8.0000003
8.0000007
8.0000013
8.0000018
8.0000025
8.0000032
8.0000034
8.0000038
8.0000032
8.0000021
8.0000012
7.9999985
7.9999968
7.9999945
7.9999899
7.9999864
7.9999746
7.9999519
7.9999116
7.9998231
7.9996683
7.9993981
7.9989206
7.9981514
7.9969238
7.9949884
7.9920828
7.9877849
7.9815016
7.9725997
7.9602167
7.9431511
7.9201037
7.8896667
7.8500853
7.7993617
7.7354968
7.6564578
7.5601074
7.4443481
7.3073037
7.1474003
6.963439
6.7547425
6.5213464
6.2641498
5.9849283
5.6861753
5.3708905
5.0424919
4.7048839
4.3625252
4.0202936
3.6830911
3.3553213
3.0404489
2.7407917
2.457579
2.1912039
1.9415538
1.7083224
1.4912339
1.2901625
1.1051525
0.9363651
0.78397955
0.6480808
0.52855726
0.42502762
0.33680688
0.26291362
0.20211336
0.15298805
0.11401887
0.083670048
0.060463132
0.04303508
0.03017694
0.020853437
0.014206074
0.0095437434
0.0063251666
0.0041371025
0.0026714894
0.0017037348
0.0010734834
0.0006684676
0.0004115255
0.00025053965
0.00015088421
8.9911554e-05
5.3027533e-05
3.0960281e-05
1.7898784e-05
1.0248253e-05
5.8126195e-06
3.2664339e-06
1.8190168e-06
1.0040108e-06
5.493567e-07
2.9802868e-07
1.603321e-07
8.5548212e-08
4.5279002e-08
2.3776273e-08
1.2388409e-08
6.4058104e-09
3.2876041e-09
1.6749047e-09
8.4715381e-10
4.2545194e-10
2.1218149e-10
1.0509548e-10
5.17046e-11
2.5269124e-11
1.2269098e-11
5.9188928e-12
2.837371e-12
1.3517008e-12
6.3999022e-13
3.0118458e-13
1.4089508e-13
6.552372e-14
3.0295336e-14
1.3927123e-14
6.3663195e-15
2.8939362e-15
1.3082608e-15
5.8821367e-16
2.6305173e-16
1.1701505e-16
5.1780391e-17
2.2795019e-17
9.9837346e-18
4.3506222e-18
1.8864327e-18
8.1393303e-19
3.4947711e-19
1.493332e-19
6.3507629e-20
2.6881362e-20
1.1325461e-20
4.7496636e-21
1.9828721e-21
8.2408808e-22
3.4097412e-22
1.4046219e-22
5.7611426e-23
2.352825e-23
9.5680317e-24
3.8746049e-24
1.5625127e-24
6.2752368e-25
2.5099547e-25
9.9988323e-26
3.9673309e-26
1.5679458e-26
6.1725506e-27
2.4205628e-27
9.4559022e-28
3.6799429e-28
1.4267468e-28
5.5110759e-29
2.1209248e-29
8.1325906e-30
3.1071518e-30
1.1828804e-30
4.4872335e-31
1.6962518e-31
6.3898392e-32
2.3987855e-32
8.9744623e-33
3.3462198e-33
1.2434912e-33
4.6055998e-34
1.7001911e-34
6.2559016e-35
2.2944316e-35
8.3881378e-36
3.0568439e-36
1.1104781e-36
4.0214946e-37
1.4518346e-37
5.2252878e-38
1.874899e-38
6.7070419e-39
2.3921061e-39
8.5062232e-40
3.015855e-40
1.066134e-40
3.7579498e-41
1.3208028e-41
4.6289518e-42
1.617688e-42
5.6374654e-43
1.9591128e-43
6.7893905e-44
2.3464272e-44
8.0871853e-45
2.7797815e-45
9.5291835e-46
3.2579256e-46
1.1109018e-46
3.7780496e-47
1.2815202e-47
4.335681e-48
1.463091e-48
4.9246517e-49
1.6533994e-49
5.537145e-50
1.8497266e-50
6.1638256e-51
2.0489045e-51
6.7940551e-52
2.2473961e-52
7.4161851e-53
2.4413997e-53
8.0179164e-54
2.6269706e-54
8.5867159e-55
2.8001282e-55
9.1112231e-56
2.9535353e-56
9.7049018e-57
2.6366177e-57
7.9999998
8.0000002
7.9999998
8.0000002
7.9999999
8.0000001
7.9999999
8
8.0000001
8.0000001
8.0000003
8.0000003
8.0000007
8.0000014
8.0000026
8.0000044
8.0000066
8.0000092
8.000012
8.0000145
8.0000165
8.0000172
8.0000161
8.0000131
8.0000076
8.0000007
7.9999927
7.9999837
7.9999762
7.9999689
7.9999636
7.9999612
7.9999584
7.9999578
7.9999552
7.9999431
7.9999206
7.9998682
7.999763
7.9995799
7.9992549
7.9987078
7.997837
7.9964641
7.994358
7.9912377
7.9866983
7.9802109
7.9711574
7.9587906
7.9422079
7.9203906
7.8922325
7.8565469
7.8120983
7.7576397
7.6919409
7.6138306
7.5222485
7.4162796
7.2951713
7.1583786
7.0056411
6.8370242
6.6528456
6.4534812
6.2391592
6.0098736
5.7654866
5.5059682
5.2316586
4.9434357
4.6427514
4.331563
4.0122245
3.6874
3.3600222
3.0332868
2.7106474
2.3957764
2.0924639
1.8044518
1.5352175
1.28774
1.0642868
0.86625785
0.69411142
0.54738139
0.42477924
0.32436023
0.24372638
0.18023685
0.1312009
0.094035842
0.0663811
0.046167419
0.031646278
0.021387858
0.01425718
0.0093774592
0.0060881115
0.0039028498
0.0024713428
0.0015462491
0.00095621976
0.0005846515
0.00035352493
0.00021146705
0.00012516275
7.3319916e-05
4.2519004e-05
2.4414847e-05
1.3884381e-05
7.8214803e-06
4.365427e-06
2.4144739e-06
1.3235991e-06
7.1929404e-07
3.8756817e-07
2.0708795e-07
1.0974835e-07
5.7696144e-08
3.0093195e-08
1.557498e-08
7.99995e-09
4.0785739e-09
2.0641885e-09
1.0372106e-09
5.175063e-10
2.5641775e-10
1.2618711e-10
6.1682957e-11
2.9953379e-11
1.4451148e-11
6.9275334e-12
3.3000236e-12
1.562279e-12
7.3509401e-13
3.4380198e-13
1.5984252e-13
7.3880677e-14
3.3951519e-14
1.5513562e-14
7.0488969e-15
3.1850814e-15
1.4313352e-15
6.397562e-16
2.8442659e-16
1.2578763e-16
5.5340948e-17
2.4222802e-17
1.05487e-17
4.5708541e-18
1.970816e-18
8.4561186e-19
3.6107527e-19
1.5344439e-19
6.4901583e-20
2.7323385e-20
1.1450174e-20
4.7765144e-21
1.9835996e-21
8.2009272e-22
3.3756672e-22
1.3834557e-22
5.6454778e-23
2.2939631e-23
9.2820196e-24
3.7401458e-24
1.5008729e-24
5.9982911e-25
2.3875805e-25
9.4657188e-26
3.7379387e-26
1.4703181e-26
5.7611383e-27
2.2487442e-27
8.7442634e-28
3.3874598e-28
1.3074012e-28
5.0273965e-29
1.9261604e-29
7.353126e-30
2.7970276e-30
1.0601844e-30
4.0044268e-31
1.5072588e-31
5.6537653e-32
2.113508e-32
7.8740775e-33
2.9237378e-33
1.0820146e-33
3.9911371e-34
1.4673767e-34
5.3775006e-35
1.9643795e-35
7.1530041e-36
2.5964592e-36
9.3954192e-37
3.3892525e-37
1.2188664e-37
4.3700235e-38
1.5620608e-38
5.5668483e-39
1.9780111e-39
7.0075539e-40
2.4753286e-40
8.7184266e-41
3.0619088e-41
1.0722724e-41
3.7444367e-42
1.3039049e-42
4.5278589e-43
1.5679661e-43
5.414851e-44
1.8648824e-44
6.4053137e-45
2.1941293e-45
7.4959309e-46
2.5541067e-46
8.679827e-47
2.9420497e-47
9.9463577e-48
3.3539872e-48
1.1281061e-48
3.7847542e-49
1.2665791e-49
4.2280644e-50
1.407904e-50
4.676642e-51
1.549645e-51
5.1224122e-52
1.68915e-52
5.556742e-53
1.8236354e-53
5.9706564e-54
1.9504999e-54
6.3473673e-55
2.0947765e-55
5.6999163e-56
7.9999985
8.0000019
7.9999981
8.0000016
7.9999984
8.0000009
7.999999
8.0000005
8.0000007
8.0000011
8.0000019
8.0000029
8.0000058
8.0000099
8.0000157
8.0000224
8.00003
8.0000378
8.0000451
8.0000505
8.0000524
8.0000495
8.0000408
8.0000265
8.0000075
7.9999851
7.9999614
7.9999378
7.9999164
7.9998987
7.999885
7.9998771
7.9998743
7.9998761
7.9998833
7.9998926
7.9999032
7.9999132
7.9999152
7.9999045
7.9998704
7.9997911
7.9996418
7.9993807
7.9989398
7.9982309
7.9971309
7.9954655
7.99301
7.9894807
7.9845215
7.9777071
7.9685497
7.9565003
7.9409594
7.9213022
7.8968967
7.8671099
7.8313173
7.7889267
7.7394021
7.6822629
7.6170632
7.5433802
7.4608371
7.3691365
7.2680414
7.1572521
7.0361838
6.9037205
6.7580508
6.596664
6.4165303
6.2144286
5.9873527
5.7329303
5.4498006
5.1379267
4.79882
4.4356595
4.0532836
3.6580306
3.2574174
2.8596696
2.4731435
2.1057084
1.7641701
1.4538135
1.1781205
0.93868904
0.73534385
0.56640104
0.42902977
0.31965131
0.23432147
0.16905749
0.12008751
0.08401681
0.057917339
0.039354661
0.026369334
0.017429493
0.011368821
0.0073206222
0.0046551394
0.0029242402
0.0018152056
0.0011137845
0.00067571415
0.00040544266
0.00024066517
0.00014135864
8.2178911e-05
4.7296275e-05
2.695368e-05
1.521341e-05
8.5063304e-06
4.712507e-06
2.5872604e-06
1.4079535e-06
7.5958383e-07
4.0633016e-07
2.1556221e-07
1.1343009e-07
5.9212789e-08
3.0669131e-08
1.5763438e-08
8.0413036e-09
4.0718172e-09
2.04689e-09
1.0216476e-09
5.0636317e-10
2.4924671e-10
1.2185778e-10
5.9180955e-11
2.8553686e-11
1.368797e-11
6.5201275e-12
3.0864235e-12
1.4520385e-12
6.7899028e-13
3.1560956e-13
1.4583951e-13
6.7000027e-14
3.0604458e-14
1.3900765e-14
6.2787093e-15
2.8204107e-15
1.260075e-15
5.5995555e-16
2.4752216e-16
1.0884478e-16
4.761711e-17
2.0725672e-17
8.9757765e-18
3.8679451e-18
1.6586696e-18
7.0784257e-19
3.0063257e-19
1.2708162e-19
5.3468888e-20
2.239314e-20
9.3357157e-21
3.874555e-21
1.6008845e-21
6.5854288e-22
2.6972144e-22
1.0999559e-22
4.4666726e-23
1.806185e-23
7.2732658e-24
2.9167904e-24
1.1649535e-24
4.6340245e-25
1.8360002e-25
7.2455241e-26
2.8481788e-26
1.1152761e-26
4.3504308e-27
1.6905716e-27
6.5448949e-28
2.5243858e-28
9.7008219e-29
3.7142968e-29
1.4170176e-29
5.3866578e-30
2.0404398e-30
7.7019897e-31
2.8971503e-31
1.0860306e-31
4.0572314e-32
1.5105938e-32
5.6054321e-33
2.0731325e-33
7.6421303e-34
2.8079144e-34
1.0283662e-34
3.7542093e-35
1.36618e-35
4.9559628e-36
1.7922164e-36
6.4611028e-37
2.3221377e-37
8.3204252e-38
2.9722837e-38
1.0586028e-38
3.7591047e-39
1.3309291e-39
4.698453e-40
1.6538436e-40
5.8047515e-41
2.0315726e-41
7.0900661e-42
2.4674426e-42
8.5631223e-43
2.9635676e-43
1.0228321e-43
3.5205437e-44
1.2084813e-44
4.1371737e-45
1.4125697e-45
4.8102421e-46
1.6337414e-46
5.5343597e-47
1.8699386e-47
6.3018978e-48
2.1183972e-48
7.1030249e-49
2.3756748e-49
7.9258532e-50
2.6377158e-50
8.7566981e-51
2.89995e-51
9.5804428e-52
3.157427e-52
1.0380877e-52
3.4053803e-53
1.1127037e-53
3.688744e-54
1.0058986e-54
7.9999914
8.0000097
7.999989
8.0000093
7.9999896
8.0000073
7.9999935
8.000007
8.0000025
8.0000071
8.0000111
8.0000177
8.0000298
8.000042
8.0000575
8.0000729
8.0000887
8.0001024
8.0001115
8.0001127
8.0001025
8.000079
8.0000424
7.9999953
7.9999422
7.9998879
7.9998369
7.9997927
7.9997572
7.9997315
7.9997154
7.9997084
7.9997097
7.9997179
7.9997325
7.9997523
7.9997759
7.9998028
7.9998309
7.9998578
7.9998812
7.999896
7.9998953
7.99987
7.9998043
7.9996753
7.9994505
7.9990814
7.9984999
7.9976149
7.9963033
7.9944043
7.9917231
7.9880335
7.9830768
7.9765662
7.9682006
7.9576815
7.9447181
7.9290249
7.9103242
7.8883613
7.8629182
7.8338042
7.8008261
7.7637592
7.7223487
7.6763407
7.6255027
7.5695734
7.5081045
7.440197
7.3641929
7.2774064
7.1759846
7.0549587
6.9085167
6.7304893
6.5150149
6.2573158
5.9544932
5.6062288
5.2152648
4.7875594
4.332048
3.8600137
3.384139
2.9173781
2.4718198
2.0577093
1.682757
1.3518004
1.0668173
0.82723248
0.63042339
0.47232163
0.34801464
0.25227763
0.17999394
0.12644918
0.087505551
0.059675706
0.0401217
0.02660439
0.017405473
0.011239232
0.0071656987
0.0045122954
0.002807326
0.0017261457
0.0010492483
0.00063069114
0.00037498096
0.00022058065
0.00012840995
7.3995709e-05
4.2217326e-05
2.3853253e-05
1.3349663e-05
7.4019965e-06
4.0669642e-06
2.2147205e-06
1.1955727e-06
6.3991188e-07
3.3964673e-07
1.7880148e-07
9.3373128e-08
4.837802e-08
2.487227e-08
1.269075e-08
6.4272443e-09
3.2313709e-09
1.612984e-09
7.9948299e-10
3.9352929e-10
1.9239087e-10
9.3428745e-11
4.507261e-11
2.1603638e-11
1.0288865e-11
4.8694215e-12
2.290331e-12
1.0707066e-12
4.9754601e-13
2.2983946e-13
1.0555566e-13
4.8199219e-14
2.188442e-14
9.8809961e-15
4.4368046e-15
1.9814181e-15
8.8013605e-16
3.8888587e-16
1.7093196e-16
7.4745061e-17
3.2518355e-17
1.4076331e-17
6.0630712e-18
2.5987524e-18
1.1084916e-18
4.7056622e-19
1.988177e-19
8.3610298e-20
3.4999269e-20
1.4583982e-20
6.0497049e-21
2.4983641e-21
1.0272184e-21
4.205106e-22
1.7140338e-22
6.9568207e-23
2.8117167e-23
1.1316745e-23
4.5360754e-24
1.8107849e-24
7.1994633e-25
2.8510079e-25
1.1245527e-25
4.4183695e-26
1.7292684e-26
6.7421439e-27
2.6186991e-27
1.0133082e-27
3.9064476e-28
1.5004544e-28
5.7422154e-29
2.1896128e-29
8.3195782e-30
3.1498958e-30
1.1884104e-30
4.4681351e-31
1.6741321e-31
6.2513023e-32
2.3263879e-32
8.6285515e-33
3.1897075e-33
1.1752599e-33
4.3161811e-34
1.5800126e-34
5.765392e-35
2.0970875e-35
7.6038848e-36
2.7485109e-36
9.9040727e-37
3.5579177e-37
1.2742506e-37
4.5498976e-38
1.6197463e-38
5.7491236e-39
2.0345858e-39
7.1792717e-40
2.5259514e-40
8.8617567e-41
3.1000931e-41
1.0814327e-41
3.7618688e-42
1.3049584e-42
4.5142738e-43
1.5573509e-43
5.3579852e-44
1.838408e-44
6.2909536e-45
2.1470093e-45
7.3080716e-46
2.4810274e-46
8.4009527e-47
2.8372785e-47
9.5578446e-48
3.2115191e-48
1.0763698e-48
3.5984935e-49
1.2000404e-49
3.9920362e-50
1.3247196e-50
4.3852298e-51
1.4481041e-51
4.7712076e-52
1.5656634e-52
5.2146437e-53
1.4258316e-53
7.9999594
8.0000398
7.9999544
8.000039
7.999957
8.0000373
7.9999728
8.0000397
8.0000002
8.0000357
8.0000423
8.0000634
8.0000887
8.0001077
8.0001337
8.0001513
8.0001671
8.0001737
8.000164
8.0001239
8.000042
7.9999161
7.9997551
7.9995776
7.9994048
7.9992574
7.9991479
7.9990837
7.9990643
7.9990841
7.9991349
7.9992068
7.9992907
7.9993783
7.9994635
7.9995425
7.9996131
7.9996753
7.99973
7.9997781
7.9998202
7.9998547
7.9998777
7.9998821
7.9998576
7.9997901
7.9996644
7.9994627
7.9991645
7.9987473
7.9981842
7.9974365
7.9964492
7.9951526
7.993463
7.9912792
7.98848
7.9849307
7.980496
7.9750477
7.9684624
7.9606152
7.9513846
7.9406683
7.9283946
7.914511
7.8989493
7.8815883
7.8622447
7.8407058
7.8167844
7.7903476
7.7612568
7.7291735
7.6932253
7.6515722
7.6009657
7.5364181
7.4511148
7.3366775
7.183836
6.9834857
6.7280094
6.412653
6.0366917
5.6041311
5.1237632
4.6085283
4.0742743
3.5381356
3.0168131
2.5250389
2.0744399
1.6729159
1.3245371
1.0298782
0.78665413
0.59050552
0.43579977
0.31634624
0.22596713
0.15890217
0.11005491
0.075105741
0.050524784
0.033518187
0.021936706
0.014169028
0.0090352911
0.0056901854
0.0035402578
0.0021767237
0.0013230049
0.00079512184
0.00047264947
0.00027796647
0.00016177203
9.3191887e-05
5.3151858e-05
3.0020834e-05
1.6795224e-05
9.3089135e-06
5.1127025e-06
2.7830782e-06
1.5017777e-06
8.0347118e-07
4.262806e-07
2.2431323e-07
1.1708979e-07
6.0639579e-08
3.1162479e-08
1.5893143e-08
8.0454537e-09
4.0430865e-09
2.0172232e-09
9.9937386e-10
4.9168607e-10
2.4026176e-10
1.1661851e-10
5.6232061e-11
2.6938926e-11
1.2823333e-11
6.0658147e-12
2.8515884e-12
1.3324001e-12
6.1883102e-13
2.857179e-13
1.3114992e-13
5.9854952e-14
2.7162448e-14
1.2257695e-14
5.5011477e-15
2.4554719e-15
1.0901483e-15
4.8143339e-16
2.1150326e-16
9.2439518e-17
4.0196374e-17
1.7391332e-17
7.4872621e-18
3.2076308e-18
1.3675496e-18
5.8026298e-19
2.4505007e-19
1.0300481e-19
4.3097983e-20
1.7950503e-20
7.4428552e-21
3.0723329e-21
1.2626553e-21
5.1666697e-22
2.1050729e-22
8.540333e-23
3.4502772e-23
1.3881122e-23
5.5616806e-24
2.2193076e-24
8.8201837e-25
3.4914421e-25
1.3766296e-25
5.406698e-26
2.1152766e-26
8.2440248e-27
3.2008487e-27
1.2381154e-27
4.7713724e-28
1.8320084e-28
7.0085654e-29
2.6715511e-29
1.0147184e-29
3.840519e-30
1.4484753e-30
5.4440646e-31
2.0391087e-31
7.6116027e-32
2.8316785e-32
1.0499223e-32
3.8799736e-33
1.4291295e-33
5.2468447e-34
1.9200877e-34
7.0040999e-35
2.5468539e-35
9.2318343e-36
3.3359216e-36
1.2017082e-36
4.3156758e-37
1.5451701e-37
5.5155962e-38
1.9629445e-38
6.9652003e-39
2.4642211e-39
8.6927359e-40
3.0575545e-40
1.0723655e-40
3.7503535e-41
1.3078924e-41
4.5483293e-42
1.5773251e-42
5.4549316e-43
1.8813316e-43
6.4708055e-44
2.2196129e-44
7.5933048e-45
2.5907636e-45
8.816103e-46
2.9921674e-46
1.0128936e-46
3.419941e-47
1.1517506e-47
3.8689334e-48
1.296358e-48
4.3327867e-49
1.444528e-49
4.8040686e-50
1.5937379e-50
5.2751566e-51
1.7388208e-51
5.8195448e-52
1.5962146e-52
7.9998329
8.0001525
7.9998391
8.0001386
7.9998665
8.0001338
7.9999143
8.0001381
7.9999699
8.0001346
8.0000855
8.0001367
8.0001588
8.0001749
8.0001926
8.0001825
8.0001817
8.0001333
7.9999746
7.9996264
7.9990611
7.9983099
7.9974574
7.9966137
7.9958812
7.9953385
7.9950226
7.9949434
7.9950804
7.9953968
7.9958471
7.9963834
7.9969598
7.9975356
7.9980776
7.9985612
7.9989714
7.9993031
7.9995604
7.9997564
7.9999116
8.0000515
8.0002034
8.0003924
8.0006362
8.00094
8.0012953
8.0016789
8.0020547
8.0023783
8.002604
8.0026884
8.0025902
8.0022705
8.0016967
8.0008434
7.9996869
7.9981977
7.9963395
7.994076
7.9913782
7.9882215
7.9845754
7.9803985
7.9756471
7.9702922
7.9643289
7.9577611
7.9505644
7.9426487
7.9338529
7.9239917
7.912945
7.9007428
7.8875749
7.873647
7.8588356
7.8421384
7.8209981
7.7906477
7.7436906
7.670139
7.5580757
7.3949716
7.1695092
6.8735904
6.5041088
6.0640737
5.5628106
5.0151706
4.4399061
3.8575443
3.288163
2.7494483
2.255302
1.8151218
1.4337333
1.1118482
0.84686392
0.63381885
0.46633902
0.3374656
0.24030068
0.16845443
0.11630851
0.079129046
0.053069221
0.035100345
0.022904138
0.014750775
0.0093793154
0.0058902382
0.0036546289
0.0022409871
0.0013584762
0.0008143418
0.00048286264
0.00028328131
0.00016447516
9.453161e-05
5.3796041e-05
3.0319242e-05
1.6926829e-05
9.3629567e-06
5.1323717e-06
2.7885282e-06
1.5019826e-06
8.0216858e-07
4.2486642e-07
2.2320168e-07
1.1632429e-07
6.0150372e-08
3.086496e-08
1.5718637e-08
7.9459487e-09
3.9876425e-09
1.9869278e-09
9.8309899e-10
4.8307411e-10
2.3576641e-10
1.1430111e-10
5.5051144e-11
2.634361e-11
1.252626e-11
5.9189899e-12
2.7796838e-12
1.2974933e-12
6.0202707e-13
2.7769378e-13
1.2734812e-13
5.806724e-14
2.6327959e-14
1.1870928e-14
5.3231277e-15
2.3740849e-15
1.0531841e-15
4.6475268e-16
2.0402297e-16
8.910563e-17
3.871941e-17
1.6740861e-17
7.2024396e-18
3.0836202e-18
1.3138556e-18
5.5714127e-19
2.351467e-19
9.8785375e-20
4.1309548e-20
1.7196321e-20
7.1264094e-21
2.9402105e-21
1.2077592e-21
4.9396702e-22
2.0116488e-22
8.1576207e-23
3.2942161e-23
1.3247612e-23
5.3056587e-24
2.116295e-24
8.4074986e-25
3.3268199e-25
1.311238e-25
5.1480296e-26
2.0133763e-26
7.8442269e-27
3.0446204e-27
1.1773083e-27
4.5356263e-28
1.7409646e-28
6.6583044e-29
2.5373096e-29
9.6346118e-30
3.6455284e-30
1.3745692e-30
5.1649559e-31
1.9340797e-31
7.2177776e-32
2.6845243e-32
9.9512823e-33
3.676644e-33
1.3539344e-33
4.969695e-34
1.8182777e-34
6.6313384e-35
2.4108188e-35
8.7369954e-36
3.1564968e-36
1.1368566e-36
4.0820126e-37
1.4612426e-37
5.2150741e-38
1.855665e-38
6.5833978e-39
2.3287478e-39
8.2134743e-40
2.8885076e-40
1.0129132e-40
3.5418718e-41
1.2349945e-41
4.2941608e-42
1.4889567e-42
5.1485574e-43
1.775407e-43
6.1055973e-44
2.0940408e-44
7.1627144e-45
2.443511e-45
8.3138775e-46
2.8213309e-46
9.5493505e-47
3.2238232e-47
1.085561e-47
3.6461199e-48
1.2215439e-48
4.0822277e-49
1.3608021e-49
4.5257735e-50
1.4988264e-50
5.0416684e-51
1.3877105e-51
7.9994246
8.0005474
7.9994607
8.0004837
7.9996005
8.0003937
7.9997692
8.000327
7.9998817
8.0003443
8.0000094
8.0002145
8.0001803
8.0001598
8.000106
8.0000725
7.9999749
7.9993702
7.997941
7.9954911
7.9921618
7.988304
7.9843994
7.9809054
7.9781691
7.9763794
7.9755822
7.9757235
7.9766767
7.9782815
7.980367
7.982766
7.9853229
7.9878982
7.9903712
7.992642
7.9946321
7.996284
7.9975595
7.9984377
7.998915
7.9990072
7.9987537
7.9982213
7.9975027
7.9967089
7.9959558
7.9953497
7.9949713
7.9948649
7.9950359
7.9954551
7.9960646
7.9967855
7.9975297
7.9982138
7.9987681
7.9991367
7.9992728
7.999137
7.9987032
7.9979641
7.9969273
7.9956023
7.9939872
7.9920693
7.9898416
7.9873245
7.9845716
7.9816462
7.9785704
7.9752766
7.9715968
7.9673213
7.962327
7.9567306
7.9509738
7.9457205
7.9414573
7.9377593
7.9323084
7.9199027
7.8918038
7.8357818
7.7370868
7.5803328
7.3519934
7.0429825
6.6507233
6.1802094
5.6438133
5.0599001
4.4505737
3.8390358
3.24706
2.6929797
2.1904213
1.7478338
1.3687122
1.0523254
0.79472402
0.58982417
0.43041197
0.30897069
0.21829014
0.15185973
0.10407448
0.070296422
0.046816192
0.0307547
0.019936561
0.012757791
0.0080620009
0.0050326994
0.0031045011
0.0018930011
0.0011413207
0.00068059105
0.00040151809
0.00023441097
0.00013546078
7.7502637e-05
4.391236e-05
2.4644534e-05
1.3702832e-05
7.5499585e-06
4.1229542e-06
2.2319479e-06
1.1979809e-06
6.3764906e-07
3.3662965e-07
1.7629171e-07
9.1598367e-08
4.7226405e-08
2.4164953e-08
1.2273015e-08
6.1878396e-09
3.0974583e-09
1.5395889e-09
7.5995764e-10
3.7257178e-10
1.8143267e-10
8.7771491e-11
4.2186143e-11
2.0146938e-11
9.5612432e-12
4.5094922e-12
2.1139248e-12
9.8500752e-13
4.5626384e-13
2.1011465e-13
9.6204795e-14
4.3799836e-14
1.9829784e-14
8.9282581e-15
3.9980785e-15
1.7807522e-15
7.8895872e-16
3.4772336e-16
1.5246556e-16
6.6511489e-17
2.8869332e-17
1.2468647e-17
5.3588457e-18
2.2920214e-18
9.7563444e-19
4.1333448e-19
1.7429567e-19
7.3158694e-20
3.0567719e-20
1.2714542e-20
5.2650363e-21
2.1706356e-21
8.9100226e-22
3.6416484e-22
1.4820577e-22
6.0062069e-23
2.4239476e-23
9.7421167e-24
3.8995054e-24
1.5545705e-24
6.1726873e-25
2.4412876e-25
9.6174953e-26
3.7741626e-26
1.4754065e-26
5.7458175e-27
2.2292424e-27
8.6167613e-28
3.318393e-28
1.2732802e-28
4.8679675e-29
1.8544442e-29
7.0394202e-30
2.6627561e-30
1.0037172e-30
3.7704288e-31
1.4115073e-31
5.2662554e-32
1.9582148e-32
7.2572376e-33
2.6806968e-33
9.8696553e-34
3.6219841e-34
1.3249318e-34
4.831199e-35
1.7560728e-35
6.3630875e-36
2.2984893e-36
8.2770876e-37
2.9715576e-37
1.0635875e-37
3.7953817e-38
1.350335e-38
4.7900694e-39
1.6942075e-39
5.9748367e-40
2.1010197e-40
7.3669667e-41
2.575796e-41
8.9806547e-42
3.1223942e-42
1.0825799e-42
3.7431214e-43
1.29068e-43
4.4383641e-44
1.5221441e-44
5.2062591e-45
1.7759942e-45
6.0424288e-46
2.0504261e-46
6.9398089e-47
2.3427713e-47
7.8885869e-48
2.6495021e-48
8.876143e-49
2.9667024e-49
9.8728959e-50
3.3382811e-50
9.2236353e-51
7.9984669
8.0015987
7.9983985
8.0015678
7.998674
8.0012189
7.9992395
8.0006693
7.9997686
8.0004731
7.9996791
8.0004892
7.9999957
7.9998543
7.9998476
7.9997018
7.9978048
7.9925708
7.9835864
7.9712039
7.9568607
7.9422087
7.9289384
7.9182732
7.9108982
7.9069364
7.906182
7.9082161
7.9125265
7.9185929
7.9259282
7.9340934
7.9426996
7.9514062
7.959924
7.9680241
7.9755479
7.9824095
7.9885848
7.9940828
7.99891
8.003041
8.0064107
8.0089314
8.010527
8.0111689
8.0109008
8.0098452
8.0081897
8.0061584
8.0039795
8.0018573
7.9999516
7.9983653
7.9971433
7.9962828
7.9957501
7.9954947
7.9954551
7.9955616
7.995742
7.9959331
7.99609
7.9961854
7.9961971
7.9960945
7.9958361
7.9953875
7.9947484
7.993969
7.9931321
7.992294
7.9914054
7.9902591
7.9885229
7.9858927
7.9823468
7.9784026
7.9752019
7.9742298
7.9765431
7.9815477
7.985595
7.9808478
7.9549256
7.8916921
7.7732426
7.58277
7.3076872
6.9422703
6.4891936
5.9596218
5.3718874
4.749102
4.1162457
3.4973075
2.9129478
2.3789611
1.905618
1.4977905
1.1556579
0.87575298
0.65211931
0.47740567
0.34378288
0.24363214
0.17000068
0.11685245
0.079157818
0.052869912
0.034830838
0.022642979
0.014530595
0.0092081363
0.005764339
0.0035658312
0.0021804342
0.0013183396
0.00078838633
0.00046644244
0.00027309813
0.00015827439
9.0819411e-05
5.1608738e-05
2.9049628e-05
1.6200296e-05
8.952799e-06
4.9038049e-06
2.6627324e-06
1.4335741e-06
7.6539631e-07
4.0532044e-07
2.1292477e-07
1.1097788e-07
5.7397603e-08
2.9461871e-08
1.5010532e-08
7.5920467e-09
3.8124529e-09
1.9010207e-09
9.41365e-10
4.6298664e-10
2.2618659e-10
1.0977422e-10
5.2931569e-11
2.5360296e-11
1.2074302e-11
5.7132012e-12
2.6868741e-12
1.2560436e-12
5.8370024e-13
2.6967454e-13
1.238771e-13
5.6582e-14
2.5700164e-14
1.1609063e-14
5.2154825e-15
2.330556e-15
1.0359126e-15
4.5805246e-16
2.0149544e-16
8.8186418e-17
3.8401887e-17
1.6639684e-17
7.1747348e-18
3.078654e-18
1.314727e-18
5.5879795e-19
2.3639745e-19
9.9545887e-20
4.1727234e-20
1.7412227e-20
7.2335215e-21
2.9917665e-21
1.2319962e-21
5.0514461e-22
2.0623727e-22
8.3846254e-23
3.3945712e-23
1.3686428e-23
5.4956383e-24
2.1977963e-24
8.754194e-25
3.4731383e-25
1.3725325e-25
5.4029995e-26
2.1187307e-26
8.2767845e-27
3.2211336e-27
1.2489152e-27
4.8244728e-28
1.8568415e-28
7.1207036e-29
2.7208769e-29
1.0359704e-29
3.9305428e-30
1.4860674e-30
5.5991115e-31
2.102364e-31
7.8671651e-32
2.9340217e-32
1.0905761e-32
4.0402573e-33
1.4918835e-33
5.4909308e-34
2.01444e-34
7.3666825e-35
2.6854096e-35
9.7584694e-36
3.5350602e-36
1.276636e-36
4.5962497e-37
1.6497466e-37
5.9036246e-38
2.1062923e-38
7.4925113e-39
2.6573898e-39
9.397501e-40
3.3136658e-40
1.1650755e-40
4.0846815e-41
1.428008e-41
4.9782976e-42
1.7306854e-42
6.0000054e-43
2.0743902e-43
7.1522634e-44
2.4593458e-44
8.4338805e-45
2.8845338e-45
9.8394914e-46
3.3475482e-46
1.1359168e-46
3.8444988e-47
1.297823e-47
4.3699105e-48
1.4679452e-48
4.9094131e-49
1.6687651e-49
4.6293209e-50
7.9973767
8.0030194
7.9967056
8.0036637
7.9963439
8.0036627
7.997002
8.0022378
7.9990678
8.0001048
7.999955
8.000873
7.9986513
7.9995387
7.9996182
7.9944216
7.9782613
7.9501593
7.912238
7.8682222
7.8236136
7.7828589
7.7499334
7.7266113
7.713309
7.709065
7.7126428
7.7225135
7.7372329
7.7555591
7.7764317
7.798912
7.8221239
7.8452041
7.8673051
7.8876547
7.9056478
7.9209564
7.9336099
7.9439888
7.9527113
7.9604526
7.9677631
7.9749496
7.9820468
7.9888688
7.99511
8.0004543
8.0046625
8.0076195
8.0093436
8.009966
8.0096947
8.0087707
8.0074302
8.0058783
8.0042794
8.0027556
8.0013864
8.0002086
7.9992195
7.9983887
7.9976775
7.9970545
7.9964993
7.9959929
7.995505
7.9949931
7.9944209
7.9937894
7.9931542
7.9926058
7.9922017
7.9918738
7.9913664
7.9902779
7.9882556
7.985326
7.9822381
7.9805945
7.9825198
7.9897112
8.0019504
8.0154339
8.0214986
8.0063326
7.9520436
7.8390591
7.6494041
7.3701043
6.9958975
6.5306285
5.9870507
5.3851635
4.7495236
4.1061376
3.4795276
2.8904263
2.3543442
1.8810471
1.4748115
1.1352348
0.85834975
0.63781553
0.4660174
0.33497116
0.23698921
0.16511146
0.11333341
0.076677454
0.051155855
0.033668342
0.02186853
0.014023417
0.008881407
0.0055571658
0.0034364624
0.0021008394
0.0012700688
0.00075951934
0.00044941355
0.00026318577
0.00015257934
8.7588995e-05
4.9799255e-05
2.8048546e-05
1.5653188e-05
8.6573946e-06
4.7462102e-06
2.5796579e-06
1.3903032e-06
7.4312698e-07
3.9399763e-07
2.0723809e-07
1.081575e-07
5.6016779e-08
2.8794865e-08
1.4692856e-08
7.4430065e-09
3.7436604e-09
1.8698351e-09
9.2751332e-10
4.5697932e-10
2.2365592e-10
1.0874721e-10
5.2535718e-11
2.5219338e-11
1.2030881e-11
5.7040974e-12
2.6880792e-12
1.2592197e-12
5.8641207e-13
2.715081e-13
1.2499043e-13
5.7216251e-14
2.6046203e-14
1.1791922e-14
5.3097241e-15
2.3781409e-15
1.0595266e-15
4.6959598e-16
2.0706373e-16
9.084039e-17
3.9653067e-17
1.7223612e-17
7.444707e-18
3.2023774e-18
1.3709575e-18
5.8415285e-19
2.4774449e-19
1.0458752e-19
4.3951835e-20
1.8387295e-20
7.6581565e-21
3.1755408e-21
1.3110499e-21
5.3895112e-22
2.2061159e-22
8.9924046e-23
3.6501546e-23
1.4755487e-23
5.9404768e-24
2.3819508e-24
9.5127455e-25
3.784061e-25
1.4993629e-25
5.9179141e-26
2.3268073e-26
9.1137756e-27
3.5562998e-27
1.3825354e-27
5.3548511e-28
2.0664597e-28
7.9456569e-29
3.0441819e-29
1.162154e-29
4.4210278e-30
1.6759581e-30
6.3313609e-31
2.3836279e-31
8.9433562e-32
3.3442311e-32
1.2463457e-32
4.6295617e-33
1.7140074e-33
6.3251264e-34
2.3265984e-34
8.5306309e-35
3.1178848e-35
1.1359772e-35
4.1259231e-36
1.4939144e-36
5.3925518e-37
1.9406079e-37
6.9625248e-38
2.4905296e-38
8.8822499e-39
3.1584267e-39
1.1198122e-39
3.958732e-40
1.3954468e-40
4.9048572e-41
1.7191148e-41
6.0083911e-42
2.0940911e-42
7.2782358e-43
2.5226609e-43
8.7197239e-44
3.005844e-44
1.0333768e-44
3.5431376e-45
1.2116101e-45
4.1322978e-46
1.4056668e-46
4.7691862e-47
1.6138966e-47
5.4485331e-48
1.831175e-48
6.2568905e-49
1.7428194e-49
7.9993856
8.0011686
7.9980433
8.0032742
7.9952287
8.0064512
7.9923137
8.0077907
7.9938508
8.0022635
8.0015565
7.9976461
7.9969042
8.0016036
7.9884855
7.9460041
7.8711162
7.7734318
7.6619156
7.548052
7.4440442
7.3581576
7.2967618
7.2593286
7.2441913
7.2475633
7.2657112
7.2954236
7.3344426
7.3812272
7.4345993
7.4935064
7.5567346
7.622501
7.6883771
7.75153
7.8090131
7.8582042
7.8973418
7.9259232
7.9447747
7.9557724
7.9613395
7.9639019
7.9654604
7.9673627
7.9702743
7.974294
7.9791425
7.9843556
7.9894445
7.9940018
7.9977549
8.0005739
8.0024511
8.0034687
8.0037665
8.0035143
8.0028876
8.0020444
8.0011094
8.00017
7.9992861
7.9985055
7.9978724
7.9974206
7.9971545
7.9970326
7.9969712
7.9968766
7.9966949
7.9964506
7.9962395
7.9961565
7.9961802
7.9960863
7.9954952
7.9941236
7.9921997
7.9908406
7.9920771
7.9982361
8.0106047
8.0276269
8.0431989
8.0457507
8.0186592
7.9421597
7.7964449
7.5652552
7.2390969
6.8173323
6.3087031
5.7302545
5.1049991
4.458884
3.8176851
3.2043565
2.6371725
2.1287873
1.6861472
1.3110662
1.0012225
0.75133235
0.5543074
0.40226035
0.2872892
0.2020223
0.13994369
0.095538881
0.064308897
0.042698184
0.027975037
0.018093496
0.011556462
0.0072917295
0.004546582
0.0028023805
0.0017080049
0.0010296681
0.0006141464
0.00036251668
0.00021182401
0.00012255141
7.0219475e-05
3.9855548e-05
2.2413189e-05
1.2490794e-05
6.8997302e-06
3.7784233e-06
2.0516488e-06
1.1048002e-06
5.9009813e-07
3.1267512e-07
1.6438308e-07
8.575893e-08
4.4403929e-08
2.2821409e-08
1.164393e-08
5.8985871e-09
2.9671594e-09
1.4822782e-09
7.3546893e-10
3.6248736e-10
1.7748514e-10
8.6340968e-11
4.1735096e-11
2.0047398e-11
9.5703519e-12
4.5409961e-12
2.141739e-12
1.0041808e-12
4.680842e-13
2.1693938e-13
9.9974659e-14
4.5815493e-14
2.088039e-14
9.464567e-15
4.2670722e-15
1.9136247e-15
8.5371083e-16
3.7889684e-16
1.6730757e-16
7.35059e-17
3.2134215e-17
1.3979073e-17
6.0517345e-18
2.6073377e-18
1.1180343e-18
4.7717465e-19
2.0271572e-19
8.5725143e-20
3.6087947e-20
1.512416e-20
6.3104002e-21
2.6214416e-21
1.0842806e-21
4.4656178e-22
1.8313847e-22
7.4792001e-23
3.0417759e-23
1.2320105e-23
4.9697551e-24
1.9966725e-24
7.9900136e-25
3.1847422e-25
1.2644569e-25
5.0009595e-26
1.970328e-26
7.7334912e-27
3.0239894e-27
1.1780615e-27
4.5725011e-28
1.7682871e-28
6.8136449e-29
2.6160638e-29
1.0008603e-29
3.815652e-30
1.4495992e-30
5.4881311e-31
2.0706733e-31
7.7861413e-32
2.9178933e-32
1.0898471e-32
4.0571697e-33
1.5054088e-33
5.5676436e-34
2.0525131e-34
7.5424023e-35
2.7628299e-35
1.0088594e-35
3.6724028e-36
1.3326747e-36
4.8212874e-37
1.7389118e-37
6.2528542e-38
2.2416902e-38
8.0127151e-39
2.8556217e-39
1.0147252e-39
3.5952814e-40
1.2701751e-40
4.4745578e-41
1.5718167e-41
5.5058986e-42
1.9232609e-42
6.6994774e-43
2.3272622e-43
8.0623225e-44
2.7854425e-44
9.5974525e-45
3.2980252e-45
1.1303075e-45
3.8635989e-46
1.3171932e-46
4.4788533e-47
1.5193258e-47
5.1303698e-48
1.7617737e-48
4.9269543e-49
8.0103227
7.9888098
8.0110533
7.9899345
8.0072651
7.9970046
7.9964322
8.0106188
7.9830792
8.0170187
7.9919283
7.9909562
8.0054955
7.9844851
7.8842171
7.7146489
7.5001597
7.2649055
7.0181542
6.781311
6.5767909
6.4187501
6.3118399
6.246972
6.2102364
6.1915002
6.18826
6.2015604
6.2342968
6.2900248
6.3718346
6.4816751
6.6188524
6.7785556
6.9529119
7.1329864
7.3095272
7.4736895
7.6180412
7.7375251
7.8300466
7.8964626
7.9400242
7.9654567
7.9779485
7.9823138
7.9824644
7.9812004
7.9802481
7.9804489
7.9820105
7.9847533
7.9883121
7.9922791
7.9962887
8.0000579
8.0033982
8.0062089
8.0084573
8.010153
8.0113238
8.012003
8.0122306
8.0120627
8.0115748
8.0108494
8.0099496
8.0088967
8.0076775
8.0062931
8.0048365
8.0035477
8.0027856
8.0028818
8.0039138
8.0055222
8.0069381
8.0073234
8.0063605
8.0048204
8.0047119
8.008677
8.0185625
8.0334731
8.0479315
8.0508714
8.0260104
7.9537478
7.8142519
7.5910338
7.2741533
6.8623239
6.3634917
5.7938559
5.1756515
4.5342293
3.8950317
3.2809733
2.7105629
2.1969013
1.7475083
1.3648102
1.0470586
0.78945139
0.58526021
0.42683054
0.30637694
0.21654975
0.15078623
0.10348155
0.070024394
0.046741387
0.030788808
0.020021149
0.012857263
0.0081568572
0.005113951
0.0031694766
0.0019424391
0.0011775021
0.00070623657
0.00041920577
0.00024632133
0.00014331076
8.2576659e-05
4.7133842e-05
2.6656101e-05
1.49395e-05
8.2991734e-06
4.5706002e-06
2.4959064e-06
1.3516803e-06
7.2607484e-07
3.8691797e-07
2.0457487e-07
1.0733587e-07
5.5893046e-08
2.8890153e-08
1.4824425e-08
7.5526037e-09
3.8208444e-09
1.9196279e-09
9.5789816e-10
4.7480381e-10
2.338019e-10
1.1438417e-10
5.5604686e-11
2.6861287e-11
1.2895947e-11
6.1536173e-12
2.9187527e-12
1.3762308e-12
6.4513262e-13
3.0068101e-13
1.3934677e-13
6.4217789e-14
2.9431617e-14
1.3415448e-14
6.0821844e-15
2.7428855e-15
1.2304927e-15
5.4916454e-16
2.4384067e-16
1.0772524e-16
4.7354718e-17
2.0714272e-17
9.017005e-18
3.9063047e-18
1.684246e-18
7.227771e-19
3.0873513e-19
1.3127237e-19
5.5563369e-20
2.3412815e-20
9.8217735e-21
4.1022145e-21
1.7059232e-21
7.0637185e-22
2.9124586e-22
1.1957982e-22
4.8893002e-23
1.9908785e-23
8.0736555e-24
3.2609259e-24
1.3118204e-24
5.2563926e-25
2.0979637e-25
8.3410641e-26
3.3035016e-26
1.3033861e-26
5.1231003e-27
2.0061768e-27
7.8270339e-28
3.0425084e-28
1.1783858e-28
4.5475632e-29
1.7487173e-29
6.7007584e-30
2.5586181e-30
9.7359325e-31
3.6919298e-31
1.3952309e-31
5.2549467e-32
1.9725713e-32
7.3799201e-33
2.7519299e-33
1.0228262e-33
3.7892817e-34
1.3993109e-34
5.1509251e-35
1.8900848e-35
6.9137477e-36
2.5211165e-36
9.1649532e-37
3.3215151e-37
1.2001108e-37
4.3231069e-38
1.5526384e-38
5.5597399e-39
1.9849902e-39
7.0662955e-40
2.5082131e-40
8.8774007e-41
3.133036e-41
1.1025858e-41
3.8693321e-42
1.354083e-42
4.7255152e-43
1.6445855e-43
5.7078933e-44
1.975677e-44
6.8200137e-45
2.3479678e-45
8.0620371e-46
2.7609115e-46
9.4300215e-47
3.2131854e-47
1.0897919e-47
3.7598552e-48
1.055457e-48
8.0276435
7.9681089
8.0350905
7.9613435
8.0400196
7.9604139
8.0336942
7.9784775
8.0001549
8.025931
7.954113
8.0165977
7.9904266
7.7943883
7.4561772
7.057887
6.6351831
6.1709657
5.6657693
5.2012804
4.8555811
4.6029046
4.3853265
4.1867205
4.0135259
3.8830031
3.8093554
3.7980194
3.8528974
3.9759905
4.1681621
4.4274191
4.744729
5.1032483
5.4831534
5.8662741
6.2374267
6.5846457
6.8986494
7.1725376
7.4020857
7.5860667
7.7263471
7.8275115
7.8959816
7.938937
7.9633526
7.9753229
7.9797117
7.9800817
7.9788165
7.9773447
7.9763913
7.9762105
7.9767756
7.9779202
7.9794355
7.9811288
7.9828511
7.9845035
7.9860342
7.9874353
7.9887436
7.9900362
7.9914163
7.992983
7.9947985
7.996872
7.9991765
8.0016937
8.0044531
8.0075159
8.0108726
8.0142797
8.0171318
8.018506
8.0174736
8.0136431
8.0077241
8.0017761
7.9988221
8.0016937
8.0112868
8.0247051
8.0339304
8.0255884
7.9820945
7.8840625
7.7134828
7.4569546
7.1082461
6.6696482
6.1519008
5.5728001
4.9548615
4.3225445
3.6995523
3.1066105
2.5599692
2.0706975
1.6446968
1.2832636
0.98399637
0.74184525
0.55014052
0.40148872
0.28847604
0.20416289
0.14238492
0.097893846
0.066378771
0.044407603
0.029322783
0.019117525
0.012310879
0.0078329132
0.0049257686
0.0030624898
0.0018830109
0.0011453297
0.00068932534
0.00041062497
0.00024215884
0.00014141353
8.1792719e-05
4.6866721e-05
2.6609089e-05
1.4972575e-05
8.3511448e-06
4.6180356e-06
2.5322457e-06
1.3770962e-06
7.428522e-07
3.9754599e-07
2.1109786e-07
1.1123824e-07
5.8177923e-08
3.0203282e-08
1.5566745e-08
7.9660545e-09
4.048021e-09
2.0428984e-09
1.02401e-09
5.0987344e-10
2.5221282e-10
1.2395469e-10
6.0533096e-11
2.9376411e-11
1.4168409e-11
6.7920262e-12
3.2364716e-12
1.5331182e-12
7.2201638e-13
3.3808134e-13
1.5741001e-13
7.2880917e-14
3.3558154e-14
1.5367977e-14
7.0000405e-15
3.1716089e-15
1.429497e-15
6.409733e-16
2.8594177e-16
1.2691807e-16
5.605367e-17
2.463459e-17
1.0773893e-17
4.6893299e-18
2.0313461e-18
8.7582181e-19
3.7586287e-19
1.6056378e-19
6.8279822e-20
2.8905835e-20
1.2182831e-20
5.112123e-21
2.1358222e-21
8.8850437e-22
3.6804785e-22
1.5181629e-22
6.2362091e-23
2.5511122e-23
1.0393531e-23
4.217344e-24
1.7044126e-24
6.8609978e-25
2.7510178e-25
1.098777e-25
4.3717156e-26
1.7327514e-26
6.8419239e-27
2.6914922e-27
1.0548627e-27
4.1190921e-28
1.6025969e-28
6.2126751e-29
2.3998194e-29
9.237147e-30
3.5429916e-30
1.3542185e-30
5.1583026e-31
1.9581111e-31
7.4078639e-32
2.7930992e-32
1.0496143e-32
3.9312923e-33
1.4676249e-33
5.4611076e-34
2.0255546e-34
7.4888676e-35
2.7599969e-35
1.013987e-35
3.713629e-36
1.3558689e-36
4.9351529e-37
1.7908439e-37
6.4788716e-38
2.3368765e-38
8.4038236e-39
3.0132335e-39
1.0772416e-39
3.839968e-40
1.3648525e-40
4.8372317e-41
1.709505e-41
6.0244211e-42
2.1170971e-42
7.4191756e-43
2.5927983e-43
9.0362607e-44
3.1406842e-44
1.0886387e-44
3.7633588e-45
1.2975019e-45
4.4615961e-46
1.5300983e-46
5.2349076e-47
1.7826173e-47
6.1763554e-48
1.7398599e-48
8.0312633
7.9630651
8.0430653
7.9484171
8.0611972
7.9273641
8.0835592
7.9096498
8.0833773
7.9466261
7.9628607
8.0503664
7.6990092
7.1243544
6.4837102
5.866487
5.201107
4.414198
3.7083695
3.2090374
2.8625065
2.5649243
2.2671687
1.9902209
1.7651759
1.6149225
1.552027
1.5810239
1.705608
1.9274285
2.2470245
2.6587722
3.1453924
3.6794893
4.2308072
4.7730856
5.2870781
5.760764
6.1877682
6.5652328
6.8920816
7.1682629
7.3948822
7.574588
7.7117293
7.8120776
7.8822036
7.9287622
7.9578934
7.9748429
7.983806
7.9879415
7.9894915
7.9899494
7.9902366
7.9908634
7.9920611
7.9938824
7.996271
7.9991084
8.0022445
8.0055192
8.0087742
8.0118552
8.0146047
8.0168506
8.0184041
8.0190748
8.0187015
8.0171842
8.014494
8.0106479
8.0056651
7.9995512
7.9923672
7.9844117
7.9764653
7.9699607
7.9668894
7.9692855
7.9782556
7.992715
8.0081643
8.0159284
8.0032236
7.9542231
7.8520263
7.6811789
7.4302305
7.0937972
6.6737153
6.1790888
5.6252722
5.0320404
4.4213172
3.8148665
3.2322908
2.6895715
2.1982525
1.7652474
1.3931633
1.0809813
0.82492888
0.61939358
0.45776471
0.3331336
0.23881954
0.16872113
0.11751339
0.08072161
0.054706493
0.036592475
0.024165777
0.015762053
0.010157094
0.0064685532
0.0040724597
0.0025353864
0.0015613126
0.0009512826
0.00057360656
0.00034238108
0.0002023477
0.00011843423
6.8665749e-05
3.9443614e-05
2.2452922e-05
1.2668093e-05
7.0855092e-06
3.9294206e-06
2.1610101e-06
1.1787626e-06
6.3783003e-07
3.4241907e-07
1.8240982e-07
9.6435394e-08
5.0603583e-08
2.6359622e-08
1.3632165e-08
7.0002097e-09
3.5696771e-09
1.8078729e-09
9.0944382e-10
4.5446372e-10
2.2562276e-10
1.1129369e-10
5.4551213e-11
2.6572084e-11
1.286394e-11
6.1899674e-12
2.9607811e-12
1.4078762e-12
6.6557722e-13
3.1285486e-13
1.4622835e-13
6.7966878e-14
3.1417535e-14
1.4443989e-14
6.6049999e-15
3.0044069e-15
1.3594832e-15
6.1199286e-16
2.7409667e-16
1.2214423e-16
5.416019e-17
2.3897424e-17
1.0493267e-17
4.5854671e-18
1.9943143e-18
8.6330488e-19
3.7197887e-19
1.5954317e-19
6.8118647e-20
2.8953635e-20
1.2252098e-20
5.1618904e-21
2.1653004e-21
9.0439542e-22
3.7613936e-22
1.5577882e-22
6.424744e-23
2.6388175e-23
1.079411e-23
4.3975006e-24
1.7843654e-24
7.2116955e-25
2.9032426e-25
1.1642277e-25
4.6506884e-26
1.850704e-26
7.3368996e-27
2.897739e-27
1.1402287e-27
4.4701836e-28
1.7461192e-28
6.7959737e-29
2.6355592e-29
1.0184761e-29
3.9219259e-30
1.5049834e-30
5.755206e-31
2.1933086e-31
8.3303065e-32
3.1532403e-32
1.1895981e-32
4.4730388e-33
1.6763943e-33
6.2622806e-34
2.3317569e-34
8.6544566e-35
3.201941e-35
1.1809048e-35
4.3416562e-36
1.5912765e-36
5.8142828e-37
2.1179582e-37
7.6916522e-38
2.7849223e-38
1.0053279e-38
3.6183739e-39
1.2984941e-39
4.6461904e-40
1.6576542e-40
5.8971234e-41
2.0919198e-41
7.3997585e-42
2.6101578e-42
9.1812447e-43
3.2205551e-43
1.1265824e-43
3.9301292e-44
1.3673219e-44
4.7442017e-45
1.6416936e-45
5.6658755e-46
1.9502238e-46
6.6967052e-47
2.2886285e-47
7.9599201e-48
2.2493799e-48
8.0107627
7.9875915
8.0159574
7.9790872
8.0297881
7.9572027
8.0633953
7.9047172
8.1280156
7.8064451
8.0891554
7.7394161
6.8121487
5.9827184
5.2747094
4.5331963
3.6252836
2.7192823
2.0420978
1.6272373
1.3542762
1.1125136
0.87569109
0.67679312
0.54374341
0.48688473
0.51090869
0.62276386
0.83204651
1.145822
1.5646907
2.0786032
2.6650827
3.2914034
3.9207167
4.5204176
5.0681887
5.5537796
5.9770361
6.3437476
6.6611586
6.9350238
7.1689925
7.3654898
7.5268238
7.6558697
7.7562387
7.8320741
7.8876911
7.9272277
7.9543888
7.9723056
7.983496
7.9898969
7.9929395
7.9936408
7.9926966
7.9905653
7.9875388
7.9837998
7.9794678
7.9746345
7.9693883
7.9638301
7.9580835
7.952304
7.9466896
7.9414932
7.9370303
7.9336737
7.9318318
7.9319138
7.9342948
7.9392928
7.9471546
7.958021
7.9718169
7.9880092
8.0052024
8.02061
8.0295169
8.0249111
7.9974761
7.9360816
7.8288012
7.6643459
7.4336824
7.1315368
6.75749
6.3164511
5.8184178
5.2775755
4.710902
4.1365173
3.5720355
3.0331429
2.5325566
2.079436
1.6792422
1.3339745
1.0426814
0.80212698
0.60750517
0.45311415
0.3329328
0.24106857
0.17206991
0.12111425
0.084092327
0.057614481
0.038963874
0.026018726
0.017160834
0.011182803
0.0072019584
0.0045852384
0.0028867178
0.0017976017
0.0011074928
0.00067523364
0.00040750834
0.00024349374
0.00014408002
8.4445507e-05
4.9033712e-05
2.8212636e-05
1.6088115e-05
9.0940677e-06
5.0965769e-06
2.8323012e-06
1.5610296e-06
8.5341744e-07
4.6286669e-07
2.4909068e-07
1.330231e-07
7.0505566e-08
3.7093974e-08
1.9374113e-08
1.0046896e-08
5.1735066e-09
2.6456407e-09
1.3437476e-09
6.7794149e-10
3.3978149e-10
1.6919368e-10
8.3712078e-11
4.1157887e-11
2.011033e-11
9.7661991e-12
4.7142238e-12
2.2620906e-12
1.079098e-12
5.117972e-13
2.413543e-13
1.131789e-13
5.277904e-14
2.4477924e-14
1.1291079e-14
5.1805275e-15
2.3643916e-15
1.0734954e-15
4.8489101e-16
2.1791061e-16
9.7438244e-17
4.3353406e-17
1.9194863e-17
8.4574523e-18
3.7086088e-18
1.6185386e-18
7.0307042e-19
3.0399114e-19
1.3083728e-19
5.6057317e-20
2.3910271e-20
1.0153339e-20
4.292654e-21
1.8069886e-21
7.573856e-22
3.1610398e-22
1.3137507e-22
5.437315e-23
2.2411073e-23
9.1995197e-24
3.7610528e-24
1.5314845e-24
6.2114273e-25
2.5093563e-25
1.0098144e-25
4.0480421e-26
1.6165468e-26
6.4311212e-27
2.548915e-27
1.006489e-27
3.9597009e-28
1.5521357e-28
6.0621266e-29
2.3591863e-29
9.1486081e-30
3.5352224e-30
1.3613213e-30
5.2239576e-31
1.9977751e-31
7.614021e-32
2.8921077e-32
1.0948635e-32
4.1310709e-33
1.5535825e-33
5.8235343e-34
2.1758609e-34
8.1036204e-35
3.0084424e-35
1.1133456e-35
4.1072843e-36
1.5105209e-36
5.538045e-37
2.0242044e-37
7.3761653e-38
2.6797572e-38
9.706413e-39
3.5053422e-39
1.2621767e-39
4.5314537e-40
1.6221539e-40
5.7901925e-41
2.0608654e-41
7.3142709e-42
2.5886075e-42
9.135746e-43
3.2152386e-43
1.1284503e-43
3.9496652e-44
1.3786536e-44
4.7992724e-45
1.6662077e-45
5.769335e-46
1.9923307e-46
6.8636585e-47
2.3532501e-47
8.2126489e-48
2.327413e-48
7.9926252
8.0098124
7.9891321
8.0131887
7.9856855
8.0127034
7.985392
7.9840976
7.9993589
7.7893194
7.9752546
6.7613776
5.6378359
4.9030137
3.9559034
3.0124708
2.1202788
1.3820687
0.91759162
0.67609212
0.5271418
0.39150477
0.26916659
0.18567925
0.15309448
0.17721163
0.26755738
0.43866289
0.70552038
1.077624
1.5546235
2.1239567
2.761034
3.4322423
4.1004534
4.7315224
5.2997031
5.7907054
6.2018043
6.5393173
6.8144391
7.0390525
7.2231507
7.3741692
7.4974423
7.5969798
7.6761148
7.7378773
7.7851279
7.820551
7.8466008
7.865448
7.8789505
7.8886522
7.8958045
7.9014008
7.9062178
7.9108555
7.9157743
7.921326
7.9277774
7.9353273
7.9441167
7.9542317
7.9657026
7.9784983
7.9925169
8.0075696
8.0233585
8.0394441
8.0552073
8.0698052
8.0821267
8.0907434
8.0938525
8.0892015
8.0739914
8.0447669
7.9973248
7.9266884
7.8272082
7.6928402
7.5176196
7.2963054
7.0251169
6.7024492
6.329435
5.9102414
5.4520267
4.9645458
4.4594517
3.9493914
3.4470209
2.9640711
2.5105734
2.0943192
1.7205879
1.3921338
1.1093908
0.87083611
0.67344425
0.51316679
0.38538624
0.28530699
0.20826279
0.14993524
0.10648835
0.074631624
0.051627824
0.035261701
0.0237848
0.015848571
0.010434974
0.0067907518
0.0043689994
0.0027796735
0.0017492854
0.0010891487
0.00067108097
0.0004092819
0.00024713003
0.00014776663
8.751136e-05
5.1342395e-05
2.98466e-05
1.7194962e-05
9.8191273e-06
5.55885e-06
3.1203968e-06
1.7370703e-06
9.5912492e-07
5.2534954e-07
2.8549591e-07
1.5395388e-07
8.2390939e-08
4.3764622e-08
2.3076871e-08
1.208075e-08
6.2795102e-09
3.2413244e-09
1.6616231e-09
8.4606324e-10
4.2793617e-10
2.1503306e-10
1.0735554e-10
5.3257214e-11
2.6254735e-11
1.2863271e-11
6.2639476e-12
3.0320402e-12
1.4589761e-12
6.9794802e-13
3.319663e-13
1.5699809e-13
7.3834076e-14
3.4531319e-14
1.6061804e-14
7.4307135e-15
3.4194105e-15
1.5652556e-15
7.1278842e-16
3.2292733e-16
1.4556082e-16
6.5283877e-17
2.9134975e-17
1.2938848e-17
5.7183834e-18
2.5151942e-18
1.1010669e-18
4.7975857e-19
2.0807551e-19
8.9831842e-20
3.8607548e-20
1.651839e-20
7.0361866e-21
2.9840173e-21
1.2600257e-21
5.2977438e-22
2.2179665e-22
9.246771e-23
3.8389689e-23
1.5872539e-23
6.5358658e-24
2.6804148e-24
1.0948636e-24
4.4544473e-25
1.8051768e-25
7.2870848e-26
2.9302985e-26
1.1738412e-26
4.6844816e-27
1.8624446e-27
7.3771664e-28
2.9113516e-28
1.1447557e-28
4.4849545e-29
1.7508307e-29
6.8105888e-30
2.639933e-30
1.0197226e-30
3.9252287e-31
1.5057552e-31
5.7565574e-32
2.1933233e-32
8.3288679e-33
3.1522799e-33
1.1891341e-33
4.4711142e-34
1.6756797e-34
6.2599066e-35
2.3310812e-35
8.6530782e-36
3.2019779e-36
1.1811666e-36
4.3436981e-37
1.5924804e-37
5.8205603e-38
2.1210055e-38
7.705752e-39
2.7912217e-39
1.008067e-39
3.6300261e-40
1.3033614e-40
4.6662072e-41
1.6657753e-41
5.9296786e-42
2.1048308e-42
7.4504645e-43
2.6298949e-43
9.2574408e-44
3.2497469e-44
1.1376864e-44
3.9720841e-45
1.3830732e-45
4.8029954e-46
1.6634712e-46
5.7474671e-47
1.9762365e-47
6.9179547e-48
1.9655384e-48
7.9960886
8.0050945
7.9929641
8.0057035
7.9810096
7.9980917
7.939435
7.9530687
7.793799
7.6986875
7.2216086
5.528232
4.2847088
3.1719626
2.3619932
1.6886609
1.1080787
0.63001217
0.32608319
0.20786744
0.15664974
0.10922205
0.070576079
0.054907298
0.069984317
0.12508786
0.2344363
0.41493017
0.68146485
1.0425367
1.4975624
2.0362663
2.6398936
3.2836069
3.9395583
4.580221
5.1814915
5.7250868
6.2000079
6.6027277
6.9361249
7.2074216
7.4257522
7.6002813
7.7391926
7.8493755
7.9364813
8.0051107
8.0590071
8.1012169
8.1342127
8.1599837
8.1801068
8.1958055
8.2079997
8.2173498
8.224295
8.2290868
8.2318151
8.2324311
8.2307628
8.2265275
8.2193392
8.2087129
8.1940659
8.1747165
8.1498808
8.1186664
8.080066
8.0329487
7.9760536
7.9079841
7.8272067
7.7320528
7.620726
7.4913174
7.3418329
7.1702448
6.9745754
6.7530263
6.504155
6.2270941
5.9217918
5.589243
5.231669
4.8526078
4.4568833
4.0504405
3.6400542
3.2329383
2.8363002
2.4568915
2.1006065
1.7721686
1.4749336
1.2108186
0.98034969
0.78280971
0.61645567
0.47877587
0.36675556
0.27712618
0.2065801
0.15194024
0.11028136
0.079005052
0.055874691
0.039018593
0.026910174
0.018333473
0.012341076
0.0082099273
0.0053988586
0.0035102602
0.0022570916
0.0014355835
0.00090338466
0.0005625692
0.0003467611
0.0002116051
0.00012786489
7.6522941e-05
4.5366018e-05
2.6647067e-05
1.551053e-05
8.9482618e-06
5.1175198e-06
2.9017558e-06
1.6315939e-06
9.0987203e-07
5.0330433e-07
2.7620151e-07
1.5039292e-07
8.1263161e-08
4.3579486e-08
2.3197859e-08
1.2258708e-08
6.4316804e-09
3.3507151e-09
1.7335354e-09
8.9075323e-10
4.5462948e-10
2.305037e-10
1.1610787e-10
5.8110018e-11
2.8899269e-11
1.4282656e-11
7.0154593e-12
3.4250418e-12
1.662168e-12
8.0189759e-13
3.8462065e-13
1.8342132e-13
8.6976827e-14
4.1013419e-14
1.923306e-14
8.9701847e-15
4.1611638e-15
1.9200731e-15
8.8133017e-16
4.0244378e-16
1.828288e-16
8.2638657e-17
3.7166106e-17
1.6632645e-17
7.4071432e-18
3.2827631e-18
1.4479426e-18
6.3563725e-19
2.7773855e-19
1.207964e-19
5.2297936e-20
2.2539751e-20
9.6709357e-21
4.1310754e-21
1.7569242e-21
7.4397402e-22
3.1368707e-22
1.317008e-22
5.5061962e-23
2.2924746e-23
9.5052773e-24
3.9250928e-24
1.6142734e-24
6.6124614e-25
2.6978924e-25
1.0964221e-25
4.4385236e-26
1.7898746e-26
7.1902735e-27
2.8775448e-27
1.147275e-27
4.5571819e-28
1.8035285e-28
7.1115066e-29
2.7939982e-29
1.0937807e-29
4.2666542e-30
1.6584829e-30
6.4241255e-31
2.4797581e-31
9.5391478e-32
3.6570195e-32
1.3972518e-32
5.3206404e-33
2.019328e-33
7.6386272e-34
2.8800551e-34
1.0823675e-34
4.0546036e-35
1.5140242e-35
5.6355842e-36
2.0911132e-36
7.7349809e-37
2.8522956e-37
1.048561e-37
3.84297e-38
1.4041854e-38
5.1153574e-39
1.8579387e-39
6.7282223e-40
2.4293626e-40
8.7461486e-41
3.1396638e-41
1.1238294e-41
4.0112309e-42
1.4276571e-42
5.0669655e-43
1.7933229e-43
6.3294244e-44
2.2277866e-44
7.8197886e-45
2.7373911e-45
9.5566818e-46
3.3274789e-46
1.1554653e-46
4.0027277e-47
1.3798797e-47
4.8435934e-48
1.3793658e-48
8.0025663
7.9881572
7.9783174
7.941607
7.9096522
7.8374674
7.7609673
7.6169003
7.4121757
7.0688821
6.2980145
4.9102246
3.1900852
1.0853441
0.68874304
0.41479324
0.22641525
0.10188904
0.071229841
0.047635608
0.035587568
0.024905577
0.019687
0.025786238
0.049563181
0.10020679
0.18977988
0.33098065
0.53415912
0.80491192
1.1429936
1.5426196
1.9936923
2.4832286
2.9965921
3.5185644
4.0342784
4.5300243
4.9940776
5.4173203
5.7939488
6.1217831
6.4016965
6.6367568
6.8312425
6.9898953
7.1174062
7.2180959
7.2957619
7.353645
7.3944543
7.4204161
7.4333339
7.4346489
7.425496
7.4067537
7.3790855
7.3429766
7.2987631
7.2466566
7.1867638
7.1191028
7.0436164
6.9601833
6.8686263
6.7687203
6.6601986
6.5427593
6.4160723
6.2797866
6.1335398
5.9769687
5.8097241
5.6314873
5.4419927
5.2410537
5.0285971
4.804704
4.569659
4.3240056
4.0686036
3.8046821
3.5338775
3.2582492
2.9802611
2.7027254
2.4287066
2.1613917
1.9039361
1.6593004
1.4300952
1.2184477
1.0259055
0.85338393
0.70116051
0.56891285
0.45579324
0.36052906
0.28153726
0.21704156
0.16518225
0.12411151
0.092069315
0.067438542
0.048779461
0.034846125
0.024587856
0.017139628
0.011805044
0.0080351567
0.0054058017
0.0035953897
0.0023644766
0.0015378421
0.00098937614
0.0006297523
0.00039666357
0.00024728866
0.00015261591
9.3259345e-05
5.6436992e-05
3.3829438e-05
2.0089261e-05
1.1820843e-05
6.8932402e-06
3.9843929e-06
2.2831579e-06
1.2972215e-06
7.3091017e-07
4.0846133e-07
2.2643229e-07
1.2453395e-07
6.7960846e-08
3.6805206e-08
1.9783141e-08
1.0555313e-08
5.5910012e-09
2.9403687e-09
1.5355266e-09
7.9635069e-10
4.1019426e-10
2.0987386e-10
1.0667307e-10
5.3866858e-11
2.7027169e-11
1.34751e-11
6.6765987e-12
3.287825e-12
1.6092722e-12
7.8298601e-13
3.7871933e-13
1.8211862e-13
8.7075935e-14
4.1398209e-14
1.9572056e-14
9.2022477e-15
4.3031281e-15
2.0014148e-15
9.2593676e-16
4.2613295e-16
1.9509945e-16
8.8867099e-17
4.0274142e-17
1.8160912e-17
8.1489224e-18
3.6386347e-18
1.6168753e-18
7.1505249e-19
3.1473543e-19
1.3788665e-19
6.0129795e-20
2.6101757e-20
1.1279334e-20
4.8523438e-21
2.0782338e-21
8.8620029e-22
3.7625609e-22
1.5906275e-22
6.6958468e-23
2.8068101e-23
1.1716803e-23
4.8709258e-24
2.0166829e-24
8.3158088e-25
3.4153008e-25
1.3971e-25
5.6926733e-26
2.3105277e-26
9.3417426e-27
3.7625453e-27
1.5096902e-27
6.034774e-28
2.4033436e-28
9.5360116e-29
3.7698827e-29
1.4849539e-29
5.8282183e-30
2.2793439e-30
8.8827675e-31
3.449564e-31
1.3349666e-31
5.1484858e-32
1.9788096e-32
7.5797717e-33
2.8936629e-33
1.1010102e-33
4.1753999e-34
1.578264e-34
5.9463095e-35
2.233124e-35
8.359623e-36
3.1194642e-36
1.1603888e-36
4.3029652e-37
1.5906822e-37
5.8621998e-38
2.1538208e-38
7.8893342e-39
2.8811301e-39
1.0490275e-39
3.8082204e-40
1.3784086e-40
4.9746662e-41
1.7901496e-41
6.4233747e-42
2.2982369e-42
8.1996042e-43
2.9172011e-43
1.0349609e-43
3.6616281e-44
1.2918906e-44
4.5455548e-45
1.5950195e-45
5.5817593e-46
1.9481021e-46
6.7808325e-47
2.3545677e-47
8.1360121e-48
2.8629273e-48
8.1703481e-49
7.8765159
7.6512748
7.450346
7.2451385
7.0578172
6.8516256
6.6554579
6.4118616
6.1584681
5.7743227
5.2989992
4.3948771
2.2106947
1.8721193e-09
-7.4992437e-11
-1.5729462e-11
7.5105411e-12
0.0013032745
0.012002019
0.0089904382
0.0068650894
0.0058394257
0.0076273266
0.014952525
0.031870363
0.064139109
0.11858036
0.20165735
0.31796809
0.46926425
0.65425688
0.86909574
1.1081961
1.3650634
1.6329329
1.9052187
2.1757581
2.4389192
2.6896564
2.9235388
3.1370713
3.3279689
3.4951601
3.6387435
3.7596926
3.8595551
3.9401769
4.003474
4.0512792
4.0852646
4.1069087
4.1174922
4.1181066
4.109675
4.0929744
4.0686572
4.0372703
3.9992714
3.9550439
3.9049081
3.8491317
3.7879376
3.7215118
3.6500094
3.57356
3.4922724
3.4062392
3.3155424
3.2202579
3.1204617
3.0162361
2.9076767
2.7949011
2.6780572
2.5573342
2.4329738
2.3052824
2.1746444
2.0415347
1.9065306
1.7703195
1.6337024
1.4975896
1.3629876
1.2309757
1.1026731
0.97919722
0.86161681
0.75090333
0.64788498
0.55320808
0.46730907
0.39039996
0.32246798
0.263289
0.21245279
0.16939702
0.1334467
0.10385514
0.079843406
0.060635427
0.04548699
0.033707707
0.024675744
0.01784585
0.012751616
0.0090031982
0.0062817569
0.0043318483
0.0029527956
0.0019898768
0.0013259284
0.00087374889
0.00056950813
0.00036722818
0.00023430003
0.0001479406
9.2461304e-05
5.7209647e-05
3.5050474e-05
2.1267285e-05
1.2782066e-05
7.6109188e-06
4.4905041e-06
2.6257208e-06
1.5218411e-06
8.7443511e-07
4.9818639e-07
2.8146783e-07
1.5772596e-07
8.7675467e-08
4.8352032e-08
2.6458944e-08
1.4368422e-08
7.7442678e-09
4.143245e-09
2.2006069e-09
1.1604782e-09
6.0767824e-10
3.1600987e-10
1.6321667e-10
8.3735689e-11
4.2675921e-11
2.1608478e-11
1.0871162e-11
5.4347385e-12
2.7000483e-12
1.3331924e-12
6.543042e-13
3.1920406e-13
1.5480828e-13
7.4643399e-14
3.5784383e-14
1.70582e-14
8.0861582e-15
3.8119893e-15
1.7872767e-15
8.3347416e-16
3.8661757e-16
1.783973e-16
8.1891673e-17
3.7399248e-17
1.6993542e-17
7.6829593e-18
3.4563831e-18
1.5473496e-18
6.893699e-19
3.0565883e-19
1.3488552e-19
5.9246131e-20
2.5902577e-20
1.1272905e-20
4.8838216e-21
2.106374e-21
9.0444721e-22
3.8665439e-22
1.6457889e-22
6.9751879e-23
2.9436561e-23
1.2370464e-23
5.1769117e-24
2.1575411e-24
8.9550572e-25
3.7018233e-25
1.5241153e-25
6.2501617e-26
2.5530078e-26
1.0387629e-26
4.2101707e-27
1.6998763e-27
6.8372965e-28
2.7397806e-28
1.0937701e-28
4.3504037e-29
1.7240126e-29
6.8072636e-30
2.6781792e-30
1.0499172e-30
4.1013999e-31
1.5965548e-31
6.193313e-32
2.3942106e-32
9.2238928e-33
3.5415304e-33
1.3552037e-33
5.1685298e-34
1.9646717e-34
7.4436343e-35
2.8110175e-35
1.0581245e-35
3.9702305e-36
1.4849484e-36
5.5364891e-37
2.057764e-37
7.6243921e-38
2.8162662e-38
1.0370775e-38
3.8073938e-39
1.3935848e-39
5.0855479e-40
1.8503358e-40
6.7124543e-41
2.4279487e-41
8.7565771e-42
3.1490176e-42
1.1291996e-42
4.0376644e-43
1.4396683e-43
5.1188931e-44
1.815013e-44
6.4177383e-45
2.2630348e-45
7.9582173e-46
2.7910249e-46
9.7621289e-47
3.4052831e-47
1.1849983e-47
4.1033801e-48
1.4471522e-48
4.1379657e-49
0.12862743
0.34329538
0.55593647
0.74793496
0.95037831
1.1387909
1.3564688
1.5729057
1.8630375
2.1908898
2.7797489
3.1666037
1.5557826
1.4082721e-09
-1.9091294e-11
-3.542949e-12
1.6586227e-12
0.00039648163
0.0039997697
0.0028997341
0.0021312135
0.0020703127
0.0034176817
0.007398621
0.015971146
0.031771264
0.057588779
0.095601802
0.14674219
0.21042744
0.28465671
0.36632839
0.45165495
0.53663212
0.61752617
0.69128695
0.75583235
0.81015146
0.85423885
0.88891827
0.91554415
0.93565221
0.95071836
0.9620005
0.97049108
0.9769265
0.98182693
0.98554708
0.98832241
0.99030351
0.99158034
0.99219936
0.99217529
0.99149877
0.99014139
0.98805952
0.98519719
0.98148849
0.97685949
0.97123007
0.96451562
0.95662856
0.94747988
0.93698076
0.92504414
0.91158639
0.89652907
0.87980076
0.86133902
0.8410926
0.8190238
0.79511108
0.76935188
0.7417657
0.71239727
0.68131993
0.64863884
0.61449398
0.5790626
0.54256067
0.50524293
0.46740105
0.4293595
0.39146885
0.35409649
0.31761502
0.282389
0.24876079
0.21703673
0.18747471
0.1602742
0.13556969
0.11342791
0.093848998
0.076771426
0.062079918
0.04961564
0.039187621
0.030584462
0.023585476
0.017970541
0.013528242
0.010062035
0.0073944176
0.0053692499
0.0038524801
0.0027316008
0.0019141843
0.0013258236
0.00090776749
0.00061447875
0.00041128554
0.00027223829
0.00017823476
0.00011543675
7.3973735e-05
4.6910257e-05
2.9443618e-05
1.8294674e-05
1.1255006e-05
6.8569616e-06
4.1377055e-06
2.4734639e-06
1.4650248e-06
8.5990787e-07
5.0026379e-07
2.8850782e-07
1.6496698e-07
9.3537364e-08
5.260026e-08
2.9340634e-08
1.6236493e-08
8.9149033e-09
4.8573723e-09
2.6266572e-09
1.409866e-09
7.512391e-10
3.9742603e-10
2.0876731e-10
1.0890441e-10
5.6422527e-11
2.9035517e-11
1.484298e-11
7.5382471e-12
3.8038148e-12
1.9072556e-12
9.5033919e-13
4.7061649e-13
2.3163914e-13
1.1333121e-13
5.5120797e-14
2.6652896e-14
1.2813566e-14
6.1252693e-15
2.9116687e-15
1.3764218e-15
6.4711944e-16
3.0260103e-16
1.4074676e-16
6.5120364e-17
2.9973213e-17
1.372508e-17
6.252993e-18
2.8345122e-18
1.2785311e-18
5.7386725e-19
2.5633208e-19
1.1394872e-19
5.0414329e-20
2.2200319e-20
9.7307714e-21
4.2456072e-21
1.843988e-21
7.9730208e-22
3.432058e-22
1.4708665e-22
6.2762228e-23
2.6665463e-23
1.1280918e-23
4.752288e-24
1.993619e-24
8.3287632e-25
3.4652552e-25
1.4358975e-25
5.9260048e-26
2.4359447e-26
9.9736922e-27
4.0676499e-27
1.6525168e-27
6.6877242e-28
2.6962249e-28
1.0829142e-28
4.3331802e-29
1.7274627e-29
6.8614198e-30
2.7154173e-30
1.0707552e-30
4.2071529e-31
1.6471918e-31
6.4264466e-32
2.4985115e-32
9.6802856e-33
3.7376951e-33
1.438271e-33
5.5158295e-34
2.1082696e-34
8.0315324e-35
3.0495742e-35
1.1541439e-35
4.3538345e-36
1.6371413e-36
6.1364001e-37
2.2927948e-37
8.5398724e-38
3.1709014e-38
1.1737338e-38
4.3313391e-39
1.5934945e-39
5.8447333e-40
2.1373437e-40
7.7927237e-41
2.83282e-41
1.0267694e-41
3.7107387e-42
1.3371822e-42
4.8047701e-43
1.7215333e-43
6.1507476e-44
2.1913854e-44
7.7856824e-45
2.7584821e-45
9.746477e-46
3.4342944e-46
1.2068348e-46
4.2294912e-47
1.4782681e-47
5.1543351e-48
1.7882973e-48
6.3197355e-49
1.810287e-49
0.0018283936
0.0072893887
0.026943524
0.052690214
0.097083511
0.1547229
0.24899256
0.36969318
0.60965353
0.88694672
1.8275631
2.50192
1.5117595
0.37164161
0.20049272
0.10759219
0.053799568
0.022358747
0.014721868
0.0087101945
0.0055263017
0.0033156172
0.0024352434
0.0033225416
0.0064966022
0.012736075
0.022837906
0.037236267
0.055766562
0.07764458
0.10157907
0.12591896
0.14881874
0.16847599
0.18342715
0.19278772
0.1963742
0.19467138
0.18866131
0.17960439
0.16875146
0.15711937
0.14543703
0.13416069
0.12355518
0.11376561
0.10486869
0.09690595
0.089901313
0.083866885
0.078803787
0.074702023
0.071540582
0.069287428
0.067899689
0.067324497
0.067500168
0.068357462
0.069820817
0.071809566
0.074239107
0.077021901
0.080068376
0.083287828
0.086589325
0.08988259
0.093078889
0.096091911
0.098838705
0.10124066
0.10322456
0.10472372
0.1056792
0.10604103
0.10576957
0.1048368
0.10322758
0.10094079
0.097990298
0.094405556
0.090231753
0.085529393
0.080373196
0.074850234
0.069057319
0.063097716
0.057077323
0.051100572
0.04526631
0.039663986
0.034370414
0.029447358
0.024940092
0.020876975
0.01727003
0.014116361
0.011400247
0.0090956635
0.0071689968
0.0055817408
0.004292985
0.003261565
0.0024477967
0.0018147629
0.0013291654
0.00096178626
0.00068762347
0.00048577332
0.0003391342
0.00023399906
0.00015959382
0.00010760613
7.1736627e-05
4.7292863e-05
3.0836998e-05
1.9890436e-05
1.2693706e-05
8.0164546e-06
5.010778e-06
3.1005356e-06
1.8995779e-06
1.1525143e-06
6.9260193e-07
4.1233276e-07
2.4322946e-07
1.4218858e-07
8.2388748e-08
4.7325858e-08
2.6954257e-08
1.5223814e-08
8.5281304e-09
4.7389643e-09
2.6126143e-09
1.4291916e-09
7.7586833e-10
4.1804709e-10
2.2359257e-10
1.1872388e-10
6.2592063e-11
3.2768089e-11
1.7036575e-11
8.7975129e-12
4.5126295e-12
2.299513e-12
1.1641836e-12
5.8563663e-13
2.927498e-13
1.45434e-13
7.1808286e-14
3.5241921e-14
1.7193219e-14
8.3387819e-15
4.0209634e-15
1.9278494e-15
9.1910277e-16
4.3574734e-16
2.0545467e-16
9.6346966e-17
4.4939706e-17
2.085073e-17
9.6236363e-18
4.4188714e-18
2.0186661e-18
9.1753935e-19
4.1497076e-19
1.867531e-19
8.3637316e-20
3.7276758e-20
1.6535042e-20
7.3000265e-21
3.2078783e-21
1.4031611e-21
6.1096288e-22
2.6482607e-22
1.1427884e-22
4.9096469e-23
2.1000701e-23
8.9440819e-24
3.7929332e-24
1.6016613e-24
6.735045e-25
2.8203473e-25
1.176182e-25
4.885101e-26
2.020769e-26
8.3256947e-27
3.4166568e-27
1.3966107e-27
5.686673e-28
2.3065642e-28
9.3199269e-29
3.7515789e-29
1.5044751e-29
6.010904e-30
2.3927243e-30
9.4898121e-31
3.7501486e-31
1.4766542e-31
5.7937789e-32
2.2652232e-32
8.8254932e-33
3.426562e-33
1.3258133e-33
5.1123751e-34
1.9646796e-34
7.5249128e-35
2.8725243e-35
1.0929243e-35
4.1446906e-36
1.5666828e-36
5.9029363e-37
2.2169924e-37
8.3000407e-38
3.0976107e-38
1.1524301e-38
4.2741906e-39
1.5803561e-39
5.8254297e-40
2.1408334e-40
7.8438542e-41
2.8653498e-41
1.0436067e-41
3.7898026e-42
1.3722279e-42
4.9542173e-43
1.7834958e-43
6.4021584e-44
2.2916426e-44
8.1797927e-45
2.9115304e-45
1.0334573e-45
3.6581745e-46
1.291354e-46
4.546146e-47
1.5961298e-47
5.5887466e-48
1.9521493e-48
6.7849739e-49
2.40222e-49
6.8924821e-50
0.01090124
-0.012454763
0.015787922
-0.015752547
0.031801976
-0.0146791
0.08423705
0.011358093
0.26475647
0.20038948
0.95180402
2.2766611
1.9580695
1.2042046
0.77921438
0.49585817
0.2947069
0.15301117
0.07156188
0.039559789
0.025048656
0.014474466
0.0074701851
0.0041355851
0.0035603846
0.0050552541
0.0083421223
0.013297606
0.01975363
0.027448295
0.036049851
0.045181479
0.054451222
0.063528987
0.072244164
0.080623524
0.088832159
0.097037299
0.10524506
0.11319801
0.12038382
0.12617621
0.13002446
0.13159062
0.13079846
0.12780609
0.12293587
0.11659537
0.10921157
0.10118517
0.092864093
0.084532284
0.076408919
0.068653751
0.061375572
0.054641674
0.048487005
0.042922289
0.03794081
0.033523812
0.02964462
0.026271643
0.023370473
0.020905278
0.018839653
0.017137114
0.015761339
0.014676274
0.013846175
0.013235643
0.012809693
0.012533883
0.01237453
0.012298994
0.01227606
0.012276382
0.01227299
0.012241822
0.012162264
0.012017642
0.011795648
0.011488623
0.011093688
0.010612665
0.010051778
0.0094211339
0.0087340012
0.0080059282
0.0072537656
0.0064946628
0.005745115
0.0050201294
0.0043325654
0.0036926848
0.0031079226
0.002582869
0.002119436
0.0017171667
0.0013736417
0.0010849345
0.00084607294
0.00065147306
0.00049531838
0.00037187038
0.00027570379
0.00020186818
0.00014598302
0.0001042766
7.3581325e-05
5.12975e-05
3.5336984e-05
2.4056327e-05
1.6186847e-05
1.076711e-05
7.0813255e-06
4.6056017e-06
2.962751e-06
1.8854869e-06
1.187287e-06
7.3990646e-07
4.5642822e-07
2.7875858e-07
1.6858896e-07
1.0098556e-07
5.9924112e-08
3.5232016e-08
2.0527996e-08
1.1855134e-08
6.7872345e-09
3.8528235e-09
2.1688847e-09
1.2109712e-09
6.7071472e-10
3.6856408e-10
2.0096553e-10
1.0874859e-10
5.840867e-11
3.1141436e-11
1.6483968e-11
8.6636131e-12
4.5216929e-12
2.3437793e-12
1.2066835e-12
6.171302e-13
3.1355333e-13
1.5828518e-13
7.9397162e-14
3.9577294e-14
1.9606627e-14
9.6541385e-15
4.7251444e-15
2.2990247e-15
1.1120754e-15
5.3483653e-16
2.5576277e-16
1.2162291e-16
5.7515748e-17
2.7050934e-17
1.2654116e-17
5.887957e-18
2.7252684e-18
1.2548552e-18
5.7483705e-19
2.6199277e-19
1.1881005e-19
5.3611962e-20
2.4073524e-20
1.0757498e-20
4.7840995e-21
2.1175304e-21
9.328724e-22
4.0907241e-22
1.7856042e-22
7.7588715e-23
3.3563023e-23
1.445417e-23
6.197475e-24
2.6457303e-24
1.1246172e-24
4.7600454e-25
2.0062411e-25
8.4205212e-26
3.519625e-26
1.4651188e-26
6.0741491e-27
2.5081357e-27
1.03154e-27
4.2257798e-28
1.7243653e-28
7.009208e-29
2.8381889e-29
1.1448839e-29
4.6009152e-30
1.8420622e-30
7.347777e-31
2.9202055e-31
1.1563533e-31
4.5624802e-32
1.7937349e-32
7.0270911e-33
2.7432539e-33
1.0671915e-33
4.1373027e-34
1.5984655e-34
6.1547794e-35
2.361876e-35
9.0333526e-36
3.4434978e-36
1.3083417e-36
4.9547814e-37
1.8703416e-37
7.0375519e-38
2.6395956e-38
9.869134e-39
3.6783851e-39
1.3667286e-39
5.0624954e-40
1.8694526e-40
6.8824294e-41
2.5261345e-41
9.2441799e-42
3.3727732e-42
1.226937e-42
4.4502374e-43
1.6094562e-43
5.8038927e-44
2.0869541e-44
7.4828776e-45
2.6754415e-45
9.5389828e-46
3.3915411e-46
1.2025109e-46
4.2519321e-47
1.4993296e-47
5.2726761e-48
1.8491952e-48
6.4697035e-49
2.2522276e-49
7.987308e-50
2.2951769e-50
0.024745062
-0.029456038
0.034060524
-0.040626626
0.048111694
-0.054547525
0.0679002
-0.051158914
0.082730733
0.12589117
0.062021989
1.389177
1.9121693
1.8008161
1.3468247
0.92429713
0.58830855
0.34791988
0.20796611
0.13408647
0.088214837
0.054297227
0.030734756
0.016860266
0.0098354892
0.0069637284
0.0065848484
0.0079136248
0.010686566
0.014915155
0.02076828
0.028483094
0.038290298
0.050355652
0.06470944
0.081167577
0.099238157
0.11805333
0.1363893
0.15280742
0.16592135
0.17469968
0.17864637
0.17781577
0.17271049
0.16412262
0.1529709
0.14016967
0.12654132
0.11276836
0.099376697
0.086740526
0.075099982
0.064584705
0.055238658
0.047043336
0.039937856
0.033835284
0.028635236
0.024233083
0.02052632
0.017418647
0.014822316
0.012659201
0.010860988
0.0093687786
0.008132342
0.0071091755
0.0062635002
0.0055652659
0.0049892205
0.004514074
0.0041217767
0.0037969183
0.0035262463
0.0032982986
0.0031031381
0.0029321754
0.0027780598
0.002634621
0.0024968393
0.0023608266
0.0022237996
0.0020840327
0.0019407812
0.0017941725
0.0016450651
0.0014948831
0.0013454355
0.0011987324
0.0010568111
0.00092158251
0.00079470751
0.00067750858
0.00057091866
0.00047546537
0.00039128631
0.00031816878
0.0002556065
0.00020286574
0.00015905418
0.00012318662
9.4243599e-05
7.1220231e-05
5.3163933e-05
3.9201092e-05
2.8553427e-05
2.0545461e-05
1.4604838e-05
1.0257318e-05
7.1181513e-06
4.8813981e-06
3.3084063e-06
2.2164163e-06
1.467938e-06
9.613003e-07
6.225595e-07
3.9879722e-07
2.5272883e-07
1.5847942e-07
9.835396e-08
6.0422394e-08
3.6751703e-08
2.2136882e-08
1.3206873e-08
7.8057021e-09
4.5712467e-09
2.6530689e-09
1.5262721e-09
8.7048469e-10
4.9227751e-10
2.7608961e-10
1.5358561e-10
8.4757521e-11
4.6408516e-11
2.5215703e-11
1.3597481e-11
7.2780956e-12
3.8672726e-12
2.0402035e-12
1.0687495e-12
5.5598404e-13
2.8726409e-13
1.4742798e-13
7.5162905e-14
3.8071176e-14
1.9160233e-14
9.5820486e-15
4.7622174e-15
2.3522975e-15
1.1549024e-15
5.6364432e-16
2.7346861e-16
1.3191285e-16
6.3267088e-17
3.0172592e-17
1.4309469e-17
6.7490365e-18
3.165905e-18
1.4771395e-18
6.8555402e-19
3.1650941e-19
1.4537306e-19
6.6429439e-20
3.0202498e-20
1.3663327e-20
6.1507282e-21
2.7553553e-21
1.2283827e-21
5.4502728e-22
2.406879e-22
1.0579477e-22
4.6288176e-23
2.0160133e-23
8.7408816e-24
3.7729086e-24
1.6213499e-24
6.9370763e-25
2.9552544e-25
1.253577e-25
5.2949706e-26
2.2271571e-26
9.3289088e-27
3.8915372e-27
1.6167363e-27
6.6896263e-28
2.7569306e-28
1.1316901e-28
4.6272507e-29
1.8846388e-29
7.6464238e-30
3.0905018e-30
1.2443858e-30
4.9917317e-31
1.9949503e-31
7.9434987e-32
3.1514073e-32
1.2457301e-32
4.9066346e-33
1.9257378e-33
7.5314295e-34
2.9351983e-34
1.139961e-34
4.4121233e-35
1.7018555e-35
6.5422533e-36
2.5065341e-36
9.5713515e-37
3.6428223e-37
1.3819083e-37
5.2252644e-38
1.9694108e-38
7.3990219e-39
2.7709782e-39
1.0344831e-39
3.8499554e-40
1.4283689e-40
5.2830872e-41
1.9480851e-41
7.1616128e-42
2.6248613e-42
9.59189e-43
3.4947324e-43
1.2695361e-43
4.5984019e-44
1.6607671e-44
5.9808046e-45
2.147675e-45
7.6903206e-46
2.7459718e-46
9.7775961e-47
3.4718509e-47
1.2293952e-47
4.3414175e-48
1.5289421e-48
5.3698765e-49
1.8814155e-49
6.5587673e-50
2.3293979e-50
6.702623e-51
0.01306296
-0.014401005
0.014482825
-0.013186424
0.0083723252
0.0016191893
-0.021126473
0.058268861
-0.10793024
0.21315172
-0.17210795
0.38948089
1.1886139
1.6694038
1.7414868
1.4357435
1.052218
0.71394465
0.47556765
0.32769983
0.22916462
0.15667147
0.10354759
0.067772687
0.045648505
0.032911961
0.02626051
0.02366457
0.024144718
0.027362347
0.033411477
0.042597927
0.05523973
0.071476794
0.091037239
0.11314412
0.13651511
0.15943858
0.17997238
0.1962644
0.2069077
0.21117616
0.20906914
0.20121176
0.1886678
0.17272345
0.1546933
0.13577743
0.11697473
0.099045426
0.082511224
0.067680419
0.054686271
0.043529481
0.034118491
0.026304124
0.019907136
0.014738649
0.010614211
0.0073626189
0.004830722
0.0028853221
0.0014131252
0.00031948348
-0.00047352155
-0.0010292717
-0.0013988301
-0.0016230337
-0.001734381
-0.0017586802
-0.0017164546
-0.0016241171
-0.0014949306
-0.001339777
-0.0011677529
-0.00098660824
-0.00080304762
-0.00062290903
-0.00045124283
-0.00029231454
-0.0001495599
-2.5522067e-05
7.820037e-05
0.00016097079
0.00022308153
0.00026566462
0.00029055077
0.00030008934
0.00029694795
0.00028391196
0.00026370263
0.00023882826
0.00021147699
0.0001834536
0.00015615737
0.00013059448
0.0001074158
8.6970756e-05
6.9368543e-05
5.4539553e-05
4.2291824e-05
3.2359356e-05
2.444083e-05
1.8228617e-05
1.3428909e-05
9.7743103e-06
7.0304571e-06
4.9982057e-06
3.5127635e-06
2.4409092e-06
1.6771842e-06
1.1397028e-06
7.6601638e-07
5.0930014e-07
3.350067e-07
2.1803864e-07
1.4043397e-07
8.9522136e-08
5.6489972e-08
3.5290698e-08
2.1830533e-08
1.3373725e-08
8.1151073e-09
4.8782108e-09
2.9055086e-09
1.7149435e-09
1.0032607e-09
5.8181325e-10
3.3452428e-10
1.9072737e-10
1.0784634e-10
6.0487941e-11
3.3656238e-11
1.8580453e-11
1.0178875e-11
5.534177e-12
2.9865607e-12
1.5999566e-12
8.5097235e-13
4.4941059e-13
2.3568958e-13
1.2275913e-13
6.3508122e-14
3.2637064e-14
1.6662579e-14
8.4520962e-15
4.2600848e-15
2.1337476e-15
1.0621287e-15
5.2548198e-16
2.5841716e-16
1.2632899e-16
6.1395606e-17
2.9665908e-17
1.4252689e-17
6.8090523e-18
3.2348811e-18
1.528418e-18
7.1823701e-19
3.3570991e-19
1.5608443e-19
7.2190771e-20
3.3216772e-20
1.5205939e-20
6.9258799e-21
3.1388299e-21
1.4155214e-21
6.3525058e-22
2.8371176e-22
1.2610619e-22
5.5788533e-23
2.4565473e-23
1.07671e-23
4.6977195e-24
2.0403798e-24
8.8224867e-25
3.7979316e-25
1.6277926e-25
6.946501e-26
2.9516657e-26
1.2488803e-26
5.2619327e-27
2.2077936e-27
9.2252447e-28
3.8390241e-28
1.5911246e-28
6.5681736e-29
2.7005887e-29
1.1060168e-29
4.5120114e-30
1.833578e-30
7.4227454e-31
2.9935097e-31
1.2027143e-31
4.8142037e-32
1.91991e-32
7.6286161e-33
3.0201806e-33
1.1913954e-33
4.6830429e-34
1.8342678e-34
7.1593351e-35
2.7846508e-35
1.0793678e-35
4.1694737e-36
1.6051598e-36
6.1587496e-37
2.3551356e-37
8.976356e-38
3.4100164e-38
1.2912088e-38
4.8733909e-39
1.8334616e-39
6.8758918e-40
2.5704764e-40
9.5793525e-41
3.5588283e-41
1.3180642e-41
4.8667035e-42
1.7914801e-42
6.5747282e-43
2.4057031e-43
8.7763576e-44
3.1923033e-44
1.1577664e-44
4.1867197e-45
1.5096359e-45
5.4278131e-46
1.9459911e-46
6.9571108e-47
2.4802633e-47
8.8177151e-48
3.1261676e-48
1.1052858e-48
3.897202e-49
1.3703816e-49
4.8070043e-50
1.6777117e-50
5.9656748e-51
1.7185466e-51
-0.019025096
0.024189836
-0.029855739
0.039632828
-0.051542038
0.06864263
-0.088547422
0.110058
-0.12171047
0.1100873
-0.018881999
-0.036729609
0.35812403
0.87502445
1.3000165
1.5511948
1.5040675
1.1881975
0.88589956
0.6687104
0.50310205
0.37629377
0.28257226
0.21546313
0.16816582
0.13578072
0.11471468
0.10207154
0.09589643
0.09497805
0.098849019
0.10743907
0.12056146
0.13761472
0.15752433
0.17880746
0.19962526
0.21791437
0.23165504
0.23924645
0.23981519
0.23331505
0.22044046
0.20243934
0.18087703
0.15739385
0.13350142
0.11044505
0.089138765
0.07016137
0.053794035
0.040079825
0.028889836
0.0199853
0.013069669
0.007828367
0.0039564203
0.0011755902
-0.00075674668
-0.0020446894
-0.0028548514
-0.0033197243
-0.0035421724
-0.0036002399
-0.0035517635
-0.0034385125
-0.0032897365
-0.0031251057
-0.0029570871
-0.0027928301
-0.0026356489
-0.0024861826
-0.0023433109
-0.0022048874
-0.0020683351
-0.0019311362
-0.0017912256
-0.0016472884
-0.0014989508
-0.0013468522
-0.0011925942
-0.0010385735
-0.00088771923
-0.00074317384
-0.00060795958
-0.00048467773
-0.00037527782
-0.00028092123
-0.00020194647
-0.00013792703
-8.7800683e-05
-5.0042165e-05
-2.285038e-05
-4.3252008e-06
7.3841112e-06
1.3968789e-05
1.6891206e-05
1.7352958e-05
1.6293352e-05
1.4409673e-05
1.2190658e-05
9.9557757e-06
7.8946847e-06
6.1031017e-06
4.6130295e-06
3.4166143e-06
2.4838495e-06
1.7748969e-06
1.2480504e-06
8.6440123e-07
5.9016738e-07
3.9748099e-07
2.6424435e-07
1.73492e-07
1.125508e-07
7.2177753e-08
4.5773734e-08
2.8717419e-08
1.7829359e-08
1.0957754e-08
6.6684928e-09
4.0194864e-09
2.4002654e-09
1.4203529e-09
8.330635e-10
4.8439077e-10
2.792773e-10
1.5969046e-10
9.05739e-11
5.0966075e-11
2.845659e-11
1.5767907e-11
8.6719645e-12
4.734486e-12
2.5662374e-12
1.3811585e-12
7.3818368e-13
3.9183998e-13
2.0659672e-13
1.0820651e-13
5.6304323e-14
2.9109163e-14
1.4953989e-14
7.6341706e-15
3.8732985e-15
1.9532142e-15
9.7904551e-16
4.878353e-16
2.4165351e-16
1.1901283e-16
5.827813e-17
2.8376456e-17
1.3739794e-17
6.6160662e-18
3.1684323e-18
1.509179e-18
7.1501464e-19
3.3697105e-19
1.5797878e-19
7.3681411e-20
3.4189613e-20
1.5784509e-20
7.2508964e-21
3.3143529e-21
1.5075595e-21
6.8240264e-22
3.0741066e-22
1.378257e-22
6.1502855e-23
2.7317093e-23
1.2077244e-23
5.3151439e-24
2.3286026e-24
1.0156123e-24
4.4099271e-25
1.9064447e-25
8.2058669e-26
3.5168188e-26
1.5007845e-26
6.377446e-27
2.6986858e-27
1.1372389e-27
4.7726695e-28
1.9947917e-28
8.3037883e-29
3.4428114e-29
1.4217523e-29
5.8482194e-30
2.3962241e-30
9.780253e-31
3.976548e-31
1.6106836e-31
6.4994452e-32
2.6128734e-32
1.0465265e-32
4.1762404e-33
1.6604947e-33
6.5783878e-34
2.5968353e-34
1.0214689e-34
4.0038181e-35
1.5638837e-35
6.0873433e-36
2.3613291e-36
9.1285662e-37
3.5170439e-37
1.3504976e-37
5.1684719e-38
1.9714881e-38
7.4955067e-39
2.8404931e-39
1.0729594e-39
4.039991e-40
1.5163369e-40
5.6733515e-41
2.1160344e-41
7.8678306e-42
2.916397e-42
1.0777241e-42
3.9705232e-43
1.4584004e-43
5.340775e-44
1.9500232e-44
7.0989255e-45
2.5767487e-45
9.3258248e-46
3.3654817e-46
1.2110468e-46
4.345474e-47
1.5548362e-47
5.5476881e-48
1.9739121e-48
7.003908e-49
2.4783239e-49
8.7456176e-50
3.0777397e-50
1.0804799e-50
3.7740557e-51
1.3430893e-51
3.8723899e-52
-0.03287414
0.038511655
-0.043564362
0.050365846
-0.055529427
0.060567157
-0.059964048
0.052854558
-0.031747796
-0.0012279044
0.039586835
-0.028298077
0.014636031
0.23843431
0.54029679
0.85037758
1.0993229
1.2370481
1.2458769
1.1030103
0.89518736
0.71719941
0.58924884
0.49696732
0.42654659
0.37204705
0.33074183
0.30027567
0.27873883
0.26463205
0.2568812
0.25464306
0.25689154
0.26219314
0.26885658
0.27511671
0.27920514
0.27946995
0.27456765
0.26372186
0.24690586
0.22485291
0.19890477
0.17074625
0.14211352
0.11455355
0.089269364
0.067054369
0.048301829
0.033065232
0.021143876
0.012172761
0.0057028182
0.0012641844
-0.0015895208
-0.0032544152
-0.0040637413
-0.0042855145
-0.0041267788
-0.0037414762
-0.0032397303
-0.0026970873
-0.002162867
-0.001667223
-0.001226815
-0.00084917104
-0.00053591386
-0.00028505326
-9.2543124e-05
4.6720173e-05
0.00013831117
0.0001879803
0.00020155183
0.00018493188
0.00014415481
8.5407048e-05
1.4982198e-05
-6.0859551e-05
-0.00013612871
-0.00020541495
-0.00026421819
-0.00030924115
-0.00033858429
-0.00035180063
-0.00034979486
-0.00033458197
-0.00030894613
-0.00027605597
-0.00023909424
-0.00020094997
-0.0001640035
-0.00013001429
-0.00010010365
-7.4811981e-05
-5.4204085e-05
-3.7996218e-05
-2.5683043e-05
-1.6649033e-05
-1.0255922e-05
-5.9037408e-06
-3.0673005e-06
-1.3125549e-06
-2.9823751e-07
2.3194929e-07
4.6215002e-07
5.1884404e-07
4.8479659e-07
4.1122476e-07
3.276585e-07
2.4946476e-07
1.8328562e-07
1.3076839e-07
9.0989027e-08
6.1933067e-08
4.1333877e-08
2.7096877e-08
1.7473739e-08
1.1097309e-08
6.9477349e-09
4.2916832e-09
2.6175007e-09
1.5772392e-09
9.3951828e-10
5.5351489e-10
3.2267684e-10
1.8620896e-10
1.0641235e-10
6.024116e-11
3.3794332e-11
1.8791997e-11
1.0360976e-11
5.6655123e-12
3.073217e-12
1.654097e-12
8.8355693e-13
4.6849026e-13
2.4662699e-13
1.2892333e-13
6.6933853e-14
3.4518507e-14
1.7685395e-14
9.0031667e-15
4.5546134e-15
2.2900145e-15
1.1444778e-15
5.6860165e-16
2.808582e-16
1.3793948e-16
6.736813e-17
3.2720858e-17
1.5806546e-17
7.5949927e-18
3.6301952e-18
1.7261454e-18
8.1658334e-19
3.8435179e-19
1.8000754e-19
8.38905e-20
3.8906379e-20
1.795723e-20
8.2488225e-21
3.7713877e-21
1.7162822e-21
7.7745519e-22
3.5057524e-22
1.5737135e-22
7.0327859e-23
3.128992e-23
1.3860356e-23
6.112997e-24
2.6844812e-24
1.1738403e-24
5.1111168e-25
2.2161339e-25
9.5689559e-26
4.1146802e-26
1.7620771e-26
7.5152781e-27
3.1923488e-27
1.3506235e-27
5.6915464e-28
2.3889739e-28
9.9882779e-29
4.1598786e-29
1.7258146e-29
7.1325284e-30
2.9365744e-30
1.2044779e-30
4.9218564e-31
2.0037486e-31
8.1274346e-32
3.2845155e-32
1.3225383e-32
5.3061033e-33
2.1212164e-33
8.4498166e-34
3.3540824e-34
1.3267078e-34
5.2295324e-35
2.0542215e-35
8.04154e-36
3.1372514e-36
1.2197985e-36
4.7267863e-37
1.8255481e-37
7.0271669e-38
2.6961069e-38
1.031036e-38
3.9300717e-39
1.4932306e-39
5.6553937e-40
2.1350995e-40
8.035304e-41
3.0145671e-41
1.1274454e-41
4.2036191e-42
1.5624918e-42
5.7901248e-43
2.1391585e-43
7.8793774e-44
2.8936347e-44
1.0595152e-44
3.8680421e-45
1.4080056e-45
5.1104057e-46
1.8494931e-46
6.6742866e-47
2.4017078e-47
8.618009e-48
3.0837093e-48
1.1003422e-48
3.9154166e-49
1.3894155e-49
4.9169747e-50
1.7353412e-50
6.1078269e-51
2.1445555e-51
7.4920685e-52
2.6666404e-52
7.6910039e-53
-0.021814127
0.02373584
-0.025273572
0.025716278
-0.024415469
0.021003313
-0.014002067
0.0048084061
0.0064723577
-0.012495928
0.0089605485
0.010535037
-0.013367962
0.021781481
0.12753321
0.28700626
0.46902368
0.63623331
0.77144607
0.85575463
0.8865195
0.87384447
0.83038804
0.76959941
0.70214498
0.6367022
0.57840408
0.52889055
0.48776744
0.45385408
0.42581218
0.4023602
0.38221666
0.36401203
0.346353
0.32791988
0.30754983
0.2843873
0.25806218
0.22880599
0.19743387
0.16519581
0.13354158
0.10386398
0.077290929
0.054565127
0.036013631
0.021588868
0.010954471
0.0035886741
-0.0011167162
-0.0037755544
-0.0049506679
-0.0051210331
-0.0046689069
-0.0038814209
-0.0029611332
-0.0020409237
-0.0011998675
-0.00047795603
0.00011144416
0.00057176628
0.00091595596
0.0011613759
0.0013264612
0.0014286863
0.0014834573
0.0015036186
0.0014993422
0.0014782365
0.0014455753
0.0014045933
0.0013568281
0.0013025099
0.0012409995
0.0011712661
0.0010923742
0.0010039314
0.00090643109
0.00080143199
0.00069153711
0.00058017208
0.00047120473
0.00036848121
0.00027536987
0.00019439664
0.0001270297
7.3634433e-05
3.3583065e-05
5.4765226e-06
-1.257697e-05
-2.2680559e-05
-2.6906728e-05
-2.711942e-05
-2.4867894e-05
-2.1346257e-05
-1.7404149e-05
-1.3590927e-05
-1.021656e-05
-7.4158265e-06
-5.2067691e-06
-3.5384951e-06
-2.326775e-06
-1.4781355e-06
-9.0439318e-07
-5.3001769e-07
-2.9462241e-07
-1.525004e-07
-7.0641297e-08
-2.6198004e-08
-3.9865705e-09
5.6827401e-09
8.734924e-09
8.6239848e-09
7.2506048e-09
5.5827942e-09
4.0570536e-09
2.8260606e-09
1.9042253e-09
1.2484298e-09
7.9958655e-10
5.0174702e-10
3.0915199e-10
1.8735533e-10
1.1182977e-10
6.5815647e-11
3.8228228e-11
2.1931293e-11
1.2435506e-11
6.9732975e-12
3.8691394e-12
2.125167e-12
1.1559916e-12
6.2296333e-13
3.3270941e-13
1.761565e-13
9.2488706e-14
4.816719e-14
2.4888257e-14
1.2762009e-14
6.4956021e-15
3.2823462e-15
1.6470153e-15
8.2080169e-16
4.0633205e-16
1.9984683e-16
9.7668471e-17
4.7436955e-17
2.2900551e-17
1.0990067e-17
5.2436785e-18
2.4877496e-18
1.173717e-18
5.5075113e-19
2.5705714e-19
1.1935243e-19
5.5131955e-20
2.533888e-20
1.1588387e-20
5.2740968e-21
2.3889065e-21
1.0769884e-21
4.8330025e-22
2.1589826e-22
9.601474e-23
4.2512098e-23
1.8741355e-23
8.2267802e-24
3.5960422e-24
1.5653447e-24
6.7859201e-25
2.9298353e-25
1.2598956e-25
5.3963857e-26
2.3023308e-26
9.7846918e-27
4.1424647e-27
1.7471067e-27
7.3408275e-28
3.0729169e-28
1.2815969e-28
5.3255058e-29
2.2049181e-29
9.0961805e-30
3.739151e-30
1.5316026e-30
6.2515793e-31
2.542816e-31
1.0307e-31
4.163437e-32
1.6760388e-32
6.7241613e-33
2.6885835e-33
1.0713946e-33
4.2552467e-34
1.6844502e-34
6.6459683e-35
2.6135655e-35
1.0244523e-35
4.0025933e-36
1.5588004e-36
6.0512727e-37
2.3416282e-37
9.0325799e-38
3.4732495e-38
1.3313677e-38
5.0875111e-39
1.9380525e-39
7.360137e-40
2.7865948e-40
1.0518083e-40
3.9580528e-41
1.4849642e-41
5.5545261e-42
2.0714856e-42
7.702432e-43
2.8555648e-43
1.0555565e-43
3.8904822e-44
1.4297658e-44
5.2392967e-45
1.9144091e-45
6.9752086e-46
2.5342378e-46
9.1814702e-47
3.3171014e-47
1.1950715e-47
4.2936295e-48
1.5383589e-48
5.4966751e-49
1.9586581e-49
6.960496e-50
2.4669e-50
8.7196556e-51
3.0739146e-51
1.0807419e-51
3.7907163e-52
1.3230091e-52
4.7041381e-53
1.3559081e-53
-0.0078519938
0.0077194538
-0.0076750417
0.0063921243
-0.0049131836
0.0023549693
0.00010415294
-0.00211444
0.0023937452
0.00029649584
-0.0038966356
0.0059656075
0.0012277968
-0.0026174184
0.013616322
0.058343265
0.13121553
0.21859363
0.30869403
0.38919192
0.45173664
0.49386882
0.51627492
0.52251742
0.51628399
0.50154957
0.48144811
0.45826802
0.43344381
0.40779673
0.38173969
0.35540254
0.32870857
0.30146618
0.27347163
0.24458841
0.21483854
0.1844928
0.15411307
0.12451508
0.09665223
0.071456954
0.049684205
0.031797003
0.017919081
0.00785517
0.0011609326
-0.0027621712
-0.0045703116
-0.004896175
-0.004292439
-0.0032015058
-0.0019478806
-0.00074688373
0.00027710571
0.0010687243
0.0016202285
0.0019531328
0.0021039569
0.0021141512
0.0020236774
0.0018674655
0.0016739312
0.0014648377
0.0012559316
0.0010579466
0.00087770015
0.00071912275
0.00058412732
0.00047328056
0.00038626499
0.00032214291
0.00027945196
0.00025618104
0.00024969292
0.00025666947
0.00027315047
0.00029471334
0.00031680032
0.00033515205
0.00034626663
0.00034778504
0.00033871516
0.00031944431
0.00029154197
0.00025740295
0.00021981255
0.00018152218
0.00014490788
0.00011175403
8.3170947e-05
5.9627437e-05
4.1062779e-05
2.7038199e-05
1.6892741e-05
9.8787837e-06
5.264033e-06
2.396932e-06
7.3937804e-07
-1.2563796e-07
-5.0292678e-07
-6.0286327e-07
-5.6214879e-07
-4.6371158e-07
-3.5364961e-07
-2.5444623e-07
-1.7454355e-07
-1.148126e-07
-7.2623427e-08
-4.4201296e-08
-2.5847042e-08
-1.4460806e-08
-7.6762352e-09
-3.8034418e-09
-1.6984333e-09
-6.2198005e-10
-1.1666603e-10
8.8639424e-11
1.4750293e-10
1.4250834e-10
1.1527312e-10
8.49133e-11
5.889564e-11
3.9115723e-11
2.5119343e-11
1.569435e-11
9.5804906e-12
5.7313234e-12
3.3676436e-12
1.9469705e-12
1.1090636e-12
6.2316974e-13
3.4571181e-13
1.8950537e-13
1.0271178e-13
5.5076136e-14
2.9232958e-14
1.5365416e-14
8.0011672e-15
4.1291198e-15
2.1125146e-15
1.071792e-15
5.3939836e-16
2.6934418e-16
1.3347715e-16
6.566034e-17
3.2069005e-17
1.5553847e-17
7.4927134e-18
3.5856177e-18
1.7048379e-18
8.0549639e-19
3.7824171e-19
1.765475e-19
8.1921586e-20
3.779511e-20
1.7339114e-20
7.9108602e-21
3.5898432e-21
1.6204284e-21
7.2766711e-22
3.2510859e-22
1.4453056e-22
6.3939281e-23
2.8150915e-23
1.2335948e-23
5.3807782e-24
2.3363947e-24
1.0099753e-24
4.3468279e-25
1.8627897e-25
7.9490718e-26
3.3780079e-26
1.4296375e-26
6.0261599e-27
2.530068e-27
1.0581007e-27
4.4080905e-28
1.8294784e-28
7.5645123e-29
3.1162635e-29
1.2791128e-29
5.231496e-30
2.1320897e-30
8.6589825e-31
3.50452e-31
1.4135404e-31
5.6822825e-32
2.2766095e-32
9.0911917e-33
3.6185489e-33
1.4356332e-33
5.6775558e-34
2.2382109e-34
8.795783e-35
3.4458275e-35
1.3457649e-35
5.2397686e-36
2.0339127e-36
7.8711727e-37
3.0369853e-37
1.1682905e-37
4.4809724e-38
1.713622e-38
6.5341151e-39
2.4842481e-39
9.4177387e-40
3.559989e-40
1.3418613e-40
5.0434759e-41
1.8902609e-41
7.0646247e-42
2.6329207e-42
9.7852852e-43
3.6266181e-43
1.3403808e-43
4.9403531e-44
1.8159189e-44
6.6565435e-45
2.4334367e-45
8.8718745e-46
3.2258175e-46
1.1697639e-46
4.2305387e-47
1.5259386e-47
5.4894303e-48
1.9695693e-48
7.0481295e-49
2.515591e-49
8.9551862e-50
3.1796736e-50
1.1260786e-50
3.9777549e-51
1.401507e-51
4.9254612e-52
1.7265713e-52
6.0385823e-53
2.1017864e-53
7.4520089e-54
2.1434485e-54
-0.0018925203
0.0017680726
-0.0016821726
0.0012572643
-0.00098772312
0.0005366124
-0.00058983483
0.00074776257
-0.0014777988
0.0019167843
-0.0015489098
0.00016595326
0.0016560121
0.00033033601
0.00037274402
0.0063782649
0.02348626
0.051325422
0.086801507
0.12528142
0.16165103
0.19245372
0.21552992
0.23046019
0.23775691
0.23864931
0.23434207
0.22602851
0.21470344
0.20112897
0.18586947
0.1693467
0.15188883
0.13378534
0.11533769
0.096892296
0.078864572
0.061741266
0.046046341
0.032273981
0.020808877
0.011859648
0.0054247151
0.0012989364
-0.00088296567
-0.0015802041
-0.0012745085
-0.00040859602
0.00065607376
0.0016593228
0.0024424839
0.0029344825
0.003130376
0.0030681814
0.0028081209
0.0024165146
0.0019549378
0.0014741747
0.0010119273
0.00059309039
0.00023151222
-6.7602292e-05
-0.00030522139
-0.00048628729
-0.00061794257
-0.00070821052
-0.00076508298
-0.0007959336
-0.00080716702
-0.00080402691
-0.00079050958
-0.0007693587
-0.00074214138
-0.00070941935
-0.00067102562
-0.00062643617
-0.0005751946
-0.00051731714
-0.00045359086
-0.00038569051
-0.00031607845
-0.00024770831
-0.00018360517
-0.00012642583
-7.8101239e-05
-3.9633158e-05
-1.1069825e-05
8.3604278e-06
2.0011249e-05
2.5541395e-05
2.6657399e-05
2.4915317e-05
2.1598382e-05
1.7667846e-05
1.3771566e-05
1.0289621e-05
7.3970695e-06
5.1283121e-06
3.4331943e-06
2.2202354e-06
1.3863054e-06
8.3447443e-07
4.8283418e-07
2.6720528e-07
1.4023189e-07
6.8726788e-08
3.0495508e-08
1.1342147e-08
2.5810164e-09
-8.6154102e-10
-1.8016223e-09
-1.7106847e-09
-1.2995395e-09
-8.7339501e-10
-5.3662963e-10
-3.0418812e-10
-1.5803884e-10
-7.3146318e-11
-2.7647233e-11
-5.5432669e-12
3.6890123e-12
6.430271e-12
6.2722274e-12
5.0815775e-12
3.7338334e-12
2.576172e-12
1.6984744e-12
1.0809943e-12
6.6848155e-13
4.0344726e-13
2.3839948e-13
1.3825704e-13
7.8838807e-14
4.4269646e-14
2.4508003e-14
1.3389952e-14
7.2257759e-15
3.8542196e-15
2.0333162e-15
1.0615149e-15
5.4866665e-16
2.8089118e-16
1.4248906e-16
7.164561e-17
3.5719011e-17
1.7661864e-17
8.6639581e-18
4.2174067e-18
2.0376189e-18
9.7732959e-19
4.6546395e-19
2.2016029e-19
1.0343706e-19
4.8280261e-20
2.2391727e-20
1.032036e-20
4.7277347e-21
2.1528864e-21
9.7466434e-22
4.387416e-22
1.9639659e-22
8.7433943e-23
3.8716391e-23
1.7053925e-23
7.4733078e-24
3.2583916e-24
1.4136342e-24
6.1031531e-25
2.6223691e-25
1.1214849e-25
4.7740799e-26
2.0231034e-26
8.5351899e-27
3.5851601e-27
1.4994667e-27
6.2449612e-28
2.5901102e-28
1.0698734e-28
4.4015077e-29
1.8036571e-29
7.3623696e-30
2.9937769e-30
1.2127901e-30
4.8948772e-31
1.9683972e-31
7.8871954e-32
3.1491605e-32
1.253003e-32
4.9684005e-33
1.9634039e-33
7.7330716e-34
3.0357345e-34
1.1878574e-34
4.6331076e-35
1.8013832e-35
6.9820491e-36
2.6978614e-36
1.0392797e-36
3.9915075e-37
1.5284388e-37
5.8355278e-38
2.2215031e-38
8.4326014e-39
3.1918074e-39
1.2047149e-39
4.5343583e-40
1.7019324e-40
6.3705092e-41
2.3780517e-41
8.853056e-42
3.2869938e-42
1.2171578e-42
4.4951619e-43
1.6557775e-43
6.0830889e-44
2.2290452e-44
8.1469064e-45
2.9699701e-45
1.0799482e-45
3.9169768e-46
1.4171042e-46
5.1139977e-47
1.8409084e-47
6.6103066e-48
2.3677365e-48
8.4600305e-49
3.0153767e-49
1.0721276e-49
3.8026871e-50
1.345482e-50
4.74911e-51
1.6722349e-51
5.8740386e-52
2.0584211e-52
7.1960554e-53
2.5096232e-53
8.7336764e-54
3.0253741e-54
1.0673714e-54
3.0583912e-55
-0.0006962919
0.00082355984
-0.00082304696
0.00091470493
-0.00088629752
0.00095993391
-0.00096026866
0.00093996205
-0.00081598341
0.00043149302
-2.4810515e-05
-0.00033160336
0.00019465124
0.0003349694
0.00029993489
0.00046637463
0.0026468024
0.00819045
0.017303813
0.029290574
0.042604948
0.055646116
0.067023912
0.075859409
0.081763694
0.084780174
0.085172162
0.083324027
0.079656559
0.074571864
0.068431859
0.061557498
0.054237316
0.046740345
0.039326055
0.032246359
0.025739518
0.020014594
0.015228023
0.011459561
0.0086972397
0.0068383898
0.0057081043
0.0050908756
0.0047672561
0.0045466314
0.0042894166
0.0039158095
0.0034020531
0.0027678593
0.0020597307
0.0013345213
0.00064624804
3.7548615e-05
-0.00046421161
-0.00084708644
-0.0011122312
-0.0012703771
-0.0013380894
-0.0013344567
-0.0012785374
-0.0011876432
-0.0010763838
-0.00095631957
-0.00083604533
-0.00072154274
-0.00061666646
-0.0005236629
-0.00044364823
-0.00037699516
-0.0003235972
-0.00028300031
-0.00025441531
-0.00023665061
-0.00022802578
-0.00022633576
-0.00022892452
-0.00023289437
-0.00023542981
-0.00023416921
-0.00022753138
-0.00021490998
-0.00019668534
-0.00017405564
-0.0001487387
-0.00012262369
-9.7453346e-05
-7.459555e-05
-5.4929858e-05
-3.8842648e-05
-2.6302542e-05
-1.6978998e-05
-1.0369598e-05
-5.9112278e-06
-3.0620575e-06
-1.3515078e-06
-4.0231447e-07
6.7837947e-08
2.5712839e-07
2.9610578e-07
2.651039e-07
2.0974397e-07
1.5328173e-07
1.0561812e-07
6.9383268e-08
4.3740068e-08
2.6567896e-08
1.5586918e-08
8.8453184e-09
4.8587903e-09
2.5840573e-09
1.3305429e-09
6.6339364e-10
3.2062437e-10
1.5074695e-10
6.9572647e-11
3.2132997e-11
1.5371219e-11
7.9677008e-12
4.6217963e-12
2.9780428e-12
2.0484342e-12
1.4422277e-12
1.0109353e-12
6.9570897e-13
4.6746016e-13
3.0628334e-13
1.9581494e-13
1.2232677e-13
7.4791578e-14
4.4826092e-14
2.6375193e-14
1.5255341e-14
8.6840024e-15
4.8701266e-15
2.6932741e-15
1.469916e-15
7.9229719e-16
4.2203183e-16
2.2228613e-16
1.1582785e-16
5.973773e-17
3.0507202e-17
1.543265e-17
7.7359799e-18
3.8438523e-18
1.8937534e-18
9.2534718e-19
4.4856062e-19
2.1576239e-19
1.0300651e-19
4.8817788e-20
2.2972095e-20
1.0735244e-20
4.9829592e-21
2.2977247e-21
1.0527166e-21
4.7928283e-22
2.1687044e-22
9.7542792e-23
4.3614617e-23
1.9389397e-23
8.571228e-24
3.7680562e-24
1.6475344e-24
7.1653901e-25
3.1001114e-25
1.3344096e-25
5.7150012e-26
2.4355576e-26
1.0329367e-26
4.3599296e-27
1.8316891e-27
7.6599446e-28
3.1888579e-28
1.3216412e-28
5.4537238e-29
2.2408116e-29
9.1681327e-30
3.7355085e-30
1.5157971e-30
6.1260917e-31
2.4660669e-31
9.8885457e-32
3.9499613e-32
1.5718538e-32
6.2318328e-33
2.4616636e-33
9.6889169e-34
3.7999613e-34
1.4851278e-34
5.7843152e-35
2.2452555e-35
8.6861444e-36
3.3493226e-36
1.2872896e-36
4.9317967e-37
1.8834901e-37
7.1708398e-38
2.7217227e-38
1.0299191e-38
3.8856656e-39
1.4616654e-39
5.4823587e-40
2.0504066e-40
7.6468268e-41
2.843848e-41
1.0547026e-41
3.900913e-42
1.4388938e-42
5.2933497e-43
1.9421572e-43
7.1072604e-44
2.594154e-44
9.4444377e-45
3.4296825e-45
1.2423369e-45
4.4889234e-46
1.6179744e-46
5.8175021e-47
2.0866293e-47
7.4663073e-48
2.6651755e-48
9.4910082e-49
3.3718812e-49
1.1951213e-49
4.2260797e-50
1.4909226e-50
5.2477081e-51
1.8428357e-51
6.4567034e-52
2.25708e-52
7.8722598e-53
2.739506e-53
9.5119757e-54
3.2952378e-54
1.1392932e-54
3.9217003e-55
1.3745142e-55
3.9181552e-56
-0.00042810368
0.00053481511
-0.00051914973
0.00060674197
-0.00051170114
0.00054781323
-0.00036997034
0.00032078564
-9.8514394e-05
9.3785259e-06
8.7614896e-05
-6.4422224e-05
-2.4791854e-05
6.2351777e-06
8.7631256e-05
0.00010723687
0.00023691313
0.00091734609
0.0024639413
0.0050093034
0.0083608062
0.012134103
0.015863673
0.019140405
0.021675657
0.023326926
0.024073887
0.023975978
0.023148452
0.021730448
0.019867623
0.017702157
0.015367644
0.012986519
0.010667792
0.0085037277
0.0065654579
0.0048982238
0.0035178693
0.0024107777
0.0015387667
0.00084869414
0.00028465853
-0.00020039093
-0.00063664937
-0.0010347909
-0.0013886132
-0.0016814361
-0.0018939077
-0.0020109415
-0.0020262442
-0.0019438865
-0.0017772636
-0.0015463318
-0.0012741561
-0.00098364527
-0.00069503398
-0.0004243379
-0.00018274854
2.3224705e-05
0.00019111674
0.00032161754
0.00041762789
0.00048339459
0.00052379831
0.00054381705
0.00054815227
0.00054098402
0.00052581647
0.00050538468
0.00048161136
0.00045562023
0.0004278224
0.00039808804
0.0003659986
0.00033114748
0.00029343174
0.00025326405
0.00021164564
0.00017007583
0.00013032185
9.4114877e-05
6.2856666e-05
3.741144e-05
1.802459e-05
4.3688505e-06
-4.3148452e-06
-9.0314533e-06
-1.0849368e-05
-1.075616e-05
-9.5685365e-06
-7.8958756e-06
-6.1457441e-06
-4.5555384e-06
-3.2352221e-06
-2.2099298e-06
-1.4558024e-06
-9.2643228e-07
-5.7008052e-07
-3.393277e-07
-1.9531743e-07
-1.0861173e-07
-5.8240406e-08
-3.0023378e-08
-1.4806825e-08
-6.9306271e-09
-3.0367254e-09
-1.2129009e-09
-4.1507142e-10
-9.8056794e-11
9.054649e-12
3.3280693e-11
2.9940571e-11
2.0722447e-11
1.2705702e-11
7.2876713e-12
4.0504538e-12
2.2519974e-12
1.2910675e-12
7.8013104e-13
4.9919999e-13
3.3397682e-13
2.2878095e-13
1.5742078e-13
1.0737052e-13
7.2042539e-14
4.7379833e-14
3.0503631e-14
1.922567e-14
1.1870971e-14
7.1877889e-15
4.2724771e-15
2.4957914e-15
1.4342544e-15
8.1160785e-16
4.5263287e-16
2.4898264e-16
1.3518432e-16
7.2493605e-17
3.8418887e-17
2.0132313e-17
1.0436568e-17
5.3546345e-18
2.7201112e-18
1.3686437e-18
6.8232368e-19
3.3715126e-19
1.6516625e-19
8.0241451e-20
3.8669437e-20
1.8489787e-20
8.7738001e-21
4.1326268e-21
1.9325589e-21
8.9740405e-22
4.1387402e-22
1.8960303e-22
8.6295421e-23
3.902659e-23
1.7539843e-23
7.8350556e-24
3.4790933e-24
1.5358599e-24
6.7414033e-25
2.9424679e-25
1.2772722e-25
5.5145652e-26
2.3683139e-26
1.0118355e-26
4.3009488e-27
1.8190389e-27
7.6556382e-28
3.2064147e-28
1.3365735e-28
5.5454374e-29
2.2902481e-29
9.4159899e-30
3.8540581e-30
1.5706182e-30
6.373141e-31
2.5751151e-31
1.0361651e-31
4.1522051e-32
1.6571956e-32
6.5878079e-33
2.6085953e-33
1.0289564e-33
4.0433108e-34
1.5828943e-34
6.1739871e-35
2.3993983e-35
9.2914867e-36
3.5853967e-36
1.3787352e-36
5.2837006e-37
2.0180452e-37
7.6821034e-38
2.914787e-38
1.10238e-38
4.1559824e-39
1.5619013e-39
5.8518101e-40
2.1857601e-40
8.1397089e-41
3.0222293e-41
1.1188602e-41
4.130203e-42
1.520306e-42
5.5804755e-43
2.0427162e-43
7.4568806e-44
2.7147758e-44
9.8571917e-45
3.5696805e-45
1.2893666e-45
4.6452385e-46
1.6693111e-46
5.9837991e-47
2.1396338e-47
7.6319668e-48
2.715686e-48
9.6400588e-49
3.4138735e-49
1.2061267e-49
4.2513412e-50
1.4950501e-50
5.2455526e-51
1.8362884e-51
6.4137608e-52
2.2351905e-52
7.7723712e-53
2.6967249e-53
9.3362068e-54
3.2252328e-54
1.1117714e-54
3.8240916e-55
1.3128344e-55
4.4880921e-56
1.5616759e-56
4.4265484e-57
-0.00019707651
0.0002267891
-0.00020681668
0.00022513192
-0.00015377655
0.00016072342
-5.1376111e-05
6.494171e-05
3.9207303e-05
9.7916468e-06
4.6310194e-05
1.5470054e-05
9.4294756e-06
-3.5481523e-06
-3.200426e-06
1.3030518e-05
1.7849001e-05
7.0256309e-05
0.00024313324
0.0006148911
0.0012082578
0.0019833577
0.0028505685
0.0037000479
0.0044337636
0.0049781765
0.0052996263
0.0053891175
0.0052652591
0.0049614341
0.0045193809
0.003983786
0.0033983672
0.002803099
0.002232166
0.0017124039
0.001262263
0.00089148929
0.00060177459
0.00038848393
0.00024322257
0.00015661575
0.00012050041
0.00012890037
0.00017761775
0.00026280661
0.00037925451
0.00051914127
0.00067178339
0.00082445256
0.00096396583
0.0010785269
0.0011592974
0.0012013442
0.0012038431
0.0011696301
0.0011043122
0.0010151876
0.00091018538
0.0007969736
0.00068230748
0.00057163713
0.00046895234
0.00037682074
0.00029656593
0.00022853165
0.00017238175
0.00012738847
9.2665321e-05
6.731126e-05
5.0452102e-05
4.1191453e-05
3.8508126e-05
4.1153327e-05
4.7602929e-05
5.6104446e-05
6.4827046e-05
7.2084445e-05
7.6569989e-05
7.7534101e-05
7.4851569e-05
6.8962571e-05
6.0710968e-05
5.113074e-05
4.1237973e-05
3.1873315e-05
2.3616633e-05
1.6772213e-05
1.1406505e-05
7.4140569e-06
4.5892137e-06
2.6880143e-06
1.4726873e-06
7.3773021e-07
3.2064317e-07
1.0204955e-07
-1.5203257e-10
-3.8972637e-08
-4.6497733e-08
-4.0804538e-08
-3.1217331e-08
-2.1970727e-08
-1.457559e-08
-9.2371631e-09
-5.6390196e-09
-3.3352624e-09
-1.9196476e-09
-1.0790637e-09
-5.9428486e-10
-3.2163043e-10
-1.7154132e-10
-9.0406087e-11
-4.7194807e-11
-2.445101e-11
-1.258646e-11
-6.4376085e-12
-3.2668366e-12
-1.6393638e-12
-8.0892634e-13
-3.8898949e-13
-1.7967818e-13
-7.7704251e-14
-2.9772517e-14
-8.507803e-15
1.3457308e-17
2.748975e-15
3.0766536e-15
2.5629401e-15
1.881302e-15
1.2828961e-15
8.3206811e-16
5.1979043e-16
3.1512818e-16
1.8633022e-16
1.0782265e-16
6.1215091e-17
3.4163171e-17
1.8769832e-17
1.0164608e-17
5.4310355e-18
2.8655051e-18
1.4940258e-18
7.702356e-19
3.9285716e-19
1.9833588e-19
9.9154193e-20
4.9105836e-20
2.4100201e-20
1.1725021e-20
5.6564025e-21
2.7065681e-21
1.2848697e-21
6.052885e-22
2.8302439e-22
1.3138089e-22
6.0557895e-23
2.7721579e-23
1.2605143e-23
5.6941663e-24
2.5558264e-24
1.1400249e-24
5.0540439e-25
2.2272164e-25
9.7575107e-26
4.2503137e-26
1.8410185e-26
7.9304597e-27
3.39772e-27
1.4480047e-27
6.1388652e-28
2.5893032e-28
1.0866608e-28
4.5379486e-29
1.885891e-29
7.8001117e-30
3.2110491e-30
1.3157961e-30
5.3673313e-31
2.1796567e-31
8.8126906e-32
3.547723e-32
1.4221353e-32
5.6768921e-33
2.2567669e-33
8.9350357e-34
3.5234322e-34
1.3839536e-34
5.4148757e-35
2.1105306e-35
8.1951206e-36
3.1703223e-36
1.2219663e-36
4.6929475e-37
1.7959132e-37
6.8485753e-38
2.6026278e-38
9.8569409e-39
3.7205867e-39
1.3997177e-39
5.2486724e-40
1.9618164e-40
7.3094829e-41
2.7148986e-41
1.0052593e-41
3.7108955e-42
1.3657579e-42
5.0116541e-43
1.8336583e-43
6.6896445e-44
2.4336156e-44
8.828398e-45
3.1938111e-45
1.1522586e-45
4.1459101e-46
1.4877651e-46
5.3248635e-47
1.9008899e-47
6.7685275e-48
2.4039988e-48
8.5170809e-49
3.0100738e-49
1.0612221e-49
3.7324229e-50
1.3096132e-50
4.5843177e-51
1.6010221e-51
5.5785588e-52
1.9393645e-52
6.7269772e-53
2.3281635e-53
8.0398798e-54
2.7703671e-54
9.5254521e-55
3.2681549e-55
1.1189161e-55
3.8226772e-56
1.3035254e-56
4.4268866e-57
1.5295698e-57
4.3122809e-58
-5.886176e-05
5.9195797e-05
-5.0432595e-05
4.869226e-05
-2.4068501e-05
2.7428227e-05
6.1289538e-06
1.2178329e-05
2.2418765e-05
1.3684062e-05
2.2212755e-05
1.9622542e-05
1.6905911e-05
1.3661042e-05
5.0370785e-06
2.3196223e-06
-2.2612362e-06
-4.1169187e-06
3.8284002e-06
3.6459908e-05
0.00010647568
0.00021695101
0.00035958536
0.00051593393
0.00066548665
0.00078778604
0.00087082772
0.00090716699
0.00089745508
0.00084722627
0.00076535901
0.00066237522
0.00054900007
0.00043504521
0.00032860427
0.00023554438
0.00015929259
0.00010091519
5.9461776e-05
3.2495704e-05
1.6679872e-05
8.2736972e-06
3.4482901e-06
-1.5728666e-06
-1.0445275e-05
-2.6570448e-05
-5.2811266e-05
-9.1073426e-05
-0.00014187365
-0.00020406077
-0.00027482186
-0.00035001115
-0.00042473282
-0.00049403546
-0.00055356065
-0.00060002466
-0.00063147543
-0.00064732733
-0.00064821636
-0.0006357373
-0.00061212644
-0.00057994502
-0.00054180483
-0.00050016224
-0.00045718927
-0.00041471023
-0.0003741759
-0.00033664511
-0.00030275886
-0.00027271502
-0.00024626961
-0.00022279279
-0.00020139466
-0.00018111149
-0.00016111657
-0.00014090311
-0.00012038706
-9.9900046e-05
-8.007731e-05
-6.167907e-05
-4.5401414e-05
-3.1729092e-05
-2.0861346e-05
-1.2714696e-05
-6.9840709e-06
-3.2328201e-06
-9.8313245e-07
2.1279276e-07
7.2919231e-07
8.4973229e-07
7.7040665e-07
6.1401386e-07
4.4890608e-07
3.0698777e-07
1.9833188e-07
1.2164178e-07
7.0923367e-08
3.9236601e-08
2.0470656e-08
9.9383104e-09
4.3609018e-09
1.6039614e-09
3.6151503e-10
-1.2027587e-10
-2.515356e-10
-2.4120989e-10
-1.8742364e-10
-1.3111075e-10
-8.5909647e-11
-5.3772429e-11
-3.2518824e-11
-1.9139563e-11
-1.1017896e-11
-6.2247749e-12
-3.4595308e-12
-1.894105e-12
-1.0222827e-12
-5.4386096e-13
-2.8497522e-13
-1.4683795e-13
-7.4213545e-14
-3.6652052e-14
-1.7588077e-14
-8.1279281e-15
-3.563018e-15
-1.4389681e-15
-4.9925395e-16
-1.1430257e-16
2.3047202e-17
5.7618087e-17
5.4593712e-17
4.1367348e-17
2.8185002e-17
1.8002931e-17
1.0995429e-17
6.4920792e-18
3.7306573e-18
2.0958271e-18
1.1546547e-18
6.2527331e-19
3.3339867e-19
1.75277e-19
9.0955187e-20
4.6629485e-20
2.3634679e-20
1.1851443e-20
5.8825207e-21
2.8915744e-21
1.4082101e-21
6.797139e-22
3.2527998e-22
1.5438104e-22
7.2687071e-23
3.3959243e-23
1.5747037e-23
7.2489392e-24
3.3133932e-24
1.5041001e-24
6.782078e-25
3.0381106e-25
1.3522825e-25
5.9816209e-26
2.6297778e-26
1.1492804e-26
4.9933843e-27
2.1571415e-27
9.2667454e-28
3.9590308e-28
1.6823241e-28
7.1110512e-29
2.9902245e-29
1.2510092e-29
5.2076684e-30
2.1571991e-30
8.8927873e-31
3.6485626e-31
1.4899656e-31
6.056677e-32
2.4509169e-32
9.8739296e-33
3.9604915e-33
1.5817408e-33
6.2903886e-34
2.4911708e-34
9.8251847e-35
3.8593637e-35
1.5099217e-35
5.88413e-36
2.2841467e-36
8.8329116e-37
3.4028725e-37
1.3060885e-37
4.9946774e-38
1.903148e-38
7.2258651e-39
2.7338886e-39
1.0307815e-39
3.8731824e-40
1.4504583e-40
5.4137545e-41
2.0140378e-41
7.4684727e-42
2.760643e-42
1.017236e-42
3.7366702e-43
1.3684143e-43
4.9961809e-44
1.8187128e-44
6.6010483e-45
2.3889203e-45
8.6207935e-46
3.102175e-46
1.113205e-46
3.9837304e-47
1.4217606e-47
5.0605801e-48
1.796498e-48
6.3609333e-49
2.246453e-49
7.9135381e-50
2.7807064e-50
9.7468559e-51
3.4081016e-51
1.1888099e-51
4.1369207e-52
1.4362153e-52
4.9745281e-53
1.719041e-53
5.9269913e-54
2.0389543e-54
6.9986911e-55
2.3970275e-55
8.1919334e-56
2.7936173e-56
9.5065971e-57
3.2282023e-57
1.0941486e-57
3.6936779e-58
1.2680464e-58
3.5582301e-59
-1.136202e-05
9.1324886e-06
-7.3232844e-06
5.4925229e-06
-1.0804841e-06
2.515634e-06
3.6797165e-06
2.7554422e-06
5.992739e-06
5.6933042e-06
7.5268196e-06
9.0140707e-06
9.0570934e-06
9.6776709e-06
7.7195251e-06
5.6481036e-06
2.421986e-06
-1.3302092e-06
-5.2454941e-06
-7.7233823e-06
-6.3630179e-06
6.3524766e-07
1.3704751e-05
3.1230402e-05
5.0491241e-05
6.803608e-05
8.1213983e-05
8.8123518e-05
8.8246387e-05
8.2154287e-05
7.1224167e-05
5.7275144e-05
4.2218676e-05
2.7770428e-05
1.5247103e-05
5.4565866e-06
-1.3197823e-06
-5.2631912e-06
-6.8919983e-06
-6.9038642e-06
-6.0164444e-06
-4.8306238e-06
-3.7267571e-06
-2.7931928e-06
-1.7851723e-06
-1.2072945e-07
3.0702939e-06
8.8291996e-06
1.8185621e-05
3.1938111e-05
5.0449953e-05
7.3516624e-05
0.00010034219
0.00012962742
0.00015973992
0.00018891947
0.00021547456
0.00023794284
0.00025520676
0.00026656567
0.00027176628
0.00027099343
0.00026482309
0.00025413775
0.00024000372
0.00022351819
0.00020565109
0.00018712171
0.00016834845
0.00014948936
0.00013055975
0.00011158497
9.2732859e-05
7.4377651e-05
5.707302e-05
4.1446669e-05
2.8057737e-05
1.726887e-05
9.1741676e-06
3.5992153e-06
1.62697e-07
-1.6284954e-06
-2.2823433e-06
-2.2470316e-06
-1.8692857e-06
-1.3843675e-06
-9.28775e-07
-5.6446869e-07
-3.0514585e-07
-1.3857401e-07
-4.2500157e-08
5.8168042e-09
2.5072992e-08
2.8649861e-08
2.5092587e-08
1.9268826e-08
1.3586323e-08
8.9862698e-09
5.639767e-09
3.3802694e-09
1.9414829e-09
1.0697806e-09
5.6487437e-10
2.8470628e-10
1.3582476e-10
6.0296058e-11
2.3984026e-11
7.6871242e-12
1.0804666e-12
-1.1348199e-12
-1.5403809e-12
-1.3162454e-12
-9.5570527e-13
-6.357661e-13
-3.9956347e-13
-2.4093753e-13
-1.4061834e-13
-7.9846346e-14
-4.4247396e-14
-2.3970244e-14
-1.2702174e-14
-6.5821541e-15
-3.3311175e-15
-1.642434e-15
-7.8577643e-16
-3.623492e-16
-1.5922808e-16
-6.5269438e-17
-2.3816138e-17
-6.7245529e-18
-4.2237412e-19
1.4065403e-18
1.5698781e-18
1.237834e-18
8.50092e-19
5.4034959e-19
3.2635645e-19
1.8989372e-19
1.0732088e-19
5.9224919e-20
3.2028929e-20
1.7018765e-20
8.9023758e-21
4.591213e-21
2.3372686e-21
1.1756217e-21
5.8472258e-22
2.8777022e-22
1.4021786e-22
6.767629e-23
3.2369263e-23
1.5348209e-23
7.2170372e-24
3.3664277e-24
1.5581492e-24
7.1579376e-25
3.2644234e-25
1.4782828e-25
6.6485514e-26
2.9702631e-26
1.3183659e-26
5.8146038e-27
2.5486683e-27
1.1103954e-27
4.8091896e-28
2.0708648e-28
8.866866e-29
3.7755264e-29
1.5989023e-29
6.735183e-30
2.8223049e-30
1.176597e-30
4.8804668e-31
2.0143912e-31
8.2739455e-32
3.3822375e-32
1.3761098e-32
5.5730563e-33
2.2467659e-33
9.0173292e-34
3.6031673e-34
1.4335312e-34
5.6790408e-35
2.2403512e-35
8.801524e-36
3.443713e-36
1.3419901e-36
5.2089511e-37
2.0139776e-37
7.7568694e-38
2.9762505e-38
1.1376973e-38
4.3329215e-39
1.6441973e-39
6.2168119e-40
2.3423054e-40
8.7943189e-41
3.2905181e-41
1.227015e-41
4.5601463e-42
1.6891587e-42
6.2365448e-43
2.2951887e-43
8.4199986e-44
3.0792375e-44
1.1226125e-44
4.0802788e-45
1.4785652e-45
5.3419406e-46
1.9243432e-46
6.9120616e-47
2.4756589e-47
8.8419568e-48
3.1491721e-48
1.1185377e-48
3.9621117e-49
1.3997161e-49
4.9318012e-50
1.7331589e-50
6.0750956e-51
2.1240475e-51
7.407743e-52
2.5771052e-52
8.9436886e-53
3.0963708e-53
1.0694346e-53
3.6849661e-54
1.2667864e-54
4.3448661e-55
1.4868413e-55
5.0766816e-56
1.729553e-56
5.879464e-57
1.9943544e-57
6.7505508e-58
2.2800785e-58
7.6865641e-59
2.5811527e-59
8.8101449e-60
2.462583e-60
-1.3356306e-06
6.2184422e-07
-5.2001322e-07
4.4973731e-08
2.200788e-07
5.3640011e-08
5.9659082e-07
5.3585933e-07
9.7530279e-07
1.3004804e-06
1.627077e-06
2.3412973e-06
2.7271816e-06
3.3368412e-06
3.4596109e-06
3.2968546e-06
2.5983544e-06
1.3842609e-06
-3.6096096e-07
-2.5335817e-06
-4.8228544e-06
-6.843166e-06
-8.2507919e-06
-8.9217554e-06
-8.9447932e-06
-8.5945437e-06
-8.1761317e-06
-7.9443367e-06
-8.0224715e-06
-8.3944168e-06
-8.9345639e-06
-9.4588777e-06
-9.7802328e-06
-9.7548614e-06
-9.3119392e-06
-8.4632105e-06
-7.2936169e-06
-5.937253e-06
-4.5454534e-06
-3.2548827e-06
-2.1628368e-06
-1.3148167e-06
-7.0669615e-07
-3.0136104e-07
-5.734748e-08
3.579846e-08
-7.6164882e-08
-5.3320496e-07
-1.5586854e-06
-3.4284465e-06
-6.4155391e-06
-1.0724491e-05
-1.6434269e-05
-2.3465336e-05
-3.1574355e-05
-4.0369912e-05
-4.9341785e-05
-5.7901722e-05
-6.5438662e-05
-7.1391524e-05
-7.5333985e-05
-7.7048829e-05
-7.6558029e-05
-7.408582e-05
-6.99654e-05
-6.4533047e-05
-5.806129e-05
-5.0759404e-05
-4.2830479e-05
-3.4543526e-05
-2.6272732e-05
-1.8475575e-05
-1.1614577e-05
-6.0558027e-06
-1.9869448e-06
6.136715e-07
1.9499966e-06
2.3392106e-06
2.129014e-06
1.6279001e-06
1.0639407e-06
5.7422411e-07
2.1729031e-07
-2.9627805e-09
-1.1218773e-07
-1.4571904e-07
-1.3619378e-07
-1.0797337e-07
-7.6287651e-08
-4.8873523e-08
-2.840597e-08
-1.4724233e-08
-6.4472184e-09
-1.9460883e-09
1.8414127e-10
9.7294717e-10
1.0904534e-09
9.2907932e-10
6.938445e-10
4.7656699e-10
3.0781877e-10
1.8923046e-10
1.1149261e-10
6.3215407e-11
3.4562269e-11
1.8227004e-11
9.2575398e-12
4.5104579e-12
2.0916123e-12
9.0922835e-13
3.5881213e-13
1.1827193e-13
2.2504905e-14
-9.679771e-15
-1.6342417e-14
-1.4276085e-14
-1.0272828e-14
-6.692953e-15
-4.0916509e-15
-2.3876275e-15
-1.3422382e-15
-7.3069644e-16
-3.8626097e-16
-1.984732e-16
-9.9081057e-17
-4.7955261e-17
-2.2407591e-17
-1.0030902e-17
-4.2420266e-18
-1.6475243e-18
-5.4850381e-19
-1.2047717e-19
2.2887692e-20
5.5106372e-20
4.9892779e-20
3.6094679e-20
2.3475721e-20
1.431559e-20
8.3497181e-21
4.7099984e-21
2.5871589e-21
1.3901002e-21
7.3293903e-22
3.8009851e-22
1.9422019e-22
9.7916868e-23
4.875969e-23
2.4004484e-23
1.16916e-23
5.6373818e-24
2.6923748e-24
1.2742355e-24
5.9785605e-25
2.7818422e-25
1.2840938e-25
5.8818618e-26
2.67424e-26
1.2071384e-26
5.4110298e-27
2.4091097e-27
1.0655362e-27
4.6826355e-28
2.0450008e-28
8.8765407e-29
3.8300398e-29
1.6429741e-29
7.0077965e-30
2.9724061e-30
1.2538935e-30
5.2612212e-31
2.1959947e-31
9.1188102e-32
3.7674615e-32
1.5488276e-32
6.3363505e-33
2.5798476e-33
1.0454496e-33
4.2169706e-34
1.6932439e-34
6.7684917e-35
2.6936962e-35
1.0673814e-35
4.2114728e-36
1.6547025e-36
6.4744787e-37
2.5229887e-37
9.7921338e-38
3.7854385e-38
1.4576609e-38
5.591422e-39
2.1366678e-39
8.1343639e-40
3.0853503e-40
1.1660082e-40
4.3907268e-41
1.6475173e-41
6.1603152e-42
2.2954904e-42
8.5244725e-43
3.1549939e-43
1.163825e-43
4.2791133e-44
1.5682505e-44
5.7291582e-45
2.0864015e-45
7.5745063e-46
2.7414326e-46
9.8920147e-47
3.5587118e-47
1.276493e-47
4.5653923e-48
1.6281261e-48
5.7898091e-49
2.0531589e-49
7.2607016e-50
2.5606353e-50
9.0062748e-51
3.1592645e-51
1.1053121e-51
3.8570615e-52
1.3425033e-52
4.6609615e-53
1.6141764e-53
5.5764222e-54
1.9217771e-54
6.6070333e-55
2.2661009e-55
7.7541495e-56
2.6471831e-56
9.0165655e-57
3.0642053e-57
1.0390252e-57
3.5154224e-58
1.1868163e-58
3.998121e-59
1.3439945e-59
4.5092225e-60
1.5070737e-60
5.1173171e-61
1.4259457e-61
-7.6463794e-08
-2.9238587e-08
-1.7280319e-09
-6.5345891e-08
2.1704361e-08
-1.1777561e-08
2.9628385e-08
6.267928e-08
8.4606991e-08
1.7333424e-07
2.138428e-07
3.5936458e-07
4.8649688e-07
6.7781818e-07
8.3601953e-07
9.4907327e-07
9.4924866e-07
7.9598133e-07
4.5163624e-07
-1.0623172e-07
-8.606482e-07
-1.7566349e-06
-2.7099619e-06
-3.6327072e-06
-4.4513302e-06
-5.118111e-06
-5.6084845e-06
-5.9140592e-06
-6.0346994e-06
-5.9742553e-06
-5.740241e-06
-5.346101e-06
-4.814009e-06
-4.1763555e-06
-3.4748235e-06
-2.756849e-06
-2.0700729e-06
-1.4560101e-06
-9.4446005e-07
-5.5003742e-07
-2.7170604e-07
-9.5412836e-08
9.9282922e-10
4.2055364e-08
5.0138267e-08
4.3783218e-08
3.9843965e-08
5.8834406e-08
1.3127244e-07
3.0129955e-07
6.2446503e-07
1.1595309e-06
1.9567471e-06
3.045915e-06
4.4265556e-06
6.059242e-06
7.8560158e-06
9.6749106e-06
1.1332329e-05
1.2640948e-05
1.3458806e-05
1.3719805e-05
1.3426973e-05
1.2619514e-05
1.1344822e-05
9.6592631e-06
7.6543204e-06
5.4816483e-06
3.3494353e-06
1.4822972e-06
6.1574508e-08
-8.2470356e-07
-1.199092e-06
-1.1743334e-06
-9.0820112e-07
-5.5455782e-07
-2.2826233e-07
8.4729826e-09
1.4078058e-07
1.851615e-07
1.7166766e-07
1.3019735e-07
8.3058431e-08
4.3054068e-08
1.5006157e-08
-1.3976085e-09
-8.8874226e-09
-1.069787e-08
-9.5462903e-09
-7.2920823e-09
-4.9917962e-09
-3.1150968e-09
-1.7761049e-09
-9.1396538e-10
-4.0813585e-10
-1.3913625e-10
-1.284865e-11
3.5380072e-11
4.5513444e-11
3.995659e-11
2.9990654e-11
2.0520791e-11
1.3157726e-11
8.0199097e-12
4.6852599e-12
2.6362939e-12
1.4326416e-12
7.5273326e-13
3.8222438e-13
1.8716393e-13
8.7971821e-14
3.9347986e-14
1.6474279e-14
6.2357803e-15
1.9456613e-15
3.1983287e-16
-1.8881991e-16
-2.73644e-16
-2.255473e-16
-1.5499646e-16
-9.6711307e-17
-5.6624995e-17
-3.1605578e-17
-1.6956106e-17
-8.7804099e-18
-4.3952161e-18
-2.1251156e-18
-9.8918573e-19
-4.4018324e-19
-1.8475053e-19
-7.1135442e-20
-2.3469409e-20
-5.1211439e-21
9.3390728e-22
2.2591893e-21
2.0239504e-21
1.4466809e-21
9.2913437e-22
5.5934463e-22
3.2202468e-22
1.7928975e-22
9.7200544e-23
5.1548162e-23
2.6827487e-23
1.3733685e-23
6.9279627e-24
3.4485501e-24
1.6957431e-24
8.2445597e-25
3.9662807e-25
1.8892164e-25
8.9144835e-26
4.168974e-26
1.9331148e-26
8.8907385e-27
4.0570364e-27
1.8373666e-27
8.2605995e-28
3.6877288e-28
1.6350542e-28
7.2014135e-29
3.1513441e-29
1.3703792e-29
5.9227302e-30
2.5445106e-30
1.0867976e-30
4.6154343e-31
1.9491722e-31
8.1867764e-32
3.4201842e-32
1.4213672e-32
5.8766192e-33
2.417439e-33
9.8953377e-34
4.0308035e-34
1.6340891e-34
6.5935416e-35
2.6482263e-35
1.0588099e-35
4.2144366e-36
1.6701314e-36
6.5899383e-37
2.5891706e-37
1.0130171e-37
3.9470894e-38
1.5316792e-38
5.9199095e-39
2.2789978e-39
8.7393423e-40
3.338439e-40
1.2704608e-40
4.8167588e-41
1.8194768e-41
6.847907e-42
2.568089e-42
9.5967453e-43
3.5737148e-43
1.3262267e-43
4.9049795e-44
1.8079955e-44
6.6422786e-45
2.4322877e-45
8.8778769e-46
3.2301116e-46
1.1715419e-46
4.2359158e-47
1.5268738e-47
5.4870902e-48
1.9659879e-48
7.023211e-49
2.5016288e-49
8.8850168e-50
3.1467163e-50
1.111313e-50
3.9139028e-51
1.3746547e-51
4.8150644e-52
1.6820941e-52
5.8607434e-53
2.0366847e-53
7.0595628e-54
2.4407807e-54
8.4176431e-55
2.8958547e-55
9.9380467e-56
3.4023313e-56
1.1620281e-56
3.9594424e-57
1.345989e-57
4.5651141e-58
1.5448157e-58
5.2158931e-59
1.7571933e-59
5.9069154e-60
1.9813643e-60
6.631836e-61
2.2154283e-61
7.3729502e-62
2.4915796e-62
6.9266544e-63
-2.4355118e-10
-6.6146907e-09
4.8534034e-10
-5.8221435e-09
-1.8419583e-09
-9.6444974e-10
-2.8060554e-09
3.5069304e-09
9.0981658e-10
1.2266959e-08
1.4941828e-08
3.1163565e-08
5.0199375e-08
8.218606e-08
1.2005084e-07
1.5957675e-07
1.8892643e-07
1.957639e-07
1.6666398e-07
8.9015439e-08
-4.4145432e-08
-2.310802e-07
-4.5995499e-07
-7.1070358e-07
-9.588591e-07
-1.1800597e-06
-1.3537337e-06
-1.465383e-06
-1.5075955e-06
-1.4800834e-06
-1.3890333e-06
-1.2459825e-06
-1.0663164e-06
-8.6745538e-07
-6.6686285e-07
-4.8007837e-07
-3.1903662e-07
-1.9095088e-07
-9.7963797e-08
-3.7619657e-08
-4.0666636e-09
1.0296879e-08
1.3134648e-08
1.0770582e-08
7.3783334e-09
4.919472e-09
3.5045249e-09
1.7432975e-09
-3.0747192e-09
-1.5182136e-08
-4.0701643e-08
-8.7176137e-08
-1.6234176e-07
-2.7354407e-07
-4.2675262e-07
-6.2172091e-07
-8.4456023e-07
-1.0659194e-06
-1.2499059e-06
-1.3671142e-06
-1.4001591e-06
-1.3394373e-06
-1.1788757e-06
-9.2113424e-07
-5.8951622e-07
-2.3376893e-07
8.0121486e-08
2.9329016e-07
3.7705771e-07
3.4230051e-07
2.3100823e-07
9.6425891e-08
-1.7079578e-08
-8.5739769e-08
-1.072534e-07
-9.388714e-08
-6.3119228e-08
-3.0183402e-08
-4.4148456e-09
1.0934895e-08
1.688513e-08
1.6437643e-08
1.2784995e-08
8.3441341e-09
4.5022045e-09
1.7855415e-09
1.7858924e-10
-5.8115328e-10
-8.0365256e-10
-7.4529946e-10
-5.7854689e-10
-3.9994672e-10
-2.5218475e-10
-1.4618147e-10
-7.7599166e-11
-3.6993102e-11
-1.4972286e-11
-4.1814801e-12
4.0129249e-13
1.8708281e-12
1.9680045e-12
1.5832258e-12
1.1208113e-12
7.3219983e-13
4.5119962e-13
2.6539806e-13
1.5004588e-13
8.1870901e-14
4.3209476e-14
2.2074527e-14
1.0908505e-14
5.2019882e-15
2.3825494e-15
1.0389934e-15
4.2442965e-16
1.5697642e-16
4.8078287e-17
8.0341897e-18
-4.0699125e-18
-5.9615072e-18
-4.8088e-18
-3.2155266e-18
-1.9465147e-18
-1.1029833e-18
-5.9423842e-19
-3.0673873e-19
-1.5218594e-19
-7.2560362e-20
-3.31247e-20
-1.4354539e-20
-5.8006552e-21
-2.1007587e-21
-6.088682e-22
-7.0132486e-23
8.517072e-23
1.0246167e-22
8.0216516e-23
5.3753266e-23
3.3116685e-23
1.9323304e-23
1.0842883e-23
5.9037205e-24
3.1369843e-24
1.6330562e-24
8.3523196e-25
4.2056653e-25
2.0882314e-25
1.023733e-25
4.9602163e-26
2.3772962e-26
1.1278152e-26
5.2993374e-27
2.4674867e-27
1.1390147e-27
5.2145059e-28
2.3684007e-28
1.06755e-28
4.7767418e-29
2.1222378e-29
9.3642627e-30
4.1045045e-30
1.7874695e-30
7.7354254e-31
3.3271237e-31
1.4225237e-31
6.0466988e-32
2.5556655e-32
1.0741669e-32
4.4902829e-33
1.8670644e-33
7.7228111e-34
3.1780935e-34
1.3012946e-34
5.3020395e-35
2.1498468e-35
8.6757423e-36
3.4847861e-36
1.3933185e-36
5.5457799e-37
2.1975804e-37
8.6701721e-38
3.4059737e-38
1.3323378e-38
5.1900894e-39
2.013492e-39
7.7797542e-40
2.9939758e-40
1.1476832e-40
4.3823927e-41
1.6670155e-41
6.3172791e-42
2.3850912e-42
8.9719386e-43
3.3627562e-43
1.2558945e-43
4.6739071e-44
1.7333896e-44
6.4065044e-45
2.3597941e-45
8.6631146e-46
3.1698555e-46
1.1560817e-46
4.2028043e-47
1.5230317e-47
5.5019307e-48
1.9814119e-48
7.1138491e-49
2.5463685e-49
9.0874259e-50
3.2335499e-50
1.147237e-50
4.0586093e-51
1.4317503e-51
5.0366114e-52
1.766875e-52
6.1813626e-53
2.156693e-53
7.5046881e-54
2.6045427e-54
9.0156908e-55
3.1127856e-55
1.0720028e-55
3.6825848e-56
1.2619242e-56
4.3137081e-57
1.4710193e-57
5.0043667e-58
1.6984619e-58
5.7511017e-59
1.9428859e-59
6.5487258e-60
2.2023766e-60
7.3903241e-61
2.4744803e-61
8.2673269e-62
2.7562011e-62
9.1707497e-63
3.0401349e-63
1.0227886e-63
2.8390219e-64
3.5966471e-11
-8.058654e-11
-1.6593996e-10
-1.3583759e-11
-1.3370127e-10
9.6878806e-11
-2.8073058e-10
2.0309581e-10
-3.7092527e-10
4.3339418e-10
3.8121364e-10
1.3473742e-09
2.8090448e-09
5.8213441e-09
1.0475049e-08
1.6597435e-08
2.3042118e-08
2.8048682e-08
2.9222275e-08
2.3764479e-08
9.2232786e-09
-1.5703147e-08
-5.0468853e-08
-9.2436767e-08
-1.3722961e-07
-1.7955725e-07
-2.1424961e-07
-2.3719658e-07
-2.4599887e-07
-2.4024492e-07
-2.2142257e-07
-1.9253558e-07
-1.5752293e-07
-1.2058887e-07
-8.5557411e-08
-5.5358857e-08
-3.1724708e-08
-1.5126438e-08
-4.9485092e-09
1.7258479e-10
1.9258103e-09
1.8989576e-09
1.2659541e-09
6.6251454e-10
2.4202142e-10
-9.7998707e-11
-4.5470619e-10
-8.2123765e-10
-1.0482361e-09
-7.7529157e-10
4.2114702e-10
2.8455106e-09
7.0314393e-09
1.4075477e-08
2.4769072e-08
3.8151475e-08
5.1471609e-08
6.160198e-08
6.5758281e-08
6.0875546e-08
4.3897964e-08
1.4615304e-08
-2.1149559e-08
-5.2032142e-08
-6.6416141e-08
-5.9070838e-08
-3.4240262e-08
-3.1167631e-09
2.2222341e-08
3.4360867e-08
3.2665874e-08
2.1750527e-08
8.0776674e-09
-3.1193664e-09
-9.3336905e-09
-1.064764e-08
-8.6657789e-09
-5.3334199e-09
-2.1489309e-09
1.1190474e-10
1.2984508e-09
1.6293966e-09
1.4455851e-09
1.0503192e-09
6.4402203e-10
3.2402034e-10
1.1424277e-10
-7.0678305e-13
-4.9688818e-11
-6.0222721e-11
-5.2561543e-11
-3.9099827e-11
-2.6117775e-11
-1.5997769e-11
-9.0485692e-12
-4.7099763e-12
-2.2176519e-12
-9.0024645e-13
-2.6775814e-13
-2.338415e-15
8.3895851e-14
9.289573e-14
7.5144952e-14
5.2885621e-14
3.4202097e-14
2.0827126e-14
1.2096807e-14
6.7518322e-15
3.6375894e-15
1.8964082e-15
9.5768045e-16
4.6831931e-16
2.2136685e-16
1.007598e-16
4.3860217e-17
1.8030607e-17
6.8293362e-18
2.2499955e-18
5.3108839e-19
-2.5142752e-20
-1.4907982e-19
-1.3581438e-19
-9.3969095e-20
-5.7302225e-20
-3.2305248e-20
-1.7187022e-20
-8.7109116e-21
-4.2204107e-21
-1.9524356e-21
-8.5703383e-22
-3.5178842e-22
-1.3068402e-22
-4.0239473e-23
-6.793417e-24
3.4216031e-24
5.0879682e-24
4.1669391e-24
2.8406048e-24
1.7628282e-24
1.0312381e-24
5.7862101e-25
3.1451366e-25
1.6665618e-25
8.6452976e-26
4.4037455e-26
2.2075729e-26
1.090931e-26
5.3216808e-27
2.565284e-27
1.2230338e-27
5.7713224e-28
2.6972075e-28
1.2490652e-28
5.7343788e-29
2.6109111e-29
1.1793854e-29
5.2870576e-30
2.3528247e-30
1.0396641e-30
4.5627335e-31
1.9891967e-31
8.616589e-32
3.7091643e-32
1.5869824e-32
6.7497988e-33
2.8542702e-33
1.2001731e-33
5.0187161e-34
2.0873421e-34
8.6356762e-35
3.5542476e-35
1.4554328e-35
5.9302399e-36
2.4045203e-36
9.7028522e-37
3.8969271e-37
1.5578749e-37
6.1996117e-38
2.4561275e-38
9.6877622e-39
3.8046329e-39
1.4878128e-39
5.793735e-40
2.246836e-40
8.6778735e-41
3.3381854e-41
1.2790514e-41
4.881693e-42
1.8560161e-42
7.029833e-43
2.6526683e-43
9.9728117e-44
3.7356876e-44
1.3943211e-44
5.1857903e-45
1.9219721e-45
7.0987017e-46
2.6129418e-46
9.5855804e-47
3.5048022e-47
1.2772715e-47
4.6397583e-48
1.6800318e-48
6.0641077e-49
2.1820289e-49
7.8273544e-50
2.7992831e-50
9.9809559e-51
3.5481905e-51
1.2576706e-51
4.4449569e-52
1.5664777e-52
5.5049321e-53
1.9291488e-53
6.7418678e-54
2.3496871e-54
8.1671304e-55
2.8312149e-55
9.7889051e-56
3.3757261e-56
1.1611434e-56
3.9838558e-57
1.3634333e-57
4.6546821e-58
1.5852036e-58
5.3855735e-59
1.825339e-59
6.1720925e-60
2.0821455e-60
7.0079632e-61
2.353351e-61
7.885109e-62
2.6361281e-62
8.7937587e-63
2.9271409e-63
9.7225094e-64
3.2229743e-64
1.0645556e-64
3.5662434e-65
9.8927625e-66
-4.5982202e-12
4.1539005e-12
1.8424753e-12
5.3671953e-12
5.7581751e-12
1.078586e-11
-1.4908482e-12
2.5830387e-11
-1.6015547e-11
2.5740389e-11
4.4734917e-12
2.7894018e-11
8.1356313e-11
2.4365636e-10
5.7840065e-10
1.126729e-09
1.8528164e-09
2.6255536e-09
3.18865e-09
3.1671927e-09
2.1475209e-09
-2.0584332e-10
-4.0195987e-09
-9.108013e-09
-1.4962212e-08
-2.0828962e-08
-2.5869312e-08
-2.9342016e-08
-3.0760677e-08
-2.9987287e-08
-2.7243743e-08
-2.3043982e-08
-1.8068465e-08
-1.3016281e-08
-8.4730077e-09
-4.8242997e-09
-2.226787e-09
-6.2904321e-10
1.7047778e-10
4.4329957e-10
4.4738638e-10
3.6281005e-10
2.7304088e-10
1.9593908e-10
1.2923108e-10
7.9177122e-11
6.2788536e-11
8.2984266e-11
1.1551962e-10
1.3862709e-10
1.4457421e-10
1.0311825e-10
-2.9296292e-11
-2.4342651e-10
-4.7756934e-10
-6.5032397e-10
-5.6596375e-10
1.6513581e-10
1.8275957e-09
4.0221213e-09
5.5084912e-09
4.9341489e-09
1.956247e-09
-2.2697051e-09
-5.7316546e-09
-6.8264723e-09
-5.2746035e-09
-2.1060249e-09
1.1038591e-09
3.1218502e-09
3.5356276e-09
2.6908394e-09
1.297287e-09
1.3073485e-11
-7.9178625e-10
-1.0589962e-09
-9.3242287e-10
-6.1930969e-10
-2.9116467e-10
-4.4028078e-11
9.5802984e-11
1.4537112e-10
1.3790931e-10
1.0468749e-10
6.713335e-11
3.6203511e-11
1.5185345e-11
3.1269765e-12
-2.5019743e-12
-4.2582494e-12
-4.076979e-12
-3.1719336e-12
-2.1810002e-12
-1.368073e-12
-7.931235e-13
-4.2604253e-13
-2.1049793e-13
-9.3443736e-14
-3.4933324e-14
-8.5345698e-15
1.6482964e-15
4.4136837e-15
4.2444595e-15
3.2151686e-15
2.1637539e-15
1.3502452e-15
7.9723458e-16
4.5031123e-16
2.4490802e-16
1.2874441e-16
6.5554389e-17
3.2355125e-17
1.5470885e-17
7.1523138e-18
3.1842206e-18
1.3554439e-18
5.4458527e-19
2.0132903e-19
6.4521265e-20
1.460328e-20
-9.7650758e-22
-4.2022073e-21
-3.6842821e-21
-2.4739746e-21
-1.4657037e-21
-8.0200299e-22
-4.1314818e-22
-2.0196386e-22
-9.3791189e-23
-4.1162427e-23
-1.682664e-23
-6.19153e-24
-1.864367e-24
-2.8194245e-25
1.891635e-25
2.5654188e-25
2.0523105e-25
1.3805228e-25
8.4814719e-26
4.918834e-26
2.7381058e-26
1.4771497e-26
7.7704267e-27
4.0023594e-27
2.0245376e-27
1.0079291e-27
4.9472174e-28
2.3971503e-28
1.1478802e-28
5.4368218e-29
2.5489296e-29
1.1835941e-29
5.4463989e-30
2.4847149e-30
1.1242892e-30
5.0473951e-31
2.248956e-31
9.9481308e-32
4.3697784e-32
1.9064926e-32
8.2634294e-33
3.5589277e-33
1.5233135e-33
6.4810092e-34
2.7412339e-34
1.1528216e-34
4.8211337e-35
2.0052212e-35
8.2957036e-36
3.4140588e-36
1.3978545e-36
5.6946912e-37
2.308541e-37
9.3133128e-38
3.7394537e-38
1.4944662e-38
5.9452905e-39
2.3545221e-39
9.2834107e-40
3.6443381e-40
1.4245121e-40
5.5447128e-41
2.1492428e-41
8.2968381e-42
3.1899714e-42
1.2216127e-42
4.6599111e-43
1.7706928e-43
6.7027603e-44
2.527737e-44
9.4972969e-45
3.5553288e-45
1.3261489e-45
4.9289932e-46
1.8255669e-46
6.737994e-47
2.4784271e-47
9.085592e-48
3.3195592e-48
1.2088596e-48
4.3879072e-49
1.5876055e-49
5.7259631e-50
2.0586959e-50
7.378875e-51
2.6366883e-51
9.3932131e-52
3.3363543e-52
1.1815399e-52
4.1721343e-53
1.4689837e-53
5.1575029e-54
1.8056792e-54
6.3042715e-55
2.1950119e-55
7.621856e-56
2.6394934e-56
9.1165461e-57
3.140536e-57
1.0790821e-57
3.6982477e-58
1.264275e-58
4.3112617e-59
1.4665521e-59
4.9766117e-60
1.6847129e-60
5.6896628e-61
1.9170263e-61
6.4441076e-62
2.161239e-62
7.2320273e-63
2.4146061e-63
8.0440195e-64
2.6739408e-64
8.8693943e-65
2.935653e-65
9.6974281e-66
3.1921686e-66
1.0649566e-66
2.9555793e-67
5.9460373e-13
-7.4187217e-13
-3.6153541e-15
-3.652199e-13
-4.847651e-13
-6.1638421e-13
-1.1020581e-12
-1.5438027e-13
-2.0060029e-12
8.6094556e-13
-1.7600786e-13
-1.6308501e-13
9.3519433e-13
7.0460756e-12
2.2680247e-11
5.4046277e-11
1.0674092e-10
1.7777119e-10
2.4817778e-10
2.8163728e-10
2.3184955e-10
5.2945005e-11
-2.8801516e-10
-7.9375344e-10
-1.4273411e-09
-2.1088624e-09
-2.729857e-09
-3.1794287e-09
-3.3747002e-09
-3.2839663e-09
-2.9336444e-09
-2.397479e-09
-1.7741151e-09
-1.1624672e-09
-6.4183144e-10
-2.5894611e-10
-2.2775841e-11
9.0624153e-11
1.228057e-10
1.1384509e-10
9.0254482e-11
6.4847681e-11
4.2977272e-11
2.6984036e-11
1.7110196e-11
1.1651719e-11
8.0576647e-12
4.7138399e-12
1.9576595e-12
6.0748247e-13
-1.8863079e-13
-9.04873e-13
1.0137884e-12
2.6409629e-12
-1.589416e-11
-7.3087437e-11
-1.3765477e-10
-1.1552468e-10
7.4082147e-11
3.8910272e-10
6.4703596e-10
6.4659538e-10
3.3003538e-10
-1.5946166e-10
-5.728514e-10
-7.1807873e-10
-5.6520401e-10
-2.3431446e-10
9.943502e-11
3.0551277e-10
3.4532552e-10
2.593471e-10
1.220869e-10
-1.0522188e-12
-7.5752725e-11
-9.8723792e-11
-8.5348968e-11
-5.5792052e-11
-2.586838e-11
-3.9088355e-12
8.2011857e-12
1.2330186e-11
1.1580541e-11
8.7190659e-12
5.5665698e-12
3.0127792e-12
1.2980617e-12
3.2095542e-13
-1.3693118e-13
-2.8649543e-13
-2.8308793e-13
-2.2217126e-13
-1.5310694e-13
-9.6096387e-14
-5.5788636e-14
-3.0100486e-14
-1.5032509e-14
-6.83655e-15
-2.7112051e-15
-8.1631786e-16
-5.1807499e-17
1.8908425e-16
2.1567384e-16
1.7226683e-16
1.1862801e-16
7.4847871e-17
4.4424141e-17
2.5145923e-17
1.3682149e-17
7.1900407e-18
3.6592233e-18
1.8058964e-18
8.6431749e-19
4.0068865e-19
1.7942539e-19
7.721326e-20
3.1646979e-20
1.2151305e-20
4.2239581e-21
1.2162289e-21
1.9219262e-22
-8.878547e-23
-1.2252925e-22
-9.2221039e-23
-5.7266774e-23
-3.2020128e-23
-1.6639391e-23
-8.1384717e-24
-3.7570316e-24
-1.6279112e-24
-6.5058298e-25
-2.2942249e-25
-6.2124675e-26
-3.6172432e-27
1.1947067e-26
1.2627164e-26
9.4261711e-27
6.1212267e-27
3.675257e-27
2.0951033e-27
1.1499958e-27
6.1292975e-28
3.1894869e-28
1.6265388e-28
8.151289e-29
4.022496e-29
1.9577628e-29
9.4094637e-30
4.4704519e-30
2.1012785e-30
9.778361e-31
4.5077247e-31
2.0595848e-31
9.3309491e-32
4.1933868e-32
1.8700211e-32
8.2775891e-33
3.6379493e-33
1.5878626e-33
6.884477e-34
2.9656544e-34
1.2695334e-34
5.401543e-35
2.2846104e-35
9.6071071e-36
4.017173e-36
1.670526e-36
6.9094681e-37
2.8427946e-37
1.1636003e-37
4.738765e-38
1.9203159e-38
7.7440373e-39
3.1080547e-39
1.2415773e-39
4.9369491e-40
1.9542388e-40
7.7012945e-41
3.0216815e-41
1.180492e-41
4.5923636e-42
1.7790856e-42
6.8639207e-43
2.6374798e-43
1.0094232e-43
3.84813e-44
1.4613112e-44
5.5281e-45
2.0833977e-45
7.8226502e-46
2.926462e-46
1.0908382e-46
4.0516034e-47
1.4995568e-47
5.5308018e-48
2.0329268e-48
7.4470247e-49
2.7188783e-49
9.8937474e-50
3.5885065e-50
1.2973764e-50
4.6755713e-51
1.6797193e-51
6.0157331e-52
2.1478628e-52
7.645513e-53
2.7133425e-53
9.60099e-54
3.3873192e-54
1.1916262e-54
4.1800606e-55
1.4621721e-55
5.1003762e-56
1.7742224e-56
6.1550303e-57
2.1295241e-57
7.3481658e-58
2.528908e-58
8.6807709e-59
2.9721319e-59
1.0150223e-59
3.4577526e-60
1.1749948e-60
3.9830385e-61
1.3469212e-61
4.543929e-62
1.5293079e-62
5.1350485e-63
1.7202536e-63
5.7497726e-64
1.91748e-64
6.3803515e-65
2.1183775e-65
7.0180793e-66
2.3200685e-66
7.6534381e-67
2.5197206e-67
8.2675313e-68
2.7469358e-68
7.6384464e-69
-7.9333234e-14
8.2096017e-14
3.8230212e-14
4.5084898e-14
3.0592333e-14
4.4884654e-14
5.5934542e-14
1.0948558e-13
-4.0429731e-15
9.6351822e-14
-6.5098502e-14
-1.0506381e-13
8.4598793e-15
2.5636103e-13
6.6213111e-13
1.9188278e-12
5.0798708e-12
1.0161034e-11
1.5730542e-11
1.9033329e-11
1.655701e-11
3.3979684e-12
-2.6115215e-11
-7.578604e-11
-1.4406874e-10
-2.219261e-10
-2.9434063e-10
-3.4492797e-10
-3.6141343e-10
-3.3960776e-10
-2.846629e-10
-2.0942745e-10
-1.3031853e-10
-6.1981418e-11
-1.299338e-11
1.5359223e-11
2.7105012e-11
2.8251083e-11
2.4158515e-11
1.844512e-11
1.3037798e-11
8.6852529e-12
5.4931628e-12
3.316342e-12
1.9506081e-12
1.1604924e-12
7.0817138e-13
4.42039e-13
2.5878401e-13
1.6178467e-16
-2.6947382e-13
5.8543437e-14
1.1400391e-12
7.4806887e-13
-4.9240673e-12
-1.5750597e-11
-2.2939307e-11
-1.34545e-11
1.712581e-11
5.5746473e-11
7.8120898e-11
6.653906e-11
2.3859363e-11
-2.8124866e-11
-6.3630074e-11
-6.8633194e-11
-4.6627348e-11
-1.2959273e-11
1.5852512e-11
3.0257967e-11
2.9712051e-11
1.9731576e-11
7.3181525e-12
-2.4336652e-12
-7.4998505e-12
-8.3364854e-12
-6.5885199e-12
-3.9575395e-12
-1.599194e-12
-1.5911358e-14
7.6982577e-13
9.7196606e-13
8.5058581e-13
6.1082465e-13
3.7498718e-13
1.9536933e-13
8.0274815e-14
1.7463668e-14
-1.0522613e-14
-1.8798993e-14
-1.7797621e-14
-1.3598523e-14
-9.1782318e-15
-5.6609577e-15
-3.2375982e-15
-1.7248314e-15
-8.5286165e-16
-3.8560929e-16
-1.5333246e-16
-4.7615809e-17
-5.0987709e-18
8.4961328e-18
1.0349605e-17
8.3590296e-18
5.7550564e-18
3.6157456e-18
2.1331934e-18
1.1992824e-18
6.4790519e-19
3.3805026e-19
1.7085123e-19
8.3768185e-20
3.9856619e-20
1.8386671e-20
8.205353e-21
3.527289e-21
1.4498438e-21
5.6233041e-22
2.0054248e-22
6.1891632e-23
1.3405213e-23
-9.6977786e-25
-3.6727573e-24
-3.0755082e-24
-1.9737958e-24
-1.1143222e-24
-5.7800003e-25
-2.7995297e-25
-1.2699373e-25
-5.3511329e-26
-2.0410449e-26
-6.5568639e-27
-1.3136705e-27
3.5053657e-28
6.7120395e-28
5.7103181e-28
3.9343773e-28
2.4443971e-28
1.4249479e-28
7.9456744e-29
4.2845391e-29
2.2494742e-29
1.1551804e-29
5.8212728e-30
2.8855184e-30
1.4094814e-30
6.794304e-31
3.2357731e-31
1.5239302e-31
7.1030301e-32
3.2786757e-32
1.4995898e-32
6.7994763e-33
3.0576683e-33
1.3642005e-33
6.040623e-34
2.655392e-34
1.1591344e-34
5.0257533e-35
2.1648383e-35
9.2660228e-36
3.9417091e-36
1.6667586e-36
7.0069031e-37
2.9289255e-37
1.2175276e-37
5.0337683e-38
2.0701602e-38
8.4695509e-39
3.4475392e-39
1.3963512e-39
5.6280612e-40
2.2575722e-40
9.0132486e-41
3.5819077e-41
1.4170192e-41
5.5808304e-42
2.1883454e-42
8.5439325e-43
3.3216544e-43
1.2859809e-43
4.9582206e-44
1.9039486e-44
7.2819659e-45
2.7741587e-45
1.0527558e-45
3.9798008e-46
1.4988407e-46
5.6238337e-47
2.1023942e-47
7.8310822e-48
2.9065388e-48
1.0749727e-48
3.9619176e-49
1.4551893e-49
5.3267031e-50
1.9433049e-50
7.0661839e-51
2.560992e-51
9.2518428e-52
3.3316705e-52
1.1959868e-52
4.279941e-53
1.5269063e-53
5.4308291e-54
1.9258156e-54
6.8088459e-55
2.4002569e-55
8.4368899e-56
2.9570741e-56
1.033503e-56
3.6020143e-57
1.2519224e-57
4.3393201e-58
1.500003e-58
5.1713321e-59
1.7781405e-59
6.0981273e-60
2.0859643e-60
7.1172187e-61
2.4222545e-61
8.2233366e-62
2.7848888e-62
9.4083124e-63
3.1708235e-63
1.0661079e-63
3.5761125e-64
1.1967794e-64
3.9959662e-65
1.3312084e-65
4.4248481e-66
1.4675408e-66
4.8566047e-67
1.6037517e-67
5.2846303e-68
1.7376863e-68
5.7025428e-69
1.8653027e-69
6.1722726e-70
1.7233147e-70
1.0937221e-14
-5.711339e-15
-1.3994399e-14
-7.3208144e-15
6.4104594e-16
-5.576992e-15
-7.9001442e-15
1.5040501e-15
1.9280189e-15
6.811364e-15
-7.0650776e-15
-4.4832795e-15
4.7185846e-15
3.8729244e-15
2.9485111e-15
7.6745135e-14
2.7738342e-13
5.6929256e-13
8.8471949e-13
1.0912829e-12
8.28508e-13
-6.9954458e-13
-4.4431813e-12
-1.0868065e-11
-1.9327497e-11
-2.7982322e-11
-3.4428829e-11
-3.6703062e-11
-3.4101374e-11
-2.7407703e-11
-1.8479431e-11
-9.4671223e-12
-2.0678741e-12
2.8818854e-12
5.3921193e-12
6.0160963e-12
5.4814017e-12
4.4242094e-12
3.2769036e-12
2.2703582e-12
1.4882808e-12
9.2877948e-13
5.5325159e-13
3.1633856e-13
1.7716102e-13
1.0087808e-13
6.0179367e-14
3.4293071e-14
8.4836515e-15
-8.2661928e-15
2.5181153e-14
9.6026342e-14
-8.4854494e-15
-6.3437107e-13
-1.8037163e-12
-2.7577256e-12
-2.223008e-12
4.9134556e-13
4.5082663e-12
7.6221984e-12
7.7810121e-12
4.6035291e-12
-3.2777414e-13
-4.5592199e-12
-6.2995853e-12
-5.289597e-12
-2.6015936e-12
2.3489698e-13
2.0875526e-12
2.601092e-12
2.074856e-12
1.0895262e-12
1.6088762e-13
-4.3293764e-13
-6.5118986e-13
-5.9688293e-13
-4.126859e-13
-2.1294233e-13
-5.9939179e-14
2.9482031e-14
6.539244e-14
6.732467e-14
5.3340939e-14
3.5654884e-14
2.0516313e-14
9.9327508e-15
3.6130724e-15
4.0841653e-16
-8.7624806e-16
-1.1526435e-15
-9.9834132e-16
-7.2493905e-16
-4.7152437e-16
-2.8215851e-16
-1.5713683e-16
-8.1675106e-17
-3.9420573e-17
-1.737271e-17
-6.6941376e-18
-1.9669993e-18
-1.3026756e-19
4.2247769e-19
4.7299515e-19
3.694563e-19
2.4875156e-19
1.5351166e-19
8.9166505e-20
4.9423988e-20
2.635117e-20
1.3578959e-20
6.7821562e-21
3.2880101e-21
1.5477265e-21
7.0679305e-22
3.1245829e-22
1.3318761e-22
5.4364974e-23
2.0993776e-23
7.4937396e-24
2.3466284e-24
5.4655699e-25
5.075263e-27
-1.0619829e-25
-9.4108632e-26
-6.0870955e-26
-3.4139329e-26
-1.7448673e-26
-8.2649423e-27
-3.6300405e-27
-1.4555648e-27
-5.0835077e-28
-1.3165034e-28
-1.4551099e-30
3.1529709e-29
3.129171e-29
2.2846704e-29
1.4641419e-29
8.7027302e-30
4.9178917e-30
2.6776238e-30
1.4160539e-30
7.3126593e-31
3.7011892e-31
1.8409686e-31
9.0172178e-32
4.3561714e-32
2.0782064e-32
9.8009093e-33
4.5730263e-33
2.1125518e-33
9.6680292e-34
4.3855043e-34
1.972635e-34
8.8021783e-35
3.8976307e-35
1.7132182e-35
7.477333e-36
3.2412433e-36
1.3957454e-36
5.972012e-37
2.5394388e-37
1.0733311e-37
4.5100264e-38
1.884254e-38
7.8284528e-39
3.2347871e-39
1.3295431e-39
5.436215e-40
2.2114441e-40
8.9512888e-41
3.6055227e-41
1.445322e-41
5.7665159e-42
2.2900862e-42
9.0534692e-43
3.5631734e-43
1.396208e-43
5.4473562e-44
2.1162841e-44
8.187356e-45
3.1544442e-45
1.2104267e-45
4.6261186e-46
1.7610955e-46
6.6782315e-47
2.5227618e-47
9.4940241e-48
3.5596411e-48
1.3297369e-48
4.9493729e-49
1.8356096e-49
6.7838526e-50
2.498378e-50
9.1694838e-51
3.3539414e-51
1.2226675e-51
4.4424405e-52
1.6088403e-52
5.80764e-53
2.0897718e-53
7.4959581e-54
2.6804083e-54
9.5551253e-55
3.3958561e-55
1.2032481e-55
4.2507885e-56
1.4972946e-56
5.2587598e-57
1.8416725e-57
6.4314506e-58
2.2396861e-58
7.7778789e-59
2.693673e-59
9.3036201e-60
3.204764e-60
1.1010081e-60
3.7726682e-61
1.2893876e-61
4.3954978e-62
1.4946353e-62
5.0696462e-63
1.715331e-63
5.7897324e-64
1.949493e-64
6.5486181e-65
2.1945957e-65
7.3375012e-66
2.4476114e-66
8.1460868e-67
2.7050757e-67
8.9628274e-68
2.9631735e-68
9.7752232e-69
3.2178422e-69
1.0570182e-69
3.4648666e-70
1.1335286e-70
3.6967693e-71
1.2181999e-71
3.4260123e-72
-1.2509189e-15
5.2918705e-16
1.3494766e-15
9.0594971e-16
1.862431e-16
-4.7704939e-16
-4.1836634e-17
4.6244533e-16
3.5434602e-16
2.6570488e-16
-5.7761927e-16
-1.5514801e-16
-2.7833779e-16
-7.2029743e-16
8.6351644e-16
8.127746e-15
2.1467037e-14
3.6357406e-14
3.3074839e-14
-3.8834656e-14
-2.6087379e-13
-7.0606765e-13
-1.3722046e-12
-2.1424041e-12
-2.8070229e-12
-3.1463062e-12
-3.0272343e-12
-2.4600004e-12
-1.5880229e-12
-6.2435789e-13
2.2836455e-13
8.3765598e-13
1.1618616e-12
1.2349585e-12
1.132423e-12
9.3694269e-13
7.1572184e-13
5.1183204e-13
3.4583078e-13
2.2217731e-13
1.3626199e-13
7.9945875e-14
4.5001295e-14
2.4587637e-14
1.3444238e-14
7.7107359e-15
4.7543443e-15
2.9867345e-15
1.6470771e-15
-9.7512477e-16
-1.3103121e-14
-5.3672379e-14
-1.3998768e-13
-2.5427658e-13
-3.1967097e-13
-2.3176006e-13
5.3799767e-14
4.4901056e-13
7.5802054e-13
7.9905416e-13
5.3105343e-13
8.3579978e-14
-3.2896364e-13
-5.3722702e-13
-4.9882352e-13
-2.9165989e-13
-4.4948516e-14
1.3558387e-13
2.0665547e-13
1.8341661e-13
1.107369e-13
3.3251919e-14
-2.175925e-14
-4.6860789e-14
-4.8014615e-14
-3.6109748e-14
-2.0830281e-14
-8.047873e-15
1.0858013e-16
3.9501802e-15
4.8221933e-15
4.1385728e-15
2.935322e-15
1.7934865e-15
9.4222672e-16
4.0375581e-16
1.1081762e-16
-2.1852609e-17
-6.4855499e-17
-6.560402e-17
-5.1232383e-17
-3.4905545e-17
-2.164799e-17
-1.2448817e-17
-6.6877095e-18
-3.3563726e-18
-1.5608315e-18
-6.5773659e-19
-2.3694402e-19
-5.9109706e-20
5.3770605e-21
2.1867705e-20
2.0868282e-20
1.5310124e-20
9.9213687e-21
5.9520777e-21
3.3781402e-21
1.8351669e-21
9.6082791e-22
4.8685327e-22
2.3932873e-22
1.1427486e-22
5.3004616e-23
2.3859394e-23
1.0399127e-23
4.3706397e-24
1.7589892e-24
6.6961432e-25
2.3554389e-25
7.2638872e-26
1.6633628e-26
1.2746757e-28
-3.1474464e-27
-2.7322297e-27
-1.7292422e-27
-9.4600271e-28
-4.6915117e-28
-2.137168e-28
-8.8794381e-29
-3.249236e-29
-9.3205035e-30
-9.2822167e-31
1.4385401e-30
1.6466071e-30
1.2575465e-30
8.2440172e-31
4.968328e-31
2.8337316e-31
1.5530478e-31
8.2529428e-32
4.2772874e-32
2.1707621e-32
1.081941e-32
5.3075e-33
2.5668688e-33
1.2255323e-33
5.7825914e-34
2.6988784e-34
1.2468962e-34
5.7060715e-35
2.5878482e-35
1.1636932e-35
5.1905596e-36
2.2973268e-36
1.0092618e-36
4.4023256e-37
1.907086e-37
8.2067296e-38
3.5089289e-38
1.4909691e-38
6.2969544e-39
2.6438242e-39
1.1036763e-39
4.5816342e-40
1.8915895e-40
7.7681178e-41
3.1734997e-41
1.289862e-41
5.2164604e-42
2.0993255e-42
8.4080635e-43
3.3516886e-43
1.3299036e-43
5.2529239e-44
2.0655736e-44
8.0867042e-45
3.1522829e-45
1.2235783e-45
4.729556e-46
1.820619e-46
6.9799923e-47
2.6653496e-47
1.0137762e-47
3.8409907e-48
1.4497111e-48
5.4510455e-49
2.0420236e-49
7.6216003e-50
2.8343748e-50
1.0503035e-50
3.8782783e-51
1.4270838e-51
5.2331781e-52
1.9125198e-52
6.9660907e-53
2.5289082e-53
9.1507223e-54
3.3004513e-54
1.1865986e-54
4.2526879e-55
1.5193879e-55
5.4117196e-56
1.9216714e-56
6.8032377e-57
2.4013755e-57
8.4513756e-58
2.9657353e-58
1.0377424e-58
3.6208729e-59
1.2598466e-59
4.3713613e-60
1.5126002e-60
5.2197972e-61
1.7964642e-61
6.166408e-62
2.1110953e-62
7.2087226e-63
2.4552546e-63
8.3413279e-64
2.8267468e-64
9.5557357e-65
3.2223982e-65
1.0840375e-65
3.6380746e-66
1.2180721e-66
4.0687441e-67
1.3559556e-67
4.5085808e-68
1.4957363e-68
4.9511071e-69
1.6352831e-69
5.3893693e-70
1.772345e-70
5.8161375e-71
1.9046193e-71
6.2240913e-72
2.0299623e-72
6.6009501e-73
2.1659715e-73
6.1681549e-74
)
;

boundaryField
{
    inletAnion
    {
        type            fixedValue;
        value           uniform 8;
    }
    inletCation
    {
        type            fixedValue;
        value           uniform 0;
    }
    outlet
    {
        type            inletOutlet;
        inletValue      uniform 0;
        value           nonuniform List<scalar> 
48
(
8.196032e-67
4.3973812e-65
2.1233137e-63
8.955051e-62
3.2593452e-60
1.0109484e-58
2.6366177e-57
5.6999163e-56
1.0058986e-54
1.4258316e-53
1.5962146e-52
1.3877105e-51
9.2236353e-51
4.6293209e-50
1.7428194e-49
4.9269543e-49
1.055457e-48
1.7398599e-48
2.2493799e-48
2.327413e-48
1.9655384e-48
1.3793658e-48
8.1703481e-49
4.1379657e-49
1.810287e-49
6.8924821e-50
2.2951769e-50
6.702623e-51
1.7185466e-51
3.8723899e-52
7.6910039e-53
1.3559081e-53
2.1434485e-54
3.0583912e-55
3.9181552e-56
4.4265484e-57
4.3122809e-58
3.5582301e-59
2.462583e-60
1.4259457e-61
6.9266544e-63
2.8390219e-64
9.8927625e-66
2.9555793e-67
7.6384464e-69
1.7233147e-70
3.4260123e-72
6.1681549e-74
)
;
    }
    walls
    {
        type            zeroGradient;
    }
    frontAndBack
    {
        type            empty;
    }
}


// ************************************************************************* //
