/*--------------------------------*- C++ -*----------------------------------*\
| =========                 |                                                 |
| \\      /  F ield         | OpenFOAM: The Open Source CFD Toolbox           |
|  \\    /   O peration     | Version:  1912                                  |
|   \\  /    A nd           | Website:  www.openfoam.com                      |
|    \\/     M anipulation  |                                                 |
\*---------------------------------------------------------------------------*/
FoamFile
{
    version     2.0;
    format      ascii;
    class       surfaceScalarField;
    location    "1.2";
    object      phi;
}
// * * * * * * * * * * * * * * * * * * * * * * * * * * * * * * * * * * * * * //

dimensions      [0 3 -1 0 0 0 0];
oriented        oriented;


internalField   nonuniform List<scalar> 
22752
(
1.3568811e-09
3.0978559e-10
1.0285984e-09
3.2828269e-10
7.9908487e-10
2.2951351e-10
6.4719142e-10
1.5189346e-10
5.485002e-10
9.8691216e-11
4.851596e-10
6.3340603e-11
4.4488313e-10
4.0276469e-11
4.1967818e-10
2.5204949e-11
4.0452481e-10
1.5153374e-11
3.9625719e-10
8.2676207e-12
3.9279868e-10
3.4585018e-12
3.9282665e-10
-2.7961611e-14
3.9517541e-10
-2.3487672e-12
3.9911381e-10
-3.9384008e-12
4.0398265e-10
-4.868833e-12
4.0922874e-10
-5.2460936e-12
4.1437981e-10
-5.1510682e-12
4.190338e-10
-4.6539919e-12
4.2285569e-10
-3.8218905e-12
4.2557821e-10
-2.7225177e-12
4.2701245e-10
-1.4342388e-12
4.2694328e-10
6.9164342e-14
4.2539698e-10
1.5463048e-12
4.2230817e-10
3.0888052e-12
4.1770699e-10
4.60118e-12
4.1166407e-10
6.0429243e-12
4.0428282e-10
7.3812454e-12
3.9569075e-10
8.5920683e-12
3.8603114e-10
9.6596107e-12
3.7545588e-10
1.057526e-11
3.6411961e-10
1.1336271e-11
3.5217516e-10
1.1944453e-11
3.3977025e-10
1.2404915e-11
3.2704526e-10
1.2724987e-11
3.1413187e-10
1.2913384e-11
3.0115226e-10
1.297961e-11
2.8821868e-10
1.2933589e-11
2.7543321e-10
1.2785469e-11
2.6288766e-10
1.2545549e-11
2.5066339e-10
1.2224263e-11
2.3883123e-10
1.1832161e-11
2.2745135e-10
1.1379879e-11
2.1657331e-10
1.0878043e-11
2.0623617e-10
1.0337143e-11
1.9646881e-10
9.767357e-12
1.8729045e-10
9.1783576e-12
1.7871132e-10
8.5791368e-12
1.7073347e-10
7.9778497e-12
1.6335178e-10
7.381692e-12
1.5655495e-10
6.7968274e-12
1.5032658e-10
6.2283652e-12
1.446462e-10
5.6803805e-12
1.3949023e-10
5.1559683e-12
1.3483291e-10
4.6573248e-12
1.3064706e-10
4.1858481e-12
1.2690481e-10
3.7422483e-12
1.2357815e-10
3.326658e-12
1.2063941e-10
2.9387402e-12
1.1806163e-10
2.5777896e-12
1.158188e-10
2.2428268e-12
1.1388612e-10
1.9326827e-12
1.1224004e-10
1.646074e-12
1.1085837e-10
1.3816671e-12
1.0972024e-10
1.138132e-12
1.0880606e-10
9.1418605e-13
1.0809743e-10
7.0863006e-13
1.0757705e-10
5.2037183e-13
1.0722861e-10
3.4844941e-13
1.070365e-10
1.9210307e-13
1.0698633e-10
5.0176128e-14
1.0706438e-10
-7.8057201e-14
1.0725591e-10
-1.9153154e-13
1.0754826e-10
-2.9234607e-13
1.0792876e-10
-3.8049678e-13
1.0838502e-10
-4.5626673e-13
1.0890506e-10
-5.2003074e-13
1.0947726e-10
-5.7220268e-13
1.100905e-10
-6.1323933e-13
1.1073415e-10
-6.4365526e-13
1.1139819e-10
-6.6403589e-13
1.1207323e-10
-6.7504271e-13
1.1275064e-10
-6.7741142e-13
1.1342259e-10
-6.7194518e-13
1.1408209e-10
-6.5950301e-13
1.1472307e-10
-6.4098419e-13
1.1534039e-10
-6.1731073e-13
1.1592979e-10
-5.8940833e-13
1.1648798e-10
-5.58187e-13
1.170125e-10
-5.2452317e-13
1.1750175e-10
-4.8924289e-13
1.1795485e-10
-4.5310721e-13
1.1837165e-10
-4.1680093e-13
1.1875258e-10
-3.8092416e-13
1.1909857e-10
-3.4598714e-13
1.1941098e-10
-3.1240895e-13
1.1969149e-10
-2.8051912e-13
1.1994206e-10
-2.5056201e-13
1.2016476e-10
-2.227033e-13
1.203618e-10
-1.9703763e-13
1.2053539e-10
-1.7359696e-13
1.2068775e-10
-1.5235984e-13
1.2082102e-10
-1.3326103e-13
1.2093722e-10
-1.1620097e-13
1.2103827e-10
-1.0105497e-13
1.2112595e-10
-8.7681431e-14
1.2120188e-10
-7.5928843e-14
1.2126752e-10
-6.5641973e-14
1.2132419e-10
-5.6666936e-14
1.2137305e-10
-4.8855313e-14
1.2141511e-10
-4.2067331e-14
1.2145129e-10
-3.6173946e-14
1.2148234e-10
-3.1057974e-14
1.2150896e-10
-2.6614536e-14
1.2153171e-10
-2.2750984e-14
1.215511e-10
-1.9386508e-14
1.2156755e-10
-1.6451508e-14
1.2158144e-10
-1.3886714e-14
1.2159308e-10
-1.1642101e-14
1.2160275e-10
-9.6757146e-15
1.2161071e-10
-7.952473e-15
1.2161715e-10
-6.4430377e-15
1.2162227e-10
-5.1228007e-15
1.2162624e-10
-3.970975e-15
1.2162921e-10
-2.9698034e-15
1.2163132e-10
-2.1039153e-15
1.2163268e-10
-1.3598452e-15
1.216334e-10
-7.2585078e-16
1.2163359e-10
-1.9137104e-16
1.2163334e-10
2.5430498e-16
1.2163272e-10
6.1926932e-16
1.2163181e-10
9.1170558e-16
1.2163067e-10
1.1393989e-15
1.2162936e-10
1.3098644e-15
1.2162793e-10
1.4303887e-15
1.2162642e-10
1.5079608e-15
1.2162487e-10
1.5491413e-15
1.2162331e-10
1.5599281e-15
1.2162177e-10
1.5456727e-15
1.2162025e-10
1.5110696e-15
1.2161879e-10
1.4602176e-15
1.216174e-10
1.3967211e-15
1.2161607e-10
1.3237898e-15
1.2161483e-10
1.2443022e-15
1.2161367e-10
1.1608258e-15
1.2161259e-10
1.0755939e-15
1.216116e-10
9.9047019e-16
1.216107e-10
9.0692679e-16
1.2160987e-10
8.2605436e-16
1.2160912e-10
7.486071e-16
1.2160845e-10
6.7507667e-16
1.2160784e-10
6.0577231e-16
1.216073e-10
5.4089136e-16
1.2160682e-10
4.805711e-16
1.2160639e-10
4.2491157e-16
1.2160602e-10
3.7397039e-16
1.2160569e-10
3.2773819e-16
1.2160541e-10
2.8610207e-16
1.2160516e-10
2.4881651e-16
1.2160494e-10
2.1550693e-16
1.2160476e-10
1.8571565e-16
1.216046e-10
1.5898659e-16
1.2160446e-10
1.3496486e-16
1.2160435e-10
1.1346315e-16
1.2160425e-10
9.4457821e-17
1.2160418e-10
7.8010264e-17
1.2160411e-10
6.4140756e-17
1.2160406e-10
5.2716012e-17
1.2160402e-10
4.3413643e-17
1.2160398e-10
3.5780896e-17
1.2160395e-10
2.9357214e-17
1.2160393e-10
2.3796199e-17
1.2160391e-10
1.8915896e-17
1.2160389e-10
1.4656121e-17
1.2160388e-10
1.0985254e-17
1.2160387e-10
7.8245121e-18
1.2160387e-10
5.0464948e-18
1.2160387e-10
2.5497813e-18
1.2160387e-10
3.4183514e-19
1.2160387e-10
-1.4465462e-18
1.2160387e-10
-2.6401207e-18
1.2160387e-10
-3.1482377e-18
1.2160388e-10
-3.0492863e-18
1.2160388e-10
-2.5593441e-18
1.2160388e-10
-1.9087398e-18
1.2160388e-10
-1.2243852e-18
1.2160388e-10
-5.1001653e-19
1.2160388e-10
2.6096029e-19
1.2160388e-10
1.0328238e-18
1.2160388e-10
1.6550739e-18
1.2160388e-10
1.9916732e-18
1.2160388e-10
2.052442e-18
1.2160387e-10
2.0127318e-18
1.2160387e-10
2.0799266e-18
1.2160387e-10
2.3242096e-18
1.2160387e-10
2.6439847e-18
1.2160386e-10
2.904616e-18
1.2160386e-10
3.1109876e-18
1.2160386e-10
3.4273901e-18
1.2160385e-10
4.0043266e-18
1.2160385e-10
4.7920746e-18
1.2160384e-10
5.5609903e-18
1.2160384e-10
6.1270398e-18
1.2160383e-10
6.5409836e-18
1.2160382e-10
7.0189768e-18
1.2160382e-10
7.6790567e-18
1.2160381e-10
8.395804e-18
1.216038e-10
8.9593461e-18
1.2160379e-10
9.3388099e-18
1.2160378e-10
9.7098639e-18
1.2160377e-10
1.0216246e-17
1.2160376e-10
1.0796984e-17
1.2160375e-10
1.1325987e-17
1.2160373e-10
1.1858094e-17
1.2160372e-10
1.2601626e-17
1.2160371e-10
1.3653919e-17
1.2160369e-10
1.4924754e-17
1.2160368e-10
1.6380078e-17
1.2160366e-10
1.8199185e-17
1.2160364e-10
2.0563751e-17
1.2160362e-10
2.3441215e-17
1.2160359e-10
2.6766707e-17
1.2160356e-10
3.0697922e-17
1.2160352e-10
3.5455663e-17
1.2160348e-10
4.1084508e-17
1.2160343e-10
4.7659677e-17
1.2160338e-10
5.5529604e-17
1.2160331e-10
6.5065288e-17
1.2160324e-10
7.6427351e-17
1.2160315e-10
8.9827052e-17
1.2160304e-10
1.0572428e-16
1.2160292e-10
1.245246e-16
1.2160277e-10
1.4603498e-16
1.216026e-10
1.6876991e-16
1.2160241e-10
1.8834009e-16
1.2160222e-10
1.9349738e-16
1.2160206e-10
1.6365653e-16
1.2160199e-10
6.4247381e-17
1.2160217e-10
-1.7781475e-16
1.2160288e-10
-7.1430531e-16
-6.1863412e-16
1.7497201e-09
2.2673214e-10
1.6983987e-09
3.7960411e-10
1.5734595e-09
3.5445274e-10
1.4397108e-09
2.8564212e-10
1.3220225e-09
2.1637952e-10
1.2281545e-09
1.572086e-10
1.1579969e-09
1.1043403e-10
1.1083427e-09
7.4859182e-11
1.075362e-09
4.8134101e-11
1.0555681e-09
2.8061463e-11
1.0460576e-09
1.2969002e-11
1.044382e-09
1.6476882e-12
1.048635e-09
-6.6017415e-12
1.05711e-09
-1.2413387e-11
1.0683795e-09
-1.6138374e-11
1.0811883e-09
-1.8054862e-11
1.0944304e-09
-1.8393182e-11
1.1071367e-09
-1.7360362e-11
1.1184707e-09
-1.515586e-11
1.1277277e-09
-1.1979487e-11
1.1343242e-09
-8.0307627e-12
1.1378871e-09
-3.4937754e-12
1.138014e-09
1.4194929e-12
1.1346121e-09
6.4906944e-12
1.1275948e-09
1.1618453e-11
1.1170044e-09
1.6633337e-11
1.1029695e-09
2.141609e-11
1.0856894e-09
2.587217e-11
1.0654175e-09
2.9931557e-11
1.0424461e-09
3.3546688e-11
1.0170931e-09
3.6689263e-11
9.896908e-10
3.9346724e-11
9.6057698e-10
4.1518733e-11
9.3008798e-10
4.3213992e-11
8.9855369e-10
4.4447671e-11
8.6629377e-10
4.5239531e-11
8.3361468e-10
4.561268e-11
8.0080723e-10
4.5592917e-11
7.6814435e-10
4.5208428e-11
7.3587892e-10
4.4489698e-11
7.0424165e-10
4.3469425e-11
6.7343919e-10
4.218234e-11
6.4365242e-10
4.0664816e-11
6.1503528e-10
3.8954282e-11
5.8771418e-10
3.708846e-11
5.6178803e-10
3.5104507e-11
5.3732902e-10
3.3038144e-11
5.1438401e-10
3.0922856e-11
4.9297649e-10
2.8789212e-11
4.7310896e-10
2.6664365e-11
4.5476556e-10
2.4571758e-11
4.3791495e-10
2.2530991e-11
4.2251304e-10
2.055788e-11
4.0850573e-10
1.8664635e-11
3.9583143e-10
1.6860147e-11
3.8442333e-10
1.515035e-11
3.7421138e-10
1.3538606e-11
3.6512401e-10
1.2026112e-11
3.570895e-10
1.0612295e-11
3.5003714e-10
9.2951937e-12
3.4389801e-10
8.0718077e-12
3.3860567e-10
6.9384138e-12
3.3409649e-10
5.8908457e-12
3.303099e-10
4.9247279e-12
3.2718841e-10
4.0356728e-12
3.246776e-10
3.2194419e-12
3.2272591e-10
2.4720629e-12
3.2128445e-10
1.7899099e-12
3.2030679e-10
1.1697619e-12
3.1974816e-10
6.0880995e-13
3.1957006e-10
1.0003881e-13
3.1972577e-10
-3.4724018e-13
3.2017969e-10
-7.4626295e-13
3.2089398e-10
-1.094792e-12
3.2183253e-10
-1.3948137e-12
3.2296064e-10
-1.6481385e-12
3.2424512e-10
-1.8566896e-12
3.2565441e-10
-2.0225278e-12
3.2715865e-10
-2.1478988e-12
3.2872989e-10
-2.235273e-12
3.3034221e-10
-2.2873597e-12
3.3197189e-10
-2.3070973e-12
3.3359758e-10
-2.2976278e-12
3.3520033e-10
-2.2622549e-12
3.3676373e-10
-2.2043886e-12
3.3827391e-10
-2.1274845e-12
3.3971948e-10
-2.034978e-12
3.4109151e-10
-1.9302169e-12
3.4238338e-10
-1.8163999e-12
3.4359066e-10
-1.696521e-12
3.4471087e-10
-1.5733205e-12
3.4574332e-10
-1.4492496e-12
3.4668884e-10
-1.3264448e-12
3.4754957e-10
-1.206714e-12
3.483287e-10
-1.0915351e-12
3.4903024e-10
-9.8206475e-13
3.4965884e-10
-8.791552e-13
3.5021951e-10
-7.8337952e-13
3.5071754e-10
-6.9506085e-13
3.5115824e-10
-6.1430445e-13
3.5154691e-10
-5.4103222e-13
3.5188867e-10
-4.7501701e-13
3.5218839e-10
-4.159159e-13
3.5245063e-10
-3.6330197e-13
3.5267964e-10
-3.1669266e-13
3.5287929e-10
-2.7557441e-13
3.5305307e-10
-2.3942376e-13
3.5320413e-10
-2.0772428e-13
3.5333525e-10
-1.7997977e-13
3.5344891e-10
-1.5572425e-13
3.5354726e-10
-1.3452848e-13
3.5363221e-10
-1.1600355e-13
3.537054e-10
-9.9802395e-14
3.5376827e-10
-8.5619264e-14
3.5382207e-10
-7.3187879e-14
3.538679e-10
-6.2278743e-14
3.539067e-10
-5.2695715e-14
3.5393933e-10
-4.4272174e-14
3.5396653e-10
-3.6867114e-14
3.5398893e-10
-3.036129e-14
3.5400714e-10
-2.4653633e-14
3.5402168e-10
-1.9658058e-14
3.5403301e-10
-1.530063e-14
3.5404156e-10
-1.1517105e-14
3.540477e-10
-8.2509338e-15
3.540518e-10
-5.451614e-15
3.5405414e-10
-3.0734223e-15
3.5405503e-10
-1.0742415e-15
3.540547e-10
5.8368777e-16
3.5405338e-10
1.9365114e-15
3.5405127e-10
3.0176563e-15
3.5404856e-10
3.8581367e-15
3.5404538e-10
4.4872393e-15
3.5404188e-10
4.9325737e-15
3.5403816e-10
5.2200688e-15
3.5403434e-10
5.3738613e-15
3.5403048e-10
5.4161326e-15
3.5402666e-10
5.3669583e-15
3.5402293e-10
5.2442272e-15
3.5401932e-10
5.0636689e-15
3.5401588e-10
4.8389848e-15
3.5401262e-10
4.5820393e-15
3.5400957e-10
4.3030696e-15
3.5400672e-10
4.0108661e-15
3.5400408e-10
3.7128959e-15
3.5400165e-10
3.4153791e-15
3.5399944e-10
3.1233442e-15
3.5399742e-10
2.8406894e-15
3.539956e-10
2.5702811e-15
3.5399396e-10
2.314096e-15
3.5399249e-10
2.0733933e-15
3.5399119e-10
1.8488951e-15
3.5399003e-10
1.6409498e-15
3.53989e-10
1.4496488e-15
3.539881e-10
1.274884e-15
3.5398731e-10
1.1163508e-15
3.5398662e-10
9.735117e-16
3.5398603e-10
8.4555891e-16
3.5398551e-10
7.3142049e-16
3.5398507e-10
6.2983548e-16
3.5398469e-10
5.3949487e-16
3.5398436e-10
4.5921337e-16
3.5398409e-10
3.8806088e-16
3.5398386e-10
3.2539343e-16
3.5398366e-10
2.7076975e-16
3.539835e-10
2.2378607e-16
3.5398337e-10
1.8391054e-16
3.5398327e-10
1.5040739e-16
3.5398318e-10
1.2238332e-16
3.5398311e-10
9.8922742e-17
3.5398305e-10
7.9233349e-17
3.5398301e-10
6.2711793e-17
3.5398298e-10
4.8899765e-17
3.5398295e-10
3.7384462e-17
3.5398293e-10
2.7727378e-17
3.5398292e-10
1.9485783e-17
3.5398291e-10
1.232173e-17
3.539829e-10
6.1069702e-18
3.539829e-10
9.2608224e-19
3.539829e-10
-3.0440604e-18
3.539829e-10
-5.7127484e-18
3.539829e-10
-7.1880874e-18
3.5398291e-10
-7.7367449e-18
3.5398292e-10
-7.6324695e-18
3.5398292e-10
-7.0257957e-18
3.5398293e-10
-5.9456953e-18
3.5398293e-10
-4.4336513e-18
3.5398294e-10
-2.6765666e-18
3.5398294e-10
-9.8689909e-19
3.5398294e-10
3.7354455e-19
3.5398294e-10
1.3712836e-18
3.5398294e-10
2.2068029e-18
3.5398294e-10
3.1188565e-18
3.5398294e-10
4.1636109e-18
3.5398293e-10
5.1917603e-18
3.5398293e-10
6.0498559e-18
3.5398293e-10
6.7990314e-18
3.5398292e-10
7.7128485e-18
3.5398292e-10
9.0312314e-18
3.5398291e-10
1.0725186e-17
3.5398291e-10
1.2544303e-17
3.539829e-10
1.4305899e-17
3.5398289e-10
1.6099597e-17
3.5398288e-10
1.8166747e-17
3.5398286e-10
2.0592911e-17
3.5398285e-10
2.3195526e-17
3.5398283e-10
2.5756196e-17
3.5398281e-10
2.8291913e-17
3.5398279e-10
3.1006372e-17
3.5398277e-10
3.4007546e-17
3.5398274e-10
3.7208022e-17
3.5398271e-10
4.056307e-17
3.5398268e-10
4.4284116e-17
3.5398264e-10
4.8671502e-17
3.539826e-10
5.381472e-17
3.5398256e-10
5.9664391e-17
3.5398251e-10
6.6380501e-17
3.5398245e-10
7.4364429e-17
3.5398239e-10
8.3904418e-17
3.5398232e-10
9.5069993e-17
3.5398224e-10
1.080707e-16
3.5398214e-10
1.2340897e-16
3.5398204e-10
1.41532e-16
3.5398192e-10
1.6274695e-16
3.5398178e-10
1.8768993e-16
3.5398161e-10
2.1739973e-16
3.5398143e-10
2.5281419e-16
3.5398121e-10
2.9480902e-16
3.5398095e-10
3.4466011e-16
3.5398066e-10
4.038742e-16
3.5398031e-10
4.7377225e-16
3.539799e-10
5.5486077e-16
3.5397942e-10
6.4523229e-16
3.5397887e-10
7.3769054e-16
3.5397825e-10
8.1374184e-16
3.5397758e-10
8.3745938e-16
3.5397689e-10
7.5429145e-16
3.5397623e-10
4.8288894e-16
3.5397554e-10
-2.3363284e-17
2.6274936e-16
1.7525374e-09
1.4086137e-10
1.8306605e-09
3.0148104e-10
1.8436017e-09
3.4151152e-10
1.8114597e-09
3.1778417e-10
1.7586462e-09
2.6919299e-10
1.7016567e-09
2.1419808e-10
1.6502139e-09
1.6187682e-10
1.6090124e-09
1.1606068e-10
1.5795175e-09
7.7629045e-11
1.5614149e-09
4.6164081e-11
1.5535283e-09
2.085554e-11
1.5542923e-09
8.8370837e-13
1.5621207e-09
-1.4430101e-11
1.5753624e-09
-2.5655109e-11
1.5924596e-09
-3.3235525e-11
1.6119454e-09
-3.754068e-11
1.6324569e-09
-3.8904692e-11
1.652748e-09
-3.7651461e-11
1.6717019e-09
-3.4109767e-11
1.6883421e-09
-2.861966e-11
1.7018426e-09
-2.1531352e-11
1.7115483e-09
-1.3199441e-11
1.7169414e-09
-3.9736329e-12
1.7176454e-09
5.7867623e-12
1.7134759e-09
1.5787915e-11
1.704353e-09
2.5756242e-11
1.6903219e-09
3.544722e-11
1.6715303e-09
4.4663779e-11
1.6482099e-09
5.325189e-11
1.6206596e-09
6.1097004e-11
1.5892293e-09
6.8119623e-11
1.5543062e-09
7.4269772e-11
1.5163038e-09
7.9521106e-11
1.4756523e-09
8.38655e-11
1.4327914e-09
8.7308621e-11
1.3881642e-09
8.9866697e-11
1.3422124e-09
9.1564446e-11
1.2953713e-09
9.2434046e-11
1.2480649e-09
9.2514837e-11
1.2007012e-09
9.1853398e-11
1.153667e-09
9.0503643e-11
1.1073227e-09
8.8526612e-11
1.0619977e-09
8.5989803e-11
1.017986e-09
8.2965979e-11
9.7554301e-10
7.9531488e-11
9.3488325e-10
7.5764261e-11
8.9617972e-10
7.1741673e-11
8.5956411e-10
6.7538469e-11
8.2512843e-10
6.3224897e-11
7.929276e-10
5.8865196e-11
7.6298285e-10
5.45165e-11
7.3528567e-10
5.0228176e-11
7.0980198e-10
4.6041571e-11
6.8647649e-10
4.1990119e-11
6.6523691e-10
3.8099729e-11
6.4599786e-10
3.4389399e-11
6.286645e-10
3.0871965e-11
6.131357e-10
2.7554913e-11
5.9930676e-10
2.444124e-11
5.8707167e-10
2.1530284e-11
5.7632495e-10
1.8818523e-11
5.6696306e-10
1.6300303e-11
5.5888541e-10
1.3968499e-11
5.5199506e-10
1.1815074e-11
5.4619917e-10
9.8315653e-12
5.4140913e-10
8.0094779e-12
5.3754063e-10
6.340571e-12
5.3451347e-10
4.8170701e-12
5.3225146e-10
3.4317688e-12
5.3068232e-10
2.1779502e-12
5.2973332e-10
1.0490332e-12
5.2934477e-10
4.1316268e-14
5.2944858e-10
-8.5007565e-13
5.299855e-10
-1.6317132e-12
5.3089768e-10
-2.3069932e-12
5.3212987e-10
-2.8803275e-12
5.3362956e-10
-3.3563767e-12
5.3534703e-10
-3.7400019e-12
5.3723552e-10
-4.0363869e-12
5.3925137e-10
-4.2511245e-12
5.4135425e-10
-4.3902363e-12
5.435073e-10
-4.4601528e-12
5.4567734e-10
-4.4676637e-12
5.4783492e-10
-4.4198366e-12
5.4995444e-10
-4.32391e-12
5.5201413e-10
-4.187174e-12
5.5399599e-10
-4.016841e-12
5.5588569e-10
-3.8199135e-12
5.5767235e-10
-3.6030629e-12
5.5934835e-10
-3.3725188e-12
5.6090901e-10
-3.1339745e-12
5.6235227e-10
-2.8925171e-12
5.6367841e-10
-2.6525789e-12
5.6488961e-10
-2.4179117e-12
5.6598966e-10
-2.1915865e-12
5.669836e-10
-1.9760129e-12
5.6787742e-10
-1.7729744e-12
5.6867773e-10
-1.583682e-12
5.693915e-10
-1.4088346e-12
5.7002588e-10
-1.2486865e-12
5.7058797e-10
-1.1031193e-12
5.7108466e-10
-9.7171267e-13
5.7152256e-10
-8.5381247e-13
5.7190785e-10
-7.485952e-13
5.7224629e-10
-6.5512569e-13
5.7254312e-10
-5.7240676e-13
5.7280312e-10
-4.9942182e-13
5.7303056e-10
-4.3516871e-13
5.7322927e-10
-3.7868574e-13
5.7340262e-10
-3.2907109e-13
5.7355358e-10
-2.8549537e-13
5.7368479e-10
-2.4720845e-13
5.7379853e-10
-2.1354208e-13
5.7389682e-10
-1.8390852e-13
5.7398142e-10
-1.577965e-13
5.7405391e-10
-1.3476544e-13
5.7411565e-10
-1.144384e-13
5.7416788e-10
-9.6494271e-14
5.7421167e-10
-8.0660152e-14
5.7424801e-10
-6.6703786e-14
5.7427778e-10
-5.4426648e-14
5.7430178e-10
-4.3657851e-14
5.7432073e-10
-3.4248797e-14
5.7433528e-10
-2.6068628e-14
5.7434603e-10
-1.9000538e-14
5.7435352e-10
-1.2938789e-14
5.7435823e-10
-7.7864401e-15
5.7436061e-10
-3.453622e-15
5.7436105e-10
1.4246602e-16
5.7435991e-10
3.0797448e-15
5.743575e-10
5.4321065e-15
5.7435409e-10
7.2675892e-15
5.7434992e-10
8.6502303e-15
5.7434522e-10
9.6399184e-15
5.7434014e-10
1.0292426e-14
5.7433486e-10
1.0659345e-14
5.7432949e-10
1.0787954e-14
5.7432413e-10
1.0721082e-14
5.7431888e-10
1.0497017e-14
5.7431379e-10
1.0149552e-14
5.7430893e-10
9.7081524e-15
5.7430431e-10
9.198244e-15
5.7429997e-10
8.6415758e-15
5.7429592e-10
8.0565957e-15
5.7429218e-10
7.4587833e-15
5.7428873e-10
6.8609321e-15
5.7428558e-10
6.2733801e-15
5.7428272e-10
5.704214e-15
5.7428013e-10
5.1594891e-15
5.742778e-10
4.6434804e-15
5.7427572e-10
4.1589675e-15
5.7427386e-10
3.7075413e-15
5.7427221e-10
3.2898989e-15
5.7427075e-10
2.9060892e-15
5.7426947e-10
2.555682e-15
5.7426835e-10
2.2378514e-15
5.7426737e-10
1.9513871e-15
5.7426652e-10
1.6946773e-15
5.7426579e-10
1.4657238e-15
5.7426516e-10
1.2622318e-15
5.7426461e-10
1.0817837e-15
5.7426415e-10
9.220639e-16
5.7426376e-10
7.8105242e-16
5.7426343e-10
6.5711126e-16
5.7426315e-10
5.4892978e-16
5.7426292e-10
4.5535723e-16
5.7426272e-10
3.7520884e-16
5.7426257e-10
3.0715205e-16
5.7426244e-10
2.4972434e-16
5.7426234e-10
2.0145648e-16
5.7426226e-10
1.6101929e-16
5.7426219e-10
1.2729449e-16
5.7426214e-10
9.9330731e-17
5.742621e-10
7.6240354e-17
5.7426207e-10
5.7130828e-17
5.7426205e-10
4.1141239e-17
5.7426204e-10
2.7576395e-17
5.7426203e-10
1.6034805e-17
5.7426202e-10
6.4158523e-18
5.7426202e-10
-1.2203591e-18
5.7426202e-10
-6.8619911e-18
5.7426202e-10
-1.0680821e-17
5.7426203e-10
-1.2994382e-17
5.7426204e-10
-1.4103584e-17
5.7426204e-10
-1.4161881e-17
5.7426205e-10
-1.3200797e-17
5.7426206e-10
-1.1300234e-17
5.7426206e-10
-8.7419942e-18
5.7426207e-10
-5.9737628e-18
5.7426207e-10
-3.3889438e-18
5.7426207e-10
-1.1130597e-18
5.7426208e-10
1.0034326e-18
5.7426208e-10
3.1644912e-18
5.7426207e-10
5.3880032e-18
5.7426207e-10
7.4938833e-18
5.7426207e-10
9.3358608e-18
5.7426206e-10
1.1030523e-17
5.7426206e-10
1.2926761e-17
5.7426205e-10
1.5321682e-17
5.7426205e-10
1.8220755e-17
5.7426204e-10
2.1416442e-17
5.7426203e-10
2.4794158e-17
5.7426201e-10
2.8500365e-17
5.74262e-10
3.277164e-17
5.7426198e-10
3.7639649e-17
5.7426196e-10
4.2896417e-17
5.7426194e-10
4.8375656e-17
5.7426191e-10
5.4172198e-17
5.7426188e-10
6.050276e-17
5.7426185e-10
6.7427415e-17
5.7426181e-10
7.4859037e-17
5.7426177e-10
8.2861297e-17
5.7426172e-10
9.1776842e-17
5.7426167e-10
1.0196221e-16
5.7426161e-10
1.1354665e-16
5.7426154e-10
1.2663209e-16
5.7426147e-10
1.4161647e-16
5.7426138e-10
1.5909101e-16
5.7426129e-10
1.7950723e-16
5.7426118e-10
2.032299e-16
5.7426106e-10
2.308751e-16
5.7426092e-10
2.6328628e-16
5.7426076e-10
3.0123684e-16
5.7426057e-10
3.4557773e-16
5.7426036e-10
3.9769063e-16
5.7426012e-10
4.5940016e-16
5.7425984e-10
5.3256418e-16
5.7425952e-10
6.1927225e-16
5.7425914e-10
7.2227492e-16
5.742587e-10
8.4482427e-16
5.7425818e-10
9.9035338e-16
5.7425758e-10
1.1618889e-15
5.7425686e-10
1.3606468e-15
5.7425601e-10
1.5837081e-15
5.7425501e-10
1.8195678e-15
5.742538e-10
2.0429372e-15
5.7425233e-10
2.2244073e-15
5.7425045e-10
2.3661086e-15
5.7424803e-10
2.3930191e-15
2.8217596e-15
1.7234472e-09
8.4080843e-11
1.8157095e-09
2.0921872e-10
1.887811e-09
2.6941008e-10
1.9274173e-09
2.7817786e-10
1.9407861e-09
2.5582416e-10
1.9377182e-09
2.17266e-10
1.9271462e-09
1.7244873e-10
1.9157296e-09
1.2747734e-10
1.9077009e-09
8.5657728e-11
1.9053239e-09
4.8541099e-11
1.9094629e-09
1.6716545e-11
1.9200691e-09
-9.7224939e-12
1.9365226e-09
-3.0883646e-11
1.9578376e-09
-4.6970054e-11
1.9828396e-09
-5.823751e-11
2.0102634e-09
-6.4964523e-11
2.0388245e-09
-6.7465803e-11
2.0672724e-09
-6.6099399e-11
2.0944319e-09
-6.1269202e-11
2.1192341e-09
-5.3421867e-11
2.140741e-09
-4.3038259e-11
2.1581617e-09
-3.0620148e-11
2.1708648e-09
-1.6676709e-11
2.1783423e-09
-1.6907218e-12
2.1802924e-09
1.3837777e-11
2.1765197e-09
2.9528959e-11
2.1669694e-09
4.4997541e-11
2.1516981e-09
5.9935077e-11
2.1308586e-09
7.409138e-11
2.104684e-09
8.7271552e-11
2.0734731e-09
9.9330593e-11
2.037577e-09
1.1016579e-10
1.9973898e-09
1.1970837e-10
1.9533393e-09
1.2791594e-10
1.9058816e-09
1.3476638e-10
1.8554948e-09
1.4025351e-10
1.8026746e-09
1.4438464e-10
1.7479289e-09
1.4717969e-10
1.6917722e-09
1.4867158e-10
1.6347184e-09
1.4890715e-10
1.5772739e-09
1.4794819e-10
1.5199287e-09
1.4587182e-10
1.4631484e-09
1.4277006e-10
1.4073661e-09
1.3874828e-10
1.352975e-09
1.3392262e-10
1.3003226e-09
1.2841669e-10
1.2497065e-09
1.2235771e-10
1.2013723e-09
1.1587265e-10
1.1555128e-09
1.0908442e-10
1.1122693e-09
1.0210867e-10
1.0717346e-09
9.5051223e-11
1.0339566e-09
8.800617e-11
9.9894338e-10
8.1054823e-11
9.666682e-10
7.4265299e-11
9.3707521e-10
6.7692714e-11
9.1008475e-10
6.137986e-11
8.855985e-10
5.5358221e-11
8.635042e-10
4.9649208e-11
8.4367991e-10
4.4265535e-11
8.2599757e-10
3.9212617e-11
8.1032615e-10
3.4489948e-11
7.9653405e-10
3.0092401e-11
7.8449112e-10
2.601143e-11
7.7407009e-10
2.2236103e-11
7.6514763e-10
1.8754024e-11
7.5760502e-10
1.5552088e-11
7.5132854e-10
1.2617057e-11
7.4620959e-10
9.9360163e-12
7.4214471e-10
7.4966476e-12
7.3903528e-10
5.2873761e-12
7.3678683e-10
3.2974852e-12
7.3531097e-10
1.5171775e-12
7.3452333e-10
-6.2438862e-14
7.3434174e-10
-1.4501235e-12
7.3468969e-10
-2.654934e-12
7.3549401e-10
-3.6846489e-12
7.3668561e-10
-4.5479756e-12
7.381993e-10
-5.2536998e-12
7.3997395e-10
-5.811032e-12
7.4195258e-10
-6.2297578e-12
7.440826e-10
-6.5202558e-12
7.4631592e-10
-6.6934717e-12
7.4860911e-10
-6.7608487e-12
7.5092348e-10
-6.73421e-12
7.5322517e-10
-6.6255985e-12
7.5548509e-10
-6.4470964e-12
7.5767888e-10
-6.2106265e-12
7.5978671e-10
-5.9277476e-12
7.6179311e-10
-5.6094653e-12
7.6368665e-10
-5.2660579e-12
7.654596e-10
-4.9069264e-12
7.6710757e-10
-4.5404836e-12
7.6862907e-10
-4.1740761e-12
7.700251e-10
-3.8139428e-12
7.7129873e-10
-3.465214e-12
7.7245465e-10
-3.1319414e-12
7.7349884e-10
-2.817156e-12
7.7443811e-10
-2.5229527e-12
7.7527986e-10
-2.2505896e-12
7.7603177e-10
-2.0005975e-12
7.7670155e-10
-1.7728976e-12
7.7729675e-10
-1.5669166e-12
7.7782464e-10
-1.3816986e-12
7.7829205e-10
-1.2160093e-12
7.7870536e-10
-1.0684304e-12
7.7907039e-10
-9.3743987e-13
7.7939245e-10
-8.2148106e-13
7.796763e-10
-7.1901784e-13
7.7992619e-10
-6.2857624e-13
7.801459e-10
-5.4877545e-13
7.8033875e-10
-4.7834767e-13
7.8050769e-10
-4.161487e-13
7.8065531e-10
-3.6116173e-13
7.8078389e-10
-3.1249482e-13
7.8089547e-10
-2.6937398e-13
7.8099184e-10
-2.3113364e-13
7.8107461e-10
-1.9720508e-13
7.8114522e-10
-1.671039e-13
7.8120497e-10
-1.404178e-13
7.8125506e-10
-1.1679468e-13
7.8129657e-10
-9.5931866e-14
7.8133048e-10
-7.7566639e-14
7.813577e-10
-6.1468107e-14
7.8137906e-10
-4.7430414e-14
7.8139533e-10
-3.5267341e-14
7.814072e-10
-2.4808082e-14
7.814153e-10
-1.5894111e-14
7.8142023e-10
-8.3770006e-15
7.8142249e-10
-2.1169493e-15
7.8142255e-10
3.0160238e-15
7.8142083e-10
7.147936e-15
7.8141771e-10
1.0394945e-14
7.8141349e-10
1.2866587e-14
7.8140847e-10
1.4665242e-14
7.8140287e-10
1.5886066e-14
7.8139691e-10
1.6616878e-14
7.8139076e-10
1.6938029e-14
7.8138456e-10
1.6922291e-14
7.8137842e-10
1.6634816e-14
7.8137244e-10
1.6133237e-14
7.8136668e-10
1.5467923e-14
7.813612e-10
1.4682378e-14
7.8135603e-10
1.3813768e-14
7.8135119e-10
1.2893502e-14
7.813467e-10
1.1947804e-14
7.8134256e-10
1.0998246e-14
7.8133877e-10
1.0062232e-14
7.8133532e-10
9.1534177e-15
7.813322e-10
8.2821304e-15
7.8132939e-10
7.4557838e-15
7.8132687e-10
6.6793124e-15
7.8132462e-10
5.955626e-15
7.8132262e-10
5.2860516e-15
7.8132086e-10
4.6707262e-15
7.8131931e-10
4.1089048e-15
7.8131795e-10
3.5991585e-15
7.8131676e-10
3.1394701e-15
7.8131572e-10
2.7272709e-15
7.8131483e-10
2.3594849e-15
7.8131406e-10
2.0326405e-15
7.813134e-10
1.7430734e-15
7.8131283e-10
1.4871909e-15
7.8131235e-10
1.2617155e-15
7.8131195e-10
1.0638182e-15
7.813116e-10
8.9109517e-16
7.8131132e-10
7.4141041e-16
7.8131108e-10
6.1269475e-16
7.8131089e-10
5.0281643e-16
7.8131073e-10
4.095865e-16
7.813106e-10
3.3087547e-16
7.8131049e-10
2.6475319e-16
7.8131041e-10
2.0954835e-16
7.8131035e-10
1.637874e-16
7.813103e-10
1.2607476e-16
7.8131026e-10
9.5021831e-17
7.8131023e-10
6.9299833e-17
7.8131021e-10
4.7800378e-17
7.813102e-10
2.9785417e-17
7.8131019e-10
1.4895841e-17
7.8131018e-10
2.9911003e-18
7.8131018e-10
-6.0828706e-18
7.8131018e-10
-1.2636051e-17
7.8131019e-10
-1.7084682e-17
7.8131019e-10
-1.9774786e-17
7.813102e-10
-2.0860775e-17
7.8131021e-10
-2.0369999e-17
7.8131021e-10
-1.8414964e-17
7.8131022e-10
-1.5359132e-17
7.8131023e-10
-1.1755331e-17
7.8131023e-10
-8.0870547e-18
7.8131024e-10
-4.5424309e-18
7.8131024e-10
-1.031056e-18
7.8131024e-10
2.5694463e-18
7.8131024e-10
6.1854958e-18
7.8131024e-10
9.5861633e-18
7.8131023e-10
1.265422e-17
7.8131023e-10
1.5590854e-17
7.8131022e-10
1.8811121e-17
7.8131021e-10
2.2617332e-17
7.8131021e-10
2.7002063e-17
7.8131019e-10
3.1806227e-17
7.8131018e-10
3.7035765e-17
7.8131017e-10
4.2939659e-17
7.8131015e-10
4.9751417e-17
7.8131013e-10
5.7430799e-17
7.8131011e-10
6.5757281e-17
7.8131008e-10
7.4665213e-17
7.8131005e-10
8.4363098e-17
7.8131002e-10
9.5073645e-17
7.8130998e-10
1.0679375e-16
7.8130993e-10
1.1945805e-16
7.8130988e-10
1.3327394e-16
7.8130983e-10
1.4870725e-16
7.8130976e-10
1.6613466e-16
7.8130969e-10
1.8573764e-16
7.8130961e-10
2.0783473e-16
7.8130952e-10
2.3309651e-16
7.8130941e-10
2.6228877e-16
7.813093e-10
2.9604582e-16
7.8130917e-10
3.3510568e-16
7.8130902e-10
3.8053919e-16
7.8130885e-10
4.3354217e-16
7.8130865e-10
4.9529932e-16
7.8130843e-10
5.6734057e-16
7.8130818e-10
6.5184715e-16
7.8130788e-10
7.5149092e-16
7.8130755e-10
8.6924218e-16
7.8130716e-10
1.0086252e-15
7.8130671e-10
1.1742148e-15
7.8130618e-10
1.3715858e-15
7.8130556e-10
1.6070755e-15
7.8130484e-10
1.8879924e-15
7.8130397e-10
2.2217757e-15
7.8130294e-10
2.6152569e-15
7.8130169e-10
3.0740455e-15
7.8130013e-10
3.6003793e-15
7.8129815e-10
4.2099631e-15
7.8129552e-10
4.9946739e-15
7.8129208e-10
5.8305279e-15
6.4540013e-15
1.7014278e-09
4.9319738e-11
1.7756476e-09
1.3499889e-10
1.8560529e-09
1.8900474e-10
1.924915e-09
2.0931579e-10
1.9775019e-09
2.032373e-10
2.0154451e-09
1.7932281e-10
2.0429031e-09
1.449907e-10
2.0644383e-09
1.0594217e-10
2.0839286e-09
6.6167354e-11
2.1041967e-09
2.8273009e-11
2.1270115e-09
-6.0982323e-12
2.1532871e-09
-3.5998049e-11
2.183208e-09
-6.0804551e-11
2.2164637e-09
-8.0225833e-11
2.2523738e-09
-9.4147606e-11
2.2900197e-09
-1.0261041e-10
2.3283461e-09
-1.0579218e-10
2.3662425e-09
-1.0399584e-10
2.4026087e-09
-9.7635354e-11
2.4364053e-09
-8.721842e-11
2.4666924e-09
-7.3325431e-11
2.4926572e-09
-5.6584879e-11
2.5136275e-09
-3.7647037e-11
2.5290923e-09
-1.715557e-11
2.5386592e-09
4.2708826e-12
2.5421086e-09
2.6079547e-11
2.5393277e-09
4.7778445e-11
2.5303142e-09
6.8948651e-11
2.5151567e-09
8.9248809e-11
2.49402e-09
1.0840824e-10
2.4671312e-09
1.2621943e-10
2.4347695e-09
1.4252754e-10
2.397259e-09
1.5721884e-10
2.3549643e-09
1.7021063e-10
2.3082874e-09
1.8144331e-10
2.2576657e-09
1.9087515e-10
2.2035707e-09
1.984797e-10
2.1465045e-09
2.0424581e-10
2.0869967e-09
2.0817946e-10
2.0255972e-09
2.1030659e-10
1.9628693e-09
2.106761e-10
1.8993792e-09
2.0936198e-10
1.8356853e-09
2.0646394e-10
1.7723272e-09
2.0210639e-10
1.7098142e-09
1.9643556e-10
1.6486158e-09
1.8961509e-10
1.5891529e-09
1.818206e-10
1.5317919e-09
1.7323367e-10
1.4768405e-09
1.6403579e-10
1.4245464e-09
1.5440284e-10
1.3750974e-09
1.4450024e-10
1.3286243e-09
1.3447926e-10
1.2852047e-09
1.2447437e-10
1.2448683e-09
1.146017e-10
1.2076025e-09
1.049585e-10
1.1733589e-09
9.5623514e-11
1.1420592e-09
8.6657921e-11
1.1136016e-09
7.8106838e-11
1.087866e-09
7.0001113e-11
1.0647193e-09
6.2359279e-11
1.0440197e-09
5.518957e-11
1.0256202e-09
4.8491869e-11
1.0093721e-09
4.2259571e-11
9.9512697e-10
3.6481218e-11
9.82739e-10
3.1141996e-11
9.720661e-10
2.6224981e-11
9.6297102e-10
2.1712142e-11
9.5532188e-10
1.7585156e-11
9.4899256e-10
1.3825972e-11
9.4386275e-10
1.0417186e-11
9.3981796e-10
7.3422691e-12
9.3674941e-10
4.5857336e-12
9.3455425e-10
2.1327208e-12
9.3313498e-10
-3.0856876e-14
9.3239863e-10
-1.9185828e-12
9.3225714e-10
-3.5431599e-12
9.3262834e-10
-4.9191771e-12
9.3343464e-10
-6.0599959e-12
9.3460338e-10
-6.9797714e-12
9.3606696e-10
-7.6933389e-12
9.3776292e-10
-8.216217e-12
9.3963404e-10
-8.5645899e-12
9.4162842e-10
-8.7552316e-12
9.4369957e-10
-8.8053628e-12
9.4580642e-10
-8.7324484e-12
9.4791329e-10
-8.553963e-12
9.4998979e-10
-8.2871281e-12
9.5201068e-10
-7.9486364e-12
9.5395561e-10
-7.5543937e-12
9.5580883e-10
-7.119278e-12
9.5755883e-10
-6.6569292e-12
9.5919794e-10
-6.1795915e-12
9.6072186e-10
-5.6980004e-12
9.6212924e-10
-5.221319e-12
9.6342116e-10
-4.7571324e-12
9.646007e-10
-4.3114858e-12
9.6567251e-10
-3.8889623e-12
9.6664235e-10
-3.4927997e-12
9.6751679e-10
-3.1250297e-12
9.6830283e-10
-2.7866336e-12
9.6900764e-10
-2.4777086e-12
9.6963836e-10
-2.1976338e-12
9.7020189e-10
-1.9452298e-12
9.7070479e-10
-1.718909e-12
9.7115317e-10
-1.516811e-12
9.7155265e-10
-1.3369188e-12
9.7190833e-10
-1.1771582e-12
9.7222479e-10
-1.0354771e-12
9.7250612e-10
-9.0990572e-13
9.7275594e-10
-7.9860054e-13
9.7297747e-10
-6.9987299e-13
9.7317352e-10
-6.1220403e-13
9.7334661e-10
-5.3424926e-13
9.7349895e-10
-4.6483487e-13
9.7363252e-10
-4.0294738e-13
9.7374911e-10
-3.4771971e-13
9.7385032e-10
-2.9841431e-13
9.7393762e-10
-2.5440533e-13
9.7401236e-10
-2.1516113e-13
9.740758e-10
-1.8022764e-13
9.7412908e-10
-1.4921318e-13
9.7417329e-10
-1.2177556e-13
9.7420943e-10
-9.7610939e-14
9.7423844e-10
-7.6444915e-14
9.742612e-10
-5.8025539e-14
9.7427851e-10
-4.2118093e-14
9.7429112e-10
-2.8501378e-14
9.7429971e-10
-1.6965353e-14
9.743049e-10
-7.309642e-15
9.7430726e-10
6.5591475e-16
9.7430729e-10
7.1135727e-15
9.7430545e-10
1.2236159e-14
9.7430213e-10
1.6186167e-14
9.7429768e-10
1.9116222e-14
9.742924e-10
2.1168494e-14
9.7428654e-10
2.2474348e-14
9.7428033e-10
2.315409e-14
9.7427393e-10
2.331681e-14
9.7426751e-10
2.3060352e-14
9.7426117e-10
2.2471481e-14
9.7425501e-10
2.1626233e-14
9.742491e-10
2.0590437e-14
9.7424349e-10
1.9420425e-14
9.7423822e-10
1.8163817e-14
9.7423331e-10
1.6860347e-14
9.7422877e-10
1.5542687e-14
9.7422459e-10
1.4237207e-14
9.7422078e-10
1.2964679e-14
9.7421732e-10
1.1740947e-14
9.742142e-10
1.0577558e-14
9.742114e-10
9.4823917e-15
9.7420889e-10
8.4602887e-15
9.7420667e-10
7.5136615e-15
9.7420469e-10
6.6430478e-15
9.7420295e-10
5.8475756e-15
9.7420143e-10
5.1252994e-15
9.7420009e-10
4.4734072e-15
9.7419893e-10
3.8883427e-15
9.7419793e-10
3.3659056e-15
9.7419706e-10
2.9014023e-15
9.7419631e-10
2.4898819e-15
9.7419567e-10
2.1264327e-15
9.7419513e-10
1.8064598e-15
9.7419466e-10
1.5258537e-15
9.7419428e-10
1.2809923e-15
9.7419395e-10
1.0686025e-15
9.7419367e-10
8.855708e-16
9.7419345e-10
7.2881971e-16
9.7419326e-10
5.9531626e-16
9.7419311e-10
4.8218713e-16
9.7419299e-10
3.8684608e-16
9.7419289e-10
3.0703202e-16
9.7419282e-10
2.4072348e-16
9.7419276e-10
1.8599973e-16
9.7419271e-10
1.4096731e-16
9.7419267e-10
1.0382675e-16
9.7419265e-10
7.305085e-17
9.7419263e-10
4.7543681e-17
9.7419262e-10
2.6642248e-17
9.7419261e-10
9.9390177e-18
9.7419261e-10
-2.9577513e-18
9.7419261e-10
-1.2553871e-17
9.7419261e-10
-1.9398748e-17
9.7419262e-10
-2.3902611e-17
9.7419262e-10
-2.6240047e-17
9.7419263e-10
-2.6460458e-17
9.7419263e-10
-2.4730738e-17
9.7419264e-10
-2.149192e-17
9.7419265e-10
-1.7363465e-17
9.7419265e-10
-1.2864317e-17
9.7419265e-10
-8.2086137e-18
9.7419266e-10
-3.3687791e-18
9.7419266e-10
1.663399e-18
9.7419266e-10
6.6979024e-18
9.7419266e-10
1.1460069e-17
9.7419265e-10
1.5885657e-17
9.7419265e-10
2.0261497e-17
9.7419264e-10
2.502841e-17
9.7419263e-10
3.0441413e-17
9.7419262e-10
3.6463113e-17
9.7419261e-10
4.3009214e-17
9.741926e-10
5.0232929e-17
9.7419258e-10
5.8475178e-17
9.7419257e-10
6.7939406e-17
9.7419254e-10
7.8524947e-17
9.7419252e-10
9.0058025e-17
9.7419249e-10
1.026189e-16
9.7419246e-10
1.1650985e-16
9.7419242e-10
1.319171e-16
9.7419238e-10
1.4879205e-16
9.7419233e-10
1.6716088e-16
9.7419228e-10
1.8739634e-16
9.7419222e-10
2.1002676e-16
9.7419215e-10
2.3540825e-16
9.7419207e-10
2.6382922e-16
9.7419198e-10
2.9588418e-16
9.7419188e-10
3.3247416e-16
9.7419177e-10
3.7447324e-16
9.7419164e-10
4.2273433e-16
9.741915e-10
4.7843646e-16
9.7419134e-10
5.430659e-16
9.7419115e-10
6.1810087e-16
9.7419094e-10
7.0519384e-16
9.7419071e-10
8.0665028e-16
9.7419043e-10
9.2540375e-16
9.7419012e-10
1.0648633e-15
9.7418976e-10
1.2291374e-15
9.7418934e-10
1.4232736e-15
9.7418886e-10
1.6536618e-15
9.7418831e-10
1.9282768e-15
9.7418766e-10
2.2567861e-15
9.7418689e-10
2.6512739e-15
9.7418599e-10
3.1260735e-15
9.7418491e-10
3.6995192e-15
9.7418358e-10
4.3952829e-15
9.7418194e-10
5.2447299e-15
9.7417985e-10
6.3024286e-15
9.7417712e-10
7.7189424e-15
9.7417357e-10
9.3803168e-15
1.0274675e-14
1.6880057e-09
2.7980703e-11
1.741883e-09
8.1121615e-11
1.8115702e-09
1.1931756e-10
1.8836496e-09
1.3723639e-10
1.9507664e-09
1.3612043e-10
2.0102553e-09
1.1983399e-10
2.0623931e-09
9.2852873e-11
2.108958e-09
5.937725e-11
2.1521812e-09
2.2944137e-11
2.1941336e-09
-1.367935e-11
2.2364361e-09
-4.8400795e-11
2.2801113e-09
-7.9673197e-11
2.3256651e-09
-1.0635838e-10
2.3731031e-09
-1.276638e-10
2.4220349e-09
-1.4307939e-10
2.4717744e-09
-1.5234997e-10
2.5214387e-09
-1.5545648e-10
2.5700376e-09
-1.5259466e-10
2.6165511e-09
-1.4414893e-10
2.6599943e-09
-1.306616e-10
2.699467e-09
-1.1279814e-10
2.734191e-09
-9.1308915e-11
2.7635324e-09
-6.6988382e-11
2.7870102e-09
-4.0633419e-11
2.8042866e-09
-1.3005521e-11
2.8151657e-09
1.5200482e-11
2.8195675e-09
4.3376663e-11
2.8175036e-09
7.1012568e-11
2.8090602e-09
9.7692163e-11
2.7943812e-09
1.2308722e-10
2.7736539e-09
1.4694677e-10
2.7471002e-09
1.6908122e-10
2.7149731e-09
1.8934593e-10
2.6775563e-09
2.0762743e-10
2.6351665e-09
2.2383317e-10
2.5881567e-09
2.3788489e-10
2.5369203e-09
2.4971615e-10
2.4818926e-09
2.5927352e-10
2.4235514e-09
2.6652067e-10
2.3624139e-09
2.7144406e-10
2.299031e-09
2.7405903e-10
2.2339781e-09
2.7441483e-10
2.1678444e-09
2.725976e-10
2.10122e-09
2.6873083e-10
2.0346824e-09
2.6297317e-10
1.9687838e-09
2.5551368e-10
1.9040391e-09
2.4656534e-10
1.8409155e-09
2.3635719e-10
1.7798253e-09
2.2512606e-10
1.7211197e-09
2.1310845e-10
1.6650867e-09
2.0053319e-10
1.6119508e-09
1.876152e-10
1.5618744e-09
1.7455072e-10
1.5149621e-09
1.6151397e-10
1.4712654e-09
1.4865528e-10
1.4307884e-09
1.3610046e-10
1.393495e-09
1.2395134e-10
1.3593147e-09
1.1228709e-10
1.3281497e-09
1.0116616e-10
1.2998803e-09
9.062862e-11
1.2743712e-09
8.0698751e-11
1.2514755e-09
7.1387581e-11
1.2310396e-09
6.2695449e-11
1.2129065e-09
5.4614309e-11
1.1969186e-09
4.712989e-11
1.18292e-09
4.0223544e-11
1.1707584e-09
3.3873781e-11
1.160286e-09
2.8057565e-11
1.1513607e-09
2.2751281e-11
1.1438464e-09
1.7931424e-11
1.1376136e-09
1.3575087e-11
1.1325391e-09
9.6602484e-12
1.1285061e-09
6.1657117e-12
1.125404e-09
3.0712373e-12
1.1231313e-09
3.5415879e-13
1.1215856e-09
-1.9974688e-12
1.120677e-09
-4.0106118e-12
1.1203188e-09
-5.701732e-12
1.1204299e-09
-7.0909407e-12
1.1209353e-09
-8.1987424e-12
1.1217654e-09
-9.0462996e-12
1.1228563e-09
-9.6554574e-12
1.1241497e-09
-1.0048671e-11
1.1255932e-09
-1.0248858e-11
1.1271399e-09
-1.0279171e-11
1.1287487e-09
-1.0162724e-11
1.1303838e-09
-9.9222796e-12
1.1320151e-09
-9.5799129e-12
1.1336174e-09
-9.1566889e-12
1.1351705e-09
-8.672359e-12
1.1366587e-09
-8.1450903e-12
1.1380703e-09
-7.5912575e-12
1.1393976e-09
-7.0252897e-12
1.1406359e-09
-6.4595797e-12
1.1417832e-09
-5.9044663e-12
1.14284e-09
-5.3682744e-12
1.1438084e-09
-4.8574082e-12
1.1446921e-09
-4.376496e-12
1.1454957e-09
-3.9285676e-12
1.1462243e-09
-3.5152535e-12
1.1468836e-09
-3.1370023e-12
1.1474793e-09
-2.7932979e-12
1.1480169e-09
-2.4828691e-12
1.1485019e-09
-2.2038898e-12
1.1489392e-09
-1.9541579e-12
1.1493336e-09
-1.7312507e-12
1.1496891e-09
-1.5326575e-12
1.1500095e-09
-1.3558856e-12
1.1502981e-09
-1.1985406e-12
1.1505579e-09
-1.0583859e-12
1.1507914e-09
-9.333798e-13
1.1510009e-09
-8.2169514e-13
1.1511884e-09
-7.2172575e-13
1.1513556e-09
-6.3208052e-13
1.1515042e-09
-5.5156922e-13
1.1516357e-09
-4.7918346e-13
1.1517514e-09
-4.1407408e-13
1.1518525e-09
-3.5552709e-13
1.1519403e-09
-3.029406e-13
1.1520158e-09
-2.5580279e-13
1.1520803e-09
-2.1367222e-13
1.1521347e-09
-1.7616113e-13
1.15218e-09
-1.4292153e-13
1.1522172e-09
-1.1363413e-13
1.1522471e-09
-8.8000119e-14
1.1522708e-09
-6.5735322e-14
1.1522888e-09
-4.656629e-14
1.1523021e-09
-3.0228252e-14
1.1523112e-09
-1.6464268e-14
1.1523169e-09
-5.0252502e-15
1.1523197e-09
4.3282965e-15
1.1523201e-09
1.1827784e-14
1.1523186e-09
1.7692486e-14
1.1523156e-09
2.212971e-14
1.1523114e-09
2.5333653e-14
1.1523064e-09
2.7484513e-14
1.1523008e-09
2.8747891e-14
1.1522949e-09
2.9274414e-14
1.1522887e-09
2.9199603e-14
1.1522826e-09
2.8644026e-14
1.1522765e-09
2.7713706e-14
1.1522706e-09
2.6500747e-14
1.1522649e-09
2.5084208e-14
1.1522595e-09
2.35311e-14
1.1522545e-09
2.1897456e-14
1.1522498e-09
2.0229458e-14
1.1522455e-09
1.8564497e-14
1.1522415e-09
1.6932188e-14
1.1522379e-09
1.5355328e-14
1.1522346e-09
1.3850788e-14
1.1522317e-09
1.243037e-14
1.152229e-09
1.1101647e-14
1.1522267e-09
9.8687599e-15
1.1522246e-09
8.7331475e-15
1.1522227e-09
7.6941868e-15
1.1522211e-09
6.7496804e-15
1.1522197e-09
5.8961974e-15
1.1522185e-09
5.1293068e-15
1.1522174e-09
4.4437595e-15
1.1522164e-09
3.8336975e-15
1.1522156e-09
3.2929344e-15
1.152215e-09
2.815281e-15
1.1522144e-09
2.3948493e-15
1.1522139e-09
2.0262434e-15
1.1522134e-09
1.7045848e-15
1.1522131e-09
1.4253964e-15
1.1522128e-09
1.1844391e-15
1.1522125e-09
9.7760929e-16
1.1522123e-09
8.0096222e-16
1.1522122e-09
6.5082878e-16
1.152212e-09
5.2392796e-16
1.1522119e-09
4.1737924e-16
1.1522118e-09
3.2859236e-16
1.1522118e-09
2.5511284e-16
1.1522117e-09
1.9454839e-16
1.1522117e-09
1.4464624e-16
1.1522116e-09
1.0347787e-16
1.1522116e-09
6.9591898e-17
1.1522116e-09
4.199999e-17
1.1522116e-09
1.9986384e-17
1.1522116e-09
2.8757291e-18
1.1522116e-09
-1.0068613e-17
1.1522116e-09
-1.9549879e-17
1.1522116e-09
-2.6060065e-17
1.1522116e-09
-2.9821373e-17
1.1522116e-09
-3.0942176e-17
1.1522116e-09
-2.9673261e-17
1.1522116e-09
-2.6534863e-17
1.1522116e-09
-2.218318e-17
1.1522116e-09
-1.7131365e-17
1.1522116e-09
-1.1594641e-17
1.1522116e-09
-5.609921e-18
1.1522116e-09
7.0527453e-19
1.1522116e-09
7.0487759e-18
1.1522116e-09
1.3125462e-17
1.1522116e-09
1.893822e-17
1.1522116e-09
2.483653e-17
1.1522116e-09
3.1236446e-17
1.1522116e-09
3.8310907e-17
1.1522116e-09
4.600173e-17
1.1522116e-09
5.4327397e-17
1.1522116e-09
6.3584794e-17
1.1522115e-09
7.4164787e-17
1.1522115e-09
8.6214752e-17
1.1522115e-09
9.9609911e-17
1.1522115e-09
1.1428812e-16
1.1522115e-09
1.3048848e-16
1.1522114e-09
1.4855484e-16
1.1522114e-09
1.6860583e-16
1.1522113e-09
1.9059846e-16
1.1522113e-09
2.1471376e-16
1.1522112e-09
2.4146546e-16
1.1522112e-09
2.7137307e-16
1.1522111e-09
3.0477843e-16
1.152211e-09
3.4214932e-16
1.1522109e-09
3.843494e-16
1.1522108e-09
4.3240701e-16
1.1522107e-09
4.8726636e-16
1.1522106e-09
5.5006117e-16
1.1522105e-09
6.2239591e-16
1.1522103e-09
7.0604571e-16
1.1522101e-09
8.0272583e-16
1.1522099e-09
9.1459562e-16
1.1522097e-09
1.0446724e-15
1.1522094e-09
1.1964925e-15
1.1522091e-09
1.3740796e-15
1.1522087e-09
1.5825907e-15
1.1522083e-09
1.8284157e-15
1.1522079e-09
2.1193316e-15
1.1522073e-09
2.465453e-15
1.1522067e-09
2.8795342e-15
1.152206e-09
3.3773162e-15
1.1522051e-09
3.97923e-15
1.1522041e-09
4.7126276e-15
1.1522029e-09
5.614661e-15
1.1522014e-09
6.7369621e-15
1.1521995e-09
8.1572794e-15
1.1521972e-09
1.0046535e-14
1.1521942e-09
1.2363125e-14
1.3554337e-14
1.6804876e-09
1.415979e-11
1.7191322e-09
4.2476964e-11
1.7749042e-09
6.3545548e-11
1.8395172e-09
7.2623407e-11
1.9068018e-09
6.8835884e-11
1.9731103e-09
5.3525497e-11
2.0368981e-09
2.9064992e-11
2.0980883e-09
-1.8128667e-12
2.1573946e-09
-3.6362233e-11
2.2158524e-09
-7.213714e-11
2.2744308e-09
-1.069792e-10
2.3338366e-09
-1.3907892e-10
2.394423e-09
-1.6694478e-10
2.4561537e-09
-1.8939458e-10
2.5186339e-09
-2.055595e-10
2.5811771e-09
-2.1489316e-10
2.6428922e-09
-2.1717159e-10
2.7027733e-09
-2.1247579e-10
2.7597849e-09
-2.0116052e-10
2.8129364e-09
-1.8381307e-10
2.8613427e-09
-1.6120451e-10
2.904269e-09
-1.342352e-10
2.9411545e-09
-1.0387386e-10
2.9716168e-09
-7.109576e-11
2.995441e-09
-3.6829669e-11
3.012554e-09
-1.9124909e-12
3.0229972e-09
3.2933422e-11
3.0268861e-09
6.7123646e-11
3.0243863e-09
1.0019199e-10
3.0156919e-09
1.3178163e-10
3.001008e-09
1.6163064e-10
2.9805427e-09
1.8954657e-10
2.9545061e-09
2.1538247e-10
2.9231154e-09
2.3901814e-10
2.8866023e-09
2.6034627e-10
2.8452232e-09
2.79264e-10
2.799269e-09
2.956703e-10
2.7490739e-09
3.0946863e-10
2.6950207e-09
3.205739e-10
2.6375428e-09
3.2892192e-10
2.5771223e-09
3.3447954e-10
2.5142836e-09
3.3725361e-10
2.4495839e-09
3.3729728e-10
2.3836017e-09
3.3471302e-10
2.316923e-09
3.2965191e-10
2.2501271e-09
3.2230958e-10
2.1837731e-09
3.129193e-10
2.1183872e-09
3.0174311e-10
2.0544516e-09
2.8906171e-10
1.9923958e-09
2.7516418e-10
1.932591e-09
2.6033805e-10
1.8753456e-09
2.4486056e-10
1.820905e-09
2.2899134e-10
1.7694521e-09
2.1296681e-10
1.721111e-09
1.9699645e-10
1.6759507e-09
1.8126069e-10
1.6339917e-09
1.6591036e-10
1.5952114e-09
1.5106739e-10
1.5595511e-09
1.3682653e-10
1.526922e-09
1.2325772e-10
1.4972118e-09
1.1040892e-10
1.4702902e-09
9.8309181e-11
1.4460139e-09
8.6971793e-11
1.424231e-09
7.6397181e-11
1.4047851e-09
6.6575765e-11
1.3875182e-09
5.749045e-11
1.3722732e-09
4.9118759e-11
1.3588961e-09
4.1434697e-11
1.3472372e-09
3.4410209e-11
1.3371523e-09
2.8016287e-11
1.3285036e-09
2.2223815e-11
1.3211597e-09
1.70041e-11
1.3149963e-09
1.2329098e-11
1.3098961e-09
8.1714636e-12
1.305746e-09
4.5042867e-12
1.3024457e-09
1.3027648e-12
1.299895e-09
-1.4598648e-12
1.2980028e-09
-3.809555e-12
1.2966839e-09
-5.7720113e-12
1.2958589e-09
-7.3737091e-12
1.2954542e-09
-8.6416674e-12
1.2954023e-09
-9.6035107e-12
1.295641e-09
-1.028742e-11
1.2961142e-09
-1.0721989e-11
1.296771e-09
-1.0935998e-11
1.2975664e-09
-1.0958116e-11
1.2984607e-09
-1.0816558e-11
1.2994195e-09
-1.0538707e-11
1.3004135e-09
-1.0150739e-11
1.3014184e-09
-9.6772653e-12
1.3024143e-09
-9.1410089e-12
1.3033856e-09
-8.5625429e-12
1.3043204e-09
-7.9600972e-12
1.3052103e-09
-7.3494344e-12
1.3060496e-09
-6.7438143e-12
1.3068354e-09
-6.154028e-12
1.3075665e-09
-5.5884989e-12
1.3082434e-09
-5.0534487e-12
1.308868e-09
-4.5531068e-12
1.3094427e-09
-4.0899491e-12
1.3099706e-09
-3.6649622e-12
1.3104552e-09
-3.2779101e-12
1.3109e-09
-2.9275945e-12
1.3113082e-09
-2.6121032e-12
1.311683e-09
-2.3290353e-12
1.3120275e-09
-2.075696e-12
1.3123441e-09
-1.8492646e-12
1.3126351e-09
-1.6469285e-12
1.3129026e-09
-1.4659852e-12
1.3131481e-09
-1.3039176e-12
1.3133732e-09
-1.1584407e-12
1.313579e-09
-1.0275271e-12
1.3137667e-09
-9.094135e-13
1.3139372e-09
-8.025933e-13
1.3140914e-09
-7.0579772e-13
1.3142302e-09
-6.1797111e-13
1.3143544e-09
-5.3824167e-13
1.3144648e-09
-4.6589069e-13
1.3145621e-09
-4.0032308e-13
1.3146474e-09
-3.4103968e-13
1.3147213e-09
-2.8761259e-13
1.3147848e-09
-2.3966467e-13
1.3148388e-09
-1.9685274e-13
1.314884e-09
-1.5885466e-13
1.3149213e-09
-1.2536012e-13
1.3149517e-09
-9.6064578e-14
1.3149758e-09
-7.0665716e-14
1.3149944e-09
-4.8862253e-14
1.3150083e-09
-3.0354228e-14
1.3150181e-09
-1.4844429e-14
1.3150245e-09
-2.040574e-15
1.315028e-09
8.3416482e-15
1.3150291e-09
1.6577741e-14
1.3150283e-09
2.2929679e-14
1.315026e-09
2.7645263e-14
1.3150225e-09
3.0956041e-14
1.3150182e-09
3.3076045e-14
1.3150132e-09
3.4200951e-14
1.3150079e-09
3.4507633e-14
1.3150024e-09
3.4154154e-14
1.3149969e-09
3.3280116e-14
1.3149913e-09
3.2007321e-14
1.314986e-09
3.0440757e-14
1.3149809e-09
2.8669774e-14
1.314976e-09
2.6769387e-14
1.3149714e-09
2.4801678e-14
1.3149672e-09
2.2817174e-14
1.3149632e-09
2.0856167e-14
1.3149596e-09
1.8949985e-14
1.3149564e-09
1.7122174e-14
1.3149534e-09
1.5389604e-14
1.3149507e-09
1.376355e-14
1.3149484e-09
1.2250695e-14
1.3149462e-09
1.0854058e-14
1.3149444e-09
9.5738145e-15
1.3149427e-09
8.4079527e-15
1.3149412e-09
7.3527622e-15
1.31494e-09
6.4031988e-15
1.3149389e-09
5.5531706e-15
1.3149379e-09
4.7958237e-15
1.3149371e-09
4.1238789e-15
1.3149364e-09
3.5299925e-15
1.3149357e-09
3.0070803e-15
1.3149352e-09
2.5485295e-15
1.3149348e-09
2.148243e-15
1.3149344e-09
1.8005511e-15
1.3149341e-09
1.5000827e-15
1.3149338e-09
1.2416957e-15
1.3149336e-09
1.0205197e-15
1.3149334e-09
8.3207733e-16
1.3149333e-09
6.7238016e-16
1.3149332e-09
5.3791508e-16
1.3149331e-09
4.2551328e-16
1.314933e-09
3.3218683e-16
1.3149329e-09
2.5505887e-16
1.3149329e-09
1.9144907e-16
1.3149328e-09
1.3905469e-16
1.3149328e-09
9.6084138e-17
1.3149328e-09
6.1220093e-17
1.3149328e-09
3.3420771e-17
1.3149328e-09
1.1707402e-17
1.3149328e-09
-4.8997431e-18
1.3149328e-09
-1.7264457e-17
1.3149328e-09
-2.5973667e-17
1.3149328e-09
-3.1325353e-17
1.3149328e-09
-3.3523915e-17
1.3149328e-09
-3.2931738e-17
1.3149328e-09
-3.0150825e-17
1.3149328e-09
-2.5853251e-17
1.3149328e-09
-2.0521631e-17
1.3149328e-09
-1.4362346e-17
1.3149328e-09
-7.4804266e-18
1.3149328e-09
-1.1661358e-19
1.3149328e-09
7.3378839e-18
1.3149328e-09
1.4597569e-17
1.3149328e-09
2.1736351e-17
1.3149328e-09
2.9130203e-17
1.3149328e-09
3.7123254e-17
1.3149328e-09
4.579217e-17
1.3149328e-09
5.5082722e-17
1.3149327e-09
6.5135152e-17
1.3149327e-09
7.6361994e-17
1.3149327e-09
8.915153e-17
1.3149327e-09
1.0358403e-16
1.3149327e-09
1.1956083e-16
1.3149327e-09
1.3717756e-16
1.3149326e-09
1.5680733e-16
1.3149326e-09
1.7877459e-16
1.3149326e-09
2.0313033e-16
1.3149325e-09
2.2990577e-16
1.3149325e-09
2.5946512e-16
1.3149324e-09
2.9239947e-16
1.3149324e-09
3.2916941e-16
1.3149323e-09
3.7015464e-16
1.3149322e-09
4.160536e-16
1.3149321e-09
4.6791962e-16
1.3149321e-09
5.2679562e-16
1.3149319e-09
5.9371744e-16
1.3149318e-09
6.7014924e-16
1.3149317e-09
7.5799561e-16
1.3149315e-09
8.5916452e-16
1.3149314e-09
9.7564361e-16
1.3149312e-09
1.1100919e-15
1.3149309e-09
1.2659758e-15
1.3149307e-09
1.4472335e-15
1.3149304e-09
1.6584439e-15
1.3149301e-09
1.905543e-15
1.3149297e-09
2.1957905e-15
1.3149293e-09
2.5378612e-15
1.3149288e-09
2.9434559e-15
1.3149283e-09
3.4272178e-15
1.3149276e-09
4.0070447e-15
1.3149269e-09
4.7071715e-15
1.3149261e-09
5.5596245e-15
1.3149251e-09
6.6081798e-15
1.3149239e-09
7.9127746e-15
1.3149225e-09
9.5586789e-15
1.3149208e-09
1.1703084e-14
1.3149188e-09
1.4405253e-14
1.5846078e-14
1.6763726e-09
4.4538373e-12
1.7050034e-09
1.3846176e-11
1.7491493e-09
1.939964e-11
1.8041432e-09
1.7629507e-11
1.8657771e-09
7.2020286e-12
1.9309623e-09
-1.1659733e-11
1.9978169e-09
-3.7789643e-11
2.0654761e-09
-6.9471991e-11
2.1338123e-09
-1.046985e-10
2.2030672e-09
-1.4139199e-10
2.2735995e-09
-1.7751154e-10
2.3456628e-09
-2.1114224e-10
2.4192645e-09
-2.4054643e-10
2.494088e-09
-2.6421812e-10
2.5694849e-09
-2.8095641e-10
2.6445266e-09
-2.8993488e-10
2.7180929e-09
-2.9073789e-10
2.7889738e-09
-2.833567e-10
2.8559712e-09
-2.6815789e-10
2.9179893e-09
-2.4583118e-10
2.9741078e-09
-2.1732298e-10
3.0236319e-09
-1.8375931e-10
3.0661125e-09
-1.463545e-10
3.1013376e-09
-1.063208e-10
3.1293016e-09
-6.4793675e-11
3.1501599e-09
-2.2770858e-11
3.1641753e-09
1.8918108e-11
3.1716591e-09
5.9639808e-11
3.1729422e-09
9.8908864e-11
3.168341e-09
1.3638282e-10
3.1581356e-09
1.7183604e-10
3.1425641e-09
2.0511809e-10
3.1218261e-09
2.3612049e-10
3.0960928e-09
2.6475144e-10
3.0655219e-09
2.9091717e-10
3.0302748e-09
3.1451111e-10
2.9905339e-09
3.354112e-10
2.9465178e-09
3.5348467e-10
2.8984932e-09
3.6859849e-10
2.8467815e-09
3.8063368e-10
2.7917606e-09
3.8950047e-10
2.7338621e-09
3.9515206e-10
2.6735644e-09
3.9759495e-10
2.6113825e-09
3.9689494e-10
2.5478559e-09
3.9317856e-10
2.4835352e-09
3.8663022e-10
2.4189689e-09
3.7748563e-10
2.3546895e-09
3.6602249e-10
2.2912018e-09
3.5254943e-10
2.2289719e-09
3.3739402e-10
2.168419e-09
3.2089098e-10
2.1099085e-09
3.0337108e-10
2.0537483e-09
2.8515152e-10
2.0001871e-09
2.6652797e-10
1.9494149e-09
2.4776871e-10
1.9015649e-09
2.2911068e-10
1.8567178e-09
2.1075741e-10
1.8149066e-09
1.9287867e-10
1.7761217e-09
1.7561142e-10
1.7403176e-09
1.5906181e-10
1.7074185e-09
1.4330801e-10
1.6773243e-09
1.2840341e-10
1.6499159e-09
1.1438012e-10
1.6250607e-09
1.0125243e-10
1.6026163e-09
8.9020135e-11
1.582435e-09
7.7671724e-11
1.5643668e-09
6.7187052e-11
1.5482616e-09
5.7539815e-11
1.5339723e-09
4.869955e-11
1.5213554e-09
4.0633221e-11
1.5102727e-09
3.3306501e-11
1.5005921e-09
2.6684658e-11
1.4921881e-09
2.0733119e-11
1.4849418e-09
1.5417806e-11
1.4787408e-09
1.070526e-11
1.4734807e-09
6.5628641e-12
1.4690628e-09
2.9580154e-12
1.4653949e-09
-1.4161702e-13
1.462391e-09
-2.7681927e-12
1.4599715e-09
-4.9541927e-12
1.4580623e-09
-6.73242e-12
1.4565949e-09
-8.1361376e-12
1.4555065e-09
-9.1990184e-12
1.4547396e-09
-9.9550325e-12
1.4542418e-09
-1.0438235e-11
1.4539661e-09
-1.068247e-11
1.4538706e-09
-1.072102e-11
1.4539181e-09
-1.0586204e-11
1.4540763e-09
-1.0308971e-11
1.4543176e-09
-9.9185019e-12
1.4546184e-09
-9.4418386e-12
1.4549594e-09
-8.9035804e-12
1.455325e-09
-8.3256482e-12
1.4557027e-09
-7.7271259e-12
1.4560831e-09
-7.1242003e-12
1.4564592e-09
-6.5301831e-12
1.4568263e-09
-5.9556105e-12
1.4571813e-09
-5.4084222e-12
1.4575224e-09
-4.894193e-12
1.4578488e-09
-4.4164054e-12
1.4581606e-09
-3.9767528e-12
1.4584582e-09
-3.5754518e-12
1.4587421e-09
-3.2115482e-12
1.4590132e-09
-2.8832129e-12
1.4592722e-09
-2.5880107e-12
1.4595197e-09
-2.3231349e-12
1.459756e-09
-2.0856105e-12
1.4599815e-09
-1.872456e-12
1.4601964e-09
-1.6808086e-12
1.4604004e-09
-1.5080145e-12
1.4605937e-09
-1.3516868e-12
1.4607759e-09
-1.209735e-12
1.4609469e-09
-1.0803735e-12
1.4611064e-09
-9.6211059e-13
1.4612543e-09
-8.5372518e-13
1.4613906e-09
-7.5423522e-13
1.4615152e-09
-6.6286129e-13
1.4616283e-09
-5.7898823e-13
1.4617301e-09
-5.0212872e-13
1.4618209e-09
-4.3188929e-13
1.4619013e-09
-3.6794032e-13
1.4619716e-09
-3.0999159e-13
1.4620325e-09
-2.5777251e-13
1.4620847e-09
-2.1101747e-13
1.4621288e-09
-1.69456e-13
1.4621655e-09
-1.3280685e-13
1.4621956e-09
-1.0077539e-13
1.4622198e-09
-7.3053829e-14
1.4622388e-09
-4.9323336e-14
1.4622532e-09
-2.925749e-14
1.4622637e-09
-1.2526576e-14
1.4622708e-09
1.1976158e-15
1.4622752e-09
1.2237794e-14
1.4622772e-09
2.0906333e-14
1.4622773e-09
2.7501852e-14
1.462276e-09
3.2306185e-14
1.4622735e-09
3.5582014e-14
1.4622701e-09
3.7571205e-14
1.4622661e-09
3.8493767e-14
1.4622617e-09
3.8547446e-14
1.4622571e-09
3.7907847e-14
1.4622524e-09
3.6728991e-14
1.4622477e-09
3.5144318e-14
1.4622431e-09
3.3267971e-14
1.4622387e-09
3.1196278e-14
1.4622344e-09
2.9009401e-14
1.4622305e-09
2.6772994e-14
1.4622268e-09
2.4539825e-14
1.4622234e-09
2.2351355e-14
1.4622203e-09
2.0239216e-14
1.4622175e-09
1.8226586e-14
1.4622149e-09
1.632952e-14
1.4622126e-09
1.4558184e-14
1.4622105e-09
1.2917988e-14
1.4622087e-09
1.1410597e-14
1.4622071e-09
1.0034765e-14
1.4622056e-09
8.7869877e-15
1.4622044e-09
7.6620063e-15
1.4622033e-09
6.653217e-15
1.4622023e-09
5.753048e-15
1.4622015e-09
4.9533641e-15
1.4622008e-09
4.2458687e-15
1.4622001e-09
3.6224518e-15
1.4621996e-09
3.075421e-15
1.4621992e-09
2.597569e-15
1.4621988e-09
2.1821164e-15
1.4621985e-09
1.8226249e-15
1.4621982e-09
1.5129643e-15
1.462198e-09
1.2473797e-15
1.4621978e-09
1.0206154e-15
1.4621976e-09
8.2799448e-16
1.4621975e-09
6.6538219e-16
1.4621974e-09
5.2903949e-16
1.4621973e-09
4.1545846e-16
1.4621972e-09
3.2130118e-16
1.4621972e-09
2.4349128e-16
1.4621971e-09
1.7938347e-16
1.4621971e-09
1.2686822e-16
1.4621971e-09
8.4308618e-17
1.4621971e-09
5.0338702e-17
1.4621971e-09
2.3679375e-17
1.4621971e-09
3.1153061e-18
1.4621971e-09
-1.237262e-17
1.462197e-09
-2.3474476e-17
1.462197e-09
-3.0589173e-17
1.462197e-09
-3.4048494e-17
1.462197e-09
-3.4346364e-17
1.4621971e-09
-3.2165263e-17
1.4621971e-09
-2.8177969e-17
1.4621971e-09
-2.2825852e-17
1.4621971e-09
-1.6310034e-17
1.4621971e-09
-8.810194e-18
1.4621971e-09
-6.7888648e-19
1.4621971e-09
7.6367053e-18
1.4621971e-09
1.5889779e-17
1.4621971e-09
2.4218394e-17
1.4621971e-09
3.2983496e-17
1.462197e-09
4.2421917e-17
1.462197e-09
5.2520427e-17
1.462197e-09
6.326076e-17
1.462197e-09
7.4908935e-17
1.462197e-09
8.7946704e-17
1.462197e-09
1.0271061e-16
1.462197e-09
1.192235e-16
1.462197e-09
1.3746631e-16
1.4621969e-09
1.5770689e-16
1.4621969e-09
1.8039539e-16
1.4621969e-09
2.0578726e-16
1.4621969e-09
2.3390137e-16
1.4621968e-09
2.6490888e-16
1.4621968e-09
2.9933999e-16
1.4621967e-09
3.3778244e-16
1.4621967e-09
3.8062888e-16
1.4621966e-09
4.2837133e-16
1.4621966e-09
4.8193604e-16
1.4621965e-09
5.4243671e-16
1.4621964e-09
6.108605e-16
1.4621963e-09
6.8840481e-16
1.4621962e-09
7.7685365e-16
1.4621961e-09
8.782134e-16
1.462196e-09
9.9440608e-16
1.4621958e-09
1.1277628e-15
1.4621956e-09
1.2813511e-15
1.4621954e-09
1.4587345e-15
1.4621952e-09
1.6640793e-15
1.462195e-09
1.902462e-15
1.4621947e-09
2.1800964e-15
1.4621944e-09
2.504537e-15
1.462194e-09
2.8850294e-15
1.4621937e-09
3.3338525e-15
1.4621932e-09
3.8659788e-15
1.4621927e-09
4.5002038e-15
1.4621922e-09
5.2611023e-15
1.4621915e-09
6.1814813e-15
1.4621908e-09
7.3047656e-15
1.4621901e-09
8.6887897e-15
1.4621892e-09
1.0413802e-14
1.4621883e-09
1.2601149e-14
1.4621873e-09
1.5398286e-14
1.698227e-14
1.6740681e-09
-2.9475881e-12
1.696373e-09
-8.4587697e-12
1.7320779e-09
-1.6305211e-11
1.7786681e-09
-2.8960746e-11
1.8335552e-09
-4.7685018e-11
1.894589e-09
-7.2693512e-11
1.9602402e-09
-1.0344088e-10
2.0295913e-09
-1.3882306e-10
2.1022216e-09
-1.7732888e-10
2.1780084e-09
-2.1717875e-10
2.2569258e-09
-2.5642894e-10
2.3388576e-09
-2.9307406e-10
2.4234385e-09
-3.2512731e-10
2.5099449e-09
-3.5072455e-10
2.5972753e-09
-3.6828679e-10
2.6840213e-09
-3.7668082e-10
2.7685952e-09
-3.7531186e-10
2.8493762e-09
-3.641377e-10
2.9248514e-09
-3.4363304e-10
2.9937343e-09
-3.1471411e-10
3.0550518e-09
-2.786405e-10
3.1081944e-09
-2.3690185e-10
3.1529159e-09
-1.9107601e-10
3.1892939e-09
-1.4269884e-10
3.2176644e-09
-9.3164087e-11
3.238542e-09
-4.364851e-11
3.2525373e-09
4.9228471e-12
3.2602295e-09
5.1947612e-11
3.2622012e-09
9.6937165e-11
3.2589425e-09
1.3964151e-10
3.2508416e-09
1.7993694e-10
3.2381864e-09
2.1777324e-10
3.221175e-09
2.5313192e-10
3.1999341e-09
2.8599232e-10
3.174544e-09
3.1630726e-10
3.1450649e-09
3.4399022e-10
3.1115626e-09
3.6891352e-10
3.0741311e-09
3.9091613e-10
3.0329103e-09
4.0981933e-10
2.9880966e-09
4.2544737e-10
2.9399479e-09
4.3764914e-10
2.8887824e-09
4.4631755e-10
2.8349733e-09
4.5140414e-10
2.7789399e-09
4.5292829e-10
2.7211378e-09
4.5098065e-10
2.6620466e-09
4.4572145e-10
2.6021578e-09
4.3737438e-10
2.541963e-09
4.2621733e-10
2.4819417e-09
4.1257074e-10
2.4225509e-09
3.9678485e-10
2.3642153e-09
3.7922651e-10
2.3073199e-09
3.6026653e-10
2.2522032e-09
3.4026818e-10
2.1991539e-09
3.1957727e-10
2.1484084e-09
2.9851425e-10
2.1001507e-09
2.7736841e-10
2.0545139e-09
2.5639415e-10
2.0115834e-09
2.3580916e-10
1.9714005e-09
2.1579436e-10
1.9339672e-09
1.9649514e-10
1.8992514e-09
1.7802371e-10
1.8671927e-09
1.6046219e-10
1.8377066e-09
1.4386616e-10
1.8106907e-09
1.2826832e-10
1.7860286e-09
1.1368229e-10
1.7635941e-09
1.0010618e-10
1.7432554e-09
8.7525797e-11
1.7248775e-09
7.5917686e-11
1.7083254e-09
6.5251629e-11
1.6934659e-09
5.5492738e-11
1.6801692e-09
4.6603208e-11
1.6683102e-09
3.854362e-11
1.6577695e-09
3.1273873e-11
1.6484335e-09
2.4753844e-11
1.640195e-09
1.8943757e-11
1.6329534e-09
1.38044e-11
1.6266145e-09
9.2969184e-12
1.62109e-09
5.3828663e-12
1.6162978e-09
2.0240392e-12
1.6121613e-09
-8.17725e-13
1.6086096e-09
-3.1807003e-12
1.6055769e-09
-5.103392e-12
1.6030023e-09
-6.6244495e-12
1.6008299e-09
-7.7826805e-12
1.5990085e-09
-8.6168185e-12
1.5974913e-09
-9.1652544e-12
1.596236e-09
-9.4657003e-12
1.5952046e-09
-9.5547875e-12
1.5943633e-09
-9.4676469e-12
1.5936822e-09
-9.2374859e-12
1.5931356e-09
-8.8951888e-12
1.592701e-09
-8.468978e-12
1.5923595e-09
-7.9841405e-12
1.5920952e-09
-7.4628365e-12
1.591895e-09
-6.9240122e-12
1.5917482e-09
-6.3834026e-12
1.5916462e-09
-5.8536232e-12
1.5915822e-09
-5.3443513e-12
1.5915505e-09
-4.8625716e-12
1.591547e-09
-4.4128716e-12
1.591568e-09
-3.9977764e-12
1.5916107e-09
-3.6180977e-12
1.5916724e-09
-3.2732809e-12
1.5917509e-09
-2.9617422e-12
1.5918441e-09
-2.6811776e-12
1.5919498e-09
-2.4288358e-12
1.592066e-09
-2.2017534e-12
1.5921904e-09
-1.9969452e-12
1.5923212e-09
-1.8115503e-12
1.5924561e-09
-1.6429384e-12
1.5925932e-09
-1.4887782e-12
1.5927305e-09
-1.3470707e-12
1.5928663e-09
-1.2161586e-12
1.5929989e-09
-1.0947126e-12
1.5931269e-09
-9.817014e-13
1.593249e-09
-8.7635397e-13
1.5933643e-09
-7.7811435e-13
1.5934719e-09
-6.8659528e-13
1.5935713e-09
-6.0153398e-13
1.5936621e-09
-5.227513e-13
1.5937443e-09
-4.5011597e-13
1.5938178e-09
-3.8351584e-13
1.5938829e-09
-3.2283512e-13
1.5939398e-09
-2.6793796e-13
1.593989e-09
-2.186582e-13
1.594031e-09
-1.7479395e-13
1.5940663e-09
-1.3610636e-13
1.5940956e-09
-1.0232189e-13
1.5941194e-09
-7.3136828e-14
1.5941384e-09
-4.8223484e-14
1.5941531e-09
-2.7237299e-14
1.5941641e-09
-9.8242285e-15
1.594172e-09
4.3721529e-15
1.5941772e-09
1.5703934e-14
1.5941802e-09
2.4513043e-14
1.5941814e-09
3.1126388e-14
1.5941811e-09
3.5851974e-14
1.5941797e-09
3.8976017e-14
1.5941774e-09
4.0760955e-14
1.5941745e-09
4.1444361e-14
1.5941712e-09
4.123859e-14
1.5941676e-09
4.033105e-14
1.5941639e-09
3.8885078e-14
1.5941601e-09
3.7041214e-14
1.5941564e-09
3.4918779e-14
1.5941527e-09
3.2617699e-14
1.5941493e-09
3.0220392e-14
1.594146e-09
2.7793659e-14
1.594143e-09
2.5390543e-14
1.5941402e-09
2.3052086e-14
1.5941376e-09
2.0808984e-14
1.5941353e-09
1.8683162e-14
1.5941331e-09
1.6689249e-14
1.5941312e-09
1.4835917e-14
1.5941295e-09
1.3127094e-14
1.594128e-09
1.1562982e-14
1.5941266e-09
1.0140867e-14
1.5941254e-09
8.8557832e-15
1.5941244e-09
7.7010504e-15
1.5941235e-09
6.6687522e-15
1.5941227e-09
5.7502189e-15
1.594122e-09
4.936478e-15
1.5941214e-09
4.2186315e-15
1.5941209e-09
3.5881108e-15
1.5941204e-09
3.0367715e-15
1.59412e-09
2.5568729e-15
1.5941197e-09
2.1410364e-15
1.5941195e-09
1.7822536e-15
1.5941192e-09
1.4739759e-15
1.594119e-09
1.2102412e-15
1.5941189e-09
9.8573815e-16
1.5941188e-09
7.9574955e-16
1.5941186e-09
6.3599759e-16
1.5941186e-09
5.0248585e-16
1.5941185e-09
3.9145105e-16
1.5941184e-09
2.9945962e-16
1.5941184e-09
2.2356003e-16
1.5941184e-09
1.6135323e-16
1.5941183e-09
1.1090304e-16
1.5941183e-09
7.0537541e-17
1.5941183e-09
3.8698508e-17
1.5941183e-09
1.3957053e-17
1.5941183e-09
-4.8477241e-18
1.5941183e-09
-1.8512832e-17
1.5941183e-09
-2.7557636e-17
1.5941183e-09
-3.2462874e-17
1.5941183e-09
-3.3862451e-17
1.5941183e-09
-3.2511416e-17
1.5941183e-09
-2.9071325e-17
1.5941183e-09
-2.3942499e-17
1.5941183e-09
-1.7334167e-17
1.5941183e-09
-9.5080176e-18
1.5941183e-09
-9.1052552e-19
1.5941183e-09
7.9915207e-18
1.5941183e-09
1.701203e-17
1.5941183e-09
2.6335728e-17
1.5941183e-09
3.626769e-17
1.5941183e-09
4.691867e-17
1.5941182e-09
5.8209626e-17
1.5941182e-09
7.0189695e-17
1.5941182e-09
8.3236995e-17
1.5941182e-09
9.784574e-17
1.5941182e-09
1.1426564e-16
1.5941182e-09
1.3249156e-16
1.5941182e-09
1.5262818e-16
1.5941182e-09
1.750935e-16
1.5941181e-09
2.0034127e-16
1.5941181e-09
2.2853665e-16
1.5941181e-09
2.5972954e-16
1.5941181e-09
2.9427209e-16
1.594118e-09
3.3279854e-16
1.594118e-09
3.7582196e-16
1.594118e-09
4.2370566e-16
1.5941179e-09
4.7711867e-16
1.5941178e-09
5.3714382e-16
1.5941178e-09
6.0482319e-16
1.5941177e-09
6.8109614e-16
1.5941176e-09
7.6738713e-16
1.5941175e-09
8.656901e-16
1.5941174e-09
9.7793304e-16
1.5941173e-09
1.1060325e-15
1.5941172e-09
1.2526528e-15
1.5941171e-09
1.4210578e-15
1.5941169e-09
1.6146528e-15
1.5941167e-09
1.8377182e-15
1.5941166e-09
2.095633e-15
1.5941163e-09
2.3943374e-15
1.5941161e-09
2.7412353e-15
1.5941158e-09
3.1457487e-15
1.5941156e-09
3.6194086e-15
1.5941152e-09
4.1766796e-15
1.5941149e-09
4.8351364e-15
1.5941146e-09
5.6174751e-15
1.5941142e-09
6.5534887e-15
1.5941138e-09
7.6810155e-15
1.5941134e-09
9.0486807e-15
1.5941131e-09
1.0723441e-14
1.594113e-09
1.2781729e-14
1.5941129e-09
1.5419247e-14
1.7012187e-14
1.672695e-09
-8.9759182e-12
1.6909575e-09
-2.6721295e-11
1.7207879e-09
-4.6135556e-11
1.7608799e-09
-6.9052778e-11
1.8097705e-09
-9.657566e-11
1.8661655e-09
-1.2908845e-10
1.9290903e-09
-1.6636567e-10
1.9979222e-09
-2.07655e-10
2.0723342e-09
-2.5174082e-10
2.1521693e-09
-2.9701391e-10
2.2372701e-09
-3.415297e-10
2.3273036e-09
-3.8310755e-10
2.4215619e-09
-4.1938561e-10
2.518801e-09
-4.4796368e-10
2.6172323e-09
-4.667181e-10
2.7146756e-09
-4.7412411e-10
2.8087986e-09
-4.6943484e-10
2.8973626e-09
-4.5270171e-10
2.9784358e-09
-4.2470625e-10
3.0505429e-09
-3.8682117e-10
3.1127529e-09
-3.4085056e-10
3.1647082e-09
-2.8885711e-10
3.2065688e-09
-2.3293665e-10
3.2389118e-09
-1.750418e-10
3.2626084e-09
-1.168607e-10
3.2786922e-09
-5.9732337e-11
3.2882771e-09
-4.6620368e-12
3.2922361e-09
4.7988645e-11
3.2914749e-09
9.7698381e-11
3.2866569e-09
1.444595e-10
3.2782634e-09
1.8833037e-10
3.2666037e-09
2.2943299e-10
3.2518369e-09
2.6789871e-10
3.2340062e-09
3.0382303e-10
3.2130772e-09
3.3723627e-10
3.1889765e-09
3.6809091e-10
3.1616275e-09
3.9626249e-10
3.1309811e-09
4.2156258e-10
3.0970381e-09
4.4376225e-10
3.0598636e-09
4.626219e-10
3.0195911e-09
4.7792165e-10
2.9764213e-09
4.8948733e-10
2.9306158e-09
4.9720962e-10
2.8824882e-09
5.0105592e-10
2.8323938e-09
5.0107506e-10
2.7807193e-09
4.9739598e-10
2.7278721e-09
4.902216e-10
2.6742701e-09
4.7981927e-10
2.6203321e-09
4.6650876e-10
2.5664679e-09
4.5064906e-10
2.5130698e-09
4.3262456e-10
2.4605049e-09
4.1283144e-10
2.4091081e-09
3.9166499e-10
2.359177e-09
3.6950842e-10
2.3109679e-09
3.4672331e-10
2.264694e-09
3.2364229e-10
2.2205244e-09
3.0056374e-10
2.1785851e-09
2.7774853e-10
2.1389607e-09
2.5541878e-10
2.1016977e-09
2.3375804e-10
2.0668084e-09
2.12913e-10
2.0342746e-09
1.9299601e-10
2.0040523e-09
1.7408848e-10
1.9760762e-09
1.5624444e-10
1.9502639e-09
1.3949453e-10
1.9265203e-09
1.238498e-10
1.9047408e-09
1.093053e-10
1.884815e-09
9.5843499e-11
1.8666294e-09
8.3437268e-11
1.8500697e-09
7.2052407e-11
1.835023e-09
6.1649851e-11
1.8213793e-09
5.2187397e-11
1.8090321e-09
4.3621007e-11
1.7978801e-09
3.5905833e-11
1.787827e-09
2.8996862e-11
1.7787821e-09
2.2849323e-11
1.7706602e-09
1.7418834e-11
1.7633816e-09
1.2661471e-11
1.7568719e-09
8.5337083e-12
1.7510619e-09
4.9923e-12
1.745887e-09
1.9942227e-12
1.7412873e-09
-5.0368628e-13
1.7372071e-09
-2.5442395e-12
1.7335947e-09
-4.1703602e-12
1.7304026e-09
-5.4246546e-12
1.7275866e-09
-6.3492277e-12
1.7251062e-09
-6.9853917e-12
1.7229247e-09
-7.3732688e-12
1.7210085e-09
-7.55138e-12
1.7193272e-09
-7.5562157e-12
1.7178538e-09
-7.4218254e-12
1.7165643e-09
-7.1794532e-12
1.7154374e-09
-6.8572365e-12
1.7144545e-09
-6.4799867e-12
1.7135996e-09
-6.069074e-12
1.7128586e-09
-5.6424079e-12
1.7122195e-09
-5.2145152e-12
1.7116719e-09
-4.7967155e-12
1.7112067e-09
-4.3973697e-12
1.710816e-09
-4.0221892e-12
1.7104928e-09
-3.674592e-12
1.7102308e-09
-3.3560788e-12
1.7100241e-09
-3.0666129e-12
1.7098674e-09
-2.8049918e-12
1.7097554e-09
-2.5691904e-12
1.7096832e-09
-2.3566677e-12
1.7096461e-09
-2.1646311e-12
1.7096394e-09
-1.9902521e-12
1.7096587e-09
-1.8308324e-12
1.7096997e-09
-1.6839251e-12
1.7097583e-09
-1.5474115e-12
1.7098308e-09
-1.4195397e-12
1.7099135e-09
-1.2989327e-12
1.7100034e-09
-1.1845717e-12
1.7100975e-09
-1.0757602e-12
1.7101932e-09
-9.7207731e-13
1.7102884e-09
-8.7332488e-13
1.7103813e-09
-7.7947142e-13
1.7104703e-09
-6.9059987e-13
1.7105544e-09
-6.0685913e-13
1.7106327e-09
-5.2842222e-13
1.7107047e-09
-4.5545269e-13
1.7107699e-09
-3.8807874e-13
1.7108284e-09
-3.2637494e-13
1.7108801e-09
-2.7035165e-13
1.7109252e-09
-2.1995029e-13
1.7109641e-09
-1.7504384e-13
1.7109973e-09
-1.3544153e-13
1.711025e-09
-1.0089639e-13
1.7110479e-09
-7.1114668e-14
1.7110664e-09
-4.5766388e-14
1.7110811e-09
-2.4496109e-14
1.7110924e-09
-6.9333184e-15
1.7111008e-09
7.2979008e-15
1.7111068e-09
1.8570334e-14
1.7111107e-09
2.7246377e-14
1.7111128e-09
3.3672183e-14
1.7111136e-09
3.8173102e-14
1.7111133e-09
4.1050381e-14
1.7111122e-09
4.2579059e-14
1.7111104e-09
4.3006869e-14
1.7111082e-09
4.2553995e-14
1.7111057e-09
4.1413631e-14
1.711103e-09
3.9753101e-14
1.7111002e-09
3.7715403e-14
1.7110974e-09
3.5421116e-14
1.7110946e-09
3.2970435e-14
1.711092e-09
3.0445258e-14
1.7110895e-09
2.7911291e-14
1.7110871e-09
2.5420053e-14
1.7110849e-09
2.3010772e-14
1.7110829e-09
2.0712212e-14
1.711081e-09
1.854437e-14
1.7110793e-09
1.6520021e-14
1.7110778e-09
1.4646133e-14
1.7110764e-09
1.2925054e-14
1.7110752e-09
1.1355499e-14
1.7110741e-09
9.9333623e-15
1.7110732e-09
8.6523856e-15
1.7110724e-09
7.5047496e-15
1.7110716e-09
6.4816366e-15
1.711071e-09
5.5737366e-15
1.7110704e-09
4.7716603e-15
1.71107e-09
4.0662227e-15
1.7110695e-09
3.4485722e-15
1.7110692e-09
2.9102116e-15
1.7110689e-09
2.4430037e-15
1.7110686e-09
2.0392209e-15
1.7110684e-09
1.6916568e-15
1.7110682e-09
1.3937541e-15
1.7110681e-09
1.1396548e-15
1.711068e-09
9.2412821e-16
1.7110678e-09
7.4241477e-16
1.7110678e-09
5.9008161e-16
1.7110677e-09
4.629912e-16
1.7110676e-09
3.5740192e-16
1.7110676e-09
2.7009969e-16
1.7110675e-09
1.9843189e-16
1.7110675e-09
1.4019392e-16
1.7110675e-09
9.3439163e-17
1.7110675e-09
5.6364302e-17
1.7110675e-09
2.7358207e-17
1.7110675e-09
5.1370176e-18
1.7110674e-09
-1.1202386e-17
1.7110674e-09
-2.231143e-17
1.7110674e-09
-2.8829229e-17
1.7110674e-09
-3.1525521e-17
1.7110674e-09
-3.1213243e-17
1.7110674e-09
-2.8533088e-17
1.7110674e-09
-2.3852174e-17
1.7110674e-09
-1.7406006e-17
1.7110674e-09
-9.5430482e-18
1.7110674e-09
-7.8059779e-19
1.7110674e-09
8.4293913e-18
1.7110674e-09
1.7972423e-17
1.7110674e-09
2.8053259e-17
1.7110674e-09
3.8886195e-17
1.7110674e-09
5.0455983e-17
1.7110674e-09
6.2654794e-17
1.7110674e-09
7.5622975e-17
1.7110674e-09
8.9819491e-17
1.7110674e-09
1.0569305e-16
1.7110674e-09
1.2339196e-16
1.7110674e-09
1.4292503e-16
1.7110674e-09
1.6454376e-16
1.7110674e-09
1.8876328e-16
1.7110673e-09
2.1597304e-16
1.7110673e-09
2.4626421e-16
1.7110673e-09
2.7979001e-16
1.7110673e-09
3.1708146e-16
1.7110673e-09
3.5878341e-16
1.7110672e-09
4.0529602e-16
1.7110672e-09
4.5702825e-16
1.7110671e-09
5.1484813e-16
1.7110671e-09
5.798681e-16
1.7110671e-09
6.5297888e-16
1.711067e-09
7.3515886e-16
1.7110669e-09
8.2805878e-16
1.7110669e-09
9.3367569e-16
1.7110668e-09
1.0537789e-15
1.7110667e-09
1.1903663e-15
1.7110666e-09
1.3462666e-15
1.7110665e-09
1.5246463e-15
1.7110664e-09
1.7287215e-15
1.7110663e-09
1.9627462e-15
1.7110661e-09
2.2319903e-15
1.711066e-09
2.5418438e-15
1.7110658e-09
2.8992362e-15
1.7110657e-09
3.3130547e-15
1.7110655e-09
3.7933205e-15
1.7110653e-09
4.3530068e-15
1.7110651e-09
5.0069566e-15
1.711065e-09
5.7743427e-15
1.7110649e-09
6.6790622e-15
1.7110648e-09
7.7506234e-15
1.7110648e-09
9.0242976e-15
1.711065e-09
1.0549181e-14
1.7110654e-09
1.2359535e-14
1.7110662e-09
1.4650442e-14
1.6122669e-14
1.6717973e-09
-1.4106511e-11
1.6873245e-09
-4.2248497e-11
1.7129707e-09
-7.1781851e-11
1.7481182e-09
-1.0420022e-10
1.7920576e-09
-1.4051503e-10
1.8441799e-09
-1.8121083e-10
1.9040765e-09
-2.2626222e-10
1.9715606e-09
-2.7513907e-10
2.0466188e-09
-3.2679911e-10
2.1292988e-09
-3.7969383e-10
2.2195229e-09
-4.3175386e-10
2.3168874e-09
-4.8047198e-10
2.4203297e-09
-5.2282798e-10
2.5278503e-09
-5.5548422e-10
2.6365689e-09
-5.7543679e-10
2.7431006e-09
-5.806558e-10
2.8440438e-09
-5.7037799e-10
2.936402e-09
-5.4505993e-10
3.0178794e-09
-5.0618362e-10
3.0870201e-09
-4.5596192e-10
3.1432494e-09
-3.9707984e-10
3.1868304e-09
-3.3243807e-10
3.218688e-09
-2.6479429e-10
3.2402103e-09
-1.9656409e-10
3.2530543e-09
-1.2970469e-10
3.2589399e-09
-6.5617915e-11
3.2595316e-09
-5.2538145e-12
3.256079e-09
5.1441267e-11
3.2497306e-09
1.0404677e-10
3.2412513e-09
1.5293877e-10
3.2311226e-09
1.9845915e-10
3.2195722e-09
2.4098335e-10
3.2066206e-09
2.8085033e-10
3.1921357e-09
3.1830792e-10
3.1758896e-09
3.5348241e-10
3.1576107e-09
3.8636974e-10
3.1370314e-09
4.1684181e-10
3.1139265e-09
4.4466752e-10
3.0881406e-09
4.6954813e-10
3.0596018e-09
4.9116073e-10
3.0283231e-09
5.0920033e-10
2.9943964e-09
5.2341396e-10
2.957982e-09
5.336241e-10
2.9192958e-09
5.3974209e-10
2.878598e-09
5.417728e-10
2.836182e-09
5.3981198e-10
2.7923648e-09
5.3403886e-10
2.7474786e-09
5.2470541e-10
2.7018637e-09
5.1212367e-10
2.6558607e-09
4.9665206e-10
2.6098041e-09
4.7868123e-10
2.5640154e-09
4.5862009e-10
2.5187977e-09
4.3688268e-10
2.4744299e-09
4.1387619e-10
2.4311626e-09
3.8999061e-10
2.3892147e-09
3.6559027e-10
2.348771e-09
3.4100744e-10
2.3099817e-09
3.1653783e-10
2.2729623e-09
2.9243819e-10
2.2377947e-09
2.6892556e-10
2.2045297e-09
2.4617801e-10
2.1731892e-09
2.2433658e-10
2.1437695e-09
2.0350815e-10
2.1162452e-09
1.8376878e-10
2.0905721e-09
1.6516756e-10
2.0666915e-09
1.4773046e-10
2.0445327e-09
1.3146407e-10
2.0240169e-09
1.1635931e-10
2.0050595e-09
1.0239467e-10
1.9875728e-09
8.9539131e-11
1.9714679e-09
7.7754744e-11
1.9566566e-09
6.6998707e-11
1.9430525e-09
5.7225044e-11
1.9305724e-09
4.8385959e-11
1.9191365e-09
4.0432793e-11
1.9086691e-09
3.3316664e-11
1.8990991e-09
2.6988892e-11
1.8903593e-09
2.1401205e-11
1.8823873e-09
1.6505806e-11
1.8751242e-09
1.2255368e-11
1.8685154e-09
8.6029571e-12
1.8625098e-09
5.5019314e-12
1.8570596e-09
2.9060159e-12
1.85212e-09
7.6924232e-13
1.8476493e-09
-9.5394958e-13
1.8436084e-09
-2.3083791e-12
1.839961e-09
-3.3379971e-12
1.8366732e-09
-4.0854596e-12
1.8337136e-09
-4.5917474e-12
1.8310531e-09
-4.8957474e-12
1.8286651e-09
-5.0338535e-12
1.8265253e-09
-5.0395832e-12
1.8246113e-09
-4.943261e-12
1.8229031e-09
-4.7717784e-12
1.8213825e-09
-4.5484533e-12
1.820033e-09
-4.2929881e-12
1.8188401e-09
-4.0215304e-12
1.8177902e-09
-3.7468346e-12
1.8168713e-09
-3.4785064e-12
1.8160724e-09
-3.2233151e-12
1.8153834e-09
-2.9855603e-12
1.8147948e-09
-2.7674655e-12
1.8142978e-09
-2.5695809e-12
1.813884e-09
-2.3911807e-12
1.8135454e-09
-2.2306336e-12
1.8132745e-09
-2.0857365e-12
1.8130638e-09
-1.9540039e-12
1.8129065e-09
-1.8329048e-12
1.8127957e-09
-1.7200461e-12
1.8127251e-09
-1.6133072e-12
1.8126886e-09
-1.5109237e-12
1.8126806e-09
-1.4115301e-12
1.8126958e-09
-1.3141667e-12
1.8127295e-09
-1.2182591e-12
1.8127773e-09
-1.1235753e-12
1.8128354e-09
-1.0301714e-12
1.8129004e-09
-9.3832834e-13
1.8129694e-09
-8.4848763e-13
1.81304e-09
-7.6118951e-13
1.8131102e-09
-6.7701686e-13
1.8131783e-09
-5.9654656e-13
1.8132432e-09
-5.2031103e-13
1.8133039e-09
-4.4876871e-13
1.8133598e-09
-3.8228386e-13
1.8134105e-09
-3.211155e-13
1.813456e-09
-2.654135e-13
1.8134962e-09
-2.1522088e-13
1.8135312e-09
-1.7048123e-13
1.8135614e-09
-1.3104957e-13
1.813587e-09
-9.6705405e-14
1.8136084e-09
-6.7167189e-14
1.813626e-09
-4.2106915e-14
1.8136402e-09
-2.1164262e-14
1.8136515e-09
-3.9597614e-15
1.8136601e-09
9.8936219e-15
1.8136666e-09
2.0780141e-14
1.8136712e-09
2.9073232e-14
1.8136742e-09
3.5128787e-14
1.813676e-09
3.9280184e-14
1.8136768e-09
4.183485e-14
1.8136767e-09
4.3072127e-14
1.813676e-09
4.3242281e-14
1.8136749e-09
4.2566528e-14
1.8136734e-09
4.1237827e-14
1.8136717e-09
3.9422245e-14
1.8136698e-09
3.7260818e-14
1.8136679e-09
3.487163e-14
1.813666e-09
3.2352019e-14
1.8136641e-09
2.9780849e-14
1.8136623e-09
2.7220709e-14
1.8136606e-09
2.4720022e-14
1.813659e-09
2.2315081e-14
1.8136575e-09
2.0031954e-14
1.8136562e-09
1.7888217e-14
1.8136549e-09
1.5894549e-14
1.8136538e-09
1.4056097e-14
1.8136528e-09
1.237361e-14
1.8136519e-09
1.0844404e-14
1.8136511e-09
9.463162e-15
1.8136503e-09
8.2226274e-15
1.8136497e-09
7.114255e-15
1.8136492e-09
6.1287733e-15
1.8136487e-09
5.2566377e-15
1.8136482e-09
4.4883496e-15
1.8136479e-09
3.8146235e-15
1.8136476e-09
3.2264534e-15
1.8136473e-09
2.7151681e-15
1.8136471e-09
2.2725202e-15
1.8136469e-09
1.8908178e-15
1.8136467e-09
1.5630529e-15
1.8136465e-09
1.2829391e-15
1.8136464e-09
1.0448289e-15
1.8136463e-09
8.4356278e-16
1.8136462e-09
6.7434505e-16
1.8136462e-09
5.3273243e-16
1.8136461e-09
4.1473766e-16
1.8136461e-09
3.1693762e-16
1.813646e-09
2.3647106e-16
1.813646e-09
1.7090527e-16
1.813646e-09
1.1806019e-16
1.813646e-09
7.5930107e-17
1.8136459e-09
4.2758862e-17
1.8136459e-09
1.7162521e-17
1.8136459e-09
-1.8620456e-18
1.8136459e-09
-1.5100833e-17
1.8136459e-09
-2.334842e-17
1.8136459e-09
-2.749471e-17
1.8136459e-09
-2.8390232e-17
1.8136459e-09
-2.664688e-17
1.8136459e-09
-2.2610613e-17
1.8136459e-09
-1.6561397e-17
1.8136459e-09
-8.9339979e-18
1.8136459e-09
-2.9010841e-19
1.8136459e-09
8.9614673e-18
1.8136459e-09
1.8776102e-17
1.8136459e-09
2.93465e-17
1.8136459e-09
4.0772373e-17
1.8136459e-09
5.2931407e-17
1.8136459e-09
6.5730088e-17
1.8136459e-09
7.9409416e-17
1.8136459e-09
9.4462639e-17
1.8136459e-09
1.1124308e-16
1.8136459e-09
1.2980674e-16
1.8136459e-09
1.5022154e-16
1.8136458e-09
1.7288143e-16
1.8136458e-09
1.983272e-16
1.8136458e-09
2.2684037e-16
1.8136458e-09
2.5848754e-16
1.8136458e-09
2.9358149e-16
1.8136458e-09
3.3278085e-16
1.8136458e-09
3.7664421e-16
1.8136457e-09
4.2547197e-16
1.8136457e-09
4.7980257e-16
1.8136457e-09
5.4065939e-16
1.8136457e-09
6.0903996e-16
1.8136456e-09
6.8568776e-16
1.8136456e-09
7.7173616e-16
1.8136456e-09
8.6896873e-16
1.8136455e-09
9.7915578e-16
1.8136455e-09
1.1039393e-15
1.8136454e-09
1.2455028e-15
1.8136453e-09
1.4065543e-15
1.8136453e-09
1.5899125e-15
1.8136452e-09
1.7987479e-15
1.8136451e-09
2.0370496e-15
1.8136451e-09
2.3095172e-15
1.813645e-09
2.6210192e-15
1.8136449e-09
2.977664e-15
1.8136448e-09
3.3868735e-15
1.8136448e-09
3.8573367e-15
1.8136447e-09
4.3991422e-15
1.8136447e-09
5.0238986e-15
1.8136447e-09
5.7459986e-15
1.8136448e-09
6.5823227e-15
1.813645e-09
7.5523021e-15
1.8136454e-09
8.677114e-15
1.8136459e-09
9.9862231e-15
1.8136468e-09
1.1481663e-14
1.8136481e-09
1.3315789e-14
1.4565684e-14
1.6711311e-09
-1.8570948e-11
1.6845997e-09
-5.5717135e-11
1.7069955e-09
-9.4177647e-11
1.7381237e-09
-1.3532837e-10
1.7778007e-09
-1.8019206e-10
1.8259666e-09
-2.293767e-10
1.882746e-09
-2.8304166e-10
1.9484531e-09
-3.408461e-10
2.0235298e-09
-4.0187584e-10
2.1084151e-09
-4.6457911e-10
2.2032919e-09
-5.2663064e-10
2.3077972e-09
-5.849773e-10
2.4203445e-09
-6.3537529e-10
2.5376226e-09
-6.7276229e-10
2.6549157e-09
-6.9272993e-10
2.7670198e-09
-6.9275992e-10
2.8691991e-09
-6.7255724e-10
2.9578243e-09
-6.3368512e-10
3.0306669e-09
-5.7902629e-10
3.0868803e-09
-5.1217532e-10
3.1268916e-09
-4.3709107e-10
3.1522072e-09
-3.5775373e-10
3.1650173e-09
-2.7760439e-10
3.1678811e-09
-1.9942786e-10
3.1634707e-09
-1.2529432e-10
3.1542871e-09
-5.6434275e-11
3.1423771e-09
6.6561615e-12
3.1294068e-09
6.4411543e-11
3.1164724e-09
1.1698117e-10
3.1042517e-09
1.651595e-10
3.0930252e-09
2.0968566e-10
3.0827527e-09
2.5125588e-10
3.0731531e-09
2.9044987e-10
3.0637843e-09
3.2767677e-10
3.0541162e-09
3.6315049e-10
3.0435961e-09
3.9688986e-10
3.0317055e-09
4.2873242e-10
3.0180071e-09
4.5836592e-10
3.002174e-09
4.8538122e-10
2.9839992e-09
5.0933549e-10
2.9633892e-09
5.2981032e-10
2.9403484e-09
5.4645482e-10
2.9149599e-09
5.5901257e-10
2.8873671e-09
5.6733491e-10
2.8577568e-09
5.7138307e-10
2.8263468e-09
5.7122203e-10
2.793376e-09
5.6700959e-10
2.7590982e-09
5.5898322e-10
2.723776e-09
5.4744591e-10
2.6876764e-09
5.3275165e-10
2.6510666e-09
5.15291e-10
2.6142097e-09
4.9547703e-10
2.5773602e-09
4.737322e-10
2.5407601e-09
4.5047629e-10
2.5046349e-09
4.2611581e-10
2.4691901e-09
4.0103503e-10
2.4346086e-09
3.7558894e-10
2.4010484e-09
3.5009803e-10
2.3686417e-09
3.2484495e-10
2.3374943e-09
3.0007296e-10
2.3076865e-09
2.7598582e-10
2.279274e-09
2.5274906e-10
2.2522898e-09
2.3049227e-10
2.2267466e-09
2.0931197e-10
2.202639e-09
1.8927519e-10
2.1799463e-09
1.7042319e-10
2.1586352e-09
1.5277515e-10
2.1386626e-09
1.3633194e-10
2.1199777e-09
1.2107958e-10
2.1025245e-09
1.069923e-10
2.0862438e-09
9.4035449e-11
2.0710747e-09
8.2167814e-11
2.0569561e-09
7.1343617e-11
2.0438279e-09
6.1514152e-11
2.0316317e-09
5.2629019e-11
2.0203113e-09
4.4637006e-11
2.0098135e-09
3.7486752e-11
2.0000875e-09
3.1127133e-11
1.9910859e-09
2.5507465e-11
1.9827636e-09
2.0577617e-11
1.9750786e-09
1.6288009e-11
1.9679909e-09
1.2589587e-11
1.9614631e-09
9.4338238e-12
1.9554596e-09
6.772739e-12
1.9499467e-09
4.5589763e-12
1.9448923e-09
2.7460008e-12
1.940266e-09
1.2883188e-12
1.9360388e-09
1.4176416e-13
1.9321831e-09
-7.3610506e-13
1.928673e-09
-1.3855962e-12
1.9254837e-09
-1.8445519e-12
1.922592e-09
-2.1479246e-12
1.9199762e-09
-2.3274689e-12
1.9176159e-09
-2.4114873e-12
1.9154922e-09
-2.4246691e-12
1.9135872e-09
-2.3880271e-12
1.9118846e-09
-2.3189424e-12
1.9103691e-09
-2.2313045e-12
1.9090263e-09
-2.1357462e-12
1.907843e-09
-2.0399507e-12
1.9068064e-09
-1.949018e-12
1.9059048e-09
-1.8658666e-12
1.9051269e-09
-1.7916487e-12
1.9044619e-09
-1.7261633e-12
1.9038995e-09
-1.6682456e-12
1.9034299e-09
-1.6161218e-12
1.9030436e-09
-1.5677151e-12
1.9027316e-09
-1.5209006e-12
1.9024852e-09
-1.4737028e-12
1.9022964e-09
-1.4244394e-12
1.9021572e-09
-1.3718121e-12
1.9020607e-09
-1.3149507e-12
1.9019999e-09
-1.2534196e-12
1.9019689e-09
-1.187192e-12
1.9019619e-09
-1.1166012e-12
1.901974e-09
-1.0422769e-12
1.9020007e-09
-9.6507382e-13
1.9020382e-09
-8.8599698e-13
1.9020832e-09
-8.0613143e-13
1.9021327e-09
-7.2657788e-13
1.9021846e-09
-6.483973e-13
1.9022368e-09
-5.7256707e-13
1.902288e-09
-4.9994776e-13
1.902337e-09
-4.3126075e-13
1.902383e-09
-3.6707649e-13
1.9024254e-09
-3.0781129e-13
1.9024639e-09
-2.5373134e-13
1.9024984e-09
-2.0496291e-13
1.9025288e-09
-1.6150657e-13
1.9025554e-09
-1.2325402e-13
1.9025782e-09
-9.0006646e-14
1.9025976e-09
-6.1494221e-14
1.9026138e-09
-3.7393012e-14
1.9026272e-09
-1.7342785e-14
1.9026381e-09
-9.6188998e-16
1.9026467e-09
1.2139477e-14
1.9026534e-09
2.2348019e-14
1.9026585e-09
3.0038688e-14
1.9026622e-09
3.5567528e-14
1.9026648e-09
3.926666e-14
1.9026664e-09
4.1440869e-14
1.9026673e-09
4.2365629e-14
1.9026676e-09
4.22864e-14
1.9026674e-09
4.1418907e-14
1.9026669e-09
3.9950182e-14
1.9026661e-09
3.8040223e-14
1.9026651e-09
3.5824014e-14
1.9026641e-09
3.3413738e-14
1.902663e-09
3.0901129e-14
1.9026618e-09
2.8359804e-14
1.9026607e-09
2.5847514e-14
1.9026596e-09
2.3408356e-14
1.9026586e-09
2.1074831e-14
1.9026576e-09
1.8869754e-14
1.9026567e-09
1.6807994e-14
1.9026558e-09
1.4897991e-14
1.902655e-09
1.3143032e-14
1.9026544e-09
1.1542349e-14
1.9026537e-09
1.0092037e-14
1.9026532e-09
8.7858482e-15
1.9026527e-09
7.6159239e-15
1.9026522e-09
6.5734123e-15
1.9026518e-09
5.648964e-15
1.9026515e-09
4.8330892e-15
1.9026512e-09
4.1163665e-15
1.9026509e-09
3.4895571e-15
1.9026507e-09
2.9437078e-15
1.9026505e-09
2.4702785e-15
1.9026503e-09
2.0612907e-15
1.9026502e-09
1.709455e-15
1.90265e-09
1.408199e-15
1.9026499e-09
1.1515779e-15
1.9026498e-09
9.3413659e-16
1.9026498e-09
7.5081086e-16
1.9026497e-09
5.9693807e-16
1.9026497e-09
4.6836158e-16
1.9026496e-09
3.6151324e-16
1.9026496e-09
2.7337652e-16
1.9026495e-09
2.0133918e-16
1.9026495e-09
1.4303685e-16
1.9026495e-09
9.6310568e-17
1.9026495e-09
5.9300852e-17
1.9026495e-09
3.0550201e-17
1.9026495e-09
8.9668507e-18
1.9026494e-09
-6.3634183e-18
1.9026494e-09
-1.6376324e-17
1.9026494e-09
-2.2056317e-17
1.9026494e-09
-2.4266891e-17
1.9026494e-09
-2.358449e-17
1.9026494e-09
-2.0347686e-17
1.9026494e-09
-1.4896073e-17
1.9026494e-09
-7.7442453e-18
1.9026494e-09
5.2934732e-19
1.9026494e-09
9.5792072e-18
1.9026494e-09
1.941814e-17
1.9026494e-09
3.0194829e-17
1.9026494e-09
4.1885435e-17
1.9026494e-09
5.4294688e-17
1.9026494e-09
6.7383221e-17
1.9026494e-09
8.1482704e-17
1.9026494e-09
9.7064748e-17
1.9026494e-09
1.1435527e-16
1.9026494e-09
1.3335036e-16
1.9026494e-09
1.5421644e-16
1.9026494e-09
1.7745775e-16
1.9026494e-09
2.0356609e-16
1.9026494e-09
2.3270484e-16
1.9026494e-09
2.6498231e-16
1.9026494e-09
3.0088801e-16
1.9026494e-09
3.4111632e-16
1.9026493e-09
3.8607318e-16
1.9026493e-09
4.3602677e-16
1.9026493e-09
4.9170175e-16
1.9026493e-09
5.5417001e-16
1.9026493e-09
6.2420908e-16
1.9026493e-09
7.024963e-16
1.9026493e-09
7.9037934e-16
1.9026492e-09
8.8960906e-16
1.9026492e-09
1.0015977e-15
1.9026492e-09
1.1279451e-15
1.9026492e-09
1.2710055e-15
1.9026491e-09
1.4331189e-15
1.9026491e-09
1.6166773e-15
1.9026491e-09
1.8248921e-15
1.9026491e-09
2.0611742e-15
1.902649e-09
2.3294061e-15
1.902649e-09
2.6340451e-15
1.902649e-09
2.9798875e-15
1.902649e-09
3.3727813e-15
1.9026491e-09
3.8195225e-15
1.9026492e-09
4.327041e-15
1.9026493e-09
4.9034837e-15
1.9026495e-09
5.5578517e-15
1.9026497e-09
6.2998065e-15
1.9026502e-09
7.1388481e-15
1.9026508e-09
8.0830155e-15
1.9026516e-09
9.1424272e-15
1.9026528e-09
1.0299699e-14
1.9026545e-09
1.163756e-14
1.2603188e-14
1.6705495e-09
-2.2453807e-11
1.6822185e-09
-6.7386119e-11
1.7017139e-09
-1.1367303e-10
1.7291264e-09
-1.6274086e-10
1.7646659e-09
-2.1573157e-10
1.8087334e-09
-2.734442e-10
1.8619641e-09
-3.362724e-10
1.9252243e-09
-4.0410626e-10
1.9995365e-09
-4.7618808e-10
2.0859131e-09
-5.5095572e-10
2.1849692e-09
-6.2568665e-10
2.2964365e-09
-6.9644468e-10
2.417664e-09
-7.5660275e-10
2.5428385e-09
-7.9793673e-10
2.6641829e-09
-8.140744e-10
2.7740409e-09
-8.0261794e-10
2.8665038e-09
-7.650201e-10
2.9380895e-09
-7.052708e-10
2.987748e-09
-6.2868478e-10
3.0163848e-09
-5.4081214e-10
3.0264672e-09
-4.4717354e-10
3.0215764e-09
-3.5286287e-10
3.0056715e-09
-2.6169951e-10
2.9827293e-09
-1.7648564e-10
2.9564577e-09
-9.9022767e-11
2.9299408e-09
-2.9917328e-11
2.9052796e-09
3.1317316e-11
2.8840797e-09
8.5611522e-11
2.8670123e-09
1.3404858e-10
2.8542933e-09
1.7787847e-10
2.8457015e-09
2.1827742e-10
2.8406927e-09
2.562647e-10
2.8385033e-09
2.9263923e-10
2.8382474e-09
3.279327e-10
2.8389989e-09
3.62399e-10
2.8398587e-09
3.9603004e-10
2.8400177e-09
4.2857339e-10
2.8388102e-09
4.5957346e-10
2.8357423e-09
4.8844908e-10
2.8304928e-09
5.1458505e-10
2.8228923e-09
5.3741082e-10
2.8128941e-09
5.5645296e-10
2.8005431e-09
5.7136363e-10
2.7859468e-09
5.819312e-10
2.7692532e-09
5.8807669e-10
2.7506344e-09
5.8984078e-10
2.7302772e-09
5.8736683e-10
2.7083767e-09
5.8088373e-10
2.6851333e-09
5.706893e-10
2.6607505e-09
5.571345e-10
2.635433e-09
5.4060844e-10
2.6093856e-09
5.2152446e-10
2.5828105e-09
5.0030725e-10
2.5559057e-09
4.7738114e-10
2.5288617e-09
4.5315982e-10
2.5018593e-09
4.2803744e-10
2.4750667e-09
4.0238148e-10
2.4486376e-09
3.7652719e-10
2.4227086e-09
3.5077387e-10
2.3973989e-09
3.2538265e-10
2.3728089e-09
3.005759e-10
2.3490201e-09
2.7653777e-10
2.3260964e-09
2.53416e-10
2.3040842e-09
2.3132425e-10
2.283014e-09
2.1034535e-10
2.2629025e-09
1.9053471e-10
2.2437538e-09
1.7192382e-10
2.2255618e-09
1.5452398e-10
2.2083116e-09
1.3832973e-10
2.1919819e-09
1.2332203e-10
2.1765461e-09
1.0947124e-10
2.1619742e-09
9.6739706e-11
2.148234e-09
8.508386e-11
2.135292e-09
7.4456148e-11
2.1231145e-09
6.4806451e-11
2.1116684e-09
5.6083179e-11
2.100921e-09
4.8234133e-11
2.0908411e-09
4.1207069e-11
2.0813985e-09
3.4950033e-11
2.0725645e-09
2.9411601e-11
2.0643115e-09
2.4540965e-11
2.0566132e-09
2.0287954e-11
2.0494439e-09
1.6603071e-11
2.0427791e-09
1.3437524e-11
2.0365948e-09
1.0743291e-11
2.0308676e-09
8.4732713e-12
2.0255744e-09
6.5814869e-12
2.0206928e-09
5.0233438e-12
2.0162007e-09
3.7559713e-12
2.0120766e-09
2.7385848e-12
2.0082992e-09
1.9328435e-12
2.004848e-09
1.3032236e-12
2.0017032e-09
8.1733651e-13
1.9988455e-09
4.4618536e-13
1.9962565e-09
1.6433783e-13
1.9939185e-09
-4.9983302e-14
1.9918145e-09
-2.1494437e-13
1.9899284e-09
-3.4520461e-13
1.9882448e-09
-4.5214201e-13
1.986749e-09
-5.4414722e-13
1.9854269e-09
-6.2698123e-13
1.9842653e-09
-7.0417444e-13
1.983251e-09
-7.7744544e-13
1.982372e-09
-8.4711972e-13
1.9816163e-09
-9.1252561e-13
1.9809725e-09
-9.7237015e-13
1.9804299e-09
-1.0250466e-12
1.9799779e-09
-1.0689053e-12
1.9796066e-09
-1.1024606e-12
1.9793067e-09
-1.1245414e-12
1.9790693e-09
-1.1343858e-12
1.978886e-09
-1.1316867e-12
1.9787492e-09
-1.1165965e-12
1.9786517e-09
-1.0896969e-12
1.9785871e-09
-1.0519434e-12
1.9785494e-09
-1.0045947e-12
1.9785334e-09
-9.4913129e-13
1.9785346e-09
-8.8717296e-13
1.9785489e-09
-8.2039918e-13
1.9785728e-09
-7.504772e-13
1.9786034e-09
-6.7899991e-13
1.9786383e-09
-6.0743665e-13
1.9786754e-09
-5.3709619e-13
1.9787132e-09
-4.6910196e-13
1.9787505e-09
-4.0437942e-13
1.9787864e-09
-3.4365329e-13
1.9788201e-09
-2.8745305e-13
1.9788513e-09
-2.3612569e-13
1.9788796e-09
-1.8985302e-13
1.978905e-09
-1.486722e-13
1.9789275e-09
-1.1249824e-13
1.9789472e-09
-8.1146708e-14
1.9789641e-09
-5.4355877e-14
1.9789786e-09
-3.1807515e-14
1.9789908e-09
-1.3145663e-14
1.9790009e-09
2.0071051e-15
1.9790092e-09
1.4035313e-14
1.979016e-09
2.3319342e-14
1.9790213e-09
3.0226347e-14
1.9790255e-09
3.5103304e-14
1.9790286e-09
3.8272171e-14
1.979031e-09
4.0026751e-14
1.9790326e-09
4.0631093e-14
1.9790337e-09
4.0319106e-14
1.9790344e-09
3.9295119e-14
1.9790347e-09
3.7735217e-14
1.9790347e-09
3.5789071e-14
1.9790345e-09
3.3582051e-14
1.9790342e-09
3.1217569e-14
1.9790338e-09
2.8779447e-14
1.9790333e-09
2.6334252e-14
1.9790328e-09
2.393361e-14
1.9790323e-09
2.1616384e-14
1.9790317e-09
1.9410695e-14
1.9790312e-09
1.7335787e-14
1.9790307e-09
1.540366e-14
1.9790302e-09
1.3620462e-14
1.9790298e-09
1.1987695e-14
1.9790294e-09
1.0503236e-14
1.979029e-09
9.1622214e-15
1.9790286e-09
7.9578424e-15
1.9790283e-09
6.882017e-15
1.979028e-09
5.925925e-15
1.9790278e-09
5.0804022e-15
1.9790276e-09
4.3361922e-15
1.9790274e-09
3.6841067e-15
1.9790272e-09
3.115175e-15
1.9790271e-09
2.6208037e-15
1.9790269e-09
2.1929408e-15
1.9790268e-09
1.8241997e-15
1.9790267e-09
1.5078791e-15
1.9790266e-09
1.2378746e-15
1.9790266e-09
1.0085581e-15
1.9790265e-09
8.1470905e-16
1.9790264e-09
6.5154755e-16
1.9790264e-09
5.1483551e-16
1.9790264e-09
4.009321e-16
1.9790263e-09
3.0672603e-16
1.9790263e-09
2.2948133e-16
1.9790263e-09
1.6670543e-16
1.9790262e-09
1.1614069e-16
1.9790262e-09
7.5869397e-17
1.9790262e-09
4.4389656e-17
1.9790262e-09
2.0537169e-17
1.9790262e-09
3.2843314e-18
1.9790262e-09
-8.4206833e-18
1.9790262e-09
-1.5622837e-17
1.9790262e-09
-1.9171485e-17
1.9790262e-09
-1.9603108e-17
1.9790262e-09
-1.7263488e-17
1.9790262e-09
-1.2562554e-17
1.9790262e-09
-6.0819567e-18
1.9790262e-09
1.6110771e-18
1.9790262e-09
1.0246813e-17
1.9790262e-09
1.9876015e-17
1.9790262e-09
3.0576197e-17
1.9790262e-09
4.2206106e-17
1.9790262e-09
5.453975e-17
1.9790262e-09
6.7620004e-17
1.9790262e-09
8.1840346e-17
1.9790262e-09
9.7596193e-17
1.9790262e-09
1.1497905e-16
1.9790262e-09
1.3397383e-16
1.9790262e-09
1.5486823e-16
1.9790262e-09
1.7822107e-16
1.9790262e-09
2.0441259e-16
1.9790262e-09
2.335137e-16
1.9790262e-09
2.657389e-16
1.9790262e-09
3.017225e-16
1.9790262e-09
3.4208469e-16
1.9790262e-09
3.8706608e-16
1.9790262e-09
4.3700083e-16
1.9790262e-09
4.9279434e-16
1.9790261e-09
5.5542623e-16
1.9790261e-09
6.2543948e-16
1.9790261e-09
7.0356898e-16
1.9790261e-09
7.913136e-16
1.9790261e-09
8.9020462e-16
1.9790261e-09
1.0013487e-15
1.9790261e-09
1.1263724e-15
1.9790262e-09
1.2675927e-15
1.9790262e-09
1.4269085e-15
1.9790262e-09
1.6063574e-15
1.9790262e-09
1.8090545e-15
1.9790262e-09
2.0377601e-15
1.9790262e-09
2.2953926e-15
1.9790263e-09
2.5859437e-15
1.9790264e-09
2.9125698e-15
1.9790264e-09
3.2798414e-15
1.9790266e-09
3.6921639e-15
1.9790268e-09
4.1536938e-15
1.979027e-09
4.6686444e-15
1.9790273e-09
5.2411431e-15
1.9790277e-09
5.8741513e-15
1.9790283e-09
6.5681583e-15
1.9790291e-09
7.3203512e-15
1.9790301e-09
8.1234549e-15
1.9790314e-09
8.952543e-15
1.9790333e-09
9.8108291e-15
1.0471044e-14
1.6699533e-09
-2.5740428e-11
1.6797865e-09
-7.7219381e-11
1.6962814e-09
-1.3016788e-10
1.7197336e-09
-1.8619308e-10
1.7506624e-09
-2.4666037e-10
1.7898709e-09
-3.1265274e-10
1.8384942e-09
-3.8489565e-10
1.8980068e-09
-4.6361888e-10
1.9701468e-09
-5.4832805e-10
2.0566986e-09
-6.3750749e-10
2.1588688e-09
-7.2785687e-10
2.2763922e-09
-8.1396813e-10
2.4042213e-09
-8.8443186e-10
2.5318013e-09
-9.2551667e-10
2.646684e-09
-9.2895716e-10
2.7387115e-09
-8.9464545e-10
2.802148e-09
-8.2845656e-10
2.8356339e-09
-7.3875667e-10
2.8413106e-09
-6.3436148e-10
2.8235599e-09
-5.2306145e-10
2.7882405e-09
-4.1185418e-10
2.7418281e-09
-3.0645045e-10
2.6902093e-09
-2.1008076e-10
2.6386023e-09
-1.2487863e-10
2.5912167e-09
-5.1637132e-11
2.5509299e-09
1.0369433e-11
2.519146e-09
6.3101253e-11
2.496373e-09
1.0838452e-10
2.4823757e-09
1.480459e-10
2.4764628e-09
1.8379132e-10
2.4776253e-09
2.1711498e-10
2.484643e-09
2.4924692e-10
2.4961749e-09
2.8110738e-10
2.5108492e-09
3.132584e-10
2.5273338e-09
3.4591437e-10
2.544386e-09
3.7897791e-10
2.560917e-09
4.1204238e-10
2.576056e-09
4.4443442e-10
2.5891787e-09
4.7532642e-10
2.5998948e-09
5.0386888e-10
2.6080098e-09
5.2929588e-10
2.6134769e-09
5.5098583e-10
2.6163522e-09
5.6848832e-10
2.616754e-09
5.8152936e-10
2.6148325e-09
5.8999819e-10
2.6107505e-09
5.939228e-10
2.6046734e-09
5.934439e-10
2.5967649e-09
5.8879225e-10
2.5871854e-09
5.8026885e-10
2.5760924e-09
5.6822744e-10
2.5636421e-09
5.5305876e-10
2.5499899e-09
5.3517671e-10
2.5352911e-09
5.1500598e-10
2.5197012e-09
4.929711e-10
2.5033743e-09
4.6948674e-10
2.4864622e-09
4.4494947e-10
2.4691128e-09
4.1973094e-10
2.4514674e-09
3.9417255e-10
2.4336596e-09
3.6858166e-10
2.4158131e-09
3.4322921e-10
2.3980402e-09
3.1834872e-10
2.3804415e-09
2.9413652e-10
2.3631044e-09
2.7075305e-10
2.3461039e-09
2.4832478e-10
2.3295022e-09
2.2694704e-10
2.3133498e-09
2.0668714e-10
2.297686e-09
1.8758756e-10
2.2825405e-09
1.6966951e-10
2.267934e-09
1.5293623e-10
2.2538799e-09
1.3737615e-10
2.2403853e-09
1.2296585e-10
2.2274523e-09
1.0967272e-10
2.2150789e-09
9.7457183e-11
2.2032604e-09
8.6274694e-11
2.1919895e-09
7.6077356e-11
2.1812575e-09
6.6815135e-11
2.1710548e-09
5.8436885e-11
2.1613708e-09
5.0891051e-11
2.1521947e-09
4.4126127e-11
2.1435153e-09
3.8091003e-11
2.1353211e-09
3.2735146e-11
2.1276004e-09
2.8008673e-11
2.120341e-09
2.3862438e-11
2.1135305e-09
2.0248074e-11
2.1071557e-09
1.711806e-11
2.1012031e-09
1.4425857e-11
2.0956585e-09
1.2126082e-11
2.0905071e-09
1.0174738e-11
2.0857336e-09
8.5295123e-12
2.0813221e-09
7.1501076e-12
2.0772563e-09
5.9985793e-12
2.0735199e-09
5.0396825e-12
2.070096e-09
4.2411819e-12
2.0669681e-09
3.574104e-12
2.0641195e-09
3.0129209e-12
2.0615339e-09
2.5356435e-12
2.0591951e-09
2.12381e-12
2.0570876e-09
1.7623879e-12
2.0551958e-09
1.4395751e-12
2.0535052e-09
1.1465216e-12
2.0520012e-09
8.7698827e-13
2.0506701e-09
6.269586e-13
2.0494984e-09
3.9422607e-13
2.0484733e-09
1.7797458e-13
2.0475824e-09
-2.1594026e-14
2.0468137e-09
-2.0368741e-13
2.0461558e-09
-3.6718407e-13
2.0455979e-09
-5.1093804e-13
2.0451294e-09
-6.3398256e-13
2.0447405e-09
-7.3568536e-13
2.044422e-09
-8.1584486e-13
2.044165e-09
-8.7473622e-13
2.0439615e-09
-9.1311356e-13
2.043804e-09
-9.3217617e-13
2.0436856e-09
-9.3350753e-13
2.0436e-09
-9.1899737e-13
2.0435416e-09
-8.9075357e-13
2.0435055e-09
-8.5101104e-13
2.0434871e-09
-8.0204516e-13
2.0434827e-09
-7.4609263e-13
2.043489e-09
-6.8528339e-13
2.0435031e-09
-6.2158639e-13
2.0435228e-09
-5.5676902e-13
2.0435461e-09
-4.9236985e-13
2.0435714e-09
-4.2968502e-13
2.0435975e-09
-3.6976548e-13
2.0436235e-09
-3.1342367e-13
2.0436486e-09
-2.6124824e-13
2.0436724e-09
-2.1362409e-13
2.0436945e-09
-1.7075605e-13
2.0437147e-09
-1.3269491e-13
2.0437329e-09
-9.9363751e-14
2.0437491e-09
-7.0583768e-14
2.0437634e-09
-4.6098618e-14
2.0437758e-09
-2.5596549e-14
2.0437866e-09
-8.7299967e-15
2.0437957e-09
4.8679425e-15
2.0438035e-09
1.5568765e-14
2.04381e-09
2.3738032e-14
2.0438154e-09
2.9726386e-14
2.0438198e-09
3.3863168e-14
2.0438233e-09
3.6452051e-14
2.0438262e-09
3.7768441e-14
2.0438285e-09
3.8058319e-14
2.0438302e-09
3.7538206e-14
2.0438316e-09
3.639607e-14
2.0438326e-09
3.4792845e-14
2.0438333e-09
3.2864351e-14
2.0438338e-09
3.0723526e-14
2.0438341e-09
2.8462742e-14
2.0438343e-09
2.6156153e-14
2.0438343e-09
2.3862028e-14
2.0438343e-09
2.1624995e-14
2.0438343e-09
1.9478117e-14
2.0438342e-09
1.7444839e-14
2.043834e-09
1.5540691e-14
2.0438339e-09
1.377476e-14
2.0438337e-09
1.2150984e-14
2.0438335e-09
1.0669242e-14
2.0438334e-09
9.3263083e-15
2.0438332e-09
8.1166982e-15
2.0438331e-09
7.0333848e-15
2.0438329e-09
6.0683632e-15
2.0438328e-09
5.2130804e-15
2.0438327e-09
4.458725e-15
2.0438325e-09
3.7964312e-15
2.0438324e-09
3.2174678e-15
2.0438324e-09
2.7134258e-15
2.0438323e-09
2.2763921e-15
2.0438322e-09
1.8990708e-15
2.0438321e-09
1.574797e-15
2.0438321e-09
1.297454e-15
2.043832e-09
1.0613765e-15
2.043832e-09
8.613132e-16
2.0438319e-09
6.9247893e-16
2.0438319e-09
5.5064939e-16
2.0438319e-09
4.3218905e-16
2.0438318e-09
3.3395811e-16
2.0438318e-09
2.5315914e-16
2.0438318e-09
1.8723342e-16
2.0438318e-09
1.3388301e-16
2.0438318e-09
9.1178768e-17
2.0438317e-09
5.760537e-17
2.0438317e-09
3.1946937e-17
2.0438317e-09
1.3086135e-17
2.0438317e-09
-1.1015929e-19
2.0438317e-09
-8.7078019e-18
2.0438317e-09
-1.351594e-17
2.0438317e-09
-1.5030544e-17
2.0438317e-09
-1.3619244e-17
2.0438317e-09
-9.7664566e-18
2.0438317e-09
-4.1005694e-18
2.0438317e-09
2.8507746e-18
2.0438317e-09
1.0898852e-17
2.0438317e-09
2.0108153e-17
2.0438317e-09
3.0464919e-17
2.0438317e-09
4.1729707e-17
2.0438317e-09
5.3689596e-17
2.0438317e-09
6.6482095e-17
2.0438317e-09
8.0520912e-17
2.0438317e-09
9.6083085e-17
2.0438317e-09
1.1314441e-16
2.0438317e-09
1.3173092e-16
2.0438317e-09
1.5224875e-16
2.0438317e-09
1.7524051e-16
2.0438317e-09
2.0093725e-16
2.0438317e-09
2.2937252e-16
2.0438317e-09
2.6091173e-16
2.0438317e-09
2.9625911e-16
2.0438317e-09
3.3586682e-16
2.0438317e-09
3.7985793e-16
2.0438317e-09
4.2872145e-16
2.0438317e-09
4.8346196e-16
2.0438318e-09
5.4483574e-16
2.0438318e-09
6.1323396e-16
2.0438318e-09
6.8956111e-16
2.0438318e-09
7.752923e-16
2.0438318e-09
8.7159077e-16
2.0438318e-09
9.7945463e-16
2.0438319e-09
1.1005369e-15
2.0438319e-09
1.2368089e-15
2.0438319e-09
1.3899042e-15
2.043832e-09
1.5616304e-15
2.043832e-09
1.7544679e-15
2.0438321e-09
1.9707968e-15
2.0438322e-09
2.2128146e-15
2.0438323e-09
2.4833647e-15
2.0438324e-09
2.7845895e-15
2.0438326e-09
3.1194423e-15
2.0438328e-09
3.490082e-15
2.043833e-09
3.8981769e-15
2.0438334e-09
4.3445833e-15
2.0438338e-09
4.8288824e-15
2.0438343e-09
5.3484101e-15
2.043835e-09
5.8963319e-15
2.0438358e-09
6.4617918e-15
2.0438369e-09
7.0231611e-15
2.0438383e-09
7.5568861e-15
2.0438401e-09
7.9912309e-15
8.3596328e-15
1.6692689e-09
-2.8342668e-11
1.6770093e-09
-8.4959775e-11
1.6900484e-09
-1.4320692e-10
1.7088259e-09
-2.0497058e-10
1.7340992e-09
-2.7193373e-10
1.7670163e-09
-3.4556988e-10
1.8091938e-09
-4.2707309e-10
1.8627647e-09
-5.1718982e-10
1.9303245e-09
-6.1588781e-10
2.0146343e-09
-7.2181731e-10
2.11757e-09
-8.3079255e-10
2.2383611e-09
-9.3475923e-10
2.3666843e-09
-1.0127551e-09
2.4837281e-09
-1.0425604e-09
2.5711936e-09
-1.0164227e-09
2.6181768e-09
-9.4162863e-10
2.6226542e-09
-8.3293397e-10
2.5890815e-09
-7.0518399e-10
2.5256222e-09
-5.7090219e-10
2.4420619e-09
-4.3950113e-10
2.3489641e-09
-3.1875636e-10
2.2559845e-09
-2.1347094e-10
2.1701413e-09
-1.2423756e-10
2.0969623e-09
-5.1699585e-11
2.0392753e-09
6.0498335e-12
1.9981004e-09
5.1544394e-11
1.972358e-09
8.884365e-11
1.9607002e-09
1.2004234e-10
1.9614411e-09
1.47305e-10
1.9727888e-09
1.7244354e-10
1.9929415e-09
1.9696227e-10
2.0200972e-09
2.2209128e-10
2.0524677e-09
2.487369e-10
2.0883371e-09
2.7738896e-10
2.1260936e-09
3.0815788e-10
2.1642387e-09
3.408328e-10
2.2014616e-09
3.7481945e-10
2.2367326e-09
4.0916347e-10
2.2693436e-09
4.4271538e-10
2.2988886e-09
4.7432394e-10
2.3252046e-09
5.0297988e-10
2.348305e-09
5.2788538e-10
2.3683162e-09
5.484771e-10
2.3854209e-09
5.6442472e-10
2.3998171e-09
5.7560198e-10
2.4116966e-09
5.8204326e-10
2.421236e-09
5.8390449e-10
2.4285944e-09
5.8143383e-10
2.433915e-09
5.7494833e-10
2.4373282e-09
5.6481423e-10
2.4389564e-09
5.5143056e-10
2.4389176e-09
5.3521546e-10
2.437329e-09
5.1659464e-10
2.4343087e-09
4.959914e-10
2.4299774e-09
4.7381802e-10
2.4244584e-09
4.5046847e-10
2.4178769e-09
4.2631242e-10
2.4103589e-09
4.0169052e-10
2.4020297e-09
3.7691095e-10
2.3930116e-09
3.5224723e-10
2.3834232e-09
3.2793719e-10
2.3733767e-09
3.0418297e-10
2.3629776e-09
2.8115215e-10
2.3523231e-09
2.5897927e-10
2.3415018e-09
2.3776836e-10
2.3305932e-09
2.175957e-10
2.3196681e-09
1.9851269e-10
2.3087884e-09
1.8054923e-10
2.2980079e-09
1.6371676e-10
2.2873728e-09
1.4801124e-10
2.2769225e-09
1.3341611e-10
2.2666904e-09
1.1990483e-10
2.2567045e-09
1.0744311e-10
2.2469882e-09
9.5990979e-11
2.2375611e-09
8.550444e-11
2.2284395e-09
7.593676e-11
2.2196368e-09
6.7239602e-11
2.211164e-09
5.9363821e-11
2.2030301e-09
5.2260016e-11
2.1952421e-09
4.587897e-11
2.1878054e-09
4.0171902e-11
2.1807235e-09
3.5090606e-11
2.1739983e-09
3.0587576e-11
2.1676303e-09
2.6616083e-11
2.1616181e-09
2.3130241e-11
2.1559588e-09
2.0085146e-11
2.1506479e-09
1.7437027e-11
2.1456792e-09
1.5143451e-11
2.1410451e-09
1.3163594e-11
2.1367367e-09
1.1458535e-11
2.1327437e-09
9.9915672e-12
2.1290548e-09
8.7285211e-12
2.125658e-09
7.6380594e-12
2.1225402e-09
6.6919185e-12
2.119688e-09
5.8650947e-12
2.1170877e-09
5.1359442e-12
2.1147253e-09
4.4861875e-12
2.1125869e-09
3.9008282e-12
2.1106585e-09
3.3679776e-12
2.1089264e-09
2.8785964e-12
2.1073772e-09
2.4261756e-12
2.1059978e-09
2.0063676e-12
2.1047754e-09
1.6165879e-12
2.1036978e-09
1.2556136e-12
2.102753e-09
9.2319542e-13
2.1019296e-09
6.1968302e-13
2.1012167e-09
3.4571735e-13
2.1006038e-09
1.0195484e-13
2.100081e-09
-1.1114193e-13
2.0996388e-09
-2.9346318e-13
2.0992683e-09
-4.4534293e-13
2.0989611e-09
-5.6760714e-13
2.0987096e-09
-6.6157292e-13
2.0985064e-09
-7.2901165e-13
2.098345e-09
-7.7208404e-13
2.0982193e-09
-7.9325697e-13
2.0981237e-09
-7.952099e-13
2.0980535e-09
-7.8073796e-13
2.0980041e-09
-7.5265949e-13
2.0979717e-09
-7.1373157e-13
2.097953e-09
-6.6657703e-13
2.097945e-09
-6.1362621e-13
2.0979453e-09
-5.5707323e-13
2.0979518e-09
-4.9884665e-13
2.0979627e-09
-4.4059461e-13
2.0979766e-09
-3.8368195e-13
2.0979924e-09
-3.2919747e-13
2.0980091e-09
-2.7797004e-13
2.0980261e-09
-2.3059062e-13
2.0980428e-09
-1.8743837e-13
2.0980588e-09
-1.4870938e-13
2.0980739e-09
-1.1444601e-13
2.0980879e-09
-8.4565601e-14
2.0981007e-09
-5.8887856e-14
2.0981122e-09
-3.7159787e-14
2.0981226e-09
-1.907797e-14
2.0981317e-09
-4.3078133e-15
2.0981398e-09
7.5005467e-15
2.0981469e-09
1.669809e-14
2.098153e-09
2.3627637e-14
2.0981582e-09
2.8615385e-14
2.0981627e-09
3.1965455e-14
2.0981665e-09
3.3956291e-14
2.0981697e-09
3.4838679e-14
2.0981724e-09
3.4835068e-14
2.0981747e-09
3.4139969e-14
2.0981765e-09
3.292109e-14
2.0981781e-09
3.1320974e-14
2.0981794e-09
2.945903e-14
2.0981804e-09
2.7433726e-14
2.0981812e-09
2.5324851e-14
2.0981819e-09
2.3195813e-14
2.0981824e-09
2.1095866e-14
2.0981828e-09
1.9062193e-14
2.0981832e-09
1.7121865e-14
2.0981834e-09
1.5293582e-14
2.0981836e-09
1.3589178e-14
2.0981837e-09
1.2014958e-14
2.0981838e-09
1.0572838e-14
2.0981839e-09
9.2613316e-15
2.0981839e-09
8.0764369e-15
2.0981839e-09
7.0123702e-15
2.0981839e-09
6.0621566e-15
2.0981839e-09
5.2180842e-15
2.0981839e-09
4.472026e-15
2.0981839e-09
3.8156794e-15
2.0981839e-09
3.240786e-15
2.0981839e-09
2.7393407e-15
2.0981838e-09
2.3037704e-15
2.0981838e-09
1.9270508e-15
2.0981838e-09
1.6027169e-15
2.0981838e-09
1.3247913e-15
2.0981837e-09
1.0877129e-15
2.0981837e-09
8.8633046e-16
2.0981837e-09
7.1596967e-16
2.0981837e-09
5.7251783e-16
2.0981836e-09
4.5242556e-16
2.0981836e-09
3.5259503e-16
2.0981836e-09
2.7023438e-16
2.0981836e-09
2.0278443e-16
2.0981836e-09
1.4796681e-16
2.0981836e-09
1.0388812e-16
2.0981835e-09
6.9052627e-17
2.0981835e-09
4.221951e-17
2.0981835e-09
2.2213875e-17
2.0981835e-09
7.8630011e-18
2.0981835e-09
-1.8794574e-18
2.0981835e-09
-7.761313e-18
2.0981835e-09
-1.0241909e-17
2.0981835e-09
-9.72255e-18
2.0981835e-09
-6.7566387e-18
2.0981835e-09
-1.9909468e-18
2.0981835e-09
4.113253e-18
2.0981835e-09
1.1444969e-17
2.0981835e-09
2.0055047e-17
2.0981835e-09
2.9827883e-17
2.0981835e-09
4.0456949e-17
2.0981835e-09
5.1782881e-17
2.0981835e-09
6.4033131e-17
2.0981835e-09
7.7593593e-17
2.0981835e-09
9.2599139e-17
2.0981835e-09
1.0894969e-16
2.0981835e-09
1.2675721e-16
2.0981835e-09
1.4651719e-16
2.0981835e-09
1.6868399e-16
2.0981835e-09
1.9333429e-16
2.0981835e-09
2.2053178e-16
2.0981836e-09
2.5079849e-16
2.0981836e-09
2.8480733e-16
2.0981836e-09
3.2279681e-16
2.0981836e-09
3.6486946e-16
2.0981836e-09
4.117129e-16
2.0981836e-09
4.6429665e-16
2.0981836e-09
5.2307941e-16
2.0981837e-09
5.8843069e-16
2.0981837e-09
6.6145794e-16
2.0981837e-09
7.4341336e-16
2.0981838e-09
8.3505617e-16
2.0981838e-09
9.374875e-16
2.0981839e-09
1.0523235e-15
2.0981839e-09
1.1809173e-15
2.098184e-09
1.3247972e-15
2.0981841e-09
1.4857445e-15
2.0981841e-09
1.66531e-15
2.0981843e-09
1.8653793e-15
2.0981844e-09
2.0878272e-15
2.0981845e-09
2.3340311e-15
2.0981847e-09
2.6056343e-15
2.0981849e-09
2.9036936e-15
2.0981852e-09
3.2287873e-15
2.0981855e-09
3.5801993e-15
2.0981859e-09
3.9560928e-15
2.0981864e-09
4.3523904e-15
2.098187e-09
4.7621522e-15
2.0981877e-09
5.1731254e-15
2.0981886e-09
5.5691923e-15
2.0981897e-09
5.9181416e-15
2.098191e-09
6.2031289e-15
2.0981927e-09
6.2918038e-15
6.4071414e-15
1.6684407e-09
-3.0116746e-11
1.6736656e-09
-9.018461e-11
1.6825198e-09
-1.5206112e-10
1.6955233e-09
-2.1797414e-10
1.7135868e-09
-2.8999718e-10
1.7381157e-09
-3.7009881e-10
1.7711454e-09
-4.6010281e-10
1.8154672e-09
-5.6151159e-10
1.8746373e-09
-6.7505789e-10
1.9525562e-09
-7.9973624e-10
2.051646e-09
-9.2988233e-10
2.1691286e-09
-1.0522418e-09
2.2837079e-09
-1.1273344e-09
2.3642214e-09
-1.1230739e-09
2.3880529e-09
-1.0402542e-09
2.348966e-09
-9.025417e-10
2.2548196e-09
-7.3878757e-10
2.1211914e-09
-5.7155581e-10
1.9656303e-09
-4.1534105e-10
1.804601e-09
-2.7847187e-10
1.6542018e-09
-1.6835717e-10
1.525215e-09
-8.448407e-11
1.4245471e-09
-2.3569659e-11
1.3544665e-09
1.8380979e-11
1.3115421e-09
4.8974243e-11
1.2912407e-09
7.1845731e-11
1.290196e-09
8.9888421e-11
1.3049649e-09
1.052734e-10
1.3326498e-09
1.196201e-10
1.3708923e-09
1.3420104e-10
1.417695e-09
1.5015963e-10
1.4711985e-09
1.6858769e-10
1.5295811e-09
1.9035434e-10
1.5911029e-09
2.1586712e-10
1.6540979e-09
2.4516288e-10
1.7169205e-09
2.7801025e-10
1.7780588e-09
3.1368117e-10
1.8363045e-09
3.5091777e-10
1.8908411e-09
3.8817875e-10
1.9412449e-09
4.2392015e-10
1.9874163e-09
4.5680847e-10
2.0294875e-09
4.8581418e-10
2.0677274e-09
5.1023725e-10
2.1024513e-09
5.2970083e-10
2.1339613e-09
5.4409197e-10
2.1625213e-09
5.5348322e-10
2.1883521e-09
5.5807372e-10
2.2116333e-09
5.5815265e-10
2.2325093e-09
5.5407224e-10
2.2510978e-09
5.4622573e-10
2.2674979e-09
5.3503046e-10
2.2817983e-09
5.2091514e-10
2.2940832e-09
5.0430966e-10
2.304438e-09
4.8563661e-10
2.3129518e-09
4.6530422e-10
2.3197198e-09
4.4370053e-10
2.3248436e-09
4.211886e-10
2.3284313e-09
3.9810283e-10
2.3305961e-09
3.7474618e-10
2.3314548e-09
3.5138853e-10
2.3311261e-09
3.2826585e-10
2.3297288e-09
3.0558031e-10
2.3273796e-09
2.8350129e-10
2.3241922e-09
2.6216671e-10
2.3202752e-09
2.4168532e-10
2.3157318e-09
2.2213916e-10
2.3106583e-09
2.0358613e-10
2.3051445e-09
1.8606304e-10
2.2992728e-09
1.6958848e-10
2.2931185e-09
1.5416551e-10
2.2867502e-09
1.3978445e-10
2.2802297e-09
1.2642534e-10
2.2736128e-09
1.1406002e-10
2.2669496e-09
1.0265419e-10
2.260285e-09
9.2169055e-11
2.2536591e-09
8.2562579e-11
2.247108e-09
7.3790709e-11
2.2406637e-09
6.5808193e-11
2.2343545e-09
5.8569197e-11
2.2282056e-09
5.2027805e-11
2.2222392e-09
4.6138334e-11
2.2164743e-09
4.085552e-11
2.2109272e-09
3.6134691e-11
2.2056114e-09
3.1931864e-11
2.2005378e-09
2.8203837e-11
2.1957146e-09
2.490832e-11
2.1911476e-09
2.2004085e-11
2.1868399e-09
1.9451147e-11
2.1827925e-09
1.721101e-11
2.1790041e-09
1.5246935e-11
2.1754714e-09
1.3524218e-11
2.1721894e-09
1.2010494e-11
2.1691515e-09
1.0676006e-11
2.1663496e-09
9.4938356e-12
2.1637746e-09
8.4400841e-12
2.1614166e-09
7.4939773e-12
2.1592649e-09
6.637879e-12
2.1573085e-09
5.8572287e-12
2.1555361e-09
5.1403866e-12
2.1539362e-09
4.4784004e-12
2.1524977e-09
3.8647124e-12
2.1512093e-09
3.2948157e-12
2.15006e-09
2.7658789e-12
2.1490392e-09
2.2763659e-12
2.1481368e-09
1.8256614e-12
2.1473427e-09
1.4137193e-12
2.1466477e-09
1.0407557e-12
2.1460426e-09
7.069861e-13
2.1455191e-09
4.1241822e-13
2.1450689e-09
1.5670161e-13
2.1446845e-09
-6.0965943e-14
2.1443588e-09
-2.4188205e-13
2.1440851e-09
-3.8783774e-13
2.1438572e-09
-5.0107835e-13
2.1436693e-09
-5.8423685e-13
2.1435163e-09
-6.4024774e-13
2.1433933e-09
-6.7225054e-13
2.1432961e-09
-6.8348983e-13
2.1432206e-09
-6.7721942e-13
2.1431635e-09
-6.5661467e-13
2.1431217e-09
-6.2469655e-13
2.1430923e-09
-5.8427077e-13
2.1430731e-09
-5.3788189e-13
2.143062e-09
-4.8778237e-13
2.1430574e-09
-4.3591675e-13
2.1430576e-09
-3.8391824e-13
2.1430615e-09
-3.3311617e-13
2.1430681e-09
-2.8455277e-13
2.1430765e-09
-2.3900621e-13
2.1430861e-09
-1.9701815e-13
2.1430963e-09
-1.5892421e-13
2.1431068e-09
-1.2488514e-13
2.1431171e-09
-9.491763e-14
2.1431271e-09
-6.8923637e-14
2.1431367e-09
-4.6717423e-14
2.1431457e-09
-2.8049727e-14
2.143154e-09
-1.2628938e-14
2.1431616e-09
-1.3877815e-16
2.1431686e-09
9.7465744e-15
2.1431749e-09
1.735079e-14
2.1431805e-09
2.2986603e-14
2.1431855e-09
2.6948933e-14
2.1431899e-09
2.9510442e-14
2.1431939e-09
3.0918793e-14
2.1431973e-09
3.1395338e-14
2.1432003e-09
3.1134983e-14
2.1432029e-09
3.0306903e-14
2.1432052e-09
2.9055843e-14
2.1432071e-09
2.7503884e-14
2.1432088e-09
2.5752433e-14
2.1432103e-09
2.3884337e-14
2.1432115e-09
2.1966066e-14
2.1432125e-09
2.004986e-14
2.1432134e-09
1.8175752e-14
2.1432142e-09
1.637349e-14
2.1432148e-09
1.4664247e-14
2.1432153e-09
1.3062131e-14
2.1432158e-09
1.157551e-14
2.1432161e-09
1.0208165e-14
2.1432164e-09
8.9602935e-15
2.1432167e-09
7.8293897e-15
2.1432169e-09
6.8109939e-15
2.1432171e-09
5.8992862e-15
2.1432172e-09
5.087555e-15
2.1432173e-09
4.36854e-15
2.1432174e-09
3.7346955e-15
2.1432174e-09
3.1784327e-15
2.1432175e-09
2.6923399e-15
2.1432175e-09
2.2693627e-15
2.1432175e-09
1.9029141e-15
2.1432176e-09
1.586884e-15
2.1432176e-09
1.3155807e-15
2.1432176e-09
1.0836868e-15
2.1432176e-09
8.8628007e-16
2.1432176e-09
7.1891124e-16
2.1432176e-09
5.7767564e-16
2.1432175e-09
4.5919091e-16
2.1432175e-09
3.6047321e-16
2.1432175e-09
2.7880512e-16
2.1432175e-09
2.1169351e-16
2.1432175e-09
1.5693932e-16
2.1432175e-09
1.1273232e-16
2.1432175e-09
7.7631809e-17
2.1432175e-09
5.0404048e-17
2.1432175e-09
2.9854572e-17
2.1432175e-09
1.4814896e-17
2.1432175e-09
4.2948453e-18
2.1432175e-09
-2.3772665e-18
2.1432175e-09
-5.6299068e-18
2.1432175e-09
-5.9032466e-18
2.1432175e-09
-3.8033746e-18
2.1432174e-09
3.7901961e-20
2.1432174e-09
5.2466576e-18
2.1432174e-09
1.1777371e-17
2.1432174e-09
1.9641247e-17
2.1432174e-09
2.8623853e-17
2.1432175e-09
3.8392248e-17
2.1432175e-09
4.8871651e-17
2.1432175e-09
6.0356505e-17
2.1432175e-09
7.3156051e-17
2.1432175e-09
8.7260622e-17
2.1432175e-09
1.0254845e-16
2.1432175e-09
1.192466e-16
2.1432175e-09
1.3788912e-16
2.1432175e-09
1.5878341e-16
2.1432175e-09
1.8188133e-16
2.1432175e-09
2.0733922e-16
2.1432175e-09
2.3579513e-16
2.1432176e-09
2.6778685e-16
2.1432176e-09
3.033558e-16
2.1432176e-09
3.4269476e-16
2.1432176e-09
3.8666108e-16
2.1432177e-09
4.3604728e-16
2.1432177e-09
4.9103768e-16
2.1432177e-09
5.5210078e-16
2.1432178e-09
6.2046205e-16
2.1432178e-09
6.9702961e-16
2.1432179e-09
7.822592e-16
2.1432179e-09
8.7737979e-16
2.143218e-09
9.8386807e-16
2.1432181e-09
1.1025629e-15
2.1432182e-09
1.2349037e-15
2.1432183e-09
1.3823963e-15
2.1432184e-09
1.5459323e-15
2.1432185e-09
1.7270321e-15
2.1432187e-09
1.9269527e-15
2.1432189e-09
2.1460805e-15
2.1432191e-09
2.3854224e-15
2.1432193e-09
2.6447523e-15
2.1432197e-09
2.9231056e-15
2.14322e-09
3.2180114e-15
2.1432204e-09
3.525627e-15
2.143221e-09
3.8392431e-15
2.1432216e-09
4.149007e-15
2.1432223e-09
4.4392252e-15
2.1432232e-09
4.6910422e-15
2.1432242e-09
4.8656687e-15
2.1432255e-09
4.9550197e-15
2.143227e-09
4.7854251e-15
4.7013637e-15
1.6674319e-09
-3.0882016e-11
1.6696122e-09
-9.2364877e-11
1.6733729e-09
-1.5582178e-10
1.6792341e-09
-2.2383535e-10
1.6881398e-09
-2.9890291e-10
1.7016049e-09
-3.8356393e-10
1.7219233e-09
-4.8042124e-10
1.7523998e-09
-5.9198804e-10
1.7974561e-09
-7.2011418e-10
1.8620438e-09
-8.6432393e-10
1.9486873e-09
-1.0165259e-09
2.0496346e-09
-1.1531891e-09
2.1223903e-09
-1.2000901e-09
2.1211846e-09
-1.1218682e-09
2.0275436e-09
-9.4661317e-10
1.8516491e-09
-7.2664723e-10
1.6191849e-09
-5.0632338e-10
1.3627195e-09
-3.1509037e-10
1.1175087e-09
-1.7013028e-10
9.1219199e-10
-7.3155156e-11
7.5931984e-10
-1.5485014e-11
6.5804899e-10
1.6786781e-11
5.9946859e-10
3.5010739e-11
5.7164402e-10
4.6205554e-11
5.6776987e-10
5.284839e-11
5.8243441e-10
5.7181195e-11
6.1139266e-10
6.0930171e-11
6.5175785e-10
6.4908207e-11
7.0179592e-10
6.9582029e-11
7.6042812e-10
7.5568842e-11
8.2681319e-10
8.3774562e-11
9.0000923e-10
9.5391659e-11
9.7880108e-10
1.1156249e-10
1.0617671e-09
1.329011e-10
1.147275e-09
1.5965494e-10
1.2333833e-09
1.9190203e-10
1.3180623e-09
2.2900215e-10
1.3995104e-09
2.6946969e-10
1.4763945e-09
3.1129458e-10
1.5479897e-09
3.5232501e-10
1.6141334e-09
3.9066478e-10
1.6750724e-09
4.2487514e-10
1.7312791e-09
4.5403059e-10
1.7832739e-09
4.7770604e-10
1.8315236e-09
4.9584223e-10
1.87641e-09
5.0859684e-10
1.9182297e-09
5.1625401e-10
1.9572024e-09
5.1917989e-10
1.9934843e-09
5.1779043e-10
2.0271837e-09
5.1252628e-10
2.0583776e-09
5.0383658e-10
2.087124e-09
4.9216869e-10
2.1134729e-09
4.7796075e-10
2.1374739e-09
4.6163565e-10
2.1591818e-09
4.4359628e-10
2.1786606e-09
4.2422174e-10
2.1959849e-09
4.0386433e-10
2.2112405e-09
3.828472e-10
2.224524e-09
3.6146269e-10
2.2359412e-09
3.3997138e-10
2.2456053e-09
3.1860176e-10
2.2536349e-09
2.9755063e-10
2.2601521e-09
2.7698415e-10
2.2652797e-09
2.570391e-10
2.26914e-09
2.3782499e-10
2.2718529e-09
2.1942626e-10
2.2735344e-09
2.019046e-10
2.2742958e-09
1.8530166e-10
2.2742426e-09
1.6964166e-10
2.2734743e-09
1.5493381e-10
2.2720839e-09
1.4117488e-10
2.2701578e-09
1.2835141e-10
2.2677761e-09
1.164417e-10
2.2650126e-09
1.0541772e-10
2.261935e-09
9.5246657e-11
2.2586054e-09
8.5892173e-11
2.2550806e-09
7.7315564e-11
2.2514122e-09
6.9476607e-11
2.2476472e-09
6.2334191e-11
2.2438281e-09
5.5846848e-11
2.2399933e-09
4.9973111e-11
2.2361771e-09
4.4671732e-11
2.2324099e-09
3.990189e-11
2.2287185e-09
3.5623322e-11
2.2251259e-09
3.1796418e-11
2.2216518e-09
2.8382373e-11
2.2183126e-09
2.5343321e-11
2.2151212e-09
2.2642508e-11
2.2120877e-09
2.0244516e-11
2.2092192e-09
1.8115503e-11
2.2065199e-09
1.6223457e-11
2.203992e-09
1.4538465e-11
2.201635e-09
1.3032969e-11
2.1994469e-09
1.1681974e-11
2.1974237e-09
1.0463221e-11
2.1955604e-09
9.3572896e-12
2.1938507e-09
8.3476204e-12
2.1922874e-09
7.4204666e-12
2.190863e-09
6.5647625e-12
2.1895695e-09
5.7719142e-12
2.1883987e-09
5.0355383e-12
2.1873424e-09
4.3511477e-12
2.1863924e-09
3.7158071e-12
2.185541e-09
3.1277806e-12
2.1847805e-09
2.5861832e-12
2.1841036e-09
2.0906514e-12
2.1835033e-09
1.6410534e-12
2.182973e-09
1.2372408e-12
2.1825066e-09
8.7885131e-13
2.1820981e-09
5.6516702e-13
2.1817421e-09
2.9502427e-13
2.1814335e-09
6.6773413e-14
2.1811674e-09
-1.2171884e-13
2.1809393e-09
-2.7302787e-13
2.1807452e-09
-3.9010685e-13
2.1805811e-09
-4.7619965e-13
2.1804436e-09
-5.3474488e-13
2.1803294e-09
-5.6927613e-13
2.1802355e-09
-5.833259e-13
2.1801592e-09
-5.8033762e-13
2.1800981e-09
-5.6358919e-13
2.18005e-09
-5.3613138e-13
2.1800129e-09
-5.007412e-13
2.179985e-09
-4.5989027e-13
2.1799648e-09
-4.1572831e-13
2.1799509e-09
-3.7007926e-13
2.1799423e-09
-3.2444841e-13
2.1799378e-09
-2.80039e-13
2.1799365e-09
-2.3777538e-13
2.1799378e-09
-1.983308e-13
2.1799411e-09
-1.621584e-13
2.1799457e-09
-1.2952294e-13
2.1799513e-09
-1.0053237e-13
2.1799576e-09
-7.5168079e-14
2.1799642e-09
-5.3312807e-14
2.1799709e-09
-3.4775826e-14
2.1799776e-09
-1.931507e-14
2.1799841e-09
-6.6560162e-15
2.1799903e-09
3.4928826e-15
2.1799963e-09
1.142686e-14
2.1800018e-09
1.7435627e-14
2.180007e-09
2.1795737e-14
2.1800117e-09
2.4765384e-14
2.1800161e-09
2.6581053e-14
2.18002e-09
2.7455668e-14
2.1800236e-09
2.7577968e-14
2.1800268e-09
2.7112804e-14
2.1800296e-09
2.6202085e-14
2.1800321e-09
2.4966236e-14
2.1800344e-09
2.3505939e-14
2.1800364e-09
2.1904033e-14
2.1800381e-09
2.0227527e-14
2.1800396e-09
1.8529591e-14
2.180041e-09
1.685147e-14
2.1800421e-09
1.5224302e-14
2.1800431e-09
1.3670755e-14
2.180044e-09
1.2206471e-14
2.1800447e-09
1.0841359e-14
2.1800453e-09
9.5807092e-15
2.1800458e-09
8.4261742e-15
2.1800463e-09
7.37663e-15
2.1800467e-09
6.4289049e-15
2.180047e-09
5.5783647e-15
2.1800473e-09
4.8193786e-15
2.1800475e-09
4.1456691e-15
2.1800477e-09
3.5505871e-15
2.1800478e-09
3.0273637e-15
2.180048e-09
2.5693338e-15
2.1800481e-09
2.1701108e-15
2.1800481e-09
1.8236886e-15
2.1800482e-09
1.5244507e-15
2.1800482e-09
1.267126e-15
2.1800483e-09
1.0467711e-15
2.1800483e-09
8.5881425e-16
2.1800483e-09
6.9913863e-16
2.1800483e-09
5.6413865e-16
2.1800483e-09
4.5067644e-16
2.1800484e-09
3.5595227e-16
2.1800484e-09
2.7739102e-16
2.1800484e-09
2.1263124e-16
2.1800483e-09
1.5961199e-16
2.1800483e-09
1.1665344e-16
2.1800483e-09
8.2406819e-17
2.1800483e-09
5.5680106e-17
2.1800483e-09
3.5298955e-17
2.1800483e-09
2.0141037e-17
2.1800483e-09
9.3035919e-18
2.1800483e-09
2.2012137e-18
2.1800483e-09
-1.5679916e-18
2.1800483e-09
-2.4801133e-18
2.1800483e-09
-1.16934e-18
2.1800483e-09
1.7810243e-18
2.1800483e-09
6.0972782e-18
2.1800483e-09
1.1781555e-17
2.1800483e-09
1.8786615e-17
2.1800483e-09
2.6816117e-17
2.1800483e-09
3.5553291e-17
2.1800483e-09
4.5022737e-17
2.1800483e-09
5.5548534e-17
2.1800483e-09
6.7324153e-17
2.1800483e-09
8.021718e-17
2.1800483e-09
9.4142589e-17
2.1800483e-09
1.0944607e-16
2.1800484e-09
1.2663132e-16
2.1800484e-09
1.4582318e-16
2.1800484e-09
1.6690956e-16
2.1800484e-09
1.9018646e-16
2.1800484e-09
2.1633382e-16
2.1800484e-09
2.4567723e-16
2.1800485e-09
2.781321e-16
2.1800485e-09
3.1406111e-16
2.1800485e-09
3.5438265e-16
2.1800486e-09
3.9960231e-16
2.1800486e-09
4.4975149e-16
2.1800487e-09
5.0546658e-16
2.1800487e-09
5.6789271e-16
2.1800488e-09
6.3759696e-16
2.1800488e-09
7.1499864e-16
2.1800489e-09
8.0132312e-16
2.180049e-09
8.9769608e-16
2.1800491e-09
1.0046441e-15
2.1800492e-09
1.1235189e-15
2.1800493e-09
1.2554951e-15
2.1800495e-09
1.4009619e-15
2.1800496e-09
1.5611505e-15
2.1800498e-09
1.7365207e-15
2.1800501e-09
1.9273178e-15
2.1800503e-09
2.133327e-15
2.1800506e-09
2.3537054e-15
2.1800509e-09
2.586295e-15
2.1800513e-09
2.8275002e-15
2.1800518e-09
3.0721252e-15
2.1800523e-09
3.3118611e-15
2.1800529e-09
3.5353005e-15
2.1800536e-09
3.7251742e-15
2.1800545e-09
3.8619251e-15
2.1800554e-09
3.9039869e-15
2.1800565e-09
3.8516637e-15
2.1800578e-09
3.5103116e-15
3.2864105e-15
1.666231e-09
-3.0446343e-11
1.6648092e-09
-9.0943068e-11
1.6625163e-09
-1.5352894e-10
1.6597703e-09
-2.210893e-10
1.6573825e-09
-2.9651511e-10
1.6567457e-09
-3.8292715e-10
1.6601121e-09
-4.8378764e-10
1.6709137e-09
-6.0278959e-10
1.6938808e-09
-7.4308131e-10
1.7340398e-09
-9.0448297e-10
1.7924175e-09
-1.0749035e-09
1.8524651e-09
-1.2132367e-09
1.8365855e-09
-1.1842105e-09
1.6881453e-09
-9.73428e-10
1.414328e-09
-6.7279588e-10
1.0756278e-09
-3.8794704e-10
7.5523935e-10
-1.859349e-10
5.1067499e-10
-7.0526011e-11
3.5281141e-10
-1.2266697e-11
2.6194258e-10
1.7713669e-11
2.1183315e-10
3.4624421e-11
1.8582236e-10
4.2797566e-11
1.7764938e-10
4.3183726e-11
1.8388131e-10
3.9973623e-11
2.0131841e-10
3.541129e-11
2.2716452e-10
3.1335085e-11
2.5895229e-10
2.9142395e-11
2.9495562e-10
2.8904878e-11
3.345252e-10
3.0012456e-11
3.7812803e-10
3.1966005e-11
4.2696303e-10
3.4939562e-11
4.8241742e-10
3.9937272e-11
5.4559173e-10
4.8388173e-11
6.1707451e-10
6.1418323e-11
6.9683094e-10
7.9898506e-11
7.8389193e-10
1.0484104e-10
8.7602128e-10
1.3687281e-10
9.6983511e-10
1.7565585e-10
1.0618831e-09
2.1924658e-10
1.1497009e-09
2.6450722e-10
1.2321053e-09
3.0826035e-10
1.3089187e-09
3.4806181e-10
1.3805424e-09
3.8240682e-10
1.4475717e-09
4.1067671e-10
1.5105849e-09
4.3282904e-10
1.5700624e-09
4.4911943e-10
1.6263667e-09
4.599497e-10
1.6797449e-09
4.6580163e-10
1.7303484e-09
4.6718697e-10
1.7782593e-09
4.6461533e-10
1.8235156e-09
4.5858037e-10
1.8661294e-09
4.495548e-10
1.9061029e-09
4.3798732e-10
1.9434382e-09
4.2430031e-10
1.9781461e-09
4.0888843e-10
2.0102502e-09
3.9211762e-10
2.0397901e-09
3.7432438e-10
2.0668222e-09
3.5581513e-10
2.091419e-09
3.3686586e-10
2.1136683e-09
3.1772212e-10
2.1336706e-09
2.9859941e-10
2.1515374e-09
2.7968384e-10
2.1673882e-09
2.611334e-10
2.181348e-09
2.4307925e-10
2.1935454e-09
2.2562765e-10
2.2041097e-09
2.0886195e-10
2.2131696e-09
1.9284468e-10
2.2208513e-09
1.7761994e-10
2.2272773e-09
1.6321567e-10
2.2325653e-09
1.4964583e-10
2.2368275e-09
1.3691263e-10
2.2401704e-09
1.2500858e-10
2.2426939e-09
1.1391818e-10
2.2444919e-09
1.0361974e-10
2.2456518e-09
9.408674e-11
2.246255e-09
8.5289014e-11
2.2463767e-09
7.7193844e-11
2.2460865e-09
6.9766768e-11
2.2454485e-09
6.2972191e-11
2.2445214e-09
5.6773929e-11
2.243359e-09
5.1135574e-11
2.24201e-09
4.6020732e-11
2.2405186e-09
4.1393256e-11
2.2389245e-09
3.7217397e-11
2.237263e-09
3.3457907e-11
2.2355652e-09
3.0080199e-11
2.2338581e-09
2.7050483e-11
2.2321646e-09
2.4335915e-11
2.2305043e-09
2.1904814e-11
2.228893e-09
1.9726871e-11
2.2273431e-09
1.777337e-11
2.2258641e-09
1.601744e-11
2.2244628e-09
1.4434277e-11
2.2231434e-09
1.3001329e-11
2.2219082e-09
1.1698464e-11
2.2207574e-09
1.0508061e-11
2.21969e-09
9.4150388e-12
2.2187036e-09
8.4068185e-12
2.2177952e-09
7.4732152e-12
2.2169609e-09
6.6062549e-12
2.2161964e-09
5.7999466e-12
2.2154976e-09
5.0500034e-12
2.2148599e-09
4.3535336e-12
2.2142789e-09
3.7087252e-12
2.2137506e-09
3.1145299e-12
2.2132709e-09
2.5703628e-12
2.2128361e-09
2.0758383e-12
2.2124428e-09
1.6305421e-12
2.2120878e-09
1.233849e-12
2.2117681e-09
8.8479236e-13
2.2114812e-09
5.8198113e-13
2.2112244e-09
3.2356251e-13
2.2109955e-09
1.0722636e-13
2.2107922e-09
-6.975712e-14
2.2106126e-09
-2.1047258e-13
2.2104546e-09
-3.1827831e-13
2.2103166e-09
-3.9671316e-13
2.2101967e-09
-4.49401e-13
2.2100934e-09
-4.7995792e-13
2.2100049e-09
-4.9190732e-13
2.2099299e-09
-4.886058e-13
2.209867e-09
-4.7318322e-13
2.2098148e-09
-4.4849713e-13
2.209772e-09
-4.1710163e-13
2.2097375e-09
-3.8123081e-13
2.2097102e-09
-3.4279444e-13
2.2096891e-09
-3.0338444e-13
2.2096734e-09
-2.6429061e-13
2.2096621e-09
-2.265228e-13
2.2096546e-09
-1.9083778e-13
2.2096502e-09
-1.5776926e-13
2.2096484e-09
-1.2765888e-13
2.2096485e-09
-1.0068708e-13
2.2096503e-09
-7.6902847e-14
2.2096532e-09
-5.6251307e-14
2.209657e-09
-3.8598658e-14
2.2096615e-09
-2.3754268e-14
2.2096663e-09
-1.1489601e-14
2.2096713e-09
-1.5540242e-15
2.2096765e-09
6.3124218e-15
2.2096815e-09
1.2368204e-14
2.2096865e-09
1.6863461e-14
2.2096912e-09
2.0033886e-14
2.2096957e-09
2.2097116e-14
2.2096999e-09
2.3250472e-14
2.2097038e-09
2.3669958e-14
2.2097074e-09
2.3510187e-14
2.2097107e-09
2.2904993e-14
2.2097137e-09
2.1968569e-14
2.2097164e-09
2.0796928e-14
2.2097188e-09
1.9469551e-14
2.209721e-09
1.8051167e-14
2.2097229e-09
1.6593553e-14
2.2097246e-09
1.5137264e-14
2.2097262e-09
1.3713302e-14
2.2097275e-09
1.2344622e-14
2.2097286e-09
1.1047472e-14
2.2097297e-09
9.832595e-15
2.2097305e-09
8.7062768e-15
2.2097313e-09
7.6712635e-15
2.2097319e-09
6.7275744e-15
2.2097325e-09
5.8731881e-15
2.209733e-09
5.1045985e-15
2.2097334e-09
4.4172598e-15
2.2097337e-09
3.8059284e-15
2.209734e-09
3.2649351e-15
2.2097342e-09
2.7884339e-15
2.2097344e-09
2.370619e-15
2.2097346e-09
2.0058878e-15
2.2097347e-09
1.688932e-15
2.2097348e-09
1.414746e-15
2.2097349e-09
1.1785981e-15
2.209735e-09
9.7603568e-16
2.2097351e-09
8.0294643e-16
2.2097351e-09
6.5564259e-16
2.2097351e-09
5.3089941e-16
2.2097352e-09
4.258943e-16
2.2097352e-09
3.3807748e-16
2.2097352e-09
2.6508135e-16
2.2097352e-09
2.0473967e-16
2.2097352e-09
1.5518601e-16
2.2097352e-09
1.1491594e-16
2.2097352e-09
8.2708117e-17
2.2097352e-09
5.7446312e-17
2.2097352e-09
3.8014875e-17
2.2097352e-09
2.3376253e-17
2.2097352e-09
1.2741402e-17
2.2097352e-09
5.618297e-18
2.2097352e-09
1.6297059e-18
2.2097352e-09
2.7351564e-19
2.2097352e-09
9.174206e-19
2.2097352e-09
3.0581765e-18
2.2097352e-09
6.5281219e-18
2.2097352e-09
1.1357266e-17
2.2097352e-09
1.7429419e-17
2.2097352e-09
2.4391459e-17
2.2097352e-09
3.1978922e-17
2.2097352e-09
4.0313617e-17
2.2097352e-09
4.9707779e-17
2.2097352e-09
6.0220033e-17
2.2097352e-09
7.1638182e-17
2.2097352e-09
8.3963268e-17
2.2097352e-09
9.7632165e-17
2.2097352e-09
1.1304276e-16
2.2097353e-09
1.3013359e-16
2.2097353e-09
1.4880779e-16
2.2097353e-09
1.695182e-16
2.2097353e-09
1.9289434e-16
2.2097353e-09
2.1901804e-16
2.2097354e-09
2.4778184e-16
2.2097354e-09
2.7974205e-16
2.2097354e-09
3.1572567e-16
2.2097355e-09
3.559051e-16
2.2097355e-09
4.0033138e-16
2.2097356e-09
4.498269e-16
2.2097357e-09
5.0524713e-16
2.2097357e-09
5.6687152e-16
2.2097358e-09
6.3527246e-16
2.2097359e-09
7.1143549e-16
2.209736e-09
7.9615232e-16
2.2097361e-09
8.9008798e-16
2.2097362e-09
9.9404947e-16
2.2097364e-09
1.1088476e-15
2.2097366e-09
1.2348645e-15
2.2097367e-09
1.3729267e-15
2.209737e-09
1.5227886e-15
2.2097372e-09
1.684643e-15
2.2097375e-09
1.8575475e-15
2.2097378e-09
2.0401391e-15
2.2097382e-09
2.2295246e-15
2.2097386e-09
2.4215207e-15
2.209739e-09
2.6103223e-15
2.2097395e-09
2.7870128e-15
2.2097401e-09
2.9398165e-15
2.2097408e-09
3.0514554e-15
2.2097416e-09
3.103199e-15
2.2097424e-09
3.0540714e-15
2.2097434e-09
2.9109403e-15
2.2097444e-09
2.4768541e-15
2.1715913e-15
1.6648611e-09
-2.8640814e-11
1.6593547e-09
-8.5436616e-11
1.6501701e-09
-1.4434431e-10
1.6375002e-09
-2.084194e-10
1.621813e-09
-2.8082793e-10
1.6040619e-09
-3.6517605e-10
1.5860118e-09
-4.6573758e-10
1.5706175e-09
-5.8739534e-10
1.5620004e-09
-7.3446421e-10
1.5632616e-09
-9.0574408e-10
1.5687105e-09
-1.0803524e-09
1.5425432e-09
-1.1870694e-09
1.3705371e-09
-1.0122044e-09
1.036098e-09
-6.3898893e-10
6.6840738e-10
-3.0510525e-10
3.8769424e-10
-1.072339e-10
2.2486552e-10
-2.3106178e-11
1.4622099e-10
8.1185173e-12
1.1176347e-10
2.2190817e-11
9.6685233e-11
3.2791908e-11
9.1607264e-11
3.970239e-11
9.3710378e-11
4.0694453e-11
1.0322184e-10
3.3672259e-11
1.1944907e-10
2.3746394e-11
1.3929993e-10
1.5560435e-11
1.6042031e-10
1.0214705e-11
1.8222748e-10
7.3352269e-12
2.0486085e-10
6.2715062e-12
2.2843173e-10
6.4415735e-12
2.5297334e-10
7.4244e-12
2.7896237e-10
8.9505263e-12
3.0793653e-10
1.0963112e-11
3.4217599e-10
1.4148714e-11
3.833081e-10
2.0286208e-11
4.3215572e-10
3.1050887e-11
4.8931989e-10
4.7676873e-11
5.5507496e-10
7.1117744e-11
6.2894739e-10
1.0178342e-10
7.0916726e-10
1.3902671e-10
7.9301806e-10
1.8065643e-10
8.777117e-10
2.2356671e-10
9.6095259e-10
2.6482092e-10
1.0412895e-09
3.0206989e-10
1.1182362e-09
3.3373001e-10
1.1919086e-09
3.5915668e-10
1.2626014e-09
3.7842659e-10
1.330576e-09
3.9197508e-10
1.3959908e-09
4.0038683e-10
1.4589081e-09
4.0426972e-10
1.5193218e-09
4.0420158e-10
1.5771842e-09
4.00718e-10
1.632426e-09
3.9431303e-10
1.684973e-09
3.8544031e-10
1.7347583e-09
3.7451495e-10
1.7817307e-09
3.6191603e-10
1.8258595e-09
3.4798889e-10
1.867137e-09
3.3304689e-10
1.9055795e-09
3.173726e-10
1.9412265e-09
3.0121889e-10
1.9741387e-09
2.848099e-10
2.004396e-09
2.6834209e-10
2.0320945e-09
2.5198533e-10
2.0573436e-09
2.3588433e-10
2.0802629e-09
2.2015994e-10
2.1009795e-09
2.0491099e-10
2.1196254e-09
1.9021606e-10
2.1363348e-09
1.7613529e-10
2.1512423e-09
1.6271247e-10
2.1644809e-09
1.4997701e-10
2.176181e-09
1.3794574e-10
2.1864688e-09
1.2662491e-10
2.1954655e-09
1.1601188e-10
2.203287e-09
1.0609668e-10
2.2100432e-09
9.6863479e-11
2.2158381e-09
8.8291877e-11
2.2207692e-09
8.0357917e-11
2.224928e-09
7.3035067e-11
2.2283998e-09
6.6294962e-11
2.231264e-09
6.0107974e-11
2.2335942e-09
5.4443722e-11
2.2354583e-09
4.9271427e-11
2.2369189e-09
4.4560154e-11
2.2380331e-09
4.0279054e-11
2.238853e-09
3.6397512e-11
2.2394256e-09
3.2885268e-11
2.2397933e-09
2.9712565e-11
2.2399935e-09
2.685029e-11
2.2400593e-09
2.4270103e-11
2.2400195e-09
2.1944633e-11
2.2398987e-09
1.9847662e-11
2.2397177e-09
1.7954316e-11
2.2394939e-09
1.6241288e-11
2.2392411e-09
1.4687024e-11
2.2389706e-09
1.3271893e-11
2.2386907e-09
1.1978329e-11
2.2384078e-09
1.0790917e-11
2.2381265e-09
9.6964218e-12
2.2378495e-09
8.6837615e-12
2.2375788e-09
7.7439184e-12
2.2373153e-09
6.8697854e-12
2.2370593e-09
6.0559726e-12
2.2368107e-09
5.2985684e-12
2.2365693e-09
4.5948728e-12
2.2363349e-09
3.9431236e-12
2.2361073e-09
3.3422206e-12
2.2358862e-09
2.7914623e-12
2.2356717e-09
2.2903134e-12
2.235464e-09
1.8382028e-12
2.2352635e-09
1.4343621e-12
2.2350706e-09
1.0777095e-12
2.2348858e-09
7.6677581e-13
2.2347097e-09
4.9967127e-13
2.2345428e-09
2.7409048e-13
2.2343857e-09
8.7346892e-14
2.2342388e-09
-6.3568997e-14
2.2341025e-09
-1.8191279e-13
2.2339768e-09
-2.7110269e-13
2.2338621e-09
-3.3463141e-13
2.2337581e-09
-3.7598047e-13
2.2336647e-09
-3.985419e-13
2.2335817e-09
-4.0554974e-13
2.2335085e-09
-4.0002436e-13
2.2334447e-09
-3.8473e-13
2.2333898e-09
-3.6214551e-13
2.233343e-09
-3.3444856e-13
2.2333037e-09
-3.0351121e-13
2.2332712e-09
-2.709054e-13
2.2332449e-09
-2.3791714e-13
2.2332239e-09
-2.0556673e-13
2.2332077e-09
-1.7463345e-13
2.2331956e-09
-1.4568325e-13
2.2331871e-09
-1.1909747e-13
2.2331815e-09
-9.5101531e-14
2.2331784e-09
-7.3792745e-14
2.2331773e-09
-5.5166118e-14
2.2331778e-09
-3.9137843e-14
2.2331796e-09
-2.5566154e-14
2.2331824e-09
-1.4269282e-14
2.2331859e-09
-5.040597e-15
2.2331899e-09
2.3391905e-15
2.2331942e-09
8.0916467e-15
2.2331986e-09
1.2433594e-14
2.233203e-09
1.5571309e-14
2.2332074e-09
1.769669e-14
2.2332117e-09
1.8984844e-14
2.2332158e-09
1.9592843e-14
2.2332196e-09
1.9659384e-14
2.2332232e-09
1.9305104e-14
2.2332266e-09
1.8633429e-14
2.2332296e-09
1.7731736e-14
2.2332324e-09
1.6672731e-14
2.233235e-09
1.551596e-14
2.2332373e-09
1.4309361e-14
2.2332393e-09
1.3090783e-14
2.2332411e-09
1.1889438e-14
2.2332427e-09
1.072724e-14
2.2332442e-09
9.619988e-15
2.2332454e-09
8.5784432e-15
2.2332465e-09
7.6092643e-15
2.2332475e-09
6.7158324e-15
2.2332483e-09
5.8989838e-15
2.233249e-09
5.1576299e-15
2.2332496e-09
4.4892632e-15
2.2332502e-09
3.8903641e-15
2.2332506e-09
3.3567173e-15
2.233251e-09
2.8836666e-15
2.2332513e-09
2.4663471e-15
2.2332516e-09
2.0998858e-15
2.2332518e-09
1.7795466e-15
2.233252e-09
1.5008082e-15
2.2332522e-09
1.2593713e-15
2.2332523e-09
1.0511435e-15
2.2332524e-09
8.7226223e-16
2.2332525e-09
7.1916842e-16
2.2332525e-09
5.8868515e-16
2.2332526e-09
4.7803881e-16
2.2332526e-09
3.8478449e-16
2.2332527e-09
3.0668276e-16
2.2332527e-09
2.4163459e-16
2.2332527e-09
1.87728e-16
2.2332527e-09
1.4334241e-16
2.2332527e-09
1.0718865e-16
2.2332527e-09
7.8204577e-17
2.2332527e-09
5.5381779e-17
2.2332527e-09
3.7699849e-17
2.2332527e-09
2.4240821e-17
2.2332527e-09
1.4350586e-17
2.2332527e-09
7.634645e-18
2.2332527e-09
3.7409585e-18
2.2332527e-09
2.1578186e-18
2.2332527e-09
2.2890108e-18
2.2332527e-09
3.7394222e-18
2.2332527e-09
6.4454994e-18
2.2332527e-09
1.0443311e-17
2.2332527e-09
1.5543751e-17
2.2332527e-09
2.1366452e-17
2.2332527e-09
2.7727536e-17
2.2332527e-09
3.4832034e-17
2.2332527e-09
4.294216e-17
2.2332528e-09
5.1981986e-17
2.2332528e-09
6.1711582e-17
2.2332528e-09
7.2247526e-17
2.2332528e-09
8.4068373e-17
2.2332528e-09
9.740819e-17
2.2332528e-09
1.120553e-16
2.2332528e-09
1.2800344e-16
2.2332529e-09
1.4583169e-16
2.2332529e-09
1.6602035e-16
2.2332529e-09
1.8842704e-16
2.233253e-09
2.1302932e-16
2.233253e-09
2.4054394e-16
2.233253e-09
2.7157231e-16
2.2332531e-09
3.0598889e-16
2.2332531e-09
3.4398302e-16
2.2332532e-09
3.8647607e-16
2.2332533e-09
4.3392115e-16
2.2332534e-09
4.8646795e-16
2.2332535e-09
5.4501982e-16
2.2332536e-09
6.1012268e-16
2.2332537e-09
6.8193998e-16
2.2332538e-09
7.6160367e-16
2.2332539e-09
8.495297e-16
2.2332541e-09
9.4610727e-16
2.2332543e-09
1.0518824e-15
2.2332545e-09
1.1669833e-15
2.2332547e-09
1.2912102e-15
2.233255e-09
1.4242468e-15
2.2332553e-09
1.5650314e-15
2.2332556e-09
1.7117947e-15
2.233256e-09
1.8614264e-15
2.2332564e-09
2.0096444e-15
2.2332568e-09
2.1507148e-15
2.2332574e-09
2.2759391e-15
2.2332579e-09
2.3741179e-15
2.2332585e-09
2.4292311e-15
2.2332592e-09
2.4244909e-15
2.23326e-09
2.3222877e-15
2.2332607e-09
2.1335607e-15
2.2332615e-09
1.6745583e-15
1.3406186e-15
1.6633889e-09
-2.5363004e-11
1.6535159e-09
-7.5563636e-11
1.6369354e-09
-1.2776388e-10
1.6134856e-09
-1.8496952e-10
1.5830516e-09
-2.5039401e-10
1.5457561e-09
-3.2788046e-10
1.5022817e-09
-4.2226322e-10
1.4543142e-09
-5.3942779e-10
1.4046437e-09
-6.8479371e-10
1.3544491e-09
-8.5554951e-10
1.2899526e-09
-1.015856e-09
1.1468994e-09
-1.0440163e-09
8.4089242e-10
-7.0619739e-10
4.747185e-10
-2.72815e-10
2.2991101e-10
-6.0297759e-11
1.2040688e-10
2.2702225e-12
8.1059665e-11
1.624104e-11
7.1741913e-11
1.743627e-11
7.4279779e-11
1.9652951e-11
7.9777159e-11
2.7294528e-11
8.5191886e-11
3.4287662e-11
9.1738147e-11
3.4148192e-11
9.953914e-11
2.5871266e-11
1.0817018e-10
1.5115355e-11
1.1774516e-10
5.9854531e-12
1.2832028e-10
-3.6041772e-13
1.3983982e-10
-4.1843129e-12
1.5220512e-10
-6.0937877e-12
1.6534942e-10
-6.7027243e-12
1.7933748e-10
-6.5636685e-12
1.9442208e-10
-6.1340739e-12
2.1098985e-10
-5.6046526e-12
2.2963686e-10
-4.4982976e-12
2.51488e-10
-1.5649279e-12
2.7798365e-10
4.5552358e-12
3.1058845e-10
1.5072069e-11
3.5056056e-10
3.1145639e-11
3.9888923e-10
5.3454753e-11
4.5582573e-10
8.2090205e-11
5.2039228e-10
1.1608988e-10
5.9079549e-10
1.531635e-10
6.6519019e-10
1.9042623e-10
7.4192059e-10
2.2533949e-10
8.195822e-10
2.560684e-10
8.9716327e-10
2.8157561e-10
9.740072e-10
3.0158266e-10
1.0496746e-09
3.1630771e-10
1.1238686e-09
3.2619277e-10
1.196357e-09
3.3178133e-10
1.2669224e-09
3.3363623e-10
1.3353498e-09
3.3229056e-10
1.4014314e-09
3.2823144e-10
1.4649758e-09
3.2189587e-10
1.5258169e-09
3.1367387e-10
1.5838189e-09
3.0391404e-10
1.6388793e-09
2.9292852e-10
1.6909296e-09
2.809966e-10
1.7399347e-09
2.6836749e-10
1.7858911e-09
2.552625e-10
1.8288241e-09
2.4187687e-10
1.8687849e-09
2.2838126e-10
1.905847e-09
2.1492325e-10
1.9401026e-09
2.0162876e-10
1.9716591e-09
1.8860345e-10
2.0006358e-09
1.7593428e-10
2.0271607e-09
1.6369112e-10
2.0513677e-09
1.5192827e-10
2.073394e-09
1.4068619e-10
2.0933779e-09
1.2999313e-10
2.111457e-09
1.1986665e-10
2.1277667e-09
1.1031519e-10
2.142439e-09
1.0133955e-10
2.1556016e-09
9.2934135e-11
2.1673769e-09
8.5088171e-11
2.177882e-09
7.77868e-11
2.1872279e-09
7.1011937e-11
2.1955199e-09
6.4743094e-11
2.2028569e-09
5.8958026e-11
2.2093316e-09
5.3633225e-11
2.215031e-09
4.874437e-11
2.2200357e-09
4.4266653e-11
2.2244209e-09
4.0175005e-11
2.2282556e-09
3.6444314e-11
2.2316036e-09
3.3049576e-11
2.2345228e-09
2.9966009e-11
2.2370662e-09
2.7169196e-11
2.2392813e-09
2.4635201e-11
2.2412107e-09
2.2340696e-11
2.2428922e-09
2.0263119e-11
2.244359e-09
1.8380834e-11
2.24564e-09
1.6673292e-11
2.2467601e-09
1.512121e-11
2.2477404e-09
1.3706735e-11
2.2485987e-09
1.2413577e-11
2.2493499e-09
1.1227133e-11
2.2500063e-09
1.0134563e-11
2.2505779e-09
9.12481e-12
2.2510731e-09
8.1885881e-12
2.2514987e-09
7.3183094e-12
2.2518605e-09
6.5079611e-12
2.2521635e-09
5.7529491e-12
2.2524122e-09
5.0499029e-12
2.2526106e-09
4.3964547e-12
2.2527627e-09
3.791015e-12
2.2528724e-09
3.232542e-12
2.2529435e-09
2.7203225e-12
2.2529801e-09
2.2537764e-12
2.252986e-09
1.8322872e-12
2.2529653e-09
1.455065e-12
2.2529219e-09
1.1210484e-12
2.2528599e-09
8.2884171e-13
2.2527829e-09
5.7668657e-13
2.2526945e-09
3.6246672e-13
2.2525981e-09
1.8373752e-13
2.2524968e-09
3.7776963e-14
2.2523932e-09
-7.8350541e-14
2.2522898e-09
-1.6771591e-13
2.2521886e-09
-2.3345562e-13
2.2520913e-09
-2.7869335e-13
2.2519993e-09
-3.0647289e-13
2.2519134e-09
-3.1969837e-13
2.2518345e-09
-3.2108554e-13
2.2517629e-09
-3.131245e-13
2.2516988e-09
-2.9805395e-13
2.2516422e-09
-2.7784698e-13
2.2515929e-09
-2.5420691e-13
2.2515505e-09
-2.2857168e-13
2.2515148e-09
-2.0212596e-13
2.251485e-09
-1.7581847e-13
2.2514608e-09
-1.5038335e-13
2.2514414e-09
-1.2636417e-13
2.2514265e-09
-1.0413897e-13
2.2514153e-09
-8.3945324e-14
2.2514074e-09
-6.590468e-14
2.2514023e-09
-5.0045087e-14
2.2513995e-09
-3.632189e-14
2.2513986e-09
-2.4636183e-14
2.2513991e-09
-1.4850761e-14
2.2514009e-09
-6.8036078e-15
2.2514036e-09
-3.1894969e-16
2.2514069e-09
4.7837232e-15
2.2514106e-09
8.682753e-15
2.2514147e-09
1.1549358e-14
2.2514188e-09
1.3543878e-14
2.251423e-09
1.4813451e-14
2.2514271e-09
1.5490712e-14
2.251431e-09
1.5693296e-14
2.2514348e-09
1.5523945e-14
2.2514384e-09
1.5071094e-14
2.2514417e-09
1.4409752e-14
2.2514448e-09
1.3602593e-14
2.2514476e-09
1.2701185e-14
2.2514502e-09
1.1747255e-14
2.2514525e-09
1.0773951e-14
2.2514546e-09
9.8070514e-15
2.2514564e-09
8.8660841e-15
2.2514581e-09
7.965323e-15
2.2514595e-09
7.1146916e-15
2.2514608e-09
6.3205574e-15
2.251462e-09
5.5864312e-15
2.2514629e-09
4.9135925e-15
2.2514638e-09
4.3016215e-15
2.2514645e-09
3.7488345e-15
2.2514652e-09
3.2526362e-15
2.2514657e-09
2.8097922e-15
2.2514662e-09
2.4166522e-15
2.2514666e-09
2.0693534e-15
2.2514669e-09
1.7639949e-15
2.2514672e-09
1.4967604e-15
2.2514674e-09
1.2639793e-15
2.2514676e-09
1.0621325e-15
2.2514678e-09
8.8784637e-16
2.2514679e-09
7.3792963e-16
2.251468e-09
6.0945171e-16
2.2514681e-09
4.9981311e-16
2.2514682e-09
4.0674935e-16
2.2514683e-09
3.2824664e-16
2.2514683e-09
2.6242921e-16
2.2514683e-09
2.0752097e-16
2.2514684e-09
1.6191617e-16
2.2514684e-09
1.2428378e-16
2.2514684e-09
9.3583025e-17
2.2514684e-09
6.8938268e-17
2.2514684e-09
4.9478189e-17
2.2514684e-09
3.431104e-17
2.2514684e-09
2.2668218e-17
2.2514684e-09
1.4046184e-17
2.2514684e-09
8.1500728e-18
2.2514684e-09
4.6576116e-18
2.2514684e-09
3.0706292e-18
2.2514684e-09
2.8643015e-18
2.2514684e-09
3.7712735e-18
2.2514684e-09
5.8195046e-18
2.2514684e-09
9.0279661e-18
2.2514684e-09
1.3139151e-17
2.2514684e-09
1.7780536e-17
2.2514684e-09
2.28711e-17
2.2514684e-09
2.8676768e-17
2.2514684e-09
3.5376086e-17
2.2514684e-09
4.2772312e-17
2.2514685e-09
5.0648294e-17
2.2514685e-09
5.9242714e-17
2.2514685e-09
6.9016874e-17
2.2514685e-09
8.0014801e-17
2.2514685e-09
9.1943111e-17
2.2514685e-09
1.049381e-16
2.2514686e-09
1.1963101e-16
2.2514686e-09
1.3627297e-16
2.2514686e-09
1.5456459e-16
2.2514687e-09
1.7464425e-16
2.2514687e-09
1.9728746e-16
2.2514688e-09
2.227864e-16
2.2514688e-09
2.5085302e-16
2.2514689e-09
2.8188143e-16
2.251469e-09
3.1676344e-16
2.251469e-09
3.5558137e-16
2.2514691e-09
3.9833952e-16
2.2514692e-09
4.4603996e-16
2.2514693e-09
4.9913064e-16
2.2514695e-09
5.5741856e-16
2.2514696e-09
6.2200694e-16
2.2514698e-09
6.9306429e-16
2.2514699e-09
7.7068544e-16
2.2514701e-09
8.5570535e-16
2.2514703e-09
9.4758757e-16
2.2514706e-09
1.0463576e-15
2.2514709e-09
1.1512015e-15
2.2514712e-09
1.2612201e-15
2.2514715e-09
1.3745249e-15
2.2514719e-09
1.4882381e-15
2.2514723e-09
1.5983813e-15
2.2514727e-09
1.6998087e-15
2.2514732e-09
1.7847065e-15
2.2514738e-09
1.8432024e-15
2.2514743e-09
1.8615407e-15
2.2514749e-09
1.8256602e-15
2.2514755e-09
1.7034176e-15
2.2514762e-09
1.5072071e-15
2.2514768e-09
1.0783617e-15
7.5998428e-16
1.6619267e-09
-2.0623012e-11
1.6477372e-09
-6.1374139e-11
1.6238178e-09
-1.0384453e-10
1.5895442e-09
-1.5069591e-10
1.5439982e-09
-2.0484794e-10
1.4860512e-09
-2.699335e-10
1.4145418e-09
-3.5075382e-10
1.32861e-09
-4.5349602e-10
1.2281353e-09
-5.8431897e-10
1.1140789e-09
-7.4149309e-10
9.8783131e-10
-8.8960843e-10
8.2133331e-10
-8.7751825e-10
4.048494e-10
-2.8971349e-10
1.3008169e-10
1.952713e-12
5.671591e-11
1.3068017e-11
4.1694437e-11
1.7291695e-11
4.2022133e-11
1.5913343e-11
6.0548581e-11
-1.0901772e-12
8.4437202e-11
-4.2356702e-12
9.5939996e-11
1.5791734e-11
9.4218406e-11
3.6009253e-11
9.0826248e-11
3.754035e-11
9.1365077e-11
2.5332437e-11
9.350735e-11
1.2973082e-11
9.635507e-11
3.1377329e-12
9.9787973e-11
-3.7933207e-12
1.0384578e-10
-8.2421169e-12
1.0854043e-10
-1.0788436e-11
1.1391018e-10
-1.2072483e-11
1.2002407e-10
-1.2677559e-11
1.2694876e-10
-1.3058757e-11
1.3473729e-10
-1.3393182e-11
1.4359191e-10
-1.3352921e-11
1.5411335e-10
-1.2086372e-11
1.6724796e-10
-8.5793655e-12
1.8415202e-10
-1.8319945e-12
2.0619948e-10
9.0981746e-12
2.3477574e-10
2.4878497e-11
2.7111187e-10
4.5754077e-11
3.1597082e-10
7.1230928e-11
3.6929506e-10
9.9839254e-11
4.3025191e-10
1.2946938e-10
4.9755196e-10
1.5803944e-10
5.6971513e-10
1.8390523e-10
6.4529034e-10
2.0600041e-10
7.2304091e-10
2.2383209e-10
8.0196627e-10
2.3738235e-10
8.8124059e-10
2.4691845e-10
9.6017605e-10
2.5284587e-10
1.0381913e-09
2.5562099e-10
1.11479e-09
2.5569188e-10
1.1895519e-09
2.5346951e-10
1.2621232e-09
2.4932456e-10
1.3322089e-09
2.4358814e-10
1.3995686e-09
2.3655438e-10
1.4640132e-09
2.2848397e-10
1.5254022e-09
2.1960756e-10
1.5836407e-09
2.1012901e-10
1.6386751e-09
2.0022807e-10
1.6904895e-09
1.9006249e-10
1.7391009e-09
1.797698e-10
1.7845554e-09
1.6946879e-10
1.8269232e-09
1.5926093e-10
1.8662951e-09
1.4923157e-10
1.9027781e-09
1.3945133e-10
1.9364918e-09
1.2997735e-10
1.9675656e-09
1.2085452e-10
1.9961349e-09
1.1211685e-10
2.0223393e-09
1.0378871e-10
2.04632e-09
9.5886037e-11
2.0682176e-09
8.8417524e-11
2.0881714e-09
8.138575e-11
2.1063174e-09
7.4788147e-11
2.1227876e-09
6.8617974e-11
2.1377093e-09
6.2865127e-11
2.1512044e-09
5.751683e-11
2.1633892e-09
5.2558282e-11
2.1743741e-09
4.7973169e-11
2.1842632e-09
4.3744057e-11
2.1931548e-09
3.9852765e-11
2.2011409e-09
3.6280629e-11
2.2083072e-09
3.3008689e-11
2.2147336e-09
3.0017882e-11
2.220494e-09
2.7289168e-11
2.2256564e-09
2.4803625e-11
2.230283e-09
2.2542575e-11
2.2344305e-09
2.0487683e-11
2.2381502e-09
1.8621051e-11
2.2414879e-09
1.6925353e-11
2.2444848e-09
1.5383958e-11
2.2471771e-09
1.3981052e-11
2.2495965e-09
1.2701781e-11
2.2517709e-09
1.1532377e-11
2.2537242e-09
1.0460261e-11
2.2554772e-09
9.4741409e-12
2.2570477e-09
8.5640683e-12
2.258451e-09
7.7214588e-12
2.2597005e-09
6.9390842e-12
2.2608078e-09
6.2110184e-12
2.2617832e-09
5.5325454e-12
2.2626361e-09
4.9000409e-12
2.2633752e-09
4.3108238e-12
2.2640087e-09
3.7629876e-12
2.2645445e-09
3.2552269e-12
2.2649903e-09
2.7866602e-12
2.265354e-09
2.3566592e-12
2.2656431e-09
1.9646965e-12
2.2658652e-09
1.6102131e-12
2.2660277e-09
1.2925103e-12
2.2661381e-09
1.0106726e-12
2.2662034e-09
7.6351792e-13
2.2662305e-09
5.4957507e-13
2.2662259e-09
3.6708748e-13
2.2661956e-09
2.1403704e-13
2.2661452e-09
8.8184465e-14
2.2660797e-09
-1.2878948e-14
2.2660037e-09
-9.1670666e-14
2.265921e-09
-1.5075828e-13
2.265835e-09
-1.9269892e-13
2.2657485e-09
-2.1998454e-13
2.2656638e-09
-2.3499415e-13
2.2655827e-09
-2.3995459e-13
2.2655064e-09
-2.3691049e-13
2.2654361e-09
-2.2770346e-13
2.2653722e-09
-2.1396046e-13
2.2653151e-09
-1.9709024e-13
2.2652648e-09
-1.7828666e-13
2.2652212e-09
-1.5853815e-13
2.265184e-09
-1.3864149e-13
2.2651529e-09
-1.1921876e-13
2.2651273e-09
-1.0073655e-13
2.2651066e-09
-8.3525955e-14
2.2650905e-09
-6.7802736e-14
2.2650783e-09
-5.3686871e-14
2.2650695e-09
-4.1220888e-14
2.2650635e-09
-3.0386596e-14
2.26506e-09
-2.1120039e-14
2.2650585e-09
-1.3324448e-14
2.2650586e-09
-6.8812395e-15
2.2650599e-09
-1.6591068e-15
2.2650622e-09
2.4787181e-15
2.2650652e-09
5.6685393e-15
2.2650687e-09
8.0421998e-15
2.2650725e-09
9.7238618e-15
2.2650765e-09
1.0828e-14
2.2650806e-09
1.1458223e-14
2.2650845e-09
1.1706748e-14
2.2650884e-09
1.1654387e-14
2.2650921e-09
1.1370916e-14
2.2650956e-09
1.0915704e-14
2.2650989e-09
1.0338516e-14
2.2651019e-09
9.6804424e-15
2.2651047e-09
8.9748626e-15
2.2651072e-09
8.2484161e-15
2.2651095e-09
7.5219403e-15
2.2651115e-09
6.8113348e-15
2.2651134e-09
6.1283376e-15
2.265115e-09
5.4812264e-15
2.2651164e-09
4.8754385e-15
2.2651177e-09
4.3141192e-15
2.2651188e-09
3.7986172e-15
2.2651198e-09
3.3289087e-15
2.2651207e-09
2.9039456e-15
2.2651214e-09
2.521934e-15
2.265122e-09
2.1805496e-15
2.2651226e-09
1.8771149e-15
2.265123e-09
1.6087635e-15
2.2651234e-09
1.3725811e-15
2.2651237e-09
1.165701e-15
2.265124e-09
9.853467e-16
2.2651242e-09
8.2883221e-16
2.2651244e-09
6.9356331e-16
2.2651246e-09
5.7708179e-16
2.2651247e-09
4.7714387e-16
2.2651248e-09
3.9177915e-16
2.2651249e-09
3.1927795e-16
2.265125e-09
2.5810047e-16
2.2651251e-09
2.0677858e-16
2.2651251e-09
1.6390477e-16
2.2651251e-09
1.2822269e-16
2.2651252e-09
9.8726185e-17
2.2651252e-09
7.4648962e-17
2.2651252e-09
5.5323947e-17
2.2651252e-09
4.0042093e-17
2.2651252e-09
2.8069168e-17
2.2651252e-09
1.8810144e-17
2.2651252e-09
1.1923285e-17
2.2651252e-09
7.2154246e-18
2.2651252e-09
4.4031475e-18
2.2651252e-09
3.0281069e-18
2.2651252e-09
2.6667513e-18
2.2651252e-09
3.1863065e-18
2.2651252e-09
4.6849752e-18
2.2651252e-09
7.1460057e-18
2.2651252e-09
1.0259334e-17
2.2651252e-09
1.369808e-17
2.2651252e-09
1.749653e-17
2.2651252e-09
2.1951637e-17
2.2651252e-09
2.7133524e-17
2.2651253e-09
3.2753487e-17
2.2651253e-09
3.8663697e-17
2.2651253e-09
4.5209016e-17
2.2651253e-09
5.2769638e-17
2.2651253e-09
6.1198974e-17
2.2651253e-09
7.0200919e-17
2.2651254e-09
8.0073701e-17
2.2651254e-09
9.1409646e-17
2.2651254e-09
1.0419587e-16
2.2651255e-09
1.180777e-16
2.2651255e-09
1.333824e-16
2.2651255e-09
1.5080428e-16
2.2651256e-09
1.703095e-16
2.2651257e-09
1.9162476e-16
2.2651257e-09
2.1528262e-16
2.2651258e-09
2.4189942e-16
2.2651259e-09
2.7144424e-16
2.265126e-09
3.0409918e-16
2.2651261e-09
3.4044927e-16
2.2651262e-09
3.8068042e-16
2.2651263e-09
4.2482897e-16
2.2651265e-09
4.7364426e-16
2.2651266e-09
5.273216e-16
2.2651268e-09
5.8580957e-16
2.265127e-09
6.4968916e-16
2.2651273e-09
7.1838784e-16
2.2651275e-09
7.9194202e-16
2.2651278e-09
8.6943802e-16
2.2651281e-09
9.5019353e-16
2.2651285e-09
1.0325141e-15
2.2651288e-09
1.1140349e-15
2.2651292e-09
1.1914017e-15
2.2651297e-09
1.2604511e-15
2.2651301e-09
1.3148128e-15
2.2651306e-09
1.3465267e-15
2.2651312e-09
1.3448336e-15
2.2651317e-09
1.2989052e-15
2.2651322e-09
1.1835507e-15
2.2651327e-09
1.0102617e-15
2.2651331e-09
6.5386451e-16
3.8581148e-16
1.6606239e-09
-1.4580258e-11
1.6426031e-09
-4.3353313e-11
1.6121494e-09
-7.3390862e-11
1.5681436e-09
-1.0669009e-10
1.5087678e-09
-1.4547213e-10
1.4313843e-09
-1.9255001e-10
1.3323291e-09
-2.5169861e-10
1.2066336e-09
-3.2780055e-10
1.0475599e-09
-4.2524521e-10
8.4447623e-10
-5.3840945e-10
5.8035361e-10
-6.2548582e-10
2.9104321e-10
-5.8820785e-10
1.7909751e-12
-4.6129089e-13
3.7436883e-12
-2.5192434e-19
1.6811706e-11
-1.1510469e-20
3.4103401e-11
-1.9223894e-20
5.0016744e-11
1.0987676e-20
4.8913359e-11
1.3208294e-14
3.7130655e-11
7.5470332e-12
4.0608299e-11
1.231409e-11
5.1533372e-11
2.508418e-11
6.3837685e-11
2.5236037e-11
7.0324499e-11
1.8845623e-11
7.3213278e-11
1.0084303e-11
7.4172414e-11
2.1785972e-12
7.4086544e-11
-3.7074516e-12
7.3493766e-11
-7.649338e-12
7.2782283e-11
-1.0076953e-11
7.2209569e-11
-1.1499768e-11
7.1915479e-11
-1.238347e-11
7.1934175e-11
-1.3077453e-11
7.2253481e-11
-1.3712488e-11
7.2984308e-11
-1.4083748e-11
7.4555958e-11
-1.3658022e-11
7.7734048e-11
-1.1757456e-11
8.3579195e-11
-7.6771414e-12
9.3415674e-11
-7.3830429e-13
1.0877721e-10
9.516963e-12
1.3121859e-10
2.3312695e-11
1.6210615e-10
4.0343367e-11
2.0223938e-10
5.9706026e-11
2.5164267e-10
8.0066095e-11
3.0965322e-10
1.0002889e-10
3.7513342e-10
1.1842503e-10
4.4669918e-10
1.3443464e-10
5.229158e-10
1.4761548e-10
6.0243839e-10
1.5785976e-10
6.8406702e-10
1.6528982e-10
7.6675936e-10
1.7015353e-10
8.4962921e-10
1.7275114e-10
9.3192864e-10
1.7339244e-10
1.0130268e-09
1.723714e-10
1.0923952e-09
1.699561e-10
1.1695965e-09
1.6638689e-10
1.2442746e-09
1.6187623e-10
1.3161477e-09
1.5661089e-10
1.385e-09
1.5075528e-10
1.4506747e-09
1.4445426e-10
1.5130676e-09
1.3783515e-10
1.5721207e-09
1.3100939e-10
1.6278166e-09
1.2407397e-10
1.6801728e-09
1.1711257e-10
1.729237e-09
1.1019673e-10
1.7750818e-09
1.033867e-10
1.8178007e-09
9.6732494e-11
1.8575032e-09
9.027478e-11
1.894312e-09
8.404574e-11
1.9283589e-09
7.807001e-11
1.959782e-09
7.2365553e-11
1.9887236e-09
6.6944458e-11
2.0153273e-09
6.1813786e-11
2.0397368e-09
5.697632e-11
2.0620937e-09
5.2431233e-11
2.0825369e-09
4.8174749e-11
2.1012013e-09
4.4200705e-11
2.1182171e-09
4.0501023e-11
2.1337093e-09
3.7066154e-11
2.147797e-09
3.3885442e-11
2.1605937e-09
3.0947391e-11
2.1722065e-09
2.8239935e-11
2.1827365e-09
2.575062e-11
2.1922784e-09
2.3466746e-11
2.2009208e-09
2.1375501e-11
2.2087459e-09
1.9464059e-11
2.2158299e-09
1.7719646e-11
2.2222428e-09
1.6129634e-11
2.2280489e-09
1.468161e-11
2.2333065e-09
1.3363446e-11
2.2380685e-09
1.216339e-11
2.2423823e-09
1.1070151e-11
2.2462904e-09
1.0072987e-11
2.2498303e-09
9.1617993e-12
2.2530355e-09
8.3272179e-12
2.2559351e-09
7.5606752e-12
2.2585548e-09
6.8544706e-12
2.260917e-09
6.201811e-12
2.2630416e-09
5.596825e-12
2.2649462e-09
5.0345586e-12
2.2666463e-09
4.5109403e-12
2.2681561e-09
4.0227192e-12
2.2694887e-09
3.5673865e-12
2.2706565e-09
3.1430758e-12
2.271671e-09
2.7484492e-12
2.2725437e-09
2.3825795e-12
2.2732855e-09
2.0448305e-12
2.2739074e-09
1.734739e-12
2.2744202e-09
1.451911e-12
2.2748345e-09
1.1959294e-12
2.2751607e-09
9.6627945e-13
2.2754091e-09
7.6229486e-13
2.2755895e-09
5.831228e-13
2.2757114e-09
4.2770825e-13
2.2757836e-09
2.9479648e-13
2.2758147e-09
1.8294988e-13
2.2758123e-09
9.0575822e-14
2.2757835e-09
1.5963873e-14
2.2757345e-09
-4.2673472e-14
2.2756709e-09
-8.715715e-14
2.2755975e-09
-1.1930123e-13
2.2755184e-09
-1.4087355e-13
2.275437e-09
-1.5356246e-13
2.275356e-09
-1.5894932e-13
2.2752775e-09
-1.5848741e-13
2.2752033e-09
-1.5348732e-13
2.2751345e-09
-1.4510869e-13
2.2750717e-09
-1.3435767e-13
2.2750155e-09
-1.2208911e-13
2.274966e-09
-1.0901312e-13
2.2749231e-09
-9.5704592e-14
2.2748865e-09
-8.2614995e-14
2.2748558e-09
-7.0085753e-14
2.2748307e-09
-5.8362229e-14
2.2748105e-09
-4.7607792e-14
2.2747947e-09
-3.7917541e-14
2.2747828e-09
-2.9331168e-14
2.2747743e-09
-2.1844717e-14
2.2747686e-09
-1.5421122e-14
2.2747652e-09
-9.9993404e-15
2.2747639e-09
-5.502127e-15
2.274764e-09
-1.842484e-15
2.2747654e-09
1.0711764e-15
2.2747678e-09
3.3308323e-15
2.2747708e-09
5.0259143e-15
2.2747743e-09
6.2410214e-15
2.2747781e-09
7.054426e-15
2.274782e-09
7.5371821e-15
2.2747859e-09
7.7527006e-15
2.2747898e-09
7.7566829e-15
2.2747936e-09
7.5973328e-15
2.2747972e-09
7.3157564e-15
2.2748006e-09
6.946488e-15
2.2748038e-09
6.5181087e-15
2.2748067e-09
6.0539026e-15
2.2748094e-09
5.5725141e-15
2.2748118e-09
5.088589e-15
2.274814e-09
4.6133631e-15
2.274816e-09
4.1551894e-15
2.2748177e-09
3.7200132e-15
2.2748193e-09
3.3117932e-15
2.2748207e-09
2.9328803e-15
2.2748219e-09
2.5843645e-15
2.2748229e-09
2.2663755e-15
2.2748239e-09
1.978327e-15
2.2748247e-09
1.7191084e-15
2.2748254e-09
1.4872295e-15
2.274826e-09
1.2809423e-15
2.2748265e-09
1.0983578e-15
2.2748269e-09
9.3754779e-16
2.2748273e-09
7.9660887e-16
2.2748276e-09
6.736844e-16
2.2748278e-09
5.6695786e-16
2.2748281e-09
4.7465747e-16
2.2748282e-09
3.951036e-16
2.2748284e-09
3.2678201e-16
2.2748285e-09
2.6838838e-16
2.2748286e-09
2.1879956e-16
2.2748287e-09
1.7698055e-16
2.2748288e-09
1.4190464e-16
2.2748288e-09
1.1256956e-16
2.2748289e-09
8.8102722e-17
2.2748289e-09
6.7848986e-17
2.2748289e-09
5.1334178e-17
2.2748289e-09
3.8115449e-17
2.2748289e-09
2.7666714e-17
2.274829e-09
1.9436224e-17
2.274829e-09
1.3022402e-17
2.274829e-09
8.2527138e-18
2.274829e-09
5.0364959e-18
2.274829e-09
3.1390172e-18
2.274829e-09
2.1660103e-18
2.274829e-09
1.8166253e-18
2.274829e-09
2.0891828e-18
2.274829e-09
3.128901e-18
2.274829e-09
4.8736845e-18
2.274829e-09
6.9854146e-18
2.274829e-09
9.2161629e-18
2.274829e-09
1.1714109e-17
2.274829e-09
1.4773074e-17
2.274829e-09
1.8344455e-17
2.274829e-09
2.2090967e-17
2.274829e-09
2.5971807e-17
2.274829e-09
3.0402436e-17
2.2748291e-09
3.5623121e-17
2.2748291e-09
4.1319622e-17
2.2748291e-09
4.7265021e-17
2.2748291e-09
5.3901444e-17
2.2748292e-09
6.1691439e-17
2.2748292e-09
7.0370062e-17
2.2748292e-09
7.9632285e-17
2.2748293e-09
8.9969257e-17
2.2748293e-09
1.0185745e-16
2.2748294e-09
1.1497858e-16
2.2748294e-09
1.2926672e-16
2.2748295e-09
1.4538118e-16
2.2748296e-09
1.6342916e-16
2.2748297e-09
1.8318302e-16
2.2748298e-09
2.0520058e-16
2.2748299e-09
2.297336e-16
2.27483e-09
2.5665179e-16
2.2748301e-09
2.8641862e-16
2.2748303e-09
3.1910295e-16
2.2748305e-09
3.549063e-16
2.2748307e-09
3.9411977e-16
2.2748309e-09
4.3667277e-16
2.2748311e-09
4.8235034e-16
2.2748314e-09
5.3101443e-16
2.2748317e-09
5.8203338e-16
2.274832e-09
6.3492117e-16
2.2748323e-09
6.8844691e-16
2.2748327e-09
7.4093152e-16
2.2748331e-09
7.8988561e-16
2.2748335e-09
8.3241366e-16
2.274834e-09
8.6404282e-16
2.2748344e-09
8.791785e-16
2.2748349e-09
8.7053735e-16
2.2748354e-09
8.3078129e-16
2.2748358e-09
7.4261829e-16
2.2748362e-09
6.1478024e-16
2.2748365e-09
3.6111281e-16
1.6874104e-16
1.659641e-09
-7.5546214e-12
1.6387383e-09
-2.2450563e-11
1.6033635e-09
-3.8016053e-11
1.5519933e-09
-5.531993e-11
1.482074e-09
-7.5552843e-11
1.3897389e-09
-1.0021488e-10
1.2693005e-09
-1.3126019e-10
1.1124693e-09
-1.7096938e-10
9.0778545e-10
-2.2056137e-10
6.4428609e-10
-2.7491009e-10
3.2937475e-10
-3.1057447e-10
4.6130272e-13
-2.5929449e-10
2.1451055e-19
1.3601456e-20
2.1465526e-20
-5.8611409e-20
2.9131374e-20
-1.924031e-20
1.6607944e-20
-6.6478683e-21
1.3992638e-20
1.2162507e-20
1.3208259e-14
4.9962125e-20
6.5223522e-12
1.0378892e-12
1.4568927e-11
4.2675152e-12
2.8607046e-11
1.1046061e-11
4.1251582e-11
1.2591501e-11
5.018842e-11
9.9087853e-12
5.4810781e-11
5.4619424e-12
5.580505e-11
1.1843284e-12
5.4231107e-11
-2.1335092e-12
5.100687e-11
-4.4251004e-12
4.6824114e-11
-5.8941973e-12
4.2134663e-11
-6.8103174e-12
3.7176869e-11
-7.4256764e-12
3.2026329e-11
-7.9269126e-12
2.6696299e-11
-8.3824583e-12
2.1305132e-11
-8.6925806e-12
1.6248712e-11
-8.6016014e-12
1.2260037e-11
-7.7687808e-12
1.0413225e-11
-5.8303297e-12
1.2118413e-11
-2.4434923e-12
1.8991164e-11
2.6442125e-12
3.2766772e-11
9.5370874e-12
5.5021237e-11
1.8088901e-11
8.6866557e-11
2.7860706e-11
1.287247e-10
3.8207955e-11
1.8031704e-10
4.8436542e-11
2.4079426e-10
5.7947807e-11
3.0892157e-10
6.6307333e-11
3.8327087e-10
7.3266177e-11
4.6238669e-10
7.8743938e-11
5.4489365e-10
8.2782864e-11
6.2955084e-10
8.5496335e-11
7.1527101e-10
8.7030979e-11
8.011204e-10
8.7543041e-11
8.8630768e-10
8.7184123e-11
9.7017013e-10
8.6093652e-11
1.0521606e-09
8.4396465e-11
1.1318335e-09
8.2203273e-11
1.2088326e-09
7.9611768e-11
1.2828801e-09
7.6707832e-11
1.3537675e-09
7.3566852e-11
1.4213477e-09
7.0254918e-11
1.4855274e-09
6.6829778e-11
1.5462597e-09
6.3341586e-11
1.6035387e-09
5.9833613e-11
1.6573925e-09
5.6342903e-11
1.7078785e-09
5.2900722e-11
1.7550779e-09
4.9533067e-11
1.7990916e-09
4.6261128e-11
1.8400356e-09
4.3101723e-11
1.8780378e-09
4.0067794e-11
1.9132345e-09
3.7168857e-11
1.9457676e-09
3.4411415e-11
1.9757819e-09
3.1799399e-11
2.0034237e-09
2.9334541e-11
2.0288382e-09
2.701671e-11
2.0521687e-09
2.4844253e-11
2.0735552e-09
2.2814278e-11
2.0931333e-09
2.0922891e-11
2.111034e-09
1.9165426e-11
2.1273828e-09
1.7536629e-11
2.1422994e-09
1.60308e-11
2.1558974e-09
1.4641927e-11
2.1682843e-09
1.3363783e-11
2.179561e-09
1.2190002e-11
2.1898224e-09
1.1114148e-11
2.1991567e-09
1.0129768e-11
2.2076459e-09
9.2304263e-12
2.2153658e-09
8.4097541e-12
2.2223859e-09
7.6614862e-12
2.2287698e-09
6.9794972e-12
2.2345754e-09
6.3578482e-12
2.2398547e-09
5.7908313e-12
2.2446547e-09
5.2730121e-12
2.2490172e-09
4.79928e-12
2.2529795e-09
4.3648915e-12
2.2565747e-09
3.9655056e-12
2.2598319e-09
3.5972181e-12
2.2627772e-09
3.2565819e-12
2.2654334e-09
2.9406137e-12
2.2678211e-09
2.6467932e-12
2.269959e-09
2.3730449e-12
2.2718641e-09
2.1177083e-12
2.2735519e-09
1.8794983e-12
2.2750376e-09
1.657456e-12
2.2763351e-09
1.4508912e-12
2.2774584e-09
1.2593239e-12
2.2784208e-09
1.0824226e-12
2.2792356e-09
9.1994542e-13
2.2799158e-09
7.716861e-13
2.2804743e-09
6.3742671e-13
2.2809237e-09
5.1689886e-13
2.2812762e-09
4.0975569e-13
2.2815438e-09
3.1555357e-13
2.2817378e-09
2.3374393e-13
2.2818689e-09
1.6367446e-13
2.2819472e-09
1.0459788e-13
2.2819821e-09
5.5686577e-14
2.281982e-09
1.6051864e-14
2.2819546e-09
-1.5234758e-14
2.2819066e-09
-3.911911e-14
2.2818438e-09
-5.6543211e-14
2.2817713e-09
-6.8425155e-14
2.2816934e-09
-7.5641854e-14
2.2816135e-09
-7.9014874e-14
2.2815343e-09
-7.9299572e-14
2.281458e-09
-7.7177559e-14
2.2813861e-09
-7.325247e-14
2.2813198e-09
-6.8048617e-14
2.2812598e-09
-6.2012142e-14
2.2812063e-09
-5.5514343e-14
2.2811594e-09
-4.885657e-14
2.2811191e-09
-4.2276274e-14
2.2810849e-09
-3.5953861e-14
2.2810566e-09
-3.0019888e-14
2.2810335e-09
-2.4562301e-14
2.2810153e-09
-1.963351e-14
2.2810012e-09
-1.5257028e-14
2.2809908e-09
-1.143355e-14
2.2809835e-09
-8.1463949e-15
2.2809789e-09
-5.3662326e-15
2.2809764e-09
-3.0551059e-15
2.2809758e-09
-1.1697702e-15
2.2809765e-09
3.3561617e-16
2.2809783e-09
1.5073344e-15
2.2809809e-09
2.3905313e-15
2.2809842e-09
3.0280389e-15
2.2809878e-09
3.4595746e-15
2.2809916e-09
3.7212595e-15
2.2809955e-09
3.8453823e-15
2.2809994e-09
3.8603474e-15
2.2810032e-09
3.7907685e-15
2.2810068e-09
3.6576601e-15
2.2810103e-09
3.4786965e-15
2.2810136e-09
3.2685231e-15
2.2810166e-09
3.0390908e-15
2.2810193e-09
2.7999927e-15
2.2810219e-09
2.5587917e-15
2.2810242e-09
2.3213164e-15
2.2810262e-09
2.0919218e-15
2.2810281e-09
1.8737209e-15
2.2810297e-09
1.6687942e-15
2.2810312e-09
1.4783835e-15
2.2810325e-09
1.3030788e-15
2.2810336e-09
1.1429821e-15
2.2810346e-09
9.9783711e-16
2.2810354e-09
8.6712319e-16
2.2810361e-09
7.5012194e-16
2.2810368e-09
6.4597641e-16
2.2810373e-09
5.5375488e-16
2.2810378e-09
4.7250769e-16
2.2810382e-09
4.0129827e-16
2.2810385e-09
3.3920334e-16
2.2810388e-09
2.8529891e-16
2.281039e-09
2.3866563e-16
2.2810392e-09
1.9843386e-16
2.2810394e-09
1.6384616e-16
2.2810395e-09
1.3428521e-16
2.2810396e-09
1.0923166e-16
2.2810397e-09
8.8174564e-17
2.2810398e-09
7.0553479e-17
2.2810399e-09
5.5799396e-17
2.2810399e-09
4.3447522e-17
2.2810399e-09
3.320883e-17
2.28104e-09
2.490984e-17
2.28104e-09
1.8342317e-17
2.28104e-09
1.318126e-17
2.28104e-09
9.0790256e-18
2.28104e-09
5.8412875e-18
2.28104e-09
3.4650462e-18
2.28104e-09
1.9587683e-18
2.28104e-09
1.1452339e-18
2.28104e-09
7.1598393e-19
2.28104e-09
5.0693332e-19
2.28104e-09
6.3680992e-19
2.28104e-09
1.2758038e-18
2.28104e-09
2.3162097e-18
2.28104e-09
3.4225245e-18
2.28104e-09
4.452745e-18
2.28104e-09
5.6553698e-18
2.2810401e-09
7.2858913e-18
2.2810401e-09
9.1785623e-18
2.2810401e-09
1.0993444e-17
2.2810401e-09
1.2815373e-17
2.2810401e-09
1.5082688e-17
2.2810401e-09
1.7860697e-17
2.2810401e-09
2.0718949e-17
2.2810402e-09
2.3552751e-17
2.2810402e-09
2.6888721e-17
2.2810402e-09
3.0978269e-17
2.2810403e-09
3.5359025e-17
2.2810403e-09
3.9868315e-17
2.2810403e-09
4.5110548e-17
2.2810404e-09
5.1284211e-17
2.2810405e-09
5.7856597e-17
2.2810405e-09
6.4933182e-17
2.2810406e-09
7.3183992e-17
2.2810407e-09
8.2381707e-17
2.2810408e-09
9.2206231e-17
2.2810409e-09
1.0332491e-16
2.281041e-09
1.1571067e-16
2.2810411e-09
1.2901888e-16
2.2810412e-09
1.4408709e-16
2.2810414e-09
1.6052912e-16
2.2810416e-09
1.7831195e-16
2.2810418e-09
1.9801766e-16
2.281042e-09
2.1917312e-16
2.2810422e-09
2.4196165e-16
2.2810425e-09
2.6606573e-16
2.2810428e-09
2.9133845e-16
2.2810431e-09
3.1745148e-16
2.2810435e-09
3.43777e-16
2.2810438e-09
3.6943902e-16
2.2810442e-09
3.9302365e-16
2.2810446e-09
4.1312813e-16
2.2810451e-09
4.2748638e-16
2.2810455e-09
4.3312905e-16
2.281046e-09
4.2649649e-16
2.2810464e-09
4.0386733e-16
2.2810468e-09
3.5639071e-16
2.2810471e-09
2.8876752e-16
2.2810473e-09
1.5716651e-16
5.6913417e-17
1.6591121e-09
-8.2762644e-17
1.6366619e-09
-2.8483365e-16
1.5986463e-09
-5.1313721e-16
1.5433271e-09
-7.6016832e-16
1.4677753e-09
-1.0075343e-15
1.3675617e-09
-1.2384763e-15
1.2363029e-09
-1.4352618e-15
1.0653351e-09
-1.5723909e-15
8.4477535e-10
-1.6198297e-15
5.6986681e-10
-1.5417178e-15
2.5929365e-10
-1.3184133e-15
1.0835274e-19
-9.3993811e-16
1.1927305e-19
-4.3322988e-26
6.0661374e-20
2.6986107e-25
4.1420883e-20
1.8179495e-25
3.4773076e-20
-6.1172071e-26
4.6935784e-20
-2.0139903e-25
9.6875636e-20
-4.9698758e-26
1.037897e-12
-7.6499988e-18
5.3059717e-12
-5.5956637e-16
1.6354947e-11
-2.9150358e-15
2.8951243e-11
-4.7952864e-15
3.8865801e-11
-5.7729153e-15
4.4333726e-11
-5.9824359e-15
4.5523729e-11
-5.6741065e-15
4.3395325e-11
-5.1058701e-15
3.8974717e-11
-4.4920235e-15
3.3084467e-11
-3.9471462e-15
2.6277653e-11
-3.5036949e-15
1.885511e-11
-3.1335548e-15
1.0930954e-11
-2.7561053e-15
2.5507445e-12
-2.248956e-15
-6.1403535e-12
-1.4826699e-15
-1.4741571e-11
-3.8414724e-16
-2.2511397e-11
1.0453872e-15
-2.8344484e-11
2.7577325e-15
-3.0792631e-11
4.6544072e-15
-2.8154995e-11
6.5766886e-15
-1.8626311e-11
8.4031601e-15
-5.4737884e-13
9.9692818e-15
2.730217e-11
1.1157022e-14
6.5498197e-11
1.1927665e-14
1.1392242e-10
1.2314698e-14
1.7185786e-10
1.2370436e-14
2.3815305e-10
1.2140748e-14
3.1140757e-10
1.16634e-14
3.9014054e-10
1.0970654e-14
4.7291331e-10
1.0089728e-14
5.584006e-10
9.0458988e-15
6.4542371e-10
7.8672102e-15
7.3296017e-10
6.5854624e-15
8.2013905e-10
5.2349251e-15
9.0622886e-10
3.8503983e-15
9.9062286e-10
2.4649805e-15
1.072825e-09
1.1086511e-15
1.152437e-09
-1.9224389e-16
1.2291462e-09
-1.4150948e-15
1.3027156e-09
-2.5411482e-15
1.3729741e-09
-3.5559068e-15
1.4398083e-09
-4.4493397e-15
1.5031551e-09
-5.215544e-15
1.5629946e-09
-5.8520872e-15
1.6193438e-09
-6.3594677e-15
1.6722513e-09
-6.74071e-15
1.7217914e-09
-7.0010041e-15
1.7680597e-09
-7.1473696e-15
1.8111686e-09
-7.1881834e-15
1.8512435e-09
-7.1327601e-15
1.8884193e-09
-6.9910321e-15
1.9228375e-09
-6.7732697e-15
1.9546434e-09
-6.489829e-15
1.9839841e-09
-6.1509592e-15
2.0110066e-09
-5.7666502e-15
2.0358562e-09
-5.3464564e-15
2.0586754e-09
-4.8992807e-15
2.0796027e-09
-4.433241e-15
2.0987721e-09
-3.9557035e-15
2.1163122e-09
-3.4733914e-15
2.132346e-09
-2.9924291e-15
2.1469904e-09
-2.5182843e-15
2.1603562e-09
-2.0557073e-15
2.1725479e-09
-1.6087829e-15
2.1836632e-09
-1.1810516e-15
2.1937937e-09
-7.7560021e-16
2.2030246e-09
-3.9509877e-16
2.2114344e-09
-4.179803e-17
2.2190956e-09
2.8248671e-16
2.2260745e-09
5.7633907e-16
2.2324315e-09
8.3868094e-16
2.2382212e-09
1.0687798e-15
2.243493e-09
1.2662522e-15
2.2482908e-09
1.4311299e-15
2.2526542e-09
1.5638459e-15
2.256618e-09
1.6652159e-15
2.2602135e-09
1.7364392e-15
2.2634683e-09
1.7790741e-15
2.2664071e-09
1.7950263e-15
2.2690521e-09
1.7865125e-15
2.2714234e-09
1.7559991e-15
2.2735394e-09
1.7061335e-15
2.2754173e-09
1.6396792e-15
2.2770732e-09
1.5594702e-15
2.2785226e-09
1.4683682e-15
2.2797805e-09
1.369204e-15
2.2808617e-09
1.2647003e-15
2.2817805e-09
1.1573872e-15
2.2825511e-09
1.0495289e-15
2.2831876e-09
9.4308021e-16
2.2837037e-09
8.3967798e-16
2.2841127e-09
7.4065447e-16
2.2844276e-09
6.4705715e-16
2.2846608e-09
5.5966944e-16
2.284824e-09
4.7902526e-16
2.2849282e-09
4.0543134e-16
2.2849835e-09
3.3897826e-16
2.2849993e-09
2.7957296e-16
2.2849838e-09
2.2697594e-16
2.2849445e-09
1.8082751e-16
2.2848878e-09
1.4068206e-16
2.2848193e-09
1.0604258e-16
2.2847436e-09
7.639276e-17
2.2846645e-09
5.1224154e-17
2.2845852e-09
3.0055063e-17
2.284508e-09
1.2438336e-17
2.2844348e-09
-2.0407493e-18
2.2843667e-09
-1.3772024e-17
2.2843047e-09
-2.3127421e-17
2.2842492e-09
-3.046235e-17
2.2842004e-09
-3.6109412e-17
2.2841582e-09
-4.036641e-17
2.2841223e-09
-4.348415e-17
2.2840923e-09
-4.566022e-17
2.2840678e-09
-4.7042386e-17
2.2840482e-09
-4.7741078e-17
2.284033e-09
-4.7846396e-17
2.2840216e-09
-4.7443446e-17
2.2840135e-09
-4.6621085e-17
2.2840082e-09
-4.5472166e-17
2.2840052e-09
-4.4087077e-17
2.284004e-09
-4.2544918e-17
2.2840044e-09
-4.0906739e-17
2.284006e-09
-3.9213713e-17
2.2840084e-09
-3.7490839e-17
2.2840115e-09
-3.5752641e-17
2.284015e-09
-3.4008594e-17
2.2840187e-09
-3.2265824e-17
2.2840226e-09
-3.0529862e-17
2.2840265e-09
-2.8805834e-17
2.2840303e-09
-2.7101728e-17
2.284034e-09
-2.5432415e-17
2.2840375e-09
-2.382097e-17
2.2840408e-09
-2.2294382e-17
2.2840438e-09
-2.0874065e-17
2.2840466e-09
-1.9565491e-17
2.2840492e-09
-1.8353055e-17
2.2840516e-09
-1.7204747e-17
2.2840537e-09
-1.6086506e-17
2.2840556e-09
-1.4980124e-17
2.2840572e-09
-1.3894415e-17
2.2840587e-09
-1.2861361e-17
2.28406e-09
-1.1918135e-17
2.2840612e-09
-1.1086521e-17
2.2840622e-09
-1.0364119e-17
2.2840631e-09
-9.7323681e-18
2.2840638e-09
-9.1720413e-18
2.2840645e-09
-8.6709782e-18
2.2840651e-09
-8.2179078e-18
2.2840655e-09
-7.7920487e-18
2.284066e-09
-7.3649117e-18
2.2840663e-09
-6.9197203e-18
2.2840666e-09
-6.4730626e-18
2.2840668e-09
-6.0728673e-18
2.284067e-09
-5.7619404e-18
2.2840672e-09
-5.5305048e-18
2.2840673e-09
-5.3041554e-18
2.2840675e-09
-4.9938407e-18
2.2840676e-09
-4.5764019e-18
2.2840676e-09
-4.1295721e-18
2.2840677e-09
-3.7715724e-18
2.2840677e-09
-3.5475486e-18
2.2840678e-09
-3.3762247e-18
2.2840678e-09
-3.1283706e-18
2.2840678e-09
-2.769917e-18
2.2840678e-09
-2.4098372e-18
2.2840679e-09
-2.1774872e-18
2.2840679e-09
-2.0570659e-18
2.2840679e-09
-1.8902635e-18
2.2840679e-09
-1.5746353e-18
2.2840679e-09
-1.2190774e-18
2.2840679e-09
-1.0268785e-18
2.2840679e-09
-1.0200939e-18
2.2840679e-09
-9.7753048e-19
2.2840679e-09
-7.23147e-19
2.2840679e-09
-4.0044496e-19
2.2840679e-09
-3.0700707e-19
2.2840679e-09
-4.5986399e-19
2.2840679e-09
-5.3446692e-19
2.2840679e-09
-3.4683214e-19
2.2840679e-09
-1.6782538e-19
2.2840679e-09
-2.9905347e-19
2.2840679e-09
-5.3464446e-19
2.284068e-09
-4.6818551e-19
2.284068e-09
-2.1788207e-19
2.284068e-09
-2.5956965e-19
2.284068e-09
-5.44656e-19
2.284068e-09
-5.4069627e-19
2.2840681e-09
-2.5310375e-19
2.2840681e-09
-2.5171056e-19
2.2840681e-09
-5.1731112e-19
2.2840682e-09
-4.6137382e-19
2.2840682e-09
-1.781831e-19
2.2840683e-09
-2.0865973e-19
2.2840684e-09
-3.0239245e-19
2.2840684e-09
-6.6359994e-20
2.2840685e-09
4.04615e-20
2.2840686e-09
-1.4447042e-19
2.2840687e-09
-8.2384257e-20
2.2840688e-09
1.0748101e-20
2.284069e-09
-2.3170704e-19
2.2840691e-09
-1.1424404e-19
2.2840693e-09
-1.1988764e-19
2.2840694e-09
-3.0385228e-19
2.2840696e-09
-2.8388328e-19
2.2840699e-09
-5.2388762e-19
2.2840701e-09
-5.5362076e-19
2.2840704e-09
-7.5948841e-19
2.2840707e-09
-8.1146087e-19
2.284071e-09
-8.972573e-19
2.2840713e-09
-9.9189509e-19
2.2840717e-09
-1.0518563e-18
2.2840721e-09
-1.2642647e-18
2.2840725e-09
-1.4424626e-18
2.2840729e-09
-1.5069505e-18
2.2840734e-09
-1.6902634e-18
2.2840738e-09
-1.7730725e-18
2.2840742e-09
-1.8188672e-18
2.2840746e-09
-1.9483944e-18
2.2840749e-09
-2.0928176e-18
2.284075e-09
-2.2304634e-18
-2.3538707e-18
1.6591121e-09
7.5544537e-12
1.6366619e-09
2.2449981e-11
1.5986464e-09
3.8015004e-11
1.5433272e-09
5.5318378e-11
1.4677754e-09
7.5550786e-11
1.3675618e-09
1.0021235e-10
1.2363031e-09
1.3125726e-10
1.0653354e-09
1.7096617e-10
8.4477571e-10
2.2055807e-10
5.6986717e-10
2.7490701e-10
2.5929386e-10
3.1057198e-10
1.0687981e-19
2.5929282e-10
1.1927335e-19
-1.3601693e-20
6.0661286e-20
5.8612337e-20
4.142064e-20
1.9240828e-20
3.4772935e-20
6.6476436e-21
4.6935937e-20
-1.2163204e-20
9.6876955e-20
-4.9963693e-20
1.0379402e-12
-1.0379478e-12
5.3061834e-12
-4.2688028e-12
1.635515e-11
-1.1051881e-11
2.8951505e-11
-1.260115e-11
3.8866044e-11
-9.9203117e-12
4.4333861e-11
-5.4737994e-12
4.5523706e-11
-1.1955192e-12
4.3395102e-11
2.1234982e-12
3.8974306e-11
4.4163041e-12
3.3083904e-11
5.8864544e-12
2.6276986e-11
6.8034142e-12
1.8854389e-11
7.4194636e-12
1.0930231e-11
7.921402e-12
2.5500647e-12
8.3779173e-12
-6.1409807e-12
8.6895627e-12
-1.474217e-11
8.6008054e-12
-2.2512014e-11
7.7708896e-12
-2.8345185e-11
5.835928e-12
-3.0793512e-11
2.4529813e-12
-2.8156072e-11
-2.630863e-12
-1.8627635e-11
-9.5200339e-12
-5.4896309e-13
-1.8068703e-11
2.7300368e-11
-2.7838174e-11
6.5496254e-11
-3.8183958e-11
1.1392043e-10
-4.8411861e-11
1.718559e-10
-5.7923098e-11
2.3815119e-10
-6.6283155e-11
3.1140587e-10
-7.3243013e-11
3.9013905e-10
-7.8722206e-11
4.7291207e-10
-8.276293e-11
5.5839963e-10
-8.5478517e-11
6.4542304e-10
-8.7015541e-11
7.329598e-10
-8.753018e-11
8.2013901e-10
-8.7173969e-11
9.0622912e-10
-8.6086264e-11
9.9062342e-10
-8.4391838e-11
1.0728259e-09
-8.2201343e-11
1.1524381e-09
-7.9612419e-11
1.2291476e-09
-7.6710902e-11
1.3027172e-09
-7.3572145e-11
1.3729758e-09
-7.0262209e-11
1.4398102e-09
-6.6838823e-11
1.5031571e-09
-6.335213e-11
1.5629967e-09
-5.9845398e-11
1.619346e-09
-5.6355671e-11
1.6722535e-09
-5.2914223e-11
1.7217935e-09
-4.9547061e-11
1.7680618e-09
-4.6275389e-11
1.8111706e-09
-4.3116043e-11
1.8512455e-09
-4.0081983e-11
1.8884212e-09
-3.7182745e-11
1.9228393e-09
-3.4424855e-11
1.9546451e-09
-3.1812261e-11
1.9839857e-09
-2.9346716e-11
2.011008e-09
-2.7028111e-11
2.0358575e-09
-2.485481e-11
2.0586765e-09
-2.282394e-11
2.0796037e-09
-2.0931621e-11
2.0987729e-09
-1.9173204e-11
2.1163129e-09
-1.7543447e-11
2.1323466e-09
-1.6036662e-11
2.1469909e-09
-1.4646847e-11
2.1603566e-09
-1.3367785e-11
2.1725481e-09
-1.2193119e-11
2.1836634e-09
-1.1116418e-11
2.1937938e-09
-1.0131236e-11
2.2030246e-09
-9.2311423e-12
2.2114343e-09
-8.4097724e-12
2.2190955e-09
-7.6608649e-12
2.2260743e-09
-6.9782968e-12
2.2324313e-09
-6.3561314e-12
2.238221e-09
-5.7886621e-12
2.2434928e-09
-5.2704553e-12
2.2482906e-09
-4.7964003e-12
2.2526539e-09
-4.3617525e-12
2.2566177e-09
-3.9621693e-12
2.2602132e-09
-3.5937443e-12
2.263468e-09
-3.253027e-12
2.2664069e-09
-2.9370306e-12
2.2690519e-09
-2.64323e-12
2.2714232e-09
-2.3695451e-12
2.2735392e-09
-2.1143099e-12
2.2754171e-09
-1.8762341e-12
2.277073e-09
-1.6543529e-12
2.2785224e-09
-1.4479706e-12
2.2797804e-09
-1.2566015e-12
2.2808616e-09
-1.0799088e-12
2.2817804e-09
-9.1764567e-13
2.282551e-09
-7.6960127e-13
2.2831875e-09
-6.3555387e-13
2.2837036e-09
-5.1523183e-13
2.2841126e-09
-4.0828567e-13
2.2844275e-09
-3.1426971e-13
2.2846607e-09
-2.3263381e-13
2.2848239e-09
-1.6272463e-13
2.2849281e-09
-1.037943e-13
2.2849835e-09
-5.5015029e-14
2.2849993e-09
-1.5498324e-14
2.2849838e-09
1.5683836e-14
2.2849445e-09
3.9476557e-14
2.2848878e-09
5.6820969e-14
2.2848193e-09
6.8634175e-14
2.2847436e-09
7.5792058e-14
2.2846645e-09
7.9115171e-14
2.2845852e-09
7.9357906e-14
2.284508e-09
7.7200983e-14
2.2844348e-09
7.3247208e-14
2.2843667e-09
6.8020118e-14
2.2843047e-09
6.1965118e-14
2.2842492e-09
5.5452803e-14
2.2842004e-09
4.8783865e-14
2.2841582e-09
4.2195166e-14
2.2841223e-09
3.5866615e-14
2.2840923e-09
2.9928375e-14
2.2840678e-09
2.4468097e-14
2.2840482e-09
1.9537971e-14
2.284033e-09
1.5161328e-14
2.2840216e-09
1.1338693e-14
2.2840135e-09
8.0532091e-15
2.2840082e-09
5.2753627e-15
2.2840052e-09
2.9670187e-15
2.2840041e-09
1.0847772e-15
2.2840044e-09
-4.1732369e-16
2.284006e-09
-1.5856464e-15
2.2840084e-09
-2.4653885e-15
2.2840115e-09
-3.099412e-15
2.284015e-09
-3.5274541e-15
2.2840187e-09
-3.7856507e-15
2.2840226e-09
-3.9063017e-15
2.2840265e-09
-3.9178216e-15
2.2840303e-09
-3.8448401e-15
2.284034e-09
-3.7084006e-15
2.2840375e-09
-3.5262221e-15
2.2840408e-09
-3.3130017e-15
2.2840438e-09
-3.0807313e-15
2.2840467e-09
-2.839015e-15
2.2840492e-09
-2.595386e-15
2.2840516e-09
-2.3556117e-15
2.2840537e-09
-2.1239812e-15
2.2840556e-09
-1.9035727e-15
2.2840572e-09
-1.6964832e-15
2.2840587e-09
-1.5040171e-15
2.2840601e-09
-1.3268373e-15
2.2840612e-09
-1.1650881e-15
2.2840622e-09
-1.0185073e-15
2.2840631e-09
-8.8653563e-16
2.2840638e-09
-7.6841513e-16
2.2840645e-09
-6.6326586e-16
2.2840651e-09
-5.7013762e-16
2.2840655e-09
-4.88044e-16
2.284066e-09
-4.1599316e-16
2.2840663e-09
-3.5302444e-16
2.2840666e-09
-2.9823937e-16
2.2840668e-09
-2.5080801e-16
2.284067e-09
-2.099458e-16
2.2840672e-09
-1.7488179e-16
2.2840673e-09
-1.4485855e-16
2.2840675e-09
-1.1918406e-16
2.2840676e-09
-9.729996e-17
2.2840676e-09
-7.8795417e-17
2.2840677e-09
-6.3332487e-17
2.2840677e-09
-5.0535898e-17
2.2840678e-09
-3.9957131e-17
2.2840678e-09
-3.1166344e-17
2.2840678e-09
-2.3884372e-17
2.2840678e-09
-1.7998289e-17
2.2840679e-09
-1.3417509e-17
2.2840679e-09
-9.9237182e-18
2.2840679e-09
-7.2086639e-18
2.2840679e-09
-5.0780426e-18
2.2840679e-09
-3.5604678e-18
2.2840679e-09
-2.7412185e-18
2.2840679e-09
-2.5047733e-18
2.2840679e-09
-2.5477629e-18
2.2840679e-09
-2.6995161e-18
2.2840679e-09
-3.1218114e-18
2.2840679e-09
-4.0443531e-18
2.2840679e-09
-5.356796e-18
2.2840679e-09
-6.6923636e-18
2.2840679e-09
-7.9610276e-18
2.2840679e-09
-9.5101752e-18
2.2840679e-09
-1.1565994e-17
2.2840679e-09
-1.3826242e-17
2.284068e-09
-1.5973869e-17
2.284068e-09
-1.8299949e-17
2.284068e-09
-2.1253387e-17
2.284068e-09
-2.462805e-17
2.284068e-09
-2.796825e-17
2.2840681e-09
-3.154281e-17
2.2840681e-09
-3.5918671e-17
2.2840681e-09
-4.0874372e-17
2.2840682e-09
-4.5966984e-17
2.2840682e-09
-5.1618883e-17
2.2840683e-09
-5.8263321e-17
2.2840684e-09
-6.550054e-17
2.2840684e-09
-7.3316041e-17
2.2840685e-09
-8.2324243e-17
2.2840686e-09
-9.2442363e-17
2.2840687e-09
-1.0345803e-16
2.2840688e-09
-1.1574901e-16
2.284069e-09
-1.2938153e-16
2.2840691e-09
-1.4419629e-16
2.2840693e-09
-1.6080855e-16
2.2840694e-09
-1.789587e-16
2.2840696e-09
-1.9868943e-16
2.2840699e-09
-2.2022862e-16
2.2840701e-09
-2.4305158e-16
2.2840704e-09
-2.6751417e-16
2.2840707e-09
-2.9291767e-16
2.284071e-09
-3.1924903e-16
2.2840713e-09
-3.4583903e-16
2.2840717e-09
-3.7166194e-16
2.2840721e-09
-3.956227e-16
2.2840725e-09
-4.1600377e-16
2.2840729e-09
-4.3044479e-16
2.2840734e-09
-4.3643683e-16
2.2840738e-09
-4.3001583e-16
2.2840742e-09
-4.0757089e-16
2.2840746e-09
-3.6039813e-16
2.2840749e-09
-2.9302598e-16
2.284075e-09
-1.6165266e-16
-6.1700148e-17
1.659641e-09
1.4580082e-11
1.6387383e-09
4.3352696e-11
1.6033636e-09
7.3389748e-11
1.5519935e-09
1.0668844e-10
1.4820743e-09
1.4546995e-10
1.3897394e-09
1.9254731e-10
1.2693012e-09
2.5169547e-10
1.1124702e-09
3.2779709e-10
9.0778661e-10
4.252417e-10
6.4428732e-10
5.3840629e-10
3.2937568e-10
6.2548362e-10
4.6131235e-13
5.8820711e-10
2.1451202e-19
4.6130053e-13
2.1465026e-20
2.5162352e-19
2.9130384e-20
1.1392847e-20
1.6607326e-20
1.8583729e-20
1.3992068e-20
-1.0958882e-20
1.3207525e-14
-1.3207558e-14
6.5225535e-12
-7.5472938e-12
1.4569737e-11
-1.2315986e-11
2.8607911e-11
-2.5090056e-11
4.1252442e-11
-2.5245681e-11
5.018913e-11
-1.8857e-11
5.4811134e-11
-1.0095804e-11
5.5804951e-11
-2.1893355e-12
5.4230419e-11
3.6980295e-12
5.1005658e-11
7.6410653e-12
4.6822494e-11
1.0069619e-11
4.2132772e-11
1.1493136e-11
3.7174852e-11
1.2377384e-11
3.2024331e-11
1.3071923e-11
2.6694442e-11
1.3707807e-11
2.1303432e-11
1.4080572e-11
1.6247075e-11
1.3657163e-11
1.225833e-11
1.1759634e-11
1.0411329e-11
7.6829294e-12
1.2115848e-11
7.4846252e-13
1.8988016e-11
-9.5030307e-12
3.2762869e-11
-2.3294888e-11
5.5016552e-11
-4.0322385e-11
8.6861216e-11
-5.9682837e-11
1.2871894e-10
-8.0041683e-11
1.8031114e-10
-1.0000406e-10
2.4078846e-10
-1.1840042e-10
3.0891607e-10
-1.3441077e-10
3.8326585e-10
-1.4759279e-10
4.6238229e-10
-1.5783864e-10
5.4488997e-10
-1.6527061e-10
6.2954798e-10
-1.7013653e-10
7.1526903e-10
-1.7273658e-10
8.0111935e-10
-1.733805e-10
8.8630756e-10
-1.7236218e-10
9.7017094e-10
-1.6994964e-10
1.0521623e-09
-1.6638317e-10
1.1318361e-09
-1.6187515e-10
1.208836e-09
-1.5661232e-10
1.2828841e-09
-1.5075906e-10
1.3537722e-09
-1.4446018e-10
1.4213529e-09
-1.3784297e-10
1.485533e-09
-1.3101887e-10
1.5462657e-09
-1.2408484e-10
1.6035449e-09
-1.1712459e-10
1.6573989e-09
-1.1020964e-10
1.7078849e-09
-1.0340025e-10
1.7550843e-09
-9.6746459e-11
1.7990978e-09
-9.0288939e-11
1.8400417e-09
-8.405989e-11
1.8780437e-09
-7.8083972e-11
1.9132401e-09
-7.2379165e-11
1.9457728e-09
-6.695758e-11
1.9757869e-09
-6.1826297e-11
2.0034283e-09
-5.6988122e-11
2.0288424e-09
-5.2442244e-11
2.0521725e-09
-4.8184906e-11
2.0735585e-09
-4.4209964e-11
2.0931362e-09
-4.0509353e-11
2.1110366e-09
-3.7073541e-11
2.127385e-09
-3.3891881e-11
2.1423012e-09
-3.0952891e-11
2.1558989e-09
-2.8244513e-11
2.1682854e-09
-2.5754302e-11
2.1795619e-09
-2.3469567e-11
2.189823e-09
-2.1377501e-11
2.199157e-09
-1.9465283e-11
2.207646e-09
-1.7720145e-11
2.2153657e-09
-1.6129462e-11
2.2223857e-09
-1.4680825e-11
2.2287695e-09
-1.3362107e-11
2.2345749e-09
-1.2161558e-11
2.2398541e-09
-1.106789e-11
2.244654e-09
-1.007036e-11
2.2490165e-09
-9.1588686e-12
2.2529788e-09
-8.3240457e-12
2.2565739e-09
-7.5573216e-12
2.2598312e-09
-6.8509934e-12
2.2627764e-09
-6.1982648e-12
2.2654327e-09
-5.5932606e-12
2.2678204e-09
-5.0310226e-12
2.2699584e-09
-4.5074743e-12
2.2718634e-09
-4.0193597e-12
2.2735514e-09
-3.5641647e-12
2.275037e-09
-3.1400173e-12
2.2763346e-09
-2.7455741e-12
2.2774579e-09
-2.3799027e-12
2.2784204e-09
-2.0423614e-12
2.2792352e-09
-1.7324823e-12
2.2799155e-09
-1.4498671e-12
2.280474e-09
-1.194095e-12
2.2809234e-09
-9.6464821e-13
2.281276e-09
-7.6085776e-13
2.2815436e-09
-5.8186889e-13
2.2817376e-09
-4.2662514e-13
2.2818687e-09
-2.9387081e-13
2.2819471e-09
-1.821677e-13
2.281982e-09
-8.9923139e-14
2.281982e-09
-1.5426831e-14
2.2819545e-09
4.3108198e-14
2.2819065e-09
8.7502208e-14
2.2818438e-09
1.1956837e-13
2.2817713e-09
1.4107355e-13
2.2816934e-09
1.5370508e-13
2.2816135e-09
1.5904329e-13
2.2815343e-09
1.5854053e-13
2.281458e-09
1.5350648e-13
2.2813861e-09
1.4509997e-13
2.2813198e-09
1.3432638e-13
2.2812598e-09
1.2203985e-13
2.2812063e-09
1.089498e-13
2.2811594e-09
9.5630484e-14
2.2811191e-09
8.2532811e-14
2.2810849e-09
6.9997717e-14
2.2810566e-09
5.8270177e-14
2.2810336e-09
4.7513265e-14
2.2810153e-09
3.7821859e-14
2.2810012e-09
2.9235468e-14
2.2809908e-09
2.1749968e-14
2.2809835e-09
1.5328121e-14
2.2809789e-09
9.9087072e-15
2.2809764e-09
5.4143127e-15
2.2809758e-09
1.757792e-15
2.2809765e-09
-1.1525565e-15
2.2809783e-09
-3.4087906e-15
2.280981e-09
-5.1003924e-15
2.2809842e-09
-6.3119935e-15
2.2809878e-09
-7.1218889e-15
2.2809916e-09
-7.6011488e-15
2.2809955e-09
-7.8131964e-15
2.2809994e-09
-7.8137433e-15
2.2810032e-09
-7.6510084e-15
2.2810068e-09
-7.3661239e-15
2.2810103e-09
-6.9936636e-15
2.2810136e-09
-6.5622546e-15
2.2810166e-09
-6.0952179e-15
2.2810193e-09
-5.6112087e-15
2.2810219e-09
-5.1248478e-15
2.2810242e-09
-4.6473171e-15
2.2810262e-09
-4.1869104e-15
2.2810281e-09
-3.7495405e-15
2.2810297e-09
-3.3391825e-15
2.2810312e-09
-2.9582461e-15
2.2810325e-09
-2.6078896e-15
2.2810336e-09
-2.2882806e-15
2.2810346e-09
-1.9988228e-15
2.2810354e-09
-1.7383626e-15
2.2810361e-09
-1.5053691e-15
2.2810368e-09
-1.2980755e-15
2.2810373e-09
-1.1145857e-15
2.2810378e-09
-9.5294616e-16
2.2810382e-09
-8.1120189e-16
2.2810385e-09
-6.8744862e-16
2.2810388e-09
-5.7987571e-16
2.281039e-09
-4.8678389e-16
2.2810392e-09
-4.0657661e-16
2.2810394e-09
-3.3774172e-16
2.2810395e-09
-2.7885875e-16
2.2810396e-09
-2.2864864e-16
2.2810397e-09
-1.8602765e-16
2.2810398e-09
-1.5010168e-16
2.2810399e-09
-1.2008091e-16
2.2810399e-09
-9.5176195e-17
2.2810399e-09
-7.4581483e-17
2.28104e-09
-5.7577039e-17
2.28104e-09
-4.3647277e-17
2.28104e-09
-3.2463586e-17
2.28104e-09
-2.3722778e-17
2.28104e-09
-1.7015183e-17
2.28104e-09
-1.1893325e-17
2.28104e-09
-8.0728158e-18
2.28104e-09
-5.4940838e-18
2.28104e-09
-4.1186612e-18
2.28104e-09
-3.701646e-18
2.28104e-09
-3.8741165e-18
2.28104e-09
-4.4756702e-18
2.28104e-09
-5.6702614e-18
2.28104e-09
-7.6036481e-18
2.28104e-09
-1.0052113e-17
2.28104e-09
-1.2642141e-17
2.2810401e-09
-1.5385252e-17
2.2810401e-09
-1.8667055e-17
2.2810401e-09
-2.2611602e-17
2.2810401e-09
-2.685467e-17
2.2810401e-09
-3.1209131e-17
2.2810401e-09
-3.6105716e-17
2.2810401e-09
-4.1909262e-17
2.2810402e-09
-4.8287807e-17
2.2810402e-09
-5.4935845e-17
2.2810402e-09
-6.2351733e-17
2.2810403e-09
-7.1014048e-17
2.2810403e-09
-8.0541167e-17
2.2810403e-09
-9.0713872e-17
2.2810404e-09
-1.022183e-16
2.2810405e-09
-1.1534556e-16
2.2810405e-09
-1.2965667e-16
2.2810406e-09
-1.4548796e-16
2.2810407e-09
-1.6347055e-16
2.2810408e-09
-1.8332066e-16
2.2810409e-09
-2.0522083e-16
2.281041e-09
-2.2979429e-16
2.2810411e-09
-2.5676104e-16
2.2810412e-09
-2.8640704e-16
2.2810414e-09
-3.1951314e-16
2.2810416e-09
-3.5555861e-16
2.2810418e-09
-3.9497645e-16
2.281042e-09
-4.3771277e-16
2.2810422e-09
-4.8341555e-16
2.2810425e-09
-5.323512e-16
2.2810428e-09
-5.8357606e-16
2.2810431e-09
-6.3676777e-16
2.2810435e-09
-6.9067642e-16
2.2810438e-09
-7.4337729e-16
2.2810442e-09
-7.9260108e-16
2.2810446e-09
-8.352689e-16
2.2810451e-09
-8.6693234e-16
2.2810455e-09
-8.8241333e-16
2.281046e-09
-8.7407491e-16
2.2810464e-09
-8.3462815e-16
2.2810468e-09
-7.4677895e-16
2.2810471e-09
-6.1911744e-16
2.2810473e-09
-3.6562125e-16
-1.7358962e-16
1.6606239e-09
2.062282e-11
1.6426032e-09
6.1373466e-11
1.6121496e-09
1.0384331e-10
1.5681439e-09
1.5069412e-10
1.5087683e-09
2.0484556e-10
1.4313851e-09
2.6993054e-10
1.3323302e-09
3.5075032e-10
1.2066352e-09
4.5349211e-10
1.047562e-09
5.8431493e-10
8.4447881e-10
7.4148947e-10
5.8035617e-10
8.8960626e-10
2.9104466e-10
8.7751862e-10
1.7910187e-12
2.897149e-10
3.7436512e-12
-1.9526323e-12
1.6811431e-11
-1.3067779e-11
3.4102999e-11
-1.7291568e-11
5.0016487e-11
-1.5913488e-11
4.8914307e-11
1.0889719e-12
3.7133014e-11
4.2339993e-12
4.0610664e-11
-1.5793635e-11
5.1534811e-11
-3.6014203e-11
6.3838827e-11
-3.7549697e-11
7.0325417e-11
-2.5343589e-11
7.3213662e-11
-1.2984049e-11
7.4172059e-11
-3.1477331e-12
7.4085325e-11
3.7847641e-12
7.3491818e-11
8.2345719e-12
7.277982e-11
1.0781617e-11
7.2206817e-11
1.2066139e-11
7.1912642e-11
1.2671558e-11
7.1931449e-11
1.3053116e-11
7.2251032e-11
1.3388224e-11
7.2982112e-11
1.3349492e-11
7.4553795e-11
1.208548e-11
7.7731626e-11
8.5818026e-12
8.3576095e-11
1.8384596e-12
9.3411857e-11
-9.0872988e-12
1.0877213e-10
-2.4863302e-11
1.3121211e-10
-4.573487e-11
1.6209827e-10
-7.1208545e-11
2.0223036e-10
-9.9814927e-11
2.5163295e-10
-1.2944427e-10
3.0964326e-10
-1.5801438e-10
3.7512364e-10
-1.8388079e-10
4.4668992e-10
-2.0597706e-10
5.2290734e-10
-2.2381021e-10
6.0243097e-10
-2.3736227e-10
6.8406082e-10
-2.4690046e-10
7.6675452e-10
-2.5283023e-10
8.4962583e-10
-2.5560789e-10
9.3192679e-10
-2.5568145e-10
1.0130264e-09
-2.5346182e-10
1.0923964e-09
-2.4931961e-10
1.1695991e-09
-2.4358587e-10
1.2442786e-09
-2.3655467e-10
1.3161529e-09
-2.2848666e-10
1.3850063e-09
-2.1961246e-10
1.4506821e-09
-2.1013591e-10
1.5130758e-09
-2.0023672e-10
1.5721296e-09
-1.9007264e-10
1.627826e-09
-1.797812e-10
1.6801825e-09
-1.6948117e-10
1.729247e-09
-1.5927406e-10
1.7750919e-09
-1.4924521e-10
1.8178107e-09
-1.3946525e-10
1.8575131e-09
-1.2999134e-10
1.8943216e-09
-1.208684e-10
1.9283681e-09
-1.1213044e-10
1.9597908e-09
-1.0380188e-10
1.9887319e-09
-9.5898654e-11
2.015335e-09
-8.8429479e-11
2.0397439e-09
-8.1396957e-11
2.0621002e-09
-7.4798538e-11
2.0825428e-09
-6.8627496e-11
2.1012065e-09
-6.2873747e-11
2.1182217e-09
-5.7524527e-11
2.1337132e-09
-5.2565048e-11
2.1478004e-09
-4.7979008e-11
2.1605964e-09
-4.3748983e-11
2.1722087e-09
-3.9856801e-11
2.1827382e-09
-3.6283805e-11
2.1922797e-09
-3.3011043e-11
2.2009217e-09
-3.0019456e-11
2.2087464e-09
-2.7290008e-11
2.21583e-09
-2.4803783e-11
2.2222427e-09
-2.2542105e-11
2.2280485e-09
-2.0486641e-11
2.2333059e-09
-1.8619495e-11
2.2380677e-09
-1.6923344e-11
2.2423813e-09
-1.5381556e-11
2.2462893e-09
-1.3978317e-11
2.2498292e-09
-1.2698773e-11
2.2530343e-09
-1.1529156e-11
2.2559339e-09
-1.0456884e-11
2.2585535e-09
-9.470662e-12
2.2609158e-09
-8.5605392e-12
2.2630405e-09
-7.7179275e-12
2.264945e-09
-6.9355942e-12
2.2666452e-09
-6.2076087e-12
2.2681551e-09
-5.52925e-12
2.2694878e-09
-4.8968885e-12
2.2706556e-09
-4.3078381e-12
2.2716702e-09
-3.7601867e-12
2.2725429e-09
-3.252624e-12
2.2732848e-09
-2.7842634e-12
2.2739068e-09
-2.3544722e-12
2.2744197e-09
-1.9627189e-12
2.274834e-09
-1.608441e-12
2.2751603e-09
-1.2909369e-12
2.2754088e-09
-1.0092886e-12
2.2755892e-09
-7.6231237e-13
2.2757111e-09
-5.4853555e-13
2.2757834e-09
-3.6620077e-13
2.2758146e-09
-2.1328939e-13
2.2758122e-09
-8.7562154e-14
2.2757834e-09
1.3389414e-14
2.2757344e-09
9.2082325e-14
2.2756708e-09
1.5108345e-13
2.2755974e-09
1.9294904e-13
2.2755184e-09
2.2017011e-13
2.2754369e-09
2.3512464e-13
2.2753559e-09
2.4003848e-13
2.2752775e-09
2.3695531e-13
2.2752033e-09
2.2771585e-13
2.2751345e-09
2.1394627e-13
2.2750717e-09
1.9705455e-13
2.2750155e-09
1.7823388e-13
2.274966e-09
1.5847204e-13
2.2749231e-09
1.3856521e-13
2.2748865e-09
1.1913493e-13
2.2748558e-09
1.0064732e-13
2.2748307e-09
8.3433108e-14
2.2748105e-09
6.7707758e-14
2.2747947e-09
5.3591023e-14
2.2747828e-09
4.1125248e-14
2.2747743e-09
3.0292076e-14
2.2747686e-09
2.1027385e-14
2.2747653e-09
1.3234245e-14
2.2747639e-09
6.7939122e-15
2.2747641e-09
1.5749453e-15
2.2747655e-09
-2.5595268e-15
2.2747678e-09
-5.7458872e-15
2.2747708e-09
-8.1160299e-15
2.2747743e-09
-9.794153e-15
2.2747781e-09
-1.0894758e-14
2.274782e-09
-1.1521473e-14
2.2747859e-09
-1.176653e-14
2.2747898e-09
-1.1710753e-14
2.2747936e-09
-1.1423929e-14
2.2747972e-09
-1.0965447e-14
2.2748006e-09
-1.0385105e-14
2.2748038e-09
-9.7240275e-15
2.2748067e-09
-9.0156283e-15
2.2748094e-09
-8.2865594e-15
2.2748118e-09
-7.5576398e-15
2.274814e-09
-6.8447241e-15
2.274816e-09
-6.1594995e-15
2.2748177e-09
-5.5102166e-15
2.2748193e-09
-4.9023295e-15
2.2748207e-09
-4.3390383e-15
2.2748219e-09
-3.8217527e-15
2.2748229e-09
-3.3504783e-15
2.2748239e-09
-2.9241487e-15
2.2748247e-09
-2.540922e-15
2.2748254e-09
-2.1984331e-15
2.274826e-09
-1.8939942e-15
2.2748265e-09
-1.624746e-15
2.2748269e-09
-1.3877634e-15
2.2748273e-09
-1.1801311e-15
2.2748276e-09
-9.9901135e-16
2.2748279e-09
-8.4169836e-16
2.2748281e-09
-7.0564746e-16
2.2748283e-09
-5.8847979e-16
2.2748284e-09
-4.8797526e-16
2.2748285e-09
-4.0208329e-16
2.2748286e-09
-3.2896567e-16
2.2748287e-09
-2.670331e-16
2.2748288e-09
-2.1492076e-16
2.2748288e-09
-1.7139785e-16
2.2748289e-09
-1.3527723e-16
2.2748289e-09
-1.0541841e-16
2.2748289e-09
-8.0837205e-17
2.2748289e-09
-6.0801418e-17
2.2748289e-09
-4.4778507e-17
2.274829e-09
-3.2262187e-17
2.274829e-09
-2.2664652e-17
2.274829e-09
-1.5412563e-17
2.274829e-09
-1.0135776e-17
2.274829e-09
-6.6811575e-18
2.274829e-09
-4.8840805e-18
2.274829e-09
-4.3823755e-18
2.274829e-09
-4.7613417e-18
2.274829e-09
-5.8773325e-18
2.274829e-09
-7.8822182e-18
2.274829e-09
-1.0826401e-17
2.274829e-09
-1.4391094e-17
2.274829e-09
-1.8228495e-17
2.274829e-09
-2.2452623e-17
2.274829e-09
-2.7453358e-17
2.274829e-09
-3.3239647e-17
2.274829e-09
-3.9417565e-17
2.274829e-09
-4.5944316e-17
2.2748291e-09
-5.3342908e-17
2.2748291e-09
-6.1865324e-17
2.2748291e-09
-7.1118532e-17
2.2748291e-09
-8.0998979e-17
2.2748292e-09
-9.2155643e-17
2.2748292e-09
-1.0491254e-16
2.2748292e-09
-1.1883247e-16
2.2748293e-09
-1.3399053e-16
2.2748293e-09
-1.5120183e-16
2.2748294e-09
-1.7057217e-16
2.2748294e-09
-1.9176522e-16
2.2748295e-09
-2.1540488e-16
2.2748296e-09
-2.4204984e-16
2.2748297e-09
-2.7139703e-16
2.2748298e-09
-3.0393568e-16
2.2748299e-09
-3.4044252e-16
2.27483e-09
-3.8056553e-16
2.2748301e-09
-4.2487843e-16
2.2748303e-09
-4.741396e-16
2.2748305e-09
-5.2785116e-16
2.2748307e-09
-5.8677403e-16
2.2748309e-09
-6.5066926e-16
2.2748311e-09
-7.1947745e-16
2.2748314e-09
-7.9331715e-16
2.2748317e-09
-8.7109502e-16
2.274832e-09
-9.5215146e-16
2.2748323e-09
-1.0348466e-15
2.2748327e-09
-1.1165869e-15
2.2748331e-09
-1.1941574e-15
2.2748335e-09
-1.2633368e-15
2.274834e-09
-1.3178172e-15
2.2748344e-09
-1.3498892e-15
2.2748349e-09
-1.3484845e-15
2.2748354e-09
-1.3028285e-15
2.2748358e-09
-1.1877034e-15
2.2748362e-09
-1.0145658e-15
2.2748365e-09
-6.5835696e-16
-3.9055402e-16
1.6619267e-09
2.5362786e-11
1.6477373e-09
7.556289e-11
1.623818e-09
1.2776255e-10
1.5895446e-09
1.8496755e-10
1.5439988e-09
2.5039137e-10
1.4860522e-09
3.2787713e-10
1.4145433e-09
4.2225923e-10
1.3286122e-09
5.394232e-10
1.2281384e-09
6.8478873e-10
1.1140832e-09
8.5554466e-10
9.8783706e-10
1.0158524e-09
8.2133961e-10
1.0440161e-09
4.0485275e-10
7.0620176e-10
1.3008003e-10
2.7282009e-10
5.6713863e-11
6.0298387e-11
4.1692992e-11
-2.2706977e-12
4.2020737e-11
-1.6241232e-11
6.0547056e-11
-1.7437348e-11
8.4436113e-11
-1.9655057e-11
9.594058e-11
-2.7298103e-11
9.42198e-11
-3.4293422e-11
9.0827024e-11
-3.4156921e-11
9.1365414e-11
-2.5881979e-11
9.3507223e-11
-1.5125858e-11
9.6354065e-11
-5.9945759e-12
9.9786115e-11
3.5271407e-13
1.0384323e-10
4.177456e-12
1.0853753e-10
6.0873224e-12
1.1390724e-10
6.6964292e-12
1.2002127e-10
6.5575207e-12
1.2694624e-10
6.1281484e-12
1.3473517e-10
5.5992934e-12
1.4359002e-10
4.4946437e-12
1.5411121e-10
1.5642881e-12
1.6724502e-10
-4.5520066e-12
1.8414772e-10
-1.506424e-11
2.0619333e-10
-3.1132906e-11
2.3476733e-10
-5.3437303e-11
2.7110109e-10
-8.2068632e-11
3.1595795e-10
-1.1606541e-10
3.6928077e-10
-1.5313775e-10
4.3023695e-10
-1.9040044e-10
4.9753696e-10
-2.2531439e-10
5.6970068e-10
-2.560445e-10
6.4527688e-10
-2.8155326e-10
7.2302878e-10
-3.0156211e-10
8.0195573e-10
-3.1628921e-10
8.8123183e-10
-3.2617657e-10
9.6016923e-10
-3.3176764e-10
1.0381865e-09
-3.3362518e-10
1.1147873e-09
-3.3228223e-10
1.1895513e-09
-3.2822584e-10
1.2621247e-09
-3.2189295e-10
1.3322123e-09
-3.1367352e-10
1.3995738e-09
-3.0391612e-10
1.4640199e-09
-2.9293284e-10
1.5254104e-09
-2.8100295e-10
1.5836502e-09
-2.6837564e-10
1.6386857e-09
-2.5527221e-10
1.6905009e-09
-2.4188787e-10
1.739113e-09
-2.2839331e-10
1.7845679e-09
-2.1493608e-10
1.826936e-09
-2.0164215e-10
1.866308e-09
-1.8861716e-10
1.9027908e-09
-1.7594811e-10
1.9365044e-09
-1.6370488e-10
1.9675778e-09
-1.5194178e-10
1.9961466e-09
-1.4069931e-10
2.0223505e-09
-1.3000573e-10
2.0463304e-09
-1.198786e-10
2.0682274e-09
-1.1032642e-10
2.0881804e-09
-1.0134999e-10
2.1063256e-09
-9.2943723e-11
2.122795e-09
-8.5096873e-11
2.1377158e-09
-7.7794595e-11
2.1512101e-09
-7.1018816e-11
2.1633941e-09
-6.474906e-11
2.1743782e-09
-5.8963093e-11
2.1842666e-09
-5.3637413e-11
2.1931575e-09
-4.874771e-11
2.2011429e-09
-4.4269181e-11
2.2083086e-09
-4.017676e-11
2.2147345e-09
-3.6445342e-11
2.2204944e-09
-3.3049926e-11
2.2256564e-09
-2.9965733e-11
2.2302826e-09
-2.7168346e-11
2.2344298e-09
-2.4633834e-11
2.2381492e-09
-2.2338868e-11
2.2414867e-09
-2.0260888e-11
2.2444834e-09
-1.8378257e-11
2.2471755e-09
-1.6670427e-11
2.2495949e-09
-1.5118113e-11
2.2517692e-09
-1.370346e-11
2.2537225e-09
-1.2410178e-11
2.2554755e-09
-1.1223661e-11
2.257046e-09
-1.0131065e-11
2.2584494e-09
-9.1213296e-12
2.259699e-09
-8.1851655e-12
2.2608063e-09
-7.31498e-12
2.2617819e-09
-6.5047557e-12
2.2626349e-09
-5.7498933e-12
2.263374e-09
-5.0470174e-12
2.2640076e-09
-4.3937554e-12
2.2645435e-09
-3.7885129e-12
2.2649895e-09
-3.2302435e-12
2.2653532e-09
-2.7182299e-12
2.2656424e-09
-2.2518884e-12
2.2658646e-09
-1.8305991e-12
2.2660272e-09
-1.4535694e-12
2.2661376e-09
-1.1197359e-12
2.266203e-09
-8.2770102e-13
2.2662302e-09
-5.757054e-13
2.2662256e-09
-3.6163217e-13
2.2661954e-09
-1.8303594e-13
2.266145e-09
-3.7195125e-14
2.2660796e-09
7.882564e-14
2.2660036e-09
1.6809694e-13
2.2659209e-09
2.3375443e-13
2.2658349e-09
2.7892098e-13
2.2657484e-09
3.0663942e-13
2.2656638e-09
3.198129e-13
2.2655826e-09
3.211562e-13
2.2655064e-09
3.1315846e-13
2.2654361e-09
2.9805751e-13
2.2653722e-09
2.7782568e-13
2.2653151e-09
2.5416554e-13
2.2652648e-09
2.2851441e-13
2.2652212e-09
2.0205633e-13
2.2651841e-09
1.7573947e-13
2.2651529e-09
1.5029749e-13
2.2651273e-09
1.2627351e-13
2.2651067e-09
1.0404522e-13
2.2650905e-09
8.3849884e-14
2.2650783e-09
6.580874e-14
2.2650695e-09
4.9949646e-14
2.2650635e-09
3.6227785e-14
2.26506e-09
2.4544099e-14
2.2650585e-09
1.4761232e-14
2.2650586e-09
6.717028e-15
2.2650599e-09
2.3559053e-16
2.2650622e-09
-4.8636798e-15
2.2650652e-09
-8.7592025e-15
2.2650687e-09
-1.1622246e-14
2.2650726e-09
-1.3613188e-14
2.2650765e-09
-1.4879199e-14
2.2650806e-09
-1.555294e-14
2.2650846e-09
-1.5752065e-14
2.2650884e-09
-1.5579329e-14
2.2650921e-09
-1.5123173e-14
2.2650956e-09
-1.4458616e-14
2.2650989e-09
-1.3648351e-14
2.2651019e-09
-1.2743973e-14
2.2651047e-09
-1.1787239e-14
2.2651072e-09
-1.0811314e-14
2.2651095e-09
-9.8419657e-15
2.2651115e-09
-8.8986872e-15
2.2651134e-09
-7.9957104e-15
2.265115e-09
-7.142938e-15
2.2651165e-09
-6.3467562e-15
2.2651177e-09
-5.6107266e-15
2.2651188e-09
-4.9361805e-15
2.2651198e-09
-4.3227164e-15
2.2651207e-09
-3.7686226e-15
2.2651214e-09
-3.2712497e-15
2.265122e-09
-2.8273233e-15
2.2651226e-09
-2.4331912e-15
2.265123e-09
-2.0850132e-15
2.2651234e-09
-1.7788927e-15
2.2651237e-09
-1.5109691e-15
2.265124e-09
-1.2774962e-15
2.2651243e-09
-1.0749057e-15
2.2651244e-09
-8.9984696e-16
2.2651246e-09
-7.4920437e-16
2.2651247e-09
-6.20099e-16
2.2651248e-09
-5.0989694e-16
2.2651249e-09
-4.1623805e-16
2.265125e-09
-3.3705248e-16
2.2651251e-09
-2.705232e-16
2.2651251e-09
-2.150011e-16
2.2651251e-09
-1.6893461e-16
2.2651252e-09
-1.3088949e-16
2.2651252e-09
-9.9652917e-17
2.2651252e-09
-7.4298304e-17
2.2651252e-09
-5.4101467e-17
2.2651252e-09
-3.8366511e-17
2.2651252e-09
-2.6345979e-17
2.2651252e-09
-1.7355221e-17
2.2651252e-09
-1.0940194e-17
2.2651252e-09
-6.8500351e-18
2.2651252e-09
-4.8015596e-18
2.2651252e-09
-4.3415235e-18
2.2651252e-09
-5.0367839e-18
2.2651252e-09
-6.7631174e-18
2.2651252e-09
-9.6386859e-18
2.2651252e-09
-1.3606836e-17
2.2651252e-09
-1.8276203e-17
2.2651252e-09
-2.3353127e-17
2.2651252e-09
-2.9043919e-17
2.2651252e-09
-3.570876e-17
2.2651253e-09
-4.3244863e-17
2.2651253e-09
-5.1272709e-17
2.2651253e-09
-5.9902138e-17
2.2651253e-09
-6.9694307e-17
2.2651253e-09
-8.0765453e-17
2.2651253e-09
-9.2723203e-17
2.2651254e-09
-1.0569876e-16
2.2651254e-09
-1.2042128e-16
2.2651254e-09
-1.37031e-16
2.2651255e-09
-1.5512851e-16
2.2651255e-09
-1.7509736e-16
2.2651255e-09
-1.9775101e-16
2.2651256e-09
-2.2301962e-16
2.2651257e-09
-2.5080272e-16
2.2651257e-09
-2.8191211e-16
2.2651258e-09
-3.1675093e-16
2.2651259e-09
-3.5522258e-16
2.265126e-09
-3.9809135e-16
2.2651261e-09
-4.4606185e-16
2.2651262e-09
-4.9891835e-16
2.2651263e-09
-5.5750379e-16
2.2651265e-09
-6.224122e-16
2.2651266e-09
-6.9344415e-16
2.2651268e-09
-7.7163457e-16
2.265127e-09
-8.5667792e-16
2.2651273e-09
-9.4878966e-16
2.2651275e-09
-1.047961e-15
2.2651278e-09
-1.1530994e-15
2.2651281e-09
-1.263303e-15
2.2651285e-09
-1.376838e-15
2.2651288e-09
-1.4907681e-15
2.2651292e-09
-1.6011662e-15
2.2651297e-09
-1.7028607e-15
2.2651301e-09
-1.7880206e-15
2.2651306e-09
-1.8468075e-15
2.2651312e-09
-1.8652801e-15
2.2651317e-09
-1.8295493e-15
2.2651322e-09
-1.707493e-15
2.2651327e-09
-1.5115136e-15
2.2651331e-09
-1.0829402e-15
-7.6474544e-16
1.6633889e-09
2.8640564e-11
1.653516e-09
8.5435791e-11
1.6369357e-09
1.4434284e-10
1.613486e-09
2.0841723e-10
1.5830524e-09
2.8082501e-10
1.5457572e-09
3.6517232e-10
1.5022834e-09
4.65733e-10
1.4543167e-09
5.8738989e-10
1.4046475e-09
7.3445794e-10
1.3544549e-09
9.0573723e-10
1.2899616e-09
1.0803458e-09
1.1469126e-09
1.1870651e-09
8.4090872e-10
1.0122056e-09
4.7472709e-10
6.3900172e-10
2.2990177e-10
3.0512371e-10
1.2039919e-10
1.0723188e-10
8.1055962e-11
2.3101997e-11
7.1739937e-11
-8.121323e-12
7.4278824e-11
-2.2193943e-11
7.9776956e-11
-3.2796236e-11
8.5191742e-11
-3.9708208e-11
9.1737824e-11
-4.0703003e-11
9.9538593e-11
-3.3682748e-11
1.0816913e-10
-2.3756397e-11
1.1774335e-10
-1.5568795e-11
1.2831778e-10
-1.0221712e-11
1.3983693e-10
-7.3416995e-12
1.5220232e-10
-6.2780655e-12
1.6534708e-10
-6.4483343e-12
1.7933569e-10
-7.4310884e-12
1.9442062e-10
-8.9567823e-12
2.1098845e-10
-1.0968536e-11
2.2963487e-10
-1.4151772e-11
2.5148435e-10
-2.0285197e-11
2.7797726e-10
-3.1044915e-11
3.105786e-10
-4.7665577e-11
3.5054689e-10
-7.1101197e-11
3.9887176e-10
-1.0176217e-10
4.558052e-10
-1.3900208e-10
5.2037011e-10
-1.8063031e-10
5.9077296e-10
-2.2354059e-10
6.6516808e-10
-2.6479556e-10
7.4189948e-10
-3.020458e-10
8.1956254e-10
-3.3370756e-10
8.971454e-10
-3.5913613e-10
9.7399143e-10
-3.7840814e-10
1.0496611e-09
-3.9195892e-10
1.1238577e-09
-4.0037314e-10
1.1963487e-09
-4.0425863e-10
1.2669167e-09
-4.0419316e-10
1.3353467e-09
-4.0071227e-10
1.4014308e-09
-3.9430995e-10
1.4649777e-09
-3.8543979e-10
1.525821e-09
-3.7451685e-10
1.5838251e-09
-3.6192018e-10
1.6388873e-09
-3.4799508e-10
1.6909392e-09
-3.3305489e-10
1.7399458e-09
-3.1738217e-10
1.7859033e-09
-3.0122976e-10
1.8288373e-09
-2.8482183e-10
1.8687988e-09
-2.6835483e-10
1.9058614e-09
-2.5199864e-10
1.9401172e-09
-2.3589797e-10
1.9716737e-09
-2.2017371e-10
2.0006503e-09
-2.0492469e-10
2.0271749e-09
-1.9022951e-10
2.0513815e-09
-1.7614835e-10
2.0734072e-09
-1.6272501e-10
2.0933904e-09
-1.4998891e-10
2.1114687e-09
-1.3795692e-10
2.1277776e-09
-1.2663529e-10
2.142449e-09
-1.1602142e-10
2.1556106e-09
-1.0610533e-10
2.167385e-09
-9.6871232e-11
2.1778891e-09
-8.829872e-11
2.1872341e-09
-8.0363855e-11
2.1955252e-09
-7.3040115e-11
2.2028612e-09
-6.6299144e-11
2.2093351e-09
-6.011132e-11
2.2150337e-09
-5.4446269e-11
2.2200377e-09
-4.9273215e-11
2.2244222e-09
-4.456123e-11
2.2282563e-09
-4.0279466e-11
2.2316037e-09
-3.639731e-11
2.2345225e-09
-3.2884503e-11
2.2370654e-09
-2.9711292e-11
2.2392802e-09
-2.6848563e-11
2.2412093e-09
-2.4267977e-11
2.2428905e-09
-2.1942162e-11
2.2443572e-09
-1.98449e-11
2.2456381e-09
-1.7951317e-11
2.2467581e-09
-1.6238103e-11
2.2477383e-09
-1.4683703e-11
2.2485966e-09
-1.3268485e-11
2.2493478e-09
-1.197488e-11
2.2500042e-09
-1.078747e-11
2.2505759e-09
-9.6930149e-12
2.2510712e-09
-8.6804308e-12
2.2514969e-09
-7.7406952e-12
2.2518588e-09
-6.8666965e-12
2.252162e-09
-6.05304e-12
2.2524108e-09
-5.2958097e-12
2.2526093e-09
-4.5923009e-12
2.2527616e-09
-3.9407472e-12
2.2528714e-09
-3.340044e-12
2.2529426e-09
-2.7894864e-12
2.2529793e-09
-2.2885356e-12
2.2529853e-09
-1.8366177e-12
2.2529647e-09
-1.4329617e-12
2.2529214e-09
-1.076484e-12
2.2528594e-09
-7.65714e-13
2.2527825e-09
-4.9876095e-13
2.2526942e-09
-2.7331891e-13
2.2525978e-09
-8.6701029e-14
2.2524965e-09
6.4101998e-14
2.252393e-09
1.8234545e-13
2.2522897e-09
2.7144705e-13
2.2521885e-09
3.3489878e-13
2.2520913e-09
3.7618135e-13
2.2519992e-09
3.9868588e-13
2.2519134e-09
4.0564544e-13
2.2518345e-09
4.0007945e-13
2.2517629e-09
3.8475123e-13
2.2516988e-09
3.6213879e-13
2.2516422e-09
3.3441904e-13
2.2515929e-09
3.0346334e-13
2.2515506e-09
2.7084303e-13
2.2515148e-09
2.3784357e-13
2.251485e-09
2.0548476e-13
2.2514608e-09
1.7454545e-13
2.2514415e-09
1.4559115e-13
2.2514265e-09
1.1900288e-13
2.2514154e-09
9.5005776e-14
2.2514075e-09
7.3696917e-14
2.2514024e-09
5.5071124e-14
2.2513995e-09
3.9044434e-14
2.2513986e-09
2.5474938e-14
2.2513992e-09
1.418074e-14
2.2514009e-09
4.9550849e-15
2.2514036e-09
-2.4214207e-15
2.2514069e-09
-8.1704247e-15
2.2514107e-09
-1.2508819e-14
2.2514147e-09
-1.5642928e-14
2.2514188e-09
-1.7764693e-14
2.251423e-09
-1.9049259e-14
2.2514271e-09
-1.9653732e-14
2.2514311e-09
-1.9716833e-14
2.2514348e-09
-1.9359212e-14
2.2514384e-09
-1.8684295e-14
2.2514417e-09
-1.7779457e-14
2.2514448e-09
-1.6717406e-14
2.2514476e-09
-1.5557707e-14
2.2514502e-09
-1.4348327e-14
2.2514525e-09
-1.3127133e-14
2.2514546e-09
-1.1923341e-14
2.2514564e-09
-1.0758837e-14
2.2514581e-09
-9.6493914e-15
2.2514595e-09
-8.6057483e-15
2.2514608e-09
-7.6345857e-15
2.251462e-09
-6.7393312e-15
2.2514629e-09
-5.9208646e-15
2.2514638e-09
-5.1781066e-15
2.2514645e-09
-4.5085119e-15
2.2514652e-09
-3.9084997e-15
2.2514657e-09
-3.3738111e-15
2.2514662e-09
-2.8997929e-15
2.2514666e-09
-2.481618e-15
2.2514669e-09
-2.114436e-15
2.2514672e-09
-1.7934742e-15
2.2514674e-09
-1.5141216e-15
2.2514676e-09
-1.2719985e-15
2.2514678e-09
-1.0630066e-15
2.2514679e-09
-8.8335854e-16
2.251468e-09
-7.2958147e-16
2.2514681e-09
-5.9851415e-16
2.2514682e-09
-4.8731609e-16
2.2514683e-09
-3.9346808e-16
2.2514683e-09
-3.1473335e-16
2.2514683e-09
-2.4908763e-16
2.2514684e-09
-1.9466767e-16
2.2514684e-09
-1.497961e-16
2.2514684e-09
-1.1306822e-16
2.2514684e-09
-8.338484e-17
2.2514684e-09
-5.9846485e-17
2.2514684e-09
-4.1586908e-17
2.2514684e-09
-2.7718255e-17
2.2514684e-09
-1.7455633e-17
2.2514684e-09
-1.0264898e-17
2.2514684e-09
-5.8070183e-18
2.2514684e-09
-3.7058865e-18
2.2514684e-09
-3.4505079e-18
2.2514684e-09
-4.6069101e-18
2.2514684e-09
-7.0588863e-18
2.2514684e-09
-1.0868832e-17
2.2514684e-09
-1.5875279e-17
2.2514684e-09
-2.164414e-17
2.2514684e-09
-2.7950306e-17
2.2514684e-09
-3.5063577e-17
2.2514684e-09
-4.328542e-17
2.2514685e-09
-5.2428781e-17
2.2514685e-09
-6.2181928e-17
2.2514685e-09
-7.2801349e-17
2.2514685e-09
-8.482841e-17
2.2514685e-09
-9.8240431e-17
2.2514685e-09
-1.1270832e-16
2.2514685e-09
-1.2859977e-16
2.2514686e-09
-1.4665101e-16
2.2514686e-09
-1.6682207e-16
2.2514686e-09
-1.8882618e-16
2.2514687e-09
-2.1331851e-16
2.2514687e-09
-2.4101794e-16
2.2514688e-09
-2.7174201e-16
2.2514688e-09
-3.0569902e-16
2.2514689e-09
-3.4380955e-16
2.251469e-09
-3.86304e-16
2.251469e-09
-4.3338627e-16
2.2514691e-09
-4.8607344e-16
2.2514692e-09
-5.4488931e-16
2.2514693e-09
-6.0982623e-16
2.2514695e-09
-6.8202626e-16
2.2514696e-09
-7.6195916e-16
2.2514698e-09
-8.4985524e-16
2.2514699e-09
-9.4693171e-16
2.2514701e-09
-1.0529503e-15
2.2514703e-09
-1.168342e-15
2.2514706e-09
-1.2930897e-15
2.2514709e-09
-1.4263585e-15
2.2514712e-09
-1.567225e-15
2.2514715e-09
-1.7141221e-15
2.2514719e-09
-1.8640409e-15
2.2514723e-09
-2.0125963e-15
2.2514727e-09
-2.1540008e-15
2.2514732e-09
-2.2794968e-15
2.2514738e-09
-2.3778232e-15
2.2514743e-09
-2.4329896e-15
2.2514749e-09
-2.4284349e-15
2.2514755e-09
-2.3264774e-15
2.2514762e-09
-2.1380321e-15
2.2514768e-09
-1.6793098e-15
-1.3456103e-15
1.6648612e-09
3.044606e-11
1.6593548e-09
9.0942167e-11
1.6501703e-09
1.5352735e-10
1.6375006e-09
2.2108696e-10
1.6218136e-09
2.9651193e-10
1.6040629e-09
3.8292304e-10
1.5860134e-09
4.837825e-10
1.57062e-09
6.0278328e-10
1.5620043e-09
7.430737e-10
1.5632676e-09
9.044739e-10
1.5687204e-09
1.074893e-09
1.5425604e-09
1.2132251e-09
1.3705672e-09
1.1841988e-09
1.0361529e-09
9.7341596e-10
6.6846249e-10
6.7281416e-10
3.8772654e-10
3.8796783e-10
2.248819e-10
1.8594663e-10
1.4623092e-10
7.0529659e-11
1.1177083e-10
1.2266146e-11
9.6691972e-11
-1.7717377e-11
9.1613598e-11
-3.4629834e-11
9.3714944e-11
-4.2804349e-11
1.0322323e-10
-4.3191032e-11
1.194478e-10
-3.9980971e-11
1.3929739e-10
-3.5418379e-11
1.6041749e-10
-3.134182e-11
1.8222489e-10
-2.9149091e-11
2.0485869e-10
-2.8911872e-11
2.2843013e-10
-3.0019774e-11
2.5297217e-10
-3.1973126e-11
2.7896066e-10
-3.4945271e-11
3.07932e-10
-3.993988e-11
3.4216671e-10
-4.838648e-11
3.8329347e-10
-6.1411958e-11
4.3213574e-10
-7.9887182e-11
4.8929483e-10
-1.0482467e-10
5.5504544e-10
-1.3685181e-10
6.2891473e-10
-1.7563146e-10
7.0913336e-10
-2.1922071e-10
7.9298461e-10
-2.6448156e-10
8.7767983e-10
-3.0823581e-10
9.6092308e-10
-3.4803881e-10
1.0412628e-09
-3.8238552e-10
1.1182124e-09
-4.1065721e-10
1.1918878e-09
-4.3281148e-10
1.2625837e-09
-4.4910401e-10
1.3305613e-09
-4.5993661e-10
1.3959792e-09
-4.6579101e-10
1.4588995e-09
-4.6717892e-10
1.5193162e-09
-4.6460989e-10
1.5771815e-09
-4.5857752e-10
1.632426e-09
-4.4955447e-10
1.6849756e-09
-4.3798937e-10
1.7347633e-09
-4.2430459e-10
1.7817379e-09
-4.0889473e-10
1.8258685e-09
-3.9212572e-10
1.8671477e-09
-3.7433405e-10
1.9055916e-09
-3.5582611e-10
1.9412397e-09
-3.3687788e-10
1.9741529e-09
-3.1773495e-10
2.0044108e-09
-2.9861279e-10
2.0321097e-09
-2.7969754e-10
2.057359e-09
-2.6114722e-10
2.0802782e-09
-2.4309299e-10
2.1009947e-09
-2.2564112e-10
2.1196402e-09
-2.0887501e-10
2.136349e-09
-1.928572e-10
2.1512558e-09
-1.7763181e-10
2.1644937e-09
-1.632268e-10
2.176193e-09
-1.4965615e-10
2.1864797e-09
-1.3692209e-10
2.1954755e-09
-1.2501714e-10
2.203296e-09
-1.1392583e-10
2.2100512e-09
-1.0362648e-10
2.2158451e-09
-9.4092565e-11
2.2207751e-09
-8.529395e-11
2.2249329e-09
-7.7197918e-11
2.2284038e-09
-6.9770014e-11
2.2312671e-09
-6.2974649e-11
2.2335965e-09
-5.6775643e-11
2.2354599e-09
-5.113659e-11
2.2369198e-09
-4.60211e-11
2.2380333e-09
-4.1393029e-11
2.2388526e-09
-3.7216625e-11
2.2394248e-09
-3.3456644e-11
2.239792e-09
-3.0078498e-11
2.2399918e-09
-2.7048396e-11
2.2400573e-09
-2.4333495e-11
2.2400173e-09
-2.1902111e-11
2.2398963e-09
-1.9723936e-11
2.2397153e-09
-1.7770251e-11
2.2394913e-09
-1.6014185e-11
2.2392386e-09
-1.4430931e-11
2.238968e-09
-1.2997935e-11
2.2386882e-09
-1.1695063e-11
2.2384054e-09
-1.050469e-11
2.2381241e-09
-9.4117321e-12
2.2378473e-09
-8.4036067e-12
2.2375768e-09
-7.470125e-12
2.2373134e-09
-6.6033089e-12
2.2370575e-09
-5.7971629e-12
2.2368091e-09
-5.0473961e-12
2.2365679e-09
-4.3511125e-12
2.2363336e-09
-3.7064965e-12
2.2361061e-09
-3.1124958e-12
2.2358851e-09
-2.5685225e-12
2.2356708e-09
-2.074188e-12
2.2354632e-09
-1.6290755e-12
2.2352628e-09
-1.2325577e-12
2.23507e-09
-8.8366641e-13
2.2348853e-09
-5.8100924e-13
2.2347093e-09
-3.2273267e-13
2.2345425e-09
-1.0652621e-13
2.2343854e-09
7.0340081e-14
2.2342386e-09
2.1095063e-13
2.2341023e-09
3.1866335e-13
2.2339767e-09
3.9701655e-13
2.233862e-09
4.4963339e-13
2.233758e-09
4.8012919e-13
2.2336647e-09
4.9202645e-13
2.2335816e-09
4.8868085e-13
2.2335085e-09
4.7322135e-13
2.2334448e-09
4.485046e-13
2.2333898e-09
4.1708388e-13
2.233343e-09
3.8119255e-13
2.2333038e-09
3.4273974e-13
2.2332713e-09
3.0331682e-13
2.2332449e-09
2.6421309e-13
2.233224e-09
2.2643795e-13
2.2332078e-09
1.9074779e-13
2.2331957e-09
1.5767594e-13
2.2331871e-09
1.2756373e-13
2.2331815e-09
1.0059132e-13
2.2331784e-09
7.680747e-14
2.2331773e-09
5.6157119e-14
2.2331779e-09
3.8506318e-14
2.2331797e-09
2.3664306e-14
2.2331825e-09
1.1402436e-14
2.2331859e-09
1.4699624e-15
2.2331899e-09
-6.3931384e-15
2.2331942e-09
-1.2445426e-14
2.2331986e-09
-1.6937091e-14
2.2332031e-09
-2.0103876e-14
2.2332075e-09
-2.2163461e-14
2.2332117e-09
-2.3313214e-14
2.2332158e-09
-2.372918e-14
2.2332197e-09
-2.3566002e-14
2.2332233e-09
-2.2957525e-14
2.2332266e-09
-2.2017937e-14
2.2332297e-09
-2.0843233e-14
2.2332325e-09
-1.9512882e-14
2.233235e-09
-1.8091624e-14
2.2332373e-09
-1.6631257e-14
2.2332393e-09
-1.5172365e-14
2.2332411e-09
-1.3745964e-14
2.2332428e-09
-1.2374998e-14
2.2332442e-09
-1.107569e-14
2.2332454e-09
-9.8587719e-15
2.2332465e-09
-8.7305453e-15
2.2332475e-09
-7.693798e-15
2.2332483e-09
-6.7485895e-15
2.233249e-09
-5.892903e-15
2.2332496e-09
-5.123187e-15
2.2332502e-09
-4.4348222e-15
2.2332506e-09
-3.8225109e-15
2.233251e-09
-3.280587e-15
2.2332513e-09
-2.8032572e-15
2.2332516e-09
-2.3847603e-15
2.2332518e-09
-2.0194693e-15
2.233252e-09
-1.7019749e-15
2.2332522e-09
-1.427161e-15
2.2332523e-09
-1.1902636e-15
2.2332524e-09
-9.8690595e-16
2.2332525e-09
-8.1309624e-16
2.2332525e-09
-6.6520694e-16
2.2332526e-09
-5.399665e-16
2.2332526e-09
-4.3445334e-16
2.2332527e-09
-3.4606481e-16
2.2332527e-09
-2.724634e-16
2.2332527e-09
-2.1153647e-16
2.2332527e-09
-1.6141589e-16
2.2332527e-09
-1.2054195e-16
2.2332527e-09
-8.7666681e-17
2.2332527e-09
-6.1733774e-17
2.2332527e-09
-4.1725108e-17
2.2332527e-09
-2.6631551e-17
2.2332527e-09
-1.5587374e-17
2.2332527e-09
-8.0005688e-18
2.2332527e-09
-3.4713146e-18
2.2332527e-09
-1.5589129e-18
2.2332527e-09
-1.7126676e-18
2.2332527e-09
-3.4954345e-18
2.2332527e-09
-6.7806474e-18
2.2332527e-09
-1.1563581e-17
2.2332527e-09
-1.7594557e-17
2.2332527e-09
-2.4428853e-17
2.2332527e-09
-3.1919191e-17
2.2332527e-09
-4.0375578e-17
2.2332527e-09
-5.0026884e-17
2.2332528e-09
-6.0627976e-17
2.2332528e-09
-7.1959848e-17
2.2332528e-09
-8.4399205e-17
2.2332528e-09
-9.8435975e-17
2.2332528e-09
-1.1394857e-16
2.2332528e-09
-1.3072336e-16
2.2332528e-09
-1.4930985e-16
2.2332529e-09
-1.7036568e-16
2.2332529e-09
-1.9371963e-16
2.2332529e-09
-2.1928037e-16
2.233253e-09
-2.4790085e-16
2.233253e-09
-2.8013414e-16
2.233253e-09
-3.1578065e-16
2.2332531e-09
-3.5538096e-16
2.2332531e-09
-3.9989834e-16
2.2332532e-09
-4.4944392e-16
2.2332533e-09
-5.0447852e-16
2.2332534e-09
-5.6618714e-16
2.2332534e-09
-6.350116e-16
2.2332536e-09
-7.1120896e-16
2.2332537e-09
-7.9615645e-16
2.2332538e-09
-8.9031854e-16
2.2332539e-09
-9.9439596e-16
2.2332541e-09
-1.1096908e-15
2.2332543e-09
-1.2361525e-15
2.2332545e-09
-1.374435e-15
2.2332547e-09
-1.5247668e-15
2.233255e-09
-1.6868523e-15
2.2332553e-09
-1.8599242e-15
2.2332556e-09
-2.0427204e-15
2.233256e-09
-2.2324554e-15
2.2332564e-09
-2.4247271e-15
2.2332568e-09
-2.6137188e-15
2.2332574e-09
-2.7905869e-15
2.2332579e-09
-2.9435134e-15
2.2332585e-09
-3.0553493e-15
2.2332592e-09
-3.1074101e-15
2.23326e-09
-3.0585039e-15
2.2332607e-09
-2.9155315e-15
2.2332615e-09
-2.4815879e-15
-2.176563e-15
1.666231e-09
3.0881708e-11
1.6648093e-09
9.2363917e-11
1.6625165e-09
1.558201e-10
1.6597706e-09
2.2383287e-10
1.657383e-09
2.9889952e-10
1.6567465e-09
3.8355952e-10
1.6601134e-09
4.8041566e-10
1.6709156e-09
5.9198109e-10
1.6938837e-09
7.2010558e-10
1.7340443e-09
8.6431329e-10
1.7924246e-09
1.0165127e-09
1.8524766e-09
1.1531731e-09
1.836604e-09
1.2000714e-09
1.6881741e-09
1.1218459e-09
1.4143833e-09
9.4660496e-10
1.0757003e-09
7.2665083e-10
7.5531364e-10
5.0633332e-10
5.1074066e-10
3.1510264e-10
3.5286297e-10
1.7014383e-10
2.6197868e-10
7.3166915e-11
2.118568e-10
1.5492047e-11
1.8583588e-10
-1.6783433e-11
1.7765472e-10
-3.5009864e-11
1.838812e-10
-4.6207456e-11
2.0131538e-10
-5.2852558e-11
2.2716019e-10
-5.7186626e-11
2.5894718e-10
-6.0936085e-11
2.9494921e-10
-6.4913903e-11
3.3451608e-10
-6.9586647e-11
3.7811441e-10
-7.5571453e-11
4.2694332e-10
-8.3774179e-11
4.8239078e-10
-9.5387336e-11
5.4555822e-10
-1.1155392e-10
6.1703493e-10
-1.3288866e-10
6.967867e-10
-1.5963895e-10
7.8384495e-10
-1.9188292e-10
8.7597404e-10
-2.2898089e-10
9.6978993e-10
-2.6944735e-10
1.0618414e-09
-3.1127216e-10
1.149663e-09
-3.5230319e-10
1.2320712e-09
-3.9064399e-10
1.3088881e-09
-4.2485568e-10
1.3805152e-09
-4.5401268e-10
1.4475479e-09
-4.7768987e-10
1.5105644e-09
-4.9582801e-10
1.5700452e-09
-5.0858476e-10
1.6263528e-09
-5.1624424e-10
1.6797343e-09
-5.1917254e-10
1.730341e-09
-5.1778557e-10
1.778255e-09
-5.1252391e-10
1.8235141e-09
-5.0383665e-10
1.8661308e-09
-4.9217109e-10
1.9061067e-09
-4.7796533e-10
1.9434443e-09
-4.6164223e-10
1.9781542e-09
-4.4360463e-10
2.0102602e-09
-4.2423163e-10
2.0398016e-09
-4.0387553e-10
2.066835e-09
-3.8285944e-10
2.0914328e-09
-3.6147572e-10
2.1136828e-09
-3.3998494e-10
2.1336857e-09
-3.1861563e-10
2.1515527e-09
-2.975646e-10
2.1674035e-09
-2.7699801e-10
2.1813632e-09
-2.5705268e-10
2.1935602e-09
-2.3783814e-10
2.204124e-09
-2.1943884e-10
2.2131833e-09
-2.0191649e-10
2.2208643e-09
-1.8531278e-10
2.2272894e-09
-1.6965194e-10
2.2325765e-09
-1.5494321e-10
2.2368378e-09
-1.4118336e-10
2.2401796e-09
-1.2835896e-10
2.2427021e-09
-1.1644832e-10
2.244499e-09
-1.0542342e-10
2.2456579e-09
-9.5251455e-11
2.2462601e-09
-8.5896104e-11
2.2463808e-09
-7.7318667e-11
2.2460898e-09
-6.9478927e-11
2.2454509e-09
-6.2335774e-11
2.244523e-09
-5.5847746e-11
2.2433598e-09
-4.9973376e-11
2.2420101e-09
-4.4671417e-11
2.2405181e-09
-3.9901049e-11
2.2389235e-09
-3.5622009e-11
2.2372615e-09
-3.1794687e-11
2.2355633e-09
-2.8380274e-11
2.2338558e-09
-2.5340906e-11
2.2321621e-09
-2.2639827e-11
2.2305017e-09
-2.0241615e-11
2.2288901e-09
-1.811243e-11
2.2273402e-09
-1.6220254e-11
2.2258611e-09
-1.4535175e-11
2.2244598e-09
-1.3029633e-11
2.2231405e-09
-1.1678628e-11
2.2219054e-09
-1.04599e-11
2.2207547e-09
-9.3540266e-12
2.2196874e-09
-8.344444e-12
2.2187012e-09
-7.4174025e-12
2.2177929e-09
-6.5618326e-12
2.2169588e-09
-5.7691367e-12
2.2161945e-09
-5.0329273e-12
2.2154958e-09
-4.3487139e-12
2.2148583e-09
-3.7135571e-12
2.2142775e-09
-3.125718e-12
2.2137493e-09
-2.5843082e-12
2.2132698e-09
-2.0889617e-12
2.2128351e-09
-1.639544e-12
2.2124419e-09
-1.2359046e-12
2.2120871e-09
-8.7767953e-13
2.2117675e-09
-5.6414952e-13
2.2114807e-09
-2.9414995e-13
2.211224e-09
-6.6030576e-14
2.2109951e-09
1.2234204e-13
2.2107919e-09
2.7354335e-13
2.2106123e-09
3.905262e-13
2.2104545e-09
4.7653405e-13
2.2103165e-09
5.3500492e-13
2.2101966e-09
5.6947172e-13
2.2100933e-09
5.834662e-13
2.2100049e-09
5.8043095e-13
2.2099299e-09
5.6364297e-13
2.209867e-09
5.3615217e-13
2.2098148e-09
5.0073471e-13
2.209772e-09
4.5986145e-13
2.2097375e-09
4.1568141e-13
2.2097102e-09
3.7001794e-13
2.2096892e-09
3.2437583e-13
2.2096734e-09
2.7995788e-13
2.2096622e-09
2.3768806e-13
2.2096547e-09
1.9823928e-13
2.2096503e-09
1.6206434e-13
2.2096484e-09
1.2942771e-13
2.2096486e-09
1.0043709e-13
2.2096503e-09
7.5073631e-14
2.2096533e-09
5.3219901e-14
2.2096571e-09
3.4685028e-14
2.2096615e-09
1.9226829e-14
2.2096663e-09
6.5706911e-15
2.2096714e-09
-3.5750303e-15
2.2096765e-09
-1.1505622e-14
2.2096816e-09
-1.7510863e-14
2.2096865e-09
-2.186736e-14
2.2096912e-09
-2.4833349e-14
2.2096957e-09
-2.6645365e-14
2.2096999e-09
-2.7516382e-14
2.2097038e-09
-2.7635186e-14
2.2097074e-09
-2.7166663e-14
2.2097107e-09
-2.6252735e-14
2.2097137e-09
-2.5013813e-14
2.2097164e-09
-2.3550548e-14
2.2097189e-09
-2.1945755e-14
2.209721e-09
-2.0266437e-14
2.209723e-09
-1.8565786e-14
2.2097247e-09
-1.6885085e-14
2.2097262e-09
-1.5255501e-14
2.2097275e-09
-1.3699702e-14
2.2097287e-09
-1.2233314e-14
2.2097297e-09
-1.0866232e-14
2.2097305e-09
-9.6037587e-15
2.2097313e-09
-8.447585e-15
2.2097319e-09
-7.3966291e-15
2.2097325e-09
-6.4477238e-15
2.209733e-09
-5.5961816e-15
2.2097334e-09
-4.8362812e-15
2.2097337e-09
-4.1616738e-15
2.209734e-09
-3.565709e-15
2.2097342e-09
-3.0416839e-15
2.2097344e-09
-2.5830027e-15
2.2097346e-09
-2.1832721e-15
2.2097347e-09
-1.8363816e-15
2.2097348e-09
-1.5365806e-15
2.2097349e-09
-1.2785406e-15
2.209735e-09
-1.0573892e-15
2.2097351e-09
-8.6869737e-16
2.2097351e-09
-7.084431e-16
2.2097351e-09
-5.7299069e-16
2.2097352e-09
-4.5908376e-16
2.2097352e-09
-3.6382391e-16
2.2097352e-09
-2.8463113e-16
2.2097352e-09
-2.1920967e-16
2.2097352e-09
-1.6555515e-16
2.2097352e-09
-1.2198916e-16
2.2097352e-09
-8.7134887e-17
2.2097352e-09
-5.9794148e-17
2.2097352e-09
-3.8820178e-17
2.2097352e-09
-2.3118117e-17
2.2097352e-09
-1.1781991e-17
2.2097352e-09
-4.1965211e-18
2.2097352e-09
7.5795452e-20
2.2097352e-09
1.5272917e-18
2.2097352e-09
7.4511967e-19
2.2097352e-09
-1.8204561e-18
2.2097352e-09
-6.0140485e-18
2.2097352e-09
-1.1759139e-17
2.2097352e-09
-1.8745981e-17
2.2097352e-09
-2.6562942e-17
2.2097352e-09
-3.5157451e-17
2.2097352e-09
-4.4858017e-17
2.2097352e-09
-5.5801e-17
2.2097352e-09
-6.7696781e-17
2.2097352e-09
-8.04338e-17
2.2097352e-09
-9.448664e-17
2.2097352e-09
-1.1027473e-16
2.2097352e-09
-1.2761174e-16
2.2097353e-09
-1.464258e-16
2.2097353e-09
-1.6739285e-16
2.2097353e-09
-1.9104576e-16
2.2097353e-09
-2.1714629e-16
2.2097353e-09
-2.4583433e-16
2.2097354e-09
-2.780675e-16
2.2097354e-09
-3.1423438e-16
2.2097355e-09
-3.5422933e-16
2.2097355e-09
-3.9885745e-16
2.2097355e-09
-4.4902362e-16
2.2097356e-09
-5.0483943e-16
2.2097357e-09
-5.6699913e-16
2.2097357e-09
-6.3672446e-16
2.2097358e-09
-7.1449069e-16
2.2097359e-09
-8.0091086e-16
2.209736e-09
-8.9754192e-16
2.2097361e-09
-1.0049161e-15
2.2097362e-09
-1.1241007e-15
2.2097364e-09
-1.2564638e-15
2.2097366e-09
-1.4023842e-15
2.2097367e-09
-1.5628369e-15
2.209737e-09
-1.7384743e-15
2.2097372e-09
-1.9296879e-15
2.2097375e-09
-2.136025e-15
2.2097378e-09
-2.3566866e-15
2.2097382e-09
-2.5895436e-15
2.2097386e-09
-2.8308649e-15
2.209739e-09
-3.0755507e-15
2.2097395e-09
-3.3154882e-15
2.2097401e-09
-3.5391493e-15
2.2097408e-09
-3.7293436e-15
2.2097416e-09
-3.8663567e-15
2.2097424e-09
-3.9084519e-15
2.2097434e-09
-3.8561677e-15
2.2097444e-09
-3.5149285e-15
-3.2911258e-15
1.6674319e-09
3.0116426e-11
1.6696122e-09
9.0183614e-11
1.673373e-09
1.5205938e-10
1.6792343e-09
2.1797157e-10
1.6881401e-09
2.8999367e-10
1.7016054e-09
3.7009424e-10
1.721924e-09
4.60097e-10
1.7524008e-09
5.6150433e-10
1.7974575e-09
6.7504885e-10
1.8620458e-09
7.9972502e-10
1.9486901e-09
9.2986842e-10
2.0496385e-09
1.0522247e-09
2.1223954e-09
1.1273145e-09
2.1211903e-09
1.1230509e-09
2.0275572e-09
1.0402381e-09
1.8516702e-09
9.0253778e-10
1.6192095e-09
7.3879397e-10
1.3627441e-09
5.7156811e-10
1.117531e-09
4.1535693e-10
9.1220834e-10
2.7848956e-10
7.5932622e-10
1.6837416e-10
6.5804509e-10
8.4497696e-11
5.9945599e-10
2.3579241e-11
5.7162365e-10
-1.8375113e-11
5.6774296e-10
-4.8971867e-11
5.8240229e-10
-7.1845956e-11
6.1135639e-10
-8.9890193e-11
6.5171808e-10
-1.0527559e-10
7.0175314e-10
-1.196217e-10
7.6038289e-10
-1.3420121e-10
8.267662e-10
-1.5015749e-10
8.9996133e-10
-1.6858246e-10
9.7875309e-10
-1.9034569e-10
1.0617196e-09
-2.1585522e-10
1.1472287e-09
-2.4514805e-10
1.2333388e-09
-2.77993e-10
1.3180202e-09
-3.1366231e-10
1.3994711e-09
-3.5089821e-10
1.4763582e-09
-3.881593e-10
1.5479564e-09
-4.2390136e-10
1.6141031e-09
-4.5679074e-10
1.6750453e-09
-4.8579779e-10
1.7312551e-09
-5.1022247e-10
1.783253e-09
-5.2968786e-10
1.831506e-09
-5.4408099e-10
1.8763957e-09
-5.534744e-10
1.9182186e-09
-5.5806718e-10
1.9571945e-09
-5.5814847e-10
1.9934794e-09
-5.5407043e-10
2.0271817e-09
-5.4622626e-10
2.0583783e-09
-5.3503325e-10
2.0871273e-09
-5.2092005e-10
2.1134785e-09
-5.0431652e-10
2.1374815e-09
-4.8564522e-10
2.1591912e-09
-4.6531436e-10
2.1786715e-09
-4.4371195e-10
2.195997e-09
-4.2120106e-10
2.2112536e-09
-3.9811606e-10
2.2245379e-09
-3.7475995e-10
2.2359555e-09
-3.5140259e-10
2.2456199e-09
-3.2828e-10
2.2536496e-09
-3.0559434e-10
2.2601666e-09
-2.8351501e-10
2.2652939e-09
-2.6217998e-10
2.2691538e-09
-2.41698e-10
2.2718661e-09
-2.2215113e-10
2.2735469e-09
-2.035973e-10
2.2743074e-09
-1.8607335e-10
2.2742534e-09
-1.6959787e-10
2.2734841e-09
-1.5417396e-10
2.2720927e-09
-1.3979195e-10
2.2701656e-09
-1.2643188e-10
2.2677829e-09
-1.1406562e-10
2.2650184e-09
-1.0265888e-10
2.2619398e-09
-9.2172864e-11
2.2586092e-09
-8.2565553e-11
2.2550834e-09
-7.3792895e-11
2.2514142e-09
-6.5809644e-11
2.2476484e-09
-5.8569968e-11
2.2438286e-09
-5.2027952e-11
2.2399931e-09
-4.6137914e-11
2.2361763e-09
-4.085459e-11
2.2324085e-09
-3.6133304e-11
2.2287166e-09
-3.1930077e-11
2.2251236e-09
-2.8201701e-11
2.2216492e-09
-2.4905887e-11
2.2183097e-09
-2.2001403e-11
2.2151182e-09
-1.9448262e-11
2.2120845e-09
-1.7207967e-11
2.2092159e-09
-1.5243775e-11
2.2065166e-09
-1.3520981e-11
2.2039886e-09
-1.2007216e-11
2.2016317e-09
-1.0672722e-11
2.1994437e-09
-9.4905774e-12
2.1974206e-09
-8.4368812e-12
2.1955575e-09
-7.4908566e-12
2.1938479e-09
-6.6348645e-12
2.1922848e-09
-5.8543409e-12
2.1908606e-09
-5.137643e-12
2.1895673e-09
-4.4758147e-12
2.1883967e-09
-3.8622951e-12
2.1873405e-09
-3.2925738e-12
2.1863908e-09
-2.7638163e-12
2.1855396e-09
-2.2744836e-12
2.1847792e-09
-1.8239578e-12
2.1841025e-09
-1.4121906e-12
2.1835023e-09
-1.039396e-12
2.1829722e-09
-7.0578773e-13
2.1825059e-09
-4.1137213e-13
2.1820975e-09
-1.5579768e-13
2.1817416e-09
6.1738565e-14
2.1814331e-09
2.4253458e-13
2.181167e-09
3.8838146e-13
2.1809391e-09
5.0152443e-13
2.180745e-09
5.8459613e-13
2.180581e-09
6.4053059e-13
2.1804435e-09
6.7246674e-13
2.1803293e-09
6.8364849e-13
2.1802355e-09
6.773289e-13
2.1801592e-09
6.5668254e-13
2.1800981e-09
6.2472954e-13
2.18005e-09
5.842748e-13
2.1800129e-09
5.378621e-13
2.179985e-09
4.8774317e-13
2.1799648e-09
4.3586191e-13
2.179951e-09
3.83851e-13
2.1799423e-09
3.3303935e-13
2.1799378e-09
2.8446878e-13
2.1799366e-09
2.3891715e-13
2.1799379e-09
1.9692581e-13
2.1799411e-09
1.5883009e-13
2.1799458e-09
1.247905e-13
2.1799514e-09
9.4823464e-14
2.1799576e-09
6.8830729e-14
2.1799642e-09
4.6626386e-14
2.179971e-09
2.7961039e-14
2.1799776e-09
1.2542976e-14
2.1799842e-09
5.5827986e-17
2.1799904e-09
-9.826285e-15
2.1799963e-09
-1.7427092e-14
2.1800019e-09
-2.3059375e-14
2.180007e-09
-2.7018097e-14
2.1800118e-09
-2.9575962e-14
2.1800161e-09
-3.098068e-14
2.18002e-09
-3.1453657e-14
2.1800236e-09
-3.1189853e-14
2.1800268e-09
-3.0358482e-14
2.1800296e-09
-2.9104303e-14
2.1800322e-09
-2.7549376e-14
2.1800344e-09
-2.5795067e-14
2.1800364e-09
-2.3924179e-14
2.1800381e-09
-2.200317e-14
2.1800397e-09
-2.0084298e-14
2.180041e-09
-1.8207648e-14
2.1800421e-09
-1.6403009e-14
2.1800431e-09
-1.469157e-14
2.180044e-09
-1.3087424e-14
2.1800447e-09
-1.1598919e-14
2.1800453e-09
-1.0229845e-14
2.1800459e-09
-8.9804367e-15
2.1800463e-09
-7.8482386e-15
2.1800467e-09
-6.8287974e-15
2.180047e-09
-5.9162314e-15
2.1800473e-09
-5.1037182e-15
2.1800475e-09
-4.383904e-15
2.1800477e-09
-3.7492319e-15
2.1800478e-09
-3.1921902e-15
2.180048e-09
-2.7054642e-15
2.1800481e-09
-2.2820197e-15
2.1800481e-09
-1.9151733e-15
2.1800482e-09
-1.598663e-15
2.1800482e-09
-1.326709e-15
2.1800483e-09
-1.0940462e-15
2.1800483e-09
-8.9590451e-16
2.1800483e-09
-7.2795787e-16
2.1800483e-09
-5.8629207e-16
2.1800484e-09
-4.6739622e-16
2.1800484e-09
-3.6815378e-16
2.1800484e-09
-2.8581891e-16
2.1800484e-09
-2.1798274e-16
2.1800484e-09
-1.6255595e-16
2.1800484e-09
-1.1776843e-16
2.1800483e-09
-8.2129596e-17
2.1800483e-09
-5.4325424e-17
2.1800483e-09
-3.3128243e-17
2.1800483e-09
-1.7414084e-17
2.1800483e-09
-6.2796979e-18
2.1800483e-09
8.9415149e-19
2.1800483e-09
4.5777957e-18
2.1800483e-09
5.3119111e-18
2.1800483e-09
3.7192248e-18
2.1800483e-09
2.7250879e-19
2.1800483e-09
-4.8347053e-18
2.1800483e-09
-1.1472872e-17
2.1800483e-09
-1.932273e-17
2.1800483e-09
-2.8043908e-17
2.1800483e-09
-3.7661575e-17
2.1800483e-09
-4.847548e-17
2.1800483e-09
-6.052035e-17
2.1800483e-09
-7.3502668e-17
2.1800483e-09
-8.743798e-17
2.1800483e-09
-1.0286068e-16
2.1800483e-09
-1.2009411e-16
2.1800484e-09
-1.3892488e-16
2.1800484e-09
-1.5944514e-16
2.1800484e-09
-1.8240285e-16
2.1800484e-09
-2.0817702e-16
2.1800484e-09
-2.3652857e-16
2.1800484e-09
-2.678486e-16
2.1800485e-09
-3.0311669e-16
2.1800485e-09
-3.4256158e-16
2.1800485e-09
-3.8623678e-16
2.1800486e-09
-4.3513113e-16
2.1800486e-09
-4.9003655e-16
2.1800487e-09
-5.5115979e-16
2.1800487e-09
-6.1939422e-16
2.1800488e-09
-6.9594401e-16
2.1800488e-09
-7.8143193e-16
2.1800489e-09
-8.7683335e-16
2.180049e-09
-9.8377253e-16
2.1800491e-09
-1.1029167e-15
2.1800492e-09
-1.2356509e-15
2.1800493e-09
-1.3834938e-15
2.1800495e-09
-1.5474605e-15
2.1800496e-09
-1.7289171e-15
2.1800498e-09
-1.9290022e-15
2.1800501e-09
-2.1488295e-15
2.1800503e-09
-2.3884976e-15
2.1800506e-09
-2.6480062e-15
2.1800509e-09
-2.9264477e-15
2.1800513e-09
-3.2214551e-15
2.1800518e-09
-3.5292606e-15
2.1800523e-09
-3.8432098e-15
2.1800529e-09
-4.1531422e-15
2.1800536e-09
-4.4435106e-15
2.1800545e-09
-4.6953853e-15
2.1800554e-09
-4.8699871e-15
2.1800565e-09
-4.9595428e-15
2.1800578e-09
-4.7902583e-15
-4.7062525e-15
1.6684407e-09
2.8342348e-11
1.6736656e-09
8.4958768e-11
1.6825198e-09
1.4320517e-10
1.6955234e-09
2.0496799e-10
1.7135869e-09
2.719302e-10
1.7381158e-09
3.4556529e-10
1.7711455e-09
4.2706728e-10
1.8154673e-09
5.1718258e-10
1.8746373e-09
6.1587887e-10
1.9525559e-09
7.2180633e-10
2.0516452e-09
8.3077916e-10
2.1691269e-09
9.3474307e-10
2.2837049e-09
1.0127365e-09
2.3642164e-09
1.0425394e-09
2.3880504e-09
1.0164041e-09
2.3489705e-09
9.4161766e-10
2.2548325e-09
8.32932e-10
2.1212109e-09
7.0518972e-10
1.965654e-09
5.7091385e-10
1.8046266e-09
4.3951695e-10
1.6542263e-09
3.1877441e-10
1.5252351e-09
2.1348889e-10
1.424561e-09
1.242534e-10
1.3544735e-09
5.171231e-11
1.3115427e-09
-6.0410048e-12
1.2912348e-09
-5.1538055e-11
1.2901841e-09
-8.8839563e-11
1.3049479e-09
-1.2003938e-10
1.3326283e-09
-1.4730204e-10
1.3708667e-09
-1.7243963e-10
1.4176659e-09
-1.9695667e-10
1.4711668e-09
-2.2208342e-10
1.5295477e-09
-2.4872653e-10
1.5910686e-09
-2.7737618e-10
1.6540636e-09
-3.0814297e-10
1.7168868e-09
-3.4081624e-10
1.7780264e-09
-3.748019e-10
1.8362738e-09
-4.0914567e-10
1.8908125e-09
-4.4269798e-10
1.9412186e-09
-4.7430742e-10
1.9873925e-09
-5.0296461e-10
2.0294663e-09
-5.2787163e-10
2.0677089e-09
-5.4846508e-10
2.1024357e-09
-5.6441462e-10
2.1339486e-09
-5.7559393e-10
2.1625116e-09
-5.8203738e-10
2.1883452e-09
-5.8390085e-10
2.2116292e-09
-5.8143246e-10
2.232508e-09
-5.749492e-10
2.251099e-09
-5.6481729e-10
2.2675015e-09
-5.5143568e-10
2.2818039e-09
-5.3522249e-10
2.2940908e-09
-5.1660338e-10
2.3044472e-09
-4.9600165e-10
2.3129624e-09
-4.7382954e-10
2.3197315e-09
-4.5048102e-10
2.3248562e-09
-4.2632575e-10
2.3284445e-09
-4.0170439e-10
2.3306097e-09
-3.7692512e-10
2.3314686e-09
-3.5226149e-10
2.3311399e-09
-3.2795132e-10
2.3297423e-09
-3.041968e-10
2.3273929e-09
-2.8116552e-10
2.3242049e-09
-2.5899204e-10
2.3202873e-09
-2.3778041e-10
2.3157431e-09
-2.1760693e-10
2.3106689e-09
-1.9852305e-10
2.3051542e-09
-1.8055866e-10
2.2992815e-09
-1.6372522e-10
2.2931263e-09
-1.4801873e-10
2.286757e-09
-1.3342263e-10
2.2802355e-09
-1.1991039e-10
2.2736176e-09
-1.0744774e-10
2.2669535e-09
-9.599472e-11
2.260288e-09
-8.5507335e-11
2.2536613e-09
-7.593886e-11
2.2471093e-09
-6.7240963e-11
2.2406642e-09
-5.9364501e-11
2.2343543e-09
-5.2260076e-11
2.2282048e-09
-4.5878469e-11
2.2222378e-09
-4.01709e-11
2.2164724e-09
-3.508916e-11
2.2109248e-09
-3.0585742e-11
2.2056086e-09
-2.6613915e-11
2.2005347e-09
-2.3127792e-11
2.1957113e-09
-2.0082464e-11
2.1911441e-09
-1.7434159e-11
2.1868362e-09
-1.514044e-11
2.1827888e-09
-1.316048e-11
2.1790003e-09
-1.1455355e-11
2.1754677e-09
-9.988355e-12
2.1721858e-09
-8.7253091e-12
2.169148e-09
-7.6348768e-12
2.1663462e-09
-6.6887921e-12
2.1637713e-09
-5.862049e-12
2.1614135e-09
-5.1330008e-12
2.159262e-09
-4.4833654e-12
2.1573058e-09
-3.8981436e-12
2.1555336e-09
-3.3654434e-12
2.153934e-09
-2.8762223e-12
2.1524957e-09
-2.4239686e-12
2.1512074e-09
-2.0043315e-12
2.1500583e-09
-1.614724e-12
2.1490378e-09
-1.2539211e-12
2.1481355e-09
-9.2167057e-13
2.1473416e-09
-6.1832108e-13
2.1466467e-09
-3.4451171e-13
2.1460418e-09
-1.0089741e-13
2.1455184e-09
1.120602e-13
2.1450684e-09
2.9425227e-13
2.1446841e-09
4.4601324e-13
2.1443584e-09
5.6816929e-13
2.1440848e-09
6.6203749e-13
2.1438569e-09
7.2938902e-13
2.1436691e-09
7.723842e-13
2.1435162e-09
7.9348944e-13
2.1433933e-09
7.9538359e-13
2.1432961e-09
7.8086112e-13
2.1432206e-09
7.5273966e-13
2.1431635e-09
7.1377553e-13
2.1431217e-09
6.6659076e-13
2.1430923e-09
6.1361497e-13
2.1430732e-09
5.5704154e-13
2.1430621e-09
4.9879837e-13
2.1430574e-09
4.4053306e-13
2.1430577e-09
3.8360997e-13
2.1430616e-09
3.291175e-13
2.1430682e-09
2.7788421e-13
2.1430766e-09
2.3050079e-13
2.1430862e-09
1.8734614e-13
2.1430964e-09
1.486161e-13
2.1431068e-09
1.1435279e-13
2.1431172e-09
8.4473327e-14
2.1431272e-09
5.8797212e-14
2.1431368e-09
3.7071299e-14
2.1431457e-09
1.8992039e-14
2.1431541e-09
4.2247456e-15
2.1431617e-09
-7.5805204e-15
2.1431686e-09
-1.6774789e-14
2.1431749e-09
-2.370093e-14
2.1431805e-09
-2.8685176e-14
2.1431856e-09
-3.2031683e-14
2.14319e-09
-3.4018928e-14
2.1431939e-09
-3.4897741e-14
2.1431974e-09
-3.4890625e-14
2.1432004e-09
-3.419215e-14
2.143203e-09
-3.2970067e-14
2.1432052e-09
-3.1366938e-14
2.1432072e-09
-2.9502146e-14
2.1432089e-09
-2.7474104e-14
2.1432103e-09
-2.5362544e-14
2.1432115e-09
-2.3230852e-14
2.1432126e-09
-2.1128303e-14
2.1432135e-09
-1.9092143e-14
2.1432142e-09
-1.7149502e-14
2.1432148e-09
-1.5319102e-14
2.1432154e-09
-1.3612763e-14
2.1432158e-09
-1.2036764e-14
2.1432162e-09
-1.0593019e-14
2.1432165e-09
-9.280088e-15
2.1432167e-09
-8.0940232e-15
2.1432169e-09
-7.029055e-15
2.1432171e-09
-6.0781398e-15
2.1432172e-09
-5.2334326e-15
2.1432173e-09
-4.4866852e-15
2.1432174e-09
-3.8295679e-15
2.1432174e-09
-3.25391e-15
2.1432175e-09
-2.7518379e-15
2.1432175e-09
-2.3158371e-15
2.1432175e-09
-1.938802e-15
2.1432176e-09
-1.6140953e-15
2.1432176e-09
-1.3356108e-15
2.1432176e-09
-1.0978103e-15
2.1432176e-09
-8.9569737e-16
2.1432176e-09
-7.2474839e-16
2.1432176e-09
-5.8086513e-16
2.1432176e-09
-4.6036823e-16
2.1432175e-09
-3.6000686e-16
2.1432175e-09
-2.7694925e-16
2.1432175e-09
-2.0873726e-16
2.1432175e-09
-1.5323514e-16
2.1432175e-09
-1.0860401e-16
2.1432175e-09
-7.327103e-17
2.1432175e-09
-4.5861645e-17
2.1432175e-09
-2.5134199e-17
2.1432175e-09
-9.9867209e-18
2.1432175e-09
4.6128418e-19
2.1432175e-09
6.8353492e-18
2.1432175e-09
9.6446323e-18
2.1432175e-09
9.4782643e-18
2.1432175e-09
6.9907145e-18
2.1432175e-09
2.6676242e-18
2.1432175e-09
-3.2870339e-18
2.1432175e-09
-1.073804e-17
2.1432175e-09
-1.9392386e-17
2.1432175e-09
-2.8965123e-17
2.1432175e-09
-3.9500221e-17
2.1432175e-09
-5.1231408e-17
2.1432175e-09
-6.4121418e-17
2.1432175e-09
-7.7927534e-17
2.1432175e-09
-9.2796465e-17
2.1432175e-09
-1.0928384e-16
2.1432175e-09
-1.2761501e-16
2.1432175e-09
-1.4758576e-16
2.1432175e-09
-1.694352e-16
2.1432175e-09
-1.9391979e-16
2.1432175e-09
-2.2128466e-16
2.1432175e-09
-2.5137297e-16
2.1432176e-09
-2.8478777e-16
2.1432176e-09
-3.224307e-16
2.1432176e-09
-3.6440241e-16
2.1432176e-09
-4.1096436e-16
2.1432177e-09
-4.6320701e-16
2.1432177e-09
-5.2179227e-16
2.1432177e-09
-5.8709358e-16
2.1432178e-09
-6.6018115e-16
2.1432178e-09
-7.4222899e-16
2.1432179e-09
-8.3402336e-16
2.1432179e-09
-9.3682981e-16
2.143218e-09
-1.0522992e-15
2.1432181e-09
-1.1813393e-15
2.1432182e-09
-1.3256319e-15
2.1432183e-09
-1.4869487e-15
2.1432184e-09
-1.667028e-15
2.1432185e-09
-1.8676045e-15
2.1432187e-09
-2.0903066e-15
2.1432189e-09
-2.3370564e-15
2.1432191e-09
-2.6088966e-15
2.1432193e-09
-2.9070556e-15
2.1432197e-09
-3.2322448e-15
2.14322e-09
-3.5838878e-15
2.1432204e-09
-3.9601085e-15
2.143221e-09
-4.3566805e-15
2.1432216e-09
-4.7663507e-15
2.1432223e-09
-5.1772801e-15
2.1432232e-09
-5.5734348e-15
2.1432242e-09
-5.9225808e-15
2.1432255e-09
-6.2078683e-15
2.143227e-09
-6.2967808e-15
-6.4122581e-15
1.6692689e-09
2.5740115e-11
1.6770093e-09
7.7218389e-11
1.6900483e-09
1.3016615e-10
1.7088258e-09
1.8619054e-10
1.734099e-09
2.4665693e-10
1.767016e-09
3.1264828e-10
1.8091933e-09
3.8489004e-10
1.8627639e-09
4.6361194e-10
1.9303232e-09
5.4831957e-10
2.0146323e-09
6.3749725e-10
2.1175668e-09
7.2784464e-10
2.2383562e-09
8.1395371e-10
2.3666771e-09
8.8441553e-10
2.4837179e-09
9.2549862e-10
2.571182e-09
9.2893999e-10
2.6181671e-09
8.946326e-10
2.6226489e-09
8.2845018e-10
2.5890816e-09
7.3875706e-10
2.5256275e-09
6.3436795e-10
2.4420715e-09
5.2307288e-10
2.3489768e-09
4.118691e-10
2.2559987e-09
3.0646704e-10
2.1701549e-09
2.1009715e-10
2.0969736e-09
1.2489364e-10
2.0392825e-09
5.1650065e-11
1.9981031e-09
-1.0358585e-11
1.9723557e-09
-6.309221e-11
1.9606929e-09
-1.0837658e-10
1.9614291e-09
-1.4803826e-10
1.9727727e-09
-1.8378322e-10
1.9929219e-09
-2.1710584e-10
2.0200748e-09
-2.4923634e-10
2.0524434e-09
-2.8109516e-10
2.0883119e-09
-3.1324461e-10
2.1260682e-09
-3.4589927e-10
2.1642138e-09
-3.7896187e-10
2.2014378e-09
-4.1202592e-10
2.2367103e-09
-4.4441811e-10
2.2693231e-09
-4.7531078e-10
2.29887e-09
-5.0385434e-10
2.3251881e-09
-5.2928275e-10
2.3482909e-09
-5.5097437e-10
2.3683045e-09
-5.6847871e-10
2.3854116e-09
-5.8152173e-10
2.3998103e-09
-5.8999266e-10
2.4116924e-09
-5.9391942e-10
2.4212342e-09
-5.9344271e-10
2.428595e-09
-5.8879322e-10
2.4339177e-09
-5.8027194e-10
2.437333e-09
-5.6823254e-10
2.438963e-09
-5.5306572e-10
2.4389259e-09
-5.3518535e-10
2.4373386e-09
-5.1501611e-10
2.4343195e-09
-4.929825e-10
2.4299891e-09
-4.6949917e-10
2.4244708e-09
-4.4496269e-10
2.4178898e-09
-4.1974472e-10
2.410372e-09
-3.9418665e-10
2.4020428e-09
-3.6859586e-10
2.3930246e-09
-3.432433e-10
2.3834358e-09
-3.1836253e-10
2.3733889e-09
-2.9414988e-10
2.3629892e-09
-2.7076582e-10
2.352334e-09
-2.4833684e-10
2.3415118e-09
-2.269583e-10
2.3306024e-09
-2.0669753e-10
2.3196764e-09
-1.8759702e-10
2.3087958e-09
-1.69678e-10
2.2980143e-09
-1.5294375e-10
2.2873782e-09
-1.3738269e-10
2.276927e-09
-1.2297143e-10
2.266694e-09
-1.0967736e-10
2.2567072e-09
-9.7460923e-11
2.24699e-09
-8.627758e-11
2.2375621e-09
-7.607944e-11
2.2284398e-09
-6.6816475e-11
2.2196363e-09
-5.8437541e-11
2.2111629e-09
-5.0891084e-11
2.2030284e-09
-4.41256e-11
2.19524e-09
-3.808998e-11
2.1878027e-09
-3.2733686e-11
2.1807204e-09
-2.8006834e-11
2.173995e-09
-2.3860274e-11
2.1676267e-09
-2.0245639e-11
2.1616143e-09
-1.7115405e-11
2.1559549e-09
-1.4423028e-11
2.1506438e-09
-1.2123121e-11
2.1456751e-09
-1.0171685e-11
2.141041e-09
-8.5264041e-12
2.1367326e-09
-7.1469769e-12
2.1327397e-09
-5.9954556e-12
2.129051e-09
-5.0365929e-12
2.1256543e-09
-4.2381508e-12
2.1225366e-09
-3.5711532e-12
2.1196846e-09
-3.0100702e-12
2.1170846e-09
-2.5329098e-12
2.1147224e-09
-2.1212079e-12
2.1125842e-09
-1.7599293e-12
2.110656e-09
-1.4372689e-12
2.1089242e-09
-1.1443742e-12
2.1073752e-09
-8.7500315e-13
2.105996e-09
-6.2513699e-13
2.1047738e-09
-3.9256679e-13
2.1036964e-09
-1.7647637e-13
2.1027518e-09
2.2938041e-14
2.1019286e-09
2.0488171e-13
2.1012158e-09
3.6823592e-13
2.1006031e-09
5.1185563e-13
2.1000804e-09
6.3477486e-13
2.0996383e-09
7.3636194e-13
2.0992679e-09
8.1641554e-13
2.0989608e-09
8.7521089e-13
2.0987094e-09
9.1350198e-13
2.0985063e-09
9.3248786e-13
2.0983449e-09
9.3375159e-13
2.0982192e-09
9.1918243e-13
2.0981237e-09
8.9088766e-13
2.0980534e-09
8.5110154e-13
2.0980041e-09
8.0209873e-13
2.0979718e-09
7.4611525e-13
2.0979531e-09
6.8528029e-13
2.0979451e-09
6.2156211e-13
2.0979454e-09
5.5672746e-13
2.0979519e-09
4.9231435e-13
2.0979628e-09
4.2961842e-13
2.0979767e-09
3.6969024e-13
2.0979925e-09
3.1334192e-13
2.0980092e-09
2.6116184e-13
2.0980262e-09
2.1353468e-13
2.0980429e-09
1.7066505e-13
2.0980589e-09
1.326035e-13
2.098074e-09
9.9272904e-14
2.098088e-09
7.0494261e-14
2.0981007e-09
4.6011045e-14
2.0981123e-09
2.5511359e-14
2.0981227e-09
8.6475301e-15
2.0981318e-09
-4.9474474e-15
2.0981399e-09
-1.5645122e-14
2.0981469e-09
-2.3811109e-14
2.098153e-09
-2.9796093e-14
2.0981583e-09
-3.3929443e-14
2.0981627e-09
-3.6514853e-14
2.0981666e-09
-3.7827754e-14
2.0981698e-09
-3.8114159e-14
2.0981725e-09
-3.759064e-14
2.0981747e-09
-3.6445227e-14
2.0981766e-09
-3.4838907e-14
2.0981781e-09
-3.2907522e-14
2.0981794e-09
-3.076398e-14
2.0981804e-09
-2.850059e-14
2.0981813e-09
-2.6191433e-14
2.0981819e-09
-2.389475e-14
2.0981824e-09
-2.1655196e-14
2.0981829e-09
-1.950591e-14
2.0981832e-09
-1.7470408e-14
2.0981834e-09
-1.5564251e-14
2.0981836e-09
-1.3796508e-14
2.0981837e-09
-1.2171079e-14
2.0981838e-09
-1.0687834e-14
2.0981839e-09
-9.3435917e-15
2.0981839e-09
-8.1329354e-15
2.098184e-09
-7.0488638e-15
2.098184e-09
-6.0833005e-15
2.098184e-09
-5.2275359e-15
2.0981839e-09
-4.4726042e-15
2.0981839e-09
-3.809594e-15
2.0981839e-09
-3.2298754e-15
2.0981839e-09
-2.7252129e-15
2.0981838e-09
-2.2877948e-15
2.0981838e-09
-1.910257e-15
2.0981838e-09
-1.5857361e-15
2.0981838e-09
-1.3079413e-15
2.0981837e-09
-1.0711981e-15
2.0981837e-09
-8.7041061e-16
2.0981837e-09
-7.0096948e-16
2.0981837e-09
-5.5869059e-16
2.0981836e-09
-4.3981646e-16
2.0981836e-09
-3.4104565e-16
2.0981836e-09
-2.5953102e-16
2.0981836e-09
-1.9281651e-16
2.0981836e-09
-1.3875842e-16
2.0981836e-09
-9.5491294e-17
2.0981836e-09
-6.1418114e-17
2.0981835e-09
-3.5170976e-17
2.0981835e-09
-1.5549413e-17
2.0981835e-09
-1.4999597e-18
2.0981835e-09
7.8361069e-18
2.0981835e-09
1.3103805e-17
2.0981835e-09
1.4858548e-17
2.0981835e-09
1.3727144e-17
2.0981835e-09
1.0365078e-17
2.0981835e-09
5.229166e-18
2.0981835e-09
-1.5039871e-18
2.0981835e-09
-9.7116812e-18
2.0981835e-09
-1.9114231e-17
2.0981835e-09
-2.9440585e-17
2.0981835e-09
-4.0709755e-17
2.0981835e-09
-5.3084086e-17
2.0981835e-09
-6.6500482e-17
2.0981835e-09
-8.0820011e-17
2.0981835e-09
-9.6324228e-17
2.0981835e-09
-1.1355511e-16
2.0981835e-09
-1.3262492e-16
2.0981835e-09
-1.5334608e-16
2.0981835e-09
-1.7608715e-16
2.0981835e-09
-2.0159227e-16
2.0981835e-09
-2.3000886e-16
2.0981836e-09
-2.6128944e-16
2.0981836e-09
-2.9616908e-16
2.0981836e-09
-3.3541389e-16
2.0981836e-09
-3.7906559e-16
2.0981836e-09
-4.2759798e-16
2.0981836e-09
-4.8213142e-16
2.0981836e-09
-5.4324559e-16
2.0981837e-09
-6.1149566e-16
2.0981837e-09
-6.8804282e-16
2.0981837e-09
-7.7405046e-16
2.0981838e-09
-8.7047674e-16
2.0981838e-09
-9.7876419e-16
2.0981839e-09
-1.100602e-15
2.0981839e-09
-1.2372888e-15
2.098184e-09
-1.390773e-15
2.0981841e-09
-1.5630573e-15
2.0981841e-09
-1.7565521e-15
2.0981843e-09
-1.9733616e-15
2.0981844e-09
-2.2156972e-15
2.0981845e-09
-2.4864811e-15
2.0981847e-09
-2.7880314e-15
2.0981849e-09
-3.1230012e-15
2.0981852e-09
-3.4938597e-15
2.0981855e-09
-3.9021835e-15
2.0981859e-09
-4.3487757e-15
2.0981864e-09
-4.8331147e-15
2.098187e-09
-5.3525038e-15
2.0981877e-09
-5.9005549e-15
2.0981886e-09
-6.4662345e-15
2.0981897e-09
-7.0278173e-15
2.098191e-09
-7.5615319e-15
2.0981927e-09
-7.9957379e-15
-8.3641297e-15
1.6699533e-09
2.2453505e-11
1.6797865e-09
6.7385162e-11
1.6962813e-09
1.1367137e-10
1.7197334e-09
1.6273843e-10
1.750662e-09
2.1572829e-10
1.7898703e-09
2.7343997e-10
1.8384933e-09
3.3626711e-10
1.8980054e-09
4.040998e-10
1.9701447e-09
4.7618029e-10
2.0566954e-09
5.5094648e-10
2.1588643e-09
6.2567583e-10
2.2763857e-09
6.9643224e-10
2.4042123e-09
7.5658892e-10
2.5317891e-09
7.9792186e-10
2.6466692e-09
8.1405991e-10
2.7386958e-09
8.0260598e-10
2.8021335e-09
7.6501248e-10
2.8356222e-09
7.0526835e-10
2.8413026e-09
6.2868752e-10
2.8235559e-09
5.4081957e-10
2.7882403e-09
4.4718473e-10
2.7418307e-09
3.528766e-10
2.6902135e-09
2.6171436e-10
2.6386067e-09
1.7650049e-10
2.5912199e-09
9.9036872e-11
2.550931e-09
2.9930319e-11
2.5191441e-09
-3.1305353e-11
2.4963679e-09
-8.5600367e-11
2.4823673e-09
-1.3403771e-10
2.4764515e-09
-1.7786741e-10
2.4776115e-09
-2.1826578e-10
2.4846273e-09
-2.5625221e-10
2.496158e-09
-2.9262578e-10
2.5108317e-09
-3.2791836e-10
2.5273164e-09
-3.6238397e-10
2.5443692e-09
-3.9601464e-10
2.5609013e-09
-4.2855802e-10
2.5760417e-09
-4.5955857e-10
2.589166e-09
-4.8843509e-10
2.599884e-09
-5.1457231e-10
2.6080009e-09
-5.3739961e-10
2.61347e-09
-5.564435e-10
2.6163474e-09
-5.7135608e-10
2.6167513e-09
-5.8192567e-10
2.6148319e-09
-5.8807325e-10
2.6107519e-09
-5.8983945e-10
2.6046768e-09
-5.873676e-10
2.5967702e-09
-5.8088655e-10
2.5871923e-09
-5.7069408e-10
2.5761009e-09
-5.571411e-10
2.5636518e-09
-5.4061671e-10
2.5500007e-09
-5.215342e-10
2.5353028e-09
-5.0031825e-10
2.5197135e-09
-4.7739318e-10
2.503387e-09
-4.5317266e-10
2.4864752e-09
-4.2805086e-10
2.4691257e-09
-4.0239525e-10
2.4514801e-09
-3.7654109e-10
2.433672e-09
-3.507877e-10
2.4158249e-09
-3.2539623e-10
2.3980514e-09
-3.0058907e-10
2.3804519e-09
-2.7655038e-10
2.3631141e-09
-2.5342794e-10
2.3461126e-09
-2.3133542e-10
2.32951e-09
-2.1035567e-10
2.3133566e-09
-1.9054413e-10
2.2976919e-09
-1.719323e-10
2.2825454e-09
-1.545315e-10
2.267938e-09
-1.383363e-10
2.2538829e-09
-1.2332765e-10
2.2403874e-09
-1.0947593e-10
2.2274535e-09
-9.6743497e-11
2.2150794e-09
-8.50868e-11
2.2032601e-09
-7.4458287e-11
2.1919885e-09
-6.4807845e-11
2.181256e-09
-5.6083888e-11
2.1710526e-09
-4.8234219e-11
2.1613681e-09
-4.1206594e-11
2.1521916e-09
-3.4949061e-11
2.1435118e-09
-2.9410195e-11
2.1353173e-09
-2.4539183e-11
2.1275963e-09
-2.0285853e-11
2.1203368e-09
-1.6600705e-11
2.1135261e-09
-1.3434943e-11
2.1071512e-09
-1.0740542e-11
2.1011986e-09
-8.4703982e-12
2.095654e-09
-6.578529e-12
2.0905026e-09
-5.0203375e-12
2.0857292e-09
-3.7529489e-12
2.0813178e-09
-2.7355747e-12
2.0772522e-09
-1.9298709e-12
2.0735159e-09
-1.300311e-12
2.0700923e-09
-8.145038e-13
2.0669646e-09
-4.4345011e-13
2.0641162e-09
-1.6171566e-13
2.0615308e-09
5.2479832e-14
2.0591923e-09
2.1730438e-13
2.057085e-09
3.4742001e-13
2.0551935e-09
4.5420718e-13
2.053503e-09
5.4605897e-13
2.0519993e-09
6.287386e-13
2.0506684e-09
7.0577844e-13
2.0494969e-09
7.7889871e-13
2.048472e-09
8.484261e-13
2.0475813e-09
9.136909e-13
2.0468127e-09
9.7340045e-13
2.046155e-09
1.0259491e-12
2.0455972e-09
1.069688e-12
2.0451288e-09
1.1031323e-12
2.0447401e-09
1.125111e-12
2.0444216e-09
1.1348623e-12
2.0441648e-09
1.1320793e-12
2.0439614e-09
1.116914e-12
2.0438039e-09
1.0899479e-12
2.0436855e-09
1.0521361e-12
2.0436e-09
1.0047367e-12
2.0435416e-09
9.4922993e-13
2.0435055e-09
8.8723467e-13
2.0434872e-09
8.2042978e-13
2.0434828e-09
7.5048183e-13
2.0434891e-09
6.7898303e-13
2.0435033e-09
6.074021e-13
2.0435229e-09
5.3704725e-13
2.0435462e-09
4.6904143e-13
2.0435715e-09
4.0430973e-13
2.0435976e-09
3.4357653e-13
2.0436236e-09
2.8737107e-13
2.0436487e-09
2.3604013e-13
2.0436725e-09
1.8976532e-13
2.0436946e-09
1.4858361e-13
2.0437148e-09
1.1240979e-13
2.043733e-09
8.1059251e-14
2.0437492e-09
5.4270077e-14
2.0437635e-09
3.172388e-14
2.0437759e-09
1.3064574e-14
2.0437867e-09
-2.0853681e-15
2.0437958e-09
-1.411055e-14
2.0438036e-09
-2.3391417e-14
2.0438101e-09
-3.0295176e-14
2.0438154e-09
-3.5168841e-14
2.0438198e-09
-3.8334395e-14
2.0438234e-09
-4.0085648e-14
2.0438263e-09
-4.0686656e-14
2.0438285e-09
-4.0371344e-14
2.0438303e-09
-3.9344087e-14
2.0438316e-09
-3.7781035e-14
2.0438326e-09
-3.5831921e-14
2.0438333e-09
-3.3622145e-14
2.0438338e-09
-3.1255088e-14
2.0438341e-09
-2.8814497e-14
2.0438343e-09
-2.6366864e-14
2.0438344e-09
-2.3963776e-14
2.0438344e-09
-2.1644132e-14
2.0438343e-09
-1.9436137e-14
2.0438342e-09
-1.7359124e-14
2.043834e-09
-1.5425132e-14
2.0438339e-09
-1.3640281e-14
2.0438337e-09
-1.2006016e-14
2.0438336e-09
-1.0520191e-14
2.0438334e-09
-9.1779842e-15
2.0438332e-09
-7.9726718e-15
2.0438331e-09
-6.8962174e-15
2.0438329e-09
-5.9397314e-15
2.0438328e-09
-5.093871e-15
2.0438327e-09
-4.349193e-15
2.0438326e-09
-3.6964467e-15
2.0438325e-09
-3.1267785e-15
2.0438324e-09
-2.6318086e-15
2.0438323e-09
-2.2036235e-15
2.0438322e-09
-1.8347763e-15
2.0438321e-09
-1.5183412e-15
2.0438321e-09
-1.2479976e-15
2.043832e-09
-1.0180785e-15
2.043832e-09
-8.2351714e-16
2.0438319e-09
-6.5973131e-16
2.0438319e-09
-5.2254908e-16
2.0438319e-09
-4.0821861e-16
2.0438318e-09
-3.1345866e-16
2.0438318e-09
-2.3546834e-16
2.0438318e-09
-1.7185214e-16
2.0438318e-09
-1.2051797e-16
2.0438318e-09
-7.9634663e-17
2.0438317e-09
-4.7639461e-17
2.0438317e-09
-2.3219707e-17
2.0438317e-09
-5.2455712e-18
2.0438317e-09
7.2826915e-18
2.0438317e-09
1.5213686e-17
2.0438317e-09
1.9218952e-17
2.0438317e-09
1.9878595e-17
2.0438317e-09
1.78061e-17
2.0438317e-09
1.3607552e-17
2.0438317e-09
7.6931236e-18
2.0438317e-09
2.2786281e-19
2.0438317e-09
-8.6515224e-18
2.0438317e-09
-1.865585e-17
2.0438317e-09
-2.9509349e-17
2.0438317e-09
-4.1205068e-17
2.0438317e-09
-5.3876391e-17
2.0438317e-09
-6.7504941e-17
2.0438317e-09
-8.2079945e-17
2.0438317e-09
-9.7955159e-17
2.0438317e-09
-1.1558285e-16
2.0438317e-09
-1.3496914e-16
2.0438317e-09
-1.5599816e-16
2.0438317e-09
-1.7916296e-16
2.0438317e-09
-2.0515969e-16
2.0438317e-09
-2.340613e-16
2.0438317e-09
-2.6592628e-16
2.0438317e-09
-3.0153589e-16
2.0438317e-09
-3.4150325e-16
2.0438317e-09
-3.859153e-16
2.0438317e-09
-4.3544988e-16
2.0438318e-09
-4.9115422e-16
2.0438318e-09
-5.5355095e-16
2.0438318e-09
-6.2337862e-16
2.0438318e-09
-7.0181281e-16
2.0438318e-09
-7.9000684e-16
2.0438318e-09
-8.8910814e-16
2.0438318e-09
-1.0006837e-15
2.0438319e-09
-1.1264676e-15
2.0438319e-09
-1.268193e-15
2.0438319e-09
-1.42802e-15
2.043832e-09
-1.6081027e-15
2.043832e-09
-1.8114222e-15
2.0438321e-09
-2.0405754e-15
2.0438322e-09
-2.298511e-15
2.0438323e-09
-2.5892154e-15
2.0438324e-09
-2.9163158e-15
2.0438326e-09
-3.2838437e-15
2.0438328e-09
-3.6961871e-15
2.043833e-09
-4.1576907e-15
2.0438334e-09
-4.6727171e-15
2.0438338e-09
-5.2452877e-15
2.0438343e-09
-5.8783647e-15
2.043835e-09
-6.5727043e-15
2.0438358e-09
-7.3248771e-15
2.0438369e-09
-8.1277528e-15
2.0438383e-09
-8.9567805e-15
2.0438401e-09
-9.8152725e-15
-1.0475439e-14
1.6705495e-09
1.8570661e-11
1.6822184e-09
5.5716229e-11
1.7017137e-09
9.4176075e-11
1.7291261e-09
1.3532609e-10
1.7646654e-09
1.8018899e-10
1.8087326e-09
2.2937278e-10
1.8619629e-09
2.830368e-10
1.9252225e-09
3.4084021e-10
1.9995339e-09
4.0186885e-10
2.0859094e-09
4.6457095e-10
2.184964e-09
5.2662128e-10
2.2964294e-09
5.8496679e-10
2.4176545e-09
6.3536385e-10
2.5428261e-09
6.7275029e-10
2.6641678e-09
6.9271823e-10
2.7740239e-09
6.9274986e-10
2.8664863e-09
6.725501e-10
2.9380729e-09
6.3368174e-10
2.9877334e-09
5.7902699e-10
3.016373e-09
5.1217999e-10
3.0264585e-09
4.3709922e-10
3.0215705e-09
3.5776458e-10
3.0056679e-09
2.7761699e-10
2.9827271e-09
1.9944131e-10
2.956456e-09
1.2530796e-10
2.9299387e-09
5.6447617e-11
2.9052764e-09
-6.6431074e-12
2.884075e-09
-6.4398907e-11
2.8670059e-09
-1.1696863e-10
2.8542853e-09
-1.6514684e-10
2.8456922e-09
-2.0967267e-10
2.8406824e-09
-2.5124243e-10
2.8384926e-09
-2.9043591e-10
2.8382366e-09
-3.276624e-10
2.8389885e-09
-3.6313588e-10
2.8398492e-09
-3.9687529e-10
2.8400094e-09
-4.2871822e-10
2.8388032e-09
-4.5835244e-10
2.8357369e-09
-4.8536879e-10
2.8304891e-09
-5.0932443e-10
2.8228903e-09
-5.2980086e-10
2.812894e-09
-5.4644714e-10
2.8005447e-09
-5.590068e-10
2.7859501e-09
-5.6733113e-10
2.7692582e-09
-5.7138133e-10
2.7506411e-09
-5.7122232e-10
2.7302854e-09
-5.6701187e-10
2.7083862e-09
-5.589874e-10
2.685144e-09
-5.4745187e-10
2.6607622e-09
-5.3275924e-10
2.6354455e-09
-5.1530004e-10
2.6093986e-09
-4.9548733e-10
2.5828239e-09
-4.7374354e-10
2.5559192e-09
-4.5048846e-10
2.5288751e-09
-4.2612857e-10
2.5018724e-09
-4.0104817e-10
2.4750794e-09
-3.7560226e-10
2.4486497e-09
-3.5011133e-10
2.42272e-09
-3.2485805e-10
2.3974095e-09
-3.000857e-10
2.3728185e-09
-2.7599806e-10
2.3490288e-09
-2.5276069e-10
2.326104e-09
-2.3050319e-10
2.3040907e-09
-2.093221e-10
2.2830195e-09
-1.8928447e-10
2.262907e-09
-1.7043158e-10
2.2437573e-09
-1.5278263e-10
2.2255643e-09
-1.3633849e-10
2.2083132e-09
-1.2108521e-10
2.1919826e-09
-1.0699704e-10
2.176546e-09
-9.4039316e-11
2.1619733e-09
-8.2170848e-11
2.1482324e-09
-7.1345863e-11
2.1352898e-09
-6.1515663e-11
2.1231118e-09
-5.2629851e-11
2.1116651e-09
-4.4637219e-11
2.1009173e-09
-3.7486407e-11
2.090837e-09
-3.1126292e-11
2.0813941e-09
-2.550619e-11
2.0725599e-09
-2.0575967e-11
2.0643067e-09
-1.6286043e-11
2.0566082e-09
-1.2587357e-11
2.0494389e-09
-9.4313791e-12
2.0427741e-09
-6.7701284e-12
2.0365898e-09
-4.5562435e-12
2.0308626e-09
-2.7431857e-12
2.0255695e-09
-1.2854558e-12
2.0206881e-09
-1.3888739e-13
2.0161962e-09
7.3896792e-13
2.0120722e-09
1.388421e-12
2.008295e-09
1.8473174e-12
2.004844e-09
2.1506124e-12
2.0016995e-09
2.330063e-12
1.9988421e-09
2.4139739e-12
1.9962533e-09
2.4270365e-12
1.9939155e-09
2.3902659e-12
1.9918118e-09
2.3210451e-12
1.9899259e-09
2.2332662e-12
1.9882426e-09
2.137564e-12
1.986747e-09
2.0416239e-12
1.9854252e-09
1.9505478e-12
1.9842637e-09
1.8672556e-12
1.9832497e-09
1.7929008e-12
1.9823709e-09
1.7272834e-12
1.9816153e-09
1.6692395e-12
1.9809717e-09
1.6169959e-12
1.9804292e-09
1.5684765e-12
1.9799773e-09
1.5215569e-12
1.9796062e-09
1.4742622e-12
1.9793064e-09
1.4249101e-12
1.9790691e-09
1.3722023e-12
1.9788859e-09
1.3152686e-12
1.9787491e-09
1.2536731e-12
1.9786517e-09
1.1873888e-12
1.9785871e-09
1.1167484e-12
1.9785494e-09
1.0423815e-12
1.9785335e-09
9.6514207e-13
1.9785347e-09
8.8603453e-13
1.978549e-09
8.0614328e-13
1.9785729e-09
7.2656836e-13
1.9786035e-09
6.4837011e-13
1.9786384e-09
5.7252533e-13
1.9786755e-09
4.9989416e-13
1.9787134e-09
4.3119758e-13
1.9787507e-09
3.6700578e-13
1.9787865e-09
3.0773483e-13
1.9788202e-09
2.5365074e-13
1.9788514e-09
2.0487963e-13
1.9788798e-09
1.6142189e-13
1.9789052e-09
1.2316904e-13
1.9789277e-09
8.9922285e-14
1.9789473e-09
6.1411198e-14
1.9789643e-09
3.731189e-14
1.9789787e-09
1.7263987e-14
1.9789909e-09
8.8573087e-16
1.979001e-09
-1.2212762e-14
1.9790093e-09
-2.2418271e-14
1.979016e-09
-3.0105813e-14
1.9790214e-09
-3.563149e-14
1.9790255e-09
-3.9327463e-14
1.9790287e-09
-4.1498535e-14
1.979031e-09
-4.2420172e-14
1.9790327e-09
-4.2337817e-14
1.9790338e-09
-4.1467195e-14
1.9790344e-09
-3.9995372e-14
1.9790347e-09
-3.8082415e-14
1.9790348e-09
-3.5863381e-14
1.9790346e-09
-3.345049e-14
1.9790343e-09
-3.0935453e-14
1.9790339e-09
-2.8391808e-14
1.9790334e-09
-2.587722e-14
1.9790328e-09
-2.3435745e-14
1.9790323e-09
-2.1099925e-14
1.9790318e-09
-1.8892675e-14
1.9790312e-09
-1.682897e-14
1.9790307e-09
-1.4917291e-14
1.9790302e-09
-1.3160883e-14
1.9790298e-09
-1.155889e-14
1.9790294e-09
-1.0107359e-14
1.979029e-09
-8.8000844e-15
1.9790287e-09
-7.6293146e-15
1.9790283e-09
-6.5862698e-15
1.9790281e-09
-5.6615429e-15
1.9790278e-09
-4.8454524e-15
1.9790276e-09
-4.1283648e-15
1.9790274e-09
-3.5009632e-15
1.9790272e-09
-2.9544212e-15
1.9790271e-09
-2.480441e-15
1.9790269e-09
-2.0712107e-15
1.9790268e-09
-1.7193863e-15
1.9790267e-09
-1.4181484e-15
1.9790266e-09
-1.1613019e-15
1.9790266e-09
-9.433286e-16
1.9790265e-09
-7.593166e-16
1.9790264e-09
-6.0481717e-16
1.9790264e-09
-4.7575411e-16
1.9790264e-09
-3.6844879e-16
1.9790263e-09
-2.7970691e-16
1.9790263e-09
-2.0684946e-16
1.9790263e-09
-1.4762008e-16
1.9790263e-09
-1.0004566e-16
1.9790262e-09
-6.2378838e-17
1.9790262e-09
-3.312647e-17
1.9790262e-09
-1.1055295e-17
1.9790262e-09
4.8844945e-18
1.9790262e-09
1.5642465e-17
1.9790262e-09
2.2055131e-17
1.9790262e-09
2.4788989e-17
1.9790262e-09
2.4388619e-17
1.9790262e-09
2.140133e-17
1.9790262e-09
1.6377021e-17
1.9790262e-09
9.7174729e-18
1.9790262e-09
1.6223023e-18
1.9790262e-09
-7.7329892e-18
1.9790262e-09
-1.8051163e-17
1.9790262e-09
-2.9081334e-17
1.9790262e-09
-4.0850187e-17
1.9790262e-09
-5.3526242e-17
1.9790262e-09
-6.7146084e-17
1.9790262e-09
-8.1754216e-17
1.9790262e-09
-9.7682749e-17
1.9790262e-09
-1.1527676e-16
1.9790262e-09
-1.3450248e-16
1.9790262e-09
-1.5537133e-16
1.9790262e-09
-1.784776e-16
1.9790262e-09
-2.044229e-16
1.9790262e-09
-2.3320466e-16
1.9790262e-09
-2.6496588e-16
1.9790262e-09
-3.0049417e-16
1.9790262e-09
-3.4029486e-16
1.9790262e-09
-3.8454919e-16
1.9790262e-09
-4.3405701e-16
1.9790262e-09
-4.8972499e-16
1.9790262e-09
-5.5205935e-16
1.9790261e-09
-6.2193654e-16
1.9790261e-09
-7.0050185e-16
1.9790261e-09
-7.8894709e-16
1.9790261e-09
-8.8859787e-16
1.9790261e-09
-1.0010566e-15
1.9790261e-09
-1.1280998e-15
1.9790262e-09
-1.2718574e-15
1.9790262e-09
-1.4346187e-15
1.9790262e-09
-1.6186495e-15
1.9790262e-09
-1.8274463e-15
1.9790262e-09
-2.06424e-15
1.9790262e-09
-2.332704e-15
1.9790263e-09
-2.6376466e-15
1.9790264e-09
-2.9839008e-15
1.9790265e-09
-3.3770127e-15
1.9790266e-09
-3.823547e-15
1.9790268e-09
-4.3309408e-15
1.979027e-09
-4.9075502e-15
1.9790273e-09
-5.5622371e-15
1.9790277e-09
-6.3041203e-15
1.9790283e-09
-7.1431224e-15
1.9790291e-09
-8.0871241e-15
1.9790301e-09
-9.1464739e-15
1.9790314e-09
-1.0304061e-14
1.9790333e-09
-1.1642152e-14
-1.2607994e-14
1.6711311e-09
1.4106242e-11
1.6845997e-09
4.2247649e-11
1.7069954e-09
7.178039e-11
1.7381233e-09
1.041981e-10
1.7778001e-09
1.405122e-10
1.8259657e-09
1.8120724e-10
1.8827446e-09
2.2625783e-10
1.948451e-09
2.7513381e-10
2.0235269e-09
3.2679294e-10
2.1084112e-09
3.7968674e-10
2.2032865e-09
4.3174589e-10
2.3077901e-09
4.8046321e-10
2.4203353e-09
5.2281864e-10
2.537611e-09
5.5547465e-10
2.6549016e-09
5.7542757e-10
2.7670037e-09
5.8064777e-10
2.8691818e-09
5.7037202e-10
2.9578068e-09
5.450567e-10
3.0306503e-09
5.0618351e-10
3.0868653e-09
4.5596499e-10
3.1268787e-09
3.9708587e-10
3.1521967e-09
3.3244661e-10
3.1650089e-09
2.6480473e-10
3.1678744e-09
1.9657579e-10
3.1634653e-09
1.2971713e-10
3.1542821e-09
6.5630754e-11
3.1423726e-09
5.266384e-12
3.129402e-09
-5.1428283e-11
3.1164672e-09
-1.0403381e-10
3.104246e-09
-1.5292568e-10
3.0930192e-09
-1.9844584e-10
3.0827466e-09
-2.4096979e-10
3.0731472e-09
-2.8083656e-10
3.0637788e-09
-3.1829404e-10
3.0541116e-09
-3.534686e-10
3.0435925e-09
-3.8635624e-10
3.0317032e-09
-4.1682891e-10
3.0180063e-09
-4.4465549e-10
3.0021747e-09
-4.6953727e-10
2.9840016e-09
-4.9115127e-10
2.9633932e-09
-5.0919248e-10
2.9403539e-09
-5.2340788e-10
2.914967e-09
-5.3361988e-10
2.8873757e-09
-5.397398e-10
2.8577668e-09
-5.4177243e-10
2.826358e-09
-5.3981351e-10
2.7933883e-09
-5.3404223e-10
2.7591114e-09
-5.247105e-10
2.7237899e-09
-5.1213034e-10
2.6876908e-09
-4.9666015e-10
2.6510813e-09
-4.7869056e-10
2.6142244e-09
-4.5863046e-10
2.5773748e-09
-4.3689388e-10
2.5407743e-09
-4.1388801e-10
2.5046486e-09
-3.9000284e-10
2.4692032e-09
-3.6560272e-10
2.4346208e-09
-3.4101992e-10
2.4010597e-09
-3.1655017e-10
2.3686519e-09
-2.9245024e-10
2.3375033e-09
-2.6893719e-10
2.3076944e-09
-2.461891e-10
2.2792807e-09
-2.2434702e-10
2.2522954e-09
-2.0351788e-10
2.2267511e-09
-1.8377775e-10
2.2026423e-09
-1.6517571e-10
2.1799485e-09
-1.4773777e-10
2.1586364e-09
-1.3147053e-10
2.1386628e-09
-1.163649e-10
2.119977e-09
-1.0239942e-10
2.102523e-09
-8.9543059e-11
2.0862416e-09
-7.7757876e-11
2.0710718e-09
-6.7001083e-11
2.0569527e-09
-5.7226709e-11
2.043824e-09
-4.8386964e-11
2.0316273e-09
-4.0433193e-11
2.0203066e-09
-3.3316517e-11
2.0098085e-09
-2.6988254e-11
2.0000823e-09
-2.1400135e-11
1.9910805e-09
-1.6504362e-11
1.9827581e-09
-1.2253607e-11
1.975073e-09
-8.6009383e-12
1.9679853e-09
-5.4996909e-12
1.9614576e-09
-2.9036071e-12
1.9554541e-09
-7.6670942e-13
1.9499413e-09
9.5656773e-13
1.9448871e-09
2.3110469e-12
1.940261e-09
3.3406828e-12
1.9360339e-09
4.0881348e-12
1.9321785e-09
4.5943879e-12
1.9286686e-09
4.8983327e-12
1.9254796e-09
5.0363661e-12
1.9225882e-09
5.0420083e-12
1.9199726e-09
4.9455859e-12
1.9176126e-09
4.7739927e-12
1.9154891e-09
4.5505481e-12
1.9135844e-09
4.2949568e-12
1.9118821e-09
4.0233684e-12
1.9103668e-09
3.7485394e-12
1.9090243e-09
3.4800773e-12
1.9078412e-09
3.2247535e-12
1.9068049e-09
2.9868686e-12
1.9059035e-09
2.7686476e-12
1.9051257e-09
2.5706414e-12
1.9044609e-09
2.3921247e-12
1.9038987e-09
2.231467e-12
1.9034292e-09
2.0864656e-12
1.903043e-09
1.9546353e-12
1.9027311e-09
1.8334455e-12
1.9024849e-09
1.7205036e-12
1.9022961e-09
1.6136888e-12
1.9021571e-09
1.5112369e-12
1.9020606e-09
1.4117819e-12
1.9019999e-09
1.3143642e-12
1.9019689e-09
1.2184089e-12
1.9019619e-09
1.1236839e-12
1.9019741e-09
1.0302446e-12
1.9020008e-09
9.3837173e-13
1.9020384e-09
8.4850604e-13
1.9020833e-09
7.6118713e-13
1.9021329e-09
6.7699724e-13
1.9021847e-09
5.9651266e-13
1.902237e-09
5.202653e-13
1.9022882e-09
4.4871324e-13
1.9023372e-09
3.8222047e-13
1.9023831e-09
3.2104584e-13
1.9024255e-09
2.6533913e-13
1.902464e-09
2.1514322e-13
1.9024985e-09
1.704016e-13
1.902529e-09
1.3096915e-13
1.9025555e-09
9.6625199e-14
1.9025783e-09
6.7087994e-14
1.9025977e-09
4.2029347e-14
1.9026139e-09
2.1088779e-14
1.9026273e-09
3.8867013e-15
1.9026382e-09
-9.9640085e-15
1.9026468e-09
-2.0847671e-14
1.9026535e-09
-2.9137788e-14
1.9026586e-09
-3.5190318e-14
1.9026623e-09
-3.9338701e-14
1.9026649e-09
-4.1890408e-14
1.9026665e-09
-4.3124788e-14
1.9026674e-09
-4.3292081e-14
1.9026677e-09
-4.2613462e-14
1.9026675e-09
-4.1281866e-14
1.9026669e-09
-3.9463388e-14
1.9026662e-09
-3.7299131e-14
1.9026652e-09
-3.4907267e-14
1.9026641e-09
-3.2385188e-14
1.902663e-09
-2.9811742e-14
1.9026619e-09
-2.7249439e-14
1.9026607e-09
-2.4746607e-14
1.9026596e-09
-2.2339497e-14
1.9026586e-09
-2.0054224e-14
1.9026576e-09
-1.7908486e-14
1.9026567e-09
-1.5913083e-14
1.9026558e-09
-1.4073199e-14
1.9026551e-09
-1.2389514e-14
1.9026544e-09
-1.0859215e-14
1.9026537e-09
-9.476906e-15
1.9026532e-09
-8.2353695e-15
1.9026527e-09
-7.1261938e-15
1.9026522e-09
-6.1402196e-15
1.9026518e-09
-5.267872e-15
1.9026515e-09
-4.4994627e-15
1.9026512e-09
-3.8254748e-15
1.9026509e-09
-3.2368045e-15
1.9026507e-09
-2.7249046e-15
1.9026505e-09
-2.2817872e-15
1.9026503e-09
-1.8999457e-15
1.9026502e-09
-1.5723194e-15
1.9026501e-09
-1.2923569e-15
1.9026499e-09
-1.0541359e-15
1.9026499e-09
-8.5241951e-16
1.9026498e-09
-6.8256201e-16
1.9026497e-09
-5.4033171e-16
1.9026497e-09
-4.2181385e-16
1.9026496e-09
-3.234719e-16
1.9026496e-09
-2.4228389e-16
1.9026495e-09
-1.757843e-16
1.9026495e-09
-1.2192992e-16
1.9026495e-09
-7.891056e-17
1.9026495e-09
-4.5083716e-17
1.9026495e-09
-1.9037742e-17
1.9026495e-09
3.7088891e-19
1.9026494e-09
1.4098713e-17
1.9026494e-09
2.3020384e-17
1.9026494e-09
2.7918649e-17
1.9026494e-09
2.9407979e-17
1.9026494e-09
2.79696e-17
1.9026494e-09
2.40929e-17
1.9026494e-09
1.8310207e-17
1.9026494e-09
1.1058044e-17
1.9026494e-09
2.5882708e-18
1.9026494e-09
-6.9117334e-18
1.9026494e-09
-1.7199533e-17
1.9026494e-09
-2.8108922e-17
1.9026494e-09
-3.971595e-17
1.9026494e-09
-5.2188328e-17
1.9026494e-09
-6.5556573e-17
1.9026494e-09
-7.9865392e-17
1.9026494e-09
-9.5409073e-17
1.9026494e-09
-1.1247783e-16
1.9026494e-09
-1.310833e-16
1.9026494e-09
-1.5137714e-16
1.9026494e-09
-1.7396727e-16
1.9026494e-09
-1.9928926e-16
1.9026494e-09
-2.2728678e-16
1.9026494e-09
-2.5822082e-16
1.9026494e-09
-2.9286642e-16
1.9026494e-09
-3.3163651e-16
1.9026494e-09
-3.7480177e-16
1.9026493e-09
-4.2317525e-16
1.9026493e-09
-4.7748103e-16
1.9026493e-09
-5.3829507e-16
1.9026493e-09
-6.0663441e-16
1.9026493e-09
-6.8353809e-16
1.9026493e-09
-7.7018937e-16
1.9026492e-09
-8.680931e-16
1.9026492e-09
-9.7884842e-16
1.9026492e-09
-1.1042123e-15
1.9026492e-09
-1.2466067e-15
1.9026491e-09
-1.4084314e-15
1.9026491e-09
-1.5920942e-15
1.9026491e-09
-1.8014755e-15
1.9026491e-09
-2.0403687e-15
1.902649e-09
-2.3130257e-15
1.902649e-09
-2.6248371e-15
1.902649e-09
-2.9817512e-15
1.902649e-09
-3.3910038e-15
1.9026491e-09
-3.8614665e-15
1.9026492e-09
-4.4032028e-15
1.9026493e-09
-5.0280112e-15
1.9026495e-09
-5.7502342e-15
1.9026497e-09
-6.5863373e-15
1.9026502e-09
-7.55616e-15
1.9026508e-09
-8.681039e-15
1.9026516e-09
-9.9903856e-15
1.9026528e-09
-1.1485921e-14
1.9026545e-09
-1.3319788e-14
-1.4569547e-14
1.6717972e-09
8.9756662e-12
1.6873244e-09
2.6720513e-11
1.7129705e-09
4.6134216e-11
1.7481178e-09
6.9050846e-11
1.7920569e-09
9.6573099e-11
1.8441789e-09
1.2908523e-10
1.904075e-09
1.6636175e-10
1.9715585e-09
2.0765036e-10
2.046616e-09
2.5173545e-10
2.1292949e-09
2.9700783e-10
2.2195178e-09
3.4152298e-10
2.3168807e-09
3.831003e-10
2.4203213e-09
4.1937805e-10
2.5278398e-09
4.479561e-10
2.6365565e-09
4.6671092e-10
2.7430863e-09
4.741179e-10
2.8440282e-09
4.6943018e-10
2.9363858e-09
4.5269911e-10
3.0178633e-09
4.2470603e-10
3.0870048e-09
3.8682345e-10
3.1432354e-09
3.4085526e-10
3.186818e-09
2.8886399e-10
3.2186774e-09
2.3294533e-10
3.2402014e-09
1.7505183e-10
3.2530468e-09
1.1687171e-10
3.2589336e-09
5.9743965e-11
3.259526e-09
4.673932e-12
3.2560741e-09
-4.797632e-11
3.2497261e-09
-9.7685859e-11
3.2412472e-09
-1.444468e-10
3.2311189e-09
-1.8831751e-10
3.2195691e-09
-2.2942001e-10
3.2066183e-09
-2.678857e-10
3.1921344e-09
-3.0381011e-10
3.1758894e-09
-3.3722361e-10
3.1576119e-09
-3.6807874e-10
3.137034e-09
-3.9625104e-10
3.1139306e-09
-4.2155209e-10
3.0881463e-09
-4.4375296e-10
3.059609e-09
-4.6261402e-10
3.0283319e-09
-4.7791534e-10
2.9944067e-09
-4.894827e-10
2.9579936e-09
-4.9720676e-10
2.9193086e-09
-5.0105485e-10
2.878612e-09
-5.0107577e-10
2.8361969e-09
-4.9739842e-10
2.7923803e-09
-4.9022568e-10
2.7474947e-09
-4.7982486e-10
2.7018801e-09
-4.6651571e-10
2.6558771e-09
-4.5065722e-10
2.6098203e-09
-4.3263373e-10
2.5640313e-09
-4.1284143e-10
2.518813e-09
-3.9167561e-10
2.4744445e-09
-3.6951948e-10
2.4311763e-09
-3.4673462e-10
2.3892272e-09
-3.2365369e-10
2.3487824e-09
-3.0057506e-10
2.3099918e-09
-2.7775963e-10
2.2729711e-09
-2.5542953e-10
2.2378023e-09
-2.3376835e-10
2.2045359e-09
-2.1292276e-10
2.1731941e-09
-1.9300516e-10
2.1437731e-09
-1.7409695e-10
2.1162476e-09
-1.5625219e-10
2.0905734e-09
-1.3950153e-10
2.0666917e-09
-1.2385604e-10
2.0445319e-09
-1.0931076e-10
2.0240152e-09
-9.5848189e-11
2.005057e-09
-8.3441201e-11
1.9875695e-09
-7.2055604e-11
1.971464e-09
-6.1652343e-11
1.9566521e-09
-5.218922e-11
1.9430476e-09
-4.3622205e-11
1.9305671e-09
-3.5906453e-11
1.9191309e-09
-2.8996954e-11
1.9086633e-09
-2.284894e-11
1.8990931e-09
-1.7418029e-11
1.8903532e-09
-1.2660297e-11
1.8823811e-09
-8.5322166e-12
1.875118e-09
-4.9905383e-12
1.8685093e-09
-1.9922745e-12
1.8625038e-09
5.0583621e-13
1.8570537e-09
2.5465134e-12
1.8521143e-09
4.1727249e-12
1.8476438e-09
5.4270756e-12
1.8436031e-09
6.3516736e-12
1.839956e-09
6.9878348e-12
1.8366684e-09
7.3756852e-12
1.8337091e-09
7.5537492e-12
1.8310489e-09
7.5585206e-12
1.8286612e-09
7.4240519e-12
1.8265216e-09
7.1815895e-12
1.8246079e-09
6.8592727e-12
1.8229e-09
6.4819149e-12
1.8213797e-09
6.0708878e-12
1.8200305e-09
5.6441029e-12
1.8188378e-09
5.216089e-12
1.8177882e-09
4.7981673e-12
1.8168695e-09
4.3987007e-12
1.8160709e-09
4.0234019e-12
1.8153821e-09
3.67569e-12
1.8147937e-09
3.3570664e-12
1.8142968e-09
3.0674949e-12
1.8138832e-09
2.8057733e-12
1.8135447e-09
2.5698771e-12
1.8132739e-09
2.3572653e-12
1.8130634e-09
2.1651456e-12
1.8129062e-09
1.9906898e-12
1.8127955e-09
1.8311998e-12
1.812725e-09
1.6842286e-12
1.8126885e-09
1.5476577e-12
1.8126806e-09
1.4197347e-12
1.8126959e-09
1.2990826e-12
1.8127296e-09
1.1846823e-12
1.8127774e-09
1.075837e-12
1.8128356e-09
9.7212548e-13
1.8129006e-09
8.7334907e-13
1.8129696e-09
7.7947573e-13
1.8130402e-09
6.9058774e-13
1.8131104e-09
6.0683338e-13
1.8131785e-09
5.2838509e-13
1.8132434e-09
4.5540599e-13
1.813304e-09
3.8802401e-13
1.81336e-09
3.2631357e-13
1.8134107e-09
2.7028497e-13
1.8134562e-09
2.1987964e-13
1.8134963e-09
1.7497052e-13
1.8135314e-09
1.3536679e-13
1.8135615e-09
1.0082135e-13
1.8135871e-09
7.1040267e-14
1.8136085e-09
4.5693348e-14
1.8136261e-09
2.442495e-14
1.8136403e-09
6.8643977e-15
1.8136516e-09
-7.3643415e-15
1.8136603e-09
-1.8634124e-14
1.8136667e-09
-2.7307399e-14
1.8136713e-09
-3.3730371e-14
1.8136743e-09
-3.8228452e-14
1.8136761e-09
-4.1102953e-14
1.8136769e-09
-4.2628949e-14
1.8136768e-09
-4.3054168e-14
1.8136761e-09
-4.2598749e-14
1.8136749e-09
-4.1455818e-14
1.8136734e-09
-3.9792655e-14
1.8136717e-09
-3.7752276e-14
1.8136699e-09
-3.5455334e-14
1.813668e-09
-3.3002128e-14
1.8136661e-09
-3.0474632e-14
1.8136642e-09
-2.7938547e-14
1.8136624e-09
-2.5445312e-14
1.8136607e-09
-2.3034053e-14
1.8136591e-09
-2.0733493e-14
1.8136576e-09
-1.8563689e-14
1.8136562e-09
-1.6537561e-14
1.813655e-09
-1.4662206e-14
1.8136538e-09
-1.294e-14
1.8136528e-09
-1.1369545e-14
1.8136519e-09
-9.9465546e-15
1.8136511e-09
-8.6646514e-15
1.8136504e-09
-7.5160521e-15
1.8136497e-09
-6.4921105e-15
1.8136492e-09
-5.5836872e-15
1.8136487e-09
-4.7814107e-15
1.8136483e-09
-4.0759205e-15
1.8136479e-09
-3.4581162e-15
1.8136476e-09
-2.9193763e-15
1.8136473e-09
-2.4516755e-15
1.8136471e-09
-2.0475505e-15
1.8136469e-09
-1.699987e-15
1.8136467e-09
-1.40237e-15
1.8136466e-09
-1.1485624e-15
1.8136464e-09
-9.3304539e-16
1.8136463e-09
-7.5097197e-16
1.8136463e-09
-5.980447e-16
1.8136462e-09
-4.7031541e-16
1.8136461e-09
-3.6410213e-16
1.8136461e-09
-2.7609834e-16
1.813646e-09
-2.0354852e-16
1.813646e-09
-1.442767e-16
1.813646e-09
-9.6494485e-17
1.813646e-09
-5.8564889e-17
1.8136459e-09
-2.8946858e-17
1.8136459e-09
-6.3160894e-18
1.8136459e-09
1.0349717e-17
1.8136459e-09
2.1858584e-17
1.8136459e-09
2.8955532e-17
1.8136459e-09
3.2344483e-17
1.8136459e-09
3.2600502e-17
1.8136459e-09
3.0175755e-17
1.8136459e-09
2.5538411e-17
1.8136459e-09
1.9228611e-17
1.8136459e-09
1.1710047e-17
1.8136459e-09
3.2253414e-18
1.8136459e-09
-6.1145627e-18
1.8136459e-09
-1.6162842e-17
1.8136459e-09
-2.6787749e-17
1.8136459e-09
-3.8022261e-17
1.8136459e-09
-4.9982515e-17
1.8136459e-09
-6.2703464e-17
1.8136459e-09
-7.62682e-17
1.8136459e-09
-9.0981487e-17
1.8136459e-09
-1.0713145e-16
1.8136459e-09
-1.2477976e-16
1.8136459e-09
-1.4412626e-16
1.8136458e-09
-1.6569108e-16
1.8136458e-09
-1.8976484e-16
1.8136458e-09
-2.1631471e-16
1.8136458e-09
-2.4572581e-16
1.8136458e-09
-2.7872045e-16
1.8136458e-09
-3.1560335e-16
1.8136458e-09
-3.5667879e-16
1.8136457e-09
-4.027151e-16
1.8136457e-09
-4.5432732e-16
1.8136457e-09
-5.1220807e-16
1.8136457e-09
-5.7742189e-16
1.8136456e-09
-6.508338e-16
1.8136456e-09
-7.3357424e-16
1.8136456e-09
-8.2730694e-16
1.8136455e-09
-9.3363807e-16
1.8136455e-09
-1.0542444e-15
1.8136454e-09
-1.1916751e-15
1.8136453e-09
-1.3484241e-15
1.8136453e-09
-1.5270769e-15
1.8136452e-09
-1.7316743e-15
1.8136451e-09
-1.9662838e-15
1.8136451e-09
-2.235579e-15
1.813645e-09
-2.5456153e-15
1.8136449e-09
-2.9033896e-15
1.8136448e-09
-3.3171463e-15
1.8136448e-09
-3.797428e-15
1.8136447e-09
-4.3570525e-15
1.8136447e-09
-5.0109554e-15
1.8136447e-09
-5.7781763e-15
1.8136448e-09
-6.6826972e-15
1.813645e-09
-7.7543378e-15
1.8136454e-09
-9.0283345e-15
1.8136459e-09
-1.0553086e-14
1.8136468e-09
-1.2362919e-14
1.8136481e-09
-1.4654096e-14
-1.6126523e-14
1.672695e-09
2.9473549e-12
1.6909574e-09
8.4580578e-12
1.7207877e-09
1.6303995e-11
1.7608795e-09
2.8959001e-11
1.8097699e-09
4.7682718e-11
1.8661645e-09
7.2690636e-11
1.9290888e-09
1.0343741e-10
1.9979202e-09
1.38819e-10
2.0723314e-09
1.7732424e-10
2.1521656e-09
2.1717359e-10
2.2372653e-09
2.5642332e-10
2.3272975e-09
2.9306811e-10
2.4215543e-09
3.2512123e-10
2.5187918e-09
3.5071857e-10
2.6172215e-09
3.6828126e-10
2.7146633e-09
3.7667612e-10
2.808785e-09
3.753084e-10
2.8973483e-09
3.6413584e-10
2.9784213e-09
3.4363303e-10
3.0505287e-09
3.1471607e-10
3.1127395e-09
2.7864442e-10
3.1646959e-09
2.3690759e-10
3.2065579e-09
1.9108333e-10
3.2389023e-09
1.4270745e-10
3.2626003e-09
9.3173689e-11
3.2786855e-09
4.3658843e-11
3.2882714e-09
-4.9119895e-12
3.2922314e-09
-5.1936357e-11
3.2914712e-09
-9.6925618e-11
3.2866541e-09
-1.3962977e-10
3.2782617e-09
-1.7992508e-10
3.266603e-09
-2.1776134e-10
3.2518374e-09
-2.5312009e-10
3.234008e-09
-2.8598071e-10
3.2130804e-09
-3.1629603e-10
3.1889813e-09
-3.4397957e-10
3.1616339e-09
-3.6890366e-10
3.1309891e-09
-3.9090727e-10
3.0970478e-09
-4.0981166e-10
3.0598748e-09
-4.2544104e-10
3.0196037e-09
-4.3764429e-10
2.9764353e-09
-4.4631426e-10
2.930631e-09
-4.5140246e-10
2.8825044e-09
-4.5292823e-10
2.8324108e-09
-4.5098218e-10
2.7807369e-09
-4.4572449e-10
2.72789e-09
-4.3737883e-10
2.6742882e-09
-4.2622306e-10
2.6203501e-09
-4.125776e-10
2.5664856e-09
-3.9679267e-10
2.513087e-09
-3.7923512e-10
2.4605213e-09
-3.6027576e-10
2.4091235e-09
-3.4027785e-10
2.3591913e-09
-3.1958722e-10
2.310981e-09
-2.9852433e-10
2.2647058e-09
-2.7737848e-10
2.2205348e-09
-2.5640407e-10
2.178594e-09
-2.3581882e-10
2.1389681e-09
-2.1580366e-10
2.1017037e-09
-1.9650399e-10
2.066813e-09
-1.7803205e-10
2.0342778e-09
-1.6046996e-10
2.0040542e-09
-1.4387332e-10
1.9760769e-09
-1.2827484e-10
1.9502635e-09
-1.1368815e-10
1.9265188e-09
-1.0011137e-10
1.9047384e-09
-8.7530313e-11
1.8848117e-09
-7.5921534e-11
1.8666253e-09
-6.5254822e-11
1.850065e-09
-5.5495296e-11
1.8350178e-09
-4.6605157e-11
1.8213736e-09
-3.8544995e-11
1.8090261e-09
-3.1274712e-11
1.7978738e-09
-2.475419e-11
1.7878205e-09
-1.8943653e-11
1.7787755e-09
-1.3803893e-11
1.7706535e-09
-9.2960556e-12
1.7633749e-09
-5.381694e-12
1.7568653e-09
-2.0226039e-12
1.7510554e-09
8.1937663e-13
1.7458806e-09
3.1825202e-12
1.7412811e-09
5.1053539e-12
1.7372011e-09
6.6265104e-12
1.733589e-09
7.7848058e-12
1.7303971e-09
8.6189784e-12
1.7275814e-09
9.1674223e-12
1.7251013e-09
9.4678529e-12
1.7229201e-09
9.5569046e-12
1.7210042e-09
9.4697117e-12
1.7193232e-09
9.2394844e-12
1.7178501e-09
8.8971096e-12
1.7165609e-09
8.4708118e-12
1.7154343e-09
7.9858797e-12
1.7144517e-09
7.4644751e-12
1.7135971e-09
6.9255459e-12
1.7128564e-09
6.3848286e-12
1.7122175e-09
5.8549404e-12
1.7116701e-09
5.3455605e-12
1.7112051e-09
4.8636752e-12
1.7108147e-09
4.4138728e-12
1.7104917e-09
3.9986793e-12
1.7102298e-09
3.6189066e-12
1.7100233e-09
3.2740004e-12
1.7098667e-09
2.9623771e-12
1.7097549e-09
2.681733e-12
1.7096828e-09
2.4293166e-12
1.7096458e-09
2.202165e-12
1.7096392e-09
1.997293e-12
1.7096586e-09
1.8118397e-12
1.7096996e-09
1.6431751e-12
1.7097583e-09
1.4889676e-12
1.7098308e-09
1.3472182e-12
1.7099136e-09
1.2162694e-12
1.7100035e-09
1.0947916e-12
1.7100976e-09
9.8175332e-13
1.7101933e-09
8.7638317e-13
1.7102886e-09
7.7812478e-13
1.7103815e-09
6.8659029e-13
1.7104705e-09
6.0151631e-13
1.7105546e-09
5.2272306e-13
1.7106329e-09
4.5007876e-13
1.7107049e-09
3.8347088e-13
1.7107701e-09
3.2278344e-13
1.7108286e-09
2.6788056e-13
1.7108802e-09
2.1859614e-13
1.7109254e-09
1.7472841e-13
1.7109643e-09
1.3603858e-13
1.7109974e-09
1.0225309e-13
1.7110252e-09
7.3068129e-14
1.7110481e-09
4.81558e-14
1.7110666e-09
2.7171306e-14
1.7110813e-09
9.7603658e-15
1.7110926e-09
-4.4336348e-15
1.711101e-09
-1.5762906e-14
1.7111069e-09
-2.4569444e-14
1.7111108e-09
-3.1180192e-14
1.7111129e-09
-3.5903188e-14
1.7111137e-09
-3.9024692e-14
1.7111134e-09
-4.080719e-14
1.7111123e-09
-4.1488277e-14
1.7111105e-09
-4.1280286e-14
1.7111083e-09
-4.0370557e-14
1.7111058e-09
-3.8922337e-14
1.7111031e-09
-3.7076108e-14
1.7111003e-09
-3.4951202e-14
1.7110974e-09
-3.2647637e-14
1.7110947e-09
-3.0247959e-14
1.711092e-09
-2.7819062e-14
1.7110895e-09
-2.5413995e-14
1.7110871e-09
-2.3073721e-14
1.7110849e-09
-2.0828828e-14
1.7110829e-09
-1.8701205e-14
1.711081e-09
-1.6705559e-14
1.7110794e-09
-1.4850724e-14
1.7110778e-09
-1.3140766e-14
1.7110765e-09
-1.1575887e-14
1.7110753e-09
-1.0153207e-14
1.7110742e-09
-8.8675137e-15
1.7110732e-09
-7.7119592e-15
1.7110724e-09
-6.6786685e-15
1.7110717e-09
-5.7591992e-15
1.711071e-09
-4.9448292e-15
1.7110705e-09
-4.2267423e-15
1.71107e-09
-3.5962157e-15
1.7110696e-09
-3.0448403e-15
1.7110692e-09
-2.5647222e-15
1.7110689e-09
-2.148573e-15
1.7110686e-09
-1.7896376e-15
1.7110684e-09
-1.4815508e-15
1.7110682e-09
-1.2182808e-15
1.7110681e-09
-9.942237e-16
1.711068e-09
-8.0436123e-16
1.7110679e-09
-6.4431277e-16
1.7110678e-09
-5.1019679e-16
1.7110677e-09
-3.9842357e-16
1.7110676e-09
-3.0562982e-16
1.7110676e-09
-2.2882532e-16
1.7110676e-09
-1.6559059e-16
1.7110675e-09
-1.1407791e-16
1.7110675e-09
-7.2758517e-17
1.7110675e-09
-4.0155266e-17
1.7110675e-09
-1.483042e-17
1.7110675e-09
4.4088107e-18
1.7110674e-09
1.8387392e-17
1.7110674e-09
2.7705622e-17
1.7110674e-09
3.29779e-17
1.7110674e-09
3.4877676e-17
1.7110674e-09
3.3994491e-17
1.7110674e-09
3.0779926e-17
1.7110674e-09
2.5678065e-17
1.7110674e-09
1.9194684e-17
1.7110674e-09
1.1739892e-17
1.7110674e-09
3.477635e-18
1.7110674e-09
-5.5471295e-18
1.7110674e-09
-1.5189567e-17
1.7110674e-09
-2.5260176e-17
1.7110674e-09
-3.573824e-17
1.7110674e-09
-4.6753618e-17
1.7110674e-09
-5.842568e-17
1.7110674e-09
-7.0920064e-17
1.7110674e-09
-8.4538428e-17
1.7110674e-09
-9.9502337e-17
1.7110674e-09
-1.1584729e-16
1.7110674e-09
-1.3377692e-16
1.7110674e-09
-1.5374343e-16
1.7110674e-09
-1.7597277e-16
1.7110673e-09
-2.0050452e-16
1.7110673e-09
-2.2776972e-16
1.7110673e-09
-2.5833149e-16
1.7110673e-09
-2.9240268e-16
1.7110673e-09
-3.3038454e-16
1.7110672e-09
-3.7299038e-16
1.7110672e-09
-4.2069932e-16
1.7110672e-09
-4.7426459e-16
1.7110671e-09
-5.3473042e-16
1.7110671e-09
-6.02807e-16
1.711067e-09
-6.7956944e-16
1.7110669e-09
-7.6674341e-16
1.7110669e-09
-8.6590273e-16
1.7110668e-09
-9.7866033e-16
1.7110667e-09
-1.10757e-15
1.7110666e-09
-1.2550421e-15
1.7110665e-09
-1.4236788e-15
1.7110664e-09
-1.6176328e-15
1.7110663e-09
-1.8413092e-15
1.7110661e-09
-2.0994567e-15
1.711066e-09
-2.398058e-15
1.7110658e-09
-2.7449982e-15
1.7110657e-09
-3.1497968e-15
1.7110655e-09
-3.6236136e-15
1.7110653e-09
-4.1805436e-15
1.7110651e-09
-4.8385449e-15
1.711065e-09
-5.6208997e-15
1.7110649e-09
-6.5571828e-15
1.7110648e-09
-7.6847102e-15
1.7110648e-09
-9.0519567e-15
1.711065e-09
-1.0726505e-14
1.7110654e-09
-1.2785302e-14
1.7110662e-09
-1.5422751e-14
-1.7016027e-14
1.6740681e-09
-4.454048e-12
1.6963729e-09
-1.3846819e-11
1.7320777e-09
-1.9400733e-11
1.7786677e-09
-1.7631069e-11
1.8335545e-09
-7.2040761e-12
1.894588e-09
1.1657193e-11
1.9602388e-09
3.7786608e-11
2.0295893e-09
6.946848e-11
2.102219e-09
1.0469454e-10
2.178005e-09
1.4138764e-10
2.2569214e-09
1.7750689e-10
2.3388521e-09
2.111374e-10
2.4234317e-09
2.4054158e-10
2.5099368e-09
2.6421346e-10
2.5972659e-09
2.809522e-10
2.6840106e-09
2.899314e-10
2.7685836e-09
2.9073543e-10
2.8493639e-09
2.8335553e-10
2.9248388e-09
2.6815818e-10
2.9937218e-09
2.4583304e-10
3.0550398e-09
2.1732641e-10
3.1081831e-09
1.8376424e-10
3.1529057e-09
1.4636077e-10
3.189285e-09
1.063282e-10
3.2176566e-09
6.4802002e-11
3.2385356e-09
2.2779909e-11
3.2525321e-09
-1.8908516e-11
3.2602256e-09
-5.9629817e-11
3.2621985e-09
-9.8898584e-11
3.2589411e-09
-1.3637236e-10
3.2508415e-09
-1.7182551e-10
3.2381878e-09
-2.0510759e-10
3.2211779e-09
-2.3611015e-10
3.1999386e-09
-2.647414e-10
3.1745501e-09
-2.9090758e-10
3.1450727e-09
-3.1450214e-10
3.1115721e-09
-3.3540304e-10
3.0741423e-09
-3.5347748e-10
3.032923e-09
-3.6859243e-10
2.9881109e-09
-3.8062886e-10
2.9399635e-09
-3.8949698e-10
2.8887993e-09
-3.9514998e-10
2.8349911e-09
-3.9759428e-10
2.7789585e-09
-3.9689566e-10
2.721157e-09
-3.9318063e-10
2.662066e-09
-3.8663356e-10
2.6021773e-09
-3.7749012e-10
2.5419823e-09
-3.6602802e-10
2.4819605e-09
-3.5255584e-10
2.422569e-09
-3.3740116e-10
2.3642326e-09
-3.2089871e-10
2.3073361e-09
-3.0337924e-10
2.2522182e-09
-2.8515997e-10
2.1991676e-09
-2.6653657e-10
2.1484206e-09
-2.4777734e-10
2.1001613e-09
-2.2911922e-10
2.054523e-09
-2.1076578e-10
2.011591e-09
-1.9288677e-10
1.9714065e-09
-1.7561917e-10
1.9339717e-09
-1.5906916e-10
1.8992545e-09
-1.4331491e-10
1.8671944e-09
-1.2840981e-10
1.8377071e-09
-1.1438601e-10
1.81069e-09
-1.0125776e-10
1.7860267e-09
-8.9024914e-11
1.7635913e-09
-7.7675938e-11
1.7432517e-09
-6.7190701e-11
1.7248731e-09
-5.7542905e-11
1.7083203e-09
-4.8702092e-11
1.6934603e-09
-4.0635232e-11
1.6801631e-09
-3.3308004e-11
1.6683038e-09
-2.6685682e-11
1.6577628e-09
-2.0733697e-11
1.6484266e-09
-1.5417973e-11
1.640188e-09
-1.0705053e-11
1.6329464e-09
-6.5623243e-12
1.6266075e-09
-2.9571821e-12
1.6210831e-09
1.4270386e-13
1.616291e-09
2.7694931e-12
1.6121547e-09
4.9556676e-12
1.6086032e-09
6.7340325e-12
1.6055707e-09
8.1378552e-12
1.6029964e-09
9.2008102e-12
1.6008244e-09
9.9568696e-12
1.5990033e-09
1.0440091e-11
1.5974864e-09
1.0684324e-11
1.5962314e-09
1.0722852e-11
1.5952003e-09
1.0587998e-11
1.5943593e-09
1.0310714e-11
1.5936786e-09
9.9201825e-12
1.5931322e-09
9.4434474e-12
1.5926979e-09
8.9051101e-12
1.5923567e-09
8.3270929e-12
1.5920927e-09
7.728481e-12
1.5918928e-09
7.1254629e-12
1.5917463e-09
6.5313516e-12
1.5916445e-09
5.956685e-12
1.5915807e-09
5.4094044e-12
1.5915493e-09
4.895086e-12
1.5915459e-09
4.4172126e-12
1.5915671e-09
3.9774784e-12
1.5916099e-09
3.5760999e-12
1.5916718e-09
3.2121228e-12
1.5917505e-09
2.8837182e-12
1.5918438e-09
2.5884508e-12
1.5919496e-09
2.3235142e-12
1.5920658e-09
2.0859332e-12
1.5921904e-09
1.8727268e-12
1.5923212e-09
1.6810321e-12
1.5924561e-09
1.5081952e-12
1.5925933e-09
1.3518293e-12
1.5927307e-09
1.2098438e-12
1.5928665e-09
1.080453e-12
1.5929991e-09
9.6216501e-13
1.5931271e-09
8.5375848e-13
1.5932492e-09
7.5425106e-13
1.5933645e-09
6.6286287e-13
1.5934721e-09
5.7897822e-13
1.5935715e-09
5.0210918e-13
1.5936624e-09
4.3186169e-13
1.5937445e-09
3.6790566e-13
1.5938181e-09
3.0995055e-13
1.5938831e-09
2.577257e-13
1.59394e-09
2.1096556e-13
1.5939892e-09
1.6939984e-13
1.5940312e-09
1.3274752e-13
1.5940665e-09
1.0071409e-13
1.5940958e-09
7.2991823e-14
1.5941196e-09
4.9261772e-14
1.5941386e-09
2.9197305e-14
1.5941533e-09
1.2468421e-14
1.5941643e-09
-1.2533777e-15
1.5941721e-09
-1.2291031e-14
1.5941773e-09
-2.0957061e-14
1.5941803e-09
-2.7550157e-14
1.5941815e-09
-3.2352169e-14
1.5941812e-09
-3.562578e-14
1.5941798e-09
-3.7612864e-14
1.5941775e-09
-3.8533438e-14
1.5941746e-09
-3.8585245e-14
1.5941713e-09
-3.7943843e-14
1.5941677e-09
-3.6763165e-14
1.5941639e-09
-3.5176551e-14
1.5941601e-09
-3.3298081e-14
1.5941564e-09
-3.122411e-14
1.5941528e-09
-2.9034912e-14
1.5941494e-09
-2.6796292e-14
1.5941461e-09
-2.456113e-14
1.5941431e-09
-2.2370899e-14
1.5941402e-09
-2.0257146e-14
1.5941377e-09
-1.8242943e-14
1.5941353e-09
-1.6344314e-14
1.5941332e-09
-1.4571521e-14
1.5941312e-09
-1.2930153e-14
1.5941295e-09
-1.1422012e-14
1.594128e-09
-1.0045817e-14
1.5941266e-09
-8.7978207e-15
1.5941254e-09
-7.6724427e-15
1.5941244e-09
-6.6628722e-15
1.5941235e-09
-5.7615986e-15
1.5941227e-09
-4.9607897e-15
1.594122e-09
-4.2524942e-15
1.5941214e-09
-3.6287562e-15
1.5941209e-09
-3.0817575e-15
1.5941204e-09
-2.6040137e-15
1.5941201e-09
-2.1885595e-15
1.5941197e-09
-1.8290123e-15
1.5941195e-09
-1.5194661e-15
1.5941192e-09
-1.2543239e-15
1.594119e-09
-1.0282346e-15
1.5941189e-09
-8.3620439e-16
1.5941188e-09
-6.7378082e-16
1.5941187e-09
-5.3711692e-16
1.5941186e-09
-4.2282399e-16
1.5941185e-09
-3.2775032e-16
1.5941184e-09
-2.4892197e-16
1.5941184e-09
-1.8371921e-16
1.5941184e-09
-1.300898e-16
1.5941183e-09
-8.6517764e-17
1.5941183e-09
-5.1721921e-17
1.5941183e-09
-2.4391921e-17
1.5941183e-09
-3.2451174e-18
1.5941183e-09
1.2703967e-17
1.5941183e-09
2.4041182e-17
1.5941183e-09
3.1186948e-17
1.5941183e-09
3.4697225e-17
1.5941183e-09
3.5274052e-17
1.5941183e-09
3.3529425e-17
1.5941183e-09
2.9867816e-17
1.5941183e-09
2.4627756e-17
1.5941183e-09
1.8210664e-17
1.5941183e-09
1.0972683e-17
1.5941183e-09
3.0805681e-18
1.5941183e-09
-5.387756e-18
1.5941183e-09
-1.4256968e-17
1.5941183e-09
-2.3334771e-17
1.5941183e-09
-3.265065e-17
1.5941183e-09
-4.2435619e-17
1.5941183e-09
-5.2894825e-17
1.5941182e-09
-6.4172305e-17
1.5941182e-09
-7.6443946e-17
1.5941182e-09
-8.983923e-17
1.5941182e-09
-1.0442887e-16
1.5941182e-09
-1.2047276e-16
1.5941182e-09
-1.3838159e-16
1.5941182e-09
-1.5831376e-16
1.5941181e-09
-1.8031498e-16
1.5941181e-09
-2.0478792e-16
1.5941181e-09
-2.3216904e-16
1.5941181e-09
-2.6263336e-16
1.594118e-09
-2.966284e-16
1.594118e-09
-3.3477357e-16
1.594118e-09
-3.7745097e-16
1.5941179e-09
-4.2542875e-16
1.5941179e-09
-4.7962672e-16
1.5941178e-09
-5.4057845e-16
1.5941177e-09
-6.0939154e-16
1.5941176e-09
-6.8790378e-16
1.5941176e-09
-7.7748575e-16
1.5941175e-09
-8.7934829e-16
1.5941173e-09
-9.9594515e-16
1.5941172e-09
-1.1299825e-15
1.5941171e-09
-1.2841957e-15
1.5941169e-09
-1.4620719e-15
1.5941167e-09
-1.6675526e-15
1.5941166e-09
-1.9059187e-15
1.5941163e-09
-2.1837051e-15
1.5941161e-09
-2.5083562e-15
1.5941158e-09
-2.8890053e-15
1.5941156e-09
-3.3375027e-15
1.5941152e-09
-3.8692698e-15
1.5941149e-09
-4.5035427e-15
1.5941146e-09
-5.2644818e-15
1.5941142e-09
-6.1846799e-15
1.5941138e-09
-7.3076445e-15
1.5941134e-09
-8.6916126e-15
1.5941131e-09
-1.0417068e-14
1.594113e-09
-1.2604053e-14
1.5941129e-09
-1.5401033e-14
-1.6984919e-14
1.6763726e-09
-1.4159978e-11
1.7050033e-09
-4.2477539e-11
1.7491491e-09
-6.3546523e-11
1.8041428e-09
-7.2624793e-11
1.8657764e-09
-6.8837686e-11
1.9309613e-09
-5.3527716e-11
1.9978156e-09
-2.9067617e-11
2.0654742e-09
1.8098786e-12
2.1338098e-09
3.6358899e-11
2.2030639e-09
7.2133534e-11
2.2735954e-09
1.0697541e-10
2.3456578e-09
1.3907504e-10
2.4192584e-09
1.6694098e-10
2.4940808e-09
1.8939102e-10
2.5694766e-09
2.0555636e-10
2.6445174e-09
2.1489067e-10
2.7180829e-09
2.1716996e-10
2.7889632e-09
2.1247519e-10
2.8559603e-09
2.0116109e-10
2.9179784e-09
1.8381489e-10
2.9740972e-09
1.612076e-10
3.023622e-09
1.342395e-10
3.0661035e-09
1.0387925e-10
3.1013296e-09
7.1102104e-11
3.1292948e-09
3.6836808e-11
3.1501544e-09
1.9202684e-12
3.1641711e-09
-3.2925169e-11
3.1716563e-09
-6.7115043e-11
3.1729409e-09
-1.0018315e-10
3.1683412e-09
-1.3177267e-10
3.1581373e-09
-1.6162167e-10
3.1425674e-09
-1.895377e-10
3.1218311e-09
-2.1537381e-10
3.0960995e-09
-2.3900982e-10
3.0655304e-09
-2.6033843e-10
3.030285e-09
-2.792568e-10
2.9905459e-09
-2.9566387e-10
2.9465315e-09
-3.094631e-10
2.8985084e-09
-3.2056938e-10
2.8467981e-09
-3.289185e-10
2.7917784e-09
-3.3447728e-10
2.7338809e-09
-3.3725253e-10
2.673584e-09
-3.3729738e-10
2.6114026e-09
-3.3471427e-10
2.5478763e-09
-3.2965425e-10
2.4835556e-09
-3.2231291e-10
2.418989e-09
-3.1292353e-10
2.3547091e-09
-3.0174812e-10
2.2912207e-09
-2.8906738e-10
2.2289899e-09
-2.7517037e-10
2.1684358e-09
-2.6034464e-10
2.109924e-09
-2.4486743e-10
2.0537624e-09
-2.2899837e-10
2.0001997e-09
-2.129739e-10
1.9494259e-09
-1.9700351e-10
1.9015743e-09
-1.8126764e-10
1.8567256e-09
-1.6591712e-10
1.8149128e-09
-1.5107391e-10
1.7761264e-09
-1.3683275e-10
1.7403208e-09
-1.2326359e-10
1.7074203e-09
-1.1041442e-10
1.6773248e-09
-9.8314277e-11
1.6499152e-09
-8.6976463e-11
1.6250589e-09
-7.640141e-11
1.6026135e-09
-6.6579544e-11
1.5824313e-09
-5.7493775e-11
1.5643623e-09
-4.9121631e-11
1.5482565e-09
-4.1437119e-11
1.5339666e-09
-3.441219e-11
1.5213492e-09
-2.8017841e-11
1.5102661e-09
-2.222496e-11
1.5005853e-09
-1.7004859e-11
1.4921811e-09
-1.2329497e-11
1.4849347e-09
-8.1715303e-12
1.4787337e-09
-4.5040472e-12
1.4734736e-09
-1.3022608e-12
1.4690558e-09
1.460604e-12
1.465388e-09
3.8104974e-12
1.4623844e-09
5.7731235e-12
1.4599651e-09
7.3749589e-12
1.4580561e-09
8.6430241e-12
1.456589e-09
9.6049471e-12
1.4555009e-09
1.0288911e-11
1.4547343e-09
1.0723511e-11
1.4542368e-09
1.093753e-11
1.4539615e-09
1.0959641e-11
1.4538663e-09
1.081806e-11
1.4539141e-09
1.0540173e-11
1.4540727e-09
1.0152158e-11
1.4543143e-09
9.6786301e-12
1.4546154e-09
9.1423116e-12
1.4549567e-09
8.5637775e-12
1.4553226e-09
7.961259e-12
1.4557005e-09
7.35052e-12
1.4560812e-09
6.7448215e-12
1.4564576e-09
6.1549563e-12
1.4568249e-09
5.5893491e-12
1.4571801e-09
5.0542232e-12
1.4575213e-09
4.5538087e-12
1.457848e-09
4.090582e-12
1.4581599e-09
3.6655299e-12
1.4584576e-09
3.2784162e-12
1.4587417e-09
2.9280421e-12
1.4590129e-09
2.6124958e-12
1.459272e-09
2.3293761e-12
1.4595195e-09
2.0759883e-12
1.4597559e-09
1.8495119e-12
1.4599815e-09
1.6471345e-12
1.4601964e-09
1.4661536e-12
1.4604006e-09
1.304052e-12
1.4605938e-09
1.1585451e-12
1.4607761e-09
1.0276051e-12
1.4609471e-09
9.094688e-13
1.4611066e-09
8.0262943e-13
1.4612545e-09
7.0581798e-13
1.4613908e-09
6.1797846e-13
1.4615154e-09
5.3823864e-13
1.4616285e-09
4.6587925e-13
1.4617303e-09
4.0030464e-13
1.4618212e-09
3.4101513e-13
1.4619015e-09
2.8758239e-13
1.4619718e-09
2.3962909e-13
1.4620327e-09
1.9681205e-13
1.4620849e-09
1.5880928e-13
1.462129e-09
1.2531075e-13
1.4621657e-09
9.6012226e-14
1.4621958e-09
7.0611613e-14
1.46222e-09
4.880771e-14
1.462239e-09
3.0300464e-14
1.4622534e-09
1.4792421e-14
1.4622639e-09
1.990959e-15
1.462271e-09
-8.3885997e-15
1.4622753e-09
-1.6622037e-14
1.4622773e-09
-2.2971522e-14
1.4622775e-09
-2.7684931e-14
1.4622761e-09
-3.0993799e-14
1.4622736e-09
-3.3112105e-14
1.4622702e-09
-3.4235471e-14
1.4622662e-09
-3.4540722e-14
1.4622618e-09
-3.4185873e-14
1.4622572e-09
-3.3310454e-14
1.4622525e-09
-3.2036172e-14
1.4622478e-09
-3.0467921e-14
1.4622432e-09
-2.8695011e-14
1.4622387e-09
-2.6792512e-14
1.4622345e-09
-2.4822646e-14
1.4622305e-09
-2.2836112e-14
1.4622269e-09
-2.087332e-14
1.4622235e-09
-1.8965607e-14
1.4622203e-09
-1.7136426e-14
1.4622175e-09
-1.5402538e-14
1.4622149e-09
-1.3775197e-14
1.4622126e-09
-1.2261205e-14
1.4622105e-09
-1.0863775e-14
1.4622087e-09
-9.5832029e-15
1.4622071e-09
-8.4173832e-15
1.4622056e-09
-7.3622844e-15
1.4622044e-09
-6.4124668e-15
1.4622033e-09
-5.56161e-15
1.4622023e-09
-4.8029633e-15
1.4622015e-09
-4.1296411e-15
1.4622008e-09
-3.5347464e-15
1.4622002e-09
-3.0114254e-15
1.4621996e-09
-2.5529695e-15
1.4621992e-09
-2.1529915e-15
1.4621988e-09
-1.8055963e-15
1.4621985e-09
-1.5054211e-15
1.4621982e-09
-1.2474981e-15
1.462198e-09
-1.027062e-15
1.4621978e-09
-8.3948905e-16
1.4621976e-09
-6.8044407e-16
1.4621975e-09
-5.4610521e-16
1.4621974e-09
-4.3323597e-16
1.4621973e-09
-3.3900991e-16
1.4621972e-09
-2.607621e-16
1.4621972e-09
-1.9593819e-16
1.4621972e-09
-1.4230587e-16
1.4621971e-09
-9.8183978e-17
1.4621971e-09
-6.2388048e-17
1.4621971e-09
-3.3904794e-17
1.4621971e-09
-1.1642997e-17
1.4621971e-09
5.4705955e-18
1.4621971e-09
1.8206456e-17
1.462197e-09
2.6964126e-17
1.462197e-09
3.2060713e-17
1.462197e-09
3.4041217e-17
1.4621971e-09
3.3621592e-17
1.4621971e-09
3.1360023e-17
1.4621971e-09
2.7521945e-17
1.4621971e-09
2.2310913e-17
1.4621971e-09
1.6092984e-17
1.4621971e-09
9.2775557e-18
1.4621971e-09
2.0832943e-18
1.4621971e-09
-5.4181511e-18
1.4621971e-09
-1.3110197e-17
1.4621971e-09
-2.0892733e-17
1.4621971e-09
-2.8892581e-17
1.4621971e-09
-3.7383428e-17
1.462197e-09
-4.651251e-17
1.462197e-09
-5.6302251e-17
1.462197e-09
-6.6835227e-17
1.462197e-09
-7.8256309e-17
1.462197e-09
-9.0747158e-17
1.462197e-09
-1.046189e-16
1.462197e-09
-1.2018201e-16
1.4621969e-09
-1.3747337e-16
1.4621969e-09
-1.5649103e-16
1.4621969e-09
-1.7754418e-16
1.4621969e-09
-2.0098895e-16
1.4621968e-09
-2.2714432e-16
1.4621968e-09
-2.5655214e-16
1.4621967e-09
-2.8951906e-16
1.4621967e-09
-3.2607943e-16
1.4621966e-09
-3.6705229e-16
1.4621966e-09
-4.1362719e-16
1.4621965e-09
-4.6634425e-16
1.4621964e-09
-5.2585625e-16
1.4621963e-09
-5.9354131e-16
1.4621962e-09
-6.7078235e-16
1.4621961e-09
-7.5911309e-16
1.462196e-09
-8.6092162e-16
1.4621958e-09
-9.7818727e-16
1.4621956e-09
-1.1129718e-15
1.4621954e-09
-1.2689134e-15
1.4621952e-09
-1.4504062e-15
1.462195e-09
-1.6620154e-15
1.4621947e-09
-1.9091667e-15
1.4621944e-09
-2.199078e-15
1.462194e-09
-2.5411645e-15
1.4621937e-09
-2.9469422e-15
1.4621932e-09
-3.4304062e-15
1.4621927e-09
-4.0100791e-15
1.4621922e-09
-4.7098895e-15
1.4621915e-09
-5.5621315e-15
1.4621908e-09
-6.610836e-15
1.4621901e-09
-7.9154806e-15
1.4621892e-09
-9.5611298e-15
1.4621883e-09
-1.1705391e-14
1.4621873e-09
-1.4407726e-14
-1.5848426e-14
1.6804876e-09
-2.798087e-11
1.7191321e-09
-8.1122123e-11
1.774904e-09
-1.1931841e-10
1.8395168e-09
-1.372376e-10
1.9068011e-09
-1.3612199e-10
1.9731093e-09
-1.1983589e-10
2.0368968e-09
-9.2855087e-11
2.0980864e-09
-5.9379743e-11
2.1573922e-09
-2.2946873e-11
2.2158493e-09
1.3676436e-11
2.2744269e-09
4.8397781e-11
2.3338318e-09
7.9670179e-11
2.3944173e-09
1.0635547e-10
2.4561472e-09
1.2766114e-10
2.5186264e-09
1.4307713e-10
2.5811688e-09
1.5234827e-10
2.6428833e-09
1.5545549e-10
2.702764e-09
1.5259451e-10
2.7597753e-09
1.4414971e-10
2.8129269e-09
1.3066336e-10
2.8613336e-09
1.1280089e-10
2.9042604e-09
9.1312621e-11
2.9411467e-09
6.6992959e-11
2.9716101e-09
4.0638759e-11
2.9954354e-09
1.3011497e-11
3.0125497e-09
-1.5193999e-11
3.0229943e-09
-4.3369797e-11
3.0268847e-09
-7.1005437e-11
3.0243864e-09
-9.7684877e-11
3.0156936e-09
-1.2307988e-10
3.0010114e-09
-1.4693948e-10
2.9805478e-09
-1.6907408e-10
2.9545131e-09
-1.8933904e-10
2.9231242e-09
-2.0762091e-10
2.8866128e-09
-2.2382713e-10
2.8452355e-09
-2.3787944e-10
2.799283e-09
-2.497114e-10
2.7490895e-09
-2.5926956e-10
2.6950377e-09
-2.6651757e-10
2.637561e-09
-2.7144187e-10
2.5771415e-09
-2.7405778e-10
2.5143035e-09
-2.7441453e-10
2.4496044e-09
-2.7259822e-10
2.3836224e-09
-2.6873233e-10
2.3169437e-09
-2.6297549e-10
2.2501475e-09
-2.5551674e-10
2.183793e-09
-2.4656905e-10
2.1184063e-09
-2.3636145e-10
2.0544697e-09
-2.2513077e-10
1.9924129e-09
-2.131135e-10
1.9326067e-09
-2.0053849e-10
1.8753599e-09
-1.8762065e-10
1.8209178e-09
-1.7455625e-10
1.7694634e-09
-1.6151951e-10
1.7211206e-09
-1.4866075e-10
1.6759588e-09
-1.3610582e-10
1.6339982e-09
-1.2395654e-10
1.5952164e-09
-1.1229209e-10
1.5595546e-09
-1.0117091e-10
1.5269241e-09
-9.063311e-11
1.4972126e-09
-8.070295e-11
1.4702898e-09
-7.1391469e-11
1.4460124e-09
-6.2699011e-11
1.4242285e-09
-5.4617534e-11
1.4047817e-09
-4.7132771e-11
1.387514e-09
-4.0226078e-11
1.3722684e-09
-3.3875969e-11
1.3588907e-09
-2.8059409e-11
1.3472313e-09
-2.2752786e-11
1.337146e-09
-1.79326e-11
1.328497e-09
-1.3575947e-11
1.321153e-09
-9.660809e-12
1.3149895e-09
-6.1659935e-12
1.3098892e-09
-3.0712647e-12
1.3057391e-09
-3.539266e-13
1.3024389e-09
1.9978862e-12
1.2998883e-09
4.0112167e-12
1.2979963e-09
5.7024949e-12
1.2966776e-09
7.0918345e-12
1.2958528e-09
8.1997413e-12
1.2954485e-09
9.0473794e-12
1.2953968e-09
9.6565965e-12
1.2956359e-09
1.004985e-11
1.2961093e-09
1.0250058e-11
1.2967665e-09
1.0280375e-11
1.2975622e-09
1.0163919e-11
1.2984568e-09
9.9234548e-12
1.2994159e-09
9.5810581e-12
1.3004103e-09
9.1577962e-12
1.3014155e-09
8.6734217e-12
1.3024117e-09
8.1461026e-12
1.3033833e-09
7.5922146e-12
1.3043183e-09
7.0261877e-12
1.3052084e-09
6.4604158e-12
1.306048e-09
5.905239e-12
1.306834e-09
5.3689838e-12
1.3075653e-09
4.8580557e-12
1.3082424e-09
4.3770842e-12
1.3088671e-09
3.9290996e-12
1.309442e-09
3.5157327e-12
1.3099701e-09
3.1374319e-12
1.3104548e-09
2.7936805e-12
1.3108997e-09
2.4832072e-12
1.311308e-09
2.2041857e-12
1.3116829e-09
1.954414e-12
1.3120274e-09
1.7314694e-12
1.3123441e-09
1.5328415e-12
1.3126352e-09
1.3560376e-12
1.3129027e-09
1.1986636e-12
1.3131483e-09
1.0584829e-12
1.3133734e-09
9.3345375e-13
1.3135792e-09
8.217492e-13
1.3137669e-09
7.2176294e-13
1.3139374e-09
6.3210375e-13
1.3140917e-09
5.5158113e-13
1.3142305e-09
4.7918636e-13
1.3143546e-09
4.140698e-13
1.314465e-09
3.5551695e-13
1.3145624e-09
3.029254e-13
1.3146476e-09
2.5578287e-13
1.3147216e-09
2.1364764e-13
1.3147851e-09
1.7613184e-13
1.314839e-09
1.4288756e-13
1.3148842e-09
1.1359577e-13
1.3149215e-09
8.7958007e-14
1.3149519e-09
6.5690443e-14
1.314976e-09
4.6519904e-14
1.3149946e-09
3.018173e-14
1.3150085e-09
1.6418891e-14
1.3150183e-09
4.982034e-15
1.3150246e-09
-4.3687675e-15
1.3150281e-09
-1.1865341e-14
1.3150292e-09
-1.7727329e-14
1.3150284e-09
-2.216227e-14
1.3150261e-09
-2.536443e-14
1.3150226e-09
-2.7513949e-14
1.3150183e-09
-2.8776296e-14
1.3150133e-09
-2.9301955e-14
1.315008e-09
-2.9226323e-14
1.3150025e-09
-2.8669872e-14
1.3149969e-09
-2.7738534e-14
1.3149914e-09
-2.6524334e-14
1.3149861e-09
-2.5106278e-14
1.3149809e-09
-2.3551383e-14
1.314976e-09
-2.1915783e-14
1.3149715e-09
-2.0245824e-14
1.3149672e-09
-1.8579076e-14
1.3149633e-09
-1.6945261e-14
1.3149597e-09
-1.536716e-14
1.3149564e-09
-1.386154e-14
1.3149534e-09
-1.2440093e-14
1.3149508e-09
-1.1110392e-14
1.3149484e-09
-9.8767198e-15
1.3149463e-09
-8.740714e-15
1.3149444e-09
-7.7018362e-15
1.3149427e-09
-6.7577245e-15
1.3149413e-09
-5.9045473e-15
1.31494e-09
-5.1374302e-15
1.3149389e-09
-4.450905e-15
1.3149379e-09
-3.8392841e-15
1.3149371e-09
-3.2968743e-15
1.3149364e-09
-2.8180315e-15
1.3149358e-09
-2.3971612e-15
1.3149352e-09
-2.0287897e-15
1.3149348e-09
-1.7077278e-15
1.3149344e-09
-1.4292289e-15
1.3149341e-09
-1.1889994e-15
1.3149338e-09
-9.8302855e-16
1.3149336e-09
-8.0738666e-16
1.3149334e-09
-6.5819835e-16
1.3149333e-09
-5.3184278e-16
1.3149332e-09
-4.252038e-16
1.3149331e-09
-3.3571377e-16
1.314933e-09
-2.6113101e-16
1.3149329e-09
-1.9927452e-16
1.3149329e-09
-1.4800404e-16
1.3149328e-09
-1.0548175e-16
1.3149328e-09
-7.0422755e-17
1.3149328e-09
-4.2014537e-17
1.3149328e-09
-1.9548325e-17
1.3149328e-09
-2.154912e-18
1.3149328e-09
1.1070818e-17
1.3149328e-09
2.0745652e-17
1.3149328e-09
2.7130671e-17
1.3149328e-09
3.0453742e-17
1.3149328e-09
3.1218049e-17
1.3149328e-09
3.0086057e-17
1.3149328e-09
2.7511609e-17
1.3149328e-09
2.365021e-17
1.3149328e-09
1.8663738e-17
1.3149328e-09
1.2946633e-17
1.3149328e-09
6.9367503e-18
1.3149328e-09
8.2572856e-19
1.3149328e-09
-5.3998611e-18
1.3149328e-09
-1.1737677e-17
1.3149328e-09
-1.8176773e-17
1.3149328e-09
-2.484563e-17
1.3149328e-09
-3.1920966e-17
1.3149328e-09
-3.9416869e-17
1.3149328e-09
-4.7292554e-17
1.3149327e-09
-5.5728231e-17
1.3149327e-09
-6.5070984e-17
1.3149327e-09
-7.5568881e-17
1.3149327e-09
-8.7283348e-17
1.3149327e-09
-1.0014e-16
1.3149327e-09
-1.1409255e-16
1.3149326e-09
-1.2946988e-16
1.3149326e-09
-1.4685055e-16
1.3149326e-09
-1.6637358e-16
1.3149325e-09
-1.8789574e-16
1.3149325e-09
-2.1174771e-16
1.3149324e-09
-2.3841583e-16
1.3149324e-09
-2.6821744e-16
1.3149323e-09
-3.018747e-16
1.3149322e-09
-3.4014859e-16
1.3149321e-09
-3.8322688e-16
1.3149321e-09
-4.3165084e-16
1.3149319e-09
-4.8700594e-16
1.3149318e-09
-5.5083437e-16
1.3149317e-09
-6.2404107e-16
1.3149315e-09
-7.0802874e-16
1.3149314e-09
-8.0487422e-16
1.3149312e-09
-9.1713773e-16
1.3149309e-09
-1.0476701e-15
1.3149307e-09
-1.1996608e-15
1.3149304e-09
-1.3771849e-15
1.3149301e-09
-1.5856317e-15
1.3149297e-09
-1.8314428e-15
1.3149293e-09
-2.1223116e-15
1.3149288e-09
-2.4685917e-15
1.3149283e-09
-2.8824703e-15
1.3149276e-09
-3.3796564e-15
1.3149269e-09
-3.9813955e-15
1.3149261e-09
-4.7148643e-15
1.3149251e-09
-5.6168652e-15
1.3149239e-09
-6.738912e-15
1.3149225e-09
-8.1590701e-15
1.3149208e-09
-1.0048949e-14
1.3149188e-09
-1.236513e-14
-1.3556201e-14
1.6880057e-09
-4.9319884e-11
1.7418829e-09
-1.3499933e-10
1.81157e-09
-1.8900548e-10
1.8836492e-09
-2.0931682e-10
1.9507658e-09
-2.032386e-10
2.0102543e-09
-1.7932437e-10
2.0623917e-09
-1.4499249e-10
2.1089561e-09
-1.0594417e-10
2.1521787e-09
-6.6169499e-11
2.1941304e-09
-2.8275256e-11
2.2364323e-09
6.0959411e-12
2.2801066e-09
3.5995802e-11
2.3256597e-09
6.0802434e-11
2.3730969e-09
8.0223949e-11
2.4220279e-09
9.4146066e-11
2.4717669e-09
1.0260933e-10
2.5214307e-09
1.0579167e-10
2.5700292e-09
1.0399598e-10
2.6165427e-09
9.7636218e-11
2.659986e-09
8.7220039e-11
2.6994591e-09
7.3327802e-11
2.7341838e-09
5.6587969e-11
2.7635259e-09
3.7650782e-11
2.7870048e-09
1.7159892e-11
2.8042824e-09
-4.2660959e-12
2.8151628e-09
-2.6074391e-11
2.819566e-09
-4.7773024e-11
2.8175037e-09
-6.8943066e-11
2.8090619e-09
-8.924315e-11
2.7943846e-09
-1.0840259e-10
2.773659e-09
-1.2621389e-10
2.7471071e-09
-1.4252217e-10
2.7149818e-09
-1.5721374e-10
2.6775668e-09
-1.7020587e-10
2.6351786e-09
-1.8143899e-10
2.5881705e-09
-1.9087133e-10
2.5369356e-09
-1.9847647e-10
2.4819093e-09
-2.0424322e-10
2.4235692e-09
-2.0817754e-10
2.3624327e-09
-2.1030537e-10
2.2990506e-09
-2.106756e-10
2.2339982e-09
-2.0936216e-10
2.1678648e-09
-2.0646479e-10
2.1012403e-09
-2.0210787e-10
2.0347024e-09
-1.964376e-10
1.9688033e-09
-1.8961764e-10
1.9040578e-09
-1.8182358e-10
1.8409334e-09
-1.73237e-10
1.779842e-09
-1.640394e-10
1.7211352e-09
-1.5440665e-10
1.6651009e-09
-1.4450419e-10
1.6119635e-09
-1.3448329e-10
1.5618857e-09
-1.2447842e-10
1.5149719e-09
-1.1460573e-10
1.4712736e-09
-1.0496247e-10
1.4307952e-09
-9.5627388e-11
1.3935003e-09
-8.6661671e-11
1.3593187e-09
-7.8110439e-11
1.3281523e-09
-7.0004542e-11
1.2998817e-09
-6.2362517e-11
1.2743714e-09
-5.5192601e-11
1.2514746e-09
-4.849468e-11
1.2310377e-09
-4.226215e-11
1.2129037e-09
-3.6483556e-11
1.1969151e-09
-3.1144089e-11
1.1829158e-09
-2.6226826e-11
1.1707536e-09
-2.1713739e-11
1.1602807e-09
-1.7586505e-11
1.151355e-09
-1.3827076e-11
1.1438404e-09
-1.041805e-11
1.1376074e-09
-7.3429013e-12
1.1325327e-09
-4.5861454e-12
1.1284996e-09
-2.1329258e-12
1.1253975e-09
3.0844165e-14
1.1231248e-09
1.9187502e-12
1.1215792e-09
3.5434784e-12
1.1206708e-09
4.9196319e-12
1.1203128e-09
6.0605673e-12
1.1204242e-09
6.9804389e-12
1.1209298e-09
7.6940832e-12
1.1217602e-09
8.2170201e-12
1.1228513e-09
8.5654358e-12
1.1241451e-09
8.7561055e-12
1.1255889e-09
8.8062513e-12
1.1271359e-09
8.7333394e-12
1.128745e-09
8.5548465e-12
1.1303805e-09
8.2879957e-12
1.132012e-09
7.9494813e-12
1.1336146e-09
7.5552104e-12
1.135168e-09
7.1200615e-12
1.1366564e-09
6.6576749e-12
1.1380683e-09
6.1802954e-12
1.1393959e-09
5.6986591e-12
1.1406343e-09
5.2219301e-12
1.1417819e-09
4.757695e-12
1.1428389e-09
4.3120004e-12
1.1438075e-09
3.8894306e-12
1.1446914e-09
3.4932243e-12
1.145495e-09
3.1254138e-12
1.1462238e-09
2.7869798e-12
1.1468832e-09
2.4780193e-12
1.147479e-09
2.1979109e-12
1.1480167e-09
1.9454746e-12
1.1485018e-09
1.719123e-12
1.1489392e-09
1.5169957e-12
1.1493336e-09
1.3370759e-12
1.1496891e-09
1.1772895e-12
1.1500096e-09
1.0355847e-12
1.1502983e-09
9.0999169e-13
1.1505581e-09
7.9866735e-13
1.1507916e-09
6.9992312e-13
1.1510011e-09
6.1224e-13
1.1511886e-09
5.3427348e-13
1.1513559e-09
4.6484964e-13
1.1515045e-09
4.0295471e-13
1.1516359e-09
3.4772123e-13
1.1517516e-09
2.9841119e-13
1.1518527e-09
2.5439824e-13
1.1519405e-09
2.1515033e-13
1.1520161e-09
1.8021303e-13
1.1520805e-09
1.4919453e-13
1.1521349e-09
1.2175264e-13
1.1521802e-09
9.7583706e-14
1.1522174e-09
7.6413628e-14
1.1522474e-09
5.7990831e-14
1.152271e-09
4.2080966e-14
1.152289e-09
2.8463117e-14
1.1523023e-09
1.6927355e-14
1.1523114e-09
7.2731991e-15
1.1523171e-09
-6.898078e-16
1.1523199e-09
-7.1444288e-15
1.1523203e-09
-1.2263978e-14
1.1523187e-09
-1.6211379e-14
1.1523157e-09
-1.9139507e-14
1.1523116e-09
-2.1190571e-14
1.1523065e-09
-2.2495801e-14
1.1523009e-09
-2.3175273e-14
1.152295e-09
-2.333783e-14
1.1522888e-09
-2.3081118e-14
1.1522826e-09
-2.2491766e-14
1.1522766e-09
-2.1645731e-14
1.1522706e-09
-2.0608815e-14
1.152265e-09
-1.9437367e-14
1.1522596e-09
-1.8179088e-14
1.1522546e-09
-1.6873855e-14
1.1522499e-09
-1.5554517e-14
1.1522455e-09
-1.4247601e-14
1.1522416e-09
-1.2973942e-14
1.1522379e-09
-1.1749327e-14
1.1522347e-09
-1.0585179e-14
1.1522317e-09
-9.4892841e-15
1.1522291e-09
-8.4665175e-15
1.1522267e-09
-7.5194578e-15
1.1522246e-09
-6.6488266e-15
1.1522228e-09
-5.8537792e-15
1.1522211e-09
-5.1321264e-15
1.1522197e-09
-4.4805962e-15
1.1522185e-09
-3.8951829e-15
1.1522174e-09
-3.3715234e-15
1.1522165e-09
-2.9051921e-15
1.1522157e-09
-2.491833e-15
1.152215e-09
-2.1271462e-15
1.1522144e-09
-1.8068522e-15
1.1522139e-09
-1.5267502e-15
1.1522135e-09
-1.2828773e-15
1.1522131e-09
-1.0716419e-15
1.1522128e-09
-8.8979158e-16
1.1522126e-09
-7.3422552e-16
1.1522123e-09
-6.0182658e-16
1.1522122e-09
-4.8949636e-16
1.152212e-09
-3.9439332e-16
1.1522119e-09
-3.141588e-16
1.1522118e-09
-2.468968e-16
1.1522118e-09
-1.9090985e-16
1.1522117e-09
-1.4445807e-16
1.1522117e-09
-1.0581603e-16
1.1522116e-09
-7.3598028e-17
1.1522116e-09
-4.6987352e-17
1.1522116e-09
-2.5557058e-17
1.1522116e-09
-8.8277231e-18
1.1522116e-09
3.9579376e-18
1.1522116e-09
1.359592e-17
1.1522116e-09
2.0532278e-17
1.1522116e-09
2.4843096e-17
1.1522116e-09
2.6638931e-17
1.1522116e-09
2.6383457e-17
1.1522116e-09
2.4718748e-17
1.1522116e-09
2.2049316e-17
1.1522116e-09
1.8458186e-17
1.1522116e-09
1.4050483e-17
1.1522116e-09
9.1978794e-18
1.1522116e-09
4.3114516e-18
1.1522116e-09
-5.0071845e-19
1.1522116e-09
-5.3748248e-18
1.1522116e-09
-1.0379227e-17
1.1522116e-09
-1.5449899e-17
1.1522116e-09
-2.0571826e-17
1.1522116e-09
-2.5838661e-17
1.1522116e-09
-3.1386902e-17
1.1522116e-09
-3.7417757e-17
1.1522116e-09
-4.4165306e-17
1.1522116e-09
-5.1682529e-17
1.1522115e-09
-5.9829096e-17
1.1522115e-09
-6.8615341e-17
1.1522115e-09
-7.832041e-17
1.1522115e-09
-8.9204804e-17
1.1522115e-09
-1.0136858e-16
1.1522114e-09
-1.1483277e-16
1.1522114e-09
-1.2959119e-16
1.1522113e-09
-1.4584682e-16
1.1522113e-09
-1.6407143e-16
1.1522112e-09
-1.8452301e-16
1.1522112e-09
-2.0734953e-16
1.1522111e-09
-2.3306198e-16
1.152211e-09
-2.6211409e-16
1.1522109e-09
-2.9479622e-16
1.1522108e-09
-3.3195419e-16
1.1522107e-09
-3.7473664e-16
1.1522106e-09
-4.2379088e-16
1.1522105e-09
-4.7991441e-16
1.1522103e-09
-5.4485202e-16
1.1522101e-09
-6.2028685e-16
1.1522099e-09
-7.0768523e-16
1.1522097e-09
-8.0921167e-16
1.1522094e-09
-9.2811289e-16
1.1522091e-09
-1.0676928e-15
1.1522087e-09
-1.2317155e-15
1.1522083e-09
-1.42586e-15
1.1522079e-09
-1.6563525e-15
1.1522073e-09
-1.9308586e-15
1.1522067e-09
-2.259217e-15
1.152206e-09
-2.6531922e-15
1.1522051e-09
-3.1277697e-15
1.1522041e-09
-3.7011776e-15
1.1522029e-09
-4.3968421e-15
1.1522014e-09
-5.2461429e-15
1.1521995e-09
-6.3042298e-15
1.1521972e-09
-7.7205445e-15
1.1521942e-09
-9.3821168e-15
-1.0275734e-14
1.7014277e-09
-8.4080967e-11
1.7756475e-09
-2.0921909e-10
1.8560527e-09
-2.6941068e-10
1.9249146e-09
-2.7817868e-10
1.9775011e-09
-2.5582518e-10
2.015444e-09
-2.172672e-10
2.0429016e-09
-1.7245008e-10
2.0644362e-09
-1.2747882e-10
2.083926e-09
-8.5659289e-11
2.1041935e-09
-4.8542712e-11
2.1270076e-09
-1.6718156e-11
2.1532824e-09
9.7209395e-12
2.1832026e-09
3.0882213e-11
2.2164578e-09
4.6968816e-11
2.2523673e-09
5.8236546e-11
2.2900127e-09
6.4963911e-11
2.3283388e-09
6.7465617e-11
2.366235e-09
6.6099698e-11
2.4026012e-09
6.1270025e-11
2.436398e-09
5.3423231e-11
2.4666857e-09
4.3040158e-11
2.4926511e-09
3.0622549e-11
2.5136223e-09
1.6679562e-11
2.5290882e-09
1.6939872e-12
2.5386564e-09
-1.3834223e-11
2.5421071e-09
-2.9525168e-11
2.5393277e-09
-4.4993596e-11
2.5303157e-09
-5.9931056e-11
2.5151599e-09
-7.4087352e-11
2.4940249e-09
-8.7267583e-11
2.4671378e-09
-9.9326745e-11
2.4347777e-09
-1.1016212e-10
2.3972689e-09
-1.1970494e-10
2.3549758e-09
-1.279128e-10
2.3083004e-09
-1.3476358e-10
2.2576802e-09
-1.4025111e-10
2.2035864e-09
-1.4438268e-10
2.1465214e-09
-1.471782e-10
2.0870144e-09
-1.4867056e-10
2.0256157e-09
-1.4890662e-10
1.9628882e-09
-1.4794813e-10
1.8993982e-09
-1.4587222e-10
1.8357043e-09
-1.4277089e-10
1.772346e-09
-1.387495e-10
1.7098326e-09
-1.339242e-10
1.6486335e-09
-1.2841857e-10
1.5891698e-09
-1.2235985e-10
1.5318078e-09
-1.1587499e-10
1.4768553e-09
-1.0908691e-10
1.4245599e-09
-1.0211128e-10
1.3751096e-09
-9.5053895e-11
1.3286352e-09
-8.8008874e-11
1.2852143e-09
-8.1057527e-11
1.2448765e-09
-7.4267977e-11
1.2076094e-09
-6.7695344e-11
1.1733645e-09
-6.1382425e-11
1.1420635e-09
-5.5360705e-11
1.1136046e-09
-4.9651597e-11
1.0878679e-09
-4.4267814e-11
1.0647202e-09
-3.9214774e-11
1.0440195e-09
-3.4491973e-11
1.0256192e-09
-3.0094284e-11
1.0093702e-09
-2.6013164e-11
9.9512429e-10
-2.2237681e-11
9.8273564e-10
-1.8755443e-11
9.7206216e-10
-1.5553345e-11
9.6296657e-10
-1.2618151e-11
9.5531702e-10
-9.9369454e-12
9.4898735e-10
-7.4974128e-12
9.4385728e-10
-5.2879797e-12
9.3981231e-10
-3.2979317e-12
9.3674364e-10
-1.5174727e-12
9.3454843e-10
6.2286284e-14
9.3312917e-10
1.4501044e-12
9.3239288e-10
2.6550381e-12
9.322515e-10
3.6848611e-12
9.3262285e-10
4.5482822e-12
9.3342933e-10
5.2540866e-12
9.3459828e-10
5.8114845e-12
9.360621e-10
6.2302627e-12
9.3775832e-10
6.5208009e-12
9.3962971e-10
6.6940461e-12
9.4162437e-10
6.7614425e-12
9.4369581e-10
6.7348141e-12
9.4580295e-10
6.6262047e-12
9.479101e-10
6.4476977e-12
9.4998687e-10
6.2112173e-12
9.5200803e-10
5.9283234e-12
9.5395322e-10
5.6100225e-12
9.5580669e-10
5.2665929e-12
9.5755693e-10
4.9074357e-12
9.5919626e-10
4.5409637e-12
9.6072039e-10
4.1745243e-12
9.6212797e-10
3.8143571e-12
9.6342007e-10
3.4655936e-12
9.6459978e-10
3.1322872e-12
9.6567174e-10
2.81747e-12
9.6664173e-10
2.5232375e-12
9.6751629e-10
2.2508478e-12
9.6830244e-10
2.0008312e-12
9.6900735e-10
1.7731081e-12
9.6963816e-10
1.5671048e-12
9.7020177e-10
1.3818651e-12
9.7070474e-10
1.2161548e-12
9.7115318e-10
1.0685556e-12
9.7155271e-10
9.3754566e-13
9.7190843e-10
8.2156875e-13
9.7222493e-10
7.1908888e-13
9.7250628e-10
6.2863231e-13
9.7275613e-10
5.4881844e-13
9.7297768e-10
4.7837954e-13
9.7317375e-10
4.1617142e-13
9.7334684e-10
3.6117715e-13
9.7349919e-10
3.1250458e-13
9.7363276e-10
2.6937942e-13
9.7374935e-10
2.3113573e-13
9.7385055e-10
1.9720437e-13
9.7393785e-10
1.6710052e-13
9.7401259e-10
1.4041154e-13
9.7407602e-10
1.1678517e-13
9.7412929e-10
9.5918704e-14
9.741735e-10
7.7549578e-14
9.7420963e-10
6.1447153e-14
9.7423864e-10
4.7405901e-14
9.7426139e-10
3.523996e-14
9.742787e-10
2.4778858e-14
9.7429129e-10
1.5864311e-14
9.7429987e-10
8.3479722e-15
9.7430506e-10
2.0898957e-15
9.7430741e-10
-3.040244e-15
9.7430743e-10
-7.1690245e-15
9.7430558e-10
-1.0413138e-14
9.7430225e-10
-1.288256e-14
9.7429779e-10
-1.4679888e-14
9.742925e-10
-1.5900244e-14
9.7428664e-10
-1.6631214e-14
9.7428041e-10
-1.6952813e-14
9.7427401e-10
-1.6937483e-14
9.7426758e-10
-1.6650132e-14
9.7426124e-10
-1.6148264e-14
9.7425508e-10
-1.5482223e-14
9.7424916e-10
-1.4695567e-14
9.7424355e-10
-1.3825573e-14
9.7423828e-10
-1.2903801e-14
9.7423336e-10
-1.1956645e-14
9.7422881e-10
-1.1005839e-14
9.7422463e-10
-1.0068877e-14
9.7422082e-10
-9.1594017e-15
9.7421736e-10
-8.2876283e-15
9.7421423e-10
-7.460836e-15
9.7421143e-10
-6.6839033e-15
9.7420892e-10
-5.9598255e-15
9.7420669e-10
-5.2901176e-15
9.7420472e-10
-4.6750666e-15
9.7420298e-10
-4.1138765e-15
9.7420145e-10
-3.6047968e-15
9.7420011e-10
-3.1453251e-15
9.7419895e-10
-2.7324995e-15
9.7419794e-10
-2.3632024e-15
9.7419707e-10
-2.0343604e-15
9.7419632e-10
-1.7429793e-15
9.7419568e-10
-1.4860739e-15
9.7419514e-10
-1.2606247e-15
9.7419467e-10
-1.0636511e-15
9.7419428e-10
-8.9236479e-16
9.7419395e-10
-7.4426052e-16
9.7419368e-10
-6.1704261e-16
9.7419346e-10
-5.0844885e-16
9.7419327e-10
-4.1614777e-16
9.7419312e-10
-3.3783748e-16
9.74193e-10
-2.7148746e-16
9.741929e-10
-2.1549484e-16
9.7419282e-10
-1.6857964e-16
9.7419276e-10
-1.295104e-16
9.7419271e-10
-9.6957351e-17
9.7419267e-10
-6.9668448e-17
9.7419265e-10
-4.6802838e-17
9.7419263e-10
-2.80168e-17
9.7419262e-10
-1.3132274e-17
9.7419261e-10
-1.7181208e-18
9.7419261e-10
6.9425727e-18
9.7419261e-10
1.345578e-17
9.7419261e-10
1.7974777e-17
9.7419261e-10
2.037491e-17
9.7419262e-10
2.0774746e-17
9.7419262e-10
1.974914e-17
9.7419263e-10
1.7940797e-17
9.7419264e-10
1.5578628e-17
9.7419264e-10
1.2556839e-17
9.7419265e-10
8.9458982e-18
9.7419265e-10
5.1719252e-18
9.7419266e-10
1.5967857e-18
9.7419266e-10
-1.838706e-18
9.7419266e-10
-5.3575894e-18
9.7419266e-10
-8.9267349e-18
9.7419265e-10
-1.2362563e-17
9.7419265e-10
-1.574363e-17
9.7419264e-10
-1.9409746e-17
9.7419263e-10
-2.3542937e-17
9.7419262e-10
-2.8011414e-17
9.7419261e-10
-3.2699443e-17
9.741926e-10
-3.7784665e-17
9.7419258e-10
-4.3561482e-17
9.7419256e-10
-5.0072994e-17
9.7419254e-10
-5.7069467e-17
9.7419252e-10
-6.4517894e-17
9.7419249e-10
-7.2911819e-17
9.7419246e-10
-8.2533666e-17
9.7419242e-10
-9.2925564e-17
9.7419238e-10
-1.03954e-16
9.7419233e-10
-1.1645915e-16
9.7419228e-10
-1.3088677e-16
9.7419222e-10
-1.4677305e-16
9.7419215e-10
-1.6422758e-16
9.7419207e-10
-1.8420977e-16
9.7419198e-10
-2.0719918e-16
9.7419188e-10
-2.3317391e-16
9.7419177e-10
-2.6271024e-16
9.7419164e-10
-2.96906e-16
9.741915e-10
-3.3660843e-16
9.7419134e-10
-3.8243857e-16
9.7419115e-10
-4.3541497e-16
9.7419094e-10
-4.973004e-16
9.741907e-10
-5.6962852e-16
9.7419043e-10
-6.5418231e-16
9.7419012e-10
-7.5379463e-16
9.7418976e-10
-8.7140359e-16
9.7418934e-10
-1.0107537e-15
9.7418886e-10
-1.176361e-15
9.741883e-10
-1.3735812e-15
9.7418765e-10
-1.6090479e-15
9.7418689e-10
-1.8894982e-15
9.7418599e-10
-2.2227796e-15
9.741849e-10
-2.6164435e-15
9.7418358e-10
-3.0751691e-15
9.7418193e-10
-3.6015073e-15
9.7417984e-10
-4.2108042e-15
9.7417712e-10
-4.9961711e-15
9.7417357e-10
-5.8321425e-15
-6.4545987e-15
1.7234472e-09
-1.4086147e-10
1.8157094e-09
-3.0148132e-10
1.8878107e-09
-3.4151197e-10
1.9274168e-09
-3.1778476e-10
1.9407853e-09
-2.691937e-10
1.937717e-09
-2.1419888e-10
1.9271446e-09
-1.6187771e-10
1.9157274e-09
-1.1606164e-10
1.9076982e-09
-7.7630046e-11
1.9053205e-09
-4.61651e-11
1.9094589e-09
-2.0856542e-11
1.9200645e-09
-8.8466073e-13
1.9365175e-09
1.4429241e-11
1.9578319e-09
2.565439e-11
1.9828335e-09
3.3234998e-11
2.010257e-09
3.7540391e-11
2.0388179e-09
3.8904687e-11
2.0672659e-09
3.7651777e-11
2.0944255e-09
3.4110423e-11
2.119228e-09
2.8620662e-11
2.1407355e-09
2.1532691e-11
2.1581569e-09
1.320109e-11
2.1708609e-09
3.9755603e-12
2.1783395e-09
-5.7846048e-12
2.1802909e-09
-1.5785586e-11
2.1765195e-09
-2.5753794e-11
2.1669706e-09
-3.5444706e-11
2.1517008e-09
-4.466125e-11
2.1308629e-09
-5.3249392e-11
2.1046899e-09
-6.1094578e-11
2.0734804e-09
-6.8117305e-11
2.0375859e-09
-7.4267598e-11
1.9974001e-09
-7.9519109e-11
1.953351e-09
-8.3863711e-11
1.9058945e-09
-8.7307071e-11
1.8555088e-09
-8.9865409e-11
1.8026895e-09
-9.1563436e-11
1.7479447e-09
-9.2433321e-11
1.6917885e-09
-9.25144e-11
1.6347351e-09
-9.1853246e-11
1.5772908e-09
-9.0503763e-11
1.5199455e-09
-8.852699e-11
1.4631651e-09
-8.599042e-11
1.4073824e-09
-8.2966812e-11
1.3529907e-09
-7.953251e-11
1.3003376e-09
-7.5765442e-11
1.2497207e-09
-7.1742986e-11
1.2013856e-09
-6.7539884e-11
1.1555251e-09
-6.3226385e-11
1.1122805e-09
-5.8866733e-11
1.0717447e-09
-5.4518065e-11
1.0339656e-09
-5.0229751e-11
9.9895118e-10
-4.604314e-11
9.6667487e-10
-4.1991669e-11
9.3708078e-10
-3.8101251e-11
9.1008924e-10
-3.4390888e-11
8.8560195e-10
-3.0873411e-11
8.6350666e-10
-2.7556309e-11
8.4368142e-10
-2.4442577e-11
8.259982e-10
-2.1531555e-11
8.1032595e-10
-1.8819722e-11
7.9653309e-10
-1.6301423e-11
7.8448946e-10
-1.3969535e-11
7.740678e-10
-1.1816022e-11
7.6514478e-10
-9.8324243e-12
7.5760168e-10
-8.0102455e-12
7.5132478e-10
-6.3412449e-12
7.4620548e-10
-4.8176481e-12
7.4214032e-10
-3.4322501e-12
7.3903067e-10
-2.1783353e-12
7.3678206e-10
-1.0493239e-12
7.353061e-10
-4.1512707e-14
7.3451843e-10
8.4996554e-13
7.3433684e-10
1.6316867e-12
7.3468484e-10
2.3070438e-12
7.3548925e-10
2.8804462e-12
7.3668098e-10
3.3565538e-12
7.3819484e-10
3.7402277e-12
7.3996967e-10
4.0366523e-12
7.4194851e-10
4.2514216e-12
7.4407876e-10
4.3905581e-12
7.4631231e-10
4.4604932e-12
7.4860573e-10
4.4680168e-12
7.5092035e-10
4.4201971e-12
7.5322228e-10
4.3242727e-12
7.5548245e-10
4.1875347e-12
7.5767647e-10
4.0171962e-12
7.5978453e-10
3.8202605e-12
7.6179115e-10
3.6033995e-12
7.636849e-10
3.3728426e-12
7.6545806e-10
3.1342831e-12
7.6710621e-10
2.8928078e-12
7.6862789e-10
2.6528494e-12
7.7002408e-10
2.4181605e-12
7.7129786e-10
2.1918132e-12
7.7245393e-10
1.9762183e-12
7.7349824e-10
1.7731607e-12
7.7443763e-10
1.5838515e-12
7.7527949e-10
1.4089893e-12
7.7603149e-10
1.2488277e-12
7.7670135e-10
1.1032476e-12
7.7729663e-10
9.7182797e-13
7.7782458e-10
8.5391464e-13
7.7829205e-10
7.4868425e-13
7.787054e-10
6.5520188e-13
7.7907048e-10
5.7247062e-13
7.7939257e-10
4.994741e-13
7.7967645e-10
4.3521043e-13
7.7992636e-10
3.787182e-13
7.8014609e-10
3.2909576e-13
7.8033895e-10
2.8551374e-13
7.805079e-10
2.4722193e-13
7.8065553e-10
2.1355187e-13
7.8078412e-10
1.8391558e-13
7.8089569e-10
1.5780152e-13
7.8099206e-10
1.3476879e-13
7.8107483e-10
1.1444012e-13
7.8114543e-10
9.6494121e-14
7.8120519e-10
8.0657663e-14
7.8125527e-10
6.669844e-14
7.8129677e-10
5.441804e-14
7.8133068e-10
4.3645814e-14
7.8135789e-10
3.4233469e-14
7.8137925e-10
2.6050471e-14
7.8139551e-10
1.8980319e-14
7.8140737e-10
1.2917532e-14
7.8141547e-10
7.7653258e-15
7.8142038e-10
3.4338217e-15
7.8142263e-10
-1.5997192e-16
7.8142268e-10
-3.0944104e-15
7.8142096e-10
-5.4439249e-15
7.8141782e-10
-7.2770693e-15
7.814136e-10
-8.6582361e-15
7.8140857e-10
-9.6474167e-15
7.8140297e-10
-1.0300231e-14
7.81397e-10
-1.0667937e-14
7.8139085e-10
-1.0797424e-14
7.8138464e-10
-1.0731185e-14
7.813785e-10
-1.0507304e-14
7.8137251e-10
-1.0159514e-14
7.8136674e-10
-9.7173382e-15
7.8136126e-10
-9.2063378e-15
7.8135608e-10
-8.6484361e-15
7.8135124e-10
-8.0622662e-15
7.8134674e-10
-7.4634729e-15
7.813426e-10
-6.8649525e-15
7.8133881e-10
-6.2770438e-15
7.8133536e-10
-5.7077252e-15
7.8133223e-10
-5.1628853e-15
7.8132942e-10
-4.6466711e-15
7.813269e-10
-4.161864e-15
7.8132465e-10
-3.7102054e-15
7.8132265e-10
-3.2926031e-15
7.8132089e-10
-2.9092126e-15
7.8131933e-10
-2.5594647e-15
7.8131797e-10
-2.2421429e-15
7.8131678e-10
-1.9555692e-15
7.8131574e-10
-1.6978668e-15
7.8131485e-10
-1.4671839e-15
7.8131408e-10
-1.2617687e-15
7.8131341e-10
-1.0798914e-15
7.8131285e-10
-9.1972794e-16
7.8131236e-10
-7.7934403e-16
7.8131196e-10
-6.5681619e-16
7.8131162e-10
-5.5039609e-16
7.8131133e-10
-4.58561e-16
7.8131109e-10
-3.7989101e-16
7.813109e-10
-3.1289148e-16
7.8131074e-10
-2.5594995e-16
7.8131061e-10
-2.0750616e-16
7.813105e-10
-1.6629988e-16
7.8131042e-10
-1.314426e-16
7.8131035e-10
-1.0221754e-16
7.813103e-10
-7.7815627e-17
7.8131026e-10
-5.7313011e-17
7.8131023e-10
-3.9947093e-17
7.8131021e-10
-2.5387424e-17
7.8131019e-10
-1.3638785e-17
7.8131019e-10
-4.6155064e-18
7.8131018e-10
2.1460128e-18
7.8131018e-10
7.2758958e-18
7.8131018e-10
1.1085545e-17
7.8131019e-10
1.3419344e-17
7.813102e-10
1.4099231e-17
7.813102e-10
1.3440824e-17
7.8131021e-10
1.2143656e-17
7.8131022e-10
1.0658788e-17
7.8131022e-10
8.8745173e-18
7.8131023e-10
6.5483888e-18
7.8131024e-10
3.8679428e-18
7.8131024e-10
1.3360722e-18
7.8131024e-10
-8.2597588e-19
7.8131024e-10
-2.8464417e-18
7.8131024e-10
-4.9390983e-18
7.8131024e-10
-7.0239353e-18
7.8131024e-10
-9.0430379e-18
7.8131023e-10
-1.1179995e-17
7.8131023e-10
-1.3550665e-17
7.8131022e-10
-1.6036045e-17
7.8131021e-10
-1.8649291e-17
7.813102e-10
-2.1660024e-17
7.8131019e-10
-2.5114196e-17
7.8131017e-10
-2.8729139e-17
7.8131015e-10
-3.2488501e-17
7.8131013e-10
-3.6745964e-17
7.8131011e-10
-4.1579363e-17
7.8131008e-10
-4.6747819e-17
7.8131005e-10
-5.2254113e-17
7.8131002e-10
-5.8333549e-17
7.8130998e-10
-6.5127774e-17
7.8130994e-10
-7.2680339e-17
7.8130989e-10
-8.0998619e-17
7.8130983e-10
-9.0236747e-17
7.8130977e-10
-1.007879e-16
7.813097e-10
-1.1284276e-16
7.8130961e-10
-1.2634582e-16
7.8130952e-10
-1.4174029e-16
7.8130942e-10
-1.5977157e-16
7.813093e-10
-1.8060444e-16
7.8130917e-10
-2.0447518e-16
7.8130902e-10
-2.3234585e-16
7.8130885e-10
-2.6496291e-16
7.8130866e-10
-3.0290754e-16
7.8130843e-10
-3.4727486e-16
7.8130818e-10
-3.9953872e-16
7.8130789e-10
-4.6132091e-16
7.8130755e-10
-5.3421353e-16
7.8130716e-10
-6.2066288e-16
7.8130671e-10
-7.2385458e-16
7.8130618e-10
-8.4645136e-16
7.8130556e-10
-9.9167785e-16
7.8130484e-10
-1.1628109e-15
7.8130397e-10
-1.3613225e-15
7.8130294e-10
-1.5844145e-15
7.8130169e-10
-1.8202351e-15
7.8130013e-10
-2.0434023e-15
7.8129814e-10
-2.225019e-15
7.8129551e-10
-2.3670216e-15
7.8129208e-10
-2.3942018e-15
-2.8227672e-15
1.7525374e-09
-2.267322e-10
1.8306604e-09
-3.7960428e-10
1.8436014e-09
-3.5445301e-10
1.8114591e-09
-2.8564246e-10
1.7586453e-09
-2.1637991e-10
1.7016555e-09
-1.5720903e-10
1.6502122e-09
-1.1043449e-10
1.6090103e-09
-7.4859674e-11
1.5795148e-09
-4.8134611e-11
1.5614117e-09
-2.8061975e-11
1.5535247e-09
-1.2969499e-11
1.5542882e-09
-1.6481584e-12
1.5621161e-09
6.601331e-12
1.5753574e-09
1.2413053e-11
1.5924543e-09
1.6138146e-11
1.6119399e-09
1.8054763e-11
1.6324514e-09
1.8393237e-11
1.6527425e-09
1.7360587e-11
1.6716967e-09
1.5156263e-11
1.6883373e-09
1.1980067e-11
1.7018385e-09
8.0315106e-12
1.7115449e-09
3.4946725e-12
1.7169389e-09
-1.4184743e-12
1.7176439e-09
-6.4895578e-12
1.7134755e-09
-1.1617246e-11
1.7043538e-09
-1.663209e-11
1.690324e-09
-2.141483e-11
1.6715336e-09
-2.5870923e-11
1.6482146e-09
-2.9930345e-11
1.6206655e-09
-3.354553e-11
1.5892364e-09
-3.6688174e-11
1.5543145e-09
-3.934572e-11
1.5163132e-09
-4.1517829e-11
1.4756627e-09
-4.3213201e-11
1.4328027e-09
-4.4447006e-11
1.3881763e-09
-4.5238997e-11
1.3422251e-09
-4.5612282e-11
1.2953844e-09
-4.5592653e-11
1.2480783e-09
-4.5208297e-11
1.2007148e-09
-4.4489693e-11
1.1536806e-09
-4.3469541e-11
1.1073361e-09
-4.218257e-11
1.0620109e-09
-4.0665149e-11
1.0179988e-09
-3.8954706e-11
9.7555521e-10
-3.7088962e-11
9.3489485e-10
-3.5105074e-11
8.9619063e-10
-3.3038765e-11
8.5957426e-10
-3.0923517e-11
8.2513777e-10
-2.87899e-11
7.9293611e-10
-2.6665072e-11
7.6299052e-10
-2.4572474e-11
7.3529248e-10
-2.2531709e-11
7.0980793e-10
-2.0558593e-11
6.864816e-10
-1.866534e-11
6.6524119e-10
-1.6860842e-11
6.4600134e-10
-1.5151034e-11
6.286672e-10
-1.3539275e-11
6.1313766e-10
-1.2026761e-11
5.99308e-10
-1.061292e-11
5.8707224e-10
-9.2957911e-12
5.7632489e-10
-8.0723742e-12
5.6696241e-10
-6.9389465e-12
5.5888422e-10
-5.8913422e-12
5.5199338e-10
-4.9251868e-12
5.4619705e-10
-4.0360933e-12
5.4140663e-10
-3.2198228e-12
5.3753779e-10
-2.4724019e-12
5.3451034e-10
-1.7902047e-12
5.322481e-10
-1.170011e-12
5.3067878e-10
-6.0901324e-13
5.2972966e-10
-1.0019692e-13
5.2934101e-10
3.4712912e-13
5.2944478e-10
7.4619569e-13
5.299817e-10
1.0947676e-12
5.3089392e-10
1.394829e-12
5.3212618e-10
1.6481884e-12
5.3362596e-10
1.8567684e-12
5.3534356e-10
2.0226297e-12
5.3723219e-10
2.1480191e-12
5.3924821e-10
2.2354085e-12
5.4135126e-10
2.2875077e-12
5.4350449e-10
2.3072554e-12
5.4567472e-10
2.2977935e-12
5.4783249e-10
2.2624254e-12
5.499522e-10
2.2045612e-12
5.5201208e-10
2.127657e-12
5.5399413e-10
2.0351484e-12
5.55884e-10
1.9303839e-12
5.5767084e-10
1.8165626e-12
5.59347e-10
1.6966781e-12
5.6090782e-10
1.5734707e-12
5.6235123e-10
1.449391e-12
5.6367751e-10
1.3265758e-12
5.6488883e-10
1.2068334e-12
5.65989e-10
1.0916427e-12
5.6698306e-10
9.8216148e-13
5.6787698e-10
8.7924291e-13
5.6867737e-10
7.8346014e-13
5.6939122e-10
6.9513575e-13
5.7002568e-10
6.1437412e-13
5.7058783e-10
5.4109642e-13
5.7108458e-10
4.7507517e-13
5.7152253e-10
4.1596747e-13
5.7190787e-10
3.6334664e-13
5.7224634e-10
3.1673041e-13
5.725432e-10
2.7560547e-13
5.7280323e-10
2.3944859e-13
5.7303069e-10
2.0774365e-13
5.7322942e-10
1.7999468e-13
5.7340278e-10
1.5573577e-13
5.7355375e-10
1.3453757e-13
5.7368497e-10
1.1601097e-13
5.7379871e-10
9.9808622e-14
5.73897e-10
8.5624595e-14
5.7398161e-10
7.3192465e-14
5.7405409e-10
6.2282585e-14
5.7411584e-10
5.2698632e-14
5.7416806e-10
4.4273791e-14
5.7421185e-10
3.6866936e-14
5.7424819e-10
3.0358833e-14
5.7427796e-10
2.464857e-14
5.7430195e-10
1.9650326e-14
5.743209e-10
1.529047e-14
5.7433544e-10
1.1505054e-14
5.7434618e-10
8.2377713e-15
5.7435366e-10
5.4382908e-15
5.7435837e-10
3.060934e-15
5.7436074e-10
1.0634404e-15
5.7436117e-10
-5.922339e-16
5.7436002e-10
-1.9426943e-15
5.743576e-10
-3.0218391e-15
5.7435418e-10
-3.8610394e-15
5.7435001e-10
-4.489721e-15
5.743453e-10
-4.9353892e-15
5.7434022e-10
-5.2236843e-15
5.7433493e-10
-5.3783858e-15
5.7432956e-10
-5.4213673e-15
5.743242e-10
-5.3725223e-15
5.7431894e-10
-5.2496968e-15
5.7431385e-10
-5.0686817e-15
5.7430898e-10
-4.8432909e-15
5.7430435e-10
-4.5855175e-15
5.7430001e-10
-4.3057335e-15
5.7429596e-10
-4.0128668e-15
5.7429221e-10
-3.7145022e-15
5.7428877e-10
-3.4169104e-15
5.7428561e-10
-3.1250589e-15
5.7428275e-10
-2.8426767e-15
5.7428016e-10
-2.5724247e-15
5.7427783e-10
-2.3161544e-15
5.7427574e-10
-2.0751725e-15
5.7427388e-10
-1.8504143e-15
5.7427223e-10
-1.6424767e-15
5.7427077e-10
-1.4515401e-15
5.7426949e-10
-1.2772966e-15
5.7426837e-10
-1.1190073e-15
5.7426739e-10
-9.7571259e-16
5.7426654e-10
-8.4649524e-16
5.742658e-10
-7.3063363e-16
5.7426517e-10
-6.275403e-16
5.7426462e-10
-5.3654653e-16
5.7426416e-10
-4.5672681e-16
5.7426377e-10
-3.8692707e-16
5.7426344e-10
-3.2599522e-16
5.7426316e-10
-2.7302723e-16
5.7426293e-10
-2.2739507e-16
5.7426274e-10
-1.885135e-16
5.7426258e-10
-1.5556992e-16
5.7426245e-10
-1.2750399e-16
5.7426235e-10
-1.0330041e-16
5.7426226e-10
-8.2336223e-17
5.742622e-10
-6.4420837e-17
5.7426214e-10
-4.945776e-17
5.742621e-10
-3.7067654e-17
5.7426207e-10
-2.6589483e-17
5.7426205e-10
-1.7497448e-17
5.7426203e-10
-9.7799559e-18
5.7426202e-10
-3.7834239e-18
5.7426202e-10
3.8090339e-19
5.7426202e-10
3.1819835e-18
5.7426202e-10
5.2980967e-18
5.7426202e-10
6.9322952e-18
5.7426203e-10
7.6857426e-18
5.7426204e-10
7.2305559e-18
5.7426204e-10
5.9615266e-18
5.7426205e-10
4.72316e-18
5.7426206e-10
3.8847326e-18
5.7426206e-10
2.9838384e-18
5.7426207e-10
1.4865437e-18
5.7426207e-10
-3.3600142e-19
5.7426208e-10
-1.680641e-18
5.7426208e-10
-2.2983303e-18
5.7426208e-10
-2.8199796e-18
5.7426208e-10
-3.8417973e-18
5.7426207e-10
-5.1417751e-18
5.7426207e-10
-6.1453118e-18
5.7426207e-10
-6.839546e-18
5.7426206e-10
-7.767284e-18
5.7426205e-10
-9.2282842e-18
5.7426205e-10
-1.092375e-17
5.7426204e-10
-1.2449929e-17
5.7426203e-10
-1.3844869e-17
5.7426201e-10
-1.5529029e-17
5.74262e-10
-1.7685269e-17
5.7426198e-10
-1.9905545e-17
5.7426196e-10
-2.1850352e-17
5.7426194e-10
-2.3967431e-17
5.7426191e-10
-2.6735249e-17
5.7426188e-10
-2.9694276e-17
5.7426185e-10
-3.2418754e-17
5.7426182e-10
-3.5523414e-17
5.7426177e-10
-3.9470759e-17
5.7426173e-10
-4.3761124e-17
5.7426167e-10
-4.8211916e-17
5.7426162e-10
-5.3446576e-17
5.7426155e-10
-5.9767369e-17
5.7426147e-10
-6.6955044e-17
5.7426139e-10
-7.5111707e-17
5.7426129e-10
-8.4719181e-17
5.7426118e-10
-9.6094596e-17
5.7426106e-10
-1.0924736e-16
5.7426092e-10
-1.2451036e-16
5.7426076e-10
-1.4264173e-16
5.7426058e-10
-1.6403362e-16
5.7426037e-10
-1.8912206e-16
5.7426012e-10
-2.1867142e-16
5.7425984e-10
-2.537325e-16
5.7425952e-10
-2.9558668e-16
5.7425914e-10
-3.4561552e-16
5.742587e-10
-4.0501671e-16
5.7425818e-10
-4.7461143e-16
5.7425757e-10
-5.5523239e-16
5.7425686e-10
-6.454439e-16
5.7425601e-10
-7.3791563e-16
5.7425501e-10
-8.1425182e-16
5.742538e-10
-8.3747683e-16
5.7425233e-10
-7.5425555e-16
5.7425045e-10
-4.8341238e-16
5.7424803e-10
2.1947356e-17
-2.639952e-16
1.7497201e-09
-3.0978562e-10
1.6983986e-09
-3.2828275e-10
1.5734591e-09
-2.295136e-10
1.4397103e-09
-1.5189356e-10
1.3220217e-09
-9.8691335e-11
1.2281534e-09
-6.3340732e-11
1.1579955e-09
-4.0276607e-11
1.1083409e-09
-2.5205095e-11
1.0753598e-09
-1.5153525e-11
1.0555656e-09
-8.2677707e-12
1.0460548e-09
-3.4586442e-12
1.0443788e-09
2.782584e-14
1.0486315e-09
2.3486527e-12
1.0571062e-09
3.9383097e-12
1.0683756e-09
4.8687753e-12
1.0811843e-09
5.2460777e-12
1.0944264e-09
5.1511019e-12
1.1071329e-09
4.6540798e-12
1.1184671e-09
3.8220329e-12
1.1277245e-09
2.7227138e-12
1.1343215e-09
1.4344944e-12
1.1378851e-09
-6.8923694e-14
1.1380126e-09
-1.5459769e-12
1.1346115e-09
-3.0884606e-12
1.1275951e-09
-4.6008216e-12
1.1170056e-09
-6.0425608e-12
1.1029716e-09
-7.3808859e-12
1.0856924e-09
-8.5917202e-12
1.0654214e-09
-9.6592791e-12
1.0424508e-09
-1.0574948e-11
1.0170986e-09
-1.1335984e-11
9.8969705e-10
-1.1944193e-11
9.6058391e-10
-1.2404686e-11
9.300955e-10
-1.2724793e-11
8.9856172e-10
-1.2913227e-11
8.6630222e-10
-1.297949e-11
8.3362344e-10
-1.2933504e-11
8.008162e-10
-1.2785418e-11
7.6815344e-10
-1.2545531e-11
7.3588802e-10
-1.2224275e-11
7.0425068e-10
-1.1832203e-11
6.7344806e-10
-1.1379947e-11
6.4366105e-10
-1.0878137e-11
6.150436e-10
-1.033726e-11
5.8772213e-10
-9.767491e-12
5.6179556e-10
-9.178506e-12
5.373361e-10
-8.579298e-12
5.143906e-10
-7.9780206e-12
4.9298257e-10
-7.3818688e-12
4.731145e-10
-6.7970076e-12
4.5477058e-10
-6.2285473e-12
4.3791943e-10
-5.6805631e-12
4.2251699e-10
-5.1561502e-12
4.0850915e-10
-4.6575057e-12
3.9583434e-10
-4.1860285e-12
3.8442573e-10
-3.7424281e-12
3.742133e-10
-3.326836e-12
3.6512545e-10
-2.9389143e-12
3.5709049e-10
-2.5779578e-12
3.5003768e-10
-2.2429879e-12
3.4389815e-10
-1.9328365e-12
3.3860542e-10
-1.6462203e-12
3.3409588e-10
-1.3818059e-12
3.3030896e-10
-1.1382627e-12
3.2718717e-10
-9.1430817e-13
3.2467609e-10
-7.087428e-13
3.2272417e-10
-5.2047405e-13
3.212825e-10
-3.4853995e-13
3.2030467e-10
-1.9218091e-13
3.197459e-10
-5.0243006e-14
3.195677e-10
7.8004827e-14
3.1972334e-10
1.9149242e-13
3.2017721e-10
2.9232039e-13
3.2089149e-10
3.8048454e-13
3.2183006e-10
4.5626702e-13
3.229582e-10
5.2004143e-13
3.2424275e-10
5.7222118e-13
3.2565212e-10
6.1326356e-13
3.2715645e-10
6.4368413e-13
3.2872779e-10
6.6406906e-13
3.3034022e-10
6.7508005e-13
3.3197002e-10
6.7745265e-13
3.3359582e-10
6.719897e-13
3.351987e-10
6.5954987e-13
3.3676223e-10
6.410322e-13
3.3827253e-10
6.1735877e-13
3.3971822e-10
5.8945566e-13
3.4109037e-10
5.5823331e-13
3.4238237e-10
5.2456837e-13
3.4358976e-10
4.8928688e-13
3.4471008e-10
4.5314964e-13
3.4574263e-10
4.1684106e-13
3.4668824e-10
3.8096108e-13
3.4754906e-10
3.4602014e-13
3.4832826e-10
3.1243791e-13
3.4902988e-10
2.8054472e-13
3.4965853e-10
2.5058537e-13
3.5021927e-10
2.2272548e-13
3.5071735e-10
1.9705915e-13
3.511581e-10
1.7361773e-13
3.5154682e-10
1.5237942e-13
3.5188862e-10
1.3327891e-13
3.5218837e-10
1.1621679e-13
3.5245064e-10
1.0106854e-13
3.5267968e-10
8.7692643e-14
3.5287935e-10
7.5937711e-14
3.5305315e-10
6.5648709e-14
3.5320422e-10
5.6671999e-14
3.5333536e-10
4.8859331e-14
3.5344902e-10
4.2070902e-14
3.5354738e-10
3.6177444e-14
3.5363233e-10
3.106148e-14
3.5370552e-10
2.6617926e-14
3.5376839e-10
2.2754087e-14
3.538222e-10
1.9389214e-14
3.5386802e-10
1.6453766e-14
3.5390683e-10
1.3888459e-14
3.5393946e-10
1.1643188e-14
3.5396666e-10
9.6759171e-15
3.5398906e-10
7.9515472e-15
3.5400727e-10
6.4408165e-15
3.540218e-10
5.1192693e-15
3.5403313e-10
3.9663079e-15
3.5404167e-10
2.9643633e-15
3.5404781e-10
2.0982187e-15
3.5405189e-10
1.3544911e-15
3.5405423e-10
7.2141963e-16
3.540551e-10
1.8824561e-16
3.5405477e-10
-2.5608075e-16
3.5405345e-10
-6.1993327e-16
3.5405134e-10
-9.1176986e-16
3.5404861e-10
-1.1394597e-15
3.5404543e-10
-1.3103973e-15
3.5404193e-10
-1.4316012e-15
3.5403822e-10
-1.5097605e-15
3.5403439e-10
-1.5512234e-15
3.5403053e-10
-1.5619314e-15
3.5402671e-10
-1.5473253e-15
3.5402297e-10
-1.5122611e-15
3.5401936e-10
-1.4609792e-15
3.5401591e-10
-1.3971508e-15
3.5401265e-10
-1.3239831e-15
3.5400959e-10
-1.2443373e-15
3.5400674e-10
-1.1607981e-15
3.540041e-10
-1.0756543e-15
3.5400167e-10
-9.9081061e-16
3.5399946e-10
-9.0769898e-16
3.5399744e-10
-8.2726413e-16
3.5399562e-10
-7.5006541e-16
3.5399398e-10
-6.7646787e-16
3.5399251e-10
-6.0682535e-16
3.539912e-10
-5.415527e-16
3.5399004e-10
-4.8104659e-16
3.5398901e-10
-4.2551247e-16
3.5398811e-10
-3.7483858e-16
3.5398732e-10
-3.2864179e-16
3.5398663e-10
-2.8648255e-16
3.5398603e-10
-2.4811181e-16
3.5398552e-10
-2.135658e-16
3.5398507e-10
-1.8301352e-16
3.5398469e-10
-1.5645687e-16
3.5398437e-10
-1.3352746e-16
3.539841e-10
-1.1356962e-16
3.5398387e-10
-9.5971131e-17
3.5398367e-10
-8.0466624e-17
3.5398351e-10
-6.712073e-17
3.5398338e-10
-5.5982262e-17
3.5398327e-10
-4.6735515e-17
3.5398318e-10
-3.8710803e-17
3.5398311e-10
-3.1293944e-17
3.5398305e-10
-2.4364854e-17
3.5398301e-10
-1.8301659e-17
3.5398297e-10
-1.348568e-17
3.5398294e-10
-9.7881113e-18
3.5398292e-10
-6.6131246e-18
3.5398291e-10
-3.5139612e-18
3.539829e-10
-7.0923232e-19
3.539829e-10
1.1613667e-18
3.5398289e-10
1.8387887e-18
3.539829e-10
1.8577162e-18
3.539829e-10
2.0031823e-18
3.539829e-10
2.4087189e-18
3.5398291e-10
2.4391153e-18
3.5398291e-10
1.5993279e-18
3.5398292e-10
3.2892368e-19
3.5398293e-10
-4.5225961e-19
3.5398293e-10
-5.2224007e-19
3.5398293e-10
-6.1711535e-19
3.5398294e-10
-1.3271779e-18
3.5398294e-10
-2.1950452e-18
3.5398294e-10
-2.399277e-18
3.5398294e-10
-2.0321906e-18
3.5398294e-10
-1.9660556e-18
3.5398294e-10
-2.4852217e-18
3.5398293e-10
-2.9164697e-18
3.5398293e-10
-2.855213e-18
3.5398293e-10
-2.8463994e-18
3.5398292e-10
-3.3788007e-18
3.5398292e-10
-4.0805908e-18
3.5398291e-10
-4.5110617e-18
3.539829e-10
-4.9052721e-18
3.5398289e-10
-5.4903345e-18
3.5398289e-10
-6.0007907e-18
3.5398287e-10
-6.3907819e-18
3.5398286e-10
-6.9573319e-18
3.5398285e-10
-7.579205e-18
3.5398283e-10
-7.9693134e-18
3.5398281e-10
-8.3693943e-18
3.5398279e-10
-8.9865068e-18
3.5398277e-10
-9.5974493e-18
3.5398274e-10
-1.0205203e-17
3.5398271e-10
-1.0967772e-17
3.5398268e-10
-1.1761818e-17
3.5398265e-10
-1.2652315e-17
3.5398261e-10
-1.3849529e-17
3.5398256e-10
-1.5223327e-17
3.5398251e-10
-1.678199e-17
3.5398246e-10
-1.8805846e-17
3.5398239e-10
-2.1239088e-17
3.5398232e-10
-2.4026091e-17
3.5398224e-10
-2.7308512e-17
3.5398215e-10
-3.1262427e-17
3.5398204e-10
-3.6142619e-17
3.5398192e-10
-4.1823911e-17
3.5398178e-10
-4.8400424e-17
3.5398161e-10
-5.6098619e-17
3.5398143e-10
-6.525888e-17
3.5398121e-10
-7.6594919e-17
3.5398095e-10
-9.031525e-17
3.5398065e-10
-1.0640488e-16
3.539803e-10
-1.2488109e-16
3.5397989e-10
-1.4597959e-16
3.5397942e-10
-1.6870848e-16
3.5397887e-10
-1.8855436e-16
3.5397825e-10
-1.9335845e-16
3.5397757e-10
-1.6334138e-16
3.5397688e-10
-6.391312e-17
3.5397622e-10
1.7743443e-16
3.5397553e-10
7.1316763e-16
6.1700177e-16
1.3568811e-09
1.0285983e-09
7.9908469e-10
6.4719113e-10
5.4849979e-10
4.8515906e-10
4.4488245e-10
4.1967736e-10
4.0452383e-10
3.9625606e-10
3.9279742e-10
3.9282524e-10
3.951739e-10
3.9911221e-10
4.0398098e-10
4.0922706e-10
4.1437816e-10
4.1903224e-10
4.2285427e-10
4.2557699e-10
4.2701148e-10
4.2694256e-10
4.2539658e-10
4.2230812e-10
4.177073e-10
4.1166474e-10
4.0428385e-10
3.9569213e-10
3.8603285e-10
3.754579e-10
3.6412192e-10
3.5217773e-10
3.3977304e-10
3.2704825e-10
3.1413502e-10
3.0115553e-10
2.8822203e-10
2.7543661e-10
2.6289108e-10
2.506668e-10
2.388346e-10
2.2745465e-10
2.1657652e-10
2.0623926e-10
1.9647177e-10
1.8729326e-10
1.7871396e-10
1.7073594e-10
1.6335407e-10
1.5655706e-10
1.5032852e-10
1.4464795e-10
1.394918e-10
1.348343e-10
1.3064827e-10
1.2690584e-10
1.2357901e-10
1.2064009e-10
1.1806213e-10
1.1581915e-10
1.1388631e-10
1.1224009e-10
1.1085828e-10
1.0972002e-10
1.0880571e-10
1.0809697e-10
1.075765e-10
1.0722796e-10
1.0703577e-10
1.0698553e-10
1.0706354e-10
1.0725503e-10
1.0754735e-10
1.0792783e-10
1.083841e-10
1.0890414e-10
1.0947636e-10
1.1008963e-10
1.1073331e-10
1.1139738e-10
1.1207246e-10
1.1274991e-10
1.134219e-10
1.1408145e-10
1.1472248e-10
1.1533984e-10
1.159293e-10
1.1648753e-10
1.170121e-10
1.1750139e-10
1.1795454e-10
1.1837138e-10
1.1875234e-10
1.1909836e-10
1.194108e-10
1.1969134e-10
1.1994193e-10
1.2016465e-10
1.2036171e-10
1.2053533e-10
1.2068771e-10
1.2082099e-10
1.209372e-10
1.2103827e-10
1.2112597e-10
1.212019e-10
1.2126755e-10
1.2132422e-10
1.2137308e-10
1.2141515e-10
1.2145133e-10
1.2148239e-10
1.2150901e-10
1.2153177e-10
1.2155115e-10
1.2156761e-10
1.215815e-10
1.2159314e-10
1.2160282e-10
1.2161077e-10
1.2161721e-10
1.2162233e-10
1.2162629e-10
1.2162926e-10
1.2163136e-10
1.2163271e-10
1.2163343e-10
1.2163362e-10
1.2163336e-10
1.2163274e-10
1.2163183e-10
1.2163069e-10
1.2162938e-10
1.2162795e-10
1.2162644e-10
1.2162489e-10
1.2162333e-10
1.2162178e-10
1.2162027e-10
1.2161881e-10
1.2161741e-10
1.2161609e-10
1.2161484e-10
1.2161368e-10
1.2161261e-10
1.2161162e-10
1.2161071e-10
1.2160988e-10
1.2160913e-10
1.2160845e-10
1.2160785e-10
1.2160731e-10
1.2160682e-10
1.216064e-10
1.2160602e-10
1.216057e-10
1.2160541e-10
1.2160516e-10
1.2160495e-10
1.2160476e-10
1.2160461e-10
1.2160447e-10
1.2160436e-10
1.2160426e-10
1.2160418e-10
1.2160412e-10
1.2160406e-10
1.2160401e-10
1.2160398e-10
1.2160394e-10
1.2160392e-10
1.216039e-10
1.2160389e-10
1.2160388e-10
1.2160387e-10
1.2160387e-10
1.2160387e-10
1.2160387e-10
1.2160387e-10
1.2160387e-10
1.2160387e-10
1.2160388e-10
1.2160388e-10
1.2160388e-10
1.2160388e-10
1.2160388e-10
1.2160388e-10
1.2160388e-10
1.2160388e-10
1.2160388e-10
1.2160387e-10
1.2160387e-10
1.2160387e-10
1.2160387e-10
1.2160386e-10
1.2160386e-10
1.2160386e-10
1.2160386e-10
1.2160385e-10
1.2160385e-10
1.2160384e-10
1.2160384e-10
1.2160383e-10
1.2160382e-10
1.2160382e-10
1.2160381e-10
1.216038e-10
1.2160379e-10
1.2160378e-10
1.2160377e-10
1.2160376e-10
1.2160375e-10
1.2160374e-10
1.2160373e-10
1.2160371e-10
1.216037e-10
1.2160368e-10
1.2160366e-10
1.2160364e-10
1.2160362e-10
1.2160359e-10
1.2160356e-10
1.2160352e-10
1.2160348e-10
1.2160343e-10
1.2160338e-10
1.2160331e-10
1.2160324e-10
1.2160315e-10
1.2160304e-10
1.2160291e-10
1.2160277e-10
1.216026e-10
1.2160241e-10
1.2160222e-10
1.2160205e-10
1.2160199e-10
1.2160217e-10
1.2160288e-10
)
;

boundaryField
{
    inletAnion
    {
        type            calculated;
        value           nonuniform List<scalar> 
24
(
-1.6666667e-09
-1.6666667e-09
-1.6666667e-09
-1.6666667e-09
-1.6666667e-09
-1.6666667e-09
-1.6666667e-09
-1.6666667e-09
-1.6666667e-09
-1.6666667e-09
-1.6666667e-09
-1.6666667e-09
-1.6666667e-09
-1.6666667e-09
-1.6666667e-09
-1.6666667e-09
-1.6666667e-09
-1.6666667e-09
-1.6666667e-09
-1.6666667e-09
-1.6666667e-09
-1.6666667e-09
-1.6666667e-09
-1.6666667e-09
)
;
    }
    inletCation
    {
        type            calculated;
        value           nonuniform List<scalar> 
24
(
-1.6666667e-09
-1.6666667e-09
-1.6666667e-09
-1.6666667e-09
-1.6666667e-09
-1.6666667e-09
-1.6666667e-09
-1.6666667e-09
-1.6666667e-09
-1.6666667e-09
-1.6666667e-09
-1.6666667e-09
-1.6666667e-09
-1.6666667e-09
-1.6666667e-09
-1.6666667e-09
-1.6666667e-09
-1.6666667e-09
-1.6666667e-09
-1.6666667e-09
-1.6666667e-09
-1.6666667e-09
-1.6666667e-09
-1.6666667e-09
)
;
    }
    outlet
    {
        type            calculated;
        value           nonuniform List<scalar> 
48
(
1.216035e-10
3.5397465e-10
5.7424547e-10
7.8128845e-10
9.7416975e-10
1.1521909e-09
1.3149165e-09
1.4621862e-09
1.5941129e-09
1.7110671e-09
1.8136497e-09
1.9026564e-09
1.9790354e-09
2.0438423e-09
2.0981947e-09
2.1432287e-09
2.1800592e-09
2.2097455e-09
2.2332624e-09
2.2514773e-09
2.2651335e-09
2.2748367e-09
2.2810474e-09
2.2840751e-09
2.2840751e-09
2.2810474e-09
2.2748367e-09
2.2651335e-09
2.2514774e-09
2.2332624e-09
2.2097455e-09
2.1800592e-09
2.1432287e-09
2.0981947e-09
2.0438423e-09
1.9790354e-09
1.9026564e-09
1.8136497e-09
1.7110671e-09
1.5941129e-09
1.4621862e-09
1.3149165e-09
1.1521909e-09
9.7416975e-10
7.8128844e-10
5.7424547e-10
3.5397465e-10
1.216035e-10
)
;
    }
    walls
    {
        type            calculated;
        value           uniform 0;
    }
    frontAndBack
    {
        type            empty;
        value           nonuniform 0();
    }
}


// ************************************************************************* //
