/*--------------------------------*- C++ -*----------------------------------*\
| =========                 |                                                 |
| \\      /  F ield         | OpenFOAM: The Open Source CFD Toolbox           |
|  \\    /   O peration     | Version:  1912                                  |
|   \\  /    A nd           | Website:  www.openfoam.com                      |
|    \\/     M anipulation  |                                                 |
\*---------------------------------------------------------------------------*/
FoamFile
{
    version     2.0;
    format      ascii;
    class       volScalarField::Internal;
    location    "1.2";
    object      Suliquid;
}
// * * * * * * * * * * * * * * * * * * * * * * * * * * * * * * * * * * * * * //

dimensions      [0 0 -1 0 0 0 0];


value           nonuniform List<scalar> 
11520
(
-1.6229284e-12
-7.6025819e-10
-1.1967049e-10
-3.5062604e-10
-1.9500685e-10
3.3163387e-10
4.5938527e-10
2.7277271e-10
4.8463814e-11
-1.0330331e-10
-4.1846967e-11
8.5133317e-11
1.783062e-10
2.2929287e-10
-2.0080519e-10
2.0618803e-10
2.2330306e-10
1.1586068e-10
-1.0755134e-10
-7.4756821e-11
1.50003e-10
1.5613656e-10
-2.9083985e-11
-1.4162775e-11
-5.6432588e-12
-3.3003924e-10
3.5177187e-10
-1.2916309e-11
4.3656506e-11
-4.560841e-10
-3.9542629e-10
1.9241048e-10
4.8083778e-10
-1.1535394e-09
-3.7933333e-11
1.7989513e-10
3.754181e-10
-1.0365478e-12
-2.8498375e-10
-1.1860754e-10
-6.7757201e-11
2.8271041e-10
-2.4334189e-10
6.9679834e-11
-1.1689062e-10
-6.7506235e-11
4.1630329e-10
-7.4575315e-11
-2.3793779e-11
-1.2970155e-10
-3.790192e-10
-1.690372e-10
2.6374633e-10
2.4096845e-10
4.0557186e-11
1.0204447e-10
1.6863635e-10
4.2786429e-11
-3.3800258e-11
-9.0277644e-11
-1.472505e-10
-1.0979971e-10
-1.6414724e-10
-3.6523522e-10
-2.5419974e-10
4.5217259e-11
-1.8680019e-11
-1.3165464e-10
8.8516359e-11
1.9602591e-10
-2.0691581e-11
-1.5973378e-10
-3.6220805e-11
9.5104142e-11
3.6732516e-11
-7.2974264e-11
-9.8259904e-11
-4.015375e-11
5.6619902e-11
1.0261489e-10
5.858709e-11
-5.8473497e-12
-1.8054177e-11
1.2808343e-11
6.2421217e-11
1.2364819e-10
1.4600579e-10
8.4658088e-11
-7.7904628e-12
-3.6681389e-11
5.7806607e-12
3.6394784e-11
1.3158275e-11
-4.1994775e-12
4.056923e-11
1.039653e-10
1.0593431e-10
4.4565686e-11
-1.1919689e-11
-2.7991594e-11
-3.5469635e-11
-6.3878316e-11
-8.6497873e-11
-6.6344028e-11
-2.049567e-11
-1.1662126e-13
-1.9456016e-11
-3.5866939e-11
-1.4882356e-11
2.4546703e-11
3.859203e-11
2.1089154e-11
1.1642004e-11
2.9522573e-11
6.2272328e-11
7.7864263e-11
6.5260385e-11
3.8495823e-11
4.5233133e-13
-5.4442303e-11
-1.1252136e-10
-1.393345e-10
-1.0441021e-10
-1.3793757e-11
8.3252961e-11
1.2894337e-10
9.6675645e-11
3.3897483e-12
-1.0160222e-10
-1.6337514e-10
-1.5385816e-10
-8.7618033e-11
-9.4906821e-12
3.4566053e-11
2.4340309e-11
-2.5529253e-11
-7.928155e-11
-1.0378397e-10
-8.3936595e-11
-2.3309151e-11
6.2160803e-11
1.5006422e-10
2.1613381e-10
2.4036641e-10
2.1458294e-10
1.4702535e-10
6.069109e-11
-1.5467774e-11
-5.6964949e-11
-5.1865186e-11
-5.6641708e-12
5.687424e-11
9.7429546e-11
8.1245198e-11
1.4736787e-12
-1.0871109e-10
-1.9247906e-10
-2.0841324e-10
-1.6168459e-10
-9.7592335e-11
-6.024689e-11
-5.5438929e-11
-5.3456605e-11
-2.7281295e-11
1.7380261e-11
5.1991934e-11
5.9820351e-11
5.2338324e-11
4.9569514e-11
5.3424862e-11
4.9750234e-11
3.415409e-11
2.3045137e-11
3.2847626e-11
5.6054493e-11
6.9412788e-11
6.2828749e-11
4.8156897e-11
3.7472172e-11
2.7578532e-11
1.544699e-11
1.4274343e-11
3.4048232e-11
5.0898384e-11
2.1903191e-11
-6.1725627e-11
-1.5632273e-10
-2.1194982e-10
-2.1829383e-10
-1.9094979e-10
-1.3861588e-10
-7.2941217e-11
-3.0287114e-11
-3.9683896e-11
-7.3520863e-11
-7.32948e-11
-2.6509104e-11
2.4894094e-11
5.453256e-11
7.8410631e-11
1.0387602e-10
1.1007852e-10
9.4578236e-11
8.0000426e-11
6.1807068e-11
1.4875386e-11
-4.440313e-11
-7.5187529e-11
-7.482012e-11
-5.0411142e-11
1.0435736e-11
6.7892711e-11
5.2275958e-11
8.1527176e-12
3.3138725e-11
9.105475e-11
1.0534196e-10
1.2028091e-10
1.6341255e-10
1.3622709e-10
-5.977484e-12
-1.3810334e-10
-1.4534981e-10
-7.4739634e-11
-1.0471764e-11
-5.3052491e-12
-5.3796398e-11
-4.3869859e-11
-3.0495774e-11
-6.877065e-11
-3.3399862e-11
6.2279027e-12
5.3437063e-11
3.8271107e-11
-2.3797536e-11
3.3778433e-11
8.6473717e-11
1.3743348e-10
2.857224e-11
-2.0559264e-11
8.9936287e-10
1.4380597e-10
6.6310024e-10
6.5145312e-10
-1.571151e-10
-6.0949614e-10
-3.6805531e-10
1.8695409e-10
3.9380906e-10
-3.778985e-11
-3.2005062e-10
-1.7560003e-10
-1.6574598e-10
2.0501545e-10
-4.2310447e-10
-3.4527068e-10
-1.8910291e-10
1.0205069e-11
6.6882516e-11
-1.7546284e-11
-1.0598006e-10
4.2818229e-13
-5.4067436e-11
-1.4927003e-10
9.3002449e-11
-1.8962438e-10
6.315334e-11
-3.1743872e-10
-9.9278967e-11
4.0225638e-11
1.8674727e-10
-5.4300471e-10
5.7882196e-10
-2.6140849e-10
2.4997075e-10
-1.7552054e-10
-1.8489309e-10
-3.5760352e-10
-1.7501779e-10
2.7435004e-10
-1.8564988e-10
-2.7937446e-10
-2.4998331e-10
1.6214487e-10
1.1610824e-10
-1.8554007e-10
-3.3904477e-10
-2.4479534e-10
-1.8139481e-10
-4.3416707e-11
2.4803817e-10
3.4058766e-10
-1.3849609e-10
5.3332599e-12
5.5994506e-10
8.9437754e-11
-3.5530208e-10
2.6604858e-10
4.5957023e-10
-7.418389e-11
-2.8607311e-11
2.8654606e-10
1.0958974e-10
1.6499791e-11
1.4784905e-10
6.0249179e-11
-9.5025699e-12
2.3014001e-10
3.0482137e-10
-2.525093e-11
-2.6842075e-10
-1.4888247e-10
1.4552661e-11
-1.3505591e-11
-1.1662898e-10
-1.4817795e-10
-6.436987e-11
9.2398691e-11
1.9528285e-10
1.9124909e-10
1.4436513e-10
1.2134923e-10
1.2841888e-10
1.6788955e-10
2.3787381e-10
2.5970657e-10
1.733727e-10
5.9675317e-11
3.9501679e-11
1.0221213e-10
1.3086855e-10
8.4333194e-11
4.9432109e-11
9.0612897e-11
1.4652675e-10
1.2599024e-10
3.9334852e-11
-3.0212571e-11
-5.039196e-11
-6.5858827e-11
-1.0446242e-10
-1.2554171e-10
-8.6638643e-11
-2.2161711e-11
-6.8569925e-12
-5.0980649e-11
-8.5721035e-11
-5.5543195e-11
7.85095e-12
3.6363088e-11
1.9177322e-11
2.2869404e-12
2.4905867e-11
6.5320536e-11
8.2017132e-11
6.4671616e-11
2.3136917e-11
-3.877185e-11
-1.1916575e-10
-1.9420685e-10
-2.1380735e-10
-1.4128309e-10
1.4422829e-12
1.3725822e-10
1.855262e-10
1.1575112e-10
-3.4894401e-11
-1.8544867e-10
-2.593376e-10
-2.2759876e-10
-1.2172285e-10
-1.0948895e-11
4.0664445e-11
1.1475608e-11
-6.9941935e-11
-1.4859665e-10
-1.7738363e-10
-1.3730348e-10
-3.7000226e-11
9.7065637e-11
2.2994637e-10
3.251565e-10
3.5425847e-10
3.0773059e-10
2.0204235e-10
7.5212633e-11
-2.8323457e-11
-7.5091876e-11
-5.4307185e-11
1.8338543e-11
1.0276091e-10
1.4547576e-10
1.0325463e-10
-2.6613741e-11
-1.9331788e-10
-3.162121e-10
-3.3859215e-10
-2.6985593e-10
-1.7506774e-10
-1.1699072e-10
-1.0338629e-10
-9.1731753e-11
-4.4137412e-11
2.9043e-11
8.3903783e-11
9.4783182e-11
7.957302e-11
7.144618e-11
7.7174971e-11
7.7049118e-11
6.1919578e-11
5.2102696e-11
6.9596228e-11
1.0355965e-10
1.20587e-10
1.0707901e-10
8.2777294e-11
6.8057593e-11
5.7922185e-11
4.2902398e-11
3.6136289e-11
5.0380637e-11
5.4924453e-11
-6.2448494e-12
-1.4048877e-10
-2.8071482e-10
-3.5394882e-10
-3.5058635e-10
-3.0255117e-10
-2.2771445e-10
-1.3864983e-10
-7.8765544e-11
-8.4831007e-11
-1.186274e-10
-1.010282e-10
-2.1140117e-11
5.4443762e-11
8.9470466e-11
1.1754118e-10
1.5689848e-10
1.741646e-10
1.5956367e-10
1.4339557e-10
1.1242539e-10
2.1375152e-11
-9.1487137e-11
-1.3105478e-10
-9.8879451e-11
-6.7979505e-11
-2.1001435e-11
9.2957108e-11
1.8527493e-10
1.5138326e-10
8.1314711e-11
9.4630917e-11
1.3855669e-10
1.3929084e-10
8.446545e-11
-1.7852651e-11
-3.3597262e-11
8.4551787e-11
1.1502239e-10
3.72992e-11
-4.2645997e-12
-7.94629e-11
-1.6908106e-10
-2.3179319e-10
-2.5446419e-10
-1.1484986e-10
6.1492046e-11
1.4397737e-10
1.3265151e-10
9.4385931e-11
6.2279249e-11
3.0316412e-11
-1.480293e-11
-6.1414901e-11
-3.3211978e-11
8.9049055e-11
-6.3080172e-11
-1.0648792e-10
-5.4002569e-10
-1.031639e-11
6.785255e-10
4.6550127e-10
3.8190929e-12
-1.5853516e-10
-4.6659191e-11
1.5989892e-10
1.3560129e-10
3.0491558e-11
5.8587807e-11
-1.1961303e-10
2.3492004e-10
2.773351e-10
2.3711039e-10
2.8980997e-11
-2.0778648e-11
1.9365774e-10
2.1073339e-10
7.6195858e-11
-1.5217815e-10
-2.6981766e-10
6.1279272e-11
-9.3192985e-11
2.156608e-10
-3.5702167e-10
-1.9795469e-10
7.5781635e-12
2.7617234e-11
3.6693861e-10
-2.7464619e-10
-3.6847313e-10
-4.7742988e-10
2.0650461e-11
-3.759494e-10
1.4238684e-10
1.323673e-10
6.2270105e-11
-2.7455593e-10
4.5645744e-10
-9.3057819e-13
-6.1661041e-11
1.051786e-11
-2.7800791e-10
2.3631428e-10
1.6721048e-10
2.0662837e-10
4.1551247e-10
-6.25758e-11
-6.0978323e-10
-1.6511458e-10
-6.4530712e-11
-5.5791605e-10
-3.4818048e-10
2.2530368e-10
1.4870384e-10
-7.2526821e-11
1.2865081e-10
2.5107535e-10
-4.7855331e-11
-1.4510262e-10
5.022691e-11
-1.9343405e-11
-2.085623e-10
-1.6043802e-10
-3.309767e-11
-9.7937891e-11
-2.8832532e-10
-2.9202421e-10
-1.0557134e-10
-5.1278739e-11
-1.4978333e-10
-2.0573317e-10
-1.5435164e-10
-6.3501796e-11
5.7688885e-11
1.8018366e-10
1.9714554e-10
6.8510129e-11
-7.8935799e-11
-1.0424787e-10
-1.3750078e-11
8.7715455e-11
1.0466091e-10
2.5329089e-11
-7.0117495e-11
-8.7638566e-11
-1.8965591e-11
5.2022838e-11
6.0028981e-11
3.2397616e-11
2.4312692e-11
3.3678642e-11
2.2549001e-11
-1.2982801e-11
-3.9389506e-11
-4.0356124e-11
-3.5377623e-11
-3.6340524e-11
-1.7812867e-11
4.0030223e-11
9.7790836e-11
8.7008766e-11
-1.3763905e-12
-9.2918496e-11
-1.0835565e-10
-5.4723862e-11
-2.3305131e-12
1.0849106e-12
-2.7190369e-11
-3.6725733e-11
-2.0818136e-11
7.4180439e-13
8.0923359e-12
-7.8169489e-12
-4.4215044e-11
-9.8985959e-11
-1.5954484e-10
-1.8834626e-10
-1.510455e-10
-5.4904913e-11
5.0556192e-11
1.0585283e-10
8.0282454e-11
-8.1211794e-12
-1.0635102e-10
-1.6043208e-10
-1.4481318e-10
-7.3649709e-11
8.5527658e-12
5.4084942e-11
4.0264673e-11
-2.1259726e-11
-9.6433709e-11
-1.4958631e-10
-1.5870105e-10
-1.193938e-10
-4.1453414e-11
5.6143765e-11
1.4787489e-10
2.0701484e-10
2.1536639e-10
1.7387294e-10
1.0405444e-10
3.7670733e-11
1.1093502e-12
5.5691315e-12
4.5555962e-11
1.0183008e-10
1.4439171e-10
1.3973681e-10
6.8460068e-11
-5.5225816e-11
-1.8058945e-10
-2.4950324e-10
-2.3939356e-10
-1.8100732e-10
-1.291737e-10
-1.1121365e-10
-1.0613297e-10
-7.6630751e-11
-1.7108604e-11
3.7891527e-11
5.4124327e-11
3.6994921e-11
2.2147951e-11
3.0898027e-11
4.9105723e-11
5.3679391e-11
4.7857729e-11
5.4551193e-11
7.9603799e-11
1.0030279e-10
9.7222747e-11
8.14143e-11
7.4795091e-11
7.5269146e-11
6.3557317e-11
4.1277122e-11
3.2585176e-11
3.8067916e-11
1.6555869e-11
-6.2167912e-11
-1.6621358e-10
-2.3515745e-10
-2.5158134e-10
-2.4272765e-10
-2.2130616e-10
-1.7436799e-10
-1.1449613e-10
-8.5010243e-11
-9.1420554e-11
-8.3186733e-11
-3.5445671e-11
6.8502383e-12
8.334994e-12
8.5701538e-12
5.329229e-11
1.1690732e-10
1.5310746e-10
1.6122676e-10
1.4378818e-10
7.5195277e-11
-2.6791525e-11
-8.9182779e-11
-8.7521422e-11
-6.0048267e-11
-2.1998204e-11
1.8698134e-11
2.9827966e-11
3.9302428e-11
1.0861072e-10
1.8759908e-10
1.9480479e-10
1.7989578e-10
1.901181e-10
1.2107589e-10
-6.6911845e-11
-1.732366e-10
-8.9933033e-11
3.7153974e-12
1.8668878e-11
-2.532402e-11
-1.1152541e-10
-7.8035875e-11
-4.3450153e-11
-1.157966e-10
-8.0781946e-11
-5.1943227e-11
9.2978107e-12
3.1591448e-11
4.3009958e-12
1.1773266e-10
1.4772457e-10
1.5292776e-10
8.7828251e-12
-4.9413405e-11
6.0550827e-11
-4.9372755e-11
2.3774412e-10
-1.7813128e-11
-5.5057286e-10
-3.2020451e-10
4.9195947e-11
2.7425535e-10
1.4058896e-10
-2.5374541e-10
-2.8772361e-10
-5.8965854e-11
7.3280008e-11
-4.9776395e-11
-4.4229683e-11
6.9385073e-11
1.196556e-10
4.1373041e-11
1.0733754e-11
-8.8232771e-11
1.1912285e-10
2.8548278e-11
-5.5807007e-11
-4.3201581e-10
-8.9873148e-11
6.8752486e-10
-3.2370529e-10
3.7209169e-11
-2.968563e-10
3.5412967e-10
2.1738353e-10
-1.9822618e-10
-3.8374625e-10
3.6197677e-10
-1.1904887e-10
-1.9049494e-10
4.9162725e-10
1.0756925e-10
-9.4271293e-11
-4.5811248e-10
1.1001854e-10
-1.3099284e-10
-1.7566525e-10
-3.0800277e-10
-4.4609127e-11
-2.1998217e-10
5.6849021e-12
4.41001e-11
2.4219228e-10
-1.1721563e-11
-1.0879576e-10
-1.0806572e-10
-1.067429e-10
3.1534782e-10
3.4940931e-10
-1.1059829e-10
2.5686284e-11
8.8341649e-11
-3.8668502e-10
-4.5875783e-10
-1.3185758e-10
-1.6690618e-11
1.2636414e-10
2.7376867e-10
2.6636532e-10
2.6379553e-10
3.6004991e-10
3.2889471e-10
1.3246152e-10
1.1756576e-11
6.2123886e-11
1.1707104e-10
1.0464197e-10
7.2013155e-11
3.7985817e-11
2.715055e-11
4.1037479e-11
7.9773261e-11
1.6100263e-10
2.277739e-10
1.5238133e-10
-3.3603732e-11
-1.3575222e-10
-7.6579139e-11
2.8820851e-11
5.3131128e-11
-3.6280626e-12
-6.0015403e-11
-6.5926316e-11
-3.3383794e-11
2.0030987e-12
1.4997925e-11
-5.2190023e-12
-5.9197629e-11
-1.2977628e-10
-1.8142127e-10
-1.8693172e-10
-1.5216779e-10
-1.0791829e-10
-7.90735e-11
-5.8445064e-11
-1.4515667e-11
6.3899404e-11
1.340851e-10
1.3151674e-10
4.0901203e-11
-6.9806558e-11
-1.1650562e-10
-7.6836496e-11
-7.7935704e-12
2.1678575e-11
3.6763256e-12
-3.13357e-11
-4.3328018e-11
-3.0813183e-11
-1.6264747e-11
-1.6682993e-11
-3.9843537e-11
-8.2308061e-11
-1.2540116e-10
-1.4255658e-10
-1.1801684e-10
-5.9511414e-11
4.6584128e-12
3.9664803e-11
2.7707129e-11
-1.5969291e-11
-5.5054017e-11
-5.9274253e-11
-2.1120507e-11
4.2740332e-11
1.0088964e-10
1.2571929e-10
1.0811227e-10
5.8070011e-11
-4.4596969e-12
-5.9689083e-11
-9.3827594e-11
-1.0045136e-10
-7.8928136e-11
-3.352396e-11
2.5195946e-11
7.9922141e-11
1.1275201e-10
1.1614502e-10
9.8998119e-11
8.0878371e-11
7.7967995e-11
9.2880656e-11
1.1673766e-10
1.3872466e-10
1.51403e-10
1.4640182e-10
1.1139254e-10
3.885409e-11
-5.7259218e-11
-1.4026404e-10
-1.7523046e-10
-1.5940761e-10
-1.2474167e-10
-1.0497169e-10
-1.0170605e-10
-8.8440806e-11
-4.8828177e-11
-2.455926e-12
1.5565646e-11
-2.5040722e-12
-2.5842915e-11
-2.1160136e-11
8.9667401e-12
3.4455896e-11
3.9305808e-11
3.955816e-11
5.4978501e-11
7.8213327e-11
8.7394344e-11
8.1011982e-11
7.8883793e-11
8.6435979e-11
8.1775977e-11
5.1089645e-11
1.6574428e-11
5.0165554e-12
2.2006627e-12
-2.9587444e-11
-9.1813309e-11
-1.4362702e-10
-1.6254079e-10
-1.7188992e-10
-1.8924627e-10
-1.8849831e-10
-1.4635387e-10
-9.1249554e-11
-6.1672205e-11
-4.7656429e-11
-2.5008497e-11
-1.6251809e-11
-5.0558142e-11
-8.7396528e-11
-5.7439049e-11
3.4787949e-11
1.2307279e-10
1.6976906e-10
1.6747742e-10
9.9185026e-11
-1.0190529e-11
-7.138455e-11
-5.7435017e-11
-4.555229e-11
-4.8375757e-11
8.7632679e-12
8.2549401e-11
6.7192464e-11
4.5845611e-11
1.2822602e-10
1.9098571e-10
1.2990319e-10
4.8532858e-11
2.562102e-11
5.5936393e-11
9.6454763e-11
6.4128712e-11
9.6258052e-12
-5.4769574e-12
-6.4263228e-11
-1.4786949e-10
-1.7586487e-10
-1.0509402e-10
-5.6648072e-12
-8.3143199e-12
-4.7681692e-11
-6.0160884e-11
2.6542451e-11
7.6554348e-11
6.4079925e-11
5.3060499e-11
6.2534397e-11
4.8649552e-11
-3.2505467e-11
-3.0065903e-11
9.4280693e-11
-4.3595726e-11
1.6240451e-10
5.6546305e-10
-2.3858257e-10
-5.5156207e-10
-2.165958e-10
1.8594534e-10
2.6924419e-10
-8.0004134e-11
-2.6582524e-10
-1.9569827e-10
1.7647566e-10
6.4163133e-11
1.0527538e-10
7.9536518e-12
9.6847133e-11
9.0951455e-11
9.1582853e-12
7.6452116e-11
2.4658693e-10
-5.2584647e-11
-2.1128778e-12
-1.2332115e-10
-1.2330859e-11
4.9483379e-11
-4.5151072e-11
1.9268552e-10
-1.3571552e-11
2.4452245e-10
-4.418697e-10
5.2394297e-10
-3.3758678e-10
1.2761205e-10
4.0842146e-11
2.8485557e-10
-8.007067e-11
1.6901068e-10
-3.6436789e-11
-1.8363099e-11
-2.7856951e-10
7.8216493e-10
4.8595817e-10
-6.1170627e-11
1.8172238e-10
2.9201823e-10
4.3428502e-10
1.7227143e-10
-1.2880877e-10
-1.2953648e-10
-3.6033849e-11
3.5420598e-10
3.5144495e-10
-1.5139483e-10
-9.9101925e-11
6.2952219e-11
-3.0846945e-10
-3.5524543e-10
1.4500688e-10
2.046937e-10
5.7765641e-11
4.4201952e-10
6.8721383e-10
3.2868907e-10
2.2317358e-11
1.6749011e-10
2.0024322e-10
-1.5003491e-10
-3.6764224e-10
-2.3916663e-10
-9.9151301e-11
-8.5808032e-11
-9.5944709e-11
-3.1125397e-11
5.0862597e-11
8.976306e-11
1.2035854e-10
1.8817992e-10
2.6655349e-10
2.4058165e-10
8.6582738e-11
-3.503121e-11
8.1885063e-13
1.1514852e-10
1.6431359e-10
1.3176394e-10
9.1963573e-11
7.059128e-11
3.6557473e-11
-9.2215062e-12
-2.2770551e-11
2.6960013e-12
7.0426738e-12
-5.300053e-11
-1.3085052e-10
-1.4429595e-10
-7.9361282e-11
-3.1117371e-12
2.2145521e-11
6.7860382e-12
1.1625713e-11
7.1448294e-11
1.4963694e-10
1.7147315e-10
1.071666e-10
1.2032376e-12
-6.9222344e-11
-6.7394798e-11
-2.3451851e-11
9.2979518e-12
1.3831227e-12
-3.2072873e-11
-5.3592688e-11
-4.7522512e-11
-2.7482923e-11
-1.9897321e-11
-4.0452035e-11
-7.9097163e-11
-1.1059637e-10
-1.1524574e-10
-8.7724193e-11
-4.2071047e-11
-7.8765418e-12
-8.8291963e-12
-4.3390435e-11
-8.5127768e-11
-9.8600546e-11
-6.3263322e-11
1.0849156e-11
8.9315703e-11
1.3620746e-10
1.3523937e-10
9.4994773e-11
3.7450681e-11
-1.7988484e-11
-6.2624822e-11
-9.6262789e-11
-1.2072916e-10
-1.3478303e-10
-1.3400984e-10
-1.1554699e-10
-8.3825084e-11
-4.97119e-11
-2.2501838e-11
-7.5445528e-13
2.7008978e-11
7.0097988e-11
1.2264677e-10
1.643009e-10
1.7651153e-10
1.5929233e-10
1.2874699e-10
9.8019999e-11
6.3425561e-11
1.3931699e-11
-4.7290708e-11
-9.7711353e-11
-1.1624157e-10
-1.0646835e-10
-9.2567177e-11
-9.0710087e-11
-9.138158e-11
-7.6124948e-11
-4.7870723e-11
-3.2734446e-11
-4.7566977e-11
-7.3789189e-11
-7.5775582e-11
-4.3367132e-11
-3.9531146e-12
1.2871084e-11
1.1876209e-11
2.0932494e-11
4.9503484e-11
7.7320273e-11
8.675311e-11
8.7179989e-11
9.2752328e-11
9.1879845e-11
6.3286347e-11
1.7186195e-11
-1.0022645e-11
-7.5440784e-12
-8.1631281e-12
-3.7864902e-11
-7.6629962e-11
-9.5487693e-11
-1.0615201e-10
-1.3455918e-10
-1.6244487e-10
-1.4555474e-10
-8.5481692e-11
-3.1189121e-11
-8.051798e-12
-1.4845209e-12
-1.4937708e-11
-7.2457051e-11
-1.4411455e-10
-1.4676924e-10
-5.4644154e-11
6.18804e-11
1.336298e-10
1.4889629e-10
1.035129e-10
4.2081208e-12
-7.2925377e-11
-5.4909433e-11
3.0768024e-12
1.2471061e-12
-3.283881e-11
-7.9958835e-12
6.0933144e-11
1.0908133e-10
1.4832553e-10
1.8777641e-10
1.7791044e-10
1.156103e-10
2.0813185e-11
-8.0371219e-11
-5.4554772e-11
8.6223193e-11
1.0097063e-10
1.4090244e-11
-4.2655852e-11
-1.0949707e-10
-8.5474031e-11
-4.9787501e-11
-8.9875003e-11
-5.478761e-11
-8.238566e-11
-7.7615275e-11
-4.7407483e-12
7.6875191e-11
1.870994e-10
1.0579509e-10
3.0877642e-11
-1.0618835e-10
-1.7571337e-12
7.2165351e-12
6.7553627e-11
6.9013284e-11
-6.9071234e-11
-2.7494491e-10
2.673379e-10
1.8247429e-10
-1.8023159e-10
-2.7187679e-10
-2.394936e-10
4.7082603e-12
1.4700716e-10
1.7346734e-10
-9.0988853e-11
-9.7287297e-12
-1.6161258e-10
8.1377667e-11
-1.2096028e-10
-9.0827223e-11
9.5170231e-12
-7.74148e-12
1.4269579e-10
-1.3855937e-10
-1.2498037e-10
3.0931395e-10
3.8341217e-11
2.4658368e-10
-1.7669214e-10
-2.0995798e-10
7.0029731e-11
5.3474047e-11
9.6396733e-11
-5.1291655e-10
4.7187759e-10
1.4621989e-10
2.1171491e-10
-9.6195542e-10
1.5009854e-10
-1.7092767e-10
-4.4961816e-11
-2.349226e-10
4.7029933e-10
2.5254775e-10
-1.5503433e-11
1.322091e-10
-1.1449834e-11
-6.0567984e-10
-8.554247e-11
-1.6983982e-10
-4.2766396e-10
3.0158364e-10
4.6785191e-10
-3.0309862e-10
-1.5593513e-10
2.4512081e-10
1.3600493e-10
1.450334e-10
1.4035911e-10
3.9614713e-11
2.5957641e-10
3.2533572e-10
1.1728077e-11
-1.870732e-10
-1.8922749e-10
-4.3018535e-10
-6.1620517e-10
-3.5974384e-10
-3.8982152e-11
-9.613571e-12
1.8558055e-12
9.0748355e-11
1.1755169e-10
1.1972342e-10
1.342772e-10
1.3827642e-10
1.3933634e-10
1.4304237e-10
1.0889131e-10
6.1493914e-11
8.9571609e-11
1.6083983e-10
1.5727329e-10
9.1381788e-11
8.6665913e-11
1.6452564e-10
2.2675142e-10
2.4183221e-10
2.7074596e-10
3.0881248e-10
2.7217034e-10
1.5266461e-10
5.6719612e-11
5.8926423e-11
9.8184256e-11
6.8862087e-11
-2.6142269e-11
-7.6615984e-11
-1.1347877e-11
1.1039435e-10
1.7191225e-10
1.3315716e-10
6.1875222e-11
4.0730389e-11
7.3858899e-11
1.010238e-10
7.5579131e-11
1.051152e-11
-4.723743e-11
-7.3246273e-11
-7.3873505e-11
-7.2988638e-11
-8.9217561e-11
-1.1199098e-10
-1.2688361e-10
-1.1920951e-10
-1.0099029e-10
-1.0010881e-10
-1.3212139e-10
-1.8372478e-10
-2.20047e-10
-2.146684e-10
-1.6976334e-10
-1.1160952e-10
-7.442348e-11
-7.8078716e-11
-1.1378051e-10
-1.4972131e-10
-1.4813459e-10
-8.6718757e-11
2.2154598e-11
1.3349531e-10
1.987921e-10
1.9723014e-10
1.4399676e-10
7.378401e-11
1.6291699e-11
-1.8932685e-11
-4.0211569e-11
-6.0170556e-11
-8.482551e-11
-1.101092e-10
-1.2660722e-10
-1.273975e-10
-1.1314156e-10
-8.964432e-11
-5.8924087e-11
-1.4036474e-11
5.362127e-11
1.3786914e-10
2.1140205e-10
2.4092014e-10
2.1516493e-10
1.5742233e-10
1.0621627e-10
8.1575872e-11
7.1318207e-11
5.1977409e-11
1.8407232e-11
-1.1504673e-11
-2.1087305e-11
-1.6144032e-11
-1.6309578e-11
-2.9389471e-11
-4.3543431e-11
-4.7672947e-11
-5.0210319e-11
-6.7166982e-11
-9.4249196e-11
-1.0467364e-10
-8.1688779e-11
-4.4192618e-11
-2.6368519e-11
-3.4122352e-11
-3.6558359e-11
-6.9480865e-12
4.1915179e-11
7.5939185e-11
8.3283395e-11
7.9371254e-11
7.2029317e-11
4.8640197e-11
8.4474843e-12
-1.8534023e-11
-9.240104e-12
1.2440567e-11
4.6150967e-12
-3.3030102e-11
-6.3625705e-11
-7.4778456e-11
-9.1353429e-11
-1.1776089e-10
-1.1515279e-10
-6.316304e-11
-1.1883945e-12
2.5310991e-11
1.9244511e-11
-4.3682947e-12
-5.9584005e-11
-1.4021237e-10
-1.7820305e-10
-1.2082525e-10
-1.1868595e-11
6.6695246e-11
8.7319907e-11
5.8728817e-11
-9.0190519e-12
-6.7399733e-11
-5.5082589e-11
1.9514578e-12
2.839807e-11
2.1316448e-11
1.3278163e-11
7.5668444e-12
4.1751074e-11
1.3960734e-10
2.0031327e-10
1.5300314e-10
9.1748525e-11
8.7831352e-11
7.8904243e-11
2.1158433e-11
-1.9611576e-11
-1.3951381e-12
-2.6125578e-12
-4.3490036e-11
-7.5949661e-11
-8.0284444e-11
2.7050144e-12
2.5598634e-11
-7.8425183e-11
-1.2498173e-10
-1.2923755e-10
-4.5925343e-12
7.432385e-11
8.7633699e-11
7.6425868e-11
2.3133827e-11
5.4248507e-11
-1.2141886e-11
1.7800827e-12
2.8510812e-11
3.1887869e-11
2.0233715e-11
-5.9102881e-11
-3.2691584e-10
-2.3857396e-10
2.4530972e-10
1.9385107e-10
-2.0170282e-12
-3.0511728e-10
-2.5385731e-10
-6.1610456e-11
1.9129244e-10
-6.6731762e-12
1.1618269e-11
-3.7489087e-10
1.0713002e-10
-5.903588e-12
-4.2496714e-11
-4.321512e-11
9.1168745e-12
1.0852124e-10
-7.6298105e-11
-1.117187e-10
-3.384029e-10
-1.7649811e-10
1.61674e-10
1.4290796e-10
-3.1037853e-10
-3.5866188e-10
4.5829766e-10
1.2994826e-10
-2.1559729e-10
-5.0804916e-11
-4.3127553e-10
3.8376672e-10
-2.0798795e-10
1.3125433e-10
-4.9436036e-11
-2.6723786e-10
-8.1023581e-11
-5.7791697e-10
-1.0935038e-10
-5.5133221e-10
-7.2925691e-10
3.7189627e-11
3.3714103e-10
6.3152758e-11
2.9258867e-10
-3.6965171e-10
-6.2009636e-10
2.1445733e-10
2.0349698e-10
-2.9852762e-10
-5.5749078e-11
1.9042608e-10
1.9096395e-10
3.0374351e-10
1.5729005e-10
-2.7193728e-10
-4.259247e-10
-3.3470664e-10
-2.3564752e-10
-2.7212805e-10
-2.0245938e-10
-2.3592484e-11
1.5528558e-11
-9.5537342e-11
-1.3639206e-10
-6.5783501e-11
-3.6356526e-11
-8.1235989e-11
-1.5292889e-11
1.2666565e-10
1.5924031e-10
1.1512252e-10
8.3240857e-11
1.4890706e-11
-6.0834367e-11
-2.1457751e-11
9.943839e-11
1.6905595e-10
1.831185e-10
2.1186661e-10
2.3818282e-10
2.242641e-10
2.0945798e-10
2.1008273e-10
1.5006091e-10
-3.8855712e-12
-1.3984106e-10
-1.2679936e-10
6.8417274e-12
1.0166758e-10
6.6395996e-11
-1.7784048e-11
-1.6276626e-11
8.3608784e-11
1.6623817e-10
1.3805089e-10
3.3049309e-11
-4.5927234e-11
-4.6794705e-11
-6.1941609e-13
4.0420101e-11
6.1803157e-11
6.8326132e-11
6.1703094e-11
3.7933609e-11
1.4889105e-12
-2.5837621e-11
-2.9295706e-11
-3.8318664e-12
3.8604529e-11
7.172368e-11
6.4092052e-11
2.5261491e-12
-8.8610289e-11
-1.6013291e-10
-1.7549951e-10
-1.3903492e-10
-8.6672324e-11
-5.5655401e-11
-6.3762898e-11
-1.0344165e-10
-1.4678545e-10
-1.5771422e-10
-1.1042779e-10
-9.3356089e-12
1.0647786e-10
1.8493658e-10
1.9490928e-10
1.4343496e-10
6.5982656e-11
1.7200607e-13
-3.622531e-11
-4.897631e-11
-5.5123213e-11
-6.8600556e-11
-9.2709733e-11
-1.2098391e-10
-1.4245742e-10
-1.4971585e-10
-1.4246294e-10
-1.2336381e-10
-8.8881913e-11
-2.9422156e-11
5.7033582e-11
1.4886075e-10
2.0530896e-10
1.9571202e-10
1.2949223e-10
5.3200922e-11
1.3056899e-11
1.7337255e-11
3.6702133e-11
4.0307694e-11
2.707518e-11
1.8323588e-11
2.596471e-11
3.6185523e-11
2.8020816e-11
-8.8180051e-13
-3.4091211e-11
-5.9545163e-11
-8.0898617e-11
-1.0207023e-10
-1.1155594e-10
-9.5514068e-11
-6.461022e-11
-5.070354e-11
-6.7828463e-11
-8.7190448e-11
-6.6964226e-11
-4.3633999e-12
5.8000341e-11
8.1436021e-11
6.9125234e-11
4.6189617e-11
2.2159469e-11
-4.2717174e-12
-1.7247257e-11
4.6180257e-12
4.5203832e-11
5.4704586e-11
1.2768973e-11
-4.210022e-11
-6.74644e-11
-7.1053603e-11
-7.8228314e-11
-7.5923122e-11
-3.6722571e-11
2.0015084e-11
4.5819547e-11
3.2316203e-11
7.4924373e-12
-2.6764324e-11
-8.5922917e-11
-1.3893021e-10
-1.3088507e-10
-7.072331e-11
-1.9594983e-11
-8.4210743e-13
-9.7499414e-13
-2.5936373e-11
-6.2797519e-11
-5.1137574e-11
5.438893e-12
1.1951553e-11
-3.4791827e-11
-2.1045487e-11
5.3604109e-11
8.9372852e-11
1.1832068e-10
1.9145656e-10
2.0060102e-10
1.1042087e-10
3.7696856e-11
2.1833295e-11
5.0153716e-11
6.9052617e-11
-1.6940819e-11
-8.4856051e-11
-3.4133179e-11
1.9177894e-12
2.0901268e-11
2.3336839e-12
-5.6589017e-11
-6.7143417e-11
-1.2921553e-10
-1.3376055e-10
-3.7811099e-11
7.4813759e-11
1.4374747e-10
3.9393563e-11
-1.2995776e-11
-2.0478412e-11
1.0136507e-10
8.4663811e-11
2.9527404e-11
-6.5474177e-11
-1.922206e-11
1.79115e-11
-2.9026594e-11
2.8043904e-11
-4.1647306e-10
-1.7393577e-10
-2.8239558e-11
2.4737543e-10
1.3542925e-10
-6.3987254e-11
-1.236529e-10
-1.0729101e-11
-1.5738404e-10
4.7795427e-11
-2.0976442e-10
1.3785958e-10
-5.3245823e-11
7.2916385e-11
-2.1261106e-10
-1.6250687e-10
2.3851091e-10
2.099403e-10
8.6419075e-11
-4.1208887e-10
-3.3875838e-11
6.8109018e-12
1.9220069e-10
2.305889e-10
-3.8791757e-10
-3.6733411e-12
-4.297224e-11
2.8869141e-10
4.9644578e-10
-3.3548367e-10
-2.5586434e-10
-1.6885527e-10
1.1021582e-10
-4.5045568e-11
-6.3031039e-10
-2.5368678e-10
1.3791913e-10
-8.3779955e-11
3.4935022e-10
5.2753361e-10
-1.9469929e-10
-5.8218088e-10
-1.5823179e-10
1.9345232e-10
7.2838216e-11
-1.5626269e-10
-7.7948952e-11
2.2061403e-10
2.7977275e-10
-6.2614884e-11
-5.1066409e-10
-5.5971301e-10
-2.5440147e-10
-2.8118351e-11
1.2518417e-10
3.2515798e-10
3.829199e-10
2.7899014e-10
1.8284559e-10
1.8073689e-10
1.8830157e-10
1.1202951e-10
-3.3007608e-12
-6.3508242e-11
-1.3762693e-10
-2.3451966e-10
-2.2746775e-10
-1.2654118e-10
-6.4057744e-11
-8.3031075e-11
-9.9003863e-11
-8.8719578e-11
-8.7537866e-11
-3.3453297e-11
1.1599477e-10
2.3775135e-10
2.2284489e-10
1.4429673e-10
1.1728595e-10
1.6186305e-10
2.4565973e-10
3.1740005e-10
2.9333988e-10
1.3087535e-10
-7.8790605e-11
-1.7104806e-10
-8.8834505e-11
4.5650678e-11
7.8315656e-11
6.8013632e-12
-3.7196317e-11
2.619502e-11
1.2140009e-10
1.2137616e-10
1.7259608e-12
-1.483742e-10
-2.3898025e-10
-2.531302e-10
-2.1317449e-10
-1.4400608e-10
-7.1049716e-11
-3.2391623e-11
-5.7424994e-11
-1.2547467e-10
-1.8023064e-10
-1.757987e-10
-1.0202273e-10
5.1183326e-12
9.3755095e-11
1.1143878e-10
4.4631074e-11
-6.8745413e-11
-1.6426769e-10
-1.9070951e-10
-1.4718699e-10
-8.0393077e-11
-3.8523933e-11
-3.8115078e-11
-6.5720266e-11
-9.3570015e-11
-9.5217891e-11
-5.5677683e-11
2.2158902e-11
1.147574e-10
1.8442181e-10
2.0138801e-10
1.6254563e-10
9.222059e-11
2.3744343e-11
-2.02836e-11
-3.6435488e-11
-3.5028704e-11
-3.0555426e-11
-3.3755911e-11
-4.757042e-11
-6.639376e-11
-8.0365756e-11
-8.3276012e-11
-7.5719034e-11
-5.8283552e-11
-2.393479e-11
3.712333e-11
1.1874625e-10
1.8840224e-10
2.0424391e-10
1.5148407e-10
6.2497047e-11
-5.1051717e-12
-1.6393925e-11
1.4577619e-11
4.6603383e-11
5.6206865e-11
5.5562944e-11
6.7184654e-11
8.9496236e-11
9.6321258e-11
6.7943184e-11
1.3844577e-11
-3.9793349e-11
-7.7246344e-11
-9.9498993e-11
-1.0814791e-10
-9.8841088e-11
-7.7465666e-11
-6.9179486e-11
-9.3446473e-11
-1.3033017e-10
-1.3106531e-10
-7.2907388e-11
7.8540592e-12
5.2283999e-11
4.1114169e-11
4.8081128e-12
-2.2288101e-11
-3.1586759e-11
-2.1954099e-11
1.5597071e-11
7.0796274e-11
9.7537914e-11
6.0346743e-11
-1.2670293e-11
-5.9297302e-11
-6.1016333e-11
-5.103026e-11
-4.6913882e-11
-2.6475539e-11
1.5533457e-11
4.1903338e-11
3.1651046e-11
1.3263178e-11
6.9019675e-12
-1.2171009e-11
-5.4953988e-11
-8.4066823e-11
-8.0642845e-11
-7.8520368e-11
-9.0202787e-11
-8.0618699e-11
-4.9461622e-11
-3.9528436e-11
-4.3392677e-11
-2.2018468e-11
-9.5017915e-12
-5.4482742e-11
-9.074161e-11
-2.3581641e-11
1.0610571e-10
1.891323e-10
2.0004301e-10
1.6979957e-10
1.2473321e-10
1.0146437e-10
8.3069178e-11
2.310849e-11
-9.3237066e-12
-5.0562232e-12
-6.8653101e-11
-8.1831519e-11
1.7735227e-11
6.5813675e-11
8.1665017e-11
-1.4418434e-11
-1.6802568e-10
-1.428497e-10
-1.112266e-10
-1.1809929e-11
3.7303449e-11
5.0430539e-11
8.7376362e-11
1.2596129e-11
3.2559888e-11
4.0994379e-11
1.2998551e-10
7.2600194e-11
-6.4160611e-11
-9.3796174e-11
1.7214816e-11
4.2150819e-11
-2.2847555e-11
2.717065e-10
-2.3875507e-10
-3.9973172e-10
-2.7817553e-10
-3.1139473e-11
1.404289e-10
1.7274323e-11
-2.6707594e-12
-4.4737546e-11
-1.7136504e-10
-4.2691205e-11
1.5296844e-11
1.3889624e-10
-5.8220694e-11
-8.8308147e-11
-2.2961831e-10
8.4935733e-11
-2.4727324e-11
-3.1999606e-10
2.2085412e-10
-2.4567264e-11
-1.9006873e-10
4.2686831e-10
-2.8123469e-10
-8.0432199e-11
5.5478373e-10
2.5488164e-10
-3.1740207e-10
-3.1126584e-10
-5.1054032e-10
1.8502035e-10
-2.0711786e-10
3.209043e-10
1.5905815e-10
4.209154e-10
5.5455015e-11
-1.6387482e-10
4.4998295e-10
1.2366826e-10
-3.3873046e-10
-6.4543414e-10
1.4536376e-10
5.1446457e-10
-4.3003879e-11
-4.5778863e-11
6.2620467e-10
3.7565953e-10
-2.3998495e-10
-4.5026026e-10
-4.1923106e-10
-1.4387855e-10
1.3217374e-10
1.2342817e-10
9.1438612e-11
-5.3340742e-12
-2.0348395e-10
-2.9267056e-10
-9.566716e-11
8.123017e-11
-1.9407208e-11
-1.766926e-10
-1.0712258e-10
9.30634e-11
2.7034506e-10
2.2578015e-10
1.9143854e-11
-5.5479675e-11
5.8833017e-11
1.3220166e-10
7.6510741e-11
5.7291048e-12
-4.929133e-11
-1.2637554e-10
-1.3801103e-10
3.1577658e-11
2.8201736e-10
3.7759526e-10
2.6226967e-10
9.7267942e-11
2.7018219e-11
6.3573305e-11
1.4522545e-10
1.9449094e-10
1.6016419e-10
6.9109911e-11
2.1318326e-11
8.6444256e-11
2.0787755e-10
2.5314287e-10
1.7085572e-10
5.4320814e-11
2.2584145e-11
7.7543741e-11
1.1973871e-10
7.7657451e-11
-2.7012532e-11
-1.3352267e-10
-2.0209821e-10
-2.2121445e-10
-1.8613826e-10
-1.1329691e-10
-6.0199712e-11
-8.086147e-11
-1.7144882e-10
-2.6657787e-10
-2.8709828e-10
-2.0665499e-10
-6.2134864e-11
6.488148e-11
1.035491e-10
2.9011051e-11
-1.1854947e-10
-2.5237729e-10
-3.0039297e-10
-2.5570861e-10
-1.7471091e-10
-1.2347041e-10
-1.245441e-10
-1.5295619e-10
-1.6900977e-10
-1.4937358e-10
-9.621e-11
-2.6914202e-11
3.9191727e-11
8.4474509e-11
9.660347e-11
7.4518537e-11
2.9661678e-11
-2.0985051e-11
-6.2788484e-11
-8.6685702e-11
-8.9420301e-11
-7.4195818e-11
-5.1135669e-11
-3.3334204e-11
-2.831971e-11
-3.2865113e-11
-3.7303624e-11
-3.5887075e-11
-2.9149125e-11
-1.5464471e-11
1.4628772e-11
6.8532639e-11
1.3248885e-10
1.6950361e-10
1.4671161e-10
6.9817331e-11
-1.285717e-11
-4.9078742e-11
-2.7094553e-11
1.9693747e-11
5.2631169e-11
6.62585e-11
8.3798485e-11
1.1813048e-10
1.4894849e-10
1.4347853e-10
9.4073058e-11
2.6660571e-11
-2.7121446e-11
-5.6668803e-11
-6.8788081e-11
-6.9183916e-11
-6.1573725e-11
-6.0598046e-11
-8.5773883e-11
-1.3132312e-10
-1.5581656e-10
-1.223232e-10
-4.8038022e-11
5.3687945e-12
-1.7977616e-12
-4.6069778e-11
-7.5174353e-11
-6.5827121e-11
-2.913094e-11
2.2789798e-11
8.107539e-11
1.1665347e-10
9.4205551e-11
2.4570477e-11
-3.2043379e-11
-3.8228976e-11
-2.2878295e-11
-2.6340562e-11
-3.6825891e-11
-2.2205497e-11
6.2201012e-12
1.5375995e-11
1.2546802e-11
2.6269674e-11
4.3088351e-11
2.7633975e-11
-1.2002739e-11
-4.4803872e-11
-7.6349924e-11
-1.1545531e-10
-1.2396494e-10
-8.0146348e-11
-3.4497563e-11
-2.8845012e-11
-4.3949362e-11
-7.1948185e-11
-1.1559249e-10
-1.1724271e-10
-3.627162e-11
7.2663286e-11
1.6443686e-10
2.2439969e-10
1.9344978e-10
8.9380377e-11
4.8279967e-11
9.9334313e-11
1.3001471e-10
6.6049877e-11
-4.7425831e-11
-9.8111937e-11
-6.4965697e-11
2.4019127e-12
6.4561143e-11
4.6917639e-11
-1.219542e-11
-8.0700988e-11
-1.4100326e-10
-8.6039538e-11
-8.7741733e-12
4.0801199e-11
1.3031839e-11
-2.6157562e-11
2.8847278e-11
8.1120765e-11
1.4137834e-10
8.7635379e-11
5.8562312e-11
-4.537793e-11
-6.234616e-11
-1.2562939e-11
7.7451178e-11
4.7025653e-12
-5.7144944e-11
-4.8248618e-11
-1.5348515e-10
-1.6337929e-11
8.6056614e-11
-2.400473e-10
-2.7939959e-10
-4.134745e-11
2.1957179e-10
-6.3670159e-11
-3.1206009e-11
-1.9510688e-10
-7.1129674e-11
-1.3040378e-10
-2.3333318e-10
-1.3252178e-10
-3.101431e-11
1.7503804e-10
3.0288459e-11
-2.8286227e-10
-1.3189085e-10
2.8648594e-10
-7.6634975e-11
1.0402934e-10
-6.2504145e-11
-3.3348665e-10
-2.2440428e-10
2.1518736e-10
-6.939938e-10
5.687103e-10
-1.7342999e-10
3.0995047e-10
-6.2681979e-10
3.3372395e-11
-6.41857e-10
-3.901691e-10
-1.2464164e-10
1.5544006e-10
2.0381524e-10
-3.1413342e-10
-5.0951203e-10
3.6916409e-10
-1.6909722e-10
-4.0383371e-11
2.7016546e-10
-3.7299807e-10
-6.620431e-10
-2.7698846e-10
-4.2013744e-11
-8.4049822e-12
7.4842682e-11
6.2218457e-11
-2.2712436e-10
-5.0308918e-10
-4.7625875e-10
-2.1465089e-10
7.46789e-11
2.9965734e-10
4.2926269e-10
4.0469915e-10
2.2826804e-10
1.0776095e-12
-1.7163119e-10
-1.3834254e-10
4.0284729e-12
2.8945636e-11
-6.6411642e-11
-6.0307979e-11
1.8578064e-11
-1.8821409e-11
-1.063837e-10
-7.9400656e-11
-1.8209554e-11
-5.0988239e-11
-6.940392e-11
3.877219e-11
1.3578159e-10
7.641827e-11
-3.7017818e-11
-3.7322233e-11
6.7812079e-11
1.5930339e-10
1.7085461e-10
1.1656738e-10
4.2518814e-11
2.8452137e-12
3.4219048e-11
1.1444439e-10
1.6825365e-10
1.4182268e-10
6.2315993e-11
4.0650562e-12
2.2075642e-12
2.6322683e-11
3.4148031e-11
1.477735e-11
-1.9339712e-11
-5.7499087e-11
-8.307644e-11
-6.7825073e-11
-8.4776544e-12
5.1648197e-11
5.0567022e-11
-3.1335897e-11
-1.3562334e-10
-1.7348231e-10
-9.9192028e-11
6.0844374e-11
2.194799e-10
2.8958983e-10
2.2401865e-10
5.4297506e-11
-1.1997836e-10
-2.0434875e-10
-1.746175e-10
-8.6017644e-11
-2.5959061e-11
-4.1151835e-11
-1.0577545e-10
-1.5617409e-10
-1.4878418e-10
-8.8800774e-11
-1.5496527e-11
3.3499938e-11
4.4937791e-11
2.8286268e-11
1.2399745e-12
-2.4387438e-11
-4.8367052e-11
-7.6122014e-11
-1.0658782e-10
-1.2719977e-10
-1.2277079e-10
-9.0173516e-11
-4.4284649e-11
-7.9244562e-12
6.0244642e-12
2.4881324e-12
-5.5944292e-12
-1.1103362e-11
-1.3958076e-11
-1.0556429e-11
9.8648454e-12
5.0559229e-11
9.1213881e-11
9.5434598e-11
4.4069831e-11
-3.8845839e-11
-1.0045547e-10
-1.0510986e-10
-6.4598239e-11
-1.9486767e-11
6.1713888e-12
2.5559206e-11
6.2173481e-11
1.1195257e-10
1.4155104e-10
1.2519966e-10
7.3934495e-11
2.2623452e-11
-6.6102035e-12
-1.8641839e-11
-2.6742077e-11
-3.4567873e-11
-4.3237067e-11
-6.3021641e-11
-9.9823637e-11
-1.3283514e-10
-1.2712486e-10
-8.0045539e-11
-3.8190145e-11
-4.8540368e-11
-9.9126653e-11
-1.2979714e-10
-1.0189624e-10
-3.3975698e-11
3.4411261e-11
8.5364901e-11
1.1291398e-10
1.0278971e-10
5.5543684e-11
1.0677107e-11
5.4759812e-12
1.8737082e-11
-8.6428546e-13
-5.252218e-11
-8.018882e-11
-5.7251074e-11
-1.8774496e-11
5.2448681e-12
2.8534226e-11
5.7524224e-11
6.4527363e-11
4.046904e-11
1.1342419e-11
-1.8598261e-11
-6.5413559e-11
-1.0019293e-10
-8.0155727e-11
-4.0091407e-11
-4.2182168e-11
-6.9509231e-11
-8.9515063e-11
-1.3040701e-10
-1.6525217e-10
-9.0982114e-11
6.0312552e-11
1.3993315e-10
1.4477131e-10
1.5269904e-10
1.3152001e-10
8.7412658e-11
8.972493e-11
9.9264408e-11
8.8029672e-11
4.3743777e-11
-8.1255797e-11
-1.2345789e-10
-9.882661e-12
5.4390652e-11
6.1271087e-11
-1.1511032e-11
-1.0880984e-10
-4.6353991e-11
-2.6492379e-11
-1.1684647e-11
-3.3741274e-11
-9.0005645e-11
-4.0627814e-11
-1.2233183e-11
1.3773515e-10
1.3037646e-10
1.1813953e-10
2.5800478e-12
3.5856684e-12
1.0696523e-11
1.9712263e-11
3.7062236e-11
1.7171898e-11
-7.1152001e-11
-3.3917713e-11
-3.4527429e-10
-2.3621634e-10
9.5474531e-11
2.5259242e-10
-9.5542463e-11
-2.1993192e-10
-1.856094e-10
5.7915465e-11
-2.6436424e-10
-6.3323985e-11
-6.5514566e-11
-7.6705699e-11
-3.5072748e-10
-1.7417446e-10
4.3271886e-11
-1.7463603e-10
-4.3923291e-11
2.2673351e-10
-6.0375913e-12
-1.2525955e-10
1.6782605e-10
2.2275994e-10
-4.2461538e-10
-4.7379736e-10
5.6739212e-11
-8.6027299e-11
3.5157185e-10
-3.0292785e-10
-1.3625851e-10
-4.7139275e-10
-6.6520519e-11
-3.0990115e-10
-4.2808457e-11
5.0101957e-10
1.1973377e-10
-3.0051906e-10
-5.91911e-10
-2.8133426e-10
1.0176059e-10
-1.9906929e-10
-2.8004448e-10
-2.8800278e-10
-3.4023428e-10
-3.563035e-10
-1.5566712e-10
1.4925357e-10
5.929272e-11
-2.0724349e-10
-1.6378548e-10
-2.4481651e-11
8.211422e-12
1.9531347e-10
4.387974e-10
3.8410173e-10
2.3428609e-10
2.1662744e-10
1.3419124e-10
-7.8064343e-11
-2.6122633e-10
-3.0771429e-10
-2.6171208e-10
-2.1491797e-10
-1.0330441e-10
1.0640231e-11
-2.1161349e-11
-4.9729167e-11
3.8015049e-11
7.5388004e-11
-5.1767133e-11
-1.6765808e-10
-1.1676756e-10
1.8597605e-12
9.0996354e-11
1.9686592e-10
2.7530318e-10
1.8483586e-10
-2.6439472e-11
-1.3106472e-10
-3.5874021e-11
1.2387799e-10
2.012284e-10
1.9234306e-10
1.69306e-10
1.6739259e-10
1.6809758e-10
1.4255241e-10
8.5065968e-11
1.2602558e-11
-5.2616202e-11
-9.9262506e-11
-1.2794482e-10
-1.3841607e-10
-1.257392e-10
-9.0202455e-11
-5.640476e-11
-5.6791761e-11
-8.9939275e-11
-1.1893025e-10
-1.0755993e-10
-6.8302984e-11
-5.8297644e-11
-1.1078005e-10
-1.9346528e-10
-2.3201096e-10
-1.7146812e-10
-2.5480714e-11
1.4254599e-10
2.4126356e-10
2.1724077e-10
8.4654258e-11
-7.8970158e-11
-1.7155666e-10
-1.3957405e-10
-2.1489987e-11
8.1499273e-11
8.9359821e-11
8.2007565e-12
-8.4588665e-11
-1.1131795e-10
-5.3471611e-11
4.2633287e-11
1.1017185e-10
1.1552444e-10
7.5269605e-11
3.1105301e-11
1.243093e-11
1.6431818e-11
1.7365805e-11
-4.3023074e-12
-4.042133e-11
-6.0603559e-11
-3.9582312e-11
1.8961543e-11
8.3885952e-11
1.221118e-10
1.2346292e-10
1.0259917e-10
7.946943e-11
6.2249392e-11
5.0643778e-11
4.9144993e-11
6.6997827e-11
1.007747e-10
1.2340363e-10
1.0217847e-10
3.3386336e-11
-4.5875419e-11
-8.7419606e-11
-7.6258155e-11
-4.0605089e-11
-1.6703723e-11
-9.503328e-12
5.8485747e-12
4.5435559e-11
9.1022635e-11
1.0914694e-10
9.0238333e-11
5.7901573e-11
3.8464826e-11
3.186412e-11
1.9863321e-11
-4.9224211e-12
-3.1903025e-11
-5.2978307e-11
-7.382687e-11
-9.6159387e-11
-1.0440632e-10
-8.8475477e-11
-7.2872724e-11
-9.6782305e-11
-1.569653e-10
-1.9383204e-10
-1.544987e-10
-5.5636877e-11
3.764537e-11
8.4590563e-11
9.3653223e-11
8.4462586e-11
6.440615e-11
4.7610591e-11
5.3227865e-11
6.4532053e-11
3.1057721e-11
-5.6631686e-11
-1.3068752e-10
-1.2575443e-10
-6.2972644e-11
-9.3803945e-12
1.3839718e-11
2.8046758e-11
3.7507129e-11
3.713769e-11
4.5090406e-11
6.2791707e-11
4.8385444e-11
-7.0629138e-12
-4.496582e-11
-4.2883109e-11
-5.62267e-11
-1.0120622e-10
-1.2217552e-10
-1.1232511e-10
-1.1710374e-10
-1.1162345e-10
-3.8945532e-11
5.7766368e-11
9.6326585e-11
8.8195777e-11
9.040664e-11
1.1945091e-10
1.6151611e-10
1.5484537e-10
5.6946384e-11
-2.2278497e-11
-2.5630975e-11
-4.9000924e-11
-3.2181307e-11
4.0047027e-11
2.7494287e-11
8.1779113e-12
-4.368258e-11
-8.8219057e-11
8.5919881e-13
-1.2785949e-11
-5.7152757e-11
-1.5158954e-10
-1.3060914e-10
4.8949422e-11
1.4519083e-10
1.8730818e-10
7.2885389e-11
-2.2147364e-11
-8.7385226e-12
1.3158661e-10
1.0887186e-10
2.7361817e-11
-4.9605166e-11
-5.7067658e-11
-2.7874468e-11
1.669085e-11
-2.0021576e-10
6.6208312e-11
-4.5229822e-11
-1.0899769e-10
3.3666458e-11
2.5715132e-10
-6.5417785e-11
-2.1292746e-10
-3.6450748e-10
-2.6167859e-11
-2.2359933e-11
-9.8015939e-11
-1.7815361e-10
8.6067316e-11
-1.9691034e-10
-1.8208437e-10
1.6296285e-10
-3.3441257e-11
2.4200615e-10
-9.9489971e-11
-4.6500989e-10
3.779878e-10
-1.5471047e-10
-1.0317598e-10
1.6084762e-10
-3.010848e-10
-1.9265798e-10
-4.5581573e-11
2.7855086e-10
-4.1909513e-11
-1.8086715e-10
3.4650633e-10
-3.9620665e-10
-7.1627341e-10
-1.4961649e-10
4.3826322e-10
6.1978365e-11
3.5791525e-10
-1.1338537e-10
-4.4890346e-10
-4.791547e-10
-2.7254774e-11
1.6437733e-10
-3.5004629e-11
-3.302287e-10
-4.5818692e-10
-4.5241734e-10
-1.600185e-10
3.456279e-10
2.3833224e-10
-2.8405713e-10
-3.4680043e-10
-7.4133581e-11
5.0362891e-11
1.0796196e-10
8.2899628e-11
-1.055164e-10
-3.0249374e-10
-3.3135284e-10
-1.4602261e-10
7.3694346e-11
2.6674094e-10
3.7277938e-10
2.8097319e-10
1.1158005e-10
1.0845516e-10
2.1882732e-10
2.0765481e-10
7.8492407e-11
-3.6218102e-12
-2.432578e-11
-4.9543051e-11
-1.7711229e-11
1.2153212e-10
2.3657251e-10
2.0498892e-10
1.2271605e-10
1.4492475e-10
2.4628449e-10
2.8770047e-10
2.346226e-10
1.8547766e-10
2.1347435e-10
2.715193e-10
2.6906374e-10
1.9423033e-10
1.1897721e-10
9.619254e-11
9.686267e-11
6.1730695e-11
-1.3014208e-11
-6.3020168e-11
-3.2719317e-11
5.9760334e-11
1.4212339e-10
1.5667362e-10
1.1519172e-10
6.9461703e-11
4.3631466e-11
1.7029668e-11
-3.835445e-11
-1.1346995e-10
-1.608526e-10
-1.3732716e-10
-4.8536347e-11
5.677826e-11
1.1396576e-10
8.5034772e-11
-2.7979825e-11
-1.7746395e-10
-2.8097477e-10
-2.7472889e-10
-1.6858229e-10
-4.6787696e-11
-1.0036445e-11
-9.3370148e-11
-2.3445852e-10
-3.2779403e-10
-3.1097124e-10
-2.0812278e-10
-1.0252234e-10
-6.4436112e-11
-9.8574324e-11
-1.5303444e-10
-1.7230902e-10
-1.4346486e-10
-1.0004022e-10
-8.6037088e-11
-1.1347502e-10
-1.5067898e-10
-1.510055e-10
-9.4999611e-11
-7.7559583e-12
6.1932056e-11
8.1214291e-11
5.5181611e-11
1.375069e-11
-1.7960201e-11
-3.3711306e-11
-3.547769e-11
-1.9219136e-11
1.9299903e-11
6.6427919e-11
8.8793138e-11
6.0836581e-11
-5.3140688e-12
-6.4516243e-11
-7.9704129e-11
-5.6159215e-11
-3.0903549e-11
-2.8729718e-11
-3.6479152e-11
-2.4262595e-11
1.4739924e-11
5.6040429e-11
7.5227336e-11
7.6602859e-11
8.1269609e-11
9.3723561e-11
9.3603713e-11
6.4772465e-11
1.9797604e-11
-1.4480224e-11
-2.8521619e-11
-3.4361168e-11
-4.1210892e-11
-4.7353804e-11
-6.0503881e-11
-1.036565e-10
-1.773928e-10
-2.3028125e-10
-1.9944543e-10
-8.691661e-11
3.1688678e-11
8.6917476e-11
8.1552868e-11
6.3652951e-11
6.1689818e-11
7.3309254e-11
9.1118763e-11
9.8556932e-11
5.7877889e-11
-4.5466197e-11
-1.505241e-10
-1.6976344e-10
-9.8505614e-11
-2.2316708e-11
-4.3747164e-12
-2.3499896e-11
-3.3710975e-11
-1.7505025e-11
3.2958336e-11
1.0998232e-10
1.5546222e-10
1.164651e-10
3.2977875e-11
-2.0609969e-11
-4.792189e-11
-8.4095386e-11
-1.0822341e-10
-1.0456429e-10
-1.0278608e-10
-9.922217e-11
-7.2577651e-11
-4.8802875e-11
-2.3956749e-11
3.964708e-11
1.0042026e-10
1.1948471e-10
1.3763641e-10
1.3946615e-10
7.6335134e-11
-1.5845342e-11
-6.3711664e-11
-1.45742e-11
6.4418634e-11
6.2734083e-11
1.7180416e-11
-3.7857091e-11
-5.2590605e-11
-4.7268604e-12
-6.94825e-12
-2.3705154e-11
-5.8892968e-11
-1.0374288e-10
-7.3227804e-11
-5.219129e-11
1.1226865e-10
1.3078858e-10
1.0750667e-10
-6.5312343e-12
1.1506142e-12
1.2002654e-10
1.9688375e-10
7.6002596e-11
-7.6080672e-11
-8.2332854e-11
3.1896503e-11
3.5798474e-11
-2.3167674e-11
1.3705556e-11
2.4121005e-10
-4.8729727e-11
-2.965306e-10
-2.0459971e-10
2.0585506e-10
-5.0418726e-11
-1.886859e-10
-2.7713735e-10
7.3627346e-11
-3.0169345e-11
-1.4964442e-10
-2.1995146e-10
-8.1220864e-11
-5.4874334e-11
-3.2160781e-11
2.9361601e-11
-1.0701648e-10
8.1838752e-11
-1.6491702e-10
2.3677622e-11
1.5741653e-10
-5.8455164e-11
-2.9410903e-11
8.9015785e-11
4.6322213e-10
-9.0067331e-11
-1.7715217e-10
-6.0378472e-10
2.9591062e-10
-4.7733605e-10
-1.9324748e-10
4.918978e-10
1.3326246e-10
-2.7299804e-10
-1.9931862e-10
2.4151662e-10
-5.7007023e-10
-7.3739004e-12
4.0712791e-10
2.3949358e-11
1.200818e-11
-1.0922382e-10
-2.0124311e-10
2.9903943e-10
4.8484611e-10
8.8870216e-11
1.3203043e-11
1.6837137e-10
1.416675e-10
1.4557221e-10
3.2686373e-10
3.534336e-10
8.5412188e-11
-1.2417635e-11
8.7117008e-11
1.1018046e-11
-1.1012648e-10
-1.1871944e-10
-1.6681917e-10
-1.5606168e-10
2.7249192e-11
2.0202108e-10
1.2705649e-10
-2.4147574e-11
-3.9213633e-11
-3.4279708e-11
-1.0653632e-10
-1.1163681e-10
9.095471e-12
8.8588721e-11
5.7698173e-11
4.7894997e-11
1.0064436e-10
9.3486348e-11
8.5033907e-12
-9.8720391e-12
8.5114169e-11
1.5397835e-10
9.0152325e-11
-3.1135168e-11
-7.9230588e-11
-4.9806989e-11
-4.938811e-11
-1.2770522e-10
-2.0332169e-10
-1.7915354e-10
-8.0002154e-11
-2.6761307e-11
-8.6418505e-11
-1.960629e-10
-2.3807619e-10
-1.6377099e-10
-3.3382696e-11
6.2353735e-11
8.7700918e-11
7.0516017e-11
5.221305e-11
4.2526026e-11
2.3897047e-11
-3.9843579e-12
-1.1899797e-11
2.4372751e-11
9.8622106e-11
1.6339272e-10
1.8704575e-10
1.5526406e-10
7.8857877e-11
-1.1121616e-11
-7.3808078e-11
-6.761991e-11
1.7536593e-11
1.3525428e-10
1.9816703e-10
1.4002244e-10
-1.9843919e-11
-1.7998564e-10
-2.3815685e-10
-1.726734e-10
-5.2978139e-11
2.390057e-11
1.3427048e-11
-4.8678133e-11
-8.9922583e-11
-6.8057993e-11
-3.5778968e-12
4.5790705e-11
3.9955665e-11
-7.2016072e-12
-4.2012919e-11
-1.9925003e-11
5.4809074e-11
1.3268464e-10
1.6091944e-10
1.2445613e-10
5.1747158e-11
-1.5842665e-11
-5.5880838e-11
-6.881391e-11
-5.9219139e-11
-2.5079845e-11
3.0108979e-11
8.1808112e-11
9.4706875e-11
5.5253092e-11
-8.8316699e-12
-5.1404208e-11
-5.2330719e-11
-3.5504571e-11
-3.8373005e-11
-6.8107727e-11
-9.5211612e-11
-8.9585848e-11
-5.3842733e-11
-1.4014817e-11
1.5567382e-11
4.4517153e-11
8.1182764e-11
1.0887708e-10
1.0137542e-10
5.9109396e-11
1.4530586e-11
-3.1551331e-12
1.807139e-12
5.2516922e-12
-6.9566918e-12
-3.6535821e-11
-8.968732e-11
-1.6732232e-10
-2.3400919e-10
-2.2807921e-10
-1.2927089e-10
7.5978863e-13
7.5002565e-11
7.342332e-11
5.0786339e-11
5.7365123e-11
8.7819173e-11
1.1074406e-10
1.0638266e-10
5.9821781e-11
-3.6271903e-11
-1.4187575e-10
-1.7723416e-10
-1.1595893e-10
-3.5169555e-11
-2.4292206e-11
-7.5421682e-11
-1.1227224e-10
-8.8372555e-11
-6.0560508e-12
1.09436e-10
1.9685379e-10
1.8596951e-10
9.5356942e-11
2.3426733e-11
3.500922e-12
-1.8329091e-11
-5.2181823e-11
-6.4834063e-11
-8.3693691e-11
-1.2583416e-10
-1.2145259e-10
-6.6990079e-11
-5.0421851e-11
-4.1379045e-11
4.2104454e-11
1.2616494e-10
1.3689548e-10
9.9528349e-11
1.6195423e-11
-3.4665584e-11
1.1652048e-11
3.7558054e-11
5.7544932e-11
8.9822594e-11
4.372675e-12
-5.0321541e-11
-4.4752635e-11
-3.9406405e-11
5.5473194e-11
-6.3003583e-12
-8.3383294e-11
-1.2050851e-10
-8.2966158e-11
3.3255472e-11
5.2637063e-11
7.0708682e-12
-1.8937591e-11
3.787245e-11
1.1444566e-10
1.3216569e-10
1.5566272e-10
1.0721326e-10
-2.9297536e-11
-3.1619825e-11
5.162393e-11
4.6483201e-11
-6.5154822e-11
-4.9908768e-11
3.5763981e-11
1.367266e-10
1.9048749e-10
1.3167681e-10
-1.6192247e-10
5.1280442e-11
2.6175303e-11
1.6644508e-10
-8.5211184e-11
-9.2927538e-11
1.3469561e-10
-1.2222214e-10
-2.5646735e-10
-8.0029722e-12
-1.1685083e-10
-1.4578435e-10
1.2981933e-10
-2.2974098e-11
-1.000631e-10
-1.5714464e-10
1.8530753e-10
-3.0038992e-11
-3.7388293e-10
1.4973888e-10
-2.9187297e-10
-3.038657e-10
-2.850863e-10
5.6850508e-10
-4.4032961e-11
-2.3922491e-10
6.5134162e-10
-1.6378138e-13
-1.0351805e-09
-4.1680712e-10
2.4595146e-10
-8.7451912e-11
1.0383009e-10
1.9491131e-10
1.7163201e-10
-1.3653065e-10
-1.2461182e-10
4.4003681e-10
1.9408135e-10
-3.5216052e-10
-1.4840115e-10
9.576021e-11
7.9609099e-11
1.6439594e-10
1.6708717e-10
7.7126319e-12
-1.3005761e-11
2.702399e-12
-4.6205068e-11
-2.24046e-11
-1.0757484e-12
-7.4369948e-11
-3.8042036e-11
1.9070525e-10
3.3247884e-10
2.176306e-10
3.3634817e-11
-1.6556848e-11
-8.4018181e-11
-1.7051356e-10
-7.3423553e-11
1.1966491e-10
1.322668e-10
-2.4705921e-11
-1.1578347e-10
-8.4745893e-11
-4.2211959e-11
1.6845326e-11
1.4241568e-10
2.1221371e-10
1.0342167e-10
-6.145864e-11
-9.7186799e-11
-3.9097777e-11
-4.5734428e-11
-1.3936037e-10
-2.0243705e-10
-1.750642e-10
-1.3443889e-10
-1.6490322e-10
-2.2770631e-10
-2.1690546e-10
-1.1325986e-10
-2.0058438e-11
-4.1732188e-11
-1.5981055e-10
-2.5312381e-10
-2.2954003e-10
-1.0715244e-10
2.0744042e-11
7.8643515e-11
6.899042e-11
4.2114784e-11
3.0186184e-11
3.0968231e-11
3.6472681e-11
5.6748925e-11
1.0396277e-10
1.6345878e-10
1.9518711e-10
1.6997274e-10
9.6772924e-11
1.8593313e-11
-2.88076e-11
-3.8047179e-11
-1.0329767e-11
5.6344157e-11
1.4624557e-10
2.0953795e-10
1.8343044e-10
4.8934926e-11
-1.31005e-10
-2.4844055e-10
-2.3651767e-10
-1.2411437e-10
-8.4988214e-12
2.8888011e-11
-1.342286e-11
-6.7540306e-11
-6.5301688e-11
2.7499714e-12
8.5391465e-11
1.2156631e-10
9.5270287e-11
4.7171554e-11
3.4989122e-11
8.0981493e-11
1.5178214e-10
1.8786025e-10
1.5355295e-10
6.3676889e-11
-3.4106971e-11
-9.9750416e-11
-1.2379095e-10
-1.1652033e-10
-8.4833699e-11
-2.8920849e-11
4.029025e-11
9.2314796e-11
9.7308254e-11
5.777993e-11
1.1100494e-11
-6.3996338e-12
2.7978287e-12
2.2104707e-12
-3.4454879e-11
-9.1324576e-11
-1.2710857e-10
-1.1963961e-10
-8.3971413e-11
-4.5904955e-11
-1.0110662e-11
3.4877999e-11
8.4885402e-11
1.1229926e-10
9.7826889e-11
5.9193012e-11
3.3649429e-11
3.4754563e-11
4.1080027e-11
2.7214328e-11
-1.0156948e-11
-6.3944773e-11
-1.3148588e-10
-1.9767568e-10
-2.1857012e-10
-1.5791695e-10
-4.3650104e-11
4.4993961e-11
6.3516107e-11
4.8951008e-11
6.0355159e-11
9.9261491e-11
1.1949124e-10
9.438295e-11
3.4416523e-11
-4.4426594e-11
-1.2133148e-10
-1.517861e-10
-1.0816538e-10
-4.2141611e-11
-4.1595822e-11
-1.1308411e-10
-1.6870814e-10
-1.4056863e-10
-4.3261627e-11
7.5186495e-11
1.6561688e-10
1.746344e-10
1.0542322e-10
5.3275444e-11
7.8578417e-11
1.0479729e-10
5.0319316e-11
-3.9114383e-11
-9.4569172e-11
-1.2491333e-10
-1.3338069e-10
-9.2297694e-11
-3.7114401e-11
-2.4414001e-11
-2.3057197e-11
1.3620967e-11
6.0126421e-11
8.0833379e-11
5.0479701e-11
-2.1613225e-11
-1.3179877e-11
9.3557619e-11
1.1194399e-10
4.4246109e-11
-8.1997407e-12
-5.8945243e-11
-5.1922205e-12
5.1208411e-11
1.316206e-11
-5.6820362e-12
-8.7116969e-11
-9.0154857e-11
-4.3670585e-11
-8.3561753e-12
2.0849254e-11
-5.3115983e-11
-5.576399e-11
-4.6704208e-11
1.4386456e-10
2.0189219e-10
1.1834701e-10
6.0832567e-11
2.1904919e-11
6.1836207e-11
1.3973263e-10
4.8090647e-11
-1.0513845e-10
-1.250651e-10
-1.0273583e-12
-1.0467143e-11
-2.3885476e-10
-4.247438e-11
1.8617799e-10
-2.7061214e-11
-9.7896825e-12
-1.0409448e-11
1.1619199e-10
6.0777922e-11
-2.0045771e-10
-5.5629964e-11
-3.8056925e-10
2.3115562e-11
5.0595902e-10
-1.9065678e-10
-2.4049094e-10
-3.3049235e-10
6.1630134e-11
1.0055408e-10
-2.5146298e-10
4.1474422e-10
-5.7401208e-11
-1.1191746e-10
1.3308011e-11
-1.3646418e-10
1.3105961e-10
2.0940794e-10
-5.6532453e-10
2.4627831e-10
-1.2685877e-10
-5.2489319e-10
6.6808256e-10
1.6713064e-12
5.1665387e-12
2.0152313e-10
3.1855234e-10
-4.2628155e-10
-5.4645082e-10
-1.608408e-10
-5.4807245e-11
-2.2748515e-10
-2.3017644e-10
-6.971887e-12
2.5374993e-10
2.3072375e-10
-4.8140657e-11
2.7064931e-11
1.1610264e-10
-1.7247334e-10
-2.1586434e-10
-6.3156476e-11
5.084679e-12
3.4643564e-11
8.1928101e-11
2.1686194e-11
-1.778186e-10
-1.9389899e-10
1.1630366e-11
1.0863942e-10
8.884416e-11
1.3974492e-10
1.2404235e-10
-1.3091746e-10
-3.161844e-10
-1.6296286e-10
1.106048e-10
2.3594902e-10
2.3465833e-10
2.0412418e-10
1.3979145e-10
7.9345752e-11
1.3314619e-10
2.6565587e-10
2.9339689e-10
1.7142413e-10
5.4426725e-11
3.7718662e-11
4.3495689e-11
-6.2467386e-12
-6.4464876e-11
-5.6358838e-11
-1.2479053e-12
2.8998213e-11
2.4247843e-11
4.648459e-11
1.2675941e-10
1.9863889e-10
1.6697387e-10
2.273042e-11
-1.3726202e-10
-1.9701032e-10
-1.2894226e-10
-1.2296951e-11
5.5736892e-11
4.3721182e-11
-8.6482119e-12
-4.6514397e-11
-5.1311676e-11
-3.7348449e-11
-1.2560842e-11
3.3724169e-11
9.1298064e-11
1.2589919e-10
8.7411663e-11
-1.5577926e-11
-1.2137287e-10
-1.6881389e-10
-1.4676543e-10
-9.0328497e-11
-3.2842925e-11
1.5071448e-11
4.414107e-11
2.4395028e-11
-7.5015833e-11
-2.3590282e-10
-3.7881535e-10
-4.1923776e-10
-3.4014513e-10
-2.102271e-10
-1.2630353e-10
-1.3138351e-10
-1.8457142e-10
-2.0748932e-10
-1.5681011e-10
-5.7238149e-11
2.7218904e-11
5.2212776e-11
2.8694883e-11
7.3811952e-12
2.8422965e-11
8.4012055e-11
1.2513318e-10
1.0535518e-10
2.1268112e-11
-8.5461968e-11
-1.6414724e-10
-1.925092e-10
-1.8150357e-10
-1.5010954e-10
-1.0356797e-10
-4.0501177e-11
2.6813414e-11
7.0327371e-11
7.2211996e-11
4.7278433e-11
3.0349456e-11
3.6977204e-11
4.420536e-11
1.7384004e-11
-4.6407339e-11
-1.0975991e-10
-1.3328508e-10
-1.1473648e-10
-8.2810848e-11
-5.6756038e-11
-2.6267544e-11
2.3324119e-11
7.8825885e-11
1.0836411e-10
1.0113678e-10
8.1233845e-11
7.4692158e-11
7.5617754e-11
5.8777078e-11
1.668486e-11
-3.5198629e-11
-8.5350209e-11
-1.3379043e-10
-1.6597639e-10
-1.485057e-10
-7.3627647e-11
1.1630764e-11
5.297939e-11
5.633376e-11
7.1407547e-11
1.1043325e-10
1.2573432e-10
8.0254842e-11
-1.130227e-12
-7.0782209e-11
-1.1026408e-10
-1.1726294e-10
-8.7206211e-11
-4.6044348e-11
-5.4537247e-11
-1.2646745e-10
-1.8375212e-10
-1.5032999e-10
-5.0502061e-11
3.9488908e-11
8.3806846e-11
8.2404247e-11
5.0847473e-11
4.9271235e-11
1.2703449e-10
2.0978255e-10
1.720931e-10
2.6184743e-11
-1.0132833e-10
-1.3792133e-10
-9.3584155e-11
-2.189599e-11
-4.0170952e-12
-4.7455903e-11
-6.9251166e-11
-5.1265418e-11
-2.9626438e-11
9.0232468e-12
4.5089043e-11
3.7889841e-11
2.1294841e-11
2.7723372e-11
6.1342414e-11
7.0810065e-11
1.6440175e-12
-2.9730204e-11
1.7612541e-11
6.0950151e-11
7.0349583e-11
-4.336556e-11
-1.3457478e-10
-1.0282781e-10
-3.9099448e-11
8.7138192e-11
-1.444382e-11
-2.4284704e-11
-1.0881846e-10
-3.1563548e-12
7.3759726e-11
1.6541304e-10
1.0975733e-10
9.7966983e-12
6.9422336e-11
1.8839598e-10
1.6694424e-10
1.856525e-11
-1.2731299e-10
-6.1901009e-11
3.7047921e-11
-3.5436417e-11
1.9199689e-10
-5.4491867e-11
-2.0307915e-10
6.0585293e-11
2.0660325e-10
4.0182366e-12
-3.9828746e-13
-6.9428578e-11
1.7610262e-10
6.0818868e-11
-3.6623835e-11
-4.6022675e-11
-3.6209158e-10
-1.5968705e-11
2.3306084e-10
1.8105978e-10
-2.2413342e-10
3.1955266e-10
2.2947966e-10
-1.3796331e-10
-1.0953087e-10
-1.3512965e-10
4.1918757e-11
1.9668457e-10
-1.2451622e-10
-3.872477e-10
-1.0304924e-10
1.9225826e-10
-4.6520796e-10
1.8360483e-10
-7.4685523e-12
-1.5098073e-10
2.3256033e-10
-3.757724e-10
-4.0358652e-10
-3.018083e-10
-7.0293231e-11
2.2575632e-11
-4.7307491e-10
-2.701362e-10
3.2493064e-10
1.7170981e-11
-2.3806375e-10
-6.2691098e-11
-1.7689155e-10
-1.8211028e-10
8.4489005e-11
8.8226218e-11
-1.1534327e-10
-1.9937819e-10
-1.7860026e-10
-1.3015065e-10
-1.3340768e-11
1.3773301e-10
1.2642276e-10
3.1740159e-11
6.5922156e-12
-1.271207e-10
-3.1294599e-10
-3.0231879e-10
-4.833609e-11
9.3446803e-11
-5.2484608e-13
-3.6069209e-11
9.4747752e-11
1.9012829e-10
1.8502965e-10
2.0136224e-10
2.265781e-10
1.5498221e-10
4.0921247e-11
7.6363244e-12
1.7323643e-11
-4.0978943e-11
-1.466754e-10
-1.9873334e-10
-1.8002268e-10
-1.5258969e-10
-1.4707834e-10
-1.3964745e-10
-1.1591351e-10
-9.5388217e-11
-8.9548379e-11
-7.5731847e-11
-3.3540131e-11
1.244218e-11
6.1013358e-12
-7.8841141e-11
-1.9404394e-10
-2.5202918e-10
-2.0862271e-10
-1.026978e-10
-2.1596684e-11
-1.8371881e-11
-6.6021384e-11
-9.6404583e-11
-7.5869456e-11
-2.473695e-11
2.6332251e-11
7.7246363e-11
1.4554959e-10
2.1312814e-10
2.2875752e-10
1.6719923e-10
6.5803342e-11
4.0987679e-12
2.9916621e-11
1.1350539e-10
1.8958475e-10
2.2265536e-10
2.1719611e-10
1.838107e-10
1.1268052e-10
-3.9310675e-12
-1.3058357e-10
-1.9724926e-10
-1.6065735e-10
-4.9759898e-11
5.2543758e-11
7.7449702e-11
2.7985615e-11
-3.0012249e-11
-3.05838e-11
3.7628804e-11
1.2950322e-10
1.886512e-10
1.9442126e-10
1.7246243e-10
1.6328354e-10
1.8039329e-10
1.9652401e-10
1.6979626e-10
8.468628e-11
-2.9525451e-11
-1.2095181e-10
-1.5668986e-10
-1.4487897e-10
-1.1710513e-10
-9.3349138e-11
-6.9002793e-11
-3.2885664e-11
8.9457656e-12
3.6492005e-11
4.1077384e-11
3.7802298e-11
4.5491245e-11
5.7811682e-11
4.5617264e-11
-7.2713625e-12
-7.7424927e-11
-1.2134128e-10
-1.2088824e-10
-9.9936038e-11
-9.0216483e-11
-9.0051277e-11
-6.935063e-11
-1.3949257e-11
5.0522222e-11
8.7823481e-11
9.2450081e-11
8.6959282e-11
8.2977643e-11
6.5954246e-11
2.4171963e-11
-2.6679315e-11
-6.3904053e-11
-8.816845e-11
-1.104149e-10
-1.1808771e-10
-8.5029203e-11
-1.8438598e-11
3.8047493e-11
6.1290923e-11
7.7523734e-11
1.088084e-10
1.2151641e-10
6.9883575e-11
-2.7627784e-11
-1.0216029e-10
-1.1798303e-10
-9.7682215e-11
-7.1367872e-11
-5.4522202e-11
-6.9793661e-11
-1.2480964e-10
-1.6536425e-10
-1.2478973e-10
-2.800811e-11
3.0372399e-11
1.4824772e-11
-2.3697034e-11
-3.2785027e-11
1.4469951e-11
1.2795997e-10
2.3904508e-10
2.1959739e-10
6.4616341e-11
-7.1389262e-11
-9.0504964e-11
-3.5885087e-11
3.4784842e-11
5.9349084e-11
-2.779946e-11
-1.3847495e-10
-1.2188434e-10
-3.1160644e-11
1.8239572e-11
3.0728907e-11
9.31589e-13
-2.1561878e-11
3.4096593e-11
5.2163154e-11
3.9497997e-11
7.1622755e-11
2.8218655e-11
2.5335507e-11
6.0141675e-11
-1.3591104e-11
-3.217894e-11
-1.190456e-10
-9.9875017e-11
-2.7194039e-12
8.9088191e-11
6.5355359e-11
-4.6438606e-11
-8.8141618e-11
-6.0406818e-11
7.0689129e-11
4.7409247e-11
9.4840577e-11
2.8158661e-11
5.1735968e-11
2.0811358e-10
2.3774627e-10
3.6178688e-11
-1.1498326e-10
-9.6122199e-11
3.8351188e-11
2.9842817e-11
-4.2702371e-11
5.1948597e-11
7.5442905e-11
-1.098045e-10
-1.2057781e-10
1.7376128e-10
-1.265363e-10
8.5873755e-11
-7.6590308e-11
-1.162106e-10
3.0995698e-11
1.5176614e-10
2.3303167e-10
-1.6520341e-10
-1.2076608e-10
-1.5979727e-10
1.2946695e-10
-2.2075797e-10
-5.496908e-11
-1.9566349e-10
2.1324578e-10
-1.2840499e-10
-8.4332194e-11
2.4200902e-10
2.9989423e-10
1.7632716e-11
1.5225553e-10
2.6655537e-10
1.3883643e-11
3.2753447e-10
-2.4254356e-10
1.2533536e-10
-6.0198221e-10
-2.3118311e-10
5.8160749e-10
5.4865786e-10
-1.3323815e-10
-3.9673309e-10
-7.2599994e-11
-1.6534198e-11
1.5117217e-10
1.3652373e-10
-1.4529009e-10
-1.0602765e-10
-4.0811278e-11
-9.0935842e-12
1.0302224e-10
2.4358778e-11
-2.7737899e-10
-2.4276159e-10
-9.5291149e-13
1.0310802e-12
-1.2878453e-10
-1.7168791e-10
-2.2695309e-10
-2.946024e-10
-1.1634646e-10
1.2405351e-10
1.2270975e-10
-1.8626452e-11
-5.7249167e-12
5.7115164e-11
-1.5261482e-11
-5.8384473e-11
7.9251758e-11
2.2726209e-10
2.0487888e-10
1.124827e-10
9.1385573e-11
7.4251762e-11
-1.8726955e-11
-8.71319e-11
-5.1468417e-11
-1.7596303e-11
-8.8730168e-11
-1.9603699e-10
-2.1641619e-10
-1.288809e-10
-1.5610449e-12
9.9698423e-11
1.5504341e-10
1.8153207e-10
2.0134385e-10
2.1875707e-10
2.2160812e-10
1.9656044e-10
1.420587e-10
7.3776354e-11
1.9042886e-11
8.761045e-12
5.9545836e-11
1.4311141e-10
1.920247e-10
1.5848025e-10
6.4981867e-11
-1.5776209e-11
-3.0791436e-11
5.9235954e-12
4.1867034e-11
5.4135455e-11
7.2716454e-11
1.1679303e-10
1.6617567e-10
1.5935062e-10
8.041346e-11
-1.2184962e-11
-4.1645671e-11
9.2322739e-12
8.3272134e-11
1.1596888e-10
9.2129582e-11
3.6664135e-11
-2.8323821e-11
-1.0318033e-10
-1.8474342e-10
-2.3849128e-10
-2.2210151e-10
-1.3430714e-10
-2.9270824e-11
2.2881461e-11
-5.0711094e-12
-7.5285025e-11
-1.1976391e-10
-9.7628872e-11
-2.2475157e-11
5.7932264e-11
1.0411577e-10
1.118684e-10
1.0500844e-10
1.0396663e-10
1.0245463e-10
7.359991e-11
-4.3541789e-14
-1.0034038e-10
-1.8006015e-10
-1.9950803e-10
-1.6065134e-10
-1.0508319e-10
-7.5548372e-11
-8.013943e-11
-9.2554035e-11
-8.517704e-11
-5.584433e-11
-2.1560078e-11
6.3950603e-12
3.1535879e-11
5.5182458e-11
6.2175217e-11
3.5380634e-11
-1.6668349e-11
-5.8793788e-11
-6.4729354e-11
-4.8221995e-11
-4.688966e-11
-7.3500205e-11
-9.5291794e-11
-7.1368575e-11
-3.5151014e-12
6.4307998e-11
9.5951531e-11
9.6422845e-11
8.8699854e-11
7.5326306e-11
4.245382e-11
-5.707897e-12
-4.3216311e-11
-5.7646266e-11
-6.5041373e-11
-7.5877363e-11
-6.9296567e-11
-2.5406338e-11
3.4233095e-11
7.0726017e-11
8.2190794e-11
9.5597783e-11
1.0485211e-10
6.6117543e-11
-2.781121e-11
-1.1428042e-10
-1.3414357e-10
-1.0219338e-10
-7.1985434e-11
-6.6389272e-11
-8.0162734e-11
-1.0756596e-10
-1.2233682e-10
-8.0793047e-11
1.3936854e-12
3.4250001e-11
-2.3500213e-11
-9.3960731e-11
-8.957504e-11
-1.2152042e-11
9.64952e-11
1.8913316e-10
1.8712728e-10
6.642527e-11
-4.5558376e-11
-2.1755277e-11
7.421244e-11
1.0347751e-10
4.5409988e-11
-4.4853876e-11
-1.1678884e-10
-1.0950212e-10
-2.5894992e-11
2.7209746e-11
4.9549006e-13
-5.8499767e-11
-1.0551127e-10
-5.5738951e-11
8.7674036e-11
1.2790748e-10
6.5992015e-11
3.7369288e-11
-2.4438605e-12
8.8979434e-12
8.6260816e-12
-8.0953221e-11
-7.8097768e-11
-3.5323011e-11
2.638106e-11
3.2319138e-11
-2.5851849e-11
-3.9517717e-11
-8.6097012e-11
5.3478769e-11
3.9691725e-11
2.4234738e-11
-7.710622e-11
4.3164891e-11
1.2986941e-10
2.0062903e-10
1.5480053e-10
2.319482e-11
-5.3050644e-11
8.3319216e-11
1.1572874e-10
-1.1307908e-10
-2.5851373e-10
-4.7720049e-11
-1.8802146e-10
-1.5736542e-11
1.4875944e-10
-2.5052654e-10
2.1797863e-11
-2.0400135e-11
2.9309118e-10
-1.2711326e-10
-2.6174931e-10
-1.5812385e-11
-1.8627198e-10
-4.4862058e-10
1.4503581e-10
1.0396238e-10
-2.8090505e-10
3.8590733e-11
-1.7647209e-11
2.6957017e-10
-3.3145433e-10
3.034332e-10
-3.5442882e-11
9.4272329e-11
-3.3143065e-10
9.7568709e-11
-1.4248057e-10
1.9913433e-11
-1.2630326e-10
3.2174183e-10
5.4497905e-11
2.5663529e-10
-1.1768318e-10
-2.1076162e-11
1.1106093e-10
-1.2230483e-11
-2.1835392e-10
-1.2439951e-10
2.4147351e-10
3.6458171e-10
2.9372799e-10
1.3264013e-10
-8.6119221e-11
-1.0498605e-10
-5.4922062e-11
-1.6878867e-10
-1.2388151e-10
1.9342538e-10
1.4931263e-10
-6.9674078e-11
-3.241384e-11
6.2437988e-11
5.3281129e-11
8.1354803e-11
4.2717235e-11
-2.4228894e-10
-5.1028422e-10
-4.884194e-10
-2.9835446e-10
-1.1881992e-10
1.3861332e-10
4.1415005e-10
3.943734e-10
1.5869335e-10
6.8323044e-11
1.5967417e-10
2.3362537e-10
2.4324568e-10
2.5018779e-10
2.0981933e-10
5.2738655e-11
-1.022817e-10
-6.613247e-11
1.1461e-10
2.0762455e-10
1.258956e-10
1.3597143e-11
2.1360491e-11
1.3976494e-10
2.5453267e-10
2.8289018e-10
2.3782415e-10
1.8520529e-10
1.6033606e-10
1.346328e-10
6.4961567e-11
-4.1930456e-11
-1.3540332e-10
-1.7344534e-10
-1.5031745e-10
-8.9726003e-11
-2.6973739e-11
-7.1026378e-13
-4.0006255e-11
-1.332125e-10
-2.1818417e-10
-2.330782e-10
-1.7979497e-10
-1.2042816e-10
-1.0656418e-10
-1.2157614e-10
-9.943219e-11
-1.7064304e-11
6.6661531e-11
8.2986954e-11
2.7956693e-11
-3.2793269e-11
-3.241576e-11
2.4038042e-11
7.3401897e-11
6.8809429e-11
1.6602726e-11
-4.7319871e-11
-9.9576322e-11
-1.3892145e-10
-1.6127735e-10
-1.4649566e-10
-8.2602438e-11
6.7394652e-12
6.9421633e-11
6.5640622e-11
3.7775294e-12
-6.5349248e-11
-8.9542792e-11
-5.3322258e-11
1.8577392e-11
8.6832238e-11
1.268836e-10
1.394475e-10
1.3728737e-10
1.2442384e-10
8.9321497e-11
2.019925e-11
-7.154156e-11
-1.4509919e-10
-1.557791e-10
-9.4434148e-11
-3.5519019e-12
5.1492207e-11
3.4300652e-11
-3.4279406e-11
-9.8878862e-11
-1.1804519e-10
-9.2091337e-11
-4.842216e-11
-1.0019284e-11
1.6525195e-11
2.9096221e-11
2.1766146e-11
-4.0588696e-12
-2.8677004e-11
-2.9377693e-11
-1.0165149e-11
-4.7846692e-12
-3.7840099e-11
-8.7611084e-11
-1.0159766e-10
-5.4573129e-11
2.0531408e-11
6.9249591e-11
7.4254625e-11
6.1973722e-11
5.5843037e-11
4.6145144e-11
1.6273618e-11
-2.2660703e-11
-4.5478588e-11
-4.9706923e-11
-5.1281942e-11
-4.7622014e-11
-1.6662054e-11
3.8825192e-11
7.9487985e-11
8.1398938e-11
6.9531343e-11
6.9975052e-11
5.7345311e-11
-5.941866e-12
-9.4930135e-11
-1.4187757e-10
-1.2702378e-10
-9.7352399e-11
-9.0500228e-11
-9.4597783e-11
-9.0334873e-11
-7.306846e-11
-3.1029636e-11
3.055153e-11
4.9848016e-11
-2.0103796e-11
-1.103736e-10
-1.0997076e-10
-2.1965524e-11
6.0898947e-11
9.1376691e-11
7.3295574e-11
1.6740509e-11
-1.9344691e-11
3.6169154e-11
1.3370183e-10
1.4927261e-10
5.5970225e-11
-6.3679098e-11
-1.029966e-10
-1.5937862e-11
8.8056125e-11
5.805102e-11
-7.0611639e-11
-1.5689716e-10
-1.3702518e-10
-2.7165456e-11
8.3078066e-11
1.2052488e-10
8.3840201e-11
-1.3546536e-12
-1.8496311e-11
3.3718716e-11
2.9237361e-11
-7.7778339e-14
-7.8524439e-11
-1.0065063e-10
-1.8027129e-11
-3.2090348e-11
3.4304225e-11
-8.8074248e-11
-1.5232573e-12
4.5989536e-11
1.0354737e-10
1.4031903e-11
-5.7501859e-11
-1.1624892e-10
1.1478222e-10
1.8020734e-10
1.3979141e-10
6.3828167e-11
6.1053776e-11
6.2180161e-11
5.8778722e-11
-4.7999672e-11
-7.1859894e-11
-3.4124212e-11
-1.3141253e-10
-1.1245851e-10
-8.9610027e-11
8.0206534e-11
-1.5759714e-10
1.1031074e-10
3.9633325e-11
1.2908236e-10
-2.5107744e-10
6.1697334e-11
7.5373111e-11
-2.0483143e-10
-3.765566e-10
2.2441366e-10
1.7188489e-10
3.0471956e-10
-1.6718285e-10
-3.5765993e-11
1.2275046e-11
1.2185524e-10
-5.7439309e-11
-3.292133e-11
2.8275579e-10
-3.7789041e-10
-1.2290752e-10
-2.2190301e-10
2.0985022e-11
4.7476819e-10
1.2527899e-10
-2.5058527e-10
-3.542932e-11
1.3442349e-10
1.7140792e-10
2.4156294e-10
2.6527886e-10
-1.3486001e-10
-2.611172e-10
-1.8261245e-10
-1.9380565e-10
-1.490149e-10
-1.2689918e-10
-7.2743658e-11
6.4821872e-11
2.0207207e-10
9.8081308e-11
-3.1911014e-11
-3.3091082e-11
-1.6452521e-11
-8.0215471e-12
9.6969633e-11
1.0148301e-10
8.2121497e-11
1.9525733e-10
2.3214919e-10
1.1684328e-10
8.502128e-11
1.441018e-10
1.0320107e-10
8.4850084e-12
1.1465092e-10
2.9176968e-10
2.5344104e-10
7.8205778e-11
-3.9114055e-11
-1.0663121e-10
-1.4088859e-10
-7.548477e-11
3.180995e-11
8.5464296e-12
-1.4459322e-10
-2.1197266e-10
-9.1703825e-11
4.9960877e-11
3.977477e-11
-6.6212498e-11
-9.2287293e-11
2.5164228e-11
1.8507851e-10
2.5412088e-10
2.0331597e-10
1.1169846e-10
5.8873258e-11
4.0630437e-11
4.3132299e-13
-7.7363614e-11
-1.3465698e-10
-1.0863314e-10
-1.0313714e-11
9.1906224e-11
1.4293518e-10
1.304688e-10
6.7422713e-11
-2.3055889e-11
-1.002064e-10
-1.1759245e-10
-6.605436e-11
7.7051871e-13
1.0461211e-11
-5.0217839e-11
-1.0457965e-10
-8.1755857e-11
1.7055986e-11
1.0367138e-10
1.0319184e-10
3.1875619e-11
-2.939362e-11
-2.4158129e-11
2.4775351e-11
5.4751533e-11
3.4245327e-11
-1.6416447e-11
-5.7208838e-11
-6.9093286e-11
-5.7026671e-11
-2.6397379e-11
2.3628571e-11
8.5682019e-11
1.3395107e-10
1.377317e-10
8.8078914e-11
1.1151267e-11
-4.9184493e-11
-6.2920629e-11
-3.0850184e-11
2.2494492e-11
6.8958233e-11
9.3403225e-11
9.5354477e-11
7.8547841e-11
4.0776205e-11
-2.3552714e-11
-1.0734814e-10
-1.7813159e-10
-1.8932616e-10
-1.1634052e-10
1.1525822e-11
1.1868884e-10
1.3567994e-10
5.4126461e-11
-6.6488259e-11
-1.4839885e-10
-1.5538367e-10
-1.0962127e-10
-5.765931e-11
-2.7648099e-11
-1.8576699e-11
-1.8381284e-11
-1.9435721e-11
-1.5728755e-11
2.9280601e-13
2.6336801e-11
3.9941783e-11
1.6437603e-11
-3.6194666e-11
-7.2089076e-11
-5.1452059e-11
1.132271e-11
5.9592665e-11
5.7790067e-11
2.8999693e-11
1.8228424e-11
3.1718178e-11
3.4612755e-11
5.3038179e-12
-3.5343058e-11
-5.61414e-11
-5.2767382e-11
-3.5516529e-11
-2.3495698e-12
4.6382544e-11
8.1312193e-11
7.1315539e-11
3.4697226e-11
2.1075206e-11
3.4702239e-11
2.1083217e-11
-4.8388346e-11
-1.2419368e-10
-1.469838e-10
-1.2687864e-10
-1.1037578e-10
-1.0404018e-10
-8.3741447e-11
-4.6752569e-11
-4.0204404e-12
4.1904345e-11
6.4691542e-11
2.0324016e-11
-6.2237884e-11
-8.1215838e-11
-1.2334355e-11
4.462968e-11
2.270373e-11
-3.133266e-11
-5.8994011e-11
-3.7519795e-11
4.7091503e-11
1.3691994e-10
1.1866603e-10
1.1115609e-11
-4.8922627e-11
-2.1578538e-11
5.3687726e-11
1.3352814e-10
9.4129296e-11
-9.1392743e-11
-2.0644557e-10
-1.3997314e-10
9.4178208e-12
1.2939185e-10
7.1389952e-11
-6.8252389e-11
-3.4447508e-11
4.9626312e-11
1.1458075e-10
1.1696191e-10
-6.2426469e-11
-1.2917659e-10
-1.4292501e-10
-4.4232401e-11
1.8725305e-11
-1.6055307e-11
1.5399895e-11
4.5882924e-11
1.0252375e-10
3.763859e-11
3.2100294e-12
-8.826458e-11
-4.461597e-11
4.4249997e-11
1.9978607e-10
5.9337072e-11
-4.4348939e-11
2.5966317e-11
2.2942464e-10
1.9708327e-10
-8.8557712e-11
-3.4730566e-10
-6.5907968e-11
2.3589586e-10
5.7919185e-12
1.3126364e-10
-1.0432712e-11
-1.8312569e-10
1.8433451e-10
3.260411e-10
-1.1952905e-10
-1.5443317e-10
6.4254563e-11
-1.9959041e-11
-1.0817413e-10
1.4331649e-10
-1.5377618e-10
-4.6578688e-11
-2.4155252e-10
5.3003104e-11
-2.8463536e-10
-1.2431685e-11
1.2795928e-11
-7.9755875e-11
-9.2394812e-11
-1.8996231e-10
-1.3485756e-10
-8.8272909e-11
1.4729693e-10
3.8042353e-10
-3.9525777e-10
-3.033747e-10
-1.9432298e-10
1.9862946e-10
-3.0933742e-10
-3.5128677e-11
3.8233457e-10
2.035444e-11
5.7453156e-11
9.5872895e-11
5.5639438e-11
1.7005532e-10
2.3920618e-10
3.1352344e-11
9.418774e-12
-6.0517277e-11
-3.6531761e-10
-3.029699e-10
8.95194e-12
-7.3625947e-11
-2.6377985e-10
-2.0108101e-10
-2.5761934e-11
4.519979e-11
1.0049457e-10
1.5322477e-10
9.6664483e-11
-1.1264067e-10
-1.7103625e-10
4.3597527e-11
2.5885864e-10
2.0337209e-10
4.2153297e-11
6.934664e-12
3.4865022e-11
5.9408081e-12
-4.9657494e-11
-9.8564011e-11
-1.6750774e-10
-2.2651756e-10
-2.1088106e-10
-1.595904e-10
-1.4522787e-10
-1.0831928e-10
3.426016e-11
1.8712017e-10
1.8764827e-10
5.1842968e-11
-4.5167004e-11
8.1146407e-12
1.5104538e-10
2.421476e-10
2.0914835e-10
1.0587745e-10
3.6095963e-11
3.2009793e-11
3.105502e-11
-1.9320431e-11
-7.7585786e-11
-6.0076029e-11
4.7019439e-11
1.6344581e-10
2.0093229e-10
1.4729726e-10
5.5161647e-11
-2.3045767e-11
-6.476545e-11
-5.7919648e-11
1.3559105e-12
8.0323264e-11
1.1321001e-10
6.1981215e-11
-3.5683137e-11
-8.6764955e-11
-3.3054456e-11
7.4946995e-11
1.3330739e-10
9.2801064e-11
1.4599027e-12
-5.0877064e-11
-2.8392303e-11
2.3556962e-11
4.2506034e-11
1.2991271e-11
-2.9470431e-11
-4.2972639e-11
-1.8922449e-11
2.3883895e-11
6.6514315e-11
9.9750744e-11
1.1702981e-10
1.0911481e-10
6.9248928e-11
5.1788042e-12
-5.8702e-11
-9.6246573e-11
-9.5676526e-11
-6.462641e-11
-2.2552715e-11
1.1112687e-11
2.5728865e-11
1.9591064e-11
-6.7159231e-12
-5.4899057e-11
-1.2221043e-10
-1.879119e-10
-2.1085826e-10
-1.5291283e-10
-1.840149e-11
1.2937262e-10
2.0171231e-10
1.5110121e-10
1.2920666e-11
-1.2105399e-10
-1.7571013e-10
-1.4739239e-10
-9.1131827e-11
-6.1475737e-11
-6.7800877e-11
-8.2044984e-11
-7.6846474e-11
-4.8080761e-11
-8.092734e-12
2.8615636e-11
4.8126337e-11
3.8176569e-11
3.0289041e-12
-2.6364754e-11
-1.3807542e-11
3.8882899e-11
8.2789363e-11
7.2102507e-11
2.056303e-11
-1.1676266e-11
7.879274e-12
4.3136552e-11
3.6972729e-11
-1.5563187e-11
-6.4811607e-11
-6.9405083e-11
-3.4272744e-11
1.400515e-11
5.6405798e-11
7.4319658e-11
4.9000436e-11
-4.3704247e-12
-3.0362326e-11
-2.0605639e-13
3.457153e-11
2.2422954e-12
-8.6328212e-11
-1.4888134e-10
-1.4403237e-10
-1.118356e-10
-9.3648752e-11
-7.8458659e-11
-4.7564481e-11
-8.6643022e-12
3.2586197e-11
7.0700376e-11
6.8970835e-11
1.0675224e-11
-3.6089022e-11
-7.6509666e-12
3.5866784e-11
4.1340993e-12
-6.9403587e-11
-9.4865753e-11
-6.1981708e-11
-2.3200347e-12
6.0540238e-11
6.5512826e-11
-1.1746553e-11
-5.3218792e-11
3.5621841e-11
1.5140559e-10
1.5989639e-10
5.9390094e-11
-8.3557816e-11
-1.4610989e-10
-4.4384837e-11
7.4582946e-11
6.3891586e-11
-1.7289436e-11
-1.1345293e-10
-8.6175227e-11
1.3202764e-10
2.2320199e-10
1.0290098e-10
-8.5456728e-11
-2.2675856e-10
-1.2239041e-10
3.2701764e-11
7.6876582e-11
-1.580206e-11
-1.0003327e-10
-7.0941294e-12
6.6335876e-11
1.3124109e-10
3.8698408e-11
-2.8538263e-11
-1.5618488e-11
2.1970807e-11
-3.7428941e-11
2.0654893e-11
5.6491334e-11
1.9727962e-10
1.8934942e-10
2.073577e-11
-1.9396605e-10
-4.5397696e-11
8.5533932e-11
-2.0462614e-10
-3.0356885e-10
1.9132687e-11
8.2210999e-11
4.6209721e-11
-1.5116219e-10
2.9974668e-10
-3.9360666e-11
-2.3134546e-10
-2.5907297e-11
3.5058231e-10
-2.7467318e-10
-2.3836574e-10
5.6661045e-11
-2.5120026e-10
-2.6945262e-10
5.7938166e-11
8.0323688e-11
-2.62387e-10
9.1489202e-11
4.2876949e-11
-4.8427005e-11
2.6350098e-10
-3.1425994e-10
2.3607953e-10
-1.2884036e-10
-1.354774e-10
2.7813011e-10
1.1917359e-10
-4.0221635e-11
1.3099111e-10
1.4883892e-10
-4.51381e-10
-2.874682e-10
-5.6068576e-11
-1.0903915e-11
-1.3721197e-10
-5.1247753e-10
-5.4016302e-10
-1.6414959e-10
-5.4246101e-11
-1.0254456e-10
-3.6556595e-11
7.9188582e-11
-7.8124933e-11
-1.6353974e-10
1.3411643e-10
2.3206882e-10
-4.9144945e-11
-2.4782105e-10
-2.4581905e-10
-1.697305e-10
-6.6826253e-11
1.1605368e-10
1.4952656e-10
5.2208989e-11
5.3757496e-11
1.6648751e-10
1.4991028e-10
1.912149e-11
-2.9137294e-11
-3.1178986e-11
-8.4872366e-11
-1.313361e-10
-1.0699594e-10
-3.3827423e-11
3.5443839e-11
6.8935335e-11
6.7956367e-11
4.4565368e-11
4.2187746e-11
1.1823038e-10
2.3515655e-10
2.6765142e-10
1.7476206e-10
6.6074288e-11
5.9356451e-11
1.4188103e-10
1.9901759e-10
1.4289095e-10
-1.3265389e-12
-1.2487589e-10
-1.5004175e-10
-1.06443e-10
-7.9586986e-11
-9.3097123e-11
-8.3481921e-11
-6.2727938e-12
8.2342551e-11
8.7154216e-11
-1.0649419e-11
-1.3592582e-10
-2.0572149e-10
-1.9927939e-10
-1.4428678e-10
-6.7222052e-11
1.5969243e-11
7.2725554e-11
6.3620193e-11
-2.0716064e-11
-1.0818527e-10
-1.1784899e-10
-3.6378916e-11
5.7477016e-11
7.4753778e-11
1.0135537e-11
-5.788714e-11
-5.4081131e-11
1.4598648e-11
7.8300217e-11
8.5801138e-11
5.0991823e-11
2.8219952e-11
5.2342502e-11
1.0903451e-10
1.5948418e-10
1.7734986e-10
1.608523e-10
1.2256281e-10
7.3781797e-11
2.0745207e-11
-2.947292e-11
-6.6121999e-11
-7.9804154e-11
-6.8707995e-11
-4.0559253e-11
-9.3649661e-12
1.157884e-11
1.5670779e-11
3.3326649e-12
-2.4592851e-11
-6.8757629e-11
-1.2209738e-10
-1.5794583e-10
-1.3628947e-10
-3.5959046e-11
1.1097629e-10
2.2340954e-10
2.2615622e-10
1.1436976e-10
-3.5887312e-11
-1.2780562e-10
-1.2392384e-10
-6.9382729e-11
-3.9322565e-11
-6.5643797e-11
-1.1560369e-10
-1.351875e-10
-1.0380339e-10
-4.5310288e-11
3.2822684e-12
2.2718736e-11
1.5676531e-11
-2.959955e-12
-1.0820908e-11
1.3655951e-11
6.8991348e-11
1.1644964e-10
1.0880456e-10
4.6035809e-11
-1.2004383e-11
-8.891059e-12
3.8094707e-11
5.464085e-11
1.5085388e-12
-7.4700196e-11
-9.7501925e-11
-4.8478373e-11
2.3600653e-11
6.4631842e-11
5.6863398e-11
9.484449e-12
-5.0882355e-11
-7.8195296e-11
-4.0707924e-11
2.3975905e-11
3.0750856e-11
-4.6126974e-11
-1.2830892e-10
-1.3411502e-10
-8.4539618e-11
-5.6640934e-11
-6.8881264e-11
-7.6670029e-11
-5.0967271e-11
3.1951742e-12
7.2782378e-11
1.2004689e-10
9.3282354e-11
1.6569565e-11
-1.2663365e-11
2.441171e-11
3.1405875e-11
-3.3472218e-11
-9.2972715e-11
-9.5521789e-11
-7.2760404e-11
-5.1838862e-11
-4.1096859e-11
-4.7943272e-11
-3.3487149e-11
4.2313619e-11
1.293206e-10
1.4586219e-10
7.2145023e-11
-3.3249187e-11
-5.3086393e-11
4.6241915e-11
1.19962e-10
4.167406e-11
-1.1526468e-10
-1.5711445e-10
-8.4554067e-12
1.6364643e-10
1.9000018e-10
4.2513156e-11
-1.5681376e-10
-1.5118e-10
-1.4318338e-11
2.618785e-11
9.2450944e-12
-1.8193021e-10
-1.7084438e-10
-2.9358602e-11
2.0880588e-10
2.3285762e-10
5.0002706e-11
-1.4325158e-10
-9.2790912e-11
7.5658383e-11
1.0787211e-10
-4.3332679e-12
-1.320798e-11
-9.9704324e-14
1.5374126e-10
1.6865481e-10
8.6301645e-11
-1.2998996e-10
-1.2591352e-10
9.0526647e-11
-4.3095693e-12
-1.6932459e-10
-1.7496358e-10
-6.7239857e-11
2.1680285e-10
1.5906513e-10
3.3507701e-10
-3.2708241e-10
-4.2898724e-11
1.9641714e-10
9.7491094e-11
-3.0135658e-10
-1.8695688e-10
-2.430298e-11
6.8869475e-10
-3.1071665e-06
-1.6044574e-10
-4.9845698e-11
-4.8352501e-11
2.0274158e-10
-1.2298354e-10
2.0620847e-10
-1.2171257e-10
-1.5011493e-10
-3.2928072e-10
-1.9251609e-10
-3.5568664e-10
3.6427601e-10
1.0760582e-10
-3.304076e-10
1.2066257e-10
-3.160106e-10
1.3228061e-10
2.497423e-10
-1.3987055e-10
-1.0514677e-10
-1.9293206e-10
3.4243714e-11
3.4144255e-10
-5.946058e-12
-6.7055439e-11
-8.1658096e-11
-3.071327e-10
-1.6371702e-11
2.4284112e-10
3.2602109e-11
-6.0511581e-11
6.3576083e-11
2.0589692e-11
-3.1804005e-11
7.4127281e-11
9.5537034e-11
4.2253539e-11
4.3710855e-11
9.6466953e-11
1.264436e-10
1.3197316e-10
7.3726674e-11
-8.1191784e-11
-1.522022e-10
-5.908228e-11
2.4114957e-11
1.5227955e-11
-2.3247668e-11
-5.8209448e-11
-7.1880094e-11
-3.9028404e-11
3.6450245e-11
1.1588572e-10
1.6412918e-10
1.8306692e-10
1.7704934e-10
1.2195916e-10
2.3887926e-11
-4.4935729e-11
-1.9167339e-11
8.3450716e-11
1.7807441e-10
1.8415085e-10
9.0053172e-11
-2.9378106e-11
-7.4605115e-11
-2.0824819e-11
6.3098756e-11
1.1021449e-10
1.3456726e-10
1.8412494e-10
2.4334925e-10
2.3222898e-10
1.1170971e-10
-4.9823606e-11
-1.423123e-10
-1.2488554e-10
-4.8584603e-11
1.927483e-11
6.1556804e-11
9.0694192e-11
9.3266695e-11
4.326868e-11
-4.440387e-11
-1.1080935e-10
-1.001056e-10
-3.4335947e-11
6.7084798e-12
-2.1781329e-11
-8.0365802e-11
-8.970099e-11
-2.2238462e-11
6.6061313e-11
1.0167203e-10
7.0498943e-11
2.5892545e-11
2.930112e-11
8.7368929e-11
1.5216801e-10
1.7146852e-10
1.296499e-10
4.9978271e-11
-3.230427e-11
-9.5450442e-11
-1.3682606e-10
-1.6129962e-10
-1.7138656e-10
-1.6621826e-10
-1.4626499e-10
-1.1776289e-10
-9.1752687e-11
-7.7033945e-11
-7.4207065e-11
-7.9674581e-11
-9.2725956e-11
-1.159652e-10
-1.4265526e-10
-1.4660147e-10
-9.5909037e-11
1.2000011e-11
1.2827464e-10
1.7790546e-10
1.2265e-10
2.7875061e-12
-9.0031384e-11
-9.2994145e-11
-2.8548627e-11
2.0397299e-11
-6.0351567e-12
-8.826919e-11
-1.5241417e-10
-1.4619572e-10
-8.4350323e-11
-2.3181703e-11
-1.769427e-12
-1.435538e-11
-2.9108256e-11
-1.9333129e-11
2.3429633e-11
8.885525e-11
1.4615957e-10
1.5641803e-10
1.0842549e-10
4.397535e-11
2.3691316e-11
5.5174172e-11
7.4123199e-11
2.067538e-11
-7.6680177e-11
-1.2376158e-10
-7.1744835e-11
2.4883746e-11
7.3239157e-11
3.9501146e-11
-3.7380026e-11
-1.0095791e-10
-1.1558739e-10
-7.292617e-11
-4.7440571e-12
2.1501163e-11
-2.9709303e-11
-1.0019877e-10
-9.8051652e-11
-2.5604057e-11
1.690436e-11
-2.8167359e-11
-9.9698682e-11
-1.1021373e-10
-4.5538913e-11
5.3349433e-11
1.3314893e-10
1.3598197e-10
5.6112776e-11
-1.0199677e-11
2.1689709e-11
8.4975084e-11
6.1594968e-11
-3.3785992e-11
-1.0621587e-10
-1.288942e-10
-1.2126049e-10
-9.9216817e-11
-9.3141249e-11
-8.5519956e-11
-1.0617521e-11
8.2189504e-11
8.8744414e-11
5.685387e-11
5.5184053e-11
5.9141226e-11
8.9705886e-11
1.0543955e-10
1.0902929e-11
-7.7632844e-11
-7.0380594e-11
2.1550977e-12
1.3990229e-10
1.2081814e-10
-5.1666974e-11
-1.0197208e-10
-7.7620609e-11
7.2778311e-11
5.6750898e-11
-1.3328296e-10
-2.4119276e-10
-1.6032803e-10
1.2025562e-10
2.1594327e-10
1.3225167e-10
-8.7411539e-11
-8.0361043e-11
8.2335592e-11
1.6017048e-10
4.594255e-11
-1.6511271e-10
-1.5830042e-10
1.60981e-10
2.9457894e-10
1.1494726e-10
-2.7325584e-10
-1.3114265e-10
3.1494399e-10
1.1754281e-10
-3.541421e-10
-5.0466658e-11
1.8723084e-10
-8.36627e-11
8.6357656e-12
2.6707466e-10
-4.9292727e-11
2.7634683e-10
-1.9229468e-11
1.8004362e-11
3.3956798e-12
2.5762127e-11
2.684197e-10
1.7049681e-10
-3.9034405e-10
-5.9078891e-06
-8.0277447e-07
2.4079625e-22
-1.6485808e-22
1.0123616e-21
-2.6311087e-20
1.346426e-12
-1.0018997e-10
-1.7445616e-10
-8.9811168e-11
2.911464e-10
-3.7951589e-10
6.0777083e-10
-1.4896861e-10
2.6369333e-10
1.045828e-10
-2.5401093e-10
-2.9835084e-10
3.8701956e-10
1.5156072e-10
5.9755422e-11
8.1010995e-11
-2.6534787e-10
2.0010345e-10
3.1364371e-10
-1.985844e-10
-2.072162e-11
8.3078711e-11
-2.9459183e-10
-5.7269566e-11
6.0546921e-10
5.2708726e-10
7.1228867e-11
-1.1371634e-10
-2.1477717e-10
-2.6905241e-10
-1.9094521e-10
-7.0130663e-11
1.765156e-11
4.8107361e-11
2.3329011e-11
-1.9704903e-11
-4.3667199e-12
5.5801908e-12
-7.6960873e-11
-1.6726344e-10
-1.7269572e-10
-1.0123267e-10
5.3019557e-12
8.4772679e-11
8.1040622e-11
-2.4630027e-12
-9.2993195e-11
-1.1702535e-10
-7.6227019e-11
-2.9569075e-11
-3.0553397e-11
-1.0079357e-10
-2.1199055e-10
-2.8869898e-10
-2.7642281e-10
-1.9813779e-10
-1.2046869e-10
-9.4996234e-11
-1.3834986e-10
-2.2129096e-10
-2.6845634e-10
-2.1631366e-10
-8.8455816e-11
2.5680508e-11
7.7519148e-11
1.0055974e-10
1.2911364e-10
1.3026331e-10
5.6225568e-11
-6.3462147e-11
-1.3052654e-10
-8.6626681e-11
2.338641e-11
1.0742896e-10
1.2694843e-10
1.1700779e-10
1.1403078e-10
1.181413e-10
9.6528796e-11
5.6732862e-11
4.4550436e-11
8.322943e-11
1.3599203e-10
1.5115384e-10
1.3046879e-10
1.3160133e-10
1.9801517e-10
2.9634356e-10
3.4751411e-10
3.136011e-10
2.3790254e-10
2.016588e-10
2.4266895e-10
3.198866e-10
3.5717563e-10
3.1012354e-10
1.9440174e-10
6.313495e-11
-3.718936e-11
-9.2590909e-11
-1.151669e-10
-1.2163439e-10
-1.1937691e-10
-1.074211e-10
-8.5566216e-11
-6.0619784e-11
-4.3131703e-11
-3.7552168e-11
-3.8764176e-11
-3.9838525e-11
-4.2136238e-11
-5.2085688e-11
-6.6220472e-11
-6.3482422e-11
-2.3345825e-11
4.3787509e-11
9.0687906e-11
7.0856409e-11
-9.8382841e-12
-8.5638906e-11
-8.6741449e-11
-1.0330212e-11
6.9002071e-11
6.7913675e-11
-2.4202279e-11
-1.3458105e-10
-1.7946346e-10
-1.4258296e-10
-7.9509216e-11
-5.2035381e-11
-6.7993504e-11
-8.7060275e-11
-7.0424696e-11
-1.4244202e-11
5.8999312e-11
1.2244341e-10
1.5432174e-10
1.4559836e-10
1.1321627e-10
9.4329313e-11
1.0427449e-10
1.0441341e-10
4.111101e-11
-7.2667071e-11
-1.4522142e-10
-1.0423739e-10
7.686115e-12
7.1417864e-11
2.3511022e-11
-8.2593444e-11
-1.5152208e-10
-1.4437633e-10
-8.9371617e-11
-3.4276626e-11
-1.7080689e-11
-4.8460567e-11
-8.6176597e-11
-5.9997188e-11
3.2983574e-11
9.2188892e-11
3.3089593e-11
-8.7291681e-11
-1.3569879e-10
-6.8565596e-11
4.1638471e-11
1.1303841e-10
1.1103221e-10
4.5135345e-11
-1.1770951e-11
2.8280638e-11
1.2845304e-10
1.413906e-10
2.5835647e-11
-9.4560792e-11
-1.3167089e-10
-1.2185828e-10
-1.1024285e-10
-1.1542129e-10
-1.4763215e-10
-1.4078642e-10
-2.9660631e-11
8.3172312e-11
9.0650768e-11
7.612543e-11
1.0026054e-10
1.1031024e-10
1.0738988e-10
6.2212191e-11
-2.6716416e-11
-5.1406711e-12
6.3344327e-11
2.6160564e-11
-9.8468251e-12
-5.8636064e-11
-4.7529662e-11
9.7374888e-11
1.1637205e-10
1.5307078e-11
-2.1162e-10
-2.3388553e-10
6.8863393e-12
1.4213646e-10
1.8728388e-10
-5.9935833e-11
-1.2334863e-10
1.3183607e-11
2.0021371e-10
1.2994724e-10
-1.1717491e-10
-1.7008502e-10
2.3226851e-11
2.2795427e-10
1.5184262e-10
-1.7922994e-10
-1.1209301e-10
1.801448e-10
1.4207978e-10
-1.1249744e-10
-2.2039562e-10
-2.429994e-10
-4.4227779e-11
6.4157071e-11
-1.6154837e-11
2.3262221e-10
1.7979404e-10
-2.6281854e-10
1.836147e-10
1.6307356e-10
-1.0676628e-10
-4.3714788e-10
-3.0733903e-10
-8.8138709e-11
1.6049495e-10
3.7140523e-10
-7.4304294e-06
-6.075252e-19
1.2140707e-40
-1.1105925e-45
-1.9970329e-39
3.1101323e-37
-4.7061547e-22
-4.3826803e-12
-3.8521807e-10
6.1388447e-10
8.3056544e-12
4.6167358e-10
2.4939224e-11
-3.219142e-10
-2.2870535e-10
2.572866e-10
-5.7633247e-11
1.4275404e-11
-1.2838118e-11
5.8100061e-11
3.2279221e-10
9.2442726e-11
6.4549046e-12
1.405949e-10
6.5624604e-11
-1.5042375e-10
-9.2840978e-11
1.3546607e-10
-1.8685538e-10
-5.0757066e-10
-2.3285377e-10
3.0739875e-11
-9.9600459e-12
-2.3969483e-11
6.3799575e-11
1.3865606e-11
-1.3676097e-10
-1.3084678e-10
-3.7220834e-11
-6.0023343e-11
-1.8430973e-10
-2.1263382e-10
-4.1075914e-11
1.7505467e-10
2.3996617e-10
1.4319029e-10
3.3417579e-11
1.1694152e-11
4.4569523e-11
9.7823776e-11
1.5846144e-10
1.8403464e-10
1.6123905e-10
1.2395702e-10
9.2202901e-11
5.2532464e-11
-1.2491573e-11
-8.8969956e-11
-1.3003387e-10
-1.0662526e-10
-4.5552443e-11
8.7537054e-12
3.6731317e-11
2.5938327e-11
-4.0399723e-11
-1.3466799e-10
-1.7136121e-10
-9.8487384e-11
2.868769e-11
1.1050997e-10
1.1453113e-10
8.3072263e-11
4.5946669e-11
-1.4659509e-11
-1.0166274e-10
-1.5939415e-10
-1.3055245e-10
-3.8168732e-11
2.7340988e-11
2.0623684e-12
-8.8232267e-11
-1.6128364e-10
-1.7571549e-10
-1.6256644e-10
-1.5722696e-10
-1.5898641e-10
-1.384581e-10
-9.2460247e-11
-5.4001571e-11
-3.8519431e-11
-1.5722772e-11
5.5193697e-11
1.6221191e-10
2.3298506e-10
2.1079106e-10
1.2077067e-10
5.1810597e-11
7.4067984e-11
1.7115832e-10
2.5617533e-10
2.506483e-10
1.4433353e-10
-8.3710559e-12
-1.3804469e-10
-2.0833081e-10
-2.2614854e-10
-2.1822024e-10
-2.037378e-10
-1.8512649e-10
-1.5693407e-10
-1.1968678e-10
-8.423892e-11
-6.2335521e-11
-5.3992623e-11
-4.7666846e-11
-3.3846572e-11
-1.6373601e-11
-7.3852381e-12
-9.6667029e-12
-1.072816e-11
9.4349611e-13
1.4454818e-11
1.8129255e-12
-4.6831775e-11
-9.6470454e-11
-8.8703503e-11
-2.0943799e-12
1.1103677e-10
1.5993675e-10
9.8237403e-11
-2.8921251e-11
-1.269456e-10
-1.4108447e-10
-1.0045746e-10
-7.3262892e-11
-8.8753291e-11
-1.1364608e-10
-1.0055723e-10
-4.2844194e-11
2.6543878e-11
7.8279025e-11
1.1110721e-10
1.3704484e-10
1.6122811e-10
1.8159845e-10
1.9070535e-10
1.6645438e-10
8.2366267e-11
-4.7258275e-11
-1.4412702e-10
-1.2956665e-10
-2.4027476e-11
5.2469637e-11
8.4502671e-12
-1.1326315e-10
-1.9037372e-10
-1.6494356e-10
-9.168296e-11
-5.069014e-11
-6.0953375e-11
-8.6882741e-11
-8.3557929e-11
-2.2138782e-11
8.021973e-11
1.4042463e-10
8.063672e-11
-5.4409594e-11
-1.2077173e-10
-5.3680683e-11
5.2962064e-11
8.5434342e-11
4.3361786e-11
-5.9878728e-12
-1.0533983e-11
5.579516e-11
1.5798638e-10
1.8006316e-10
6.5771777e-11
-6.5624655e-11
-8.4349941e-11
-4.2162368e-11
-6.2022168e-11
-1.5285918e-10
-2.3576584e-10
-2.3595995e-10
-1.2701859e-10
1.7864133e-11
8.368323e-11
6.8108974e-11
6.1535537e-11
9.880963e-11
1.4085946e-10
1.3396989e-10
5.6023446e-11
-2.7452391e-11
-2.342119e-11
2.3463693e-11
4.2391606e-12
-2.6810896e-11
7.0564032e-12
3.870133e-11
2.8221688e-11
-2.7643884e-11
-1.2915274e-10
-3.9431089e-11
8.3886011e-12
8.8972363e-11
-3.7407884e-11
-9.1648804e-11
-2.0566464e-11
1.8576188e-10
1.6894339e-10
-3.8733247e-11
-1.7063365e-10
-5.7033289e-11
1.6403666e-10
1.0255003e-10
-8.94809e-11
-7.082232e-11
3.8349589e-11
1.1594156e-10
2.1938893e-10
5.6855457e-11
-3.7910911e-10
-4.3723377e-11
2.7406606e-10
-1.9554349e-10
-2.5462558e-10
7.3999576e-12
1.9491518e-10
-3.8823373e-11
-1.6921285e-10
1.6154674e-10
1.3548055e-10
-9.4294557e-11
5.5055797e-11
9.2471555e-11
1.6854539e-10
4.9458369e-11
-2.0558892e-10
-7.4303355e-06
-2.3083174e-19
3.5318854e-36
-5.5020815e-46
1.0017277e-38
-2.9143586e-36
-4.7731544e-22
-2.5643294e-11
3.7957791e-10
1.0166719e-10
1.7868889e-10
-2.5541263e-11
-1.2662578e-11
-1.0213731e-10
-1.5196255e-11
6.168969e-11
1.7561129e-10
1.3456986e-10
-3.8393377e-10
-1.899091e-10
-1.9229539e-10
-8.0679365e-11
1.351417e-10
-2.5357479e-10
-2.3851221e-10
-1.5141221e-10
-2.0454341e-10
2.6831559e-10
4.9843662e-10
-4.9194068e-11
-3.3876849e-10
-1.9274826e-10
-3.4920836e-10
-5.207368e-10
-2.8042834e-10
-6.3186886e-11
-6.1451377e-11
-2.626964e-11
7.3528859e-11
2.400789e-11
-1.0129724e-10
-7.8990913e-11
5.9203181e-11
1.7185397e-10
2.0405144e-10
2.0002627e-10
2.2261091e-10
2.0815537e-10
9.4942004e-11
-1.456491e-11
-2.2630216e-11
2.6921801e-11
5.7773896e-11
5.352466e-11
2.6270405e-11
-2.6656363e-11
-1.0203958e-10
-1.6545001e-10
-1.8851552e-10
-1.9141196e-10
-1.9899756e-10
-1.879051e-10
-1.3910345e-10
-1.0697249e-10
-1.5664379e-10
-2.4787199e-10
-2.6506452e-10
-1.7041611e-10
-5.5003741e-11
-1.508704e-11
-4.4787283e-11
-7.9884589e-11
-9.3080637e-11
-9.9038485e-11
-9.3480678e-11
-4.232818e-11
5.5727214e-11
1.3453566e-10
1.1675311e-10
1.1836071e-12
-1.2468711e-10
-1.8155852e-10
-1.5978723e-10
-1.0940296e-10
-7.1611814e-11
-4.045998e-11
2.251605e-12
4.7379146e-11
7.757191e-11
1.0491994e-10
1.6181281e-10
2.5260589e-10
3.2379678e-10
3.092741e-10
2.0889278e-10
1.0294206e-10
8.4588516e-11
1.729763e-10
2.9232852e-10
3.3926831e-10
2.6718137e-10
1.1304134e-10
-4.275101e-11
-1.3938925e-10
-1.6827052e-10
-1.5914286e-10
-1.4341803e-10
-1.3098554e-10
-1.1314346e-10
-8.081718e-11
-3.9962894e-11
-9.0138795e-12
-7.4593246e-13
-8.3584004e-12
-1.134078e-11
3.656821e-12
2.8634219e-11
4.2788775e-11
3.3563265e-11
6.442755e-12
-2.7217596e-11
-6.566419e-11
-1.1146431e-10
-1.4998741e-10
-1.4437922e-10
-6.7211935e-11
5.7641296e-11
1.551037e-10
1.5592235e-10
6.1001822e-11
-5.6974254e-11
-1.2194162e-10
-1.2267225e-10
-1.0815892e-10
-1.1936963e-10
-1.408172e-10
-1.2764524e-10
-6.9099481e-11
-4.7313951e-12
2.6455218e-11
3.5663584e-11
6.7412473e-11
1.4136658e-10
2.2648793e-10
2.7092238e-10
2.4234085e-10
1.4097972e-10
4.0824049e-13
-1.1294156e-10
-1.3273876e-10
-6.0733359e-11
9.7462296e-12
-1.8809691e-11
-1.3133549e-10
-2.1022581e-10
-1.7824736e-10
-9.137158e-11
-5.6939931e-11
-9.5118108e-11
-1.2891636e-10
-9.1287933e-11
8.0410664e-12
1.1012784e-10
1.5096468e-10
9.55069e-11
-1.3762199e-11
-6.3137849e-11
3.8433081e-12
9.0346751e-11
6.7307886e-11
-3.9268356e-11
-9.0022966e-11
-2.7898161e-11
8.0585991e-11
1.5553693e-10
1.5124897e-10
6.7054676e-11
-1.0735059e-11
1.043092e-11
6.7367919e-11
1.5664488e-11
-1.4444014e-10
-2.7755126e-10
-2.8017994e-10
-1.4989803e-10
-8.430698e-12
1.329862e-12
-5.2744586e-11
2.9543118e-14
1.2942134e-10
2.1117345e-10
1.8918625e-10
5.8914958e-11
-2.9027738e-11
1.246215e-11
3.7777984e-11
2.5855511e-11
-3.708485e-11
-1.2493189e-10
-4.3745803e-11
1.149979e-11
1.6059012e-11
1.3569379e-11
-8.6739169e-11
-3.7287952e-11
3.906516e-11
6.9071917e-11
5.4716652e-11
5.2273944e-11
1.4061558e-11
-1.61935e-11
-2.7028039e-11
-8.1930114e-12
3.305301e-11
5.3792322e-13
1.6670722e-11
-2.5274044e-11
-9.5734572e-11
-4.9938523e-11
2.3110799e-10
1.7018361e-10
-2.6906834e-10
-5.3107485e-11
2.2529769e-10
1.3841005e-10
-2.0642886e-10
-1.2985388e-10
7.3730231e-11
9.3698055e-11
1.2692342e-10
-8.5175124e-11
-2.4292837e-10
-8.502786e-11
-1.2210116e-11
-2.8454755e-10
-1.174613e-10
-4.7014672e-11
3.4072562e-10
-1.8377058e-10
1.0378925e-10
-5.9077868e-06
-8.0286439e-07
-3.1856618e-23
-2.5261042e-22
-1.9835877e-21
-1.7942753e-20
3.0042156e-12
-3.4476197e-11
-9.0154332e-11
1.6960897e-10
-2.975267e-10
-2.1625474e-10
1.6044675e-10
-2.4898361e-10
-2.8628891e-10
-4.1082218e-10
-6.125201e-11
3.5692712e-11
-8.2959106e-11
-2.9315117e-11
-2.6275708e-10
6.1550089e-11
3.9830446e-10
1.1056977e-10
2.1939969e-10
3.1025398e-10
-3.0504408e-10
-3.6433899e-10
9.5221055e-11
8.7795143e-11
4.4211186e-12
2.4311049e-11
-1.9534559e-10
-3.8241784e-10
-2.6315931e-10
-8.3914138e-11
-9.158026e-11
-7.7618972e-11
-2.3104248e-11
-5.215954e-11
-4.5840979e-11
5.0469677e-11
6.8065927e-11
-5.123837e-11
-1.6930601e-10
-1.4901021e-10
-4.8633732e-11
-2.9381064e-11
-9.7736516e-11
-1.3676024e-10
-1.1880201e-10
-1.0499692e-10
-1.1111919e-10
-9.3638335e-11
-3.860404e-11
1.2185902e-11
2.7451086e-11
1.8451013e-11
-8.6808871e-12
-5.7885151e-11
-8.4883287e-11
-2.6717335e-11
8.0174814e-11
1.1098669e-10
2.3203945e-11
-6.7585744e-11
-3.7538097e-11
8.3074045e-11
1.6053835e-10
1.2929119e-10
4.8714573e-11
2.7461347e-12
8.3927636e-12
3.8738554e-11
8.5146588e-11
1.552783e-10
2.1893593e-10
2.0898238e-10
9.6785506e-11
-6.4055107e-11
-1.7932575e-10
-1.967532e-10
-1.4588647e-10
-8.1771374e-11
-2.95111e-11
1.9670587e-11
7.136798e-11
1.1080477e-10
1.3477111e-10
1.6702024e-10
2.2637812e-10
2.8693165e-10
2.8759611e-10
2.0136242e-10
8.0518668e-11
2.1009117e-11
7.667909e-11
2.0421437e-10
2.9749009e-10
2.7743221e-10
1.4983451e-10
-1.0793929e-11
-1.2528702e-10
-1.635326e-10
-1.498329e-10
-1.26608e-10
-1.1664303e-10
-1.1224759e-10
-9.3150795e-11
-5.2225463e-11
-6.7020544e-12
1.6177856e-11
5.8855716e-12
-1.8867534e-11
-2.603358e-11
-5.5251625e-13
4.0799497e-11
6.4079847e-11
4.8507604e-11
3.0212622e-13
-5.9303792e-11
-1.1326778e-10
-1.5069751e-10
-1.5607435e-10
-1.0961683e-10
-1.1206907e-11
9.9125623e-11
1.5790424e-10
1.2908325e-10
3.8110769e-11
-5.1858749e-11
-9.9921254e-11
-1.1734815e-10
-1.35009e-10
-1.5214521e-10
-1.3638235e-10
-7.6115334e-11
-1.230123e-11
3.1916742e-12
-2.2820969e-11
-2.0845666e-11
6.3671768e-11
2.0133509e-10
3.0192944e-10
2.9903028e-10
1.9964231e-10
6.1637768e-11
-5.1717178e-11
-9.8870263e-11
-7.8983351e-11
-4.4062834e-11
-6.3390321e-11
-1.4419354e-10
-2.071731e-10
-1.7883243e-10
-9.5056156e-11
-6.2116325e-11
-1.1099843e-10
-1.5048392e-10
-9.0941063e-11
3.7560864e-11
1.3015171e-10
1.293397e-10
6.2181511e-11
-3.4660831e-12
-1.7892548e-12
7.8677633e-11
1.4724225e-10
8.9196734e-11
-6.3263868e-11
-1.3606593e-10
-4.6696166e-11
8.439679e-11
1.185267e-10
6.7241637e-11
2.0111832e-11
3.3307544e-11
1.0615785e-10
1.5255017e-10
5.5927822e-11
-1.4145095e-10
-2.5081214e-10
-2.0892713e-10
-1.2484704e-10
-8.0112266e-11
-1.0166694e-10
-1.5707092e-10
-8.6204066e-11
1.3510129e-10
2.5618941e-10
1.7815888e-10
4.1987203e-11
-4.0480481e-11
4.2021921e-11
1.6031604e-10
3.5955995e-11
-1.2951624e-10
-1.4134908e-10
-6.107968e-11
8.0269469e-11
1.2597858e-11
-5.0859886e-11
-5.0114728e-11
5.0107741e-11
1.5684643e-10
9.1901217e-11
-1.7193668e-11
-4.1927317e-11
1.8905881e-11
9.0730256e-11
2.1830856e-11
-7.4580633e-11
-1.0270346e-10
5.5412061e-11
4.3441174e-11
-1.1887978e-10
-1.7302182e-10
1.7033251e-10
1.9366992e-10
-1.3934803e-10
-9.7838905e-11
-9.7175498e-11
1.2312619e-10
5.4806318e-11
-3.0277371e-10
-6.3740033e-11
3.9536647e-10
-8.9319481e-11
-3.0452985e-10
7.8213235e-11
1.531406e-11
6.3612929e-11
-1.5773766e-10
-1.7075179e-10
6.9860366e-11
1.2004831e-10
-5.9103999e-10
-7.1096173e-12
-2.1846626e-10
3.7640027e-11
-4.195418e-11
-3.1069079e-06
-1.9982189e-10
-2.8990219e-11
2.8726702e-10
-1.4368407e-10
1.4113755e-10
-2.3257895e-10
2.4918222e-11
-2.4720195e-11
-1.5607189e-10
6.7315409e-11
2.3085421e-10
1.0615988e-10
3.5356588e-10
3.9449758e-10
8.8399817e-11
1.1497285e-10
2.910743e-10
2.3872091e-10
-1.7539755e-10
-5.715213e-10
-4.0698533e-10
-3.7107209e-10
-2.3556085e-10
2.2945456e-10
1.7779699e-10
-1.3628922e-10
-3.9523838e-11
1.5302356e-10
7.5589056e-12
-1.8934814e-10
-1.4356786e-10
-8.0047054e-12
8.8982535e-11
8.4882643e-11
7.4921988e-11
1.2647199e-10
9.6853903e-11
-1.9019042e-11
-1.2471544e-11
1.1212672e-10
1.6106013e-10
7.795986e-11
5.7388593e-12
4.679866e-12
-2.9476e-11
-9.9663801e-11
-7.8005582e-11
4.2792571e-11
1.236988e-10
9.4531734e-11
3.5690424e-11
3.6863887e-11
8.1985718e-11
1.0222857e-10
7.1103096e-11
1.3609695e-12
-9.0118519e-11
-1.5604344e-10
-1.1998216e-10
1.5987788e-11
1.1337647e-10
4.7546004e-11
-1.1342392e-10
-1.8098574e-10
-8.4251947e-11
5.499063e-11
9.1744503e-11
2.2141702e-11
-5.2282884e-11
-6.3925814e-11
-2.8612476e-11
1.945815e-11
7.6594589e-11
1.3814289e-10
1.6287882e-10
1.0738009e-10
-1.9426978e-11
-1.4527602e-10
-1.962913e-10
-1.6867593e-10
-1.0857961e-10
-5.5856205e-11
-1.1803336e-11
3.6027272e-11
7.8052415e-11
9.5405075e-11
9.5034328e-11
1.0397591e-10
1.3119337e-10
1.4157097e-10
9.3315443e-11
-1.186618e-12
-7.1518696e-11
-4.860218e-11
6.5385939e-11
1.8848156e-10
2.276099e-10
1.548499e-10
2.2520199e-11
-8.6222748e-11
-1.2120124e-10
-9.2860181e-11
-4.8924691e-11
-2.842447e-11
-3.411424e-11
-3.9271063e-11
-1.8410055e-11
2.5725902e-11
6.1527031e-11
5.7188223e-11
1.2419832e-11
-3.6597142e-11
-4.7807191e-11
-1.1301263e-11
4.085736e-11
6.3424607e-11
3.715341e-11
-2.0263597e-11
-7.675253e-11
-1.1335197e-10
-1.2809815e-10
-1.1905155e-10
-7.7647117e-11
-4.7175079e-12
7.1776412e-11
1.0908856e-10
8.4746874e-11
1.7534298e-11
-5.3436583e-11
-1.0554108e-10
-1.4017823e-10
-1.5692101e-10
-1.3793128e-10
-7.5552724e-11
-6.4201208e-12
1.0474202e-11
-3.5680542e-11
-7.5005809e-11
-2.1757645e-11
1.2539393e-10
2.6910739e-10
3.0867209e-10
2.3431435e-10
1.1672284e-10
2.3534367e-11
-2.982868e-11
-6.0047352e-11
-8.4876268e-11
-1.1792124e-10
-1.6103813e-10
-1.8739428e-10
-1.6286591e-10
-1.0476179e-10
-8.2912881e-11
-1.2523027e-10
-1.5481083e-10
-8.0296442e-11
6.6978593e-11
1.5518202e-10
1.1693169e-10
2.4128956e-11
-1.4998482e-11
3.0337303e-11
1.1380246e-10
1.5810877e-10
9.9885738e-11
-3.2507381e-11
-1.0356026e-10
-3.1426667e-11
7.4828677e-11
6.5594152e-11
-1.9426422e-11
-2.6080789e-11
7.5417368e-11
1.7592432e-10
1.7783875e-10
5.9285996e-11
-1.064722e-10
-1.7126178e-10
-9.3657853e-11
-3.6217549e-11
-1.186618e-10
-2.2808359e-10
-2.1389215e-10
-7.1616318e-11
9.9792146e-11
1.5892223e-10
7.5408342e-11
2.9095144e-11
1.0851048e-10
1.6076827e-10
1.0610122e-10
-1.5426303e-11
-1.4366843e-10
-1.1934535e-10
3.1083322e-11
7.165154e-11
-4.7224666e-11
-1.7030931e-10
-9.0450208e-11
1.7266495e-10
1.7887464e-10
8.160389e-11
-5.4793883e-11
3.0183857e-11
1.734527e-10
8.4663779e-11
-9.854073e-11
-1.7983989e-10
3.9053785e-11
6.6137055e-11
-1.1096987e-10
-2.306668e-10
6.8465905e-11
1.0303359e-10
-1.9511346e-11
5.7354572e-11
-8.281318e-11
8.5421921e-11
5.694255e-11
-6.2637726e-11
-6.0506782e-11
6.6352695e-11
2.3218411e-11
-1.2944849e-10
2.9715777e-11
1.1969469e-10
-1.4223701e-10
-1.70548e-10
3.5839451e-10
9.2425956e-11
-2.3720438e-11
-1.362962e-10
1.6313222e-10
-1.4581788e-10
-3.8578049e-10
-1.39315e-10
4.0942463e-10
-1.9333691e-11
-2.9555906e-10
1.8783095e-10
-1.837518e-10
2.8403379e-11
8.0147022e-12
-2.3255909e-11
6.9913857e-10
2.6097665e-10
5.9361606e-10
3.4732602e-10
6.4528353e-11
-2.4139845e-10
-1.4484269e-10
-1.2437557e-11
2.1087531e-10
-1.3633485e-10
-1.6948719e-10
-2.807857e-11
3.3858326e-10
5.3010017e-10
3.144875e-10
2.6114265e-10
-6.1956861e-11
-4.2634368e-10
4.4830776e-12
4.4267115e-10
1.6768307e-10
7.1427989e-11
2.7852584e-10
8.7278716e-11
-1.7546848e-10
-5.4324016e-11
1.4565695e-10
9.0863989e-11
1.4635952e-11
1.4049728e-10
2.8170979e-10
2.0290197e-10
1.5231627e-11
-7.2796977e-11
-4.9577322e-11
-1.9127053e-11
2.2162601e-11
1.1728613e-10
1.4790772e-10
2.9434148e-11
-8.0148744e-11
-3.6320429e-11
6.8150831e-11
8.2260258e-11
2.0784449e-11
7.1561416e-13
4.5347051e-11
6.9569988e-11
2.4449069e-11
-6.2251934e-11
-1.6248354e-10
-2.5307064e-10
-2.6399518e-10
-1.4413953e-10
1.6535439e-11
4.7390614e-11
-8.5979352e-11
-2.1971178e-10
-1.937268e-10
-4.5668579e-11
5.7000228e-11
2.7953866e-11
-6.5030419e-11
-1.1973328e-10
-1.1380667e-10
-8.2611133e-11
-4.7578826e-11
-3.7121923e-12
3.9458835e-11
4.2175542e-11
-2.0956619e-11
-1.1206312e-10
-1.6167817e-10
-1.4306208e-10
-8.6754886e-11
-3.6928479e-11
-1.0748178e-12
4.0047545e-11
8.9616067e-11
1.1887287e-10
1.077189e-10
7.3292944e-11
5.0551799e-11
4.7934022e-11
3.5261641e-11
-8.8357237e-12
-5.8572653e-11
-5.9469309e-11
1.4576359e-11
1.2334089e-10
1.8802798e-10
1.6048325e-10
6.3378705e-11
-3.1986556e-11
-6.432468e-11
-2.5944304e-11
4.0103977e-11
8.179929e-11
7.8654468e-11
5.1849843e-11
4.0788225e-11
6.5603822e-11
1.06984e-10
1.2115618e-10
8.0455611e-11
2.9231387e-12
-5.8513088e-11
-6.1061172e-11
-1.0021089e-11
4.6771029e-11
6.3971024e-11
3.6900686e-11
-3.2745866e-12
-2.7735662e-11
-3.7845842e-11
-5.1805129e-11
-7.2130434e-11
-7.5599048e-11
-4.1276461e-11
1.7817416e-11
5.927033e-11
4.9578456e-11
-7.3946167e-12
-7.965175e-11
-1.3628152e-10
-1.6055198e-10
-1.4323489e-10
-8.5445236e-11
-1.5787611e-11
1.3427826e-11
-2.4290652e-11
-8.334118e-11
-7.4958704e-11
3.7053487e-11
1.8378991e-10
2.5650949e-10
2.2067606e-10
1.395761e-10
8.3626523e-11
5.0357198e-11
-5.9751174e-12
-9.2354153e-11
-1.6396966e-10
-1.8448228e-10
-1.6322296e-10
-1.3023639e-10
-1.086721e-10
-1.1492661e-10
-1.4533515e-10
-1.4921742e-10
-6.6312691e-11
7.7147577e-11
1.6172956e-10
1.1544593e-10
1.6663438e-11
-6.4832023e-12
5.9392982e-11
1.2253172e-10
1.2186275e-10
7.2680656e-11
1.4565805e-11
-1.1460158e-11
1.7287326e-11
4.7915992e-11
-6.7996497e-13
-8.2805832e-11
-5.4497869e-11
9.1750189e-11
1.8807693e-10
1.3466202e-10
1.2614209e-11
-5.921083e-11
-4.0078202e-11
1.468257e-11
-1.106122e-11
-1.395984e-10
-2.2873579e-10
-1.7772978e-10
-5.4212295e-11
3.3008142e-11
2.5722344e-11
-1.9236387e-11
4.3296676e-11
1.8069201e-10
2.0031463e-10
5.3114807e-11
-1.2598523e-10
-1.1751967e-10
2.8931611e-11
2.0208161e-12
-1.233155e-10
-2.0156657e-10
-1.7281341e-10
1.1801925e-10
1.7256543e-10
8.9882399e-11
-1.3846765e-11
1.2218443e-10
2.0897311e-10
1.4219893e-10
-4.3325961e-11
-1.2006207e-10
6.588425e-11
3.6301431e-11
-1.4051332e-10
-2.5142749e-10
5.2623378e-12
-1.9338813e-11
-6.248477e-11
2.2607645e-11
-5.9447108e-11
9.021623e-11
-7.5781833e-11
1.605209e-11
2.1999448e-10
-2.8246407e-12
-1.3850757e-10
1.9343849e-10
-5.1136396e-11
-9.7677783e-11
3.0785696e-10
-9.319182e-11
-5.0623454e-13
-1.3435921e-10
-1.5920332e-11
-1.987287e-10
2.6886824e-10
3.7916408e-10
-1.7100305e-10
3.7563719e-10
-1.2999805e-10
-8.3060804e-10
3.5897985e-10
1.2148884e-10
-5.0840182e-11
1.3114324e-10
2.3750213e-10
1.9471589e-10
1.9444414e-10
2.2241828e-11
-2.12995e-10
-3.7995051e-10
-3.6691644e-10
-5.0577051e-11
-1.3149726e-10
4.183821e-11
7.5788232e-11
2.292612e-10
3.6237147e-10
-1.3766726e-11
1.1227291e-10
1.5661939e-10
2.1450759e-11
2.6996099e-10
2.3698333e-10
2.087629e-10
3.4371683e-10
1.1155151e-10
1.235509e-10
3.9346471e-10
2.4112464e-10
6.171614e-11
1.6923249e-10
1.559625e-10
-3.441169e-12
6.5600412e-11
1.009137e-10
-4.5231048e-11
-1.2957983e-10
-4.5463988e-11
1.5012003e-11
-3.1516687e-11
-7.8194361e-11
-7.761932e-11
-1.0032356e-10
-1.5057101e-10
-1.0990113e-10
2.0130244e-11
8.7729244e-11
7.0552659e-11
8.7675296e-11
1.4300745e-10
1.2416698e-10
2.5806784e-11
-2.9436038e-11
1.5303353e-11
7.3510075e-11
5.6681502e-11
-7.4511377e-12
-5.7233341e-11
-9.4714228e-11
-1.2003526e-10
-7.310063e-11
5.4260609e-11
1.3796797e-10
6.7782379e-11
-7.8631054e-11
-1.1830997e-10
2.4832477e-12
1.4890087e-10
1.7786651e-10
9.4143101e-11
1.5915212e-12
-3.4486526e-11
-3.0898219e-11
-2.2975275e-11
-1.1186945e-11
1.6472629e-11
3.5466309e-11
7.3502876e-12
-5.5904949e-11
-1.0444204e-10
-9.6337751e-11
-4.9975073e-11
-1.6938325e-11
-1.334356e-11
-9.6070566e-12
2.3383451e-11
6.4663374e-11
6.5407957e-11
1.0268406e-11
-6.4960811e-11
-1.1020227e-10
-1.1527304e-10
-1.0825424e-10
-1.0909869e-10
-1.0427887e-10
-6.7087488e-11
5.9292373e-13
5.6220698e-11
5.5453633e-11
-3.0024743e-12
-7.2700042e-11
-9.6406675e-11
-5.1767331e-11
3.2439288e-11
1.0197901e-10
1.1939298e-10
8.9995077e-11
5.367652e-11
5.0397258e-11
8.5229608e-11
1.2145657e-10
1.1161529e-10
4.2119849e-11
-4.8787566e-11
-1.00999e-10
-8.3900861e-11
-2.1859839e-11
3.2703296e-11
5.0032444e-11
4.5023973e-11
4.8916494e-11
6.4715901e-11
6.0642181e-11
1.0513724e-11
-6.5054335e-11
-1.0917208e-10
-8.4293077e-11
-1.3500593e-11
3.8913945e-11
2.7382468e-11
-3.7617964e-11
-1.0809863e-10
-1.4315251e-10
-1.3214133e-10
-8.7078179e-11
-3.2201424e-11
3.7148426e-13
-1.289868e-11
-5.5931805e-11
-7.0905703e-11
-1.225154e-11
9.3558191e-11
1.664662e-10
1.6271996e-10
1.2378987e-10
1.1157904e-10
1.1522153e-10
6.5147355e-11
-5.8307134e-11
-1.7648142e-10
-2.0169162e-10
-1.4418496e-10
-9.2251646e-11
-1.0227262e-10
-1.4839879e-10
-1.7212421e-10
-1.3773287e-10
-4.3202431e-11
7.414697e-11
1.3980853e-10
1.0815194e-10
3.6633125e-11
2.8152313e-11
8.5344799e-11
1.0640496e-10
5.1279848e-11
8.3661363e-12
4.6465202e-11
1.0697321e-10
1.0385179e-10
3.4947764e-11
-4.704261e-11
-8.1805502e-11
-2.0137808e-11
9.7489146e-11
1.3400875e-10
4.4549279e-11
-3.4821843e-11
-2.1682496e-12
6.5259463e-11
6.0732176e-11
-3.0235471e-11
-1.4424832e-10
-1.5428833e-10
-3.6007728e-11
1.2269966e-11
-9.3507085e-11
-1.4065458e-10
-2.5062874e-11
1.3021349e-10
2.020342e-10
9.4341577e-11
-6.0223164e-11
-3.4156715e-11
1.8301704e-11
-8.1856473e-12
-7.6367367e-11
-2.2919438e-10
-1.4745657e-10
4.8273605e-11
4.4465112e-11
-5.043656e-11
-1.4302822e-11
1.6795254e-10
2.6598844e-10
1.674792e-10
-3.1530287e-11
3.2895523e-11
2.0682063e-10
6.4113444e-11
-1.8921316e-10
-2.3722453e-10
3.2062272e-11
-8.6868027e-11
-1.7609523e-10
-7.621353e-11
1.0732891e-11
9.6905704e-11
-2.5401825e-10
-9.0000106e-11
2.0845887e-10
-1.2890692e-11
-1.8949155e-10
7.9144044e-11
2.5264806e-10
-4.9251254e-11
-3.627558e-11
1.2001202e-10
-9.8927593e-11
-3.8131371e-11
3.9763234e-10
2.1210389e-10
6.2025828e-11
-2.8597319e-10
1.1972633e-10
1.8089509e-10
-5.4369961e-10
1.261529e-10
6.6668482e-10
-1.6868032e-10
5.3519413e-11
-3.7096569e-11
-5.2407356e-12
-3.6474643e-11
-3.0478842e-10
-3.9519965e-10
-3.5906365e-10
-1.7796439e-10
2.5414433e-10
4.6871446e-10
1.5955211e-11
-1.7490769e-10
2.2660879e-10
4.3383748e-10
-1.3790526e-10
-4.0050178e-10
-4.0628877e-10
-2.6922396e-10
3.1627091e-10
3.0162108e-10
9.9857197e-11
3.5130633e-10
4.6383583e-11
-1.8855043e-10
1.6544592e-10
1.0511153e-10
-2.2807772e-10
-1.4920209e-10
6.7517912e-12
-6.8047303e-11
-3.8719569e-11
3.1338946e-11
5.0197907e-11
2.4738079e-11
-7.2770362e-12
-5.9658866e-11
-9.6379389e-11
-1.8012933e-10
-3.1068175e-10
-3.551412e-10
-2.4606671e-10
-8.8855188e-11
-2.3796716e-11
-1.6705723e-11
8.2598056e-12
9.101049e-12
-2.1302785e-11
2.4530031e-12
8.327183e-11
1.0313781e-10
1.1926287e-11
-7.6203174e-11
-5.533589e-11
1.3444991e-11
1.2606541e-11
-5.3391916e-11
-9.5393558e-11
-9.3785526e-11
-9.5885836e-11
-8.7010913e-11
-7.251065e-12
1.0300197e-10
1.1275768e-10
-5.9361582e-12
-1.1075973e-10
-6.8672013e-11
7.6775492e-11
1.7651532e-10
1.6045866e-10
8.9480211e-11
4.9982747e-11
5.669524e-11
7.3195558e-11
8.5978208e-11
1.0789239e-10
1.2889625e-10
1.1797451e-10
6.9305273e-11
2.1247543e-11
2.9251212e-11
8.5454991e-11
1.2811026e-10
1.1641957e-10
7.8513925e-11
7.3697665e-11
1.1634117e-10
1.5094617e-10
1.1906917e-10
2.3750972e-11
-7.1392589e-11
-1.0645957e-10
-7.9857158e-11
-3.1614299e-11
3.5933842e-12
2.2192661e-11
3.7522264e-11
4.8644842e-11
3.8240917e-11
-3.7104623e-13
-4.5565973e-11
-5.9791897e-11
-1.9684638e-11
6.1738195e-11
1.4104961e-10
1.7544591e-10
1.5313662e-10
1.0170572e-10
6.7039618e-11
7.751649e-11
1.1887572e-10
1.4377883e-10
1.118303e-10
2.8124421e-11
-5.7529498e-11
-9.2391598e-11
-6.5493432e-11
-1.1278616e-11
3.0465374e-11
5.4079377e-11
8.3217051e-11
1.2724069e-10
1.532116e-10
1.1335689e-10
3.7218376e-12
-1.1361636e-10
-1.5884917e-10
-1.0957352e-10
-2.3562587e-11
1.7317166e-11
-1.626543e-11
-8.347415e-11
-1.2460006e-10
-1.1792335e-10
-8.5497011e-11
-5.6484654e-11
-4.166325e-11
-3.8808542e-11
-4.2328161e-11
-3.9822212e-11
-1.5001873e-11
3.0221565e-11
6.6860923e-11
7.3265809e-11
7.1739965e-11
1.004084e-10
1.4231133e-10
1.2118133e-10
-4.8889498e-13
-1.4524441e-10
-1.9270644e-10
-1.2684126e-10
-5.9427317e-11
-8.7294923e-11
-1.7271906e-10
-2.034539e-10
-1.3466723e-10
-2.2932916e-11
5.9162728e-11
8.7685095e-11
8.0284033e-11
7.4572136e-11
1.0122641e-10
1.3226553e-10
9.1141112e-11
-2.275766e-11
-7.6496149e-11
2.5322046e-11
1.6844318e-10
1.6655687e-10
2.7070415e-11
-7.1445818e-11
-3.2257699e-11
7.0267682e-11
1.1712997e-10
5.7413663e-11
-4.6293417e-11
-5.2695343e-11
7.0413824e-11
1.4348352e-10
3.3742874e-11
-1.1441233e-10
-1.1544727e-10
-1.1265317e-11
5.6371257e-11
1.1286613e-11
-1.1801833e-10
-1.5164139e-10
1.0152399e-11
1.3846123e-10
5.9738292e-11
-4.9023854e-11
-2.2303256e-11
1.1717956e-10
1.8210381e-10
-4.3934112e-11
-2.8253129e-10
-1.8971295e-10
4.4752463e-12
5.8460501e-11
-1.5399836e-10
-1.9194896e-10
9.0575814e-11
2.8929827e-10
1.641331e-10
-2.4426729e-11
1.0262002e-10
3.1444773e-10
1.8888539e-10
-1.3521388e-10
-1.6486013e-10
8.4401831e-11
-9.4413824e-11
-2.9027558e-10
-1.8750973e-10
7.1846682e-11
1.187352e-10
-2.8678201e-10
-1.2322296e-10
1.6537108e-10
6.9583395e-11
-3.4958762e-11
-1.2346682e-10
4.1797065e-11
2.6431438e-10
-6.5523834e-11
-1.4709783e-10
3.1377149e-10
-9.9012781e-11
2.3024308e-11
1.2194296e-10
8.140698e-11
-2.1663116e-10
-3.9254207e-10
2.3106349e-10
-4.4146629e-12
-5.3152765e-11
-3.370182e-11
5.9527226e-11
2.4502868e-10
3.5853316e-11
-4.2511045e-10
-2.5532088e-10
-6.6349305e-10
-9.0115614e-11
1.4294449e-10
5.5280197e-10
8.0793647e-11
-4.0082132e-10
-1.4286615e-10
1.0944647e-10
-7.5821722e-11
-3.1658738e-10
6.5286918e-11
3.3685885e-10
4.6830125e-10
1.9264135e-10
1.3031508e-10
2.654059e-10
-1.056412e-10
-3.5821053e-10
-1.9911338e-10
-5.274216e-12
2.2789578e-11
-3.8474681e-11
1.8279949e-10
2.2040419e-10
-2.1099667e-10
-3.439409e-10
-1.0901402e-10
-2.137652e-11
-8.6119221e-11
-4.0455269e-11
2.1968825e-11
4.8352424e-12
-4.9405947e-11
-1.5682032e-11
4.1533427e-11
3.372407e-12
-6.2032228e-11
-5.2402647e-11
3.7610209e-11
1.272546e-10
1.950714e-10
2.8647277e-10
3.4281743e-10
2.8860385e-10
2.0847924e-10
1.9949917e-10
1.9932609e-10
1.2362171e-10
3.2901518e-11
4.091566e-11
1.2885529e-10
1.6737006e-10
1.1484824e-10
6.3660849e-11
6.4798016e-11
5.1978375e-11
-8.6515849e-12
-3.2751698e-11
3.5608575e-11
1.0123108e-10
4.6983029e-11
-8.4939921e-11
-1.4529442e-10
-7.866875e-11
2.0845417e-11
4.7134714e-11
4.3979124e-12
-2.9269942e-11
-1.4903907e-11
1.8434055e-11
4.0311252e-11
4.9768948e-11
4.6924869e-11
1.4290192e-11
-6.3569423e-11
-1.4767647e-10
-1.7078216e-10
-1.1884216e-10
-5.1966276e-11
-4.7947694e-11
-1.07039e-10
-1.5619731e-10
-1.3219532e-10
-6.0163507e-11
-2.4106976e-11
-7.378831e-11
-1.7332207e-10
-2.36597e-10
-2.1354231e-10
-1.2686441e-10
-3.82987e-11
5.7774513e-12
1.4448389e-12
-2.8434238e-11
-6.4153009e-11
-9.5855455e-11
-1.1370483e-10
-1.0394009e-10
-5.7575428e-11
1.6852077e-11
9.1579932e-11
1.3293997e-10
1.2353234e-10
7.5941777e-11
2.7105735e-11
1.4882362e-11
4.9248999e-11
1.0165118e-10
1.2537376e-10
9.4253703e-11
2.5953832e-11
-3.2773491e-11
-4.6836505e-11
-1.9711507e-11
2.0247113e-11
5.6269373e-11
9.886873e-11
1.595481e-10
2.1501456e-10
2.1114541e-10
1.1634673e-10
-3.0693359e-11
-1.389249e-10
-1.4330607e-10
-6.6045082e-11
6.4105208e-12
9.1173975e-12
-4.2991662e-11
-8.5402738e-11
-8.1595592e-11
-5.6601986e-11
-5.363119e-11
-7.5728643e-11
-8.6075171e-11
-5.9209046e-11
-1.2732573e-11
1.6446081e-11
1.2688307e-11
-9.0308943e-12
-2.1454074e-11
-2.4957091e-13
6.1435636e-11
1.3120163e-10
1.4131236e-10
5.2053367e-11
-8.0877843e-11
-1.4363732e-10
-9.6043013e-11
-3.293061e-11
-6.7525139e-11
-1.7578086e-10
-2.206701e-10
-1.3479752e-10
-7.7204726e-12
4.1269455e-11
1.5881305e-11
1.2354514e-11
7.9459934e-11
1.6557202e-10
1.8398327e-10
9.3622812e-11
-5.0129536e-11
-1.0817266e-10
3.4689035e-12
1.6668857e-10
1.7221254e-10
1.6687983e-11
-7.0457471e-11
3.4660125e-11
1.6861325e-10
1.3785552e-10
-1.4501911e-11
-1.0160785e-10
-2.813658e-11
1.1618898e-10
1.3760506e-10
-2.9528108e-11
-1.7533848e-10
-8.3267601e-11
1.1513591e-10
1.2751408e-10
-5.3609014e-11
-1.6565972e-10
-5.353707e-11
1.2022273e-10
8.2237072e-11
-1.2062158e-10
-1.4935944e-10
7.0880002e-11
2.1010576e-10
3.3507349e-11
-2.2574594e-10
-2.0079301e-10
2.1596641e-11
6.7178492e-11
-1.5499021e-10
-2.9784141e-10
-1.1158914e-11
2.0969504e-10
1.6449315e-10
-1.076579e-10
3.6041087e-12
3.5840396e-10
3.1874219e-10
-2.5357244e-11
-6.7951516e-11
1.8313721e-10
3.9434195e-11
-2.7020659e-10
-2.8201966e-10
-3.9874234e-11
4.6061819e-11
-2.3895368e-10
-1.5659863e-10
8.6759592e-12
-1.3750879e-11
9.8666296e-11
-6.5151413e-11
-2.225146e-11
1.4340992e-10
-7.6840908e-12
-5.327627e-11
1.1081748e-10
2.3329235e-10
5.6448618e-12
-8.8973082e-13
1.6364895e-10
-1.3065317e-10
1.3954951e-10
5.4934636e-10
-1.1575462e-11
2.3501194e-10
3.7708517e-10
-1.80387e-10
-4.1975218e-10
3.1294228e-10
-8.5277069e-10
-1.6452622e-12
2.5273387e-10
2.8925348e-10
3.9607575e-10
-2.9748568e-10
3.13289e-10
5.017505e-10
2.5307382e-10
6.6326539e-10
2.2361036e-10
3.1501804e-10
4.6701148e-10
3.1227255e-10
-5.7404013e-11
-2.665229e-10
-1.7910072e-10
-3.7834242e-10
5.9927388e-11
1.3229493e-10
-4.2329852e-10
-2.0488839e-10
-1.4976282e-10
-3.3396895e-10
-2.0995549e-10
-2.726917e-10
-2.3994778e-10
1.2269888e-10
1.3491813e-10
-9.9479988e-11
-1.6532337e-11
1.0956288e-10
4.2443237e-11
-1.6750283e-12
1.0187915e-10
1.1449417e-10
-2.6454402e-11
-1.0320835e-10
-6.0092927e-11
3.7770266e-11
1.5135656e-10
2.2831164e-10
2.0084102e-10
1.01835e-10
5.2685601e-11
7.3229044e-11
7.0831878e-11
2.6530781e-11
6.3130418e-12
2.013771e-12
-6.2330124e-11
-1.6666655e-10
-1.9424516e-10
-1.1166194e-10
-3.0039063e-11
-4.2516255e-11
-9.1155719e-11
-8.269955e-11
-5.3729722e-11
-9.0647624e-11
-1.5355563e-10
-1.3301405e-10
-4.3467309e-11
-1.7257572e-11
-1.0639254e-10
-2.0490914e-10
-1.9584902e-10
-9.6400919e-11
-1.2918287e-11
5.8407739e-12
9.4081453e-12
5.1559617e-11
1.2427267e-10
1.8847605e-10
2.2302773e-10
2.2783904e-10
1.9290164e-10
9.803851e-11
-2.4963108e-11
-9.9910478e-11
-7.5927506e-11
9.7914272e-12
5.3744612e-11
4.0102105e-12
-8.6521087e-11
-1.1821489e-10
-5.5983005e-11
3.2130422e-11
5.449902e-11
-1.0330814e-11
-9.2910553e-11
-1.0668154e-10
-3.0586042e-11
8.2504436e-11
1.5751242e-10
1.5526065e-10
9.1706378e-11
1.1140613e-11
-4.7488781e-11
-6.5246264e-11
-4.2333584e-11
8.7027072e-12
6.894153e-11
1.171738e-10
1.3488239e-10
1.139022e-10
6.1761256e-11
1.9349411e-12
-3.5040856e-11
-2.8051352e-11
1.8341173e-11
7.3181206e-11
9.9721426e-11
8.3055841e-11
4.0526323e-11
4.8498027e-12
-4.1969896e-12
9.8622602e-12
3.5455663e-11
7.2859997e-11
1.2892008e-10
1.9149019e-10
2.1767929e-10
1.6465835e-10
3.9754203e-11
-8.7226745e-11
-1.3636429e-10
-9.120216e-11
-1.4358958e-11
1.6324504e-11
-1.364143e-11
-5.104459e-11
-4.7547145e-11
-2.1313341e-11
-2.9412933e-11
-8.6132491e-11
-1.3317154e-10
-1.0668876e-10
-1.964792e-11
4.5391885e-11
2.6976172e-11
-4.9464204e-11
-1.0327917e-10
-8.0585262e-11
4.0957608e-12
9.0251657e-11
1.185543e-10
6.9836193e-11
-1.5446326e-11
-6.2663046e-11
-3.9018948e-11
-5.1195489e-12
-4.9985661e-11
-1.6235168e-10
-2.1770336e-10
-1.3593858e-10
-4.2194081e-12
2.9902572e-11
-3.6670024e-11
-5.7913675e-11
4.9274955e-11
1.8398524e-10
1.9643466e-10
7.2514095e-11
-6.5378141e-11
-9.2454453e-11
9.4048351e-12
1.2892084e-10
1.2375822e-10
5.2221915e-12
-3.5643973e-11
1.0396899e-10
2.4345723e-10
1.6898705e-10
-2.795145e-11
-8.5125446e-11
4.4563467e-11
1.5641839e-10
8.521016e-11
-1.0243758e-10
-1.7607733e-10
-2.1320085e-11
1.5170949e-10
9.1746319e-11
-7.346328e-11
-6.4232076e-11
8.4857817e-11
1.3326502e-10
-3.3700281e-11
-2.5069564e-10
-1.8069976e-10
1.1775152e-10
1.7304032e-10
-5.8197862e-11
-2.1232263e-10
-9.333169e-11
1.3719893e-10
-6.1140595e-12
-3.0875882e-10
-1.4980219e-10
1.0255215e-10
1.5766812e-10
-1.1291747e-10
-6.3378394e-11
2.0272429e-10
2.7220699e-10
8.2935662e-11
1.0658321e-12
2.0924015e-10
1.56385e-10
-7.2559033e-11
-1.8129025e-10
-1.2260835e-10
-2.6802716e-11
-1.5380869e-10
-1.5430741e-10
-1.6844817e-10
-1.6587423e-10
1.4718671e-10
-1.5128396e-10
-1.0728385e-10
9.2078551e-11
-5.6802839e-11
7.4259786e-11
6.2842899e-11
-2.6020157e-11
2.853374e-10
-1.1549496e-10
-9.5842885e-11
2.5752408e-10
-1.2501355e-10
1.2414657e-10
-6.1477717e-11
2.4952151e-10
-1.4461371e-10
-6.9023776e-11
-2.1408882e-11
1.919392e-10
-2.7781481e-11
4.9337022e-10
1.3580858e-10
-2.3086528e-10
-8.1254365e-11
-5.6903739e-10
3.376881e-11
3.0076256e-10
-2.4550822e-10
6.0061433e-10
1.6794931e-11
1.9748101e-10
-3.601972e-10
-8.1075452e-10
-6.5702702e-10
2.6270712e-11
2.2858035e-10
9.7588274e-12
-4.9204447e-11
1.2838491e-10
2.2810868e-10
-4.6615846e-11
-1.2051731e-10
1.6777169e-10
1.5126563e-10
-2.0903864e-11
2.5404124e-11
-1.5208856e-10
-3.5010899e-10
-7.3523944e-11
4.8114078e-11
-1.8635598e-10
-2.4225768e-10
-1.029661e-10
-1.4240027e-10
-1.5692483e-10
1.6404199e-11
1.50746e-10
1.1619186e-10
4.1969042e-11
4.1183644e-11
8.0163692e-11
1.3396599e-10
1.7941171e-10
1.6758593e-10
1.3158002e-10
1.1448344e-10
7.6028232e-11
1.3765112e-11
8.7548792e-12
6.906751e-11
9.2815866e-11
3.4429531e-11
-1.6244172e-11
3.4624952e-11
1.4168426e-10
1.8424703e-10
1.4056569e-10
9.4033068e-11
7.3308156e-11
1.7711694e-11
-7.4599803e-11
-1.0269395e-10
-2.781312e-11
3.7600013e-11
-2.095569e-11
-1.5876129e-10
-2.3436333e-10
-1.9209134e-10
-1.0943599e-10
-7.0818864e-11
-6.7201237e-11
-4.1346751e-11
2.5896596e-11
1.0110592e-10
1.4539237e-10
1.5229052e-10
1.1650024e-10
2.1769597e-11
-1.1918346e-10
-2.4077698e-10
-2.6267069e-10
-1.8003658e-10
-8.6456412e-11
-8.412194e-11
-1.7539201e-10
-2.6381408e-10
-2.5535777e-10
-1.5942148e-10
-6.7648118e-11
-5.6082602e-11
-1.1084591e-10
-1.4819267e-10
-1.0511847e-10
5.2370325e-12
1.1171691e-10
1.4572571e-10
9.3148903e-11
-4.973395e-12
-8.9335464e-11
-1.1836238e-10
-8.5427301e-11
-1.5448008e-11
5.4244057e-11
9.4111708e-11
9.2860698e-11
5.6797082e-11
2.2040417e-12
-5.3230558e-11
-9.3518728e-11
-1.0469056e-10
-7.8860702e-11
-2.2187377e-11
4.3310144e-11
9.0508534e-11
1.0436283e-10
9.1015358e-11
7.009607e-11
5.9063925e-11
6.4595864e-11
8.7159941e-11
1.250713e-10
1.6938595e-10
1.9528404e-10
1.7141066e-10
8.9705835e-11
-1.2764238e-11
-7.3798589e-11
-5.9793501e-11
-8.4349141e-13
3.7988172e-11
2.5352297e-11
-5.8701492e-12
-5.7139202e-12
2.160947e-11
1.6354498e-11
-5.6203948e-11
-1.4219513e-10
-1.4683754e-10
-4.961623e-11
5.5166645e-11
5.6013345e-11
-4.9547663e-11
-1.5167164e-10
-1.5079136e-10
-5.7628982e-11
3.7292321e-11
6.8169335e-11
4.5150859e-11
1.8629689e-11
2.1317171e-11
4.2965521e-11
4.0037191e-11
-2.5024694e-11
-1.2928138e-10
-1.8371464e-10
-1.263365e-10
-2.0678047e-11
2.5133784e-12
-7.3865373e-11
-1.0691246e-10
8.4420002e-12
1.6690379e-10
1.8150769e-10
4.2084367e-11
-7.7201359e-11
-5.7215995e-11
3.7545172e-11
8.029881e-11
3.4687312e-11
-2.5230293e-11
7.2416513e-12
1.4662501e-10
2.4946035e-10
1.7476192e-10
1.8000246e-11
3.803791e-12
1.2843291e-10
1.5600262e-10
7.4188177e-13
-1.5132542e-10
-1.2844303e-10
2.6827582e-11
1.2480697e-10
3.5487163e-11
-9.0538505e-11
6.407707e-13
1.7562129e-10
9.8924821e-11
-1.1877308e-10
-1.4433358e-10
-3.5351815e-12
8.4735595e-11
-1.1316448e-11
-1.8111108e-10
-9.9105301e-11
9.4902365e-11
1.1418108e-11
-1.5697481e-10
-1.720404e-10
6.0139243e-13
9.8000676e-11
-1.6707111e-11
-6.3198612e-11
7.5864849e-11
1.3679733e-10
1.8266114e-11
3.017871e-11
2.3461791e-10
1.5325075e-10
5.1948852e-11
-8.5600574e-12
-4.5251508e-11
-8.313557e-11
-1.0578015e-10
-4.503175e-11
-2.0459231e-10
-2.648441e-10
1.8639411e-10
-1.7249506e-10
-7.0174572e-11
4.5208932e-11
-1.085434e-10
8.4710647e-11
2.3578155e-11
-1.0194551e-11
5.3039816e-11
5.4708523e-11
-3.0663242e-11
-6.4980041e-13
3.022699e-10
-1.9815203e-10
8.6193069e-11
9.1866677e-12
-7.2853105e-11
1.9090486e-10
1.4584952e-10
7.4342961e-11
5.8989351e-11
-2.8819076e-10
7.3430808e-10
-5.5558496e-10
-6.6296251e-10
-9.0020411e-11
3.01619e-10
2.2625334e-10
4.9514203e-11
-8.4524035e-10
-3.6218088e-10
-3.175204e-10
-4.7856939e-10
-3.7785076e-10
5.3333046e-11
5.3355297e-11
2.3733276e-11
-1.0446566e-10
-2.482009e-11
-2.1273834e-10
-5.0316101e-11
2.409794e-10
1.1673013e-10
3.691021e-10
3.5258257e-10
9.9338152e-11
2.8741563e-11
-6.5841579e-11
2.5720996e-12
9.6857711e-11
2.6428287e-11
-6.724144e-11
-8.5508683e-11
-9.5996331e-11
-1.6869486e-11
2.7831688e-11
-2.6908566e-11
-9.4092535e-11
-8.9380112e-11
-1.9575633e-11
7.0772306e-11
1.7447964e-10
2.2688608e-10
1.3785211e-10
-2.7314328e-11
-1.3919587e-10
-1.4438478e-10
-6.8825559e-11
-2.5054886e-11
-8.4745892e-11
-1.5444992e-10
-1.3513856e-10
-8.2490172e-11
-9.8384447e-11
-1.6884224e-10
-1.8788746e-10
-1.1322531e-10
-2.4541209e-11
-5.1740146e-13
-1.9177355e-11
-3.9739412e-11
-8.7272412e-11
-1.7279534e-10
-2.1568663e-10
-1.449664e-10
-2.6529853e-11
4.3988433e-12
-7.7850308e-11
-1.5722397e-10
-1.3133576e-10
-3.0558791e-11
4.9005642e-11
7.2599525e-11
8.4296889e-11
1.3038354e-10
1.9777881e-10
2.4384475e-10
2.5106243e-10
2.2030299e-10
1.4552544e-10
2.0267411e-11
-1.1844196e-10
-1.8582413e-10
-1.3687362e-10
-2.1562021e-11
4.1525975e-11
-1.2041216e-11
-1.3224863e-10
-2.0323167e-10
-1.6426413e-10
-6.0359121e-11
1.6572899e-11
1.86006e-11
-1.5983881e-11
-1.4392671e-11
5.4468769e-11
1.5571326e-10
2.2044739e-10
2.0321946e-10
1.1608645e-10
1.3736128e-11
-4.5812656e-11
-3.4886331e-11
3.0696022e-11
1.0466748e-10
1.416935e-10
1.2286909e-10
6.1539272e-11
-1.1656445e-11
-7.1974776e-11
-1.1249245e-10
-1.3683801e-10
-1.4437309e-10
-1.2574712e-10
-7.4541191e-11
-1.7867573e-12
6.4922702e-11
9.9843352e-11
9.8662776e-11
8.0643141e-11
7.120758e-11
8.2604142e-11
1.0815464e-10
1.3118675e-10
1.3556986e-10
1.1210963e-10
6.2850157e-11
6.2085077e-12
-2.7755067e-11
-1.831983e-11
2.2761996e-11
5.6577359e-11
5.5096621e-11
3.3644519e-11
3.1855135e-11
5.6866422e-11
6.0564848e-11
-4.1155258e-12
-1.0710881e-10
-1.5018553e-10
-7.6524615e-11
4.5129544e-11
8.0051854e-11
-2.0592016e-11
-1.5738239e-10
-1.9503243e-10
-1.1413627e-10
-1.683943e-11
9.7646824e-12
-9.4380924e-12
4.0642795e-12
6.7363854e-11
1.172481e-10
9.355447e-11
5.2423162e-12
-8.5510314e-11
-1.1916418e-10
-8.354279e-11
-3.0247742e-11
-3.5255225e-11
-1.0403292e-10
-1.3428731e-10
-3.9253401e-11
1.02556e-10
1.2131289e-10
-1.6299012e-12
-8.9275467e-11
-2.5298815e-11
7.6884179e-11
6.1529719e-11
-3.2432228e-11
-5.0457113e-11
5.0041347e-11
1.6977833e-10
2.0583064e-10
1.4891622e-10
9.0694063e-11
1.3025716e-10
2.1240684e-10
1.6059666e-10
-3.3396032e-11
-1.4458466e-10
-6.617405e-11
3.2256948e-11
1.7681897e-11
-2.3126768e-11
1.4653593e-11
1.0857365e-10
1.4878929e-10
4.5617225e-11
-9.8620272e-11
-8.5022647e-11
1.221151e-11
-4.0066569e-11
-1.6731573e-10
-1.3722655e-10
-9.5492266e-12
2.0717239e-12
-1.0181653e-10
-9.7140747e-11
3.5428629e-11
8.2767448e-12
-4.3059093e-11
2.1825758e-11
1.2956183e-10
3.5423422e-11
-5.4415761e-11
4.1372853e-11
1.8161779e-10
4.9312204e-11
3.1153137e-11
1.0335691e-10
1.1373e-10
-9.3515297e-11
-5.5367024e-11
5.3036414e-11
-1.5697202e-10
-3.2109456e-10
8.5357492e-11
-2.4522014e-10
6.1343196e-12
1.9975562e-12
-1.0748196e-10
5.0962662e-11
-9.587732e-11
6.5525313e-11
2.562953e-11
-1.0047731e-10
1.8053417e-10
1.5526535e-10
3.2102306e-14
2.3610489e-10
-1.4988211e-10
4.5703355e-11
-4.2541491e-11
-7.5190716e-11
-4.9112195e-11
-4.5301849e-10
-2.252753e-10
1.3893532e-12
1.7922564e-10
-4.8683012e-10
5.5082784e-11
6.150303e-10
-1.5238404e-10
-1.4416145e-10
-2.8954754e-10
1.7834345e-10
1.6639855e-10
5.0143274e-10
4.0569483e-10
2.493949e-11
9.0809504e-11
2.3525e-12
-3.2355796e-10
2.8653576e-10
4.3303625e-10
-9.6677535e-11
-1.2579893e-10
-1.338493e-10
2.939314e-11
1.0587803e-10
1.6323216e-11
3.6371109e-10
4.2164459e-10
2.6329704e-11
-5.697171e-11
-2.1580989e-10
-2.748848e-10
8.9327908e-11
1.5354704e-10
-1.5161892e-10
-2.0198552e-10
2.5501545e-11
1.3253287e-10
1.2056938e-10
1.8268732e-10
2.0250865e-10
8.2586936e-11
-2.7999233e-11
1.0831929e-12
1.2518509e-10
1.9666838e-10
1.4589232e-10
4.5989173e-11
2.8438469e-12
5.057134e-11
1.1629994e-10
1.0351007e-10
4.3387277e-11
4.6845306e-11
1.1510508e-10
1.4758226e-10
9.9277803e-11
3.6506583e-11
4.1194835e-11
9.7312421e-11
1.2087467e-10
8.3910234e-11
2.6649898e-11
-3.8260724e-11
-1.2294334e-10
-1.83041e-10
-1.5103843e-10
-5.5117215e-11
-1.3981006e-11
-8.751623e-11
-1.9241239e-10
-2.0893574e-10
-1.2696391e-10
-3.6124114e-11
-7.4790568e-12
-2.4130591e-11
-2.6504495e-11
-6.3209522e-13
1.9145717e-11
8.1347654e-12
-2.5966272e-11
-7.5380326e-11
-1.4891647e-10
-2.4731156e-10
-3.1703788e-10
-2.969543e-10
-1.8240623e-10
-6.4861186e-11
-4.5005189e-11
-1.3810401e-10
-2.5648007e-10
-2.9525374e-10
-2.3211073e-10
-1.280646e-10
-6.1756456e-11
-5.5598398e-11
-6.7098644e-11
-4.5154895e-11
2.1373847e-11
9.6574133e-11
1.290589e-10
9.6524919e-11
2.2307531e-11
-4.2779158e-11
-5.4605608e-11
-4.4969466e-12
7.4017912e-11
1.2864792e-10
1.2445317e-10
6.6033267e-11
-9.4252229e-12
-6.3655113e-11
-8.5960021e-11
-9.4589876e-11
-1.1074098e-10
-1.3124013e-10
-1.2893706e-10
-8.1479205e-11
7.5086753e-13
7.8151209e-11
1.1498808e-10
1.1048015e-10
9.5915488e-11
1.0109552e-10
1.2517563e-10
1.4028288e-10
1.2206847e-10
7.3781151e-11
2.1879224e-11
-6.9255436e-12
-3.4028454e-12
2.3852282e-11
5.6499691e-11
7.6032985e-11
7.4024999e-11
6.1970733e-11
6.2956402e-11
8.325791e-11
9.154274e-11
4.6386381e-11
-4.4673979e-11
-1.071947e-10
-7.1392451e-11
3.4987627e-11
9.4023765e-11
2.4296542e-11
-1.1706309e-10
-1.9292477e-10
-1.4601161e-10
-5.8892846e-11
-3.5045979e-11
-6.1439675e-11
-3.9577997e-11
6.2506427e-11
1.5365551e-10
1.3716313e-10
3.5331256e-11
-4.5926692e-11
-4.9385492e-11
-1.6539125e-11
-1.5927101e-11
-6.5107902e-11
-1.232378e-10
-1.2929093e-10
-5.8061448e-11
3.177663e-11
3.6776151e-11
-5.4345834e-11
-1.123757e-10
-4.0689699e-11
6.1342011e-11
3.9454606e-11
-6.1544066e-11
-6.041376e-11
6.8033585e-11
1.6420006e-10
1.5050487e-10
1.2636305e-10
1.7602738e-10
2.5019143e-10
2.5365916e-10
1.4770211e-10
-3.0802138e-12
-6.5768217e-11
-1.3699427e-11
1.4548693e-11
-3.6089943e-11
-3.4250864e-11
5.6763687e-11
9.5318082e-11
3.3923317e-11
-2.0780646e-11
1.6000358e-13
2.9487419e-11
-4.5566054e-11
-1.4862943e-10
-1.1871039e-10
-7.0427588e-11
-1.2094723e-10
-1.3104169e-10
-5.5266832e-11
3.3973165e-11
4.6513744e-12
-1.1296457e-10
4.8481702e-12
1.6605776e-10
1.6048654e-10
-4.4919197e-11
-2.4214993e-11
1.6637396e-10
2.231393e-11
-7.4339959e-11
8.2029099e-11
1.8968189e-10
-9.9650048e-11
-6.5434284e-11
6.9838354e-11
3.3827609e-11
-2.0406258e-10
3.3617675e-11
-3.2626533e-10
-4.9574922e-12
-8.5509887e-11
-1.3981552e-10
8.3545007e-12
-1.3267686e-10
-4.7241071e-12
-5.3432393e-11
3.0166199e-11
5.7772466e-11
3.8505876e-11
1.3134606e-10
-1.9069173e-11
1.547176e-10
-1.3130336e-10
9.3098322e-11
1.0784452e-10
-5.1956437e-11
3.8860945e-11
5.7077944e-11
-2.6792393e-10
1.0829743e-10
4.6391928e-10
-1.9963415e-10
1.1335094e-10
-1.2799545e-10
4.5876574e-10
-1.8858167e-10
7.933421e-10
1.2579928e-10
5.0223677e-10
-2.1187404e-10
2.4625332e-10
-1.6990869e-10
-1.156597e-10
4.975764e-10
6.7552523e-11
-3.3922918e-10
1.4187963e-10
1.8629796e-10
-1.7747606e-10
6.0740662e-11
1.1777389e-10
-6.0271642e-11
-5.1451625e-12
-1.5029669e-10
-2.6347439e-11
1.5548088e-10
7.8656135e-11
5.2618579e-11
-5.1278551e-11
-1.691325e-10
4.572487e-11
1.7358627e-10
5.635952e-11
1.0867289e-10
2.123914e-10
2.5963127e-11
-1.4248267e-10
-2.1764361e-11
1.321272e-10
1.0051733e-10
5.0995683e-12
-2.3305399e-11
-5.9709618e-11
-1.3125619e-10
-1.5844396e-10
-1.3328113e-10
-6.9637027e-11
-8.6469325e-12
-3.7301296e-11
-1.3286795e-10
-1.7579366e-10
-1.2728076e-10
-6.4332731e-11
-6.5890519e-11
-1.1695879e-10
-1.3439038e-10
-7.8332349e-11
-2.4511429e-12
2.6534507e-11
5.1740146e-12
-3.8833958e-11
-8.9270369e-11
-1.1384693e-10
-6.1742e-11
5.7559055e-11
1.4495523e-10
1.1923265e-10
2.6654552e-11
-1.2951787e-11
5.156985e-11
1.5800474e-10
2.1373868e-10
1.9828574e-10
1.633758e-10
1.4604028e-10
1.3064468e-10
9.0694037e-11
3.16478e-11
-2.1834097e-11
-6.2152447e-11
-1.1082959e-10
-1.6051586e-10
-1.6679033e-10
-9.1659601e-11
2.9045271e-11
1.025231e-10
6.6387039e-11
-5.1759703e-11
-1.5360515e-10
-1.6606665e-10
-9.3288673e-11
-1.1536262e-13
5.0538639e-11
4.90897e-11
2.9126909e-11
2.9237457e-11
6.0709902e-11
1.0020328e-10
1.1310544e-10
8.4884185e-11
3.2746241e-11
-5.436663e-12
4.8163963e-13
4.6548817e-11
9.4872815e-11
1.024988e-10
5.5963382e-11
-1.6455225e-11
-6.8505806e-11
-7.5983311e-11
-5.8074752e-11
-5.7090098e-11
-9.4518954e-11
-1.4601203e-10
-1.6174146e-10
-1.1504263e-10
-3.0238763e-11
3.9113753e-11
6.1550334e-11
5.4952887e-11
6.1002412e-11
9.5712171e-11
1.289713e-10
1.1766765e-10
5.5171649e-11
-1.6509756e-11
-4.5280002e-11
-1.6540819e-11
3.8741163e-11
7.779392e-11
8.3317121e-11
6.951289e-11
6.1357461e-11
7.1952994e-11
9.3663395e-11
1.023229e-10
7.420647e-11
1.2632417e-11
-3.9045743e-11
-2.907754e-11
4.1390167e-11
9.8575164e-11
6.4864802e-11
-4.7996011e-11
-1.4017404e-10
-1.3759246e-10
-7.9602833e-11
-5.8924949e-11
-8.773689e-11
-7.9040733e-11
2.075303e-11
1.3450769e-10
1.4460765e-10
5.3007719e-11
-1.8894814e-11
3.2008619e-12
5.1446767e-11
2.3664195e-11
-7.1672902e-11
-1.3751424e-10
-1.212405e-10
-6.3198251e-11
-2.7554575e-11
-3.9534102e-11
-7.9114607e-11
-9.6565532e-11
-5.7299946e-11
-2.07978e-12
-8.7882628e-12
-6.0652502e-11
-4.7710224e-11
4.9184748e-11
1.0979264e-10
8.8165133e-11
1.0581161e-10
2.2299796e-10
3.0699949e-10
2.5381038e-10
1.4734912e-10
8.8224199e-11
5.4304292e-11
-4.3773352e-13
-6.2614593e-11
-7.4297896e-11
1.4112311e-11
1.1830519e-10
8.7605841e-11
1.1121512e-11
7.8098562e-11
1.4868015e-10
2.8846412e-11
-1.2261041e-10
-1.3433444e-10
-6.3369527e-11
-6.8264697e-11
-2.3976676e-10
-2.4997655e-10
4.641957e-11
5.2271373e-11
-1.8011253e-10
-8.7034019e-11
1.2304115e-10
2.3373362e-10
2.6570751e-11
5.8443539e-11
1.9196401e-10
4.2294615e-11
-9.0561798e-11
1.6857884e-11
1.3939478e-10
-9.9654052e-11
-6.867666e-11
2.7776873e-11
5.8630583e-11
-1.578292e-10
1.5761714e-10
-2.6318141e-10
-3.0234814e-11
-8.2636911e-11
-6.1837714e-11
-2.9932299e-12
-1.3265491e-10
-4.756449e-12
-8.251043e-11
4.6924748e-11
-1.0999229e-11
-8.6489825e-11
4.0146294e-11
4.7556407e-11
-1.1117174e-10
1.8506962e-10
5.1441778e-11
-8.9001799e-11
1.2755106e-10
-2.0930181e-10
1.7330924e-12
-1.8909348e-11
6.5736043e-12
-4.9284119e-11
1.0386137e-10
-6.8795319e-11
2.3486677e-10
-4.2139558e-10
-7.0176948e-10
3.7502673e-10
5.5406625e-11
-7.0869298e-10
-6.1807142e-10
-4.5571903e-10
1.7972815e-10
-1.9534697e-10
-8.7511572e-11
-3.2138448e-10
1.1035913e-10
2.0783905e-10
-8.1890878e-12
1.9823734e-10
3.1226479e-10
5.040011e-12
-7.4956204e-11
6.8779025e-12
-3.6579162e-11
4.2679101e-11
-1.4510131e-10
-3.071645e-10
-1.6723883e-10
-1.5180334e-10
-5.8056904e-11
8.0723926e-11
-1.4014506e-11
-1.5086346e-10
-9.422848e-11
8.7221227e-11
2.1581596e-10
1.7351746e-10
2.4515151e-11
-5.0005548e-11
-9.0377752e-12
2.5951964e-11
2.8695309e-11
1.070686e-10
1.8785768e-10
1.4186478e-10
5.3616193e-11
2.4012639e-11
4.6409795e-11
1.0015627e-10
1.2963699e-10
9.0109747e-11
4.1969076e-11
5.045781e-11
9.2707921e-11
1.0879576e-10
6.7096548e-11
-1.7178473e-12
-3.9039616e-11
-3.1328845e-11
-1.0895209e-11
-1.8546424e-12
-1.0631856e-11
-4.0052084e-11
-6.8922346e-11
-5.1309288e-11
2.3632033e-11
8.9332718e-11
6.7341754e-11
-2.9006122e-11
-1.0159495e-10
-7.7835419e-11
1.6258131e-11
9.2195176e-11
1.0020791e-10
6.6140378e-11
3.174214e-11
3.1989788e-12
-4.0022539e-11
-1.0240723e-10
-1.5059901e-10
-1.6319462e-10
-1.5632522e-10
-1.5836777e-10
-1.6172037e-10
-1.3028536e-10
-4.9152732e-11
3.4129012e-11
5.3333125e-11
-1.5817357e-11
-1.2123982e-10
-1.8379862e-10
-1.6178762e-10
-7.5037578e-11
1.3333587e-11
5.2385328e-11
3.4668195e-11
-9.7519073e-12
-3.7564358e-11
-2.6107109e-11
1.1356253e-11
4.2771801e-11
4.4798716e-11
2.2583418e-11
4.96446e-12
1.5184142e-11
4.6171933e-11
6.5278881e-11
4.5916755e-11
-3.7194994e-12
-4.3367429e-11
-3.6417006e-11
1.1620639e-11
5.2235534e-11
3.6399151e-11
-3.7214979e-11
-1.1598446e-10
-1.3942715e-10
-9.4876899e-11
-2.6318292e-11
1.2229978e-11
1.1626463e-11
1.0951237e-11
4.5800378e-11
1.0051834e-10
1.2000349e-10
7.1356938e-11
-1.2987172e-11
-6.1814514e-11
-3.5080904e-11
3.7106483e-11
8.836017e-11
8.3507394e-11
4.6896771e-11
2.7557721e-11
4.5567536e-11
7.7984624e-11
9.065819e-11
7.2469787e-11
4.0356855e-11
2.169018e-11
3.4081872e-11
7.2213434e-11
1.0389812e-10
9.0329176e-11
2.5210745e-11
-4.8075741e-11
-7.7679193e-11
-6.3688065e-11
-5.5301541e-11
-7.5425769e-11
-7.7829032e-11
-1.3148414e-11
8.027256e-11
1.0645357e-10
4.3320547e-11
-1.3991247e-11
1.7361531e-11
8.3547485e-11
6.7887435e-11
-3.5495087e-11
-1.1210766e-10
-9.7763086e-11
-6.210813e-11
-8.1319637e-11
-1.2027329e-10
-1.1037831e-10
-6.9469764e-11
-5.9423069e-11
-7.8233381e-11
-7.7747493e-11
-4.6332499e-11
-9.3818665e-12
1.5235791e-11
2.6683422e-11
5.320542e-11
1.4273424e-10
2.6674919e-10
2.9921904e-10
2.0745217e-10
1.4333344e-10
1.8517801e-10
1.7945817e-10
3.9167858e-11
-5.8528123e-11
9.5050022e-12
9.4013172e-11
5.364785e-11
-3.0063627e-11
-6.8491604e-12
1.292584e-10
1.7464894e-10
-6.6242698e-12
-1.5032627e-10
-4.4975312e-11
-2.0688439e-11
-2.262563e-10
-2.6231265e-10
-8.8436623e-11
-2.7491079e-11
-1.0243956e-10
-1.8778585e-10
-5.7099047e-11
1.7822954e-10
1.2266097e-10
8.1813154e-11
2.3943326e-10
1.6806674e-10
-3.8448202e-11
2.2732084e-11
1.772754e-10
-7.6933924e-11
-9.893108e-11
-2.3643522e-11
-2.1192449e-11
-1.9164556e-10
2.1280575e-10
-1.8673593e-10
-3.5556618e-11
-1.2831234e-10
-5.6359453e-11
1.3446517e-11
-1.2221074e-10
-1.1540127e-11
-7.2059551e-11
2.0598705e-11
-5.385854e-11
-7.1880133e-11
-4.4815053e-11
5.667982e-11
8.460471e-11
-1.4057049e-11
9.6464323e-11
4.3843808e-11
-1.8324804e-10
1.5938454e-10
-2.2018173e-10
2.3393109e-10
-4.8511681e-11
-9.7107693e-11
-2.9231322e-10
-4.449327e-13
3.1578659e-10
1.1206627e-10
1.0665729e-10
6.8479388e-11
-9.3780878e-11
-6.4712315e-10
7.3645958e-11
1.4921077e-10
-3.2013751e-11
-1.1930012e-12
1.3840676e-10
-1.7257387e-10
-2.7627005e-11
-1.2514416e-11
-2.2903763e-10
-1.2046149e-10
-5.2367357e-11
3.9419292e-12
4.2576371e-10
1.2878458e-10
-1.5660235e-10
2.5056748e-11
-3.1602435e-11
1.671123e-10
2.1751218e-10
-9.6053348e-11
-1.1032749e-10
-9.63623e-11
-1.3654187e-10
1.2454486e-10
2.0746682e-10
-7.7885671e-11
-1.6720629e-10
-5.9430445e-11
-1.0558712e-10
-1.3978773e-10
3.9877136e-11
2.4849043e-10
2.6016733e-10
1.1997386e-10
6.2036064e-11
1.1472912e-10
1.431862e-10
1.3238033e-10
1.0453743e-10
5.784474e-11
2.365902e-11
1.6623849e-11
1.9650089e-11
1.8833041e-11
1.0314529e-11
1.2246409e-12
-9.2871703e-13
-8.0160006e-12
-4.0029751e-11
-8.9324339e-11
-1.2866919e-10
-1.4242871e-10
-1.2847376e-10
-9.6502824e-11
-7.0646703e-11
-6.1119444e-11
-3.9940418e-11
1.6260923e-11
7.0389864e-11
5.7081669e-11
-2.7687027e-11
-1.1120595e-10
-1.1902375e-10
-4.7714931e-11
3.4768727e-11
6.7044904e-11
4.7543239e-11
8.3444945e-12
-2.8619933e-11
-6.9558857e-11
-1.2402653e-10
-1.6426852e-10
-1.6483013e-10
-1.2544737e-10
-8.7909646e-11
-7.7514632e-11
-8.2444719e-11
-6.6198078e-11
-2.6392215e-11
4.8816386e-12
-1.1566099e-11
-7.3503695e-11
-1.3494186e-10
-1.474309e-10
-9.0869563e-11
5.7395735e-12
8.4897553e-11
1.0223125e-10
5.1924401e-11
-2.6671332e-11
-7.6882915e-11
-6.8873603e-11
-1.8082356e-11
3.2340267e-11
4.7967074e-11
3.0023405e-11
7.4225532e-12
3.1741876e-12
1.1249949e-11
7.2903384e-12
-1.9615541e-11
-4.7885077e-11
-3.9569602e-11
1.9189496e-11
9.3812406e-11
1.2337102e-10
7.3879125e-11
-2.6536398e-11
-1.088423e-10
-1.2403412e-10
-8.4622844e-11
-4.4871447e-11
-3.9922865e-11
-4.9970682e-11
-2.9415169e-11
3.1949804e-11
8.7580825e-11
8.1793549e-11
1.6044974e-11
-4.4088855e-11
-3.4808367e-11
3.6660067e-11
9.8338085e-11
9.0648294e-11
2.8583552e-11
-1.9750551e-11
-1.059771e-11
3.2707705e-11
5.7467008e-11
4.6801555e-11
3.2752436e-11
4.8596588e-11
8.695178e-11
1.1475231e-10
1.1447309e-10
9.6200292e-11
7.3745161e-11
4.8401436e-11
1.8701383e-11
-8.8536539e-12
-2.7496837e-11
-3.6500698e-11
-3.1245417e-11
-3.6156719e-12
3.4261953e-11
4.4848891e-11
1.146913e-11
-2.2709747e-11
-2.7155251e-12
5.1533423e-11
5.9733794e-11
-8.1114735e-13
-5.4241263e-11
-4.6340802e-11
-3.6811778e-11
-9.3292497e-11
-1.5571017e-10
-1.2477668e-10
-4.6609209e-11
-5.6669005e-11
-1.4636187e-10
-1.5953706e-10
-5.2280837e-11
2.5840433e-11
-2.1034825e-11
-7.6251747e-11
4.2828008e-12
1.7812049e-10
2.830984e-10
2.4534148e-10
1.605111e-10
1.7089672e-10
2.5438958e-10
2.2010862e-10
2.6686288e-11
-7.7316387e-11
3.793508e-11
1.1845991e-10
-8.244865e-12
-9.0714426e-11
6.3187756e-11
2.1022469e-10
1.1054636e-10
-7.0906004e-11
-7.0963276e-11
3.0156088e-11
-4.8555178e-11
-2.6132074e-10
-2.6254384e-10
-6.6018709e-11
-6.2937675e-11
-2.2450019e-10
-1.5093164e-10
5.4032456e-11
4.2965615e-11
2.1833649e-11
2.4403145e-10
1.937181e-10
6.987336e-11
1.3881539e-10
2.420979e-10
-2.8753889e-11
-7.3016519e-11
9.2719562e-12
-1.009474e-11
-2.3603257e-10
9.6587407e-11
-1.3044919e-10
-1.8949104e-11
-1.3419406e-10
-4.8124744e-11
2.2910763e-11
-1.4578284e-10
-6.6932481e-11
-8.7263929e-11
3.8341265e-12
-1.120827e-10
-9.3449653e-11
-2.1812007e-11
3.7639359e-12
3.5481543e-11
1.2567582e-10
4.5001824e-12
5.2065203e-11
7.5923207e-11
-1.3130957e-10
2.5941319e-10
-2.2347976e-10
5.3791225e-12
-2.1983973e-10
-6.6464229e-11
6.9614692e-11
1.9452806e-10
4.5398077e-10
2.4824336e-12
2.5448196e-10
2.5339295e-10
2.4147946e-10
-3.0988719e-11
4.9266671e-10
1.8658744e-10
4.9910817e-10
2.9864488e-10
1.0459699e-11
3.7782405e-10
-2.59086e-10
-1.1857986e-10
5.573605e-11
-1.591084e-10
1.8421912e-10
9.347844e-11
-2.3959038e-10
-2.0883849e-10
-1.1056386e-10
1.7562802e-11
7.6254368e-11
1.1268371e-11
1.5972397e-10
9.1887733e-11
-2.1896039e-10
-1.1865337e-10
-4.8518485e-11
-2.1445174e-10
-1.5415121e-10
-3.0668135e-11
-7.1548434e-11
-6.701838e-11
-7.7398049e-11
-2.2358444e-10
-3.0329404e-10
-1.4864684e-10
3.5032546e-11
7.1166898e-11
1.0094168e-10
1.5614357e-10
1.1184061e-10
2.8328661e-11
-3.0783526e-12
-1.8343557e-11
-3.1088756e-11
-1.2754505e-11
4.1719681e-11
1.1226123e-10
1.5016554e-10
1.2800289e-10
8.9212669e-11
7.4513256e-11
6.0803979e-11
1.4783165e-11
-5.0094885e-11
-8.9817546e-11
-7.6810854e-11
-2.8045765e-11
9.35045e-12
6.1408853e-12
-1.498417e-11
-1.3481752e-11
4.574257e-12
-9.4635147e-12
-7.4193606e-11
-1.4690107e-10
-1.6688919e-10
-1.1654818e-10
-3.9307389e-11
1.0903352e-11
1.4752573e-11
-1.3449995e-11
-4.637071e-11
-7.3238775e-11
-9.6565893e-11
-1.0373779e-10
-7.9455008e-11
-1.8782615e-11
4.337387e-11
7.0579037e-11
4.8368196e-11
5.8194287e-12
-2.6412834e-11
-3.753487e-11
-4.328468e-11
-6.3402388e-11
-9.2969703e-11
-1.1139073e-10
-9.0789073e-11
-2.2043303e-11
6.6170913e-11
1.2373803e-10
1.0962894e-10
2.694018e-11
-7.0883568e-11
-1.2043996e-10
-9.6557431e-11
-2.7960822e-11
3.06148e-11
4.4360734e-11
2.1707758e-11
-4.2703651e-12
-1.2292603e-11
-9.3354299e-12
-1.3962322e-11
-2.7316061e-11
-2.4508188e-11
1.9741976e-11
9.706714e-11
1.5966831e-10
1.5644663e-10
8.0449937e-11
-2.0384269e-11
-8.3666825e-11
-8.7347498e-11
-6.3960154e-11
-5.8917605e-11
-7.840273e-11
-8.4816265e-11
-4.5848161e-11
1.9712519e-11
5.5945331e-11
3.2968986e-11
-1.367717e-11
-1.8096319e-11
3.9723875e-11
1.0463698e-10
1.0318517e-10
2.6518975e-11
-5.7431869e-11
-7.8389751e-11
-3.8867006e-11
3.6482617e-13
2.484717e-12
-1.8327333e-12
3.5316432e-11
1.0494741e-10
1.4674239e-10
1.2857751e-10
8.9788694e-11
8.6432206e-11
1.1474683e-10
1.1957605e-10
7.5494994e-11
2.3513255e-11
1.4012903e-11
3.9971566e-11
5.2788687e-11
2.9253652e-11
-7.0865341e-12
-2.6837316e-11
-2.7342531e-11
-2.0220313e-11
-1.2958491e-11
-9.8728575e-12
-1.0236648e-11
-3.5559647e-12
6.2611828e-12
-1.8162603e-11
-9.3030737e-11
-1.4867404e-10
-1.0451759e-10
-1.8240427e-11
-3.856834e-11
-1.6424037e-10
-2.0500044e-10
-8.026956e-11
2.157654e-11
-5.3907368e-11
-1.4431837e-10
-2.392148e-11
2.099235e-10
2.8234051e-10
1.7114529e-10
1.056614e-10
1.8669775e-10
2.6166485e-10
1.8737144e-10
5.0063272e-11
4.366186e-11
1.5841859e-10
1.5945473e-10
4.8293148e-12
-2.5504057e-11
1.3000405e-10
1.5666357e-10
6.2704406e-12
-1.3452357e-11
9.016525e-11
1.7972458e-11
-2.0165836e-10
-2.4791489e-10
-8.2154789e-11
-6.494944e-11
-2.5360893e-10
-2.0478068e-10
1.2821844e-11
-4.2740475e-11
-1.2784737e-10
6.7304558e-11
2.3197596e-10
1.1262035e-10
1.0256578e-10
3.1237708e-10
1.4859839e-10
5.6515809e-12
6.4373857e-11
6.5165065e-11
-2.017992e-10
6.1037466e-12
-1.1830186e-10
-5.8881437e-11
-5.1494412e-11
-9.2502557e-11
-3.4787229e-11
-7.5435986e-11
3.1369001e-11
-8.030971e-11
2.9681915e-12
-5.1234999e-11
-8.0529094e-11
-3.8490979e-11
1.1593452e-11
-2.9457048e-11
-6.7170975e-11
-4.1137785e-11
4.8849513e-12
-1.0520854e-10
6.8990478e-11
-1.3834991e-10
1.6855231e-10
-1.6055714e-10
1.0915963e-10
-6.7085933e-11
-8.0965484e-11
9.0888842e-11
-2.1271528e-10
-2.1082435e-10
1.3460139e-10
-1.5133598e-10
8.5832228e-11
-7.2991011e-10
8.9781195e-10
1.8032116e-10
4.3305852e-10
-1.1339514e-10
-2.8049581e-10
-2.5148876e-10
-4.6431106e-10
-5.6324175e-11
3.1467502e-10
3.3006492e-10
3.05989e-10
1.6011901e-10
-3.4355085e-11
8.1892741e-11
-2.5543999e-10
-3.0955683e-10
2.0700991e-10
3.1298788e-10
3.5456052e-10
2.150729e-10
-1.1935084e-10
-1.6232959e-10
-5.7682354e-11
1.085352e-10
1.3860404e-10
-1.5493196e-10
-3.5781569e-10
-2.8699962e-10
-1.3635204e-10
-1.6968163e-11
4.9091722e-11
3.2523708e-11
-1.4446296e-11
-9.166009e-11
-1.9064941e-10
-1.5380596e-10
1.314907e-11
8.7239844e-11
1.0323834e-11
-7.6854591e-11
-1.1239151e-10
-1.3103844e-10
-1.2827462e-10
-7.3806017e-11
1.6970024e-11
7.8953976e-11
7.1166897e-11
4.0318231e-11
5.8726928e-11
1.1313597e-10
1.2689736e-10
7.278145e-11
6.849986e-12
4.9320644e-13
6.0485721e-11
1.2192435e-10
1.2311085e-10
7.377996e-11
2.9991139e-11
1.3588303e-11
-6.8844173e-12
-5.4510477e-11
-1.0673383e-10
-1.2184874e-10
-8.4892924e-11
-2.6042697e-11
1.6155884e-11
2.1378172e-11
-1.0812737e-11
-5.7430515e-11
-9.593784e-11
-1.1024159e-10
-8.9542271e-11
-3.7014357e-11
3.9531312e-11
1.1097575e-10
1.4819574e-10
1.3040501e-10
6.9583517e-11
-5.7299769e-12
-6.5758961e-11
-9.2188948e-11
-9.2430665e-11
-8.1147468e-11
-7.3444428e-11
-6.6705588e-11
-3.8617077e-11
2.1329899e-11
9.2024526e-11
1.260271e-10
8.646755e-11
-1.1711326e-11
-1.0739437e-10
-1.4186347e-10
-1.039705e-10
-3.4801474e-11
1.0854976e-11
1.0555679e-11
-1.5921292e-11
-3.5244703e-11
-3.3068866e-11
-2.1082119e-11
-1.5670602e-11
-1.4439629e-11
3.1573065e-12
5.0278942e-11
1.0955062e-10
1.40456e-10
1.1427229e-10
4.366267e-11
-2.5652737e-11
-5.5672086e-11
-4.9710083e-11
-4.2791389e-11
-5.9129642e-11
-8.3786908e-11
-8.0908897e-11
-3.9250255e-11
1.0158876e-11
2.7957451e-11
1.4846009e-11
1.3562939e-11
5.5974901e-11
1.1480471e-10
1.2390938e-10
5.1926277e-11
-5.4864628e-11
-1.1682397e-10
-1.0534026e-10
-6.5486132e-11
-4.8925386e-11
-4.4651723e-11
-1.7313575e-12
8.5120808e-11
1.4972542e-10
1.3607683e-10
8.0205993e-11
7.1073347e-11
1.3185506e-10
1.8526969e-10
1.587592e-10
8.6952772e-11
6.3107078e-11
1.0478664e-10
1.2762488e-10
6.7868306e-11
-2.3498819e-11
-5.4427458e-11
-2.3323914e-11
-1.4142422e-11
-6.4794073e-11
-1.0811555e-10
-7.0707629e-11
1.7814677e-11
5.8082215e-11
3.0513207e-12
-8.8889559e-11
-1.2122923e-10
-6.7514882e-11
-9.9103767e-12
-4.7951451e-11
-1.5416405e-10
-1.8245042e-10
-8.1003132e-11
-4.2244117e-12
-7.8454041e-11
-1.5744923e-10
-3.2271697e-11
1.9396072e-10
2.4229366e-10
1.2589996e-10
1.1798751e-10
2.5455921e-10
2.8160661e-10
1.3205823e-10
3.2853409e-11
8.5730371e-11
1.2916101e-10
6.0499224e-11
-5.8257472e-12
5.0567493e-11
1.4124609e-10
9.311531e-11
-3.1612273e-12
8.3168855e-11
1.7692179e-10
-2.543956e-11
-2.3688195e-10
-1.3104063e-10
-3.8115733e-11
-1.7143488e-10
-2.2962436e-10
-1.1317539e-10
-5.4807157e-11
-1.7179472e-10
-1.1484647e-10
1.4943042e-10
6.5693507e-11
1.1239405e-10
2.2882802e-10
1.5157647e-10
8.6363295e-11
1.8945091e-10
1.8608235e-10
-7.2122195e-11
1.090856e-11
-9.116746e-11
-1.0666068e-10
6.1962339e-12
-1.4960227e-10
-5.9609705e-11
-1.263464e-10
2.4433219e-11
-5.9746112e-11
1.0508821e-11
-5.514724e-11
-6.1693987e-11
-1.467696e-11
-4.7059325e-12
-2.2401542e-11
-1.2262861e-10
-8.0578325e-11
3.0694497e-12
-1.7955555e-10
-3.9041524e-12
1.2845169e-10
-5.390382e-11
8.2754629e-11
-7.3249165e-12
-1.4113237e-10
-1.4679672e-10
-7.2577621e-11
-1.0744773e-10
-1.4489698e-11
1.928158e-12
7.2428762e-11
-1.0490059e-10
-2.377041e-10
1.2438108e-10
-4.5439342e-10
-4.5492781e-10
-4.764893e-10
-4.3608065e-10
-2.7455919e-10
-5.4250708e-10
2.256359e-10
-1.2071926e-10
-1.6726026e-10
1.2299266e-10
-1.8091743e-10
1.5111845e-10
2.509667e-10
-5.9868748e-11
-7.6537264e-11
2.962961e-11
1.2526885e-10
9.8393754e-11
1.0029865e-10
3.6118438e-10
1.7366101e-10
-2.5508631e-10
-1.614381e-10
5.6051516e-11
1.9550983e-11
1.4865987e-11
7.9014464e-11
9.1365098e-11
1.2449275e-10
1.4396045e-10
6.7507865e-11
-7.0742554e-12
6.2639079e-11
1.6439967e-10
1.3469189e-10
1.0233568e-10
1.6415399e-10
1.8806613e-10
1.151423e-10
3.8920502e-11
2.924435e-11
5.4634246e-11
5.4710553e-11
5.3188127e-11
9.795266e-11
1.362627e-10
8.887394e-11
-3.5436418e-12
-3.225291e-11
2.5698847e-11
8.8176936e-11
8.3071785e-11
2.9619373e-11
-1.2227797e-12
1.9673354e-11
4.4684504e-11
1.1232079e-11
-7.4198725e-11
-1.4416191e-10
-1.623831e-10
-1.6125199e-10
-1.7806637e-10
-2.0237726e-10
-1.9705599e-10
-1.4915447e-10
-8.8100976e-11
-4.3569905e-11
-2.9483741e-11
-5.118337e-11
-9.6635431e-11
-1.4670745e-10
-1.672567e-10
-1.3497729e-10
-6.130556e-11
2.758446e-11
9.5147204e-11
1.2405078e-10
1.104352e-10
6.3080583e-11
-4.5684991e-12
-7.7968958e-11
-1.2822536e-10
-1.3690742e-10
-1.0574142e-10
-6.3514174e-11
-4.3210874e-11
-4.2337061e-11
-3.0464049e-11
1.4613916e-11
7.562867e-11
1.021138e-10
6.1412896e-11
-2.4576279e-11
-9.6848999e-11
-1.0897701e-10
-6.3870437e-11
-5.7756629e-12
2.30043e-11
1.6095963e-11
-9.4513306e-13
-1.0680856e-12
1.9730031e-11
4.3672618e-11
5.318665e-11
4.9288342e-11
4.8111018e-11
6.0954186e-11
7.9239488e-11
8.1355358e-11
5.5423124e-11
1.3974598e-11
-1.6713563e-11
-2.246271e-11
-1.5205535e-11
-1.8552464e-11
-4.0268437e-11
-6.2258083e-11
-6.1173145e-11
-3.509562e-11
-4.5079488e-12
1.4705773e-11
3.2222304e-11
6.7539343e-11
1.1385375e-10
1.3000822e-10
8.0101411e-11
-1.9440551e-11
-1.070208e-10
-1.358062e-10
-1.1803283e-10
-9.6673511e-11
-8.1399589e-11
-3.8566433e-11
4.6166523e-11
1.2248535e-10
1.2658354e-10
7.2493643e-11
4.9986037e-11
1.1196562e-10
1.9727048e-10
2.0743999e-10
1.4272486e-10
1.0307511e-10
1.4141454e-10
1.7890092e-10
1.1773398e-10
-4.5723103e-12
-5.7030199e-11
-7.4875982e-12
2.0458037e-11
-6.8467259e-11
-1.8316168e-10
-1.6472139e-10
-2.2131641e-11
6.9424628e-11
1.3760571e-11
-8.0117829e-11
-7.2107556e-11
7.3239053e-12
2.0011526e-11
-7.0479988e-11
-1.5534845e-10
-1.4118208e-10
-7.3813163e-11
-6.4344678e-11
-1.2148332e-10
-1.2017356e-10
1.7301787e-11
1.6734371e-10
1.6300922e-10
7.2884209e-11
1.0449759e-10
2.2693666e-10
2.0450087e-10
4.6774843e-11
1.2851916e-11
1.0714869e-10
8.1889754e-11
-2.3187607e-11
4.7468381e-11
1.9430294e-10
1.3497342e-10
-9.909636e-12
3.3536736e-11
1.3777102e-10
5.1594264e-11
-9.0058459e-11
-3.645531e-11
4.2976767e-11
-1.4099423e-10
-3.0132858e-10
-7.6505886e-11
5.7032371e-11
-2.3045277e-10
-2.6630615e-10
3.0970907e-11
6.0322625e-11
3.5318696e-11
8.9800244e-11
1.4373707e-10
5.1927869e-11
1.8540928e-10
2.5435873e-10
3.2823413e-11
5.7414489e-11
5.1440101e-11
-7.7249147e-11
3.3199933e-11
-1.1097883e-10
1.3783119e-11
-1.895647e-10
-3.8488773e-11
-9.3640604e-11
3.3273453e-11
-9.0016044e-11
-1.1554119e-10
-5.367026e-11
-5.3816877e-11
-2.5230368e-11
-8.9792944e-11
1.5298993e-11
8.2944514e-11
4.0607875e-11
7.8985152e-11
-1.0655407e-10
2.2399285e-11
-1.1080034e-10
-6.5941098e-11
7.0542161e-12
-2.74551e-10
1.9385547e-10
-1.9754536e-10
2.1936311e-11
-2.6505151e-10
2.3766232e-10
-2.4675955e-10
2.6535623e-10
-3.1848015e-10
6.9853014e-10
-6.541397e-10
2.1226954e-10
-3.7815813e-10
7.5647073e-10
-3.70975e-12
3.9452676e-10
6.1186621e-11
3.681251e-11
-1.0275444e-10
-1.6099142e-10
1.9498498e-10
-6.9682625e-11
-1.3047451e-10
2.5053584e-10
5.0303334e-11
-6.5101389e-11
2.076762e-10
1.615614e-10
-4.5751876e-12
1.0934015e-10
3.2023336e-10
1.9252709e-10
4.7464373e-11
2.6385591e-10
2.3022458e-10
-1.4096864e-10
-1.3062433e-10
2.6692984e-10
5.0660584e-10
5.4129593e-10
4.8751223e-10
2.8170091e-10
6.6178998e-11
-3.1676881e-12
4.8114615e-11
1.7646368e-10
3.1544367e-10
3.5210659e-10
2.4403482e-10
9.6309259e-11
3.2084475e-11
4.726965e-11
6.0167463e-11
4.1248809e-11
3.9624019e-11
6.9170807e-11
5.9118702e-11
-1.289223e-11
-5.9718924e-11
-2.3043908e-11
4.0355454e-11
5.4780346e-11
2.7379472e-11
2.1280462e-11
5.934204e-11
8.6434429e-11
3.6461449e-11
-7.7316622e-11
-1.6759714e-10
-1.7815128e-10
-1.4616196e-10
-1.3624107e-10
-1.5719838e-10
-1.6534001e-10
-1.325269e-10
-8.5233865e-11
-5.485642e-11
-5.1076298e-11
-7.4061983e-11
-1.2022264e-10
-1.8271019e-10
-2.2305488e-10
-2.0668307e-10
-1.3069366e-10
-3.5476751e-11
2.4258312e-11
3.1194494e-11
6.9565953e-12
-2.0060241e-11
-3.9988342e-11
-6.9735841e-11
-1.0733574e-10
-1.2864563e-10
-1.0805914e-10
-5.2896622e-11
-1.0245085e-11
-1.3432954e-11
-4.7145533e-11
-6.3635614e-11
-3.1532903e-11
2.5537042e-11
5.2441776e-11
1.9801046e-11
-4.8706054e-11
-1.0035309e-10
-1.0097436e-10
-6.1402659e-11
-1.9760581e-11
-3.1559686e-12
-7.0562834e-12
-6.5795516e-12
1.6918289e-11
5.8107467e-11
9.2928923e-11
9.9339757e-11
7.5160145e-11
3.8805257e-11
1.2927643e-11
6.3465068e-12
1.0548359e-11
1.1930168e-11
7.0703803e-12
4.3544118e-12
1.1203252e-11
2.2302058e-11
2.3080835e-11
5.9496679e-12
-1.9343042e-11
-3.3366341e-11
-2.4424992e-11
4.0078689e-12
4.0936664e-11
7.8213803e-11
1.0858349e-10
1.1785554e-10
8.9442925e-11
2.3200499e-11
-5.4967188e-11
-1.1070689e-10
-1.3039987e-10
-1.2479834e-10
-1.0332645e-10
-5.7713157e-11
1.4695123e-11
8.1690742e-11
9.7162091e-11
6.1911954e-11
3.9647023e-11
8.5257736e-11
1.6836316e-10
2.0467445e-10
1.6824156e-10
1.2921709e-10
1.5000403e-10
1.833871e-10
1.3545098e-10
1.8403935e-11
-4.1825695e-11
1.3678518e-11
6.7693874e-11
-1.6558217e-11
-1.7703717e-10
-2.1579519e-10
-8.5072489e-11
3.1383219e-11
-1.0218555e-11
-9.9005548e-11
-5.8022945e-11
6.0711056e-11
6.0506516e-11
-7.1609771e-11
-1.4260303e-10
-7.383982e-11
-1.9581495e-11
-8.9194526e-11
-1.5693906e-10
-7.5614813e-11
7.8402604e-11
1.2815891e-10
6.7814056e-11
5.5197749e-11
1.5809878e-10
2.4542558e-10
1.914451e-10
8.5720598e-11
8.35074e-11
1.1931677e-10
4.4261861e-11
-2.5028616e-11
8.5881063e-11
1.8181516e-10
4.1922621e-11
-7.5527093e-11
7.3972642e-11
1.988894e-10
6.9111851e-11
-5.192903e-11
-1.3029068e-11
-2.2874542e-11
-1.1903576e-10
-1.0447784e-10
-3.3002955e-11
-1.3106299e-10
-2.1472431e-10
-4.6906135e-11
2.0397063e-11
-7.0894588e-11
2.4748752e-11
7.4119632e-11
4.5242295e-11
1.2745455e-10
1.5182584e-10
1.7357325e-11
1.0457896e-10
1.9384451e-10
-9.0569422e-12
4.514479e-11
-9.8165299e-11
8.4372184e-11
-6.4488697e-11
-1.1528313e-11
-1.5767466e-10
7.4147859e-11
-4.1383604e-11
-6.4466334e-11
-3.2546028e-11
-5.1957555e-12
-1.1345783e-11
-1.307843e-10
4.4105016e-11
9.2501398e-12
-5.9882578e-11
-2.9606078e-11
-1.9722901e-10
-1.2419076e-10
-1.033401e-10
1.4309923e-11
9.5117366e-13
1.5803155e-10
-2.8201014e-10
1.4947217e-10
-3.4795285e-10
2.6886473e-12
7.0017444e-11
-2.5678398e-10
2.4394896e-10
-6.8750371e-10
3.9843636e-10
-3.3542691e-10
5.654435e-10
9.5032971e-10
6.6229994e-10
9.6621003e-11
4.3672034e-11
-4.2727823e-10
-2.4174979e-10
-1.7112286e-10
-4.9531536e-11
2.0009478e-10
-5.1946735e-11
1.8046889e-10
5.1476328e-11
-3.4440513e-10
-1.114386e-10
2.5322894e-11
-1.1821553e-10
-6.5446634e-11
-1.4081509e-11
1.4290796e-10
1.8373033e-10
-2.4119307e-11
-6.6274266e-11
1.215035e-10
2.8966456e-10
2.0631291e-10
-2.3502218e-11
8.9242448e-12
1.9375755e-10
1.9913257e-10
1.211771e-10
1.2119478e-10
1.7055358e-10
1.4373711e-10
6.3512892e-11
6.2137498e-11
1.4689921e-10
2.1008082e-10
1.8706855e-10
1.1840305e-10
8.6501895e-11
1.0513579e-10
1.1388416e-10
9.7581359e-11
1.0618083e-10
1.3815085e-10
1.2568482e-10
4.9003317e-11
-1.675506e-11
-4.8082975e-12
4.9001456e-11
6.3322588e-11
2.8386822e-11
9.5379612e-12
4.5428966e-11
8.6108261e-11
5.2045377e-11
-5.5021831e-11
-1.3699018e-10
-1.1627598e-10
-3.0819353e-11
2.3932842e-11
1.1374923e-11
-1.7713323e-11
-5.776564e-12
3.5413736e-11
6.66002e-11
6.9518319e-11
5.0438677e-11
1.5040411e-11
-4.2448847e-11
-9.858144e-11
-1.1146574e-10
-5.6239579e-11
2.8704267e-11
7.5283454e-11
4.8284386e-11
-1.7882747e-11
-6.2267486e-11
-5.1943012e-11
-2.136404e-11
-1.5339418e-11
-3.7954445e-11
-5.1289459e-11
-2.1312334e-11
2.7757169e-11
4.0975162e-11
-4.4158842e-12
-7.2947935e-11
-1.0197692e-10
-6.6536252e-11
-3.6353909e-12
2.8606207e-11
5.5689578e-12
-4.6685827e-11
-8.1309839e-11
-7.4344631e-11
-4.0156091e-11
-1.0282293e-11
-1.6517762e-12
-4.2847599e-12
6.3062087e-12
4.4122564e-11
9.7425267e-11
1.3396046e-10
1.2499324e-10
6.9679498e-11
-1.3774739e-12
-4.7860609e-11
-5.0507595e-11
-2.3541826e-11
2.9160721e-12
1.2413858e-11
1.4245093e-11
2.6094059e-11
4.8321722e-11
5.9905608e-11
4.2027586e-11
3.2802708e-12
-2.3569314e-11
-1.1941866e-11
3.2753245e-11
7.8860724e-11
9.8086925e-11
8.7438157e-11
6.2150485e-11
3.3576091e-11
-8.3329293e-13
-4.5901091e-11
-9.2780124e-11
-1.1911846e-10
-1.0588485e-10
-5.4608993e-11
1.0029147e-11
5.4402271e-11
6.0636066e-11
4.3851124e-11
4.2300337e-11
7.9467859e-11
1.348714e-10
1.6345649e-10
1.5104688e-10
1.3316282e-10
1.4204326e-10
1.4961276e-10
1.0101233e-10
9.487115e-12
-3.2227063e-11
2.5395543e-11
9.235625e-11
3.9808988e-11
-1.0911368e-10
-1.8594797e-10
-1.10153e-10
-1.2896244e-11
-3.6618114e-11
-1.0631454e-10
-5.6345696e-11
7.2729689e-11
7.6465366e-11
-6.7282388e-11
-1.4051136e-10
-5.0818575e-11
7.3888378e-12
-9.3242993e-11
-1.6230232e-10
-2.1090998e-11
1.6106715e-10
1.4596494e-10
3.1941413e-11
5.6725809e-11
1.7626262e-10
1.8388185e-10
9.740708e-11
8.0978145e-11
1.0816972e-10
3.4744999e-11
-8.4624138e-11
-6.0161414e-11
8.4019263e-11
1.1976923e-10
3.0340807e-11
6.4678764e-11
2.118205e-10
1.4829271e-10
-6.6750645e-11
-5.8991274e-11
3.587664e-11
-6.416649e-11
-7.2595396e-11
4.7395421e-11
-9.9345052e-11
-2.1169798e-10
-7.1273155e-12
1.4024021e-11
-1.0899436e-10
-4.9810753e-11
1.9636523e-11
6.8547912e-11
3.6562423e-11
1.2578791e-10
5.321362e-12
2.0910821e-11
1.6697901e-10
1.9839146e-11
5.8566438e-11
-2.2131572e-11
1.2145909e-10
3.1949078e-12
7.7890839e-12
-9.763325e-11
8.1349651e-11
-6.6802233e-11
-1.1044576e-11
-4.1198391e-11
1.1840946e-11
1.4614707e-11
-1.3058723e-10
-2.3102866e-11
-7.1532516e-11
-2.7818681e-11
-1.0360386e-10
-1.4022917e-10
5.0528486e-12
-1.2356028e-10
8.3004123e-11
1.0903037e-11
-2.0094189e-10
-4.1433808e-11
-2.5804054e-10
1.0845922e-10
-2.5907637e-10
1.4284085e-10
-2.8671542e-10
-5.2476475e-12
-3.1479617e-10
3.8726132e-10
-3.3576005e-10
7.0716498e-11
2.2601976e-10
-1.4090126e-09
1.2617319e-09
5.8282112e-11
-5.9200872e-10
1.4010971e-10
-9.7535762e-11
2.8637101e-10
1.8236773e-11
-2.1356095e-10
5.7387559e-10
3.0838407e-10
2.2847579e-10
8.911589e-11
-4.3523654e-10
-5.6840647e-11
4.5813574e-10
1.8660931e-10
-7.0088591e-11
4.0378718e-11
3.0569284e-10
2.075087e-10
-1.3651867e-10
-8.4590663e-11
1.8067176e-11
-1.0884671e-10
-8.290335e-11
1.1829975e-10
2.3342251e-10
1.8580948e-10
1.7425077e-11
-1.3129807e-10
-1.4259994e-10
-5.7252893e-11
2.4525388e-11
6.0010196e-11
6.7204496e-11
6.7343152e-11
5.6497263e-11
2.7243607e-11
1.2776839e-12
5.9780343e-12
2.2964809e-11
3.4514215e-11
8.6218069e-11
1.9538699e-10
2.6150736e-10
2.0435078e-10
9.6466993e-11
5.0783978e-11
6.6834126e-11
6.8795785e-11
3.3539434e-11
1.6160421e-11
5.9776621e-11
1.2156957e-10
1.1358824e-10
1.6431685e-11
-7.5389629e-11
-5.8556399e-11
4.9202928e-11
1.3282782e-10
1.1708023e-10
4.5326721e-11
8.7454574e-12
2.6987698e-11
5.7762096e-11
6.1650397e-11
4.0559541e-11
1.0552728e-11
-3.5085785e-11
-8.9505593e-11
-1.1664744e-10
-8.116103e-11
1.7053427e-12
6.0871797e-11
3.1670396e-11
-6.4705427e-11
-1.4534286e-10
-1.3691332e-10
-5.7281885e-11
1.3271267e-11
2.0108457e-11
-1.8792357e-11
-3.7800466e-11
-9.5252528e-12
2.5065356e-11
9.630525e-12
-6.3926358e-11
-1.4076746e-10
-1.5883726e-10
-1.1058601e-10
-4.4466718e-11
-1.4981175e-11
-3.5377485e-11
-7.3776107e-11
-8.9572226e-11
-6.9992042e-11
-3.5051565e-11
-1.3922054e-11
-1.7021903e-11
-2.6733991e-11
-1.3099677e-11
3.7475045e-11
1.045756e-10
1.439284e-10
1.2217141e-10
4.7938433e-11
-2.9914582e-11
-6.0844338e-11
-3.4726175e-11
1.2872765e-11
3.8441365e-11
3.3295256e-11
2.6639183e-11
4.6622953e-11
8.3066434e-11
9.6394112e-11
6.4323137e-11
1.2871867e-11
-6.3958574e-12
2.7987932e-11
8.1541957e-11
9.9217047e-11
6.4955976e-11
1.6975787e-11
1.4659753e-12
1.7350075e-11
1.9842292e-11
-2.0717349e-11
-7.5855646e-11
-8.7315082e-11
-3.6227782e-11
3.1912851e-11
5.8351904e-11
3.8087243e-11
2.0642562e-11
4.682493e-11
9.9980997e-11
1.3126837e-10
1.2226273e-10
1.0407364e-10
1.1017064e-10
1.2614311e-10
1.0419719e-10
2.910355e-11
-4.5897818e-11
-4.8470669e-11
2.5444736e-11
9.0858432e-11
6.3974905e-11
-3.4118324e-11
-9.948795e-11
-8.1263288e-11
-4.7684296e-11
-7.1922172e-11
-1.0332231e-10
-4.5826317e-11
5.9020167e-11
6.3245943e-11
-4.7732157e-11
-1.079128e-10
-4.1522111e-11
8.1143427e-13
-8.347424e-11
-1.3366685e-10
-2.1352715e-12
1.4714783e-10
1.0531559e-10
1.1012175e-12
6.3969874e-11
1.8751584e-10
1.4487006e-10
4.0241552e-11
7.6414451e-11
1.1630109e-10
-1.3594099e-11
-1.0773069e-10
1.2096178e-11
1.1187137e-10
3.1505036e-11
-6.8893794e-12
8.7929015e-11
1.0534833e-10
1.9208494e-11
1.1795551e-11
7.0145592e-11
4.8941683e-11
-4.4343132e-11
-9.44372e-11
-6.9135737e-11
-6.2082059e-11
-7.191074e-11
1.8762992e-11
3.7503462e-11
-1.1979749e-10
-9.1416295e-11
7.1456687e-11
9.9011306e-11
1.0458949e-10
-5.9722842e-11
-1.1184757e-11
1.3271721e-10
-3.6200746e-12
6.0455445e-12
1.0257648e-11
6.4889305e-11
1.8975972e-11
4.9995852e-11
3.3549078e-11
9.924958e-11
-5.377315e-11
1.9215018e-11
-4.0898436e-11
1.1496691e-11
-3.5261832e-11
-1.104745e-10
-3.928178e-11
-7.7207984e-11
8.4496082e-11
1.590083e-11
5.8648802e-11
8.6703654e-11
-1.3865911e-10
-7.5235524e-11
-1.4210475e-10
-1.1083217e-10
-1.2372759e-10
3.3359279e-11
-1.7207134e-10
-3.9939846e-11
-1.7631987e-10
-8.3226584e-12
-1.2400499e-10
-1.4270927e-10
2.0801214e-10
-2.3083114e-10
4.3369936e-10
9.8671065e-11
-5.9443101e-10
1.1707846e-09
-1.7296843e-09
-3.6369415e-10
3.9558134e-10
6.5646149e-10
-1.3199321e-11
3.4139192e-11
3.2762634e-10
3.1128306e-10
-3.8061113e-11
6.0206082e-12
-1.0596372e-10
-7.917429e-11
1.6317549e-10
7.3965379e-11
1.5999105e-10
2.7232254e-10
-8.4111938e-11
-3.4729574e-10
-1.170636e-10
1.1347598e-10
6.4282597e-12
5.7720566e-12
2.3591506e-10
1.3889112e-10
-2.4192706e-10
-3.4593197e-10
-1.1006553e-10
8.7183544e-11
9.6114303e-11
7.9806851e-11
4.3509648e-11
-5.2309196e-11
-1.1543636e-10
-8.0049731e-11
-2.919596e-11
-2.9539809e-11
-2.3941916e-11
3.362179e-11
8.9891062e-11
8.0352169e-11
1.761538e-11
-2.9072659e-11
4.8036446e-12
1.1809456e-10
2.1498217e-10
1.9247614e-10
8.0575508e-11
5.3294213e-12
8.7325457e-12
1.2421358e-11
-3.6019657e-11
-8.1845515e-11
-5.0906814e-11
3.8906544e-11
8.9121473e-11
4.0800968e-11
-4.3039009e-11
-4.6798777e-11
5.1663141e-11
1.5156537e-10
1.4956758e-10
6.1621665e-11
-6.1173886e-12
2.4689984e-12
5.4038761e-11
8.335259e-11
7.1246388e-11
3.8717853e-11
-7.237783e-12
-6.0928573e-11
-1.003391e-10
-8.410534e-11
-4.1708659e-12
8.0161225e-11
8.2388641e-11
-1.2186794e-11
-1.2916815e-10
-1.6230942e-10
-8.4140871e-11
2.7762811e-11
7.5935329e-11
3.2246017e-11
-3.8303412e-11
-5.9195564e-11
-2.4339039e-11
8.3766575e-12
-1.5137541e-11
-8.5408304e-11
-1.413909e-10
-1.3658213e-10
-8.1260499e-11
-2.5666582e-11
-1.009103e-11
-3.1330604e-11
-5.382358e-11
-4.802318e-11
-1.6781276e-11
1.0417575e-11
6.2579132e-12
-2.8226406e-11
-5.9986217e-11
-4.9618893e-11
1.2728016e-11
9.1717428e-11
1.310099e-10
1.0086712e-10
2.7901765e-11
-2.5870842e-11
-1.8931897e-11
3.2087729e-11
7.1884088e-11
6.4970368e-11
3.181548e-11
2.2646603e-11
5.735305e-11
1.0017835e-10
1.0004363e-10
5.2541069e-11
1.0335305e-11
2.3997355e-11
7.9497922e-11
1.0792941e-10
6.3684948e-11
-1.7678809e-11
-5.5000316e-11
-1.5322444e-11
4.4991362e-11
4.7505924e-11
-1.0417798e-11
-5.0359148e-11
-1.2601776e-11
6.4287059e-11
9.0928598e-11
4.5174097e-11
3.9851872e-12
4.1523429e-11
1.2648197e-10
1.6172575e-10
1.1490005e-10
6.0153866e-11
6.9692469e-11
1.06086e-10
7.2734255e-11
-4.2542695e-11
-1.3346378e-10
-1.0666856e-10
-1.4754137e-12
6.4826367e-11
4.6090689e-11
4.6680955e-12
-7.8561125e-15
3.5061948e-12
-3.7859205e-11
-9.810804e-11
-9.686946e-11
-2.082866e-11
4.3515218e-11
2.5644255e-11
-3.2782953e-11
-4.9523403e-11
-3.3133375e-11
-5.7164276e-11
-1.0853935e-10
-7.7027898e-11
5.5236612e-11
1.4320981e-10
1.0138263e-10
6.0166535e-11
1.4007692e-10
2.2234986e-10
1.7027424e-10
1.0106237e-10
1.4200597e-10
1.422902e-10
-9.3916644e-12
-9.4739041e-11
-8.7486705e-13
1.3523258e-11
-1.141183e-10
-7.4793949e-11
1.1990269e-10
1.3440135e-10
4.8325702e-11
1.0398407e-10
8.2213082e-11
-1.1348294e-10
-1.1231159e-10
4.3499617e-11
-3.5161915e-11
-1.2273331e-10
3.8510267e-11
5.0184412e-11
-9.9171751e-11
-1.975257e-11
6.7173774e-11
2.2832801e-11
5.3793095e-11
6.5841902e-11
2.6919195e-11
8.1394939e-11
-1.7089403e-11
-9.3483251e-11
-6.3242361e-12
2.2370013e-11
-9.5568248e-12
-3.637437e-11
4.6024191e-11
1.375727e-10
5.0391261e-11
7.4200819e-11
3.9962559e-11
1.1884942e-10
6.4033781e-11
5.6051888e-12
-4.593333e-12
-6.0945734e-11
-1.7597182e-11
-1.2979458e-10
-5.49205e-12
-4.7234485e-11
-9.5234992e-11
8.9084516e-12
-1.3807259e-10
1.8957243e-12
-1.4928936e-11
-1.6916668e-10
-1.2255574e-10
-9.1517496e-11
-2.3629935e-10
1.1178068e-10
-1.8745078e-10
-5.2280412e-11
7.2764128e-11
-3.060061e-10
9.8528846e-11
-2.7152879e-10
-2.8639198e-10
-2.4570986e-10
-1.2623107e-10
1.4699004e-09
-9.8103414e-11
-8.0182897e-10
-1.3400605e-10
-9.8347225e-11
1.8611145e-10
-1.2686433e-10
-3.9049736e-10
8.2511111e-11
1.3099284e-11
1.4475379e-10
7.758905e-11
-2.9866849e-11
1.9544282e-10
8.3861496e-11
-2.7789391e-12
2.2163383e-10
7.0401613e-11
-8.4727516e-11
4.7757563e-11
9.7793007e-11
3.7232775e-11
7.7445334e-11
2.5310918e-10
3.1990975e-10
1.7917085e-10
1.1307176e-10
1.6681242e-10
1.5423868e-10
1.0185899e-10
9.9235928e-11
1.0584024e-10
7.6115712e-11
6.1631961e-11
8.4804288e-11
6.9457425e-11
2.4659391e-11
4.8411004e-11
1.2491546e-10
1.4424683e-10
7.0594592e-11
-2.0462018e-11
-2.2648877e-11
8.1140834e-11
1.7376826e-10
1.3459906e-10
-4.9513739e-12
-1.0129948e-10
-8.1764787e-11
-1.8922144e-11
-1.1768673e-11
-5.4541537e-11
-6.3774035e-11
-3.4433719e-12
5.9947963e-11
4.1066415e-11
-4.8207149e-11
-1.0724809e-10
-7.6677781e-11
-1.54804e-11
-2.8861389e-11
-1.3305549e-10
-2.3180423e-10
-2.4172406e-10
-1.7305712e-10
-1.0520006e-10
-8.8731986e-11
-1.1497966e-10
-1.6119726e-10
-2.1261393e-10
-2.569855e-10
-2.4935829e-10
-1.6745462e-10
-4.5355587e-11
2.6149639e-11
-9.6012699e-12
-1.1737641e-10
-1.8808616e-10
-1.4704178e-10
-3.2281524e-11
4.9725997e-11
2.4678629e-11
-7.5607659e-11
-1.5436406e-10
-1.5167676e-10
-9.239683e-11
-4.9344227e-11
-6.4956643e-11
-1.1418017e-10
-1.4201678e-10
-1.2141729e-10
-7.3037969e-11
-3.7246667e-11
-3.3124586e-11
-4.4062229e-11
-3.9299541e-11
-7.5272691e-12
3.0285368e-11
3.7982642e-11
-2.621428e-12
-7.0163387e-11
-1.1350815e-10
-9.0487e-11
-6.0627986e-12
8.5825338e-11
1.252799e-10
9.8805043e-11
5.1255724e-11
4.1320615e-11
8.2590706e-11
1.3029966e-10
1.3030915e-10
7.9309729e-11
2.9551131e-11
3.1397299e-11
7.625812e-11
1.0644234e-10
8.3697148e-11
3.6885811e-11
2.8758299e-11
7.6157364e-11
1.192602e-10
8.6250456e-11
-1.5626614e-11
-9.4456438e-11
-7.3117762e-11
1.8888182e-11
7.717673e-11
4.8396484e-11
-5.5537635e-12
8.5397198e-12
8.7022695e-11
1.3020448e-10
7.9735177e-11
8.6834286e-12
2.9473813e-11
1.3597072e-10
2.0091469e-10
1.459271e-10
4.9587183e-11
3.4251434e-11
8.4562784e-11
6.5712927e-11
-7.2975613e-11
-2.0295811e-10
-1.8332177e-10
-5.5964644e-11
1.9462464e-11
-4.2859826e-12
-1.6170734e-11
4.9743308e-11
9.4302176e-11
2.08778e-11
-8.5517591e-11
-7.8877884e-11
1.2846555e-11
3.5799227e-11
-3.1997213e-11
-5.6234082e-11
1.5658883e-12
8.3615741e-12
-9.0165134e-11
-1.4246369e-10
-4.0119731e-11
8.5035066e-11
7.7068359e-11
1.4756786e-11
6.0093128e-11
1.7524865e-10
2.0805646e-10
1.6019387e-10
1.412365e-10
1.3423994e-10
4.8846696e-11
-5.5839953e-11
-5.7140755e-11
-1.2302682e-11
-4.1373453e-11
-6.6006004e-11
2.2080878e-11
1.005523e-10
6.3935024e-11
3.7607752e-11
5.0604932e-11
-1.6509865e-11
-5.3498636e-11
3.1518533e-11
8.3140896e-13
-1.1538849e-10
-2.672954e-11
5.775447e-11
-4.8932346e-11
-4.8398522e-11
6.6827625e-11
9.1411077e-11
4.7374009e-11
2.1521282e-11
3.4458486e-11
1.2271166e-10
4.3345844e-11
-8.4277218e-11
3.8766257e-11
-5.056509e-11
-8.3515624e-11
-9.4222109e-11
-1.7166898e-11
4.1173112e-11
4.6982136e-11
1.0394545e-10
5.3764558e-11
8.4799486e-11
1.067837e-10
7.6566605e-11
2.7389099e-11
1.0139918e-11
-1.4797265e-11
-1.1982719e-10
1.1859372e-11
-2.7942037e-11
-5.6333277e-12
-9.621951e-12
-1.0932567e-10
-2.1207764e-11
-9.7211929e-11
-7.6993948e-11
-1.4812806e-10
-1.4867403e-10
-1.021461e-10
-2.1525731e-10
1.0421105e-10
-4.5302858e-10
8.8578407e-11
-1.1589615e-10
-3.3865466e-10
1.4630598e-11
-2.48766e-10
1.5382025e-10
6.4436645e-10
6.3632935e-11
-9.7954149e-10
2.255461e-09
1.7624593e-09
3.8846428e-10
1.2639671e-10
-1.4089698e-10
9.2346159e-11
3.9232432e-10
1.4104948e-10
2.6048419e-10
1.6153072e-10
-1.363406e-10
-2.32229e-10
-1.1482108e-10
1.855324e-10
1.849815e-10
-1.9849303e-10
-9.7006989e-11
3.5273034e-10
4.5039983e-10
2.3730151e-10
5.2634211e-11
4.1927564e-11
2.560198e-11
-8.123808e-11
-4.1322499e-11
1.5940851e-10
2.9316447e-10
3.3121593e-10
2.5848228e-10
8.3356076e-11
-6.0500146e-11
-1.0040479e-10
-3.3400545e-11
9.6944205e-11
1.5386936e-10
1.0264434e-10
7.4592822e-11
1.319739e-10
1.7544371e-10
1.1420376e-10
-1.1573892e-11
-8.77473e-11
-4.5349344e-11
4.9823738e-11
5.5625602e-11
-5.6403799e-11
-1.5329676e-10
-1.2328259e-10
-1.1783795e-11
6.4571716e-11
6.951518e-11
6.6291279e-11
1.1488092e-10
1.892311e-10
2.0908487e-10
1.4435434e-10
5.8145332e-11
2.5890285e-11
3.8830323e-11
1.6902906e-11
-7.9454252e-11
-1.86074e-10
-2.1530613e-10
-1.5059341e-10
-6.1494503e-11
-1.8622287e-11
-3.5061719e-11
-8.6925932e-11
-1.5044666e-10
-2.0926772e-10
-2.2762267e-10
-1.7238501e-10
-4.8760971e-11
6.8522113e-11
9.8974742e-11
3.0330111e-11
-5.9339619e-11
-7.4537545e-11
-2.4221788e-12
7.916948e-11
7.6726719e-11
-2.3190017e-11
-1.4232669e-10
-1.9215866e-10
-1.5170708e-10
-7.5930141e-11
-3.4666363e-11
-4.8485307e-11
-8.3789808e-11
-9.7911106e-11
-7.9906052e-11
-5.1750679e-11
-3.7802332e-11
-3.8550624e-11
-3.3579086e-11
-6.4244918e-12
3.3836003e-11
5.4129907e-11
2.3431681e-11
-5.6090483e-11
-1.406894e-10
-1.7180252e-10
-1.2152362e-10
-1.8660346e-11
7.2327777e-11
1.0528948e-10
9.092534e-11
8.0607273e-11
1.0972388e-10
1.5839581e-10
1.7288226e-10
1.267651e-10
5.4452641e-11
1.7613349e-11
3.930668e-11
8.0031894e-11
8.5637253e-11
5.2779269e-11
3.3053237e-11
6.5268347e-11
1.1617411e-10
1.0885124e-10
1.6310479e-11
-9.0769264e-11
-1.1219202e-10
-3.2187313e-11
5.9193005e-11
7.3385969e-11
2.9683733e-11
2.2889701e-11
8.8444361e-11
1.4750921e-10
1.1587085e-10
3.288751e-11
2.1615188e-11
1.1900565e-10
2.1176341e-10
1.8300468e-10
7.4116032e-11
2.4933845e-11
6.6850468e-11
7.124171e-11
-5.5709101e-11
-2.1256599e-10
-2.301109e-10
-1.1271462e-10
-2.7979289e-11
-5.1708464e-11
-6.4365546e-11
3.0224637e-11
1.2150517e-10
6.6343706e-11
-5.5811589e-11
-5.4984511e-11
5.275194e-11
7.1441865e-11
-3.0109311e-11
-6.4823743e-11
1.9485347e-11
2.4768387e-11
-1.2524431e-10
-2.0004642e-10
-5.3780588e-11
9.7098328e-11
4.7343713e-11
-4.1099029e-11
3.9804936e-11
1.68883e-10
1.7279059e-10
1.5499651e-10
2.1177944e-10
1.8975108e-10
4.0831587e-11
-2.155487e-11
3.7216568e-11
5.1047691e-12
-9.5136487e-11
-6.5957326e-11
5.3962932e-12
-3.2556405e-11
-3.2194409e-11
8.0893502e-11
1.0844288e-10
2.3547152e-11
-1.918169e-11
-3.6086383e-11
-5.3493111e-11
-3.3147383e-12
2.07652e-11
-6.7163755e-11
-7.5597951e-11
8.611284e-11
1.0856744e-10
-3.4855834e-11
2.899052e-11
8.7435548e-11
8.9054051e-11
1.2223523e-10
-5.8826827e-11
5.2519983e-11
-6.1010348e-12
-2.5265549e-11
-1.188945e-10
-1.0050262e-10
-7.3349677e-11
-4.7118536e-11
6.8779824e-11
4.9067148e-11
5.5997552e-11
9.0421288e-11
7.1152688e-11
7.0061455e-11
8.9885111e-11
7.8996931e-11
1.8440085e-11
2.4081035e-11
-3.4424235e-11
2.7364304e-11
-5.9883477e-11
-1.0654032e-10
-4.7806371e-11
-1.102693e-10
2.0377107e-11
3.8038997e-11
-8.8827601e-11
-1.6721209e-10
-1.1811491e-10
-1.8387332e-10
1.4660651e-10
-2.6365347e-10
1.7072225e-10
-5.7649215e-10
3.7606401e-10
-3.5758193e-10
3.524246e-10
1.3013237e-10
-5.1387767e-10
-7.2996335e-10
-3.185276e-10
-6.8594779e-10
-1.1218827e-09
-4.3146444e-10
1.101209e-10
2.2348766e-10
3.8722103e-10
4.5208605e-10
2.7340387e-10
-1.0941738e-11
3.1226482e-11
1.0917171e-10
1.4845886e-10
2.4932051e-11
-2.2225557e-10
4.5540635e-11
4.0439578e-10
2.5312657e-10
7.4111247e-12
4.1161334e-11
1.0744828e-10
-2.5762126e-11
-9.788938e-11
6.0243771e-11
1.2926662e-10
4.5784447e-11
1.1818343e-11
3.2095642e-11
5.7005358e-11
3.9356013e-11
-7.7554386e-12
-3.1542878e-11
-4.2004438e-11
-2.1931867e-11
2.1736445e-11
2.0212158e-11
-2.3324012e-11
-1.7357144e-11
5.2791701e-11
9.8466339e-11
6.6828542e-11
-2.0844951e-12
-3.6468429e-11
-9.4714248e-12
3.5336846e-11
3.3115555e-11
-2.0813312e-11
-5.617063e-11
-1.4205276e-11
7.492085e-11
1.3235334e-10
1.285054e-10
1.0674383e-10
1.1659028e-10
1.5095746e-10
1.5936338e-10
1.1538146e-10
5.0903557e-11
1.3887949e-11
7.979708e-12
-9.1029158e-12
-6.3365859e-11
-1.2185131e-10
-1.3390834e-10
-8.900608e-11
-3.0265661e-11
-3.3054137e-12
-1.6005945e-11
-5.0514578e-11
-8.8584062e-11
-1.1784377e-10
-1.2524699e-10
-8.9852906e-11
-1.3532468e-11
6.1363259e-11
8.5420097e-11
4.6195296e-11
-1.326074e-11
-3.2896869e-11
1.5284746e-12
4.6561481e-11
4.3737174e-11
-1.9801308e-11
-9.7960109e-11
-1.3230867e-10
-1.0500691e-10
-4.9643557e-11
-1.4475143e-11
-1.8829319e-11
-4.4552363e-11
-6.1881587e-11
-5.7755403e-11
-4.1783893e-11
-3.0193539e-11
-2.7079825e-11
-2.2310613e-11
-5.643026e-12
1.8868403e-11
3.2153339e-11
1.4617522e-11
-3.4259235e-11
-8.877251e-11
-1.1171126e-10
-8.2653022e-11
-1.6784839e-11
4.5423382e-11
7.1622879e-11
6.4284344e-11
5.4438823e-11
6.6943932e-11
9.3422609e-11
1.0144977e-10
7.2149587e-11
2.4376497e-11
-2.6726205e-12
9.1150132e-12
3.7475316e-11
4.6510297e-11
2.9294601e-11
1.5622547e-11
3.2265006e-11
6.2990836e-11
6.1168768e-11
6.702024e-12
-5.9727299e-11
-7.4651916e-11
-2.4224811e-11
3.700258e-11
5.0015788e-11
2.2223137e-11
1.2819645e-11
4.8803244e-11
8.4558846e-11
6.5808627e-11
1.329331e-11
3.4087078e-12
6.2330126e-11
1.2057967e-10
1.027014e-10
3.2618626e-11
9.5849557e-14
2.8400315e-11
3.7117971e-11
-3.574351e-11
-1.2892881e-10
-1.3655583e-10
-6.2183098e-11
-1.2061224e-11
-3.0823541e-11
-3.7628861e-11
2.7921067e-11
8.8672933e-11
5.0085581e-11
-3.2297576e-11
-3.3959589e-11
2.959611e-11
3.146564e-11
-3.5949165e-11
-4.3392863e-11
2.9278781e-11
3.6433066e-11
-6.4537461e-11
-1.0830999e-10
-9.5272593e-12
7.2368277e-11
1.9086158e-11
-3.37195e-11
3.7818699e-11
1.1972912e-10
1.0820112e-10
1.0278516e-10
1.4851376e-10
1.1501667e-10
4.2974102e-12
-1.5567642e-11
2.4564472e-11
-3.6149242e-11
-1.0568204e-10
-4.3423569e-11
7.2436209e-12
-3.0177719e-11
1.5897997e-11
9.8390036e-11
2.5190751e-11
-5.2238005e-11
9.2685591e-12
2.2222207e-11
-1.5428055e-11
1.2631669e-11
-4.9424868e-11
-1.0194298e-10
5.8892574e-11
9.2285437e-11
-2.404614e-11
1.8875849e-11
1.2975051e-11
5.0439198e-11
8.5218631e-11
-7.4840819e-11
7.2803783e-11
3.6975595e-11
-1.6945828e-11
-6.2911737e-11
-3.7813116e-11
-7.101242e-11
-6.1084082e-11
2.5833782e-11
9.8334195e-12
3.5011142e-11
6.6384659e-11
5.7056539e-11
7.2781449e-11
7.5509909e-11
5.738038e-11
2.5930561e-11
-7.2222176e-12
-6.8257909e-11
-5.0425239e-11
-4.8421707e-11
1.9870636e-11
4.6455393e-11
6.7708872e-12
1.4189456e-11
-4.7229634e-11
-7.0855157e-11
-1.0462304e-10
-9.1129659e-11
-4.8123922e-11
-9.2397106e-11
-1.6871382e-11
-1.7390739e-10
1.1240454e-10
-4.409526e-10
2.348249e-10
-4.8294215e-11
5.5812356e-11
-4.1588564e-10
5.2930356e-11
4.8094885e-10
4.8133228e-10
-1.8700527e-10
)
;


// ************************************************************************* //
