/*--------------------------------*- C++ -*----------------------------------*\
| =========                 |                                                 |
| \\      /  F ield         | OpenFOAM: The Open Source CFD Toolbox           |
|  \\    /   O peration     | Version:  1912                                  |
|   \\  /    A nd           | Website:  www.openfoam.com                      |
|    \\/     M anipulation  |                                                 |
\*---------------------------------------------------------------------------*/
FoamFile
{
    version     2.0;
    format      ascii;
    class       volScalarField::Internal;
    location    "1.2";
    object      Susolid;
}
// * * * * * * * * * * * * * * * * * * * * * * * * * * * * * * * * * * * * * //

dimensions      [0 0 -1 0 0 0 0];


value           nonuniform List<scalar> 
11520
(
0
0
0
0
0
0
0
0
0
0
0
0
6.2714831e-38
8.8837196e-36
-1.3334399e-34
9.7228648e-34
4.582698e-33
6.6187194e-33
-1.1865738e-32
-1.1548598e-32
2.2977429e-32
1.5879736e-32
-1.8342707e-33
-5.1896981e-34
-1.1285466e-34
-3.3891301e-33
1.7468216e-33
-2.9216345e-35
4.2357474e-35
-1.78601e-34
-5.8744928e-35
1.018067e-35
8.4956654e-36
-6.3724864e-36
-6.1266264e-38
7.9327318e-38
4.2155892e-38
-2.7612462e-41
-1.6760723e-39
-1.4320227e-40
-1.5605635e-41
1.1537282e-41
-1.6342163e-42
7.1533545e-44
-1.7049024e-44
-1.3012629e-45
9.8773938e-46
-2.0315176e-47
-6.9546237e-49
-3.8095236e-49
-1.0502375e-49
-4.1596092e-51
5.5043647e-52
2.4146854e-51
1.2534549e-49
9.511152e-48
3.2626802e-46
1.0258649e-45
-6.7532994e-45
-1.1208571e-43
-9.0667746e-43
-2.7988832e-42
-1.4919232e-41
-1.0426667e-40
-2.042608e-40
9.290084e-41
-9.0106409e-41
-1.3814426e-39
1.8858541e-39
7.9641618e-39
-1.5018937e-39
-1.9135237e-38
-6.618028e-39
2.4533628e-38
1.2408603e-38
-3.0010157e-38
-4.5848421e-38
-1.9865788e-38
2.7830644e-38
4.7077282e-38
2.3626687e-38
-1.9567689e-39
-4.7433958e-39
2.5050216e-39
8.6341097e-39
1.1514596e-38
8.7303153e-39
3.105502e-39
-1.6779712e-40
-4.447332e-40
3.7881899e-41
1.2397409e-40
2.2439519e-41
-3.4581846e-42
1.5581829e-41
1.8013994e-41
8.0200405e-42
1.4297172e-42
-1.5735197e-43
-1.4783501e-43
-7.2953141e-44
-4.9859675e-44
-2.4992698e-44
-6.9279142e-45
-7.5570415e-46
-1.4842076e-48
-8.3578725e-47
-5.0865706e-47
-6.8142645e-48
3.547615e-48
1.7200824e-48
2.8296853e-49
4.5848524e-50
3.3219042e-50
1.9450942e-50
6.543994e-51
1.4262569e-51
2.1068551e-52
5.9434588e-55
-1.6371735e-53
-7.3272174e-54
-1.8402218e-54
-2.5819251e-55
-5.7681567e-57
5.1283972e-57
9.5306469e-58
6.0132669e-59
8.7873581e-62
-9.8590573e-62
-5.9188775e-63
-2.0722435e-64
-4.3740154e-66
-1.7536006e-68
2.3630883e-69
6.1585455e-71
-2.3921683e-72
-2.7536208e-73
-1.3374965e-74
-4.0185073e-76
-4.1512456e-78
4.1243936e-79
3.7156002e-80
2.0006075e-81
8.333751e-83
2.7924846e-84
7.1974736e-86
1.1202953e-87
-1.0793189e-89
-1.5066405e-90
-5.214334e-92
-2.1712102e-94
8.3393434e-95
5.4835103e-96
1.7616469e-97
1.2359119e-100
-3.5412072e-100
-2.4463225e-101
-1.0385158e-102
-3.1752716e-104
-7.5963032e-106
-1.8700569e-107
-6.9083015e-109
-2.6939552e-110
-5.6062997e-112
1.5090244e-113
9.9447075e-114
1.9984312e-113
2.0906672e-113
1.6411579e-113
1.1175387e-113
5.3238129e-114
2.4929717e-111
3.5929729e-111
3.9728837e-106
3.1809228e-105
7.2117967e-105
8.5931226e-103
4.0751121e-100
2.0269407e-98
1.1223063e-96
1.7343741e-96
1.8595279e-96
3.2122532e-96
2.4452116e-96
3.7029152e-97
-2.1570707e-97
-3.0821631e-98
-2.0529814e-99
-9.8065526e-101
-3.8805564e-102
-1.2548097e-103
-2.897065e-105
-5.1862232e-107
-2.8711968e-108
-2.1983148e-109
-8.847943e-111
-1.2616496e-112
4.5627439e-114
3.7634546e-115
1.995361e-116
9.5694144e-118
3.6182937e-119
1.1000347e-120
3.2966184e-122
9.1632657e-124
8.206452e-126
-9.6081504e-127
-6.8092799e-128
-3.0236169e-129
-9.5626989e-131
9.5906807e-133
3.0655563e-133
1.1609497e-134
8.8413227e-137
1.734085e-137
2.2662648e-138
1.2279699e-139
6.4652646e-141
3.9888801e-142
1.4882653e-143
-2.883314e-146
-2.9053838e-146
-1.3195946e-147
-2.9037898e-149
-1.7316429e-151
-3.7281422e-153
-1.6105282e-153
-5.2233795e-155
-1.4448224e-156
-1.3520934e-157
-2.8224953e-159
2.3511899e-161
9.376568e-162
3.2394613e-163
-1.0038368e-164
7.2965599e-166
1.0333446e-166
4.5225135e-144
6.9472026e-136
-2.8458443e-137
0
0
0
0
0
0
0
0
0
0
0
0
-9.9097121e-36
7.8838597e-34
-2.1435814e-32
-1.1799705e-31
-2.8597354e-31
4.3500757e-32
5.8022397e-31
-2.4695892e-31
-1.9643999e-30
8.4023663e-33
-9.601478e-31
-2.3620217e-30
1.2898206e-30
-2.2684215e-30
6.4182299e-31
-2.6988276e-30
-6.9427388e-31
2.2693455e-31
8.3099993e-31
-1.8574914e-30
1.4788813e-30
-4.8330801e-31
3.2315977e-31
-1.5293632e-31
-1.0441122e-31
-1.2555475e-31
-3.6564221e-32
3.2564663e-32
-1.1927275e-32
-9.2350323e-33
-4.0337416e-33
1.2095703e-33
3.7868969e-34
-2.4994283e-34
-1.780854e-34
-4.7315272e-35
-1.2177597e-35
-9.5603657e-37
1.6934034e-36
6.8233551e-37
-7.7186182e-38
7.8534865e-40
2.0737367e-38
7.9480709e-40
-7.247027e-40
1.195104e-40
4.4991033e-41
-3.2312471e-42
-4.6508644e-42
2.4442433e-40
4.2335519e-40
2.4990623e-40
7.7382427e-39
9.7469858e-39
-4.301989e-39
2.6660475e-37
8.3312603e-37
-1.5119162e-37
-3.2886468e-36
-3.4651971e-36
5.8988884e-37
-8.7483004e-37
-1.1109226e-35
-1.9170629e-35
-1.0491412e-35
1.7671651e-35
4.098713e-35
4.1350498e-35
3.0285308e-35
2.3335213e-35
2.1445058e-35
2.3124197e-35
2.5726734e-35
2.1044456e-35
1.0064484e-35
2.37775e-36
1.0369735e-36
1.6999017e-36
1.3281269e-36
5.0382968e-37
1.6796573e-37
1.6942906e-37
1.4606513e-37
6.4953557e-38
1.0186387e-38
-3.8217289e-39
-3.0311379e-39
-1.8358562e-39
-1.3164695e-39
-6.9842006e-40
-2.0794052e-40
-2.2442761e-41
-2.8673135e-42
-8.6190439e-42
-5.7392653e-42
-1.4428133e-42
7.7522501e-44
1.3370677e-43
2.5715452e-44
1.0946734e-45
4.1625811e-45
3.7252664e-45
1.5580598e-45
3.9892587e-46
4.5100931e-47
-2.3196543e-47
-2.1200119e-47
-9.923271e-48
-3.0189317e-48
-5.2771294e-49
1.3548627e-51
3.0532856e-50
9.068674e-51
1.1270045e-51
-5.8953365e-53
-4.5097818e-53
-8.5654778e-54
-1.0214467e-54
-7.4162866e-56
-9.0470978e-58
4.5534241e-58
1.7404311e-59
-1.4362995e-59
-4.13132e-60
-6.6769667e-61
-6.9985278e-62
-2.5545712e-63
9.0812922e-64
2.9167838e-64
5.5954627e-65
8.2763655e-66
9.7681442e-67
8.7213714e-68
4.4191915e-69
-2.2674789e-70
-8.1996239e-71
-8.0973366e-72
3.7379344e-73
2.8667529e-73
5.5612809e-74
5.4156727e-75
-1.9175744e-76
-1.9158971e-76
-4.3160476e-77
-6.3730472e-78
-7.0132408e-79
-6.2901421e-80
-5.8186132e-81
-7.1266311e-82
-8.774559e-83
-5.8656721e-84
5.3686764e-85
2.159826e-85
3.4014376e-86
3.9852765e-87
4.9990123e-88
7.5514175e-89
1.0553172e-89
1.1882418e-90
1.4020959e-91
2.6284743e-92
5.4937595e-93
9.0074121e-94
1.155193e-94
3.1922682e-94
9.2649589e-92
6.2076471e-90
9.5298558e-88
2.1972172e-87
3.647924e-87
3.1201794e-87
-2.09799e-88
-2.1932925e-87
-1.5989419e-87
-5.6578657e-88
-1.1634149e-88
-1.413086e-89
-1.2339225e-90
-8.681472e-92
-5.6715361e-93
-6.9703583e-94
-1.101128e-94
-1.0469194e-95
-2.4141044e-97
6.7578073e-98
1.1900872e-98
1.6514836e-99
2.2953419e-100
2.6158599e-101
2.4273695e-102
2.1816552e-103
1.6913225e-104
3.1496275e-106
-1.3114206e-106
-1.8220878e-107
-1.3364623e-108
-9.0155656e-110
-2.7818812e-111
1.2631966e-111
2.6734148e-112
2.4106963e-113
1.4839738e-114
2.043931e-115
3.6276473e-116
4.48793e-117
3.3737699e-118
-8.8511895e-120
-2.0611894e-120
6.379975e-121
1.0590065e-121
4.1520714e-123
-5.683676e-125
-1.2551293e-124
-3.132731e-125
-4.986179e-126
-6.2908696e-127
-3.2305573e-128
1.9487719e-129
5.0916988e-130
5.1862001e-131
4.0427608e-132
2.8970114e-133
1.5187235e-134
-7.9228417e-136
-3.4857074e-136
-1.9852033e-137
2.2200744e-128
-7.3580487e-130
0
0
0
0
0
0
0
0
0
0
0
0
-1.1267628e-33
7.5084068e-32
8.0423012e-31
4.0440799e-30
2.1480843e-30
-4.0254815e-30
6.9436972e-29
1.2411342e-28
6.3470007e-29
-1.5045014e-28
-2.6979976e-28
5.8175516e-29
-8.3511276e-29
1.8092032e-28
-2.7768295e-28
-1.4132528e-28
4.9190589e-30
1.6155125e-29
1.9179749e-28
-1.2716473e-28
-1.4969668e-28
-1.6834836e-28
6.2408541e-30
-9.59675e-29
3.0193066e-29
2.2882435e-29
8.5941095e-30
-2.9562257e-29
3.7388843e-29
-5.6420278e-32
-2.6865186e-30
3.1901401e-31
-5.6742958e-30
3.1309597e-30
1.38448e-30
1.0274806e-30
1.1906458e-30
-9.9023708e-32
-5.102514e-31
-6.9920775e-32
-1.3234508e-32
-5.305017e-32
-1.4705093e-32
4.0532947e-33
1.0943649e-33
-2.1002129e-34
1.4125846e-34
1.0092751e-34
-6.8140933e-36
-7.0971232e-36
8.2200387e-37
-1.0682757e-37
-5.4184282e-37
-6.2717763e-37
-3.7639159e-37
-3.293009e-36
-2.6456884e-35
-6.7300819e-35
-5.6535757e-35
-5.9348624e-35
-3.4366046e-34
-8.4748095e-34
-1.0366212e-33
-6.3568152e-34
7.9305841e-34
3.1567451e-33
4.1103288e-33
1.5956449e-33
-1.9363192e-33
-2.5488178e-33
-3.1810546e-34
1.8279741e-33
1.8751919e-33
3.7327715e-34
-8.1500329e-34
-7.720501e-34
-1.2192527e-34
2.3543097e-34
1.8479333e-34
6.5660103e-35
3.1443765e-35
2.6978249e-35
1.0872797e-35
-3.6664748e-36
-6.3462824e-36
-3.6170075e-36
-1.7216074e-36
-9.3804006e-37
-2.3846005e-37
2.7194921e-37
3.30135e-37
1.4302168e-37
-1.0799845e-39
-3.4135526e-38
-1.828661e-38
-4.1638561e-39
-7.8475072e-41
1.586989e-41
-1.6958915e-40
-9.5846034e-41
-2.2302208e-41
3.1988371e-43
1.3766647e-42
-5.138106e-43
-1.0988842e-42
-9.0939298e-43
-5.2908962e-43
-2.19853e-43
-6.0412161e-44
-7.3088329e-45
2.1697861e-45
1.4137149e-45
3.2044559e-46
-9.2392285e-48
-3.2567338e-47
-1.2373134e-47
-2.7087689e-48
-3.3302641e-49
9.320274e-51
1.4162006e-50
2.5261607e-51
-3.1871401e-52
-3.4454899e-52
-1.2706099e-52
-3.1971238e-53
-5.6913759e-54
-4.6652933e-55
1.4885288e-55
9.216456e-56
3.0267826e-56
7.3719286e-57
1.3905484e-57
1.9404622e-58
1.6348911e-59
1.1182828e-61
1.3014686e-61
2.4633452e-61
1.2716426e-61
4.1564132e-62
9.254565e-63
1.0412006e-63
-1.9251991e-64
-1.4402827e-64
-4.5440098e-65
-9.9373213e-66
-1.7093577e-66
-2.7699812e-67
-5.4052105e-68
-1.1669234e-68
-1.9024723e-69
-9.5727964e-71
4.7693735e-71
1.5296534e-71
2.343208e-72
3.1380375e-73
9.7746147e-74
3.4620619e-74
8.4185019e-75
1.6664632e-75
4.2097619e-76
1.358912e-76
3.7806882e-77
8.0765053e-78
1.4878288e-78
3.0013895e-79
6.6221166e-80
1.3233139e-80
4.3814287e-79
6.355097e-79
7.0237099e-79
2.102833e-79
-4.4022705e-79
-5.5528182e-79
-3.1856726e-79
-1.1931769e-79
-3.4858747e-80
-8.3199648e-81
-1.4666155e-81
-1.814299e-82
-2.4661112e-83
-4.8276081e-84
-7.9371408e-85
-6.0586477e-86
2.0776244e-87
4.439011e-88
7.9263908e-89
8.4619234e-89
3.1500281e-89
6.9204234e-90
1.2088655e-90
1.7695018e-91
1.5039291e-92
-8.6320323e-94
-4.5943035e-94
-7.1671598e-95
-7.7876719e-96
-4.5130388e-97
6.0799219e-98
1.545718e-98
3.2763849e-99
1.4758207e-99
4.2239608e-100
7.405029e-101
1.1771219e-101
2.1815071e-102
2.4762297e-103
-2.4711161e-104
-1.1661355e-104
-1.1097746e-105
8.4254544e-108
7.7775967e-108
-1.9333035e-108
-1.5535786e-108
-1.9725715e-109
-1.9800706e-110
-9.4451757e-111
-1.1703612e-111
-1.3260307e-112
4.1482523e-114
2.4429072e-114
5.7165622e-116
2.6673015e-115
5.6577179e-116
9.8204278e-117
9.380506e-119
-8.7084076e-119
1.747199e-119
-2.3149854e-120
0
0
0
0
0
0
0
0
0
0
0
-1.8733416e-36
-4.3431105e-32
1.315042e-30
1.4447166e-29
2.4471226e-29
2.6773901e-29
-5.1432643e-28
8.102566e-28
3.9213711e-28
-1.1191487e-27
-1.0781436e-26
-2.4824403e-27
1.9472514e-26
-8.8418434e-27
9.7697451e-28
-7.4263999e-27
8.2924284e-27
4.7496961e-27
-4.043323e-27
-7.2548986e-27
6.2881489e-27
-1.8756932e-27
-2.619791e-27
5.6687543e-27
1.098355e-27
-7.9986641e-28
-3.3324766e-27
6.5103966e-28
-6.2411367e-28
-6.9263749e-28
-9.9660296e-28
-1.1918482e-28
-4.7991606e-28
9.9354845e-30
6.1369568e-29
2.6686007e-28
-1.0106675e-29
-7.2098917e-29
-5.3813265e-29
-3.8916228e-29
8.1785403e-29
6.2489422e-29
-1.319724e-29
1.9760149e-30
4.2302364e-30
-1.1125856e-29
-7.6584098e-30
-1.2341534e-30
-8.4734305e-32
3.3709419e-31
3.7235712e-31
1.7953824e-31
8.5799581e-32
5.5126807e-32
2.3176479e-32
4.2222092e-33
1.7118922e-34
4.860322e-34
8.9087669e-34
1.4957669e-33
2.3402048e-33
2.7374813e-33
3.8625221e-33
1.0174187e-32
3.0987772e-32
8.9682728e-32
1.6876719e-31
1.4062421e-31
-3.6407113e-32
-1.6355764e-31
-9.7563893e-32
3.7029472e-32
6.5809298e-32
-4.1503286e-33
-6.087909e-32
-5.7062478e-32
-2.3775033e-32
1.1340963e-33
6.5346105e-33
-1.6968713e-33
-1.3949651e-32
-2.1557984e-32
-2.0691062e-32
-1.4272606e-32
-7.5923957e-33
-3.4381048e-33
-1.5730348e-33
-7.1056364e-34
-1.0563876e-34
2.7282857e-34
3.2939999e-34
1.8241557e-34
3.1445864e-35
-2.9219707e-35
-2.6088874e-35
-9.0474326e-36
-4.7443795e-37
6.709354e-37
5.6891762e-38
-2.3848768e-37
-1.5951121e-37
-5.396738e-38
-1.3327141e-38
-6.287854e-39
-6.7899531e-39
-6.2322847e-39
-4.1444588e-39
-2.0193117e-39
-7.0321923e-40
-1.4632347e-40
4.6330139e-42
1.5629151e-41
4.2323786e-42
-9.2417561e-43
-1.1777485e-42
-4.5645267e-43
-5.6924221e-44
3.9380596e-44
3.1576003e-44
1.3296371e-44
3.8450592e-45
6.9125556e-46
-1.7688002e-47
-7.8530597e-47
-4.0773528e-47
-1.4357691e-47
-3.6953786e-48
-5.1207579e-49
1.2506853e-49
1.2842214e-49
5.8424828e-50
1.9335036e-50
5.2751821e-51
1.3744423e-51
4.2104906e-52
1.5882623e-52
6.2989163e-53
2.353756e-53
8.0502091e-54
2.4311529e-54
5.7578285e-55
6.2306705e-56
-2.8393038e-56
-2.1437202e-56
-8.2278624e-57
-2.2922161e-57
-5.4758732e-58
-1.4023227e-58
-4.1219935e-59
-1.0840785e-59
-1.8046813e-60
-2.7286834e-62
5.1833452e-62
-2.4917429e-63
-7.661796e-63
-1.8636756e-63
2.3393216e-64
2.6550556e-64
8.920376e-65
2.6366396e-65
1.0731932e-65
4.4589049e-66
1.4510931e-66
3.9069479e-67
1.1019815e-67
3.4882735e-68
9.5085028e-69
1.7070321e-69
1.6290199e-70
2.6036111e-71
6.6144605e-72
-4.6179098e-71
-6.6932534e-71
-4.4802145e-71
-2.0074664e-71
-7.8122321e-72
-2.9493293e-72
-9.4003773e-73
-2.1738361e-73
-3.7158379e-74
-6.3805115e-75
-1.2434708e-75
-1.634457e-76
-2.6414096e-77
-2.027564e-77
-8.5753748e-78
-1.3666559e-78
1.9887294e-79
1.6748974e-79
5.4503678e-80
1.2574589e-80
1.7275743e-81
-4.0875398e-83
-6.5522721e-83
-1.2001972e-83
-2.1590086e-84
-5.1896041e-85
2.1273503e-86
4.5430831e-86
8.4171876e-87
1.3154003e-87
8.4968812e-88
2.9525446e-88
4.7391255e-89
4.2295695e-90
5.3999386e-91
2.8850649e-91
1.2307165e-91
2.0435315e-92
7.721823e-94
-1.1131658e-94
-3.3255522e-94
-1.9553679e-94
-5.9573207e-95
-9.1334292e-96
-1.2640212e-97
-4.7640405e-98
-7.0136141e-98
-2.2701374e-98
2.5669411e-99
1.8953282e-99
4.0561694e-100
8.5751131e-101
2.5764725e-101
5.102299e-102
-8.6646851e-103
-2.0337645e-103
1.6158306e-103
-1.8900741e-104
0
0
0
0
0
0
0
0
0
0
0
4.7709671e-34
5.9946696e-30
5.7294891e-30
3.6843445e-28
1.1795519e-27
5.1426319e-28
7.1252171e-27
4.2274858e-26
-1.3819282e-26
-6.7428509e-28
-6.2983146e-26
-7.1882741e-27
3.2517615e-26
-3.1427935e-26
1.2888399e-25
-8.5973739e-27
1.4721567e-25
-2.431502e-25
2.6189718e-25
-1.5482884e-25
5.0869771e-26
1.4561835e-26
9.0680175e-26
-2.2568797e-26
4.436625e-26
-8.4954808e-27
-3.8250048e-27
-5.1765407e-26
1.2991682e-25
7.2057349e-26
-8.0408824e-27
1.9690882e-26
2.8479181e-26
3.6367852e-26
1.228137e-26
-7.7477583e-27
-6.5110007e-27
-1.4897671e-27
1.1437593e-26
8.7990243e-27
-2.8815157e-27
-1.4572574e-27
7.2025706e-28
-2.6909975e-27
-2.3226853e-27
6.9710819e-28
7.0892705e-28
1.4114289e-28
7.4593503e-28
7.8399987e-28
2.4812193e-28
1.0913884e-29
5.1976708e-29
3.8655253e-29
-1.7677088e-29
-2.5964511e-29
-9.9551892e-30
-2.3957813e-30
-1.1912851e-30
-7.730034e-31
-1.5923998e-31
2.2267504e-31
5.2866657e-31
1.0719996e-30
2.3795099e-30
4.5002504e-30
5.1597022e-30
2.2575874e-30
-1.0659819e-30
2.7964251e-32
4.2519377e-30
6.3247123e-30
5.0972978e-30
3.4473992e-30
2.4749177e-30
1.1589622e-30
-2.5603406e-31
-5.3717281e-31
5.2515587e-32
1.1026263e-31
-6.502136e-31
-1.2280318e-30
-1.0126668e-30
-4.0756685e-31
-1.1454824e-32
5.7285765e-32
1.2101652e-32
1.4030616e-32
5.7315287e-32
7.8403236e-32
5.7687747e-32
2.2765623e-32
1.5878027e-34
-5.5840545e-33
-3.2715257e-33
-6.745291e-34
1.5606026e-34
1.3344965e-35
-1.7526284e-34
-1.6343871e-34
-7.9706339e-35
-2.4984972e-35
-9.6634395e-36
-1.0344467e-35
-1.0497154e-35
-7.5076354e-36
-3.94402e-36
-1.491672e-36
-3.503071e-37
-3.1649403e-38
-1.6871165e-38
-3.8852022e-38
-3.5192809e-38
-1.8541685e-38
-5.3306376e-39
4.0345125e-40
1.4437544e-39
9.4346194e-40
3.9769002e-40
1.178878e-40
1.9499938e-41
-3.9076262e-42
-5.6443244e-42
-3.5803932e-42
-1.8433364e-42
-8.4044765e-43
-3.3955027e-43
-1.183777e-43
-3.4555829e-44
-8.2067995e-45
-1.4806876e-45
-1.9697476e-47
2.7851503e-46
2.8423121e-46
1.9468817e-46
1.0166231e-46
4.23912e-47
1.4786038e-47
4.5998606e-48
1.3424343e-48
3.3163201e-49
2.7699708e-50
-3.5613328e-50
-2.7762264e-50
-1.2412866e-50
-4.2567602e-51
-1.38048e-51
-5.0272226e-52
-1.8751402e-52
-5.7626926e-53
-1.3320787e-53
-3.3364249e-54
-1.7695788e-54
-9.9846486e-55
-3.7166238e-55
-7.6838423e-56
-2.5216798e-57
2.9461023e-57
9.7220265e-58
6.1083616e-58
5.1328327e-58
2.839482e-58
1.124801e-58
3.9781991e-59
1.4849816e-59
5.1452165e-60
1.2358171e-60
1.1667318e-61
-2.3584273e-62
-6.1760309e-63
-2.3526727e-63
-3.8825336e-63
-2.8185242e-63
-1.2656146e-63
-5.0686194e-64
-2.3018198e-64
-9.8537715e-65
-3.0870964e-65
-6.2285957e-66
-7.6394194e-67
-6.4704868e-68
-3.8828643e-69
-1.2688963e-68
-1.9944295e-68
-1.2825984e-68
-4.2148033e-69
-5.0541524e-70
1.8404562e-70
1.2763095e-70
4.5617537e-71
1.0163467e-71
1.3231482e-73
-7.3382212e-73
-1.7672189e-73
3.1652679e-75
4.0982085e-76
-3.4445297e-75
-2.6747372e-76
6.4938459e-76
3.6994138e-76
1.59872e-76
6.423247e-77
1.9284288e-77
3.964365e-78
2.2539201e-79
-2.7437197e-79
-5.860062e-80
2.9086766e-80
1.0676416e-80
4.6607431e-82
-4.4051658e-82
-3.5234689e-82
-8.5530825e-83
-1.5462027e-83
-8.6453382e-84
-1.6291655e-84
-7.5582501e-85
-2.1925803e-85
-4.1157698e-87
2.047147e-86
1.5253252e-86
2.6354657e-87
2.3459478e-88
-2.4559527e-88
-1.2348367e-90
1.538132e-90
4.3589131e-90
1.345666e-90
-4.0624962e-91
0
0
0
0
0
0
0
0
0
0
0
-7.1832181e-32
1.5051742e-28
-1.9546689e-27
-6.9629873e-27
2.0095401e-27
-5.0094004e-27
2.6893375e-25
-5.343458e-25
-9.2451899e-25
3.7695329e-24
6.5196546e-25
5.5132112e-24
-4.5724048e-24
-6.4614642e-24
2.1385947e-24
1.5836951e-24
2.711873e-24
-1.3365404e-23
1.1321108e-23
3.1318348e-24
3.9804538e-24
-1.577766e-23
2.1001842e-24
-2.0073449e-24
-4.3951102e-25
-1.8453411e-24
3.0071387e-24
1.2836774e-24
-6.1480572e-26
4.2648689e-25
-2.7547028e-26
-1.1471643e-24
-1.2215013e-25
-1.8133998e-25
-3.5722356e-25
1.8594842e-25
2.2525015e-25
-1.2681951e-25
-4.8760643e-26
6.4791821e-26
3.0318553e-26
2.6045122e-26
1.9754329e-26
4.7832608e-27
2.5812889e-26
2.6451526e-26
7.7737723e-28
-1.0042875e-26
-7.9369686e-27
-1.4031022e-26
-1.5872132e-26
-7.2660118e-27
-6.3057953e-28
-1.2208286e-28
1.8278006e-29
6.8411775e-28
6.6870576e-28
5.0633972e-28
4.1590912e-28
3.0915726e-28
2.2209946e-28
1.616867e-28
8.8751706e-29
3.9062511e-29
5.0421342e-29
8.8486909e-29
8.953835e-29
5.5175439e-29
5.5765106e-29
1.1218292e-28
1.6249615e-28
1.797007e-28
2.0465428e-28
2.3140429e-28
1.9643362e-28
1.0326997e-28
3.5039684e-29
3.2410913e-29
4.6938487e-29
2.7970059e-29
-8.8304342e-30
-2.1093184e-29
-2.4986535e-30
1.909563e-29
2.2966831e-29
1.351756e-29
4.6987284e-30
2.2787758e-30
2.9993459e-30
2.9342436e-30
1.5473529e-30
1.4951434e-31
-4.6015212e-31
-4.817578e-31
-3.234895e-31
-2.0986009e-31
-1.6614182e-31
-1.3325744e-31
-9.5189958e-32
-5.5646539e-32
-2.8951774e-32
-1.7398845e-32
-1.3743952e-32
-1.129498e-32
-7.8949752e-33
-4.4392441e-33
-1.9986159e-33
-7.3896434e-34
-2.7379024e-34
-1.5770162e-34
-1.2469296e-34
-8.799812e-35
-4.6161742e-35
-1.4166896e-35
1.8764897e-36
5.7988811e-36
4.3818043e-36
2.1834785e-36
7.9334521e-37
2.0094639e-37
2.1795311e-38
-1.2365855e-38
-1.2746114e-38
-9.2020266e-39
-6.2231553e-39
-3.853499e-39
-2.1020747e-39
-9.9807772e-40
-4.1604275e-40
-1.5391822e-40
-4.6999098e-41
-5.1748643e-42
9.092273e-42
1.0699928e-41
7.4733944e-42
3.8612182e-42
1.5561191e-42
5.114043e-43
1.542944e-43
5.2752527e-44
2.0440513e-44
6.5739808e-45
1.0229674e-45
-2.7974858e-46
-2.2341835e-46
-7.4219861e-47
-3.2403305e-47
-2.5131941e-47
-1.5963002e-47
-7.4629705e-48
-3.3434156e-48
-1.8951342e-48
-1.1225262e-48
-5.2427259e-49
-1.7142241e-49
-3.8711703e-50
-9.6069359e-51
-5.1520606e-51
-2.2794201e-51
-1.7826567e-52
4.4098498e-52
3.2648953e-52
1.4582396e-52
5.6406913e-53
2.0707297e-53
5.6378754e-54
3.9348577e-55
-3.4581392e-55
-6.8837378e-56
3.6889217e-56
5.4339775e-57
-1.5405918e-56
-1.1726737e-56
-5.4319391e-57
-2.6080617e-57
-1.3173064e-57
-5.0306924e-58
-1.0738976e-58
-7.834128e-61
6.4438994e-60
1.8843864e-60
-1.6396429e-61
-8.5497372e-61
-7.6703732e-61
-3.706681e-61
-9.5304473e-62
-3.5407837e-63
7.5060574e-63
3.6977065e-63
9.3340421e-64
-5.3664453e-65
-1.4976451e-64
-4.5594868e-65
6.0026776e-67
3.2381636e-66
8.9886536e-67
2.0655651e-67
4.332048e-68
8.7757738e-68
1.0748118e-67
5.6352474e-68
1.569138e-68
3.4221724e-69
1.1887354e-69
3.866039e-70
3.7444133e-71
-1.250715e-71
-3.1990931e-73
-2.149141e-73
-1.2805921e-72
-7.9874657e-73
-3.009013e-73
3.6051759e-75
1.2105977e-74
-1.3132095e-74
-7.3942965e-75
-2.6958417e-75
-3.3705752e-77
1.9152405e-76
7.9125086e-77
2.4129183e-77
2.5487482e-78
2.0814646e-78
-1.6191996e-79
8.2342692e-81
4.5657181e-80
1.7643708e-80
3.8606573e-81
-3.8813078e-81
0
0
0
0
0
0
0
0
0
0
0
-4.6642465e-30
4.5260579e-27
-1.3874458e-27
-6.1718258e-26
-2.5824016e-25
1.7519858e-25
5.3498555e-24
-8.0257465e-24
-2.1540195e-23
-1.0455084e-22
-7.8921996e-23
9.4601659e-23
1.0154186e-22
-2.4480416e-22
-3.2886656e-22
4.0785077e-22
1.0984617e-22
-1.7044969e-22
-3.6911674e-23
-2.8173928e-22
2.2073626e-22
-1.0365916e-22
5.5812003e-23
-1.7629253e-23
-7.8677273e-23
-1.941714e-23
-1.111909e-22
-1.6683526e-23
-6.5858151e-23
-6.7402555e-23
2.6313032e-24
1.8091405e-23
2.5501664e-24
8.8412227e-24
-8.2578977e-24
-1.0189829e-23
2.5778419e-24
1.816089e-24
-1.9430151e-24
-2.6490915e-25
6.5795193e-25
4.7554459e-25
5.8101064e-25
2.207365e-25
-2.7063653e-25
-3.2418391e-25
-1.6218005e-25
-9.9037323e-26
-9.2321926e-26
-5.6774172e-26
-5.4680238e-27
2.8400024e-27
-1.4028843e-26
-1.6365879e-26
-6.7147734e-27
-3.1485486e-27
-5.6538614e-27
-9.2715281e-28
6.5102115e-27
6.8501355e-27
4.1097212e-27
2.4474942e-27
3.5863757e-28
-1.2000825e-27
-3.5114358e-28
1.3888192e-27
2.0883156e-27
2.0661891e-27
2.2557346e-27
2.4001101e-27
2.1617164e-27
2.0779634e-27
2.0919305e-27
1.5202761e-27
-3.8289682e-29
-1.3083393e-27
-1.1062349e-27
5.4536817e-29
7.2724666e-28
4.1869849e-28
-9.7225078e-29
-7.5923174e-29
3.2799078e-28
5.4075253e-28
3.6740146e-28
7.1051413e-29
-7.8804799e-29
-6.3360824e-29
-6.5452038e-31
3.2957131e-29
3.8431373e-29
3.2007884e-29
2.1503188e-29
9.7102297e-30
2.7642574e-31
-3.435619e-30
-2.7554717e-30
-2.5182856e-31
1.7513285e-30
2.219357e-30
1.3368134e-30
3.5104118e-32
-8.1097589e-31
-9.5429451e-31
-6.7339669e-31
-3.3969656e-31
-1.3337231e-31
-5.3361363e-32
-3.7688888e-32
-3.7302442e-32
-3.1965142e-32
-2.0533384e-32
-8.5114156e-33
-4.2192484e-34
2.7954864e-33
2.7949094e-33
1.6806373e-33
6.9961843e-34
1.8056395e-34
2.6213799e-37
-3.0546342e-35
-2.2705798e-35
-1.3963395e-35
-9.4372944e-36
-6.8852308e-36
-4.8222944e-36
-3.0300576e-36
-1.6897603e-36
-8.4848733e-37
-3.8561416e-37
-1.4503578e-37
-2.493132e-38
2.4966574e-38
3.349263e-38
2.3622959e-38
1.1459087e-38
3.8393895e-39
7.9493818e-40
9.7856286e-41
6.4867972e-41
6.8239608e-41
3.7072227e-41
1.2262906e-41
4.068783e-42
2.8142595e-42
1.9061644e-42
7.1431888e-43
-1.0832551e-44
-2.0097259e-43
-1.6775711e-43
-1.0847816e-43
-6.4880458e-44
-3.3480175e-44
-1.3481195e-44
-4.2720171e-45
-1.5644581e-45
-9.7291015e-46
-5.7919353e-46
-2.0524283e-46
-6.1477158e-48
3.7427683e-47
2.3981645e-47
9.2563869e-48
2.802528e-48
6.0707093e-49
-5.2655781e-50
-9.5330314e-50
1.1406528e-50
4.9726929e-50
2.6712025e-50
2.7585872e-51
-4.011182e-51
-2.8257677e-51
-1.3041968e-51
-6.2724991e-52
-2.6509208e-52
-5.5658391e-53
1.3126881e-53
1.2962713e-53
3.9313629e-54
3.9072021e-55
-5.9648248e-55
-8.1595517e-55
-5.6052977e-55
-2.2370575e-55
-5.1060654e-56
-5.9589303e-57
-1.0756338e-58
-5.216236e-59
-5.7958615e-58
-5.8453482e-58
-1.9773468e-58
8.7127168e-60
7.9104826e-60
-9.4893431e-60
-2.3591317e-60
2.4631386e-60
1.6790604e-60
9.0651015e-61
5.9665582e-61
2.5364573e-61
5.6505965e-62
7.7877785e-63
1.8164286e-63
1.6762026e-63
9.2484743e-64
-9.0707152e-65
-1.8120323e-64
-2.9000329e-65
6.4676322e-67
2.7913762e-66
1.2313462e-67
-1.1769595e-66
-5.4920016e-67
-4.1471904e-67
-1.6807421e-67
-1.8559031e-68
1.4312547e-68
1.0694954e-68
1.1373606e-69
-1.4528719e-70
-8.8458298e-71
1.6881837e-70
5.4249646e-71
7.2640274e-72
-6.1711673e-72
-6.9269288e-73
2.4627546e-73
-1.519655e-73
0
0
0
0
0
0
0
0
0
0
0
-4.1006199e-29
6.0509131e-26
-3.0834315e-25
2.6716945e-24
-3.2659488e-23
-7.7473897e-23
2.7973343e-22
5.0403466e-22
3.6542939e-22
-2.7190189e-21
-3.1542333e-22
8.1249363e-23
2.7972363e-21
3.7489493e-21
-7.295366e-21
-6.8742815e-23
-7.8145503e-22
4.9651074e-21
7.887773e-21
-4.8162907e-21
-3.2459285e-21
-1.8564992e-21
1.0334878e-21
-3.5436173e-22
-4.0851355e-21
-1.3318626e-21
5.7808793e-22
-2.7667222e-22
8.9741404e-22
1.0419788e-21
-2.9272521e-22
-6.6013041e-22
-1.3425192e-22
1.2201372e-22
3.3952391e-23
-5.3594062e-23
-1.9619561e-23
4.0638675e-23
3.7707886e-23
-6.1754102e-24
-3.6856153e-23
-2.9589821e-23
-9.907937e-24
-8.1080471e-25
2.6735639e-24
5.1640594e-24
4.5679832e-24
2.5033008e-24
1.2463858e-24
9.4428337e-25
7.5673381e-25
3.5031448e-25
-7.7374734e-27
-1.2435199e-25
-1.8866505e-25
-2.682507e-25
-2.3733409e-25
-1.1118342e-25
-3.7940947e-26
-4.208955e-26
-4.6103213e-26
-3.3352006e-26
-3.0413001e-26
-1.0169506e-26
3.1792039e-26
5.7910168e-26
4.8125694e-26
2.7692161e-26
2.007605e-26
2.505586e-26
3.4561079e-26
4.0852268e-26
3.5556757e-26
1.4596574e-26
-8.3419135e-27
-1.6261202e-26
-7.8162901e-27
3.6352741e-27
5.6506347e-27
4.3179812e-28
-2.0637444e-27
1.2436053e-27
5.1022116e-27
4.4018629e-27
5.3374615e-29
-3.8807996e-27
-5.1888835e-27
-4.5330225e-27
-3.1968902e-27
-1.7855168e-27
-7.2414693e-28
-2.6802834e-28
-3.8036171e-28
-6.5614246e-28
-7.3442307e-28
-5.5138957e-28
-2.4342832e-28
9.185946e-30
1.2518687e-28
1.0952614e-28
3.1949048e-29
-3.5471088e-29
-6.0463386e-29
-4.9562051e-29
-2.6732719e-29
-1.0101614e-29
-3.3155312e-30
-2.224747e-30
-2.5764515e-30
-2.440333e-30
-1.636631e-30
-6.2495286e-31
1.6097202e-31
5.3482559e-31
5.4671345e-31
3.7659868e-31
1.9019353e-31
6.6988165e-32
1.0625677e-32
-5.5510267e-33
-6.0565165e-33
-3.513809e-33
-1.8379733e-33
-1.2100168e-33
-1.0099824e-33
-8.2991269e-34
-5.8795444e-34
-3.5452224e-34
-1.8651137e-34
-8.2601758e-35
-1.9409808e-35
1.7132852e-35
3.1022201e-35
2.7715477e-35
1.683124e-35
6.9573544e-36
1.5916867e-36
-7.1741484e-38
-1.264955e-37
6.1462395e-38
1.0685557e-37
6.9755532e-38
3.7150336e-38
2.4090155e-38
1.7131466e-38
9.7990545e-39
3.6572563e-39
3.9258564e-40
-5.9187519e-40
-6.0007249e-40
-4.0198763e-40
-2.2628872e-40
-1.0666835e-40
-4.294203e-41
-1.9618553e-41
-1.3502949e-41
-9.5579499e-42
-4.8591188e-42
-1.3611458e-42
7.3556527e-44
2.447018e-43
9.5799913e-44
5.5569125e-45
-1.2729557e-44
-8.8825602e-45
-3.0287851e-45
1.0518591e-45
2.3256446e-45
1.555235e-45
4.6542696e-46
-4.710418e-47
-1.0590138e-46
-5.2172051e-47
-2.082034e-47
-9.102995e-48
-2.4350994e-48
6.7500398e-49
8.575151e-49
3.040436e-49
5.9615705e-50
1.4470152e-50
-1.186453e-50
-2.4831273e-50
-1.7553498e-50
-7.7574488e-51
-3.4692477e-51
-1.8250285e-51
-7.4471443e-52
-2.0799114e-52
-7.5446174e-53
-3.7482976e-53
-8.5830927e-54
-1.666711e-54
-4.2882562e-54
-3.1957572e-54
-3.7057404e-55
7.419437e-55
5.8686204e-55
2.746932e-55
1.0290595e-55
3.3273579e-56
1.1881943e-56
4.259141e-57
5.1739501e-58
-9.0923613e-59
-2.1420471e-59
-1.2602689e-58
-6.4925859e-59
6.0663819e-60
9.6808816e-60
5.1529784e-60
-3.8930448e-61
-1.9365523e-60
-7.0106127e-61
-2.3187648e-61
-1.0433319e-62
1.3932028e-62
7.9436364e-63
5.7910527e-63
3.5044742e-64
3.7938685e-64
1.9958851e-64
2.6382932e-64
6.1290679e-65
-2.2478743e-65
-1.3606936e-65
1.0317643e-66
1.0414169e-66
-2.3218965e-67
0
0
0
0
0
0
0
0
0
0
0
3.0566271e-29
2.2695751e-24
-9.2344937e-24
-7.1383874e-23
-6.5973175e-22
6.7660167e-22
-4.5057095e-22
-1.1401847e-20
1.3503621e-20
-2.3061422e-21
-2.4952039e-20
7.1989293e-20
-5.8476646e-20
-1.8588614e-20
1.447327e-19
7.138202e-20
-8.5959224e-20
-7.9643736e-20
-1.2115765e-19
3.9864499e-20
-3.9611935e-20
5.3379553e-20
2.2589862e-20
5.0084435e-20
5.4245472e-21
-1.2958958e-20
2.8352998e-20
6.1218329e-21
-1.2991629e-20
-1.8945421e-20
3.2314709e-21
8.5809705e-21
-5.3384287e-22
-4.2022216e-22
4.2293356e-21
1.859912e-21
-8.6909318e-22
-1.1915491e-21
-8.109783e-22
-2.0375717e-22
1.3739785e-22
9.4504469e-23
5.1811634e-23
-2.2493082e-24
-6.4248142e-23
-6.9634895e-23
-1.7284606e-23
1.1229236e-23
-2.0704849e-24
-1.4673241e-23
-6.9661599e-24
4.7960567e-24
1.1100256e-23
7.4486022e-24
5.0991576e-25
-1.2136889e-24
1.0563794e-24
1.9728176e-24
9.5169299e-25
5.8872951e-26
-4.3230691e-25
-9.4210138e-25
-8.7496949e-25
1.709981e-25
1.2966442e-24
1.4917671e-24
8.8653358e-25
2.7724227e-25
6.6667196e-26
1.374383e-25
2.7854616e-25
3.0977484e-25
2.1758042e-25
8.7734635e-26
2.4000811e-26
8.4644835e-26
1.9194989e-25
1.9118804e-25
1.1855739e-25
3.4158638e-26
1.1760049e-26
3.7151974e-26
5.1105593e-26
2.7662663e-26
-8.318001e-27
-3.5549487e-26
-4.6306343e-26
-4.3226576e-26
-3.1299963e-26
-1.574775e-26
-6.9282156e-27
-7.7350132e-27
-1.3511028e-26
-1.7246642e-26
-1.5022597e-26
-8.6774789e-27
-2.0716505e-27
1.7049612e-27
2.1358002e-27
4.6685515e-28
-1.4769624e-27
-2.4256551e-27
-2.2037043e-27
-1.4187945e-27
-7.2625112e-28
-3.8084361e-28
-2.8232607e-28
-2.5240756e-28
-2.0112946e-28
-1.2701624e-28
-5.7929461e-29
-1.1373941e-29
1.1524393e-29
1.7138653e-29
1.3412008e-29
7.0230742e-30
1.8828702e-30
-8.9039524e-31
-1.7675535e-30
-1.6073782e-30
-1.084539e-30
-5.8470088e-31
-2.6013951e-31
-1.0877652e-31
-5.8908934e-32
-4.3311873e-32
-3.0958511e-32
-1.8644281e-32
-9.4248575e-33
-3.0940637e-33
1.8008966e-33
5.1623094e-33
6.0730414e-33
4.7025715e-33
2.4503777e-33
6.9832674e-34
-7.6614976e-35
-1.733448e-34
-5.6435712e-35
2.4070713e-35
3.756244e-35
2.7478368e-35
2.0097337e-35
1.6306364e-35
1.1778462e-35
6.4697153e-36
2.4078043e-36
3.8558282e-37
-2.2065322e-37
-2.5820769e-37
-1.7476953e-37
-9.7590002e-38
-4.801575e-38
-2.601328e-38
-2.0184551e-38
-1.6870613e-38
-1.0882919e-38
-4.626124e-39
-9.7976579e-40
5.8818231e-41
-1.0537837e-41
-1.4392043e-40
-1.2467572e-40
-5.773747e-41
-1.3461656e-41
5.5276593e-42
1.0283177e-41
7.7084822e-42
3.2313983e-42
4.3590762e-43
-2.9297066e-43
-1.7948811e-43
-5.4965474e-44
-3.2269612e-44
-2.2925356e-44
-7.0003819e-45
9.8963216e-46
1.2304488e-45
5.0331303e-46
5.2649876e-46
4.3003569e-46
1.3688836e-46
-2.941513e-47
-5.4146843e-47
-4.5357018e-47
-3.3608583e-47
-1.7626595e-47
-5.549197e-48
-1.1594866e-48
-4.6918416e-49
-3.4490152e-49
-2.7159202e-49
-2.0925509e-49
-1.0148128e-49
-1.4967001e-50
1.4251949e-50
1.5285612e-50
9.8576341e-51
4.0043956e-51
8.6934029e-52
2.2002045e-52
2.1150575e-52
1.2898206e-52
3.0445178e-53
-1.0129205e-53
-9.6829767e-54
-2.9547365e-54
5.0207511e-56
6.185814e-55
2.0550451e-55
-2.4355375e-56
-7.3291048e-56
-5.808235e-56
-1.6033658e-56
-7.3780988e-58
1.5442108e-57
2.2142865e-58
-1.9903354e-58
9.8050192e-59
1.2286016e-58
9.5175534e-59
2.615895e-59
7.732134e-60
-2.6437168e-60
-1.5989123e-60
-1.414859e-61
3.8214297e-61
1.0141078e-62
-5.3735435e-62
0
0
0
0
0
0
0
0
0
0
0
-1.3196094e-27
-3.0813099e-23
-5.6637158e-22
-1.6696323e-21
-1.3587757e-21
2.0216316e-20
7.534349e-21
-1.2976462e-19
-9.8679355e-20
3.1577438e-19
-1.1476163e-19
1.9775303e-19
-1.4055219e-19
-8.7189549e-19
-6.2448697e-19
6.5643412e-19
-2.0724771e-18
1.6254359e-18
-4.6210169e-19
7.4915745e-19
-1.3453041e-18
6.245639e-20
-1.0264806e-18
-5.2235626e-19
-1.3716755e-19
1.3824395e-19
1.4409129e-19
-1.7387112e-19
-2.1779761e-19
1.203584e-19
-4.1579165e-20
-7.4173202e-21
3.6770663e-20
-3.7376142e-20
-4.8603401e-20
-1.4849201e-20
-1.6418201e-21
-2.3935114e-22
1.5548507e-21
9.4526023e-22
-2.5326562e-21
-4.137236e-21
-2.9052151e-21
-9.7785787e-22
2.5597777e-22
7.7924908e-22
8.543841e-22
6.2223889e-22
2.7380515e-22
1.0183507e-24
-1.2904229e-22
-8.3606312e-23
1.9764388e-24
1.1643567e-23
-2.2109967e-23
-1.6774195e-23
4.3596856e-24
-3.7563877e-24
-1.8198041e-23
-1.1737128e-23
-2.3436384e-24
-5.7513689e-24
-6.8999666e-24
3.4187279e-24
1.0663139e-23
5.3691848e-24
-2.332562e-24
-2.1140983e-24
3.4587175e-24
7.3219474e-24
7.0394374e-24
4.2831568e-24
1.3970896e-24
8.323204e-26
8.923767e-25
2.6798491e-24
3.5201794e-24
2.6141847e-24
1.0111621e-24
5.7763528e-26
2.6922306e-26
2.7749846e-25
3.0531243e-25
1.1101438e-25
-1.1920516e-25
-2.9077042e-25
-3.2818854e-25
-2.196071e-25
-2.1123889e-26
1.0484923e-25
7.7571139e-26
-3.8739997e-26
-1.2674988e-25
-1.1498642e-25
-5.3644165e-26
2.6620256e-26
7.1345599e-26
7.9763725e-26
5.0258971e-26
9.8904698e-27
-1.8008482e-26
-2.2770382e-26
-1.5332128e-26
-5.9778141e-27
-1.4119482e-27
-1.7371327e-27
-3.4396248e-27
-3.8834423e-27
-2.8092331e-27
-1.2630753e-27
-1.6475562e-28
2.6403127e-28
2.604156e-28
1.1955828e-28
3.7926389e-30
-5.3563176e-29
-7.5707208e-29
-8.4288715e-29
-8.2887483e-29
-6.8977235e-29
-4.6103543e-29
-2.3291411e-29
-7.8162393e-30
-9.4960252e-31
4.8703833e-31
1.3485845e-31
-2.0204571e-31
-2.65587e-31
-2.1980842e-31
-1.0880466e-31
6.6162772e-32
2.1939808e-31
2.5465481e-31
1.7046588e-31
5.0087259e-32
-2.7940157e-32
-4.5481033e-32
-2.9797198e-32
-1.1406674e-32
-2.1322749e-33
4.1632932e-34
1.0577038e-33
1.5704433e-33
1.7175702e-33
1.3126368e-33
6.9838947e-34
2.4691094e-34
4.502044e-35
-7.8019848e-36
-1.2990401e-35
-1.0952127e-35
-8.2831026e-36
-6.0347907e-36
-5.101178e-36
-4.6655019e-36
-3.5693689e-36
-1.9555597e-36
-7.0195234e-37
-1.9012453e-37
-1.3661897e-37
-1.5708773e-37
-1.1534564e-37
-5.0575029e-38
-9.3812976e-39
5.2650557e-39
7.2093685e-39
5.2433011e-39
2.6144801e-39
7.7091042e-40
8.05613e-41
2.2378113e-41
4.131919e-41
-1.0247306e-42
-3.3360024e-41
-2.7187593e-41
-1.0324517e-41
-1.7945387e-42
2.6478896e-43
7.5824143e-43
8.0181909e-43
4.7019107e-43
1.5363543e-43
2.2359275e-44
-1.8974286e-44
-3.4424787e-44
-2.7110151e-44
-1.1115095e-44
-2.8399938e-45
-1.5215886e-45
-1.2727375e-45
-8.2938657e-46
-6.0949968e-46
-3.8840874e-46
-1.0720994e-46
3.5522378e-47
4.10694e-47
2.1109682e-47
1.1029219e-47
4.6916635e-48
1.535546e-48
7.739116e-49
4.1918619e-49
1.8148146e-49
4.3900837e-50
-3.9585548e-50
-2.9114419e-50
-1.1250195e-51
2.9806136e-51
1.6119037e-51
-1.4498231e-52
-6.5434916e-52
-1.3273963e-52
-3.6028492e-53
-7.5266172e-54
-1.0267391e-53
-1.2904636e-53
-2.7374586e-54
-3.8635796e-55
2.0337952e-54
8.9777329e-55
3.784149e-55
3.8345449e-57
2.4665164e-57
3.3970827e-57
2.8832237e-57
2.4905054e-57
5.2884776e-58
-1.0018558e-57
-2.1782438e-58
0
0
0
0
0
0
0
0
0
0
0
-8.1028429e-27
-1.8394918e-21
-6.528849e-21
6.6522972e-21
-8.1274757e-20
-4.9806242e-20
5.2714406e-19
-2.5027043e-20
-8.2597305e-19
1.6022531e-18
2.8440844e-18
-6.7658504e-18
-8.970216e-18
1.222056e-18
-1.9713422e-18
8.8710939e-18
-7.4880126e-18
-3.21349e-18
-1.0327361e-17
-1.3264615e-18
-5.5158153e-18
-6.6522641e-19
6.6517779e-18
1.3325574e-18
-2.753873e-18
-4.3846133e-18
-1.6549184e-18
4.6804816e-19
-7.0622587e-19
-7.5646761e-19
-5.8548659e-19
-5.1553679e-19
-3.9922466e-19
-1.2814137e-19
8.9829808e-20
2.6011686e-20
-6.6172095e-20
-3.8063837e-20
-4.1475213e-21
1.01708e-21
1.7762304e-20
2.9459363e-20
1.9161601e-20
8.7501787e-21
6.1079472e-21
2.8824416e-21
-1.2898692e-21
-3.3541374e-21
-3.1028141e-21
-2.094824e-21
-1.3805188e-21
-5.3837998e-22
4.5483032e-23
-7.4993413e-23
-1.4765417e-22
9.5538427e-23
1.6196038e-22
-9.5976115e-23
-2.7070866e-22
-1.6559181e-22
2.3353309e-24
1.0193251e-22
1.9811166e-22
2.5048503e-22
1.5292994e-22
-1.9988882e-23
-9.0943907e-23
-2.2926977e-23
7.3100813e-23
1.0978162e-22
9.7134909e-23
7.9183223e-23
7.2402914e-23
6.6989159e-23
5.2299924e-23
2.8742895e-23
3.9190481e-24
-1.5020253e-23
-2.5879503e-23
-3.0263197e-23
-2.9436912e-23
-2.3779286e-23
-1.4962149e-23
-8.0861257e-24
-6.9308129e-24
-9.1971308e-24
-1.0028987e-23
-7.3594053e-24
-3.7315991e-24
-2.5061009e-24
-3.6837129e-24
-4.9014263e-24
-4.4039094e-24
-2.4219714e-24
-2.6465661e-25
1.0826975e-24
1.3245769e-24
8.4269618e-25
2.3323836e-25
-1.6609094e-25
-2.5611572e-25
-1.4638771e-25
-1.7351437e-26
4.5183983e-26
3.927813e-26
2.7986183e-27
-2.2176381e-26
-2.4090315e-26
-9.1266665e-27
5.8551557e-27
1.1189543e-26
9.1116334e-27
4.6041803e-27
1.4609812e-27
4.4403461e-28
4.42455e-28
3.4961006e-28
-6.4225152e-29
-4.4390546e-28
-4.8586263e-28
-2.2993687e-28
7.9236595e-29
2.5040297e-28
2.5861837e-28
1.8429681e-28
1.0725122e-28
5.7809315e-29
3.1318007e-29
1.7515535e-29
1.1615622e-29
1.0758793e-29
1.0932261e-29
8.9928338e-30
4.9742538e-30
1.0798399e-30
-9.804935e-31
-1.2280821e-30
-7.0042993e-31
-2.4257684e-31
-6.4569417e-32
-2.3648905e-32
9.3219375e-33
4.6152321e-32
5.8631434e-32
4.4364843e-32
2.3032882e-32
9.2359479e-33
3.8160425e-33
1.9568355e-33
7.5157437e-34
-1.1422237e-34
-4.519194e-34
-4.5604522e-34
-3.8445754e-34
-3.0158679e-34
-1.9634313e-34
-9.9330017e-35
-4.8630663e-35
-3.8226627e-35
-3.653876e-35
-2.6480669e-35
-1.2335937e-35
-2.5856035e-36
1.0141161e-36
1.3155786e-36
8.3751906e-37
4.3260156e-37
1.8818867e-37
7.9053034e-38
5.0029344e-38
3.4203402e-38
9.2474869e-39
-9.4371547e-39
-1.2142969e-38
-6.4911143e-39
-1.7991328e-39
-1.4779907e-40
1.1982702e-40
1.3296526e-40
9.7020091e-41
5.2231488e-41
3.4360666e-41
2.583703e-41
1.0713547e-41
-8.3870338e-43
-2.8539917e-42
-1.4499526e-42
-1.0094177e-42
-9.6154867e-43
-6.1230858e-43
-2.9599384e-43
-1.6173534e-43
-8.0544801e-44
-1.463585e-44
1.1270795e-44
9.7273872e-45
4.5954719e-45
2.4231865e-45
1.6419581e-45
1.1351845e-45
5.5478975e-46
1.0370202e-46
-2.0559787e-47
-1.1951976e-47
-1.1512249e-47
-3.7983022e-48
2.3677931e-48
8.1202637e-49
1.2030944e-49
-3.1921211e-49
-3.1933019e-49
1.5363103e-51
-1.1262521e-50
-2.4732902e-50
-3.2141672e-50
-1.3532198e-50
2.471611e-51
3.5633593e-51
2.2285529e-51
4.1929348e-52
-6.1444691e-53
-1.1661808e-53
8.4254552e-53
3.3361592e-53
4.0024734e-54
-3.4551985e-54
-1.888061e-54
-4.3695507e-55
1.2366431e-55
0
0
0
0
0
0
0
0
0
0
0
-1.4283026e-25
-7.7969926e-21
3.3672447e-20
-3.2432283e-19
-8.5369371e-19
1.7065606e-18
-6.6295186e-19
8.0012249e-18
-4.9473492e-18
-3.1989484e-17
3.3861992e-17
-1.6873335e-17
-1.3374528e-17
2.2802544e-17
-4.8400462e-17
-3.0949705e-17
-7.2002706e-18
4.2178621e-17
-5.9245716e-18
-2.329879e-17
3.9782398e-17
-3.9704684e-17
-6.1398471e-17
-1.0755788e-17
2.5930414e-17
2.9653661e-18
1.3616631e-17
-3.3751322e-18
-1.0301552e-17
-8.3658293e-18
-3.5783263e-19
1.6066651e-18
-2.5263326e-19
-1.7485257e-18
-1.7716203e-18
-1.2737579e-18
-3.276612e-19
5.1494429e-19
2.5887516e-19
-2.2571278e-19
-2.0255208e-19
-3.201619e-20
1.6196771e-20
2.6063686e-20
1.5156929e-20
-1.4751108e-20
-3.2664125e-20
-2.7931636e-20
-9.7146548e-21
3.9128403e-21
1.1431429e-20
1.3041518e-20
8.1151213e-21
2.6902158e-21
2.2066822e-21
3.7972519e-21
3.1047039e-21
1.0211086e-21
-4.1380808e-23
-2.4627543e-22
-4.4816914e-22
-1.4427784e-22
8.9796931e-22
1.5961643e-21
1.2706401e-21
7.0265039e-22
7.7025866e-22
1.2200928e-21
1.3329667e-21
1.0193183e-21
7.5689053e-22
8.1899208e-22
9.7960255e-22
9.1294031e-22
6.194603e-22
3.562533e-22
2.6967133e-22
2.5340524e-22
1.5024912e-22
-2.9343117e-23
-1.3082121e-22
-6.2026752e-23
1.0241484e-22
2.1758484e-22
2.1149135e-22
1.3515731e-22
6.9797413e-23
3.698357e-23
1.1996367e-23
-2.2111609e-23
-5.2752467e-23
-5.9430867e-23
-3.9736645e-23
-1.0840193e-23
9.6643883e-24
1.4575382e-23
8.0649519e-24
-1.9453814e-24
-8.9261403e-24
-1.0100971e-23
-6.950591e-24
-2.9677345e-24
-5.6624598e-25
-8.4693519e-26
-5.2607457e-25
-8.6545446e-25
-7.9785009e-25
-5.5162336e-25
-2.8444675e-25
-1.1300682e-25
-5.5326319e-26
-6.4676544e-26
-7.9740485e-26
-6.6199646e-26
-4.1614642e-26
-2.275089e-26
-1.4514936e-26
-1.4130125e-26
-1.3949389e-26
-1.0427636e-26
-4.8839224e-27
-2.953659e-28
1.7360344e-27
1.6647613e-27
8.2191788e-28
1.4792015e-28
-1.3872038e-28
-1.8589316e-28
-1.388942e-28
-5.3127264e-29
3.7465229e-29
9.006665e-29
8.3636687e-29
3.9597126e-29
-2.3773821e-30
-1.9734242e-29
-1.6581903e-29
-7.9052581e-30
-2.9282041e-30
-1.8230402e-30
-1.5423149e-30
-6.8004573e-31
2.7251815e-31
6.80057e-31
5.9624549e-31
3.9462029e-31
2.707975e-31
2.0103048e-31
1.2862787e-31
5.6755919e-32
1.1009805e-32
-5.0871406e-33
-6.3009637e-33
-4.7517716e-33
-3.5513429e-33
-2.5315359e-33
-1.9977178e-33
-2.1045518e-33
-2.2050523e-33
-1.7449625e-33
-9.1735611e-34
-2.4163597e-34
5.3025288e-35
8.7176171e-35
4.8825834e-35
2.2655455e-35
1.3000246e-35
9.1103801e-36
6.6511454e-36
4.2089468e-36
1.440451e-36
-6.5688726e-37
-1.2576401e-36
-8.1712585e-37
-2.7212032e-37
-3.52501e-38
-3.9364016e-39
-1.2001557e-38
-9.736026e-39
-2.848669e-39
3.0113189e-39
5.6219002e-39
4.4302007e-39
1.8438049e-39
2.8903956e-40
-9.9663185e-41
-1.2741887e-40
-1.22531e-40
-8.6121699e-41
-4.5294726e-41
-2.4156735e-41
-1.2610452e-41
-4.9720137e-42
-1.7963167e-42
-4.7226422e-43
4.1726343e-43
5.6246481e-43
3.5506238e-43
2.1632053e-43
1.1557642e-43
3.3253317e-44
-3.6174794e-45
-7.5999553e-45
-9.0566548e-46
2.0792104e-45
1.0486162e-45
1.4828743e-46
-1.6823493e-46
-1.1998448e-46
-5.5207272e-48
-4.1425995e-48
-7.1943305e-48
-9.0728937e-48
-8.0903738e-48
-2.8828082e-48
-1.0343726e-48
1.1171068e-48
6.5161222e-49
2.6746813e-49
-8.0926553e-51
7.0816481e-52
3.6597222e-50
2.9662785e-50
5.6433145e-51
-2.7769238e-51
-1.4734451e-51
2.791706e-52
1.5284769e-52
-4.8134195e-53
0
0
0
0
0
0
0
0
0
0
0
-2.4297039e-24
-1.4386253e-19
-2.7705565e-19
-6.4022536e-19
-9.9405709e-19
1.9533633e-18
-1.3032189e-17
1.6183974e-17
-4.8403668e-17
9.5006609e-18
8.0828744e-17
-3.589536e-17
-2.0842946e-17
6.7621288e-17
3.8688562e-16
-7.4489208e-17
-1.426265e-16
-4.6242373e-16
2.1043838e-16
-3.0837767e-16
-1.1127955e-16
2.4783841e-16
5.756511e-17
-9.9023851e-17
-5.9586809e-17
5.8507192e-17
-1.1002642e-16
-1.1151722e-18
4.752106e-17
2.1289596e-18
8.0339491e-19
-5.4441746e-18
-7.411857e-18
8.0870571e-18
9.5848305e-18
1.2808718e-18
1.3861409e-19
1.2886086e-18
7.922329e-19
5.9707462e-19
9.8831793e-19
7.9277361e-19
1.4317501e-19
-1.5685298e-20
8.3678303e-20
8.1266887e-21
-6.3020601e-20
-5.3280106e-20
-5.9367798e-20
-4.4541292e-20
6.3085177e-21
3.837287e-20
2.0025666e-20
-3.1934375e-21
-4.3988608e-21
-3.2964414e-21
-8.8722822e-21
-8.1305369e-21
5.8473202e-22
5.0718388e-21
2.9662916e-21
2.2283724e-21
4.268501e-21
3.6385689e-21
3.0558531e-22
-3.2939555e-22
2.64999e-21
4.4929579e-21
2.474592e-21
-8.0641637e-22
-1.9408242e-21
-1.1556854e-21
-1.0863848e-21
-2.6635107e-21
-4.0192851e-21
-3.354243e-21
-1.4175354e-21
-4.4826778e-22
-1.3662123e-21
-2.918829e-21
-3.3268075e-21
-2.1376717e-21
-4.042255e-22
6.9429757e-22
8.8879838e-22
6.4288413e-22
4.2263536e-22
3.0131619e-22
1.4603185e-22
-2.0683329e-23
-5.1681281e-23
8.7224482e-23
2.8649865e-22
3.7968511e-22
3.4269741e-22
2.2113712e-22
8.6133636e-23
-9.1919045e-24
-4.5556262e-23
-3.0784729e-23
5.8175672e-24
3.2295041e-23
3.3661742e-23
1.6742995e-23
-1.6529717e-24
-1.0316309e-23
-9.2937813e-24
-4.5763253e-24
-9.3422988e-25
2.7577032e-25
1.011691e-25
-2.4497065e-25
-2.8522493e-25
-1.4012114e-25
-5.2540034e-27
5.604023e-26
3.7559403e-26
-5.3188924e-27
-2.2678333e-26
-8.34237e-27
1.7413875e-26
3.2477508e-26
2.8776415e-26
1.6095542e-26
5.0469152e-27
-1.0297397e-27
-2.8088587e-27
-2.5339639e-27
-1.5928739e-27
-4.9047598e-28
4.2578542e-28
8.3181923e-28
6.8852527e-28
2.8565174e-28
-3.2297018e-29
-1.3228068e-28
-9.4274605e-29
-4.4548856e-29
-3.3363622e-29
-4.0824982e-29
-3.9146883e-29
-2.5137998e-29
-1.0259411e-29
-1.8043577e-30
1.3475461e-30
2.578216e-30
3.1304655e-30
2.7819042e-30
1.7081435e-30
6.536976e-31
1.0497644e-31
-1.4821451e-32
5.4944081e-33
1.0287089e-32
-8.7394221e-33
-2.9303762e-32
-4.5720694e-32
-5.3973472e-32
-4.7553911e-32
-2.9071181e-32
-1.0289939e-32
3.7606774e-35
2.2985367e-33
1.387289e-33
5.8912541e-34
4.0683825e-34
3.7920677e-34
2.8995778e-34
1.6820628e-34
5.6889474e-35
-2.0663462e-35
-4.8225268e-35
-3.5804352e-35
-1.3868107e-35
-2.480399e-36
-1.0064558e-36
-1.828701e-36
-1.5870744e-36
-7.255951e-37
-2.8774378e-38
2.9979009e-37
3.0978199e-37
1.6750877e-37
4.8986097e-38
6.8392959e-39
5.7880009e-40
-1.7100691e-39
-2.7378607e-39
-1.9064257e-39
-1.3745212e-39
-1.1503473e-39
-6.1595728e-40
-1.8785431e-40
-7.7922255e-41
-3.5126265e-41
1.9569351e-41
3.2002453e-41
1.8890364e-41
7.4477658e-42
6.551363e-43
-7.5568513e-43
1.364586e-43
2.3557098e-43
1.927169e-43
1.6013136e-43
4.1372347e-45
-2.5193758e-44
-1.1820813e-44
-5.4753074e-45
4.042691e-45
-2.4012666e-46
-1.6572701e-45
-1.245465e-45
-4.4461467e-46
9.2149568e-47
7.5206676e-47
5.1947884e-48
-7.1343539e-48
7.2962717e-48
1.1244648e-47
6.6048607e-48
3.9460785e-48
1.3750278e-48
-1.8959623e-49
-1.0298058e-49
8.4394397e-50
3.8045421e-50
-2.6630636e-50
-1.0160915e-50
0
0
0
0
0
0
0
0
0
0
0
-1.8665297e-23
-1.7805638e-18
-2.7804104e-19
-1.1686547e-17
-3.2414242e-17
5.491658e-17
-1.642419e-17
-1.0933334e-16
-2.4033971e-16
3.6961836e-16
-7.234489e-17
-1.0549662e-15
4.6043495e-16
-1.0193593e-15
-1.0617116e-15
-9.8210918e-16
1.888116e-15
-1.3767954e-16
-6.8896891e-16
1.6940348e-15
-3.7776153e-19
-2.0804464e-15
-7.1681204e-16
3.5537911e-16
-1.0431169e-16
1.0054247e-16
1.5074603e-16
1.0434082e-16
-6.427045e-17
-4.4815349e-17
1.1949791e-16
3.9403113e-17
-5.3019457e-17
-1.6466336e-17
7.7975797e-18
4.7456979e-18
7.169754e-18
5.3366741e-18
1.8086628e-19
-2.2482856e-19
3.4619771e-20
-4.4149827e-19
-1.6087782e-19
-5.8537689e-21
-3.0950615e-19
-1.2227643e-19
4.7833773e-19
6.5779179e-19
3.4338379e-19
4.2799903e-20
-1.7183571e-20
-7.1922736e-20
-1.2173963e-19
-4.4200242e-20
6.1389146e-20
5.8423628e-20
-9.4899733e-21
-3.904534e-20
-2.531846e-20
-1.1268836e-20
4.0509951e-21
3.1086432e-20
4.2343075e-20
1.8986762e-20
-1.0443669e-20
-1.5369949e-20
-5.7828469e-21
-6.3540345e-21
-1.8256334e-20
-2.5085767e-20
-2.0573575e-20
-1.5011385e-20
-1.7515007e-20
-2.3018056e-20
-2.0868894e-20
-1.0369402e-20
-1.7470798e-21
-3.4572524e-21
-1.2589207e-20
-1.8950362e-20
-1.6311649e-20
-7.2108735e-21
1.3169204e-21
4.6829031e-21
3.8228748e-21
2.1498026e-21
1.4024389e-21
1.2916291e-21
1.3454855e-21
1.8233648e-21
2.8647074e-21
3.8038909e-21
3.7784063e-21
2.6966174e-21
1.2401008e-21
1.8972244e-22
-2.3082211e-22
-2.361707e-22
-4.9022952e-23
2.018444e-22
3.9059747e-22
4.1226903e-22
2.6278878e-22
5.0466227e-23
-9.6214903e-23
-1.2859279e-22
-8.5390204e-23
-3.0938239e-23
-1.4510786e-24
3.340252e-24
-1.0427225e-24
-3.4831687e-24
-2.2289613e-24
6.1197952e-26
1.243761e-24
1.1490734e-24
5.5524864e-25
1.7916663e-25
8.9316397e-26
1.276592e-25
1.7417888e-25
1.7239644e-25
1.0933664e-25
3.5456442e-26
-1.4677567e-26
-2.9016769e-26
-2.8560768e-26
-2.1276831e-26
-1.0076202e-26
-2.586295e-27
2.6898683e-27
4.557926e-27
3.5246928e-27
1.5249252e-27
2.1215253e-28
-8.806839e-29
2.7573348e-29
1.5519664e-29
-1.714594e-28
-3.20507e-28
-3.1305536e-28
-2.0577704e-28
-1.0037454e-28
-3.7951363e-29
-5.753561e-30
1.3596229e-29
2.2559893e-29
2.0251289e-29
1.191376e-29
4.845389e-30
1.842753e-30
1.2673837e-30
9.9293863e-31
4.3399717e-31
-1.063816e-31
-4.3787826e-31
-5.8602784e-31
-5.7087879e-31
-4.0720079e-31
-1.8895755e-31
-3.3399796e-32
2.1920769e-32
1.9618373e-32
9.5448104e-33
7.3979238e-33
7.6162891e-33
5.7155397e-33
2.8027129e-33
6.3188062e-34
-5.0225793e-34
-8.4123907e-34
-6.4283572e-34
-2.7870943e-34
-6.580465e-35
-3.920823e-35
-6.4095033e-35
-5.7277025e-35
-2.8476977e-35
-5.2098092e-36
5.3621342e-36
6.9688248e-36
4.3194941e-36
1.5271837e-36
4.503502e-37
3.8621023e-37
2.9840713e-37
8.2715373e-38
-3.698677e-38
-5.1262073e-38
-3.867963e-38
-2.351233e-38
-9.2307482e-39
-2.0987356e-39
-7.7796665e-40
-4.1265237e-40
1.3645895e-40
3.3608369e-40
2.5127181e-40
8.6983063e-41
-2.0578196e-41
-6.9116952e-42
2.6937932e-41
1.7641467e-41
3.8045663e-42
-3.8351648e-43
-1.4950454e-42
-7.1196453e-44
3.784722e-43
5.2275921e-44
-1.2091337e-44
-9.9033593e-44
-5.4588952e-44
-1.4043529e-44
-1.4230211e-45
1.8748432e-45
-2.5149735e-45
-1.3863335e-45
-6.0793387e-46
9.7775495e-46
7.1444626e-46
2.1746413e-46
5.788441e-47
1.0764287e-47
1.5650776e-47
1.8166848e-47
3.2031578e-48
-3.5782479e-48
-2.1691977e-48
-9.0575302e-51
0
0
0
0
0
0
0
0
0
0
0
-4.6779593e-22
3.4389916e-19
6.092572e-17
-8.0123461e-17
-2.4099186e-16
-6.3492807e-16
1.976409e-16
4.7282663e-16
-1.5766918e-15
3.3150052e-15
-5.7681442e-16
-1.314055e-15
1.8786873e-16
-1.9707636e-15
1.8596239e-15
2.8650773e-15
-7.2967104e-15
2.9326814e-15
-1.365716e-15
-5.0186175e-15
5.5810029e-15
1.2004433e-17
3.1395983e-17
1.019446e-15
1.3200702e-15
-1.4239123e-15
-1.4477517e-15
-3.3277332e-16
-8.7323577e-17
-2.7580637e-16
-2.1023553e-16
-4.757345e-18
1.285076e-16
8.63083e-17
-1.3261491e-17
5.4827972e-18
1.7299589e-17
-1.8934609e-17
-1.7515134e-17
-3.8042946e-18
2.2865883e-19
1.1709175e-18
2.0971981e-18
4.2400831e-19
-2.6800227e-18
-2.2748019e-18
1.0730087e-19
7.9656663e-19
5.2332398e-19
6.6852911e-19
4.8723943e-19
-4.2684941e-19
-8.6491764e-19
-3.7795321e-19
2.1972307e-19
4.0547708e-19
3.5217853e-19
2.6999472e-19
1.6437671e-19
8.3627069e-20
1.2675708e-19
2.301051e-19
2.3278292e-19
1.2536072e-19
3.6896031e-20
2.3826816e-20
2.5724512e-20
-3.4736074e-21
-3.3829373e-20
-2.8000093e-20
-5.8848096e-22
1.3005496e-20
1.0356493e-20
1.8922335e-20
4.9198542e-20
7.3528312e-20
5.8963467e-20
7.6605337e-21
-4.4167254e-20
-6.0536478e-20
-3.7819681e-20
-3.4378012e-21
1.4808824e-20
1.098769e-20
-2.0418558e-21
-1.0226055e-20
-1.0391359e-20
-6.8818917e-21
-2.0776381e-21
4.9359184e-21
1.1648367e-20
1.3790434e-20
8.0957423e-21
-1.201771e-21
-7.6864176e-21
-8.6529804e-21
-6.006388e-21
-2.9128565e-21
-8.2390903e-22
2.9047957e-22
6.4574514e-22
2.6771224e-22
-6.1054645e-22
-1.4082777e-21
-1.6410437e-21
-1.3043147e-21
-7.5237403e-22
-3.273804e-22
-1.3720038e-22
-9.8632876e-23
-9.4910619e-23
-7.2444506e-23
-3.6879797e-23
-8.9921559e-24
2.8346839e-24
3.578017e-24
1.2870802e-24
2.1390261e-25
5.3334863e-25
1.0028121e-24
9.5231507e-25
5.1658773e-25
6.5433586e-26
-1.6897775e-25
-2.1999987e-25
-1.6474805e-25
-1.3219053e-25
-8.1344715e-26
-4.3713218e-26
-1.3064268e-26
6.542289e-27
1.2846888e-26
9.7852922e-27
4.7230967e-27
2.2270749e-27
1.9878788e-27
1.7360086e-27
4.9691366e-28
-9.6138751e-28
-1.6400196e-27
-1.4291387e-27
-8.7826636e-28
-4.5017484e-28
-2.1798605e-28
-7.0915208e-29
4.4039329e-29
1.0357726e-28
9.8609119e-29
6.3428152e-29
3.49449e-29
2.1935788e-29
1.5090859e-29
7.9343551e-30
1.5165627e-30
-2.1445492e-30
-3.4700987e-30
-3.6137547e-30
-2.9652382e-30
-1.7471584e-30
-5.6795576e-31
5.8571507e-32
1.7342878e-31
1.1936071e-31
9.7514311e-32
9.6787563e-32
7.0427704e-32
2.8609887e-32
-2.5536525e-34
-1.009435e-32
-9.8847217e-33
-6.5810687e-33
-3.0516087e-33
-1.0005886e-33
-7.3305041e-34
-1.0472641e-33
-9.3375713e-34
-4.6695023e-34
-9.5514394e-35
4.5299469e-35
5.8088678e-35
3.4379817e-35
1.2721126e-35
7.3641808e-36
1.1300881e-35
1.1066665e-35
5.3638555e-36
4.8045171e-37
-1.090571e-36
-8.6760519e-37
-3.4286146e-37
-4.6556105e-38
-4.9397149e-39
-3.3631913e-38
-2.8188088e-38
-1.1944214e-38
-3.9376396e-39
6.8184121e-40
1.930666e-39
9.1630012e-40
2.8989619e-40
2.117643e-40
2.6206106e-40
1.6864707e-40
2.1759577e-42
-2.1798708e-41
7.1315332e-42
1.3586678e-41
8.6067178e-42
-2.9028768e-42
-4.9139995e-42
-2.0420195e-42
-4.2101524e-43
5.0725148e-43
-4.5321444e-44
-4.0953427e-44
-9.8340864e-44
-1.524189e-45
1.8978005e-44
2.2612317e-44
7.9492773e-45
3.748662e-46
1.399557e-45
1.9955327e-45
9.2653982e-46
5.3841475e-47
-1.9241493e-46
-4.8623737e-47
1.5084881e-47
-7.4594401e-48
0
0
0
0
0
0
0
0
0
0
0
-4.0285179e-22
-1.1603924e-16
-1.6756672e-17
6.1036711e-16
9.5688092e-16
-1.923638e-15
4.1632361e-15
4.6418222e-15
-4.2136864e-15
-4.6980068e-15
-7.0567875e-15
2.6268145e-15
1.232257e-14
-7.705197e-15
-2.3117835e-14
-5.7773867e-15
9.8937034e-15
-2.1580459e-14
7.5561801e-15
-2.6825946e-16
-4.6525859e-15
6.0446214e-15
-8.1038869e-15
-7.1050854e-15
-4.2649107e-15
-7.8358759e-16
1.9517452e-16
-3.123608e-15
-1.3449595e-15
1.2077619e-15
4.7293803e-17
-4.8331991e-16
-9.3510551e-17
-1.9356511e-16
-1.4619722e-16
4.9830335e-17
3.8327576e-17
-3.7045891e-17
-4.7568841e-17
-3.1835255e-17
-1.7447376e-17
-1.3550511e-18
1.0687005e-17
7.5598933e-18
1.4765063e-18
2.4090558e-19
-3.6865522e-18
-7.2771983e-18
-5.6965725e-18
-7.4586161e-19
1.1933265e-18
-5.6047607e-21
-3.2541479e-19
7.2943691e-19
1.2612505e-18
1.0675917e-18
1.0196798e-18
1.0156964e-18
6.2006952e-19
1.4725768e-19
2.4896688e-20
5.1520237e-20
-1.1187374e-19
-3.6973844e-19
-4.6506542e-19
-3.9301615e-19
-3.1216387e-19
-2.8308404e-19
-2.5376855e-19
-1.9947377e-19
-1.5583515e-19
-1.3914728e-19
-1.1208258e-19
-4.7323429e-20
1.6747621e-20
7.8394136e-21
-9.675904e-20
-2.2762816e-19
-2.8277759e-19
-2.2395768e-19
-1.0544531e-19
-2.1179229e-20
-1.7159865e-20
-5.8468209e-20
-8.0432096e-20
-5.9142326e-20
-1.783743e-20
1.7364382e-20
4.6003573e-20
7.7250566e-20
9.9437654e-20
9.252229e-20
5.7805486e-20
1.9176162e-20
9.9294588e-22
5.9434468e-21
1.8249257e-20
2.4353396e-20
2.2570082e-20
1.7167534e-20
1.1198587e-20
5.232211e-21
-1.3760174e-22
-3.4091432e-21
-3.8011736e-21
-2.2624448e-21
-5.0709312e-22
3.8382193e-22
4.0181431e-22
1.0220014e-22
-7.6475071e-23
-5.3922231e-23
4.5526624e-23
1.0667827e-22
1.0500301e-22
7.2520725e-23
4.2835606e-23
2.6802956e-23
1.9441946e-23
1.3800531e-23
7.7139487e-24
2.4729402e-24
-5.5625366e-25
-1.4539083e-24
-1.1955594e-24
-6.8309923e-25
-3.6461055e-25
-1.7302023e-25
-8.7087386e-26
-2.662108e-26
6.0197882e-27
1.8791991e-26
1.60841e-26
1.1257536e-26
1.0234773e-26
9.7108935e-27
5.8939333e-27
-6.26936e-28
-5.1828667e-27
-5.9502342e-27
-4.3343932e-27
-2.6119165e-27
-1.7117384e-27
-1.2344576e-27
-6.8333214e-28
-9.8270763e-29
2.5312529e-28
3.1127901e-28
2.3060476e-28
1.5186832e-28
1.0094945e-28
5.5617327e-29
1.4059394e-29
-1.0651427e-29
-1.7428405e-29
-1.6348632e-29
-1.3854832e-29
-9.9809607e-30
-4.8188059e-30
-6.9748094e-31
9.5633906e-31
1.0191301e-30
8.489832e-31
7.8137167e-31
5.6974011e-31
2.1300751e-31
-5.4511762e-32
-1.2993074e-31
-9.6318717e-32
-5.0975098e-32
-2.3708328e-32
-1.1482734e-32
-9.2809727e-33
-1.0437027e-32
-8.6612481e-33
-4.0775592e-33
-5.6868727e-34
3.8171203e-34
1.148745e-34
-1.1278028e-34
-9.5467545e-35
2.5682568e-35
1.3791115e-34
1.5585977e-34
8.6297421e-35
1.524857e-35
-1.0079697e-35
-7.6179587e-36
-1.7941861e-36
1.029386e-36
1.0358481e-36
-2.851563e-37
-8.3188745e-37
-4.2734787e-37
-6.3545558e-38
2.1560288e-38
2.0983371e-38
3.6625097e-40
-4.8642541e-39
4.3992191e-39
3.8364874e-39
1.6505599e-39
1.6950597e-39
3.7700739e-40
1.9047361e-40
2.5362654e-40
-3.2049425e-41
-4.2298591e-41
-8.695778e-41
-4.0416145e-41
-6.0777996e-43
1.0963488e-41
4.4152628e-42
-1.7171232e-42
-1.778524e-42
-6.6319285e-43
4.2102654e-43
1.5274243e-43
1.6480729e-43
2.6316881e-44
2.5930957e-44
5.578301e-44
3.3983756e-44
2.7501455e-45
-4.6353244e-45
-2.0493573e-45
4.3125612e-46
1.7651472e-46
-1.324976e-46
0
0
0
0
0
0
0
0
0
0
0
1.2845603e-20
-2.7798117e-16
-6.3357986e-16
-1.6201297e-15
2.5329511e-15
-8.6794149e-15
-3.8963102e-15
-2.128772e-14
3.1113035e-14
-2.177974e-14
-1.5878759e-14
4.5531179e-14
5.554523e-14
3.1361333e-15
2.5450634e-14
4.1327643e-14
1.9793024e-15
4.25523e-14
-2.8399776e-14
1.3052543e-14
-5.4885393e-14
-1.8111651e-14
3.8313522e-14
2.9655496e-14
-5.7550521e-15
-1.334055e-14
-1.8561774e-15
-3.1533359e-16
2.1215808e-15
1.3983212e-15
-1.0814329e-15
-5.725134e-16
-1.5983362e-16
-2.5860501e-17
2.1328148e-16
3.6858405e-17
-3.084015e-16
-1.9958847e-16
-5.8346054e-19
4.7382127e-19
-4.4785426e-17
-4.5577818e-17
-4.641525e-17
-4.6859508e-17
-1.4534727e-17
1.2294497e-17
9.7466291e-18
-1.1979645e-18
-3.0122785e-19
2.4839505e-18
-5.5419114e-19
-1.7879872e-18
2.0668881e-18
5.0956108e-18
3.9857744e-18
1.9154971e-18
1.3737977e-18
9.9333227e-19
-2.2465001e-19
-9.4403198e-19
-5.0704434e-19
-1.5861809e-19
-7.3614706e-19
-1.5049976e-18
-1.5450553e-18
-8.5953725e-19
-9.7655083e-21
5.8717452e-19
8.6245146e-19
9.5638808e-19
1.0069293e-18
1.0403241e-18
1.0034951e-18
8.483731e-19
5.8490415e-19
2.9000896e-19
7.1526973e-20
3.1469773e-20
2.0467472e-19
4.7079913e-19
6.042251e-19
4.7615033e-19
1.858338e-19
-4.2739997e-20
-7.8516155e-20
1.4102535e-20
9.2176708e-20
1.0904561e-19
1.3246109e-19
1.9005662e-19
2.3853782e-19
1.9920391e-19
8.6425211e-20
-1.1115864e-20
-3.1841155e-20
5.8424048e-21
4.3082555e-20
4.8464858e-20
3.0736964e-20
9.6540768e-21
-5.8211496e-21
-1.6375097e-20
-2.2405402e-20
-2.1878761e-20
-1.5259734e-20
-6.8442875e-21
-1.0959496e-21
6.2368346e-22
-9.9725742e-23
-1.058871e-21
-1.1944876e-21
-6.8478087e-22
-1.0997131e-22
1.9618137e-22
2.4214809e-22
1.7736626e-22
1.1265124e-22
7.4943161e-23
4.926214e-23
2.3458083e-23
-9.1396942e-27
-1.3761114e-23
-1.6040859e-23
-1.1530338e-23
-5.9554647e-24
-2.4807627e-24
-1.1442637e-24
-7.5828177e-25
-5.4614567e-25
-3.2019129e-25
-1.3442963e-25
-3.5592185e-26
6.9755537e-27
2.2410712e-26
2.8118983e-26
2.7023454e-26
1.0926528e-26
-4.0927571e-27
-1.0890501e-26
-9.3145435e-27
-4.8168399e-27
-3.5139588e-27
-4.0761518e-27
-3.8826222e-27
-2.1231789e-27
-7.5905903e-29
1.0023885e-27
1.0738283e-27
7.7077335e-28
5.0389135e-28
3.0260052e-28
1.2001117e-28
-1.1299593e-29
-5.9626578e-29
-5.5171456e-29
-4.2978323e-29
-3.4456596e-29
-2.15265e-29
-5.3743135e-30
4.9088503e-30
6.8440683e-30
5.3434737e-30
4.1571169e-30
3.0363969e-30
1.2695281e-30
-3.525422e-31
-9.5227839e-31
-7.3166429e-31
-3.6330984e-31
-1.6610679e-31
-9.9018928e-32
-7.6961351e-32
-6.6201852e-32
-4.8070181e-32
-2.0186299e-32
2.205287e-34
3.418572e-33
-1.473731e-33
-3.6876186e-33
-2.1915078e-33
-1.8461931e-34
9.068449e-34
1.0953027e-33
6.6526467e-34
1.4442596e-34
-6.0354604e-35
-1.7495424e-35
3.6095537e-35
3.0328484e-35
7.9911011e-36
-4.7221519e-36
-7.3294564e-36
-4.082071e-36
-5.713864e-37
3.5413961e-37
3.7906343e-39
-2.6215619e-37
-2.7602412e-37
-8.483466e-38
7.7372544e-38
6.523174e-38
1.9384652e-38
6.3016189e-39
-2.358099e-40
4.896791e-40
2.6987967e-40
-1.4352714e-39
-7.8216891e-40
-1.9920969e-40
8.3516946e-41
5.7255913e-41
-2.5549877e-41
-2.1721698e-41
-2.6240517e-41
9.0102173e-42
3.6857e-42
1.2366032e-42
-2.1556019e-42
6.5920604e-43
1.0802942e-42
9.063914e-43
3.7873237e-43
3.0644234e-44
-3.7741118e-44
3.1828251e-44
2.3672164e-44
-1.2351004e-44
-1.5035897e-44
-1.473951e-45
0
0
0
0
0
0
0
0
0
0
0
-1.3574611e-19
3.8364988e-16
1.8203322e-15
-1.4170976e-14
4.067019e-15
-3.0671862e-15
6.5793942e-14
-9.9164498e-14
1.0255672e-13
-1.214665e-14
3.1999129e-14
-1.0691001e-13
2.870215e-14
-3.7481477e-14
4.6626437e-15
-2.6447794e-14
6.10663e-14
9.5492668e-15
4.213849e-14
-1.8212407e-14
-3.0627474e-15
1.497519e-14
-1.502454e-15
-2.3937362e-14
-1.1812445e-14
1.8973959e-14
2.2549845e-14
1.3664872e-14
4.4807172e-15
-2.0685637e-15
-1.7829003e-15
-6.6277539e-16
-1.4609386e-15
-7.7615243e-16
8.8374669e-16
5.00523e-16
-1.7237431e-16
-5.9578744e-17
8.5926596e-17
5.5379553e-17
6.446614e-17
2.606042e-17
-1.1494942e-16
-1.9019953e-16
-1.4450389e-16
-7.0792492e-17
-2.2844576e-17
2.1816299e-17
5.390274e-17
4.2871077e-17
1.4549852e-17
5.3338923e-18
1.0712751e-17
1.3590973e-17
1.2375541e-17
1.1223706e-17
8.3648644e-18
1.882354e-18
-3.2912777e-18
-1.9312114e-18
3.0560435e-18
5.084313e-18
2.8464249e-18
2.852461e-19
4.1768144e-19
2.5580303e-18
4.3768763e-18
4.5857346e-18
3.6448248e-18
2.6900076e-18
2.2113217e-18
1.7658225e-18
8.1122621e-19
-4.990421e-19
-1.5373296e-18
-1.8803703e-18
-1.5575343e-18
-8.8925953e-19
-2.5579798e-19
-6.4430465e-21
-3.4670831e-19
-1.1001738e-18
-1.7104776e-18
-1.7250992e-18
-1.2476778e-18
-7.7709368e-19
-6.3342166e-19
-6.5886891e-19
-4.8596203e-19
-7.4363671e-20
2.5604133e-19
2.7766875e-19
8.0539073e-20
-8.0402016e-20
-6.6867822e-20
4.1250426e-20
1.0362693e-19
7.9049402e-20
1.5355056e-20
-3.486313e-20
-5.7844098e-20
-6.2992033e-20
-5.6526706e-20
-3.9312234e-20
-1.681335e-20
1.0310081e-21
7.9105313e-21
5.5225162e-21
2.3263981e-22
-2.9212203e-21
-2.8814494e-21
-1.2252786e-21
3.0242822e-22
9.9370625e-22
1.0130345e-21
7.7099684e-22
5.2183907e-22
3.2284288e-22
1.5709246e-22
2.3918978e-23
-5.6654101e-23
-7.6354258e-23
-5.4109078e-23
-2.152652e-23
-5.2801437e-25
4.9558655e-24
2.1338315e-24
-1.3660724e-24
-2.5141461e-24
-1.8971865e-24
-9.4840455e-25
-3.1354511e-25
-3.969508e-26
4.0971847e-26
4.9448207e-26
2.4667851e-26
-2.8032085e-27
-1.4827313e-26
-1.2016471e-26
-3.1425455e-27
-1.1175891e-27
-6.6581254e-27
-1.2266674e-26
-9.2895833e-27
-3.9355338e-27
1.0966555e-27
2.7182189e-27
2.1270867e-27
1.2879468e-27
8.3751709e-28
4.9696782e-28
1.2524817e-28
-1.2404535e-28
-1.7622997e-28
-1.3570827e-28
-9.8180724e-29
-6.3636205e-29
-1.5467906e-29
2.492336e-29
3.5122171e-29
2.4643187e-29
1.4357645e-29
9.8109535e-30
5.4348388e-30
-3.7896734e-31
-4.0565438e-30
-4.0442241e-30
-2.4048345e-30
-1.2188427e-30
-7.4608191e-31
-5.1133029e-31
-3.1880161e-31
-1.6765377e-31
-4.6096211e-32
2.926353e-32
3.0659147e-32
-7.9074266e-33
-2.765075e-32
-1.7476581e-32
-2.2055879e-33
3.8483563e-33
3.6197265e-33
1.8130006e-33
2.5756482e-34
-1.8441994e-34
2.1284118e-34
4.838173e-34
3.3091671e-34
7.5730385e-35
-5.2393407e-35
-5.1342066e-35
-4.7958672e-36
1.5937162e-35
6.2967283e-36
-4.5738932e-36
-6.0477221e-36
-3.1319726e-36
-3.6691076e-37
6.6077252e-37
5.6256385e-37
2.2887344e-37
-2.155503e-39
-1.7097123e-38
1.8045855e-38
9.0297309e-39
-1.3816491e-41
-7.997039e-39
-5.8575954e-39
-5.9760124e-40
-6.0402544e-40
3.654671e-40
-5.2942392e-40
-5.1502214e-42
8.7189381e-41
1.0973859e-40
8.2875474e-42
-1.886964e-41
-2.1131755e-41
1.1523601e-41
9.9624108e-42
4.2429848e-42
1.0605526e-42
5.5373266e-43
3.0694112e-43
1.5746925e-43
-6.95908e-44
-5.6222782e-44
-1.4367576e-44
-2.969232e-44
0
0
0
0
0
0
0
0
0
0
0
-7.0256481e-19
1.2023195e-14
1.8955531e-14
5.7828097e-14
-4.8094904e-14
-1.3342528e-14
5.4452046e-15
5.6082417e-14
-2.5755547e-14
-1.2995375e-14
9.1119219e-14
-9.5093385e-14
-2.2320324e-14
-2.7556539e-14
1.901188e-15
3.6474069e-14
9.1978645e-15
-1.8476113e-14
-2.7348666e-15
1.1443322e-14
1.6446033e-14
2.5045972e-14
2.7584017e-14
-1.3801532e-14
-2.5604521e-14
-1.6772795e-14
-1.6102099e-14
-1.0684585e-14
-7.4928185e-15
-3.3613846e-15
2.2043051e-15
4.8394716e-15
1.6334954e-15
-3.7356241e-16
-2.7813135e-16
-1.0141333e-16
-3.6874967e-17
3.3652573e-16
2.6834683e-16
1.6680765e-16
3.0719859e-16
2.8542679e-16
1.1333562e-16
6.570735e-17
8.9629326e-17
5.2185403e-17
3.5234398e-18
3.9486849e-17
8.4160362e-17
6.1811782e-17
1.6277227e-17
-7.0099365e-18
-1.6598079e-17
-1.9206344e-17
-9.0838525e-18
3.4048669e-18
8.1953513e-19
-1.2506296e-17
-1.6643433e-17
-6.5758086e-18
3.2903246e-18
2.4184836e-18
-3.735182e-18
-4.851601e-18
1.2378018e-18
8.5488526e-18
1.1056858e-17
8.3549738e-18
4.344469e-18
2.1710457e-18
1.4225318e-18
1.4354235e-20
-2.4499488e-18
-4.062375e-18
-3.1257555e-18
-2.8336714e-19
2.4134369e-18
3.5893154e-18
3.1324018e-18
1.5458599e-18
-5.0363502e-19
-2.0777545e-18
-2.3026681e-18
-1.2136975e-18
1.3183513e-20
1.652415e-19
-7.2544461e-19
-1.3680141e-18
-9.5852434e-19
1.7736731e-19
9.4628828e-19
8.1819618e-19
2.1729497e-19
-1.7053902e-19
-1.181117e-19
1.0108076e-19
1.8462945e-19
9.455122e-20
-3.676798e-20
-1.0298956e-19
-9.907562e-20
-6.4553129e-20
-2.3381014e-20
1.6233664e-20
4.5270552e-20
5.396639e-20
4.19567e-20
2.0119048e-20
1.8942815e-21
-6.1629843e-21
-5.7689692e-21
-2.053295e-21
1.0783285e-21
2.3625528e-21
2.2697087e-21
1.6312086e-21
9.3898722e-22
3.3816428e-22
-1.3454537e-22
-4.1945962e-22
-4.7283605e-22
-3.3911753e-22
-1.3966663e-22
9.2162647e-24
6.2786266e-23
4.7211006e-23
1.2304965e-23
-9.8188683e-24
-1.4164384e-23
-9.5189836e-24
-4.2934636e-24
-1.4350397e-24
-4.3857545e-25
-1.8394741e-25
-1.1315126e-25
-7.7432945e-26
-3.9041178e-26
4.770025e-28
2.8938518e-26
2.6611916e-26
8.3151965e-27
-1.44996e-26
-2.1884259e-26
-1.1740282e-26
2.1073329e-27
6.6852263e-27
5.2439922e-27
1.9630831e-27
9.1221327e-28
1.1661976e-27
9.300597e-28
1.0361011e-28
-4.992741e-28
-5.7041265e-28
-3.8352067e-28
-1.8366958e-28
-8.5995889e-30
1.1952643e-28
1.4677822e-28
8.9722293e-29
3.0273979e-29
1.2690686e-29
1.4352191e-29
5.9604711e-30
-9.3073862e-30
-1.6177561e-29
-1.2906685e-29
-7.4763777e-30
-4.3448972e-30
-2.7237941e-30
-1.4516566e-30
-5.3429316e-31
-3.0158947e-32
2.0544921e-31
2.0641755e-31
4.2027086e-32
-8.3057312e-32
-6.9657083e-32
-6.7710491e-33
1.5617332e-32
5.0439095e-33
-4.4016193e-33
-5.2196454e-33
-2.0825645e-33
1.6333783e-33
2.9561915e-33
1.5887045e-33
9.1927162e-35
-2.4898367e-34
-6.7329227e-35
1.0231998e-34
1.5486686e-34
6.6194232e-35
-3.8827447e-35
-5.2795789e-35
-2.1470998e-35
8.6343844e-37
7.0653392e-36
2.3136201e-36
-1.3082696e-36
-3.891965e-37
3.2936212e-37
4.4519888e-37
2.6516064e-37
-8.2301581e-38
-9.87101e-38
-6.309556e-38
-1.1244211e-38
2.7321906e-39
-1.3402953e-39
7.3318902e-40
1.2419162e-39
1.5726986e-39
3.2619777e-40
1.5668951e-41
-2.4191738e-40
-6.8453668e-41
3.7890557e-41
9.5189576e-41
1.5684154e-41
-6.4839942e-42
2.0937118e-42
1.017245e-41
4.7913174e-42
-1.1770661e-42
-2.5165985e-42
-2.5961789e-43
5.0371772e-43
6.68565e-45
0
0
0
0
0
0
0
0
0
0
0
-1.0016793e-18
-6.0566716e-15
-5.7221914e-14
2.0775691e-14
-1.4645521e-13
-7.1206722e-15
7.3158178e-15
-4.2135239e-14
-3.9636122e-14
-5.9894156e-14
-2.6953894e-14
-9.1830007e-15
6.9715344e-15
1.009171e-14
-8.9212568e-15
-6.8466718e-15
-4.7242116e-15
5.7383088e-15
-1.1026387e-14
-1.5220301e-15
1.9570381e-14
1.2023107e-15
3.8382823e-15
7.0479513e-15
4.2527621e-15
1.2958496e-14
1.7559727e-14
2.0919711e-15
5.3841028e-16
-2.8763243e-15
-1.4359658e-14
-9.6109127e-15
2.2229888e-16
-1.3997246e-15
-3.7050181e-15
-2.0528635e-15
-1.9297651e-16
2.5386701e-16
4.3287647e-16
5.1553316e-16
2.5756681e-16
-2.4026863e-16
-2.9479246e-16
6.1256958e-17
2.9911861e-16
1.9498899e-16
3.383389e-17
4.7010087e-18
2.0136856e-17
2.9484479e-18
-2.1354358e-17
-3.7022194e-17
-5.5382979e-17
-6.6412907e-17
-5.5214766e-17
-3.7565412e-17
-3.0926094e-17
-2.099104e-17
6.0751452e-18
3.0516671e-17
2.8277585e-17
7.2496956e-18
-5.8837058e-18
9.8805765e-19
1.7242768e-17
2.5983645e-17
2.1143667e-17
1.0104281e-17
3.257873e-18
2.737184e-18
2.520494e-18
-1.4911661e-18
-5.7054919e-18
-4.2172949e-18
3.1560331e-18
1.0501737e-17
1.2362906e-17
8.6730376e-18
3.1025427e-18
-1.2342251e-18
-3.2876956e-18
-2.7705879e-18
6.0691066e-20
3.33753e-18
4.3291423e-18
2.1615311e-18
-1.1243583e-18
-2.4471923e-18
-8.2684925e-19
1.6478098e-18
2.5536893e-18
1.5359034e-18
2.070605e-20
-6.1353394e-19
-2.8889157e-19
2.0072989e-19
3.0107844e-19
7.5928273e-20
-1.410692e-19
-1.6721268e-19
-5.9399022e-20
6.0017245e-20
1.3275458e-19
1.5687712e-19
1.4386423e-19
1.0399532e-19
5.0749695e-20
2.894186e-21
-2.4808253e-20
-3.0502787e-20
-2.2549788e-20
-1.1233612e-20
-2.8674601e-21
1.0250836e-21
1.7080359e-21
9.2856696e-22
-2.2549328e-22
-1.2957481e-21
-2.0123385e-21
-2.1426277e-21
-1.6527514e-21
-8.1805846e-22
-6.6718611e-23
3.1573808e-22
3.2916238e-22
1.6375622e-22
9.2382412e-24
-5.6768674e-23
-5.3711533e-23
-2.9175981e-23
-1.1600863e-23
-5.0115998e-24
-3.5297739e-24
-2.7006527e-24
-1.5906561e-24
-6.2174643e-25
-6.6076166e-26
1.4556514e-25
1.5723594e-25
8.0238774e-26
3.5642751e-27
-2.3848896e-26
-8.0703626e-27
1.7978569e-26
2.8312649e-26
1.8350095e-26
3.9051503e-27
-1.6520689e-27
8.2751607e-28
3.3479092e-27
2.1105539e-27
-6.5022112e-28
-1.9717319e-27
-1.5295065e-27
-5.4423095e-28
1.5940699e-28
4.5777965e-28
4.2785999e-28
1.9908623e-28
-1.2468426e-29
-6.0519751e-29
-2.8554383e-31
3.3143843e-29
1.4800288e-30
-3.9042832e-29
-4.591781e-29
-3.0152097e-29
-1.5817627e-29
-8.9079408e-30
-4.9964683e-30
-2.0188634e-30
-2.4402606e-31
6.0633441e-31
8.6535415e-31
5.5292792e-31
5.5817079e-32
-1.2255378e-31
-1.6804341e-32
5.0741158e-32
3.7517802e-33
-4.0241002e-32
-3.5001303e-32
-1.4494357e-32
-3.4251388e-34
5.6205432e-33
3.8100211e-33
-4.2629349e-34
-1.2006171e-33
4.9768506e-34
1.3051173e-33
8.4722608e-34
1.9271883e-34
-1.6544579e-34
-1.7588477e-34
-3.2366587e-35
3.2829273e-35
1.6915412e-35
-2.7435092e-36
-1.0752493e-35
-4.8611204e-36
4.4175689e-36
4.4146512e-36
1.1990135e-36
-5.8464809e-37
-9.0782882e-37
-2.8578457e-37
4.4389824e-38
6.0465478e-38
-7.1782581e-39
-2.6160309e-38
-1.0646379e-39
5.6947827e-39
6.4247448e-39
1.0769064e-39
-4.5005177e-40
-1.3915057e-40
1.1024875e-40
-1.0546224e-40
3.2580953e-41
4.9736236e-41
9.6656643e-41
5.1474145e-41
3.1185113e-42
-1.6091263e-41
-2.0714745e-42
2.1405159e-42
-2.8005088e-42
-2.265682e-42
7.7653716e-44
0
0
0
0
0
0
0
0
0
0
0
-1.5373998e-17
-1.7337575e-17
3.5226422e-14
7.2683554e-14
-2.2798227e-13
7.4573741e-14
2.7765713e-14
-2.1105171e-14
7.1684516e-14
-5.5167866e-14
2.6531447e-14
-7.2624148e-15
-3.1544082e-15
3.7985709e-15
1.4828861e-15
-5.1362068e-16
1.8983597e-15
2.6389257e-15
-9.7887431e-15
-7.4056621e-15
-1.6683113e-15
-3.6716665e-16
-5.1581286e-15
-2.1312373e-14
-2.4497521e-14
-7.8904201e-15
-2.6527696e-15
-4.9209575e-15
-1.6342543e-15
3.1571666e-15
-2.6893072e-15
-4.7228384e-15
3.1546054e-15
4.355819e-15
-7.5021426e-16
-3.0842007e-15
-2.4797112e-15
-1.3758737e-15
-4.2792176e-16
5.8591684e-16
6.0196353e-16
1.7026044e-16
1.4412807e-16
3.7156093e-16
2.8142959e-16
3.0475774e-17
-3.9760242e-17
-3.6718625e-17
-8.6919614e-17
-1.1782441e-16
-8.4676843e-17
-2.3775297e-17
2.226543e-17
3.8940235e-17
3.4717536e-17
2.0703292e-17
1.7913398e-17
4.6106378e-17
8.4602492e-17
8.9209057e-17
5.4173941e-17
1.9118433e-17
1.6085498e-17
3.6126436e-17
4.7758753e-17
3.2412594e-17
-2.8525909e-19
-2.5530062e-17
-2.9244821e-17
-1.9831534e-17
-1.4206583e-17
-1.5950884e-17
-1.3744564e-17
-9.9263096e-19
1.2513308e-17
1.2693207e-17
-1.4815463e-18
-1.7981927e-17
-2.5734213e-17
-2.3417117e-17
-1.5811376e-17
-6.8164263e-18
1.4865023e-18
6.1651382e-18
4.8736429e-18
-1.4234999e-18
-6.6223128e-18
-6.385583e-18
-1.7347989e-18
2.3996345e-18
2.7193238e-18
3.1983038e-19
-1.5777598e-18
-1.2677263e-18
2.9299839e-19
1.339024e-18
1.2436126e-18
6.2274438e-19
2.8851597e-19
4.4482736e-19
7.6433833e-19
9.1464043e-19
8.2489818e-19
6.013118e-19
3.6482904e-19
1.7323409e-19
3.8055024e-20
-4.183774e-20
-7.1943566e-20
-6.5925125e-20
-4.269076e-20
-1.8779949e-20
-3.2020574e-21
2.8974606e-21
2.8448525e-21
4.3515245e-22
-2.2902527e-21
-4.5294648e-21
-5.6439813e-21
-5.0830702e-21
-3.0302897e-21
-5.4824191e-22
1.1517313e-21
1.5669996e-21
1.0645577e-21
3.5881966e-22
-7.4552422e-23
-1.7464615e-22
-1.1065339e-22
-4.0242236e-23
-1.4724981e-23
-1.5769976e-23
-1.7715298e-23
-1.3167276e-23
-6.3688188e-24
-1.7399892e-24
7.9316207e-26
3.4068932e-25
1.4604994e-25
-1.7055036e-26
-3.8560351e-26
3.097788e-26
9.7642651e-26
1.0799316e-25
6.2015242e-26
2.1609033e-26
-4.2429112e-27
-2.3488007e-27
7.4719959e-27
7.9118505e-27
1.6737605e-28
-5.4682909e-27
-5.5242727e-27
-1.9923822e-27
7.0062827e-28
1.3798859e-27
8.6910467e-28
1.0328443e-28
-3.9288703e-28
-4.2601824e-28
-1.5571677e-28
6.4077681e-29
5.7140394e-29
-5.9304949e-29
-1.1359458e-28
-8.1372558e-29
-3.4987768e-29
-1.5915429e-29
-1.308033e-29
-9.7947121e-30
-4.3605978e-30
1.822633e-31
2.7559008e-30
3.0041702e-30
1.5361499e-30
1.7879285e-31
-8.9157378e-32
1.116757e-31
9.2966278e-32
-6.3851729e-32
-1.1382929e-31
-7.475919e-32
-3.6256854e-32
-1.6382039e-32
-8.2042352e-33
-6.0226543e-33
-2.6369201e-33
2.0806486e-33
3.9558557e-33
2.7652658e-33
8.4450398e-34
-2.3942506e-34
-2.3429829e-34
1.2463356e-34
1.9673601e-34
4.1436787e-35
-6.9238421e-35
-5.681454e-35
-1.8341853e-36
2.1220937e-35
1.4677638e-35
1.9497341e-36
-4.2550288e-36
-2.4188341e-36
-1.34628e-37
1.4421879e-37
2.9721532e-38
-3.403074e-37
-1.8533318e-37
-1.8410397e-38
7.5447573e-38
4.8325603e-38
5.9413357e-39
-9.714559e-39
-3.5801507e-39
1.6556708e-39
1.3347676e-39
-3.0224529e-41
-5.1773257e-41
-2.1897525e-43
1.8861648e-40
1.1523954e-40
3.274538e-41
-2.7308169e-41
-1.4602915e-41
5.7792243e-42
-1.5100914e-43
-3.2473172e-42
-1.8312825e-42
0
0
0
0
0
0
0
0
0
0
0
1.1105064e-16
1.5534742e-06
-9.0057012e-13
-9.8845871e-14
-5.2711952e-14
9.9955712e-14
-3.7759621e-14
1.6393154e-13
-9.2551632e-14
-5.3172482e-14
-2.7053743e-14
-4.4881115e-15
-4.5917508e-15
3.4347275e-15
8.5905995e-16
-2.6199569e-15
1.0220319e-15
-3.1067287e-15
1.5459171e-15
3.4272942e-15
-2.2105092e-15
-1.8792878e-15
-3.841346e-15
7.4928941e-16
8.1085424e-15
-1.5123046e-16
-1.7924037e-15
-2.2340381e-15
-8.3499523e-15
-4.258569e-16
5.8154571e-15
6.9727204e-16
-1.1270377e-15
1.018312e-15
2.8062225e-16
-3.6627012e-16
7.157068e-16
7.7553126e-16
2.9477353e-16
2.6379095e-16
5.0402532e-16
5.6937131e-16
5.0952441e-16
2.4436067e-16
-2.3238036e-16
-3.7903457e-16
-1.2902123e-16
4.652528e-17
2.6140349e-17
-3.5742727e-17
-8.066063e-17
-9.031513e-17
-4.4726711e-17
3.8316126e-17
1.1234105e-16
1.4746778e-16
1.5315724e-16
1.3851731e-16
8.9586442e-17
1.6536419e-17
-2.9416181e-17
-1.1902801e-17
4.9296062e-17
1.0029773e-16
9.9074842e-17
4.6337575e-17
-1.4466904e-17
-3.5157632e-17
-9.3843997e-18
2.7150506e-17
4.5181831e-17
5.2402508e-17
6.7862823e-17
8.4528402e-17
7.5658269e-17
3.395696e-17
-1.4053173e-17
-3.7035648e-17
-2.9816715e-17
-1.0582864e-17
3.8102153e-18
1.0988717e-17
1.4555269e-17
1.3403655e-17
5.5494835e-18
-5.0680509e-18
-1.1227918e-17
-8.986581e-18
-2.7257336e-18
4.7002991e-19
-1.3440226e-18
-4.3556845e-18
-4.2559028e-18
-9.1980634e-19
2.3698919e-18
3.1445506e-18
1.8668357e-18
5.8249063e-19
5.5525372e-19
1.3819576e-18
1.9898925e-18
1.8355487e-18
1.1247792e-18
3.4786506e-19
-1.7859146e-19
-4.1496848e-19
-4.6316168e-19
-4.2096149e-19
-3.4150255e-19
-2.5045034e-19
-1.650776e-19
-9.8629802e-20
-5.6505458e-20
-3.4571784e-20
-2.4056278e-20
-1.8497049e-20
-1.5286959e-20
-1.3464945e-20
-1.1572423e-20
-8.2435988e-21
-3.709723e-21
3.1689042e-22
2.2957887e-21
2.1426078e-21
9.8706242e-22
1.4887807e-23
-3.1701089e-22
-2.1448408e-22
-4.2849321e-23
1.9800391e-23
-3.7681446e-24
-3.5217298e-23
-3.8613195e-23
-2.3406942e-23
-8.4916964e-24
-1.4583012e-24
-6.9084801e-26
-3.4878092e-25
-4.3195409e-25
-1.7809092e-25
1.3226135e-25
3.0527378e-25
3.2458982e-25
2.0785584e-25
1.0193626e-25
2.567718e-26
1.1080882e-26
1.9168044e-26
1.9302387e-26
3.8658099e-27
-1.0253111e-26
-1.1921519e-26
-5.0026048e-27
1.2563671e-27
2.6703569e-27
1.0357018e-27
-7.0140228e-28
-1.3489326e-27
-1.0941983e-27
-4.8667262e-28
-2.2208852e-29
7.0264375e-29
-6.7445477e-29
-1.5725836e-28
-1.0588014e-28
-1.8932519e-29
8.5189581e-30
-9.6291608e-30
-2.3012976e-29
-1.7098903e-29
-4.7271022e-30
3.6887193e-30
6.1051142e-30
4.116684e-30
1.1167613e-30
-1.328806e-31
1.8419199e-31
4.6842083e-31
2.1949404e-31
-7.7512413e-32
-1.5625119e-31
-1.2109502e-31
-7.2468233e-32
-3.7570043e-32
-2.2260492e-32
-1.2850495e-32
-9.9924791e-34
4.8263251e-33
3.2393475e-33
1.2852056e-33
7.6968889e-34
5.070922e-34
4.7111952e-34
3.3795453e-34
2.1251306e-35
-9.1691862e-35
-5.0193557e-35
9.2480516e-37
3.5998646e-35
1.8576875e-35
-4.7309122e-36
-5.5415026e-36
-2.4950059e-36
1.3790794e-36
6.3184101e-37
-8.6900623e-37
-9.1791279e-37
-3.549943e-37
1.5441447e-37
1.6028723e-37
5.6565651e-38
-2.1475254e-38
-1.130494e-38
6.6116261e-39
7.319062e-39
1.190979e-39
-2.4207983e-39
-1.3086744e-39
7.4814727e-40
7.673221e-40
1.6731997e-40
-2.2162068e-40
-5.9088621e-41
7.8604693e-41
1.6203594e-41
-2.6887254e-41
-2.10421e-42
4.2751175e-42
-1.0432e-42
0
0
0
0
0
0
0
0
0
0
0
2.95394e-06
4.0135167e-07
9.8566598e-12
-3.4823244e-12
3.8392522e-12
-5.1370662e-11
3.4323293e-11
-3.1855941e-12
-2.0498846e-13
-1.0507618e-14
9.0697761e-15
-6.1207187e-15
6.5637598e-15
-1.1898805e-15
1.7223931e-15
6.0751444e-16
-1.3805584e-15
-1.6369246e-15
2.2657785e-15
9.8206017e-16
4.3519276e-16
6.6396028e-16
-2.4329199e-15
2.0337118e-15
3.4864141e-15
-2.378642e-15
-2.6311681e-16
1.1001752e-15
-3.9881189e-15
-7.7483512e-16
7.9984162e-15
6.6487845e-15
8.4525375e-16
-1.2472891e-15
-2.1407804e-15
-2.4087133e-15
-1.526462e-15
-5.0134853e-16
1.1274885e-16
2.7461709e-16
1.1887153e-16
-9.0359645e-17
-1.8240254e-17
2.1356493e-17
-2.7053491e-16
-5.4103494e-16
-5.1511271e-16
-2.7910771e-16
1.3548251e-17
2.0141596e-16
1.794245e-16
-5.0889529e-18
-1.7949513e-16
-2.1118449e-16
-1.2872468e-16
-4.6784711e-17
-4.5365001e-17
-1.4067813e-16
-2.7857874e-16
-3.5770824e-16
-3.2329402e-16
-2.1891144e-16
-1.2578269e-16
-9.373129e-17
-1.2893939e-16
-1.9462944e-16
-2.2252875e-16
-1.6870504e-16
-6.4776808e-17
1.7617286e-17
4.9691392e-17
6.0070012e-17
7.1672766e-17
6.7009795e-17
2.6730609e-17
-2.7813568e-17
-5.2619509e-17
-3.2064554e-17
7.9380053e-18
3.34169e-17
3.6191054e-17
3.0597087e-17
2.7394945e-17
2.6135221e-17
1.9719404e-17
1.0736808e-17
7.8366049e-18
1.3649905e-17
2.0847603e-17
2.1697261e-17
1.7547349e-17
1.6572564e-17
2.3298167e-17
3.2457376e-17
3.5246748e-17
2.9258705e-17
2.0255334e-17
1.5526058e-17
1.672627e-17
1.952735e-17
1.9093267e-17
1.4348779e-17
7.6930351e-18
2.111427e-18
-1.0385299e-18
-2.1333738e-18
-2.1635853e-18
-1.8415136e-18
-1.4398914e-18
-1.0207393e-18
-6.335534e-19
-3.4602761e-19
-1.8784101e-19
-1.2351814e-19
-9.5357294e-20
-7.2593709e-20
-5.634878e-20
-5.0658601e-20
-4.6431705e-20
-3.181629e-20
-8.2940178e-21
1.0938259e-20
1.5803901e-20
8.5481988e-21
-8.1553314e-22
-4.8422447e-21
-3.3217175e-21
-2.6606364e-22
1.1872144e-21
7.7541479e-22
-1.8219133e-22
-6.6369669e-22
-5.7626256e-22
-2.9630584e-22
-1.0629268e-22
-4.4479035e-23
-3.6970262e-23
-2.9943051e-23
-1.5229205e-23
-1.9288714e-24
4.9647254e-24
6.4075724e-24
4.9797534e-24
2.8475991e-24
1.3816973e-24
7.0726628e-25
4.747372e-25
2.9315748e-25
6.5943756e-26
-8.348624e-26
-1.002168e-25
-5.180934e-26
2.9715214e-27
2.0478842e-26
5.1182047e-27
-1.2369954e-26
-1.6490658e-26
-1.1508127e-26
-5.1889327e-27
-1.4388914e-27
-5.1498808e-28
-1.0434407e-27
-1.3184557e-27
-6.4918966e-28
2.5127321e-28
4.9227357e-28
1.2330321e-28
-2.2598489e-28
-2.4297667e-28
-8.4533059e-29
3.5187735e-29
6.5184209e-29
4.3494301e-29
1.1956988e-29
-2.0994402e-30
3.3810097e-30
1.0248492e-29
7.4955455e-30
9.06138e-31
-2.1848419e-30
-1.9956787e-30
-1.2064852e-30
-7.1002487e-31
-4.8158238e-31
-3.9741813e-31
-2.4352567e-31
-3.2834565e-32
5.8689478e-32
4.0612632e-32
2.1568443e-32
1.7894648e-32
1.235467e-32
7.5185145e-33
2.712326e-33
-7.2260274e-34
-8.5934276e-35
6.5202235e-34
1.6519835e-34
-3.800729e-35
-1.378378e-34
-6.7800714e-35
8.3990078e-35
6.0478195e-35
4.7761868e-36
-3.950629e-35
-2.6033166e-35
4.5544029e-37
5.5665331e-36
4.3285687e-36
-8.1476962e-37
-9.8296466e-37
6.1384005e-38
5.4288173e-37
2.0452801e-37
-1.0670611e-37
-8.9329506e-38
7.0130848e-39
3.9444137e-38
1.501e-38
-1.0090118e-38
-3.5827731e-39
3.2589964e-39
1.4504137e-39
-6.4607861e-40
-7.0994399e-40
-4.3773308e-40
-4.4421817e-41
3.5823329e-41
-5.0000745e-42
0
0
0
0
0
0
0
0
0
0
0
3.7151763e-06
-1.0170439e-10
4.802049e-22
-1.3201906e-18
-2.9226938e-19
7.1376176e-18
-8.1434793e-13
-1.3768462e-14
-1.3936863e-13
3.9961823e-14
2.2862454e-16
7.8195128e-15
2.9113486e-16
-2.7575207e-15
-1.5331933e-15
1.4346796e-15
-2.8000205e-16
6.2546233e-17
-5.2261279e-17
2.2624601e-16
1.2384622e-15
3.5486056e-16
2.5117793e-17
5.6503262e-16
2.734869e-16
-6.5432096e-16
-4.2344977e-16
6.4546285e-16
-9.2367882e-16
-2.5817949e-15
-1.2063026e-15
1.6044289e-16
-5.1568238e-17
-1.2217131e-16
3.1686176e-16
6.6618394e-17
-6.3320983e-16
-5.8114407e-16
-1.5763417e-16
-2.4146273e-16
-7.0370062e-16
-7.6960302e-16
-1.4064445e-16
5.6681348e-16
7.3518475e-16
4.1545955e-16
9.1918574e-17
3.0529901e-17
1.105642e-16
2.307594e-16
3.5607015e-16
3.948263e-16
3.3106275e-16
2.4411252e-16
1.744468e-16
9.5589042e-17
-2.1873382e-17
-1.4996592e-16
-2.1102531e-16
-1.6662535e-16
-6.8563906e-17
1.2694767e-17
5.1348111e-17
3.4975207e-17
-5.2586511e-17
-1.6937766e-16
-2.0849016e-16
-1.1606027e-16
3.2789574e-17
1.2269845e-16
1.2372667e-16
8.7465064e-17
4.7230408e-17
-1.4737246e-17
-1.0011269e-16
-1.5397837e-16
-1.2386727e-16
-3.5599874e-17
2.5080549e-17
1.8607189e-18
-7.8254478e-17
-1.4045934e-16
-1.4999138e-16
-1.3566854e-16
-1.2785509e-16
-1.254529e-16
-1.0548244e-16
-6.7606631e-17
-3.7641616e-17
-2.5401585e-17
-9.7269752e-18
3.1742448e-17
8.5879825e-17
1.1238519e-16
9.1647794e-17
4.6803601e-17
1.769404e-17
2.2034033e-17
4.3836666e-17
5.5829101e-17
4.5940101e-17
2.1991329e-17
-1.0481545e-18
-1.4044129e-17
-1.7029685e-17
-1.4691466e-17
-1.1146203e-17
-8.0967695e-18
-5.665932e-18
-3.6622228e-18
-2.1089583e-18
-1.1102094e-18
-6.0880568e-19
-3.8726822e-19
-2.4889236e-19
-1.2755815e-19
-4.4168334e-20
-1.4143951e-20
-1.3040019e-20
-1.0114814e-20
6.1705836e-22
6.5095618e-21
5.5814523e-22
-9.787782e-21
-1.359353e-20
-8.3705988e-21
-1.3149221e-22
4.6084376e-21
4.3606013e-21
1.7486976e-21
-3.3409893e-22
-9.4612948e-22
-6.7444675e-22
-3.0629751e-22
-1.4168575e-22
-1.0828674e-22
-8.7010567e-23
-4.8036855e-23
-1.270919e-23
4.8716759e-24
8.8179295e-24
7.6567387e-24
5.7716349e-24
4.1185954e-24
2.8084227e-24
1.7845776e-24
9.2355818e-25
2.8975422e-25
-9.3591723e-26
-1.8170585e-25
-1.1479413e-25
-1.31589e-26
2.267216e-26
2.7011969e-27
-2.6316714e-26
-3.1920432e-26
-1.9919543e-26
-8.3236637e-27
-2.9541454e-27
-2.7094851e-27
-2.7469163e-27
-1.8709285e-27
-3.4952248e-28
8.8904397e-28
1.0875766e-27
4.3448236e-28
-2.0304276e-28
-3.1074667e-28
-9.4809934e-29
6.3925007e-29
7.0160763e-29
2.4122449e-29
-2.2467075e-30
-2.6542685e-30
9.4006365e-30
1.7722752e-29
1.3391895e-29
3.2294617e-30
-2.1184196e-30
-1.7827009e-30
-5.8099899e-31
-5.5497775e-31
-8.8457294e-31
-8.787906e-31
-5.6424515e-31
-1.9408775e-31
1.7374162e-32
5.1600605e-32
2.6523566e-32
1.5076303e-32
1.5172343e-32
1.3504555e-32
7.9893507e-33
2.0704563e-33
-6.2641612e-34
-3.2876464e-34
2.0187615e-34
2.2274717e-35
-8.5729517e-35
1.3681821e-35
4.5341315e-35
1.9908409e-35
-1.1701103e-35
-3.2689289e-35
-5.9473777e-36
7.5142007e-37
4.7172307e-36
-1.1699752e-36
-1.6852914e-36
-2.2161849e-37
1.1691623e-36
6.1903465e-37
-8.2358225e-38
-2.0986532e-37
-4.0445552e-38
6.6860982e-38
2.3949136e-38
-1.1935728e-38
-5.3790423e-39
1.6533806e-39
2.8287787e-39
3.0199643e-39
4.4022551e-40
-1.6461938e-39
-1.0615753e-40
3.7096101e-40
-1.4712167e-40
-1.0617656e-40
1.7052611e-42
0
0
0
0
0
0
0
0
0
0
0
3.7151131e-06
-4.2414373e-11
2.5043551e-18
-2.0239926e-19
1.1297431e-17
-3.4622452e-17
-8.2594525e-13
-8.0562599e-14
1.3733821e-13
6.6183638e-15
4.918842e-15
-4.3264022e-16
-1.4784241e-16
-8.7509561e-16
-1.0189894e-16
3.4409084e-16
8.5342776e-16
5.8977916e-16
-1.5633987e-15
-7.3973917e-16
-7.3782978e-16
-3.0975521e-16
5.2597905e-16
-1.0192004e-15
-9.9410187e-16
-6.5865691e-16
-9.3293655e-16
1.2784333e-15
2.4638065e-15
-2.5021425e-16
-1.7548736e-15
-1.0059517e-15
-1.8079069e-15
-2.6540162e-15
-1.3926905e-15
-3.0357757e-16
-2.8451939e-16
-1.1667556e-16
3.1141393e-16
9.6585017e-17
-3.8678744e-16
-2.8592782e-16
2.02738e-16
5.5653254e-16
6.2525923e-16
5.804774e-16
6.1244428e-16
5.435565e-16
2.3558257e-16
-3.4366805e-17
-5.0865896e-17
5.777566e-17
1.1866229e-16
1.0544336e-16
4.972058e-17
-4.8521738e-17
-1.7874191e-16
-2.7898336e-16
-3.0604871e-16
-2.9923886e-16
-2.9964127e-16
-2.7261073e-16
-1.9453539e-16
-1.4429922e-16
-2.0397792e-16
-3.1188429e-16
-3.2262575e-16
-2.0090377e-16
-6.2893677e-17
-1.675778e-17
-4.8402726e-17
-8.4142934e-17
-9.5720325e-17
-9.960461e-17
-9.2093565e-17
-4.0907107e-17
5.2895949e-17
1.255345e-16
1.0714633e-16
1.0683376e-18
-1.1063419e-16
-1.5818367e-16
-1.3645222e-16
-9.1338935e-17
-5.8257175e-17
-3.1938469e-17
1.7159894e-18
3.465565e-17
5.4089152e-17
6.9210744e-17
1.0013516e-16
1.4531479e-16
1.7146948e-16
1.4921797e-16
9.0840796e-17
3.9901559e-17
2.8892896e-17
5.1465231e-17
7.4880323e-17
7.3946456e-17
4.8975436e-17
1.7225077e-17
-5.3533572e-18
-1.4181907e-17
-1.3755844e-17
-1.0339057e-17
-7.3257956e-18
-5.2057064e-18
-3.4629464e-18
-1.886003e-18
-7.0418667e-19
-1.1879851e-19
-7.2853108e-21
-5.9952121e-20
-5.9216216e-20
1.3781566e-20
7.7241799e-20
8.1947425e-20
4.5275408e-20
6.0743763e-21
-1.7800521e-20
-2.9570858e-20
-3.4316164e-20
-3.1346824e-20
-2.0344012e-20
-6.3424298e-21
3.6188702e-21
6.4372816e-21
4.2510522e-21
1.0858529e-21
-6.5816937e-22
-9.0880964e-22
-5.8641269e-22
-3.2978362e-22
-2.308628e-22
-1.717602e-22
-9.7729518e-23
-3.3022713e-23
-1.4033523e-24
4.8521855e-24
4.020819e-24
4.6438559e-24
5.9576757e-24
5.7729488e-24
4.2003703e-24
2.2613374e-24
7.9116446e-25
1.3733694e-27
-2.3163798e-25
-1.6530963e-25
-5.5735422e-26
5.6325272e-27
-8.1158399e-27
-4.1415951e-26
-4.8609683e-26
-2.9761027e-26
-1.0953693e-26
-4.8992206e-27
-5.8698784e-27
-5.6916826e-27
-2.8723414e-27
1.7950012e-28
1.7358913e-27
1.6723037e-27
7.400319e-28
-7.4244494e-29
-2.3606405e-28
9.913448e-30
1.6004311e-28
8.1513496e-29
-3.2365985e-29
-5.0273128e-29
-1.0508985e-29
2.0385775e-29
2.6307441e-29
1.7030446e-29
5.0047125e-30
-5.2883016e-31
3.377216e-31
1.4275588e-30
2.1635113e-31
-1.2949332e-30
-1.6086077e-30
-1.0455348e-30
-3.5871921e-31
-1.2887166e-32
1.2933864e-33
-3.2511305e-32
1.1496576e-35
3.1674383e-32
3.2380187e-32
1.8106227e-32
3.506191e-33
-1.0702384e-33
2.8360614e-34
5.2872123e-34
2.2173198e-34
-1.941747e-34
-3.9795647e-34
-8.4473707e-35
1.341424e-35
1.1276267e-35
5.7156718e-36
-2.1841624e-35
-5.5938774e-36
3.4796218e-36
3.6406252e-36
1.700868e-36
9.5514242e-37
1.5052675e-37
-1.0122651e-37
-9.8339397e-38
-1.7294674e-38
4.0349858e-38
3.7855573e-40
6.7416891e-39
-5.8550391e-39
-1.2665149e-38
-3.7611351e-39
9.8788115e-39
4.1161213e-39
-3.6711085e-39
-4.0751845e-40
9.6940901e-40
3.3295657e-40
-2.7680881e-40
-9.6779328e-41
3.0452921e-41
2.138532e-41
0
0
0
0
0
0
0
0
0
0
0
2.9538411e-06
4.0147806e-07
-1.3040265e-12
-6.645034e-12
-2.1407395e-11
-5.1102202e-11
7.6582986e-11
-1.096201e-12
-1.0593698e-13
1.9848092e-14
-9.2708298e-15
-3.4890549e-15
1.7337177e-15
-1.9899601e-15
-1.8710575e-15
-2.3874837e-15
-3.3302698e-16
1.958748e-16
-4.8572246e-16
-1.8994941e-16
-1.9134688e-15
5.0440059e-16
3.6513999e-15
1.1235216e-15
2.4381971e-15
3.7151964e-15
-3.8722157e-15
-4.8232992e-15
1.2886838e-15
1.1874764e-15
5.8387337e-17
3.0658021e-16
-2.3175059e-15
-4.193506e-15
-2.6224484e-15
-7.5109815e-16
-7.3198442e-16
-5.5479761e-16
-1.4755968e-16
-2.9771992e-16
-2.3356356e-16
2.3142665e-16
2.8431635e-16
-1.9610365e-16
-5.9517832e-16
-4.82029e-16
-1.4507835e-16
-8.10167e-17
-2.4978832e-16
-3.2499585e-16
-2.6308307e-16
-2.1699087e-16
-2.1453811e-16
-1.6902977e-16
-6.5211975e-17
1.9287686e-17
4.0774786e-17
2.5763153e-17
-1.1412867e-17
-7.1756932e-17
-9.9328154e-17
-2.9534763e-17
8.3759867e-17
1.0957505e-16
2.1639213e-17
-5.9481481e-17
-3.1136825e-17
6.4834417e-17
1.1764497e-16
8.8758471e-17
3.1249249e-17
1.6415951e-18
4.6622877e-18
1.994218e-17
4.0509449e-17
6.8103309e-17
8.8324838e-17
7.7411374e-17
3.2876496e-17
-1.9940419e-17
-5.1163906e-17
-5.1493085e-17
-3.5078659e-17
-1.8106141e-17
-6.0345491e-18
3.7265184e-18
1.2567437e-17
1.8192723e-17
2.068431e-17
2.4003026e-17
3.0482732e-17
3.6175892e-17
3.3877247e-17
2.2079172e-17
8.1754079e-18
1.9621294e-18
6.5348136e-18
1.5736872e-17
2.0521885e-17
1.6948685e-17
8.0152136e-18
-4.9973396e-19
-4.9608789e-18
-5.4719645e-18
-4.1861961e-18
-2.9184524e-18
-2.1922001e-18
-1.7000211e-18
-1.1239311e-18
-4.9640657e-19
-4.9637087e-20
9.2368382e-20
2.5637638e-20
-6.2072158e-20
-6.4052271e-20
-1.0069551e-21
5.4568955e-20
6.2332106e-20
3.4015868e-20
1.5143564e-22
-2.1070596e-20
-2.8296894e-20
-2.6263411e-20
-1.8830071e-20
-9.0870025e-21
-6.3369785e-22
3.7961253e-21
4.0670624e-21
2.2209856e-21
4.3514111e-22
-3.9038447e-22
-4.927967e-22
-3.767943e-22
-2.8056069e-22
-2.0340776e-22
-1.1659429e-22
-4.138689e-23
-4.2302392e-24
6.9001876e-25
-3.0922066e-24
-1.7533247e-24
3.3205136e-24
6.49852e-24
5.9005725e-24
3.6183573e-24
1.5182576e-24
2.7573299e-25
-1.4196941e-25
-1.7316692e-25
-8.4772642e-26
-3.273346e-26
-3.2679627e-26
-5.7622165e-26
-6.0658161e-26
-3.8641038e-26
-1.4927957e-26
-7.0399394e-27
-9.0692085e-27
-8.8614282e-27
-3.8529872e-27
1.1412865e-27
2.8241338e-27
1.9946993e-27
6.7822989e-28
-2.6606433e-29
-9.6193527e-30
2.9483755e-28
3.8281375e-28
1.6014775e-28
-7.8083559e-29
-1.1492608e-28
-2.6869838e-29
3.2937346e-29
3.1234637e-29
1.1912677e-29
2.3849619e-30
2.6324114e-30
5.5677793e-30
5.287051e-30
1.2754591e-30
-2.1137995e-30
-2.4458047e-30
-1.3240175e-30
-5.1206764e-31
-2.1180537e-31
-1.7256759e-31
-1.7048389e-31
-5.9594156e-32
5.9254015e-32
7.1008338e-32
3.1086118e-32
4.5943183e-33
-2.7672115e-33
1.7878274e-33
4.2291491e-33
5.859488e-34
-1.2990428e-33
-8.6938894e-34
-2.2954239e-34
1.8365247e-34
1.7485193e-35
-4.2671236e-35
-2.5326883e-35
1.5200558e-35
2.8461696e-35
9.941297e-36
-1.1049465e-36
-1.5953165e-36
4.2448336e-37
1.198057e-36
1.6897241e-37
-3.3725579e-37
-2.7044919e-37
8.4695705e-38
3.8416209e-38
-6.0629823e-38
-5.0729896e-38
2.8620345e-38
1.8590579e-38
-7.6178771e-39
-3.0367268e-39
-1.7071834e-39
1.220621e-39
3.0567165e-40
-9.4718184e-40
-1.1151259e-40
3.8567621e-40
-4.8440058e-41
-9.1549679e-41
0
0
0
0
0
0
0
0
0
0
0
-6.7648497e-18
1.5534687e-06
-1.1215781e-12
-5.7488346e-14
3.1316417e-13
-7.083809e-14
4.3332362e-14
-1.8488499e-13
1.8947458e-14
-8.7567651e-15
-1.2827003e-14
1.5701625e-15
2.9818946e-15
1.0015591e-15
2.8237026e-15
3.128929e-15
7.4882064e-16
1.1302079e-15
3.4010948e-15
3.2753707e-15
-2.7713801e-15
-1.0212515e-14
-8.1012602e-15
-8.1173282e-15
-5.5925112e-15
5.8342102e-15
4.751201e-15
-3.7276608e-15
-1.0742565e-15
3.9795059e-15
1.8097902e-16
-4.0488375e-15
-2.673463e-15
-1.2818867e-16
1.2125515e-15
9.773923e-16
7.2328311e-16
1.026512e-15
6.7560183e-16
-1.1476776e-16
-6.5158165e-17
5.0488935e-16
6.2182579e-16
2.5840051e-16
1.6426498e-17
1.1655779e-17
-6.4378522e-17
-1.9232118e-16
-1.3393713e-16
6.5811259e-17
1.7146473e-16
1.1881956e-16
4.0917881e-17
3.8768055e-17
7.9516062e-17
9.1898431e-17
5.9519227e-17
1.065409e-18
-6.6239625e-17
-1.0809434e-16
-7.8600428e-17
9.9359553e-18
6.7028548e-17
2.6802767e-17
-6.1078958e-17
-9.3217357e-17
-4.1530747e-17
2.5941554e-17
4.1388316e-17
9.5379294e-18
-2.1457598e-17
-2.4922553e-17
-1.055801e-17
6.7667773e-18
2.4982908e-17
4.2040297e-17
4.5993388e-17
2.7975853e-17
-4.6432755e-18
-3.1678108e-17
-3.8842794e-17
-3.0141543e-17
-1.7443102e-17
-8.0352463e-18
-1.5153584e-18
4.1161282e-18
7.9169534e-18
8.5738199e-18
7.5527656e-18
7.2938331e-18
8.1057253e-18
7.6834763e-18
4.4339431e-18
-4.9157531e-20
-2.5700049e-18
-1.5058796e-18
1.7347119e-18
4.2485578e-18
4.3220733e-18
2.4545598e-18
2.9514179e-19
-9.2507926e-19
-1.0538949e-18
-6.4784365e-19
-2.7111432e-19
-1.238689e-19
-1.1575456e-19
-1.0273613e-19
-3.6771737e-20
3.8855585e-20
6.9606509e-20
4.8010573e-20
7.6667443e-21
-1.6462744e-20
-1.5533964e-20
-2.6296951e-21
6.7511149e-21
7.380893e-21
3.0206257e-21
-1.1419406e-21
-2.9751684e-21
-2.9997486e-21
-2.297447e-21
-1.4367527e-21
-6.2615336e-22
-2.5247294e-23
2.5323462e-22
2.5209891e-22
1.2744804e-22
1.7054519e-23
-3.3418567e-23
-4.2178694e-23
-3.5582506e-23
-2.5175525e-23
-1.3905184e-23
-4.7629489e-24
-2.5110336e-25
2.5513049e-25
-5.3201248e-25
-6.8658271e-25
-1.2283991e-25
4.3753766e-25
5.8680315e-25
4.3587252e-25
2.0100207e-25
6.8466667e-26
1.0839938e-26
-1.0046384e-26
-1.4927112e-26
-1.5538888e-26
-1.6870504e-26
-1.5419795e-26
-1.1835452e-26
-7.9580721e-27
-3.7145012e-27
-2.1235431e-27
-2.3038813e-27
-2.033639e-27
-7.4874674e-28
4.408585e-28
7.1715306e-28
3.7748233e-28
5.4145159e-29
-2.3282997e-29
3.242541e-29
8.3357454e-29
7.8997812e-29
3.3886211e-29
-7.4536328e-30
-1.5975877e-29
-3.2470517e-30
5.1549961e-30
2.9995963e-30
-5.8710404e-31
-5.1865038e-31
9.8261827e-31
1.4953658e-30
9.8203174e-31
2.1179659e-31
-2.4506494e-31
-2.5293782e-31
-8.8400633e-32
-2.1759867e-32
-4.5202272e-32
-5.4873034e-32
-3.2373945e-32
-6.7933634e-33
5.9100762e-33
5.854259e-33
1.7213862e-33
4.1005873e-34
9.4074588e-34
8.5427475e-34
3.44309e-34
-3.046261e-35
-1.7202926e-34
-8.6348031e-35
1.3541352e-35
1.8730125e-35
-7.381906e-36
-1.5864897e-35
-5.0041813e-36
5.6544205e-36
3.4557263e-36
9.2696734e-37
-3.6476658e-37
1.1737171e-37
3.9270065e-37
1.1124126e-37
-7.48992e-38
-7.8823461e-38
9.839318e-39
9.548008e-39
-9.1512815e-39
-1.0832355e-38
1.8252997e-39
1.5546433e-39
-1.6611551e-40
2.7469442e-40
-2.2245216e-40
1.2831195e-40
4.7688004e-41
-2.9161176e-41
-1.5613518e-41
9.4628553e-42
1.8247804e-42
-5.5904326e-42
7.0318548e-43
1.5476195e-42
0
0
0
0
0
0
0
0
0
0
0
-1.1832216e-18
-1.9016722e-17
1.1420309e-13
-1.6627471e-13
2.4679175e-14
6.5328616e-15
-1.505969e-14
3.046956e-13
7.1001448e-14
1.0422093e-13
3.9042036e-14
3.6386976e-15
-5.6239121e-15
-1.9790673e-15
-1.5479006e-16
2.6930327e-15
-1.9755718e-15
-3.0043692e-15
-6.0877591e-16
8.7204725e-15
1.5769463e-14
1.0587265e-14
9.814642e-15
-2.5759755e-15
-1.933124e-14
2.1545383e-16
2.1644352e-14
8.0458442e-15
3.1928604e-15
1.1103557e-14
3.0041356e-15
-5.0668577e-15
-1.2776658e-15
2.7336301e-15
1.3868884e-15
1.8212727e-16
1.4171442e-15
2.2835103e-15
1.2992932e-15
7.6903455e-17
-2.9309426e-16
-1.6170238e-16
-5.1291781e-17
4.9475e-17
2.2025631e-16
2.35827e-16
4.0183407e-17
-9.4436926e-17
-3.7217544e-17
6.1177459e-17
6.5144791e-17
1.4618746e-17
4.4988894e-19
2.5636714e-17
3.5572709e-17
1.1368396e-17
-2.6458011e-17
-6.3426521e-17
-9.1140954e-17
-8.8083937e-17
-4.4730423e-17
4.789911e-18
1.2857796e-17
-2.1918919e-17
-5.2790636e-17
-4.4000781e-17
-9.833775e-18
1.1669626e-17
5.4564672e-18
-1.2134328e-17
-2.1406719e-17
-1.9531288e-17
-1.3624382e-17
-7.5422691e-18
-5.6514146e-19
5.7572904e-18
5.8782358e-18
-2.7774892e-18
-1.4043801e-17
-1.9032749e-17
-1.5704726e-17
-8.8121394e-18
-3.4431985e-18
-9.1261018e-20
3.072586e-18
6.167099e-18
7.2869623e-18
5.8447965e-18
3.4998512e-18
2.1133263e-18
1.7460176e-18
1.1141868e-18
-2.4115548e-19
-1.3749679e-18
-1.1953437e-18
2.4966515e-19
1.7907066e-18
2.3003993e-18
1.6438564e-18
5.3969895e-19
-2.2470424e-19
-3.6972834e-19
-1.2095738e-19
1.5028899e-19
2.4411324e-19
1.8516534e-19
9.5374426e-20
5.8063773e-20
7.1586744e-20
8.8640278e-20
7.5506701e-20
3.736785e-20
1.002608e-21
-1.468872e-20
-1.112063e-20
-1.3127293e-21
4.3699369e-21
4.2280935e-21
1.7114364e-21
-1.0573778e-22
-6.1875989e-22
-5.7896271e-22
-5.3947394e-22
-5.0764539e-22
-3.5707357e-22
-1.2994382e-22
3.7140116e-23
8.1270055e-23
4.4428384e-23
-4.3042365e-24
-2.9924163e-23
-3.2841759e-23
-2.4694798e-23
-1.4003619e-23
-5.2687557e-24
-6.0824675e-25
3.2370563e-25
-3.6500144e-25
-7.7721582e-25
-4.309288e-25
1.3164938e-25
4.1800646e-25
3.6888622e-25
2.0807267e-25
8.0742664e-26
3.9783194e-26
1.8010693e-26
-1.5957835e-27
-1.8299745e-26
-2.3950796e-26
-1.9746587e-26
-1.2738662e-26
-7.3805081e-27
-4.4553438e-27
-3.3961563e-27
-3.0833345e-27
-2.2630275e-27
-7.1566471e-28
5.8969667e-28
8.7138088e-28
4.3633898e-28
4.3970652e-29
-1.1887371e-29
7.5317377e-29
1.069691e-28
7.2901269e-29
2.9659138e-29
4.0363287e-30
-2.1468729e-30
2.1795794e-30
4.0479386e-30
-3.8321443e-32
-3.0997419e-30
-1.3491962e-30
1.4957865e-30
2.0105544e-30
9.3995783e-31
5.7251405e-32
-1.7401421e-31
-7.5955367e-32
1.7870748e-32
-8.6113717e-33
-6.923584e-32
-7.1983446e-32
-3.5349847e-32
-6.7881078e-33
2.5918162e-33
1.2616766e-33
-5.8715283e-34
8.1925938e-34
2.111579e-33
1.4403165e-33
2.3411328e-34
-3.3915353e-34
-1.9251619e-34
2.873661e-35
1.2126474e-36
-4.454727e-35
-4.3679788e-35
-2.2385817e-35
9.106859e-36
7.9047517e-36
2.4357784e-36
-2.2123896e-37
1.1471285e-36
1.148983e-36
4.5635363e-37
-8.0891229e-38
-1.2998222e-37
4.1226101e-38
1.3086548e-38
-2.9089635e-38
-2.9796965e-38
3.5588183e-40
-7.4398513e-40
-1.3632186e-39
2.788451e-40
-4.1326072e-40
3.5240562e-40
-1.6583518e-40
1.9619807e-41
1.4973872e-40
-1.0674847e-42
-2.8978383e-41
2.2339887e-41
-3.2504975e-42
-3.4076132e-42
5.8776023e-42
-9.7094891e-43
0
0
0
0
0
0
0
0
0
0
0
7.9131324e-19
-6.6107683e-15
3.1065802e-14
9.3098098e-14
1.0019395e-13
1.1137625e-13
1.2716429e-14
-1.1252645e-13
-1.6299713e-13
-1.1569528e-13
-1.0110493e-14
-1.3683819e-14
1.9810982e-15
2.0111638e-15
5.1752176e-15
8.1786077e-15
-3.3465374e-16
3.2427975e-15
5.5812998e-15
9.2917727e-16
1.381525e-14
1.3995326e-14
1.3944104e-14
2.5263891e-14
8.5256332e-15
9.4141676e-15
2.8882855e-14
1.6089116e-14
3.528014e-15
8.0434072e-15
6.1302831e-15
-1.091581e-16
1.6289566e-15
1.9184552e-15
-6.3532192e-16
-1.3229591e-15
-3.4058285e-16
8.4323809e-17
-1.3577569e-16
-2.6314018e-16
-2.0687354e-16
-2.1406583e-16
-2.5962344e-16
-1.5449083e-16
2.3273949e-17
8.416607e-17
5.6668464e-17
5.9481811e-17
8.2667534e-17
6.1682425e-17
1.1109003e-17
-1.1068632e-17
5.065582e-18
2.1578854e-17
1.4859989e-17
-1.7562686e-18
-1.220499e-17
-1.8381527e-17
-2.1317572e-17
-1.1940463e-17
8.1900411e-18
1.932548e-17
8.8447462e-18
-9.5909426e-18
-1.3529733e-17
2.6694495e-19
1.5080585e-17
1.700612e-17
8.5131183e-18
1.3635655e-19
-2.8045703e-18
-2.3896223e-18
-1.6931072e-18
-7.8701859e-19
1.1081438e-18
2.2840184e-18
4.5331038e-19
-3.2996446e-18
-5.8885773e-18
-5.1720378e-18
-2.5431037e-18
-8.122174e-19
-5.9869847e-19
-4.0012723e-19
8.9624375e-19
2.2601292e-18
2.0654579e-18
2.9022846e-19
-1.6282825e-18
-2.427699e-18
-2.2124026e-18
-1.7949492e-18
-1.5501237e-18
-1.2597023e-18
-6.837815e-19
5.0608707e-21
3.9889347e-19
3.2465156e-19
-1.4396953e-20
-2.8338262e-19
-3.0317383e-19
-1.3032738e-19
6.4870236e-20
1.6070475e-19
1.4707795e-19
8.5961078e-20
3.9427579e-20
2.8232097e-20
3.6109174e-20
3.8592625e-20
2.6377573e-20
7.3420137e-21
-6.2211583e-21
-9.3446722e-21
-5.5871875e-21
-1.0394295e-21
1.1016785e-21
1.1848967e-21
7.4394938e-22
5.597483e-22
5.0912515e-22
3.2564848e-22
3.8266178e-23
-1.5938099e-22
-1.7886178e-22
-9.1713964e-23
-9.6923005e-24
1.8322729e-23
8.4034306e-24
-7.4762372e-24
-1.3842447e-23
-1.1715144e-23
-6.8938792e-24
-2.8890488e-24
-6.6661032e-25
4.8699175e-27
-1.0604599e-25
-2.8723558e-25
-2.2896535e-25
-2.5324573e-26
1.2247832e-25
1.4606515e-25
9.34287e-26
5.7731702e-26
3.9166324e-26
3.0841362e-26
1.2847672e-26
-8.4068164e-27
-1.8628685e-26
-1.5609569e-26
-8.1766088e-27
-3.8233158e-27
-3.0854535e-27
-3.243735e-27
-2.7122552e-27
-1.5565723e-27
-3.48374e-28
4.2443093e-28
5.6520294e-28
3.0722409e-28
7.2753269e-29
3.8893358e-29
8.1614682e-29
7.0089926e-29
2.3154956e-29
2.5772502e-30
9.7197557e-30
1.5124812e-29
9.8795438e-30
2.2268878e-30
-1.9989415e-30
-2.3079079e-30
-3.755735e-31
1.1968111e-30
1.0783198e-30
2.3397855e-31
-1.1887761e-31
-4.7915684e-33
9.29723e-32
5.5552789e-32
-1.7685982e-32
-5.3741511e-32
-3.646638e-32
-5.3777648e-33
1.1534377e-33
-5.5112515e-33
-5.1776978e-33
-5.7401717e-34
1.8484478e-33
1.7708886e-33
5.0869138e-34
-1.9901299e-34
-6.892141e-35
2.2466492e-35
-6.0908769e-36
-3.4319969e-35
-6.1986393e-35
-2.3914578e-35
4.6782037e-36
2.5658774e-36
-1.7270187e-36
-2.8960626e-37
2.0040956e-36
1.8640724e-36
6.8700958e-37
-7.5453047e-38
4.577083e-38
1.6676933e-37
2.9862074e-38
-5.0741082e-38
-3.6509444e-38
2.822848e-39
-4.3613566e-39
-5.0258427e-39
-1.2326351e-39
9.8064546e-41
4.9865387e-40
-7.3390694e-40
-1.4555489e-40
1.881495e-40
-6.4737901e-42
-5.2793717e-41
1.2196643e-41
2.1473194e-41
-2.301944e-42
-9.2968488e-43
1.6816911e-42
-7.5579509e-43
-1.5838277e-43
0
0
0
0
0
0
0
0
0
0
0
-6.9210487e-20
-2.8077078e-16
-4.0224326e-15
-5.7828053e-14
-1.1368442e-13
-1.3394705e-13
-7.8943687e-14
1.1696561e-13
2.101688e-13
6.2982667e-15
-5.6366279e-14
5.7027988e-14
7.8793629e-14
-1.712713e-14
-3.6285615e-14
-3.1211486e-14
-1.9763931e-14
2.3316056e-14
2.3278442e-14
8.4988193e-15
3.3699444e-14
4.8087071e-15
-1.9604549e-14
1.6931197e-14
1.0306941e-14
-2.0949141e-14
-1.2396837e-14
4.8414556e-16
-4.0181665e-15
-1.789328e-15
1.0657988e-15
1.2023058e-15
4.1203007e-16
-8.5193133e-17
-5.0146916e-16
-5.9413913e-16
-8.2816873e-16
-1.0784149e-15
-9.3934299e-16
-4.9999826e-16
-1.3985916e-16
-2.9274064e-17
-1.6214754e-17
6.388276e-18
5.6655922e-18
-1.0782511e-17
1.0197092e-18
2.871315e-17
2.9787639e-17
2.9126742e-18
-1.5883535e-17
-9.9325184e-18
2.0962472e-18
1.7215087e-18
-6.4367298e-18
-1.0229836e-17
-9.0108038e-18
-8.3101989e-18
-6.8461002e-18
-5.2107367e-19
6.7985722e-18
6.8718162e-18
-3.3565405e-19
-5.8366345e-18
-3.3861437e-18
3.5550931e-18
7.6995701e-18
6.6106418e-18
3.489281e-18
1.8480008e-18
1.9902151e-18
2.4424074e-18
2.7301073e-18
3.2638559e-18
3.7191423e-18
3.2505406e-18
1.8252176e-18
5.3513387e-19
7.0439715e-19
1.965269e-18
2.8070547e-18
2.4213824e-18
1.5421822e-18
1.3582856e-18
1.9966157e-18
2.3913951e-18
1.7250908e-18
3.1157461e-19
-8.3935027e-19
-1.1100805e-18
-7.3083302e-19
-2.5130574e-19
2.4556671e-20
1.2906975e-19
1.8388012e-19
1.9891884e-19
1.2924108e-19
-1.0266958e-21
-1.0227347e-19
-1.078677e-19
-2.8285786e-20
7.0032186e-20
1.2519216e-19
1.2078886e-19
8.1080252e-20
4.1062085e-20
2.0465813e-20
1.7744937e-20
2.0238375e-20
1.8056736e-20
1.0277047e-20
1.8763082e-21
-2.7645024e-21
-3.1732634e-21
-1.5955686e-21
-1.934461e-22
3.6517106e-22
4.4973349e-22
4.7674005e-22
4.9863215e-22
4.0791842e-22
2.0366556e-22
4.4826253e-24
-9.1132696e-23
-8.431038e-23
-3.825688e-23
-5.3743244e-24
2.5664657e-24
-1.5581291e-24
-5.1507414e-24
-4.8786031e-24
-2.9376521e-24
-1.3573805e-24
-5.6610576e-25
-2.5415299e-25
-1.5683846e-25
-1.0677518e-25
-6.2081185e-26
-1.7107775e-26
2.1211876e-26
3.4804913e-26
3.1283491e-26
2.1133994e-26
2.2655457e-26
2.421862e-26
1.5399357e-26
-4.605971e-29
-1.0087602e-26
-9.819285e-27
-4.7210112e-27
-1.6088094e-27
-1.7115189e-27
-2.4415993e-27
-2.0641184e-27
-9.7586855e-28
-1.1812062e-28
2.1552454e-28
2.2479571e-28
1.4412449e-28
9.3277312e-29
8.7790561e-29
7.9148527e-29
3.7451271e-29
-6.3911208e-30
-1.4613504e-29
3.2754685e-30
1.4686135e-29
9.7440493e-30
1.0579388e-30
-1.8570269e-30
-5.5521028e-31
7.9742218e-31
8.7267594e-31
2.7964905e-31
-1.4679374e-31
-1.0832871e-31
9.3458816e-32
1.2245544e-31
1.8442032e-32
-3.9884222e-32
-2.5566903e-32
-1.5786358e-33
4.9788769e-33
6.2585891e-34
-4.0927773e-33
-3.2762082e-33
1.3612852e-34
1.1478606e-33
3.0504237e-34
-1.5361692e-34
-4.2728113e-35
1.3674532e-34
1.2897561e-34
-1.8816667e-35
-7.2911381e-35
-2.9394127e-35
4.148331e-37
3.2305836e-36
-5.0556454e-36
-3.7306058e-36
1.0385818e-36
1.9503913e-36
6.4839964e-37
-5.6352923e-38
1.3779458e-37
2.4493577e-37
8.5068954e-38
-3.5094454e-38
-2.4578942e-38
7.2048636e-39
-4.5998317e-39
-8.0457307e-39
-2.9474987e-39
6.3848015e-40
5.9467128e-40
-8.0697826e-40
-1.9421349e-40
1.4554595e-40
3.4094435e-41
-9.5074759e-42
-1.8582071e-41
3.4708589e-42
1.2074834e-41
-1.64195e-42
-2.0160775e-42
2.3453292e-42
-4.0246575e-43
5.0750274e-44
1.4534435e-43
0
0
0
0
0
0
0
0
0
0
0
-7.7251681e-20
-1.7547908e-15
-1.5779673e-15
7.2096637e-15
5.8249106e-14
1.4040522e-14
-9.7817105e-14
-4.2737723e-14
3.6987917e-14
-2.5983249e-14
-1.0745522e-13
2.1059384e-14
9.909531e-14
1.231928e-13
4.5105203e-14
2.7286752e-14
5.0370949e-14
-1.8509619e-14
-5.8813931e-14
-3.081364e-14
-7.6644337e-16
3.0730059e-15
-4.7267293e-15
2.0041341e-14
2.093097e-14
-1.6581449e-14
-2.1276254e-14
-5.0722664e-15
-7.2220464e-16
-2.0687507e-15
-6.8706839e-16
2.6512567e-16
4.185398e-17
-3.0957315e-16
-7.1661044e-17
1.3925894e-16
8.345989e-18
-1.1406688e-16
-7.2154429e-17
3.9117082e-17
1.009167e-16
1.1911627e-16
1.3605505e-16
1.2793144e-16
8.5499615e-17
4.9539321e-17
3.8416975e-17
3.1425511e-17
1.6119139e-17
3.5835741e-18
3.7590717e-18
1.0081283e-17
1.1254436e-17
6.6969255e-18
3.2467663e-18
2.9142614e-18
2.0776297e-18
-3.0962349e-19
-1.0568152e-18
1.0427973e-18
2.7071459e-18
1.1539444e-18
-1.9262815e-18
-3.0575031e-18
-1.543149e-18
3.8274875e-19
8.1316663e-19
7.1527922e-20
-4.500889e-19
-2.1720581e-19
2.5510921e-19
5.3054078e-19
6.2366488e-19
5.6044025e-19
1.6281968e-19
-6.9163109e-19
-1.5356821e-18
-1.6987606e-18
-1.13116e-18
-4.7315962e-19
-4.1709292e-19
-8.8735447e-19
-1.2291673e-18
-9.8213195e-19
-4.1907392e-19
-1.5613687e-19
-4.4021587e-19
-9.4270404e-19
-1.1604495e-18
-9.3382673e-19
-4.8893562e-19
-1.2857151e-19
1.669811e-20
3.5536882e-21
-5.8836791e-20
-1.1042392e-19
-1.3572855e-19
-1.310065e-19
-9.6403947e-20
-4.2538118e-20
9.8164719e-21
4.1638824e-20
4.6720008e-20
3.3238187e-20
1.5498325e-20
4.1574887e-21
1.7002347e-21
4.1541479e-21
6.2762913e-21
5.6187659e-21
3.040821e-21
5.9791154e-22
-5.3489721e-22
-5.3736296e-22
-1.5778179e-22
1.1223386e-22
2.1443997e-22
2.5719937e-22
2.8136195e-22
2.5527038e-22
1.6766298e-22
6.141054e-23
-1.0686463e-23
-3.1738547e-23
-2.1337757e-23
-6.3813691e-24
3.9960463e-25
3.6343746e-25
-1.0889213e-24
-1.3938688e-24
-8.4396979e-25
-3.5604488e-25
-2.195561e-25
-2.0167944e-25
-1.3949065e-25
-6.8055239e-26
-9.2778087e-27
8.3882757e-27
5.3108928e-27
-2.99696e-27
-4.873858e-27
-4.5731401e-29
7.8966339e-27
1.2771857e-26
1.0262246e-26
2.7996376e-27
-3.2035195e-27
-4.1671677e-27
-2.0296597e-27
-5.041236e-28
-7.4471003e-28
-1.3890069e-27
-1.242636e-27
-5.3807334e-28
-2.1731645e-29
8.1496256e-29
2.1891152e-29
1.1828705e-29
5.2587878e-29
7.5385249e-29
5.7360439e-29
1.9895593e-29
-7.2284764e-30
-1.0536894e-29
2.2725727e-31
7.3126009e-30
5.0373305e-30
3.2408232e-31
-9.0459834e-31
2.9296202e-31
9.3435777e-31
4.9875291e-31
-3.4114328e-32
-1.5477833e-31
-2.7641182e-32
7.3315147e-32
5.5546605e-32
-7.5947549e-33
-2.8620744e-32
-8.5918316e-33
7.4802665e-33
5.1959113e-33
-1.36474e-33
-2.6245765e-33
-5.258472e-34
7.2928547e-34
3.0692972e-34
-2.7594479e-34
-2.0865682e-34
6.0244097e-35
1.0824785e-34
1.0426129e-35
-4.2269529e-35
-2.254316e-35
1.4486287e-36
2.6826455e-36
-3.6717109e-36
-4.1712007e-36
-9.206652e-38
1.0157227e-36
4.6618341e-37
-1.7791104e-37
3.4613062e-39
1.9936473e-37
1.0235467e-37
-4.6852497e-39
-7.2006757e-39
1.1093932e-38
1.3611896e-39
-5.2977404e-39
-3.1307316e-39
-2.4984077e-40
1.6239006e-40
-4.7253309e-40
-1.7316864e-40
5.3485236e-42
-4.7115513e-42
1.8733148e-41
-6.8340017e-42
-1.2856689e-42
4.5508071e-42
-1.3352687e-43
-5.0549194e-43
5.7245201e-43
6.5423935e-43
8.569558e-45
-7.2912989e-46
7.2190722e-44
-3.0938488e-44
0
0
0
0
0
0
0
0
0
0
0
1.5943596e-20
6.6648643e-16
-1.5603009e-15
3.1766847e-15
9.8191732e-15
9.9520425e-15
4.701862e-14
2.4329134e-14
4.5962329e-14
7.9214703e-14
5.8799918e-14
-1.0800476e-14
-4.936774e-14
-3.1857333e-14
-6.3248743e-14
9.2922876e-15
1.8862484e-14
-5.5000048e-14
-2.3993598e-14
-1.5598376e-14
-3.045317e-14
-1.6450559e-14
-1.7965633e-14
-1.2970746e-14
5.3003024e-15
4.5370997e-15
-2.5435705e-15
-3.1531146e-16
1.5376803e-15
4.3473488e-16
-1.2468475e-17
5.5017312e-16
4.4848573e-16
-7.5251737e-17
-2.1374798e-16
-9.0975675e-17
4.2021928e-17
1.2453936e-16
1.3992881e-16
9.2398939e-17
3.5459752e-17
1.4006979e-17
1.5000957e-17
1.1286831e-17
3.3208903e-18
6.2698612e-19
1.6031248e-19
-4.0184211e-18
-8.7917865e-18
-8.4703401e-18
-4.0661259e-18
-9.2260789e-19
-1.1121801e-18
-2.0502693e-18
-1.6140596e-18
-9.1801965e-19
-1.3673563e-18
-2.061437e-18
-1.6013562e-18
-4.7266831e-19
-1.7064783e-19
-9.6269552e-19
-1.7065952e-18
-1.509466e-18
-6.9098182e-19
-8.6504321e-20
3.6688558e-20
5.5639877e-20
2.8801489e-19
6.5750512e-19
9.4662155e-19
1.0652216e-18
1.0362045e-18
8.3623107e-19
4.0543779e-19
-9.8563096e-20
-3.7694724e-19
-2.7395581e-19
3.3807547e-20
1.7760759e-19
1.2676014e-20
-2.6113835e-19
-3.396147e-19
-1.523586e-19
8.2303116e-20
1.3033396e-19
-2.2846614e-20
-1.8797775e-19
-1.9517904e-19
-4.9985995e-20
1.1893101e-19
1.9772213e-19
1.6754741e-19
8.3994696e-20
8.5512818e-21
-3.0168139e-20
-3.3884808e-20
-1.7757967e-20
2.9141772e-21
1.8219201e-20
2.4168422e-20
2.1482592e-20
1.386265e-20
5.6857092e-21
1.3340459e-22
-1.7918529e-21
-1.0539065e-21
5.0164349e-22
1.4440875e-21
1.4073568e-21
8.3120677e-22
2.8523188e-22
2.3811659e-23
-1.4262072e-23
2.3014408e-23
5.6403929e-23
7.8439521e-23
9.3257016e-23
9.2433378e-23
6.9630073e-23
3.468116e-23
5.4778172e-24
-7.7997364e-24
-7.8982606e-24
-3.3867094e-24
-3.3908481e-25
2.460656e-25
-1.3097722e-25
-3.0592359e-25
-1.8080765e-25
-5.0991227e-26
-4.8707107e-26
-9.2991916e-26
-9.0142615e-26
-5.5756873e-26
-8.5379278e-27
1.3875782e-26
6.5690691e-27
-9.0629715e-27
-1.4130696e-26
-8.1814426e-27
3.0689207e-28
4.9668636e-27
4.7703881e-27
2.045592e-27
-3.2792253e-28
-9.5995764e-28
-4.2940011e-28
-4.0288008e-29
-2.7997712e-28
-6.4419207e-28
-6.0902814e-28
-2.6684217e-28
-5.7840284e-30
2.8489855e-29
-2.4168146e-29
-2.628003e-29
1.5323622e-29
3.9030377e-29
2.8296496e-29
7.0608634e-30
-4.2838099e-30
-4.0582982e-30
2.7533181e-31
2.5061204e-30
1.5904662e-30
4.4175972e-32
-1.9761806e-31
3.7617393e-31
5.7240274e-31
2.5709235e-31
-2.7401343e-32
-5.3548392e-32
1.7913724e-32
4.0015438e-32
1.3816234e-32
-1.0484666e-32
-1.1330445e-32
-8.5910196e-34
3.8129207e-33
1.4325598e-33
-7.0986598e-34
-3.826095e-34
3.1040034e-34
2.9820496e-34
-4.5957391e-35
-2.0756759e-34
-9.0498626e-35
3.5539899e-35
3.1359473e-35
-6.3098566e-36
-1.3722454e-35
-3.5828805e-36
3.1173015e-36
-8.1931771e-38
-2.4317486e-36
-6.9101639e-37
2.7611647e-37
2.469376e-37
-1.0252519e-37
-3.324902e-38
6.1244249e-38
4.7200427e-38
8.2271932e-39
6.0290748e-41
6.7275554e-39
2.8488367e-39
-7.4652573e-40
-1.0501222e-39
-3.9860192e-40
-4.8753325e-41
-1.5605398e-40
-8.7060643e-41
-5.2689617e-41
-2.8678317e-41
1.4023662e-41
-7.9198236e-42
-3.0768612e-42
1.4424919e-42
-4.8466985e-43
3.4411172e-43
1.5769922e-43
-3.52596e-44
2.0820715e-43
-4.5253631e-44
-2.0109267e-44
2.8853671e-44
-7.4592726e-45
3.9341213e-45
0
0
0
0
0
0
0
0
0
0
0
-4.9805271e-21
1.0822423e-17
3.1575915e-16
-6.4206269e-16
3.1672295e-15
1.4386881e-16
2.5698097e-15
-7.2814965e-15
-2.4754078e-14
-2.8175829e-14
1.3717404e-15
1.4322932e-14
6.113686e-16
-3.044672e-15
7.6639562e-15
1.2788173e-14
-2.3987443e-15
-5.5902949e-15
6.9040586e-15
5.4327993e-15
-6.4411296e-16
6.6023381e-16
-3.2796133e-15
-6.1630079e-15
-1.0388841e-15
5.363067e-16
-1.6110405e-15
-1.5995696e-15
-5.1267965e-16
-5.2937336e-16
-4.323211e-16
3.3316314e-17
2.2497013e-16
1.2723061e-16
3.3721544e-17
2.4315023e-17
3.4868516e-17
4.3089547e-17
4.2875903e-17
2.9927395e-17
1.7675227e-17
1.1654484e-17
5.9135771e-18
8.2529015e-19
4.0840317e-19
2.531484e-18
2.7001156e-18
8.0324659e-19
-3.0713753e-19
5.3619585e-19
1.8160241e-18
1.9750834e-18
1.273185e-18
7.2687503e-19
4.8832986e-19
1.0262984e-19
-3.794145e-19
-4.6240189e-19
-1.1178231e-19
1.3593022e-19
-6.8642094e-20
-4.7440108e-19
-6.4290879e-19
-4.8659321e-19
-2.573664e-19
-1.5538403e-19
-1.381762e-19
-7.9988778e-20
4.7303048e-20
1.7489965e-19
2.3877586e-19
2.3789425e-19
1.7333856e-19
3.0880485e-20
-1.6129001e-19
-3.1104278e-19
-3.241211e-19
-2.1235028e-19
-9.7535994e-20
-9.0801354e-20
-1.8107429e-19
-2.60136e-19
-2.3981889e-19
-1.4195356e-19
-5.6746271e-20
-4.3953239e-20
-8.0355303e-20
-9.8238404e-20
-6.2928591e-20
2.7938449e-21
5.2387224e-20
5.9234331e-20
3.2363013e-20
-1.4563786e-21
-2.1745838e-20
-2.362617e-20
-1.3799222e-20
-1.9935847e-21
5.5237896e-21
7.4725162e-21
5.6829596e-21
2.6490673e-21
7.7491086e-23
-1.3958226e-21
-1.8100968e-21
-1.4807226e-21
-8.071436e-22
-1.6277708e-22
2.2567142e-22
3.3195749e-22
2.6708097e-22
1.6116988e-22
8.5180319e-23
4.8868761e-23
3.6103787e-23
3.2668649e-23
3.1175148e-23
2.793654e-23
2.1149266e-23
1.2074008e-23
4.0950595e-24
-3.7544747e-25
-1.3979674e-24
-7.2049221e-25
-6.4400039e-27
1.8114198e-25
7.6393629e-26
-1.1518504e-26
-7.118761e-27
1.8004486e-26
1.1153605e-26
-2.9149275e-26
-5.5651901e-26
-4.3473099e-26
-1.099645e-26
9.085125e-27
6.9674675e-27
-4.4680528e-27
-9.9991429e-27
-7.3193763e-27
-2.059605e-27
9.7679625e-28
1.3004292e-27
6.2327717e-28
1.849636e-28
1.5135131e-28
2.1696507e-28
1.4304468e-28
-6.2936129e-29
-2.2772793e-28
-2.2554295e-28
-1.0757199e-28
-1.2152475e-29
1.0146497e-30
-2.0386271e-29
-2.0077815e-29
1.0737277e-30
1.431073e-29
1.044336e-29
1.6174654e-30
-1.9730765e-30
-9.6803976e-31
4.186534e-31
5.8751405e-31
1.6580127e-31
-7.8444469e-32
1.4582449e-32
1.9041393e-31
2.0804145e-31
9.3202461e-32
6.1133658e-33
8.1930112e-34
1.7472139e-32
1.334986e-32
3.9774143e-35
-5.062437e-33
-2.6706325e-33
3.4532574e-34
9.9067628e-34
1.7303144e-34
-2.7013233e-34
1.1654065e-36
1.939719e-34
6.610314e-35
-4.7837815e-35
-3.4910119e-35
-5.1160302e-37
7.3104502e-36
-5.7993199e-37
-5.4934454e-36
-1.7729065e-36
9.9775408e-37
7.0303738e-38
-5.640844e-37
-3.5956563e-37
7.2854186e-40
6.8580571e-38
-6.7311114e-39
-1.4610176e-38
1.0030234e-38
1.0309597e-38
7.8214207e-40
7.318263e-40
3.2117326e-39
1.1804977e-39
2.2446396e-40
-2.0681852e-41
-6.094414e-41
-6.2219419e-41
-4.3857853e-41
-1.0311926e-41
-2.5797129e-41
-1.8332697e-41
7.0619482e-42
-3.5664567e-42
-7.8945776e-43
2.7592575e-43
-3.5836805e-43
1.508585e-43
2.2584179e-44
-5.2370999e-45
1.4572272e-44
8.0161441e-45
-2.3894893e-45
-2.6856112e-47
6.6075744e-45
-2.2847875e-45
5.2281015e-46
2.923387e-47
0
0
0
0
0
0
0
0
0
0
0
2.7809203e-22
7.3652759e-19
-1.0171223e-16
-1.5224694e-16
-3.183078e-16
-9.1932724e-16
-1.2109223e-15
2.5057527e-16
3.3431869e-16
1.8960124e-16
-1.0493097e-15
-2.9130647e-16
-3.001909e-15
-7.2644608e-16
3.4182541e-15
1.5965703e-15
4.7625543e-15
4.1973097e-15
1.0691424e-15
2.7473383e-16
-5.4989931e-16
1.8471007e-17
5.8849982e-16
1.3368159e-16
-2.7864352e-16
-2.8564965e-16
-2.5438077e-16
-3.4913936e-17
4.4365306e-17
-3.264567e-17
-8.6013214e-17
-6.1053106e-17
-9.9262308e-18
2.6513447e-17
4.8146753e-17
4.6051681e-17
2.0584955e-17
-3.0058494e-18
-1.1323979e-17
-8.7219455e-18
-3.1045792e-18
-8.4960003e-19
-2.1768579e-18
-3.0308656e-18
-2.044599e-18
-9.7165915e-19
-9.1149162e-19
-1.243373e-18
-1.1117091e-18
-5.4417951e-19
-9.6859528e-20
-1.6952556e-21
-5.2723815e-20
-9.2641387e-20
-1.7428512e-19
-2.9854268e-19
-3.2547557e-19
-1.9281274e-19
-3.1371761e-20
4.662733e-21
-7.454443e-20
-1.3698339e-19
-1.0482152e-19
-2.2481536e-20
3.3422648e-20
4.6142021e-20
5.0163721e-20
7.2954044e-20
1.0444064e-19
1.2191233e-19
1.1914762e-19
9.9436083e-20
6.2554788e-20
8.3034725e-21
-4.6268662e-20
-6.9233272e-20
-4.8650619e-20
-7.314503e-21
1.3449946e-20
-3.7243624e-21
-3.9044936e-20
-5.7189705e-20
-4.3928852e-20
-1.5267487e-20
3.938072e-21
4.1153454e-21
-3.2573611e-21
-2.66853e-21
9.0648549e-21
2.2928819e-20
2.8294735e-20
2.2391637e-20
1.0814448e-20
1.065822e-21
-2.9178976e-21
-1.7983451e-21
1.263297e-21
3.3940422e-21
3.5742227e-21
2.3811259e-21
9.0517889e-22
-1.2861255e-22
-5.8894795e-22
-6.7514988e-22
-5.9594251e-22
-4.5155675e-22
-2.7961972e-22
-1.1669184e-22
-1.9510401e-24
4.8992653e-23
5.1607186e-23
3.4628254e-23
1.9074098e-23
1.1249169e-23
8.6441871e-24
7.4539373e-24
5.9054354e-24
3.9538134e-24
2.1057011e-24
7.5378766e-25
4.7394776e-26
-1.3540494e-25
-5.8487548e-26
4.765195e-26
7.4702341e-26
4.8519773e-26
2.3823397e-26
1.7333461e-26
2.409238e-26
1.9660977e-26
-1.0232345e-27
-1.9971593e-26
-2.0673088e-26
-8.3297545e-27
3.0800296e-27
4.2695546e-27
-8.1169689e-28
-4.5565495e-27
-4.1154963e-27
-1.7429398e-27
-1.8489281e-28
7.6623692e-29
-5.2625883e-29
1.6013663e-29
1.8654122e-28
2.2698759e-28
1.2597093e-28
4.8848201e-30
-5.486785e-29
-5.2397895e-29
-2.5053946e-29
-6.157742e-30
-4.8495802e-30
-9.6254191e-30
-8.3193765e-30
-1.6210605e-30
2.810779e-30
2.1969018e-30
-1.9418375e-32
-6.9671598e-31
-1.2877553e-31
2.5417325e-31
1.3155267e-31
-4.4656767e-32
-4.4556784e-32
2.8222641e-32
6.0902538e-32
4.6769832e-32
2.1346639e-32
8.1684198e-33
7.341477e-33
7.4616509e-33
3.5023586e-33
-4.503612e-34
-1.2009526e-33
-3.3723748e-34
1.0046951e-34
3.3529924e-35
-2.6598236e-35
1.0182847e-35
4.541522e-35
3.7323027e-35
6.8367588e-36
-8.7983947e-36
-4.498824e-36
3.8184211e-37
-7.3770245e-37
-1.807451e-36
-8.6667485e-37
-3.5135297e-38
4.4253247e-39
-1.2582336e-37
-6.9211326e-38
1.4503645e-38
1.9402377e-39
-5.7606206e-39
1.6608493e-39
5.589241e-39
8.6347599e-40
-7.4704771e-40
3.1885517e-40
7.8323441e-40
1.186191e-40
4.1666845e-41
7.6621211e-41
4.6585135e-41
-2.1099399e-41
-6.8598698e-42
3.5973954e-42
-5.8112213e-42
-6.4684572e-42
9.3289558e-43
-1.4497117e-42
1.9558965e-44
3.4250077e-45
-9.8814222e-44
2.5049824e-44
-2.512427e-44
9.128026e-45
1.8926598e-45
-3.922353e-45
3.7151481e-45
1.6796894e-45
1.8206921e-49
7.0011207e-46
-2.317391e-46
3.6746614e-47
-1.7739549e-47
-1.6218232e-47
0
0
0
0
0
0
0
0
0
0
0
2.7230935e-23
1.1551968e-18
1.7426055e-17
4.0589948e-17
5.5450176e-18
3.8412542e-17
1.6821034e-18
-3.5356741e-16
4.3815284e-16
8.6349356e-16
-2.3278756e-16
-3.5494081e-16
-4.1155606e-16
1.026482e-16
3.6991815e-16
5.6230104e-17
1.2079351e-15
1.3184023e-15
7.5835172e-17
-1.4819445e-16
-4.9787455e-16
-5.5262593e-16
1.5369116e-16
2.2198996e-16
-1.8098068e-16
-1.9576538e-16
1.9744513e-17
8.0674999e-17
5.6842297e-17
6.581544e-17
5.510219e-17
1.6804176e-17
-4.2257773e-18
1.2051426e-19
1.0223672e-17
1.1761348e-17
6.3846133e-18
1.474259e-18
6.695005e-20
8.7782138e-19
1.4963507e-18
9.9355344e-19
3.1302374e-19
2.5617109e-19
4.8148769e-19
4.7687914e-19
2.5037566e-19
7.2632819e-20
6.5374127e-20
1.2456273e-19
1.2621088e-19
7.2275327e-20
1.9147152e-20
-2.3180793e-20
-6.3483838e-20
-8.1388646e-20
-5.840784e-20
-1.87141e-20
-4.2058389e-21
-2.3526753e-20
-4.6599082e-20
-4.5932302e-20
-2.5515861e-20
-6.6801336e-21
-1.2802418e-21
-3.844439e-21
-3.9494064e-21
-8.8477482e-23
2.5270157e-21
1.0156861e-21
-3.0747772e-21
-8.4812173e-21
-1.5938252e-20
-2.5192248e-20
-3.0738506e-20
-2.7398346e-20
-1.6011247e-20
-5.4153534e-21
-3.5730987e-21
-1.0420347e-20
-1.836875e-20
-2.0024248e-20
-1.4849714e-20
-7.6844441e-21
-3.4481245e-21
-2.8594873e-21
-3.1405965e-21
-1.8971785e-21
7.9421261e-22
3.125229e-21
3.5814669e-21
2.2620308e-21
4.3482695e-22
-6.8335544e-22
-7.0450604e-22
-4.6195731e-23
5.9704918e-22
8.0384656e-22
5.9451623e-22
2.3810737e-22
-2.5337245e-23
-1.2604759e-22
-1.2394611e-22
-9.8186769e-23
-8.1856774e-23
-6.8352666e-23
-4.6860121e-23
-2.0442144e-23
1.287972e-25
9.0759277e-24
8.9836263e-24
5.7553964e-24
3.2879628e-24
2.2731703e-24
1.8333388e-24
1.3359138e-24
7.3972904e-25
2.7670841e-25
5.6220855e-26
-1.1873736e-26
-3.675466e-27
2.2020525e-26
4.0165783e-26
4.1839481e-26
3.0431735e-26
1.9167769e-26
1.5016517e-26
1.4509576e-26
1.158549e-26
4.6216793e-27
-2.8213224e-27
-5.3045779e-27
-2.6185716e-27
9.4310471e-28
1.8456051e-27
3.445707e-28
-1.1913524e-27
-1.400394e-27
-7.5166686e-28
-2.1385349e-28
-8.9292548e-29
-1.092706e-28
-4.8885004e-29
5.3349937e-29
9.0176056e-29
5.5078886e-29
9.6606205e-30
-8.5098942e-30
-6.1717239e-30
-1.3874646e-30
-8.9273088e-31
-2.427065e-30
-3.041314e-30
-2.102696e-30
-6.1947533e-31
2.2142313e-31
1.6661958e-31
-1.5938603e-31
-2.124096e-31
-4.9352719e-32
4.7536825e-32
1.9451344e-32
-1.9220532e-32
-1.1901546e-32
8.4188632e-33
1.2710237e-32
7.2574173e-33
3.7802203e-33
3.2536459e-33
2.8457475e-33
1.7683267e-33
6.2857057e-34
-7.9704754e-36
-1.0307403e-34
-1.2953063e-35
8.2670606e-36
-1.2277323e-35
-6.9490549e-36
6.8425961e-36
6.8013334e-36
1.4274825e-36
-5.1378724e-37
2.3158832e-39
2.489487e-37
-2.23582e-37
-4.223487e-37
-1.9466464e-37
-6.6411981e-38
-6.5356741e-38
-4.0438254e-38
-9.7061175e-39
3.3840481e-39
2.6189943e-40
-3.5833819e-39
8.6354038e-41
1.655334e-39
8.9241264e-40
-1.3888324e-40
-4.1494839e-41
1.5750667e-40
1.1633657e-41
-2.127759e-41
1.2849074e-41
1.6210176e-41
-4.6319278e-42
-1.6492503e-42
9.5160496e-43
2.4843333e-43
-8.0534487e-43
7.1085313e-44
-3.6855306e-43
-2.982913e-45
-2.7326636e-44
-2.3662871e-44
7.4668033e-46
-6.2442518e-45
-1.1674912e-46
-6.9147018e-46
2.03854e-46
2.0330717e-46
7.03726e-47
1.2432497e-46
-9.32322e-48
3.8967511e-47
-1.6990715e-47
6.1730884e-48
3.6546281e-48
-8.9750382e-49
3.4130063e-49
0
0
0
0
0
0
0
0
0
0
0
8.1378075e-24
-1.3858117e-19
8.4024424e-19
-1.9828872e-18
-3.5770049e-18
3.3132739e-17
8.2342987e-18
-6.7151777e-17
4.1691263e-17
7.4847047e-17
-9.1239518e-17
3.7341327e-17
8.3561768e-17
-4.58393e-17
-4.3022252e-18
-1.2444559e-16
-2.1237869e-17
1.1922888e-16
5.6012065e-17
3.4043011e-17
-2.9574676e-17
-8.5361918e-17
1.9788659e-17
6.3093608e-17
1.6886684e-17
2.6390575e-17
4.1102171e-17
3.9378438e-18
-1.6683057e-17
-1.9412482e-18
8.871753e-18
5.0295058e-18
1.8858774e-19
-6.3298844e-19
-1.1857785e-18
-1.9008507e-18
-1.6718058e-18
-1.0254015e-18
-3.9155138e-19
-3.5667204e-20
-1.1344859e-19
-2.9984205e-19
-2.9652716e-19
-1.6181195e-19
-6.2203225e-20
-4.893019e-20
-6.7396834e-20
-6.0742823e-20
-2.8079798e-20
-7.0476514e-22
6.1894483e-21
9.9032493e-22
-6.1684464e-21
-1.1899127e-20
-1.2873393e-20
-5.9854914e-21
4.8328402e-21
1.0644749e-20
7.729521e-21
1.5389155e-21
-6.7153888e-22
2.4199826e-21
6.7593275e-21
8.3914849e-21
7.1883405e-21
5.4994473e-21
4.5873105e-21
3.846149e-21
2.5117728e-21
8.2706381e-22
-5.3966769e-22
-1.4551844e-21
-2.4600103e-21
-3.3782694e-21
-3.3271707e-21
-1.7318066e-21
5.1936395e-22
1.733106e-21
1.0591894e-21
-7.7765347e-22
-2.1661541e-21
-2.1874914e-21
-1.1399207e-21
-1.2961739e-24
5.1678053e-22
4.5152417e-22
2.3784648e-22
2.0897317e-22
3.7420572e-22
5.2462743e-22
4.9538492e-22
3.0633392e-22
9.5922257e-23
-1.2737874e-23
8.8966811e-25
6.6843896e-23
1.0445698e-22
8.5389094e-23
3.4812831e-23
-7.5522146e-24
-2.2904396e-23
-1.8291336e-23
-9.9454431e-24
-6.8758318e-24
-7.9240779e-24
-8.4417974e-24
-6.366792e-24
-3.0455124e-24
-5.3485397e-25
4.6725625e-25
4.7810302e-25
2.7217536e-25
1.9340571e-25
2.0178681e-25
1.8913988e-25
1.4298235e-25
5.1893977e-26
-1.1793856e-26
-2.4792152e-26
-6.9572616e-27
1.2460578e-26
1.9311651e-26
1.5275378e-26
9.2664873e-27
5.9755283e-27
5.1580739e-27
4.9561887e-27
3.9882143e-27
2.1198205e-27
2.6284376e-28
-5.8792033e-28
-3.1481495e-28
3.2022692e-28
5.4173871e-28
2.5174915e-28
-1.3080975e-28
-2.6679316e-28
-1.8189515e-28
-7.2705712e-29
-3.6990488e-29
-3.7661759e-29
-2.3083891e-29
4.1032056e-30
1.791616e-29
1.2913464e-29
3.1583799e-30
-7.4762177e-31
8.3710313e-32
8.8515294e-31
2.6661911e-31
-5.2638036e-31
-6.5532596e-31
-3.7321219e-31
-1.2510023e-31
-3.4918153e-32
-3.1930542e-32
-4.0546473e-32
-3.1266442e-32
-1.1670279e-32
-2.6530091e-34
-6.9912594e-34
-2.996277e-33
-1.457433e-33
9.2518364e-34
1.2664295e-33
6.2103835e-34
4.5330014e-34
5.786493e-34
4.805726e-34
2.387241e-34
8.2941649e-35
2.9603133e-35
1.0819559e-35
-5.1585212e-38
-4.3476992e-36
-3.0281079e-36
3.3632574e-37
1.6424907e-36
7.0591601e-37
5.1820543e-38
2.0965739e-37
2.2912547e-37
2.5427459e-38
-6.1599903e-38
-3.8330574e-38
-1.0233411e-38
-6.2173818e-39
-1.2273654e-38
-7.1675754e-39
7.4300055e-40
4.6548539e-40
-8.8938822e-40
-2.3752252e-40
1.8497338e-40
1.9293432e-40
1.2003816e-41
1.440417e-41
2.57293e-41
3.0731288e-42
-3.5560693e-42
3.5662382e-43
1.5837951e-42
-6.0627015e-43
-2.2304005e-43
4.801239e-44
5.3776709e-44
-7.6589805e-44
4.0348175e-44
-3.5436046e-44
-2.1350553e-45
-3.0516809e-45
-1.1908095e-45
-2.9972457e-47
-6.887752e-46
-1.2770156e-47
-1.1422925e-46
3.3406427e-47
-4.0157141e-48
-1.6149507e-47
3.8235151e-48
2.3040239e-48
-2.7326152e-48
2.301859e-48
3.2290905e-49
-2.8122415e-49
2.0235034e-49
-1.662811e-49
6.8775395e-52
-3.7387657e-51
0
0
0
0
0
0
0
0
0
0
0
-6.6010741e-25
7.8650285e-21
-7.6388436e-20
-1.4435071e-19
-1.5114633e-18
1.1601875e-18
4.137079e-18
-2.7183714e-19
9.8959853e-18
2.1562126e-17
4.531867e-19
-8.2054928e-18
8.9484894e-19
-5.2045268e-18
6.8851295e-18
-2.3392358e-17
-4.8693358e-17
-2.5414577e-17
-2.1538434e-17
-7.5068609e-18
9.3038874e-18
-1.410054e-18
-1.2985484e-17
-6.8030349e-18
5.1835283e-18
1.0373571e-17
6.6331431e-18
7.333951e-19
-1.1535178e-18
-1.5864999e-19
3.426436e-19
2.8211116e-19
7.7740021e-19
1.0009096e-18
5.5207972e-19
1.5196119e-19
4.9507669e-20
6.963477e-20
1.0958134e-19
1.0378018e-19
5.3033011e-20
1.8267614e-20
1.6357702e-20
2.2564932e-20
2.005839e-20
9.4602187e-21
-1.8711288e-22
-3.3200197e-21
-2.1030151e-21
-5.8377139e-22
-8.0218659e-23
-3.7544331e-22
-1.1677776e-21
-1.6776889e-21
-1.05409e-21
4.1409617e-22
1.3488244e-21
8.8478135e-22
-3.3473611e-22
-1.0389574e-21
-7.1126566e-22
1.3379889e-22
6.8825494e-22
6.8312299e-22
4.1424895e-22
1.8365231e-22
1.718073e-23
-2.0036261e-22
-4.7949564e-22
-6.6119547e-22
-6.7301933e-22
-6.0608836e-22
-5.7747436e-22
-5.545736e-22
-4.1994761e-22
-1.4874297e-22
9.6693769e-23
1.4101255e-22
-3.8907085e-23
-2.7625084e-22
-3.8554171e-22
-3.0989949e-22
-1.2992826e-22
2.0622418e-23
7.1435262e-23
4.1091111e-23
-9.8989202e-24
-3.2166173e-23
-1.8574461e-23
6.6111272e-24
2.0078268e-23
1.6709332e-23
6.5970885e-24
1.1201816e-24
2.6101864e-24
5.9607192e-24
6.2498943e-24
3.2171633e-24
-1.885283e-25
-1.572654e-24
-9.2891768e-25
2.0532456e-25
6.4202337e-25
3.0967568e-25
-2.0693151e-25
-4.3545928e-25
-3.5537904e-25
-1.6556905e-25
-3.6175089e-26
1.3799059e-26
1.0276031e-26
7.5578221e-27
2.4313863e-26
4.0648033e-26
3.6861188e-26
1.665001e-26
-2.2932399e-27
-8.2062862e-27
-3.4785009e-27
2.7329632e-27
4.8103394e-27
3.3437173e-27
1.3739943e-27
5.8761106e-28
7.0328853e-28
8.66451e-28
7.2117651e-28
4.1053874e-28
1.6194146e-28
6.1325628e-29
6.7537538e-29
9.9769139e-29
9.9555239e-29
5.9716347e-29
1.1439309e-29
-1.489498e-29
-1.6348622e-29
-9.0588387e-30
-5.2890646e-30
-4.8260529e-30
-3.3148446e-30
-3.7091813e-31
1.4924669e-30
1.2980654e-30
3.4475543e-31
-7.2319091e-32
5.8006794e-32
1.7957673e-31
9.3428632e-32
-3.1131309e-32
-6.2371204e-32
-3.4343232e-32
-1.3713439e-32
-1.1234551e-32
-1.0349968e-32
-5.8901535e-33
-2.2887151e-33
-1.203373e-33
-9.6961449e-34
-5.8719712e-34
-2.1233355e-34
-2.5978761e-35
2.5384427e-35
2.6638501e-35
3.1695567e-35
5.0532336e-35
5.589624e-35
3.6962565e-35
1.5047163e-35
6.0804183e-36
4.5764129e-36
2.5737374e-36
3.2473279e-37
-2.7944794e-37
2.6036798e-38
1.4719613e-37
4.7832129e-38
-1.5207916e-38
-1.9585813e-39
2.0819369e-38
1.5787786e-38
-3.3488452e-40
-4.2350849e-39
-7.0364383e-40
-1.7912324e-40
-1.0803815e-39
-6.8844147e-40
-1.2714013e-40
-2.1576873e-41
-4.3748794e-41
-4.3494078e-41
-7.1489772e-42
1.2023554e-41
4.4442592e-42
1.5869701e-42
2.4786008e-42
9.2558237e-43
-1.1229643e-43
3.5102804e-44
1.4428795e-43
-3.2904495e-44
-2.2167293e-44
-2.7671421e-45
-1.2916549e-45
-6.0649412e-45
3.4865802e-45
-1.5793127e-45
-1.5478519e-46
-2.8668177e-46
-6.4444252e-47
7.8466631e-48
-3.6293028e-47
-1.7392126e-48
-5.4961685e-48
7.9294211e-49
-1.0435284e-48
-6.9908507e-49
-2.1819661e-49
1.3778281e-49
1.0241206e-49
-8.4507647e-51
2.8726124e-50
6.4505653e-51
-1.328576e-50
5.6798467e-51
-3.8468769e-51
1.9987203e-51
-2.0218795e-52
-1.9693477e-52
0
0
0
0
0
0
0
0
0
0
0
-1.3477054e-28
7.2587416e-22
-6.4697754e-21
-4.253646e-21
-5.839087e-21
-2.6055055e-19
-2.8111701e-19
-2.179828e-19
2.6110935e-20
4.0842166e-18
1.6525239e-18
-2.508314e-18
4.770135e-19
-6.8439286e-19
3.8513196e-18
5.5200727e-18
-2.3879695e-18
-2.616843e-18
-2.1233622e-18
-2.7388659e-18
2.2301224e-18
3.243799e-18
-1.0405593e-18
-1.8729176e-18
-5.4821331e-19
-7.8745633e-19
-8.2801686e-19
1.8472793e-19
8.8803983e-19
7.0808662e-19
2.4579021e-19
9.4748495e-20
1.2960055e-19
1.1885518e-19
8.0358396e-20
4.6263432e-20
1.8635556e-20
5.5488369e-21
2.8426949e-21
2.4571605e-21
1.7294143e-21
6.9935211e-22
6.1710459e-23
-3.5042116e-23
-2.2837341e-22
-8.6894325e-22
-1.4917776e-21
-1.6700907e-21
-1.451975e-21
-1.0398013e-21
-6.2685618e-22
-3.7236448e-22
-2.6425383e-22
-1.4317914e-22
4.8840944e-23
1.789777e-22
1.2407131e-22
-5.1945574e-23
-1.8169692e-22
-1.7081322e-22
-6.0641063e-23
3.9418787e-23
6.8298753e-23
4.37888e-23
6.9881897e-24
-2.1902401e-23
-4.8866097e-23
-8.0247946e-23
-9.8141726e-23
-9.1060611e-23
-6.4134583e-23
-4.1618574e-23
-3.394028e-23
-3.3256757e-23
-2.4582277e-23
-9.0256787e-24
1.5362195e-24
-3.3403916e-24
-1.9393785e-23
-3.2315872e-23
-3.1725076e-23
-1.7371158e-23
9.6244315e-25
1.22988e-23
1.2613027e-23
5.3665077e-24
-2.2726855e-24
-5.3195086e-24
-3.8061218e-24
-7.8582626e-25
1.0831237e-24
1.2286709e-24
5.7661284e-25
1.0624577e-25
3.3419721e-26
8.5806249e-26
4.0522957e-26
-7.6829956e-26
-1.3398759e-25
-8.0641683e-26
2.8257291e-26
1.0495196e-25
9.3028525e-26
4.1395363e-26
-1.2144688e-26
-3.4316272e-26
-3.3336627e-26
-1.8225954e-26
-8.030287e-27
-5.0837555e-27
-5.0731811e-27
-2.3450317e-27
1.974242e-27
4.149207e-27
2.9412213e-27
4.3429612e-28
-8.9073193e-28
-5.2088491e-28
4.0326101e-28
7.8929381e-28
5.2706629e-28
1.1954946e-28
-5.9013976e-29
-2.2471696e-29
4.8897906e-29
6.0187556e-29
3.4126292e-29
1.6525855e-29
1.6866408e-29
2.0637002e-29
1.8517442e-29
1.2488649e-29
7.0560045e-30
3.6165751e-30
1.5785005e-30
4.0341404e-31
-1.2565619e-31
-2.55414e-31
-2.2075071e-31
-1.2240115e-31
-9.1277925e-33
5.5458151e-32
4.6312663e-32
7.5181442e-33
-9.4033136e-33
-7.0678324e-34
8.3903401e-33
6.0545549e-33
-5.0940819e-35
-2.1006402e-33
-1.1015695e-33
-5.3462785e-34
-8.2401863e-34
-8.3264712e-34
-4.0214095e-34
-9.0132948e-35
-6.5465014e-35
-1.0056502e-34
-6.4916926e-35
-1.254459e-35
3.6407402e-36
-1.7329299e-36
-3.6579512e-36
1.1914431e-37
2.8618383e-36
2.6163738e-36
1.2990522e-36
4.8498963e-37
2.9351314e-37
2.473832e-37
1.2072892e-37
8.2244634e-39
-1.3338071e-38
3.6495268e-39
6.331807e-39
-2.4395045e-40
-1.4803745e-39
5.6667576e-40
1.0323692e-39
2.9621158e-40
-1.0330395e-40
-5.6017937e-41
1.2853585e-41
-1.1136524e-41
-3.2142111e-41
-1.7259283e-41
-2.3118223e-42
-1.1700994e-42
-2.2086323e-42
-7.8318293e-43
1.4740321e-43
6.1425257e-44
1.6305778e-44
9.4902301e-44
3.9106977e-44
7.2995615e-45
7.4813916e-45
6.7106461e-45
-4.0867452e-46
-5.3051658e-46
3.4335647e-47
-1.8996517e-47
-2.2504762e-46
4.6523761e-47
-3.1650832e-47
-2.3092382e-48
-8.1904119e-48
-1.4668929e-48
3.4777718e-49
-1.0989613e-48
-2.4987275e-49
-1.6088773e-49
3.4815243e-51
-4.9988884e-50
-2.0415955e-50
-2.327975e-51
1.9572986e-52
8.9660074e-52
1.5391731e-51
2.6642205e-53
1.4861574e-52
1.0421961e-52
-8.6460342e-53
8.1724767e-53
-3.3600339e-53
3.8500887e-55
-7.4719937e-54
-1.0700735e-54
5.2960651e-55
0
0
0
0
0
0
0
0
0
0
0
1.8576964e-28
8.9257664e-23
-6.2856638e-22
-1.4964042e-21
2.4516215e-21
-1.8486525e-20
4.6161925e-20
4.3232013e-20
-1.8077737e-19
-2.3216832e-19
-1.6699942e-19
3.3673746e-20
1.7295986e-19
2.9717096e-20
4.4836317e-19
2.8276031e-19
-6.5964724e-19
-3.421397e-19
-1.3043416e-19
-5.2301287e-19
-3.3386506e-19
-5.7925965e-20
-1.1549429e-19
-9.0574782e-20
-8.5995124e-20
-2.0079256e-19
-2.1655095e-19
-8.3105993e-20
1.5128694e-20
2.3444362e-20
2.5083416e-20
2.8987966e-20
1.5388373e-20
2.8701813e-21
-2.2854324e-22
-9.9464025e-22
-1.229e-21
-3.6749199e-22
8.7707408e-22
1.7261904e-21
1.6950582e-21
1.0657276e-21
5.5105551e-22
3.4377402e-22
2.1109984e-22
3.8943894e-23
-1.0101633e-22
-1.399336e-22
-9.3365928e-23
-2.6857705e-23
7.1261881e-24
3.7614184e-24
-7.4507834e-24
-5.497726e-24
1.5441583e-24
-2.6689313e-24
-1.7646904e-23
-2.9717736e-23
-2.8948697e-23
-1.7473308e-23
-5.1282785e-24
1.247564e-24
1.4884997e-24
-1.2024376e-24
-3.6946346e-24
-5.2118586e-24
-6.1761053e-24
-5.9573578e-24
-4.1037454e-24
-8.7586493e-25
1.8152772e-24
2.6328648e-24
1.6079129e-24
1.7295018e-25
-6.9922543e-25
-8.8994752e-25
-9.1428385e-25
-1.1854072e-24
-1.5339409e-24
-1.6059926e-24
-1.1272646e-24
-2.3434576e-25
6.0280426e-25
9.4068276e-25
6.8145191e-25
1.374304e-25
-2.8827242e-25
-3.9004953e-25
-2.4303098e-25
-5.7700309e-26
4.6564751e-26
5.3851799e-26
2.0590338e-26
-2.8526356e-27
-6.9510927e-27
-3.8061872e-27
-4.7508693e-27
-7.5751232e-27
-5.5165918e-27
3.5788549e-27
1.4554348e-26
1.7727198e-26
1.3951876e-26
5.6546115e-27
-1.1170295e-27
-3.542163e-27
-2.8348888e-27
-1.5857482e-27
-1.1066244e-27
-1.1085276e-27
-8.966495e-28
-3.5940751e-28
1.1368498e-28
2.3551156e-28
1.005239e-28
-2.9974342e-29
-2.8291782e-29
4.3976638e-29
8.1432736e-29
5.6050425e-29
9.9846914e-30
-1.488647e-29
-1.3896224e-29
-4.6817262e-30
2.9671068e-32
1.3558941e-31
-6.6691728e-32
8.5179816e-31
1.6677139e-30
1.5273405e-30
8.7147052e-31
3.9402928e-31
2.4420076e-31
2.075652e-31
1.3772403e-31
5.5064919e-32
1.0802646e-32
4.0337038e-33
7.1715249e-33
5.8727161e-33
2.0076875e-33
-2.9852039e-34
-6.9045457e-34
-4.2751132e-34
-1.9120144e-34
-7.3749276e-35
-3.3657014e-35
-2.0805225e-35
-4.2887367e-36
4.460498e-36
-7.6081621e-36
-2.2810985e-35
-2.1243742e-35
-8.6645635e-36
-8.7348861e-37
-1.0622864e-36
-2.5907299e-36
-1.8441274e-36
-4.1007395e-37
6.2340185e-38
-8.7725811e-38
-1.3174367e-37
-1.2200524e-38
5.9580533e-38
4.441779e-38
1.4865969e-38
5.0478864e-39
4.8869016e-39
3.738465e-39
1.4557013e-39
2.1071319e-40
9.9191827e-41
1.9355011e-40
1.0439149e-40
1.6880853e-42
-4.7430093e-42
1.2817567e-41
8.1602278e-42
1.7195411e-43
-1.9355337e-43
6.7834359e-43
7.0462683e-44
-4.1063374e-43
-2.6132767e-43
-4.4681703e-44
-1.8166352e-44
-3.6361798e-44
-1.5002468e-44
4.7844582e-46
-8.0976102e-46
-1.2259765e-45
3.2565366e-46
5.6459166e-46
1.3745407e-46
6.2585249e-47
9.5009492e-47
2.2460523e-47
4.2325587e-49
2.38171e-48
1.1875969e-48
-1.806286e-48
2.675615e-50
-2.5324165e-49
-6.1376733e-50
-2.6064029e-50
-2.2671189e-50
-4.1169086e-51
-4.2989363e-51
8.5846548e-52
-1.0525602e-51
1.8580298e-53
-1.5277162e-52
-1.1407364e-52
-2.5834328e-53
3.6771702e-54
-4.4036993e-54
-4.720738e-54
-1.3556539e-54
7.5289629e-56
-7.5646277e-55
2.3082839e-55
-2.1485802e-55
1.211982e-55
-5.3321581e-56
1.6702346e-56
-4.7176515e-57
-2.6104596e-57
1.340296e-57
-1.4312619e-57
0
0
0
0
0
0
0
0
0
0
0
-9.9986526e-28
-9.1809641e-25
4.9921792e-23
2.6740036e-22
8.8329779e-22
1.2837505e-21
-6.3076458e-22
2.9425578e-21
-1.5760934e-20
-2.9340808e-20
2.7453628e-20
5.3344573e-20
7.4532854e-20
5.0273066e-20
-3.1488664e-20
-4.6002186e-20
-1.5807199e-20
2.8100538e-20
3.3284118e-20
-3.3782325e-20
-6.9261921e-20
-4.8322384e-20
-1.9603555e-20
-2.0441537e-21
4.8624611e-21
2.6046059e-21
-9.2195919e-22
-4.596441e-21
-7.4083558e-21
-4.5747576e-21
2.9624088e-22
1.4749083e-21
1.2991958e-22
-7.1528865e-22
-7.6974232e-22
-6.5800746e-22
-4.711904e-22
-1.9815039e-22
3.3306712e-23
1.1345406e-22
7.5089829e-23
3.1339393e-23
3.3781672e-23
4.8434016e-23
4.0683739e-23
1.7587791e-23
1.2576916e-24
6.92176e-26
6.557615e-24
1.0287321e-23
8.141079e-24
3.8550138e-24
1.2514525e-24
4.5457684e-25
-1.8639175e-25
-1.2094307e-24
-1.9568309e-24
-1.8454004e-24
-1.0664446e-24
-2.741439e-25
1.4308278e-25
1.6203229e-25
-6.9307554e-26
-3.1795686e-25
-4.4928591e-25
-4.4259315e-25
-3.0689869e-25
-1.0803768e-25
9.8835475e-26
2.4590807e-25
2.8328481e-25
2.1126891e-25
9.7877028e-26
-7.2194883e-27
-7.6827079e-26
-9.0732164e-26
-8.6626291e-26
-6.2436519e-26
-5.232125e-26
-3.9970803e-26
-2.1025642e-26
1.0354753e-26
3.9721214e-26
4.621821e-26
2.7391999e-26
-3.2158411e-27
-2.5365743e-26
-2.867333e-26
-1.7690572e-26
-4.9360214e-27
1.2894325e-27
1.0579615e-27
-1.2586339e-27
-2.3232236e-27
-1.7575376e-27
-9.0127386e-28
-5.3211786e-28
-3.8622404e-28
6.6127233e-29
8.2033039e-28
1.3813845e-27
1.3626813e-27
8.433883e-28
2.4337466e-28
-1.0692308e-28
-1.7188305e-28
-1.1263007e-28
-7.05002e-29
-7.0197767e-29
-7.1038578e-29
-4.856113e-29
-1.6532832e-29
2.9776179e-30
5.654814e-30
2.0553353e-30
1.2750054e-30
3.5452716e-30
4.8619076e-30
3.4826957e-30
9.6165589e-31
-6.6481866e-31
-9.2007534e-31
-5.3572726e-31
-2.1369054e-31
-1.0179705e-31
-5.8874899e-32
-1.4379422e-33
4.4265845e-32
4.8469058e-32
2.7263863e-32
9.8896586e-33
5.3632384e-33
6.0558305e-33
5.1509041e-33
2.6576603e-33
8.7184119e-34
3.7702384e-34
3.7111408e-34
2.6659451e-34
8.3201191e-35
-1.6823465e-35
-2.2645489e-35
-5.6127149e-36
-1.9590366e-36
-5.1423959e-36
-4.8934868e-36
-1.8168069e-36
2.5868304e-37
4.7450246e-37
1.3962659e-38
-2.2683868e-37
-1.7178363e-37
-5.2896185e-38
-4.2749172e-39
-1.134054e-38
-1.9907207e-38
-1.2811106e-38
-3.0803188e-39
-8.6649787e-41
-8.6456309e-40
-9.2852108e-40
-1.0144936e-40
3.2377275e-40
2.1394705e-40
5.8584402e-41
2.8824009e-41
3.2527742e-41
1.8752291e-41
4.5660158e-42
5.8768027e-43
7.9054462e-43
6.1180154e-43
1.4668535e-43
-7.2049263e-45
3.1789682e-44
4.4981755e-44
1.4970864e-44
-2.5572902e-46
3.3738685e-45
3.5871391e-45
-2.569472e-46
-1.1879914e-45
-3.2525667e-46
-4.6673082e-47
-1.0323273e-46
-6.7782438e-47
-1.6325548e-47
-3.851374e-48
-5.8628305e-48
-1.8975837e-48
1.191749e-48
2.5212583e-49
2.0695874e-49
2.0155855e-49
6.3678235e-50
1.7253634e-50
1.794628e-50
8.3339853e-51
-1.5227854e-51
1.0827314e-52
-4.2417681e-52
-2.319765e-52
6.2818493e-54
-7.0504028e-53
-1.3023063e-53
-1.2761217e-53
1.1377945e-54
-1.2793098e-54
1.0319056e-55
-2.476707e-55
-1.263896e-55
-1.3679894e-56
-1.9903925e-57
-4.2883786e-57
-1.0597721e-56
-3.1357042e-57
5.3650238e-59
-1.4060786e-57
-1.3663114e-59
2.0039856e-58
-3.7396665e-59
2.5468179e-59
-9.9756475e-61
-8.4848723e-60
-3.8865964e-60
-8.4421121e-61
-5.4778281e-61
-3.230035e-62
1.875029e-63
0
0
0
0
0
0
0
0
0
0
0
-2.6086319e-29
-7.5560645e-26
7.1771019e-25
-6.6336864e-24
2.3352817e-23
1.2054414e-22
-7.0922541e-23
-1.8594436e-22
1.2693724e-22
8.3801788e-22
9.2940248e-22
1.214259e-21
5.3353398e-21
2.8661355e-21
-4.8718548e-21
-3.0682689e-21
1.0352919e-21
3.4154379e-22
2.3992388e-22
1.1523609e-21
1.1776261e-21
1.3907559e-21
1.3716341e-21
5.3963767e-22
-4.659721e-23
3.3425998e-22
7.0049792e-22
4.5220719e-22
2.6728354e-22
3.2970964e-22
2.875281e-22
1.3278217e-22
3.3588714e-23
1.8762958e-23
2.5911543e-23
1.909633e-23
1.3622947e-23
1.8364258e-23
1.869083e-23
8.915131e-24
-2.6076215e-25
-1.7394118e-24
1.0193903e-24
2.5838043e-24
1.8077731e-24
4.8005165e-25
-1.4885699e-26
1.7860234e-25
3.0993255e-25
5.9870253e-26
-3.0498787e-25
-4.5498983e-25
-3.8495949e-25
-3.2468721e-25
-2.6049983e-25
-2.342266e-25
-2.0869114e-25
-1.3220331e-25
-5.8155448e-26
-2.1881598e-26
-1.3914776e-26
-1.9763258e-26
-3.3609441e-26
-4.5621415e-26
-4.6542468e-26
-3.3445968e-26
-1.3507577e-26
5.4144428e-27
1.6760535e-26
1.9722966e-26
1.5931758e-26
8.2803247e-27
-5.4586317e-28
-8.5363095e-27
-1.2869527e-26
-1.2737283e-26
-8.9724353e-27
-5.0513842e-27
-3.1454074e-27
-2.7042439e-27
-1.7243609e-27
7.2708056e-28
3.2472094e-27
3.7778853e-27
1.9262967e-27
-6.4073888e-28
-2.1309385e-27
-1.9793146e-27
-9.7306408e-28
-7.326012e-29
2.388331e-28
1.3425441e-28
-6.3335016e-30
-5.6503514e-30
8.1333382e-29
1.3855953e-28
1.2832825e-28
8.9398026e-29
6.4863739e-29
6.0421476e-29
5.7137568e-29
4.2227043e-29
2.0493116e-29
3.6434445e-30
-3.0415332e-30
-2.8247932e-30
-1.3083865e-30
-1.0817245e-30
-1.5757857e-30
-1.6197642e-30
-1.0483852e-30
-3.9262275e-31
-3.2629041e-32
6.8271847e-32
9.5137678e-32
1.2577633e-31
1.3265736e-31
9.4034246e-32
3.5692359e-32
-5.2976016e-33
-1.7714228e-32
-1.3565955e-32
-7.0706251e-33
-3.4513286e-33
-1.7213708e-33
-4.8021151e-34
3.36484e-34
5.1954447e-34
3.1070372e-34
1.0239282e-34
4.0404264e-35
5.1513149e-35
5.1384543e-35
3.0431028e-35
1.1730805e-35
4.7224657e-36
3.593436e-36
2.5088441e-36
9.0673815e-37
-1.9245841e-38
-1.3057408e-37
-9.2811559e-39
1.3665121e-38
-2.4531846e-38
-3.5043868e-38
-1.6753819e-38
-1.1913609e-39
1.9692975e-39
2.0479838e-40
-6.2295587e-40
-2.916847e-40
1.5348558e-41
2.163736e-41
-3.9157576e-41
-4.4170126e-41
-2.0461502e-41
-5.4313858e-42
-2.3944674e-42
-2.2774584e-42
-1.1306164e-42
8.1380765e-44
3.9204231e-43
1.8950155e-43
4.1890083e-44
2.9585355e-44
3.1535423e-44
1.3898191e-44
1.5491904e-45
2.0671131e-46
8.340187e-46
3.0740724e-46
-4.1836738e-47
4.1025844e-47
8.0173184e-47
2.6500348e-47
-9.2274738e-49
1.4762066e-48
2.8574316e-48
5.0258806e-49
-4.107144e-49
-7.7589602e-50
4.2553873e-50
-6.4747264e-50
-6.3979163e-50
-7.4876542e-51
2.5651368e-51
-4.7490351e-51
-2.5069506e-51
1.3279352e-52
1.1745973e-52
3.1141308e-53
3.5750383e-53
2.576323e-53
4.1785674e-54
6.679291e-54
4.0907558e-54
2.350141e-55
1.8251118e-55
7.2400422e-56
-4.8009453e-56
9.0864738e-57
-1.3340235e-56
7.25746e-58
-4.3607946e-57
-3.8581476e-58
-4.0796183e-58
6.2841411e-59
-7.351077e-59
-4.0695763e-59
-8.1326786e-60
-3.499613e-60
-7.023419e-61
-1.0673827e-60
7.7469508e-62
1.7848023e-61
3.7042405e-62
3.0470532e-62
-1.73427e-62
1.5344986e-63
-3.1874233e-63
-7.9470999e-64
3.553445e-65
-5.7673121e-64
1.6942834e-64
-7.1671583e-65
3.2963785e-66
-1.6459805e-65
6.0856874e-66
-2.5996727e-66
0
0
0
0
0
0
0
0
0
0
0
-1.3575473e-30
-3.3212271e-27
6.2277002e-26
-9.9938768e-26
-7.7939746e-25
4.8515095e-24
2.504167e-24
-6.931177e-24
4.0617263e-23
5.0669867e-23
-2.07752e-24
6.5052778e-23
2.3159317e-22
1.5459559e-22
4.433136e-23
2.3920158e-22
1.9830408e-22
-1.1354263e-22
-9.6686955e-23
1.776892e-22
2.9693407e-22
2.7502631e-22
2.1126941e-22
1.0236175e-22
1.9863655e-23
-7.7444834e-25
9.444599e-24
2.7444349e-23
3.8414794e-23
3.3178763e-23
1.7613045e-23
5.2713285e-24
1.3215153e-24
1.4533688e-24
1.3756041e-24
6.9144501e-25
4.9219279e-25
6.2722538e-25
3.9044031e-25
-6.2801548e-26
-2.092963e-25
-5.9805428e-26
7.8948589e-26
7.8626486e-26
2.7319025e-26
1.6308503e-26
2.9495259e-26
3.6720098e-26
1.2573946e-26
-2.1536228e-26
-3.8949708e-26
-3.3452772e-26
-2.2413825e-26
-1.7680124e-26
-1.6554466e-26
-1.4989511e-26
-9.7938351e-27
-5.4397205e-27
-2.9820095e-27
-2.3541574e-27
-2.8660791e-27
-3.8670846e-27
-4.8467414e-27
-4.8640715e-27
-3.7432249e-27
-2.039507e-27
-4.9177918e-28
3.1157242e-28
3.7038092e-28
8.014041e-29
-2.2525573e-28
-4.2614557e-28
-7.2294642e-28
-1.0859061e-27
-1.2294809e-27
-9.9675216e-28
-4.6709967e-28
-8.3668761e-29
-9.9189005e-29
-3.0822078e-28
-3.6128292e-28
-1.527163e-28
1.0373905e-28
1.7607348e-28
5.4204544e-29
-1.0735846e-28
-1.7609944e-28
-1.395378e-28
-6.61216e-29
-1.6398731e-29
-1.994974e-30
-3.3565389e-30
-2.326062e-30
4.3892283e-30
1.0923054e-29
1.2498025e-29
9.4393778e-30
4.983794e-30
1.7738524e-30
4.0251824e-31
1.3301673e-31
1.4709745e-31
1.0942904e-31
4.2177612e-32
1.6706209e-32
2.73417e-32
3.4249296e-32
2.2067151e-32
3.5043824e-33
-6.9467309e-33
-7.2326123e-33
-3.1639627e-33
3.072487e-34
1.8396366e-33
2.041303e-33
1.6310056e-33
1.0098999e-33
4.3350724e-34
6.3083476e-35
-8.3233027e-35
-9.2753479e-35
-6.0069088e-35
-3.1413355e-35
-1.412591e-35
-4.2598908e-36
5.8221567e-37
1.7273701e-36
1.0903617e-36
3.6670018e-37
1.2326857e-37
1.3840822e-37
1.4196456e-37
8.9177555e-38
3.7685394e-38
1.4805722e-38
8.7485561e-39
5.4176509e-39
2.0171954e-39
1.3751299e-40
-1.5606844e-40
2.5371642e-41
6.2132881e-41
-7.486844e-42
-3.9258887e-41
-2.3366996e-41
-4.4787883e-42
7.9987959e-43
-1.2555672e-43
-5.8401302e-43
-1.6363854e-43
8.1528087e-44
3.8534181e-44
-2.1542261e-44
-2.0184237e-44
-4.8983201e-45
-6.064597e-46
-1.2848086e-45
-1.04746e-45
-2.3296934e-46
1.110974e-46
8.3217814e-47
2.0105278e-47
7.4452483e-48
9.6674951e-48
6.7796665e-48
2.3808183e-48
4.7826201e-49
2.0831665e-49
1.3263334e-49
2.1851489e-50
-5.4698137e-51
8.2818655e-51
7.7120881e-51
7.7968943e-52
-6.1394758e-52
2.6198878e-52
3.0594048e-52
4.6028202e-53
-1.4926626e-53
-1.6113158e-54
-1.2133212e-54
-2.6997234e-54
-1.0101767e-54
-1.3563825e-55
-2.2829797e-55
-1.580678e-55
-1.4550929e-56
2.65887e-57
-3.8724981e-57
5.6489901e-58
7.0500334e-58
1.7883564e-58
2.0880325e-58
1.028089e-58
4.8451925e-60
1.200232e-59
9.1227459e-60
-1.7433016e-61
3.5448184e-61
-3.1363547e-61
1.0940608e-61
-3.3853498e-62
-2.4438519e-63
-1.346419e-62
2.5442187e-63
-5.6919154e-64
-3.5455406e-64
-7.1403605e-65
-4.5363333e-66
-3.9327323e-66
-1.7955465e-65
2.3927407e-66
1.9784077e-67
-5.03766e-67
-9.774145e-68
-2.5494969e-67
-6.2716601e-68
-2.0342429e-68
1.095596e-69
2.8261671e-71
1.8182752e-69
-1.2537713e-69
2.562233e-70
-2.2948654e-70
6.8081614e-73
6.7927997e-72
-9.5246931e-72
3.4524155e-72
-3.7046508e-72
0
0
0
0
0
0
0
0
0
0
0
9.2493761e-32
-9.4238329e-29
3.9030653e-27
5.0021568e-27
-6.8565751e-26
-7.5974093e-26
4.9470521e-26
-4.6257152e-25
-4.9768879e-25
-1.7262313e-25
2.4900788e-24
4.212482e-24
-6.3055816e-25
-2.0825399e-24
3.8024035e-24
8.8129957e-24
5.9448441e-24
-6.2789039e-25
2.1780026e-25
4.2393628e-24
3.8208168e-24
2.0294373e-24
1.7344098e-24
2.0294167e-24
1.4350445e-24
5.1882397e-25
4.0583701e-25
7.6167674e-25
8.5144606e-25
6.055577e-25
3.0369117e-25
1.6346422e-25
1.5566083e-25
1.2902515e-25
7.2567424e-26
6.6155159e-26
6.9999988e-26
5.2693288e-26
1.3905318e-26
-4.0426496e-27
-9.132064e-28
7.0695669e-27
7.1921857e-27
2.6307916e-27
7.346654e-28
2.8668882e-27
4.4558597e-27
2.1880312e-27
-1.8214087e-27
-3.5636393e-27
-2.3597349e-27
-4.9792093e-28
3.1185822e-28
1.1695647e-28
-1.4373263e-28
-3.5961692e-29
1.6887715e-28
2.3889627e-28
1.84545e-28
9.7653379e-29
2.0989042e-29
-4.2558318e-29
-7.2658005e-29
-6.6284512e-29
-3.1076011e-29
1.6193144e-29
4.5414873e-29
3.1674188e-29
-1.2727249e-29
-4.7503452e-29
-4.1570997e-29
-1.7516017e-29
-1.2557801e-29
-3.0249535e-29
-3.8883606e-29
-1.5049321e-29
1.7847006e-29
2.3428459e-29
-2.1927714e-30
-3.0747092e-29
-3.5699492e-29
-1.8953398e-29
-8.2657317e-31
5.0984557e-30
7.6487198e-31
-4.861675e-30
-6.3207489e-30
-4.2495691e-30
-1.6630209e-30
-3.0404961e-31
-3.4372935e-32
-6.185043e-32
6.2247029e-32
2.9361784e-31
4.3099061e-31
3.885303e-31
2.3444635e-31
8.3388746e-32
-1.0378772e-33
-2.2407294e-32
-1.4503508e-32
-4.0933694e-33
3.0313784e-34
7.6186824e-34
5.0974204e-34
5.3773624e-34
5.6649091e-34
3.9470523e-34
1.5377335e-34
6.5863086e-36
-2.5666824e-35
-6.9721142e-36
1.0135855e-35
1.2790999e-35
8.2470506e-36
3.7698746e-36
1.3595842e-36
3.6888409e-37
-4.556025e-39
-1.2406003e-37
-1.231879e-37
-7.7222815e-38
-3.3316944e-38
-8.2914216e-39
7.3060809e-40
1.8908864e-39
1.0000615e-39
3.4134043e-40
1.5458539e-40
1.3563765e-40
1.0696891e-40
5.9939111e-41
2.5482777e-41
1.0285722e-41
4.9993261e-42
2.3880951e-42
7.2783416e-43
3.0717011e-44
-4.6675781e-44
1.6380253e-44
2.6412753e-44
5.0260861e-45
-6.0557902e-45
-4.517425e-45
-1.1665185e-45
-5.928769e-47
-7.2783867e-47
-9.0996058e-47
-2.0684968e-47
1.1406792e-47
5.1037244e-48
-1.903823e-48
-1.679152e-48
-2.5551909e-49
1.5573492e-50
-8.2080346e-50
-5.9454121e-50
-3.2035133e-51
1.0107944e-50
3.7713874e-51
3.3860202e-52
2.4586714e-52
3.1130141e-52
1.3188409e-52
2.8276328e-53
9.4828717e-54
5.093216e-54
6.5566461e-55
-6.3795361e-55
-1.8062502e-55
1.0023025e-55
5.6635633e-56
5.6729792e-57
4.7690791e-57
6.1419544e-57
1.6858725e-57
-2.9657638e-58
-1.0208129e-58
2.4089973e-59
-1.6652881e-59
-7.2521363e-60
1.8158025e-60
-1.4556148e-60
-1.183025e-60
-1.5149643e-62
1.1307927e-62
-3.3250337e-62
-5.7339942e-63
8.5077403e-64
1.1149233e-63
2.2268146e-64
2.8615028e-64
4.5102613e-66
6.587184e-66
1.9501788e-65
8.569599e-67
9.3338102e-67
-1.2982216e-67
2.6160896e-67
2.5207646e-69
2.2458602e-69
-1.0263446e-68
3.1105193e-69
-9.2691216e-70
-5.5483248e-71
-7.4758326e-71
7.7435483e-72
3.4366281e-72
-1.1016747e-71
-6.9768144e-73
-7.7155858e-73
-1.0693469e-73
-1.4161997e-73
-6.8015876e-74
8.6775226e-76
-7.4971672e-75
1.7756415e-75
8.2058949e-77
-5.3096317e-76
-3.8358693e-77
-8.3525377e-77
1.2249883e-77
-1.0189393e-77
1.9523376e-78
-1.359155e-78
-8.6106914e-81
-1.7844512e-79
7.5689211e-80
-2.258253e-80
0
0
0
0
0
0
0
0
0
0
0
4.5011343e-33
1.678602e-29
1.8694534e-28
4.3224491e-28
-7.2041836e-27
-2.8274716e-27
4.0874477e-26
2.9424722e-26
-1.7893133e-26
1.2635556e-26
1.5630834e-25
1.2263915e-25
-9.1241197e-26
-5.9821632e-26
1.226802e-26
-7.1894653e-26
-4.9537559e-26
6.5647138e-26
1.179832e-25
8.7738429e-26
6.9997185e-27
-4.9045998e-26
-4.5268755e-26
-1.6841155e-26
6.622687e-27
1.4332887e-26
1.4294813e-26
1.2336178e-26
9.3550221e-27
3.9905872e-27
1.6393333e-28
6.8566609e-28
2.3177653e-27
3.0290203e-27
6.1907906e-27
1.214392e-26
1.3568673e-26
8.4981533e-27
2.9768653e-27
1.2303551e-27
1.268198e-27
1.0454437e-27
3.9725184e-28
1.4692939e-28
4.095664e-28
6.1504741e-28
4.153694e-28
4.2493391e-29
-1.3486793e-28
-7.0879332e-29
3.9420816e-29
6.8928383e-29
3.8529191e-29
9.2683395e-30
1.089688e-30
2.0115259e-30
2.5311397e-30
1.563726e-30
5.8912642e-31
8.8552781e-32
-1.8539364e-31
-3.9825807e-31
-6.8705554e-31
-7.27054e-31
2.2086355e-32
1.0729796e-30
7.2045849e-31
-1.8109343e-30
-4.784706e-30
-5.0750301e-30
-2.290566e-30
5.4945757e-31
8.2914112e-31
-7.44155e-31
-1.3897289e-30
-3.1498089e-31
7.2321826e-31
2.3547737e-31
-1.2880317e-30
-2.275684e-30
-2.0087491e-30
-1.0680838e-30
-3.2060467e-31
-7.8902308e-32
-1.3331701e-31
-1.95014e-31
-1.6293396e-31
-8.6009397e-32
-2.8580475e-32
-7.4018396e-33
-5.8010849e-33
-5.7436075e-33
-1.7454568e-33
3.0476711e-33
5.1099315e-33
4.1609362e-33
2.058171e-33
4.6362034e-34
-1.636457e-34
-1.855336e-34
-5.8173419e-35
1.167676e-35
1.8611049e-35
8.4805733e-36
3.518729e-36
3.1479882e-36
2.8259423e-36
1.6285981e-36
5.3193587e-37
5.1350347e-38
-1.2130146e-38
2.4867304e-38
3.3444002e-38
1.8507418e-38
5.4286043e-39
6.2608682e-40
2.3500853e-41
1.1918321e-40
5.7869401e-41
-2.5501065e-41
-3.9180347e-41
-1.88182e-41
-3.2400522e-42
1.1780599e-42
8.8444596e-43
2.3582091e-43
5.1948187e-44
4.7659339e-44
4.0959282e-44
2.154251e-44
8.0002656e-45
2.7029089e-45
1.1305112e-45
5.0916579e-46
1.6471589e-46
1.7940482e-47
-1.0986012e-47
-4.4860453e-48
9.0681841e-49
1.2417955e-48
3.3396766e-49
-6.7758196e-50
-7.4871188e-50
-2.308448e-50
-5.093472e-51
-2.8778289e-51
-1.5428711e-51
-2.5443214e-52
1.2139057e-52
4.8014036e-53
-1.3327178e-53
-1.104203e-53
-1.5515928e-54
1.1034776e-56
-4.1169873e-55
-2.3828023e-55
-1.3711659e-57
3.3924493e-56
8.6883893e-57
3.2403019e-59
6.6918505e-58
6.9514172e-58
1.897136e-58
1.855718e-59
1.2370189e-59
6.5888122e-60
-2.6870016e-61
-7.4068785e-61
2.8843458e-62
9.3063472e-62
9.259554e-63
-7.2312813e-64
3.3201819e-63
1.4353473e-63
9.4331811e-65
2.0780872e-65
4.3953611e-65
1.0767419e-65
-3.3671028e-66
-2.4239227e-66
-5.8574064e-67
-1.7133308e-67
-6.4497158e-68
5.4569607e-69
3.5291745e-69
-3.6399348e-69
-8.9508834e-70
2.2506626e-70
1.0015902e-70
3.3933335e-71
-6.2070206e-72
-3.7196961e-73
1.4110011e-72
-1.2292715e-74
6.5511847e-75
3.5441137e-75
7.1419029e-75
6.6466876e-76
5.5672593e-76
1.18632e-76
1.1130912e-76
-1.9101809e-77
2.1589545e-78
-1.4512849e-78
1.2864054e-79
-1.2420937e-79
-1.2229677e-79
-1.3642178e-80
-8.3967557e-81
2.8723942e-81
1.6864532e-82
1.9370454e-82
8.9005373e-83
-4.4156272e-83
-7.418158e-84
-4.3298567e-84
-1.0415623e-84
-3.5793526e-85
2.9650998e-86
-4.6901343e-86
-3.3320406e-87
-4.4937587e-87
-6.46781e-89
-2.9329738e-88
-1.0253865e-88
4.5319831e-89
-1.5221648e-89
8.6403791e-90
5.9282326e-91
0
0
0
0
0
0
0
0
0
0
0
2.4570879e-37
-1.0081034e-31
-1.6353571e-30
2.6186083e-29
4.9728828e-29
3.7928863e-28
7.6424148e-28
-5.6254546e-28
-4.503045e-27
-2.3724194e-27
2.8695585e-27
1.7839794e-28
1.5291749e-28
6.0370354e-27
3.4526964e-27
-5.8003796e-27
-7.8191554e-27
-2.3522011e-27
1.7472656e-27
1.7912611e-27
1.3731025e-27
6.8600851e-28
-7.2005338e-28
-1.4094123e-27
-8.3892607e-28
-2.5605202e-28
-2.2122822e-28
-1.4673606e-28
1.7071437e-28
3.638952e-28
2.5965949e-28
4.4477612e-29
-5.8817219e-29
7.953006e-30
1.6048564e-28
2.369035e-28
1.6865418e-28
5.4839164e-29
2.7452003e-30
3.3103257e-30
3.3627952e-30
-6.7458477e-30
-1.02552e-29
-4.1225568e-30
1.9658854e-30
2.7120526e-30
7.2200257e-31
-4.2792922e-31
-2.5289466e-31
1.4696607e-31
2.2017635e-31
1.0781332e-31
2.1454883e-32
-1.0032441e-33
1.8640056e-34
1.8447196e-33
1.2967739e-33
5.8894298e-34
3.0375034e-34
-1.0524161e-34
-2.0117478e-33
-7.362207e-33
-1.2225561e-32
-1.0630985e-33
3.2261127e-32
4.7905041e-32
-9.4834217e-33
-1.257318e-31
-1.8591273e-31
-1.0718882e-31
3.7319343e-32
1.0254274e-31
4.1785193e-32
-4.5633392e-32
-6.2292767e-32
-2.1786386e-32
6.1544644e-33
-8.8246413e-33
-3.8253817e-32
-4.7187571e-32
-3.2989717e-32
-1.3816398e-32
-2.9917488e-33
-7.8624582e-34
-1.592757e-33
-1.744335e-33
-9.7026889e-34
-2.0687688e-34
7.6751256e-35
2.7006184e-35
-6.9977597e-35
-8.3835492e-35
-3.8381726e-35
5.352632e-36
2.0605849e-35
1.5456969e-35
6.1449602e-36
8.6318979e-37
-3.9976478e-37
-1.4373087e-37
1.1773322e-37
1.2537499e-37
5.2974998e-38
1.1924807e-38
3.8357401e-39
4.3140369e-39
3.2875917e-39
1.4066502e-39
3.1066617e-40
2.5210136e-41
2.3672092e-41
3.1064193e-41
1.6347389e-41
3.6540553e-42
-3.7492982e-43
-4.1985608e-43
-4.0936301e-44
4.1094328e-44
1.4740847e-44
-1.0925349e-45
-1.7762695e-45
-1.4880072e-46
2.5297471e-46
1.1872093e-46
1.9486395e-47
5.6557717e-49
1.9309143e-48
1.919493e-48
7.9784681e-49
1.8355545e-49
3.1000544e-50
1.1543245e-50
5.6264927e-51
1.2307784e-51
-2.2886083e-52
-2.2744663e-52
-5.738583e-53
-2.4970911e-55
3.4398656e-54
7.6419657e-55
2.4103601e-56
-1.2591084e-59
1.7385285e-57
-5.7889318e-57
-4.6112305e-57
-1.3950874e-57
-9.1623678e-59
5.8285587e-59
1.0426474e-59
-4.033557e-60
-1.8383161e-60
-3.6994148e-61
-1.9140301e-61
-1.0866203e-61
-2.2989298e-62
4.9003008e-63
3.7655444e-63
7.8782422e-64
1.3778219e-64
9.4264535e-65
4.3847361e-65
9.8123117e-66
1.6971808e-66
6.9306091e-67
2.0127292e-67
-3.8399637e-69
-1.116672e-68
-2.9651261e-71
1.4518551e-70
-7.0170344e-70
-2.6566908e-70
2.1676513e-70
1.1025018e-70
1.6442589e-71
1.3690833e-71
3.9524559e-72
-1.8815228e-72
-6.029092e-73
7.0465022e-74
-1.5889903e-74
-1.4250126e-74
1.1323865e-75
3.7178753e-76
-1.8404347e-76
-9.1270807e-78
7.6805362e-78
6.4203485e-79
3.6979909e-79
1.1005678e-79
1.0888744e-80
7.9360582e-81
-4.0043658e-82
-5.2540257e-82
-8.5175126e-84
7.2197475e-84
-7.3972977e-85
-6.7619688e-85
2.0585298e-85
1.4832935e-85
1.3120871e-86
4.6730087e-87
6.094166e-88
4.3915913e-88
5.7343813e-89
1.216268e-90
-2.4137801e-91
-7.750398e-91
-5.4110635e-92
-9.6433547e-92
-9.8535167e-94
-2.045889e-93
-9.9594034e-94
2.2505856e-95
-8.4354872e-95
2.805126e-97
-5.36101e-97
-1.4778017e-96
-2.6115838e-97
-4.7712097e-98
-3.0232802e-98
3.5205912e-99
-1.4577024e-99
-1.0066325e-100
3.4777826e-101
-3.6385828e-101
2.920066e-102
-2.0087301e-102
-5.2945864e-103
-1.1360409e-103
0
0
0
0
0
0
0
0
0
0
0
0
7.2304252e-34
-1.0237133e-32
6.7802055e-31
1.5480682e-30
-1.9735855e-31
3.3962959e-29
2.1625719e-29
-4.406664e-29
3.6152384e-29
8.9360875e-29
3.4746006e-29
6.917183e-29
2.1491188e-28
2.559927e-28
1.3389499e-28
7.8226515e-29
1.0595762e-28
8.921621e-29
5.3192553e-29
4.6341056e-29
4.3717811e-29
2.7464286e-29
1.9151889e-29
2.2334605e-29
1.52292e-29
4.4133298e-30
6.9206777e-30
1.3931066e-29
1.2232374e-29
4.4279173e-30
-9.2149443e-31
-7.0942055e-31
1.7089129e-30
2.3742335e-30
1.1489462e-30
-2.5384696e-32
-2.9941473e-31
-1.3358336e-31
-1.6367841e-32
-5.160295e-33
-1.1604801e-32
-6.3048076e-33
-1.5155281e-34
1.126604e-33
3.1646638e-34
-1.4652036e-34
-1.2387659e-34
-3.2492675e-35
-2.3281252e-36
-1.493543e-36
-2.3071119e-36
-1.3556455e-36
-6.5507939e-37
-6.8679631e-37
-1.2068656e-36
-3.0095058e-36
-1.0653237e-35
-3.7569672e-35
-1.1538706e-34
-3.0221053e-34
-5.8312469e-34
-7.0552578e-34
-3.1273699e-34
2.6977832e-34
-1.3648681e-34
-2.1319629e-33
-4.072293e-33
-3.5586995e-33
-8.2252381e-34
1.2611042e-33
5.9100621e-34
-1.627234e-33
-2.8497506e-33
-2.2985245e-33
-1.1024509e-33
-4.4557433e-34
-4.274908e-34
-5.2834699e-34
-4.4649639e-34
-2.5101873e-34
-9.6238691e-35
-3.0358649e-35
-1.6229721e-35
-1.2626486e-35
-6.4155689e-36
-6.8257374e-37
1.4889173e-36
9.8903247e-37
-3.5349752e-38
-4.7947062e-37
-3.8492423e-37
-1.4921247e-37
-4.7662847e-39
3.155226e-38
2.1134117e-38
7.5069326e-39
1.7217271e-39
6.0242156e-40
5.129971e-40
3.3839941e-40
1.3882888e-40
3.399209e-41
4.9941208e-42
2.0492784e-42
1.8812685e-42
9.7037521e-43
2.7535303e-43
4.2704156e-44
1.140595e-44
1.0051411e-44
5.0739959e-45
1.1417477e-45
-6.181368e-47
-1.0647901e-46
-2.2181777e-47
1.4429111e-48
1.430163e-48
2.1684199e-49
-5.9982401e-51
2.2166854e-51
5.41358e-51
1.9359492e-51
2.8262631e-52
7.3193963e-54
5.8940011e-54
6.4359615e-54
2.2459965e-54
3.8443632e-55
3.0720864e-56
4.9799176e-57
2.879536e-57
5.2303202e-58
-1.3549883e-58
-8.7740577e-59
-1.8416555e-59
-1.3040043e-60
1.0498084e-61
-5.3418276e-63
-4.6481491e-63
3.2914099e-63
1.4336857e-63
7.2793253e-65
-6.8253673e-65
-1.4384023e-65
5.3426515e-67
3.3890603e-67
-6.8824561e-68
-2.7431303e-68
1.7290705e-70
2.0860964e-70
-5.0730421e-70
-1.8042908e-70
-1.1416208e-71
5.4264101e-72
1.1008568e-72
4.7095182e-74
4.2769076e-74
2.7763297e-74
7.3231929e-75
1.250433e-75
2.4403369e-76
5.1246802e-77
4.1124161e-78
-1.0348543e-78
-2.3267825e-79
-1.1059205e-80
-5.0853142e-80
-1.3145303e-78
6.5100169e-79
2.5948656e-78
1.0544312e-78
3.1678357e-79
1.8533716e-79
-2.3361964e-80
-2.6353032e-80
4.8028709e-81
3.3986316e-83
-1.0741588e-81
-4.7538487e-83
1.8716722e-83
-2.881777e-84
-5.1538841e-85
1.2783912e-85
3.1178544e-86
2.8578655e-87
2.2773231e-88
6.3445384e-89
3.9019876e-89
2.3649975e-90
-7.8503491e-91
6.1454489e-92
-1.3629633e-92
-3.8341774e-93
-7.4004499e-94
-2.3231672e-95
9.690535e-96
1.9442191e-96
7.6505209e-97
7.1165416e-98
2.0384065e-98
4.697844e-99
6.1984306e-100
4.0923944e-101
2.7985131e-102
-7.5345876e-103
-1.1225848e-102
2.0359745e-104
-8.7473027e-105
-3.1978513e-106
-9.8448989e-107
-2.0034618e-106
-6.9159619e-108
-5.6044783e-108
-7.7962854e-109
-2.6173281e-109
-4.5545727e-110
-5.3909123e-111
-1.9449098e-111
1.6020159e-112
-1.1777053e-112
3.8705925e-114
-8.4619276e-115
-4.1072358e-115
2.9303252e-117
-8.1808918e-117
8.2584546e-118
5.6161493e-118
8.9532106e-120
0
0
0
0
0
0
0
0
0
0
0
0
-1.3679729e-35
-4.6134765e-34
9.5397476e-33
6.3183708e-32
-2.9358262e-31
-3.7360708e-31
2.7867619e-30
5.8735397e-30
4.1435814e-30
9.8771804e-31
7.2260473e-31
3.9835712e-31
-1.1211013e-30
-4.9706448e-31
1.6432069e-30
2.5449296e-30
2.3760351e-30
1.5001501e-30
3.8209422e-31
-2.1321379e-31
-2.6406777e-31
-6.3469523e-32
1.2855627e-31
1.3721862e-31
5.91921e-32
2.668842e-32
2.8046681e-32
2.1154524e-32
7.4467099e-33
-3.8815348e-34
-1.4366696e-33
-3.4346589e-34
1.6515164e-34
7.6260718e-35
-3.0201332e-35
-3.0261998e-35
-8.4701998e-36
-2.6612781e-37
4.5313265e-37
1.4346513e-37
3.8141716e-38
1.7501662e-38
7.2652199e-39
1.930003e-39
3.0639982e-40
2.7227331e-41
2.6445672e-42
1.7426872e-42
2.7948125e-42
-6.8730635e-41
-7.273378e-40
-3.2933847e-39
-7.9487484e-39
-1.0024368e-38
-8.4927999e-39
-4.0927877e-38
-2.3958471e-37
-9.0954789e-37
-2.5932869e-36
-5.3700556e-36
-7.0998811e-36
-3.2172832e-36
6.6645533e-36
1.310405e-35
5.0682829e-36
-1.1651655e-35
-1.6074939e-35
-5.3826239e-37
1.7065335e-35
1.514919e-35
-3.9720418e-36
-2.0083187e-35
-2.1266351e-35
-1.2565553e-35
-4.5010244e-36
-1.4091568e-36
-1.2973137e-36
-1.419028e-36
-1.010856e-36
-4.8513612e-37
-1.7850079e-37
-7.1665833e-38
-3.8914664e-38
-1.7507458e-38
-1.6803191e-39
4.3169497e-39
3.279615e-39
6.570384e-40
-7.1012604e-40
-7.8529799e-40
-4.132096e-40
-1.2317983e-40
-7.8016458e-42
1.2213271e-41
7.0340557e-42
2.3546507e-42
7.9283823e-43
4.0158147e-43
2.1126997e-43
8.226389e-44
2.1050577e-44
3.0841548e-45
3.3217556e-46
2.4063262e-46
1.5478835e-46
5.0823675e-47
9.3123066e-48
1.6746503e-48
9.1361288e-49
4.3007719e-49
1.0131993e-49
3.5940049e-51
-4.3933041e-51
-1.0810461e-51
-5.3775225e-53
1.4225161e-53
2.3964233e-54
1.317633e-55
1.379849e-56
7.2331802e-57
1.6353272e-57
1.7404417e-58
6.6909004e-60
5.9556359e-61
4.440867e-61
1.0704326e-61
1.2534659e-62
6.8816139e-64
3.1399951e-65
1.1425714e-65
1.6537502e-66
-1.7578104e-67
-9.1250686e-68
-1.3452145e-68
-8.9823105e-70
-3.0427249e-71
-7.6822944e-72
-1.307943e-72
8.4104738e-74
4.6356315e-74
3.4746395e-75
-4.0177199e-76
-5.4474873e-77
7.2020156e-78
1.3458267e-78
-7.8364367e-80
-2.3339514e-80
9.7176212e-82
1.7131358e-82
-1.2029135e-82
-2.671283e-83
-9.9964627e-85
2.5151861e-85
1.7109986e-86
-2.0745476e-87
2.8092584e-88
1.6681835e-88
2.3911243e-89
3.0076628e-90
5.7676159e-91
7.2587327e-92
2.1957023e-93
-1.630652e-94
5.4600771e-94
2.7649502e-93
-3.8444573e-90
-3.1081642e-88
2.9393528e-88
-3.6136947e-87
-3.7531909e-87
6.3337293e-87
4.1096121e-87
3.4873085e-88
-9.7426932e-89
-5.4285837e-89
-1.8202269e-89
-1.6167962e-91
1.1336896e-91
-4.1406728e-92
-5.2686428e-93
6.7534106e-94
9.5056111e-95
-3.3739785e-96
3.0693165e-97
1.0011945e-97
1.0905054e-98
1.5833727e-99
-7.9810827e-101
7.4018251e-102
-8.8824438e-104
-3.7934488e-104
-1.8474118e-104
-1.632301e-105
-1.2667164e-106
-8.8611417e-108
1.4493673e-108
1.193724e-109
1.6165188e-110
3.166053e-111
3.0677668e-112
3.7503553e-113
5.9879891e-114
6.5355301e-115
1.8844766e-116
3.0172434e-117
-5.2418288e-118
5.0158425e-119
-1.3083496e-119
-2.7471474e-120
-1.4406324e-121
-3.8465586e-122
8.152521e-124
1.7299597e-124
-4.5528946e-125
-9.5799443e-126
-7.5044788e-127
-1.2857414e-127
1.1200306e-128
-2.1851852e-129
1.524626e-130
-5.5108691e-131
3.8235248e-132
-3.8428743e-133
3.9792933e-134
1.5347653e-135
-6.2946499e-136
-4.7899561e-127
-9.7793304e-129
0
0
0
0
0
0
0
0
0
0
0
0
8.6950568e-39
-8.7927033e-36
2.7317531e-35
1.8347567e-33
5.2355557e-33
4.1829597e-34
4.4794725e-33
1.6458664e-32
-3.945032e-33
-1.0086222e-32
3.877277e-33
4.8486912e-33
9.3756961e-34
1.2410839e-34
1.6262115e-34
1.3121481e-34
3.8750134e-35
-3.0739589e-36
-4.7323117e-36
-2.2403393e-36
-3.9008934e-37
1.2078047e-37
3.2825052e-38
-1.0343412e-38
-1.9612215e-39
1.416424e-39
5.8399735e-40
8.1488161e-41
-4.8567676e-43
-1.5082845e-42
-6.4585543e-44
3.6906469e-44
4.9235306e-45
-4.0976652e-46
-1.3638078e-46
-3.9673895e-48
2.2492469e-48
3.9999262e-49
3.6700928e-50
2.7117484e-51
2.5159506e-52
1.4677996e-51
4.7617762e-49
1.0641911e-47
9.9628029e-47
3.3950209e-46
1.6279362e-45
-1.1524148e-44
-3.9681803e-43
-3.149883e-42
-1.2308867e-41
-2.563938e-41
-2.4499951e-41
-6.834864e-42
-7.7679133e-41
-5.3339326e-40
-1.900487e-39
-4.8265018e-39
-9.1779058e-39
-1.0885222e-38
-2.5049788e-39
1.6065935e-38
2.9335554e-38
1.9341915e-38
-6.3072947e-39
-1.6605295e-38
7.6694206e-40
2.1810743e-38
1.8007474e-38
-6.7627625e-39
-2.6253371e-38
-2.6379525e-38
-1.4797409e-38
-4.7067939e-39
-8.8063907e-40
-7.0228592e-40
-9.7495791e-40
-7.6165099e-40
-3.8388303e-40
-1.4422061e-40
-5.2118919e-41
-2.2546325e-41
-8.6535955e-42
-9.8620437e-43
1.4390285e-42
1.0378386e-42
1.939101e-43
-1.8160271e-43
-1.8304178e-43
-8.7313955e-44
-2.3888198e-44
-1.7513955e-45
1.6719034e-45
9.0910587e-46
2.7518536e-46
7.6874013e-47
3.049936e-47
1.3426177e-47
4.4938662e-48
9.6167465e-49
9.5327747e-50
-2.9853114e-51
2.8256532e-51
3.1252212e-51
1.0084368e-51
1.5902764e-52
2.0355809e-53
9.6183226e-54
4.0644663e-54
8.0006889e-55
1.6402077e-56
-2.4696939e-56
-4.5417173e-57
-1.7651326e-58
2.2612385e-59
1.2684082e-60
2.1136124e-62
4.555253e-64
6.4495173e-65
4.1438259e-66
1.1942813e-67
8.9313819e-70
8.4816349e-72
5.7474886e-72
4.1240062e-73
1.3041591e-74
1.5397053e-76
1.6840426e-80
1.8600098e-79
9.0762794e-81
-3.2690281e-82
-4.4187454e-83
-1.7574393e-84
-3.0117715e-86
-2.2036668e-88
-2.12979e-89
-9.8592234e-91
2.7820525e-92
3.3702462e-93
7.2850517e-95
-1.8040303e-96
-7.3112994e-98
2.4656836e-99
1.0186855e-100
-4.5431136e-102
-2.1510439e-103
5.7229159e-105
2.8238698e-106
-1.9957729e-107
-1.3463663e-108
-4.9441089e-111
2.7135688e-111
2.5896542e-112
-2.5194023e-112
1.3495476e-112
1.7399324e-112
5.5769772e-113
1.6667695e-113
6.8185874e-114
1.3654781e-114
5.7106205e-113
-2.7642089e-112
1.1848281e-106
-3.2080034e-102
-4.8780218e-100
-1.3682581e-98
1.1178105e-97
-3.2153854e-96
3.5626238e-96
2.224579e-95
2.9612327e-96
-1.743354e-96
5.5662855e-98
2.388282e-98
-1.6556761e-99
7.2681427e-101
-1.2523131e-101
-1.0702814e-102
2.5480244e-104
1.6637622e-105
-1.8200229e-107
5.9801794e-109
1.6987583e-110
2.6768214e-111
1.7925836e-112
-6.0997315e-114
2.2522074e-115
4.2730454e-117
-7.2572552e-119
-1.0025426e-119
-2.2892053e-121
-1.6998824e-122
-6.1155949e-124
1.1507541e-125
2.0572187e-127
3.5710016e-128
3.3647696e-129
1.4433021e-130
9.1350664e-132
4.6467598e-133
1.7049786e-134
3.6578093e-136
-4.7524426e-138
-2.0588183e-138
-6.8526357e-140
-2.9157156e-141
5.2171169e-143
5.2369248e-144
3.2293411e-146
2.8233954e-147
-3.8687563e-148
-2.359372e-149
-1.3994054e-150
-4.8417252e-152
-1.0028188e-153
-6.7920161e-155
-4.3251339e-157
-1.5653742e-157
3.5333039e-159
-4.8153225e-160
8.8766581e-162
-6.3100156e-164
2.5238079e-165
-6.5404621e-166
3.0303589e-168
3.1926682e-143
3.0783723e-134
-6.8061777e-136
)
;


// ************************************************************************* //
