/*--------------------------------*- C++ -*----------------------------------*\
| =========                 |                                                 |
| \\      /  F ield         | OpenFOAM: The Open Source CFD Toolbox           |
|  \\    /   O peration     | Version:  1912                                  |
|   \\  /    A nd           | Website:  www.openfoam.com                      |
|    \\/     M anipulation  |                                                 |
\*---------------------------------------------------------------------------*/
FoamFile
{
    version     2.0;
    format      ascii;
    class       volScalarField;
    location    "0.6";
    object      Omega;
}
// * * * * * * * * * * * * * * * * * * * * * * * * * * * * * * * * * * * * * //

dimensions      [0 0 0 0 0 0 0];


internalField   nonuniform List<scalar> 
11520
(
1.4891466e-16
0
0
0
4.6935487e-18
2.8662521e-18
0
2.8023399e-18
6.2391055e-18
0
5.3280452e-17
2.6137286e-17
0
6.7539415e-18
2.3051514e-16
7.5037462e-17
0
0
0
1.2753869e-16
1.1657709e-16
4.7831757e-17
2.0655354e-18
0
0
0
0
0
0
8.3318221e-22
2.4908769e-21
1.2391565e-21
4.8555992e-22
9.0410079e-23
0
0
0
0
0
0
0
0
0
0
5.3124946e-26
3.2337978e-26
9.374576e-27
9.3602682e-28
0
0
0
0
6.5272574e-31
9.587442e-31
3.2928412e-31
7.3373421e-32
1.1125271e-32
7.5732167e-34
0
0
0
0
0
0
0
0
5.3816896e-41
2.8954154e-41
6.6961727e-42
1.2100968e-42
1.9091688e-43
2.748045e-44
3.6993494e-45
4.7433072e-46
5.8900148e-47
7.2042463e-48
8.8281448e-49
1.0997166e-49
1.4045858e-50
1.8402216e-51
2.45719e-52
3.3115925e-53
4.4626747e-54
5.9707721e-55
7.8959463e-56
1.029741e-56
1.3233527e-57
1.6761901e-58
2.0938898e-59
2.5817899e-60
3.144581e-61
3.7857608e-62
4.5069186e-63
5.3069172e-64
6.1810778e-65
7.1204893e-66
8.1115732e-67
9.1360082e-68
1.0171079e-68
1.1190467e-69
1.2165449e-70
1.3066389e-71
1.3864428e-72
1.4533189e-73
1.5050352e-74
1.5398971e-75
1.5568407e-76
1.5554822e-77
1.5361212e-78
1.499701e-79
1.44773e-80
1.3821754e-81
1.3053377e-82
1.2197179e-83
1.1278868e-84
1.0323655e-85
9.3552207e-87
8.3949149e-88
7.4611733e-89
6.5691744e-90
5.7307159e-91
4.9542753e-92
4.2452211e-93
3.6061375e-94
3.0372183e-95
2.5366966e-96
2.1012809e-97
1.7265706e-98
1.407434e-99
1.1383389e-100
9.1362715e-102
7.277329e-103
5.7534751e-104
4.5153494e-105
3.5180425e-106
2.7214687e-107
2.0904532e-108
1.5946049e-109
1.2080379e-110
9.0899362e-112
6.7940794e-113
5.0445847e-114
3.7211715e-115
2.7272615e-116
1.9860909e-117
1.4372366e-118
1.0335822e-119
7.3871895e-121
5.2475947e-122
3.7052426e-123
2.6006157e-124
1.8145384e-125
1.2586739e-126
8.6804746e-128
5.952269e-129
4.0584064e-130
2.7516111e-131
1.8552452e-132
1.2440045e-133
8.2960672e-135
5.5026906e-136
3.6303865e-137
2.3824711e-138
1.5553251e-139
1.0100778e-140
6.526037e-142
4.1949426e-143
2.6829006e-144
1.7072818e-145
1.0810546e-146
6.8116318e-148
4.2710526e-149
2.6651258e-150
1.6550764e-151
1.0229493e-152
6.2928002e-154
3.8530548e-155
2.3483091e-156
1.4246605e-157
8.6038025e-159
5.1726026e-160
3.0958785e-161
1.8447223e-162
1.0943756e-163
6.4640676e-165
3.8015881e-166
2.2261748e-167
1.2980866e-168
7.5372549e-170
4.3581543e-171
2.5094956e-172
1.4390604e-173
8.2185366e-175
4.6746261e-176
2.6481949e-177
1.4942296e-178
8.3977429e-180
4.7010938e-181
2.6214373e-182
1.4561204e-183
8.0572178e-185
4.4413557e-186
2.4389402e-187
1.3343021e-188
7.2725512e-190
3.9492178e-191
2.1366773e-192
1.1518133e-193
6.1866021e-195
3.3110117e-196
1.7657084e-197
9.3829251e-199
4.9685486e-200
2.6218255e-201
1.3787065e-202
7.2251069e-204
3.7733901e-205
1.9640139e-206
1.0188097e-207
5.2672923e-209
2.7141739e-210
1.3939707e-211
7.1358402e-213
3.6410085e-214
1.8517945e-215
9.3878825e-217
4.7441173e-218
2.3898187e-219
1.2000654e-220
6.007361e-222
2.9978474e-223
1.4913859e-224
7.3966085e-226
3.6571619e-227
1.8027319e-228
8.8592967e-230
4.3407028e-231
2.1196447e-232
1.0406386e-233
4.0661562e-235
0
1.5714628e-15
7.7745262e-16
1.6238654e-16
3.187779e-18
1.6865142e-18
0
0
4.3405829e-16
0
2.3151171e-16
2.7075202e-15
0
0
7.3367809e-15
1.189169e-14
0
0
0
1.7193188e-15
8.8245431e-15
7.3376106e-15
3.0451184e-15
2.5010669e-16
0
0
0
0
0
0
0
1.8802905e-19
1.1399199e-19
2.5238624e-20
0
0
0
0
0
0
0
0
0
0
1.9628118e-23
1.7802647e-23
6.31676e-24
9.5625766e-25
0
0
0
0
1.1745351e-28
7.3708836e-28
2.8373911e-28
6.8027467e-29
1.1002421e-29
8.243884e-31
0
0
0
0
0
0
0
0
1.0379506e-37
4.6072668e-38
1.0524005e-38
1.9154791e-39
3.0560534e-40
4.4451147e-41
6.0262169e-42
7.7381104e-43
9.5518501e-44
1.1518185e-44
1.3817938e-45
1.6806568e-46
2.1044733e-47
2.7309479e-48
3.6585008e-49
5.0036731e-50
6.8976153e-51
9.4825826e-52
1.2909257e-52
1.7335326e-53
2.2925165e-54
2.9849838e-55
3.8286126e-56
4.8412999e-57
6.0404156e-58
7.4415724e-59
9.0569075e-60
1.0892983e-60
1.2948502e-61
1.5212127e-62
1.7660718e-63
2.0258302e-64
2.295603e-65
2.569325e-66
2.8399737e-67
3.0998918e-68
3.3411882e-69
3.5561814e-70
3.7378452e-71
3.8802197e-72
3.9787513e-73
4.0305339e-74
4.0344374e-75
3.9911183e-76
3.9029156e-77
3.7736518e-78
3.6083592e-79
3.4129572e-80
3.1939099e-81
2.957889e-82
2.7114614e-83
2.4608215e-84
2.2115786e-85
1.9686011e-86
1.7359245e-87
1.5167125e-88
1.3132684e-89
1.1270854e-90
9.5892719e-92
8.0892663e-93
6.766961e-94
5.6143925e-95
4.6205868e-96
3.7725489e-97
3.056129e-98
2.4567492e-99
1.9599879e-100
1.5520242e-101
1.2199531e-102
9.5199039e-104
7.3758195e-105
5.6743764e-106
4.3350741e-107
3.2891562e-108
2.4786758e-109
1.8554049e-110
1.379675e-111
1.0192208e-112
7.4807725e-114
5.4556144e-115
3.9535885e-116
2.847217e-117
2.0377974e-118
1.4495792e-119
1.0249248e-120
7.2034266e-122
5.0328104e-123
3.4956911e-124
2.4139753e-125
1.6574313e-126
1.1315308e-127
7.6815725e-129
5.1857428e-130
3.4815504e-131
2.3246558e-132
1.5438027e-133
1.0197521e-134
6.7002251e-136
4.379231e-137
2.8473538e-138
1.841795e-139
1.1852722e-140
7.5891348e-142
4.8348603e-143
3.0648753e-144
1.933296e-145
1.2135559e-146
7.580815e-148
4.7128684e-149
2.9159922e-150
1.7957134e-151
1.1006647e-152
6.7151851e-154
4.0781485e-155
2.4653988e-156
1.4837037e-157
8.8891362e-159
5.3020102e-160
3.1485188e-161
1.8615408e-162
1.0958598e-163
6.4234605e-165
3.7491248e-166
2.1789763e-167
1.2611064e-168
7.2684544e-170
4.171939e-171
2.384809e-172
1.3576975e-173
7.6983926e-175
4.3476888e-176
2.4456351e-177
1.3702918e-178
7.6477873e-180
4.2518008e-181
2.3547086e-182
1.2990963e-183
7.1399939e-185
3.9094806e-186
2.1326386e-187
1.1590561e-188
6.2761399e-190
3.3860514e-191
1.820199e-192
9.74945e-194
5.2034175e-195
2.7672968e-196
1.4665349e-197
7.7447907e-199
4.0758514e-200
2.137613e-201
1.1172555e-202
5.8196786e-204
3.0211959e-205
1.5631561e-206
8.0608231e-208
4.1430472e-209
2.1224311e-210
1.0837524e-211
5.5159297e-213
2.7983935e-214
1.4151721e-215
7.1339312e-217
3.5848943e-218
1.7958076e-219
8.9678245e-221
4.4644275e-222
2.2156581e-223
1.096237e-224
5.407251e-226
2.6590772e-227
1.3031587e-228
6.426932e-230
2.4600207e-231
9.089144e-15
0
0
1.6267463e-15
0
0
0
0
8.8600486e-15
0
0
5.069749e-14
0
0
1.0692549e-13
2.8915284e-13
4.9889268e-14
0
0
0
1.7972353e-13
2.5306966e-13
1.7186324e-13
6.4948958e-14
1.726239e-15
0
0
0
0
0
0
9.4507574e-18
1.8658487e-17
3.2250951e-19
0
0
0
0
1.0998353e-19
1.5938051e-20
0
0
0
0
7.0900663e-21
8.6247682e-21
3.3593981e-21
5.7355639e-22
0
0
0
0
9.365296e-26
4.7643311e-25
1.8661884e-25
4.5268939e-26
7.2327844e-27
4.3990085e-28
0
0
0
0
0
0
0
0
1.7332384e-34
5.7069355e-35
1.231859e-35
2.2045779e-36
3.5005683e-37
5.0846942e-38
6.8772674e-39
8.7749615e-40
1.0692542e-40
1.2623093e-41
1.4709788e-42
1.7318846e-43
2.1102331e-44
2.7041329e-45
3.6464566e-46
5.1043648e-47
7.2771949e-48
1.0393806e-48
1.4710511e-49
2.0510338e-50
2.8103618e-51
3.7828942e-52
5.0052607e-53
6.5164018e-54
8.3564467e-55
1.0564721e-55
1.3176793e-56
1.6220649e-57
1.9712255e-58
2.3650935e-59
2.8015144e-60
3.275922e-61
3.7811675e-62
4.3075462e-63
4.8430432e-64
5.373793e-65
5.8847296e-66
6.3603747e-67
6.7856955e-68
7.1469638e-69
7.4325392e-70
7.6335102e-71
7.7441515e-72
7.7621621e-73
7.6886779e-74
7.5280739e-75
7.2875839e-76
6.9767773e-77
6.6069489e-78
6.1904673e-79
5.7401298e-80
5.268568e-81
4.7877346e-82
4.3084887e-83
3.8402975e-84
3.3910494e-85
2.9669733e-86
2.5726522e-87
2.2111127e-88
1.8839712e-89
1.59162e-90
1.3334339e-91
1.1079826e-92
9.1323672e-94
7.4675795e-95
6.0586668e-96
4.8778383e-97
3.8974553e-98
3.0909112e-99
2.4332675e-100
1.9016727e-101
1.4755949e-102
1.1369081e-103
8.6986218e-105
6.6096882e-106
4.9883203e-107
3.7394417e-108
2.7846677e-109
2.0600997e-110
1.5142046e-111
1.1058459e-112
8.0250884e-114
5.7873658e-115
4.1478004e-116
2.9545395e-117
2.0918253e-118
1.4721517e-119
1.0299085e-120
7.1629257e-122
4.9528392e-123
3.4049891e-124
2.3275566e-125
1.582095e-126
1.069392e-127
7.188483e-129
4.8057033e-130
3.1953545e-131
2.1132273e-132
1.3901469e-133
9.0967094e-135
5.9215947e-136
3.8348193e-137
2.4707215e-138
1.5837837e-139
1.0101392e-140
6.410616e-142
4.0482841e-143
2.5439824e-144
1.590919e-145
9.9012846e-147
6.1328575e-148
3.7807688e-149
2.3198566e-150
1.4168487e-151
8.6135936e-153
5.2126787e-154
3.1402915e-155
1.8833367e-156
1.124479e-157
6.6843035e-159
3.9560186e-160
2.3311678e-161
1.3677831e-162
7.991064e-164
4.6489061e-165
2.6932118e-166
1.5537404e-167
8.926661e-169
5.1075959e-170
2.9105494e-171
1.6518794e-172
9.3377075e-174
5.2574401e-175
2.9484512e-176
1.6470709e-177
9.165209e-179
5.0803907e-180
2.8053637e-181
1.5432316e-182
8.4573706e-184
4.617577e-185
2.5117683e-186
1.361268e-187
7.3505214e-189
3.9547112e-190
2.1200451e-191
1.1324538e-192
6.0277074e-194
3.1970639e-195
1.6897751e-196
8.9001173e-198
4.6715669e-199
2.4436556e-200
1.273909e-201
6.6186315e-203
3.4272003e-204
1.7687331e-205
9.0980128e-207
4.6644657e-208
2.383625e-209
1.2141268e-210
6.164379e-212
3.1197714e-213
1.5738854e-214
7.9149591e-216
3.9678709e-217
1.9829298e-218
9.8788215e-220
4.9063375e-221
2.4292353e-222
1.1990963e-223
5.8982307e-225
2.9219304e-226
1.1054434e-227
0
8.0499952e-14
1.4673237e-14
0
5.8160627e-14
0
4.1141379e-14
0
1.4737646e-13
0
1.3899297e-13
6.0313048e-13
0
0
2.5358058e-12
4.7580488e-12
3.0473266e-13
0
0
0
3.0631664e-12
4.9154773e-12
3.876093e-12
1.9474475e-12
5.2389956e-13
0
0
0
0
0
1.0238752e-14
1.9895089e-14
3.71158e-15
0
0
0
0
0
2.4820649e-16
4.8751221e-17
0
0
0
0
3.5596037e-18
3.8790108e-18
1.4196784e-18
2.1257552e-19
0
0
0
0
1.9314867e-22
2.4166227e-22
8.5895563e-23
1.9429501e-23
2.7038858e-24
7.9926946e-27
0
0
0
0
0
0
0
3.245903e-31
1.8774542e-31
4.8142745e-32
9.6002435e-33
1.6559249e-33
2.5730372e-34
3.6756442e-35
4.8861585e-36
6.0972062e-37
7.2016128e-38
8.1406519e-39
8.9670573e-40
9.9158542e-41
1.1474122e-41
1.4441117e-42
1.9972945e-43
2.9610589e-44
4.5295256e-45
6.9379019e-46
1.0464004e-46
1.5430902e-47
2.2210696e-48
3.1228489e-49
4.2964579e-50
5.7952065e-51
7.6766671e-52
1.0000592e-52
1.2825581e-53
1.6204488e-54
2.0178781e-55
2.4772279e-56
2.9984891e-57
3.5787109e-58
4.2116001e-59
4.8873403e-60
5.5926784e-61
6.3112961e-62
7.0244626e-63
7.7119212e-64
8.3529431e-65
8.927464e-66
9.4172068e-67
9.8066943e-68
1.008408e-68
1.0241728e-69
1.0276514e-70
1.0189832e-71
9.9873351e-73
9.6784321e-74
9.2756149e-75
8.7936626e-76
8.2487929e-77
7.6578256e-78
7.037406e-79
6.4033287e-80
5.7699952e-81
5.1500139e-82
4.5539452e-83
3.9901876e-84
3.4649839e-85
2.982527e-86
2.5451449e-87
2.1535366e-88
1.8070379e-89
1.5038982e-90
1.2415496e-91
1.0168572e-92
8.2634135e-94
6.663678e-95
5.3330138e-96
4.2362627e-97
3.3403352e-98
2.6147973e-99
2.0322122e-100
1.5682813e-101
1.2018278e-102
9.1466494e-104
6.9138571e-105
5.1910262e-106
3.8716433e-107
2.8686708e-108
2.1117491e-109
1.5445868e-110
1.1225925e-111
8.1077875e-113
5.8194626e-114
4.1513846e-115
2.9434806e-116
2.0745097e-117
1.4533937e-118
1.0122585e-119
7.0091643e-121
4.8254027e-122
3.303077e-123
2.2482597e-124
1.521743e-125
1.0242999e-126
6.8568943e-128
4.565259e-129
3.0231781e-130
1.9913367e-131
1.3047591e-132
8.5043709e-134
5.5144412e-135
3.5573715e-136
2.2832099e-137
1.4580472e-138
9.2645939e-140
5.8577366e-141
3.6855408e-142
2.3075949e-143
1.4378831e-144
8.9168532e-146
5.5035371e-147
3.3808995e-148
2.0672848e-149
1.2582398e-150
7.6232235e-152
4.5977238e-153
2.7605317e-154
1.6500785e-155
9.8196191e-157
5.8180681e-158
3.4322015e-159
2.0160071e-160
1.1791036e-161
6.8670083e-163
3.9824809e-164
2.2999854e-165
1.3228061e-166
7.5767206e-168
4.3220971e-169
2.455556e-170
1.3895077e-171
7.8314387e-173
4.3964786e-174
2.4584673e-175
1.3694086e-176
7.5984279e-178
4.1999991e-179
2.3127147e-180
1.2686878e-181
6.9336123e-183
3.7752754e-184
2.0480191e-185
1.1069486e-186
5.9612976e-188
3.1987886e-189
1.7103032e-190
9.1120231e-192
4.837509e-193
2.5592048e-194
1.3491973e-195
7.0883279e-197
3.7112535e-198
1.9364953e-199
1.0070281e-200
5.2192272e-202
2.6960029e-203
1.3880142e-204
7.1225676e-206
3.6429894e-207
1.8572365e-208
9.4378624e-210
4.7806405e-211
2.4138659e-212
1.214963e-213
6.0959831e-215
3.0490359e-216
1.520289e-217
7.5568377e-219
3.7447063e-220
1.8490767e-221
9.2012342e-223
3.4588947e-224
2.1638092e-13
0
0
8.4848872e-13
0
1.0563393e-12
0
8.3656222e-13
0
0
7.7882103e-12
0
0
5.4188677e-13
6.0763222e-11
5.5605217e-11
0
0
0
0
7.0649241e-11
8.9471179e-11
6.7408373e-11
3.4935978e-11
1.1486443e-11
4.8144577e-13
0
0
0
0
0
0
1.3235952e-12
2.3647932e-12
2.1389199e-12
1.1385679e-12
2.1946133e-13
0
0
0
0
0
0
0
2.8385441e-15
1.7842524e-15
4.866896e-16
3.5071892e-17
0
0
0
0
1.554064e-19
8.9432453e-20
2.6036174e-20
4.8627088e-21
4.0149678e-22
0
0
0
0
0
0
0
4.6538173e-28
4.1073969e-28
1.1697643e-28
2.5082925e-29
4.5925237e-30
7.5080113e-31
1.1188139e-31
1.5353736e-32
1.9491502e-33
2.2900627e-34
2.4831288e-35
2.4725675e-36
2.2554358e-37
1.9222857e-38
1.70109e-39
2.0004861e-40
3.4494558e-41
6.9327202e-42
1.3623778e-42
2.501973e-43
4.2982774e-44
6.9791735e-45
1.0820278e-45
1.6151217e-46
2.3360639e-47
3.289782e-48
4.5268298e-49
6.1021025e-50
8.0725047e-51
1.0493494e-51
1.3414576e-52
1.6874005e-53
2.0893131e-54
2.5470949e-55
3.0579496e-56
3.6160722e-57
4.2125361e-58
4.8354133e-59
5.4701423e-60
6.100126e-61
6.7075212e-62
7.2741601e-63
7.7825302e-64
8.2167296e-65
8.5633268e-66
8.8120567e-67
8.9563017e-68
8.9933383e-69
8.9243368e-70
8.7541306e-71
8.4907921e-72
8.1450563e-73
7.7296426e-74
7.2585357e-75
6.7462707e-76
6.2072669e-77
5.6552493e-78
5.102777e-79
4.5608924e-80
4.0388958e-81
3.5442359e-82
3.0825051e-83
2.6575225e-84
2.2714839e-85
1.9251585e-86
1.6181142e-87
1.3489529e-88
1.115542e-89
9.1523093e-91
7.4504616e-92
6.0185697e-93
4.8251302e-94
3.8395175e-95
3.0327781e-96
2.3781759e-97
1.8515191e-98
1.4313092e-99
1.0987495e-100
8.3764806e-102
6.3424748e-103
4.7700809e-104
3.5636677e-105
2.644885e-106
1.9502369e-107
1.4287985e-108
1.0401331e-109
7.5243973e-111
5.4094023e-112
3.8650116e-113
2.744763e-114
1.9374901e-115
1.3595091e-116
9.4833038e-118
6.5765558e-119
4.5344489e-120
3.1085873e-121
2.1190398e-122
1.4364056e-123
9.6828013e-125
6.4913428e-126
4.3281353e-127
2.8702695e-128
1.8933134e-129
1.2422882e-130
8.1085632e-132
5.2651223e-133
3.4012376e-134
2.1859995e-135
1.3978741e-136
8.8942822e-138
5.6311651e-139
3.5477216e-140
2.2242507e-141
1.3877768e-142
8.6173899e-144
5.3256208e-145
3.2758276e-146
2.0056071e-147
1.2222556e-148
7.4145836e-150
4.4775141e-151
2.6917163e-152
1.610943e-153
9.5985547e-155
5.6940631e-156
3.3631421e-157
1.9778358e-158
1.1581709e-159
6.7531681e-161
3.9211181e-162
2.2672241e-163
1.3054963e-164
7.4863113e-166
4.2754843e-167
2.4318788e-168
1.3776901e-169
7.7736991e-171
4.3690194e-172
2.4458711e-173
1.3639222e-174
7.5764369e-176
4.1924957e-177
2.3111336e-178
1.2692137e-179
6.9440706e-181
3.7850822e-182
2.0555608e-183
1.1122211e-184
5.9961076e-186
3.2208967e-187
1.7239504e-188
9.1944256e-190
4.886383e-191
2.5877633e-192
1.3656727e-193
7.1823154e-195
3.7643396e-196
1.9662107e-197
1.0235253e-198
5.3101236e-200
2.7457325e-201
1.4150417e-202
7.2685447e-204
3.721366e-205
1.8990803e-206
9.6600522e-208
4.8980097e-209
2.4755538e-210
1.2472282e-211
6.2639462e-213
3.1360707e-214
1.5651843e-215
7.7875659e-217
3.8608119e-218
1.9298679e-219
7.2323732e-221
0
5.506733e-13
6.2084623e-12
0
2.0610319e-11
0
1.9527628e-11
0
0
8.7860849e-11
5.3188711e-11
0
0
5.1394731e-10
8.8311392e-10
1.3291674e-10
0
0
0
7.4956141e-10
1.4223712e-09
1.3500656e-09
8.5928979e-10
3.600993e-10
5.6487736e-11
0
0
0
4.5121081e-12
7.3914775e-12
0
0
0
0
0
8.6979393e-12
3.2630256e-11
4.9996585e-11
6.5997504e-11
7.4084596e-11
6.6233002e-11
4.615131e-11
2.5081841e-11
1.0640303e-11
3.4695484e-12
8.1495781e-13
1.0170989e-13
0
0
0
0
5.6429377e-17
6.1824466e-17
2.1056081e-17
4.4615774e-18
4.8896285e-19
0
0
0
0
0
0
0
1.0759707e-24
6.387367e-25
1.7866207e-25
3.887453e-26
7.2707618e-27
1.2129343e-27
1.833627e-28
2.5238761e-29
3.1485448e-30
3.4965696e-31
3.2948757e-32
2.2500504e-33
1.2251587e-35
0
0
0
0
0
0
6.2237691e-41
3.8633207e-41
9.470704e-42
1.840844e-42
3.1900314e-43
5.1477685e-44
7.9022864e-45
1.1679763e-45
1.6744393e-46
2.3394312e-47
3.1952184e-48
4.2749738e-49
5.610622e-50
7.2301572e-51
9.1546144e-52
1.1394947e-52
1.3949126e-53
1.6799795e-54
1.9912801e-55
2.3236841e-56
2.6704381e-57
3.0233879e-58
3.373319e-59
3.7103939e-60
4.024654e-61
4.3065434e-62
4.5474188e-63
4.7400018e-64
4.8787426e-65
4.9600708e-66
4.9825214e-67
4.9467291e-68
4.8553053e-69
4.7126115e-70
4.5244507e-71
4.2977089e-72
4.039971e-73
3.7591374e-74
3.4630682e-75
3.1592699e-76
2.8546379e-77
2.5552639e-78
2.2663087e-79
1.9919361e-80
1.7353051e-81
1.4986091e-82
1.283151e-83
1.0894469e-84
9.1734493e-86
7.6615102e-87
6.3475445e-88
5.2174603e-89
4.2552481e-90
3.4439066e-91
2.7662108e-92
2.20532e-93
1.7452347e-94
1.3711155e-95
1.0694806e-96
8.2830439e-98
6.3703528e-99
4.865536e-100
3.6908616e-101
2.7809294e-102
2.0813811e-103
1.5475553e-104
1.1431583e-105
8.3900418e-107
6.118579e-108
4.4340059e-109
3.193236e-110
2.2855148e-111
1.6258631e-112
1.149632e-113
8.0804604e-115
5.6460246e-116
3.9219788e-117
2.7086286e-118
1.8599484e-119
1.2699439e-120
8.6223352e-122
5.8216507e-123
3.9090562e-124
2.6105107e-125
1.7339228e-126
1.1455319e-127
7.5280053e-129
4.9211848e-130
3.2003527e-131
2.0705486e-132
1.3327637e-133
8.535351e-135
5.4388882e-136
3.4485709e-137
2.1758446e-138
1.3661404e-139
8.5361191e-141
5.3081323e-142
3.2851666e-143
2.0236038e-144
1.2406911e-145
7.5716306e-147
4.599599e-148
2.7814564e-149
1.6744146e-150
1.00348e-151
5.9872259e-153
3.5565572e-154
2.1034733e-155
1.2386906e-156
7.2631111e-158
4.2406431e-159
2.4654994e-160
1.4274371e-161
8.2300519e-163
4.7255902e-164
2.7022879e-165
1.5390166e-166
8.7298137e-168
4.9320815e-169
2.7754452e-170
1.5556988e-171
8.6860424e-173
4.8309773e-174
2.676563e-175
1.4772774e-176
8.1227163e-178
4.4494623e-179
2.4282478e-180
1.3202915e-181
7.1523689e-183
3.8605129e-184
2.0761888e-185
1.1125687e-186
5.9406836e-188
3.1608712e-189
1.6759037e-190
8.8547061e-192
4.6622216e-193
2.4463354e-194
1.2792456e-195
6.6667957e-197
3.4627079e-198
1.7925041e-199
9.2482594e-201
4.7558169e-202
2.4376149e-203
1.245344e-204
6.3417186e-206
3.2190437e-207
1.6287623e-208
8.2150018e-210
4.1303281e-211
2.0701185e-212
1.034323e-213
5.1492267e-215
2.5856799e-216
9.6810501e-218
0
6.0379315e-10
1.2676354e-10
3.7592874e-10
0
5.0220742e-10
0
0
1.7021484e-09
1.1605938e-09
0
0
3.3997559e-09
9.2258145e-09
4.4724474e-09
0
0
0
6.5905605e-09
1.6427288e-08
1.7738529e-08
1.2239243e-08
4.7712029e-09
0
0
0
0
0
0
2.8871054e-10
7.8216536e-10
8.6556991e-10
5.3113068e-10
0
0
0
0
0
0
0
0
0
0
0
0
0
0
0
0
0
3.8355947e-14
3.7647207e-14
1.2093297e-14
2.4251126e-15
2.2991249e-16
0
0
0
0
0
0
0
1.7765596e-21
6.5139239e-22
1.6429254e-22
3.4268965e-23
6.2464703e-24
1.0157109e-24
1.4786591e-25
1.9029924e-26
2.0734141e-27
1.6467746e-28
1.5018945e-30
0
0
0
0
0
0
0
0
0
0
1.5089617e-39
1.2653907e-39
3.1346147e-40
6.0756029e-41
1.0502481e-41
1.6944459e-42
2.6060361e-43
3.8645783e-44
5.5628625e-45
7.8048933e-46
1.0702009e-46
1.436701e-47
1.8906415e-48
2.4411229e-49
3.0946887e-50
3.854323e-51
4.7185534e-52
5.6807614e-53
6.7287902e-54
7.8449216e-55
9.0062579e-56
1.0185504e-56
1.1352117e-57
1.2473734e-58
1.3517789e-59
1.4453185e-60
1.5251896e-61
1.5890394e-62
1.6350779e-63
1.6621563e-64
1.669805e-65
1.6582323e-66
1.6282844e-67
1.5813739e-68
1.5193823e-69
1.4445464e-70
1.3593354e-71
1.2663288e-72
1.1681019e-73
1.0671233e-74
9.6567146e-76
8.6577017e-77
7.6914482e-78
6.7719915e-79
5.9101002e-80
5.1133766e-81
4.3864866e-82
3.7314786e-83
3.1481602e-84
2.6345032e-85
2.1870514e-86
1.8013076e-87
1.4720884e-88
1.1938338e-89
9.6086639e-91
7.6760014e-92
6.0869879e-93
4.7918836e-94
3.7452983e-95
2.9065763e-96
2.2399066e-97
1.7142244e-98
1.3029594e-99
9.8368121e-101
7.3768723e-102
5.4956348e-103
4.0674636e-104
2.9910349e-105
2.1854579e-106
1.586781e-107
1.1449195e-108
8.2100451e-110
5.8513677e-111
4.1451338e-112
2.9188824e-113
2.0432358e-114
1.4219055e-115
9.8378306e-117
6.7675242e-118
4.6290003e-119
3.1484454e-120
2.1295156e-121
1.4324021e-122
9.5823472e-124
6.375652e-125
4.2193504e-126
2.7775193e-127
1.8187828e-128
1.1847816e-129
7.6780443e-131
4.9503793e-132
3.1755744e-133
2.0268529e-134
1.2872354e-135
8.134841e-137
5.1158129e-138
3.2016481e-139
1.9940887e-140
1.2360773e-141
7.6259698e-143
4.6828534e-144
2.8622636e-145
1.741444e-146
1.0546958e-147
6.3588642e-149
3.8166559e-150
2.280625e-151
1.3567764e-152
8.036409e-154
4.7394807e-155
2.7831071e-156
1.6273266e-157
9.4750201e-159
5.4936509e-160
3.1719918e-161
1.8239275e-162
1.0444843e-163
5.9570203e-165
3.3837867e-166
1.9144205e-167
1.0788118e-168
6.0553801e-170
3.3856161e-171
1.8855915e-172
1.046126e-173
5.7817546e-175
3.1833699e-176
1.7461388e-177
9.542166e-179
5.1952182e-180
2.8181313e-181
1.5231096e-182
8.2021028e-184
4.4010365e-185
2.3530539e-186
1.2536237e-187
6.6553677e-189
3.5209309e-190
1.856241e-191
9.7524419e-193
5.1062863e-194
2.6645271e-195
1.3856981e-196
7.182254e-198
3.7102789e-199
1.9103627e-200
9.803886e-202
5.0149115e-203
2.5569377e-204
1.2995049e-205
6.5833248e-207
3.3245335e-208
1.6735622e-209
8.3984053e-211
4.1991584e-212
2.1184403e-213
7.9358008e-215
0
2.8936552e-08
0
1.4666053e-09
5.3204928e-09
2.6110767e-09
0
1.4401121e-09
3.0898647e-08
0
0
1.7954192e-08
7.2595706e-08
5.0973892e-08
0
0
0
4.9461237e-08
1.376646e-07
1.5525715e-07
1.0833152e-07
3.5489253e-08
0
0
0
0
0
0
0
0
0
0
7.4601582e-09
1.1509181e-08
1.1736837e-08
1.0648597e-08
1.2752946e-08
2.1706305e-08
3.6943631e-08
5.270165e-08
6.1359266e-08
5.8827431e-08
4.7072573e-08
3.1826502e-08
1.8371391e-08
9.1293319e-09
3.9293138e-09
1.4696332e-09
4.773673e-10
1.3372107e-10
3.1673689e-11
6.0226178e-12
7.6874411e-13
0
0
0
0
0
0
0
3.4734493e-18
1.4154508e-18
3.8094457e-19
8.3540686e-20
1.5808496e-20
2.6246718e-21
3.7932125e-22
4.5611877e-23
3.8312129e-24
0
0
0
0
0
0
0
0
0
0
0
0
0
0
4.6628666e-37
2.0002214e-37
4.5599542e-38
8.6163258e-39
1.480747e-39
2.3975944e-40
3.7201822e-41
5.5825287e-42
8.1451362e-43
1.159294e-43
1.6130122e-44
2.1971421e-45
2.9329909e-46
3.8401682e-47
4.9348323e-48
6.2278422e-49
7.7229806e-50
9.4154207e-51
1.1290609e-51
1.3323717e-52
1.5479762e-53
1.7714448e-54
1.9975708e-55
2.2205869e-56
2.4344287e-57
2.6330288e-58
2.810618e-59
2.9620133e-60
3.0828717e-61
3.1698936e-62
3.2209615e-63
3.2352099e-64
3.2130229e-65
3.1559638e-66
3.0666475e-67
2.9485665e-68
2.8058836e-69
2.6432106e-70
2.4653838e-71
2.2772516e-72
2.0834845e-73
1.8884165e-74
1.6959205e-75
1.5093229e-76
1.3313541e-77
1.1641333e-78
1.009183e-79
8.6746761e-81
7.394493e-82
6.2515683e-83
5.2426004e-84
4.3614572e-85
3.5999111e-86
2.9483153e-87
2.3962011e-88
1.9327853e-89
1.547382e-90
1.2297204e-91
9.7017564e-93
7.5992141e-94
5.9101629e-95
4.5643598e-96
3.5006306e-97
2.666454e-98
2.0173346e-99
1.5160436e-100
1.1317967e-101
8.394224e-103
6.1855708e-104
4.528946e-105
3.2950577e-106
2.3823594e-107
1.7118239e-108
1.2224949e-109
8.6775934e-111
6.1227054e-112
4.2944372e-113
2.9944326e-114
2.0758417e-115
1.4307734e-116
9.805496e-118
6.6821309e-119
4.5282595e-120
3.0517037e-121
2.0453683e-122
1.3634579e-123
9.0401502e-125
5.9620473e-126
3.9113158e-127
2.5525811e-128
1.6572443e-129
1.0704456e-130
6.8791417e-132
4.3986112e-133
2.7985197e-134
1.7717081e-135
1.1161593e-136
6.9976024e-138
4.3659634e-139
2.7110465e-140
1.6754751e-141
1.0306256e-142
6.3102036e-144
3.8457635e-145
2.3331122e-146
1.4090269e-147
8.4713016e-149
5.0704273e-150
3.0214723e-151
1.7926199e-152
1.0589343e-153
6.2284006e-155
3.6477576e-156
2.1273181e-157
1.235409e-158
7.1445625e-160
4.114732e-161
2.3600586e-162
1.3481351e-163
7.6698607e-165
4.3460894e-166
2.4529039e-167
1.3789439e-168
7.721649e-170
4.3070905e-171
2.3932133e-172
1.3246924e-173
7.3046182e-175
4.012743e-176
2.196134e-177
1.1974632e-178
6.5052413e-180
3.5210681e-181
1.8989213e-182
1.0204053e-183
5.4636524e-185
2.9150727e-186
1.5498259e-187
8.2109746e-189
4.3350656e-190
2.2808497e-191
1.195937e-192
6.2494402e-194
3.2546592e-195
1.6893192e-196
8.7391625e-198
4.5059852e-199
2.3156947e-200
1.1861894e-201
6.0564405e-203
3.0823413e-204
1.5636979e-205
7.9075552e-207
3.9862855e-208
2.0021232e-209
1.0148869e-210
3.8078124e-212
0
4.9784128e-07
0
2.9861264e-07
0
0
0
1.9824773e-07
0
0
9.1054654e-08
4.2901977e-07
3.7573728e-07
0
0
0
2.9248108e-07
8.5271649e-07
9.4147459e-07
6.3460068e-07
2.1481547e-07
0
0
0
0
0
0
0
0
0
0
0
0
0
0
0
0
0
0
0
0
0
0
0
0
0
0
0
0
0
0
0
0
0
0
0
0
7.5565579e-15
6.7194366e-15
2.2210771e-15
5.5158363e-16
1.1458792e-16
2.0443273e-17
3.0912154e-18
3.6668311e-19
2.2590775e-20
0
0
0
0
0
0
0
0
0
0
0
0
0
0
0
1.7665652e-33
6.8896028e-34
1.5644532e-34
2.9950286e-35
5.260782e-36
8.7617064e-37
1.4054075e-37
2.1888783e-38
3.3247371e-39
4.9370083e-40
7.1769298e-41
1.0222143e-41
1.4273106e-42
1.9546287e-43
2.6263948e-44
3.4640724e-45
4.486757e-46
5.7094059e-47
7.1410361e-48
8.7830475e-49
1.062783e-49
1.2657814e-50
1.4845095e-51
1.7151707e-52
1.9530589e-53
2.1927214e-54
2.4281791e-55
2.6531914e-56
2.861547e-57
3.0473609e-58
3.2053584e-59
3.3311247e-60
3.4213055e-61
3.4737464e-62
3.4875641e-63
3.4631458e-64
3.4020845e-65
3.3070543e-66
3.1816383e-67
3.030124e-68
2.8572804e-69
2.6681301e-70
2.4677324e-71
2.2609865e-72
2.0524639e-73
1.8462759e-74
1.6459798e-75
1.4545209e-76
1.2742114e-77
1.1067395e-78
9.5320459e-80
8.1417194e-81
6.8974137e-82
5.7962317e-83
4.8321703e-84
3.996889e-85
3.2804263e-86
2.6718407e-87
2.1597602e-88
1.7328328e-89
1.3800803e-90
1.0911592e-91
8.565375e-93
6.6760064e-94
5.1669703e-95
3.971366e-96
3.0315428e-97
2.2984851e-98
1.7310416e-99
1.2950723e-100
9.6257252e-102
7.1081636e-103
5.21551e-104
3.8026111e-105
2.7551325e-106
1.9838445e-107
1.4197306e-108
1.0098699e-109
7.1402531e-111
5.0185406e-112
3.5065772e-113
2.435889e-114
1.6823844e-115
1.155345e-116
7.8893547e-118
5.3572115e-119
3.6176569e-120
2.4295765e-121
1.6228238e-122
1.0781329e-123
7.1245188e-125
4.6832024e-126
3.0623577e-127
1.9921204e-128
1.2892667e-129
8.3015238e-131
5.3183987e-132
3.3902507e-133
2.1504534e-134
1.3573591e-135
8.5259921e-137
5.3296553e-138
3.3157034e-139
2.0530178e-140
1.2652257e-141
7.7610256e-143
4.7387453e-144
2.8801679e-145
1.7426061e-146
1.0496011e-147
6.2937471e-149
3.7572523e-150
2.2331786e-151
1.3215521e-152
7.7869661e-154
4.5686808e-155
2.6691129e-156
1.5527858e-157
8.9957914e-159
5.189971e-160
2.9819649e-161
1.7063431e-162
9.7245696e-164
5.5198644e-165
3.1207148e-166
1.7573606e-167
9.857393e-169
5.5077074e-170
3.0654922e-171
1.6996635e-172
9.387972e-174
5.1658198e-175
2.8318986e-176
1.5466763e-177
8.4162092e-179
4.5628996e-180
2.4648157e-181
1.3266575e-182
7.1150102e-184
3.8022971e-185
2.0247976e-186
1.0744678e-187
5.6818848e-189
2.9942603e-190
1.5725177e-191
8.2304014e-193
4.2931539e-194
2.231887e-195
1.1564277e-196
5.9720765e-198
3.0739922e-199
1.5771047e-200
8.0650719e-202
4.1110756e-203
2.0888684e-204
1.0580247e-205
5.3390326e-207
2.7197546e-208
1.0228811e-209
2.58322e-07
2.9292948e-06
0
5.9170991e-06
0
0
1.7004856e-06
0
0
2.2812056e-08
2.0318823e-06
1.7811324e-06
5.8177121e-08
0
0
1.2162088e-06
4.0895964e-06
4.274233e-06
2.6451141e-06
1.6146932e-06
2.3196371e-06
4.1182359e-06
5.65951e-06
6.0489454e-06
5.287169e-06
3.9811527e-06
2.7822406e-06
1.9957942e-06
1.5422552e-06
1.1696521e-06
6.9690051e-07
1.2983109e-07
0
0
0
4.9839708e-07
1.7878742e-06
3.3577e-06
4.9031645e-06
6.0771528e-06
6.5904675e-06
6.3270366e-06
5.4038823e-06
4.1182604e-06
2.8081209e-06
1.718453e-06
9.4697504e-07
4.7156615e-07
2.1294427e-07
8.7489564e-08
3.2805393e-08
1.1256551e-08
3.5424209e-09
1.0240348e-09
2.7210965e-10
6.6420441e-11
1.4851467e-11
3.0219724e-12
5.5179276e-13
8.761635e-14
1.1111943e-14
7.5781137e-16
0
0
0
0
0
0
0
0
0
0
0
0
0
0
1.0656417e-27
4.2160923e-28
9.6300458e-29
1.8418326e-29
3.222606e-30
5.3554856e-31
8.6266039e-32
1.3632156e-32
2.1281184e-33
3.2929874e-34
5.0546507e-35
7.6901004e-36
1.1576657e-36
1.7211391e-37
2.5227203e-38
3.6402455e-39
5.1660842e-40
7.2058349e-41
9.8754798e-42
1.3296851e-42
1.7591419e-43
2.287259e-44
2.9236876e-45
3.6754508e-46
4.5460174e-47
5.534466e-48
6.6348215e-49
7.8356366e-50
9.1198756e-51
1.0465142e-51
1.1844263e-52
1.3226203e-53
1.4577285e-54
1.5862615e-55
1.7047656e-56
1.8099816e-57
1.8989977e-58
1.969383e-59
2.0192964e-60
2.0475627e-61
2.053711e-62
2.0379775e-63
2.0012706e-64
1.9451038e-65
1.8715036e-66
1.7828971e-67
1.6819886e-68
1.5716341e-69
1.4547189e-70
1.3340465e-71
1.2122431e-72
1.0916811e-73
9.7442269e-75
8.6218596e-76
7.5632956e-77
6.5785573e-78
5.6742836e-79
4.854026e-80
4.1186255e-81
3.4666404e-82
2.8947932e-83
2.3984092e-84
1.9718306e-85
1.6087891e-86
1.3027268e-87
1.0470631e-88
8.354054e-90
6.6170641e-91
5.2037316e-92
4.0633385e-93
3.1506913e-94
2.426157e-95
1.8554825e-96
1.4094631e-97
1.0635126e-98
7.971798e-100
5.9364464e-101
4.3922261e-102
3.2289505e-103
2.3587757e-104
1.7123397e-105
1.2353789e-106
8.8582032e-108
6.3132668e-109
4.4725271e-110
3.1496978e-111
2.2050991e-112
1.5348167e-113
1.0621341e-114
7.3083862e-116
5.0004307e-117
3.4022098e-118
2.3020042e-119
1.5490509e-120
1.0367226e-121
6.9011135e-123
4.5693831e-124
3.0095351e-125
1.9718143e-126
1.2852227e-127
8.3340703e-129
5.3767848e-130
3.4513969e-131
2.2044162e-132
1.401e-133
8.8602839e-135
5.5762331e-136
3.4925009e-137
2.1769716e-138
1.3505406e-139
8.339094e-141
5.1251198e-142
3.1353089e-143
1.9092588e-144
1.1573755e-145
6.9843382e-147
4.1959867e-148
2.5096719e-149
1.4944785e-150
8.8606991e-152
5.2307914e-153
3.074703e-154
1.7996598e-155
1.048924e-156
6.0880578e-158
3.5189177e-159
2.0255803e-160
1.1612185e-161
6.6300472e-163
3.77026e-164
2.135461e-165
1.204734e-166
6.7699151e-168
3.7894919e-169
2.1129902e-170
1.173669e-171
6.4943865e-173
3.5800374e-174
1.9661036e-175
1.075739e-176
5.8640989e-178
3.184942e-179
1.7235326e-180
9.2932364e-182
4.9929314e-183
2.6729868e-184
1.4259423e-185
7.5802291e-187
4.0155865e-188
2.1198879e-189
1.1152826e-190
5.8475746e-192
3.0555967e-193
1.5913153e-194
8.2597455e-196
4.2730461e-197
2.2033278e-198
1.1324036e-199
5.8011476e-201
2.9622823e-202
1.5078581e-203
7.6465018e-205
3.9151356e-206
1.476952e-207
1.3071081e-05
0
0
3.8392486e-05
0
3.5396853e-05
0
0
8.6468078e-06
3.6897264e-06
4.9388377e-06
3.6510998e-06
0
0
1.719354e-06
1.7566769e-05
1.6407079e-05
7.7990105e-06
1.1165955e-05
3.6724008e-05
7.571309e-05
0.00011075668
0.00012788044
0.00012287088
0.00010086977
7.1810734e-05
4.5151377e-05
2.6379465e-05
1.6272489e-05
1.2357663e-05
1.1145383e-05
9.8177518e-06
6.8409286e-06
1.7717147e-06
0
0
0
0
0
0
0
0
0
0
0
0
0
0
0
0
0
0
0
0
0
0
0
0
0
0
0
0
0
0
0
0
0
0
0
1.4444524e-20
6.4218249e-21
1.6176937e-21
3.3516995e-22
6.22403e-23
1.0728739e-23
1.7494793e-24
2.7327474e-25
4.1299945e-26
6.0944222e-27
8.8615108e-28
1.28127e-28
1.8578753e-29
2.7196731e-30
4.0334407e-31
6.0593435e-32
9.1896947e-33
1.3995809e-33
2.1281346e-34
3.2139e-35
4.8005707e-36
7.0709938e-37
1.0250331e-37
1.4606796e-38
2.0449134e-39
2.8120096e-40
3.7985404e-41
5.0418012e-42
6.5777923e-43
8.4388225e-44
1.0650861e-44
1.3230797e-45
1.6183812e-46
1.9501076e-47
2.3158009e-48
2.7113268e-49
3.1308677e-50
3.5670144e-51
4.010962e-52
4.4528046e-53
4.8819137e-54
5.2873794e-55
5.6584888e-56
5.9852115e-57
6.2586574e-58
6.4714825e-59
6.6182134e-60
6.6954704e-61
6.7020808e-62
6.6390768e-63
6.5095794e-64
6.3185874e-65
6.0726842e-66
5.7796842e-67
5.448248e-68
5.087488e-69
4.7065854e-70
4.3144435e-71
3.9193897e-72
3.5289346e-73
3.1495999e-74
2.7868103e-75
2.4448473e-76
2.1268611e-77
1.834928e-78
1.5701445e-79
1.3327473e-80
1.1222498e-81
9.3758236e-83
7.7723286e-84
6.3937755e-85
5.2199906e-86
4.2298879e-87
3.4023155e-88
2.7167255e-89
2.153676e-90
1.6951792e-91
1.3249145e-92
1.0283303e-93
7.9265618e-95
6.0684602e-96
4.6147372e-97
3.4859645e-98
2.6160042e-99
1.9504047e-100
1.4448162e-101
1.0634869e-102
7.7788032e-104
5.6543612e-105
4.0848184e-106
2.9329741e-107
2.0932317e-108
1.485001e-109
1.04728e-110
7.3426257e-112
5.1182063e-113
3.5472098e-114
2.4444613e-115
1.6750612e-116
1.1414397e-117
7.7352322e-119
5.2133226e-120
3.4946135e-121
2.3299635e-122
1.5452054e-123
1.0193699e-124
6.6897051e-126
4.3674946e-127
2.8367981e-128
1.8332226e-129
1.178725e-130
7.5411876e-132
4.8008286e-133
3.0413104e-134
1.9173085e-135
1.2028969e-136
7.5108312e-138
4.6675468e-139
2.8870086e-140
1.7773933e-141
1.0892115e-142
6.6443272e-144
4.0347498e-145
2.4390767e-146
1.467891e-147
8.7950381e-149
5.24654e-150
3.1161279e-151
1.8428076e-152
1.0851315e-153
6.3626419e-155
3.7150116e-156
2.1600565e-157
1.2507395e-158
7.2123982e-160
4.1420733e-161
2.3691641e-162
1.3496637e-163
7.6581298e-165
4.3281286e-166
2.4365267e-167
1.3663092e-168
7.6321461e-170
4.2469496e-171
2.3542524e-172
1.3001309e-173
7.1530576e-175
3.9208413e-176
2.1412233e-177
1.1650695e-178
6.3162716e-180
3.4119347e-181
1.8364673e-182
9.8496276e-184
5.2640742e-185
2.8035031e-186
1.4878807e-187
7.8692665e-189
4.1477295e-190
2.1787501e-191
1.1406069e-192
5.9512291e-194
3.0947813e-195
1.6040441e-196
8.2865917e-198
4.2669653e-199
2.1900572e-200
1.1204883e-201
5.7110494e-203
2.9395285e-204
1.1128645e-205
7.821522e-05
0
3.5419651e-05
5.6104169e-05
0
0.00027619091
0
8.1523685e-05
4.7186778e-05
0
3.3293693e-05
6.7710084e-06
0
0
7.5479457e-05
6.86735e-05
3.3160428e-06
4.8273867e-05
0.00028519363
0.0006673315
0.0010548703
0.0013194887
0.0013937072
0.0012808943
0.0010364342
0.00073762876
0.00045582366
0.00023766188
9.9156984e-05
3.1501623e-05
1.3326532e-05
2.2714954e-05
4.4218697e-05
6.987559e-05
9.641212e-05
0.00012186002
0.00014376095
0.00015923848
0.00016592488
0.00016270214
0.00014995439
0.0001295212
0.00010442927
7.8286269e-05
5.4395827e-05
3.4962648e-05
2.0770352e-05
1.140611e-05
5.7948931e-06
2.7273786e-06
1.1911592e-06
4.8368556e-07
1.8300163e-07
6.4660824e-08
2.1387943e-08
6.6392974e-09
1.939127e-09
5.3423648e-10
1.3918949e-10
3.4379691e-11
8.069683e-12
1.8040627e-12
3.8494787e-13
7.8549552e-14
1.535416e-14
2.8794072e-15
5.1871401e-16
8.9856327e-17
1.4979805e-17
2.4045668e-18
3.7177734e-19
5.5375609e-20
7.9470931e-21
1.0993367e-21
1.4676716e-22
1.8971603e-23
2.3917955e-24
2.9845113e-25
3.7818738e-26
5.0433042e-27
7.3103021e-28
1.1603839e-28
1.9709544e-29
3.4569586e-30
6.0796388e-31
1.0531555e-31
1.7813303e-32
2.9320463e-33
4.6936465e-34
7.3124624e-35
1.1101015e-35
1.6444063e-36
2.3801194e-37
3.3704568e-38
4.6750528e-39
6.358398e-40
8.4874932e-41
1.112871e-41
1.4343924e-42
1.8186077e-43
2.2694393e-44
2.7889557e-45
3.3769218e-46
4.030422e-47
4.7435916e-48
5.507495e-49
6.3101739e-50
7.136879e-51
7.97049e-52
8.7921076e-53
9.5817857e-54
1.0319369e-54
1.098538e-55
1.1561898e-56
1.2033379e-57
1.2387357e-58
1.2614985e-59
1.2711386e-60
1.2675794e-61
1.2511478e-62
1.2225474e-63
1.1828144e-64
1.1332588e-65
1.075397e-66
1.0108797e-67
9.4141884e-69
8.6871844e-70
7.9441292e-71
7.2001465e-72
6.4687341e-73
5.7614781e-74
5.0878866e-75
4.4553386e-76
3.8691308e-77
3.3326049e-78
2.8473383e-79
2.4133767e-80
2.0294892e-81
1.6934317e-82
1.402202e-83
1.1522775e-84
9.3982686e-86
7.6089124e-87
6.115332e-88
4.8795312e-89
3.8657505e-90
3.0410486e-91
2.3756482e-92
1.8430823e-93
1.4201853e-94
1.0869663e-95
8.2640024e-97
6.2416551e-98
4.68355e-99
3.491782e-100
2.5866964e-101
1.9041423e-102
1.3929569e-103
1.0127177e-104
7.3177763e-106
5.2557773e-107
3.7522212e-108
2.6629293e-109
1.8787811e-110
1.3178417e-111
9.1906344e-113
6.3730489e-114
4.3943271e-115
3.013036e-116
2.0545003e-117
1.3932232e-118
9.3965867e-120
6.3034238e-121
4.2059242e-122
2.7915552e-123
1.8431125e-124
1.2105952e-125
7.9105711e-127
5.1427879e-128
3.3265265e-129
2.1409396e-130
1.3710652e-131
8.7371731e-133
5.5406608e-134
3.4966196e-135
2.196087e-136
1.3727229e-137
8.5401624e-139
5.2883067e-140
3.2595045e-141
1.9998065e-142
1.2213568e-143
7.4256039e-145
4.4944033e-146
2.7081919e-147
1.6246875e-148
9.7041836e-150
5.7711511e-151
3.4173973e-152
2.0149918e-153
1.183071e-154
6.9170804e-156
4.0273928e-157
2.335225e-158
1.348501e-159
7.7554291e-161
4.4422836e-162
2.534349e-163
1.4401241e-164
8.1511754e-166
4.5955839e-167
2.5809199e-168
1.4438921e-169
8.0470036e-171
4.4677178e-172
2.471166e-173
1.3617433e-174
7.476151e-176
4.0894283e-177
2.2287478e-178
1.2102777e-179
6.5485737e-181
3.5306747e-182
1.8968352e-183
1.0154858e-184
5.4175361e-186
2.8802138e-187
1.5259971e-188
8.0574892e-190
4.2400771e-191
2.2237529e-192
1.1623816e-193
6.0557932e-195
3.144589e-196
1.6275629e-197
8.3965817e-199
4.3179842e-200
2.2121234e-201
1.144609e-202
4.3501414e-204
4.8972982e-05
0
0.00044443889
0
4.8019176e-05
0.00061080262
0
0.0009383669
0
0
0.0003032399
0
0
0.00032800419
0.00033065543
0
4.9217796e-05
0.0015466679
0.0040796898
0.0068798818
0.0091140582
0.010307981
0.010331432
0.0093456231
0.0076800111
0.0057200804
0.0038177468
0.0022256606
0.0010650932
0.00033251412
0
0
0
0
0
0
0
0
0
0
0
0
0
0
0
0
0
0
0
0
0
0
0
0
0
0
0
0
0
0
0
0
0
0
0
0
0
0
0
0
0
0
0
0
0
0
0
0
0
0
0
0
0
1.1780491e-29
3.8985193e-30
8.7192002e-31
1.6748203e-31
2.9514208e-32
4.9066223e-33
7.8075188e-34
1.199284e-34
1.7880495e-35
2.5971806e-36
3.6850885e-37
5.1177602e-38
6.9672768e-39
9.3094566e-40
1.2220587e-40
1.5773284e-41
2.0031617e-42
2.5045733e-43
3.0846303e-44
3.7439196e-45
4.4800817e-46
5.2874571e-47
6.1568868e-48
7.0757012e-49
8.0279154e-50
8.9946435e-51
9.9547151e-52
1.0885467e-52
1.1763672e-53
1.2566542e-54
1.3272742e-55
1.3863364e-56
1.4322776e-57
1.4639305e-58
1.4805715e-59
1.4819454e-60
1.4682645e-61
1.440186e-62
1.3987676e-63
1.3454063e-64
1.2817649e-65
1.2096906e-66
1.1311321e-67
1.0480587e-68
9.6238671e-70
8.7591514e-71
7.9027438e-72
7.0688825e-73
6.2694953e-74
5.5140906e-75
4.8097655e-76
4.1613134e-77
3.5714123e-78
3.0408709e-79
2.5689077e-80
2.153449e-81
1.7914232e-82
1.4790408e-83
1.2120496e-84
9.8595671e-86
7.9621521e-87
6.3837424e-88
5.0819312e-89
4.0172249e-90
3.153567e-91
2.4586145e-92
1.9038134e-93
1.464321e-94
1.1188142e-95
8.4922046e-97
6.4040427e-98
4.7983194e-99
3.5723541e-100
2.6428892e-101
1.9430801e-102
1.419768e-103
1.0310651e-104
7.4425791e-106
5.3401775e-107
3.8089778e-108
2.7008908e-109
1.9040408e-110
1.3345673e-111
9.3008753e-113
6.4453993e-114
4.4416235e-115
3.0438446e-116
2.0745051e-117
1.4061771e-118
9.4802734e-120
6.3573851e-121
4.2406669e-122
2.8139003e-123
1.8574738e-124
1.2198218e-125
7.969844e-127
5.1808698e-128
3.3509996e-129
2.1566721e-130
1.3811817e-131
8.8022376e-133
5.5825084e-134
3.523529e-135
2.2133821e-136
1.3838301e-137
8.6114123e-139
5.3339447e-140
3.2886844e-141
2.0184233e-142
1.2332049e-143
7.5008013e-145
4.5419846e-146
2.7382005e-147
1.6435475e-148
9.822281e-150
5.8448171e-151
3.4631658e-152
2.0433112e-153
1.2005203e-154
7.0241378e-156
4.0927918e-157
2.3750009e-158
1.3725864e-159
7.9006251e-161
4.5294242e-162
2.5864146e-163
1.4710942e-164
8.334576e-166
4.7037105e-167
2.6443861e-168
1.4809807e-169
8.2627983e-171
4.5927292e-172
2.5432738e-173
1.4031578e-174
7.7130009e-176
4.2243116e-177
2.3052412e-178
1.2534778e-179
6.7915447e-181
3.6667724e-182
1.9727607e-183
1.057673e-184
5.6510143e-186
3.0089199e-187
1.5966702e-188
8.4440599e-190
4.450715e-191
2.3380915e-192
1.2242137e-193
6.3889232e-195
3.3234058e-196
1.7231945e-197
8.9064338e-199
4.5858848e-200
2.3852128e-201
9.1018384e-203
0
0.00096359063
0.0001844351
0
0.0018371484
0
0
0.0020827062
0
0.0021347243
0
0
0.0012854792
0.0016220519
0
0
0.0064331291
0.019077699
0.033276007
0.04536102
0.053015928
0.055741187
0.053897743
0.048490464
0.040741025
0.03190451
0.023136535
0.01536996
0.0092094093
0.0048833176
0.0022773423
0.0010376805
0.0007067163
0.00084764592
0.0011270122
0.0013448361
0.0014210134
0.0013573676
0.0011956447
0.000985439
0.00076701153
0.00056646621
0.00039749414
0.00026483491
0.00016728591
0.00010003088
5.6559052e-05
3.0215606e-05
1.5244258e-05
7.2606652e-06
3.2638355e-06
1.3844818e-06
5.5416453e-07
2.0934151e-07
7.466554e-08
2.5161676e-08
8.0194405e-09
2.420363e-09
6.9278244e-10
1.8837559e-10
4.8748434e-11
1.2029611e-11
2.8364922e-12
6.4042124e-13
1.3875506e-13
2.8914192e-14
5.8087225e-15
1.1278553e-15
2.1223555e-16
3.8822704e-17
6.9265203e-18
1.2098373e-18
2.0772619e-19
3.5210363e-20
5.917077e-21
9.8959709e-22
1.6519829e-22
2.75736e-23
4.6031546e-24
7.678133e-25
1.2771165e-25
2.1129148e-26
3.4678461e-27
5.6324572e-28
9.034259e-29
1.428668e-29
2.2247884e-30
3.4088176e-31
5.136312e-32
7.608749e-33
1.1080318e-33
1.5863212e-34
2.2330372e-35
3.0914541e-36
4.2102534e-37
5.6423741e-38
7.4432264e-39
9.6682477e-40
1.2369842e-40
1.5593812e-41
1.9375463e-42
2.3735608e-43
2.8676778e-44
3.4179946e-45
4.0202075e-46
4.6674803e-47
5.3504463e-48
6.0573594e-49
6.7743979e-50
7.4861123e-51
8.1759939e-52
8.8271394e-53
9.4229676e-54
9.9479436e-55
1.0388269e-55
1.0732492e-56
1.0971999e-57
1.1101358e-58
1.1118506e-59
1.1024751e-60
1.0824626e-61
1.0525583e-62
1.0137565e-63
9.6724913e-65
9.143686e-66
8.5652795e-67
7.9516322e-68
7.3167978e-69
6.6740529e-70
6.0355145e-71
5.4118502e-72
4.8120854e-73
4.2435066e-74
3.7116505e-75
3.2203662e-76
2.7719385e-77
2.3672555e-78
2.0060041e-79
1.6868814e-80
1.4078075e-81
1.16613e-82
9.5881239e-84
7.8260125e-85
6.3416753e-86
5.1022247e-87
4.0760745e-88
3.2335951e-89
2.5475546e-90
1.9933723e-91
1.5492175e-92
1.195988e-93
9.1719684e-95
6.9879492e-96
5.2895418e-97
3.9782918e-98
2.9731311e-99
2.2079965e-100
1.6295859e-101
1.1953023e-102
8.7141813e-104
6.3146599e-105
4.5485574e-106
3.2570399e-107
2.3185859e-108
1.6409622e-109
1.1547112e-110
8.0792591e-112
5.6210369e-113
3.8889396e-114
2.6757076e-115
1.8308855e-116
1.2460083e-117
8.4341184e-119
5.67857e-120
3.8031194e-121
2.5337489e-122
1.6793081e-123
1.1072884e-124
7.2639816e-126
4.741242e-127
3.0791613e-128
1.9898254e-129
1.2795544e-130
8.1880885e-132
5.2144065e-133
3.3047918e-134
2.0845785e-135
1.3087154e-136
8.1779148e-138
5.0866023e-139
3.1493291e-140
1.9410215e-141
1.1909169e-142
7.2742465e-144
4.4235035e-145
2.6781367e-146
1.6143703e-147
9.6893223e-149
5.7905409e-150
3.4458459e-151
2.0419203e-152
1.2049335e-153
7.0808219e-155
4.1439578e-156
2.4153086e-157
1.4020712e-158
8.1062853e-160
4.6681221e-161
2.6775958e-162
1.5298334e-163
8.7066916e-165
4.9361196e-166
2.7877576e-167
1.5684632e-168
8.7913751e-170
4.9092517e-171
2.7312571e-172
1.5139494e-173
8.3613057e-175
4.6011158e-176
2.5228465e-177
1.3783807e-178
7.5042998e-180
4.0712305e-181
2.2010374e-182
1.1858423e-183
6.3670129e-185
3.4069451e-186
1.8168804e-187
9.6567391e-189
5.1155056e-190
2.700918e-191
1.4213787e-192
7.4558034e-194
3.8983057e-195
2.0317209e-196
1.055559e-197
5.4633328e-199
2.8568363e-200
1.0949135e-201
0
0.0093066617
0
0.0059683283
0
0
0.0053226731
0
0
0.0062644771
0
0.0026445168
0.0077226469
0
0
0.021299672
0.07019325
0.12317039
0.16675227
0.19458265
0.20624396
0.20444931
0.1923519
0.17297284
0.14884133
0.12213674
0.094880592
0.068988007
0.046114171
0.027416162
0.01339276
0.003888475
0
0
0
0
0
0
0
0
0
0
0
0
0
7.2802587e-06
1.0297779e-05
8.0467973e-06
4.9621827e-06
2.6152257e-06
1.2128606e-06
5.0078969e-07
1.8452858e-07
6.0312948e-08
1.7155308e-08
4.036733e-09
6.6019452e-10
0
0
0
0
0
0
0
0
0
0
0
0
0
0
0
1.2106786e-20
1.7352501e-20
6.0835295e-21
1.6300013e-21
3.8306694e-22
8.2787596e-23
1.6825244e-23
3.2562005e-24
6.0483645e-25
1.0841039e-25
1.8823109e-26
3.1751919e-27
5.2155784e-28
8.3578076e-29
1.3085902e-29
2.0044545e-30
3.0071141e-31
4.422644e-32
6.3820402e-33
9.0429261e-34
1.2589923e-34
1.7233223e-35
2.320493e-36
3.0752819e-37
4.0131342e-38
5.1589873e-39
6.5358457e-40
8.163163e-41
1.005511e-41
1.2218837e-42
1.4652852e-43
1.7345655e-44
2.0274756e-45
2.3406198e-46
2.6694675e-47
3.0084298e-48
3.3510027e-49
3.6899724e-50
4.0176728e-51
4.3262836e-52
4.6081522e-53
4.8561172e-54
5.0638181e-55
5.2259701e-56
5.3385857e-57
5.3991341e-58
5.4066277e-59
5.3616304e-60
5.2661948e-61
5.1237308e-62
4.9388159e-63
4.7169649e-64
4.464371e-65
4.1876338e-66
3.8934932e-67
3.58858e-68
3.2791946e-69
2.9711233e-70
2.6694978e-71
2.3786972e-72
2.1022951e-73
1.8430469e-74
1.6029112e-75
1.3831021e-76
1.1841621e-77
1.0060504e-78
8.4823987e-80
7.0981631e-81
5.8957458e-82
4.8610876e-83
3.9789256e-84
3.2334853e-85
2.6090539e-86
2.0904322e-87
1.6632713e-88
1.3143064e-89
1.0314987e-90
8.0410114e-92
6.2266354e-93
4.78991e-94
3.660684e-95
2.7796329e-96
2.0971613e-97
1.5722581e-98
1.1713625e-99
8.6728512e-101
6.3820846e-102
4.6678831e-103
3.3935982e-104
2.452504e-105
1.761949e-106
1.2584512e-107
8.9364196e-109
6.3095618e-110
4.4296291e-111
3.0923716e-112
2.1468192e-113
1.4821828e-114
1.0177315e-115
6.9504389e-117
4.721292e-118
3.1900747e-119
2.1441427e-120
1.4336415e-121
9.536354e-123
6.3110223e-124
4.1554017e-125
2.7223398e-126
1.7746286e-127
1.1511398e-128
7.4305925e-130
4.7732332e-131
3.0515084e-132
1.9415465e-133
1.2295061e-134
7.7496385e-136
4.8620335e-137
3.0363923e-138
1.8876384e-139
1.1682019e-140
7.1973444e-142
4.4146757e-143
2.695964e-144
1.6392099e-145
9.923766e-147
5.9821317e-148
3.5907797e-149
2.1463008e-150
1.2775471e-151
7.5729131e-153
4.4705806e-154
2.6284194e-155
1.5391108e-156
8.9764416e-158
5.2144916e-159
3.0172226e-160
1.7390194e-161
9.9842864e-163
5.7102986e-164
3.2534441e-165
1.8466472e-166
1.0442242e-167
5.8828237e-169
3.3019693e-170
1.8465795e-171
1.0289241e-172
5.7125674e-174
3.1602704e-175
1.7421042e-176
9.5695797e-178
5.2383221e-179
2.8574836e-180
1.5533845e-181
8.4156775e-183
4.5438641e-184
2.4451116e-185
1.3113541e-186
7.0097091e-188
3.7346447e-189
1.9832539e-190
1.049778e-191
5.5388149e-193
2.9130413e-194
1.527201e-195
7.9815807e-197
4.1557132e-198
2.1863764e-199
8.4227806e-201
0
0.023736227
0
0.032248548
0
0.018444375
0
0
0.019298492
0
0
0.030213471
0
0
0.056388008
0.20484555
0.35234768
0.45466784
0.5049892
0.51373709
0.4959127
0.46367155
0.42498062
0.38405846
0.34234114
0.29974041
0.25592962
0.21133461
0.16744341
0.12641474
0.090353959
0.06068672
0.037879939
0.021521226
0.010612968
0.0039107483
0.00019385604
0
0
0
0
0
0
0
0
0
0
0
0
0
0
0
0
0
0
0
0
0
0
0
0
0
0
0
0
0
0
0
0
8.4756312e-18
9.0389203e-18
3.2109318e-18
8.8871181e-19
2.1701835e-19
4.8864328e-20
1.0361447e-20
2.0939856e-21
4.0637754e-22
7.6124734e-23
1.3815958e-23
2.4362458e-24
4.183195e-25
7.0067922e-26
1.1465617e-26
1.8352077e-27
2.876391e-28
4.4186565e-29
6.658378e-30
9.8491642e-31
1.4310912e-31
2.0437572e-32
2.8702484e-33
3.9659968e-34
5.3941808e-35
7.2247343e-36
9.532605e-37
1.2395199e-37
1.5888995e-38
2.0085396e-39
2.5045943e-40
3.0817138e-41
3.7425149e-42
4.4870785e-43
5.3125129e-44
6.2126213e-45
7.1777163e-46
8.1946064e-47
9.2467772e-48
1.0314775e-48
1.1376787e-49
1.2409388e-50
1.3388426e-51
1.4289995e-52
1.5091436e-53
1.5772306e-54
1.6315262e-55
1.6706794e-56
1.6937782e-57
1.7003824e-58
1.6905339e-59
1.6647434e-60
1.6239561e-61
1.5694977e-62
1.5030071e-63
1.4263579e-64
1.341575e-65
1.2507514e-66
1.1559689e-67
1.0592262e-68
9.6237845e-70
8.6708957e-71
7.747973e-72
6.8669284e-73
6.0371306e-74
5.2654396e-75
4.5563414e-76
3.9121562e-77
3.3332991e-78
2.8185757e-79
2.3654884e-80
1.97054e-81
1.629521e-82
1.3377693e-83
1.0903969e-84
8.8248037e-86
7.092134e-87
5.6602282e-88
4.4865159e-89
3.5321192e-90
2.7621316e-91
2.1456936e-92
1.6559087e-93
1.2696406e-94
9.6723266e-96
7.3217738e-97
5.507644e-98
4.1172588e-99
3.0589427e-100
2.2588274e-101
1.6579466e-102
1.2096525e-103
8.7736398e-105
6.3263619e-106
4.5353313e-107
3.2327342e-108
2.2911941e-109
1.6147647e-110
1.1317129e-111
7.8879969e-113
5.4679459e-114
3.7699174e-115
2.5853088e-116
1.7635532e-117
1.196692e-118
8.0782217e-120
5.4251325e-121
3.6248278e-122
2.4097268e-123
1.5939415e-124
1.049111e-125
6.87124e-127
4.4785071e-128
2.9049283e-129
1.8752571e-130
1.2048377e-131
7.7047279e-133
4.9041703e-134
3.1072165e-135
1.959716e-136
1.2304051e-137
7.6904885e-139
4.7855044e-140
2.9647387e-141
1.8287182e-142
1.1231176e-143
6.868121e-145
4.1821627e-146
2.5358871e-147
1.5312298e-148
9.2076247e-150
5.5139985e-151
3.2886092e-152
1.9534356e-153
1.1556904e-154
6.8101012e-156
3.9971393e-157
2.3369119e-158
1.3609627e-159
7.8954017e-161
4.5628842e-162
2.6269678e-163
1.5067209e-164
8.6096626e-166
4.9014768e-167
2.7801448e-168
1.5711563e-169
8.8469706e-171
4.963689e-172
2.7749851e-173
1.5458737e-174
8.5813517e-176
4.7469702e-177
2.6167792e-178
1.4375335e-179
7.8700866e-181
4.2939981e-182
2.3349365e-183
1.2654035e-184
6.8349208e-186
3.6795785e-187
1.9743867e-188
1.0559547e-189
5.6291981e-191
2.9911971e-192
1.5843451e-193
8.3650597e-195
4.402765e-196
2.3085183e-197
1.2232617e-198
4.7414497e-200
0.0024834766
0.014192395
0
0.051232149
0
0.081093004
0
0.048291389
0
0
0.067318498
0.0053937839
0
0.11033202
0.47935573
0.77717444
0.90243946
0.87035533
0.76281499
0.63305345
0.51482909
0.4226739
0.35866513
0.31801305
0.29320345
0.27694352
0.26256911
0.24493769
0.22139345
0.19203038
0.15906069
0.12563916
0.094703789
0.068246702
0.047119807
0.031229079
0.019890494
0.012172578
0.0071415359
0.0039955829
0.0021115186
0.001037369
0.00046120197
0.00017602911
4.9949092e-05
3.2844562e-06
0
0
0
0
0
0
0
1.4774548e-08
1.9989558e-08
1.2734209e-08
6.3418295e-09
2.7337775e-09
1.0617496e-09
3.7933518e-10
1.2626676e-10
3.9499491e-11
1.1687351e-11
3.2873059e-12
8.825458e-13
2.2693217e-13
5.6052304e-14
1.3333443e-14
3.0614253e-15
6.7984506e-16
1.4627901e-16
3.0545149e-17
6.1990479e-18
1.2243489e-18
2.3561635e-19
4.4228481e-20
8.1064434e-21
1.4520758e-21
2.5441649e-22
4.3635072e-23
7.3311507e-24
1.2073772e-24
1.9503645e-25
3.0920001e-26
4.8133372e-27
7.3612778e-28
1.1065312e-28
1.6355682e-29
2.3781989e-30
3.403078e-31
4.7940252e-32
6.6509782e-33
9.0901677e-34
1.2243251e-34
1.6255151e-35
2.1280388e-36
2.7477791e-37
3.5003561e-38
4.4002816e-39
5.4599904e-40
6.6887939e-41
8.0918125e-42
9.6689632e-43
1.141408e-43
1.3314243e-44
1.5349402e-45
1.749234e-46
1.9709038e-47
2.195943e-48
2.4198572e-49
2.6378137e-50
2.8448203e-51
3.0359222e-52
3.2064048e-53
3.3519928e-54
3.4690317e-55
3.5546408e-56
3.6068306e-57
3.6245758e-58
3.6078418e-59
3.557564e-60
3.4755837e-61
3.3645433e-62
3.2277526e-63
3.0690316e-64
2.8925418e-65
2.702615e-66
2.5035893e-67
2.299659e-68
2.0947461e-69
1.8923969e-70
1.6957048e-71
1.5072627e-72
1.3291411e-73
1.1628895e-74
1.0095601e-75
8.6974629e-77
7.4363414e-78
6.3106087e-79
5.3157755e-80
4.4451148e-81
3.6902618e-82
3.041764e-83
2.4895658e-84
2.0234219e-85
1.6332345e-86
1.3093138e-87
1.0425702e-88
8.2464307e-90
6.4797472e-91
5.0583994e-92
3.923398e-93
3.0236843e-94
2.3156102e-95
1.762297e-96
1.3329275e-97
1.0020201e-98
7.4871583e-100
5.5610403e-101
4.1060173e-102
3.0139643e-103
2.1995529e-104
1.59601e-105
1.1515089e-106
8.2614162e-108
5.8941596e-109
4.1820936e-110
2.9511677e-111
2.0713128e-112
1.446013e-113
1.0041441e-114
6.9364838e-116
4.7667686e-117
3.2589037e-118
2.2166789e-119
1.5001633e-120
1.0101807e-121
6.7686843e-123
4.5130873e-124
2.9945161e-125
1.9773423e-126
1.2994449e-127
8.4990974e-129
5.532794e-130
3.5850107e-131
2.3122129e-132
1.4844767e-133
9.4873245e-135
6.0360814e-136
3.8231673e-137
2.410816e-138
1.5135357e-139
9.460719e-141
5.8880749e-142
3.6488389e-143
2.2515546e-144
1.3834731e-145
8.4651197e-147
5.1580217e-148
3.1299269e-149
1.8914689e-150
1.1383899e-151
6.8237368e-153
4.0738528e-154
2.4224366e-155
1.4347477e-156
8.4642115e-158
4.9738987e-159
2.9115103e-160
1.6977039e-161
9.8614079e-163
5.706374e-164
3.2895514e-165
1.8892043e-166
1.0809298e-167
6.1617321e-169
3.4994926e-170
1.9802247e-171
1.1164543e-172
6.2718321e-174
3.510627e-175
1.9580392e-176
1.0882133e-177
6.0265971e-179
3.3258685e-180
1.8290352e-181
1.0023798e-182
5.4745048e-184
2.9796737e-185
1.6162661e-186
8.7374785e-188
4.7075749e-189
2.5278714e-190
1.3529071e-191
7.2168018e-193
3.8370134e-194
2.0334631e-195
1.0734515e-196
5.7269277e-198
2.2327347e-199
0.049068443
0
0.030433057
0
0
0.081773662
0
0.18043889
0
0.086160055
0.095500649
0
0.13256481
0.88605341
1.3456621
1.2410176
0.83777047
0.3881117
0.16024374
0.080505955
0.053623588
0.044803657
0.044650187
0.0507173
0.062029508
0.077976308
0.096521699
0.1142007
0.12705451
0.132085
0.1283357
0.11699076
0.10062936
0.082191675
0.06415475
0.048140098
0.034905824
0.024555393
0.016802663
0.01119492
0.0072583724
0.0045716614
0.0027903575
0.0016460508
0.00093615285
0.0005122178
0.00026917326
0.00013567613
6.552705e-05
3.0299359e-05
1.3405269e-05
5.6723294e-06
2.2950476e-06
8.8789053e-07
3.2851483e-07
1.1629628e-07
3.9415913e-08
1.2800729e-08
3.9873872e-09
1.1926773e-09
3.4298211e-10
9.4950362e-11
2.5338333e-11
6.5268191e-12
1.624988e-12
3.9155814e-13
9.1431557e-14
2.0715024e-14
4.55907e-15
9.7578722e-16
2.0332095e-16
4.128484e-17
8.1768788e-18
1.5810824e-18
2.987091e-19
5.5182752e-20
9.9754277e-21
1.7657333e-21
3.0623691e-22
5.2069708e-23
8.684571e-24
1.4215862e-24
2.2849271e-25
3.6078326e-26
5.5986682e-27
8.5421408e-28
1.2819241e-28
1.8929231e-29
2.7512639e-30
3.9373732e-31
5.5500346e-32
7.7078499e-33
1.0549873e-33
1.4235094e-34
1.894046e-35
2.485714e-36
3.2184846e-37
4.1124123e-38
5.1866678e-39
6.4584006e-40
7.9414784e-41
9.6451625e-42
1.1572807e-42
1.3720674e-43
1.6076952e-44
1.8621091e-45
2.1323529e-46
2.4145869e-47
2.7041552e-48
2.9957027e-49
3.2833377e-50
3.5608349e-51
3.8218674e-52
4.0602547e-53
4.2702144e-54
4.4466018e-55
4.5851222e-56
4.6825054e-57
4.7366321e-58
4.7466039e-59
4.712757e-60
4.6366191e-61
4.5208123e-62
4.3689138e-63
4.1852809e-64
3.9748519e-65
3.7429373e-66
3.4950102e-67
3.2365078e-68
2.9726529e-69
2.7083027e-70
2.4478274e-71
2.1950235e-72
1.9530604e-73
1.7244582e-74
1.5110948e-75
1.3142363e-76
1.1345867e-77
9.7235159e-79
8.2731055e-80
6.9889291e-81
5.8625428e-82
4.8834916e-83
4.0399757e-84
3.3194418e-85
2.7090855e-86
2.1962627e-87
1.7688117e-88
1.4152912e-89
1.1251418e-90
8.8878267e-92
6.9765357e-93
5.4421216e-94
4.2189896e-95
3.2507792e-96
2.4896116e-97
1.8952501e-98
1.4342254e-99
1.0789684e-100
8.0698307e-102
6.0007823e-103
4.4367188e-104
3.261736e-105
2.3844621e-106
1.7334369e-107
1.253206e-108
9.0106085e-110
6.4435162e-111
4.5829844e-112
3.2422733e-113
2.2816306e-114
1.5971801e-115
1.1122265e-116
7.7051496e-118
5.3104907e-119
3.6414221e-120
2.4843161e-121
1.6863922e-122
1.1390488e-123
7.6555083e-125
5.1199917e-126
3.4075596e-127
2.2568973e-128
1.4876104e-129
9.7586672e-131
6.3713318e-132
4.1402133e-133
2.6778253e-134
1.7239425e-135
1.1047352e-136
7.0469676e-138
4.4747474e-139
2.8285923e-140
1.7800046e-141
1.1151516e-142
6.9553946e-144
4.3191436e-145
2.6703875e-146
1.6438582e-147
1.0075822e-148
6.1494327e-150
3.7371493e-151
2.2615643e-152
1.3628644e-153
8.1786882e-155
4.8878055e-156
2.9090775e-157
1.7243266e-158
1.0179311e-159
5.9849898e-161
3.5048232e-162
2.0442686e-163
1.1876549e-164
6.872809e-166
3.9616965e-167
2.2747942e-168
1.301152e-169
7.413954e-171
4.2084148e-172
2.3798235e-173
1.3407235e-174
7.5251058e-176
4.2079967e-177
2.3444345e-178
1.3014008e-179
7.1978809e-181
3.9666977e-182
2.178184e-183
1.1918213e-184
6.4981372e-186
3.5305122e-187
1.9114703e-188
1.0313076e-189
5.5451013e-191
2.9712625e-192
1.5866891e-193
8.4447325e-195
4.476411e-196
2.3980209e-197
9.3814701e-199
0.081935791
0
0.12017532
0
0.11887128
0
0.011010366
0.10493705
0
0.38394183
0
0.0085291942
1.2767016
1.866471
1.2603549
0.31479113
0.060880578
0.016683853
0.0056084067
0.0022690384
0.001157186
0.00088596457
0.0011492444
0.002172566
0.0046239358
0.0096001359
0.017958632
0.0294949
0.042498538
0.054281915
0.06233828
0.065298419
0.063206389
0.057182569
0.048820274
0.039647195
0.030815869
0.023023437
0.016576806
0.011511949
0.0077073996
0.0049677716
0.0030766253
0.001827087
0.0010384779
0.00056404262
0.00029241463
0.00014458738
6.8161756e-05
3.0634387e-05
1.3129191e-05
5.3682584e-06
2.0955046e-06
7.8157181e-07
2.7880394e-07
9.5225165e-08
3.1177315e-08
9.7971664e-09
2.9586838e-09
8.5981996e-10
2.4077309e-10
6.5054879e-11
1.6982322e-11
4.2886647e-12
1.0490643e-12
2.4886596e-13
5.7321746e-14
1.2833584e-14
2.7958311e-15
5.932579e-16
1.2273155e-16
2.4776225e-17
4.8847564e-18
9.4128198e-19
1.774126e-19
3.2729242e-20
5.9136344e-21
1.047136e-21
1.8181468e-22
3.0971677e-23
5.1788064e-24
8.50415e-25
1.3720327e-25
2.1757858e-26
3.3928331e-27
5.2044118e-28
7.8560436e-29
1.1673803e-29
1.7082196e-30
2.4622858e-31
3.4972893e-32
4.8961284e-33
6.7581385e-34
9.1997251e-35
1.2354134e-35
1.6370114e-36
2.1409256e-37
2.7641839e-38
3.5241098e-39
4.4375941e-40
5.5202261e-41
6.7853126e-42
8.2428304e-43
9.8983668e-44
1.1752112e-44
1.3797982e-45
1.6022937e-46
1.8406571e-47
2.092102e-48
2.3531239e-49
2.6195655e-50
2.8867206e-51
3.1494711e-52
3.4024537e-53
3.6402472e-54
3.8575716e-55
4.0494875e-56
4.2115862e-57
4.34016e-58
4.4323415e-59
4.4862083e-60
4.5008452e-61
4.4763614e-62
4.4138654e-63
4.3153982e-64
4.1838292e-65
4.0227253e-66
3.8361969e-67
3.6287319e-68
3.4050267e-69
3.1698218e-70
2.9277481e-71
2.6831928e-72
2.4401876e-73
2.2023205e-74
1.9726759e-75
1.7537996e-76
1.5476883e-77
1.3558007e-78
1.1790872e-79
1.018033e-80
8.727126e-82
7.4284995e-83
6.2788176e-84
5.270205e-85
4.3931454e-86
3.6370318e-87
2.990658e-88
2.4426366e-89
1.981743e-90
1.597187e-91
1.2788144e-92
1.0172449e-93
8.0395653e-95
6.3132232e-96
4.9261026e-97
3.8195439e-98
2.9430464e-99
2.2536258e-100
1.7150902e-101
1.2972802e-102
9.7531132e-104
7.2884662e-105
5.4141853e-106
3.9981086e-107
2.935086e-108
2.1421605e-109
1.5544187e-110
1.1214726e-111
8.0451396e-113
5.738815e-114
4.0707448e-115
2.8714928e-116
2.0143862e-117
1.4053929e-118
9.7519494e-120
6.7304227e-121
4.6202853e-122
3.1549251e-123
2.142995e-124
1.4480481e-125
9.7340216e-127
6.5097861e-128
4.3313535e-129
2.8673478e-130
1.8886611e-131
1.2378317e-132
8.0727206e-134
5.2389666e-135
3.3834147e-136
2.1745287e-137
1.390886e-138
8.8542227e-140
5.609935e-141
3.5377685e-142
2.2206535e-143
1.3874824e-144
8.6294823e-146
5.3427853e-147
3.2929981e-148
2.0205558e-149
1.2342995e-150
7.506806e-152
4.5455788e-153
2.7405442e-154
1.6451756e-155
9.8339844e-157
5.8533222e-158
3.4693234e-159
2.047718e-160
1.2036271e-161
7.0456915e-163
4.1075065e-164
2.3848932e-165
1.3791409e-166
7.9434675e-168
4.5570738e-169
2.6040483e-170
1.4822158e-171
8.4039911e-173
4.7466112e-174
2.6706545e-175
1.4969237e-176
8.3587507e-178
4.6500168e-179
2.5772152e-180
1.4231195e-181
7.8295703e-183
4.2919199e-184
2.3441942e-185
1.2757774e-186
6.9184128e-188
3.7385153e-189
2.0130924e-190
1.0802163e-191
5.7763055e-193
3.0782712e-194
1.6337575e-195
8.7626138e-197
3.4313956e-198
0.053720652
0
0.12012723
0
0.1983697
0
0.2504014
0
0.1132518
0.2222447
0
1.392289
2.1905385
1.2583412
0.3762956
0.064163579
0.0071967828
0.00084285552
0.00012368736
2.2263558e-05
4.1129393e-06
1.7616576e-06
6.0920722e-06
4.0767701e-05
0.00021389204
0.00082501546
0.0024033873
0.0054701457
0.010076229
0.015538851
0.020677652
0.024356136
0.025921885
0.025334321
0.023025756
0.019650265
0.015858676
0.012163772
0.0088949886
0.0062121204
0.004145935
0.0026439266
0.0016102782
0.0009360372
0.00051898862
0.00027434261
0.00013822622
6.6380792e-05
3.0390826e-05
1.3270157e-05
5.5298033e-06
2.2007944e-06
8.372973e-07
3.0482633e-07
1.0631107e-07
3.5560554e-08
1.1422371e-08
3.5276985e-09
1.0488999e-09
3.006413e-10
8.3176319e-11
2.2240635e-11
5.7549651e-12
1.4428665e-12
3.5093206e-13
8.2897585e-14
1.9040243e-14
4.2568118e-15
9.2731256e-16
1.9702621e-16
4.0867902e-17
8.2829184e-18
1.6416764e-18
3.1844485e-19
6.0498179e-20
1.1264485e-20
2.0569439e-21
3.6858657e-22
6.4850012e-23
1.1208992e-23
1.9042642e-24
3.181244e-25
5.2283958e-26
8.4571217e-27
1.3468814e-27
2.1127519e-28
3.2653523e-29
4.9741032e-30
7.4702463e-31
1.1064055e-31
1.6164759e-32
2.3302821e-33
3.3153866e-34
4.6563094e-35
6.4568566e-36
8.8421149e-37
1.1959853e-37
1.598102e-38
2.1099013e-39
2.7527382e-40
3.5495679e-41
4.5243214e-42
5.7010597e-43
7.1029102e-44
8.750803e-45
1.0662051e-45
1.2848833e-46
1.5316662e-47
1.8062937e-48
2.1075687e-49
2.4332604e-50
2.7800505e-51
3.1435266e-52
3.5182327e-53
3.897778e-54
4.2750048e-55
4.6422072e-56
4.991396e-57
5.314594e-58
5.6041452e-59
5.8530245e-60
6.0551269e-61
6.2055188e-62
6.30064e-63
6.3384425e-64
6.3184577e-65
6.2417921e-66
6.1110535e-67
5.9302086e-68
5.7043901e-69
5.4396614e-70
5.1427519e-71
4.8207843e-72
4.4810042e-73
4.1305246e-74
3.7761015e-75
3.4239449e-76
3.0795706e-77
2.747699e-78
2.4321969e-79
2.1360598e-80
1.8614329e-81
1.6096612e-82
1.3813639e-83
1.1765253e-84
9.9459582e-86
8.3459627e-87
6.9522045e-88
5.7493194e-89
4.7205127e-90
3.8483224e-91
3.1152549e-92
2.504295e-93
1.9992941e-94
1.5852449e-95
1.2484561e-96
9.7664297e-98
7.589481e-99
5.8590834e-100
4.4938225e-101
3.4245048e-102
2.5929958e-103
1.9509865e-104
1.4587506e-105
1.0839461e-106
8.0049641e-108
5.8757193e-109
4.2868391e-110
3.1089376e-111
2.2413488e-112
1.6063977e-113
1.1446327e-114
8.1090808e-116
5.7120525e-117
4.0008306e-118
2.7865552e-119
1.9300405e-120
1.3294375e-121
9.1073795e-123
6.2053153e-124
4.2053275e-125
2.8347958e-126
1.9008587e-127
1.267955e-128
8.4140184e-130
5.5547947e-131
3.648519e-132
2.3843399e-133
1.5503912e-134
1.0031234e-135
6.4584097e-137
4.1378322e-138
2.6382377e-139
1.6740416e-140
1.0571756e-141
6.6446725e-143
4.1568323e-144
2.5883947e-145
1.6043311e-146
9.8984977e-148
6.0795628e-149
3.7172266e-150
2.2626898e-151
1.3712156e-152
8.2732565e-154
4.969954e-155
2.9726807e-156
1.7704307e-157
1.0499266e-158
6.2001568e-160
3.6460644e-161
2.1351974e-162
1.2452531e-163
7.23264e-165
4.1837845e-166
2.410396e-167
1.3831439e-168
7.905319e-170
4.5004652e-171
2.5520797e-172
1.4415927e-173
8.1117572e-175
4.5469874e-176
2.5391087e-177
1.4125365e-178
7.8287223e-180
4.3228169e-181
2.3781501e-182
1.3035262e-183
7.1190144e-185
3.8739227e-186
2.1005076e-187
1.1348826e-188
6.1100119e-190
3.2779966e-191
1.7525097e-192
9.3373373e-194
4.9545411e-195
2.6566941e-196
1.0400698e-197
0.0024144168
0
0.052136099
0
0.12106294
0
0.2325429
0
0.44852055
0
0.6437802
2.5283466
1.6350783
0.70132494
0.12577853
0.012431898
0.00084909192
5.0210643e-05
3.1633489e-06
2.3765813e-07
1.7094322e-08
5.8737374e-09
1.2719777e-07
1.849057e-06
1.5362197e-05
8.2100196e-05
0.00030626118
0.00084709951
0.0018238474
0.0031858987
0.0046797722
0.0059572071
0.0067336757
0.006888225
0.0064706147
0.0056437714
0.00460846
0.0035440923
0.0025777964
0.0017783978
0.0011658818
0.00072716441
0.00043179441
0.00024422645
0.00013162473
6.7618323e-05
3.3124421e-05
1.5481061e-05
6.9067966e-06
2.9435836e-06
1.1993457e-06
4.6759228e-07
1.7461115e-07
6.2520607e-08
2.1489335e-08
7.0992072e-09
2.2571403e-09
6.916393e-10
2.0455902e-10
5.8486194e-11
1.6191607e-11
4.3476622e-12
1.1341994e-12
2.8795687e-13
7.1266975e-14
1.7220844e-14
4.068682e-15
9.4111662e-16
2.1335214e-16
4.7445736e-17
1.0357036e-17
2.2203309e-18
4.6760079e-19
9.6756395e-20
1.9672467e-20
3.9301801e-21
7.7148252e-22
1.4879288e-22
2.8194743e-23
5.2490669e-24
9.6014221e-25
1.7256576e-25
3.0477538e-26
5.2901167e-27
9.0256074e-28
1.513872e-28
2.4968202e-29
4.0500564e-30
6.4625775e-31
1.0146588e-31
1.5678511e-32
2.3848582e-33
3.5718742e-34
5.2687599e-35
7.6559936e-36
1.0961672e-36
1.5467994e-37
2.1516495e-38
2.9511143e-39
3.9918323e-40
5.3262707e-41
7.0118046e-42
9.1092151e-43
1.1680562e-43
1.4786423e-44
1.8482565e-45
2.2816146e-46
2.7821631e-47
3.3516648e-48
3.9898082e-49
4.6938677e-50
5.4584498e-51
6.2753521e-52
7.1335581e-53
8.0193855e-54
8.9167951e-55
9.8078493e-56
1.0673311e-56
1.1493352e-57
1.2248328e-58
1.2919584e-59
1.3490243e-60
1.394592e-61
1.427533e-62
1.4470752e-63
1.4528311e-64
1.4448089e-65
1.4234035e-66
1.3893704e-67
1.343784e-68
1.287984e-69
1.2235119e-70
1.1520436e-71
1.0753206e-72
9.9508438e-74
9.13016e-75
8.3068488e-76
7.4950703e-77
6.7071479e-78
5.9533774e-79
5.2419405e-80
4.5789193e-81
3.968392e-82
3.4125932e-83
2.9121243e-84
2.4661937e-85
2.0728701e-86
1.7293378e-87
1.4321385e-88
1.1773934e-89
9.6099913e-91
7.7879315e-92
6.2668784e-93
5.0077452e-94
3.9739856e-95
3.1320899e-96
2.4518634e-97
1.9065239e-98
1.4726566e-99
1.1300634e-100
8.6153837e-102
6.5259673e-103
4.9118051e-104
3.6735881e-105
2.7303578e-106
2.0167622e-107
1.4805456e-108
1.0803048e-109
7.8352592e-111
5.6489501e-112
4.0486831e-113
2.8847987e-114
2.0436035e-115
1.4393966e-116
1.0080683e-117
7.0201737e-119
4.861569e-120
3.3480949e-121
2.2931557e-122
1.5620869e-123
1.0583609e-124
7.1324745e-126
4.781289e-127
3.1883672e-128
2.1150969e-129
1.3958877e-130
9.1653365e-132
5.9874688e-133
3.8918308e-134
2.5170922e-135
1.6199338e-136
1.0374485e-137
6.6118785e-139
4.193629e-140
2.6471554e-141
1.6630695e-142
1.03992e-143
6.4723936e-145
4.0097926e-146
2.4727906e-147
1.5180196e-148
9.2770104e-150
5.6441057e-151
3.4186468e-152
2.0615827e-153
1.2377984e-154
7.3997455e-156
4.4046982e-157
2.6107347e-158
1.5408879e-159
9.0563949e-161
5.3006589e-162
3.0896446e-163
1.7935157e-164
1.0368919e-165
5.9704487e-167
3.4240408e-168
1.9558818e-169
1.1128356e-170
6.3069153e-172
3.5605198e-173
2.0023168e-174
1.1217281e-175
6.2602285e-177
3.4805889e-178
1.9279123e-179
1.0639122e-180
5.8495172e-182
3.2043626e-183
1.7489696e-184
9.5115922e-186
5.1542544e-187
2.7831163e-188
1.4974792e-189
8.0290674e-191
4.2899722e-192
2.284305e-193
1.2113553e-194
6.4914485e-196
2.5398918e-197
0
0
0.015683576
0
0.070797091
0
0.18533456
0.013783205
0.57503828
0.30176725
2.1501534
2.5353102
0.71075814
0.093384826
0.012328713
0.0011987549
7.7713705e-05
3.1365305e-06
9.1721875e-08
4.1400147e-09
6.1735878e-10
4.2129439e-09
4.3871014e-08
3.360724e-07
2.0201729e-06
9.5702966e-06
3.5143473e-05
0.0001002521
0.00022645898
0.00041598246
0.0006393726
0.00084479275
0.00098232443
0.0010246877
0.00097353672
0.0008524246
0.00069408995
0.00052915306
0.00037961605
0.00025722547
0.00016506718
0.00010051724
5.8169281e-05
3.2027759e-05
1.679496e-05
8.3961673e-06
4.00593e-06
1.826434e-06
7.9703162e-07
3.3357331e-07
1.3422937e-07
5.2094645e-08
1.9571703e-08
7.147517e-09
2.548302e-09
8.9057996e-10
3.0606691e-10
1.0363304e-10
3.4581764e-11
1.1359156e-11
3.6644468e-12
1.1577573e-12
3.5723113e-13
1.0738164e-13
3.1384695e-14
8.9068401e-15
2.4524085e-15
6.5489243e-16
1.6961249e-16
4.2616615e-17
1.0393049e-17
2.4616138e-18
5.6665619e-19
1.2687495e-19
2.7652507e-20
5.8714418e-21
1.2154946e-21
2.4552647e-22
4.842941e-23
9.3347318e-24
1.7594579e-24
3.2451042e-25
5.8603725e-26
1.0368798e-26
1.7983916e-27
3.0593245e-28
5.1070771e-29
8.3701479e-30
1.3474256e-30
2.1314442e-31
3.3144964e-32
5.0687795e-33
7.625897e-34
1.1290984e-34
1.6457751e-35
2.362353e-36
3.3403063e-37
4.6539415e-38
6.3910064e-39
8.6526062e-40
1.1552211e-40
1.5213549e-41
1.9767244e-42
2.5346091e-43
3.2079e-44
4.0083721e-45
4.9458625e-46
6.0273905e-47
7.2562748e-48
8.631306e-49
1.014604e-49
1.1788279e-50
1.3539811e-51
1.5376427e-52
1.726829e-53
1.9180635e-54
2.1074783e-55
2.2909461e-56
2.4642331e-57
2.6231663e-58
2.7638053e-59
2.8826092e-60
2.9765861e-61
3.04342e-62
3.0815644e-63
3.0902983e-64
3.0697435e-65
3.0208415e-66
2.9452929e-67
2.8454644e-68
2.7242718e-69
2.5850429e-70
2.4313732e-71
2.2669798e-72
2.0955619e-73
1.9206754e-74
1.7456255e-75
1.5733812e-76
1.4065137e-77
1.2471587e-78
1.097001e-79
9.5728008e-81
8.2881216e-82
7.1202624e-83
6.0700982e-84
5.1356059e-85
4.3124061e-86
3.5943032e-87
2.9737979e-88
2.4425517e-89
1.9917968e-90
1.6126795e-91
1.2965376e-92
1.0351134e-93
8.2070614e-95
6.4627162e-96
5.0547575e-97
3.9271107e-98
3.0308383e-99
2.3237958e-100
1.7701379e-101
1.3397323e-102
1.0075304e-103
7.5293003e-105
5.5915725e-106
4.1268852e-107
3.0272324e-108
2.207138e-109
1.5995528e-110
1.1523324e-111
8.252611e-113
5.8757497e-114
4.1592707e-115
2.9273612e-116
2.0486302e-117
1.4256129e-118
9.8653548e-120
6.7892032e-121
4.6466676e-122
3.1630237e-123
2.1415211e-124
1.442189e-125
9.6610058e-127
6.4378827e-128
4.2678022e-129
2.8146582e-130
1.8468286e-131
1.2056638e-132
7.8314722e-134
5.0617047e-135
3.2554034e-136
2.0834619e-137
1.3269573e-138
8.4107884e-140
5.3056945e-141
3.3311238e-142
2.0816099e-143
1.2947464e-144
8.0161064e-146
4.9402851e-147
3.0308642e-148
1.8510699e-149
1.1254776e-150
6.8127759e-152
4.1058205e-153
2.4636536e-154
1.4718994e-155
8.7560911e-157
5.1866951e-158
3.0593836e-159
1.7970253e-160
1.0511524e-161
6.1232552e-163
3.5523683e-164
2.0525146e-165
1.1811379e-166
6.7697771e-168
3.8647443e-169
2.1976209e-170
1.2447533e-171
7.0230386e-173
3.9472138e-174
2.2100012e-175
1.2326591e-176
6.8494263e-178
3.7917372e-179
2.091255e-180
1.1491382e-181
6.2913769e-183
3.4319334e-184
1.8653619e-185
1.0102521e-186
5.4519265e-188
2.9318034e-189
1.5710691e-190
8.3896036e-192
4.4647636e-193
2.3663251e-194
1.2673572e-195
4.9562141e-197
0
0.027785277
0.05705457
0.095108946
0.23173385
0.26715065
0.55701344
0.64392916
1.2535277
1.4806918
3.1633475
2.3012278
0.11672468
0.00092951094
7.9657675e-05
5.3368722e-06
2.5180507e-07
7.4949468e-09
7.5172326e-10
9.7346978e-11
3.3431262e-10
5.3745029e-09
5.4468501e-08
3.344368e-07
1.3694542e-06
4.1011182e-06
9.6563937e-06
1.8820448e-05
3.1372292e-05
4.5621821e-05
5.8604852e-05
6.7168896e-05
6.9343188e-05
6.5064589e-05
5.6001558e-05
4.4628941e-05
3.3265705e-05
2.3473436e-05
1.5918945e-05
1.0567429e-05
6.9998311e-06
4.6944276e-06
3.1997846e-06
2.1987379e-06
1.5001381e-06
1.0003436e-06
6.4396018e-07
3.9695294e-07
2.3323411e-07
1.3033899e-07
6.923152e-08
3.4961542e-08
1.6798345e-08
7.6874705e-09
3.3546971e-09
1.3977e-09
5.5668609e-10
2.1221919e-10
7.7530219e-11
2.717651e-11
9.1509545e-12
2.9634152e-12
9.2398626e-13
2.7769598e-13
8.0534137e-14
2.2561253e-14
6.1119091e-15
1.6027641e-15
4.0726814e-16
1.0037791e-16
2.4019324e-17
5.5854022e-18
1.2633187e-18
2.7817415e-19
5.9680531e-20
1.2485705e-20
2.5491521e-21
5.0828072e-22
9.9047794e-23
1.8876117e-23
3.5203521e-24
6.4288005e-25
1.1502586e-25
2.0175341e-26
3.4708186e-27
5.8592579e-28
9.7108184e-29
1.5807529e-29
2.528423e-30
3.975452e-31
6.1466617e-32
9.3489995e-33
1.3993089e-33
2.0617093e-34
2.9911834e-35
4.2745546e-36
6.0186048e-37
8.3517552e-38
1.1424881e-38
1.5410906e-39
2.0502825e-40
2.6909823e-41
3.4851261e-42
4.4548415e-43
5.6213995e-44
7.0039727e-45
8.6182445e-46
1.0474937e-46
1.2578348e-47
1.4925004e-48
1.7502524e-49
2.0288824e-50
2.3251752e-51
2.6349218e-52
2.9529892e-53
3.2734458e-54
3.58974e-55
3.8949256e-56
4.1819223e-57
4.4437962e-58
4.6740468e-59
4.8668815e-60
5.0174606e-61
5.1221004e-62
5.1784216e-63
5.1854323e-64
5.1435469e-65
5.0545386e-66
4.9214286e-67
4.7483254e-68
4.5402235e-69
4.3027714e-70
4.0420298e-71
3.7642287e-72
3.4755368e-73
3.1818557e-74
2.8886458e-75
2.6007883e-76
2.3224883e-77
2.057217e-78
1.8076907e-79
1.5758842e-80
1.3630719e-81
1.1698894e-82
9.9641244e-84
8.4224393e-85
7.0660463e-86
5.8842312e-87
4.8642058e-88
3.9918734e-89
3.2524998e-90
2.6312742e-91
2.1137579e-92
1.6862275e-93
1.3359184e-94
1.0511797e-95
8.215562e-97
6.3780871e-98
4.9188716e-99
3.7686951e-100
2.8687664e-101
2.1697301e-102
1.6306093e-103
1.2177403e-104
9.0374616e-106
6.6657853e-107
4.8864671e-108
3.5604321e-109
2.5786917e-110
1.8565631e-111
1.3287944e-112
9.4551286e-114
6.689016e-115
4.7050615e-116
3.2907848e-117
2.2886918e-118
1.5828908e-119
1.0887102e-120
7.447199e-122
5.0665713e-123
3.4284427e-124
2.3076072e-125
1.5450037e-126
1.0290108e-127
6.8179377e-129
4.4941582e-130
2.9473062e-131
1.9231043e-132
1.2485326e-133
8.0655686e-135
5.1847343e-136
3.3165955e-137
2.1113044e-138
1.3375782e-139
8.433637e-141
5.2924306e-142
3.3056509e-143
2.0551195e-144
1.2717799e-145
7.8342607e-147
4.8040923e-148
2.9327014e-149
1.7823103e-150
1.0783835e-151
6.4961041e-153
3.8961683e-154
2.3267107e-155
1.3835084e-156
8.1916358e-158
4.8297347e-159
2.835659e-160
1.6579711e-161
9.653972e-163
5.5982853e-164
3.2332374e-165
1.8598039e-166
1.0655087e-167
6.0802347e-169
3.4559714e-170
1.9566775e-171
1.1035206e-172
6.1996366e-174
3.469677e-175
1.9344666e-176
1.0744715e-177
5.9456879e-179
3.2778929e-180
1.8004647e-181
9.8533355e-183
5.3728204e-184
2.919128e-185
1.580327e-186
8.525012e-188
4.5825611e-189
2.4546959e-190
1.3103081e-191
6.9704462e-193
3.6928994e-194
1.9770624e-195
7.7288805e-197
0.21208013
0.67782171
1.035756
1.353511
1.7120719
1.9198609
2.3232633
2.4579227
2.9833124
3.0361112
3.9556619
2.6994224
0.082722152
7.9821647e-21
0
0
0
9.8816823e-14
2.1301827e-11
3.3104513e-11
3.6592699e-10
6.6750887e-09
7.2770876e-08
4.8203852e-07
2.1486507e-06
7.0440829e-06
1.8154865e-05
3.8565362e-05
6.9835579e-05
0.00011050352
0.00015578724
0.00019878982
0.0002325621
0.00025203226
0.0002550739
0.00024260625
0.0002178907
0.00018544802
0.00014996384
0.00011543921
8.4706133e-05
5.9306418e-05
3.9649383e-05
2.532647e-05
1.5464478e-05
9.03071e-06
5.0458846e-06
2.6989337e-06
1.382643e-06
6.7877976e-07
3.1952248e-07
1.4430913e-07
6.2572554e-08
2.6065077e-08
1.0437925e-08
4.0211477e-09
1.4913227e-09
5.3282806e-10
1.8352999e-10
6.0987966e-11
1.9566491e-11
6.064989e-12
1.8176658e-12
5.2709135e-13
1.480024e-13
4.0270575e-14
1.0626004e-14
2.7210919e-15
6.7676147e-16
1.6359672e-16
3.8466751e-17
8.8042123e-18
1.9629409e-18
4.2662626e-19
9.0451674e-20
1.8720239e-20
3.7846027e-21
7.4786316e-22
1.4453924e-22
2.733819e-23
5.0631645e-24
9.1871344e-25
1.6340708e-25
2.8504354e-26
4.8787417e-27
8.1970577e-28
1.3525387e-28
2.1926141e-29
3.4935463e-30
5.4730034e-31
8.4332618e-32
1.2785713e-32
1.9079024e-33
2.8030147e-34
4.0556757e-35
5.7808921e-36
8.1197103e-37
1.1241282e-37
1.5343766e-38
2.0653613e-39
2.7422774e-40
3.5923422e-41
4.6439906e-42
5.9257791e-43
7.4650077e-44
9.2860945e-45
1.1408767e-45
1.3846158e-46
1.6602927e-47
1.9673534e-48
2.3040817e-49
2.6675005e-50
3.0533304e-51
3.4560123e-52
3.8688046e-53
4.2839513e-54
4.692918e-55
5.086688e-56
5.4561016e-57
5.7922204e-58
6.0866968e-59
6.3321275e-60
6.5223652e-61
6.6527767e-62
6.7204274e-63
6.7241829e-64
6.6647256e-65
6.5444872e-66
6.3674996e-67
6.1391826e-68
5.8660799e-69
5.5555576e-70
5.2154906e-71
4.8539495e-72
4.478904e-73
4.0979596e-74
3.718136e-75
3.3456921e-76
2.9860042e-77
2.6434957e-78
2.3216125e-79
2.0228436e-80
1.748776e-81
1.500177e-82
1.2770969e-83
1.0789817e-84
9.0479139e-86
7.5311568e-87
6.2228293e-88
5.1045864e-89
4.1573124e-90
3.361837e-91
2.6995067e-92
2.1526196e-93
1.7047323e-94
1.340854e-95
1.0475459e-96
8.1294347e-98
6.2671818e-99
4.7999576e-100
3.6524456e-101
2.7614614e-102
2.0745804e-103
1.5487612e-104
1.1490209e-105
8.4720132e-107
6.2084936e-108
4.5222228e-109
3.2742258e-110
2.3565724e-111
1.6861357e-112
1.19941e-113
8.4826128e-115
5.964878e-116
4.1706736e-117
2.8997867e-118
2.0049485e-119
1.3786041e-120
9.4275012e-122
6.4120303e-123
4.3376788e-124
2.9187894e-125
1.9536736e-126
1.3008441e-127
8.6167268e-129
5.6783581e-130
3.7229387e-131
2.4285707e-132
1.57629e-133
1.0180299e-134
6.5424789e-136
4.1840759e-137
2.6628704e-138
1.6865972e-139
1.0631658e-140
6.6701556e-142
4.1651755e-143
2.5888668e-144
1.6017018e-145
9.8642835e-147
6.0475213e-148
3.6909074e-149
2.242583e-150
1.3565601e-151
8.1699612e-153
4.8989902e-154
2.9249181e-155
1.7388262e-156
1.0293158e-157
6.0674394e-159
3.5615652e-160
2.0819443e-161
1.2120037e-162
7.0268266e-164
4.0574069e-165
2.3333794e-166
1.336543e-167
7.6252561e-169
4.333241e-170
2.4528501e-171
1.383062e-172
7.7685025e-174
4.3468075e-175
2.4229991e-176
1.3455443e-177
7.4441758e-179
4.1031847e-180
2.253321e-181
1.2329181e-182
6.7214991e-184
3.6511539e-185
1.97623e-186
1.065858e-187
5.7283134e-189
3.0678255e-190
1.6372731e-191
8.7080979e-193
4.6125985e-194
2.4689519e-195
9.6500971e-197
0.21207486
0.67782408
1.0357586
1.3535146
1.7120884
1.9198762
2.3233055
2.4579678
2.9833995
3.0362052
3.9558177
2.6995191
0.082725884
7.9825911e-21
0
0
0
9.8820375e-14
2.1302637e-11
3.3105269e-11
3.6592424e-10
6.6750647e-09
7.2771038e-08
4.8204071e-07
2.1486544e-06
7.0440347e-06
1.8154487e-05
3.8563848e-05
6.9831357e-05
0.00011049442
0.00015577128
0.000198766
0.00023253109
0.00025199627
0.00025503604
0.00024256979
0.00021785829
0.00018542126
0.00014994323
0.00011542438
8.4696139e-05
5.9300108e-05
3.964565e-05
2.5324402e-05
1.5463408e-05
9.0301943e-06
5.0456545e-06
2.6988396e-06
1.3826083e-06
6.7876875e-07
3.1951981e-07
1.4430892e-07
6.2572833e-08
2.6065325e-08
1.0438069e-08
4.0212177e-09
1.4913532e-09
5.3284035e-10
1.8353463e-10
6.0989625e-11
1.9567057e-11
6.0651743e-12
1.8177241e-12
5.2710905e-13
1.4800759e-13
4.027205e-14
1.062641e-14
2.7212003e-15
6.7678961e-16
1.6360382e-16
3.8468493e-17
8.8046285e-18
1.9630378e-18
4.2664824e-19
9.045654e-20
1.8721291e-20
3.7848245e-21
7.4790891e-22
1.4454847e-22
2.7340009e-23
5.0635157e-24
9.1877985e-25
1.6341939e-25
2.8506589e-26
4.8791397e-27
8.1977533e-28
1.352658e-28
2.192815e-29
3.4938787e-30
5.4735438e-31
8.4341256e-32
1.2787071e-32
1.9081123e-33
2.803334e-34
4.0561538e-35
5.7815969e-36
8.1207336e-37
1.1242746e-37
1.5345829e-38
2.0656479e-39
2.7426699e-40
3.5928722e-41
4.6446966e-42
5.9267069e-43
7.4662108e-44
9.2876343e-45
1.1410713e-45
1.3848585e-46
1.6605916e-47
1.9677172e-48
2.3045191e-49
2.6680201e-50
3.0539404e-51
3.4567202e-52
3.8696167e-53
4.2848725e-54
4.6939513e-55
5.0878345e-56
5.45736e-57
5.7935868e-58
6.0881651e-59
6.3336888e-60
6.5240086e-61
6.654489e-62
6.7221938e-63
6.7259871e-64
6.6665507e-65
6.5463156e-66
6.369314e-67
6.1409664e-68
5.8678173e-69
5.5572344e-70
5.2170944e-71
4.8554699e-72
4.4803326e-73
4.0992903e-74
3.7193648e-75
3.3468172e-76
2.9870258e-77
2.6444155e-78
2.3224339e-79
2.0235712e-80
1.7494153e-81
1.5007344e-82
1.2775789e-83
1.0793953e-84
9.0514368e-86
7.5341342e-87
6.2253268e-88
5.1066658e-89
4.159031e-90
3.363247e-91
2.7006552e-92
2.1535485e-93
1.7054783e-94
1.3414489e-95
1.0480171e-96
8.133141e-98
6.2700774e-99
4.8022046e-100
3.6541779e-101
2.7627881e-102
2.0755898e-103
1.5495243e-104
1.1495941e-105
8.4762922e-107
6.2116676e-108
4.5245627e-109
3.2759402e-110
2.3578209e-111
1.6870395e-112
1.2000603e-113
8.4872647e-115
5.9681862e-116
4.1730126e-117
2.901431e-118
2.0060979e-119
1.3794029e-120
9.4330228e-122
6.4158256e-123
4.3402733e-124
2.9205533e-125
1.9548665e-126
1.3016464e-127
8.6220952e-129
5.6819311e-130
3.7253045e-131
2.430129e-132
1.5773112e-133
1.0186958e-134
6.5467989e-136
4.1868647e-137
2.6646618e-138
1.6877423e-139
1.0638942e-140
6.6747669e-142
4.1680809e-143
2.5906887e-144
1.6028389e-145
9.8713472e-147
6.0518893e-148
3.6935961e-149
2.2442305e-150
1.357565e-151
8.1760637e-153
4.9026797e-154
2.9271389e-155
1.7401571e-156
1.0301099e-157
6.0721579e-159
3.5643567e-160
2.0835888e-161
1.2129685e-162
7.0324631e-164
4.0606862e-165
2.3352796e-166
1.3376395e-167
7.6315584e-169
4.3368488e-170
2.4549071e-171
1.3842303e-172
7.7751115e-174
4.3505318e-175
2.4250898e-176
1.3467134e-177
7.4506885e-179
4.1067991e-180
2.2553195e-181
1.234019e-182
6.7275409e-184
3.6544577e-185
1.97803e-186
1.0668352e-187
5.7335991e-189
3.0706745e-190
1.6388034e-191
8.7162882e-193
4.6169641e-194
2.4713035e-195
9.6593422e-197
0
0.027787315
0.057055479
0.095107331
0.2317423
0.26714854
0.55703573
0.64394113
1.2535921
1.4807531
3.1635604
2.301372
0.11673406
0.00092962724
7.9669001e-05
5.3376704e-06
2.518446e-07
7.4963868e-09
7.5197914e-10
9.738056e-11
3.3431352e-10
5.3745231e-09
5.4469854e-08
3.3445127e-07
1.3695368e-06
4.1014544e-06
9.6575134e-06
1.8823556e-05
3.1379435e-05
4.5635337e-05
5.8626269e-05
6.719767e-05
6.9376777e-05
6.5099205e-05
5.6033504e-05
4.4655616e-05
3.3285996e-05
2.3487547e-05
1.5927919e-05
1.0572632e-05
7.0025616e-06
4.6957061e-06
3.2003046e-06
2.1989118e-06
1.5001796e-06
1.0003469e-06
6.4395863e-07
3.9695399e-07
2.3323715e-07
1.3034229e-07
6.923412e-08
3.4963247e-08
1.6799329e-08
7.6879844e-09
3.3549445e-09
1.397811e-09
5.5673296e-10
2.1223791e-10
7.7537332e-11
2.7179091e-11
9.1518518e-12
2.9637149e-12
9.2408262e-13
2.7772587e-13
8.0543094e-14
2.2563849e-14
6.1126377e-15
1.6029624e-15
4.0732047e-16
1.0039133e-16
2.4022664e-17
5.5862111e-18
1.2635093e-18
2.782179e-19
5.9690319e-20
1.248784e-20
2.5496066e-21
5.0837521e-22
9.9066987e-23
1.8879929e-23
3.5210927e-24
6.4302091e-25
1.1505209e-25
2.018013e-26
3.4716755e-27
5.8607618e-28
9.7134084e-29
1.5811907e-29
2.52915e-30
3.9766379e-31
6.1485629e-32
9.3519963e-33
1.3997735e-33
2.0624179e-34
2.992247e-35
4.2761263e-36
6.0208918e-37
8.3550333e-38
1.142951e-38
1.5417349e-39
2.0511666e-40
2.6921783e-41
3.4867219e-42
4.4569419e-43
5.6241274e-44
7.0074692e-45
8.6226684e-46
1.0480463e-46
1.2585166e-47
1.4933311e-48
1.7512522e-49
2.0300715e-50
2.3265728e-51
2.6365454e-52
2.9548538e-53
3.275563e-54
3.5921174e-55
3.897566e-56
4.184823e-57
4.4469489e-58
4.6774374e-59
4.8704902e-60
5.021262e-61
5.1260644e-62
5.1825139e-63
5.1896155e-64
5.1477816e-65
5.0587841e-66
4.9256446e-67
4.7524731e-68
4.5442661e-69
4.3066757e-70
4.0457665e-71
3.7677732e-72
3.4788693e-73
3.1849616e-74
2.8915156e-75
2.6034175e-76
2.3248768e-77
2.0593688e-78
1.8096134e-79
1.5775882e-80
1.3645699e-81
1.171196e-82
9.9754306e-84
8.432147e-85
7.0743174e-86
5.8912249e-87
4.8700749e-88
3.9967622e-89
3.2565421e-90
2.6345922e-91
2.1164618e-92
1.6884153e-93
1.3376761e-94
1.0525821e-95
8.2266734e-97
6.3868306e-98
4.9257054e-99
3.7740005e-100
2.8728579e-101
2.1728649e-102
1.6329954e-103
1.2195448e-104
9.0510216e-106
6.6759108e-107
4.8939807e-108
3.5659731e-109
2.582753e-110
1.8595218e-111
1.3309368e-112
9.4705499e-114
6.700051e-115
4.7129117e-116
3.296337e-117
2.2925962e-118
1.5856208e-119
1.0906083e-120
7.4603225e-122
5.0755948e-123
3.4346131e-124
2.3118037e-125
1.5478424e-126
1.0309208e-127
6.8307207e-129
4.5026688e-130
2.9529428e-131
1.9268183e-132
1.2509673e-133
8.0814482e-135
5.1950394e-136
3.3232498e-137
2.11558e-138
1.3403121e-139
8.4510324e-141
5.303446e-142
3.3125931e-143
2.0594739e-144
1.2744984e-145
7.8511531e-147
4.8145408e-148
2.9391346e-149
1.7862532e-150
1.0807893e-151
6.5107173e-153
3.9050054e-154
2.3320314e-155
1.3866979e-156
8.2106727e-158
4.8410484e-159
2.8423541e-160
1.6619163e-161
9.6771231e-163
5.6118141e-164
3.2411105e-165
1.8643669e-166
1.0681426e-167
6.0953767e-169
3.4646417e-170
1.9616223e-171
1.1063296e-172
6.2155313e-174
3.4786362e-175
1.939497e-176
1.0772852e-177
5.9613663e-179
3.2865962e-180
1.8052779e-181
9.879856e-183
5.387379e-184
2.9270908e-185
1.5846664e-186
8.548575e-188
4.5953099e-189
2.4615692e-190
1.3140007e-191
6.9902145e-193
3.7034387e-194
1.9827407e-195
7.7512098e-197
0
0
0.015684836
0
0.070804781
0
0.18535126
0.013767505
0.57508958
0.30174423
2.1503423
2.5355002
0.71081857
0.0933955
0.012330357
0.0011989289
7.7725971e-05
3.1370934e-06
9.1747207e-08
4.1420877e-09
6.1754348e-10
4.2137349e-09
4.3881928e-08
3.3618544e-07
2.0210222e-06
9.5749158e-06
3.5161903e-05
0.00010030706
0.0002265857
0.00041621635
0.00063973034
0.00084526087
0.0009828627
0.0010252429
0.0009740587
0.00085287729
0.00069445541
0.00052942954
0.00037981304
0.00025735812
0.00016515183
0.00010056854
5.8198845e-05
3.2043984e-05
1.680345e-05
8.4004074e-06
4.0079538e-06
1.8273584e-06
7.974362e-07
3.3374328e-07
1.3429804e-07
5.2121368e-08
1.9581743e-08
7.1511659e-09
2.5495875e-09
8.9101991e-10
3.0621346e-10
1.0368064e-10
3.4596866e-11
1.1363842e-11
3.6658706e-12
1.1581812e-12
3.5735487e-13
1.0741704e-13
3.1394624e-14
8.9095679e-15
2.4531422e-15
6.550855e-16
1.6966217e-16
4.2629105e-17
1.0396116e-17
2.4623495e-18
5.6682844e-19
1.2691433e-19
2.7661299e-20
5.8733592e-21
1.2159031e-21
2.4561153e-22
4.8446728e-23
9.3381807e-24
1.7601301e-24
3.2463868e-25
5.8627697e-26
1.0373189e-26
1.79918e-27
3.060713e-28
5.1094768e-29
8.3742186e-30
1.3481037e-30
2.132554e-31
3.3162813e-32
5.0716018e-33
7.6302856e-34
1.1297698e-34
1.6467857e-35
2.3638505e-36
3.3424913e-37
4.6570815e-38
6.3954521e-39
8.6588092e-40
1.1560742e-40
1.5225117e-41
1.9782714e-42
2.5366497e-43
3.2105559e-44
4.0117833e-45
4.9501871e-46
6.0328033e-47
7.2629646e-48
8.639472e-49
1.0155886e-49
1.1800011e-50
1.3553622e-51
1.5392497e-52
1.7286776e-53
1.9201658e-54
2.1098425e-55
2.2935756e-56
2.4671261e-57
2.6263151e-58
2.7671964e-59
2.8862231e-60
2.980398e-61
3.0474e-62
3.0856783e-63
3.0945087e-64
3.0740106e-65
3.0251246e-66
2.9495511e-67
2.8496582e-68
2.7283638e-69
2.5889991e-70
2.4351635e-71
2.2705788e-72
2.098949e-73
1.9238353e-74
1.7485481e-75
1.5760613e-76
1.4089507e-77
1.2493562e-78
1.0989662e-79
9.5902329e-81
8.3034602e-82
7.1336518e-83
6.0816941e-84
5.1455705e-85
4.320903e-86
3.6014935e-87
2.9798367e-88
2.4475858e-89
1.9959624e-90
1.6161013e-91
1.2993282e-92
1.037373e-93
8.2252286e-95
6.4772207e-96
5.0662577e-97
3.9361665e-98
3.037921e-99
2.3292982e-100
1.7743841e-101
1.3429876e-102
1.0100099e-103
7.5480643e-105
5.6056819e-106
4.1374276e-107
3.0350603e-108
2.2129144e-109
1.6037892e-110
1.1554205e-111
8.2749859e-113
5.8918651e-114
4.1708091e-115
2.9355743e-116
2.0544424e-117
1.4297025e-118
9.8939665e-120
6.8091077e-121
4.6604374e-122
3.1724968e-123
2.1480026e-124
1.4465995e-125
9.6908564e-127
6.4579781e-128
4.2812589e-129
2.8236221e-130
1.8527686e-131
1.2095798e-132
7.8571568e-134
5.0784656e-135
3.2662861e-136
2.0904928e-137
1.3314773e-138
8.4397036e-140
5.3241026e-141
3.3427864e-142
2.0889636e-143
1.2993613e-144
8.0449315e-146
4.9582058e-147
3.0419542e-148
1.8579014e-149
1.1296667e-150
6.8383482e-152
4.1213613e-153
2.4730562e-154
1.4775633e-155
8.7900595e-157
5.2069793e-158
3.0714443e-159
1.8041659e-160
1.0553622e-161
6.1479698e-163
3.5668174e-164
2.0609272e-165
1.1860159e-166
6.7979471e-168
3.8809465e-169
2.2069025e-170
1.2500492e-171
7.0531368e-173
3.9642526e-174
2.2196096e-175
1.2380565e-176
6.8796296e-178
3.8085744e-179
2.1006058e-180
1.1543119e-181
6.3198959e-183
3.4475961e-184
1.8739324e-185
1.0149247e-186
5.4773099e-188
2.9455432e-189
1.5784799e-190
8.429434e-192
4.4860965e-193
2.3777035e-194
1.2734903e-195
4.9803416e-197
0.0024134148
0
0.052143518
0
0.12108186
0
0.23257898
0
0.44858338
0
0.64380966
2.528608
1.6352375
0.701403
0.12579422
0.012433617
0.00084923187
5.0221552e-05
3.1643575e-06
2.3777213e-07
1.7101879e-08
5.8741061e-09
1.2724311e-07
1.8497637e-06
1.5368427e-05
8.2135476e-05
0.00030639862
0.000847489
0.0018246908
0.0031873604
0.0046818854
0.0059598469
0.0067366047
0.006891171
0.0064733422
0.005646122
0.0046103613
0.0035455441
0.0025788471
0.0017791205
0.0011663549
0.0007274595
0.0004319699
0.000244326
0.00013167861
6.7646165e-05
3.3138164e-05
1.5487545e-05
6.9097235e-06
2.9448485e-06
1.1998695e-06
4.6780042e-07
1.7469056e-07
6.2549731e-08
2.1499613e-08
7.1027012e-09
2.2582856e-09
6.9200169e-10
2.0466982e-10
5.8518965e-11
1.6200994e-11
4.3502689e-12
1.1349021e-12
2.8814096e-13
7.1313899e-14
1.7232495e-14
4.0715038e-15
9.4178385e-16
2.1350635e-16
4.7480608e-17
1.0364758e-17
2.2220068e-18
4.6795754e-19
9.6830918e-20
1.9687753e-20
3.9332598e-21
7.7209221e-22
1.4891152e-22
2.821744e-23
5.2533366e-24
9.6093212e-25
1.727095e-25
3.0503271e-26
5.2946489e-27
9.0334617e-28
1.5152115e-28
2.4990686e-29
4.0537713e-30
6.4686202e-31
1.0156265e-31
1.5693774e-32
2.3872292e-33
3.5755023e-34
5.2742297e-35
7.6641195e-36
1.0973569e-36
1.5485166e-37
2.154093e-38
2.954543e-39
3.9965772e-40
5.3327481e-41
7.0205287e-42
9.1208098e-43
1.1695771e-43
1.4806116e-44
1.850774e-45
2.2847927e-46
2.7861253e-47
3.3565444e-48
3.9957453e-49
4.7010054e-50
5.4669304e-51
6.2853116e-52
7.1451207e-53
8.032658e-54
8.9318609e-55
9.8247627e-56
1.0692093e-56
1.1513986e-57
1.2270756e-58
1.2943709e-59
1.3515926e-60
1.3972983e-61
1.4303561e-62
1.4499909e-63
1.4558131e-64
1.4478291e-65
1.4264331e-66
1.3923808e-67
1.3467475e-68
1.2908744e-69
1.2263054e-70
1.154719e-71
1.0778603e-72
9.9747399e-74
9.152449e-75
8.3274603e-76
7.5139689e-77
6.7243306e-78
5.9688705e-79
5.2557956e-80
4.5912093e-81
3.9792062e-82
3.4220334e-83
2.9203005e-84
2.4732202e-85
2.0788623e-86
1.7344092e-87
1.4363983e-88
1.180945e-89
9.6393845e-91
7.8120809e-92
6.2865768e-93
5.0236986e-94
3.986815e-95
3.1423351e-96
2.4599885e-97
1.9129237e-98
1.4776633e-99
1.133954e-100
8.6454169e-102
6.5489991e-103
4.9293529e-104
3.6868718e-105
2.7403494e-106
2.0242303e-107
1.4860926e-108
1.0843995e-109
7.8652999e-111
5.6708558e-112
4.0645608e-113
2.8962387e-114
2.0517975e-115
1.4452312e-116
1.012199e-117
7.0492492e-119
4.8819187e-120
3.3622574e-121
2.3029572e-122
1.5688327e-123
1.0629783e-124
7.1639075e-126
4.8025722e-127
3.2027012e-128
2.1246996e-129
1.4022871e-130
9.2077617e-132
6.0154501e-133
3.9101914e-134
2.5290791e-135
1.6277203e-136
1.0424813e-137
6.6442476e-139
4.2143458e-140
2.6603502e-141
1.6714331e-142
1.0451961e-143
6.5055193e-145
4.0304929e-146
2.4856662e-147
1.5259913e-148
9.3261399e-150
5.6742467e-151
3.4370552e-152
2.0727752e-153
1.2445735e-154
7.4405765e-156
4.4291982e-157
2.6253721e-158
1.5495954e-159
9.1079732e-161
5.3310821e-162
3.1075145e-163
1.8039683e-164
1.0429808e-165
6.0057722e-167
3.4444499e-168
1.9676261e-169
1.1195668e-170
6.3453421e-172
3.5823701e-173
2.0146927e-174
1.1287106e-175
6.2994718e-177
3.5025603e-178
1.9401669e-179
1.0707214e-180
5.8872113e-182
3.2251515e-183
1.7603927e-184
9.574131e-186
5.1883684e-187
2.8016579e-188
1.5075207e-189
8.0832564e-191
4.319112e-192
2.2999202e-193
1.2196884e-194
6.5363887e-196
2.5575799e-197
0.053728921
0
0.12014719
0
0.19840289
0
0.2504418
0
0.11326475
0.22228074
0
1.3924241
2.190791
1.258503
0.37633798
0.064172158
0.0071980767
0.00084309177
0.00012373498
2.2273413e-05
4.1145157e-06
1.7618458e-06
6.0926623e-06
4.077633e-05
0.00021395219
0.00082528629
0.0024042463
0.0054721815
0.010080009
0.015544606
0.020685128
0.024364698
0.025930742
0.02534275
0.023033239
0.019656524
0.015863649
0.012167545
0.008897729
0.0062140301
0.0041472118
0.0026447452
0.0016107811
0.00093633289
0.00051915488
0.00027443196
0.00013827209
6.6403289e-05
3.0401369e-05
1.327488e-05
5.531827e-06
2.2016243e-06
8.3762333e-07
3.0494913e-07
1.0635545e-07
3.5575963e-08
1.1427515e-08
3.5293514e-09
1.0494117e-09
3.0079415e-10
8.3220403e-11
2.2252927e-11
5.7582825e-12
1.443734e-12
3.5115211e-13
8.2951794e-14
1.9053224e-14
4.2598372e-15
9.2799937e-16
1.9717824e-16
4.0900748e-17
8.2898498e-18
1.6431064e-18
3.1873348e-19
6.0555216e-20
1.1275528e-20
2.05904e-21
3.6897682e-22
6.4921324e-23
1.1221788e-23
1.9065201e-24
3.1851527e-25
5.2350554e-26
8.4682827e-27
1.348722e-27
2.11574e-28
3.2701289e-29
4.9816241e-30
7.4819134e-31
1.1081893e-31
1.6191641e-32
2.3342769e-33
3.321241e-34
4.664773e-35
6.4689287e-36
8.8591074e-37
1.1983461e-37
1.6013399e-38
2.114286e-39
2.7586019e-40
3.5573129e-41
4.5344269e-42
5.7140867e-43
7.1195042e-44
8.7716926e-45
1.0688043e-45
1.2880804e-46
1.5355542e-47
1.810969e-48
2.1131282e-49
2.4397993e-50
2.7876578e-51
3.1522822e-52
3.5282031e-53
3.9090129e-54
4.2875334e-55
4.6560352e-56
5.0065035e-57
5.3309337e-58
5.6216424e-59
5.8715773e-60
6.0746079e-61
6.225778e-62
6.3215083e-63
6.3597361e-64
6.3399831e-65
6.2633517e-66
6.1324507e-67
5.9512532e-68
5.7249036e-69
5.4594807e-70
5.1617334e-71
4.8388065e-72
4.4979694e-73
4.1463597e-74
3.7907581e-75
3.4373983e-76
3.0918185e-77
2.7587589e-78
2.4421039e-79
2.1448637e-80
1.8691948e-81
1.6164513e-82
1.3872581e-83
1.1816028e-84
9.9893674e-86
8.3827974e-87
6.9832293e-88
5.7752592e-89
4.7420438e-90
3.8660657e-91
3.1297729e-92
2.5160904e-93
2.0088107e-94
1.5928699e-95
1.2545238e-96
9.8143874e-98
7.6271317e-99
5.8884459e-100
4.5165709e-101
3.4420142e-102
2.6063859e-103
1.9611609e-104
1.4664327e-105
1.08971e-106
8.0479425e-108
5.907569e-109
4.3102977e-110
3.1261115e-111
2.2538465e-112
1.6154385e-113
1.1511343e-114
8.1555653e-116
5.7450953e-117
4.0241843e-118
2.8029675e-119
1.9415097e-120
1.3374078e-121
9.1624619e-123
6.2431743e-124
4.2312076e-125
2.8523922e-126
1.912759e-127
1.2759606e-128
8.4675922e-130
5.5904602e-131
3.6721404e-132
2.3999046e-133
1.5605952e-134
1.0097795e-135
6.5016112e-137
4.1657341e-138
2.65617e-139
1.6855107e-140
1.0644756e-141
6.6909153e-143
4.1859866e-144
2.6066891e-145
1.6157574e-146
9.9695344e-148
6.1235236e-149
3.7443079e-150
2.2792976e-151
1.3813549e-152
8.3348837e-154
5.0072463e-155
2.9951489e-156
1.7839087e-157
1.057977e-158
6.2480362e-160
3.67442e-161
2.1519199e-162
1.2550739e-163
7.2900775e-165
4.2172391e-166
2.4298023e-167
1.3943557e-168
7.9698331e-170
4.5374398e-171
2.573187e-172
1.4535947e-173
8.1797372e-175
4.5853427e-176
2.5606663e-177
1.4246068e-178
7.8960497e-180
4.3602307e-181
2.3988635e-182
1.3149513e-183
7.1818015e-185
3.9083018e-186
2.1192637e-187
1.1450786e-188
6.1652404e-190
3.3078062e-191
1.7685428e-192
9.4232726e-194
5.0004107e-195
2.6814373e-196
1.0498109e-197
0.081949921
0
0.12019639
0
0.118892
0
0.011012346
0.10495403
0
0.38399672
0
0.0085014546
1.2768319
1.8666915
1.2605546
0.31485776
0.060895459
0.016689352
0.0056105751
0.0022698837
0.0011575425
0.00088616658
0.0011494525
0.0021729722
0.0046249638
0.0096026085
0.017963733
0.029503685
0.042511298
0.054297934
0.062356115
0.06531641
0.063223112
0.057197089
0.048832181
0.039656507
0.030822868
0.023028523
0.016580393
0.011514408
0.0077090374
0.00496883
0.0030772872
0.0018274864
0.0010387099
0.00056417209
0.00029248389
0.00014462287
6.8179148e-05
3.0642539e-05
1.3132845e-05
5.3698238e-06
2.0961461e-06
7.8182329e-07
2.7889833e-07
9.5259101e-08
3.1189015e-08
9.801038e-09
2.9599147e-09
8.6019637e-10
2.4088395e-10
6.508636e-11
1.6990953e-11
4.2909521e-12
1.049651e-12
2.4901179e-13
5.7356916e-14
1.2841822e-14
2.7977078e-15
5.9367405e-16
1.2282147e-16
2.4795177e-17
4.8886559e-18
9.420659e-19
1.775667e-19
3.2758885e-20
5.919218e-21
1.0481665e-21
1.8200116e-22
3.100478e-23
5.1845738e-24
8.5140173e-25
1.3736912e-25
2.1785255e-26
3.3972832e-27
5.2115213e-28
7.8672199e-29
1.1691096e-29
1.7108543e-30
2.4662393e-31
3.503134e-32
4.9046435e-33
6.770367e-34
9.2170403e-35
1.2378314e-35
1.6403424e-36
2.1454531e-37
2.770257e-38
3.5321511e-39
4.4481062e-40
5.5337962e-41
6.8026145e-42
8.2646225e-43
9.925486e-44
1.1785463e-44
1.3838518e-45
1.6071644e-46
1.8464432e-47
2.0988989e-48
2.3610203e-49
2.6286399e-50
2.8970367e-51
3.161075e-52
3.4153699e-53
3.6544759e-54
3.8730868e-55
4.0662356e-56
4.2294858e-57
4.3591027e-58
4.4521942e-59
4.5068157e-60
4.522034e-61
4.4979446e-62
4.4356476e-63
4.3371808e-64
4.2054161e-65
4.0439276e-66
3.8568381e-67
3.648652e-68
3.4240855e-69
3.1879013e-70
2.9447543e-71
2.6990564e-72
2.4548634e-73
2.215787e-74
1.9849332e-75
1.7648674e-76
1.5576032e-77
1.3646135e-78
1.18686e-79
1.0248362e-80
8.7862206e-82
7.4794471e-83
6.3224161e-84
5.3072411e-85
4.4243785e-86
3.6631821e-87
3.0123968e-88
2.4605809e-89
1.9964519e-90
1.6091606e-91
1.2884947e-92
1.0250182e-93
8.1015659e-95
6.3623472e-96
4.9647683e-97
3.8497795e-98
2.9665372e-99
2.2717598e-100
1.7290002e-101
1.3078832e-102
9.8334315e-104
7.3489334e-105
5.4594296e-106
4.0317577e-107
2.9599614e-108
2.1604405e-109
1.567773e-110
1.1311714e-111
8.1151717e-113
5.7890929e-114
4.1066355e-115
2.8969687e-116
2.0323686e-117
1.4180155e-118
9.8400667e-120
6.7916015e-121
4.6625317e-122
3.1839417e-123
2.162819e-124
1.4615205e-125
9.8251022e-127
6.5710425e-128
4.3723401e-129
2.8946322e-130
1.9067324e-131
1.2497409e-132
8.1508135e-134
5.2899226e-135
3.4165012e-136
2.195908e-137
1.4046341e-138
8.9422091e-140
5.6659786e-141
3.5732983e-142
2.2430731e-143
1.401564e-144
8.7175217e-146
5.3975778e-147
3.3269449e-148
2.0414933e-149
1.2471558e-150
7.5853991e-152
4.5934138e-153
2.7695321e-154
1.6626663e-155
9.9390681e-157
5.9161879e-158
3.5067737e-159
2.0699345e-160
1.2167518e-161
7.1229067e-163
4.152748e-164
2.4112931e-165
1.3944839e-166
8.0322807e-168
4.6082788e-169
2.633454e-170
1.4990365e-171
8.4998347e-173
4.8010116e-174
2.7014135e-175
1.5142491e-176
8.4559697e-178
4.7043649e-179
2.6074841e-180
1.4399152e-181
7.9224242e-183
4.3430662e-184
2.3722648e-185
1.2911279e-186
7.0020577e-188
3.7839316e-189
2.0376649e-190
1.0934648e-191
5.8474872e-193
3.1163851e-194
1.6540817e-195
8.8721431e-197
3.4744824e-198
0.049077743
0
0.030439683
0
0
0.081785461
0
0.18046529
0
0.086169446
0.095518
0
0.13256612
0.88613668
1.3458328
1.2411894
0.83792024
0.38821511
0.16029609
0.080530849
0.053636714
0.044811981
0.044657374
0.050725778
0.062041251
0.077992816
0.096543719
0.11422766
0.12708452
0.13211547
0.12836417
0.11701546
0.10064941
0.082207032
0.064165918
0.048147862
0.034911016
0.024558751
0.016804776
0.011196217
0.0072591515
0.0045721204
0.0027906232
0.0016462022
0.00093623788
0.00051226492
0.00026919901
0.00013568995
6.5534304e-05
3.0303056e-05
1.3407088e-05
5.6731891e-06
2.2954362e-06
8.8805814e-07
3.2858371e-07
1.1632325e-07
3.9425967e-08
1.2804303e-08
3.9886e-09
1.1930706e-09
3.431042e-10
9.4986697e-11
2.5348719e-11
6.5296747e-12
1.6257446e-12
3.9175161e-13
9.1479382e-14
2.0726469e-14
4.5617252e-15
9.7638526e-16
2.0345188e-16
4.1312735e-17
8.1826688e-18
1.5822545e-18
2.9894071e-19
5.5227472e-20
9.9838712e-21
1.7672934e-21
3.0651921e-22
5.2119767e-23
8.6932754e-24
1.4230712e-24
2.2874141e-25
3.6119233e-26
5.6052799e-27
8.5526459e-28
1.2835656e-28
1.8954465e-29
2.7550818e-30
3.9430601e-31
5.5583772e-32
7.7199063e-33
1.0567042e-33
1.4259196e-34
1.8973819e-35
2.4902674e-36
3.2246156e-37
4.1205577e-38
5.1973476e-39
6.472223e-40
7.9591412e-41
9.667451e-42
1.1600587e-42
1.3754879e-43
1.6118566e-44
1.8671123e-45
2.1382987e-46
2.4215721e-47
2.7122691e-48
3.005023e-49
3.2939267e-50
3.5727354e-51
3.8350993e-52
4.0748122e-53
4.2860642e-54
4.4636821e-55
4.6033423e-56
4.7017476e-57
4.7567536e-58
4.7674403e-59
4.7341265e-60
4.6583274e-61
4.5426583e-62
4.3906948e-63
4.2067988e-64
3.9959178e-65
3.7633766e-66
3.5146668e-67
3.2552469e-68
2.9903635e-69
2.7248988e-70
2.4632482e-71
2.209233e-72
1.9660461e-73
1.7362291e-74
1.5216786e-75
1.3236772e-76
1.1429418e-77
9.7968836e-79
8.337035e-80
7.044211e-81
5.9099869e-82
4.923906e-83
4.0741485e-84
3.3481262e-85
2.7329895e-86
2.2160408e-87
1.7850605e-88
1.4285471e-89
1.1358813e-90
8.97424e-92
7.0455949e-93
5.4969417e-94
4.2622176e-95
3.2846422e-96
2.5159659e-97
1.9156285e-98
1.4498824e-99
1.0909219e-100
8.1605201e-102
6.0691607e-103
4.4879587e-104
3.2998998e-105
2.4127156e-106
1.7542289e-107
1.2684167e-108
9.1212339e-110
6.5235061e-111
4.6404906e-112
3.2833804e-113
2.3108496e-114
1.6178329e-115
1.1267439e-116
7.8066351e-118
5.3810501e-119
3.6902154e-120
2.5178776e-121
1.7093546e-122
1.1546771e-123
7.7613215e-125
5.1912647e-126
3.455322e-127
2.2887423e-128
1.5087361e-129
9.8981149e-131
6.4629249e-132
4.2000797e-133
2.7167647e-134
1.7491483e-135
1.1209732e-136
7.15108e-138
4.5411871e-139
2.8707936e-140
1.8066862e-141
1.1319436e-142
7.0605943e-144
4.3847524e-145
2.711122e-146
1.6690367e-147
1.0230767e-148
6.2443678e-150
3.7950636e-151
2.2967424e-152
1.3841409e-153
8.3068274e-155
4.9646537e-156
2.9549728e-157
1.7516227e-158
1.0340986e-159
6.0803591e-161
3.560852e-162
2.0770527e-163
1.2067613e-164
6.9837183e-166
4.0258242e-167
2.311728e-168
1.3223411e-169
7.5350496e-171
4.2773561e-172
2.4189237e-173
1.3628157e-174
7.6494624e-176
4.2777368e-177
2.3834008e-178
1.323093e-179
7.3181992e-181
4.0331925e-182
2.2148009e-183
1.2119133e-184
6.6079939e-186
3.5903669e-187
1.9439678e-188
1.0488906e-189
5.639907e-191
3.0222059e-192
1.6139701e-193
8.5903378e-195
4.5538116e-196
2.4396028e-197
9.5446057e-199
0.0024848419
0.014193547
0
0.05123935
0
0.081104999
0
0.048297679
0
0
0.067329594
0.0053932277
0
0.11033168
0.47940663
0.77727418
0.90256836
0.87049194
0.7629368
0.63315014
0.51490312
0.42273249
0.35871593
0.31806117
0.29325149
0.27699206
0.26261713
0.24498307
0.22143381
0.19206401
0.1590869
0.12565826
0.094716777
0.068254887
0.047124523
0.031231481
0.019891478
0.012172773
0.0071413493
0.003995255
0.0021111784
0.001037076
0.00046097582
0.00017586823
4.9842398e-05
3.2181807e-06
0
0
0
0
0
0
0
1.4627519e-08
1.9938991e-08
1.2718112e-08
6.3371286e-09
2.732539e-09
1.0614657e-09
3.7928396e-10
1.2626252e-10
3.9501408e-11
1.1688728e-11
3.2878925e-12
8.827512e-13
2.2699627e-13
5.6070734e-14
1.3338411e-14
3.062694e-15
6.8015425e-16
1.4635129e-16
3.0561418e-17
6.2025853e-18
1.2250937e-18
2.3576854e-19
4.4258713e-20
8.1122913e-21
1.4531788e-21
2.5461958e-22
4.3671619e-23
7.3375843e-24
1.2084861e-24
1.9522373e-25
3.0951016e-26
4.8183772e-27
7.3693189e-28
1.1077915e-28
1.6375097e-29
2.3811398e-30
3.4074604e-31
4.8004525e-32
6.6602589e-33
9.1033662e-34
1.2261744e-34
1.6280688e-35
2.1315153e-36
2.7524461e-37
3.506536e-38
4.4083556e-39
5.4704006e-40
6.7020434e-41
8.108462e-42
9.6896247e-43
1.1439406e-43
1.3344913e-44
1.5386101e-45
1.7535742e-46
1.9759775e-47
2.2018071e-48
2.426559e-49
2.6453885e-50
2.8532889e-51
3.0452887e-52
3.216655e-53
3.3630933e-54
3.4809295e-55
3.567264e-56
3.6200893e-57
3.6383646e-58
3.622042e-59
3.5720473e-60
3.4902153e-61
3.379186e-62
3.2422705e-63
3.0832941e-64
2.9064267e-65
2.7160114e-66
2.5164004e-67
2.3118034e-68
2.1061592e-69
1.9030313e-70
1.7055302e-71
1.516265e-72
1.3373213e-73
1.1702622e-74
1.0161514e-75
8.7559222e-77
7.4877809e-78
6.3555188e-79
5.3546829e-80
4.4785648e-81
3.718803e-82
3.0659351e-83
2.5098847e-84
2.0403779e-85
1.6472819e-86
1.3208681e-87
1.0520067e-88
8.322959e-90
6.5413798e-91
5.1076949e-92
3.9625578e-93
3.0545831e-94
2.3398283e-95
1.7811537e-96
1.3475138e-97
1.0132301e-98
7.5727589e-100
5.6259913e-101
4.1549907e-102
3.0506608e-103
2.2268808e-104
1.616237e-105
1.1663896e-106
8.3702362e-108
5.9732662e-109
4.2392625e-110
2.9922422e-111
2.1006538e-112
1.4668528e-113
1.018862e-114
7.0398457e-116
4.8389552e-117
3.3090405e-118
2.2513113e-119
1.5239567e-120
1.0264399e-121
6.8792027e-123
4.5878146e-124
3.04478e-125
2.0109767e-126
1.3218365e-127
8.6474098e-129
5.6305358e-130
3.6491042e-131
2.3540341e-132
1.5116316e-133
9.6627876e-135
6.1489124e-136
3.8953767e-137
2.4568098e-138
1.5426941e-139
9.6447133e-141
6.0036427e-142
3.7210958e-143
2.2965271e-144
1.4113381e-145
8.6370014e-147
5.2635758e-148
3.1944643e-149
1.9307564e-150
1.1622031e-151
6.9674582e-153
4.1602254e-154
2.4741255e-155
1.4655513e-156
8.6470217e-158
5.0819452e-159
2.9751086e-160
1.7349876e-161
1.0079101e-162
5.8329748e-164
3.3628858e-165
1.931517e-166
1.1052485e-167
6.3009605e-169
3.5788974e-170
2.0253385e-171
1.1419889e-172
6.4158167e-174
3.591515e-175
2.0033127e-176
1.1134603e-177
6.1668755e-179
3.4035289e-180
1.8718749e-181
1.0259272e-182
5.6034793e-184
3.0500676e-185
1.6545529e-186
8.9449972e-188
4.8196657e-189
2.5882103e-190
1.3852776e-191
7.3898781e-193
3.9292431e-194
2.0824491e-195
1.0993666e-196
5.8654798e-198
2.2868637e-199
0
0.023739677
0
0.032253427
0
0.018446843
0
0
0.019302611
0
0
0.030215602
0
0
0.056390173
0.20486858
0.35239658
0.45473806
0.50507071
0.51382128
0.49599399
0.46374722
0.42504998
0.3841214
0.34239729
0.29978905
0.25596997
0.21136627
0.16746662
0.1264304
0.09036345
0.060691587
0.03788167
0.021521072
0.010611872
0.003909337
0.00019249438
0
0
0
0
0
0
0
0
0
0
0
0
0
0
0
0
0
0
0
0
0
0
0
0
0
0
0
0
0
0
0
0
8.3309836e-18
9.0134718e-18
3.2067502e-18
8.8808363e-19
2.169362e-19
4.8856311e-20
1.0361359e-20
2.0942219e-21
4.064639e-22
7.614741e-23
1.3821115e-23
2.4373219e-24
4.1853075e-25
7.0107485e-26
1.1472745e-26
1.8364497e-27
2.8784925e-28
4.4221195e-29
6.6639474e-30
9.8579217e-31
1.4324394e-31
2.0457918e-32
2.8732612e-33
3.9703779e-34
5.4004418e-35
7.2335336e-36
9.5447734e-37
1.2411765e-37
1.5911211e-38
2.011475e-39
2.5084176e-40
3.0866243e-41
3.7487363e-42
4.4948561e-43
5.3221095e-44
6.2243118e-45
7.1917796e-46
8.2113173e-47
9.2663954e-48
1.0337535e-48
1.1402885e-49
1.2438972e-50
1.3421586e-51
1.4326754e-52
1.513174e-53
1.5816025e-54
1.6362185e-55
1.6756635e-56
1.6990179e-57
1.7058354e-58
1.6961524e-59
1.6704756e-60
1.6297478e-61
1.5752938e-62
1.5087529e-63
1.4320009e-64
1.3470662e-65
1.2560466e-66
1.1610293e-67
1.0640196e-68
9.6687939e-70
8.7127946e-71
7.7866445e-72
6.902321e-73
6.0692531e-74
5.2943548e-75
4.5821582e-76
3.9350215e-77
3.3533899e-78
2.8360899e-79
2.3806381e-80
1.9835439e-81
1.6405983e-82
1.3471345e-83
1.0982559e-84
8.8902686e-86
7.1462696e-87
5.704673e-88
4.5227448e-89
3.5614428e-90
2.7857004e-91
2.1645063e-92
1.6708223e-93
1.2813834e-94
9.7641669e-96
7.393126e-97
5.5627146e-98
4.1594864e-99
3.0911139e-100
2.2831808e-101
1.6762654e-102
1.223346e-103
8.8753641e-105
6.4014659e-106
4.5904441e-107
3.2729335e-108
2.3203405e-109
1.6357722e-110
1.1467655e-111
7.9952288e-113
5.5438964e-114
3.8234053e-115
2.6227649e-116
1.7896358e-117
1.2147541e-118
8.2026133e-120
5.5103333e-121
3.6828703e-122
2.4490565e-123
1.6204501e-124
1.0668842e-125
6.9897834e-127
4.557165e-128
2.9568537e-129
1.9093615e-130
1.2271247e-131
7.849646e-133
4.997936e-134
3.1675882e-135
1.998398e-136
1.2550706e-137
7.8470165e-139
4.8843677e-140
3.026888e-141
1.8676059e-142
1.1473379e-143
7.0182821e-145
4.2748374e-146
2.5928256e-147
1.5660564e-148
9.4197e-150
5.6425746e-151
3.3662227e-152
2.000084e-153
1.1836076e-154
6.9764663e-156
4.0958626e-157
2.395251e-158
1.3952945e-159
8.0966105e-161
4.6803261e-162
2.6952393e-163
1.5462494e-164
8.8376182e-166
5.0324168e-167
2.8550634e-168
1.6138552e-169
9.0893889e-171
5.100793e-172
2.8522323e-173
1.5892325e-174
8.8238144e-176
4.8820527e-177
2.6917604e-178
1.4790018e-179
8.098595e-181
4.4194634e-182
2.4035787e-183
1.3028247e-184
7.0382098e-186
3.7896287e-187
2.0337558e-188
1.0878726e-189
5.8002081e-191
3.0825105e-192
1.6329392e-193
8.6227986e-195
4.5390183e-196
2.3802644e-197
1.2614377e-198
4.8899781e-200
0
0.0093081203
0
0.0059691319
0
0
0.0053242109
0
0
0.0062643624
0
0.0026440846
0.0077240261
0
0
0.021300889
0.070201955
0.12318897
0.16677962
0.19461579
0.20627937
0.20448399
0.19238383
0.17300084
0.14886464
0.12215487
0.094893456
0.068996071
0.046118315
0.027417459
0.013392264
0.0038870812
0
0
0
0
0
0
0
0
0
0
0
0
0
7.3182534e-06
1.0319989e-05
8.0588352e-06
4.9682234e-06
2.6180245e-06
1.2140526e-06
5.012528e-07
1.8469063e-07
6.0362727e-08
1.7167942e-08
4.0388712e-09
6.6005827e-10
0
0
0
0
0
0
0
0
0
0
0
0
0
0
0
1.0471923e-20
1.7040987e-20
6.0258679e-21
1.61962e-21
3.8124703e-22
8.2476639e-23
1.6773416e-23
3.247768e-24
6.0349638e-25
1.0820228e-25
1.8791516e-26
3.1705024e-27
5.2087719e-28
8.3481481e-29
1.3072503e-29
2.0026388e-30
3.0047125e-31
4.4195478e-32
6.3781572e-33
9.0382032e-34
1.2584377e-34
1.7226981e-35
2.3198281e-36
3.0746274e-37
4.0125701e-38
5.1586301e-39
6.5358561e-40
8.163753e-41
1.005655e-41
1.2221458e-42
1.4657051e-43
1.7351893e-44
2.0283553e-45
2.3418123e-46
2.6710335e-47
3.0104318e-48
3.353503e-49
3.6930307e-50
4.0213433e-51
4.3306124e-52
4.6131746e-53
4.8618553e-54
5.070279e-55
5.2331441e-56
5.3464459e-57
5.4076361e-58
5.4157103e-59
5.3712173e-60
5.2761965e-61
5.1340472e-62
4.9493398e-63
4.7275851e-64
4.4749756e-65
4.198114e-66
3.903746e-67
3.5985114e-68
3.2887213e-69
2.9801748e-70
2.6780174e-71
2.3866424e-72
2.1096376e-73
1.8497719e-74
1.6090168e-75
1.3885974e-76
1.189066e-77
1.0103898e-78
8.5204809e-80
7.1313107e-81
5.924366e-82
4.8856024e-83
3.9997592e-84
3.2510535e-85
2.6237552e-86
2.1026415e-87
1.6733354e-88
1.322541e-89
1.0381873e-90
8.0949482e-92
6.2698203e-93
4.8242428e-94
3.6877892e-95
2.8008846e-96
2.1137101e-97
1.5850578e-98
1.1811965e-99
8.7479064e-101
6.4389945e-102
4.7107556e-103
3.4256891e-104
2.4763726e-105
1.7795907e-106
1.2714095e-107
9.0310172e-109
6.3781992e-110
4.4791304e-111
3.1278589e-112
2.1721095e-113
1.5001007e-114
1.0303525e-115
7.0388278e-117
4.7828414e-118
3.232693e-119
2.1734877e-120
1.4537354e-121
9.6731922e-123
6.403702e-124
4.2178352e-125
2.7641736e-126
1.8025114e-127
1.1696267e-128
7.5525282e-130
4.8532455e-131
3.1037436e-132
1.9754753e-133
1.2514337e-134
7.8906494e-136
4.9522675e-137
3.093852e-138
1.9240507e-139
1.1911659e-140
7.341481e-142
4.5047185e-143
2.7519512e-144
1.6738605e-145
1.0137234e-146
6.1130411e-148
3.6706971e-149
2.1948701e-150
1.3069335e-151
7.7499303e-153
4.5767455e-154
2.6918152e-155
1.5768045e-156
9.1996042e-158
5.3460546e-159
3.0944588e-160
1.7841736e-161
1.0247179e-162
5.8627313e-164
3.3414701e-165
1.8972752e-166
1.0732265e-167
6.048305e-169
3.3960183e-170
1.8998224e-171
1.0589493e-172
5.8812378e-174
3.2546621e-175
1.7947282e-176
9.8618621e-178
5.4000562e-179
2.9466485e-180
1.6023614e-181
8.6837223e-183
4.6900324e-184
2.5245336e-185
1.3543555e-186
7.2417103e-188
3.8593759e-189
2.0500804e-190
1.0854577e-191
5.7286635e-193
3.0137148e-194
1.5804065e-195
8.2618369e-197
4.3027511e-198
2.2643228e-199
8.7250789e-201
0
0.00096373462
0.00018455214
0
0.001837773
0
0
0.0020825618
0
0.0021346908
0
0
0.001285561
0.0016223543
0
0
0.0064337053
0.01908038
0.03328142
0.04536887
0.053025243
0.055750835
0.053906793
0.048498312
0.04074732
0.031909118
0.023139556
0.015371702
0.009210289
0.0048837429
0.0022776307
0.0010380236
0.00070718485
0.00084822141
0.0011276301
0.0013454246
0.0014215189
0.0013577641
0.0011959308
0.00098562922
0.0007671272
0.00056652925
0.00039752346
0.00026484497
0.00016728661
0.00010002816
5.6555904e-05
3.0213172e-05
1.5242711e-05
7.2598046e-06
3.263405e-06
1.3842847e-06
5.5408082e-07
2.0930813e-07
7.4652902e-08
2.5157083e-08
8.0178252e-09
2.4198101e-09
6.9259792e-10
1.8831563e-10
4.8729523e-11
1.2023842e-11
2.8347957e-12
6.3994118e-13
1.3862448e-13
2.888006e-14
5.8001432e-15
1.1257796e-15
2.1175158e-16
3.8713792e-17
6.9028307e-18
1.2048493e-18
2.0670806e-19
3.5008622e-20
5.8782202e-21
9.8231334e-22
1.6386798e-22
2.7336612e-23
4.5619355e-24
7.608074e-25
1.2654702e-25
2.0939647e-26
3.4376437e-27
5.5852763e-28
8.9619731e-29
1.4178e-29
2.2087456e-30
3.385555e-31
5.1031624e-32
7.5623057e-33
1.1016321e-33
1.5776447e-34
2.2214596e-35
3.0762444e-36
4.1905758e-37
5.6172967e-38
7.4117373e-39
9.6292804e-40
1.232231e-40
1.5536651e-41
1.9307681e-42
2.3656344e-43
2.8585356e-44
3.4075936e-45
4.0085346e-46
4.6545565e-47
5.3363302e-48
6.0421489e-49
6.7582297e-50
7.4691598e-51
8.1584633e-52
8.8092636e-53
9.4049986e-54
9.9301436e-55
1.0370901e-55
1.0715811e-56
1.095624e-57
1.1086732e-58
1.1105188e-59
1.1012879e-60
1.0814294e-61
1.0516842e-62
1.0130421e-63
9.666912e-65
9.1396006e-66
8.5625865e-67
7.9502047e-68
7.3164906e-69
6.6747092e-70
6.0369726e-71
5.4139493e-72
4.8146711e-73
4.2464349e-74
3.7147914e-75
3.2236054e-76
2.7751791e-77
2.3704182e-78
2.0090266e-79
1.6897175e-80
1.4104257e-81
1.1685116e-82
9.6094955e-84
7.8449498e-85
6.3582579e-86
5.1165836e-87
4.0883761e-88
3.2440272e-89
2.5563151e-90
2.00066e-91
1.5552249e-92
1.2008964e-93
9.2117289e-95
7.0198887e-96
5.3149898e-97
3.9984064e-98
2.9889062e-99
2.220274e-100
1.6390698e-101
1.2025745e-102
8.7695414e-104
6.3565045e-105
4.5799654e-106
3.2804525e-107
2.3359203e-108
1.6537108e-109
1.1640257e-110
8.1468712e-112
5.6698016e-113
3.9238888e-114
2.7005992e-115
1.8485048e-116
1.2584041e-117
8.5208045e-119
5.7388308e-120
3.8447645e-121
2.5623621e-122
1.6988546e-123
1.1205654e-124
7.3536603e-126
4.8014783e-127
3.119399e-128
2.0165581e-129
1.2972191e-130
8.304193e-132
5.290316e-133
3.3541625e-134
2.1165226e-135
1.3292782e-136
8.3096096e-138
5.1705225e-139
3.2025398e-140
1.9745941e-141
1.2119957e-142
7.4059513e-144
4.505401e-145
2.7288209e-146
1.6455898e-147
9.8807258e-149
5.907346e-150
3.5168003e-151
2.0848267e-152
1.2307623e-153
7.2356133e-155
4.2363135e-156
2.4701707e-157
1.4345193e-158
8.2973728e-160
4.7801728e-161
2.7430223e-162
1.5678754e-163
8.9269651e-165
5.0631368e-166
2.8607e-167
1.6101819e-168
9.0290189e-170
5.0440809e-171
2.8074504e-172
1.5568377e-173
8.6017771e-175
4.7354248e-176
2.5975735e-177
1.4197991e-178
7.7329993e-180
4.1970383e-181
2.2699871e-182
1.2234912e-183
6.5718372e-185
3.5179725e-186
1.8768474e-187
9.9794687e-189
5.2885758e-190
2.7934037e-191
1.4706289e-192
7.7171598e-194
4.0365229e-195
2.104567e-196
1.0938229e-197
5.6635187e-199
2.9626443e-200
1.135852e-201
4.8979733e-05
0
0.00044458431
0
4.8223061e-05
0.00061068833
0
0.00093838765
0
0
0.00030331505
0
0
0.00032804032
0.00033071222
0
4.9208171e-05
0.0015468715
0.0040803555
0.0068811068
0.009115721
0.010309838
0.010333238
0.0093471968
0.0076812483
0.0057209507
0.0038182891
0.0022259592
0.0010652406
0.00033258151
0
0
0
0
0
0
0
0
0
0
0
0
0
0
0
0
0
0
0
0
0
0
0
0
0
0
0
0
0
0
0
0
0
0
0
0
0
0
0
0
0
0
0
0
0
0
0
0
0
0
0
0
0
1.0542396e-29
3.7054244e-30
8.4237443e-31
1.6304457e-31
2.8859719e-32
4.8117823e-33
7.6724397e-34
1.1803662e-34
1.7619876e-35
2.5618496e-36
3.6379394e-37
5.0558015e-38
6.8870753e-39
9.2071642e-40
1.2091996e-40
1.5613915e-41
1.9836839e-42
2.481092e-43
3.0567012e-44
3.7111368e-45
4.4420996e-46
5.2440112e-47
6.1078139e-48
7.0209568e-49
7.9675872e-50
8.9289596e-51
9.8840466e-52
1.0810324e-52
1.1684694e-53
1.2484478e-54
1.3188434e-55
1.3777717e-56
1.423673e-57
1.4553802e-58
1.4721675e-59
1.473774e-60
1.4604042e-61
1.4327053e-62
1.3917235e-63
1.3388432e-64
1.2757141e-65
1.2041707e-66
1.1261495e-67
1.0436085e-68
9.58454e-70
8.7247679e-71
7.873006e-72
7.0434431e-73
6.2479742e-74
5.4960904e-75
4.7948852e-76
4.1491598e-77
3.5616098e-78
3.0330683e-79
2.5627833e-80
2.1487137e-81
1.7878216e-82
1.4763513e-83
1.2100828e-84
9.8455342e-86
7.9524392e-87
6.3772792e-88
5.0778612e-89
4.0148747e-90
3.1524165e-91
2.4582698e-92
1.9039827e-93
1.4647936e-94
1.119442e-95
8.4990356e-97
6.4107824e-98
4.8045827e-99
3.5779381e-100
2.6477148e-101
1.9471483e-102
1.4231279e-103
1.0337916e-104
7.4643665e-106
5.3573488e-107
3.8223425e-108
2.7111733e-109
1.9118674e-110
1.340465e-111
9.3448956e-113
6.4779601e-114
4.4655006e-115
3.0612091e-116
2.0870329e-117
1.4151457e-118
9.5440014e-120
6.4023398e-121
4.272155e-122
2.8358041e-123
1.8726082e-124
1.2302102e-125
8.0406925e-127
5.2288832e-128
3.3833365e-129
2.1783185e-130
1.3955853e-131
8.8975159e-133
5.6451695e-134
3.5645041e-135
2.240026e-136
1.4010593e-137
8.7222165e-139
5.404821e-140
3.3337798e-141
2.0469649e-142
1.2511758e-143
7.6133729e-145
4.6121441e-146
2.7817083e-147
1.6703945e-148
9.9871333e-150
5.9455543e-151
3.5244295e-152
2.0803926e-153
1.2228597e-154
7.1580959e-156
4.1727513e-157
2.4225119e-158
1.40069e-159
8.0661228e-161
4.6264535e-162
2.6430533e-163
1.5040128e-164
8.5250796e-166
4.8134892e-167
2.7073806e-168
1.5169783e-169
8.4676534e-171
4.708831e-172
2.6088076e-173
1.4399997e-174
7.9192934e-176
4.3393667e-177
2.3691592e-178
1.288849e-179
6.9865301e-181
3.7738483e-182
2.0313386e-183
1.0895988e-184
5.8243665e-186
3.1026998e-187
1.6472173e-188
8.715517e-190
4.5959724e-191
2.4155412e-192
1.2653626e-193
6.6067772e-195
3.4383413e-196
1.7836222e-197
9.2230523e-199
4.7511109e-200
2.4723103e-201
9.4381727e-203
7.8228159e-05
0
3.5459131e-05
5.605789e-05
0
0.00027617563
0
8.1520579e-05
4.7206884e-05
0
3.3299683e-05
6.782365e-06
0
0
7.5487268e-05
6.868435e-05
3.3212492e-06
4.8284054e-05
0.00028524634
0.00066746239
0.0010550812
0.0013197498
0.0013939771
0.0012811374
0.0010366285
0.00073776786
0.00045591494
0.00023771978
9.9195677e-05
3.15309e-05
1.3351779e-05
2.2739339e-05
4.4245224e-05
6.9907626e-05
9.6452479e-05
0.00012190965
0.00014381834
0.00015930008
0.00016598629
0.00016275922
0.00015000403
0.00012956167
0.00010446019
7.8308428e-05
5.4410725e-05
3.4972055e-05
2.0775933e-05
1.1409222e-05
5.7965221e-06
2.7281786e-06
1.1915272e-06
4.8384393e-07
1.8306539e-07
6.4684843e-08
2.1396416e-08
6.6420999e-09
1.9399979e-09
5.3449119e-10
1.3925976e-10
3.4398013e-11
8.0742042e-12
1.8051199e-12
3.8518209e-13
7.859867e-14
1.5363879e-14
2.8812093e-15
5.1902297e-16
8.9903915e-17
1.4985924e-17
2.4050541e-18
3.7172768e-19
5.5338426e-20
7.934988e-21
1.0961861e-21
1.4603672e-22
1.8814599e-23
2.3598951e-24
2.9225612e-25
3.6660817e-26
4.834008e-27
6.9432152e-28
1.0977495e-28
1.8667802e-29
3.2877951e-30
5.8110884e-31
1.0114302e-31
1.7178205e-32
2.8372683e-33
4.5548698e-34
7.1129596e-35
1.0819268e-35
1.6052974e-36
2.3267355e-37
3.2987671e-38
4.5802993e-39
6.2350898e-40
8.3294396e-41
1.0929101e-41
1.4095464e-42
1.7881171e-43
2.2325388e-44
2.7449026e-45
3.3250287e-46
3.9700907e-47
4.6743485e-48
5.4290237e-49
6.2223442e-50
7.03977e-51
7.8644053e-52
8.6775812e-53
9.4595778e-54
1.0190451e-54
1.0850912e-55
1.1423193e-56
1.1891864e-57
1.2244529e-58
1.2472361e-59
1.2570457e-60
1.2537979e-61
1.2378084e-62
1.2097662e-63
1.1706901e-64
1.1218708e-65
1.0648049e-66
1.001123e-67
9.3251739e-69
8.6067413e-70
7.8721138e-71
7.1362755e-72
6.4126092e-73
5.7126117e-74
5.0457274e-75
4.4192953e-76
3.8385939e-77
3.3069653e-78
2.8260033e-79
2.3957821e-80
2.0151087e-81
1.6817831e-82
1.3928508e-83
1.144838e-84
9.3396156e-86
7.5630915e-87
6.0798645e-88
4.8523331e-89
3.8450907e-90
3.0255065e-91
2.3640713e-92
1.8345464e-93
1.4139576e-94
1.0824724e-95
8.2319457e-97
6.2190663e-98
4.6678406e-99
3.481012e-100
2.5794288e-101
1.8993255e-102
1.3898303e-103
1.0107385e-104
7.3056381e-106
5.248641e-107
3.7482758e-108
2.6609594e-109
1.8779873e-110
1.3177101e-111
9.1927325e-113
6.3766303e-114
4.398287e-115
3.0167898e-116
2.0577794e-117
1.3959424e-118
9.4183202e-120
6.320314e-121
4.218759e-122
2.8011275e-123
1.8501381e-124
1.2156796e-125
7.9469071e-127
5.1684605e-128
3.3444755e-129
2.1533669e-130
1.3795912e-131
8.7951658e-133
5.5797851e-134
3.5228094e-135
2.2134877e-136
1.3842012e-137
8.6153541e-139
5.3372333e-140
3.2911336e-141
2.0201243e-142
1.234328e-143
7.5079169e-145
4.5463309e-146
2.7407624e-147
1.6450016e-148
9.8301828e-150
5.8488789e-151
3.4650916e-152
2.0441041e-153
1.2007494e-154
7.0238878e-156
4.0916001e-157
2.3736332e-158
1.371365e-159
7.8908834e-161
4.5221525e-162
2.581223e-163
1.4675071e-164
8.3104143e-166
4.6877689e-167
2.6340496e-168
1.4743782e-169
8.2211748e-171
4.5667965e-172
2.5272882e-173
1.3933995e-174
7.6539675e-176
4.1888984e-177
2.2841642e-178
1.2410265e-179
6.7185065e-181
3.6242162e-182
1.9481243e-183
1.0434985e-184
5.5699452e-186
2.9628191e-187
1.5705998e-188
8.2974195e-190
4.3686633e-191
2.2924129e-192
1.1989097e-193
6.2494252e-195
3.2468638e-196
1.6813917e-197
8.6788927e-199
4.4655325e-200
2.2889236e-201
1.1849834e-202
4.5057753e-204
1.3073194e-05
0
0
3.8383921e-05
0
3.5392407e-05
0
0
8.6512461e-06
3.686516e-06
4.9374805e-06
3.6555107e-06
0
0
1.717971e-06
1.7568258e-05
1.6410353e-05
7.8020409e-06
1.1170188e-05
3.6734128e-05
7.5731911e-05
0.0001107829
0.00012790995
0.0001228991
0.00010089336
7.1828454e-05
4.5163794e-05
2.6387925e-05
1.627815e-05
1.2361103e-05
1.1146706e-05
9.81685e-06
6.8376299e-06
1.765809e-06
0
0
0
0
0
0
0
0
0
0
0
0
0
0
0
0
0
0
0
0
0
0
0
0
0
0
0
0
0
0
0
0
0
0
0
1.4292426e-20
6.3898768e-21
1.6107635e-21
3.3365761e-22
6.1914577e-23
1.0660264e-23
1.7355027e-24
2.7050994e-25
4.0769899e-26
5.9958549e-27
8.6834909e-28
1.2500006e-28
1.8043847e-29
2.6304454e-30
3.8881283e-31
5.828053e-32
8.8295376e-33
1.3446657e-33
2.0460784e-34
3.0936548e-35
4.6276481e-36
6.8268024e-37
9.9115278e-38
1.4144705e-38
1.9829296e-39
2.7302021e-40
3.6922603e-41
4.9058377e-42
6.4064507e-43
8.2260471e-44
1.0390402e-44
1.2916422e-45
1.5809549e-46
1.9061492e-47
2.2648488e-48
2.65303e-49
3.0650114e-50
3.4935428e-51
3.9299951e-52
4.3646477e-53
4.78706e-54
5.1865032e-55
5.5524309e-56
5.8749567e-57
6.1453052e-58
6.3562128e-59
6.5022487e-60
6.5800371e-61
6.5883707e-62
6.5282117e-63
6.4025801e-64
6.2163482e-65
5.9759536e-66
5.6890533e-67
5.3641457e-68
5.0101822e-69
4.6361909e-70
4.2509346e-71
3.8626159e-72
3.47864e-73
3.1054431e-74
2.7483848e-75
2.411702e-76
2.0985183e-77
1.8109001e-78
1.549948e-79
1.3159147e-80
1.1083383e-81
9.2618071e-83
7.6796545e-84
6.3190673e-85
5.1602572e-86
4.1825157e-87
3.3650504e-88
2.6876474e-89
2.1311687e-90
1.6778977e-91
1.3117518e-92
1.0183852e-93
7.8520239e-95
6.0130445e-96
4.573871e-97
3.4560728e-98
2.594319e-99
1.934803e-100
1.4336854e-101
1.0556132e-102
7.7235886e-104
5.6159839e-105
4.0583859e-106
2.9149389e-107
2.0810455e-108
1.4768503e-109
1.0418866e-110
7.3073418e-112
5.0954047e-113
3.5326706e-114
2.4353272e-115
1.6694184e-116
1.1380214e-117
7.7150053e-119
5.2017013e-120
3.4881923e-121
2.3266086e-122
1.5436039e-123
1.0187306e-124
6.6882868e-126
4.368407e-127
2.8386009e-128
1.8351803e-129
1.1804999e-130
7.5558882e-132
4.812343e-133
3.049987e-134
1.9236602e-135
1.2074414e-136
7.5427408e-138
4.6895966e-139
2.9020348e-140
1.7875075e-141
1.0959439e-142
6.6886873e-144
4.0637052e-145
2.4578118e-146
1.4799138e-147
8.8715924e-149
5.2949254e-150
3.1464935e-151
1.8617353e-152
1.0968527e-153
6.4347698e-155
3.7591255e-156
2.186877e-157
1.2669519e-158
7.3098489e-160
4.2003284e-161
2.4038019e-162
1.370151e-163
7.7786835e-165
4.3987088e-166
2.4776447e-167
1.3901469e-168
7.7696825e-170
4.3259307e-171
2.3993978e-172
1.3258182e-173
7.2985589e-175
4.0028928e-176
2.1872916e-177
1.1908232e-178
6.4596304e-180
3.4913999e-181
1.8803326e-182
1.0090772e-183
5.3961025e-185
2.8754993e-186
1.5269849e-187
8.0808248e-189
4.2617401e-190
2.2399551e-191
1.1733389e-192
6.1256185e-194
3.1873457e-195
1.652995e-196
8.5445119e-198
4.40237e-199
2.2608876e-200
1.1574091e-201
5.9027049e-203
3.0399907e-204
1.1515296e-205
2.5833126e-07
2.9289982e-06
0
5.9153401e-06
0
0
1.7003315e-06
0
0
2.2315474e-08
2.0310223e-06
1.7819727e-06
5.8709199e-08
0
0
1.2156635e-06
4.0899146e-06
4.2751869e-06
2.6462149e-06
1.6158697e-06
2.3210832e-06
4.120053e-06
5.6615724e-06
6.0509643e-06
5.2888547e-06
3.9823479e-06
2.782933e-06
1.9960432e-06
1.5421276e-06
1.1692149e-06
6.962535e-07
1.2913239e-07
0
0
0
4.9960608e-07
1.7898978e-06
3.3604651e-06
4.9064643e-06
6.0806796e-06
6.5938794e-06
6.3300404e-06
5.4062972e-06
4.1200377e-06
2.8093201e-06
1.7191949e-06
9.4739562e-07
4.7178441e-07
2.1304787e-07
8.7534547e-08
3.2823266e-08
1.1263058e-08
3.5445944e-09
1.024702e-09
2.7229818e-10
6.6469512e-11
1.4863233e-11
3.0245665e-12
5.5231625e-13
8.771202e-14
1.1127403e-14
7.5988793e-16
0
0
0
0
0
0
0
0
0
0
0
0
0
0
9.03587e-28
3.9132037e-28
9.0780982e-29
1.7437624e-29
3.0526392e-30
5.0679938e-31
8.1516884e-32
1.2865406e-32
2.0070412e-33
3.1058497e-34
4.7713419e-35
7.2697089e-36
1.0964839e-36
1.6337556e-37
2.400168e-38
3.471384e-39
4.9373797e-40
6.901216e-41
9.4763004e-42
1.2781992e-42
1.6937556e-43
2.2054646e-44
2.8228671e-45
3.5529592e-46
4.399283e-47
5.3611033e-48
6.4327523e-49
7.6032111e-50
8.8559877e-51
1.016933e-51
1.151679e-52
1.2868107e-53
1.4190398e-54
1.5449548e-55
1.6611743e-56
1.7645031e-57
1.8520814e-58
1.9215163e-59
1.9709893e-60
1.9993308e-61
2.00606e-62
1.9913871e-63
1.956181e-64
1.9019048e-65
1.8305251e-66
1.7444041e-67
1.6461781e-68
1.5386351e-69
1.4245954e-70
1.3068021e-71
1.1878274e-72
1.0699974e-73
9.5533688e-75
8.4553451e-76
7.4192831e-77
6.4550769e-78
5.5693087e-79
4.7655344e-80
4.0446504e-81
3.4053107e-82
2.8443627e-83
2.3572767e-84
1.9385512e-85
1.5820777e-86
1.2814564e-87
1.0302581e-88
8.2223168e-90
6.5145912e-91
5.1246344e-92
4.0027507e-93
3.1046342e-94
2.3914105e-95
1.8294664e-96
1.3901299e-97
1.0492532e-98
7.8674131e-100
5.8606022e-101
4.3375305e-102
3.189801e-103
2.3309636e-104
1.6927301e-105
1.221657e-106
8.7629139e-108
6.2476013e-109
4.427626e-110
3.1192357e-111
2.1845972e-112
1.5211301e-113
1.0530729e-114
7.2489062e-116
4.9617286e-117
3.377256e-118
2.2860672e-119
1.538974e-120
1.0304184e-121
6.8621204e-123
4.5455618e-124
2.99518e-125
1.9632957e-126
1.2802563e-127
8.3057183e-129
5.3610121e-130
3.4429105e-131
2.2000557e-132
1.3989106e-133
8.8514365e-135
5.5734459e-136
3.4925173e-137
2.1780928e-138
1.351933e-139
8.3520413e-141
5.1357786e-142
3.1434991e-143
1.9152732e-144
1.1616499e-145
7.0139616e-147
4.216105e-148
2.5231058e-149
1.5033197e-150
8.9181486e-152
5.2676999e-153
3.098172e-154
1.8144426e-155
1.0581544e-156
6.1452226e-158
3.554049e-159
2.0470138e-160
1.1742047e-161
6.708207e-163
3.8170034e-164
2.1632448e-165
1.2211507e-166
6.8663616e-168
3.8458382e-169
2.1457309e-170
1.1925931e-171
6.6032043e-173
3.6422953e-174
2.0015478e-175
1.0958205e-176
5.9773348e-178
3.2484971e-179
1.7590409e-180
9.4907309e-182
5.1022911e-183
2.7332797e-184
1.4590411e-185
7.761162e-187
4.1140809e-188
2.1732849e-189
1.1441135e-190
6.0026192e-192
3.1386457e-193
1.6356262e-194
8.4952547e-196
4.3977394e-197
2.269099e-198
1.166966e-199
5.9820995e-201
3.0566735e-202
1.5569192e-203
7.9004375e-205
4.0478246e-206
1.5279585e-207
0
4.9778847e-07
0
2.9833728e-07
0
0
0
1.981972e-07
0
0
9.0800431e-08
4.2901041e-07
3.759392e-07
0
0
0
2.9231456e-07
8.5276951e-07
9.4169863e-07
6.3487607e-07
2.1505531e-07
0
0
0
0
0
0
0
0
0
0
0
0
0
0
0
0
0
0
0
0
0
0
0
0
0
0
0
0
0
0
0
0
0
0
0
0
7.5525264e-15
6.7236724e-15
2.2229588e-15
5.5213727e-16
1.1472263e-16
2.047211e-17
3.0967712e-18
3.6764937e-19
2.2739686e-20
0
0
0
0
0
0
0
0
0
0
0
0
0
0
0
8.940559e-34
5.4585366e-34
1.3352751e-34
2.6363159e-35
4.7115206e-36
7.9382619e-37
1.284446e-37
2.0146468e-38
3.0784975e-39
4.5953394e-40
6.7112208e-41
9.5982448e-42
1.3451213e-42
1.8481117e-43
2.4905289e-44
3.2934384e-45
4.2756762e-46
5.45212e-47
6.8319252e-48
8.4168765e-49
1.0200013e-49
1.2164684e-50
1.4284155e-51
1.6521856e-52
1.8832296e-53
2.1162639e-54
2.3454824e-55
2.5648143e-56
2.7682067e-57
2.9499144e-58
3.1047763e-59
3.2284614e-60
3.3176643e-61
3.3702439e-62
3.3852942e-63
3.3631469e-64
3.3053089e-65
3.2143441e-66
3.0937061e-67
2.9475409e-68
2.7804701e-69
2.5973693e-70
2.4031567e-71
2.202601e-72
2.0001574e-73
1.7998381e-74
1.6051192e-75
1.4188837e-76
1.2433997e-77
1.0803284e-78
9.3075762e-80
7.9525401e-81
6.7392983e-82
5.6651632e-83
4.7244039e-84
3.9089938e-85
3.2093085e-86
2.6147512e-87
2.1142897e-88
1.6968968e-89
1.3518976e-90
1.0692251e-91
8.3959555e-93
6.5461275e-94
5.0681448e-95
3.8967255e-96
2.975583e-97
2.2568374e-98
1.7002709e-99
1.2725024e-100
9.4613719e-102
6.9893416e-103
5.1302209e-104
3.7418291e-105
2.7121248e-106
1.9536306e-107
1.398656e-108
9.9527517e-110
7.039904e-111
4.9500397e-112
3.4601546e-113
2.4046576e-114
1.6615273e-115
1.1415193e-116
7.7983955e-118
5.297826e-119
3.5791863e-120
2.4048525e-121
1.6070638e-122
1.0681712e-123
7.0620998e-125
4.6444459e-126
3.0385226e-127
1.9776098e-128
1.2805282e-129
8.2495149e-131
5.2878427e-132
3.3725569e-133
2.1403763e-134
1.3517308e-135
8.4952948e-137
5.3134108e-138
3.3074503e-139
2.0490678e-140
1.2635143e-141
7.7550087e-143
4.7378361e-144
2.8813126e-145
1.7443357e-146
1.0512734e-147
6.3075911e-149
3.7678158e-150
2.2408355e-151
1.3269059e-152
7.8234e-154
4.5929474e-155
2.6849918e-156
1.5630211e-157
9.0609095e-159
5.2309222e-160
3.0074507e-161
1.7220538e-162
9.8205709e-164
5.5780491e-165
3.1557104e-166
1.778257e-167
9.9813154e-169
5.580717e-170
3.108237e-171
1.7245386e-172
9.5318908e-174
5.2486186e-175
2.8792747e-176
1.5736407e-177
8.5688874e-179
4.6489151e-180
2.5130371e-181
1.3535613e-182
7.2644075e-184
3.8848754e-185
2.0702359e-186
1.099359e-187
5.8176446e-189
3.0679876e-190
1.6123878e-191
8.4451135e-193
4.4083086e-194
2.2933973e-195
1.1891528e-196
6.1454972e-198
3.1655365e-199
1.6252432e-200
8.3172484e-202
4.242685e-203
2.1573001e-204
1.0934771e-205
5.5219285e-207
2.8149807e-208
1.0594607e-209
0
2.8926206e-08
0
1.4476518e-09
5.3278638e-09
2.623156e-09
0
1.421378e-09
3.0918132e-08
0
0
1.7920852e-08
7.2610742e-08
5.1019664e-08
0
0
0
4.9431235e-08
1.3767537e-07
1.5529517e-07
1.0837399e-07
3.5522006e-08
0
0
0
0
0
0
0
0
0
0
7.4674227e-09
1.1513826e-08
1.1739286e-08
1.0652407e-08
1.276393e-08
2.1729409e-08
3.697951e-08
5.2745749e-08
6.1404165e-08
5.8866414e-08
4.710195e-08
3.1845892e-08
1.8382636e-08
9.1350647e-09
3.9318803e-09
1.4706402e-09
4.7771229e-10
1.3382344e-10
3.1699527e-11
6.0279243e-12
7.6951408e-13
0
0
0
0
0
0
0
3.473055e-18
1.4162319e-18
3.812575e-19
8.3626267e-20
1.5827921e-20
2.6285292e-21
3.7999843e-22
4.57145e-23
3.8433361e-24
0
0
0
0
0
0
0
0
0
0
0
0
0
0
8.8677301e-38
1.4156185e-37
3.6752515e-38
7.3062423e-39
1.2907426e-39
2.1274795e-40
3.3434989e-41
5.0668951e-42
7.4518508e-43
1.0676855e-43
1.4939865e-44
2.0450039e-45
2.7415984e-46
3.603094e-47
4.6455722e-48
5.8800669e-49
7.3108191e-50
8.933763e-51
1.0735411e-51
1.2692285e-52
1.4771008e-53
1.6929079e-54
1.9116352e-55
2.1277113e-56
2.3352629e-57
2.5283994e-58
2.7015064e-59
2.8495253e-60
2.9682024e-61
3.0542878e-62
3.1056734e-63
3.1214624e-64
3.1019704e-65
3.0486596e-66
2.9640163e-67
2.8513847e-68
2.7147665e-69
2.5586069e-70
2.3875776e-71
2.2063696e-72
2.0195093e-73
1.831203e-74
1.6452157e-75
1.4647862e-76
1.2925789e-77
1.1306671e-78
9.8054635e-80
8.4317091e-81
7.1900727e-82
6.0810014e-83
5.101444e-84
4.2455849e-85
3.505555e-86
2.8720886e-87
2.3351031e-88
1.8841937e-89
1.5090341e-90
1.1996874e-91
9.4683237e-93
7.4191371e-94
5.7722788e-95
4.4595615e-96
3.4215623e-97
2.6072325e-98
1.9732987e-99
1.4835345e-100
1.1079687e-101
8.2208132e-103
6.0602621e-104
4.4390342e-105
3.2309968e-106
2.3370363e-107
1.6799816e-108
1.2002797e-109
8.5236857e-111
6.0168204e-112
4.2220987e-113
2.9453577e-114
2.0427824e-115
1.4086599e-116
9.6586261e-118
6.5852821e-119
4.464856e-120
3.0104987e-121
2.0187879e-122
1.3464406e-123
8.9320382e-125
5.8939035e-126
3.8687116e-127
2.5261672e-128
1.6410104e-129
1.0605589e-130
6.8195071e-132
4.3630075e-133
2.7774964e-134
1.7594427e-135
1.1090981e-136
6.9575583e-138
4.3436463e-139
2.6988642e-140
1.6689933e-141
1.0272898e-142
6.2938094e-144
3.838254e-145
2.3300775e-146
1.408122e-147
8.4714927e-149
5.0739443e-150
3.0256144e-151
1.7963022e-152
1.0618394e-153
6.2498162e-155
3.6628562e-156
2.137626e-157
1.2422745e-158
7.1893904e-160
4.1435219e-161
2.3782883e-162
1.359536e-163
7.740378e-165
4.3892728e-166
2.479108e-167
1.3947109e-168
7.8157745e-170
4.3628664e-171
2.4260337e-172
1.3438769e-173
7.4160458e-175
4.0770693e-176
2.2330518e-177
1.2185311e-178
6.624813e-180
3.5885716e-181
1.9368335e-182
1.0415911e-183
5.5814619e-185
2.9802703e-186
1.5857384e-187
8.4078826e-189
4.4425449e-190
2.3392568e-191
1.2275394e-192
6.4197035e-194
3.3460069e-195
1.7381258e-196
8.998874e-198
4.6436302e-199
2.3883573e-200
1.2243984e-201
6.256586e-203
3.1867827e-204
1.6179937e-205
8.1887742e-207
4.1314089e-208
2.0767007e-209
1.0535511e-210
3.9563274e-212
0
6.0323089e-10
1.272497e-10
3.7582716e-10
0
5.026093e-10
0
0
1.7020542e-09
1.163886e-09
0
0
3.3977238e-09
9.2308634e-09
4.4787852e-09
0
0
0
6.588094e-09
1.6429228e-08
1.7742375e-08
1.224284e-08
4.7738732e-09
0
0
0
0
0
0
2.8928934e-10
7.8246078e-10
8.6548296e-10
5.306478e-10
0
0
0
0
0
0
0
0
0
0
0
0
0
0
0
0
0
3.8389429e-14
3.7683282e-14
1.2105762e-14
2.4278913e-15
2.302706e-16
0
0
0
0
0
0
0
1.7772017e-21
6.5193793e-22
1.6446489e-22
3.4310141e-23
6.2547585e-24
1.0171481e-24
1.4807453e-25
1.9051763e-26
2.0735445e-27
1.6390074e-28
1.20943e-30
0
0
0
0
0
0
0
0
0
0
0
7.3941109e-40
2.35054e-40
4.9322285e-41
8.8698045e-42
1.465949e-42
2.2923635e-43
3.4419083e-44
5.0034414e-45
7.077201e-46
9.7711883e-47
1.3195591e-47
1.7455339e-48
2.264117e-49
2.8819819e-50
3.6024187e-51
4.4244462e-52
5.3421222e-53
6.3441377e-54
7.4137697e-55
8.5292266e-56
9.6643861e-57
1.078989e-57
1.1874522e-58
1.2886765e-59
1.3796424e-60
1.4576189e-61
1.5203021e-62
1.5659273e-63
1.593346e-64
1.6020647e-65
1.5922458e-66
1.5646704e-67
1.5206705e-68
1.4620358e-69
1.3909046e-70
1.3096456e-71
1.2207396e-72
1.1266686e-73
1.0298164e-74
9.3238734e-76
8.3634294e-77
7.4335912e-78
6.5480279e-79
5.7172614e-80
4.9487585e-81
4.2471475e-82
3.6145221e-83
3.0508014e-84
2.55412e-85
2.1212196e-86
1.7478237e-87
1.4289796e-88
1.1593594e-89
9.3351048e-91
7.4605943e-92
5.9186605e-93
4.6613373e-94
3.6448095e-95
2.8297976e-96
2.181675e-97
1.670382e-98
1.2701897e-99
9.5936414e-101
7.1977161e-102
5.3645802e-103
3.972274e-104
2.9223823e-105
2.1362914e-106
1.5518156e-107
1.1202266e-108
8.0368723e-110
5.7307627e-111
4.061721e-112
2.8615919e-113
2.0041595e-114
1.3954376e-115
9.6598011e-117
6.6486142e-118
4.5501359e-119
3.0965106e-120
2.0955591e-121
1.4103607e-122
9.4403217e-124
6.2848171e-125
4.1616955e-126
2.7412079e-127
1.7960956e-128
1.170723e-129
7.5916681e-131
4.8977805e-132
3.1438431e-133
2.0078995e-134
1.2760343e-135
8.0694036e-137
5.0780666e-138
3.1801825e-139
1.9820788e-140
1.2294852e-141
7.5906191e-143
4.6644486e-144
2.8530549e-145
1.737096e-146
1.0528303e-147
6.3522926e-149
3.8155456e-150
2.2816713e-151
1.3584255e-152
8.0523128e-154
4.7525109e-155
2.7929211e-156
1.63434e-157
9.5233402e-159
5.5260414e-160
3.1932393e-161
1.8376197e-162
1.0531759e-163
6.0114773e-165
3.4175148e-166
1.9350945e-167
1.0913649e-168
6.1309407e-170
3.4307319e-171
1.912326e-172
1.0618555e-173
5.8736752e-175
3.2367411e-176
1.7769364e-177
9.7188299e-179
5.2959792e-180
2.8752836e-181
1.5553534e-182
8.3830689e-184
4.502089e-185
2.4092043e-186
1.2846738e-187
6.8262614e-189
3.6145544e-190
1.9073009e-191
1.0029677e-192
5.2561596e-194
2.7452026e-195
1.4289426e-196
7.4130992e-198
3.8330056e-199
1.9753474e-200
1.0146624e-201
5.1949705e-203
2.6511682e-204
1.3486311e-205
6.8384774e-207
3.4565628e-208
1.7416299e-209
8.7480611e-211
4.3780312e-212
2.2107151e-213
8.2905243e-215
0
5.5533581e-13
6.1960989e-12
0
2.0627487e-11
0
1.9547186e-11
0
0
8.8003758e-11
5.3350934e-11
0
0
5.141658e-10
8.8379744e-10
1.3322795e-10
0
0
0
7.4952264e-10
1.4225255e-09
1.3502411e-09
8.5943569e-10
3.6022992e-10
5.6612119e-11
0
0
0
4.5307268e-12
7.3846286e-12
0
0
0
0
0
8.7613567e-12
3.2698803e-11
5.007129e-11
6.6075139e-11
7.4155681e-11
6.6288199e-11
4.6186997e-11
2.5100772e-11
1.0648398e-11
3.4722548e-12
8.1561242e-13
1.0179167e-13
0
0
0
0
5.6477445e-17
6.1890063e-17
2.1079969e-17
4.4670233e-18
4.8966475e-19
0
0
0
0
0
0
0
1.075561e-24
6.3930222e-25
1.7886607e-25
3.8923424e-26
7.2801694e-27
1.2144218e-27
1.8354054e-28
2.5247067e-29
3.1449215e-30
3.4803016e-31
3.2488045e-32
2.1408395e-33
0
0
0
0
0
0
0
0
2.07492e-41
6.7907192e-42
1.4484174e-42
2.627864e-43
4.3590771e-44
6.8176574e-45
1.0216434e-45
1.4806157e-46
2.0872212e-47
2.8726145e-48
3.8691223e-49
5.108193e-50
6.6178137e-51
8.4195642e-52
1.0525555e-52
1.2935549e-53
1.5634614e-54
1.8591592e-55
2.1758656e-56
2.5072101e-57
2.8454399e-58
3.1817428e-59
3.5066654e-60
3.8105963e-61
4.0842735e-62
4.3192798e-63
4.5084858e-64
4.6464069e-65
4.7294544e-66
4.7560633e-67
4.7266956e-68
4.6437274e-69
4.5112359e-70
4.3347059e-71
4.1206861e-72
3.8764207e-73
3.6094791e-74
3.327412e-75
3.0374474e-76
2.7462395e-77
2.4596809e-78
2.1827763e-79
1.9195762e-80
1.6731669e-81
1.4457054e-82
1.2384902e-83
1.0520597e-84
8.8630513e-86
7.4059133e-87
6.1387725e-88
5.0482968e-89
4.1192616e-90
3.3354455e-91
2.6803737e-92
2.137909e-93
1.692697e-94
1.3304782e-95
1.038283e-96
8.0453133e-98
6.1905315e-99
4.7305115e-100
3.5902099e-101
2.7064414e-102
2.026651e-103
1.5076289e-104
1.1142381e-105
8.1820411e-107
5.9700326e-108
4.3286636e-109
3.1190546e-110
2.2336415e-111
1.5898423e-112
1.1247936e-113
7.9103814e-115
5.5303782e-116
3.8438955e-117
2.6562787e-118
1.8250997e-119
1.2469109e-120
8.4711968e-122
5.723198e-123
3.8453966e-124
2.569657e-125
1.7079052e-126
1.1290922e-127
7.4249621e-129
4.8571332e-130
3.1608807e-131
2.0464423e-132
1.3181807e-133
8.4480169e-135
5.3871485e-136
3.4182768e-137
2.1583356e-138
1.3561672e-139
8.4802538e-141
5.277452e-142
3.2687204e-143
2.0150567e-144
1.2364325e-145
7.5516987e-147
4.5912099e-148
2.778656e-149
1.6741109e-150
1.0041346e-151
5.9961713e-153
3.5648933e-154
2.1102077e-155
1.2437284e-156
7.2989917e-158
4.265327e-159
2.4820402e-160
1.4382918e-161
8.3000647e-163
4.7700896e-164
2.7302116e-165
1.5563411e-166
8.8362034e-168
4.9968083e-169
2.8144867e-170
1.5790594e-171
8.824774e-173
4.9127827e-174
2.7244768e-175
1.5051608e-176
8.2839864e-178
4.5421858e-179
2.4812561e-180
1.3504283e-181
7.3227901e-183
3.9563843e-184
2.1298491e-185
1.142455e-186
6.1063342e-188
3.2522542e-189
1.7260837e-190
9.1290083e-192
4.8115003e-193
2.527221e-194
1.3228853e-195
6.9012508e-197
3.5881475e-198
1.8593436e-199
9.6029757e-201
4.9433179e-202
2.536339e-203
1.2971241e-204
6.6122654e-206
3.3598696e-207
1.7017924e-208
8.5923296e-210
4.3245729e-211
2.169753e-212
1.085247e-213
5.408453e-215
2.7186765e-216
1.0193289e-217
2.1671519e-13
0
0
8.4867683e-13
0
1.0571645e-12
0
8.3875312e-13
0
0
7.800582e-12
0
0
5.4273978e-13
6.0806636e-11
5.5636108e-11
0
0
0
0
7.0649688e-11
8.9471644e-11
6.7409461e-11
3.4939833e-11
1.1492496e-11
4.874721e-13
0
0
0
0
0
0
1.325126e-12
2.3654064e-12
2.1381709e-12
1.1369068e-12
2.1760897e-13
0
0
0
0
0
0
0
2.8411817e-15
1.7859457e-15
4.8716636e-16
3.5106411e-17
0
0
0
0
1.5558289e-19
8.9543884e-20
2.6070756e-20
4.8697337e-21
4.0224276e-22
0
0
0
0
0
0
0
4.6451789e-28
4.111043e-28
1.1711304e-28
2.5113524e-29
4.5977017e-30
7.5143563e-31
1.1190889e-31
1.5339542e-32
1.942978e-33
2.2728805e-34
2.4430894e-35
2.3885289e-36
2.0914547e-37
1.6197482e-38
1.1678883e-39
1.0966858e-40
1.9690253e-41
4.5811431e-42
9.9917438e-43
1.9553604e-43
3.4953166e-44
5.8262137e-45
9.2000946e-46
1.3920745e-46
2.0349665e-47
2.8908998e-48
4.0078842e-49
5.4386349e-50
7.2384515e-51
9.4619752e-52
1.215888e-52
1.5368736e-53
1.9115462e-54
2.340192e-55
2.820527e-56
3.3473714e-57
3.9125163e-58
4.5048157e-59
5.1105202e-60
5.7138382e-61
6.2976859e-62
6.8445728e-63
7.3375483e-64
7.7611308e-65
8.1021489e-66
8.3504283e-67
8.4992735e-68
8.5457226e-69
8.490565e-70
8.3381342e-71
8.0959118e-72
7.7739811e-73
7.3843804e-74
6.9404133e-75
6.4559602e-76
5.9448345e-77
5.4202217e-78
4.89422e-79
4.3774959e-80
3.8790608e-81
3.4061598e-82
2.9642604e-83
2.5571281e-84
2.1869662e-85
1.8546015e-86
1.5596984e-87
1.3009843e-88
1.0764703e-89
8.8366061e-91
7.1973882e-92
5.8172909e-93
4.6662878e-94
3.7151282e-95
2.9361115e-96
2.3036211e-97
1.7944493e-98
1.3879487e-99
1.0660484e-100
8.1316685e-102
6.1605361e-103
4.6358484e-104
3.4653466e-105
2.5733849e-106
1.8986129e-107
1.3917908e-108
1.0137918e-109
7.3382338e-111
5.278765e-112
3.7739874e-113
2.681789e-114
1.8942311e-115
1.3300043e-116
9.2835014e-118
6.4422231e-119
4.4447857e-120
3.0491757e-121
2.0799632e-122
1.4108957e-123
9.5175313e-125
6.3850975e-126
4.2603744e-127
2.8274037e-128
1.8664235e-129
1.2255664e-130
8.0055195e-132
5.2022295e-133
3.3632393e-134
2.1632909e-135
1.3844627e-136
8.816104e-138
5.5862569e-139
3.5223557e-140
2.2102053e-141
1.3801867e-142
8.5776307e-144
5.3056584e-145
3.2664163e-146
2.0016206e-147
1.2209202e-148
7.4131915e-150
4.4807678e-151
2.6961592e-152
1.6151054e-153
9.6324028e-155
5.7195611e-156
3.3814328e-157
1.9905099e-158
1.1667254e-159
6.809713e-161
3.9578531e-162
2.2907405e-163
1.3203587e-164
7.5791777e-166
4.3329179e-167
2.467067e-168
1.3990631e-169
7.9024736e-171
4.4460218e-172
2.4915876e-173
1.3908804e-174
7.7343779e-176
4.2844562e-177
2.3643584e-178
1.2998422e-179
7.1193435e-181
3.8848424e-182
2.1120439e-183
1.1440381e-184
6.1744408e-186
3.3203662e-187
1.779168e-188
9.4995241e-190
5.0541921e-191
2.6796478e-192
1.4157631e-193
7.454201e-195
3.9112886e-196
2.0453015e-197
1.065918e-198
5.5364253e-200
2.8660535e-201
1.4787617e-202
7.6046782e-204
3.8979993e-205
1.9915454e-206
1.0142274e-207
5.1485624e-209
2.6052573e-210
1.3141274e-211
6.6077594e-213
3.3121351e-214
1.6550267e-215
8.2444144e-217
4.092204e-218
2.0479186e-219
7.6885643e-221
0
8.0609435e-14
1.4607265e-14
0
5.8173533e-14
0
4.1128407e-14
0
1.4735279e-13
0
1.394993e-13
6.0312675e-13
0
0
2.5379171e-12
4.7595804e-12
3.0388171e-13
0
0
0
3.0627717e-12
4.9148897e-12
3.8757529e-12
1.947554e-12
5.2428403e-13
0
0
0
0
0
1.0243685e-14
1.9881558e-14
3.6843269e-15
0
0
0
0
0
2.4969168e-16
4.9003722e-17
0
0
0
0
3.5631411e-18
3.8831222e-18
1.4212451e-18
2.1282324e-19
0
0
0
0
1.9330568e-22
2.4197099e-22
8.6015113e-23
1.9458814e-23
2.7085469e-24
8.2036695e-27
0
0
0
0
0
0
0
3.2420129e-31
1.8789077e-31
4.8190383e-32
9.6089667e-33
1.656898e-33
2.5728721e-34
3.6710643e-35
4.8699524e-36
6.0551281e-37
7.1075641e-38
7.949515e-39
8.6044623e-40
9.2641251e-41
1.0353703e-41
1.2586954e-42
1.700563e-43
2.5002577e-44
3.8333119e-45
5.912352e-46
8.9886666e-47
1.3355247e-47
1.9351376e-48
2.7367887e-49
3.7851106e-50
5.130264e-51
6.8271721e-52
8.9337083e-53
1.1507631e-53
1.4602236e-54
1.826091e-55
2.2510991e-56
2.7357537e-57
3.2777751e-58
3.8716794e-59
4.5085693e-60
5.1761832e-61
5.8592232e-62
6.5399591e-63
7.1990674e-64
7.8166386e-65
8.3732748e-66
8.8511808e-67
9.2351569e-68
9.5134202e-69
9.6781892e-70
9.7259955e-71
9.6577183e-72
9.4783535e-73
9.1965499e-74
8.8239726e-75
8.3745467e-76
7.863645e-77
7.3072831e-78
6.7213697e-79
6.1210506e-80
5.5201794e-81
4.9309246e-82
4.3635154e-83
3.8261239e-84
3.3248626e-85
2.8638798e-86
2.4455312e-87
2.0706026e-88
1.7385617e-89
1.4478217e-90
1.195999e-91
9.8015291e-93
7.9699993e-94
6.4309638e-95
5.1498778e-96
4.0932536e-97
3.2295147e-98
2.5295714e-99
1.9671631e-100
1.5190033e-101
1.1647743e-102
8.8700893e-104
6.7089524e-105
5.0403195e-106
3.7616048e-107
2.788908e-108
2.0543494e-109
1.5035778e-110
1.0935044e-111
7.9029444e-113
5.6762454e-114
4.0519738e-115
2.8749748e-116
2.0276429e-117
1.4215642e-118
9.9079993e-120
6.8655662e-121
4.7300264e-122
3.2402085e-123
2.2071377e-124
1.495056e-125
1.0071196e-126
6.7472022e-128
4.4958176e-129
2.9796047e-130
1.9642463e-131
1.2880793e-132
8.4027257e-134
5.4531812e-135
3.5208924e-136
2.2617739e-137
1.4456376e-138
9.1939772e-140
5.8183612e-141
3.6641264e-142
2.2963165e-143
1.4321984e-144
8.8900283e-146
5.4922433e-147
3.3772317e-148
2.0670642e-149
1.25935e-150
7.6375721e-152
4.611024e-153
2.7713362e-154
1.658239e-155
9.8784135e-157
5.8590247e-158
3.4600082e-159
2.0345015e-160
1.1911961e-161
6.9449297e-163
4.0320564e-164
2.3311711e-165
1.3422238e-166
7.6964976e-168
4.3953441e-169
2.4999883e-170
1.4162572e-171
7.9913263e-173
4.4913977e-174
2.5144513e-175
1.4022229e-176
7.7896124e-178
4.3107443e-179
2.3765059e-180
1.3052332e-181
7.1418728e-183
3.8933465e-184
2.1146225e-185
1.1443353e-186
6.1701545e-188
3.3149168e-189
1.7745752e-190
9.4661342e-192
5.0317431e-193
2.6652795e-194
1.406878e-195
7.4006557e-197
3.8796679e-198
2.0269357e-199
1.0553992e-200
5.476902e-202
2.8327269e-203
1.4602787e-204
7.5030491e-206
3.8425573e-207
1.9615199e-208
9.980769e-210
5.0622441e-211
2.559402e-212
1.2899074e-213
6.4805368e-215
3.2456613e-216
1.6204732e-217
8.0655215e-219
4.002103e-220
1.9788199e-221
9.8595277e-223
3.7146274e-224
9.095021e-15
0
0
1.6277335e-15
0
0
0
0
8.8594354e-15
0
0
5.0697225e-14
0
0
1.0701339e-13
2.89186e-13
4.9836356e-14
0
0
0
1.7967242e-13
2.5301615e-13
1.7184573e-13
6.4966515e-14
1.7555243e-15
0
0
0
0
0
0
9.3707007e-18
1.8620259e-17
2.9669093e-19
0
0
0
0
1.1239046e-19
1.6435287e-20
0
0
0
0
7.0974584e-21
8.6347292e-21
3.3634479e-21
5.7429523e-22
0
0
0
0
9.3484331e-26
4.7704774e-25
1.8688755e-25
4.5339907e-26
7.2455094e-27
4.4106708e-28
0
0
0
0
0
0
0
0
1.7324328e-34
5.7093882e-35
1.2324002e-35
2.2047501e-36
3.49818e-37
5.0744397e-38
6.8481001e-39
8.7059907e-40
1.0546926e-40
1.2339331e-41
1.4189795e-42
1.6412244e-43
1.958655e-44
2.4597392e-45
3.264887e-46
4.5256607e-47
6.4225048e-48
9.1621602e-49
1.2975961e-49
1.8119817e-50
2.4875913e-51
3.3555162e-52
4.4498501e-53
5.8074405e-54
7.4669899e-55
9.467284e-56
1.1844436e-56
1.462821e-57
1.7837676e-58
2.14766e-59
2.5529137e-60
2.9956427e-61
3.4694631e-62
3.9654882e-63
4.4725367e-64
4.9775532e-65
5.4662181e-66
5.923699e-67
6.335478e-68
6.6881858e-69
6.9703711e-70
7.1731369e-71
7.2906015e-72
7.3201513e-73
7.2624733e-74
7.121385e-75
6.9034846e-76
6.6176601e-77
6.2745099e-78
5.8857202e-79
5.4634449e-80
5.0197322e-81
4.5660255e-82
4.1127591e-83
3.6690642e-84
3.2425815e-85
2.8393761e-86
2.4639436e-87
2.1192904e-88
1.8070689e-89
1.5277521e-90
1.2808299e-91
1.0650104e-92
8.7841678e-94
7.1876986e-95
5.8354853e-96
4.7012689e-97
3.7588512e-98
2.9829494e-99
2.3498179e-100
1.8376603e-101
1.426863e-102
1.1000873e-103
8.4224843e-105
6.4041338e-106
4.8364354e-107
3.6280373e-108
2.7035526e-109
2.0014695e-110
1.4721351e-111
1.0758787e-112
7.8131754e-114
5.6386007e-115
4.0441261e-116
2.8828164e-117
2.0425702e-118
1.4385759e-119
1.0071909e-120
7.0103712e-122
4.8511729e-123
3.3377578e-124
2.2834452e-125
1.5533841e-126
1.0508579e-127
7.0698466e-129
4.7304261e-130
3.148023e-131
2.0837498e-132
1.371973e-133
8.9858616e-135
5.8547674e-136
3.7950408e-137
2.4473774e-138
1.5703037e-139
1.0025007e-140
6.3683045e-142
4.0255074e-143
2.5321782e-144
1.5851254e-145
9.8752321e-147
6.1229912e-148
3.7785974e-149
2.3209515e-150
1.4190166e-151
8.6359892e-153
5.2318699e-154
3.155286e-155
1.89441e-156
1.1323455e-157
6.7386008e-159
3.9926575e-160
2.3554375e-161
1.3836099e-162
8.0928867e-164
4.7136353e-165
2.733921e-166
1.579094e-167
9.0831498e-169
5.2033804e-170
2.9687205e-171
1.6869473e-172
9.5476354e-174
5.3822726e-175
3.0222087e-176
1.6903834e-177
9.4180485e-179
5.2271439e-180
2.8900704e-181
1.5918617e-182
8.7350934e-184
4.7753727e-185
2.6009772e-186
1.4114558e-187
7.631524e-189
4.1113088e-190
2.2069133e-191
1.1804243e-192
6.2914372e-194
3.341424e-195
1.7684559e-196
9.3271412e-198
4.9023611e-199
2.5678814e-200
1.3405035e-201
6.9742031e-203
3.6163042e-204
1.8689128e-205
9.6266835e-207
4.9423967e-208
2.5291889e-209
1.2900812e-210
6.5592487e-212
3.3243083e-213
1.679451e-214
8.457862e-216
4.2460886e-217
2.125007e-218
1.0601847e-219
5.2730152e-221
2.6145576e-222
1.292443e-223
6.3666513e-225
3.1583611e-226
1.1980391e-227
0
1.5728316e-15
7.7749987e-16
1.6225565e-16
2.9669538e-18
1.5416618e-18
0
0
4.3394328e-16
0
2.3223696e-16
2.7069826e-15
0
0
7.3388252e-15
1.1890963e-14
0
0
0
1.7173079e-15
8.8217254e-15
7.3363247e-15
3.0455929e-15
2.5119639e-16
0
0
0
0
0
0
0
1.8762899e-19
1.13899e-19
2.5182622e-20
0
0
0
0
0
0
0
0
0
0
1.9650789e-23
1.7824823e-23
6.32494e-24
9.5759277e-25
0
0
0
0
1.1708489e-28
7.3807203e-28
2.8416438e-28
6.8138664e-29
1.1022533e-29
8.2645435e-31
0
0
0
0
0
0
0
0
1.0342552e-37
4.6046251e-38
1.0520178e-38
1.9139966e-39
3.050838e-40
4.4303734e-41
5.9906221e-42
7.6612556e-43
9.3992009e-44
1.1234181e-44
1.3316942e-45
1.5961447e-46
1.9673031e-47
2.5157388e-48
3.3309658e-49
4.5187728e-50
6.1977683e-51
8.496104e-52
1.1549227e-52
1.549911e-53
2.0494799e-54
2.6693479e-55
3.4260694e-56
4.3368082e-57
5.4187139e-58
6.6877982e-59
8.1572989e-60
9.8356224e-61
1.1724061e-61
1.3814557e-62
1.6087843e-63
1.8512269e-64
2.1043565e-65
2.3625711e-66
2.6192938e-67
2.8672735e-68
3.0989663e-69
3.3069612e-70
3.4844141e-71
3.6254515e-72
3.7255086e-73
3.7815747e-74
3.7923301e-75
3.7581687e-76
3.6811097e-77
3.5646163e-78
3.4133392e-79
3.232812e-80
3.0291241e-81
2.8085967e-82
2.5774815e-83
2.3417007e-84
2.1066384e-85
1.8769879e-86
1.6566575e-87
1.4487303e-88
1.2554698e-89
1.0783656e-90
9.1820743e-92
7.7517762e-93
6.4895556e-94
5.3882374e-95
4.437704e-96
3.6258425e-97
2.9393758e-98
2.3645635e-99
1.8877669e-100
1.4958808e-101
1.1766423e-102
9.1883297e-104
7.1238922e-105
5.4843996e-106
4.1928819e-107
3.1835185e-108
2.4007745e-109
1.7983796e-110
1.3382372e-111
9.8932978e-113
7.2667273e-114
5.3034575e-115
3.8462145e-116
2.7719983e-117
1.9854898e-118
1.4134712e-119
1.0001833e-120
7.0351551e-122
4.9192239e-123
3.4195992e-124
2.3633925e-125
1.6240684e-126
1.1097005e-127
7.5398915e-129
5.094558e-130
3.4233702e-131
2.2878662e-132
1.5207566e-133
1.0054575e-134
6.6124879e-136
4.3259849e-137
2.8154349e-138
1.8229194e-139
1.17428e-140
7.5262474e-142
4.7996329e-143
3.04565e-144
1.9231529e-145
1.2084499e-146
7.556893e-148
4.7030137e-149
2.913036e-150
1.7958498e-151
1.1019616e-152
6.7305826e-154
4.0920958e-155
2.4766395e-156
1.4921772e-157
8.9502467e-159
5.344694e-160
3.1776052e-161
1.8809706e-162
1.1086248e-163
6.5061351e-165
3.8020037e-166
2.2124216e-167
1.2820469e-168
7.3983538e-170
4.2518289e-171
2.4335493e-172
1.3872098e-173
7.8758154e-175
4.4536282e-176
2.508481e-177
1.4073411e-178
7.8648913e-180
4.3782827e-181
2.4279815e-182
1.3413128e-183
7.3819375e-185
4.0474224e-186
2.2108883e-187
1.2032258e-188
6.5242627e-190
3.5247755e-191
1.8973994e-192
1.0177118e-193
5.4392736e-195
2.8967982e-196
1.5373327e-197
8.1301903e-199
4.2847702e-200
2.2503962e-201
1.1778924e-202
6.1443765e-204
3.1943742e-205
1.6551591e-206
8.5477062e-208
4.3997215e-209
2.2572324e-210
1.1542831e-211
5.8835952e-213
2.9893503e-214
1.5139914e-215
7.6434834e-217
3.8467071e-218
1.9298563e-219
9.6517648e-221
4.81218e-222
2.3918685e-223
1.1852213e-224
5.8550937e-226
2.8837156e-227
1.4154235e-228
6.9907994e-230
2.6836635e-231
1.4897903e-16
0
0
0
4.7059358e-18
2.8681651e-18
0
2.8032465e-18
6.2327483e-18
0
5.3291021e-17
2.6114096e-17
0
6.7817642e-18
2.3051639e-16
7.5029549e-17
0
0
0
1.2749058e-16
1.1655806e-16
4.7842869e-17
2.0850995e-18
0
0
0
0
0
0
8.0589904e-22
2.4868159e-21
1.2395017e-21
4.8582339e-22
9.0403406e-23
0
0
0
0
0
0
0
0
0
0
5.3193026e-26
3.238114e-26
9.3875179e-27
9.3746665e-28
0
0
0
0
6.5304476e-31
9.6010969e-31
3.298041e-31
7.3499529e-32
1.1146684e-32
7.5936366e-34
0
0
0
0
0
0
0
0
5.3350043e-41
2.8895859e-41
6.6857179e-42
1.2075904e-42
1.902911e-43
2.7334346e-44
3.6679502e-45
4.6806772e-46
5.7727503e-47
6.9961179e-48
8.4752499e-49
1.0422092e-49
1.3140961e-50
1.7022252e-51
2.2526417e-52
3.0161975e-53
4.0462669e-54
5.3968819e-55
7.1216509e-56
9.2735537e-57
1.1905388e-57
1.5070363e-58
1.882213e-59
2.3213545e-60
2.8293594e-61
3.4102257e-62
4.0663502e-63
4.7977068e-64
5.601006e-65
6.46896e-66
7.3897839e-67
8.3470423e-68
9.319909e-69
1.0283868e-69
1.1211815e-70
1.2075483e-71
1.2847053e-72
1.3500817e-73
1.4014733e-74
1.4371732e-75
1.4560675e-76
1.4576883e-77
1.4422231e-78
1.4104805e-79
1.36382e-80
1.3040518e-81
1.2333194e-82
1.1539724e-83
1.0684413e-84
9.79122e-86
8.8827565e-87
7.979495e-88
7.099198e-89
6.2565675e-90
5.4631079e-91
4.7271685e-92
4.0541305e-93
3.4467066e-94
2.9053096e-95
2.4284574e-96
2.0131871e-97
1.65545e-98
1.3504743e-99
1.0930807e-100
8.7794796e-102
6.9982344e-103
5.5368368e-104
4.3484732e-105
3.3904708e-106
2.6246768e-107
2.0175631e-108
1.5401217e-109
1.1676139e-110
8.792213e-112
6.5764094e-113
4.8866026e-114
3.6073434e-115
2.645842e-116
1.9282749e-117
1.3964791e-118
1.0050584e-119
7.1890199e-121
5.1109189e-122
3.6116686e-123
2.537023e-124
1.771642e-125
1.2299554e-126
8.4896694e-128
5.8264762e-129
3.9761257e-130
2.6982229e-131
1.8208887e-132
1.2220825e-133
8.1574142e-135
5.4157963e-136
3.5764519e-137
2.3493343e-138
1.5351873e-139
9.979835e-141
6.4543394e-142
4.153052e-143
2.6588287e-144
1.6937166e-145
1.0735895e-146
6.7717695e-148
4.2506128e-149
2.6552485e-150
1.6507507e-151
1.0214065e-152
6.2903467e-154
3.8559104e-155
2.3527353e-156
1.4289932e-157
8.640026e-159
5.2004912e-160
3.1162661e-161
1.8590955e-162
1.1042357e-163
6.53026e-165
3.8452386e-166
2.2545272e-167
1.3162614e-168
7.6524084e-170
4.4303509e-171
2.5543278e-172
1.4666548e-173
8.3869887e-175
4.7766677e-176
2.7095586e-177
1.5308764e-178
8.6151581e-180
4.8292651e-181
2.6965382e-182
1.4998671e-183
8.3105993e-185
4.5873074e-186
2.5225614e-187
1.3819626e-188
7.5428177e-190
4.1017173e-191
2.222309e-192
1.199669e-193
6.4528021e-195
3.4584104e-196
1.846959e-197
9.8288284e-199
5.2121988e-200
2.7543924e-201
1.4505312e-202
7.6126412e-204
3.9816322e-205
2.0754623e-206
1.0782183e-207
5.582732e-209
2.8810123e-210
1.4818749e-211
7.5972378e-213
3.8822838e-214
1.9774959e-215
1.0040374e-216
5.0815858e-218
2.5637316e-219
1.2893726e-220
6.464356e-222
3.2308823e-223
1.6098069e-224
7.9963269e-226
3.9598456e-227
1.9549845e-228
9.62258e-230
4.7220897e-231
2.3095244e-232
1.1355619e-233
4.4505448e-235
)
;

boundaryField
{
    inletAnion
    {
        type            calculated;
        value           uniform 0;
    }
    inletCation
    {
        type            calculated;
        value           uniform 0;
    }
    outlet
    {
        type            calculated;
        value           uniform 0;
    }
    walls
    {
        type            calculated;
        value           uniform 0;
    }
    frontAndBack
    {
        type            empty;
    }
}


// ************************************************************************* //
