/*--------------------------------*- C++ -*----------------------------------*\
| =========                 |                                                 |
| \\      /  F ield         | OpenFOAM: The Open Source CFD Toolbox           |
|  \\    /   O peration     | Version:  1912                                  |
|   \\  /    A nd           | Website:  www.openfoam.com                      |
|    \\/     M anipulation  |                                                 |
\*---------------------------------------------------------------------------*/
FoamFile
{
    version     2.0;
    format      ascii;
    class       volScalarField;
    location    "0.6";
    object      p;
}
// * * * * * * * * * * * * * * * * * * * * * * * * * * * * * * * * * * * * * //

dimensions      [1 -1 -2 0 0 0 0];


internalField   nonuniform List<scalar> 
11520
(
0.34697478
0.27367514
0.23052283
0.20922806
0.19641061
0.18749291
0.18081575
0.17536442
0.17051279
0.16591741
0.1613944
0.15684427
0.15221716
0.14749086
0.14267102
0.13777785
0.13284374
0.12791062
0.12303113
0.11825377
0.11362895
0.10920371
0.10501879
0.10110704
0.097492448
0.094189869
0.091205327
0.088536867
0.086175736
0.084107759
0.082314781
0.080776073
0.079469589
0.078373029
0.077464678
0.076723998
0.076131997
0.075671391
0.075326593
0.075083574
0.074929642
0.074853183
0.074843399
0.074890085
0.074983455
0.075114045
0.075272672
0.075450465
0.075638943
0.075830116
0.076016612
0.076191811
0.076350041
0.076486237
0.07659639
0.076677459
0.076727255
0.076744412
0.076728299
0.07667893
0.076596853
0.076483054
0.076338858
0.07616584
0.075965749
0.075740434
0.075491785
0.075221692
0.074932004
0.074624505
0.074300895
0.073962772
0.073611629
0.073248851
0.072875709
0.072493369
0.07210289
0.071705234
0.071301268
0.070891769
0.070477438
0.070058895
0.069636694
0.069211326
0.068783224
0.06835277
0.0679203
0.067486106
0.067050442
0.066613532
0.066175566
0.065736712
0.06529711
0.064856882
0.064416134
0.063974957
0.063533427
0.063091609
0.062649556
0.062207311
0.061764912
0.061322393
0.06087978
0.060437095
0.059994356
0.059551578
0.059108771
0.058665946
0.058223109
0.057780265
0.057337419
0.056894575
0.056451734
0.0560089
0.055566072
0.055123252
0.054680439
0.054237635
0.053794841
0.053352058
0.052909284
0.05246652
0.052023763
0.051581015
0.051138274
0.050695541
0.050252814
0.049810094
0.049367377
0.048924663
0.048481953
0.048039245
0.047596542
0.047153843
0.046711148
0.046268455
0.045825764
0.045383075
0.044940386
0.044497697
0.044055008
0.043612317
0.043169624
0.042726927
0.042284228
0.041841527
0.041398825
0.040956124
0.040513425
0.040070725
0.039628025
0.039185324
0.03874262
0.038299915
0.03785721
0.037414505
0.036971803
0.036529102
0.036086401
0.035643701
0.035200999
0.034758294
0.034315587
0.033872879
0.033430171
0.032987464
0.03254476
0.032102058
0.031659356
0.031216654
0.03077395
0.030331244
0.029888536
0.029445826
0.029003114
0.028560401
0.028117685
0.027674966
0.027232242
0.026789514
0.02634678
0.025904042
0.025461301
0.025018559
0.024575818
0.024133078
0.023690341
0.023247605
0.02280487
0.022362134
0.021919396
0.021476655
0.021033912
0.020591167
0.020148422
0.019705678
0.019262934
0.018820191
0.018377448
0.017934705
0.017491959
0.01704921
0.016606457
0.016163699
0.015720937
0.015278171
0.014835402
0.014392632
0.01394986
0.013507088
0.013064313
0.012621537
0.012178759
0.011735978
0.011293194
0.010850407
0.010407615
0.0099648205
0.0095220222
0.0090792212
0.008636418
0.008193613
0.0077508065
0.0073079986
0.006865189
0.0064223772
0.0059795629
0.0055367455
0.0050939248
0.0046511009
0.004208274
0.0037654442
0.0033226116
0.002879777
0.002436941
0.0019941013
0.0015512635
0.0011085011
0.00066579148
0.00022220396
0.27655088
0.24787338
0.22397038
0.20857492
0.19773383
0.18931251
0.18248615
0.17669034
0.17148988
0.16659779
0.16183882
0.157108
0.15234613
0.1475266
0.14264704
0.13772325
0.13278455
0.12786953
0.12302791
0.11830288
0.11374199
0.10938858
0.10527959
0.10144416
0.097902879
0.094667638
0.091742073
0.089122457
0.086798905
0.084756735
0.082977851
0.081442048
0.080128175
0.079015092
0.078082398
0.077310937
0.076683093
0.076182901
0.075795996
0.075509457
0.075311575
0.075191589
0.07513943
0.075145501
0.075200509
0.07529537
0.075421181
0.075569247
0.075731173
0.075898974
0.076065222
0.076223198
0.076366896
0.076491043
0.076591376
0.076664784
0.076708759
0.076721665
0.076702631
0.076651446
0.076568461
0.07645448
0.076310673
0.07613848
0.075939534
0.07571559
0.075468459
0.075199966
0.074911911
0.07460604
0.07428402
0.073947429
0.073597744
0.073236338
0.072864478
0.072483325
0.07209394
0.071697285
0.071294229
0.070885557
0.070471969
0.070054094
0.069632491
0.069207654
0.068780025
0.068349989
0.067917888
0.067484017
0.067048638
0.066611976
0.066174228
0.065735563
0.065296125
0.064856039
0.064415414
0.063974344
0.063532907
0.063091169
0.062649183
0.062206996
0.061764647
0.061322171
0.060879593
0.060436939
0.059994226
0.059551469
0.059108682
0.058665872
0.058223048
0.057780215
0.057337379
0.056894543
0.056451709
0.056008881
0.055566057
0.05512324
0.054680429
0.054237628
0.053794836
0.053352055
0.052909283
0.052466519
0.052023763
0.051581015
0.051138274
0.050695541
0.050252815
0.049810095
0.049367378
0.048924664
0.048481953
0.048039245
0.047596542
0.047153843
0.046711147
0.046268455
0.045825764
0.045383075
0.044940386
0.044497698
0.044055009
0.043612318
0.043169624
0.042726927
0.042284227
0.041841526
0.041398824
0.040956124
0.040513425
0.040070726
0.039628026
0.039185324
0.03874262
0.038299915
0.037857209
0.037414505
0.036971803
0.036529102
0.036086403
0.035643702
0.035201
0.034758295
0.034315588
0.033872879
0.033430171
0.032987465
0.032544761
0.03210206
0.031659358
0.031216656
0.030773952
0.030331246
0.029888537
0.029445827
0.029003115
0.028560402
0.028117686
0.027674967
0.027232244
0.026789515
0.026346781
0.025904042
0.025461301
0.025018559
0.024575818
0.024133079
0.023690342
0.023247607
0.022804872
0.022362135
0.021919397
0.021476656
0.021033912
0.020591168
0.020148423
0.019705678
0.019262935
0.018820192
0.01837745
0.017934707
0.017491962
0.017049213
0.016606459
0.016163701
0.015720938
0.015278172
0.014835404
0.014392633
0.013949862
0.01350709
0.013064316
0.012621541
0.012178763
0.011735983
0.011293199
0.010850412
0.010407621
0.009964827
0.0095220295
0.0090792296
0.0086364277
0.0081936243
0.0077508197
0.0073080139
0.0068652068
0.0064223978
0.0059795865
0.0055367727
0.0050939561
0.0046511371
0.004208316
0.0037654928
0.0033226679
0.0028798418
0.0024370147
0.0019941831
0.0015513526
0.0011086081
0.00066598197
0.00022228289
0.24228893
0.2320158
0.21962858
0.20851393
0.19912661
0.19115599
0.18430699
0.17827601
0.17277752
0.16759198
0.16256831
0.15760796
0.15265168
0.14767225
0.14266304
0.13763879
0.13262863
0.12767162
0.12280617
0.11808459
0.11354971
0.10924105
0.10519191
0.1014274
0.097963822
0.094808876
0.091962283
0.089416872
0.087159916
0.085174577
0.083441325
0.081939222
0.08064702
0.079544023
0.078610706
0.077829103
0.077182988
0.076657885
0.076240933
0.075920668
0.075686734
0.075529589
0.075440226
0.075409938
0.07543015
0.075492327
0.075587948
0.075708559
0.075845871
0.075991909
0.076139154
0.076280679
0.076410343
0.076523161
0.07661357
0.07667893
0.076716441
0.076724212
0.076701167
0.076646919
0.076561661
0.076446062
0.07630117
0.076128325
0.075929072
0.07570509
0.075458129
0.075189963
0.074902348
0.074596995
0.074275542
0.073939545
0.073590463
0.073229654
0.072858376
0.072477782
0.072088926
0.071692768
0.071290176
0.070881931
0.070468736
0.070051219
0.06962994
0.069205397
0.068778031
0.068348231
0.067916339
0.067482655
0.067047442
0.066610927
0.066173308
0.065734757
0.065295419
0.064855422
0.064414876
0.063973876
0.0635325
0.063090815
0.062648875
0.062206728
0.061764415
0.061321969
0.060879419
0.060436788
0.059994095
0.059551356
0.059108584
0.058665788
0.058222976
0.057780154
0.057337327
0.056894499
0.056451673
0.05600885
0.055566031
0.055123217
0.054680411
0.054237613
0.053794824
0.053352045
0.052909275
0.052466512
0.052023757
0.051581009
0.05113827
0.050695538
0.050252813
0.049810092
0.049367375
0.048924661
0.048481949
0.048039241
0.047596538
0.047153839
0.046711144
0.046268452
0.045825762
0.045383073
0.044940385
0.044497697
0.044055008
0.043612317
0.043169623
0.042726926
0.042284225
0.041841524
0.041398823
0.040956123
0.040513424
0.040070725
0.039628025
0.039185323
0.038742619
0.038299914
0.037857208
0.037414505
0.036971803
0.036529103
0.036086404
0.035643704
0.035201002
0.034758297
0.034315589
0.03387288
0.033430172
0.032987467
0.032544764
0.032102063
0.031659362
0.031216659
0.030773955
0.030331248
0.029888539
0.029445828
0.029003116
0.028560403
0.028117687
0.027674968
0.027232245
0.026789516
0.026346781
0.025904042
0.025461301
0.025018559
0.024575819
0.024133081
0.023690344
0.023247609
0.022804874
0.022362138
0.021919399
0.021476657
0.021033913
0.020591168
0.020148424
0.01970568
0.019262936
0.018820194
0.018377453
0.01793471
0.017491964
0.017049215
0.016606461
0.016163702
0.01572094
0.015278173
0.014835404
0.014392634
0.013949863
0.013507091
0.013064318
0.012621543
0.012178766
0.011735986
0.011293203
0.010850417
0.010407626
0.0099648328
0.0095220364
0.0090792379
0.0086364377
0.0081936362
0.0077508338
0.0073080304
0.0068652259
0.0064224199
0.005979612
0.0055368019
0.0050939897
0.0046511759
0.0042083605
0.0037655438
0.0033227263
0.0028799085
0.0024370906
0.0019942689
0.0015514447
0.0011087022
0.00066613031
0.00022232179
0.22710022
0.22263991
0.21556458
0.20753851
0.19976684
0.19260946
0.18607126
0.18004368
0.17438501
0.16896271
0.16367169
0.15843737
0.15321383
0.14797965
0.14273524
0.13749962
0.13230563
0.1271952
0.12221404
0.11741184
0.11283282
0.10851476
0.104488
0.1007735
0.097382504
0.094317101
0.091571245
0.089132157
0.086981939
0.085099238
0.083460815
0.082042931
0.080822469
0.079777753
0.078889074
0.078138949
0.077512157
0.0769956
0.076578018
0.076249639
0.076001791
0.075826521
0.07571625
0.075663508
0.075660742
0.075700218
0.075774012
0.075874077
0.075992373
0.076121041
0.076252581
0.07638002
0.076497037
0.076598005
0.076679207
0.076735904
0.076765673
0.076766623
0.076737574
0.076678051
0.076588169
0.076468529
0.076320119
0.076144223
0.075942335
0.075716089
0.075467192
0.075197378
0.07490837
0.074601842
0.074279406
0.07394259
0.073592829
0.073231461
0.072859725
0.072478758
0.0720896
0.0716932
0.071290414
0.070882016
0.070468702
0.070051093
0.069629745
0.06920515
0.068777747
0.068347922
0.067916014
0.067482321
0.067047105
0.066610592
0.06617298
0.065734438
0.065295112
0.064855129
0.064414599
0.063973615
0.063532255
0.063090586
0.062648662
0.062206532
0.061764234
0.061321803
0.060879266
0.060436649
0.059993968
0.059551241
0.05910848
0.058665694
0.058222892
0.057780079
0.057337261
0.056894441
0.056451622
0.056008805
0.055565991
0.055123182
0.05468038
0.054237587
0.053794803
0.053352027
0.052909259
0.052466498
0.052023744
0.051580998
0.05113826
0.050695529
0.050252805
0.049810085
0.049367368
0.048924653
0.048481942
0.048039234
0.047596531
0.047153833
0.046711138
0.046268446
0.045825757
0.045383068
0.044940381
0.044497694
0.044055005
0.043612314
0.04316962
0.042726922
0.042284221
0.04184152
0.04139882
0.04095612
0.040513422
0.040070724
0.039628023
0.039185321
0.038742617
0.038299912
0.037857208
0.037414505
0.036971804
0.036529105
0.036086406
0.035643706
0.035201004
0.034758298
0.03431559
0.033872882
0.033430174
0.03298747
0.032544768
0.032102067
0.031659366
0.031216663
0.030773958
0.03033125
0.02988854
0.029445829
0.029003117
0.028560403
0.028117688
0.027674969
0.027232245
0.026789515
0.026346781
0.025904042
0.025461301
0.025018561
0.024575821
0.024133083
0.023690348
0.023247613
0.022804878
0.02236214
0.021919401
0.021476658
0.021033914
0.02059117
0.020148425
0.019705681
0.019262938
0.018820197
0.018377455
0.017934712
0.017491966
0.017049216
0.016606462
0.016163703
0.01572094
0.015278173
0.014835404
0.014392633
0.013949862
0.01350709
0.013064318
0.012621543
0.012178767
0.011735987
0.011293205
0.010850418
0.010407629
0.0099648359
0.0095220407
0.0090792437
0.0086364453
0.0081936456
0.0077508451
0.0073080439
0.0068652417
0.0064224382
0.0059796331
0.005536826
0.0050940172
0.004651207
0.0042083956
0.0037655832
0.0033227702
0.0028799572
0.0024371444
0.0019943281
0.0015515066
0.0011087416
0.00066616022
0.00022231419
0.21847595
0.21630818
0.21197988
0.20624018
0.20005546
0.19388372
0.1878654
0.18202202
0.17632434
0.17072176
0.16516295
0.1596088
0.15403554
0.14844017
0.14283794
0.13726046
0.13175208
0.12636522
0.121155
0.1161744
0.11147287
0.10708715
0.10304473
0.099361845
0.096043439
0.093084178
0.090470028
0.088180124
0.086188768
0.084467419
0.082986538
0.081717171
0.080632191
0.079707152
0.078920762
0.078255024
0.077695107
0.077228997
0.076847032
0.076541342
0.076305294
0.076132969
0.076018713
0.07595679
0.075941151
0.075965309
0.076022341
0.076104967
0.076205714
0.076317122
0.076431959
0.07654343
0.076645341
0.076732233
0.076799706
0.076844064
0.076862263
0.076852524
0.076813661
0.076745169
0.076647131
0.076520116
0.076365073
0.076183243
0.075976076
0.075745156
0.075492142
0.075218719
0.074926559
0.074617291
0.074292481
0.073953614
0.073602089
0.073239208
0.072866177
0.072484104
0.072094006
0.071696807
0.071293345
0.070884376
0.070470582
0.07005257
0.069630885
0.06920601
0.068778375
0.068348359
0.067916295
0.067482476
0.067047159
0.066610566
0.066172891
0.065734301
0.065294941
0.064854934
0.064414388
0.063973395
0.063532031
0.063090362
0.062648442
0.062206319
0.06176403
0.061321609
0.060879085
0.060436478
0.05999381
0.059551094
0.059108345
0.05866557
0.058222779
0.057779978
0.05733717
0.05689436
0.056451548
0.056008738
0.055565931
0.055123129
0.054680334
0.054237548
0.053794769
0.053351999
0.052909234
0.052466476
0.052023724
0.05158098
0.051138243
0.050695515
0.050252792
0.049810072
0.049367356
0.048924641
0.04848193
0.048039223
0.047596521
0.047153823
0.046711129
0.046268438
0.045825749
0.045383061
0.044940375
0.044497688
0.044055
0.043612309
0.043169614
0.042726916
0.042284216
0.041841515
0.041398816
0.040956117
0.040513419
0.040070721
0.039628021
0.039185319
0.038742615
0.038299911
0.037857207
0.037414505
0.036971805
0.036529107
0.036086409
0.035643709
0.035201006
0.0347583
0.034315592
0.033872884
0.033430178
0.032987475
0.032544773
0.032102073
0.031659371
0.031216668
0.030773961
0.030331253
0.029888542
0.02944583
0.029003118
0.028560404
0.028117688
0.027674969
0.027232244
0.026789515
0.02634678
0.025904042
0.025461302
0.025018562
0.024575824
0.024133087
0.023690352
0.023247617
0.022804881
0.022362143
0.021919403
0.02147666
0.021033916
0.020591171
0.020148427
0.019705683
0.01926294
0.018820199
0.018377457
0.017934714
0.017491967
0.017049217
0.016606462
0.016163703
0.015720939
0.015278171
0.014835402
0.014392631
0.01394986
0.013507088
0.013064316
0.012621542
0.012178765
0.011735986
0.011293203
0.010850417
0.010407628
0.0099648362
0.0095220422
0.0090792464
0.0086364494
0.0081936514
0.0077508526
0.0073080532
0.0068652528
0.0064224512
0.0059796478
0.0055368425
0.0050940355
0.004651227
0.004208417
0.0037656057
0.0033227935
0.0028799806
0.0024371666
0.0019943476
0.0015515197
0.0011087147
0.00066607305
0.00022227645
0.21328785
0.21212283
0.20933177
0.20517821
0.20028784
0.19504037
0.18960342
0.18405284
0.17841873
0.1727046
0.16690342
0.16100838
0.15502608
0.14897813
0.14290275
0.13685381
0.13089683
0.12510322
0.11954387
0.11428362
0.10937555
0.10486093
0.10076406
0.097095383
0.093852033
0.091019282
0.088572799
0.086481103
0.084708035
0.083215151
0.081963912
0.080917567
0.080042603
0.079309713
0.078694289
0.078176476
0.077740885
0.077376032
0.07707362
0.076827743
0.07663409
0.076489224
0.076389963
0.076332913
0.076314152
0.076329056
0.076372286
0.076437879
0.076519424
0.076610304
0.076703946
0.076794066
0.076874879
0.076941263
0.0769889
0.07701427
0.077014797
0.076988447
0.076934175
0.076851512
0.076740538
0.076601797
0.076436196
0.07624492
0.076029351
0.075791
0.075531447
0.075252298
0.074955145
0.07464154
0.074312977
0.073970875
0.073616569
0.073251305
0.072876236
0.072492428
0.072100854
0.071702403
0.071297884
0.070888024
0.070473482
0.070054845
0.069632639
0.069207333
0.068779342
0.068349035
0.067916734
0.067482725
0.067047256
0.066610544
0.066172776
0.065734117
0.065294706
0.064854664
0.064414094
0.063973087
0.063531717
0.063090049
0.062648135
0.062206021
0.061763746
0.06132134
0.060878832
0.060436242
0.059993591
0.059550892
0.059108159
0.058665401
0.058222625
0.057779838
0.057337044
0.056894245
0.056451445
0.056008645
0.055565848
0.055123056
0.05468027
0.054237493
0.053794722
0.053351958
0.052909198
0.052466444
0.052023696
0.051580955
0.051138221
0.050695495
0.050252773
0.049810055
0.049367339
0.048924626
0.048481916
0.04803921
0.047596508
0.047153812
0.046711118
0.046268428
0.045825739
0.045383053
0.044940367
0.04449768
0.044054992
0.043612301
0.043169607
0.042726909
0.042284209
0.04184151
0.041398811
0.040956113
0.040513416
0.040070718
0.039628018
0.039185316
0.038742613
0.038299909
0.037857207
0.037414506
0.036971807
0.036529109
0.036086411
0.035643711
0.035201008
0.034758302
0.034315595
0.033872888
0.033430183
0.032987481
0.03254478
0.032102079
0.031659377
0.031216672
0.030773965
0.030331255
0.029888544
0.029445832
0.029003118
0.028560404
0.028117688
0.027674968
0.027232244
0.026789514
0.026346779
0.025904042
0.025461303
0.025018565
0.024575827
0.024133092
0.023690357
0.023247622
0.022804886
0.022362147
0.021919405
0.021476662
0.021033918
0.020591173
0.020148429
0.019705685
0.019262943
0.018820201
0.018377459
0.017934715
0.017491968
0.017049217
0.016606462
0.016163701
0.015720936
0.015278168
0.014835398
0.014392627
0.013949856
0.013507084
0.013064312
0.012621537
0.012178761
0.011735982
0.011293199
0.010850413
0.010407624
0.0099648331
0.00952204
0.0090792452
0.0086364492
0.0081936524
0.007750855
0.0073080569
0.0068652578
0.006422457
0.0059796542
0.0055368491
0.0050940419
0.0046512327
0.0042084213
0.0037656078
0.0033227922
0.0028799741
0.0024371521
0.0019943218
0.0015514776
0.0011086263
0.00066590035
0.00022221804
0.21032997
0.20961453
0.20768412
0.20456591
0.20062996
0.1961453
0.1912517
0.18602676
0.18051476
0.17474288
0.16872701
0.16248732
0.15605523
0.14947924
0.1428271
0.13618411
0.12964733
0.12331738
0.11728961
0.11164651
0.1064521
0.10175062
0.09756458
0.093897385
0.090736435
0.088055449
0.085817445
0.08397786
0.082487537
0.081295549
0.080351793
0.079609212
0.079025541
0.078564457
0.078196155
0.077897375
0.077650982
0.077445207
0.077272668
0.077129288
0.077013224
0.076923884
0.076861089
0.076824428
0.076812805
0.07682419
0.076855546
0.076902907
0.076961566
0.077026326
0.077091789
0.077152631
0.077203847
0.077240943
0.077260075
0.077258105
0.077232654
0.077182064
0.077105295
0.077001956
0.076872151
0.076716393
0.076535528
0.076330651
0.076103039
0.075854083
0.075585242
0.075297997
0.074993818
0.074674141
0.074340352
0.073993767
0.073635627
0.073267095
0.07288925
0.072503088
0.072109527
0.071709403
0.07130348
0.070892446
0.070476927
0.070057481
0.069634607
0.069208754
0.068780319
0.068349654
0.067917068
0.067482834
0.067047188
0.066610342
0.066172474
0.065733743
0.065294283
0.064854209
0.064413622
0.063972609
0.063531243
0.063089585
0.062647688
0.062205595
0.061763343
0.061320963
0.060878481
0.060435918
0.059993292
0.059550619
0.059107909
0.058665173
0.058222419
0.057779651
0.057336874
0.056894091
0.056451306
0.05600852
0.055565737
0.055122959
0.054680186
0.05423742
0.053794659
0.053351903
0.05290915
0.052466402
0.052023659
0.051580922
0.051138193
0.050695469
0.05025275
0.049810034
0.049367319
0.048924607
0.048481899
0.048039194
0.047596494
0.047153798
0.046711106
0.046268416
0.045825728
0.045383042
0.044940356
0.044497671
0.044054983
0.043612292
0.043169597
0.0427269
0.042284201
0.041841503
0.041398805
0.040956109
0.040513412
0.040070714
0.039628015
0.039185314
0.038742611
0.038299908
0.037857207
0.037414507
0.036971809
0.036529111
0.036086413
0.035643713
0.03520101
0.034758305
0.034315599
0.033872893
0.033430189
0.032987488
0.032544787
0.032102086
0.031659383
0.031216677
0.030773969
0.030331258
0.029888546
0.029445833
0.02900312
0.028560405
0.028117688
0.027674968
0.027232243
0.026789513
0.026346778
0.025904042
0.025461305
0.025018567
0.024575831
0.024133096
0.023690362
0.023247627
0.02280489
0.022362151
0.021919408
0.021476665
0.02103392
0.020591175
0.020148431
0.019705687
0.019262945
0.018820204
0.018377461
0.017934717
0.017491969
0.017049217
0.01660646
0.016163698
0.015720932
0.015278164
0.014835393
0.014392622
0.013949851
0.013507079
0.013064305
0.012621531
0.012178754
0.011735974
0.011293192
0.010850406
0.010407617
0.0099648263
0.0095220335
0.0090792393
0.008636444
0.0081936481
0.0077508516
0.0073080543
0.0068652555
0.0064224545
0.0059796509
0.0055368444
0.0050940351
0.0046512229
0.0042084075
0.0037655886
0.0033227656
0.0028799376
0.0024371023
0.0019942542
0.0015513874
0.0011084925
0.00066567838
0.00022214231
0.20887643
0.20837381
0.20693077
0.20447543
0.20121424
0.19731773
0.19287898
0.18795118
0.18256986
0.17675714
0.17053554
0.16393663
0.15700971
0.14982863
0.14249457
0.13513271
0.12788286
0.12088654
0.11427369
0.1081517
0.10259916
0.097663904
0.093366677
0.089701106
0.086642055
0.084148933
0.082169504
0.080643638
0.079506767
0.078693129
0.078138759
0.077784093
0.077576021
0.077469281
0.077427149
0.077421487
0.077432225
0.077446427
0.077457057
0.077461611
0.077460734
0.077456942
0.077453521
0.07745365
0.077459771
0.077473208
0.077494003
0.077520951
0.077551765
0.077583335
0.077612033
0.077634015
0.07764549
0.077642952
0.077623334
0.077584109
0.077523336
0.077439659
0.077332266
0.077200855
0.077045546
0.07686681
0.076665399
0.076442279
0.07619857
0.075935495
0.075654334
0.075356392
0.075042968
0.074715335
0.074374725
0.074022314
0.073659215
0.073286477
0.072905075
0.072515918
0.072119841
0.071717613
0.071309937
0.07089745
0.070480731
0.070060299
0.069636622
0.069210119
0.068781163
0.068350086
0.067917176
0.067482692
0.067046857
0.066609872
0.066171907
0.06573311
0.065293609
0.064853516
0.064412926
0.063971922
0.063530575
0.063088943
0.062647077
0.062205019
0.061762804
0.061320462
0.060878019
0.060435494
0.059992904
0.059550265
0.059107588
0.058664882
0.058222155
0.057779412
0.057336658
0.056893896
0.05645113
0.056008364
0.055565598
0.055122837
0.05468008
0.054237328
0.053794579
0.053351833
0.05290909
0.052466349
0.052023613
0.051580883
0.051138158
0.050695438
0.050252722
0.049810007
0.049367295
0.048924586
0.04848188
0.048039177
0.047596479
0.047153784
0.046711091
0.046268402
0.045825714
0.045383029
0.044940344
0.044497659
0.044054971
0.04361228
0.043169586
0.042726889
0.042284192
0.041841495
0.041398799
0.040956103
0.040513407
0.04007071
0.039628011
0.039185311
0.038742609
0.038299908
0.037857207
0.037414508
0.036971811
0.036529114
0.036086416
0.035643716
0.035201013
0.034758308
0.034315603
0.033872899
0.033430196
0.032987495
0.032544795
0.032102093
0.031659389
0.031216682
0.030773972
0.030331261
0.029888548
0.029445835
0.029003121
0.028560406
0.028117689
0.027674967
0.027232242
0.026789511
0.026346778
0.025904043
0.025461307
0.025018571
0.024575836
0.024133102
0.023690367
0.023247632
0.022804895
0.022362154
0.021919412
0.021476667
0.021033922
0.020591177
0.020148433
0.01970569
0.019262948
0.018820206
0.018377464
0.017934718
0.017491969
0.017049216
0.016606457
0.016163694
0.015720927
0.015278158
0.014835387
0.014392616
0.013949844
0.013507071
0.013064297
0.012621522
0.012178744
0.011735964
0.011293181
0.010850395
0.010407606
0.0099648154
0.0095220227
0.0090792287
0.008636434
0.0081936385
0.0077508424
0.0073080452
0.0068652458
0.0064224436
0.0059796379
0.0055368287
0.0050940158
0.0046511988
0.0042083772
0.0037655502
0.003322717
0.0028798761
0.0024370244
0.0019941561
0.001551265
0.0011083349
0.00066544358
0.00022205602
0.20851262
0.20811941
0.20696368
0.20493684
0.20214556
0.19868532
0.19460167
0.18991412
0.18463157
0.17875916
0.17230848
0.16530873
0.1578177
0.14993111
0.14178709
0.1335607
0.12544818
0.11764629
0.11033119
0.10364235
0.097675261
0.09248148
0.088073393
0.084432453
0.081516371
0.079266293
0.077611565
0.076473857
0.075770885
0.075419936
0.075341236
0.075460932
0.075713465
0.076043184
0.076405168
0.076765297
0.07709966
0.077393448
0.0776395
0.077836643
0.077987998
0.078099394
0.078177968
0.078231035
0.078265227
0.078285946
0.078297077
0.078300935
0.078298386
0.078289088
0.078271798
0.078244689
0.078205649
0.078152533
0.078083363
0.077996448
0.077890462
0.077764478
0.077617959
0.077450732
0.077262938
0.077054986
0.076827504
0.076581279
0.076317225
0.076036339
0.075739671
0.075428294
0.075103283
0.0747657
0.074416579
0.074056917
0.073687664
0.07330972
0.072923932
0.072531092
0.072131936
0.071727143
0.071317341
0.070903101
0.070484943
0.070063337
0.069638711
0.069211447
0.068781889
0.068350338
0.067917064
0.067482302
0.067046264
0.066609134
0.066171072
0.065732215
0.065292685
0.064852584
0.064412005
0.063971026
0.063529713
0.063088123
0.062646303
0.062204294
0.061762131
0.061319841
0.060877448
0.060434971
0.059992428
0.059549833
0.059107196
0.058664527
0.058221834
0.057779122
0.057336396
0.056893661
0.05645092
0.056008176
0.055565433
0.055122692
0.054679953
0.054237217
0.053794483
0.053351749
0.052909017
0.052466286
0.052023559
0.051580835
0.051138116
0.050695401
0.050252688
0.049809977
0.049367269
0.048924562
0.048481859
0.048039159
0.047596462
0.047153768
0.046711076
0.046268386
0.045825699
0.045383014
0.04494033
0.044497645
0.044054957
0.043612267
0.043169573
0.042726878
0.042284182
0.041841486
0.041398792
0.040956098
0.040513403
0.040070706
0.039628008
0.039185308
0.038742607
0.038299907
0.037857208
0.03741451
0.036971813
0.036529116
0.036086419
0.035643719
0.035201016
0.034758312
0.034315608
0.033872905
0.033430204
0.032987503
0.032544802
0.032102099
0.031659394
0.031216686
0.030773976
0.030331264
0.029888551
0.029445837
0.029003123
0.028560407
0.028117689
0.027674967
0.027232241
0.026789511
0.026346778
0.025904044
0.025461309
0.025018574
0.02457584
0.024133107
0.023690373
0.023247637
0.022804899
0.022362158
0.021919415
0.02147667
0.021033925
0.02059118
0.020148436
0.019705693
0.019262951
0.018820209
0.018377466
0.017934719
0.017491969
0.017049213
0.016606453
0.016163689
0.015720921
0.015278151
0.01483538
0.014392608
0.013949835
0.013507062
0.013064287
0.012621511
0.012178733
0.011735952
0.011293168
0.010850382
0.010407592
0.0099648008
0.0095220079
0.0090792141
0.0086364195
0.0081936242
0.0077508279
0.00730803
0.0068652293
0.006422425
0.0059796165
0.0055368036
0.0050939859
0.0046511628
0.0042083334
0.0037654969
0.0033226521
0.0028797973
0.0024369291
0.0019940417
0.0015511288
0.0011081745
0.00066522529
0.00022196853
0.20900437
0.20867458
0.20769935
0.20595831
0.20349763
0.20035699
0.1965392
0.19202714
0.18679571
0.18082028
0.17408771
0.16661178
0.15844851
0.14971193
0.14058346
0.13130339
0.1221442
0.1133773
0.10523922
0.097907693
0.091494414
0.086048486
0.081566427
0.078007946
0.07530748
0.073382818
0.072141222
0.071483589
0.071307871
0.071512644
0.072000813
0.072682988
0.073480146
0.074325438
0.075165095
0.075958497
0.076677486
0.077305089
0.077833836
0.078263832
0.078600758
0.078853978
0.079034839
0.079155255
0.079226618
0.079259048
0.079260947
0.079238838
0.079197411
0.079139723
0.079067488
0.078981401
0.078881459
0.078767243
0.078638142
0.078493517
0.07833282
0.078155657
0.077961825
0.077751311
0.077524284
0.077281072
0.077022137
0.076748055
0.076459488
0.076157154
0.07584182
0.075514277
0.075175331
0.074825786
0.074466439
0.07409807
0.073721432
0.073337249
0.072946208
0.072548964
0.072146131
0.071738283
0.071325952
0.070909631
0.07048977
0.070066781
0.06964104
0.069212886
0.068782625
0.068350527
0.067916832
0.067481756
0.067045488
0.066608198
0.066170031
0.065731113
0.065291556
0.064851456
0.064410898
0.063969954
0.063528688
0.063087151
0.06264539
0.062203442
0.061761341
0.061319113
0.06087678
0.060434362
0.059991873
0.059549329
0.05910674
0.058664115
0.058221462
0.057778786
0.057336094
0.05689339
0.056450678
0.056007962
0.055565244
0.055122525
0.054679807
0.054237089
0.05379437
0.053351652
0.052908932
0.052466214
0.052023496
0.051580781
0.051138068
0.050695358
0.05025265
0.049809943
0.049367239
0.048924537
0.048481837
0.04803914
0.047596444
0.04715375
0.046711059
0.04626837
0.045825683
0.045382998
0.044940314
0.044497629
0.044054942
0.043612252
0.043169559
0.042726865
0.042284171
0.041841477
0.041398784
0.040956091
0.040513397
0.040070702
0.039628004
0.039185305
0.038742606
0.038299907
0.037857209
0.037414512
0.036971815
0.036529119
0.036086421
0.035643722
0.03520102
0.034758317
0.034315614
0.033872912
0.033430211
0.03298751
0.032544808
0.032102104
0.031659398
0.03121669
0.030773979
0.030331267
0.029888554
0.02944584
0.029003125
0.028560409
0.028117689
0.027674966
0.02723224
0.02678951
0.026346779
0.025904046
0.025461312
0.025018578
0.024575845
0.024133112
0.023690378
0.023247642
0.022804903
0.022362162
0.021919418
0.021476673
0.021033928
0.020591183
0.020148439
0.019705696
0.019262955
0.018820212
0.018377467
0.017934719
0.017491967
0.01704921
0.016606448
0.016163683
0.015720914
0.015278143
0.014835371
0.014392599
0.013949825
0.013507051
0.013064275
0.012621498
0.012178719
0.011735937
0.011293153
0.010850365
0.010407575
0.0099647832
0.0095219902
0.0090791963
0.0086364015
0.0081936058
0.0077508089
0.0073080098
0.0068652073
0.0064224005
0.0059795887
0.0055367714
0.0050939481
0.0046511181
0.0042082803
0.0037654338
0.0033225776
0.0028797098
0.002436827
0.0019939239
0.0015509946
0.0011080269
0.00066504169
0.00022188855
0.21021374
0.20992559
0.20907382
0.20753539
0.20531772
0.20241849
0.19880189
0.19441207
0.18918339
0.18305011
0.17596015
0.16789724
0.15890334
0.14910816
0.1387497
0.12816019
0.11771976
0.10780256
0.098722046
0.090696899
0.083847585
0.078206633
0.073738886
0.070366903
0.067993803
0.066508167
0.065791945
0.065723585
0.066180105
0.067040354
0.068189069
0.069520713
0.070942454
0.072376103
0.073759066
0.075044341
0.076199708
0.077206243
0.0780564
0.078751802
0.079300964
0.079717096
0.080016115
0.080214958
0.080330249
0.080377338
0.080369694
0.080318605
0.080233128
0.080120236
0.079985073
0.079831275
0.079661306
0.079476767
0.079278648
0.079067545
0.078843814
0.078607684
0.078359333
0.078098935
0.077826685
0.077542819
0.077247614
0.076941392
0.076624517
0.0762974
0.075960485
0.075614237
0.07525915
0.074895738
0.074524527
0.074146051
0.073760833
0.073369393
0.07297224
0.072569869
0.072162753
0.071751343
0.071336066
0.070917319
0.070495472
0.070070871
0.069643831
0.069214641
0.068783559
0.068350821
0.067916635
0.067481189
0.067044653
0.066607174
0.066168883
0.065729893
0.065290303
0.064850202
0.064409666
0.063968763
0.063527548
0.063086071
0.062644375
0.062202497
0.061760465
0.061318305
0.060876039
0.060433684
0.059991256
0.059548769
0.059106233
0.058663657
0.058221049
0.057778415
0.057335761
0.056893092
0.056450413
0.056007726
0.055565035
0.055122341
0.054679644
0.054236946
0.053794245
0.053351543
0.052908838
0.052466132
0.052023426
0.051580719
0.051138014
0.05069531
0.050252607
0.049809907
0.049367208
0.048924511
0.048481814
0.048039119
0.047596425
0.047153732
0.046711041
0.046268352
0.045825666
0.045382981
0.044940298
0.044497613
0.044054925
0.043612235
0.043169544
0.042726851
0.042284159
0.041841468
0.041398777
0.040956085
0.040513392
0.040070697
0.039628
0.039185303
0.038742605
0.038299907
0.03785721
0.037414514
0.036971818
0.036529122
0.036086425
0.035643726
0.035201025
0.034758323
0.03431562
0.033872919
0.033430218
0.032987516
0.032544814
0.032102109
0.031659402
0.031216693
0.030773983
0.030331271
0.029888558
0.029445843
0.029003127
0.02856041
0.02811769
0.027674966
0.02723224
0.026789511
0.02634678
0.025904048
0.025461315
0.025018582
0.024575849
0.024133117
0.023690383
0.023247646
0.022804907
0.022362165
0.021919422
0.021476677
0.021033931
0.020591186
0.020148443
0.019705701
0.019262958
0.018820215
0.018377469
0.017934719
0.017491965
0.017049206
0.016606443
0.016163676
0.015720906
0.015278135
0.014835362
0.014392588
0.013949814
0.013507039
0.013064263
0.012621485
0.012178704
0.011735921
0.011293135
0.010850346
0.010407556
0.0099647635
0.0095219703
0.009079176
0.0086363807
0.0081935843
0.0077507863
0.0073079858
0.0068651814
0.0064223718
0.0059795565
0.0055367345
0.0050939052
0.0046510681
0.0042082221
0.0037653664
0.0033225
0.0028796211
0.0024367268
0.0019938125
0.001550873
0.0011079009
0.00066489984
0.00022182195
0.2120489
0.21179254
0.21103626
0.20965815
0.20763815
0.20493969
0.20149022
0.19719205
0.19193084
0.1855864
0.17804927
0.1692535
0.1592092
0.14806119
0.13613165
0.12389173
0.11187938
0.1006124
0.09049708
0.081784626
0.074583631
0.068881843
0.064583607
0.061554252
0.059657514
0.058748426
0.058683395
0.059319509
0.060513745
0.062125603
0.064021773
0.0660807
0.068195984
0.070278501
0.07225734
0.074079724
0.075710002
0.077127932
0.078326473
0.079309288
0.080088184
0.080680632
0.081107502
0.081391125
0.081553726
0.081616271
0.081597677
0.081514376
0.081380173
0.081206309
0.081001684
0.080773167
0.080525935
0.080263809
0.079989545
0.079705094
0.079411804
0.079110586
0.078802033
0.07848652
0.07816427
0.077835415
0.077500027
0.077158157
0.076809853
0.076455178
0.076094217
0.075727095
0.075353969
0.074975032
0.074590514
0.074200683
0.073805808
0.073406185
0.073002127
0.072593953
0.072181981
0.071766526
0.071347894
0.070926381
0.070502268
0.070075821
0.06964729
0.069216904
0.068784874
0.068351391
0.067916631
0.067480751
0.067043894
0.066606187
0.066167741
0.065728656
0.065289018
0.064848905
0.064408385
0.063967516
0.063526352
0.063084935
0.062643307
0.062201499
0.061759538
0.061317449
0.060875251
0.060432963
0.059990598
0.059548171
0.059105692
0.058663169
0.058220609
0.057778019
0.057335407
0.056892776
0.056450132
0.056007477
0.055564814
0.055122144
0.05467947
0.054236792
0.053794111
0.053351425
0.052908736
0.052466044
0.052023349
0.051580652
0.051137955
0.050695258
0.050252562
0.049809868
0.049367175
0.048924483
0.04848179
0.048039097
0.047596405
0.047153712
0.046711022
0.046268334
0.045825648
0.045382964
0.04494028
0.044497595
0.044054908
0.043612219
0.043169528
0.042726838
0.042284148
0.041841458
0.041398769
0.040956078
0.040513386
0.040070692
0.039627997
0.0391853
0.038742603
0.038299907
0.037857211
0.037414516
0.036971821
0.036529125
0.036086428
0.03564373
0.03520103
0.034758328
0.034315627
0.033872925
0.033430224
0.032987522
0.032544818
0.032102112
0.031659405
0.031216697
0.030773986
0.030331274
0.029888561
0.029445846
0.02900313
0.028560411
0.028117691
0.027674967
0.027232241
0.026789513
0.026346782
0.025904051
0.025461319
0.025018586
0.024575854
0.024133121
0.023690387
0.02324765
0.022804911
0.022362169
0.021919425
0.02147668
0.021033935
0.02059119
0.020148447
0.019705705
0.019262962
0.018820217
0.01837747
0.017934719
0.017491963
0.017049202
0.016606437
0.016163669
0.015720898
0.015278125
0.014835351
0.014392577
0.013949802
0.013507026
0.013064249
0.01262147
0.012178688
0.011735903
0.011293116
0.010850326
0.010407535
0.0099647425
0.0095219487
0.0090791538
0.0086363578
0.0081935607
0.0077507617
0.0073079597
0.0068651532
0.0064223409
0.0059795217
0.0055366949
0.0050938598
0.0046510161
0.0042081629
0.0037652993
0.0033224244
0.002879537
0.0024366343
0.0019937132
0.0015507694
0.0011077997
0.00066479841
0.00022177104
0.21443845
0.21421126
0.21354215
0.21231244
0.21048009
0.207978
0.20469666
0.20049156
0.19518867
0.18859546
0.18051839
0.17081188
0.15942391
0.14651999
0.13256424
0.11824704
0.10433809
0.091555026
0.080403282
0.071129187
0.063782859
0.058257132
0.054351546
0.051863001
0.050603654
0.050401178
0.051094932
0.052527204
0.054539055
0.056972749
0.059677913
0.062517541
0.065372147
0.06814215
0.070748883
0.073134436
0.075260438
0.077106048
0.078665419
0.079944874
0.080960035
0.081733062
0.082290134
0.082659267
0.082868538
0.082944742
0.082912443
0.082793411
0.08260637
0.082366997
0.082088103
0.081779921
0.081450458
0.081105848
0.080750683
0.080388324
0.080021148
0.07965077
0.079278213
0.078904058
0.078528555
0.078151723
0.077773424
0.077393422
0.077011437
0.076627174
0.076240353
0.075850731
0.07545811
0.075062356
0.074663381
0.074261219
0.073855816
0.073447248
0.073035623
0.072621074
0.072203752
0.071783829
0.071361483
0.070936899
0.070510262
0.070081752
0.069651545
0.06921981
0.068786704
0.068352372
0.06791695
0.067480565
0.067043329
0.066605347
0.066166708
0.065727497
0.065287787
0.064847643
0.064407124
0.06396628
0.063525158
0.063083796
0.06264223
0.062200489
0.061758597
0.061316576
0.060874446
0.060432223
0.059989923
0.059547557
0.059105136
0.058662666
0.058220156
0.057777613
0.057335043
0.056892452
0.056449843
0.05600722
0.055564585
0.055121941
0.05467929
0.054236633
0.05379397
0.053351303
0.052908629
0.05246595
0.052023267
0.05158058
0.051137892
0.050695203
0.050252515
0.049809828
0.049367141
0.048924453
0.048481764
0.048039074
0.047596383
0.047153692
0.046711003
0.046268315
0.04582563
0.045382947
0.044940263
0.044497578
0.04405489
0.043612202
0.043169513
0.042726824
0.042284136
0.041841449
0.041398761
0.040956072
0.04051338
0.040070687
0.039627993
0.039185298
0.038742602
0.038299907
0.037857212
0.037414518
0.036971824
0.036529129
0.036086433
0.035643735
0.035201035
0.034758334
0.034315633
0.033872931
0.033430229
0.032987526
0.032544821
0.032102115
0.031659408
0.0312167
0.030773989
0.030331277
0.029888564
0.029445849
0.029003132
0.028560413
0.028117692
0.027674968
0.027232243
0.026789515
0.026346785
0.025904054
0.025461322
0.02501859
0.024575858
0.024133126
0.023690391
0.023247654
0.022804914
0.022362172
0.021919428
0.021476684
0.021033939
0.020591195
0.020148452
0.019705709
0.019262966
0.01882022
0.018377471
0.017934718
0.01749196
0.017049198
0.016606431
0.016163661
0.015720889
0.015278115
0.014835341
0.014392566
0.01394979
0.013507013
0.013064235
0.012621454
0.012178671
0.011735885
0.011293096
0.010850306
0.010407514
0.0099647204
0.009521926
0.0090791305
0.0086363339
0.0081935361
0.0077507361
0.0073079328
0.0068651242
0.0064223089
0.005979486
0.0055366547
0.0050938146
0.0046509652
0.0042081058
0.0037652356
0.0033223542
0.0028794604
0.0024365525
0.0019936285
0.0015506852
0.0011077223
0.00066473104
0.00022173517
0.21731712
0.21712157
0.21654584
0.21547682
0.21385324
0.21157911
0.20850654
0.20443772
0.19912474
0.19227861
0.18358274
0.17276556
0.15965827
0.14446768
0.12791943
0.11105991
0.094983413
0.080661184
0.068669788
0.059158483
0.052034211
0.047022145
0.043769972
0.042000387
0.041483988
0.042045771
0.043529079
0.045775727
0.048618621
0.051885662
0.055409953
0.059038895
0.06263965
0.066101915
0.069339118
0.072288254
0.074908463
0.077178662
0.079094607
0.080665693
0.081911722
0.08285984
0.083541744
0.083991269
0.084242415
0.084327834
0.084277736
0.084119207
0.083875863
0.083567788
0.08321167
0.082821086
0.082406845
0.081977373
0.081539083
0.081096727
0.080653697
0.080212299
0.079773978
0.079339513
0.078909179
0.078482883
0.07806027
0.077640821
0.077223923
0.076808924
0.07639518
0.075982083
0.075569082
0.075155686
0.074741433
0.074326344
0.073909823
0.073491777
0.073072112
0.072650768
0.07222773
0.071803018
0.07137668
0.070948784
0.070519412
0.070088658
0.069656621
0.069223405
0.06878911
0.068353834
0.067917671
0.067480712
0.067043039
0.066604732
0.066165861
0.06572649
0.065286679
0.064846481
0.064405943
0.063965109
0.063524016
0.063082699
0.062641186
0.062199504
0.061757674
0.061315717
0.06087365
0.060431491
0.059989254
0.059546948
0.059104582
0.058662165
0.058219705
0.057777208
0.05733468
0.056892128
0.056449555
0.056006963
0.055564356
0.055121737
0.054679108
0.054236472
0.053793828
0.053351177
0.052908519
0.052465854
0.052023182
0.051580506
0.051137827
0.050695147
0.050252467
0.049809787
0.049367106
0.048924422
0.048481737
0.048039049
0.04759636
0.047153671
0.046710984
0.046268298
0.045825613
0.04538293
0.044940246
0.04449756
0.044054874
0.043612186
0.043169498
0.042726812
0.042284126
0.04184144
0.041398753
0.040956065
0.040513374
0.040070682
0.039627989
0.039185295
0.038742601
0.038299907
0.037857213
0.03741452
0.036971827
0.036529133
0.036086437
0.03564374
0.035201041
0.03475834
0.034315639
0.033872937
0.033430233
0.032987529
0.032544823
0.032102117
0.03165941
0.031216702
0.030773992
0.03033128
0.029888566
0.029445851
0.029003135
0.028560416
0.028117694
0.027674971
0.027232245
0.026789517
0.026346788
0.025904057
0.025461325
0.025018594
0.024575862
0.02413313
0.023690395
0.023247657
0.022804917
0.022362175
0.021919432
0.021476687
0.021033943
0.0205912
0.020148457
0.019705714
0.019262969
0.018820222
0.018377472
0.017934717
0.017491957
0.017049193
0.016606425
0.016163653
0.01572088
0.015278105
0.01483533
0.014392554
0.013949778
0.013507
0.013064221
0.012621438
0.012178654
0.011735866
0.011293077
0.010850285
0.010407492
0.009964698
0.0095219029
0.009079107
0.00863631
0.0081935116
0.0077507108
0.0073079059
0.0068650952
0.0064222772
0.0059794511
0.0055366159
0.0050937715
0.0046509174
0.0042080528
0.0037651774
0.003322291
0.0028793931
0.0024364828
0.0019935588
0.0015506193
0.0011076653
0.00066468943
0.00022171183
0.22061465
0.22045718
0.21999264
0.21911691
0.21775156
0.21577331
0.21299501
0.20915912
0.20392701
0.19688126
0.18752522
0.17539473
0.16011846
0.14200604
0.12226248
0.10251552
0.084286668
0.0687573
0.056406408
0.047147763
0.040680511
0.036498122
0.034083386
0.033074847
0.033262215
0.034504873
0.036676273
0.039636759
0.043221164
0.047245464
0.051525113
0.055889927
0.060191682
0.064307489
0.068141322
0.071623969
0.074711363
0.077381767
0.079632342
0.081475478
0.082935142
0.084043435
0.084837511
0.085356918
0.085641423
0.085729337
0.085656297
0.085454473
0.085152147
0.084773589
0.084339173
0.083865638
0.08336645
0.082852202
0.082331028
0.08180899
0.081290439
0.080778326
0.080274491
0.079779898
0.079294837
0.0788191
0.078352125
0.077893113
0.077441131
0.076995183
0.076554267
0.076117424
0.075683768
0.075252513
0.074823027
0.074394371
0.073966396
0.073538606
0.073110655
0.072682291
0.072253329
0.07182364
0.071393138
0.070961774
0.07052953
0.070096408
0.069662434
0.069227641
0.068792073
0.068355778
0.067918809
0.067481219
0.06704306
0.066604385
0.066165243
0.06572568
0.06528574
0.064845464
0.064404887
0.063964044
0.063522965
0.063081679
0.062640207
0.062198574
0.061756797
0.061314897
0.060872889
0.06043079
0.05998861
0.05954636
0.059104048
0.058661681
0.058219268
0.057776815
0.057334329
0.056891814
0.056449274
0.056006712
0.055564132
0.055121537
0.054678931
0.054236314
0.053793688
0.053351053
0.05290841
0.052465757
0.052023097
0.051580432
0.051137763
0.050695092
0.050252419
0.049809745
0.049367069
0.04892439
0.048481708
0.048039023
0.047596337
0.047153651
0.046710965
0.046268281
0.045825597
0.045382914
0.04494023
0.044497544
0.044054858
0.043612171
0.043169485
0.0427268
0.042284116
0.041841431
0.041398745
0.040956058
0.040513368
0.040070677
0.039627985
0.039185293
0.0387426
0.038299907
0.037857215
0.037414523
0.03697183
0.036529137
0.036086442
0.035643745
0.035201046
0.034758346
0.034315644
0.033872941
0.033430236
0.032987531
0.032544825
0.032102118
0.031659411
0.031216703
0.030773994
0.030331282
0.029888569
0.029445854
0.029003138
0.028560419
0.028117697
0.027674973
0.027232248
0.02678952
0.02634679
0.02590406
0.025461329
0.025018598
0.024575867
0.024133134
0.023690398
0.02324766
0.02280492
0.022362178
0.021919435
0.021476692
0.021033948
0.020591205
0.020148462
0.019705718
0.019262972
0.018820224
0.018377472
0.017934715
0.017491954
0.017049188
0.016606418
0.016163645
0.015720871
0.015278096
0.01483532
0.014392544
0.013949766
0.013506987
0.013064206
0.012621423
0.012178637
0.011735848
0.011293057
0.010850265
0.010407471
0.0099646758
0.0095218804
0.0090790842
0.0086362869
0.008193488
0.0077506862
0.0073078797
0.006865067
0.0064222469
0.0059794181
0.0055365799
0.0050937318
0.0046508736
0.0042080048
0.0037651254
0.0033222356
0.0028793356
0.0024364249
0.001993503
0.0015505688
0.0011076242
0.00066466554
0.00022169792
0.22424702
0.22413717
0.2238107
0.22317746
0.22214488
0.22056592
0.21821672
0.21477759
0.20980412
0.20271083
0.19273302
0.17911964
0.1612078
0.13963742
0.11641154
0.093929817
0.074201877
0.058332228
0.04611965
0.037253299
0.031499608
0.028137758
0.026429178
0.026012418
0.026723314
0.028461155
0.031133202
0.034626907
0.038785907
0.043417398
0.048320513
0.053307464
0.058213238
0.062900032
0.067259945
0.071215521
0.074717916
0.077743555
0.080290128
0.082372367
0.084017885
0.085263303
0.08615082
0.086725284
0.087031808
0.087113931
0.087012274
0.086763663
0.086400634
0.085951272
0.085439293
0.084884308
0.084302186
0.083705484
0.083103892
0.082504658
0.081912992
0.081332433
0.080765169
0.080212325
0.079674195
0.079150456
0.078640344
0.0781428
0.077656586
0.077180378
0.07671284
0.076252678
0.075798679
0.075349735
0.074904854
0.074463104
0.074023806
0.073586311
0.073150084
0.072714688
0.072279775
0.07184507
0.071410359
0.070975478
0.070540308
0.070104768
0.069668804
0.069232385
0.068795497
0.06835814
0.067920323
0.067482064
0.067043384
0.066604309
0.066164867
0.065725085
0.065284992
0.064844615
0.06440398
0.063963111
0.06352203
0.063080759
0.062639316
0.062197721
0.061755989
0.061314137
0.060872182
0.060430136
0.059988009
0.05954581
0.059103546
0.058661226
0.058218856
0.057776444
0.057333996
0.056891516
0.056449008
0.056006474
0.05556392
0.055121347
0.054678761
0.054236163
0.053793554
0.053350934
0.052908303
0.052465663
0.052023014
0.051580359
0.051137699
0.050695037
0.050252371
0.049809703
0.049367031
0.048924356
0.048481678
0.048038997
0.047596314
0.047153631
0.046710947
0.046268265
0.045825582
0.045382899
0.044940215
0.04449753
0.044054844
0.043612158
0.043169474
0.04272679
0.042284107
0.041841423
0.041398737
0.04095605
0.040513361
0.040070672
0.039627981
0.03918529
0.038742599
0.038299908
0.037857217
0.037414525
0.036971834
0.036529141
0.036086447
0.03564375
0.035201052
0.034758351
0.034315648
0.033872944
0.033430239
0.032987532
0.032544825
0.032102119
0.031659412
0.031216704
0.030773995
0.030331284
0.029888571
0.029445857
0.029003141
0.028560422
0.0281177
0.027674976
0.02723225
0.026789523
0.026346793
0.025904063
0.025461333
0.025018602
0.02457587
0.024133137
0.023690401
0.023247663
0.022804923
0.022362181
0.021919439
0.021476696
0.021033953
0.020591211
0.020148467
0.019705723
0.019262976
0.018820226
0.018377472
0.017934713
0.01749195
0.017049183
0.016606411
0.016163637
0.015720862
0.015278087
0.01483531
0.014392533
0.013949755
0.013506975
0.013064193
0.012621408
0.012178621
0.011735831
0.011293039
0.010850245
0.01040745
0.0099646547
0.0095218591
0.0090790627
0.0086362651
0.0081934655
0.0077506625
0.0073078547
0.0068650407
0.0064222189
0.005979388
0.0055365471
0.0050936959
0.0046508343
0.0042079622
0.0037650801
0.0033221885
0.0028792877
0.0024363777
0.0019934587
0.0015505306
0.0011075951
0.00066465294
0.00022169054
0.22810964
0.22805902
0.2279034
0.2275732
0.22696671
0.22592045
0.22418311
0.22138154
0.21696677
0.2101588
0.19981668
0.18477197
0.16395797
0.13907358
0.11338849
0.089346659
0.068811215
0.052921094
0.040210684
0.030607565
0.025108451
0.02223137
0.021009622
0.020982743
0.02200514
0.024046431
0.027049979
0.030927298
0.035517249
0.040608374
0.045986353
0.051454075
0.0568359
0.06198103
0.066769166
0.071113352
0.074958553
0.078278
0.081068698
0.083346673
0.085142275
0.086495839
0.087453864
0.088065791
0.088381397
0.088448791
0.088312949
0.088014754
0.087590444
0.087071416
0.086484293
0.085851176
0.085190023
0.084515098
0.08383744
0.083165326
0.082504712
0.08185964
0.081232599
0.080624837
0.080036641
0.079467574
0.078916681
0.078382658
0.077863985
0.077359035
0.076866161
0.076383762
0.075910323
0.075444447
0.074984868
0.074530454
0.074080235
0.073633363
0.073189116
0.072746892
0.072306185
0.071866582
0.071427747
0.07098941
0.070551357
0.070113424
0.069675484
0.069237443
0.068799233
0.068360804
0.067922127
0.067483184
0.067043967
0.066604475
0.066164716
0.065724698
0.065284435
0.064843942
0.064403231
0.06396232
0.063521223
0.063079953
0.062638527
0.062196959
0.061755263
0.061313454
0.060871544
0.060429544
0.059987463
0.059545308
0.059103087
0.058660807
0.058218477
0.057776102
0.057333689
0.056891241
0.056448761
0.056006254
0.055563722
0.055121171
0.054678603
0.054236022
0.053793428
0.053350821
0.052908203
0.052465574
0.052022936
0.05158029
0.051137639
0.050694983
0.050252324
0.04980966
0.049366993
0.048924322
0.048481648
0.048038971
0.047596292
0.047153612
0.046710931
0.04626825
0.045825568
0.045382886
0.044940202
0.044497517
0.044054832
0.043612148
0.043169464
0.042726782
0.042284099
0.041841415
0.04139873
0.040956043
0.040513355
0.040070667
0.039627978
0.039185288
0.038742599
0.038299908
0.037857218
0.037414528
0.036971837
0.036529145
0.036086451
0.035643755
0.035201056
0.034758355
0.034315652
0.033872947
0.03343024
0.032987533
0.032544825
0.032102118
0.031659411
0.031216704
0.030773995
0.030331285
0.029888574
0.02944586
0.029003144
0.028560425
0.028117704
0.02767498
0.027232254
0.026789526
0.026346796
0.025904066
0.025461336
0.025018605
0.024575873
0.024133139
0.023690403
0.023247665
0.022804925
0.022362185
0.021919443
0.021476701
0.021033959
0.020591216
0.020148472
0.019705727
0.019262979
0.018820227
0.018377472
0.017934711
0.017491946
0.017049177
0.016606405
0.01616363
0.015720855
0.015278078
0.014835301
0.014392523
0.013949744
0.013506963
0.01306418
0.012621394
0.012178606
0.011735815
0.011293021
0.010850226
0.010407431
0.0099646354
0.0095218394
0.0090790427
0.0086362446
0.0081934443
0.0077506405
0.0073078319
0.0068650168
0.0064221936
0.0059793609
0.0055365176
0.0050936638
0.0046507997
0.0042079255
0.0037650417
0.0033221492
0.0028792483
0.0024363397
0.001993424
0.0015505018
0.0011075745
0.00066464708
0.00022168731
0.23207311
0.23209379
0.23214312
0.23217969
0.23209992
0.23173543
0.23082446
0.22896411
0.22553485
0.21960769
0.20970568
0.19430248
0.17135255
0.14447011
0.11909126
0.094719556
0.068204997
0.045738944
0.032788911
0.025958799
0.022688129
0.021173187
0.020510613
0.020406873
0.020985577
0.02251931
0.025148899
0.028910884
0.033613599
0.038943776
0.044617138
0.050405951
0.056120183
0.061595583
0.066699111
0.071333839
0.075437692
0.078979567
0.081954569
0.084378829
0.086284314
0.08771402
0.088717753
0.089348616
0.089660171
0.089704267
0.089529462
0.08917998
0.088695118
0.088109015
0.087450701
0.086744347
0.086009651
0.085262299
0.084514456
0.083775258
0.083051281
0.082346982
0.081665084
0.081006929
0.080372778
0.079762084
0.079173712
0.078606128
0.078057555
0.077526093
0.077009815
0.07650684
0.076015383
0.075533788
0.075060547
0.074594307
0.074133879
0.073678229
0.07322646
0.072777811
0.072331641
0.071887409
0.071444666
0.071003044
0.070562243
0.070122021
0.069682185
0.069242581
0.06880309
0.068363621
0.067924104
0.067484488
0.067044739
0.066604832
0.066164752
0.065724493
0.065284052
0.064843432
0.064402636
0.063961671
0.063520545
0.063079267
0.062637848
0.062196298
0.06175463
0.061312855
0.060870983
0.060429021
0.059986979
0.059544861
0.059102677
0.058660433
0.058218137
0.057775795
0.057333413
0.056890993
0.056448539
0.056006054
0.055563544
0.055121012
0.054678461
0.054235894
0.053793313
0.053350718
0.052908111
0.052465492
0.052022864
0.051580227
0.051137583
0.050694933
0.050252278
0.049809619
0.049366955
0.048924289
0.048481619
0.048038946
0.047596271
0.047153594
0.046710916
0.046268237
0.045825556
0.045382874
0.044940191
0.044497507
0.044054823
0.04361214
0.043169457
0.042726774
0.042284091
0.041841407
0.041398722
0.040956036
0.040513349
0.040070662
0.039627975
0.039185287
0.038742598
0.038299909
0.03785722
0.03741453
0.03697184
0.036529149
0.036086455
0.035643759
0.035201061
0.034758359
0.034315655
0.033872948
0.03343024
0.032987532
0.032544825
0.032102118
0.031659411
0.031216703
0.030773995
0.030331286
0.029888575
0.029445863
0.029003147
0.028560429
0.028117707
0.027674983
0.027232257
0.026789529
0.0263468
0.02590407
0.025461339
0.025018608
0.024575876
0.024133141
0.023690405
0.023247667
0.022804928
0.022362188
0.021919448
0.021476706
0.021033964
0.020591221
0.020148477
0.019705731
0.019262982
0.018820229
0.018377471
0.017934709
0.017491943
0.017049172
0.016606399
0.016163624
0.015720848
0.015278071
0.014835293
0.014392514
0.013949734
0.013506952
0.013064168
0.012621382
0.012178592
0.0117358
0.011293005
0.01085021
0.010407414
0.0099646178
0.0095218215
0.0090790243
0.0086362258
0.0081934251
0.0077506209
0.0073078116
0.0068649956
0.0064221712
0.0059793367
0.0055364915
0.0050936359
0.0046507702
0.0042078946
0.0037650098
0.0033221167
0.0028792162
0.0024363093
0.001993397
0.0015504804
0.0011075602
0.00066464481
0.00022168641
0.23598228
0.23608467
0.23636822
0.23682721
0.23736507
0.23782279
0.23794935
0.23734171
0.23535611
0.23102643
0.22296428
0.21036416
0.18915034
0.16086604
0.12956294
0.095150503
0.063053072
0.041565902
0.030628013
0.025947845
0.024419981
0.023930839
0.023683792
0.023561006
0.023714098
0.024416738
0.026303028
0.029388351
0.033602214
0.03868663
0.044316587
0.050193391
0.056067322
0.061732661
0.067032077
0.071854681
0.076129514
0.079819785
0.082917442
0.085437496
0.087412328
0.088886421
0.089911779
0.090544109
0.090839766
0.090853421
0.090636368
0.090235416
0.089692245
0.089043142
0.088319034
0.087545735
0.08674433
0.085931641
0.085120737
0.084321437
0.083540812
0.082783637
0.082052814
0.081349739
0.080674636
0.080026842
0.079405055
0.078807533
0.078232268
0.077677115
0.077139899
0.076618494
0.076110874
0.075615157
0.07512962
0.074652715
0.074183068
0.073719474
0.073260886
0.072806403
0.072355259
0.071906803
0.071460487
0.071015854
0.070572527
0.070130195
0.069688604
0.06924755
0.068806867
0.068366425
0.06792612
0.067485871
0.067045618
0.066605314
0.066164926
0.065724431
0.065283814
0.064843065
0.064402178
0.063961154
0.063519992
0.063078699
0.062637279
0.062195742
0.061754095
0.061312346
0.060870503
0.060428572
0.059986561
0.059544475
0.059102321
0.058660108
0.058217841
0.057775528
0.057333171
0.056890776
0.056448344
0.056005879
0.055563387
0.055120872
0.054678335
0.054235782
0.053793212
0.053350627
0.052908029
0.05246542
0.052022799
0.051580169
0.051137531
0.050694886
0.050252235
0.049809579
0.04936692
0.048924257
0.048481591
0.048038923
0.047596252
0.047153578
0.046710903
0.046268225
0.045825545
0.045382864
0.044940183
0.0444975
0.044054817
0.043612134
0.043169452
0.042726769
0.042284085
0.0418414
0.041398715
0.040956029
0.040513344
0.040070658
0.039627973
0.039185286
0.038742598
0.03829991
0.037857221
0.037414532
0.036971842
0.036529152
0.036086459
0.035643763
0.035201064
0.034758362
0.034315657
0.033872949
0.03343024
0.032987532
0.032544824
0.032102117
0.03165941
0.031216703
0.030773995
0.030331287
0.029888577
0.029445865
0.02900315
0.028560431
0.02811771
0.027674986
0.02723226
0.026789532
0.026346803
0.025904073
0.025461342
0.02501861
0.024575877
0.024133142
0.023690406
0.023247669
0.022804931
0.022362192
0.021919452
0.021476711
0.021033969
0.020591226
0.020148482
0.019705735
0.019262984
0.01882023
0.01837747
0.017934707
0.017491939
0.017049167
0.016606393
0.016163618
0.015720841
0.015278063
0.014835285
0.014392506
0.013949726
0.013506943
0.013064158
0.01262137
0.012178579
0.011735786
0.011292991
0.010850195
0.010407399
0.0099646022
0.0095218054
0.0090790079
0.0086362094
0.0081934086
0.0077506042
0.0073077942
0.0068649771
0.0064221513
0.0059793155
0.0055364691
0.0050936123
0.0046507456
0.004207869
0.0037649835
0.0033220902
0.0028791904
0.0024362855
0.0019933765
0.0015504647
0.0011075501
0.00066464412
0.0002216866
0.23966005
0.23985035
0.2403853
0.24130096
0.24251705
0.24389929
0.24522929
0.24612885
0.24594301
0.24364829
0.2380838
0.22993331
0.21405277
0.18348791
0.14110696
0.093645351
0.056671655
0.038282963
0.030975052
0.027809394
0.026624394
0.026200283
0.025987583
0.025940121
0.026194116
0.026998655
0.028522138
0.031146806
0.034896181
0.039616022
0.045019557
0.050789728
0.056640219
0.062339209
0.067707728
0.072615338
0.076976565
0.08074535
0.083908323
0.086477841
0.088485394
0.089975761
0.091002013
0.091621402
0.091892092
0.091870662
0.09161032
0.091159724
0.090562286
0.089855878
0.089072846
0.088240239
0.087380198
0.086510412
0.085644638
0.084793219
0.083963591
0.083160768
0.082387767
0.081646009
0.080935663
0.080255956
0.079605428
0.078982153
0.078383919
0.077808369
0.077253112
0.07671581
0.076194235
0.075686308
0.075190128
0.074703977
0.074226326
0.073755825
0.073291298
0.072831726
0.072376231
0.07192408
0.071474628
0.071027347
0.070581793
0.070137596
0.069694452
0.069252109
0.068810365
0.068369054
0.067928043
0.067487225
0.067046516
0.066605851
0.066165181
0.065724468
0.065283686
0.064842815
0.06440184
0.063960755
0.063519556
0.063078244
0.06263682
0.062195289
0.061753656
0.061311926
0.060870105
0.060428199
0.059986212
0.059544151
0.059102023
0.058659835
0.058217593
0.057775303
0.057332968
0.056890592
0.056448178
0.056005731
0.055563255
0.055120753
0.054678229
0.054235686
0.053793125
0.05335055
0.05290796
0.052465357
0.052022744
0.051580119
0.051137485
0.050694844
0.050252196
0.049809543
0.049366887
0.048924229
0.048481568
0.048038903
0.047596235
0.047153564
0.04671089
0.046268214
0.045825536
0.045382857
0.044940176
0.044497495
0.044054813
0.043612131
0.043169448
0.042726764
0.042284079
0.041841394
0.041398708
0.040956024
0.04051334
0.040070656
0.039627971
0.039185285
0.038742598
0.03829991
0.037857221
0.037414533
0.036971844
0.036529154
0.036086461
0.035643766
0.035201066
0.034758363
0.034315657
0.033872949
0.03343024
0.032987531
0.032544823
0.032102116
0.031659409
0.031216702
0.030773995
0.030331287
0.029888578
0.029445866
0.029003152
0.028560434
0.028117713
0.027674989
0.027232263
0.026789535
0.026346805
0.025904075
0.025461344
0.025018612
0.024575878
0.024133144
0.023690408
0.023247672
0.022804934
0.022362195
0.021919456
0.021476715
0.021033974
0.020591231
0.020148486
0.019705739
0.019262987
0.01882023
0.018377469
0.017934704
0.017491935
0.017049163
0.016606388
0.016163612
0.015720835
0.015278057
0.014835279
0.0143925
0.013949719
0.013506935
0.013064149
0.01262136
0.012178569
0.011735774
0.011292979
0.010850182
0.010407385
0.0099645885
0.0095217915
0.009078994
0.0086361956
0.008193395
0.00775059
0.0073077792
0.006864961
0.0064221342
0.0059792976
0.0055364506
0.005093593
0.0046507253
0.0042078479
0.003764962
0.003322069
0.0028791703
0.0024362673
0.001993361
0.0015504529
0.0011075428
0.00066464402
0.00022168728
0.24291653
0.24319408
0.24397821
0.24534957
0.24725269
0.24959328
0.25221105
0.25479086
0.25670867
0.25682327
0.25342839
0.24548925
0.22829913
0.20681176
0.1378054
0.076359416
0.047402873
0.038082448
0.03248807
0.028262493
0.027384635
0.027300974
0.027286409
0.027443361
0.027927048
0.028905636
0.030563587
0.033126528
0.036679112
0.041143507
0.046305753
0.051889369
0.057619583
0.063255755
0.068602558
0.07351383
0.077891434
0.081680252
0.084860933
0.087442117
0.08945326
0.090938316
0.091950372
0.092547253
0.09278803
0.092730374
0.092428677
0.091932793
0.091287293
0.090531137
0.089697665
0.088814808
0.087905461
0.086987941
0.0860765
0.085181855
0.084311705
0.083471216
0.082663478
0.081889905
0.081150607
0.080444703
0.079770594
0.079126195
0.07850912
0.077916834
0.077346769
0.07679641
0.076263362
0.07574539
0.075240445
0.074746671
0.074262413
0.073786204
0.073316762
0.072852973
0.072393878
0.071938643
0.071486578
0.071037087
0.070589672
0.070143914
0.069699466
0.069256041
0.068813403
0.068371359
0.067929749
0.067488447
0.067047348
0.066606374
0.066165461
0.06572456
0.065283633
0.064842653
0.0644016
0.06396046
0.063519227
0.063077895
0.062636464
0.062194936
0.061753311
0.061311594
0.060869789
0.0604279
0.059985932
0.059543892
0.059101784
0.058659617
0.058217394
0.057775122
0.057332804
0.056890443
0.056448044
0.056005611
0.055563148
0.055120657
0.054678143
0.054235608
0.053793055
0.053350486
0.052907903
0.052465307
0.052022698
0.051580077
0.051137446
0.050694807
0.050252162
0.049809512
0.04936686
0.048924205
0.048481548
0.048038887
0.047596221
0.047153552
0.04671088
0.046268205
0.045825529
0.045382852
0.044940173
0.044497493
0.044054812
0.043612129
0.043169445
0.042726759
0.042284074
0.041841388
0.041398703
0.04095602
0.040513337
0.040070655
0.039627971
0.039185285
0.038742598
0.03829991
0.037857222
0.037414534
0.036971846
0.036529156
0.036086463
0.035643767
0.035201067
0.034758364
0.034315657
0.033872948
0.033430239
0.03298753
0.032544822
0.032102115
0.031659408
0.031216701
0.030773994
0.030331287
0.029888578
0.029445867
0.029003153
0.028560435
0.028117715
0.027674992
0.027232266
0.026789538
0.026346808
0.025904077
0.025461345
0.025018613
0.024575879
0.024133145
0.02369041
0.023247674
0.022804937
0.022362199
0.021919459
0.02147672
0.021033979
0.020591236
0.020148491
0.019705742
0.019262988
0.01882023
0.018377468
0.017934702
0.017491932
0.017049159
0.016606384
0.016163608
0.015720831
0.015278053
0.014835274
0.014392494
0.013949713
0.013506928
0.013064141
0.012621352
0.01217856
0.011735765
0.011292969
0.010850172
0.010407374
0.0099645772
0.0095217801
0.0090789829
0.0086361846
0.0081933836
0.0077505781
0.0073077665
0.0068649476
0.0064221203
0.0059792833
0.0055364356
0.0050935773
0.0046507088
0.0042078309
0.0037649451
0.0033220527
0.0028791551
0.0024362537
0.0019933494
0.0015504442
0.0011075375
0.0006646442
0.00022168809
0.24556378
0.24591898
0.24692472
0.24870378
0.2512297
0.2544583
0.25831148
0.26259854
0.26689337
0.27044801
0.27244939
0.27136496
0.23794976
0.14916138
0.085971126
0.058520658
0.04762239
0.043650955
0.037648259
0.026624664
0.027371726
0.027984791
0.028265916
0.028639142
0.029324212
0.03048647
0.032297517
0.034912787
0.038404977
0.042726233
0.047710976
0.053126571
0.058720548
0.064256565
0.069535008
0.07440234
0.07875274
0.08252424
0.085692018
0.088260828
0.090257635
0.091724978
0.092715309
0.093286344
0.0934974
0.093406633
0.09306905
0.092535184
0.091850304
0.091054052
0.09018041
0.089257889
0.088309889
0.087355145
0.086408244
0.085480151
0.084578732
0.08370925
0.082874822
0.082076845
0.081315366
0.08058941
0.079897266
0.079236718
0.078605243
0.078000165
0.077418778
0.076858433
0.076316608
0.075790946
0.075279286
0.074779668
0.074290338
0.073809744
0.073336522
0.072869484
0.072407603
0.071949997
0.071495914
0.071044713
0.070595856
0.070148886
0.069703427
0.069259161
0.068815827
0.06837321
0.067931131
0.067489447
0.067048043
0.066606824
0.066165718
0.065724666
0.065283624
0.064842556
0.064401439
0.063960255
0.063518992
0.063077644
0.062636206
0.062194676
0.061753056
0.061311347
0.060869552
0.060427676
0.059985723
0.059543698
0.059101606
0.058659454
0.058217246
0.057774986
0.05733268
0.056890331
0.056447944
0.056005521
0.055563067
0.055120585
0.054678078
0.05423555
0.053793002
0.053350438
0.05290786
0.052465268
0.052022662
0.051580044
0.051137415
0.050694778
0.050252135
0.049809488
0.049366839
0.048924187
0.048481533
0.048038874
0.04759621
0.047153542
0.046710871
0.046268198
0.045825524
0.045382849
0.044940172
0.044497493
0.044054812
0.043612128
0.043169443
0.042726756
0.04228407
0.041841384
0.0413987
0.040956018
0.040513336
0.040070654
0.039627971
0.039185285
0.038742598
0.03829991
0.037857222
0.037414534
0.036971846
0.036529157
0.036086464
0.035643768
0.035201067
0.034758363
0.034315656
0.033872948
0.033430239
0.03298753
0.032544822
0.032102114
0.031659406
0.031216699
0.030773993
0.030331286
0.029888578
0.029445867
0.029003153
0.028560436
0.028117716
0.027674994
0.027232268
0.02678954
0.026346809
0.025904078
0.025461346
0.025018614
0.02457588
0.024133146
0.023690412
0.023247676
0.02280494
0.022362202
0.021919463
0.021476724
0.021033983
0.02059124
0.020148494
0.019705744
0.019262989
0.01882023
0.018377467
0.0179347
0.01749193
0.017049156
0.016606381
0.016163605
0.015720827
0.015278049
0.014835271
0.01439249
0.013949708
0.013506923
0.013064136
0.012621346
0.012178553
0.011735758
0.011292961
0.010850163
0.010407366
0.0099645685
0.0095217716
0.0090789744
0.0086361758
0.0081933743
0.0077505684
0.0073077565
0.0068649373
0.0064221097
0.0059792721
0.0055364237
0.0050935647
0.0046506958
0.0042078181
0.0037649326
0.0033220408
0.0028791439
0.0024362435
0.0019933409
0.0015504381
0.0011075341
0.00066464444
0.00022168873
0.24743484
0.24784856
0.2490211
0.25110792
0.25410693
0.25801592
0.26282682
0.26846612
0.27470501
0.28089352
0.28568557
0.29180995
0.33909915
0.14932228
0.089925409
0.064202721
0.048281148
0.039774974
0.031017179
0.029645253
0.028793428
0.028911534
0.029165897
0.029617328
0.030413511
0.031696648
0.033612029
0.036281573
0.039759826
0.044004391
0.048876617
0.054171199
0.059653906
0.065096975
0.070302948
0.075116115
0.079426662
0.083168301
0.086312391
0.088860699
0.09083807
0.092285664
0.093255127
0.093803788
0.093990875
0.093874657
0.09351039
0.09294893
0.092235913
0.091411362
0.090509626
0.08955956
0.088584859
0.087604515
0.086633313
0.085682368
0.08475964
0.083870439
0.083017893
0.082203373
0.081426875
0.080687357
0.079983023
0.079311564
0.078670362
0.078056644
0.077467609
0.076900519
0.076352762
0.075821903
0.075305702
0.074802128
0.074309364
0.073825797
0.073350009
0.072880764
0.072416992
0.071957771
0.071502314
0.071049949
0.070600109
0.070152315
0.069706165
0.069261325
0.068817515
0.068374504
0.067932103
0.067490157
0.06704854
0.066607152
0.066165912
0.065724755
0.065283632
0.064842503
0.064401341
0.063960126
0.063518843
0.063077483
0.062636038
0.062194506
0.061752887
0.061311182
0.060869394
0.060427526
0.059985584
0.05954357
0.059101489
0.058659347
0.058217148
0.057774896
0.057332598
0.056890257
0.056447877
0.056005461
0.055563014
0.055120537
0.054678035
0.05423551
0.053792966
0.053350406
0.052907831
0.052465241
0.052022637
0.051580021
0.051137393
0.050694757
0.050252116
0.049809472
0.049366825
0.048924176
0.048481523
0.048038865
0.047596202
0.047153534
0.046710865
0.046268193
0.045825521
0.045382848
0.044940172
0.044497494
0.044054813
0.043612128
0.043169441
0.042726754
0.042284067
0.041841381
0.041398698
0.040956017
0.040513337
0.040070655
0.039627971
0.039185285
0.038742597
0.038299909
0.037857222
0.037414535
0.036971847
0.036529157
0.036086464
0.035643767
0.035201066
0.034758362
0.034315655
0.033872947
0.033430238
0.032987529
0.032544821
0.032102113
0.031659405
0.031216698
0.030773992
0.030331285
0.029888577
0.029445866
0.029003152
0.028560436
0.028117717
0.027674995
0.027232269
0.026789541
0.026346811
0.025904079
0.025461347
0.025018614
0.024575881
0.024133147
0.023690413
0.023247678
0.022804942
0.022362205
0.021919467
0.021476728
0.021033987
0.020591243
0.020148496
0.019705745
0.019262989
0.01882023
0.018377467
0.017934699
0.017491928
0.017049154
0.016606379
0.016163602
0.015720825
0.015278047
0.014835268
0.014392488
0.013949705
0.01350692
0.013064132
0.012621342
0.012178549
0.011735753
0.011292955
0.010850157
0.01040736
0.0099645628
0.0095217658
0.0090789682
0.0086361691
0.0081933673
0.0077505613
0.0073077494
0.00686493
0.0064221018
0.0059792635
0.0055364146
0.0050935555
0.0046506868
0.0042078093
0.0037649241
0.0033220325
0.0028791362
0.0024362367
0.0019933355
0.0015504344
0.0011075319
0.00066464444
0.00022168906
0.2484041
0.24884926
0.2501113
0.25236315
0.25561541
0.25988578
0.26519307
0.27149038
0.2785627
0.28571361
0.29122448
0.29535054
0.32224458
0.19908685
0.1232346
0.080394544
0.053328432
0.031244575
0.031265025
0.031099692
0.029783233
0.029550575
0.029716124
0.030180035
0.031022755
0.032363703
0.034331073
0.037030732
0.040506455
0.044717436
0.049534881
0.054765525
0.060186166
0.065574703
0.070735763
0.075513687
0.079797094
0.083517665
0.086644823
0.089178736
0.091143045
0.092578079
0.093534952
0.09407069
0.094244387
0.094114299
0.093735749
0.093159718
0.092431991
0.091592755
0.090676527
0.089712313
0.088723949
0.087730543
0.086746975
0.085784427
0.084850899
0.083951722
0.083090023
0.082267155
0.081483088
0.080736738
0.080026265
0.079349314
0.078703216
0.078085149
0.077492264
0.076921777
0.076371035
0.075837557
0.075319066
0.074813498
0.074319
0.07383393
0.073356845
0.072886484
0.072421755
0.071961717
0.071505564
0.071052611
0.070602274
0.070154064
0.069707566
0.069262435
0.068818383
0.068375172
0.067932606
0.067490525
0.0670488
0.066607325
0.066166016
0.065724805
0.065283639
0.064842479
0.064401295
0.063960065
0.063518772
0.063077405
0.062635956
0.062194421
0.061752801
0.061311098
0.060869313
0.060427451
0.059985514
0.059543507
0.059101432
0.058659294
0.0582171
0.057774852
0.057332558
0.05689022
0.056447844
0.056005432
0.055562988
0.055120514
0.054678013
0.05423549
0.053792948
0.053350389
0.052907815
0.052465227
0.052022624
0.051580008
0.051137381
0.050694746
0.050252107
0.049809464
0.049366819
0.048924171
0.048481518
0.048038859
0.047596196
0.047153529
0.04671086
0.04626819
0.04582552
0.045382848
0.044940174
0.044497496
0.044054814
0.043612129
0.043169441
0.042726753
0.042284066
0.041841381
0.041398699
0.040956019
0.040513339
0.040070657
0.039627972
0.039185285
0.038742597
0.038299909
0.037857221
0.037414534
0.036971846
0.036529156
0.036086462
0.035643764
0.035201064
0.03475836
0.034315653
0.033872946
0.033430238
0.032987529
0.032544821
0.032102112
0.031659404
0.031216697
0.03077399
0.030331283
0.029888575
0.029445864
0.02900315
0.028560435
0.028117716
0.027674995
0.02723227
0.026789541
0.026346811
0.02590408
0.025461347
0.025018614
0.024575881
0.024133148
0.023690415
0.023247681
0.022804945
0.022362208
0.021919471
0.021476731
0.021033989
0.020591245
0.020148497
0.019705745
0.01926299
0.01882023
0.018377466
0.017934698
0.017491926
0.017049153
0.016606377
0.016163601
0.015720824
0.015278046
0.014835267
0.014392487
0.013949704
0.013506918
0.01306413
0.01262134
0.012178546
0.01173575
0.011292952
0.010850154
0.010407357
0.0099645599
0.0095217625
0.0090789643
0.0086361649
0.008193363
0.0077505571
0.007307745
0.0068649252
0.0064220964
0.0059792577
0.0055364088
0.0050935499
0.0046506814
0.004207804
0.0037649189
0.0033220276
0.0028791318
0.0024362332
0.0019933328
0.0015504324
0.0011075307
0.00066464433
0.00022168926
0.2484041
0.24884926
0.2501113
0.25236315
0.2556154
0.25988578
0.26519306
0.27149036
0.27856268
0.28571359
0.29122444
0.29535051
0.32224458
0.19908655
0.12323442
0.08039458
0.053328564
0.031244558
0.031265007
0.031099702
0.029783194
0.029550528
0.029716066
0.030179963
0.03102267
0.032363604
0.034330964
0.037030621
0.040506349
0.044717342
0.0495348
0.054765456
0.06018611
0.065574658
0.070735727
0.07551366
0.079797073
0.08351765
0.086644812
0.089178728
0.09114304
0.092578077
0.093534952
0.094070691
0.094244388
0.0941143
0.093735749
0.093159716
0.092431987
0.091592752
0.090676524
0.089712311
0.088723947
0.087730542
0.086746976
0.085784428
0.084850901
0.083951724
0.083090024
0.082267156
0.081483088
0.080736738
0.080026265
0.079349312
0.078703213
0.078085146
0.077492263
0.076921777
0.076371036
0.07583756
0.075319069
0.0748135
0.074319
0.073833929
0.073356842
0.072886479
0.072421749
0.07196171
0.071505558
0.071052606
0.070602272
0.070154064
0.069707569
0.06926244
0.068818388
0.068375176
0.067932608
0.067490527
0.067048801
0.066607326
0.066166016
0.065724804
0.065283638
0.064842479
0.064401295
0.063960066
0.063518773
0.063077406
0.062635955
0.062194419
0.061752799
0.061311095
0.060869311
0.06042745
0.059985515
0.059543508
0.059101434
0.058659297
0.058217102
0.057774854
0.057332559
0.056890222
0.056447846
0.056005434
0.055562989
0.055120514
0.054678013
0.05423549
0.053792947
0.053350388
0.052907815
0.052465226
0.052022623
0.051580007
0.05113738
0.050694746
0.050252107
0.049809465
0.049366821
0.048924172
0.048481518
0.048038858
0.047596194
0.047153527
0.046710859
0.04626819
0.045825522
0.045382851
0.044940177
0.044497499
0.044054816
0.04361213
0.043169441
0.042726753
0.042284066
0.041841383
0.041398702
0.040956022
0.040513341
0.040070659
0.039627973
0.039185285
0.038742597
0.038299909
0.037857221
0.037414534
0.036971845
0.036529154
0.036086459
0.035643762
0.035201061
0.034758357
0.034315652
0.033872945
0.033430237
0.032987528
0.03254482
0.032102112
0.031659403
0.031216696
0.030773989
0.030331281
0.029888572
0.029445861
0.029003148
0.028560433
0.028117715
0.027674994
0.027232269
0.026789541
0.026346811
0.025904079
0.025461347
0.025018614
0.024575882
0.02413315
0.023690417
0.023247683
0.022804948
0.022362211
0.021919474
0.021476734
0.021033991
0.020591246
0.020148498
0.019705746
0.01926299
0.018820229
0.018377465
0.017934697
0.017491926
0.017049152
0.016606377
0.016163601
0.015720824
0.015278047
0.014835267
0.014392487
0.013949704
0.013506919
0.01306413
0.012621339
0.012178545
0.011735749
0.011292952
0.010850154
0.010407357
0.0099645592
0.0095217614
0.009078963
0.0086361635
0.0081933616
0.0077505555
0.007307743
0.0068649227
0.0064220936
0.0059792551
0.0055364065
0.0050935478
0.0046506793
0.004207802
0.0037649171
0.0033220263
0.0028791311
0.0024362328
0.0019933325
0.0015504321
0.0011075306
0.00066464441
0.00022168934
0.24743484
0.24784856
0.2490211
0.25110791
0.25410692
0.25801591
0.2628268
0.26846608
0.27470496
0.28089344
0.28568546
0.29180983
0.33909918
0.14932098
0.089924764
0.064202947
0.048281785
0.039775806
0.031017353
0.029645195
0.028793304
0.028911395
0.029165723
0.029617113
0.030413256
0.031696357
0.033611706
0.036281241
0.039759512
0.044004114
0.048876382
0.054171004
0.059653745
0.065096844
0.070302845
0.075116035
0.079426601
0.083168255
0.086312356
0.088860674
0.090838054
0.092285657
0.093255127
0.093803791
0.09399088
0.093874661
0.09351039
0.092948925
0.092235905
0.091411354
0.09050962
0.089559555
0.088584856
0.087604512
0.086633312
0.085682369
0.084759642
0.083870441
0.083017895
0.082203374
0.081426876
0.080687356
0.079983019
0.079311558
0.078670354
0.078056637
0.077467604
0.076900517
0.076352765
0.075821909
0.075305708
0.074802133
0.074309366
0.073825794
0.073350001
0.072880752
0.072416976
0.071957753
0.071502297
0.071049937
0.070600103
0.070152316
0.069706173
0.069261336
0.068817527
0.068374515
0.067932111
0.067490163
0.067048545
0.066607155
0.066165913
0.065724754
0.065283629
0.064842501
0.064401341
0.063960129
0.063518847
0.063077485
0.062636037
0.062194502
0.06175288
0.061311174
0.060869388
0.060427524
0.059985585
0.059543574
0.059101495
0.058659353
0.058217153
0.057774901
0.057332603
0.056890262
0.056447883
0.056005467
0.055563018
0.05512054
0.054678035
0.054235509
0.053792964
0.053350404
0.052907828
0.052465238
0.052022634
0.051580017
0.05113739
0.050694756
0.050252118
0.049809475
0.04936683
0.048924179
0.048481523
0.048038862
0.047596196
0.047153528
0.04671086
0.046268193
0.045825525
0.045382855
0.044940181
0.044497502
0.044054818
0.043612131
0.043169442
0.042726755
0.042284069
0.041841386
0.041398706
0.040956026
0.040513345
0.040070661
0.039627974
0.039185286
0.038742597
0.038299908
0.037857221
0.037414533
0.036971843
0.036529151
0.036086456
0.035643758
0.035201058
0.034758355
0.03431565
0.033872943
0.033430236
0.032987528
0.032544819
0.032102111
0.031659403
0.031216695
0.030773987
0.030331278
0.029888568
0.029445857
0.029003144
0.02856043
0.028117713
0.027674992
0.027232267
0.026789539
0.026346809
0.025904078
0.025461347
0.025018615
0.024575883
0.024133151
0.023690418
0.023247684
0.02280495
0.022362214
0.021919476
0.021476736
0.021033993
0.020591247
0.020148498
0.019705746
0.019262989
0.018820229
0.018377464
0.017934696
0.017491926
0.017049153
0.016606378
0.016163603
0.015720826
0.015278048
0.014835269
0.014392488
0.013949706
0.01350692
0.013064132
0.012621341
0.012178547
0.011735751
0.011292954
0.010850157
0.010407359
0.0099645608
0.0095217629
0.0090789646
0.0086361651
0.0081933628
0.0077505561
0.0073077432
0.0068649228
0.006422094
0.0059792557
0.0055364073
0.0050935487
0.0046506804
0.0042078035
0.0037649192
0.0033220288
0.0028791337
0.0024362352
0.0019933345
0.0015504339
0.0011075318
0.00066464456
0.00022168914
0.24556378
0.24591899
0.24692473
0.24870378
0.25122969
0.25445828
0.25831145
0.26259848
0.26689327
0.27044786
0.27244917
0.27136463
0.23794889
0.14916007
0.085970404
0.058520788
0.047622987
0.043651771
0.037648996
0.026624561
0.027371541
0.027984564
0.02826562
0.028638775
0.029323785
0.030485997
0.032296992
0.034912248
0.038404472
0.042725796
0.047710615
0.053126278
0.05872031
0.064256371
0.069534853
0.074402219
0.078752647
0.08252417
0.085691965
0.08826079
0.090257609
0.091724965
0.092715307
0.09328635
0.093497408
0.093406639
0.093069051
0.092535178
0.091850293
0.091054041
0.090180402
0.089257884
0.088309884
0.08735514
0.086408239
0.085480148
0.084578731
0.083709249
0.082874822
0.082076844
0.081315363
0.080589406
0.07989726
0.07923671
0.078605233
0.078000155
0.077418769
0.076858428
0.076316606
0.075790949
0.075279291
0.074779672
0.074290339
0.07380974
0.073336512
0.072869468
0.072407583
0.071949975
0.071495893
0.071044697
0.070595847
0.070148887
0.069703435
0.069259175
0.068815843
0.068373224
0.067931144
0.067489458
0.067048051
0.06660683
0.066165721
0.065724665
0.06528362
0.064842553
0.064401438
0.063960257
0.063518996
0.063077647
0.062636205
0.062194671
0.061753047
0.061311337
0.060869544
0.060427672
0.059985724
0.059543704
0.059101615
0.058659463
0.058217254
0.057774994
0.057332688
0.056890339
0.056447953
0.05600553
0.055563074
0.055120589
0.054678079
0.054235548
0.053792999
0.053350435
0.052907857
0.052465264
0.052022658
0.051580039
0.051137411
0.050694776
0.050252137
0.049809493
0.049366845
0.048924192
0.048481533
0.048038869
0.047596202
0.047153533
0.046710865
0.046268198
0.04582553
0.04538286
0.044940185
0.044497505
0.044054821
0.043612133
0.043169445
0.042726758
0.042284074
0.041841392
0.041398711
0.040956031
0.040513348
0.040070663
0.039627976
0.039185286
0.038742597
0.038299908
0.03785722
0.037414531
0.03697184
0.036529147
0.036086452
0.035643754
0.035201054
0.034758351
0.034315647
0.033872941
0.033430234
0.032987527
0.032544819
0.032102111
0.031659402
0.031216693
0.030773984
0.030331275
0.029888564
0.029445852
0.02900314
0.028560427
0.02811771
0.027674989
0.027232265
0.026789537
0.026346808
0.025904077
0.025461346
0.025018615
0.024575883
0.024133152
0.023690419
0.023247686
0.022804952
0.022362216
0.021919478
0.021476737
0.021033994
0.020591247
0.020148498
0.019705745
0.019262988
0.018820228
0.018377464
0.017934697
0.017491927
0.017049154
0.01660638
0.016163605
0.015720828
0.01527805
0.014835272
0.014392492
0.013949709
0.013506923
0.013064135
0.012621344
0.012178551
0.011735756
0.011292959
0.010850161
0.010407363
0.0099645652
0.0095217675
0.0090789692
0.0086361692
0.0081933664
0.0077505591
0.0073077462
0.006864926
0.0064220974
0.0059792593
0.005536411
0.0050935527
0.004650685
0.0042078089
0.0037649251
0.0033220349
0.0028791395
0.0024362407
0.0019933395
0.0015504377
0.0011075341
0.00066464444
0.00022168867
0.24291655
0.24319409
0.24397822
0.24534958
0.24725269
0.24959326
0.25221101
0.25479079
0.25670855
0.25682307
0.25342804
0.24548866
0.22829817
0.20681078
0.13780529
0.076359284
0.047403432
0.038083252
0.032488654
0.028262556
0.027384441
0.027300647
0.027285971
0.027442822
0.02792645
0.028905046
0.03056288
0.033125799
0.036678442
0.041142946
0.046305308
0.051889018
0.057619304
0.063255529
0.068602377
0.073513687
0.077891323
0.081680167
0.08486087
0.087442073
0.089453231
0.090938299
0.091950368
0.092547258
0.092788038
0.092730379
0.092428677
0.091932787
0.091287282
0.090531126
0.089697655
0.088814801
0.087905454
0.086987932
0.08607649
0.085181846
0.084311698
0.083471211
0.082663472
0.081889899
0.081150599
0.080444693
0.079770583
0.079126183
0.078509108
0.077916822
0.077346756
0.076796399
0.076263355
0.075745387
0.075240444
0.07474667
0.07426241
0.073786198
0.073316753
0.07285296
0.072393861
0.071938624
0.07148656
0.071037073
0.070589663
0.070143913
0.069699473
0.069256054
0.068813419
0.068371375
0.067929764
0.06748846
0.067047361
0.066606384
0.066165467
0.065724561
0.06528363
0.064842649
0.064401598
0.063960461
0.063519229
0.063077897
0.062636464
0.062194931
0.061753303
0.061311585
0.060869781
0.060427896
0.059985933
0.059543897
0.059101793
0.058659627
0.058217404
0.057775131
0.057332813
0.056890453
0.056448056
0.056005622
0.055563157
0.055120663
0.054678145
0.054235607
0.053793052
0.053350483
0.0529079
0.052465303
0.052022693
0.051580072
0.051137442
0.050694806
0.050252164
0.049809518
0.049366867
0.04892421
0.048481548
0.048038881
0.047596212
0.047153542
0.046710874
0.046268206
0.045825537
0.045382866
0.04494019
0.044497509
0.044054824
0.043612137
0.04316945
0.042726764
0.04228408
0.041841398
0.041398718
0.040956036
0.040513353
0.040070666
0.039627977
0.039185287
0.038742598
0.038299908
0.037857219
0.037414529
0.036971838
0.036529144
0.036086448
0.03564375
0.03520105
0.034758348
0.034315644
0.033872939
0.033430233
0.032987526
0.032544819
0.03210211
0.031659401
0.031216691
0.030773981
0.03033127
0.029888559
0.029445848
0.029003136
0.028560423
0.028117706
0.027674985
0.027232261
0.026789534
0.026346806
0.025904076
0.025461345
0.025018614
0.024575883
0.024133152
0.02369042
0.023247688
0.022804954
0.022362218
0.021919479
0.021476737
0.021033993
0.020591247
0.020148497
0.019705744
0.019262988
0.018820228
0.018377464
0.017934698
0.017491928
0.017049157
0.016606383
0.016163608
0.015720831
0.015278054
0.014835276
0.014392496
0.013949713
0.013506928
0.01306414
0.01262135
0.012178557
0.011735762
0.011292966
0.010850168
0.01040737
0.0099645725
0.0095217748
0.0090789762
0.0086361756
0.0081933723
0.0077505649
0.0073077522
0.0068649322
0.0064221037
0.0059792657
0.0055364179
0.0050935605
0.0046506938
0.0042078183
0.0037649349
0.0033220447
0.0028791493
0.0024362499
0.0019933475
0.0015504436
0.0011075375
0.00066464432
0.00022168816
0.23966008
0.23985037
0.24038532
0.24130097
0.24251706
0.24389928
0.24522926
0.24612878
0.2459429
0.24364809
0.23808345
0.22993272
0.21405202
0.18348746
0.14110674
0.093646132
0.05667252
0.038283822
0.030975583
0.02780946
0.026624131
0.026199808
0.025986949
0.02593936
0.026193337
0.026998158
0.028521244
0.031145879
0.034895369
0.039615377
0.045019074
0.050789366
0.056639937
0.062338982
0.067707545
0.072615193
0.076976452
0.080745264
0.083908259
0.086477795
0.088485363
0.089975741
0.091002003
0.091621401
0.091892093
0.09187066
0.091610315
0.091159715
0.090562274
0.089855864
0.089072831
0.088240227
0.087380185
0.086510399
0.085644623
0.084793204
0.083963579
0.083160757
0.082387756
0.081645996
0.080935649
0.08025594
0.079605412
0.078982137
0.078383903
0.077808353
0.077253096
0.076715795
0.076194222
0.075686298
0.07519012
0.07470397
0.074226319
0.073755818
0.073291291
0.072831718
0.072376222
0.07192407
0.071474617
0.071027338
0.070581787
0.070137595
0.069694456
0.069252118
0.068810377
0.068369068
0.067928058
0.06748724
0.067046531
0.066605864
0.06616519
0.065724472
0.065283685
0.064842811
0.064401837
0.063960754
0.063519557
0.063078245
0.06263682
0.062195287
0.061753651
0.06131192
0.060870099
0.060428194
0.05998621
0.059544154
0.059102029
0.058659843
0.058217602
0.057775312
0.057332978
0.056890603
0.056448191
0.056005744
0.055563266
0.055120761
0.054678232
0.054235686
0.053793123
0.053350547
0.052907957
0.052465355
0.05202274
0.051580115
0.051137482
0.050694843
0.050252198
0.049809548
0.049366893
0.048924233
0.048481567
0.048038897
0.047596226
0.047153555
0.046710885
0.046268216
0.045825546
0.045382872
0.044940195
0.044497514
0.044054829
0.043612142
0.043169456
0.042726771
0.042284088
0.041841406
0.041398725
0.040956042
0.040513357
0.040070669
0.039627979
0.039185289
0.038742598
0.038299909
0.037857219
0.037414528
0.036971835
0.03652914
0.036086444
0.035643746
0.035201045
0.034758344
0.03431564
0.033872936
0.033430231
0.032987525
0.032544818
0.032102109
0.031659399
0.031216688
0.030773977
0.030331266
0.029888554
0.029445843
0.029003132
0.028560418
0.028117701
0.02767498
0.027232257
0.026789531
0.026346803
0.025904074
0.025461344
0.025018614
0.024575883
0.024133153
0.023690421
0.023247689
0.022804955
0.022362218
0.021919479
0.021476737
0.021033992
0.020591246
0.020148496
0.019705743
0.019262987
0.018820227
0.018377465
0.017934699
0.017491931
0.01704916
0.016606386
0.016163612
0.015720836
0.015278059
0.014835281
0.014392501
0.013949719
0.013506934
0.013064147
0.012621357
0.012178565
0.011735771
0.011292974
0.010850177
0.01040738
0.0099645824
0.0095217844
0.0090789853
0.0086361844
0.0081933809
0.0077505737
0.007307761
0.0068649411
0.0064221127
0.0059792753
0.0055364285
0.0050935723
0.0046507065
0.0042078317
0.0037649488
0.003322059
0.0028791635
0.0024362631
0.0019933586
0.0015504518
0.0011075427
0.0006646445
0.00022168756
0.23598232
0.23608471
0.23636825
0.23682724
0.23736509
0.23782279
0.23794934
0.23734169
0.23535604
0.23102631
0.22296409
0.21036386
0.18914999
0.1608656
0.12956378
0.095153559
0.063055511
0.041567417
0.03062863
0.025947809
0.024419533
0.023930123
0.023682866
0.023559897
0.023712841
0.024415001
0.026301658
0.029387192
0.033601295
0.038685954
0.044316103
0.05019304
0.056067054
0.061732445
0.067031901
0.071854539
0.076129403
0.079819701
0.08291738
0.085437451
0.087412295
0.088886396
0.089911761
0.090544096
0.090839756
0.09085341
0.090636354
0.0902354
0.089692226
0.089043121
0.088319012
0.087545714
0.086744309
0.08593162
0.085120715
0.084321417
0.083540794
0.082783621
0.082052798
0.081349721
0.080674616
0.080026822
0.079405034
0.078807512
0.078232247
0.077677095
0.077139879
0.076618475
0.076110858
0.075615142
0.075129607
0.074652703
0.074183057
0.073719466
0.073260882
0.072806402
0.072355259
0.071906803
0.071460485
0.071015851
0.070572525
0.070130194
0.069688606
0.069247554
0.068806874
0.068366434
0.067926132
0.067485887
0.067045635
0.06660533
0.066164939
0.065724439
0.065283817
0.064843064
0.064402176
0.063961152
0.063519992
0.063078699
0.06263728
0.062195742
0.061754093
0.061312343
0.060870499
0.060428568
0.059986558
0.059544474
0.059102323
0.058660113
0.058217848
0.057775536
0.057333181
0.056890787
0.056448357
0.056005893
0.0555634
0.055120881
0.054678341
0.054235783
0.053793211
0.053350625
0.052908027
0.052465418
0.052022797
0.051580168
0.05113753
0.050694887
0.050252238
0.049809583
0.049366924
0.048924259
0.048481589
0.048038917
0.047596243
0.047153571
0.046710899
0.046268228
0.045825556
0.045382881
0.044940202
0.04449752
0.044054835
0.043612149
0.043169464
0.04272678
0.042284097
0.041841414
0.041398732
0.040956047
0.040513361
0.040070671
0.039627981
0.03918529
0.038742599
0.038299909
0.037857218
0.037414526
0.036971832
0.036529136
0.036086439
0.03564374
0.03520104
0.034758339
0.034315637
0.033872934
0.03343023
0.032987524
0.032544817
0.032102107
0.031659396
0.031216684
0.030773973
0.030331261
0.029888549
0.029445838
0.029003126
0.028560413
0.028117696
0.027674975
0.027232253
0.026789528
0.026346801
0.025904072
0.025461342
0.025018613
0.024575883
0.024133153
0.023690423
0.02324769
0.022804955
0.022362218
0.021919477
0.021476735
0.021033991
0.020591244
0.020148494
0.019705741
0.019262986
0.018820228
0.018377466
0.017934701
0.017491934
0.017049163
0.016606391
0.016163617
0.015720841
0.015278065
0.014835287
0.014392507
0.013949726
0.013506942
0.013064156
0.012621367
0.012178575
0.011735781
0.011292985
0.010850189
0.010407392
0.0099645943
0.0095217959
0.0090789965
0.0086361957
0.0081933924
0.007750585
0.0073077722
0.0068649524
0.0064221248
0.0059792886
0.0055364431
0.005093588
0.0046507233
0.0042078497
0.0037649678
0.0033220785
0.0028791825
0.0024362805
0.0019933737
0.0015504637
0.0011075503
0.00066464468
0.0002216868
0.23207316
0.23209384
0.23214317
0.23217973
0.23209996
0.23173547
0.23082449
0.22896413
0.22553486
0.21960769
0.2097057
0.19430257
0.17135284
0.14447062
0.11909301
0.094722924
0.068208996
0.045741854
0.032790013
0.025958555
0.022687283
0.021172092
0.020509287
0.020405332
0.020983804
0.022517453
0.025147255
0.028909576
0.033612667
0.038943141
0.044616689
0.050405613
0.056119918
0.061595369
0.066698937
0.071333698
0.075437581
0.078979482
0.081954505
0.084378782
0.086284278
0.087713989
0.088717724
0.089348589
0.089660146
0.089704242
0.089529435
0.089179951
0.088695087
0.088108983
0.087450669
0.086744315
0.08600962
0.085262269
0.084514427
0.08377523
0.083051256
0.082346959
0.081665062
0.081006905
0.080372754
0.07976206
0.079173688
0.078606105
0.078057532
0.07752607
0.077009793
0.076506821
0.076015366
0.075533773
0.075060531
0.074594292
0.074133866
0.07367822
0.073226458
0.072777815
0.072331648
0.071887415
0.071444671
0.071003047
0.070562245
0.070122023
0.069682187
0.069242583
0.068803093
0.068363626
0.067924113
0.067484502
0.067044756
0.066604849
0.066164768
0.065724504
0.065284059
0.064843435
0.064402637
0.063961671
0.063520545
0.063079267
0.062637848
0.062196299
0.061754631
0.061312855
0.060870981
0.060429018
0.059986974
0.059544857
0.059102675
0.058660433
0.05821814
0.057775801
0.057333421
0.056891004
0.056448552
0.056006069
0.055563559
0.055121024
0.054678469
0.054235898
0.053793313
0.053350717
0.052908109
0.052465491
0.052022864
0.051580227
0.051137584
0.050694935
0.050252281
0.049809622
0.049366958
0.048924289
0.048481616
0.04803894
0.047596264
0.047153589
0.046710915
0.046268242
0.045825567
0.04538289
0.04494021
0.044497527
0.044054843
0.043612158
0.043169473
0.042726789
0.042284106
0.041841423
0.041398739
0.040956053
0.040513364
0.040070674
0.039627983
0.039185292
0.038742601
0.03829991
0.037857218
0.037414524
0.036971829
0.036529132
0.036086434
0.035643735
0.035201035
0.034758334
0.034315633
0.033872931
0.033430228
0.032987522
0.032544815
0.032102104
0.031659393
0.03121668
0.030773968
0.030331256
0.029888544
0.029445833
0.029003121
0.028560407
0.02811769
0.02767497
0.027232248
0.026789524
0.026346797
0.025904069
0.025461341
0.025018612
0.024575883
0.024133154
0.023690423
0.02324769
0.022804955
0.022362216
0.021919475
0.021476733
0.021033989
0.020591242
0.020148492
0.01970574
0.019262985
0.018820228
0.018377468
0.017934704
0.017491937
0.017049168
0.016606396
0.016163623
0.015720848
0.015278071
0.014835294
0.014392515
0.013949734
0.013506951
0.013064166
0.012621377
0.012178586
0.011735793
0.011292998
0.010850203
0.010407406
0.0099646079
0.0095218094
0.0090790102
0.0086362095
0.0081934061
0.0077505985
0.0073077858
0.0068649668
0.0064221403
0.0059793054
0.0055364614
0.0050936078
0.0046507449
0.0042078729
0.0037649923
0.0033221034
0.0028792069
0.0024363036
0.0019933943
0.0015504799
0.0011075606
0.00066464521
0.00022168657
0.22810971
0.22805909
0.22790347
0.22757326
0.22696678
0.22592052
0.22418318
0.22138161
0.21696686
0.21015892
0.19981688
0.18477234
0.1639587
0.13907492
0.11339109
0.089350411
0.068814861
0.052923232
0.040210802
0.030606269
0.02510649
0.022229009
0.021007022
0.020980175
0.022002829
0.024044452
0.027048356
0.030926056
0.035516364
0.040607753
0.045985898
0.051453728
0.056835631
0.061980815
0.066768991
0.071113208
0.074958436
0.078277906
0.081068626
0.083346617
0.085142229
0.086495798
0.087453822
0.088065747
0.088381352
0.088448747
0.088312906
0.08801471
0.087590398
0.087071369
0.086484247
0.085851132
0.085189982
0.08451506
0.083837403
0.08316529
0.082504679
0.08185961
0.081232571
0.080624809
0.080036613
0.079467548
0.078916658
0.078382638
0.077863965
0.077359014
0.076866142
0.076383744
0.075910307
0.075444432
0.074984852
0.074530439
0.07408022
0.073633353
0.073189114
0.072746897
0.072306195
0.071866593
0.071427757
0.070989418
0.070551364
0.070113429
0.069675487
0.069237444
0.068799233
0.068360807
0.067922134
0.067483196
0.067043983
0.066604493
0.066164733
0.065724712
0.065284446
0.064843949
0.064403237
0.063962324
0.063521225
0.063079955
0.062638528
0.06219696
0.061755264
0.061313454
0.060871543
0.06042954
0.059987457
0.059545301
0.05910308
0.058660802
0.058218475
0.057776104
0.057333695
0.056891251
0.056448775
0.05600627
0.055563739
0.055121186
0.054678615
0.054236028
0.05379343
0.05335082
0.052908201
0.052465573
0.052022937
0.051580293
0.051137643
0.050694988
0.050252328
0.049809663
0.049366994
0.048924321
0.048481645
0.048038966
0.047596288
0.04715361
0.046710934
0.046268257
0.04582558
0.045382901
0.04494022
0.044497537
0.044054853
0.043612168
0.043169484
0.0427268
0.042284116
0.041841432
0.041398746
0.040956058
0.040513368
0.040070677
0.039627985
0.039185294
0.038742603
0.038299911
0.037857218
0.037414522
0.036971825
0.036529127
0.036086429
0.03564373
0.03520103
0.03475833
0.034315629
0.033872928
0.033430225
0.03298752
0.032544812
0.032102101
0.031659389
0.031216676
0.030773963
0.030331251
0.029888539
0.029445827
0.029003115
0.028560401
0.028117684
0.027674965
0.027232243
0.026789519
0.026346794
0.025904066
0.025461339
0.025018612
0.024575884
0.024133154
0.023690423
0.023247689
0.022804953
0.022362214
0.021919473
0.02147673
0.021033985
0.020591238
0.020148489
0.019705738
0.019262985
0.018820229
0.01837747
0.017934707
0.017491941
0.017049173
0.016606402
0.016163629
0.015720855
0.015278079
0.014835302
0.014392523
0.013949744
0.013506962
0.013064177
0.012621389
0.012178599
0.011735807
0.011293013
0.010850218
0.010407421
0.0099646233
0.0095218252
0.0090790261
0.0086362253
0.0081934217
0.0077506142
0.0073078021
0.0068649843
0.0064221592
0.0059793258
0.0055364834
0.0050936321
0.0046507716
0.0042079017
0.0037650226
0.0033221345
0.0028792381
0.0024363337
0.0019934213
0.0015505012
0.0011075749
0.00066464777
0.00022168765
0.2242471
0.22413725
0.22381079
0.22317755
0.22214497
0.22056601
0.21821682
0.2147777
0.20980427
0.20271103
0.19273332
0.17912011
0.16120858
0.13963863
0.11641324
0.093931758
0.074203444
0.058332784
0.046119065
0.037251954
0.031497842
0.028135661
0.026426892
0.026010261
0.026721473
0.028459584
0.031131848
0.034625792
0.038785052
0.043416765
0.048320041
0.053307106
0.058212964
0.062899817
0.06725977
0.071215375
0.074717792
0.07774345
0.080290042
0.082372296
0.084017822
0.085263245
0.086150761
0.086725221
0.087031743
0.087113867
0.087012212
0.086763601
0.086400571
0.085951209
0.085439233
0.084884251
0.084302134
0.083705438
0.08310385
0.082504618
0.081912953
0.081332396
0.080765135
0.080212293
0.079674165
0.079150431
0.078640325
0.078142785
0.077656573
0.077180365
0.076712827
0.076252665
0.075798666
0.075349721
0.074904837
0.074463089
0.074023791
0.0735863
0.07315008
0.072714692
0.072279786
0.071845083
0.071410372
0.070975489
0.070540318
0.070104776
0.069668809
0.069232387
0.068795498
0.068358142
0.067920329
0.067482075
0.0670434
0.066604327
0.066164885
0.065725101
0.065285006
0.064844627
0.064403991
0.06396312
0.063522038
0.063080764
0.062639319
0.062197721
0.061755988
0.061314136
0.06087218
0.060430132
0.059988002
0.0595458
0.059103535
0.058661215
0.058218849
0.057776442
0.057334
0.056891526
0.056449022
0.056006492
0.055563939
0.055121365
0.054678775
0.054236171
0.053793557
0.053350933
0.052908301
0.052465662
0.052023015
0.051580363
0.051137705
0.050695042
0.050252376
0.049809706
0.049367032
0.048924355
0.048481675
0.048038994
0.047596313
0.047153633
0.046710954
0.046268275
0.045825595
0.045382915
0.044940232
0.044497549
0.044054865
0.04361218
0.043169496
0.042726812
0.042284127
0.04184144
0.041398752
0.040956063
0.040513372
0.04007068
0.039627988
0.039185297
0.038742605
0.038299912
0.037857217
0.03741452
0.036971822
0.036529123
0.036086423
0.035643724
0.035201024
0.034758324
0.034315625
0.033872924
0.033430222
0.032987517
0.032544809
0.032102097
0.031659384
0.031216671
0.030773958
0.030331246
0.029888534
0.029445822
0.02900311
0.028560396
0.028117679
0.027674959
0.027232238
0.026789515
0.02634679
0.025904064
0.025461337
0.025018611
0.024575883
0.024133154
0.023690422
0.023247688
0.022804951
0.022362211
0.02191947
0.021476726
0.021033981
0.020591234
0.020148486
0.019705737
0.019262986
0.018820231
0.018377472
0.017934711
0.017491946
0.017049179
0.016606409
0.016163636
0.015720862
0.015278086
0.01483531
0.014392533
0.013949754
0.013506973
0.013064188
0.012621402
0.012178613
0.011735822
0.011293029
0.010850234
0.010407438
0.0099646407
0.0095218429
0.0090790436
0.0086362425
0.0081934391
0.0077506323
0.0073078213
0.0068650045
0.0064221809
0.0059793495
0.0055365098
0.0050936612
0.0046508035
0.0042079362
0.0037650593
0.0033221731
0.0028792773
0.0024363716
0.0019934558
0.0015505298
0.0011075958
0.00066465401
0.00022169087
0.22061475
0.22045728
0.21999274
0.21911701
0.21775167
0.21577343
0.21299514
0.20915927
0.2039272
0.1968815
0.18752556
0.1753952
0.16011914
0.14200696
0.12226362
0.10251675
0.084287624
0.068757651
0.056406082
0.047146824
0.040679082
0.036496379
0.034081535
0.033073095
0.033260652
0.034503495
0.036675077
0.039635764
0.043220381
0.047244867
0.051524659
0.055889579
0.060191413
0.064307275
0.068141147
0.07162382
0.074711232
0.077381651
0.079632239
0.081475387
0.082935058
0.084043356
0.084837431
0.085356834
0.085641338
0.085729254
0.085656217
0.085454394
0.085152067
0.084773511
0.084339099
0.08386557
0.083366388
0.082852148
0.082330981
0.081808948
0.081290398
0.080778288
0.080274456
0.079779866
0.079294811
0.07881908
0.07835211
0.077893104
0.077441125
0.076995177
0.076554261
0.076117417
0.075683759
0.0752525
0.074822998
0.074394356
0.073966382
0.073538595
0.07311065
0.072682293
0.072253337
0.071823652
0.071393152
0.070961788
0.070529542
0.07009642
0.069662442
0.069227645
0.068792074
0.06835578
0.067918814
0.067481229
0.067043076
0.066604403
0.066165261
0.065725697
0.065285756
0.064845478
0.064404902
0.063964059
0.063522979
0.063081688
0.062640213
0.062198575
0.061756795
0.061314893
0.060872885
0.060430783
0.059988601
0.059546347
0.059104033
0.058661667
0.058219257
0.05777681
0.057334331
0.056891824
0.05644929
0.056006732
0.055564153
0.055121557
0.054678946
0.054236323
0.053793692
0.053351053
0.052908407
0.052465755
0.052023097
0.051580435
0.051137769
0.050695099
0.050252426
0.04980975
0.049367072
0.048924391
0.048481708
0.048039023
0.047596339
0.047153657
0.046710975
0.046268294
0.045825612
0.04538293
0.044940246
0.044497562
0.044054878
0.043612194
0.043169509
0.042726824
0.042284137
0.041841448
0.041398758
0.040956067
0.040513375
0.040070683
0.039627992
0.0391853
0.038742608
0.038299913
0.037857217
0.037414518
0.036971818
0.036529118
0.036086418
0.035643718
0.035201019
0.034758319
0.03431562
0.03387292
0.033430219
0.032987513
0.032544804
0.032102092
0.031659379
0.031216666
0.030773953
0.030331241
0.029888529
0.029445817
0.029003105
0.02856039
0.028117673
0.027674954
0.027232233
0.02678951
0.026346786
0.025904061
0.025461335
0.02501861
0.024575882
0.024133153
0.023690421
0.023247686
0.022804948
0.022362208
0.021919466
0.021476722
0.021033977
0.020591231
0.020148484
0.019705736
0.019262986
0.018820232
0.018377475
0.017934715
0.017491952
0.017049185
0.016606415
0.016163643
0.015720869
0.015278095
0.014835319
0.014392543
0.013949764
0.013506984
0.013064201
0.012621416
0.012178629
0.011735839
0.011293046
0.010850252
0.010407456
0.0099646595
0.0095218616
0.0090790623
0.0086362614
0.0081934584
0.0077506525
0.0073078425
0.0068650271
0.0064222054
0.0059793767
0.0055365402
0.0050936949
0.0046508406
0.0042079769
0.0037651034
0.0033222197
0.002879325
0.0024364187
0.0019935002
0.0015505687
0.0011076253
0.00066466653
0.00022169823
0.21731723
0.21712169
0.21654596
0.21547695
0.21385337
0.21157925
0.20850669
0.20443789
0.19912495
0.19227887
0.18358308
0.172766
0.15965884
0.14446839
0.12792027
0.11106081
0.09498414
0.080661527
0.068669635
0.059157837
0.052033162
0.047020835
0.043768551
0.041998986
0.041482689
0.042044608
0.043528067
0.04577488
0.04861794
0.05188513
0.055409537
0.059038569
0.062639389
0.066101703
0.06933894
0.072288098
0.074908323
0.077178535
0.07909449
0.080665582
0.081911617
0.08285974
0.083541643
0.083991165
0.084242312
0.084327733
0.084277639
0.084119112
0.083875771
0.083567699
0.083211586
0.082821008
0.082406775
0.081977311
0.081539031
0.081096683
0.080653659
0.080212264
0.079773946
0.079339486
0.078909158
0.078482867
0.07806026
0.077640817
0.077223921
0.076808923
0.076395178
0.07598208
0.075569078
0.075155683
0.074741442
0.074326336
0.073909812
0.073491767
0.073072106
0.072650767
0.072227735
0.071803028
0.071376693
0.070948799
0.070519427
0.070088672
0.069656632
0.069223412
0.068789114
0.068353837
0.067917678
0.067480723
0.067043055
0.066604749
0.066165878
0.065726506
0.065286695
0.064846497
0.064405961
0.063965128
0.063524034
0.063082714
0.062641195
0.062199507
0.061757672
0.061315712
0.060873644
0.060431483
0.059989242
0.059546932
0.059104564
0.058662147
0.058219691
0.057777201
0.057334682
0.056892138
0.056449571
0.056006984
0.055564378
0.055121756
0.054679123
0.054236481
0.053793831
0.053351176
0.052908515
0.05246585
0.052023181
0.051580509
0.051137833
0.050695156
0.050252476
0.049809795
0.049367112
0.048924426
0.04848174
0.048039053
0.047596366
0.047153681
0.046710997
0.046268314
0.04582563
0.045382946
0.044940262
0.044497577
0.044054893
0.043612208
0.043169522
0.042726835
0.042284147
0.041841456
0.041398765
0.040956072
0.04051338
0.040070687
0.039627996
0.039185303
0.03874261
0.038299914
0.037857215
0.037414515
0.036971815
0.036529114
0.036086413
0.035643713
0.035201013
0.034758314
0.034315615
0.033872916
0.033430214
0.032987509
0.032544799
0.032102087
0.031659373
0.03121666
0.030773948
0.030331236
0.029888524
0.029445812
0.0290031
0.028560385
0.028117668
0.02767495
0.027232229
0.026789506
0.026346782
0.025904058
0.025461333
0.025018608
0.024575881
0.024133151
0.023690419
0.023247683
0.022804945
0.022362204
0.021919461
0.021476717
0.021033972
0.020591227
0.020148482
0.019705735
0.019262986
0.018820234
0.018377479
0.01793472
0.017491957
0.017049191
0.016606422
0.01616365
0.015720877
0.015278104
0.014835329
0.014392553
0.013949775
0.013506996
0.013064215
0.012621431
0.012178645
0.011735855
0.011293064
0.01085027
0.010407475
0.0099646789
0.009521881
0.0090790818
0.0086362814
0.0081934793
0.0077506741
0.0073078651
0.0068650517
0.0064222326
0.005979407
0.0055365739
0.0050937327
0.0046508829
0.0042080239
0.0037651547
0.0033222744
0.0028793822
0.0024364768
0.0019935569
0.0015506197
0.0011076666
0.0006646908
0.00022171241
0.21443858
0.21421139
0.21354228
0.21231257
0.21048023
0.20797816
0.20469683
0.20049175
0.19518889
0.18859573
0.18051872
0.17081228
0.1594244
0.14652057
0.13256489
0.1182477
0.10433863
0.091555303
0.080403214
0.071128764
0.063782134
0.058256193
0.054350495
0.051861935
0.050602637
0.050400248
0.051094112
0.052526505
0.054538476
0.056972283
0.05967754
0.062517238
0.065371896
0.068141937
0.070748698
0.07313427
0.075260285
0.077105906
0.078665284
0.079944744
0.080959909
0.08173294
0.082290012
0.082659144
0.082868417
0.082944623
0.082912329
0.082793304
0.082606269
0.082366901
0.082088011
0.081779836
0.081450382
0.081105781
0.080750628
0.08038828
0.080021113
0.07965074
0.079278188
0.078904037
0.078528538
0.078151712
0.077773418
0.077393421
0.077011437
0.076627173
0.076240351
0.075850728
0.075458107
0.075062353
0.07466338
0.074261213
0.073855808
0.07344724
0.073035618
0.072621071
0.072203754
0.071783836
0.071361495
0.070936916
0.070510281
0.070081771
0.069651561
0.069219822
0.068786711
0.068352379
0.06791696
0.067480577
0.067043344
0.066605362
0.066166723
0.065727511
0.065287801
0.064847659
0.064407142
0.063966301
0.063525179
0.063083815
0.062642243
0.062200495
0.061758597
0.061316571
0.060874438
0.060432213
0.059989909
0.059547539
0.059105115
0.058662646
0.05822014
0.057777605
0.057335045
0.056892462
0.05644986
0.05600724
0.055564606
0.055121959
0.054679302
0.054236639
0.053793971
0.053351299
0.052908624
0.052465946
0.052023265
0.051580582
0.051137897
0.050695212
0.050252526
0.049809839
0.049367151
0.048924462
0.048481772
0.048039082
0.047596393
0.047153706
0.04671102
0.046268334
0.045825649
0.045382964
0.044940278
0.044497593
0.044054908
0.043612223
0.043169536
0.042726847
0.042284156
0.041841464
0.041398771
0.040956078
0.040513385
0.040070692
0.039628
0.039185306
0.038742611
0.038299914
0.037857214
0.037414513
0.036971811
0.036529109
0.036086408
0.035643707
0.035201008
0.034758309
0.034315611
0.033872912
0.033430209
0.032987503
0.032544792
0.03210208
0.031659367
0.031216655
0.030773943
0.030331231
0.02988852
0.029445808
0.029003095
0.028560381
0.028117664
0.027674945
0.027232224
0.026789502
0.026346778
0.025904055
0.025461331
0.025018606
0.024575879
0.024133149
0.023690416
0.02324768
0.022804941
0.022362199
0.021919456
0.021476712
0.021033968
0.020591224
0.02014848
0.019705734
0.019262987
0.018820237
0.018377483
0.017934725
0.017491963
0.017049197
0.016606428
0.016163657
0.015720885
0.015278112
0.014835338
0.014392562
0.013949786
0.013507008
0.013064229
0.012621446
0.01217866
0.011735872
0.011293082
0.010850289
0.010407495
0.0099646982
0.0095219008
0.0090791021
0.0086363021
0.0081935005
0.0077506964
0.007307889
0.0068650777
0.0064222615
0.0059794393
0.0055366104
0.0050937742
0.0046509299
0.0042080763
0.0037652125
0.0033223374
0.0028794497
0.0024365472
0.001993627
0.0015506861
0.0011077243
0.00066473302
0.00022173583
0.21204904
0.21179268
0.21103641
0.2096583
0.20763831
0.20493986
0.20149041
0.19719226
0.19193107
0.18558667
0.17804958
0.16925386
0.15920962
0.14806167
0.13613216
0.12389222
0.11187977
0.10061262
0.090497072
0.081784372
0.074583154
0.068881194
0.064582857
0.061553469
0.059656745
0.058747704
0.058682743
0.059318938
0.060513257
0.062125198
0.06402144
0.066080421
0.068195743
0.070278287
0.072257148
0.074079548
0.075709836
0.077127773
0.078326317
0.079309137
0.080088039
0.080680491
0.081107362
0.081390984
0.081553587
0.081616136
0.081597549
0.081514258
0.081380064
0.081206206
0.081001587
0.080773077
0.080525856
0.080263742
0.079989491
0.079705052
0.079411771
0.07911056
0.078802012
0.078486504
0.078164259
0.077835407
0.077500023
0.077158155
0.076809851
0.076455174
0.076094211
0.075727088
0.075353964
0.074975029
0.074590513
0.07420068
0.073805804
0.073406181
0.073002124
0.072593951
0.072181981
0.07176653
0.071347904
0.070926397
0.07050229
0.070075845
0.069647312
0.069216922
0.068784887
0.068351402
0.067916642
0.067480764
0.067043908
0.0666062
0.066167752
0.065728666
0.065289029
0.06484892
0.064408403
0.063967539
0.063526375
0.063084957
0.062643323
0.062201508
0.061759541
0.061317446
0.060875245
0.060432952
0.059990584
0.059548153
0.059105671
0.058663149
0.058220593
0.057778012
0.057335409
0.056892786
0.056450148
0.056007495
0.055564831
0.055122158
0.054679479
0.054236796
0.053794109
0.053351421
0.052908731
0.052466039
0.052023346
0.051580653
0.05113796
0.050695267
0.050252574
0.049809881
0.049367188
0.048924495
0.048481802
0.04803911
0.047596419
0.04715373
0.046711042
0.046268355
0.045825668
0.045382982
0.044940296
0.04449761
0.044054924
0.043612238
0.043169549
0.042726859
0.042284166
0.041841472
0.041398778
0.040956084
0.04051339
0.040070697
0.039628003
0.039185308
0.038742612
0.038299913
0.037857212
0.03741451
0.036971807
0.036529105
0.036086403
0.035643702
0.035201003
0.034758304
0.034315606
0.033872906
0.033430203
0.032987495
0.032544785
0.032102073
0.031659361
0.03121665
0.030773938
0.030331227
0.029888516
0.029445804
0.029003092
0.028560378
0.028117661
0.027674941
0.02723222
0.026789497
0.026346775
0.025904052
0.025461329
0.025018604
0.024575876
0.024133146
0.023690413
0.023247676
0.022804936
0.022362194
0.02191945
0.021476707
0.021033964
0.020591221
0.020148478
0.019705734
0.019262988
0.018820239
0.018377487
0.01793473
0.017491968
0.017049203
0.016606434
0.016163665
0.015720893
0.01527812
0.014835347
0.014392572
0.013949797
0.01350702
0.013064242
0.01262146
0.012178676
0.011735889
0.0112931
0.010850308
0.010407513
0.0099647173
0.0095219202
0.0090791222
0.0086363226
0.0081935215
0.0077507185
0.0073079131
0.0068651042
0.0064222909
0.0059794727
0.0055366488
0.0050938182
0.0046509798
0.0042081328
0.0037652761
0.0033224082
0.002879527
0.0024366294
0.0019937122
0.001550771
0.0011078024
0.00066480051
0.00022177178
0.21021389
0.20992574
0.20907398
0.20753554
0.20531789
0.20241867
0.19880208
0.19441227
0.18918362
0.18305037
0.17596043
0.16789756
0.15890371
0.14910855
0.1387501
0.12816056
0.11772007
0.10780275
0.098722079
0.090696758
0.08384728
0.078206196
0.073738363
0.070366338
0.067993231
0.066507615
0.06579143
0.06572312
0.066179698
0.067040005
0.068188771
0.069520452
0.070942217
0.072375887
0.073758868
0.075044157
0.076199528
0.077206066
0.078056225
0.078751631
0.079300798
0.079716936
0.08001596
0.080214805
0.080330098
0.080377193
0.080369558
0.080318479
0.080233012
0.080120128
0.079984972
0.079831183
0.079661227
0.079476701
0.079278596
0.079067505
0.078843783
0.078607662
0.078359317
0.078098923
0.077826676
0.077542812
0.077247607
0.076941385
0.076624509
0.076297392
0.075960476
0.075614228
0.075259144
0.074895736
0.074524528
0.074146052
0.073760834
0.073369393
0.07297224
0.072569869
0.072162754
0.071751348
0.071336076
0.070917335
0.070495495
0.070070898
0.069643858
0.069214664
0.068783578
0.068350836
0.067916649
0.067481203
0.067044666
0.066607184
0.06616889
0.065729899
0.065290311
0.064850215
0.064409684
0.063968784
0.063527571
0.063086093
0.062644393
0.062202508
0.06176047
0.061318306
0.060876035
0.060433676
0.059991244
0.059548753
0.059106215
0.05866364
0.058221035
0.057778408
0.057335762
0.0568931
0.056450426
0.056007741
0.055565048
0.05512235
0.054679648
0.054236945
0.053794241
0.053351536
0.052908832
0.052466128
0.052023424
0.051580721
0.05113802
0.050695319
0.05025262
0.049809922
0.049367224
0.048924527
0.048481831
0.048039137
0.047596445
0.047153754
0.046711064
0.046268376
0.045825688
0.045383
0.044940313
0.044497627
0.04405494
0.043612252
0.043169562
0.042726869
0.042284175
0.04184148
0.041398785
0.040956091
0.040513397
0.040070702
0.039628007
0.03918531
0.038742612
0.038299912
0.03785721
0.037414507
0.036971804
0.036529101
0.036086399
0.035643698
0.035200999
0.0347583
0.034315601
0.0338729
0.033430196
0.032987487
0.032544777
0.032102066
0.031659355
0.031216644
0.030773933
0.030331223
0.029888513
0.029445802
0.02900309
0.028560375
0.028117657
0.027674937
0.027232216
0.026789494
0.026346772
0.025904049
0.025461326
0.025018601
0.024575873
0.024133143
0.023690409
0.023247672
0.022804931
0.022362188
0.021919445
0.021476702
0.02103396
0.020591218
0.020148476
0.019705733
0.019262989
0.018820242
0.01837749
0.017934734
0.017491973
0.017049208
0.016606441
0.016163671
0.0157209
0.015278128
0.014835355
0.014392582
0.013949808
0.013507032
0.013064255
0.012621474
0.012178692
0.011735906
0.011293117
0.010850325
0.010407531
0.0099647358
0.0095219389
0.0090791409
0.0086363419
0.0081935417
0.0077507399
0.0073079361
0.0068651298
0.0064223199
0.005979506
0.0055366872
0.0050938624
0.0046510308
0.0042081916
0.0037653435
0.0033224845
0.002879612
0.0024367228
0.0019938125
0.0015508753
0.0011079037
0.00066490222
0.00022182281
0.20900453
0.20867473
0.20769951
0.20595847
0.20349779
0.20035717
0.1965394
0.19202735
0.18679593
0.18082052
0.17408798
0.16661208
0.15844882
0.14971226
0.14058379
0.13130369
0.12214446
0.11337747
0.10523928
0.097907623
0.091494225
0.086048198
0.081566067
0.078007543
0.075307059
0.073382398
0.072140819
0.071483215
0.071307532
0.071512342
0.072000543
0.072682739
0.073479912
0.074325217
0.075164889
0.0759583
0.076677291
0.077304896
0.077833647
0.078263646
0.078600576
0.078853802
0.079034669
0.079155091
0.07922646
0.079258897
0.079260805
0.079238707
0.079197291
0.079139613
0.079067386
0.078981309
0.07888138
0.078767178
0.07863809
0.078493477
0.078332791
0.078155638
0.077961812
0.077751302
0.077524276
0.077281064
0.077022127
0.076748043
0.076459475
0.07615714
0.075841807
0.075514268
0.075175326
0.074825785
0.074466443
0.074098076
0.073721439
0.073337254
0.072946212
0.072548967
0.072146135
0.07173829
0.071325965
0.070909649
0.070489793
0.070066808
0.069641069
0.069212914
0.068782649
0.068350546
0.067916849
0.06748177
0.0670455
0.066608205
0.066170034
0.065731115
0.065291561
0.064851466
0.064410914
0.063969975
0.06352871
0.063087171
0.062645406
0.062203454
0.061761348
0.061319116
0.060876779
0.060434357
0.059991866
0.059549318
0.059106727
0.058664103
0.058221452
0.05777878
0.057336093
0.056893394
0.056450685
0.05600797
0.05556525
0.055122528
0.054679806
0.054237084
0.053794363
0.053351644
0.052908926
0.05246621
0.052023497
0.051580785
0.051138075
0.050695368
0.050252663
0.049809959
0.049367257
0.048924557
0.048481859
0.048039162
0.047596468
0.047153776
0.046711086
0.046268396
0.045825706
0.045383018
0.04494033
0.044497643
0.044054955
0.043612266
0.043169574
0.04272688
0.042284185
0.041841489
0.041398794
0.040956099
0.040513403
0.040070707
0.039628009
0.039185311
0.038742611
0.03829991
0.037857207
0.037414503
0.0369718
0.036529097
0.036086395
0.035643694
0.035200995
0.034758296
0.034315596
0.033872893
0.033430188
0.032987479
0.032544769
0.032102059
0.031659349
0.031216639
0.030773929
0.03033122
0.02988851
0.0294458
0.029003087
0.028560372
0.028117654
0.027674934
0.027232213
0.026789491
0.026346769
0.025904047
0.025461323
0.025018598
0.02457587
0.024133139
0.023690405
0.023247666
0.022804925
0.022362183
0.02191944
0.021476698
0.021033956
0.020591215
0.020148474
0.019705733
0.01926299
0.018820244
0.018377493
0.017934737
0.017491977
0.017049213
0.016606447
0.016163678
0.015720907
0.015278135
0.014835363
0.014392591
0.013949818
0.013507043
0.013064267
0.012621488
0.012178706
0.011735921
0.011293132
0.010850341
0.010407547
0.0099647523
0.0095219558
0.0090791579
0.0086363591
0.0081935598
0.0077507593
0.0073079571
0.0068651532
0.0064223469
0.0059795371
0.0055367233
0.0050939047
0.0046510806
0.0042082499
0.0037654112
0.0033225626
0.0028797015
0.0024368241
0.0019939248
0.0015509974
0.0011080302
0.00066504433
0.00022188939
0.20851278
0.20811957
0.20696384
0.20493701
0.20214573
0.1986855
0.19460186
0.18991432
0.18463179
0.17875939
0.17230873
0.165309
0.15781797
0.14993139
0.14178737
0.13356096
0.1254484
0.11764644
0.11033126
0.10364233
0.097675151
0.092481296
0.088073148
0.084432164
0.081516061
0.079265976
0.077611251
0.076473555
0.0757706
0.075419671
0.075340987
0.075460694
0.075713234
0.076042961
0.076404952
0.076765086
0.077099451
0.077393243
0.0776393
0.077836446
0.077987804
0.078099204
0.078177786
0.078230861
0.078265061
0.078285789
0.078296931
0.078300801
0.078298264
0.078288978
0.078271697
0.078244597
0.078205568
0.078152466
0.078083309
0.077996407
0.077890435
0.07776446
0.077617947
0.077450722
0.077262928
0.077054975
0.07682749
0.076581262
0.076317207
0.076036322
0.075739657
0.075428285
0.07510328
0.074765703
0.074416586
0.074056927
0.073687675
0.073309731
0.072923942
0.0725311
0.072131945
0.071727155
0.071317357
0.070903121
0.070484966
0.070063364
0.069638739
0.069211475
0.068781914
0.06835036
0.067917082
0.067482318
0.067046276
0.066609141
0.066171074
0.065732216
0.065292688
0.064852593
0.06441202
0.063971045
0.063529733
0.06308814
0.062646317
0.062204305
0.061762138
0.061319846
0.06087745
0.060434972
0.059992426
0.059549829
0.05910719
0.058664521
0.058221828
0.057779117
0.057336392
0.056893658
0.056450919
0.056008176
0.055565432
0.055122689
0.054679947
0.054237209
0.053794473
0.05335174
0.052909011
0.052466285
0.052023562
0.051580843
0.051138126
0.050695412
0.050252701
0.049809993
0.049367287
0.048924584
0.048481883
0.048039186
0.04759649
0.047153797
0.046711105
0.046268414
0.045825724
0.045383035
0.044940347
0.044497658
0.044054969
0.043612278
0.043169585
0.042726891
0.042284195
0.041841499
0.041398803
0.040956106
0.040513409
0.040070711
0.039628012
0.039185312
0.03874261
0.038299908
0.037857204
0.0374145
0.036971796
0.036529093
0.036086392
0.035643691
0.035200991
0.034758291
0.03431559
0.033872886
0.03343018
0.032987471
0.032544762
0.032102052
0.031659343
0.031216634
0.030773926
0.030331217
0.029888509
0.029445799
0.029003085
0.028560369
0.028117651
0.027674931
0.02723221
0.026789488
0.026346766
0.025904044
0.02546132
0.025018595
0.024575867
0.024133135
0.0236904
0.023247661
0.02280492
0.022362177
0.021919435
0.021476693
0.021033952
0.020591212
0.020148473
0.019705733
0.019262992
0.018820246
0.018377496
0.017934741
0.017491981
0.017049218
0.016606452
0.016163683
0.015720912
0.015278142
0.014835371
0.014392599
0.013949827
0.013507053
0.013064277
0.0126215
0.012178718
0.011735934
0.011293146
0.010850355
0.010407562
0.0099647665
0.0095219698
0.0090791722
0.0086363738
0.0081935748
0.0077507752
0.0073079748
0.0068651731
0.0064223697
0.0059795638
0.0055367549
0.0050939424
0.0046511256
0.0042083035
0.0037654748
0.0033226379
0.0028797899
0.002436927
0.0019940433
0.0015511324
0.0011081785
0.00066522827
0.00022196957
0.20887659
0.20837397
0.20693093
0.2044756
0.20121441
0.19731791
0.19287916
0.18795137
0.18257007
0.17675736
0.17053577
0.16393687
0.15700996
0.14982888
0.14249481
0.13513293
0.12788304
0.12088668
0.11427376
0.10815171
0.1025991
0.09766379
0.093366512
0.089700901
0.086641823
0.084148687
0.082169254
0.080643388
0.079506522
0.078692892
0.078138527
0.077783863
0.077575794
0.077469058
0.077426928
0.077421266
0.077432005
0.077446211
0.077456846
0.077461404
0.077460531
0.077456744
0.07745333
0.077453467
0.077459598
0.077473045
0.077493853
0.077520815
0.077551641
0.077583223
0.077611932
0.077633924
0.07764541
0.077642885
0.077623281
0.077584069
0.077523307
0.07743964
0.077332254
0.077200845
0.077045535
0.076866797
0.076665382
0.076442259
0.076198549
0.075935476
0.075654319
0.075356383
0.075042965
0.074715339
0.074374735
0.074022328
0.073659232
0.073286494
0.072905091
0.072515932
0.072119855
0.071717629
0.071309954
0.07089747
0.070480753
0.070060322
0.069636647
0.069210144
0.068781188
0.068350108
0.067917196
0.067482708
0.06704687
0.06660988
0.066171911
0.065733113
0.065293614
0.064853525
0.06441294
0.063971939
0.063530591
0.063088957
0.062647088
0.062205027
0.061762811
0.061320468
0.060878024
0.060435498
0.059992908
0.059550268
0.05910759
0.058664882
0.058222153
0.057779407
0.05733665
0.056893887
0.056451121
0.056008355
0.05556559
0.055122829
0.054680071
0.054237317
0.053794568
0.053351824
0.052909085
0.05246635
0.05202362
0.051580894
0.051138171
0.050695452
0.050252736
0.049810023
0.049367314
0.048924608
0.048481906
0.048039207
0.04759651
0.047153815
0.046711122
0.046268431
0.04582574
0.04538305
0.044940361
0.044497672
0.044054981
0.043612289
0.043169596
0.042726901
0.042284205
0.041841509
0.041398812
0.040956114
0.040513415
0.040070715
0.039628014
0.039185312
0.038742609
0.038299905
0.0378572
0.037414496
0.036971793
0.036529091
0.036086389
0.035643689
0.035200988
0.034758286
0.034315584
0.033872879
0.033430172
0.032987463
0.032544754
0.032102045
0.031659337
0.03121663
0.030773923
0.030331216
0.029888507
0.029445797
0.029003084
0.028560367
0.028117649
0.027674929
0.027232207
0.026789486
0.026346764
0.025904042
0.025461318
0.025018592
0.024575863
0.024133131
0.023690395
0.023247655
0.022804914
0.022362172
0.02191943
0.021476688
0.021033949
0.02059121
0.020148472
0.019705734
0.019262993
0.018820248
0.018377498
0.017934743
0.017491985
0.017049222
0.016606456
0.016163687
0.015720917
0.015278147
0.014835377
0.014392606
0.013949834
0.013507062
0.013064287
0.01262151
0.012178729
0.011735944
0.011293157
0.010850366
0.010407573
0.0099647777
0.0095219807
0.009079183
0.0086363847
0.0081935859
0.0077507871
0.0073079879
0.0068651879
0.0064223868
0.0059795842
0.0055367796
0.0050939725
0.0046511622
0.0042083481
0.0037655291
0.0033227037
0.0028798695
0.0024370231
0.0019941584
0.0015512693
0.0011083396
0.0006654472
0.00022205724
0.21033013
0.2096147
0.20768429
0.20456608
0.20063013
0.19614548
0.19125189
0.18602695
0.18051495
0.17474309
0.16872723
0.16248754
0.15605545
0.14947946
0.14282731
0.13618431
0.1296475
0.1233175
0.11728968
0.11164654
0.10645208
0.10175055
0.097564466
0.093897236
0.090736258
0.088055254
0.085817239
0.083977647
0.082487321
0.081295332
0.080351572
0.07960899
0.079025319
0.078564237
0.078195933
0.077897151
0.077650756
0.077444983
0.077272447
0.077129072
0.077013014
0.076923681
0.076860894
0.076824242
0.076812629
0.076824026
0.076855395
0.07690277
0.07696144
0.077026212
0.077091686
0.077152541
0.07720377
0.07724088
0.077260024
0.077258065
0.077232623
0.077182044
0.077105282
0.077001945
0.076872139
0.076716377
0.076535508
0.076330629
0.076103017
0.075854065
0.075585228
0.075297987
0.074993814
0.074674144
0.074340362
0.073993783
0.073635648
0.073267117
0.072889271
0.072503109
0.072109546
0.071709422
0.071303499
0.070892466
0.070476947
0.0700575
0.069634627
0.069208775
0.068780341
0.068349676
0.067917089
0.067482852
0.067047204
0.066610353
0.066172482
0.06573375
0.06529429
0.064854219
0.064413635
0.063972624
0.063531256
0.063089596
0.062647696
0.062205601
0.061763348
0.061320969
0.060878487
0.060435925
0.0599933
0.059550627
0.059107916
0.058665178
0.058222419
0.057779646
0.057336863
0.056894076
0.056451289
0.056008504
0.055565722
0.055122946
0.054680174
0.054237408
0.053794648
0.053351894
0.052909147
0.052466405
0.052023669
0.051580937
0.051138209
0.050695485
0.050252765
0.049810049
0.049367337
0.048924629
0.048481925
0.048039225
0.047596527
0.047153831
0.046711138
0.046268445
0.045825754
0.045383064
0.044940373
0.044497683
0.044054992
0.0436123
0.043169606
0.042726911
0.042284215
0.041841518
0.04139882
0.040956121
0.04051342
0.040070718
0.039628015
0.039185311
0.038742606
0.038299901
0.037857197
0.037414493
0.03697179
0.036529088
0.036086387
0.035643686
0.035200984
0.034758282
0.034315578
0.033872872
0.033430164
0.032987455
0.032544746
0.032102039
0.031659333
0.031216627
0.030773921
0.030331214
0.029888506
0.029445796
0.029003082
0.028560366
0.028117647
0.027674926
0.027232205
0.026789484
0.026346762
0.025904039
0.025461315
0.025018589
0.024575859
0.024133126
0.023690389
0.02324765
0.022804908
0.022362166
0.021919425
0.021476684
0.021033946
0.020591209
0.020148472
0.019705734
0.019262993
0.018820248
0.018377499
0.017934746
0.017491987
0.017049224
0.016606458
0.01616369
0.015720921
0.015278152
0.014835382
0.014392612
0.013949841
0.013507069
0.013064294
0.012621517
0.012178737
0.011735953
0.011293165
0.010850374
0.010407581
0.0099647853
0.009521988
0.0090791898
0.0086363912
0.0081935925
0.0077507939
0.0073079952
0.0068651962
0.0064223968
0.0059795966
0.0055367951
0.005093992
0.0046511869
0.0042083794
0.0037655686
0.0033227534
0.0028799321
0.0024371018
0.0019942574
0.0015513924
0.0011084977
0.0006656822
0.00022214358
0.21328802
0.212123
0.20933194
0.20517839
0.20028802
0.19504055
0.1896036
0.18405303
0.17841892
0.1727048
0.16690362
0.16100859
0.15502629
0.14897833
0.14290294
0.13685398
0.13089698
0.12510335
0.11954395
0.11428366
0.10937554
0.10486088
0.10076398
0.097095267
0.09385189
0.091019121
0.088572624
0.086480916
0.084707839
0.083214945
0.081963699
0.080917351
0.080042386
0.079309496
0.078694069
0.078176252
0.077740658
0.077375805
0.077073396
0.076827524
0.076633878
0.076489019
0.076389767
0.076332728
0.076313976
0.076328893
0.076372137
0.076437741
0.076519298
0.07661019
0.076703846
0.07679398
0.076874807
0.076941205
0.076988853
0.077014232
0.077014766
0.076988424
0.076934159
0.076851498
0.076740522
0.076601777
0.076436173
0.076244898
0.076029331
0.075790984
0.075531434
0.075252288
0.074955139
0.07464154
0.074312985
0.073970891
0.07361659
0.073251329
0.072876261
0.072492451
0.072100876
0.071702424
0.071297904
0.070888043
0.0704735
0.070054861
0.069632655
0.06920735
0.068779362
0.068349057
0.067916758
0.067482748
0.067047276
0.06661056
0.066172789
0.065734128
0.065294717
0.064854676
0.064414107
0.063973099
0.063531728
0.063090056
0.06264814
0.062206025
0.06176375
0.061321345
0.060878838
0.06043625
0.0599936
0.059550903
0.059108169
0.058665407
0.058222626
0.057779832
0.05733703
0.056894226
0.056451422
0.056008623
0.055565828
0.055123039
0.054680256
0.05423748
0.053794712
0.053351951
0.052909197
0.052466451
0.052023709
0.051580973
0.05113824
0.050695513
0.050252789
0.049810071
0.049367357
0.048924647
0.048481942
0.04803924
0.047596541
0.047153845
0.046711151
0.046268458
0.045825766
0.045383075
0.044940384
0.044497693
0.044055001
0.043612309
0.043169615
0.04272692
0.042284224
0.041841527
0.041398828
0.040956127
0.040513425
0.040070721
0.039628015
0.03918531
0.038742604
0.038299898
0.037857194
0.03741449
0.036971788
0.036529086
0.036086385
0.035643683
0.035200981
0.034758278
0.034315573
0.033872866
0.033430157
0.032987448
0.03254474
0.032102034
0.031659329
0.031216624
0.030773919
0.030331213
0.029888506
0.029445795
0.029003081
0.028560364
0.028117645
0.027674924
0.027232203
0.026789482
0.02634676
0.025904037
0.025461313
0.025018586
0.024575856
0.024133122
0.023690384
0.023247644
0.022804903
0.022362162
0.021919421
0.021476681
0.021033943
0.020591207
0.020148471
0.019705734
0.019262993
0.018820249
0.0183775
0.017934747
0.017491988
0.017049226
0.01660646
0.016163693
0.015720924
0.015278155
0.014835385
0.014392616
0.013949845
0.013507074
0.0130643
0.012621523
0.012178742
0.011735958
0.01129317
0.010850379
0.010407585
0.0099647891
0.0095219913
0.0090791924
0.0086363932
0.0081935941
0.0077507951
0.0073079962
0.0068651976
0.0064223989
0.0059795998
0.0055367998
0.005093999
0.0046511971
0.0042083938
0.0037655887
0.003322781
0.0028799697
0.0024371529
0.0019943258
0.001551483
0.0011086316
0.00066590436
0.00022221946
0.21847613
0.21630836
0.21198006
0.20624037
0.20005565
0.19388391
0.18786559
0.18202221
0.17632454
0.17072195
0.16516315
0.159609
0.15403573
0.14844036
0.14283812
0.13726062
0.13175222
0.12636534
0.12115508
0.11617444
0.11147288
0.10708712
0.10304467
0.09936175
0.096043318
0.093084036
0.090469869
0.08817995
0.086188581
0.08446722
0.08298633
0.081716959
0.080631979
0.079706939
0.078920545
0.078254803
0.077694882
0.077228773
0.076846811
0.076541127
0.076305085
0.076132767
0.076018519
0.075956607
0.07594098
0.075965152
0.076022195
0.076104832
0.076205591
0.076317013
0.076431864
0.07654335
0.076645275
0.076732178
0.07679966
0.076844025
0.076862229
0.076852497
0.076813641
0.076745151
0.076647112
0.076520094
0.07636505
0.076183222
0.075976058
0.075745141
0.075492129
0.075218709
0.074926552
0.074617289
0.074292486
0.073953627
0.073602107
0.07323923
0.072866199
0.072484127
0.072094028
0.071696828
0.071293364
0.070884394
0.070470598
0.070052585
0.0696309
0.069206028
0.068778396
0.068348384
0.067916323
0.067482504
0.067047184
0.066610587
0.066172908
0.065734316
0.065294954
0.064854948
0.064414402
0.063973407
0.06353204
0.063090369
0.062648447
0.062206322
0.061764033
0.061321613
0.06087909
0.060436485
0.059993818
0.059551104
0.059108353
0.058665576
0.058222779
0.05777997
0.057337154
0.056894338
0.056451523
0.056008713
0.055565908
0.05512311
0.054680319
0.054237535
0.053794761
0.053351995
0.052909237
0.052466486
0.05202374
0.051581
0.051138265
0.050695534
0.050252809
0.049810088
0.049367373
0.048924662
0.048481955
0.048039252
0.047596553
0.047153856
0.046711161
0.046268468
0.045825775
0.045383083
0.044940392
0.0444977
0.044055009
0.043612316
0.043169623
0.042726928
0.042284232
0.041841535
0.041398835
0.040956133
0.040513428
0.040070722
0.039628015
0.039185308
0.038742602
0.038299896
0.037857191
0.037414488
0.036971786
0.036529085
0.036086383
0.035643682
0.035200979
0.034758274
0.034315568
0.033872859
0.033430151
0.032987442
0.032544736
0.03210203
0.031659325
0.031216621
0.030773917
0.030331212
0.029888505
0.029445794
0.02900308
0.028560362
0.028117643
0.027674923
0.027232201
0.02678948
0.026346758
0.025904035
0.02546131
0.025018583
0.024575852
0.024133117
0.02369038
0.02324764
0.022804899
0.022362158
0.021919417
0.021476678
0.021033942
0.020591207
0.020148471
0.019705733
0.019262993
0.018820249
0.0183775
0.017934747
0.017491988
0.017049226
0.016606461
0.016163694
0.015720925
0.015278157
0.014835388
0.014392618
0.013949849
0.013507077
0.013064303
0.012621526
0.012178745
0.011735961
0.011293173
0.010850381
0.010407586
0.0099647892
0.0095219906
0.009079191
0.0086363909
0.0081935907
0.0077507908
0.0073079913
0.0068651921
0.006422393
0.0059795935
0.0055367935
0.005093993
0.0046511919
0.0042083901
0.0037655874
0.0033227833
0.0028799772
0.0024371683
0.0019943523
0.0015515255
0.0011087202
0.0006660772
0.00022227788
0.2271004
0.22264009
0.21556476
0.2075387
0.19976702
0.19260965
0.18607146
0.18004388
0.1743852
0.1689629
0.16367188
0.15843757
0.15321402
0.14797983
0.1427354
0.13749977
0.13230576
0.1271953
0.12221412
0.11741188
0.11283283
0.10851474
0.10448795
0.10077342
0.097382393
0.094316966
0.091571091
0.089131987
0.086981755
0.085099042
0.083460611
0.082042723
0.08082226
0.079777542
0.078888859
0.07813873
0.077511938
0.076995383
0.076577806
0.076249434
0.076001593
0.075826327
0.075716063
0.075663331
0.075660578
0.075700068
0.075773875
0.075873949
0.075992256
0.076120937
0.076252492
0.076379945
0.076496975
0.076597953
0.076679158
0.07673586
0.076765635
0.076766592
0.07673755
0.076678029
0.076588146
0.076468505
0.076320096
0.076144203
0.075942319
0.075716075
0.07546718
0.075197368
0.074908362
0.074601839
0.074279408
0.073942597
0.073592841
0.073231476
0.072859742
0.072478776
0.072089619
0.071693219
0.071290433
0.070882034
0.070468718
0.070051108
0.069629761
0.06920517
0.068777772
0.068347952
0.067916047
0.067482355
0.067047137
0.066610619
0.066173001
0.065734455
0.065295127
0.064855143
0.064414613
0.063973627
0.063532265
0.063090592
0.062648667
0.062206535
0.061764236
0.061321805
0.06087927
0.060436653
0.059993974
0.059551247
0.059108485
0.058665695
0.058222888
0.057780068
0.057337244
0.056894419
0.056451596
0.056008778
0.055565966
0.055123161
0.054680364
0.054237575
0.053794796
0.053352026
0.052909265
0.052466511
0.052023763
0.05158102
0.051138282
0.05069555
0.050252823
0.049810101
0.049367384
0.048924672
0.048481965
0.048039261
0.047596562
0.047153864
0.046711169
0.046268475
0.045825782
0.045383089
0.044940397
0.044497706
0.044055015
0.043612323
0.043169629
0.042726935
0.042284239
0.04184154
0.04139884
0.040956136
0.04051343
0.040070723
0.039628015
0.039185307
0.0387426
0.038299894
0.037857189
0.037414486
0.036971784
0.036529083
0.036086382
0.03564368
0.035200976
0.03475827
0.034315563
0.033872855
0.033430146
0.032987438
0.032544732
0.032102027
0.031659323
0.03121662
0.030773917
0.030331212
0.029888504
0.029445793
0.029003078
0.028560361
0.028117642
0.027674921
0.0272322
0.026789478
0.026346756
0.025904033
0.025461308
0.02501858
0.024575848
0.024133113
0.023690376
0.023247636
0.022804895
0.022362154
0.021919414
0.021476677
0.021033941
0.020591206
0.02014847
0.019705733
0.019262992
0.018820248
0.0183775
0.017934746
0.017491988
0.017049225
0.016606461
0.016163694
0.015720926
0.015278157
0.014835389
0.01439262
0.01394985
0.013507078
0.013064304
0.012621526
0.012178745
0.01173596
0.011293172
0.010850379
0.010407584
0.0099647862
0.0095219865
0.0090791859
0.0086363847
0.0081935832
0.007750782
0.0073079812
0.0068651806
0.0064223799
0.0059795789
0.0055367772
0.0050939752
0.0046511727
0.0042083697
0.0037655657
0.0033227606
0.0028799542
0.0024371463
0.0019943332
0.0015515125
0.0011087471
0.0006661645
0.00022231582
0.24228912
0.23201598
0.21962876
0.20851411
0.1991268
0.19115618
0.18430719
0.17827621
0.17277772
0.16759218
0.16256851
0.15760815
0.15265187
0.14767242
0.1426632
0.13763894
0.13262875
0.12767171
0.12280624
0.11808462
0.11354972
0.10924103
0.10519186
0.10142732
0.097963713
0.094808742
0.091962129
0.0894167
0.08715973
0.085174381
0.083441123
0.081939016
0.080646812
0.079543813
0.078610494
0.07782889
0.077182777
0.076657677
0.076240733
0.075920475
0.075686548
0.075529408
0.075440051
0.075409773
0.075429998
0.075492188
0.07558782
0.07570844
0.075845762
0.075991812
0.076139071
0.076280608
0.076410281
0.076523103
0.076613518
0.076678884
0.0767164
0.076724178
0.076701139
0.076646894
0.076561636
0.076446037
0.076301148
0.076128307
0.075929058
0.075705078
0.075458119
0.075189954
0.074902342
0.074596991
0.074275541
0.073939547
0.073590467
0.073229662
0.072858386
0.072477794
0.072088941
0.071692785
0.071290193
0.070881947
0.070468751
0.070051235
0.069629959
0.069205421
0.068778062
0.068348268
0.06791638
0.067482696
0.067047479
0.066610958
0.066173332
0.065734774
0.065295433
0.064855435
0.064414889
0.063973888
0.06353251
0.063090821
0.062648879
0.062206731
0.061764416
0.06132197
0.06087942
0.060436789
0.059994097
0.059551358
0.059108584
0.058665785
0.058222967
0.05778014
0.057337308
0.056894477
0.056451648
0.056008824
0.055566006
0.055123196
0.054680394
0.054237602
0.05379482
0.053352048
0.052909284
0.052466527
0.052023777
0.051581033
0.051138293
0.05069556
0.050252832
0.049810109
0.049367392
0.048924679
0.048481971
0.048039267
0.047596567
0.04715387
0.046711174
0.046268479
0.045825786
0.045383093
0.044940401
0.04449771
0.044055019
0.043612327
0.043169634
0.042726939
0.042284243
0.041841544
0.041398843
0.040956138
0.040513431
0.040070723
0.039628014
0.039185306
0.038742599
0.038299892
0.037857188
0.037414485
0.036971784
0.036529083
0.036086381
0.035643678
0.035200974
0.034758267
0.034315559
0.033872851
0.033430143
0.032987435
0.032544729
0.032102025
0.031659322
0.031216619
0.030773916
0.030331211
0.029888503
0.029445791
0.029003076
0.028560359
0.02811764
0.027674919
0.027232198
0.026789476
0.026346754
0.025904031
0.025461305
0.025018577
0.024575845
0.02413311
0.023690372
0.023247633
0.022804892
0.022362152
0.021919413
0.021476676
0.02103394
0.020591205
0.020148469
0.019705732
0.019262991
0.018820247
0.018377498
0.017934744
0.017491986
0.017049224
0.016606459
0.016163693
0.015720925
0.015278157
0.014835389
0.01439262
0.013949849
0.013507077
0.013064302
0.012621525
0.012178743
0.011735958
0.011293168
0.010850375
0.010407579
0.0099647804
0.0095219798
0.009079178
0.0086363754
0.0081935726
0.0077507698
0.0073079673
0.0068651646
0.0064223615
0.0059795578
0.0055367533
0.0050939483
0.0046511426
0.0042083358
0.0037655272
0.003322717
0.0028799054
0.0024370927
0.0019942741
0.0015514506
0.0011087074
0.00066613431
0.00022232338
0.27655107
0.24787356
0.22397056
0.2085751
0.19773401
0.1893127
0.18248635
0.17669054
0.17149008
0.16659799
0.16183902
0.15710819
0.15234631
0.14752677
0.14264719
0.13772339
0.13278467
0.12786963
0.12302798
0.11830291
0.11374199
0.10938856
0.10527954
0.10144408
0.097902767
0.0946675
0.091741913
0.089122279
0.086798715
0.084756536
0.082977645
0.081441839
0.080127966
0.079014883
0.078082189
0.077310729
0.076682888
0.076182702
0.075795806
0.075509276
0.0753114
0.07519142
0.075139269
0.075145349
0.075200369
0.075295243
0.075421063
0.075569137
0.075731072
0.075898885
0.076065144
0.07622313
0.076366835
0.076490986
0.076591324
0.076664736
0.076708717
0.076721629
0.0767026
0.076651418
0.076568434
0.076454455
0.076310651
0.076138463
0.075939522
0.07571558
0.07546845
0.075199959
0.074911905
0.074606035
0.074284017
0.073947427
0.073597743
0.073236339
0.072864482
0.072483332
0.072093951
0.071697298
0.071294244
0.070885571
0.070471984
0.070054111
0.069632512
0.069207683
0.068780061
0.068350032
0.067917933
0.067484062
0.067048679
0.066612011
0.066174254
0.065735582
0.065296138
0.064856051
0.064415427
0.063974357
0.063532918
0.063091177
0.062649188
0.062206998
0.061764648
0.06132217
0.060879593
0.060436938
0.059994226
0.059551469
0.059108679
0.058665865
0.058223037
0.0577802
0.05733736
0.056894521
0.056451686
0.056008856
0.055566033
0.055123219
0.054680413
0.054237618
0.053794834
0.053352059
0.052909294
0.052466535
0.052023784
0.051581038
0.051138298
0.050695564
0.050252835
0.049810113
0.049367395
0.048924682
0.048481974
0.04803927
0.04759657
0.047153872
0.046711176
0.046268481
0.045825787
0.045383094
0.044940403
0.044497712
0.044055021
0.043612329
0.043169636
0.042726941
0.042284245
0.041841546
0.041398844
0.040956138
0.040513431
0.040070722
0.039628013
0.039185305
0.038742598
0.038299892
0.037857187
0.037414485
0.036971784
0.036529083
0.03608638
0.035643677
0.035200971
0.034758265
0.034315557
0.033872849
0.033430141
0.032987433
0.032544728
0.032102024
0.031659321
0.031216619
0.030773915
0.03033121
0.029888502
0.02944579
0.029003075
0.028560358
0.028117638
0.027674918
0.027232197
0.026789475
0.026346753
0.025904029
0.025461303
0.025018574
0.024575843
0.024133107
0.02369037
0.02324763
0.02280489
0.02236215
0.021919412
0.021476675
0.02103394
0.020591205
0.020148469
0.019705731
0.01926299
0.018820245
0.018377496
0.017934742
0.017491983
0.017049222
0.016606457
0.016163691
0.015720924
0.015278156
0.014835388
0.014392618
0.013949848
0.013507075
0.0130643
0.012621521
0.012178739
0.011735953
0.011293163
0.010850369
0.010407572
0.0099647726
0.0095219711
0.0090791681
0.0086363642
0.0081935599
0.0077507555
0.0073079508
0.0068651456
0.0064223395
0.0059795324
0.0055367244
0.0050939154
0.0046511048
0.004208292
0.0037654766
0.0033226586
0.0028798386
0.0024370168
0.0019941884
0.0015513586
0.001108613
0.00066598523
0.00022228398
0.34697497
0.27367533
0.230523
0.20922824
0.1964108
0.1874931
0.18081595
0.17536462
0.17051299
0.16591762
0.16139461
0.15684447
0.15221734
0.14749103
0.14267117
0.13777799
0.13284386
0.12791071
0.1230312
0.1182538
0.11362896
0.10920369
0.10501873
0.10110695
0.097492331
0.094189725
0.09120516
0.088536684
0.086175541
0.084107554
0.08231457
0.08077586
0.079469377
0.07837282
0.077464471
0.076723793
0.076131797
0.075671198
0.075326408
0.075083398
0.074929474
0.074853023
0.074843248
0.074889944
0.074983326
0.075113926
0.075272561
0.075450363
0.075638849
0.075830033
0.076016538
0.076191746
0.076349982
0.076486183
0.07659634
0.076677413
0.076727213
0.076744374
0.076728266
0.0766789
0.076596825
0.076483028
0.076338835
0.076165823
0.075965737
0.075740425
0.075491778
0.075221685
0.074931998
0.0746245
0.07430089
0.073962767
0.073611626
0.073248849
0.07287571
0.072493373
0.072102897
0.071705244
0.071301279
0.070891782
0.070477452
0.070058913
0.069636717
0.069211357
0.068783263
0.068352816
0.067920349
0.067486153
0.067050485
0.066613568
0.066175594
0.065736732
0.065297124
0.064856894
0.064416146
0.063974969
0.063533439
0.063091618
0.062649561
0.062207313
0.061764913
0.061322392
0.060879779
0.060437094
0.059994355
0.059551575
0.059108766
0.058665937
0.058223096
0.057780248
0.0573374
0.056894553
0.056451712
0.056008877
0.055566049
0.055123231
0.054680423
0.054237626
0.05379484
0.053352064
0.052909296
0.052466537
0.052023784
0.051581038
0.051138298
0.050695563
0.050252835
0.049810112
0.049367394
0.048924681
0.048481973
0.04803927
0.047596569
0.047153871
0.046711175
0.04626848
0.045825787
0.045383094
0.044940403
0.044497712
0.044055021
0.043612329
0.043169636
0.042726941
0.042284245
0.041841545
0.041398843
0.040956137
0.04051343
0.040070721
0.039628013
0.039185305
0.038742597
0.038299891
0.037857187
0.037414485
0.036971784
0.036529082
0.036086379
0.035643675
0.03520097
0.034758263
0.034315556
0.033872848
0.03343014
0.032987433
0.032544728
0.032102024
0.031659321
0.031216618
0.030773915
0.030331209
0.0298885
0.029445788
0.029003073
0.028560356
0.028117637
0.027674917
0.027232196
0.026789474
0.026346752
0.025904028
0.025461302
0.025018573
0.02457584
0.024133105
0.023690368
0.023247629
0.022804889
0.02236215
0.021919412
0.021476675
0.02103394
0.020591204
0.020148468
0.019705729
0.019262988
0.018820243
0.018377493
0.017934739
0.017491981
0.017049219
0.016606455
0.016163689
0.015720922
0.015278155
0.014835386
0.014392617
0.013949845
0.013507072
0.013064296
0.012621517
0.012178734
0.011735948
0.011293157
0.010850362
0.010407565
0.009964765
0.0095219627
0.0090791588
0.0086363539
0.0081935484
0.0077507423
0.0073079357
0.0068651281
0.0064223192
0.0059795091
0.0055366978
0.0050938847
0.0046510691
0.0042082504
0.003765428
0.0033226022
0.0028797738
0.0024369431
0.0019941069
0.0015512696
0.0011085057
0.00066579399
0.0002222045
)
;

boundaryField
{
    inletAnion
    {
        type            fixedFluxPressure;
        gradient        uniform 0;
        value           nonuniform List<scalar> 
24
(
0.34697478
0.27655088
0.24228893
0.22710022
0.21847595
0.21328785
0.21032997
0.20887643
0.20851262
0.20900437
0.21021374
0.2120489
0.21443845
0.21731712
0.22061465
0.22424702
0.22810964
0.23207311
0.23598228
0.23966005
0.24291653
0.24556378
0.24743484
0.2484041
)
;
    }
    inletCation
    {
        type            fixedFluxPressure;
        gradient        uniform 0;
        value           nonuniform List<scalar> 
24
(
0.2484041
0.24743484
0.24556378
0.24291655
0.23966008
0.23598232
0.23207316
0.22810971
0.2242471
0.22061475
0.21731723
0.21443858
0.21204904
0.21021389
0.20900453
0.20851278
0.20887659
0.21033013
0.21328802
0.21847613
0.2271004
0.24228912
0.27655107
0.34697497
)
;
    }
    outlet
    {
        type            fixedValue;
        value           uniform 0;
    }
    walls
    {
        type            fixedFluxPressure;
        gradient        uniform 0;
        value           nonuniform List<scalar> 
480
(
0.34697478
0.27367514
0.23052283
0.20922806
0.19641061
0.18749291
0.18081575
0.17536442
0.17051279
0.16591741
0.1613944
0.15684427
0.15221716
0.14749086
0.14267102
0.13777785
0.13284374
0.12791062
0.12303113
0.11825377
0.11362895
0.10920371
0.10501879
0.10110704
0.097492448
0.094189869
0.091205327
0.088536867
0.086175736
0.084107759
0.082314781
0.080776073
0.079469589
0.078373029
0.077464678
0.076723998
0.076131997
0.075671391
0.075326593
0.075083574
0.074929642
0.074853183
0.074843399
0.074890085
0.074983455
0.075114045
0.075272672
0.075450465
0.075638943
0.075830116
0.076016612
0.076191811
0.076350041
0.076486237
0.07659639
0.076677459
0.076727255
0.076744412
0.076728299
0.07667893
0.076596853
0.076483054
0.076338858
0.07616584
0.075965749
0.075740434
0.075491785
0.075221692
0.074932004
0.074624505
0.074300895
0.073962772
0.073611629
0.073248851
0.072875709
0.072493369
0.07210289
0.071705234
0.071301268
0.070891769
0.070477438
0.070058895
0.069636694
0.069211326
0.068783224
0.06835277
0.0679203
0.067486106
0.067050442
0.066613532
0.066175566
0.065736712
0.06529711
0.064856882
0.064416134
0.063974957
0.063533427
0.063091609
0.062649556
0.062207311
0.061764912
0.061322393
0.06087978
0.060437095
0.059994356
0.059551578
0.059108771
0.058665946
0.058223109
0.057780265
0.057337419
0.056894575
0.056451734
0.0560089
0.055566072
0.055123252
0.054680439
0.054237635
0.053794841
0.053352058
0.052909284
0.05246652
0.052023763
0.051581015
0.051138274
0.050695541
0.050252814
0.049810094
0.049367377
0.048924663
0.048481953
0.048039245
0.047596542
0.047153843
0.046711148
0.046268455
0.045825764
0.045383075
0.044940386
0.044497697
0.044055008
0.043612317
0.043169624
0.042726927
0.042284228
0.041841527
0.041398825
0.040956124
0.040513425
0.040070725
0.039628025
0.039185324
0.03874262
0.038299915
0.03785721
0.037414505
0.036971803
0.036529102
0.036086401
0.035643701
0.035200999
0.034758294
0.034315587
0.033872879
0.033430171
0.032987464
0.03254476
0.032102058
0.031659356
0.031216654
0.03077395
0.030331244
0.029888536
0.029445826
0.029003114
0.028560401
0.028117685
0.027674966
0.027232242
0.026789514
0.02634678
0.025904042
0.025461301
0.025018559
0.024575818
0.024133078
0.023690341
0.023247605
0.02280487
0.022362134
0.021919396
0.021476655
0.021033912
0.020591167
0.020148422
0.019705678
0.019262934
0.018820191
0.018377448
0.017934705
0.017491959
0.01704921
0.016606457
0.016163699
0.015720937
0.015278171
0.014835402
0.014392632
0.01394986
0.013507088
0.013064313
0.012621537
0.012178759
0.011735978
0.011293194
0.010850407
0.010407615
0.0099648205
0.0095220222
0.0090792212
0.008636418
0.008193613
0.0077508065
0.0073079986
0.006865189
0.0064223772
0.0059795629
0.0055367455
0.0050939248
0.0046511009
0.004208274
0.0037654442
0.0033226116
0.002879777
0.002436941
0.0019941013
0.0015512635
0.0011085011
0.00066579148
0.00022220396
0.34697497
0.27367533
0.230523
0.20922824
0.1964108
0.1874931
0.18081595
0.17536462
0.17051299
0.16591762
0.16139461
0.15684447
0.15221734
0.14749103
0.14267117
0.13777799
0.13284386
0.12791071
0.1230312
0.1182538
0.11362896
0.10920369
0.10501873
0.10110695
0.097492331
0.094189725
0.09120516
0.088536684
0.086175541
0.084107554
0.08231457
0.08077586
0.079469377
0.07837282
0.077464471
0.076723793
0.076131797
0.075671198
0.075326408
0.075083398
0.074929474
0.074853023
0.074843248
0.074889944
0.074983326
0.075113926
0.075272561
0.075450363
0.075638849
0.075830033
0.076016538
0.076191746
0.076349982
0.076486183
0.07659634
0.076677413
0.076727213
0.076744374
0.076728266
0.0766789
0.076596825
0.076483028
0.076338835
0.076165823
0.075965737
0.075740425
0.075491778
0.075221685
0.074931998
0.0746245
0.07430089
0.073962767
0.073611626
0.073248849
0.07287571
0.072493373
0.072102897
0.071705244
0.071301279
0.070891782
0.070477452
0.070058913
0.069636717
0.069211357
0.068783263
0.068352816
0.067920349
0.067486153
0.067050485
0.066613568
0.066175594
0.065736732
0.065297124
0.064856894
0.064416146
0.063974969
0.063533439
0.063091618
0.062649561
0.062207313
0.061764913
0.061322392
0.060879779
0.060437094
0.059994355
0.059551575
0.059108766
0.058665937
0.058223096
0.057780248
0.0573374
0.056894553
0.056451712
0.056008877
0.055566049
0.055123231
0.054680423
0.054237626
0.05379484
0.053352064
0.052909296
0.052466537
0.052023784
0.051581038
0.051138298
0.050695563
0.050252835
0.049810112
0.049367394
0.048924681
0.048481973
0.04803927
0.047596569
0.047153871
0.046711175
0.04626848
0.045825787
0.045383094
0.044940403
0.044497712
0.044055021
0.043612329
0.043169636
0.042726941
0.042284245
0.041841545
0.041398843
0.040956137
0.04051343
0.040070721
0.039628013
0.039185305
0.038742597
0.038299891
0.037857187
0.037414485
0.036971784
0.036529082
0.036086379
0.035643675
0.03520097
0.034758263
0.034315556
0.033872848
0.03343014
0.032987433
0.032544728
0.032102024
0.031659321
0.031216618
0.030773915
0.030331209
0.0298885
0.029445788
0.029003073
0.028560356
0.028117637
0.027674917
0.027232196
0.026789474
0.026346752
0.025904028
0.025461302
0.025018573
0.02457584
0.024133105
0.023690368
0.023247629
0.022804889
0.02236215
0.021919412
0.021476675
0.02103394
0.020591204
0.020148468
0.019705729
0.019262988
0.018820243
0.018377493
0.017934739
0.017491981
0.017049219
0.016606455
0.016163689
0.015720922
0.015278155
0.014835386
0.014392617
0.013949845
0.013507072
0.013064296
0.012621517
0.012178734
0.011735948
0.011293157
0.010850362
0.010407565
0.009964765
0.0095219627
0.0090791588
0.0086363539
0.0081935484
0.0077507423
0.0073079357
0.0068651281
0.0064223192
0.0059795091
0.0055366978
0.0050938847
0.0046510691
0.0042082504
0.003765428
0.0033226022
0.0028797738
0.0024369431
0.0019941069
0.0015512696
0.0011085057
0.00066579399
0.0002222045
)
;
    }
    frontAndBack
    {
        type            empty;
    }
}


// ************************************************************************* //
