/*--------------------------------*- C++ -*----------------------------------*\
| =========                 |                                                 |
| \\      /  F ield         | OpenFOAM: The Open Source CFD Toolbox           |
|  \\    /   O peration     | Version:  1912                                  |
|   \\  /    A nd           | Website:  www.openfoam.com                      |
|    \\/     M anipulation  |                                                 |
\*---------------------------------------------------------------------------*/
FoamFile
{
    version     2.0;
    format      ascii;
    class       volVectorField;
    location    "0.6";
    object      U;
}
// * * * * * * * * * * * * * * * * * * * * * * * * * * * * * * * * * * * * * //

dimensions      [0 1 -1 0 0 0 0];


internalField   nonuniform List<vector> 
11520
(
(0.0080055065 0 0.00090819674)
(0.0069754205 0 0.00094037292)
(0.0055036197 0 0.00054727845)
(0.0043007934 0 0.00029243502)
(0.0035392235 0 0.00016239443)
(0.0030670493 0 9.07965e-05)
(0.0027656869 0 4.9873152e-05)
(0.0025729687 0 2.6755259e-05)
(0.0024521759 0 1.3605767e-05)
(0.0023794819 0 5.9334304e-06)
(0.0023392618 0 1.4008443e-06)
(0.0023209737 0 -1.1704575e-06)
(0.0023171506 0 -2.3930415e-06)
(0.0023219631 0 -2.7061863e-06)
(0.0023307336 0 -2.2557946e-06)
(0.0023396803 0 -1.1997219e-06)
(0.0023456038 0 2.9655655e-07)
(0.0023458542 0 2.1124511e-06)
(0.0023384713 0 4.1415522e-06)
(0.0023221 0 6.2482009e-06)
(0.0022958883 0 8.3025009e-06)
(0.0022595658 0 1.020308e-05)
(0.0022133786 0 1.1870065e-05)
(0.002158008 0 1.3247239e-05)
(0.0020944823 0 1.43023e-05)
(0.0020240829 0 1.5025112e-05)
(0.0019482499 0 1.5424569e-05)
(0.0018684936 0 1.5524593e-05)
(0.0017863166 0 1.5359783e-05)
(0.0017031497 0 1.4971227e-05)
(0.0016203025 0 1.4402594e-05)
(0.0015389308 0 1.3696823e-05)
(0.0014600178 0 1.2893736e-05)
(0.0013843682 0 1.2028267e-05)
(0.0013126143 0 1.112947e-05)
(0.0012452281 0 1.0220182e-05)
(0.00118254 0 9.3172757e-06)
(0.001124759 0 8.4322523e-06)
(0.0010719928 0 7.5723677e-06)
(0.0010242663 0 6.7416042e-06)
(0.00098153715 0 5.9419855e-06)
(0.00094370814 0 5.1744472e-06)
(0.00091063593 0 4.4398142e-06)
(0.00088213734 0 3.7393867e-06)
(0.00085799398 0 3.0751948e-06)
(0.0008379558 0 2.4500364e-06)
(0.00082174461 0 1.8672572e-06)
(0.00080905826 0 1.3304321e-06)
(0.00079957562 0 8.4295101e-07)
(0.00079296224 0 4.0760334e-07)
(0.00078887701 0 2.6549231e-08)
(0.00078698054 0 -2.9946433e-07)
(0.00078694526 0 -5.7193827e-07)
(0.0007884507 0 -7.9184034e-07)
(0.00079119469 0 -9.6215209e-07)
(0.00079490609 0 -1.087586e-06)
(0.00079933999 0 -1.1726811e-06)
(0.00080427955 0 -1.2223106e-06)
(0.00080953771 0 -1.241607e-06)
(0.0008149567 0 -1.2356941e-06)
(0.00082040649 0 -1.2094769e-06)
(0.00082578269 0 -1.1674637e-06)
(0.00083100405 0 -1.1136612e-06)
(0.00083600961 0 -1.0515702e-06)
(0.00084075588 0 -9.8420084e-07)
(0.00084521409 0 -9.1405297e-07)
(0.00084936761 0 -8.4311782e-07)
(0.00085320958 0 -7.7294371e-07)
(0.00085674079 0 -7.0471852e-07)
(0.00085996791 0 -6.3932106e-07)
(0.00086290198 0 -5.7735972e-07)
(0.0008655571 0 -5.1922359e-07)
(0.00086794944 0 -4.6513143e-07)
(0.0008700964 0 -4.1516365e-07)
(0.00087201595 0 -3.692898e-07)
(0.00087372612 0 -3.2740211e-07)
(0.00087524465 0 -2.8934349e-07)
(0.00087658869 0 -2.5492156e-07)
(0.00087777463 0 -2.2391862e-07)
(0.00087881794 0 -1.9610551e-07)
(0.00087973312 0 -1.712518e-07)
(0.00088053363 0 -1.4912559e-07)
(0.00088123191 0 -1.2949168e-07)
(0.00088183934 0 -1.1211889e-07)
(0.00088236631 0 -9.6792085e-08)
(0.00088282224 0 -8.3316127e-08)
(0.00088321567 0 -7.1508982e-08)
(0.00088355424 0 -6.1196217e-08)
(0.00088384485 0 -5.2214381e-08)
(0.00088409362 0 -4.4416886e-08)
(0.00088430602 0 -3.767271e-08)
(0.00088448686 0 -3.1858916e-08)
(0.00088464041 0 -2.6856958e-08)
(0.00088477042 0 -2.2557722e-08)
(0.00088488015 0 -1.8868505e-08)
(0.00088497247 0 -1.5713198e-08)
(0.00088504988 0 -1.3025991e-08)
(0.00088511456 0 -1.074605e-08)
(0.00088516839 0 -8.8175136e-09)
(0.00088521302 0 -7.1919397e-09)
(0.00088524987 0 -5.8283357e-09)
(0.00088528014 0 -4.6903768e-09)
(0.00088530489 0 -3.7444905e-09)
(0.00088532502 0 -2.9607684e-09)
(0.00088534128 0 -2.3146442e-09)
(0.00088535433 0 -1.7863272e-09)
(0.00088536473 0 -1.3580698e-09)
(0.00088537293 0 -1.0122448e-09)
(0.00088537932 0 -7.3220538e-10)
(0.00088538424 0 -5.0468482e-10)
(0.00088538795 0 -3.2101896e-10)
(0.00088539068 0 -1.7593769e-10)
(0.00088539263 0 -6.4980633e-11)
(0.00088539395 0 1.7431256e-11)
(0.00088539478 0 7.8064424e-11)
(0.00088539521 0 1.2350873e-10)
(0.00088539534 0 1.58628e-10)
(0.00088539522 0 1.8576298e-10)
(0.00088539492 0 2.0511002e-10)
(0.00088539449 0 2.1615114e-10)
(0.00088539396 0 2.1924618e-10)
(0.00088539337 0 2.1641283e-10)
(0.00088539275 0 2.1073981e-10)
(0.00088539211 0 2.0471683e-10)
(0.00088539148 0 1.9875608e-10)
(0.00088539085 0 1.9122512e-10)
(0.00088539024 0 1.8007596e-10)
(0.00088538967 0 1.6486418e-10)
(0.00088538913 0 1.4756943e-10)
(0.00088538864 0 1.3144771e-10)
(0.00088538819 0 1.1878544e-10)
(0.00088538777 0 1.0936491e-10)
(0.00088538739 0 1.0080726e-10)
(0.00088538704 0 9.0532425e-11)
(0.00088538672 0 7.7848157e-11)
(0.00088538645 0 6.4501691e-11)
(0.00088538621 0 5.3291234e-11)
(0.00088538601 0 4.5869086e-11)
(0.00088538584 0 4.137921e-11)
(0.00088538569 0 3.6982599e-11)
(0.00088538557 0 2.9949846e-11)
(0.00088538547 0 1.9752977e-11)
(0.0008853854 0 8.6431543e-12)
(0.00088538535 0 3.2459702e-13)
(0.00088538531 0 -2.423268e-12)
(0.00088538527 0 4.2951419e-13)
(0.00088538523 0 6.1119373e-12)
(0.00088538519 0 1.0693077e-11)
(0.00088538515 0 1.1320547e-11)
(0.00088538511 0 7.6975003e-12)
(0.00088538509 0 1.9521937e-12)
(0.00088538507 0 -2.8251374e-12)
(0.00088538506 0 -4.3147853e-12)
(0.00088538504 0 -2.033436e-12)
(0.00088538502 0 2.6841478e-12)
(0.00088538499 0 7.5832022e-12)
(0.00088538496 0 1.058415e-11)
(0.00088538493 0 1.0561599e-11)
(0.00088538491 0 7.6524167e-12)
(0.0008853849 0 3.0618261e-12)
(0.0008853849 0 -1.4947147e-12)
(0.00088538491 0 -4.4693241e-12)
(0.00088538491 0 -5.089592e-12)
(0.00088538492 0 -3.6219471e-12)
(0.00088538492 0 -1.1024086e-12)
(0.00088538491 0 1.2635937e-12)
(0.0008853849 0 2.6879225e-12)
(0.00088538489 0 3.0912324e-12)
(0.00088538488 0 2.9322366e-12)
(0.00088538487 0 2.7578165e-12)
(0.00088538486 0 2.8250566e-12)
(0.00088538485 0 2.9515053e-12)
(0.00088538484 0 2.665491e-12)
(0.00088538484 0 1.610446e-12)
(0.00088538484 0 -1.1595878e-13)
(0.00088538485 0 -1.9819368e-12)
(0.00088538486 0 -3.4341345e-12)
(0.00088538488 0 -4.4429383e-12)
(0.0008853849 0 -5.5918873e-12)
(0.00088538493 0 -7.3987518e-12)
(0.00088538495 0 -9.4642537e-12)
(0.00088538497 0 -1.040666e-11)
(0.00088538499 0 -8.8768498e-12)
(0.000885385 0 -4.8377749e-12)
(0.00088538499 0 2.3625701e-13)
(0.00088538498 0 4.5418487e-12)
(0.00088538496 0 7.151162e-12)
(0.00088538495 0 7.9269719e-12)
(0.00088538493 0 6.6272902e-12)
(0.00088538493 0 2.8323633e-12)
(0.00088538493 0 -2.7871809e-12)
(0.00088538493 0 -7.638721e-12)
(0.00088538494 0 -8.7489016e-12)
(0.00088538494 0 -5.5075319e-12)
(0.00088538492 0 -2.1283899e-13)
(0.00088538489 0 4.5372444e-12)
(0.00088538485 0 8.3237041e-12)
(0.0008853848 0 1.1953931e-11)
(0.00088538475 0 1.4675344e-11)
(0.0008853847 0 1.4212867e-11)
(0.00088538464 0 1.0159501e-11)
(0.00088538459 0 5.5474206e-12)
(0.00088538454 0 3.6308252e-12)
(0.00088538449 0 4.3855301e-12)
(0.00088538442 0 5.9642717e-12)
(0.00088538434 0 8.4546897e-12)
(0.00088538424 0 1.3428183e-11)
(0.00088538412 0 2.0071747e-11)
(0.00088538397 0 2.5153897e-11)
(0.00088538381 0 2.7565898e-11)
(0.00088538362 0 2.9604622e-11)
(0.00088538341 0 3.2787271e-11)
(0.00088538318 0 3.6024201e-11)
(0.00088538292 0 3.9162201e-11)
(0.00088538262 0 4.4321624e-11)
(0.00088538227 0 5.2271925e-11)
(0.00088538186 0 6.1626201e-11)
(0.00088538139 0 7.2499386e-11)
(0.00088538085 0 8.6247942e-11)
(0.00088538022 0 1.0172727e-10)
(0.0008853795 0 1.1716481e-10)
(0.00088537867 0 1.3420905e-10)
(0.00088537773 0 1.5477633e-10)
(0.00088537666 0 1.7751818e-10)
(0.00088537543 0 2.0210427e-10)
(0.00088537402 0 2.3117685e-10)
(0.0008853724 0 2.6555081e-10)
(0.00088537054 0 3.054986e-10)
(0.00088536838 0 3.5471178e-10)
(0.00088536587 0 4.1504603e-10)
(0.00088536293 0 4.8567367e-10)
(0.00088535948 0 5.6726565e-10)
(0.00088535541 0 6.5718981e-10)
(0.00088535063 0 7.3855729e-10)
(0.00088534507 0 7.3708527e-10)
(0.00088533848 0 5.4035038e-10)
(0.00088533053 0 2.2272071e-10)
(0.00088532611 0 -5.4935852e-10)
(0.00088533366 0 -5.7907779e-09)
(0.00088530849 0 -3.494805e-09)
(0.010072986 0 0.0017588129)
(0.010399146 0 0.002463908)
(0.0099041768 0 0.002060372)
(0.009057935 0 0.0015085724)
(0.0082596493 0 0.0010452077)
(0.0076146686 0 0.00070216069)
(0.0071213841 0 0.00046260168)
(0.0067601789 0 0.00029915635)
(0.0065079504 0 0.00018772116)
(0.0063416779 0 0.00011119926)
(0.0062411061 0 5.8574131e-05)
(0.0061893986 0 2.301438e-05)
(0.0061726 0 3.084862e-07)
(0.0061788859 0 -1.234198e-05)
(0.0061981609 0 -1.668936e-05)
(0.0062216056 0 -1.4128008e-05)
(0.0062415822 0 -5.9049966e-06)
(0.0062515669 0 6.8283649e-06)
(0.0062463153 0 2.3065158e-05)
(0.00622178 0 4.1547637e-05)
(0.0061751003 0 6.1160337e-05)
(0.0061046876 0 8.0869076e-05)
(0.0060101484 0 9.9746944e-05)
(0.0058921749 0 0.00011701606)
(0.0057523977 0 0.00013207102)
(0.0055932127 0 0.00014448737)
(0.0054175907 0 0.00015401831)
(0.005228882 0 0.00016058093)
(0.0050306286 0 0.00016423424)
(0.004826393 0 0.00016515214)
(0.0046196111 0 0.00016359376)
(0.0044134751 0 0.00015987377)
(0.0042108484 0 0.00015433453)
(0.0040142115 0 0.0001473225)
(0.0038256378 0 0.00013916923)
(0.003646794 0 0.00013017802)
(0.0034789585 0 0.000120616)
(0.0033230538 0 0.00011071137)
(0.0031796849 0 0.00010065447)
(0.0030491799 0 9.0602171e-05)
(0.0029316295 0 8.068317e-05)
(0.0028269219 0 7.1004512e-05)
(0.0027347731 0 6.1656764e-05)
(0.0026547528 0 5.2718527e-05)
(0.0025863066 0 4.4258732e-05)
(0.0025287755 0 3.6337852e-05)
(0.0024814149 0 2.9007478e-05)
(0.0024434132 0 2.2309098e-05)
(0.0024139108 0 1.6272586e-05)
(0.0023920191 0 1.0914976e-05)
(0.00237684 0 6.2399201e-06)
(0.0023674871 0 2.2378659e-06)
(0.0023631118 0 -1.1163179e-06)
(0.0023628873 0 -3.8753965e-06)
(0.0023660433 0 -6.0640134e-06)
(0.0023718891 0 -7.7390846e-06)
(0.0023798031 0 -8.9582539e-06)
(0.0023892341 0 -9.7803505e-06)
(0.0023997056 0 -1.0263801e-05)
(0.0024108139 0 -1.0464841e-05)
(0.0024222241 0 -1.0436015e-05)
(0.0024336642 0 -1.0225147e-05)
(0.002444919 0 -9.8747115e-06)
(0.0024558234 0 -9.4216286e-06)
(0.0024662552 0 -8.8973501e-06)
(0.0024761288 0 -8.328092e-06)
(0.0024853887 0 -7.7352033e-06)
(0.0024940044 0 -7.1356819e-06)
(0.0025019648 0 -6.5427569e-06)
(0.0025092741 0 -5.9664371e-06)
(0.0025159483 0 -5.4140125e-06)
(0.0025220118 0 -4.8905311e-06)
(0.0025274951 0 -4.3992341e-06)
(0.0025324326 0 -3.9419257e-06)
(0.0025368611 0 -3.5192832e-06)
(0.0025408183 0 -3.1311249e-06)
(0.0025443419 0 -2.7766322e-06)
(0.0025474691 0 -2.4545251e-06)
(0.0025502356 0 -2.1632029e-06)
(0.0025526756 0 -1.900858e-06)
(0.0025548213 0 -1.665562e-06)
(0.0025567027 0 -1.4553236e-06)
(0.0025583478 0 -1.2681376e-06)
(0.0025597825 0 -1.1020338e-06)
(0.0025610303 0 -9.5511772e-07)
(0.0025621126 0 -8.2558988e-07)
(0.0025630491 0 -7.1174904e-07)
(0.0025638573 0 -6.1199567e-07)
(0.002564553 0 -5.2484207e-07)
(0.0025651504 0 -4.4891822e-07)
(0.002565662 0 -3.8296531e-07)
(0.0025660991 0 -3.2582509e-07)
(0.0025664715 0 -2.7643809e-07)
(0.002566788 0 -2.338507e-07)
(0.0025670563 0 -1.9721797e-07)
(0.002567283 0 -1.6579339e-07)
(0.0025674741 0 -1.3891206e-07)
(0.0025676346 0 -1.1597965e-07)
(0.0025677691 0 -9.6469646e-08)
(0.0025678813 0 -7.9921066e-08)
(0.0025679747 0 -6.5930523e-08)
(0.0025680521 0 -5.4141614e-08)
(0.002568116 0 -4.4238724e-08)
(0.0025681684 0 -3.5946278e-08)
(0.0025682114 0 -2.9027635e-08)
(0.0025682463 0 -2.3279253e-08)
(0.0025682746 0 -1.8522423e-08)
(0.0025682973 0 -1.4598488e-08)
(0.0025683154 0 -1.1369826e-08)
(0.0025683297 0 -8.7224066e-09)
(0.0025683408 0 -6.5643865e-09)
(0.0025683494 0 -4.8198609e-09)
(0.002568356 0 -3.4217655e-09)
(0.0025683608 0 -2.3083147e-09)
(0.0025683643 0 -1.4240786e-09)
(0.0025683666 0 -7.2312385e-10)
(0.0025683681 0 -1.7076455e-10)
(0.002568369 0 2.5758884e-10)
(0.0025683693 0 5.7992564e-10)
(0.0025683691 0 8.1186068e-10)
(0.0025683687 0 9.6953292e-10)
(0.002568368 0 1.0698918e-09)
(0.0025683672 0 1.1285039e-09)
(0.0025683663 0 1.1564501e-09)
(0.0025683653 0 1.1588212e-09)
(0.0025683643 0 1.1365498e-09)
(0.0025683633 0 1.0906956e-09)
(0.0025683623 0 1.02621e-09)
(0.0025683613 0 9.5234117e-10)
(0.0025683604 0 8.7910393e-10)
(0.0025683596 0 8.1236876e-10)
(0.0025683588 0 7.5142426e-10)
(0.0025683581 0 6.9091813e-10)
(0.0025683574 0 6.258109e-10)
(0.0025683568 0 5.5576952e-10)
(0.0025683563 0 4.8571548e-10)
(0.0025683558 0 4.2223135e-10)
(0.0025683553 0 3.6874265e-10)
(0.002568355 0 3.2310943e-10)
(0.0025683546 0 2.7945294e-10)
(0.0025683543 0 2.329583e-10)
(0.0025683541 0 1.8403514e-10)
(0.0025683538 0 1.3872923e-10)
(0.0025683536 0 1.0506294e-10)
(0.0025683535 0 8.7704662e-11)
(0.0025683533 0 8.4561575e-11)
(0.0025683532 0 8.7640921e-11)
(0.0025683531 0 8.7506033e-11)
(0.002568353 0 7.8435624e-11)
(0.002568353 0 6.1214767e-11)
(0.0025683529 0 4.2021702e-11)
(0.0025683528 0 2.8398953e-11)
(0.0025683527 0 2.4973417e-11)
(0.0025683527 0 3.1202874e-11)
(0.0025683527 0 4.2002343e-11)
(0.0025683526 0 5.0567947e-11)
(0.0025683526 0 5.1626583e-11)
(0.0025683525 0 4.3567121e-11)
(0.0025683525 0 2.881627e-11)
(0.0025683525 0 1.2474345e-11)
(0.0025683524 0 -8.2791037e-14)
(0.0025683524 0 -5.4735038e-12)
(0.0025683524 0 -3.5262249e-12)
(0.0025683524 0 3.0699518e-12)
(0.0025683524 0 1.0496078e-11)
(0.0025683523 0 1.5804443e-11)
(0.0025683523 0 1.8038963e-11)
(0.0025683523 0 1.8077767e-11)
(0.0025683523 0 1.7501772e-11)
(0.0025683523 0 1.7357242e-11)
(0.0025683522 0 1.7603736e-11)
(0.0025683522 0 1.7276328e-11)
(0.0025683522 0 1.5076882e-11)
(0.0025683522 0 1.0172873e-11)
(0.0025683521 0 2.7935623e-12)
(0.0025683521 0 -5.7569424e-12)
(0.0025683521 0 -1.3745251e-11)
(0.0025683521 0 -2.0008793e-11)
(0.0025683521 0 -2.4411513e-11)
(0.0025683521 0 -2.7081816e-11)
(0.0025683521 0 -2.7204282e-11)
(0.0025683521 0 -2.2913607e-11)
(0.002568352 0 -1.285326e-11)
(0.002568352 0 1.8538806e-12)
(0.002568352 0 1.7401392e-11)
(0.002568352 0 2.9462104e-11)
(0.002568352 0 3.5577473e-11)
(0.0025683519 0 3.5522213e-11)
(0.0025683519 0 3.0158136e-11)
(0.0025683518 0 2.1079901e-11)
(0.0025683518 0 1.1756069e-11)
(0.0025683517 0 7.7766145e-12)
(0.0025683516 0 1.3910997e-11)
(0.0025683516 0 3.0157227e-11)
(0.0025683515 0 5.1603367e-11)
(0.0025683514 0 7.2751797e-11)
(0.0025683513 0 9.1185685e-11)
(0.0025683512 0 1.0644886e-10)
(0.0025683511 0 1.1696849e-10)
(0.0025683509 0 1.2087546e-10)
(0.0025683507 0 1.2022574e-10)
(0.0025683505 0 1.2163435e-10)
(0.0025683503 0 1.3100791e-10)
(0.0025683501 0 1.4935763e-10)
(0.0025683498 0 1.7518018e-10)
(0.0025683495 0 2.0847141e-10)
(0.0025683492 0 2.4932827e-10)
(0.0025683488 0 2.9427481e-10)
(0.0025683484 0 3.383673e-10)
(0.0025683479 0 3.810872e-10)
(0.0025683473 0 4.2659147e-10)
(0.0025683467 0 4.7849315e-10)
(0.002568346 0 5.3845741e-10)
(0.0025683451 0 6.0938565e-10)
(0.0025683442 0 6.9530032e-10)
(0.0025683432 0 7.9817402e-10)
(0.002568342 0 9.1849536e-10)
(0.0025683406 0 1.0574977e-09)
(0.0025683391 0 1.2157845e-09)
(0.0025683374 0 1.3930198e-09)
(0.0025683354 0 1.5914926e-09)
(0.0025683331 0 1.8163664e-09)
(0.0025683305 0 2.0731091e-09)
(0.0025683276 0 2.3685148e-09)
(0.0025683242 0 2.7110915e-09)
(0.0025683203 0 3.1107521e-09)
(0.0025683158 0 3.5816587e-09)
(0.0025683107 0 4.140412e-09)
(0.0025683047 0 4.8060164e-09)
(0.0025682978 0 5.604879e-09)
(0.0025682898 0 6.565589e-09)
(0.0025682803 0 7.7207694e-09)
(0.0025682692 0 9.1056879e-09)
(0.002568256 0 1.0723148e-08)
(0.0025682403 0 1.248933e-08)
(0.0025682213 0 1.415824e-08)
(0.0025681977 0 1.5204393e-08)
(0.0025681738 0 1.4749607e-08)
(0.0025681655 0 1.0834578e-08)
(0.0025680742 0 1.8853e-08)
(0.01010854 0 0.0011836955)
(0.010798945 0 0.0021619029)
(0.011099109 0 0.0022340068)
(0.011014539 0 0.0019530406)
(0.010727757 0 0.001573863)
(0.010376842 0 0.0012021426)
(0.010037426 0 0.00088114299)
(0.0097483076 0 0.00062164202)
(0.0095251698 0 0.0004191134)
(0.0093691842 0 0.00026441444)
(0.0092738367 0 0.00014864259)
(0.0092292342 0 6.4614229e-05)
(0.009224266 0 6.9268418e-06)
(0.0092476724 0 -2.8421331e-05)
(0.0092885369 0 -4.4524145e-05)
(0.0093364492 0 -4.3984418e-05)
(0.0093818174 0 -2.9225257e-05)
(0.0094161214 0 -2.6577534e-06)
(0.0094319081 0 3.3332429e-05)
(0.0094230329 0 7.6107171e-05)
(0.0093849579 0 0.0001231044)
(0.0093145811 0 0.00017185713)
(0.0092103254 0 0.00022006802)
(0.0090720839 0 0.00026570577)
(0.0089010906 0 0.00030707413)
(0.0086997509 0 0.0003428546)
(0.0084714401 0 0.00037212375)
(0.0082202773 0 0.00039434669)
(0.0079508899 0 0.00040934996)
(0.0076681794 0 0.00041727748)
(0.0073771016 0 0.00041853447)
(0.0070824719 0 0.00041372445)
(0.0067888026 0 0.00040358436)
(0.0065001798 0 0.0003889233)
(0.0062201781 0 0.0003705687)
(0.0059518156 0 0.00034932337)
(0.0056975402 0 0.00032593415)
(0.0054592445 0 0.0003010735)
(0.0052382989 0 0.00027533119)
(0.0050355975 0 0.0002492155)
(0.0048516096 0 0.00022315939)
(0.0046864327 0 0.00019753039)
(0.0045398435 0 0.00017264062)
(0.0044113451 0 0.00014875553)
(0.004300211 0 0.00012610006)
(0.0042055255 0 0.00010486204)
(0.0041262221 0 8.519326e-05)
(0.0040611194 0 6.7208974e-05)
(0.0040089568 0 5.0986557e-05)
(0.0039684275 0 3.6564795e-05)
(0.0039382113 0 2.3944364e-05)
(0.0039170024 0 1.3090016e-05)
(0.0039035269 0 3.93156e-06)
(0.0038965948 0 -3.6431351e-06)
(0.0038950933 0 -9.7517458e-06)
(0.0038979798 0 -1.4519397e-05)
(0.0039043372 0 -1.809661e-05)
(0.0039133498 0 -2.0635965e-05)
(0.0039243073 0 -2.2287051e-05)
(0.0039366025 0 -2.3192947e-05)
(0.0039497263 0 -2.3487115e-05)
(0.0039632593 0 -2.3291028e-05)
(0.0039768633 0 -2.2712769e-05)
(0.0039902722 0 -2.1846567e-05)
(0.0040032822 0 -2.0772995e-05)
(0.0040157428 0 -1.9559594e-05)
(0.0040275484 0 -1.8261851e-05)
(0.0040386301 0 -1.6924448e-05)
(0.0040489491 0 -1.5582628e-05)
(0.0040584902 0 -1.4263506e-05)
(0.0040672568 0 -1.298732e-05)
(0.0040752667 0 -1.1768604e-05)
(0.0040825477 0 -1.0617247e-05)
(0.0040891353 0 -9.5394059e-06)
(0.0040950698 0 -8.5382803e-06)
(0.0041003944 0 -7.6147734e-06)
(0.0041051539 0 -6.7680449e-06)
(0.004109393 0 -5.995955e-06)
(0.0041131561 0 -5.2954242e-06)
(0.0041164857 0 -4.6627286e-06)
(0.0041194228 0 -4.0937289e-06)
(0.0041220059 0 -3.5840442e-06)
(0.0041242712 0 -3.1291898e-06)
(0.0041262524 0 -2.7246964e-06)
(0.0041279803 0 -2.3662038e-06)
(0.0041294833 0 -2.0495181e-06)
(0.0041307875 0 -1.7706438e-06)
(0.0041319161 0 -1.5258082e-06)
(0.0041328905 0 -1.3114862e-06)
(0.0041337296 0 -1.1244124e-06)
(0.0041344504 0 -9.6157625e-07)
(0.0041350681 0 -8.2021136e-07)
(0.0041355962 0 -6.9779197e-07)
(0.0041360465 0 -5.9203695e-07)
(0.0041364295 0 -5.0090607e-07)
(0.0041367545 0 -4.2258044e-07)
(0.0041370295 0 -3.554362e-07)
(0.0041372616 0 -2.9802499e-07)
(0.004137457 0 -2.4906312e-07)
(0.0041376209 0 -2.0742092e-07)
(0.0041377581 0 -1.7210584e-07)
(0.0041378724 0 -1.4224347e-07)
(0.0041379675 0 -1.1706392e-07)
(0.0041380462 0 -9.5894727e-08)
(0.0041381111 0 -7.8153508e-08)
(0.0041381644 0 -6.3335962e-08)
(0.004138208 0 -5.1002137e-08)
(0.0041382435 0 -4.0767329e-08)
(0.0041382721 0 -3.2299512e-08)
(0.0041382951 0 -2.5318516e-08)
(0.0041383135 0 -1.9590884e-08)
(0.004138328 0 -1.4919639e-08)
(0.0041383393 0 -1.1133586e-08)
(0.004138348 0 -8.0811313e-09)
(0.0041383546 0 -5.6298218e-09)
(0.0041383595 0 -3.6686861e-09)
(0.004138363 0 -2.1092738e-09)
(0.0041383654 0 -8.8327647e-10)
(0.0041383669 0 6.2861112e-11)
(0.0041383678 0 7.743734e-10)
(0.0041383681 0 1.2930093e-09)
(0.0041383679 0 1.6583155e-09)
(0.0041383675 0 1.9054033e-09)
(0.0041383669 0 2.0612744e-09)
(0.0041383661 0 2.1430464e-09)
(0.0041383652 0 2.1604328e-09)
(0.0041383643 0 2.1215094e-09)
(0.0041383633 0 2.0380073e-09)
(0.0041383623 0 1.9264331e-09)
(0.0041383614 0 1.804083e-09)
(0.0041383605 0 1.6828793e-09)
(0.0041383596 0 1.5658289e-09)
(0.0041383588 0 1.4488337e-09)
(0.0041383581 0 1.3265976e-09)
(0.0041383574 0 1.1984668e-09)
(0.0041383567 0 1.0700211e-09)
(0.0041383561 0 9.4950093e-10)
(0.0041383556 0 8.4212367e-10)
(0.0041383551 0 7.4665225e-10)
(0.0041383547 0 6.5680346e-10)
(0.0041383543 0 5.6656302e-10)
(0.0041383539 0 4.7544181e-10)
(0.0041383536 0 3.897744e-10)
(0.0041383533 0 3.1912515e-10)
(0.0041383531 0 2.7014381e-10)
(0.0041383529 0 2.4196142e-10)
(0.0041383528 0 2.2625067e-10)
(0.0041383526 0 2.1177788e-10)
(0.0041383525 0 1.9043729e-10)
(0.0041383524 0 1.6117541e-10)
(0.0041383522 0 1.2964077e-10)
(0.0041383521 0 1.0415107e-10)
(0.0041383521 0 9.0732513e-11)
(0.004138352 0 8.994862e-11)
(0.0041383519 0 9.6842655e-11)
(0.0041383519 0 1.0363343e-10)
(0.0041383518 0 1.0342279e-10)
(0.0041383518 0 9.3078505e-11)
(0.0041383517 0 7.4279071e-11)
(0.0041383517 0 5.2422946e-11)
(0.0041383516 0 3.3983239e-11)
(0.0041383516 0 2.3651343e-11)
(0.0041383516 0 2.2531996e-11)
(0.0041383515 0 2.816219e-11)
(0.0041383515 0 3.6283342e-11)
(0.0041383515 0 4.3155816e-11)
(0.0041383515 0 4.70308e-11)
(0.0041383514 0 4.8251906e-11)
(0.0041383514 0 4.8254961e-11)
(0.0041383514 0 4.8289845e-11)
(0.0041383513 0 4.8666591e-11)
(0.0041383513 0 4.8629623e-11)
(0.0041383513 0 4.6716288e-11)
(0.0041383512 0 4.1590396e-11)
(0.0041383512 0 3.2972871e-11)
(0.0041383512 0 2.2016538e-11)
(0.0041383511 0 1.0755101e-11)
(0.0041383511 0 8.9716926e-13)
(0.0041383511 0 -6.8853258e-12)
(0.004138351 0 -1.2205837e-11)
(0.004138351 0 -1.3592989e-11)
(0.004138351 0 -8.4408458e-12)
(0.0041383509 0 5.0414931e-12)
(0.0041383509 0 2.5505906e-11)
(0.0041383509 0 4.8358024e-11)
(0.0041383509 0 6.8404366e-11)
(0.0041383508 0 8.257481e-11)
(0.0041383508 0 9.0157104e-11)
(0.0041383507 0 9.1491962e-11)
(0.0041383506 0 8.7956811e-11)
(0.0041383505 0 8.3634779e-11)
(0.0041383504 0 8.5474118e-11)
(0.0041383503 0 9.9505381e-11)
(0.0041383502 0 1.2620572e-10)
(0.0041383501 0 1.6063734e-10)
(0.00413835 0 1.974435e-10)
(0.0041383498 0 2.3440031e-10)
(0.0041383496 0 2.7053922e-10)
(0.0041383495 0 3.0304484e-10)
(0.0041383492 0 3.2918903e-10)
(0.004138349 0 3.5144093e-10)
(0.0041383487 0 3.7765214e-10)
(0.0041383483 0 4.1491119e-10)
(0.004138348 0 4.6547544e-10)
(0.0041383476 0 5.2971677e-10)
(0.0041383471 0 6.0960737e-10)
(0.0041383466 0 7.061218e-10)
(0.004138346 0 8.1550063e-10)
(0.0041383454 0 9.324638e-10)
(0.0041383447 0 1.0567233e-09)
(0.0041383438 0 1.1929778e-09)
(0.0041383429 0 1.3456705e-09)
(0.0041383418 0 1.5179984e-09)
(0.0041383405 0 1.7152532e-09)
(0.0041383392 0 1.944663e-09)
(0.0041383376 0 2.2120505e-09)
(0.0041383359 0 2.5217255e-09)
(0.0041383339 0 2.8784657e-09)
(0.0041383316 0 3.2869707e-09)
(0.004138329 0 3.7516106e-09)
(0.0041383261 0 4.2794456e-09)
(0.0041383228 0 4.8819032e-09)
(0.004138319 0 5.5731038e-09)
(0.0041383147 0 6.3692893e-09)
(0.0041383097 0 7.291142e-09)
(0.0041383041 0 8.3669361e-09)
(0.0041382976 0 9.631719e-09)
(0.0041382901 0 1.1125482e-08)
(0.0041382815 0 1.2901571e-08)
(0.0041382714 0 1.5028935e-08)
(0.0041382598 0 1.7587435e-08)
(0.0041382462 0 2.0683021e-08)
(0.0041382301 0 2.4444315e-08)
(0.0041382111 0 2.9003325e-08)
(0.0041381884 0 3.4461242e-08)
(0.0041381606 0 4.0819806e-08)
(0.0041381252 0 4.8117945e-08)
(0.0041380843 0 5.6510439e-08)
(0.0041380587 0 6.3490834e-08)
(0.00413792 0 7.517399e-08)
(0.010047879 0 0.00066642194)
(0.01061134 0 0.0015253411)
(0.011143782 0 0.0018616686)
(0.011486933 0 0.0018527125)
(0.011636861 0 0.0016573216)
(0.011653527 0 0.0013797167)
(0.011598672 0 0.0010846479)
(0.011519838 0 0.00080779906)
(0.011448674 0 0.00056533059)
(0.011403027 0 0.00036245906)
(0.011390424 0 0.00019920002)
(0.011411406 0 7.3492959e-05)
(0.011462028 0 -1.7306005e-05)
(0.011535573 0 -7.5881758e-05)
(0.01162371 0 -0.00010493403)
(0.011717297 0 -0.00010720991)
(0.011807042 0 -8.5673572e-05)
(0.011884043 0 -4.3619851e-05)
(0.01194008 0 1.524518e-05)
(0.011968068 0 8.7089341e-05)
(0.011962338 0 0.0001677769)
(0.011918699 0 0.00025322491)
(0.011834532 0 0.00033954292)
(0.01170881 0 0.00042317097)
(0.011542022 0 0.0005010031)
(0.011336042 0 0.00057048066)
(0.01109397 0 0.00062964732)
(0.010819926 0 0.0006771679)
(0.010518825 0 0.00071231547)
(0.010196142 0 0.0007349289)
(0.0098576584 0 0.00074534566)
(0.0095092336 0 0.00074431536)
(0.0091565817 0 0.00073290188)
(0.0088050869 0 0.00071238201)
(0.008459654 0 0.00068414909)
(0.0081246015 0 0.00064962821)
(0.0078035955 0 0.00061020789)
(0.0074996229 0 0.0005671907)
(0.007214996 0 0.0005217627)
(0.0069513836 0 0.00047497896)
(0.0067098584 0 0.00042776245)
(0.0064909553 0 0.00038091043)
(0.006294735 0 0.00033510568)
(0.0061208489 0 0.00029092749)
(0.0059686023 0 0.00024886148)
(0.0058370155 0 0.0002093062)
(0.0057248815 0 0.00017257704)
(0.005630821 0 0.00013890822)
(0.0055533338 0 0.00010845406)
(0.0054908465 0 8.1290803e-05)
(0.005441757 0 5.7419865e-05)
(0.0054044728 0 3.6773118e-05)
(0.0053774415 0 1.92214e-05)
(0.005359182 0 4.5935925e-06)
(0.0053483237 0 -7.3464436e-06)
(0.0053435952 0 -1.6839306e-05)
(0.0053438347 0 -2.4146252e-05)
(0.0053480182 0 -2.9539018e-05)
(0.0053552464 0 -3.3285264e-05)
(0.005364742 0 -3.5640837e-05)
(0.0053758435 0 -3.6844527e-05)
(0.0053879976 0 -3.7114162e-05)
(0.0054007487 0 -3.664425e-05)
(0.0054137288 0 -3.5605091e-05)
(0.0054266464 0 -3.4143032e-05)
(0.0054392765 0 -3.2381568e-05)
(0.0054514501 0 -3.042306e-05)
(0.0054630456 0 -2.8350834e-05)
(0.0054739803 0 -2.6231443e-05)
(0.0054842034 0 -2.4116927e-05)
(0.0054936893 0 -2.2046993e-05)
(0.0055024328 0 -2.0051047e-05)
(0.0055104438 0 -1.8150012e-05)
(0.005517744 0 -1.635792e-05)
(0.0055243637 0 -1.4683284e-05)
(0.005530339 0 -1.3130263e-05)
(0.0055357096 0 -1.1699641e-05)
(0.0055405179 0 -1.0389626e-05)
(0.0055448065 0 -9.1965148e-06)
(0.0055486183 0 -8.1152301e-06)
(0.0055519948 0 -7.1397469e-06)
(0.0055549764 0 -6.2634286e-06)
(0.0055576011 0 -5.4793018e-06)
(0.005559905 0 -4.7802798e-06)
(0.0055619215 0 -4.1593314e-06)
(0.0055636816 0 -3.6096002e-06)
(0.0055652139 0 -3.1244893e-06)
(0.0055665445 0 -2.697728e-06)
(0.005567697 0 -2.3234214e-06)
(0.0055686927 0 -1.9960742e-06)
(0.0055695509 0 -1.7105943e-06)
(0.0055702889 0 -1.4622907e-06)
(0.0055709219 0 -1.2468743e-06)
(0.0055714636 0 -1.0604583e-06)
(0.0055719261 0 -8.9954363e-07)
(0.00557232 0 -7.6099134e-07)
(0.0055726546 0 -6.4199104e-07)
(0.0055729383 0 -5.4003612e-07)
(0.0055731781 0 -4.5290333e-07)
(0.0055733803 0 -3.786299e-07)
(0.0055735503 0 -3.1548575e-07)
(0.0055736929 0 -2.6194662e-07)
(0.005573812 0 -2.1667314e-07)
(0.0055739114 0 -1.7849491e-07)
(0.0055739939 0 -1.4639373e-07)
(0.0055740623 0 -1.194841e-07)
(0.0055741186 0 -9.6994448e-08)
(0.0055741649 0 -7.8254044e-08)
(0.0055742027 0 -6.2685214e-08)
(0.0055742334 0 -4.9796269e-08)
(0.0055742583 0 -3.917061e-08)
(0.0055742783 0 -3.0452549e-08)
(0.0055742942 0 -2.3334283e-08)
(0.0055743068 0 -1.7547887e-08)
(0.0055743166 0 -1.2862699e-08)
(0.0055743242 0 -9.0852208e-09)
(0.00557433 0 -6.0577623e-09)
(0.0055743343 0 -3.6538563e-09)
(0.0055743374 0 -1.7708157e-09)
(0.0055743395 0 -3.2152168e-10)
(0.0055743409 0 7.7165473e-10)
(0.0055743416 0 1.5786822e-09)
(0.0055743419 0 2.1597819e-09)
(0.0055743419 0 2.5621242e-09)
(0.0055743416 0 2.8189545e-09)
(0.0055743411 0 2.9532849e-09)
(0.0055743405 0 2.9847059e-09)
(0.0055743397 0 2.9351688e-09)
(0.005574339 0 2.8300684e-09)
(0.0055743382 0 2.6940797e-09)
(0.0055743374 0 2.5449823e-09)
(0.0055743366 0 2.3902963e-09)
(0.0055743359 0 2.2293488e-09)
(0.0055743352 0 2.0593594e-09)
(0.0055743345 0 1.8813754e-09)
(0.0055743339 0 1.7020408e-09)
(0.0055743333 0 1.5303286e-09)
(0.0055743328 0 1.3721649e-09)
(0.0055743323 0 1.2271631e-09)
(0.0055743318 0 1.0899361e-09)
(0.0055743314 0 9.5512271e-10)
(0.0055743311 0 8.2243894e-10)
(0.0055743307 0 6.9804167e-10)
(0.0055743304 0 5.9124595e-10)
(0.0055743302 0 5.0876159e-10)
(0.0055743299 0 4.5023702e-10)
(0.0055743297 0 4.0806204e-10)
(0.0055743296 0 3.7142262e-10)
(0.0055743294 0 3.3192163e-10)
(0.0055743293 0 2.8746759e-10)
(0.0055743292 0 2.4237845e-10)
(0.005574329 0 2.0402326e-10)
(0.0055743289 0 1.7830608e-10)
(0.0055743289 0 1.6643938e-10)
(0.0055743288 0 1.6434618e-10)
(0.0055743287 0 1.6467038e-10)
(0.0055743287 0 1.6013411e-10)
(0.0055743286 0 1.4660068e-10)
(0.0055743286 0 1.2465403e-10)
(0.0055743285 0 9.9060282e-11)
(0.0055743285 0 7.6356109e-11)
(0.0055743284 0 6.1820844e-11)
(0.0055743284 0 5.7308373e-11)
(0.0055743283 0 6.0920015e-11)
(0.0055743283 0 6.8549201e-11)
(0.0055743283 0 7.6150202e-11)
(0.0055743283 0 8.1328571e-11)
(0.0055743282 0 8.3696604e-11)
(0.0055743282 0 8.4225548e-11)
(0.0055743281 0 8.4218123e-11)
(0.0055743281 0 8.449258e-11)
(0.0055743281 0 8.4915149e-11)
(0.005574328 0 8.4346426e-11)
(0.005574328 0 8.1245466e-11)
(0.005574328 0 7.4690129e-11)
(0.0055743279 0 6.5027711e-11)
(0.0055743279 0 5.3616088e-11)
(0.0055743278 0 4.1921469e-11)
(0.0055743278 0 3.1057039e-11)
(0.0055743277 0 2.2509164e-11)
(0.0055743277 0 1.9059915e-11)
(0.0055743276 0 2.4147065e-11)
(0.0055743276 0 3.9558484e-11)
(0.0055743276 0 6.3514689e-11)
(0.0055743275 0 9.1286924e-11)
(0.0055743275 0 1.1796803e-10)
(0.0055743274 0 1.4053648e-10)
(0.0055743274 0 1.5755853e-10)
(0.0055743273 0 1.6839002e-10)
(0.0055743272 0 1.7424608e-10)
(0.0055743271 0 1.8001174e-10)
(0.005574327 0 1.9321166e-10)
(0.0055743269 0 2.1940892e-10)
(0.0055743267 0 2.5858968e-10)
(0.0055743266 0 3.0692244e-10)
(0.0055743264 0 3.6138811e-10)
(0.0055743262 0 4.2092272e-10)
(0.005574326 0 4.833291e-10)
(0.0055743258 0 5.4416702e-10)
(0.0055743255 0 6.0110733e-10)
(0.0055743252 0 6.5819048e-10)
(0.0055743249 0 7.2332689e-10)
(0.0055743245 0 8.023237e-10)
(0.005574324 0 8.9803538e-10)
(0.0055743236 0 1.0143046e-09)
(0.005574323 0 1.1560858e-09)
(0.0055743224 0 1.3243674e-09)
(0.0055743217 0 1.5148881e-09)
(0.0055743209 0 1.7242574e-09)
(0.00557432 0 1.9546169e-09)
(0.005574319 0 2.2107047e-09)
(0.0055743179 0 2.4964174e-09)
(0.0055743166 0 2.8172511e-09)
(0.0055743151 0 3.1825495e-09)
(0.0055743135 0 3.602319e-09)
(0.0055743116 0 4.0849779e-09)
(0.0055743095 0 4.6400654e-09)
(0.0055743071 0 5.2788984e-09)
(0.0055743044 0 6.0109876e-09)
(0.0055743013 0 6.8453766e-09)
(0.0055742979 0 7.7974866e-09)
(0.0055742939 0 8.888757e-09)
(0.0055742894 0 1.0141065e-08)
(0.0055742843 0 1.1581929e-08)
(0.0055742785 0 1.3251442e-08)
(0.0055742718 0 1.5196779e-08)
(0.0055742641 0 1.7473982e-08)
(0.0055742554 0 2.0158159e-08)
(0.0055742453 0 2.3342085e-08)
(0.0055742336 0 2.7140057e-08)
(0.0055742201 0 3.1703681e-08)
(0.0055742043 0 3.723034e-08)
(0.0055741858 0 4.3973855e-08)
(0.0055741641 0 5.226406e-08)
(0.0055741382 0 6.2501088e-08)
(0.0055741068 0 7.5177964e-08)
(0.0055740671 0 9.1126984e-08)
(0.0055740188 0 1.1232464e-07)
(0.0055739897 0 1.3561592e-07)
(0.0055738354 0 1.5182027e-07)
(0.010023084 0 0.00038449113)
(0.010400151 0 0.0010031652)
(0.010894319 0 0.0013626505)
(0.011362941 0 0.0014782029)
(0.011733945 0 0.0014168473)
(0.012002903 0 0.001245793)
(0.012192737 0 0.0010191084)
(0.012331988 0 0.00077532621)
(0.01244624 0 0.00053925707)
(0.012554867 0 0.00032566447)
(0.012670397 0 0.00014279953)
(0.012799237 0 -5.0006369e-06)
(0.01294279 0 -0.00011578822)
(0.013098615 0 -0.00018911786)
(0.013261528 0 -0.00022565733)
(0.01342449 0 -0.00022704453)
(0.013579431 0 -0.00019587711)
(0.013717971 0 -0.00013569118)
(0.013832052 0 -5.0899124e-05)
(0.013914384 0 5.3534239e-05)
(0.013958827 0 0.00017216369)
(0.01396075 0 0.00029936089)
(0.013917008 0 0.00042965849)
(0.013826013 0 0.0005579358)
(0.013687694 0 0.00067959455)
(0.013503413 0 0.00079070248)
(0.013275828 0 0.00088808978)
(0.013008733 0 0.00096940071)
(0.012706874 0 0.0010331063)
(0.012375743 0 0.0010784803)
(0.012021349 0 0.0011055398)
(0.011649989 0 0.0011149546)
(0.011268014 0 0.0011079324)
(0.010881618 0 0.00108609)
(0.010496642 0 0.0010513198)
(0.010118421 0 0.0010056633)
(0.0097516614 0 0.00095119986)
(0.0094003673 0 0.0008899566)
(0.0090678027 0 0.00082384315)
(0.0087564887 0 0.00075460901)
(0.0084682308 0 0.00068382247)
(0.0082041669 0 0.00061286398)
(0.0079648291 0 0.00054293031)
(0.007750216 0 0.00047504327)
(0.007559867 0 0.00041005966)
(0.0073929383 0 0.00034868029)
(0.0072482767 0 0.00029145722)
(0.0071244902 0 0.00023879955)
(0.0070200147 0 0.00019097918)
(0.0069331746 0 0.00014813745)
(0.0068622378 0 0.00011029393)
(0.0068054644 0 7.7357874e-05)
(0.006761146 0 4.9142804e-05)
(0.0067276413 0 2.538647e-05)
(0.0067034055 0 5.76577e-06)
(0.0066870083 0 -1.0096458e-05)
(0.0066771382 0 -2.2592259e-05)
(0.0066726144 0 -3.2121264e-05)
(0.0066723931 0 -3.9082746e-05)
(0.0066755611 0 -4.3859141e-05)
(0.0066813289 0 -4.6808256e-05)
(0.0066890238 0 -4.8257611e-05)
(0.00669808 0 -4.8500932e-05)
(0.0067080285 0 -4.7796736e-05)
(0.006718486 0 -4.6368612e-05)
(0.0067291443 0 -4.440672e-05)
(0.0067397603 0 -4.2070163e-05)
(0.0067501464 0 -3.9489905e-05)
(0.0067601618 0 -3.6771968e-05)
(0.0067697049 0 -3.4000663e-05)
(0.0067787064 0 -3.1241706e-05)
(0.006787123 0 -2.854514e-05)
(0.0067949328 0 -2.5947963e-05)
(0.0068021303 0 -2.3476459e-05)
(0.006808723 0 -2.1148208e-05)
(0.0068147284 0 -1.8973823e-05)
(0.0068201711 0 -1.6958406e-05)
(0.0068250806 0 -1.5102771e-05)
(0.0068294901 0 -1.3404454e-05)
(0.0068334342 0 -1.1858538e-05)
(0.0068369488 0 -1.0458326e-05)
(0.0068400694 0 -9.195894e-06)
(0.0068428306 0 -8.0625334e-06)
(0.0068452661 0 -7.0491078e-06)
(0.0068474076 0 -6.1463323e-06)
(0.0068492852 0 -5.344988e-06)
(0.0068509266 0 -4.6360861e-06)
(0.0068523577 0 -4.0109901e-06)
(0.0068536022 0 -3.4615019e-06)
(0.0068546817 0 -2.9799152e-06)
(0.0068556156 0 -2.5590443e-06)
(0.0068564218 0 -2.1922411e-06)
(0.0068571159 0 -1.8734026e-06)
(0.0068577123 0 -1.5969676e-06)
(0.0068582234 0 -1.3579006e-06)
(0.0068586605 0 -1.1516633e-06)
(0.0068590334 0 -9.7418314e-07)
(0.0068593507 0 -8.2182168e-07)
(0.0068596202 0 -6.913434e-07)
(0.0068598486 0 -5.7988214e-07)
(0.0068600415 0 -4.8490544e-07)
(0.0068602041 0 -4.0418055e-07)
(0.0068603408 0 -3.3574497e-07)
(0.0068604555 0 -2.778802e-07)
(0.0068605513 0 -2.2908596e-07)
(0.0068606312 0 -1.8805447e-07)
(0.0068606976 0 -1.5364724e-07)
(0.0068607526 0 -1.2487645e-07)
(0.0068607979 0 -1.0089023e-07)
(0.0068608352 0 -8.095843e-08)
(0.0068608656 0 -6.445655e-08)
(0.0068608905 0 -5.0848605e-08)
(0.0068609105 0 -3.9672202e-08)
(0.0068609267 0 -3.0528302e-08)
(0.0068609396 0 -2.3075573e-08)
(0.0068609498 0 -1.7026891e-08)
(0.0068609579 0 -1.214495e-08)
(0.0068609641 0 -8.2352089e-09)
(0.0068609688 0 -5.1365631e-09)
(0.0068609724 0 -2.7118612e-09)
(0.0068609749 0 -8.4109138e-10)
(0.0068609767 0 5.8095693e-10)
(0.0068609779 0 1.6432758e-09)
(0.0068609786 0 2.4164948e-09)
(0.006860979 0 2.9534516e-09)
(0.006860979 0 3.2940303e-09)
(0.0068609789 0 3.4724693e-09)
(0.0068609785 0 3.523089e-09)
(0.0068609781 0 3.481218e-09)
(0.0068609776 0 3.379277e-09)
(0.006860977 0 3.2412906e-09)
(0.0068609764 0 3.0802191e-09)
(0.0068609759 0 2.9003255e-09)
(0.0068609753 0 2.7030671e-09)
(0.0068609747 0 2.492614e-09)
(0.0068609742 0 2.2774785e-09)
(0.0068609737 0 2.0676189e-09)
(0.0068609732 0 1.8697044e-09)
(0.0068609728 0 1.6843585e-09)
(0.0068609724 0 1.5075091e-09)
(0.006860972 0 1.3349657e-09)
(0.0068609717 0 1.1669575e-09)
(0.0068609713 0 1.0093691e-09)
(0.006860971 0 8.7083543e-10)
(0.0068609708 0 7.5766088e-10)
(0.0068609706 0 6.6987007e-10)
(0.0068609704 0 6.009197e-10)
(0.0068609702 0 5.4112351e-10)
(0.0068609701 0 4.8252659e-10)
(0.0068609699 0 4.2241248e-10)
(0.0068609698 0 3.6370408e-10)
(0.0068609697 0 3.1240209e-10)
(0.0068609696 0 2.7380507e-10)
(0.0068609695 0 2.4952053e-10)
(0.0068609694 0 2.3649188e-10)
(0.0068609693 0 2.2827157e-10)
(0.0068609693 0 2.1780003e-10)
(0.0068609692 0 2.0037498e-10)
(0.0068609692 0 1.7555725e-10)
(0.0068609691 0 1.4714947e-10)
(0.0068609691 0 1.2119867e-10)
(0.006860969 0 1.030797e-10)
(0.006860969 0 9.5187215e-11)
(0.0068609689 0 9.6311703e-11)
(0.0068609689 0 1.0280204e-10)
(0.0068609689 0 1.1056297e-10)
(0.0068609689 0 1.1665143e-10)
(0.0068609688 0 1.1992084e-10)
(0.0068609688 0 1.2083054e-10)
(0.0068609687 0 1.2074293e-10)
(0.0068609687 0 1.2102926e-10)
(0.0068609687 0 1.2222552e-10)
(0.0068609686 0 1.2359296e-10)
(0.0068609686 0 1.2351154e-10)
(0.0068609686 0 1.2051893e-10)
(0.0068609685 0 1.1411416e-10)
(0.0068609685 0 1.0473017e-10)
(0.0068609684 0 9.3237575e-11)
(0.0068609684 0 8.0920479e-11)
(0.0068609683 0 7.0222525e-11)
(0.0068609683 0 6.5097317e-11)
(0.0068609682 0 6.9629031e-11)
(0.0068609682 0 8.5552541e-11)
(0.0068609681 0 1.1098106e-10)
(0.0068609681 0 1.4169325e-10)
(0.006860968 0 1.7361673e-10)
(0.0068609679 0 2.0393048e-10)
(0.0068609679 0 2.3043368e-10)
(0.0068609678 0 2.5161398e-10)
(0.0068609677 0 2.6868654e-10)
(0.0068609676 0 2.8702297e-10)
(0.0068609675 0 3.138494e-10)
(0.0068609674 0 3.5362269e-10)
(0.0068609672 0 4.0619478e-10)
(0.0068609671 0 4.6972223e-10)
(0.0068609669 0 5.4373707e-10)
(0.0068609667 0 6.2776434e-10)
(0.0068609665 0 7.1830613e-10)
(0.0068609662 0 8.1040055e-10)
(0.006860966 0 9.0309711e-10)
(0.0068609656 0 1.0013979e-09)
(0.0068609653 0 1.1119451e-09)
(0.0068609648 0 1.2392707e-09)
(0.0068609644 0 1.3879186e-09)
(0.0068609638 0 1.565017e-09)
(0.0068609633 0 1.7767356e-09)
(0.0068609626 0 2.0235049e-09)
(0.0068609619 0 2.3024374e-09)
(0.006860961 0 2.6136776e-09)
(0.0068609601 0 2.961215e-09)
(0.006860959 0 3.3492928e-09)
(0.0068609578 0 3.78281e-09)
(0.0068609564 0 4.2707094e-09)
(0.0068609548 0 4.8249384e-09)
(0.0068609531 0 5.4571387e-09)
(0.0068609511 0 6.1798387e-09)
(0.0068609488 0 7.0085874e-09)
(0.0068609463 0 7.9592837e-09)
(0.0068609434 0 9.0461187e-09)
(0.0068609402 0 1.0285955e-08)
(0.0068609365 0 1.1703102e-08)
(0.0068609324 0 1.3326957e-08)
(0.0068609276 0 1.5189402e-08)
(0.0068609222 0 1.7332643e-08)
(0.0068609161 0 1.9813241e-08)
(0.0068609091 0 2.2694703e-08)
(0.0068609011 0 2.6057577e-08)
(0.006860892 0 3.0009806e-08)
(0.0068608816 0 3.4677086e-08)
(0.0068608696 0 4.0222315e-08)
(0.0068608557 0 4.6863359e-08)
(0.0068608398 0 5.4878878e-08)
(0.0068608212 0 6.4645437e-08)
(0.0068607996 0 7.6662471e-08)
(0.0068607742 0 9.1606927e-08)
(0.006860744 0 1.1040339e-07)
(0.0068607071 0 1.3447235e-07)
(0.0068606614 0 1.6688288e-07)
(0.0068606395 0 2.0568396e-07)
(0.0068605016 0 2.2745798e-07)
(0.01001212 0 0.00022284965)
(0.010256378 0 0.00062424117)
(0.010644213 0 0.00090251626)
(0.011089225 0 0.0010308044)
(0.011519679 0 0.0010266569)
(0.011905272 0 0.00092331765)
(0.01224189 0 0.00075553739)
(0.012537638 0 0.00055373557)
(0.012805137 0 0.00034198062)
(0.013057055 0 0.00013810541)
(0.013303633 0 -4.5073954e-05)
(0.01355152 0 -0.0001985602)
(0.013803535 0 -0.00031622677)
(0.014059022 0 -0.00039415707)
(0.014314369 0 -0.00043036675)
(0.014563691 0 -0.00042469861)
(0.014799618 0 -0.00037877138)
(0.015014102 0 -0.00029588189)
(0.01519918 0 -0.00018080227)
(0.015347584 0 -3.947114e-05)
(0.015453155 0 0.00012148716)
(0.015511217 0 0.00029503328)
(0.015518664 0 0.00047417437)
(0.015473893 0 0.00065228277)
(0.015376776 0 0.00082331712)
(0.015228549 0 0.00098200004)
(0.015031687 0 0.001123943)
(0.014789753 0 0.0012457229)
(0.014507253 0 0.0013449167)
(0.01418947 0 0.0014200984)
(0.013842279 0 0.0014707964)
(0.01347196 0 0.0014974129)
(0.013084987 0 0.0015011097)
(0.012687832 0 0.0014836687)
(0.012286766 0 0.0014473372)
(0.011887689 0 0.0013946705)
(0.011495974 0 0.0013283836)
(0.01111636 0 0.0012512207)
(0.010752872 0 0.0011658496)
(0.010408781 0 0.0010747839)
(0.010086601 0 0.00098033054)
(0.0097881129 0 0.00088456131)
(0.0095144092 0 0.00078929948)
(0.0092659619 0 0.00069611893)
(0.0090426954 0 0.00060634911)
(0.0088440672 0 0.00052108275)
(0.0086691503 0 0.00044118479)
(0.0085167138 0 0.00036730204)
(0.008385299 0 0.00029987391)
(0.0082732911 0 0.00023914543)
(0.0081789827 0 0.00018518331)
(0.0081006298 0 0.00013789542)
(0.0080364984 0 9.7053128e-05)
(0.007984904 0 6.2317311e-05)
(0.007944242 0 3.326362e-05)
(0.0079130085 0 9.4054698e-06)
(0.0078898177 0 -9.7810542e-06)
(0.0078734052 0 -2.4831005e-05)
(0.0078626333 0 -3.6273505e-05)
(0.0078564939 0 -4.4619949e-05)
(0.007854101 0 -5.0351074e-05)
(0.0078546839 0 -5.3908728e-05)
(0.0078575803 0 -5.5691259e-05)
(0.0078622265 0 -5.6051538e-05)
(0.0078681483 0 -5.5297072e-05)
(0.0078749507 0 -5.3691691e-05)
(0.0078823095 0 -5.1458407e-05)
(0.0078899617 0 -4.8783027e-05)
(0.0078976971 0 -4.5818133e-05)
(0.0079053514 0 -4.2687144e-05)
(0.0079127988 0 -3.9488287e-05)
(0.0079199457 0 -3.6298331e-05)
(0.0079267258 0 -3.3175985e-05)
(0.0079330949 0 -3.0164911e-05)
(0.0079390269 0 -2.7296381e-05)
(0.0079445102 0 -2.4591579e-05)
(0.0079495447 0 -2.2063568e-05)
(0.0079541391 0 -1.9718942e-05)
(0.0079583087 0 -1.7559213e-05)
(0.0079620738 0 -1.5581972e-05)
(0.0079654576 0 -1.3781853e-05)
(0.0079684857 0 -1.215133e-05)
(0.0079711845 0 -1.0681362e-05)
(0.0079735809 0 -9.3619165e-06)
(0.0079757012 0 -8.1824063e-06)
(0.0079775709 0 -7.1320286e-06)
(0.0079792145 0 -6.2000308e-06)
(0.007980655 0 -5.3759085e-06)
(0.0079819139 0 -4.6495536e-06)
(0.0079830111 0 -4.0113596e-06)
(0.0079839649 0 -3.4522937e-06)
(0.0079847918 0 -2.9639387e-06)
(0.0079855071 0 -2.5385157e-06)
(0.0079861242 0 -2.1688904e-06)
(0.0079866555 0 -1.8485651e-06)
(0.0079871118 0 -1.5716572e-06)
(0.0079875029 0 -1.3328686e-06)
(0.0079878372 0 -1.1274505e-06)
(0.0079881225 0 -9.5116485e-07)
(0.0079883653 0 -8.0024564e-07)
(0.0079885715 0 -6.713572e-07)
(0.0079887462 0 -5.6155359e-07)
(0.0079888938 0 -4.6824055e-07)
(0.0079890183 0 -3.8914048e-07)
(0.0079891231 0 -3.2225971e-07)
(0.0079892109 0 -2.6585749e-07)
(0.0079892844 0 -2.1841779e-07)
(0.0079893457 0 -1.7862459e-07)
(0.0079893967 0 -1.4534024e-07)
(0.007989439 0 -1.1758481e-07)
(0.0079894739 0 -9.4515554e-08)
(0.0079895027 0 -7.5407083e-08)
(0.0079895262 0 -5.9634364e-08)
(0.0079895454 0 -4.6660086e-08)
(0.007989561 0 -3.6025829e-08)
(0.0079895736 0 -2.7344937e-08)
(0.0079895837 0 -2.0294696e-08)
(0.0079895917 0 -1.460655e-08)
(0.007989598 0 -1.0055066e-08)
(0.007989603 0 -6.4477489e-09)
(0.0079896068 0 -3.6180503e-09)
(0.0079896096 0 -1.4226099e-09)
(0.0079896117 0 2.5848747e-10)
(0.0079896133 0 1.521408e-09)
(0.0079896143 0 2.4410359e-09)
(0.007989615 0 3.0769007e-09)
(0.0079896153 0 3.4804865e-09)
(0.0079896155 0 3.7003562e-09)
(0.0079896154 0 3.7826892e-09)
(0.0079896152 0 3.7678371e-09)
(0.007989615 0 3.6860887e-09)
(0.0079896147 0 3.5562596e-09)
(0.0079896143 0 3.3885952e-09)
(0.0079896139 0 3.1902797e-09)
(0.0079896135 0 2.9700609e-09)
(0.0079896131 0 2.7392803e-09)
(0.0079896127 0 2.5091989e-09)
(0.0079896124 0 2.2871347e-09)
(0.007989612 0 2.0746355e-09)
(0.0079896117 0 1.8692034e-09)
(0.0079896114 0 1.6684458e-09)
(0.0079896111 0 1.4738027e-09)
(0.0079896108 0 1.2912705e-09)
(0.0079896105 0 1.1286713e-09)
(0.0079896103 0 9.9136621e-10)
(0.0079896101 0 8.7919058e-10)
(0.0079896099 0 7.8647562e-10)
(0.0079896098 0 7.050138e-10)
(0.0079896096 0 6.2805005e-10)
(0.0079896095 0 5.5305048e-10)
(0.0079896094 0 4.8201919e-10)
(0.0079896093 0 4.1954595e-10)
(0.0079896092 0 3.6984444e-10)
(0.0079896091 0 3.3428327e-10)
(0.007989609 0 3.1038902e-10)
(0.007989609 0 2.9262642e-10)
(0.0079896089 0 2.7461068e-10)
(0.0079896089 0 2.5177864e-10)
(0.0079896088 0 2.2329732e-10)
(0.0079896088 0 1.9227052e-10)
(0.0079896087 0 1.640642e-10)
(0.0079896087 0 1.436371e-10)
(0.0079896086 0 1.3335334e-10)
(0.0079896086 0 1.3231741e-10)
(0.0079896086 0 1.3728262e-10)
(0.0079896085 0 1.4434081e-10)
(0.0079896085 0 1.5039397e-10)
(0.0079896085 0 1.5391959e-10)
(0.0079896084 0 1.5506923e-10)
(0.0079896084 0 1.5519744e-10)
(0.0079896084 0 1.5593022e-10)
(0.0079896083 0 1.5812233e-10)
(0.0079896083 0 1.6126991e-10)
(0.0079896083 0 1.6381597e-10)
(0.0079896082 0 1.6410595e-10)
(0.0079896082 0 1.6112659e-10)
(0.0079896081 0 1.5456413e-10)
(0.0079896081 0 1.4471003e-10)
(0.007989608 0 1.3291653e-10)
(0.007989608 0 1.2231357e-10)
(0.0079896079 0 1.1751435e-10)
(0.0079896079 0 1.2264328e-10)
(0.0079896078 0 1.3905088e-10)
(0.0079896078 0 1.6491793e-10)
(0.0079896077 0 1.9701067e-10)
(0.0079896077 0 2.3243758e-10)
(0.0079896076 0 2.6865832e-10)
(0.0079896075 0 3.0287274e-10)
(0.0079896075 0 3.3321554e-10)
(0.0079896074 0 3.6138068e-10)
(0.0079896073 0 3.9306862e-10)
(0.0079896072 0 4.3451995e-10)
(0.007989607 0 4.8868948e-10)
(0.0079896069 0 5.5556705e-10)
(0.0079896067 0 6.3548364e-10)
(0.0079896066 0 7.298516e-10)
(0.0079896064 0 8.3791941e-10)
(0.0079896062 0 9.5520318e-10)
(0.0079896059 0 1.0776266e-09)
(0.0079896057 0 1.2064276e-09)
(0.0079896053 0 1.3470226e-09)
(0.007989605 0 1.5042872e-09)
(0.0079896046 0 1.6821443e-09)
(0.0079896041 0 1.8872694e-09)
(0.0079896036 0 2.128705e-09)
(0.007989603 0 2.4121012e-09)
(0.0079896024 0 2.7376837e-09)
(0.0079896016 0 3.1055187e-09)
(0.0079896008 0 3.5193578e-09)
(0.0079895999 0 3.9840897e-09)
(0.0079895988 0 4.5042304e-09)
(0.0079895976 0 5.0875056e-09)
(0.0079895963 0 5.7459914e-09)
(0.0079895947 0 6.4924224e-09)
(0.007989593 0 7.3402069e-09)
(0.0079895911 0 8.3072082e-09)
(0.0079895889 0 9.4135613e-09)
(0.0079895864 0 1.0677248e-08)
(0.0079895836 0 1.2118201e-08)
(0.0079895804 0 1.3763095e-08)
(0.0079895768 0 1.5642518e-08)
(0.0079895728 0 1.7791711e-08)
(0.0079895682 0 2.0255752e-08)
(0.007989563 0 2.3089827e-08)
(0.0079895571 0 2.6360294e-08)
(0.0079895503 0 3.0148137e-08)
(0.0079895427 0 3.4555465e-08)
(0.0079895341 0 3.9710816e-08)
(0.0079895242 0 4.5770344e-08)
(0.0079895129 0 5.2934719e-08)
(0.0079895001 0 6.1463255e-08)
(0.0079894854 0 7.1696729e-08)
(0.0079894686 0 8.4084202e-08)
(0.0079894494 0 9.9226481e-08)
(0.0079894273 0 1.1794697e-07)
(0.0079894018 0 1.4138036e-07)
(0.0079893722 0 1.7116571e-07)
(0.0079893357 0 2.1044122e-07)
(0.0079893253 0 2.5935491e-07)
(0.0079892232 0 2.8637324e-07)
(0.010007141 0 0.00012088358)
(0.010170982 0 0.00035277119)
(0.010462771 0 0.0005258055)
(0.01083897 0 0.00061078322)
(0.011248328 0 0.00060591448)
(0.011659257 0 0.00052439297)
(0.012057284 0 0.00038557012)
(0.01243863 0 0.00021020741)
(0.012805648 0 1.7767038e-05)
(0.013163503 0 -0.00017476575)
(0.013517612 0 -0.00035319056)
(0.013871876 0 -0.00050597686)
(0.014227778 0 -0.00062396315)
(0.014584 0 -0.00070025087)
(0.014936464 0 -0.00073027123)
(0.015278758 0 -0.00071192783)
(0.015602866 0 -0.00064568243)
(0.015900054 0 -0.00053448893)
(0.016161779 0 -0.00038350987)
(0.016380454 0 -0.0001996359)
(0.01654992 0 9.1248567e-06)
(0.016665768 0 0.00023426755)
(0.016725374 0 0.00046722084)
(0.016727732 0 0.00069986101)
(0.016673277 0 0.00092477648)
(0.016563711 0 0.0011354545)
(0.016401819 0 0.0013264071)
(0.016191312 0 0.0014932487)
(0.01593668 0 0.0016327355)
(0.015643064 0 0.0017427708)
(0.015316119 0 0.0018223746)
(0.01496187 0 0.0018716137)
(0.014586562 0 0.0018914968)
(0.014196506 0 0.001883837)
(0.013797915 0 0.001851092)
(0.013396754 0 0.0017961928)
(0.012998589 0 0.0017223709)
(0.012608471 0 0.0016329984)
(0.012230831 0 0.0015314472)
(0.011869418 0 0.0014209758)
(0.011527262 0 0.0013046428)
(0.011206671 0 0.0011852488)
(0.010909256 0 0.0010652999)
(0.010635973 0 0.0009469886)
(0.010387189 0 0.00083218759)
(0.010162757 0 0.00072245127)
(0.0099620911 0 0.00061902247)
(0.0097842525 0 0.00052284382)
(0.0096280285 0 0.00043457292)
(0.0094920072 0 0.00035460168)
(0.0093746466 0 0.00028308028)
(0.0092743345 0 0.00021994539)
(0.0091894392 0 0.00016495183)
(0.0091183513 0 0.00011770693)
(0.0090595165 0 7.770477e-05)
(0.0090114586 0 4.4359234e-05)
(0.0089727957 0 1.7036636e-05)
(0.0089422527 0 -4.9208862e-06)
(0.008918665 0 -2.2164574e-05)
(0.0089009776 0 -3.5326048e-05)
(0.0088882467 0 -4.5002087e-05)
(0.0088796344 0 -5.1744361e-05)
(0.0088744032 0 -5.6053503e-05)
(0.0088719092 0 -5.8376301e-05)
(0.0088715951 0 -5.9105443e-05)
(0.0088729826 0 -5.8581173e-05)
(0.0088756652 0 -5.7094385e-05)
(0.0088793004 0 -5.4890622e-05)
(0.008883603 0 -5.2174542e-05)
(0.0088883379 0 -4.9114577e-05)
(0.0088933141 0 -4.5847537e-05)
(0.0088983789 0 -4.2482969e-05)
(0.0089034122 0 -3.9107161e-05)
(0.008908322 0 -3.5786747e-05)
(0.0089130398 0 -3.257193e-05)
(0.008917517 0 -2.9499298e-05)
(0.008921721 0 -2.659425e-05)
(0.0089256325 0 -2.387308e-05)
(0.0089292429 0 -2.134475e-05)
(0.0089325517 0 -1.901242e-05)
(0.008935565 0 -1.6874721e-05)
(0.0089382933 0 -1.4926816e-05)
(0.0089407509 0 -1.3161283e-05)
(0.0089429541 0 -1.1568865e-05)
(0.0089449205 0 -1.0139085e-05)
(0.0089466686 0 -8.8607456e-06)
(0.0089482168 0 -7.7223187e-06)
(0.008949583 0 -6.7122502e-06)
(0.0089507848 0 -5.8192019e-06)
(0.0089518387 0 -5.0322327e-06)
(0.0089527601 0 -4.3409262e-06)
(0.0089535635 0 -3.735473e-06)
(0.0089542622 0 -3.2067242e-06)
(0.0089548682 0 -2.746223e-06)
(0.0089553926 0 -2.3462161e-06)
(0.0089558452 0 -1.999644e-06)
(0.0089562351 0 -1.7001164e-06)
(0.0089565701 0 -1.4418781e-06)
(0.0089568574 0 -1.2197725e-06)
(0.0089571031 0 -1.0292007e-06)
(0.0089573129 0 -8.660773e-07)
(0.0089574916 0 -7.2678416e-07)
(0.0089576434 0 -6.0812635e-07)
(0.0089577722 0 -5.0729129e-07)
(0.0089578812 0 -4.2181112e-07)
(0.0089579732 0 -3.4952721e-07)
(0.0089580506 0 -2.8855683e-07)
(0.0089581157 0 -2.3726266e-07)
(0.0089581702 0 -1.942253e-07)
(0.0089582157 0 -1.5821758e-07)
(0.0089582536 0 -1.2818034e-07)
(0.0089582851 0 -1.0320012e-07)
(0.0089583112 0 -8.2489994e-08)
(0.0089583327 0 -6.537442e-08)
(0.0089583504 0 -5.1277228e-08)
(0.0089583649 0 -3.9710774e-08)
(0.0089583767 0 -3.0264705e-08)
(0.0089583863 0 -2.2593738e-08)
(0.008958394 0 -1.6405442e-08)
(0.0089584001 0 -1.1449896e-08)
(0.008958405 0 -7.5126932e-09)
(0.0089584089 0 -4.4114651e-09)
(0.0089584119 0 -1.9944358e-09)
(0.0089584142 0 -1.3846591e-10)
(0.0089584159 0 1.2552994e-09)
(0.0089584172 0 2.2680489e-09)
(0.0089584181 0 2.9701061e-09)
(0.0089584187 0 3.4251686e-09)
(0.0089584191 0 3.6905573e-09)
(0.0089584193 0 3.814611e-09)
(0.0089584193 0 3.8341078e-09)
(0.0089584193 0 3.7743333e-09)
(0.0089584192 0 3.6524518e-09)
(0.008958419 0 3.4823824e-09)
(0.0089584188 0 3.2782706e-09)
(0.0089584186 0 3.0547867e-09)
(0.0089584183 0 2.8247288e-09)
(0.0089584181 0 2.5962098e-09)
(0.0089584178 0 2.3719196e-09)
(0.0089584176 0 2.1512786e-09)
(0.0089584174 0 1.9341015e-09)
(0.0089584171 0 1.7233782e-09)
(0.0089584169 0 1.5253808e-09)
(0.0089584167 0 1.3471013e-09)
(0.0089584165 0 1.1928366e-09)
(0.0089584164 0 1.0621324e-09)
(0.0089584162 0 9.502244e-10)
(0.0089584161 0 8.5058017e-10)
(0.008958416 0 7.5797046e-10)
(0.0089584158 0 6.704105e-10)
(0.0089584157 0 5.8926636e-10)
(0.0089584156 0 5.178064e-10)
(0.0089584156 0 4.5903148e-10)
(0.0089584155 0 4.1379648e-10)
(0.0089584154 0 3.7995487e-10)
(0.0089584154 0 3.5283186e-10)
(0.0089584153 0 3.2694928e-10)
(0.0089584153 0 2.9831534e-10)
(0.0089584152 0 2.6612993e-10)
(0.0089584152 0 2.3299626e-10)
(0.0089584151 0 2.0347509e-10)
(0.0089584151 0 1.817502e-10)
(0.0089584151 0 1.6975043e-10)
(0.008958415 0 1.6663053e-10)
(0.008958415 0 1.6953275e-10)
(0.008958415 0 1.7496285e-10)
(0.008958415 0 1.8004862e-10)
(0.0089584149 0 1.8327989e-10)
(0.0089584149 0 1.8470975e-10)
(0.0089584149 0 1.8558567e-10)
(0.0089584148 0 1.8741647e-10)
(0.0089584148 0 1.9093477e-10)
(0.0089584148 0 1.9562468e-10)
(0.0089584147 0 2.0008006e-10)
(0.0089584147 0 2.0279823e-10)
(0.0089584147 0 2.0267133e-10)
(0.0089584146 0 1.9899962e-10)
(0.0089584146 0 1.9171923e-10)
(0.0089584145 0 1.8222721e-10)
(0.0089584145 0 1.7394692e-10)
(0.0089584144 0 1.7144211e-10)
(0.0089584144 0 1.7822427e-10)
(0.0089584143 0 1.9510393e-10)
(0.0089584143 0 2.2069388e-10)
(0.0089584142 0 2.5316154e-10)
(0.0089584142 0 2.9084512e-10)
(0.0089584141 0 3.313447e-10)
(0.0089584141 0 3.7145205e-10)
(0.008958414 0 4.0951522e-10)
(0.0089584139 0 4.4799845e-10)
(0.0089584138 0 4.9252719e-10)
(0.0089584137 0 5.478381e-10)
(0.0089584136 0 6.1558386e-10)
(0.0089584135 0 6.9652208e-10)
(0.0089584133 0 7.9300918e-10)
(0.0089584132 0 9.0715231e-10)
(0.008958413 0 1.0371503e-09)
(0.0089584128 0 1.1783225e-09)
(0.0089584126 0 1.328737e-09)
(0.0089584123 0 1.4917546e-09)
(0.008958412 0 1.6722602e-09)
(0.0089584117 0 1.8735309e-09)
(0.0089584113 0 2.1001125e-09)
(0.0089584109 0 2.3607538e-09)
(0.0089584104 0 2.6645831e-09)
(0.0089584099 0 3.0158268e-09)
(0.0089584093 0 3.4157476e-09)
(0.0089584086 0 3.8680914e-09)
(0.0089584079 0 4.3788481e-09)
(0.008958407 0 4.9530512e-09)
(0.008958406 0 5.5969797e-09)
(0.0089584049 0 6.3219071e-09)
(0.0089584037 0 7.1414538e-09)
(0.0089584023 0 8.0685341e-09)
(0.0089584007 0 9.1195853e-09)
(0.0089583989 0 1.0317125e-08)
(0.0089583969 0 1.1683366e-08)
(0.0089583947 0 1.3238237e-08)
(0.0089583921 0 1.5008373e-08)
(0.0089583892 0 1.7028402e-08)
(0.008958386 0 1.9332962e-08)
(0.0089583823 0 2.1963558e-08)
(0.0089583781 0 2.4977065e-08)
(0.0089583734 0 2.8435777e-08)
(0.0089583681 0 3.2412878e-08)
(0.0089583621 0 3.700571e-08)
(0.0089583554 0 4.2328136e-08)
(0.0089583478 0 4.8520903e-08)
(0.0089583392 0 5.5762435e-08)
(0.0089583294 0 6.4269273e-08)
(0.0089583185 0 7.4322419e-08)
(0.0089583062 0 8.6283612e-08)
(0.0089582924 0 1.0061733e-07)
(0.008958277 0 1.1794583e-07)
(0.0089582599 0 1.3908832e-07)
(0.008958241 0 1.6515706e-07)
(0.0089582206 0 1.9768535e-07)
(0.0089581963 0 2.391424e-07)
(0.008958197 0 2.9156837e-07)
(0.0089581366 0 3.2194254e-07)
(0.010004985 0 5.1495453e-05)
(0.010122374 0 0.00015430229)
(0.010345163 0 0.00022742276)
(0.010653911 0 0.00024822335)
(0.011016598 0 0.00020963757)
(0.011409186 0 0.00011549266)
(0.011817028 0 -2.4111832e-05)
(0.012232444 0 -0.00019571176)
(0.012652726 0 -0.0003845231)
(0.013078189 0 -0.00057571843)
(0.013510187 0 -0.00075527058)
(0.013949542 0 -0.00091034128)
(0.014395365 0 -0.0010296012)
(0.014844288 0 -0.0011036019)
(0.015290168 0 -0.0011253196)
(0.015724379 0 -0.001090736)
(0.01613662 0 -0.00099922241)
(0.01651606 0 -0.00085361121)
(0.016852562 0 -0.00065984565)
(0.017137664 0 -0.00042625061)
(0.017365153 0 -0.00016265636)
(0.017531196 0 0.00012050952)
(0.017634194 0 0.00041290351)
(0.017674451 0 0.00070481672)
(0.0176537 0 0.00098751445)
(0.01757479 0 0.0012533958)
(0.017441413 0 0.0014960774)
(0.017257907 0 0.0017104334)
(0.017029109 0 0.0018926112)
(0.016760243 0 0.0020400241)
(0.016456825 0 0.0021513169)
(0.016124576 0 0.0022262986)
(0.015769326 0 0.0022658424)
(0.015396929 0 0.0022717553)
(0.015013155 0 0.0022466232)
(0.014623592 0 0.0021936393)
(0.014233531 0 0.0021164238)
(0.013847868 0 0.0020188492)
(0.013471009 0 0.0019048777)
(0.013106799 0 0.0017784197)
(0.012758468 0 0.0016432201)
(0.012428606 0 0.0015027695)
(0.012119164 0 0.0013602422)
(0.011831476 0 0.0012184556)
(0.011566302 0 0.001079847)
(0.011323884 0 0.00094646317)
(0.011104018 0 0.00081996179)
(0.010906124 0 0.00070162033)
(0.010729323 0 0.00059235339)
(0.010572509 0 0.00049273717)
(0.010434416 0 0.00040304068)
(0.010313676 0 0.00032326261)
(0.010208872 0 0.00025317254)
(0.010118579 0 0.00019235442)
(0.010041395 0 0.00014024993)
(0.0099759657 0 9.6199872e-05)
(0.009921001 0 5.9482427e-05)
(0.0098752888 0 2.9347016e-05)
(0.0098376999 0 5.0394658e-06)
(0.009807191 0 -1.4173242e-05)
(0.0097828068 0 -2.8987377e-05)
(0.0097636793 0 -4.005107e-05)
(0.0097490248 0 -4.7956951e-05)
(0.0097381413 0 -5.3238379e-05)
(0.0097304046 0 -5.6368686e-05)
(0.0097252636 0 -5.776251e-05)
(0.0097222361 0 -5.7778784e-05)
(0.009720903 0 -5.6724715e-05)
(0.0097209039 0 -5.4860389e-05)
(0.0097219314 0 -5.2403652e-05)
(0.0097237261 0 -4.9534997e-05)
(0.0097260716 0 -4.6402245e-05)
(0.0097287892 0 -4.312492e-05)
(0.0097317339 0 -3.9798268e-05)
(0.0097347894 0 -3.6496891e-05)
(0.0097378645 0 -3.3277951e-05)
(0.0097408893 0 -3.0183991e-05)
(0.0097438117 0 -2.7245402e-05)
(0.0097465943 0 -2.4482592e-05)
(0.0097492122 0 -2.1907851e-05)
(0.0097516499 0 -1.9526943e-05)
(0.0097539 0 -1.7340461e-05)
(0.0097559611 0 -1.5344992e-05)
(0.0097578363 0 -1.353412e-05)
(0.0097595321 0 -1.1899254e-05)
(0.0097610574 0 -1.0430311e-05)
(0.0097624227 0 -9.1162635e-06)
(0.0097636393 0 -7.9455918e-06)
(0.0097647191 0 -6.9066443e-06)
(0.0097656737 0 -5.9879165e-06)
(0.0097665149 0 -5.1782517e-06)
(0.0097672536 0 -4.466985e-06)
(0.0097679004 0 -3.8440475e-06)
(0.0097684651 0 -3.3000391e-06)
(0.0097689567 0 -2.8262681e-06)
(0.0097693838 0 -2.4147599e-06)
(0.0097697537 0 -2.0582474e-06)
(0.0097700735 0 -1.7501476e-06)
(0.0097703492 0 -1.4845338e-06)
(0.0097705865 0 -1.2560972e-06)
(0.0097707901 0 -1.0601036e-06)
(0.0097709646 0 -8.923446e-07)
(0.0097711138 0 -7.490918e-07)
(0.009771241 0 -6.2705357e-07)
(0.0097713493 0 -5.2333443e-07)
(0.0097714413 0 -4.3539579e-07)
(0.0097715192 0 -3.6101836e-07)
(0.0097715851 0 -2.9826726e-07)
(0.0097716407 0 -2.4546031e-07)
(0.0097716876 0 -2.0113879e-07)
(0.0097717269 0 -1.6404028e-07)
(0.0097717598 0 -1.3307415e-07)
(0.0097717873 0 -1.0730034e-07)
(0.0097718102 0 -8.5911739e-08)
(0.0097718292 0 -6.8218968e-08)
(0.009771845 0 -5.3636153e-08)
(0.009771858 0 -4.1666751e-08)
(0.0097718687 0 -3.1889599e-08)
(0.0097718774 0 -2.3946166e-08)
(0.0097718845 0 -1.7530294e-08)
(0.0097718903 0 -1.2381002e-08)
(0.009771895 0 -8.2777938e-09)
(0.0097718987 0 -5.0370949e-09)
(0.0097719017 0 -2.5080507e-09)
(0.0097719041 0 -5.6671248e-10)
(0.0097719059 0 8.9071165e-10)
(0.0097719073 0 1.9537926e-09)
(0.0097719083 0 2.7012705e-09)
(0.0097719091 0 3.2013683e-09)
(0.0097719097 0 3.5104109e-09)
(0.0097719101 0 3.6720711e-09)
(0.0097719103 0 3.7188029e-09)
(0.0097719104 0 3.6754051e-09)
(0.0097719105 0 3.5630227e-09)
(0.0097719105 0 3.4014244e-09)
(0.0097719104 0 3.2086976e-09)
(0.0097719103 0 2.9993089e-09)
(0.0097719102 0 2.7824454e-09)
(0.0097719101 0 2.5623278e-09)
(0.0097719099 0 2.3406637e-09)
(0.0097719098 0 2.1197219e-09)
(0.0097719096 0 1.9041528e-09)
(0.0097719095 0 1.7005478e-09)
(0.0097719093 0 1.5151406e-09)
(0.0097719092 0 1.351299e-09)
(0.0097719091 0 1.2084347e-09)
(0.009771909 0 1.082807e-09)
(0.0097719089 0 9.696191e-10)
(0.0097719088 0 8.6521002e-10)
(0.0097719087 0 7.6824172e-10)
(0.0097719086 0 6.7961675e-10)
(0.0097719085 0 6.0147157e-10)
(0.0097719084 0 5.3570605e-10)
(0.0097719084 0 4.8264293e-10)
(0.0097719083 0 4.4035816e-10)
(0.0097719083 0 4.0497097e-10)
(0.0097719082 0 3.7197609e-10)
(0.0097719082 0 3.381381e-10)
(0.0097719082 0 3.0288755e-10)
(0.0097719081 0 2.6841111e-10)
(0.0097719081 0 2.3838119e-10)
(0.009771908 0 2.1601484e-10)
(0.009771908 0 2.0261214e-10)
(0.009771908 0 1.9727398e-10)
(0.009771908 0 1.9757427e-10)
(0.009771908 0 2.0062978e-10)
(0.0097719079 0 2.0409425e-10)
(0.0097719079 0 2.0675884e-10)
(0.0097719079 0 2.0869385e-10)
(0.0097719079 0 2.1087627e-10)
(0.0097719078 0 2.1432447e-10)
(0.0097719078 0 2.1928469e-10)
(0.0097719078 0 2.2508833e-10)
(0.0097719078 0 2.3062229e-10)
(0.0097719077 0 2.3484635e-10)
(0.0097719077 0 2.368947e-10)
(0.0097719077 0 2.3598388e-10)
(0.0097719076 0 2.318988e-10)
(0.0097719076 0 2.2603025e-10)
(0.0097719076 0 2.2167109e-10)
(0.0097719075 0 2.2270188e-10)
(0.0097719075 0 2.3162417e-10)
(0.0097719074 0 2.4885877e-10)
(0.0097719074 0 2.7389303e-10)
(0.0097719073 0 3.0643819e-10)
(0.0097719073 0 3.4572809e-10)
(0.0097719072 0 3.8920919e-10)
(0.0097719072 0 4.3353087e-10)
(0.0097719071 0 4.7779914e-10)
(0.009771907 0 5.2530775e-10)
(0.0097719069 0 5.8111782e-10)
(0.0097719069 0 6.483164e-10)
(0.0097719068 0 7.2792781e-10)
(0.0097719066 0 8.2202236e-10)
(0.0097719065 0 9.3427328e-10)
(0.0097719064 0 1.0661437e-09)
(0.0097719062 0 1.2145951e-09)
(0.0097719061 0 1.3759374e-09)
(0.0097719059 0 1.5510378e-09)
(0.0097719057 0 1.7444839e-09)
(0.0097719054 0 1.9598914e-09)
(0.0097719051 0 2.1999069e-09)
(0.0097719048 0 2.4707682e-09)
(0.0097719044 0 2.7823258e-09)
(0.009771904 0 3.1421693e-09)
(0.0097719036 0 3.5535269e-09)
(0.0097719031 0 4.0200546e-09)
(0.0097719025 0 4.5483854e-09)
(0.0097719018 0 5.1448669e-09)
(0.0097719011 0 5.8151017e-09)
(0.0097719002 0 6.5685748e-09)
(0.0097718993 0 7.4189691e-09)
(0.0097718982 0 8.3797237e-09)
(0.009771897 0 9.465292e-09)
(0.0097718956 0 1.0696114e-08)
(0.0097718941 0 1.2096306e-08)
(0.0097718924 0 1.3688571e-08)
(0.0097718905 0 1.5497322e-08)
(0.0097718883 0 1.7554545e-08)
(0.0097718858 0 1.9897784e-08)
(0.009771883 0 2.2566343e-08)
(0.0097718799 0 2.5608356e-08)
(0.0097718764 0 2.9085544e-08)
(0.0097718725 0 3.3064297e-08)
(0.0097718681 0 3.7624358e-08)
(0.0097718631 0 4.2870821e-08)
(0.0097718576 0 4.892285e-08)
(0.0097718514 0 5.5927368e-08)
(0.0097718445 0 6.4065794e-08)
(0.0097718368 0 7.355584e-08)
(0.0097718283 0 8.4676312e-08)
(0.009771819 0 9.7768787e-08)
(0.0097718088 0 1.1327263e-07)
(0.0097717979 0 1.3174578e-07)
(0.0097717864 0 1.5390619e-07)
(0.0097717747 0 1.8066586e-07)
(0.0097717636 0 2.1325522e-07)
(0.0097717516 0 2.5316721e-07)
(0.0097717608 0 3.0340227e-07)
(0.0097717383 0 3.3446946e-07)
(0.010003995 0 3.3734815e-07)
(0.010094463 0 2.4903095e-06)
(0.010271496 0 -1.205291e-05)
(0.010527666 0 -5.9450297e-05)
(0.010844132 0 -0.00014704854)
(0.011205116 0 -0.00027478167)
(0.011599717 0 -0.00043738499)
(0.01202102 0 -0.00062592969)
(0.012465315 0 -0.00082898515)
(0.012931079 0 -0.0010336433)
(0.013417612 0 -0.0012262025)
(0.01392365 0 -0.001392823)
(0.014446128 0 -0.0015201269)
(0.014979101 0 -0.0015959661)
(0.015513163 0 -0.0016105818)
(0.016035773 0 -0.0015578566)
(0.016532474 0 -0.0014361838)
(0.016988688 0 -0.0012487983)
(0.017391612 0 -0.0010032933)
(0.017731556 0 -0.00071044309)
(0.0180025 0 -0.00038283062)
(0.018201941 0 -3.3573427e-05)
(0.018330309 0 0.00032479808)
(0.018390157 0 0.00068087358)
(0.018385401 0 0.0010246703)
(0.018320752 0 0.0013477257)
(0.018201366 0 0.0016430686)
(0.01803262 0 0.0019051669)
(0.017819993 0 0.0021298862)
(0.017568988 0 0.0023144503)
(0.017285084 0 0.0024573859)
(0.016973697 0 0.0025584446)
(0.016640154 0 0.0026184994)
(0.016289668 0 0.0026394193)
(0.015927302 0 0.0026239219)
(0.01555793 0 0.0025754103)
(0.015186183 0 0.0024977989)
(0.014816391 0 0.0023953376)
(0.014452517 0 0.002272443)
(0.0140981 0 0.0021335443)
(0.013756206 0 0.0019829495)
(0.013429392 0 0.001824736)
(0.01311969 0 0.0016626658)
(0.012828612 0 0.0015001229)
(0.012557166 0 0.001340072)
(0.0123059 0 0.0011850341)
(0.012074945 0 0.0010370771)
(0.011864077 0 0.00089782042)
(0.011672779 0 0.0007684507)
(0.0115003 0 0.00064974941)
(0.011345719 0 0.00054212945)
(0.011207992 0 0.00044567971)
(0.011086 0 0.00036021494)
(0.010978588 0 0.00028532801)
(0.010884592 0 0.00022044162)
(0.010802861 0 0.00016485716)
(0.010732274 0 0.00011779884)
(0.010671751 0 7.8452008e-05)
(0.010620262 0 4.5993253e-05)
(0.010576831 0 1.961612e-05)
(0.010540538 0 -1.4506981e-06)
(0.010510526 0 -1.7930551e-05)
(0.010486001 0 -3.0490434e-05)
(0.01046623 0 -3.9736607e-05)
(0.010450545 0 -4.6212936e-05)
(0.010438341 0 -5.0401647e-05)
(0.010429073 0 -5.2725856e-05)
(0.010422256 0 -5.3553097e-05)
(0.010417462 0 -5.3199623e-05)
(0.010414317 0 -5.1935063e-05)
(0.010412495 0 -4.9987152e-05)
(0.010411718 0 -4.7546392e-05)
(0.010411749 0 -4.4770469e-05)
(0.01041239 0 -4.1788418e-05)
(0.010413475 0 -3.8704437e-05)
(0.01041487 0 -3.560133e-05)
(0.010416465 0 -3.2543611e-05)
(0.010418174 0 -2.9580295e-05)
(0.010419929 0 -2.6747387e-05)
(0.010421677 0 -2.4070061e-05)
(0.010423381 0 -2.1564567e-05)
(0.010425013 0 -1.9239908e-05)
(0.010426554 0 -1.7099308e-05)
(0.010427992 0 -1.5141485e-05)
(0.010429321 0 -1.3361716e-05)
(0.010430539 0 -1.1752737e-05)
(0.010431648 0 -1.0305488e-05)
(0.010432651 0 -9.0097428e-06)
(0.010433552 0 -7.8546108e-06)
(0.010434359 0 -6.8289352e-06)
(0.010435078 0 -5.9215902e-06)
(0.010435715 0 -5.1217106e-06)
(0.010436278 0 -4.4188661e-06)
(0.010436774 0 -3.8031866e-06)
(0.010437209 0 -3.2654396e-06)
(0.01043759 0 -2.7970702e-06)
(0.010437922 0 -2.3902158e-06)
(0.010438212 0 -2.0377045e-06)
(0.010438463 0 -1.7330398e-06)
(0.01043868 0 -1.4703716e-06)
(0.010438869 0 -1.2444563e-06)
(0.010439031 0 -1.0506124e-06)
(0.01043917 0 -8.8467644e-07)
(0.01043929 0 -7.4296081e-07)
(0.010439393 0 -6.2221186e-07)
(0.01043948 0 -5.1956855e-07)
(0.010439555 0 -4.3252239e-07)
(0.010439619 0 -3.5888011e-07)
(0.010439673 0 -2.9672956e-07)
(0.010439719 0 -2.4440803e-07)
(0.010439758 0 -2.0047306e-07)
(0.01043979 0 -1.6367624e-07)
(0.010439818 0 -1.329402e-07)
(0.010439841 0 -1.0733869e-07)
(0.010439861 0 -8.6078573e-08)
(0.010439877 0 -6.8482754e-08)
(0.010439891 0 -5.3973926e-08)
(0.010439902 0 -4.2059742e-08)
(0.010439911 0 -3.232002e-08)
(0.010439919 0 -2.4396519e-08)
(0.010439925 0 -1.7985092e-08)
(0.010439931 0 -1.282935e-08)
(0.010439935 0 -8.7149248e-09)
(0.010439938 0 -5.4634306e-09)
(0.010439941 0 -2.9258494e-09)
(0.010439943 0 -9.761615e-10)
(0.010439945 0 4.9364133e-10)
(0.010439947 0 1.5764123e-09)
(0.010439948 0 2.3506821e-09)
(0.010439949 0 2.880756e-09)
(0.010439949 0 3.2176676e-09)
(0.01043995 0 3.4016155e-09)
(0.01043995 0 3.4653567e-09)
(0.01043995 0 3.4372035e-09)
(0.010439951 0 3.3422621e-09)
(0.010439951 0 3.2018199e-09)
(0.010439951 0 3.0320733e-09)
(0.010439951 0 2.8436285e-09)
(0.010439951 0 2.6426835e-09)
(0.010439951 0 2.4335586e-09)
(0.010439951 0 2.221086e-09)
(0.010439951 0 2.0115422e-09)
(0.010439951 0 1.8118195e-09)
(0.01043995 0 1.6275153e-09)
(0.01043995 0 1.461318e-09)
(0.01043995 0 1.3127524e-09)
(0.01043995 0 1.1792152e-09)
(0.01043995 0 1.0575995e-09)
(0.01043995 0 9.4569916e-10)
(0.01043995 0 8.4279149e-10)
(0.01043995 0 7.4944765e-10)
(0.01043995 0 6.669187e-10)
(0.01043995 0 5.9623964e-10)
(0.01043995 0 5.3732137e-10)
(0.01043995 0 4.8845051e-10)
(0.01043995 0 4.4647275e-10)
(0.01043995 0 4.0781633e-10)
(0.01043995 0 3.7000954e-10)
(0.01043995 0 3.3273374e-10)
(0.01043995 0 2.9775245e-10)
(0.01043995 0 2.6781114e-10)
(0.01043995 0 2.4512586e-10)
(0.01043995 0 2.3037011e-10)
(0.01043995 0 2.2263237e-10)
(0.01043995 0 2.2000161e-10)
(0.010439949 0 2.2033683e-10)
(0.010439949 0 2.2197399e-10)
(0.010439949 0 2.2411737e-10)
(0.010439949 0 2.2682632e-10)
(0.010439949 0 2.3060861e-10)
(0.010439949 0 2.3573573e-10)
(0.010439949 0 2.4183488e-10)
(0.010439949 0 2.481596e-10)
(0.010439949 0 2.5409248e-10)
(0.010439949 0 2.5924103e-10)
(0.010439949 0 2.6309783e-10)
(0.010439949 0 2.6490073e-10)
(0.010439949 0 2.6436897e-10)
(0.010439949 0 2.6280056e-10)
(0.010439949 0 2.6302054e-10)
(0.010439949 0 2.6786683e-10)
(0.010439949 0 2.788283e-10)
(0.010439949 0 2.9633434e-10)
(0.010439949 0 3.2105258e-10)
(0.010439949 0 3.5395821e-10)
(0.010439949 0 3.9453848e-10)
(0.010439949 0 4.3984344e-10)
(0.010439949 0 4.8682265e-10)
(0.010439949 0 5.3581442e-10)
(0.010439949 0 5.9076511e-10)
(0.010439949 0 6.5572907e-10)
(0.010439949 0 7.3238437e-10)
(0.010439949 0 8.2193485e-10)
(0.010439948 0 9.2782447e-10)
(0.010439948 0 1.0538694e-09)
(0.010439948 0 1.1999401e-09)
(0.010439948 0 1.3624145e-09)
(0.010439948 0 1.5398116e-09)
(0.010439948 0 1.7355684e-09)
(0.010439948 0 1.9542159e-09)
(0.010439947 0 2.1980746e-09)
(0.010439947 0 2.4705143e-09)
(0.010439947 0 2.77963e-09)
(0.010439947 0 3.1347337e-09)
(0.010439946 0 3.5412199e-09)
(0.010439946 0 4.0026765e-09)
(0.010439946 0 4.5255142e-09)
(0.010439945 0 5.1173235e-09)
(0.010439945 0 5.7839142e-09)
(0.010439944 0 6.5329748e-09)
(0.010439943 0 7.3774225e-09)
(0.010439943 0 8.3311716e-09)
(0.010439942 0 9.4071128e-09)
(0.010439941 0 1.0623063e-08)
(0.01043994 0 1.2002482e-08)
(0.010439938 0 1.3567933e-08)
(0.010439937 0 1.5343111e-08)
(0.010439935 0 1.7358691e-08)
(0.010439934 0 1.9648487e-08)
(0.010439932 0 2.2249199e-08)
(0.01043993 0 2.5206195e-08)
(0.010439927 0 2.8571368e-08)
(0.010439924 0 3.2404806e-08)
(0.010439921 0 3.6778082e-08)
(0.010439918 0 4.1774036e-08)
(0.010439914 0 4.7495935e-08)
(0.01043991 0 5.4066276e-08)
(0.010439906 0 6.162679e-08)
(0.010439901 0 7.0347235e-08)
(0.010439895 0 8.0436334e-08)
(0.010439889 0 9.2142557e-08)
(0.010439883 0 1.057688e-07)
(0.010439877 0 1.216879e-07)
(0.010439871 0 1.4035107e-07)
(0.010439865 0 1.6230731e-07)
(0.01043986 0 1.8819442e-07)
(0.010439857 0 2.1884982e-07)
(0.010439855 0 2.5485469e-07)
(0.01043987 0 2.9912763e-07)
(0.010439877 0 3.2839953e-07)
(0.010003443 0 -4.035093e-05)
(0.010077632 0 -0.00012002828)
(0.01022464 0 -0.00021066091)
(0.010442815 0 -0.00032391739)
(0.010721495 0 -0.00046628091)
(0.011051457 0 -0.00063912026)
(0.011426216 0 -0.00083962145)
(0.011841562 0 -0.0010614469)
(0.012295186 0 -0.0012952442)
(0.012786073 0 -0.0015291838)
(0.013313394 0 -0.0017493784)
(0.013875187 0 -0.001940551)
(0.01446693 0 -0.0020865959)
(0.015079849 0 -0.0021716414)
(0.015699864 0 -0.0021821463)
(0.016308263 0 -0.0021092789)
(0.016883994 0 -0.0019505878)
(0.017406859 0 -0.001710746)
(0.017860642 0 -0.0014006632)
(0.018234854 0 -0.001035347)
(0.018524927 0 -0.00063168768)
(0.018731397 0 -0.0002065064)
(0.018858427 0 0.00022495463)
(0.018912195 0 0.00064962073)
(0.01889974 0 0.0010565586)
(0.018828224 0 0.001436894)
(0.018704541 0 0.0017835587)
(0.018535195 0 0.0020910824)
(0.018326294 0 0.0023554735)
(0.018083566 0 0.0025741415)
(0.017812375 0 0.0027458184)
(0.017517747 0 0.0028704641)
(0.017204398 0 0.0029491556)
(0.01687676 0 0.0029839614)
(0.016539015 0 0.0029778025)
(0.016195105 0 0.0029343)
(0.015848737 0 0.0028576141)
(0.015503376 0 0.0027522793)
(0.01516222 0 0.0026230415)
(0.014828172 0 0.0024747043)
(0.014503808 0 0.0023119906)
(0.014191347 0 0.0021394214)
(0.01389263 0 0.0019612165)
(0.013609114 0 0.0017812159)
(0.013341868 0 0.0016028219)
(0.013091601 0 0.0014289607)
(0.01285868 0 0.0012620621)
(0.012643178 0 0.0011040561)
(0.012444912 0 0.00095638555)
(0.012263488 0 0.00082003404)
(0.01209835 0 0.00069556591)
(0.011948816 0 0.00058317657)
(0.011814118 0 0.00048274936)
(0.011693426 0 0.00039391509)
(0.011585872 0 0.00031611063)
(0.011490569 0 0.00024863381)
(0.011406625 0 0.00019069217)
(0.01133315 0 0.00014144441)
(0.011269263 0 0.00010003368)
(0.011214103 0 6.5614087e-05)
(0.011166836 0 3.7370104e-05)
(0.011126653 0 1.4530298e-05)
(0.011092786 0 -3.6237028e-06)
(0.011064503 0 -1.7752042e-05)
(0.011041121 0 -2.8454202e-05)
(0.011022004 0 -3.6269125e-05)
(0.011006566 0 -4.1676598e-05)
(0.010994273 0 -4.5099953e-05)
(0.010984645 0 -4.6909604e-05)
(0.010977251 0 -4.7426982e-05)
(0.010971712 0 -4.6928694e-05)
(0.010967696 0 -4.5650766e-05)
(0.010964913 0 -4.3792684e-05)
(0.010963118 0 -4.1521409e-05)
(0.0109621 0 -3.8975134e-05)
(0.010961683 0 -3.6266763e-05)
(0.010961722 0 -3.348716e-05)
(0.010962096 0 -3.0708145e-05)
(0.010962707 0 -2.7985214e-05)
(0.010963479 0 -2.536e-05)
(0.01096435 0 -2.2862495e-05)
(0.010965272 0 -2.0513041e-05)
(0.010966209 0 -1.8324107e-05)
(0.010967134 0 -1.6301834e-05)
(0.010968028 0 -1.4447368e-05)
(0.010968877 0 -1.2758009e-05)
(0.010969674 0 -1.1228186e-05)
(0.010970414 0 -9.8502784e-06)
(0.010971093 0 -8.6152895e-06)
(0.010971713 0 -7.5133774e-06)
(0.010972274 0 -6.5342796e-06)
(0.010972779 0 -5.6676465e-06)
(0.010973231 0 -4.9033004e-06)
(0.010973635 0 -4.231424e-06)
(0.010973993 0 -3.6426895e-06)
(0.01097431 0 -3.1283412e-06)
(0.010974589 0 -2.6802465e-06)
(0.010974834 0 -2.2909222e-06)
(0.010975049 0 -1.9535383e-06)
(0.010975237 0 -1.6619025e-06)
(0.0109754 0 -1.410431e-06)
(0.010975542 0 -1.1941123e-06)
(0.010975665 0 -1.0084702e-06)
(0.010975772 0 -8.495245e-07)
(0.010975864 0 -7.1375068e-07)
(0.010975943 0 -5.9803844e-07)
(0.010976011 0 -4.9965176e-07)
(0.01097607 0 -4.161912e-07)
(0.01097612 0 -3.455588e-07)
(0.010976162 0 -2.8592527e-07)
(0.010976199 0 -2.3569966e-07)
(0.01097623 0 -1.9350219e-07)
(0.010976256 0 -1.5813997e-07)
(0.010976278 0 -1.2858522e-07)
(0.010976297 0 -1.0395502e-07)
(0.010976313 0 -8.3492282e-08)
(0.010976327 0 -6.6548451e-08)
(0.010976338 0 -5.2568495e-08)
(0.010976347 0 -4.1078267e-08)
(0.010976355 0 -3.1674027e-08)
(0.010976362 0 -2.4013507e-08)
(0.010976367 0 -1.7807803e-08)
(0.010976372 0 -1.2813812e-08)
(0.010976376 0 -8.8270486e-09)
(0.010976379 0 -5.674909e-09)
(0.010976381 0 -3.2109529e-09)
(0.010976383 0 -1.310651e-09)
(0.010976385 0 1.3141695e-10)
(0.010976387 0 1.2032913e-09)
(0.010976388 0 1.9772106e-09)
(0.010976389 0 2.5118983e-09)
(0.010976389 0 2.8555042e-09)
(0.01097639 0 3.0485216e-09)
(0.01097639 0 3.1258168e-09)
(0.010976391 0 3.1171497e-09)
(0.010976391 0 3.0466138e-09)
(0.010976391 0 2.9321834e-09)
(0.010976391 0 2.7862547e-09)
(0.010976391 0 2.6174149e-09)
(0.010976391 0 2.4328027e-09)
(0.010976391 0 2.2397632e-09)
(0.010976391 0 2.0460417e-09)
(0.010976391 0 1.858772e-09)
(0.010976391 0 1.683063e-09)
(0.010976391 0 1.5212192e-09)
(0.010976391 0 1.3731365e-09)
(0.010976391 0 1.2374176e-09)
(0.010976391 0 1.1125154e-09)
(0.010976391 0 9.9748159e-10)
(0.010976391 0 8.9212259e-10)
(0.010976391 0 7.9679911e-10)
(0.010976391 0 7.121506e-10)
(0.010976391 0 6.3863322e-10)
(0.010976391 0 5.7592101e-10)
(0.010976391 0 5.2253371e-10)
(0.010976391 0 4.759603e-10)
(0.010976391 0 4.3344634e-10)
(0.010976391 0 3.9317495e-10)
(0.010976391 0 3.5499759e-10)
(0.010976391 0 3.2022564e-10)
(0.010976391 0 2.9072025e-10)
(0.010976391 0 2.6781201e-10)
(0.010976391 0 2.5169638e-10)
(0.010976391 0 2.4156562e-10)
(0.010976391 0 2.3607792e-10)
(0.010976391 0 2.3384429e-10)
(0.010976391 0 2.3386395e-10)
(0.010976391 0 2.356935e-10)
(0.010976391 0 2.3926234e-10)
(0.010976391 0 2.4447287e-10)
(0.010976391 0 2.5081357e-10)
(0.010976391 0 2.5743694e-10)
(0.010976391 0 2.6376111e-10)
(0.010976391 0 2.6981505e-10)
(0.010976391 0 2.7580882e-10)
(0.010976391 0 2.8144717e-10)
(0.010976391 0 2.8591945e-10)
(0.010976391 0 2.8890359e-10)
(0.010976391 0 2.9156297e-10)
(0.010976391 0 2.9610235e-10)
(0.01097639 0 3.0429194e-10)
(0.01097639 0 3.1692769e-10)
(0.01097639 0 3.3487649e-10)
(0.01097639 0 3.5995079e-10)
(0.01097639 0 3.9370926e-10)
(0.01097639 0 4.3520153e-10)
(0.01097639 0 4.8113692e-10)
(0.01097639 0 5.2940109e-10)
(0.01097639 0 5.8184746e-10)
(0.01097639 0 6.4264748e-10)
(0.01097639 0 7.1452758e-10)
(0.01097639 0 7.9825917e-10)
(0.01097639 0 8.9581874e-10)
(0.01097639 0 1.0114956e-09)
(0.01097639 0 1.14805e-09)
(0.01097639 0 1.3036845e-09)
(0.01097639 0 1.4755231e-09)
(0.01097639 0 1.6649956e-09)
(0.010976389 0 1.8770072e-09)
(0.010976389 0 2.1149383e-09)
(0.010976389 0 2.3805226e-09)
(0.010976389 0 2.6788114e-09)
(0.010976389 0 3.0187664e-09)
(0.010976389 0 3.4077136e-09)
(0.010976388 0 3.8495815e-09)
(0.010976388 0 4.3497073e-09)
(0.010976388 0 4.9162659e-09)
(0.010976387 0 5.5560801e-09)
(0.010976387 0 6.2751839e-09)
(0.010976387 0 7.0844764e-09)
(0.010976386 0 7.9986321e-09)
(0.010976386 0 9.0303074e-09)
(0.010976385 0 1.019317e-08)
(0.010976384 0 1.1508411e-08)
(0.010976383 0 1.2999848e-08)
(0.010976383 0 1.4688217e-08)
(0.010976382 0 1.6599444e-08)
(0.010976381 0 1.8768209e-08)
(0.010976379 0 2.122751e-08)
(0.010976378 0 2.4013181e-08)
(0.010976376 0 2.7174776e-08)
(0.010976375 0 3.0764212e-08)
(0.010976373 0 3.4838908e-08)
(0.010976371 0 3.9474199e-08)
(0.010976368 0 4.4750623e-08)
(0.010976366 0 5.0765627e-08)
(0.010976363 0 5.763819e-08)
(0.01097636 0 6.5494952e-08)
(0.010976357 0 7.4490244e-08)
(0.010976354 0 8.4806719e-08)
(0.010976351 0 9.6655031e-08)
(0.010976348 0 1.1028216e-07)
(0.010976345 0 1.2597319e-07)
(0.010976343 0 1.440547e-07)
(0.010976342 0 1.648857e-07)
(0.010976343 0 1.8882742e-07)
(0.010976347 0 2.163268e-07)
(0.010976353 0 2.4730324e-07)
(0.010976372 0 2.838864e-07)
(0.010976397 0 3.0965889e-07)
(0.010003071 0 -7.4619126e-05)
(0.010066568 0 -0.00022352979)
(0.010192939 0 -0.00038096987)
(0.010383383 0 -0.00055605519)
(0.010632312 0 -0.00075461315)
(0.010935329 0 -0.00097876124)
(0.011289998 0 -0.0012271265)
(0.011695436 0 -0.0014949438)
(0.012152011 0 -0.0017740588)
(0.012660831 0 -0.0020530058)
(0.013222564 0 -0.0023169663)
(0.013835978 0 -0.0025483439)
(0.014495905 0 -0.0027267319)
(0.015190024 0 -0.0028302061)
(0.015896947 0 -0.0028392219)
(0.016588086 0 -0.0027411112)
(0.017232418 0 -0.0025330744)
(0.017802404 0 -0.0022234846)
(0.01827895 0 -0.0018297113)
(0.0186531 0 -0.0013739006)
(0.018924924 0 -0.00087942436)
(0.019101196 0 -0.00036793733)
(0.019192421 0 0.00014252172)
(0.019210016 0 0.0006377624)
(0.019164787 0 0.0011067511)
(0.019066317 0 0.0015410959)
(0.018922785 0 0.0019344023)
(0.018741189 0 0.0022818708)
(0.018527635 0 0.0025801218)
(0.018287535 0 0.0028271166)
(0.018025725 0 0.0030220852)
(0.017746536 0 0.0031654312)
(0.01745386 0 0.0032586204)
(0.017151211 0 0.003304058)
(0.016841773 0 0.0033049547)
(0.016528455 0 0.0032651857)
(0.016213925 0 0.0031891425)
(0.01590064 0 0.0030815828)
(0.015590866 0 0.0029474815)
(0.015286677 0 0.0027918877)
(0.014989949 0 0.0026197911)
(0.014702346 0 0.0024360012)
(0.014425308 0 0.0022450436)
(0.014160037 0 0.0020510719)
(0.013907492 0 0.0018578001)
(0.013668392 0 0.0016684528)
(0.013443226 0 0.0014857347)
(0.013232273 0 0.0013118207)
(0.013035624 0 0.0011483633)
(0.012853208 0 0.00099651955)
(0.01268482 0 0.00085699266)
(0.012530144 0 0.00073008562)
(0.012388772 0 0.00061576297)
(0.012260224 0 0.0005137153)
(0.012143962 0 0.00042342278)
(0.012039395 0 0.00034421376)
(0.011945894 0 0.00027531619)
(0.011862796 0 0.00021590058)
(0.011789412 0 0.00016511436)
(0.011725033 0 0.00012210839)
(0.011668943 0 8.6056463e-05)
(0.011620422 0 5.6168983e-05)
(0.011578759 0 3.1702212e-05)
(0.01154326 0 1.1964144e-05)
(0.011513255 0 -3.6824996e-06)
(0.011488106 0 -1.5819207e-05)
(0.011467213 0 -2.4971907e-05)
(0.011450018 0 -3.1612573e-05)
(0.011436009 0 -3.6161194e-05)
(0.01142472 0 -3.8988685e-05)
(0.011415732 0 -4.0419977e-05)
(0.011408675 0 -4.0737551e-05)
(0.011403222 0 -4.0184501e-05)
(0.011399088 0 -3.8968324e-05)
(0.011396028 0 -3.7264279e-05)
(0.011393832 0 -3.5218694e-05)
(0.011392326 0 -3.2952179e-05)
(0.011391359 0 -3.0562689e-05)
(0.011390811 0 -2.8128405e-05)
(0.01139058 0 -2.571043e-05)
(0.011390587 0 -2.3355284e-05)
(0.011390764 0 -2.1097194e-05)
(0.01139106 0 -1.8960156e-05)
(0.011391435 0 -1.6959771e-05)
(0.011391858 0 -1.5104866e-05)
(0.011392304 0 -1.3398908e-05)
(0.011392755 0 -1.1841224e-05)
(0.0113932 0 -1.0428033e-05)
(0.011393628 0 -9.1532998e-06)
(0.011394033 0 -8.0094303e-06)
(0.011394412 0 -6.9878371e-06)
(0.011394763 0 -6.0793917e-06)
(0.011395085 0 -5.2747775e-06)
(0.011395378 0 -4.5647551e-06)
(0.011395643 0 -3.9403545e-06)
(0.011395881 0 -3.3930122e-06)
(0.011396094 0 -2.9146657e-06)
(0.011396283 0 -2.4978134e-06)
(0.011396452 0 -2.1355431e-06)
(0.0113966 0 -1.8215353e-06)
(0.011396732 0 -1.5500505e-06)
(0.011396847 0 -1.3159065e-06)
(0.011396947 0 -1.1144504e-06)
(0.011397036 0 -9.4152564e-07)
(0.011397112 0 -7.9343558e-07)
(0.011397179 0 -6.6690508e-07)
(0.011397237 0 -5.5904281e-07)
(0.011397287 0 -4.6730475e-07)
(0.01139733 0 -3.8945964e-07)
(0.011397368 0 -3.2355615e-07)
(0.0113974 0 -2.6789265e-07)
(0.011397427 0 -2.2098989e-07)
(0.011397451 0 -1.8156611e-07)
(0.011397471 0 -1.4851394e-07)
(0.011397488 0 -1.2087876e-07)
(0.011397503 0 -9.7838742e-08)
(0.011397515 0 -7.8687377e-08)
(0.011397526 0 -6.2818771e-08)
(0.011397535 0 -4.9715088e-08)
(0.011397543 0 -3.8935481e-08)
(0.011397549 0 -3.0105878e-08)
(0.011397554 0 -2.2909354e-08)
(0.011397559 0 -1.7077416e-08)
(0.011397563 0 -1.2382443e-08)
(0.011397566 0 -8.6313023e-09)
(0.011397569 0 -5.660246e-09)
(0.011397571 0 -3.3309653e-09)
(0.011397573 0 -1.5273857e-09)
(0.011397574 0 -1.528876e-10)
(0.011397576 0 8.7248206e-10)
(0.011397577 0 1.6150852e-09)
(0.011397578 0 2.1306577e-09)
(0.011397578 0 2.4665985e-09)
(0.011397579 0 2.6632473e-09)
(0.011397579 0 2.7540968e-09)
(0.01139758 0 2.7656061e-09)
(0.01139758 0 2.7175982e-09)
(0.01139758 0 2.6246006e-09)
(0.01139758 0 2.497873e-09)
(0.01139758 0 2.3473854e-09)
(0.011397581 0 2.1827648e-09)
(0.011397581 0 2.0129598e-09)
(0.011397581 0 1.8452609e-09)
(0.011397581 0 1.6844542e-09)
(0.011397581 0 1.5327634e-09)
(0.011397581 0 1.3906824e-09)
(0.011397581 0 1.2580255e-09)
(0.011397581 0 1.1346127e-09)
(0.011397581 0 1.0205191e-09)
(0.011397581 0 9.1598494e-10)
(0.011397581 0 8.2128333e-10)
(0.011397581 0 7.3671379e-10)
(0.011397581 0 6.6242834e-10)
(0.011397581 0 5.9802393e-10)
(0.011397581 0 5.4225809e-10)
(0.011397581 0 4.931509e-10)
(0.011397581 0 4.4860493e-10)
(0.011397581 0 4.0730508e-10)
(0.011397581 0 3.6917925e-10)
(0.011397581 0 3.3510298e-10)
(0.011397581 0 3.0619287e-10)
(0.011397581 0 2.8311251e-10)
(0.011397581 0 2.6578304e-10)
(0.011397581 0 2.53595e-10)
(0.011397581 0 2.4573844e-10)
(0.011397581 0 2.4145643e-10)
(0.011397581 0 2.4026259e-10)
(0.011397581 0 2.4191941e-10)
(0.011397581 0 2.4612055e-10)
(0.011397581 0 2.5217009e-10)
(0.011397581 0 2.5896408e-10)
(0.011397581 0 2.6550683e-10)
(0.01139758 0 2.7163186e-10)
(0.01139758 0 2.7798255e-10)
(0.01139758 0 2.8507754e-10)
(0.01139758 0 2.9252763e-10)
(0.01139758 0 2.993812e-10)
(0.01139758 0 3.0535901e-10)
(0.01139758 0 3.1155285e-10)
(0.01139758 0 3.1957542e-10)
(0.01139758 0 3.3034122e-10)
(0.01139758 0 3.4438479e-10)
(0.01139758 0 3.6324063e-10)
(0.01139758 0 3.8944158e-10)
(0.01139758 0 4.2428454e-10)
(0.01139758 0 4.6597982e-10)
(0.01139758 0 5.1137163e-10)
(0.01139758 0 5.5993953e-10)
(0.01139758 0 6.1494963e-10)
(0.01139758 0 6.8013612e-10)
(0.01139758 0 7.5676425e-10)
(0.01139758 0 8.4532058e-10)
(0.01139758 0 9.4876231e-10)
(0.01139758 0 1.0713517e-09)
(0.01139758 0 1.2141142e-09)
(0.01139758 0 1.37447e-09)
(0.01139758 0 1.5516652e-09)
(0.01139758 0 1.7497426e-09)
(0.01139758 0 1.9734671e-09)
(0.01139758 0 2.2246513e-09)
(0.01139758 0 2.5055042e-09)
(0.011397579 0 2.8227449e-09)
(0.011397579 0 3.1845721e-09)
(0.011397579 0 3.5959683e-09)
(0.011397579 0 4.0611046e-09)
(0.011397579 0 4.587541e-09)
(0.011397579 0 5.1834925e-09)
(0.011397578 0 5.8547152e-09)
(0.011397578 0 6.6091429e-09)
(0.011397578 0 7.460208e-09)
(0.011397578 0 8.4215602e-09)
(0.011397577 0 9.5048639e-09)
(0.011397577 0 1.072625e-08)
(0.011397577 0 1.2107869e-08)
(0.011397576 0 1.367164e-08)
(0.011397575 0 1.5439222e-08)
(0.011397575 0 1.7438574e-08)
(0.011397574 0 1.9703207e-08)
(0.011397574 0 2.2265714e-08)
(0.011397573 0 2.5162547e-08)
(0.011397572 0 2.8442154e-08)
(0.011397571 0 3.2156007e-08)
(0.01139757 0 3.6360229e-08)
(0.011397569 0 4.1127085e-08)
(0.011397568 0 4.6533113e-08)
(0.011397566 0 5.2667702e-08)
(0.011397565 0 5.9635838e-08)
(0.011397564 0 6.7548755e-08)
(0.011397563 0 7.654148e-08)
(0.011397562 0 8.6760859e-08)
(0.011397561 0 9.8376919e-08)
(0.011397561 0 1.115727e-07)
(0.011397561 0 1.2654373e-07)
(0.011397563 0 1.4348898e-07)
(0.011397566 0 1.6259596e-07)
(0.011397571 0 1.8399103e-07)
(0.01139758 0 2.0778951e-07)
(0.011397592 0 2.3353713e-07)
(0.011397612 0 2.6231314e-07)
(0.011397648 0 2.8382466e-07)
(0.010002778 0 -0.00010442844)
(0.010058274 0 -0.00031349221)
(0.010168838 0 -0.00053032481)
(0.010337181 0 -0.0007629989)
(0.010561067 0 -0.0010172978)
(0.010839727 0 -0.0012961317)
(0.011174299 0 -0.0015993605)
(0.011567423 0 -0.001923492)
(0.012022921 0 -0.0022612319)
(0.012545297 0 -0.0026010894)
(0.013138194 0 -0.0029265816)
(0.013802613 0 -0.0032166284)
(0.014533342 0 -0.0034435523)
(0.01531217 0 -0.0035747968)
(0.016104945 0 -0.003580949)
(0.016867105 0 -0.0034443183)
(0.01755368 0 -0.0031637796)
(0.018129786 0 -0.0027564303)
(0.018577419 0 -0.0022517652)
(0.018895197 0 -0.0016832462)
(0.019093952 0 -0.0010831364)
(0.019191694 0 -0.00047839283)
(0.019208345 0 0.0001113538)
(0.0191615 0 0.00067249337)
(0.019065117 0 0.0011958538)
(0.018929689 0 0.0016750668)
(0.018762783 0 0.0021054587)
(0.018570054 0 0.0024835353)
(0.01835607 0 0.002806876)
(0.01812476 0 0.0030741764)
(0.017879607 0 0.0032852634)
(0.017623725 0 0.003441047)
(0.017359892 0 0.0035434302)
(0.017090578 0 0.0035951958)
(0.016817956 0 0.003599877)
(0.016543943 0 0.0035616177)
(0.016270227 0 0.0034850308)
(0.015998314 0 0.0033750567)
(0.015729559 0 0.0032368273)
(0.015465201 0 0.0030755353)
(0.015206375 0 0.0028963123)
(0.014954121 0 0.0027041157)
(0.014709385 0 0.0025036286)
(0.014473014 0 0.0022991717)
(0.014245745 0 0.0020946314)
(0.014028208 0 0.0018934049)
(0.01382092 0 0.0016983639)
(0.013624287 0 0.0015118388)
(0.013438608 0 0.0013356234)
(0.013264088 0 0.0011709999)
(0.013100834 0 0.0010187804)
(0.012948871 0 0.00087936249)
(0.012808141 0 0.00075279364)
(0.012678509 0 0.00063883783)
(0.012559764 0 0.00053704126)
(0.012451623 0 0.0004467921)
(0.012353732 0 0.00036737219)
(0.012265673 0 0.00029799952)
(0.012186966 0 0.00023786164)
(0.012117084 0 0.00018614092)
(0.012055453 0 0.00014203298)
(0.012001472 0 0.00010475971)
(0.01195452 0 7.3578295e-05)
(0.011913971 0 4.7787349e-05)
(0.011879201 0 2.6730688e-05)
(0.011849603 0 9.7998091e-06)
(0.011824592 0 -3.5651554e-06)
(0.011803615 0 -1.3875232e-05)
(0.011786157 0 -2.1593185e-05)
(0.011771741 0 -2.7134914e-05)
(0.011759935 0 -3.0870832e-05)
(0.011750348 0 -3.3128926e-05)
(0.011742633 0 -3.4195278e-05)
(0.011736486 0 -3.4318565e-05)
(0.011731639 0 -3.3712431e-05)
(0.011727863 0 -3.2558293e-05)
(0.011724961 0 -3.1008408e-05)
(0.011722768 0 -2.9188892e-05)
(0.011721142 0 -2.7202672e-05)
(0.011719967 0 -2.5132352e-05)
(0.011719148 0 -2.3042926e-05)
(0.011718604 0 -2.098432e-05)
(0.011718273 0 -1.8993732e-05)
(0.011718103 0 -1.7097763e-05)
(0.011718052 0 -1.5314324e-05)
(0.011718087 0 -1.3654314e-05)
(0.011718184 0 -1.2123091e-05)
(0.011718322 0 -1.0721722e-05)
(0.011718486 0 -9.4480273e-06)
(0.011718664 0 -8.2974566e-06)
(0.011718848 0 -7.2638025e-06)
(0.011719032 0 -6.3397778e-06)
(0.01171921 0 -5.5174717e-06)
(0.011719381 0 -4.7887e-06)
(0.011719541 0 -4.1452715e-06)
(0.01171969 0 -3.5791846e-06)
(0.011719828 0 -3.0827714e-06)
(0.011719953 0 -2.6487945e-06)
(0.011720067 0 -2.2705046e-06)
(0.01172017 0 -1.9416691e-06)
(0.011720263 0 -1.656579e-06)
(0.011720345 0 -1.4100432e-06)
(0.011720419 0 -1.1973721e-06)
(0.011720484 0 -1.0143534e-06)
(0.011720542 0 -8.5722235e-07)
(0.011720592 0 -7.2262916e-07)
(0.011720637 0 -6.0760489e-07)
(0.011720676 0 -5.0952778e-07)
(0.01172071 0 -4.2609042e-07)
(0.01172074 0 -3.5526838e-07)
(0.011720766 0 -2.9529125e-07)
(0.011720789 0 -2.4461606e-07)
(0.011720808 0 -2.0190236e-07)
(0.011720825 0 -1.6598853e-07)
(0.01172084 0 -1.3586966e-07)
(0.011720852 0 -1.106777e-07)
(0.011720863 0 -8.9664474e-08)
(0.011720872 0 -7.2187471e-08)
(0.01172088 0 -5.7697177e-08)
(0.011720887 0 -4.5725235e-08)
(0.011720893 0 -3.5873103e-08)
(0.011720898 0 -2.7801515e-08)
(0.011720902 0 -2.1221397e-08)
(0.011720906 0 -1.5886552e-08)
(0.011720909 0 -1.158777e-08)
(0.011720911 0 -8.1480607e-09)
(0.011720914 0 -5.4185514e-09)
(0.011720915 0 -3.2746087e-09)
(0.011720917 0 -1.6121402e-09)
(0.011720918 0 -3.4407273e-10)
(0.01172092 0 6.0294751e-10)
(0.01172092 0 1.2912049e-09)
(0.011720921 0 1.7736224e-09)
(0.011720922 0 2.0946298e-09)
(0.011720922 0 2.2904622e-09)
(0.011720923 0 2.3895423e-09)
(0.011720923 0 2.4136137e-09)
(0.011720924 0 2.3795595e-09)
(0.011720924 0 2.3013747e-09)
(0.011720924 0 2.1916324e-09)
(0.011720924 0 2.0618326e-09)
(0.011720924 0 1.9217846e-09)
(0.011720924 0 1.778846e-09)
(0.011720924 0 1.637656e-09)
(0.011720925 0 1.5006365e-09)
(0.011720925 0 1.3690468e-09)
(0.011720925 0 1.2438528e-09)
(0.011720925 0 1.1260118e-09)
(0.011720925 0 1.01639e-09)
(0.011720925 0 9.155813e-10)
(0.011720925 0 8.238885e-10)
(0.011720925 0 7.414996e-10)
(0.011720925 0 6.684679e-10)
(0.011720925 0 6.044067e-10)
(0.011720925 0 5.4827661e-10)
(0.011720925 0 4.9850617e-10)
(0.011720925 0 4.5350524e-10)
(0.011720925 0 4.1233679e-10)
(0.011720925 0 3.7496098e-10)
(0.011720925 0 3.4189829e-10)
(0.011720925 0 3.1371756e-10)
(0.011720925 0 2.9064961e-10)
(0.011720925 0 2.7250252e-10)
(0.011720925 0 2.5887682e-10)
(0.011720925 0 2.4936814e-10)
(0.011720925 0 2.4366484e-10)
(0.011720925 0 2.4161602e-10)
(0.011720925 0 2.4306128e-10)
(0.011720925 0 2.4743429e-10)
(0.011720925 0 2.5358651e-10)
(0.011720925 0 2.6013963e-10)
(0.011720925 0 2.6628983e-10)
(0.011720925 0 2.7239251e-10)
(0.011720925 0 2.7945472e-10)
(0.011720925 0 2.8787589e-10)
(0.011720925 0 2.9690444e-10)
(0.011720925 0 3.0549278e-10)
(0.011720925 0 3.1359856e-10)
(0.011720925 0 3.2236245e-10)
(0.011720925 0 3.3290361e-10)
(0.011720925 0 3.4556103e-10)
(0.011720925 0 3.6095767e-10)
(0.011720925 0 3.8123997e-10)
(0.011720925 0 4.0900575e-10)
(0.011720925 0 4.4461713e-10)
(0.011720925 0 4.8554497e-10)
(0.011720925 0 5.2952198e-10)
(0.011720925 0 5.7797098e-10)
(0.011720925 0 6.3495302e-10)
(0.011720925 0 7.0302511e-10)
(0.011720924 0 7.8217511e-10)
(0.011720924 0 8.7327323e-10)
(0.011720924 0 9.8012321e-10)
(0.011720924 0 1.1061431e-09)
(0.011720924 0 1.2507333e-09)
(0.011720924 0 1.4118946e-09)
(0.011720924 0 1.5915899e-09)
(0.011720924 0 1.7950827e-09)
(0.011720924 0 2.0255516e-09)
(0.011720924 0 2.2837469e-09)
(0.011720924 0 2.5733041e-09)
(0.011720924 0 2.9017464e-09)
(0.011720924 0 3.2753176e-09)
(0.011720924 0 3.6976909e-09)
(0.011720924 0 4.1748073e-09)
(0.011720924 0 4.7154672e-09)
(0.011720924 0 5.3263951e-09)
(0.011720924 0 6.0132968e-09)
(0.011720924 0 6.7868962e-09)
(0.011720924 0 7.6608502e-09)
(0.011720923 0 8.6460221e-09)
(0.011720923 0 9.7547858e-09)
(0.011720923 0 1.100613e-08)
(0.011720923 0 1.2420247e-08)
(0.011720923 0 1.4016834e-08)
(0.011720923 0 1.5820895e-08)
(0.011720922 0 1.7860368e-08)
(0.011720922 0 2.0163901e-08)
(0.011720922 0 2.2765517e-08)
(0.011720922 0 2.5702331e-08)
(0.011720921 0 2.901742e-08)
(0.011720921 0 3.2763207e-08)
(0.011720921 0 3.6993171e-08)
(0.011720921 0 4.1770001e-08)
(0.011720921 0 4.7166924e-08)
(0.011720921 0 5.3261788e-08)
(0.011720921 0 6.0141474e-08)
(0.011720921 0 6.7904162e-08)
(0.011720922 0 7.6658564e-08)
(0.011720922 0 8.6521708e-08)
(0.011720924 0 9.7613426e-08)
(0.011720926 0 1.1005713e-07)
(0.011720929 0 1.2396671e-07)
(0.011720934 0 1.3943272e-07)
(0.01172094 0 1.5650371e-07)
(0.011720949 0 1.7513443e-07)
(0.011720961 0 1.9519631e-07)
(0.011720977 0 2.1608919e-07)
(0.011720997 0 2.3793522e-07)
(0.011721036 0 2.5520492e-07)
(0.010002499 0 -0.00013058557)
(0.010050888 0 -0.00039229773)
(0.010147271 0 -0.00066197698)
(0.010295191 0 -0.00094778823)
(0.010494811 0 -0.0012561701)
(0.010748245 0 -0.0015912264)
(0.011059839 0 -0.0019543298)
(0.011435874 0 -0.0023435061)
(0.011884259 0 -0.0027525229)
(0.012414143 0 -0.0031699286)
(0.01303365 0 -0.0035769675)
(0.013747734 0 -0.0039476131)
(0.014550859 0 -0.0042411126)
(0.015412617 0 -0.0044056249)
(0.016275519 0 -0.0043962845)
(0.017070546 0 -0.0041910998)
(0.017736657 0 -0.0037969279)
(0.018237252 0 -0.0032498031)
(0.018566358 0 -0.0026002144)
(0.018742052 0 -0.0018976317)
(0.01879538 0 -0.0011846385)
(0.01876142 0 -0.00049168863)
(0.018671171 0 0.00016374565)
(0.018546672 0 0.00077275532)
(0.018401472 0 0.0013314565)
(0.018242552 0 0.0018376608)
(0.018072773 0 0.0022894727)
(0.017893136 0 0.0026849755)
(0.017704249 0 0.0030225458)
(0.017506944 0 0.0033012905)
(0.017302382 0 0.0035212984)
(0.017091953 0 0.0036837018)
(0.016877157 0 0.0037906298)
(0.01665947 0 0.0038451052)
(0.016440249 0 0.0038509043)
(0.016220675 0 0.0038123986)
(0.016001739 0 0.0037343961)
(0.015784261 0 0.003621992)
(0.015568929 0 0.0034804323)
(0.015356337 0 0.0033149905)
(0.015147024 0 0.0031308544)
(0.014941505 0 0.002933025)
(0.014740288 0 0.0027262239)
(0.014543882 0 0.0025148126)
(0.0143528 0 0.0023027231)
(0.014167556 0 0.0020934044)
(0.013988654 0 0.0018897855)
(0.013816586 0 0.0016942583)
(0.013651817 0 0.0015086816)
(0.013494778 0 0.0013344052)
(0.013345852 0 0.0011723112)
(0.013205367 0 0.0010228711)
(0.013073584 0 0.00088620864)
(0.012950686 0 0.0007621679)
(0.01283677 0 0.00065037721)
(0.012731846 0 0.00055030769)
(0.012635828 0 0.00046132263)
(0.012548542 0 0.00038271739)
(0.012469727 0 0.00031375017)
(0.012399042 0 0.00025366477)
(0.012336081 0 0.00020170697)
(0.012280382 0 0.00015713631)
(0.012231443 0 0.00011923455)
(0.012188735 0 8.7311832e-05)
(0.012151714 0 6.0711304e-05)
(0.012119837 0 3.8812748e-05)
(0.012092569 0 2.1035246e-05)
(0.012069395 0 6.8393164e-06)
(0.012049828 0 -4.2721349e-06)
(0.012033412 0 -1.2752895e-05)
(0.012019725 0 -1.9013568e-05)
(0.012008385 0 -2.3425063e-05)
(0.01199905 0 -2.6312957e-05)
(0.011991414 0 -2.7965663e-05)
(0.011985206 0 -2.8634231e-05)
(0.011980193 0 -2.8534764e-05)
(0.011976171 0 -2.7851165e-05)
(0.011972968 0 -2.6738028e-05)
(0.011970436 0 -2.5323571e-05)
(0.011968451 0 -2.3712577e-05)
(0.011966909 0 -2.1989276e-05)
(0.011965724 0 -2.0220097e-05)
(0.011964824 0 -1.8456262e-05)
(0.011964151 0 -1.6736188e-05)
(0.011963657 0 -1.5087658e-05)
(0.011963304 0 -1.3529762e-05)
(0.011963059 0 -1.2074597e-05)
(0.011962899 0 -1.0728734e-05)
(0.011962803 0 -9.494466e-06)
(0.011962754 0 -8.3708539e-06)
(0.011962742 0 -7.3545884e-06)
(0.011962754 0 -6.4406943e-06)
(0.011962785 0 -5.6230923e-06)
(0.011962828 0 -4.8950398e-06)
(0.011962879 0 -4.2494723e-06)
(0.011962934 0 -3.6792643e-06)
(0.01196299 0 -3.177422e-06)
(0.011963047 0 -2.7372208e-06)
(0.011963102 0 -2.3522952e-06)
(0.011963154 0 -2.016695e-06)
(0.011963203 0 -1.7249155e-06)
(0.011963249 0 -1.4719088e-06)
(0.011963292 0 -1.2530824e-06)
(0.011963331 0 -1.0642855e-06)
(0.011963366 0 -9.0178804e-07)
(0.011963398 0 -7.6225516e-07)
(0.011963427 0 -6.4271829e-07)
(0.011963453 0 -5.4054535e-07)
(0.011963477 0 -4.5341105e-07)
(0.011963497 0 -3.7926839e-07)
(0.011963515 0 -3.1632202e-07)
(0.011963532 0 -2.6300297e-07)
(0.011963546 0 -2.1794429e-07)
(0.011963558 0 -1.7995762e-07)
(0.011963569 0 -1.4801146e-07)
(0.011963579 0 -1.2121227e-07)
(0.011963588 0 -9.8788393e-08)
(0.011963595 0 -8.0076344e-08)
(0.011963601 0 -6.4507891e-08)
(0.011963607 0 -5.1597529e-08)
(0.011963612 0 -4.0930517e-08)
(0.011963616 0 -3.2152166e-08)
(0.01196362 0 -2.4959093e-08)
(0.011963623 0 -1.9092438e-08)
(0.011963625 0 -1.4332356e-08)
(0.011963628 0 -1.0493196e-08)
(0.01196363 0 -7.4189182e-09)
(0.011963632 0 -4.9785539e-09)
(0.011963633 0 -3.061957e-09)
(0.011963634 0 -1.5760974e-09)
(0.011963635 0 -4.4198036e-10)
(0.011963636 0 4.0756392e-10)
(0.011963637 0 1.0292221e-09)
(0.011963638 0 1.4700287e-09)
(0.011963638 0 1.7680323e-09)
(0.011963639 0 1.9532735e-09)
(0.011963639 0 2.049419e-09)
(0.01196364 0 2.0757177e-09)
(0.01196364 0 2.0486778e-09)
(0.01196364 0 1.9830008e-09)
(0.01196364 0 1.8915135e-09)
(0.011963641 0 1.7845101e-09)
(0.011963641 0 1.6693428e-09)
(0.011963641 0 1.5506765e-09)
(0.011963641 0 1.4313602e-09)
(0.011963641 0 1.3135101e-09)
(0.011963641 0 1.1991279e-09)
(0.011963641 0 1.0900708e-09)
(0.011963641 0 9.8779007e-10)
(0.011963641 0 8.9316947e-10)
(0.011963641 0 8.0662393e-10)
(0.011963641 0 7.2837002e-10)
(0.011963641 0 6.5846267e-10)
(0.011963641 0 5.965506e-10)
(0.011963641 0 5.4174737e-10)
(0.011963641 0 4.9280576e-10)
(0.011963641 0 4.4855837e-10)
(0.011963641 0 4.0838973e-10)
(0.011963641 0 3.7230073e-10)
(0.011963641 0 3.4056067e-10)
(0.011963641 0 3.1336759e-10)
(0.011963641 0 2.906893e-10)
(0.011963641 0 2.7229479e-10)
(0.011963641 0 2.5793698e-10)
(0.011963641 0 2.4747012e-10)
(0.011963641 0 2.4086737e-10)
(0.011963641 0 2.3818556e-10)
(0.011963641 0 2.3927372e-10)
(0.011963641 0 2.4334967e-10)
(0.011963641 0 2.4901713e-10)
(0.011963641 0 2.5493736e-10)
(0.011963641 0 2.6072159e-10)
(0.011963641 0 2.6716296e-10)
(0.011963641 0 2.7525344e-10)
(0.011963641 0 2.8489912e-10)
(0.011963641 0 2.949191e-10)
(0.011963641 0 3.0439307e-10)
(0.011963642 0 3.1373827e-10)
(0.011963642 0 3.2419615e-10)
(0.011963642 0 3.3644555e-10)
(0.011963642 0 3.5049346e-10)
(0.011963641 0 3.6725485e-10)
(0.011963641 0 3.8922251e-10)
(0.011963641 0 4.1842124e-10)
(0.011963642 0 4.5400977e-10)
(0.011963642 0 4.9326018e-10)
(0.011963641 0 5.354712e-10)
(0.011963641 0 5.8378091e-10)
(0.011963641 0 6.4204428e-10)
(0.011963641 0 7.11168e-10)
(0.011963641 0 7.9048943e-10)
(0.011963641 0 8.8188031e-10)
(0.011963641 0 9.8958753e-10)
(0.011963641 0 1.1156607e-09)
(0.011963642 0 1.2585838e-09)
(0.011963642 0 1.4180193e-09)
(0.011963642 0 1.5980438e-09)
(0.011963642 0 1.803257e-09)
(0.011963642 0 2.0347402e-09)
(0.011963642 0 2.2934456e-09)
(0.011963642 0 2.5848181e-09)
(0.011963642 0 2.9159798e-09)
(0.011963642 0 3.2911851e-09)
(0.011963642 0 3.7145557e-09)
(0.011963642 0 4.1940324e-09)
(0.011963642 0 4.7376936e-09)
(0.011963642 0 5.3503118e-09)
(0.011963642 0 6.0388003e-09)
(0.011963642 0 6.8156599e-09)
(0.011963642 0 7.6924792e-09)
(0.011963642 0 8.6781413e-09)
(0.011963642 0 9.7872752e-09)
(0.011963642 0 1.1040179e-08)
(0.011963642 0 1.2454102e-08)
(0.011963642 0 1.404764e-08)
(0.011963642 0 1.5847894e-08)
(0.011963642 0 1.7880765e-08)
(0.011963643 0 2.0170539e-08)
(0.011963643 0 2.2752353e-08)
(0.011963643 0 2.566281e-08)
(0.011963644 0 2.8939491e-08)
(0.011963644 0 3.2633984e-08)
(0.011963644 0 3.6794299e-08)
(0.011963645 0 4.1472782e-08)
(0.011963646 0 4.6737087e-08)
(0.011963647 0 5.2652478e-08)
(0.011963648 0 5.9292516e-08)
(0.01196365 0 6.6736715e-08)
(0.011963652 0 7.5069593e-08)
(0.011963654 0 8.4376491e-08)
(0.011963658 0 9.4733461e-08)
(0.011963662 0 1.0620986e-07)
(0.011963667 0 1.1885422e-07)
(0.011963674 0 1.3267505e-07)
(0.011963683 0 1.4762316e-07)
(0.011963694 0 1.6354352e-07)
(0.011963708 0 1.8015242e-07)
(0.011963725 0 1.9685128e-07)
(0.011963746 0 2.1308448e-07)
(0.011963785 0 2.2661999e-07)
(0.010002185 0 -0.0001531811)
(0.010043135 0 -0.00046022426)
(0.010124618 0 -0.00077603446)
(0.010250564 0 -0.0011097441)
(0.010422952 0 -0.0014691386)
(0.010646234 0 -0.0018601088)
(0.010927651 0 -0.0022861619)
(0.011277191 0 -0.0027475595)
(0.011707415 0 -0.0032399056)
(0.012233435 0 -0.0037524138)
(0.012869298 0 -0.0042635575)
(0.013625802 0 -0.0047402269)
(0.014493964 0 -0.0051166943)
(0.015416545 0 -0.005306664)
(0.016295046 0 -0.0052445311)
(0.017028385 0 -0.0049115782)
(0.01754585 0 -0.0043381308)
(0.017827678 0 -0.0035971944)
(0.017901625 0 -0.002770622)
(0.017823806 0 -0.0019263844)
(0.017656597 0 -0.0011158255)
(0.017454909 0 -0.00036605718)
(0.01725683 0 0.00031590154)
(0.017080685 0 0.00093371614)
(0.016930413 0 0.0014932733)
(0.016801167 0 0.0019986452)
(0.016684797 0 0.0024509805)
(0.016573433 0 0.0028490451)
(0.016461287 0 0.0031906845)
(0.016344945 0 0.0034741444)
(0.016222884 0 0.0036987443)
(0.016094882 0 0.0038650756)
(0.01596152 0 0.0039749711)
(0.015823779 0 0.0040313682)
(0.015682742 0 0.0040381075)
(0.015539396 0 0.0039997063)
(0.015394543 0 0.0039211417)
(0.015248784 0 0.0038076616)
(0.015102546 0 0.0036646265)
(0.014956133 0 0.0034973784)
(0.014809782 0 0.0033111308)
(0.014663715 0 0.0031108757)
(0.014518182 0 0.0029013024)
(0.014373486 0 0.0026867276)
(0.014230004 0 0.0024710358)
(0.014088185 0 0.0022576325)
(0.013948549 0 0.0020494135)
(0.013811674 0 0.001848751)
(0.013678173 0 0.0016575007)
(0.013548679 0 0.0014770268)
(0.013423816 0 0.001308245)
(0.013304177 0 0.0011516779)
(0.0131903 0 0.0010075174)
(0.013082647 0 0.00087568946)
(0.012981593 0 0.00075591528)
(0.012887409 0 0.0006477654)
(0.012800258 0 0.00055070476)
(0.012720198 0 0.00046412831)
(0.01264718 0 0.00038738767)
(0.012581058 0 0.00031981056)
(0.012521604 0 0.00026071458)
(0.012468514 0 0.00020941733)
(0.01242143 0 0.00016524406)
(0.012379949 0 0.00012753386)
(0.012343641 0 9.5645071e-05)
(0.01231206 0 6.8960126e-05)
(0.012284758 0 4.6889889e-05)
(0.012261294 0 2.887742e-05)
(0.012241243 0 1.4401109e-05)
(0.012224203 0 2.9773073e-06)
(0.012209794 0 -5.8388015e-06)
(0.012197672 0 -1.244803e-05)
(0.012187524 0 -1.7216523e-05)
(0.012179067 0 -2.0467478e-05)
(0.012172049 0 -2.2485403e-05)
(0.012166249 0 -2.3518163e-05)
(0.012161475 0 -2.3779101e-05)
(0.012157561 0 -2.3449591e-05)
(0.012154363 0 -2.2681865e-05)
(0.01215176 0 -2.1601955e-05)
(0.012149649 0 -2.0312668e-05)
(0.012147943 0 -1.889652e-05)
(0.01214657 0 -1.7418529e-05)
(0.012145469 0 -1.5928848e-05)
(0.01214459 0 -1.4465164e-05)
(0.012143892 0 -1.3054867e-05)
(0.01214334 0 -1.1716966e-05)
(0.012142906 0 -1.0463763e-05)
(0.012142568 0 -9.3022725e-06)
(0.012142306 0 -8.2354337e-06)
(0.012142105 0 -7.2631089e-06)
(0.012141954 0 -6.382907e-06)
(0.01214184 0 -5.5908468e-06)
(0.012141758 0 -4.8818843e-06)
(0.012141699 0 -4.2503275e-06)
(0.012141659 0 -3.6901561e-06)
(0.012141633 0 -3.1952636e-06)
(0.012141618 0 -2.7596339e-06)
(0.012141612 0 -2.377465e-06)
(0.012141612 0 -2.0432528e-06)
(0.012141616 0 -1.7518445e-06)
(0.012141623 0 -1.4984691e-06)
(0.012141632 0 -1.2787502e-06)
(0.012141643 0 -1.0887051e-06)
(0.012141654 0 -9.2473324e-07)
(0.012141666 0 -7.8359828e-07)
(0.012141678 0 -6.6240529e-07)
(0.012141689 0 -5.5857605e-07)
(0.0121417 0 -4.6982379e-07)
(0.01214171 0 -3.9412864e-07)
(0.012141719 0 -3.2971378e-07)
(0.012141728 0 -2.7502208e-07)
(0.012141736 0 -2.2869275e-07)
(0.012141744 0 -1.8953887e-07)
(0.01214175 0 -1.5652709e-07)
(0.012141756 0 -1.2876008e-07)
(0.012141762 0 -1.0546171e-07)
(0.012141767 0 -8.5963623e-08)
(0.012141771 0 -6.9692206e-08)
(0.012141775 0 -5.6155695e-08)
(0.012141779 0 -4.4932273e-08)
(0.012141782 0 -3.5659892e-08)
(0.012141785 0 -2.802829e-08)
(0.012141787 0 -2.1772758e-08)
(0.012141789 0 -1.6668731e-08)
(0.012141791 0 -1.2526598e-08)
(0.012141793 0 -9.1865746e-09)
(0.012141794 0 -6.5137638e-09)
(0.012141796 0 -4.3938531e-09)
(0.012141797 0 -2.7296888e-09)
(0.012141798 0 -1.4386463e-09)
(0.012141799 0 -4.5077651e-10)
(0.012141799 0 2.9246653e-10)
(0.0121418 0 8.3931325e-10)
(0.012141801 0 1.2288231e-09)
(0.012141801 0 1.4923243e-09)
(0.012141802 0 1.6552487e-09)
(0.012141802 0 1.7389359e-09)
(0.012141802 0 1.7618901e-09)
(0.012141803 0 1.7402661e-09)
(0.012141803 0 1.6876009e-09)
(0.012141803 0 1.6143166e-09)
(0.012141803 0 1.5277143e-09)
(0.012141803 0 1.4326372e-09)
(0.012141803 0 1.3325209e-09)
(0.012141804 0 1.2303525e-09)
(0.012141804 0 1.1290157e-09)
(0.012141804 0 1.0310412e-09)
(0.012141804 0 9.3828637e-10)
(0.012141804 0 8.5185266e-10)
(0.012141804 0 7.7227897e-10)
(0.012141804 0 6.9984097e-10)
(0.012141804 0 6.3460117e-10)
(0.012141804 0 5.7623059e-10)
(0.012141804 0 5.239846e-10)
(0.012141804 0 4.7693633e-10)
(0.012141804 0 4.3433394e-10)
(0.012141804 0 3.9587037e-10)
(0.012141804 0 3.6159413e-10)
(0.012141804 0 3.3158295e-10)
(0.012141804 0 3.0576641e-10)
(0.012141804 0 2.8393757e-10)
(0.012141804 0 2.6584595e-10)
(0.012141804 0 2.5134081e-10)
(0.012141804 0 2.40444e-10)
(0.012141804 0 2.3332739e-10)
(0.012141804 0 2.3018279e-10)
(0.012141804 0 2.3082646e-10)
(0.012141804 0 2.3431127e-10)
(0.012141804 0 2.3917941e-10)
(0.012141804 0 2.4436773e-10)
(0.012141804 0 2.499824e-10)
(0.012141804 0 2.5704295e-10)
(0.012141804 0 2.6616332e-10)
(0.012141804 0 2.7657375e-10)
(0.012141804 0 2.8682736e-10)
(0.012141804 0 2.9643128e-10)
(0.012141804 0 3.0637098e-10)
(0.012141804 0 3.1788832e-10)
(0.012141804 0 3.3121629e-10)
(0.012141804 0 3.4624416e-10)
(0.012141804 0 3.642686e-10)
(0.012141804 0 3.8777386e-10)
(0.012141804 0 4.1776153e-10)
(0.012141804 0 4.5233825e-10)
(0.012141804 0 4.89292e-10)
(0.012141804 0 5.2977024e-10)
(0.012141804 0 5.7785471e-10)
(0.012141804 0 6.3623186e-10)
(0.012141804 0 7.0429143e-10)
(0.012141804 0 7.8169099e-10)
(0.012141804 0 8.7160066e-10)
(0.012141804 0 9.780052e-10)
(0.012141804 0 1.1013479e-09)
(0.012141804 0 1.2400718e-09)
(0.012141804 0 1.3958265e-09)
(0.012141805 0 1.573408e-09)
(0.012141805 0 1.7754896e-09)
(0.012141805 0 2.0019267e-09)
(0.012141805 0 2.2552845e-09)
(0.012141805 0 2.5422668e-09)
(0.012141805 0 2.8684351e-09)
(0.012141805 0 3.2368779e-09)
(0.012141805 0 3.6532892e-09)
(0.012141805 0 4.1262206e-09)
(0.012141805 0 4.6614033e-09)
(0.012141805 0 5.2627501e-09)
(0.012141805 0 5.9390824e-09)
(0.012141806 0 6.7024527e-09)
(0.012141806 0 7.5618169e-09)
(0.012141806 0 8.5267527e-09)
(0.012141806 0 9.6138258e-09)
(0.012141807 0 1.0841756e-08)
(0.012141807 0 1.2226148e-08)
(0.012141807 0 1.378544e-08)
(0.012141808 0 1.5544569e-08)
(0.012141808 0 1.7527456e-08)
(0.012141809 0 1.9757241e-08)
(0.012141809 0 2.226666e-08)
(0.01214181 0 2.5091103e-08)
(0.012141811 0 2.8264743e-08)
(0.012141812 0 3.1832676e-08)
(0.012141813 0 3.5837645e-08)
(0.012141815 0 4.032459e-08)
(0.012141816 0 4.535219e-08)
(0.012141818 0 5.0974144e-08)
(0.012141821 0 5.7254629e-08)
(0.012141823 0 6.4251131e-08)
(0.012141827 0 7.2025931e-08)
(0.012141831 0 8.0634065e-08)
(0.012141835 0 9.0116328e-08)
(0.012141841 0 1.0050215e-07)
(0.012141848 0 1.117908e-07)
(0.012141857 0 1.2393649e-07)
(0.012141867 0 1.3682667e-07)
(0.01214188 0 1.5024795e-07)
(0.012141895 0 1.6384342e-07)
(0.012141913 0 1.7709334e-07)
(0.012141933 0 1.890786e-07)
(0.012141969 0 1.9959476e-07)
(0.010001795 0 -0.00017178486)
(0.01003407 0 -0.00051599117)
(0.010098163 0 -0.0008701298)
(0.010197988 0 -0.0012449631)
(0.010336851 0 -0.001650252)
(0.010521004 0 -0.0020943614)
(0.010760139 0 -0.0025838116)
(0.011067816 0 -0.0031222728)
(0.011461577 0 -0.0037086279)
(0.011963714 0 -0.0043340597)
(0.012594962 0 -0.0049736816)
(0.013373227 0 -0.0055831133)
(0.014275227 0 -0.0060468966)
(0.015187855 0 -0.0062218544)
(0.015949183 0 -0.0060248603)
(0.016429071 0 -0.0054627251)
(0.016573964 0 -0.0046185523)
(0.016423616 0 -0.0036306428)
(0.016072096 0 -0.0026195861)
(0.015636279 0 -0.0016665985)
(0.01521658 0 -0.00082273282)
(0.014876841 0 -9.4608112e-05)
(0.014643724 0 0.00053823478)
(0.014513095 0 0.0011013262)
(0.0144632 0 0.0016138333)
(0.014466778 0 0.0020858261)
(0.014498525 0 0.0025190222)
(0.01453893 0 0.0029094813)
(0.014575449 0 0.0032513601)
(0.014601389 0 0.0035396137)
(0.014613986 0 0.003771091)
(0.014612868 0 0.0039447259)
(0.014599011 0 0.0040613805)
(0.014574019 0 0.0041235523)
(0.014539617 0 0.004135001)
(0.014497352 0 0.004100366)
(0.014448463 0 0.004024833)
(0.014393856 0 0.0039138671)
(0.01433415 0 0.0037730084)
(0.014269743 0 0.0036077188)
(0.014200896 0 0.0034232674)
(0.014127817 0 0.0032246429)
(0.014050724 0 0.0030164857)
(0.013969898 0 0.0028030321)
(0.013885712 0 0.0025880694)
(0.013798651 0 0.0023749032)
(0.013709313 0 0.0021663372)
(0.013618391 0 0.0019646693)
(0.013526657 0 0.0017717043)
(0.01343493 0 0.0015887837)
(0.013344047 0 0.0014168296)
(0.013254828 0 0.0012563998)
(0.013168045 0 0.0011077474)
(0.013084402 0 0.00097088105)
(0.013004505 0 0.00084562091)
(0.012928856 0 0.00073164681)
(0.012857842 0 0.00062853746)
(0.012791731 0 0.00053580061)
(0.012730682 0 0.00045289502)
(0.012674745 0 0.00037924599)
(0.012623877 0 0.00031425652)
(0.012577953 0 0.00025731567)
(0.01253678 0 0.00020780538)
(0.012500113 0 0.00016510677)
(0.012467666 0 0.00012860618)
(0.012439127 0 9.7701213e-05)
(0.01241417 0 7.1806586e-05)
(0.012392464 0 5.0359664e-05)
(0.012373681 0 3.2825441e-05)
(0.012357505 0 1.8700576e-05)
(0.012343639 0 7.5166885e-06)
(0.0123318 0 -1.153479e-06)
(0.012321729 0 -7.7038612e-06)
(0.012313192 0 -1.2486089e-05)
(0.012305978 0 -1.5812525e-05)
(0.012299901 0 -1.7957597e-05)
(0.012294793 0 -1.9159551e-05)
(0.01229051 0 -1.9622688e-05)
(0.012286926 0 -1.9520018e-05)
(0.012283933 0 -1.8996137e-05)
(0.012281437 0 -1.8170252e-05)
(0.01227936 0 -1.7139209e-05)
(0.012277633 0 -1.5980441e-05)
(0.012276201 0 -1.4754764e-05)
(0.012275013 0 -1.3508955e-05)
(0.012274031 0 -1.2278112e-05)
(0.012273219 0 -1.1087743e-05)
(0.01227255 0 -9.9556061e-06)
(0.012271999 0 -8.893282e-06)
(0.012271547 0 -7.9075168e-06)
(0.012271175 0 -7.0013398e-06)
(0.012270872 0 -6.1749897e-06)
(0.012270625 0 -5.426665e-06)
(0.012270423 0 -4.7531274e-06)
(0.012270261 0 -4.1501786e-06)
(0.012270129 0 -3.6130331e-06)
(0.012270023 0 -3.1366035e-06)
(0.012269939 0 -2.7157129e-06)
(0.012269872 0 -2.3452499e-06)
(0.012269819 0 -2.0202781e-06)
(0.012269778 0 -1.7361114e-06)
(0.012269746 0 -1.4883623e-06)
(0.012269721 0 -1.2729697e-06)
(0.012269703 0 -1.0862088e-06)
(0.012269689 0 -9.2469022e-07)
(0.012269679 0 -7.8534893e-07)
(0.012269673 0 -6.6542885e-07)
(0.012269668 0 -5.6246387e-07)
(0.012269666 0 -4.7425801e-07)
(0.012269665 0 -3.9886514e-07)
(0.012269665 0 -3.3456826e-07)
(0.012269666 0 -2.7985814e-07)
(0.012269667 0 -2.3341156e-07)
(0.012269669 0 -1.9407064e-07)
(0.01226967 0 -1.6082452e-07)
(0.012269673 0 -1.3279367e-07)
(0.012269675 0 -1.0921617e-07)
(0.012269677 0 -8.9434721e-08)
(0.012269679 0 -7.2883569e-08)
(0.012269681 0 -5.9075881e-08)
(0.012269683 0 -4.759253e-08)
(0.012269685 0 -3.8072969e-08)
(0.012269686 0 -3.0208142e-08)
(0.012269688 0 -2.3734629e-08)
(0.01226969 0 -1.8429044e-08)
(0.012269691 0 -1.4102382e-08)
(0.012269692 0 -1.0594528e-08)
(0.012269693 0 -7.7693566e-09)
(0.012269694 0 -5.5108333e-09)
(0.012269695 0 -3.7201458e-09)
(0.012269696 0 -2.3135289e-09)
(0.012269697 0 -1.2205496e-09)
(0.012269697 0 -3.8263405e-10)
(0.012269698 0 2.4841798e-10)
(0.012269699 0 7.1198467e-10)
(0.012269699 0 1.0402815e-09)
(0.012269699 0 1.2601089e-09)
(0.0122697 0 1.394315e-09)
(0.0122697 0 1.4626346e-09)
(0.0122697 0 1.4818849e-09)
(0.012269701 0 1.4657035e-09)
(0.012269701 0 1.4243368e-09)
(0.012269701 0 1.3650149e-09)
(0.012269701 0 1.2928753e-09)
(0.012269701 0 1.2120188e-09)
(0.012269701 0 1.1262469e-09)
(0.012269701 0 1.039145e-09)
(0.012269702 0 9.5369923e-10)
(0.012269702 0 8.7199593e-10)
(0.012269702 0 7.9524091e-10)
(0.012269702 0 7.240253e-10)
(0.012269702 0 6.5863053e-10)
(0.012269702 0 5.9909855e-10)
(0.012269702 0 5.4514449e-10)
(0.012269702 0 4.962347e-10)
(0.012269702 0 4.5183274e-10)
(0.012269702 0 4.1162103e-10)
(0.012269702 0 3.7555756e-10)
(0.012269702 0 3.4367901e-10)
(0.012269702 0 3.1585663e-10)
(0.012269702 0 2.9179538e-10)
(0.012269702 0 2.7117704e-10)
(0.012269702 0 2.5377144e-10)
(0.012269702 0 2.3952883e-10)
(0.012269702 0 2.2861733e-10)
(0.012269702 0 2.2135966e-10)
(0.012269702 0 2.1800241e-10)
(0.012269702 0 2.1825729e-10)
(0.012269702 0 2.2103902e-10)
(0.012269702 0 2.2498672e-10)
(0.012269702 0 2.2948121e-10)
(0.012269702 0 2.3510405e-10)
(0.012269702 0 2.428498e-10)
(0.012269702 0 2.5269978e-10)
(0.012269702 0 2.6323858e-10)
(0.012269702 0 2.7305602e-10)
(0.012269702 0 2.8232153e-10)
(0.012269702 0 2.925063e-10)
(0.012269702 0 3.0463669e-10)
(0.012269702 0 3.1851327e-10)
(0.012269702 0 3.3412604e-10)
(0.012269702 0 3.5314297e-10)
(0.012269702 0 3.776582e-10)
(0.012269702 0 4.0744128e-10)
(0.012269702 0 4.4000591e-10)
(0.012269702 0 4.7429275e-10)
(0.012269702 0 5.1310848e-10)
(0.012269703 0 5.6048183e-10)
(0.012269703 0 6.1742923e-10)
(0.012269703 0 6.825642e-10)
(0.012269703 0 7.567405e-10)
(0.012269703 0 8.4408268e-10)
(0.012269703 0 9.473839e-10)
(0.012269703 0 1.065576e-09)
(0.012269703 0 1.1978572e-09)
(0.012269703 0 1.3475082e-09)
(0.012269703 0 1.5186905e-09)
(0.012269703 0 1.7121897e-09)
(0.012269703 0 1.9283741e-09)
(0.012269703 0 2.1720338e-09)
(0.012269703 0 2.4496828e-09)
(0.012269703 0 2.7646476e-09)
(0.012269703 0 3.1199217e-09)
(0.012269704 0 3.5225366e-09)
(0.012269704 0 3.9795682e-09)
(0.012269704 0 4.4942623e-09)
(0.012269704 0 5.0716565e-09)
(0.012269705 0 5.7222121e-09)
(0.012269705 0 6.4556823e-09)
(0.012269705 0 7.2796457e-09)
(0.012269705 0 8.2063894e-09)
(0.012269706 0 9.2520992e-09)
(0.012269706 0 1.0431366e-08)
(0.012269707 0 1.1759884e-08)
(0.012269708 0 1.3255996e-08)
(0.012269708 0 1.4939285e-08)
(0.012269709 0 1.6833295e-08)
(0.01226971 0 1.8962404e-08)
(0.012269711 0 2.1353082e-08)
(0.012269712 0 2.4039243e-08)
(0.012269713 0 2.7052718e-08)
(0.012269715 0 3.0427893e-08)
(0.012269717 0 3.4204938e-08)
(0.012269719 0 3.8423871e-08)
(0.012269721 0 4.313228e-08)
(0.012269724 0 4.8376554e-08)
(0.012269727 0 5.4203395e-08)
(0.012269731 0 6.0656511e-08)
(0.012269735 0 6.7774539e-08)
(0.012269741 0 7.5590778e-08)
(0.012269747 0 8.4120149e-08)
(0.012269754 0 9.3365294e-08)
(0.012269762 0 1.0329154e-07)
(0.012269772 0 1.1381816e-07)
(0.012269783 0 1.2479886e-07)
(0.012269796 0 1.3600355e-07)
(0.012269812 0 1.4706608e-07)
(0.01226983 0 1.5757316e-07)
(0.01226985 0 1.6650018e-07)
(0.012269883 0 1.7471239e-07)
(0.010001293 0 -0.00018557609)
(0.010023005 0 -0.0005571486)
(0.010065929 0 -0.00093997152)
(0.010133518 0 -0.0013468679)
(0.010229865 0 -0.0017900621)
(0.010362294 0 -0.0022810512)
(0.010542152 0 -0.0028303737)
(0.010785898 0 -0.003446648)
(0.011115727 0 -0.0041341878)
(0.011561645 0 -0.0048882393)
(0.012149707 0 -0.0056797022)
(0.01290377 0 -0.0064434526)
(0.013757353 0 -0.0069633959)
(0.014493511 0 -0.007015)
(0.01487455 0 -0.0065294843)
(0.014773377 0 -0.0055853071)
(0.014215141 0 -0.00436134)
(0.013379297 0 -0.0031044495)
(0.012457614 0 -0.0019764967)
(0.011651268 0 -0.0010463336)
(0.011091479 0 -0.0003334944)
(0.010784356 0 0.00022432189)
(0.010706299 0 0.00069464459)
(0.010804213 0 0.0011283303)
(0.011017176 0 0.001552717)
(0.011290733 0 0.0019749378)
(0.011582445 0 0.0023883924)
(0.011863582 0 0.0027791447)
(0.012118759 0 0.0031328161)
(0.012342306 0 0.0034383912)
(0.012534025 0 0.0036888963)
(0.012696386 0 0.0038809775)
(0.012832952 0 0.0040143105)
(0.01294746 0 0.0040909899)
(0.013043288 0 0.0041148564)
(0.013123203 0 0.0040908701)
(0.013189334 0 0.0040246171)
(0.013243228 0 0.0039219484)
(0.013285957 0 0.0037887219)
(0.013318244 0 0.0036306259)
(0.013340579 0 0.0034530611)
(0.013353338 0 0.0032610616)
(0.013356869 0 0.0030592425)
(0.013351566 0 0.0028517638)
(0.013337913 0 0.0026423051)
(0.013316512 0 0.0024340514)
(0.013288092 0 0.0022296895)
(0.013253492 0 0.0020314171)
(0.013213644 0 0.0018409655)
(0.013169543 0 0.0016596349)
(0.013122206 0 0.0014883412)
(0.013072643 0 0.0013276697)
(0.013021821 0 0.0011779311)
(0.012970635 0 0.0010392168)
(0.012919891 0 0.00091144765)
(0.012870285 0 0.0007944158)
(0.012822403 0 0.00068781736)
(0.012776712 0 0.00059127678)
(0.012733568 0 0.00050436408)
(0.012693222 0 0.00042660686)
(0.012655827 0 0.00035749898)
(0.012621454 0 0.00029650736)
(0.0125901 0 0.00024307824)
(0.012561705 0 0.00019664347)
(0.012536159 0 0.00015662725)
(0.012513317 0 0.00012245309)
(0.01249301 0 9.3551065e-05)
(0.01247505 0 6.9364783e-05)
(0.012459243 0 4.9357903e-05)
(0.012445391 0 3.3019906e-05)
(0.012433302 0 1.9871309e-05)
(0.012422788 0 9.4641628e-06)
(0.012413673 0 1.3917089e-06)
(0.012405794 0 -4.7168415e-06)
(0.012399 0 -9.1933663e-06)
(0.012393155 0 -1.2331295e-05)
(0.012388137 0 -1.4386927e-05)
(0.012383835 0 -1.5581497e-05)
(0.012380154 0 -1.6103612e-05)
(0.012377007 0 -1.611203e-05)
(0.012374321 0 -1.5738647e-05)
(0.012372031 0 -1.5091558e-05)
(0.01237008 0 -1.4258073e-05)
(0.012368421 0 -1.3307609e-05)
(0.012367011 0 -1.2294388e-05)
(0.012365813 0 -1.1259913e-05)
(0.012364798 0 -1.0235187e-05)
(0.012363938 0 -9.242656e-06)
(0.012363211 0 -8.2978975e-06)
(0.012362596 0 -7.4110521e-06)
(0.012362078 0 -6.588031e-06)
(0.012361641 0 -5.831517e-06)
(0.012361274 0 -5.1417803e-06)
(0.012360966 0 -4.5173382e-06)
(0.012360708 0 -3.9554791e-06)
(0.012360492 0 -3.4526766e-06)
(0.012360312 0 -3.004908e-06)
(0.012360162 0 -2.6078967e-06)
(0.012360037 0 -2.2572921e-06)
(0.012359934 0 -1.948801e-06)
(0.012359848 0 -1.6782816e-06)
(0.012359778 0 -1.4418068e-06)
(0.012359721 0 -1.2357045e-06)
(0.012359673 0 -1.0565782e-06)
(0.012359635 0 -9.0131415e-07)
(0.012359604 0 -7.6707865e-07)
(0.012359579 0 -6.5130941e-07)
(0.012359559 0 -5.5170304e-07)
(0.012359543 0 -4.662006e-07)
(0.01235953 0 -3.9297158e-07)
(0.012359521 0 -3.3039604e-07)
(0.012359513 0 -2.7704543e-07)
(0.012359507 0 -2.3166306e-07)
(0.012359503 0 -1.9314582e-07)
(0.0123595 0 -1.6052839e-07)
(0.012359498 0 -1.3296947e-07)
(0.012359496 0 -1.0973912e-07)
(0.012359495 0 -9.0206241e-08)
(0.012359495 0 -7.3825821e-08)
(0.012359495 0 -6.0127147e-08)
(0.012359495 0 -4.8703838e-08)
(0.012359495 0 -3.9206006e-08)
(0.012359496 0 -3.1333971e-08)
(0.012359497 0 -2.4832534e-08)
(0.012359497 0 -1.9485051e-08)
(0.012359498 0 -1.5107439e-08)
(0.012359499 0 -1.154272e-08)
(0.012359499 0 -8.6565985e-09)
(0.0123595 0 -6.3342788e-09)
(0.012359501 0 -4.4782046e-09)
(0.012359501 0 -3.006162e-09)
(0.012359502 0 -1.8494602e-09)
(0.012359502 0 -9.5110685e-10)
(0.012359503 0 -2.6396063e-10)
(0.012359503 0 2.5101925e-10)
(0.012359504 0 6.2637745e-10)
(0.012359504 0 8.8960989e-10)
(0.012359504 0 1.0642275e-09)
(0.012359505 0 1.1702783e-09)
(0.012359505 0 1.2244371e-09)
(0.012359505 0 1.2399028e-09)
(0.012359505 0 1.2265163e-09)
(0.012359505 0 1.1914314e-09)
(0.012359506 0 1.1401436e-09)
(0.012359506 0 1.0774161e-09)
(0.012359506 0 1.0077417e-09)
(0.012359506 0 9.3519499e-10)
(0.012359506 0 8.6298367e-10)
(0.012359506 0 7.9321828e-10)
(0.012359506 0 7.2704517e-10)
(0.012359506 0 6.6498483e-10)
(0.012359506 0 6.0725784e-10)
(0.012359506 0 5.5390242e-10)
(0.012359507 0 5.0478057e-10)
(0.012359507 0 4.5970375e-10)
(0.012359507 0 4.1859904e-10)
(0.012359507 0 3.8153572e-10)
(0.012359507 0 3.4859685e-10)
(0.012359507 0 3.196714e-10)
(0.012359507 0 2.9438185e-10)
(0.012359507 0 2.7227431e-10)
(0.012359507 0 2.5303566e-10)
(0.012359507 0 2.3655543e-10)
(0.012359507 0 2.2293183e-10)
(0.012359507 0 2.1246059e-10)
(0.012359507 0 2.0552489e-10)
(0.012359507 0 2.0228977e-10)
(0.012359507 0 2.0226743e-10)
(0.012359507 0 2.042819e-10)
(0.012359507 0 2.0724603e-10)
(0.012359507 0 2.1111445e-10)
(0.012359507 0 2.1685096e-10)
(0.012359507 0 2.2516734e-10)
(0.012359507 0 2.3528019e-10)
(0.012359507 0 2.4532125e-10)
(0.012359507 0 2.5425482e-10)
(0.012359507 0 2.6300883e-10)
(0.012359507 0 2.732991e-10)
(0.012359507 0 2.8570539e-10)
(0.012359507 0 2.9967991e-10)
(0.012359507 0 3.1549683e-10)
(0.012359507 0 3.350502e-10)
(0.012359507 0 3.5968469e-10)
(0.012359507 0 3.8801189e-10)
(0.012359507 0 4.1762578e-10)
(0.012359507 0 4.4905269e-10)
(0.012359507 0 4.8620107e-10)
(0.012359507 0 5.3213864e-10)
(0.012359507 0 5.8625715e-10)
(0.012359507 0 6.4732288e-10)
(0.012359507 0 7.1765743e-10)
(0.012359507 0 8.0137845e-10)
(0.012359508 0 8.9939652e-10)
(0.012359508 0 1.0098252e-09)
(0.012359508 0 1.1333546e-09)
(0.012359508 0 1.2742078e-09)
(0.012359508 0 1.4351099e-09)
(0.012359508 0 1.6158877e-09)
(0.012359508 0 1.8186452e-09)
(0.012359508 0 2.0494623e-09)
(0.012359508 0 2.3129431e-09)
(0.012359508 0 2.6105387e-09)
(0.012359509 0 2.9462341e-09)
(0.012359509 0 3.3273855e-09)
(0.012359509 0 3.7584454e-09)
(0.012359509 0 4.2416541e-09)
(0.01235951 0 4.7844137e-09)
(0.01235951 0 5.3973624e-09)
(0.01235951 0 6.0873964e-09)
(0.012359511 0 6.8622529e-09)
(0.012359511 0 7.7362441e-09)
(0.012359512 0 8.7227625e-09)
(0.012359513 0 9.8320245e-09)
(0.012359513 0 1.1080157e-08)
(0.012359514 0 1.2485142e-08)
(0.012359515 0 1.4061978e-08)
(0.012359516 0 1.5834109e-08)
(0.012359517 0 1.7826531e-08)
(0.012359519 0 2.0058642e-08)
(0.01235952 0 2.2561349e-08)
(0.012359522 0 2.5364082e-08)
(0.012359524 0 2.8492495e-08)
(0.012359526 0 3.1984099e-08)
(0.012359529 0 3.5874913e-08)
(0.012359532 0 4.0201131e-08)
(0.012359535 0 4.500139e-08)
(0.012359539 0 5.0305837e-08)
(0.012359544 0 5.6144841e-08)
(0.012359549 0 6.2543464e-08)
(0.012359555 0 6.9517558e-08)
(0.012359562 0 7.7066099e-08)
(0.01235957 0 8.5171228e-08)
(0.012359579 0 9.3776023e-08)
(0.01235959 0 1.027833e-07)
(0.012359602 0 1.1203872e-07)
(0.012359616 0 1.2132444e-07)
(0.012359631 0 1.3030596e-07)
(0.012359649 0 1.3867286e-07)
(0.012359669 0 1.4546286e-07)
(0.012359698 0 1.5196883e-07)
(0.010000653 0 -0.00019346767)
(0.010009533 0 -0.00058046099)
(0.010026776 0 -0.00097994752)
(0.010054853 0 -0.001406945)
(0.01009797 0 -0.0018763678)
(0.010163483 0 -0.0024032868)
(0.010263012 0 -0.0030031057)
(0.010414242 0 -0.003690891)
(0.010642129 0 -0.0044787052)
(0.010982515 0 -0.0053681048)
(0.01146062 0 -0.006324302)
(0.012101905 0 -0.0072415253)
(0.012734005 0 -0.0077060859)
(0.012973806 0 -0.0073985381)
(0.012536299 0 -0.0063557799)
(0.011386207 0 -0.0048223694)
(0.0097323332 0 -0.0031149063)
(0.0080547581 0 -0.0016702672)
(0.006632877 0 -0.00073918164)
(0.005903716 0 -0.00024452282)
(0.0055947171 0 3.7937203e-05)
(0.0056389656 0 0.00024929738)
(0.0059471625 0 0.00047110981)
(0.0064323065 0 0.00074811633)
(0.0070188041 0 0.0010946245)
(0.0076424016 0 0.0015000436)
(0.0082522736 0 0.0019367993)
(0.0088148054 0 0.0023707293)
(0.009315936 0 0.0027732467)
(0.009755422 0 0.0031258703)
(0.01013934 0 0.0034185281)
(0.010475651 0 0.0036469945)
(0.010772168 0 0.0038111224)
(0.01103567 0 0.003913724)
(0.011271545 0 0.0039595576)
(0.01148383 0 0.0039544882)
(0.01167544 0 0.0039048986)
(0.01184842 0 0.0038172914)
(0.012004168 0 0.0036980197)
(0.012143631 0 0.0035531165)
(0.012267469 0 0.003388191)
(0.0123762 0 0.0032083717)
(0.012470301 0 0.0030182782)
(0.012550289 0 0.002822009)
(0.012616773 0 0.0026231415)
(0.012670484 0 0.0024247396)
(0.012712281 0 0.0022293693)
(0.012743138 0 0.0020391232)
(0.012764128 0 0.001855654)
(0.012776382 0 0.0016802174)
(0.012781064 0 0.0015137198)
(0.012779329 0 0.0013567716)
(0.012772292 0 0.0012097391)
(0.012761005 0 0.0010727932)
(0.012746434 0 0.00094595186)
(0.012729448 0 0.00082911514)
(0.01271081 0 0.00072209139)
(0.012691177 0 0.00062461656)
(0.012671102 0 0.00053636739)
(0.012651041 0 0.00045697043)
(0.012631358 0 0.00038600878)
(0.012612336 0 0.00032302782)
(0.012594188 0 0.00026754102)
(0.012577062 0 0.00021903627)
(0.012561054 0 0.00017698315)
(0.012546215 0 0.00014084067)
(0.012532562 0 0.00011006543)
(0.012520082 0 8.4119618e-05)
(0.012508741 0 6.2478642e-05)
(0.012498489 0 4.4637984e-05)
(0.012489263 0 3.0119106e-05)
(0.012480997 0 1.8473419e-05)
(0.012473618 0 9.2876669e-06)
(0.012467052 0 2.1845669e-06)
(0.012461229 0 -3.1757218e-06)
(0.012456077 0 -7.095435e-06)
(0.012451533 0 -9.8400441e-06)
(0.012447532 0 -1.1639786e-05)
(0.012444018 0 -1.2691939e-05)
(0.012440939 0 -1.3163458e-05)
(0.012438245 0 -1.319385e-05)
(0.012435892 0 -1.2898172e-05)
(0.012433842 0 -1.2370039e-05)
(0.012432059 0 -1.168452e-05)
(0.012430511 0 -1.090088e-05)
(0.012429168 0 -1.0065098e-05)
(0.012428007 0 -9.2121235e-06)
(0.012427003 0 -8.3678815e-06)
(0.012426138 0 -7.5509992e-06)
(0.012425394 0 -6.7742906e-06)
(0.012424754 0 -6.0460078e-06)
(0.012424205 0 -5.3708798e-06)
(0.012423736 0 -4.7509649e-06)
(0.012423335 0 -4.1863399e-06)
(0.012422992 0 -3.6756533e-06)
(0.012422701 0 -3.2165624e-06)
(0.012422454 0 -2.8060743e-06)
(0.012422244 0 -2.4408066e-06)
(0.012422067 0 -2.1171849e-06)
(0.012421917 0 -1.83159e-06)
(0.012421791 0 -1.5804645e-06)
(0.012421685 0 -1.3603879e-06)
(0.012421596 0 -1.1681251e-06)
(0.012421522 0 -1.0006565e-06)
(0.01242146 0 -8.5519145e-07)
(0.012421408 0 -7.2917368e-07)
(0.012421365 0 -6.2027883e-07)
(0.01242133 0 -5.2640819e-07)
(0.012421301 0 -4.4567903e-07)
(0.012421277 0 -3.7641212e-07)
(0.012421258 0 -3.1711651e-07)
(0.012421242 0 -2.6647283e-07)
(0.012421229 0 -2.2331647e-07)
(0.012421219 0 -1.8662234e-07)
(0.01242121 0 -1.5549171e-07)
(0.012421204 0 -1.2914023e-07)
(0.012421199 0 -1.0688628e-07)
(0.012421195 0 -8.813896e-08)
(0.012421192 0 -7.2386183e-08)
(0.01242119 0 -5.9184242e-08)
(0.012421188 0 -4.8149411e-08)
(0.012421187 0 -3.8951397e-08)
(0.012421186 0 -3.1307645e-08)
(0.012421186 0 -2.497755e-08)
(0.012421185 0 -1.9756275e-08)
(0.012421185 0 -1.5468757e-08)
(0.012421185 0 -1.1964729e-08)
(0.012421186 0 -9.1151257e-09)
(0.012421186 0 -6.8097018e-09)
(0.012421186 0 -4.9552377e-09)
(0.012421186 0 -3.4736776e-09)
(0.012421187 0 -2.300036e-09)
(0.012421187 0 -1.3802355e-09)
(0.012421188 0 -6.690834e-10)
(0.012421188 0 -1.2859182e-10)
(0.012421188 0 2.7334261e-10)
(0.012421188 0 5.6399152e-10)
(0.012421189 0 7.6651807e-10)
(0.012421189 0 9.0033502e-10)
(0.012421189 0 9.8124756e-10)
(0.01242119 0 1.0215903e-09)
(0.01242119 0 1.0306428e-09)
(0.01242119 0 1.015477e-09)
(0.01242119 0 9.8194833e-10)
(0.01242119 0 9.3539461e-10)
(0.01242119 0 8.8080346e-10)
(0.01242119 0 8.2247501e-10)
(0.012421191 0 7.635667e-10)
(0.012421191 0 7.0597659e-10)
(0.012421191 0 6.5061293e-10)
(0.012421191 0 5.9782462e-10)
(0.012421191 0 5.4777358e-10)
(0.012421191 0 5.0060375e-10)
(0.012421191 0 4.5648897e-10)
(0.012421191 0 4.1570216e-10)
(0.012421191 0 3.7860612e-10)
(0.012421191 0 3.4547661e-10)
(0.012421191 0 3.1629107e-10)
(0.012421191 0 2.9065314e-10)
(0.012421191 0 2.6796984e-10)
(0.012421191 0 2.4779403e-10)
(0.012421191 0 2.3000343e-10)
(0.012421191 0 2.1471607e-10)
(0.012421191 0 2.0217582e-10)
(0.012421191 0 1.9270397e-10)
(0.012421191 0 1.8657876e-10)
(0.012421191 0 1.8373028e-10)
(0.012421191 0 1.8343799e-10)
(0.012421191 0 1.845753e-10)
(0.012421191 0 1.8653761e-10)
(0.012421191 0 1.8991117e-10)
(0.012421192 0 1.9584372e-10)
(0.012421192 0 2.0449947e-10)
(0.012421192 0 2.1432588e-10)
(0.012421192 0 2.2332778e-10)
(0.012421192 0 2.311654e-10)
(0.012421192 0 2.394756e-10)
(0.012421192 0 2.4987879e-10)
(0.012421192 0 2.6231336e-10)
(0.012421192 0 2.760032e-10)
(0.012421192 0 2.9158578e-10)
(0.012421192 0 3.1092959e-10)
(0.012421192 0 3.3442796e-10)
(0.012421192 0 3.5995872e-10)
(0.012421192 0 3.8597198e-10)
(0.012421192 0 4.1468505e-10)
(0.012421192 0 4.5025498e-10)
(0.012421192 0 4.9408891e-10)
(0.012421192 0 5.4435764e-10)
(0.012421192 0 6.0067193e-10)
(0.012421192 0 6.6641471e-10)
(0.012421192 0 7.4465744e-10)
(0.012421192 0 8.3453341e-10)
(0.012421192 0 9.3461025e-10)
(0.012421192 0 1.0475029e-09)
(0.012421193 0 1.1774496e-09)
(0.012421193 0 1.3254609e-09)
(0.012421193 0 1.4914034e-09)
(0.012421193 0 1.6790267e-09)
(0.012421193 0 1.8937487e-09)
(0.012421193 0 2.1374231e-09)
(0.012421193 0 2.4111181e-09)
(0.012421194 0 2.7204879e-09)
(0.012421194 0 3.0720462e-09)
(0.012421194 0 3.468004e-09)
(0.012421195 0 3.911524e-09)
(0.012421195 0 4.4116642e-09)
(0.012421195 0 4.9771257e-09)
(0.012421196 0 5.6127955e-09)
(0.012421196 0 6.3271615e-09)
(0.012421197 0 7.1336878e-09)
(0.012421198 0 8.0426134e-09)
(0.012421199 0 9.0623457e-09)
(0.012421199 0 1.020809e-08)
(0.0124212 0 1.1497125e-08)
(0.012421202 0 1.294319e-08)
(0.012421203 0 1.4566742e-08)
(0.012421204 0 1.6390641e-08)
(0.012421206 0 1.84304e-08)
(0.012421208 0 2.0711638e-08)
(0.01242121 0 2.3261332e-08)
(0.012421212 0 2.610122e-08)
(0.012421215 0 2.9265122e-08)
(0.012421218 0 3.2779787e-08)
(0.012421222 0 3.6675854e-08)
(0.012421226 0 4.097843e-08)
(0.01242123 0 4.5709971e-08)
(0.012421236 0 5.0890015e-08)
(0.012421242 0 5.6535745e-08)
(0.012421248 0 6.2650926e-08)
(0.012421256 0 6.9221392e-08)
(0.012421265 0 7.6214452e-08)
(0.012421274 0 8.3563254e-08)
(0.012421285 0 9.1170161e-08)
(0.012421298 0 9.8891547e-08)
(0.012421312 0 1.065373e-07)
(0.012421327 0 1.1382244e-07)
(0.012421344 0 1.2052078e-07)
(0.012421364 0 1.2581979e-07)
(0.01242139 0 1.3106124e-07)
(0.0099998667 0 -0.00019426014)
(0.0099936173 0 -0.00058238217)
(0.0099806387 0 -0.00098391647)
(0.0099618636 0 -0.0014158304)
(0.0099407905 0 -0.00189556)
(0.0099234669 0 -0.00244174)
(0.0099197905 0 -0.0030749107)
(0.009945741 0 -0.0038172172)
(0.01002455 0 -0.0046891645)
(0.010190086 0 -0.0056973712)
(0.010451067 0 -0.0067934462)
(0.010831152 0 -0.0077893437)
(0.010940858 0 -0.0079252072)
(0.010189743 0 -0.006817664)
(0.0083302025 0 -0.0047242539)
(0.005679409 0 -0.0023785293)
(0.0034600835 0 -0.00083669378)
(0.0024251008 0 -0.00022691913)
(0.001947875 0 -3.2377196e-05)
(0.0018081091 0 -1.6462042e-05)
(0.0019054599 0 -5.5360647e-05)
(0.0021948373 0 -7.8918267e-05)
(0.002623235 0 -3.4156314e-05)
(0.0031575097 0 0.000112796)
(0.0037782546 0 0.00037759807)
(0.0044630265 0 0.00075495208)
(0.0051807125 0 0.0012138098)
(0.0058851247 0 0.0017077949)
(0.0065395352 0 0.0021861159)
(0.0071309756 0 0.0026123157)
(0.0076618869 0 0.0029683072)
(0.0081402725 0 0.00324868)
(0.0085746792 0 0.0034549068)
(0.0089725049 0 0.0035920852)
(0.0093393798 0 0.003667023)
(0.0096792592 0 0.0036871881)
(0.0099948047 0 0.0036601595)
(0.010287747 0 0.0035933027)
(0.010559179 0 0.003493567)
(0.01080979 0 0.0033673676)
(0.011040052 0 0.0032205291)
(0.011250354 0 0.0030582667)
(0.011441105 0 0.0028851917)
(0.011612801 0 0.0027053296)
(0.011766065 0 0.0025221462)
(0.011901669 0 0.0023385776)
(0.012020526 0 0.0021570653)
(0.012123679 0 0.0019795948)
(0.012212275 0 0.0018077399)
(0.012287529 0 0.0016427101)
(0.012350692 0 0.0014854003)
(0.012403015 0 0.0013364418)
(0.012445722 0 0.0011962495)
(0.012479982 0 0.0010650649)
(0.012506899 0 0.00094299167)
(0.01252749 0 0.00083002486)
(0.01254269 0 0.00072607169)
(0.01255334 0 0.00063096667)
(0.012560194 0 0.00054448153)
(0.01256392 0 0.00046633232)
(0.012565108 0 0.0003961847)
(0.012564271 0 0.00033365901)
(0.012561851 0 0.00027833578)
(0.012558228 0 0.00022976218)
(0.012553727 0 0.0001874595)
(0.012548617 0 0.00015093125)
(0.012543123 0 0.00011967179)
(0.012537428 0 9.3174899e-05)
(0.012531681 0 7.094194e-05)
(0.012525997 0 5.2489348e-05)
(0.012520467 0 3.7355105e-05)
(0.012515157 0 2.5103939e-05)
(0.012510116 0 1.533174e-05)
(0.012505375 0 7.6680845e-06)
(0.012500954 0 1.7778846e-06)
(0.012496861 0 -2.6380766e-06)
(0.012493097 0 -5.8437666e-06)
(0.012489657 0 -8.0690391e-06)
(0.012486528 0 -9.5115479e-06)
(0.012483698 0 -1.0339251e-05)
(0.012481149 0 -1.0693095e-05)
(0.012478863 0 -1.068987e-05)
(0.012476822 0 -1.0425099e-05)
(0.012475005 0 -9.9758657e-06)
(0.012473394 0 -9.4034815e-06)
(0.01247197 0 -8.7559573e-06)
(0.012470715 0 -8.0702279e-06)
(0.012469613 0 -7.3741217e-06)
(0.012468647 0 -6.688076e-06)
(0.012467803 0 -6.0266092e-06)
(0.012467068 0 -5.3995656e-06)
(0.01246643 0 -4.8131509e-06)
(0.012465876 0 -4.2707825e-06)
(0.012465397 0 -3.7737818e-06)
(0.012464983 0 -3.3219304e-06)
(0.012464627 0 -2.9139121e-06)
(0.012464322 0 -2.5476595e-06)
(0.01246406 0 -2.2206216e-06)
(0.012463835 0 -1.9299685e-06)
(0.012463644 0 -1.6727454e-06)
(0.012463481 0 -1.4459865e-06)
(0.012463343 0 -1.2467947e-06)
(0.012463225 0 -1.0723969e-06)
(0.012463126 0 -9.2017839e-07)
(0.012463042 0 -7.8770356e-07)
(0.012462972 0 -6.7272649e-07)
(0.012462913 0 -5.731946e-07)
(0.012462863 0 -4.8724695e-07)
(0.012462822 0 -4.132083e-07)
(0.012462787 0 -3.4957943e-07)
(0.012462758 0 -2.9502446e-07)
(0.012462735 0 -2.4835696e-07)
(0.012462715 0 -2.085264e-07)
(0.012462699 0 -1.7460608e-07)
(0.012462686 0 -1.4578245e-07)
(0.012462675 0 -1.2134473e-07)
(0.012462667 0 -1.0067406e-07)
(0.01246266 0 -8.3232316e-08)
(0.012462654 0 -6.8551553e-08)
(0.01246265 0 -5.6225271e-08)
(0.012462646 0 -4.5901722e-08)
(0.012462644 0 -3.7278462e-08)
(0.012462642 0 -3.0097014e-08)
(0.01246264 0 -2.4136993e-08)
(0.012462639 0 -1.920993e-08)
(0.012462638 0 -1.5153712e-08)
(0.012462638 0 -1.1828474e-08)
(0.012462637 0 -9.1139779e-09)
(0.012462637 0 -6.9079303e-09)
(0.012462637 0 -5.124397e-09)
(0.012462637 0 -3.6917741e-09)
(0.012462637 0 -2.5503934e-09)
(0.012462638 0 -1.650188e-09)
(0.012462638 0 -9.4876286e-10)
(0.012462638 0 -4.1003268e-10)
(0.012462638 0 -3.3128315e-12)
(0.012462638 0 2.9736553e-10)
(0.012462639 0 5.1376829e-10)
(0.012462639 0 6.6380574e-10)
(0.012462639 0 7.6182898e-10)
(0.012462639 0 8.1901213e-10)
(0.01246264 0 8.4397916e-10)
(0.01246264 0 8.4369462e-10)
(0.01246264 0 8.2429911e-10)
(0.01246264 0 7.9152051e-10)
(0.01246264 0 7.505565e-10)
(0.01246264 0 7.0560544e-10)
(0.01246264 0 6.5947182e-10)
(0.01246264 0 6.1361359e-10)
(0.012462641 0 5.6857874e-10)
(0.012462641 0 5.2454359e-10)
(0.012462641 0 4.8172492e-10)
(0.012462641 0 4.4054935e-10)
(0.012462641 0 4.0164003e-10)
(0.012462641 0 3.6572088e-10)
(0.012462641 0 3.3339651e-10)
(0.012462641 0 3.0485696e-10)
(0.012462641 0 2.7975176e-10)
(0.012462641 0 2.5738164e-10)
(0.012462641 0 2.371246e-10)
(0.012462641 0 2.1879798e-10)
(0.012462641 0 2.0264003e-10)
(0.012462641 0 1.8900115e-10)
(0.012462641 0 1.7813622e-10)
(0.012462641 0 1.7019917e-10)
(0.012462641 0 1.6519698e-10)
(0.012462641 0 1.6276884e-10)
(0.012462641 0 1.6207242e-10)
(0.012462641 0 1.6225953e-10)
(0.012462641 0 1.6336591e-10)
(0.012462641 0 1.6650427e-10)
(0.012462641 0 1.7268236e-10)
(0.012462641 0 1.8130057e-10)
(0.012462641 0 1.9021969e-10)
(0.012462641 0 1.9777254e-10)
(0.012462641 0 2.0456803e-10)
(0.012462642 0 2.1272433e-10)
(0.012462642 0 2.2333756e-10)
(0.012462642 0 2.3554752e-10)
(0.012462642 0 2.4848332e-10)
(0.012462642 0 2.631611e-10)
(0.012462642 0 2.8122934e-10)
(0.012462642 0 3.0223966e-10)
(0.012462642 0 3.2403509e-10)
(0.012462642 0 3.465048e-10)
(0.012462642 0 3.7311442e-10)
(0.012462642 0 4.0716288e-10)
(0.012462642 0 4.4800558e-10)
(0.012462642 0 4.9328031e-10)
(0.012462642 0 5.4389334e-10)
(0.012462642 0 6.0366237e-10)
(0.012462642 0 6.7412724e-10)
(0.012462642 0 7.5354294e-10)
(0.012462642 0 8.4201891e-10)
(0.012462642 0 9.4354309e-10)
(0.012462643 0 1.0610682e-09)
(0.012462643 0 1.1939851e-09)
(0.012462643 0 1.3429849e-09)
(0.012462643 0 1.5126883e-09)
(0.012462643 0 1.7065482e-09)
(0.012462643 0 1.9245866e-09)
(0.012462644 0 2.1692982e-09)
(0.012462644 0 2.4474497e-09)
(0.012462644 0 2.763358e-09)
(0.012462645 0 3.1180211e-09)
(0.012462645 0 3.5164327e-09)
(0.012462645 0 3.9671739e-09)
(0.012462646 0 4.4756908e-09)
(0.012462647 0 5.046654e-09)
(0.012462647 0 5.6890524e-09)
(0.012462648 0 6.412819e-09)
(0.012462649 0 7.2266085e-09)
(0.01246265 0 8.1402929e-09)
(0.012462651 0 9.1661448e-09)
(0.012462652 0 1.0319689e-08)
(0.012462653 0 1.1615833e-08)
(0.012462655 0 1.3068496e-08)
(0.012462656 0 1.4696098e-08)
(0.012462658 0 1.6514571e-08)
(0.01246266 0 1.8543115e-08)
(0.012462663 0 2.0807601e-08)
(0.012462666 0 2.3326405e-08)
(0.012462669 0 2.6127328e-08)
(0.012462672 0 2.9229109e-08)
(0.012462676 0 3.2653862e-08)
(0.012462681 0 3.6422045e-08)
(0.012462686 0 4.0548451e-08)
(0.012462692 0 4.5048292e-08)
(0.012462698 0 4.9929274e-08)
(0.012462705 0 5.5185132e-08)
(0.012462713 0 6.0793696e-08)
(0.012462722 0 6.6715758e-08)
(0.012462733 0 7.2886188e-08)
(0.012462744 0 7.9217541e-08)
(0.012462757 0 8.558512e-08)
(0.012462771 0 9.1828964e-08)
(0.012462786 0 9.7716837e-08)
(0.012462802 0 1.0308947e-07)
(0.012462821 0 1.0731517e-07)
(0.012462845 0 1.1159164e-07)
(0.0099989483 0 -0.0001868426)
(0.0099756826 0 -0.00055966359)
(0.0099287941 0 -0.00094624154)
(0.0098571396 0 -0.0013648098)
(0.0097626354 0 -0.0018346607)
(0.0096485387 0 -0.0023773642)
(0.0095207709 0 -0.003018002)
(0.0093901468 0 -0.003784962)
(0.009272217 0 -0.0047045461)
(0.0091850268 0 -0.0057780006)
(0.0090952412 0 -0.0069108321)
(0.0090194002 0 -0.0077305575)
(0.0081486708 0 -0.0069115325)
(0.005983267 0 -0.0044602418)
(0.0033502495 0 -0.0018181969)
(0.0016124948 0 -0.00040812011)
(0.001018585 0 -1.3849455e-05)
(0.00077818908 0 3.5750571e-05)
(0.00076689273 0 -2.4386677e-05)
(0.000882396 0 -0.00014968328)
(0.0010497992 0 -0.00031329437)
(0.001271551 0 -0.00043318237)
(0.0015321417 0 -0.00045323612)
(0.0018316601 0 -0.00036031841)
(0.0021809335 0 -0.00015430437)
(0.0025938099 0 0.00016114636)
(0.0030772259 0 0.0005742984)
(0.0036202159 0 0.0010524789)
(0.0041962104 0 0.0015475895)
(0.0047775101 0 0.0020113856)
(0.0053452084 0 0.0024116215)
(0.0058912175 0 0.0027347777)
(0.0064121633 0 0.0029790381)
(0.0069079886 0 0.003149158)
(0.0073798762 0 0.0032529701)
(0.0078288172 0 0.0032992154)
(0.0082552948 0 0.003296526)
(0.00865936 0 0.0032530015)
(0.0090407984 0 0.0031760437)
(0.009399294 0 0.0030723041)
(0.0097345584 0 0.0029476879)
(0.010046421 0 0.0028073823)
(0.010334887 0 0.0026558983)
(0.010600168 0 0.002497118)
(0.010842694 0 0.0023343438)
(0.011063109 0 0.0021703484)
(0.011262247 0 0.0020074238)
(0.011441106 0 0.0018474317)
(0.011600815 0 0.0016918536)
(0.011742592 0 0.0015418411)
(0.011867714 0 0.0013982657)
(0.011977476 0 0.0012617652)
(0.01207317 0 0.0011327867)
(0.012156057 0 0.0010116234)
(0.012227355 0 0.00089844455)
(0.012288222 0 0.00079331933)
(0.012339754 0 0.00069623342)
(0.012382979 0 0.00060710091)
(0.012418856 0 0.00052577218)
(0.012448272 0 0.00045203951)
(0.012472049 0 0.00038564163)
(0.01249094 0 0.00032626831)
(0.012505632 0 0.00027356571)
(0.012516747 0 0.00022714271)
(0.012524847 0 0.00018657825)
(0.012530433 0 0.0001514294)
(0.012533949 0 0.0001212399)
(0.012535787 0 9.5548707e-05)
(0.012536286 0 7.3898182e-05)
(0.01253574 0 5.5841633e-05)
(0.012534399 0 4.0949884e-05)
(0.012532474 0 2.881673e-05)
(0.012530141 0 1.9063277e-05)
(0.012527544 0 1.1340941e-05)
(0.0125248 0 5.333283e-06)
(0.012522003 0 7.5682832e-07)
(0.012519225 0 -2.6390864e-06)
(0.012516519 0 -5.0736131e-06)
(0.012513927 0 -6.7356271e-06)
(0.012511475 0 -7.7861317e-06)
(0.012509183 0 -8.3606614e-06)
(0.012507059 0 -8.5719083e-06)
(0.012505107 0 -8.5124043e-06)
(0.012503327 0 -8.2571554e-06)
(0.012501714 0 -7.8661471e-06)
(0.01250026 0 -7.386662e-06)
(0.012498957 0 -6.8553764e-06)
(0.012497794 0 -6.3002218e-06)
(0.012496761 0 -5.7420106e-06)
(0.012495846 0 -5.1958329e-06)
(0.01249504 0 -4.6722388e-06)
(0.012494332 0 -4.1782228e-06)
(0.012493711 0 -3.7180351e-06)
(0.012493169 0 -3.2938427e-06)
(0.012492698 0 -2.9062633e-06)
(0.012492288 0 -2.5547907e-06)
(0.012491933 0 -2.2381288e-06)
(0.012491627 0 -1.9544528e-06)
(0.012491362 0 -1.7016089e-06)
(0.012491135 0 -1.4772666e-06)
(0.01249094 0 -1.2790306e-06)
(0.012490774 0 -1.1045214e-06)
(0.012490631 0 -9.5143211e-07)
(0.01249051 0 -8.1756547e-07)
(0.012490407 0 -7.008589e-07)
(0.012490319 0 -5.9939903e-07)
(0.012490245 0 -5.1142907e-07)
(0.012490183 0 -4.353502e-07)
(0.01249013 0 -3.6971807e-07)
(0.012490086 0 -3.1323534e-07)
(0.012490049 0 -2.6474164e-07)
(0.012490018 0 -2.2320286e-07)
(0.012489993 0 -1.8770103e-07)
(0.012489971 0 -1.5742527e-07)
(0.012489954 0 -1.3166317e-07)
(0.012489939 0 -1.0979161e-07)
(0.012489927 0 -9.1266854e-08)
(0.012489917 0 -7.5614511e-08)
(0.012489909 0 -6.2420767e-08)
(0.012489903 0 -5.132557e-08)
(0.012489898 0 -4.201752e-08)
(0.012489894 0 -3.4229259e-08)
(0.01248989 0 -2.7732355e-08)
(0.012489888 0 -2.2331489e-08)
(0.012489886 0 -1.7858659e-08)
(0.012489884 0 -1.4168491e-08)
(0.012489883 0 -1.1135224e-08)
(0.012489883 0 -8.6510177e-09)
(0.012489882 0 -6.6247205e-09)
(0.012489882 0 -4.9802509e-09)
(0.012489881 0 -3.6543134e-09)
(0.012489881 0 -2.5938282e-09)
(0.012489881 0 -1.7536889e-09)
(0.012489881 0 -1.0951945e-09)
(0.012489881 0 -5.85166e-10)
(0.012489882 0 -1.9545322e-10)
(0.012489882 0 9.7494861e-11)
(0.012489882 0 3.1308291e-10)
(0.012489882 0 4.6701824e-10)
(0.012489882 0 5.7179035e-10)
(0.012489882 0 6.372384e-10)
(0.012489883 0 6.7127079e-10)
(0.012489883 0 6.806729e-10)
(0.012489883 0 6.7169772e-10)
(0.012489883 0 6.5016675e-10)
(0.012489883 0 6.2111297e-10)
(0.012489883 0 5.8826371e-10)
(0.012489883 0 5.5378755e-10)
(0.012489884 0 5.1855774e-10)
(0.012489884 0 4.8276795e-10)
(0.012489884 0 4.465522e-10)
(0.012489884 0 4.103721e-10)
(0.012489884 0 3.7508404e-10)
(0.012489884 0 3.4175825e-10)
(0.012489884 0 3.113725e-10)
(0.012489884 0 2.8444788e-10)
(0.012489884 0 2.6080351e-10)
(0.012489884 0 2.3968662e-10)
(0.012489884 0 2.2027619e-10)
(0.012489884 0 2.0223131e-10)
(0.012489884 0 1.8586518e-10)
(0.012489884 0 1.7179191e-10)
(0.012489884 0 1.6041326e-10)
(0.012489884 0 1.5175148e-10)
(0.012489884 0 1.4562056e-10)
(0.012489884 0 1.4172527e-10)
(0.012489884 0 1.3953692e-10)
(0.012489884 0 1.3832018e-10)
(0.012489885 0 1.3770146e-10)
(0.012489885 0 1.383329e-10)
(0.012489885 0 1.4154819e-10)
(0.012489885 0 1.4785601e-10)
(0.012489885 0 1.5586388e-10)
(0.012489885 0 1.6327009e-10)
(0.012489885 0 1.6923699e-10)
(0.012489885 0 1.7536881e-10)
(0.012489885 0 1.8378946e-10)
(0.012489885 0 1.9458514e-10)
(0.012489885 0 2.0606064e-10)
(0.012489885 0 2.1750127e-10)
(0.012489885 0 2.3039748e-10)
(0.012489885 0 2.4616739e-10)
(0.012489885 0 2.6386862e-10)
(0.012489885 0 2.8192643e-10)
(0.012489885 0 3.0166696e-10)
(0.012489885 0 3.2676531e-10)
(0.012489885 0 3.5862649e-10)
(0.012489885 0 3.9478827e-10)
(0.012489885 0 4.3342026e-10)
(0.012489885 0 4.7705957e-10)
(0.012489885 0 5.2941871e-10)
(0.012489885 0 5.9058794e-10)
(0.012489886 0 6.5894113e-10)
(0.012489886 0 7.3620482e-10)
(0.012489886 0 8.2616183e-10)
(0.012489886 0 9.2936579e-10)
(0.012489886 0 1.0443282e-09)
(0.012489886 0 1.1732571e-09)
(0.012489886 0 1.3209297e-09)
(0.012489887 0 1.4888602e-09)
(0.012489887 0 1.6770918e-09)
(0.012489887 0 1.8901667e-09)
(0.012489887 0 2.1340227e-09)
(0.012489888 0 2.4097876e-09)
(0.012489888 0 2.7183602e-09)
(0.012489889 0 3.0662795e-09)
(0.012489889 0 3.4599882e-09)
(0.01248989 0 3.9022179e-09)
(0.01248989 0 4.398857e-09)
(0.012489891 0 4.9587116e-09)
(0.012489892 0 5.5875315e-09)
(0.012489893 0 6.2935548e-09)
(0.012489894 0 7.0889177e-09)
(0.012489895 0 7.9818367e-09)
(0.012489896 0 8.9842295e-09)
(0.012489898 0 1.0111911e-08)
(0.012489899 0 1.1372347e-08)
(0.012489901 0 1.2779707e-08)
(0.012489904 0 1.4353425e-08)
(0.012489906 0 1.610637e-08)
(0.012489909 0 1.8060446e-08)
(0.012489912 0 2.0234227e-08)
(0.012489915 0 2.2640976e-08)
(0.012489919 0 2.5300035e-08)
(0.012489923 0 2.822449e-08)
(0.012489928 0 3.1434542e-08)
(0.012489934 0 3.4940674e-08)
(0.01248994 0 3.8751399e-08)
(0.012489946 0 4.2865324e-08)
(0.012489954 0 4.7269275e-08)
(0.012489963 0 5.1939958e-08)
(0.012489972 0 5.6840798e-08)
(0.012489983 0 6.1915634e-08)
(0.012489994 0 6.7089121e-08)
(0.012490007 0 7.22547e-08)
(0.012490021 0 7.7281289e-08)
(0.012490036 0 8.1990412e-08)
(0.012490052 0 8.627753e-08)
(0.01249007 0 8.9682751e-08)
(0.012490093 0 9.3179438e-08)
(0.0099979437 0 -0.00017043514)
(0.0099566798 0 -0.00051007239)
(0.0098740104 0 -0.00086301145)
(0.0097462859 0 -0.0012476186)
(0.0095730119 0 -0.0016838426)
(0.0093532335 0 -0.0021948832)
(0.0090867672 0 -0.0028089306)
(0.0087764257 0 -0.0035588779)
(0.0084270995 0 -0.0044732079)
(0.0080372843 0 -0.0055348797)
(0.0075400644 0 -0.0065569485)
(0.0069552433 0 -0.0068689991)
(0.0051625311 0 -0.0046894702)
(0.0027195357 0 -0.0019609142)
(0.0011705467 0 -0.00035011239)
(0.00069226478 0 6.4568803e-05)
(0.00053813129 0 0.00010519618)
(0.00061049041 0 1.7702498e-05)
(0.00074252429 0 -0.00014833044)
(0.00075072073 0 -0.0002826838)
(0.00076504503 0 -0.00047697293)
(0.00082184532 0 -0.00062203958)
(0.00091265724 0 -0.00066303546)
(0.0010319217 0 -0.00059734036)
(0.0011817113 0 -0.00043069652)
(0.0013766166 0 -0.00017034861)
(0.001634268 0 0.00017696513)
(0.0019668343 0 0.00059002604)
(0.0023757828 0 0.0010350574)
(0.0028454313 0 0.001470258)
(0.0033562796 0 0.001860733)
(0.0038907141 0 0.0021863147)
(0.0044361485 0 0.0024406876)
(0.0049831767 0 0.0026255071)
(0.00552482 0 0.0027466336)
(0.0060559692 0 0.0028119088)
(0.0065726937 0 0.0028296447)
(0.0070718162 0 0.0028078009)
(0.0075507366 0 0.0027536431)
(0.008007353 0 0.0026736373)
(0.0084400327 0 0.002573453)
(0.0088475924 0 0.0024580081)
(0.009229276 0 0.0023315294)
(0.009584726 0 0.0021976165)
(0.0099139477 0 0.0020593047)
(0.010217268 0 0.001919126)
(0.010495289 0 0.0017791657)
(0.010748841 0 0.0016411175)
(0.010978937 0 0.001506335)
(0.011186722 0 0.0013758813)
(0.011373436 0 0.001250575)
(0.011540379 0 0.0011310322)
(0.011688874 0 0.0010177036)
(0.011820255 0 0.00091090503)
(0.011935837 0 0.00081084313)
(0.012036912 0 0.0007176338)
(0.012124732 0 0.0006313161)
(0.012200508 0 0.00055186154)
(0.012265403 0 0.00047918055)
(0.012320524 0 0.00041312714)
(0.012366924 0 0.00035350294)
(0.012405593 0 0.00030006145)
(0.012437462 0 0.00025251302)
(0.012463393 0 0.00021053082)
(0.012484185 0 0.00017375762)
(0.012500566 0 0.00014181334)
(0.012513199 0 0.00011430295)
(0.01252268 0 9.0824451e-05)
(0.012529539 0 7.0976471e-05)
(0.012534244 0 5.436532e-05)
(0.012537205 0 4.0611164e-05)
(0.012538775 0 2.9353205e-05)
(0.012539256 0 2.0253802e-05)
(0.012538906 0 1.3001441e-05)
(0.012537937 0 7.3126155e-06)
(0.012536527 0 2.9327108e-06)
(0.012534819 0 -3.6392084e-07)
(0.012532928 0 -2.7747658e-06)
(0.012530945 0 -4.4707396e-06)
(0.01252894 0 -5.597698e-06)
(0.012526966 0 -6.2787039e-06)
(0.01252506 0 -6.616347e-06)
(0.01252325 0 -6.6951071e-06)
(0.012521554 0 -6.5836894e-06)
(0.01251998 0 -6.3372544e-06)
(0.012518534 0 -5.9994855e-06)
(0.012517215 0 -5.6044655e-06)
(0.012516021 0 -5.1783453e-06)
(0.012514947 0 -4.7408041e-06)
(0.012513985 0 -4.3063059e-06)
(0.012513129 0 -3.8851612e-06)
(0.012512369 0 -3.4844146e-06)
(0.012511698 0 -3.1085764e-06)
(0.012511107 0 -2.7602204e-06)
(0.012510589 0 -2.4404679e-06)
(0.012510137 0 -2.1493738e-06)
(0.012509742 0 -1.8862318e-06)
(0.012509399 0 -1.6498122e-06)
(0.012509102 0 -1.4385464e-06)
(0.012508845 0 -1.2506659e-06)
(0.012508623 0 -1.0843067e-06)
(0.012508433 0 -9.3758476e-07)
(0.012508269 0 -8.0864945e-07)
(0.012508129 0 -6.9572192e-07)
(0.012508009 0 -5.9712056e-07)
(0.012507907 0 -5.1127738e-07)
(0.012507821 0 -4.3674678e-07)
(0.012507747 0 -3.7220835e-07)
(0.012507685 0 -3.1646479e-07)
(0.012507632 0 -2.6843644e-07)
(0.012507588 0 -2.2715412e-07)
(0.012507551 0 -1.917516e-07)
(0.01250752 0 -1.6145874e-07)
(0.012507494 0 -1.3559488e-07)
(0.012507472 0 -1.135618e-07)
(0.012507454 0 -9.4835569e-08)
(0.012507439 0 -7.8957706e-08)
(0.012507427 0 -6.5526827e-08)
(0.012507417 0 -5.4191892e-08)
(0.012507409 0 -4.4647342e-08)
(0.012507402 0 -3.6629298e-08)
(0.012507397 0 -2.9911549e-08)
(0.012507392 0 -2.4300649e-08)
(0.012507389 0 -1.9630451e-08)
(0.012507386 0 -1.5757129e-08)
(0.012507384 0 -1.2555645e-08)
(0.012507383 0 -9.9178819e-09)
(0.012507381 0 -7.7516696e-09)
(0.01250738 0 -5.9797304e-09)
(0.01250738 0 -4.5378744e-09)
(0.012507379 0 -3.3725191e-09)
(0.012507379 0 -2.4381837e-09)
(0.012507379 0 -1.6956218e-09)
(0.012507379 0 -1.1108131e-09)
(0.012507379 0 -6.5459735e-10)
(0.012507379 0 -3.0250385e-10)
(0.012507379 0 -3.4423516e-11)
(0.012507379 0 1.659096e-10)
(0.012507379 0 3.1151578e-10)
(0.012507379 0 4.1279232e-10)
(0.012507379 0 4.7816067e-10)
(0.012507379 0 5.1474903e-10)
(0.01250738 0 5.2901138e-10)
(0.01250738 0 5.2702331e-10)
(0.01250738 0 5.1429601e-10)
(0.01250738 0 4.9526901e-10)
(0.01250738 0 4.7285313e-10)
(0.01250738 0 4.4839955e-10)
(0.01250738 0 4.2220343e-10)
(0.01250738 0 3.9425887e-10)
(0.012507381 0 3.6487106e-10)
(0.012507381 0 3.3490577e-10)
(0.012507381 0 3.0565178e-10)
(0.012507381 0 2.7842893e-10)
(0.012507381 0 2.5413002e-10)
(0.012507381 0 2.3286984e-10)
(0.012507381 0 2.1397135e-10)
(0.012507381 0 1.9643475e-10)
(0.012507381 0 1.7965443e-10)
(0.012507381 0 1.6385935e-10)
(0.012507381 0 1.4990307e-10)
(0.012507381 0 1.3855812e-10)
(0.012507381 0 1.2996269e-10)
(0.012507381 0 1.2370072e-10)
(0.012507381 0 1.1924922e-10)
(0.012507381 0 1.1618663e-10)
(0.012507381 0 1.1406273e-10)
(0.012507381 0 1.124444e-10)
(0.012507381 0 1.1144542e-10)
(0.012507381 0 1.1208734e-10)
(0.012507381 0 1.1553329e-10)
(0.012507381 0 1.2158852e-10)
(0.012507381 0 1.2833012e-10)
(0.012507381 0 1.3387018e-10)
(0.012507381 0 1.3852852e-10)
(0.012507381 0 1.4458619e-10)
(0.012507382 0 1.5349141e-10)
(0.012507382 0 1.6398099e-10)
(0.012507382 0 1.7382051e-10)
(0.012507382 0 1.8293452e-10)
(0.012507382 0 1.9345587e-10)
(0.012507382 0 2.0657638e-10)
(0.012507382 0 2.2108233e-10)
(0.012507382 0 2.3612641e-10)
(0.012507382 0 2.5385033e-10)
(0.012507382 0 2.7701365e-10)
(0.012507382 0 3.0484914e-10)
(0.012507382 0 3.342144e-10)
(0.012507382 0 3.6501575e-10)
(0.012507382 0 4.0127001e-10)
(0.012507382 0 4.4577388e-10)
(0.012507382 0 4.9722146e-10)
(0.012507382 0 5.5455077e-10)
(0.012507383 0 6.2033736e-10)
(0.012507383 0 6.9682235e-10)
(0.012507383 0 7.8250598e-10)
(0.012507383 0 8.7668787e-10)
(0.012507383 0 9.8343261e-10)
(0.012507383 0 1.1067371e-09)
(0.012507384 0 1.2464745e-09)
(0.012507384 0 1.4036133e-09)
(0.012507384 0 1.5834617e-09)
(0.012507384 0 1.7891805e-09)
(0.012507385 0 2.0194692e-09)
(0.012507385 0 2.2765266e-09)
(0.012507386 0 2.5675354e-09)
(0.012507386 0 2.8965483e-09)
(0.012507387 0 3.2651971e-09)
(0.012507388 0 3.6800883e-09)
(0.012507388 0 4.1487719e-09)
(0.012507389 0 4.6745299e-09)
(0.01250739 0 5.2647573e-09)
(0.012507391 0 5.9314803e-09)
(0.012507393 0 6.6799664e-09)
(0.012507394 0 7.5173563e-09)
(0.012507396 0 8.4584405e-09)
(0.012507398 0 9.5088892e-09)
(0.0125074 0 1.0679019e-08)
(0.012507402 0 1.1989079e-08)
(0.012507405 0 1.3449696e-08)
(0.012507407 0 1.5073352e-08)
(0.012507411 0 1.6876941e-08)
(0.012507414 0 1.8868402e-08)
(0.012507419 0 2.106231e-08)
(0.012507423 0 2.3472368e-08)
(0.012507428 0 2.6112322e-08)
(0.012507434 0 2.8989184e-08)
(0.01250744 0 3.210455e-08)
(0.012507448 0 3.5451525e-08)
(0.012507456 0 3.9016835e-08)
(0.012507464 0 4.2782124e-08)
(0.012507474 0 4.6716783e-08)
(0.012507485 0 5.0772559e-08)
(0.012507496 0 5.4883723e-08)
(0.012507509 0 5.8962744e-08)
(0.012507523 0 6.2910257e-08)
(0.012507538 0 6.6599839e-08)
(0.012507553 0 6.9966473e-08)
(0.012507572 0 7.2688652e-08)
(0.012507593 0 7.550203e-08)
(0.0099969317 0 -0.00014484538)
(0.0099380675 0 -0.00043313525)
(0.0098204785 0 -0.00073330323)
(0.0096377797 0 -0.0010623211)
(0.0093864056 0 -0.001439059)
(0.0090599347 0 -0.0018862629)
(0.0086498705 0 -0.002432785)
(0.0081475888 0 -0.0031136911)
(0.0075446856 0 -0.003959172)
(0.0068314486 0 -0.0049411196)
(0.0059831851 0 -0.0058139261)
(0.0051427299 0 -0.0057857456)
(0.0035675553 0 -0.0032814173)
(0.00083635015 0 -0.00014943646)
(0.00044693539 0 0.00014248354)
(0.00034637299 0 0.00012192462)
(0.00041434381 0 6.6345588e-05)
(0.00065601268 0 -0.00014028223)
(0.00063515531 0 -0.00025071788)
(0.00053542916 0 -0.00022192967)
(0.00043097102 0 -0.00044534625)
(0.00037048477 0 -0.00062009145)
(0.00033468623 0 -0.00068472504)
(0.00031395942 0 -0.00064620157)
(0.00031813845 0 -0.00051728003)
(0.00036427651 0 -0.00030828845)
(0.00047041114 0 -3.0091202e-05)
(0.00065322041 0 0.00030306694)
(0.00092349713 0 0.00066678579)
(0.0012805076 0 0.0010307388)
(0.001713555 0 0.0013666523)
(0.0022066536 0 0.0016550432)
(0.0027433371 0 0.0018868586)
(0.0033086661 0 0.0020608391)
(0.0038899757 0 0.0021804236)
(0.0044768535 0 0.0022514557)
(0.0050608711 0 0.0022806987)
(0.0056352443 0 0.0022749314)
(0.006194525 0 0.0022404719)
(0.0067343939 0 0.002182989)
(0.0072515008 0 0.0021074569)
(0.0077433371 0 0.0020181772)
(0.0082081271 0 0.0019188298)
(0.0086447298 0 0.0018125326)
(0.0090525495 0 0.0017019025)
(0.0094314536 0 0.0015891148)
(0.0097816963 0 0.0014759584)
(0.010103848 0 0.0013638875)
(0.010398731 0 0.0012540691)
(0.010667363 0 0.0011474272)
(0.010910908 0 0.0010446827)
(0.011130635 0 0.00094638823)
(0.011327884 0 0.00085295911)
(0.011504037 0 0.00076469796)
(0.0116605 0 0.0006818149)
(0.011798684 0 0.00060444243)
(0.01191999 0 0.00053264626)
(0.012025799 0 0.00046643274)
(0.012117465 0 0.00040575409)
(0.012196301 0 0.00035051235)
(0.012263577 0 0.00030056288)
(0.012320504 0 0.00025571813)
(0.012368237 0 0.00021575201)
(0.012407863 0 0.00018040503)
(0.012440395 0 0.00014939025)
(0.012466775 0 0.00012239971)
(0.012487864 0 9.9111227e-05)
(0.012504445 0 7.9195229e-05)
(0.012517223 0 6.2321263e-05)
(0.012526827 0 4.816405e-05)
(0.012533812 0 3.6408813e-05)
(0.012538662 0 2.6755775e-05)
(0.012541796 0 1.8923749e-05)
(0.012543572 0 1.2652777e-05)
(0.012544292 0 7.7058414e-06)
(0.012544212 0 3.8697153e-06)
(0.012543539 0 9.5503344e-07)
(0.012542444 0 -1.2040424e-06)
(0.012541065 0 -2.751349e-06)
(0.012539511 0 -3.8098254e-06)
(0.012537867 0 -4.4833654e-06)
(0.012536196 0 -4.8587353e-06)
(0.012534547 0 -5.0075321e-06)
(0.012532954 0 -4.988121e-06)
(0.012531442 0 -4.8474897e-06)
(0.012530026 0 -4.6229723e-06)
(0.012528713 0 -4.3438166e-06)
(0.012527509 0 -4.0325811e-06)
(0.012526413 0 -3.7063573e-06)
(0.012525422 0 -3.3778224e-06)
(0.012524531 0 -3.0561292e-06)
(0.012523736 0 -2.7476503e-06)
(0.012523028 0 -2.4565932e-06)
(0.012522401 0 -2.1855041e-06)
(0.012521848 0 -1.9356754e-06)
(0.012521362 0 -1.7074717e-06)
(0.012520937 0 -1.5005881e-06)
(0.012520566 0 -1.3142521e-06)
(0.012520242 0 -1.1473796e-06)
(0.012519962 0 -9.986934e-07)
(0.012519719 0 -8.6681231e-07)
(0.012519509 0 -7.5031624e-07)
(0.012519328 0 -6.4779434e-07)
(0.012519173 0 -5.578795e-07)
(0.01251904 0 -4.7927205e-07)
(0.012518926 0 -4.1075502e-07)
(0.012518829 0 -3.5120229e-07)
(0.012518747 0 -2.9958138e-07)
(0.012518676 0 -2.5495241e-07)
(0.012518617 0 -2.1646456e-07)
(0.012518567 0 -1.8335167e-07)
(0.012518524 0 -1.5492773e-07)
(0.012518489 0 -1.3058262e-07)
(0.012518459 0 -1.097772e-07)
(0.012518434 0 -9.2037536e-08)
(0.012518413 0 -7.6947713e-08)
(0.012518396 0 -6.4142549e-08)
(0.012518381 0 -5.3301228e-08)
(0.01251837 0 -4.4142717e-08)
(0.01251836 0 -3.6422638e-08)
(0.012518352 0 -2.9930461e-08)
(0.012518345 0 -2.4485938e-08)
(0.01251834 0 -1.9934554e-08)
(0.012518336 0 -1.6142785e-08)
(0.012518333 0 -1.2994273e-08)
(0.01251833 0 -1.0387615e-08)
(0.012518328 0 -8.2354881e-09)
(0.012518326 0 -6.4641402e-09)
(0.012518325 0 -5.0122843e-09)
(0.012518324 0 -3.8290948e-09)
(0.012518323 0 -2.871721e-09)
(0.012518323 0 -2.1031285e-09)
(0.012518322 0 -1.4908429e-09)
(0.012518322 0 -1.0065816e-09)
(0.012518322 0 -6.2633436e-10)
(0.012518322 0 -3.3035922e-10)
(0.012518322 0 -1.0281238e-10)
(0.012518322 0 6.8905394e-11)
(0.012518322 0 1.9486877e-10)
(0.012518322 0 2.8329642e-10)
(0.012518323 0 3.41149e-10)
(0.012518323 0 3.7465645e-10)
(0.012518323 0 3.8967928e-10)
(0.012518323 0 3.9171229e-10)
(0.012518323 0 3.8549143e-10)
(0.012518323 0 3.7445979e-10)
(0.012518323 0 3.6048176e-10)
(0.012518323 0 3.4408055e-10)
(0.012518324 0 3.2514338e-10)
(0.012518324 0 3.0370776e-10)
(0.012518324 0 2.8043073e-10)
(0.012518324 0 2.565933e-10)
(0.012518324 0 2.3372312e-10)
(0.012518324 0 2.1305e-10)
(0.012518324 0 1.9504292e-10)
(0.012518324 0 1.7924982e-10)
(0.012518324 0 1.6461625e-10)
(0.012518324 0 1.5023018e-10)
(0.012518324 0 1.3603316e-10)
(0.012518324 0 1.2291588e-10)
(0.012518324 0 1.1205014e-10)
(0.012518324 0 1.0398714e-10)
(0.012518324 0 9.8329589e-11)
(0.012518324 0 9.4226089e-11)
(0.012518324 0 9.1054217e-11)
(0.012518324 0 8.8562233e-11)
(0.012518324 0 8.65702e-11)
(0.012518324 0 8.4952763e-11)
(0.012518325 0 8.4111509e-11)
(0.012518325 0 8.5099019e-11)
(0.012518325 0 8.864055e-11)
(0.012518325 0 9.391587e-11)
(0.012518325 0 9.893971e-11)
(0.012518325 0 1.0270706e-10)
(0.012518325 0 1.0662933e-10)
(0.012518325 0 1.1301306e-10)
(0.012518325 0 1.2203426e-10)
(0.012518325 0 1.3120978e-10)
(0.012518325 0 1.3849656e-10)
(0.012518325 0 1.4499964e-10)
(0.012518325 0 1.5340384e-10)
(0.012518325 0 1.6434094e-10)
(0.012518325 0 1.7618261e-10)
(0.012518325 0 1.8857196e-10)
(0.012518325 0 2.0379593e-10)
(0.012518325 0 2.2327238e-10)
(0.012518325 0 2.4489205e-10)
(0.012518325 0 2.6642274e-10)
(0.012518325 0 2.9000627e-10)
(0.012518325 0 3.1994016e-10)
(0.012518325 0 3.5686559e-10)
(0.012518326 0 3.9808266e-10)
(0.012518326 0 4.4327795e-10)
(0.012518326 0 4.952347e-10)
(0.012518326 0 5.5462302e-10)
(0.012518326 0 6.1967102e-10)
(0.012518326 0 6.9197924e-10)
(0.012518326 0 7.7658423e-10)
(0.012518327 0 8.752198e-10)
(0.012518327 0 9.8619299e-10)
(0.012518327 0 1.111218e-09)
(0.012518328 0 1.2546345e-09)
(0.012518328 0 1.4167183e-09)
(0.012518328 0 1.5963481e-09)
(0.012518329 0 1.7979293e-09)
(0.012518329 0 2.0275837e-09)
(0.01251833 0 2.2871783e-09)
(0.012518331 0 2.5784126e-09)
(0.012518331 0 2.9065361e-09)
(0.012518332 0 3.276816e-09)
(0.012518333 0 3.6929768e-09)
(0.012518334 0 4.1605164e-09)
(0.012518335 0 4.6877116e-09)
(0.012518337 0 5.2797917e-09)
(0.012518338 0 5.9403613e-09)
(0.01251834 0 6.6803405e-09)
(0.012518342 0 7.5080397e-09)
(0.012518344 0 8.4317099e-09)
(0.012518347 0 9.4663183e-09)
(0.012518349 0 1.06171e-08)
(0.012518352 0 1.1895175e-08)
(0.012518356 0 1.3307665e-08)
(0.01251836 0 1.4867636e-08)
(0.012518364 0 1.6585272e-08)
(0.012518369 0 1.8472061e-08)
(0.012518374 0 2.053455e-08)
(0.01251838 0 2.2774312e-08)
(0.012518387 0 2.5189836e-08)
(0.012518394 0 2.7775585e-08)
(0.012518402 0 3.0523389e-08)
(0.012518411 0 3.341924e-08)
(0.012518421 0 3.64353e-08)
(0.012518432 0 3.9529405e-08)
(0.012518444 0 4.2648579e-08)
(0.012518456 0 4.5729837e-08)
(0.01251847 0 4.870566e-08)
(0.012518485 0 5.1490169e-08)
(0.0125185 0 5.4039675e-08)
(0.012518518 0 5.6137062e-08)
(0.012518539 0 5.8307416e-08)
(0.00999602 0 -0.0001106899)
(0.0099216764 0 -0.00033076974)
(0.0097734246 0 -0.00056027469)
(0.009542255 0 -0.00081302746)
(0.0092213093 0 -0.0011046586)
(0.0087980587 0 -0.0014544834)
(0.0082538103 0 -0.0018877076)
(0.0075632291 0 -0.0024356798)
(0.0066907322 0 -0.0031242922)
(0.0055862127 0 -0.0039151871)
(0.0042057078 0 -0.0045313092)
(0.0029115681 0 -0.0040516512)
(1.925441e-06 0 -2.0070679e-06)
(1.6643485e-05 0 5.8499569e-06)
(0.00010784041 0 5.4607796e-05)
(0.00037322208 0 0.00010585397)
(0.00056614778 0 3.1635259e-06)
(0.00049643355 0 -6.88772e-05)
(4.0656374e-05 0 -3.8928587e-06)
(0.00012345434 0 -6.2880475e-05)
(6.5779416e-05 0 -0.00037143801)
(-3.3903918e-05 0 -0.00053889187)
(-0.00015716644 0 -0.00059814941)
(-0.00028887184 0 -0.00057157093)
(-0.0004018229 0 -0.0004744804)
(-0.00047104322 0 -0.00031767534)
(-0.00047496379 0 -0.00011045297)
(-0.00039539842 0 0.00013622083)
(-0.00021969899 0 0.00040578986)
(5.6211077e-05 0 0.00067781183)
(0.00042683474 0 0.00093250986)
(0.00087948735 0 0.0011551818)
(0.0013982244 0 0.0013378528)
(0.0019664498 0 0.0014782386)
(0.0025686427 0 0.0015778707)
(0.0031910795 0 0.0016404734)
(0.0038220377 0 0.001670777)
(0.0044517554 0 0.001673758)
(0.0050722645 0 0.0016541965)
(0.0056771758 0 0.0016164517)
(0.0062614699 0 0.0015643775)
(0.0068213074 0 0.0015013156)
(0.0073538597 0 0.0014301243)
(0.0078571585 0 0.0013532225)
(0.0083299622 0 0.0012726381)
(0.0087716369 0 0.0011900546)
(0.0091820509 0 0.0011068565)
(0.0095614831 0 0.0010241708)
(0.0099105424 0 0.00094290544)
(0.010230099 0 0.00086378338)
(0.010521225 0 0.00078737352)
(0.010785147 0 0.00071411739)
(0.011023206 0 0.00064435198)
(0.011236825 0 0.00057832841)
(0.011427482 0 0.00051622659)
(0.011596691 0 0.00045816623)
(0.011745978 0 0.0004042148)
(0.011876875 0 0.00035439313)
(0.011990896 0 0.0003086794)
(0.012089531 0 0.0002670122)
(0.012174233 0 0.00022929336)
(0.012246401 0 0.0001953909)
(0.01230738 0 0.00016514248)
(0.012358441 0 0.00013835944)
(0.012400783 0 0.00011483133)
(0.012435521 0 9.4330936e-05)
(0.012463683 0 7.6619432e-05)
(0.012486209 0 6.145164e-05)
(0.01250395 0 4.8581018e-05)
(0.012517667 0 3.7764294e-05)
(0.012528035 0 2.8765573e-05)
(0.012535649 0 2.1359804e-05)
(0.012541022 0 1.5335563e-05)
(0.012544598 0 1.0497118e-05)
(0.012546755 0 6.6657793e-06)
(0.012547809 0 3.6806097e-06)
(0.012548024 0 1.3985467e-06)
(0.012547617 0 -3.0601603e-07)
(0.012546764 0 -1.5418538e-06)
(0.012545606 0 -2.402185e-06)
(0.012544255 0 -2.9658774e-06)
(0.012542798 0 -3.2988713e-06)
(0.012541299 0 -3.4556537e-06)
(0.012539809 0 -3.4807132e-06)
(0.012538361 0 -3.4099329e-06)
(0.012536982 0 -3.2718879e-06)
(0.012535686 0 -3.0890257e-06)
(0.012534483 0 -2.8787209e-06)
(0.012533377 0 -2.6541974e-06)
(0.01253237 0 -2.4253229e-06)
(0.012531458 0 -2.1992808e-06)
(0.012530639 0 -1.9811325e-06)
(0.012529906 0 -1.7742831e-06)
(0.012529253 0 -1.5808626e-06)
(0.012528676 0 -1.4020356e-06)
(0.012528166 0 -1.2382484e-06)
(0.012527718 0 -1.0894252e-06)
(0.012527326 0 -9.5512171e-07)
(0.012526984 0 -8.3464315e-07)
(0.012526685 0 -7.2713468e-07)
(0.012526426 0 -6.3164943e-07)
(0.012526202 0 -5.4719976e-07)
(0.012526009 0 -4.7279541e-07)
(0.012525842 0 -4.0747129e-07)
(0.012525699 0 -3.5030631e-07)
(0.012525576 0 -3.0043503e-07)
(0.012525471 0 -2.5705381e-07)
(0.012525382 0 -2.1942291e-07)
(0.012525306 0 -1.8686619e-07)
(0.012525241 0 -1.5876951e-07)
(0.012525186 0 -1.3457872e-07)
(0.01252514 0 -1.1379749e-07)
(0.012525101 0 -9.5984786e-08)
(0.012525068 0 -8.0751261e-08)
(0.01252504 0 -6.7754385e-08)
(0.012525017 0 -5.6692703e-08)
(0.012524998 0 -4.7300405e-08)
(0.012524982 0 -3.9343224e-08)
(0.012524969 0 -3.2615908e-08)
(0.012524958 0 -2.6940492e-08)
(0.012524949 0 -2.2164213e-08)
(0.012524942 0 -1.815637e-08)
(0.012524936 0 -1.4804397e-08)
(0.012524931 0 -1.2010202e-08)
(0.012524927 0 -9.6877316e-09)
(0.012524924 0 -7.7620325e-09)
(0.012524921 0 -6.1691483e-09)
(0.012524919 0 -4.8557987e-09)
(0.012524918 0 -3.7781353e-09)
(0.012524917 0 -2.8996518e-09)
(0.012524916 0 -2.1889563e-09)
(0.012524915 0 -1.6182233e-09)
(0.012524915 0 -1.1626791e-09)
(0.012524914 0 -8.0083576e-10)
(0.012524914 0 -5.1486361e-10)
(0.012524914 0 -2.9058649e-10)
(0.012524914 0 -1.1697036e-10)
(0.012524914 0 1.4658776e-11)
(0.012524914 0 1.1136555e-10)
(0.012524914 0 1.7918714e-10)
(0.012524914 0 2.2355617e-10)
(0.012524915 0 2.4959086e-10)
(0.012524915 0 2.6218541e-10)
(0.012524915 0 2.6578805e-10)
(0.012524915 0 2.6392471e-10)
(0.012524915 0 2.5876737e-10)
(0.012524915 0 2.5109257e-10)
(0.012524915 0 2.4076384e-10)
(0.012524915 0 2.2752539e-10)
(0.012524915 0 2.1166594e-10)
(0.012524916 0 1.9422327e-10)
(0.012524916 0 1.7670996e-10)
(0.012524916 0 1.6056132e-10)
(0.012524916 0 1.4657956e-10)
(0.012524916 0 1.3463083e-10)
(0.012524916 0 1.2377902e-10)
(0.012524916 0 1.1290122e-10)
(0.012524916 0 1.0152135e-10)
(0.012524916 0 9.0273209e-11)
(0.012524916 0 8.0523998e-11)
(0.012524916 0 7.335617e-11)
(0.012524916 0 6.8752467e-11)
(0.012524916 0 6.5733197e-11)
(0.012524916 0 6.3273986e-11)
(0.012524916 0 6.1012766e-11)
(0.012524916 0 5.9084622e-11)
(0.012524916 0 5.7563866e-11)
(0.012524916 0 5.6441074e-11)
(0.012524916 0 5.6140933e-11)
(0.012524916 0 5.7524827e-11)
(0.012524916 0 6.0854337e-11)
(0.012524916 0 6.4959113e-11)
(0.012524916 0 6.8211509e-11)
(0.012524917 0 7.0623261e-11)
(0.012524917 0 7.4264458e-11)
(0.012524917 0 8.0807678e-11)
(0.012524917 0 8.9025229e-11)
(0.012524917 0 9.5901982e-11)
(0.012524917 0 1.0043255e-10)
(0.012524917 0 1.050016e-10)
(0.012524917 0 1.1216461e-10)
(0.012524917 0 1.2134462e-10)
(0.012524917 0 1.3036672e-10)
(0.012524917 0 1.3937445e-10)
(0.012524917 0 1.506992e-10)
(0.012524917 0 1.6480071e-10)
(0.012524917 0 1.7941273e-10)
(0.012524917 0 1.9401288e-10)
(0.012524917 0 2.1203672e-10)
(0.012524917 0 2.3619269e-10)
(0.012524917 0 2.643655e-10)
(0.012524917 0 2.9344492e-10)
(0.012524918 0 3.2458825e-10)
(0.012524918 0 3.6067585e-10)
(0.012524918 0 4.0138383e-10)
(0.012524918 0 4.4589941e-10)
(0.012524918 0 4.9765674e-10)
(0.012524918 0 5.6040527e-10)
(0.012524919 0 6.3265364e-10)
(0.012524919 0 7.1215581e-10)
(0.012524919 0 8.0163609e-10)
(0.01252492 0 9.0401791e-10)
(0.01252492 0 1.0182284e-09)
(0.01252492 0 1.1453176e-09)
(0.012524921 0 1.2907231e-09)
(0.012524921 0 1.457157e-09)
(0.012524922 0 1.6444024e-09)
(0.012524923 0 1.8548562e-09)
(0.012524923 0 2.0913191e-09)
(0.012524924 0 2.35657e-09)
(0.012524925 0 2.6566962e-09)
(0.012524926 0 2.9952962e-09)
(0.012524928 0 3.3744367e-09)
(0.012524929 0 3.8006136e-09)
(0.012524931 0 4.2767383e-09)
(0.012524933 0 4.8084622e-09)
(0.012524935 0 5.4060826e-09)
(0.012524937 0 6.0730143e-09)
(0.012524939 0 6.8203847e-09)
(0.012524942 0 7.6480099e-09)
(0.012524945 0 8.5647622e-09)
(0.012524949 0 9.5789457e-09)
(0.012524953 0 1.0698632e-08)
(0.012524957 0 1.1934082e-08)
(0.012524962 0 1.3288758e-08)
(0.012524968 0 1.4763909e-08)
(0.012524974 0 1.6360135e-08)
(0.012524981 0 1.807837e-08)
(0.012524988 0 1.9916699e-08)
(0.012524997 0 2.1869387e-08)
(0.012525006 0 2.3922291e-08)
(0.012525016 0 2.6050549e-08)
(0.012525027 0 2.8223652e-08)
(0.012525038 0 3.0407603e-08)
(0.012525051 0 3.2563483e-08)
(0.012525065 0 3.4646277e-08)
(0.012525079 0 3.6596408e-08)
(0.012525094 0 3.8383444e-08)
(0.012525112 0 3.9874169e-08)
(0.012525132 0 4.142039e-08)
(0.0099953273 0 -6.9509532e-05)
(0.009909415 0 -0.00020760564)
(0.009738285 0 -0.00035176218)
(0.0094708881 0 -0.00051101679)
(0.0090976993 0 -0.00069565661)
(0.0086012299 0 -0.0009184568)
(0.0079544367 0 -0.0011959587)
(0.0071187041 0 -0.0015477179)
(0.0060415614 0 -0.0019852207)
(0.0046489758 0 -0.0024654077)
(0.0028012652 0 -0.0027899435)
(0.00032225284 0 -0.0025129984)
(4.9309947e-13 0 -3.4996711e-13)
(7.473471e-13 0 -1.4947544e-13)
(2.5639731e-13 0 -1.0822417e-13)
(1.3212232e-13 0 -6.0607625e-14)
(8.5028022e-14 0 -1.6320997e-14)
(6.9470983e-14 0 3.6367922e-14)
(2.9884848e-08 0 1.346071e-08)
(8.4919216e-06 0 -2.6408449e-05)
(-6.1881623e-05 0 -0.00027612112)
(-0.00025707187 0 -0.00038312165)
(-0.00048151827 0 -0.00041539416)
(-0.00070964567 0 -0.0003944906)
(-0.00091332589 0 -0.00033101366)
(-0.0010665277 0 -0.00023183871)
(-0.0011468829 0 -0.00010268597)
(-0.0011360606 0 4.9631286e-05)
(-0.0010213376 0 0.00021560532)
(-0.00079765768 0 0.00038357376)
(-0.000468588 0 0.00054192303)
(-4.4777505e-05 0 0.00068179872)
(0.00045880015 0 0.00079797082)
(0.001025303 0 0.00088858716)
(0.0016380329 0 0.00095416022)
(0.0022815471 0 0.00099668205)
(0.0029421791 0 0.0010188997)
(0.0036082413 0 0.0010238112)
(0.0042700039 0 0.0010143588)
(0.0049195491 0 0.00099326292)
(0.0055505755 0 0.00096294893)
(0.0061581919 0 0.00092552923)
(0.0067387193 0 0.00088281456)
(0.0072895096 0 0.00083633859)
(0.0078087826 0 0.0007873871)
(0.008295482 0 0.00073702796)
(0.0087491499 0 0.00068613988)
(0.0091698173 0 0.00063543922)
(0.0095579114 0 0.00058550444)
(0.0099141755 0 0.00053679798)
(0.010239603 0 0.00048968561)
(0.010535382 0 0.0004444532)
(0.01080285 0 0.0004013209)
(0.011043457 0 0.0003604547)
(0.011258734 0 0.00032197548)
(0.01145027 0 0.00028596579)
(0.011619686 0 0.00025247482)
(0.011768622 0 0.00022152189)
(0.011898712 0 0.00019309904)
(0.012011575 0 0.00016717296)
(0.012108796 0 0.00014368681)
(0.012191914 0 0.00012256214)
(0.012262406 0 0.00010370111)
(0.012321683 0 8.698906e-05)
(0.012371072 0 7.229734e-05)
(0.012411816 0 5.9486504e-05)
(0.012445063 0 4.8409562e-05)
(0.012471865 0 3.8915261e-05)
(0.012493177 0 3.0851235e-05)
(0.012509856 0 2.4066921e-05)
(0.012522664 0 1.8416138e-05)
(0.012532272 0 1.3759279e-05)
(0.012539264 0 9.9650672e-06)
(0.012544144 0 6.9118616e-06)
(0.012547342 0 4.4885251e-06)
(0.012549221 0 2.5948891e-06)
(0.012550083 0 1.1418467e-06)
(0.01255018 0 5.1119589e-08)
(0.012549714 0 -7.4512919e-07)
(0.01254885 0 -1.3050822e-06)
(0.012547719 0 -1.6779979e-06)
(0.012546422 0 -1.9050921e-06)
(0.012545038 0 -2.0204522e-06)
(0.012543627 0 -2.0519392e-06)
(0.012542233 0 -2.0220507e-06)
(0.012540885 0 -1.9487268e-06)
(0.012539606 0 -1.8460847e-06)
(0.012538408 0 -1.7250747e-06)
(0.0125373 0 -1.594055e-06)
(0.012536284 0 -1.4592857e-06)
(0.012535361 0 -1.3253465e-06)
(0.012534527 0 -1.1954874e-06)
(0.012533778 0 -1.0719184e-06)
(0.01253311 0 -9.5604823e-07)
(0.012532517 0 -8.4867709e-07)
(0.012531992 0 -7.5015161e-07)
(0.01253153 0 -6.6048709e-07)
(0.012531124 0 -5.7946297e-07)
(0.012530768 0 -5.0669614e-07)
(0.012530459 0 -4.4169733e-07)
(0.012530189 0 -3.8391429e-07)
(0.012529955 0 -3.3276518e-07)
(0.012529753 0 -2.8766364e-07)
(0.012529579 0 -2.4803675e-07)
(0.012529429 0 -2.1333661e-07)
(0.0125293 0 -1.8304698e-07)
(0.01252919 0 -1.566866e-07)
(0.012529096 0 -1.3381045e-07)
(0.012529016 0 -1.1401015e-07)
(0.012528947 0 -9.6913812e-08)
(0.012528889 0 -8.2185806e-08)
(0.01252884 0 -6.9526116e-08)
(0.012528799 0 -5.8668869e-08)
(0.012528764 0 -4.9379694e-08)
(0.012528735 0 -4.1452033e-08)
(0.01252871 0 -3.4703181e-08)
(0.01252869 0 -2.8971086e-08)
(0.012528673 0 -2.4112506e-08)
(0.012528658 0 -2.0002245e-08)
(0.012528647 0 -1.6532463e-08)
(0.012528637 0 -1.3611162e-08)
(0.012528629 0 -1.1159591e-08)
(0.012528623 0 -9.1092867e-09)
(0.012528617 0 -7.3997622e-09)
(0.012528613 0 -5.9775374e-09)
(0.01252861 0 -4.7962944e-09)
(0.012528607 0 -3.8172771e-09)
(0.012528605 0 -3.0089819e-09)
(0.012528603 0 -2.3458044e-09)
(0.012528602 0 -1.8060856e-09)
(0.012528601 0 -1.3704191e-09)
(0.0125286 0 -1.020897e-09)
(0.0125286 0 -7.4134582e-10)
(0.012528599 0 -5.1802335e-10)
(0.012528599 0 -3.4009058e-10)
(0.012528599 0 -1.9947126e-10)
(0.012528599 0 -9.0175439e-11)
(0.012528599 0 -7.4704036e-12)
(0.012528599 0 5.276017e-11)
(0.012528599 0 9.4374657e-11)
(0.012528599 0 1.2113124e-10)
(0.012528599 0 1.3671904e-10)
(0.012528599 0 1.4463387e-10)
(0.012528599 0 1.4784841e-10)
(0.012528599 0 1.4838394e-10)
(0.0125286 0 1.4707134e-10)
(0.0125286 0 1.4375259e-10)
(0.0125286 0 1.3790402e-10)
(0.0125286 0 1.2935798e-10)
(0.0125286 0 1.1870901e-10)
(0.0125286 0 1.0721165e-10)
(0.0125286 0 9.6295064e-11)
(0.0125286 0 8.6977332e-11)
(0.0125286 0 7.9450538e-11)
(0.0125286 0 7.3031776e-11)
(0.0125286 0 6.6570444e-11)
(0.012528601 0 5.9210824e-11)
(0.012528601 0 5.1097991e-11)
(0.012528601 0 4.3440326e-11)
(0.012528601 0 3.7702543e-11)
(0.012528601 0 3.4483258e-11)
(0.012528601 0 3.3067192e-11)
(0.012528601 0 3.211692e-11)
(0.012528601 0 3.0832136e-11)
(0.012528601 0 2.9383505e-11)
(0.012528601 0 2.8283369e-11)
(0.012528601 0 2.7649341e-11)
(0.012528601 0 2.7357776e-11)
(0.012528601 0 2.7716342e-11)
(0.012528601 0 2.9371649e-11)
(0.012528601 0 3.2241769e-11)
(0.012528601 0 3.5056808e-11)
(0.012528601 0 3.6737479e-11)
(0.012528601 0 3.8157731e-11)
(0.012528601 0 4.1559042e-11)
(0.012528601 0 4.7673922e-11)
(0.012528601 0 5.426298e-11)
(0.012528601 0 5.8623004e-11)
(0.012528601 0 6.1142328e-11)
(0.012528601 0 6.4823563e-11)
(0.012528601 0 7.1072305e-11)
(0.012528601 0 7.7810209e-11)
(0.012528601 0 8.2879629e-11)
(0.012528602 0 8.7525043e-11)
(0.012528602 0 9.4362597e-11)
(0.012528602 0 1.0320969e-10)
(0.012528602 0 1.1199403e-10)
(0.012528602 0 1.2127858e-10)
(0.012528602 0 1.3403263e-10)
(0.012528602 0 1.5033224e-10)
(0.012528602 0 1.6651659e-10)
(0.012528602 0 1.8117998e-10)
(0.012528602 0 1.9763801e-10)
(0.012528602 0 2.1835587e-10)
(0.012528603 0 2.4190191e-10)
(0.012528603 0 2.6807574e-10)
(0.012528603 0 3.0020579e-10)
(0.012528603 0 3.3907666e-10)
(0.012528603 0 3.8110414e-10)
(0.012528604 0 4.2569121e-10)
(0.012528604 0 4.7701119e-10)
(0.012528604 0 5.3658628e-10)
(0.012528605 0 6.029106e-10)
(0.012528605 0 6.7840768e-10)
(0.012528606 0 7.6687835e-10)
(0.012528606 0 8.6696344e-10)
(0.012528607 0 9.7760025e-10)
(0.012528608 0 1.1026616e-09)
(0.012528608 0 1.2437099e-09)
(0.012528609 0 1.4010913e-09)
(0.01252861 0 1.581045e-09)
(0.012528611 0 1.7854535e-09)
(0.012528613 0 2.0110685e-09)
(0.012528614 0 2.2653388e-09)
(0.012528616 0 2.5526779e-09)
(0.012528618 0 2.8717627e-09)
(0.01252862 0 3.2336242e-09)
(0.012528622 0 3.6375678e-09)
(0.012528625 0 4.0837788e-09)
(0.012528628 0 4.5805791e-09)
(0.012528631 0 5.1280283e-09)
(0.012528634 0 5.7398095e-09)
(0.012528639 0 6.4158476e-09)
(0.012528643 0 7.1614614e-09)
(0.012528648 0 7.9744643e-09)
(0.012528654 0 8.85569e-09)
(0.01252866 0 9.8096476e-09)
(0.012528667 0 1.0839396e-08)
(0.012528675 0 1.1942326e-08)
(0.012528683 0 1.3111383e-08)
(0.012528692 0 1.4334175e-08)
(0.012528702 0 1.5595907e-08)
(0.012528713 0 1.688313e-08)
(0.012528725 0 1.8178916e-08)
(0.012528738 0 1.9459307e-08)
(0.012528751 0 2.0693139e-08)
(0.012528765 0 2.1844564e-08)
(0.01252878 0 2.2900295e-08)
(0.012528798 0 2.3793884e-08)
(0.012528818 0 2.4724711e-08)
(0.0099949537 0 -2.3707432e-05)
(0.0099028513 0 -7.0787722e-05)
(0.0097195016 0 -0.00011995695)
(0.0094327756 0 -0.00017435459)
(0.0090317775 0 -0.00023755273)
(0.0084966461 0 -0.0003139561)
(0.007796956 0 -0.00040910693)
(0.0068905715 0 -0.00052893962)
(0.0057265248 0 -0.00067471455)
(0.0042536898 0 -0.00082566263)
(0.0024111517 0 -0.00090600909)
(0.00017695315 0 -0.00077279949)
(3.1800272e-13 0 3.7881661e-14)
(5.9702992e-13 0 -1.4929282e-13)
(3.5607692e-13 0 -9.9927045e-14)
(2.0971852e-13 0 -4.8575577e-14)
(1.474499e-13 0 -1.5142247e-14)
(6.6208584e-14 0 2.5579461e-14)
(6.8185741e-08 0 -2.4222517e-07)
(6.2107282e-06 0 -3.2010211e-05)
(-9.5608249e-05 0 -0.00010567781)
(-0.00034953885 0 -0.00013979655)
(-0.00063717144 0 -0.00014907756)
(-0.00092228183 0 -0.00014080531)
(-0.0011765685 0 -0.00011848615)
(-0.0013747562 0 -8.4391782e-05)
(-0.0014949029 0 -4.0422121e-05)
(-0.0015191006 0 1.1139297e-05)
(-0.0014349793 0 6.7192707e-05)
(-0.0012374274 0 0.00012394587)
(-0.00092933877 0 0.00017761445)
(-0.00052051576 0 0.00022526156)
(-2.536948e-05 0 0.00026506215)
(0.00053933717 0 0.00029633232)
(0.001156464 0 0.00031917277)
(0.0018098354 0 0.00033419984)
(0.0024848905 0 0.00034230891)
(0.0031690055 0 0.00034449771)
(0.0038515597 0 0.00034175684)
(0.0045238377 0 0.00033500899)
(0.005178852 0 0.0003250807)
(0.0058111379 0 0.00031269389)
(0.0064165461 0 0.00029846834)
(0.0069920486 0 0.00028292944)
(0.0075355618 0 0.00026651791)
(0.0080457908 0 0.00024959985)
(0.0085220921 0 0.00023247661)
(0.0089643555 0 0.00021539407)
(0.0093729042 0 0.00019855107)
(0.0097484092 0 0.00018210685)
(0.010091818 0 0.00016618767)
(0.010404296 0 0.00015089254)
(0.010687179 0 0.00013629801)
(0.010941928 0 0.00012246213)
(0.011170104 0 0.00010942745)
(0.011373335 0 9.7223364e-05)
(0.011553293 0 8.5867806e-05)
(0.011711672 0 7.5368435e-05)
(0.011850173 0 6.5723512e-05)
(0.011970481 0 5.6922574e-05)
(0.012074251 0 4.8947062e-05)
(0.012163094 0 4.1770982e-05)
(0.012238561 0 3.5361667e-05)
(0.012302133 0 2.9680651e-05)
(0.012355207 0 2.4684658e-05)
(0.01239909 0 2.0326672e-05)
(0.012434995 0 1.6557056e-05)
(0.012464033 0 1.3324677e-05)
(0.012487213 0 1.0577978e-05)
(0.012505441 0 8.2659778e-06)
(0.012519526 0 6.3391501e-06)
(0.012530178 0 4.7501721e-06)
(0.012538019 0 3.4545253e-06)
(0.012543582 0 2.410942e-06)
(0.012547327 0 1.5817037e-06)
(0.01254964 0 9.328032e-07)
(0.012550844 0 4.3397968e-07)
(0.012551206 0 5.8642605e-08)
(0.012550945 0 -2.1625509e-07)
(0.012550237 0 -4.1049904e-07)
(0.012549222 0 -5.4084017e-07)
(0.012548012 0 -6.2130051e-07)
(0.01254669 0 -6.6348254e-07)
(0.012545323 0 -6.7687424e-07)
(0.012543957 0 -6.6914109e-07)
(0.012542628 0 -6.4639869e-07)
(0.012541359 0 -6.1346267e-07)
(0.012540166 0 -5.7407236e-07)
(0.012539057 0 -5.3108654e-07)
(0.012538038 0 -4.8665076e-07)
(0.012537109 0 -4.4233858e-07)
(0.012536269 0 -3.9927001e-07)
(0.012535513 0 -3.582102e-07)
(0.012534837 0 -3.1965085e-07)
(0.012534236 0 -2.8387653e-07)
(0.012533704 0 -2.5101743e-07)
(0.012533234 0 -2.2109063e-07)
(0.012532821 0 -1.9403158e-07)
(0.01253246 0 -1.6971829e-07)
(0.012532144 0 -1.4799041e-07)
(0.01253187 0 -1.286648e-07)
(0.012531631 0 -1.1154824e-07)
(0.012531425 0 -9.644695e-08)
(0.012531247 0 -8.3172637e-08)
(0.012531093 0 -7.1545554e-08)
(0.012530961 0 -6.1395635e-08)
(0.012530849 0 -5.2562936e-08)
(0.012530752 0 -4.4898107e-08)
(0.01253067 0 -3.826313e-08)
(0.012530599 0 -3.2532169e-08)
(0.01253054 0 -2.7592259e-08)
(0.01253049 0 -2.3343451e-08)
(0.012530447 0 -1.9698122e-08)
(0.012530411 0 -1.6579372e-08)
(0.012530381 0 -1.3918945e-08)
(0.012530356 0 -1.1655412e-08)
(0.012530334 0 -9.7333347e-09)
(0.012530317 0 -8.1034563e-09)
(0.012530302 0 -6.7233127e-09)
(0.01253029 0 -5.5573256e-09)
(0.01253028 0 -4.5758427e-09)
(0.012530272 0 -3.7533676e-09)
(0.012530265 0 -3.0668515e-09)
(0.01253026 0 -2.4949146e-09)
(0.012530255 0 -2.0182379e-09)
(0.012530252 0 -1.6205647e-09)
(0.012530249 0 -1.2893611e-09)
(0.012530247 0 -1.0154589e-09)
(0.012530245 0 -7.9174209e-10)
(0.012530243 0 -6.1159879e-10)
(0.012530242 0 -4.6799328e-10)
(0.012530242 0 -3.5357275e-10)
(0.012530241 0 -2.6154791e-10)
(0.012530241 0 -1.8664737e-10)
(0.01253024 0 -1.2551149e-10)
(0.01253024 0 -7.6348952e-11)
(0.01253024 0 -3.8157339e-11)
(0.01253024 0 -9.9911984e-12)
(0.01253024 0 9.4148156e-12)
(0.01253024 0 2.1678713e-11)
(0.01253024 0 2.8639717e-11)
(0.01253024 0 3.2184998e-11)
(0.01253024 0 3.4023092e-11)
(0.012530241 0 3.5372638e-11)
(0.012530241 0 3.667403e-11)
(0.012530241 0 3.7556111e-11)
(0.012530241 0 3.7194678e-11)
(0.012530241 0 3.4924375e-11)
(0.012530241 0 3.0747913e-11)
(0.012530241 0 2.5432647e-11)
(0.012530241 0 2.0162285e-11)
(0.012530241 0 1.5978333e-11)
(0.012530241 0 1.3305499e-11)
(0.012530241 0 1.1759376e-11)
(0.012530242 0 1.033314e-11)
(0.012530242 0 7.961334e-12)
(0.012530242 0 4.2557094e-12)
(0.012530242 0 -6.172647e-14)
(0.012530242 0 -3.5081036e-12)
(0.012530242 0 -4.9064871e-12)
(0.012530242 0 -4.3492747e-12)
(0.012530242 0 -3.1188931e-12)
(0.012530242 0 -2.5357281e-12)
(0.012530242 0 -2.8466857e-12)
(0.012530242 0 -3.2994586e-12)
(0.012530242 0 -3.2138239e-12)
(0.012530242 0 -2.674633e-12)
(0.012530242 0 -2.0248747e-12)
(0.012530242 0 -1.0496563e-12)
(0.012530242 0 7.4462658e-13)
(0.012530242 0 3.0182756e-12)
(0.012530242 0 4.5266919e-12)
(0.012530242 0 4.790349e-12)
(0.012530242 0 5.3698723e-12)
(0.012530242 0 8.3983898e-12)
(0.012530242 0 1.3700406e-11)
(0.012530242 0 1.8528842e-11)
(0.012530242 0 2.0927715e-11)
(0.012530242 0 2.2322361e-11)
(0.012530242 0 2.534077e-11)
(0.012530243 0 2.9722831e-11)
(0.012530243 0 3.2567288e-11)
(0.012530243 0 3.2897288e-11)
(0.012530243 0 3.3489521e-11)
(0.012530243 0 3.6825589e-11)
(0.012530243 0 4.1607121e-11)
(0.012530243 0 4.5571061e-11)
(0.012530243 0 4.9528682e-11)
(0.012530243 0 5.5203194e-11)
(0.012530243 0 6.0827691e-11)
(0.012530243 0 6.3395615e-11)
(0.012530243 0 6.4339409e-11)
(0.012530243 0 6.7915627e-11)
(0.012530244 0 7.4533985e-11)
(0.012530244 0 8.1311381e-11)
(0.012530244 0 8.8462186e-11)
(0.012530244 0 9.8454425e-11)
(0.012530244 0 1.0982209e-10)
(0.012530245 0 1.1942915e-10)
(0.012530245 0 1.2938172e-10)
(0.012530245 0 1.4386302e-10)
(0.012530245 0 1.6211097e-10)
(0.012530246 0 1.8202898e-10)
(0.012530246 0 2.05477e-10)
(0.012530247 0 2.3340103e-10)
(0.012530247 0 2.6293243e-10)
(0.012530248 0 2.9405296e-10)
(0.012530249 0 3.3108267e-10)
(0.01253025 0 3.7521968e-10)
(0.012530251 0 4.2471668e-10)
(0.012530252 0 4.8231534e-10)
(0.012530253 0 5.4922989e-10)
(0.012530254 0 6.200016e-10)
(0.012530255 0 6.9918944e-10)
(0.012530257 0 7.9412619e-10)
(0.012530259 0 8.9849698e-10)
(0.012530261 0 1.0153005e-09)
(0.012530263 0 1.1492775e-09)
(0.012530266 0 1.2921335e-09)
(0.012530269 0 1.4540961e-09)
(0.012530272 0 1.6344329e-09)
(0.012530276 0 1.8391967e-09)
(0.01253028 0 2.0647294e-09)
(0.012530285 0 2.311493e-09)
(0.01253029 0 2.5782716e-09)
(0.012530296 0 2.8675546e-09)
(0.012530302 0 3.1855434e-09)
(0.012530309 0 3.5318609e-09)
(0.012530317 0 3.9006699e-09)
(0.012530325 0 4.2875364e-09)
(0.012530334 0 4.6895304e-09)
(0.012530344 0 5.105415e-09)
(0.012530355 0 5.5338162e-09)
(0.012530367 0 5.9667205e-09)
(0.01253038 0 6.3918255e-09)
(0.012530393 0 6.7960407e-09)
(0.012530407 0 7.1717157e-09)
(0.012530422 0 7.5202089e-09)
(0.01253044 0 7.8198484e-09)
(0.01253046 0 8.128601e-09)
(0.0099949537 0 2.3707315e-05)
(0.0099028513 0 7.0787988e-05)
(0.0097195018 0 0.0001199584)
(0.0094327759 0 0.00017435799)
(0.009031778 0 0.00023755899)
(0.008496647 0 0.00031396626)
(0.0077969573 0 0.00040912223)
(0.0068905732 0 0.00052896136)
(0.005726527 0 0.00067474374)
(0.0042536922 0 0.00082569945)
(0.0024111535 0 0.00090605058)
(0.00017695341 0 0.00077283696)
(3.180035e-13 0 -3.7881097e-14)
(5.9703047e-13 0 1.4929762e-13)
(3.5607592e-13 0 9.992952e-14)
(2.0971758e-13 0 4.8574789e-14)
(1.4745007e-13 0 1.513994e-14)
(6.6209033e-14 0 -2.5581905e-14)
(6.8173551e-08 0 2.4219007e-07)
(6.2113115e-06 0 3.2017547e-05)
(-9.5604838e-05 0 0.00010572406)
(-0.00034953475 0 0.00013987484)
(-0.00063716644 0 0.00014917741)
(-0.00092227627 0 0.00014091558)
(-0.0011765628 0 0.00011859569)
(-0.0013747502 0 8.4490386e-05)
(-0.0014948963 0 4.0501496e-05)
(-0.0015190928 0 -1.1085203e-05)
(-0.0014349699 0 -6.7167153e-05)
(-0.001237416 0 -0.00012394898)
(-0.00092932517 0 -0.00017764407)
(-0.00052050017 0 -0.00022531375)
(-2.5352318e-05 0 -0.00026513219)
(0.00053935532 0 -0.00029641556)
(0.0011564825 0 -0.00031926501)
(0.0018098538 0 -0.00033429732)
(0.0024849085 0 -0.00034240836)
(0.0031690227 0 -0.00034459634)
(0.003851576 0 -0.00034185228)
(0.0045238528 0 -0.00033509927)
(0.005178866 0 -0.00032516421)
(0.0058111506 0 -0.00031276939)
(0.0064165576 0 -0.00029853501)
(0.0069920588 0 -0.00028298679)
(0.0075355708 0 -0.00026656573)
(0.0080457987 0 -0.00024963823)
(0.0085220989 0 -0.00023250589)
(0.0089643613 0 -0.00021541482)
(0.0093729091 0 -0.00019856399)
(0.0097484133 0 -0.00018211276)
(0.010091821 0 -0.0001661875)
(0.010404299 0 -0.00015088725)
(0.010687181 0 -0.00013628857)
(0.01094193 0 -0.00012244944)
(0.011170106 0 -0.00010941237)
(0.011373336 0 -9.7206681e-05)
(0.011553294 0 -8.5850202e-05)
(0.011711673 0 -7.535048e-05)
(0.011850173 0 -6.5705659e-05)
(0.011970481 0 -5.6905171e-05)
(0.012074251 0 -4.8930364e-05)
(0.012163094 0 -4.1755163e-05)
(0.012238561 0 -3.5346831e-05)
(0.012302133 0 -2.9666841e-05)
(0.012355206 0 -2.4671871e-05)
(0.01239909 0 -2.0314877e-05)
(0.012434995 0 -1.6546205e-05)
(0.012464033 0 -1.3314713e-05)
(0.012487212 0 -1.056884e-05)
(0.012505441 0 -8.2576051e-06)
(0.012519526 0 -6.3314857e-06)
(0.012530178 0 -4.7431643e-06)
(0.012538018 0 -3.4481251e-06)
(0.012543582 0 -2.4051035e-06)
(0.012547327 0 -1.5763848e-06)
(0.01254964 0 -9.2796437e-07)
(0.012550844 0 -4.2958132e-07)
(0.012551206 0 -5.4644116e-08)
(0.012550945 0 2.1989389e-07)
(0.012550237 0 4.1381481e-07)
(0.012549222 0 5.438651e-07)
(0.012548012 0 6.2406196e-07)
(0.01254669 0 6.6600233e-07)
(0.012545323 0 6.7916909e-07)
(0.012543957 0 6.7122479e-07)
(0.012542628 0 6.4828579e-07)
(0.012541359 0 6.1517036e-07)
(0.012540165 0 5.7561932e-07)
(0.012539057 0 5.3249006e-07)
(0.012538038 0 4.8792489e-07)
(0.012537109 0 4.4349457e-07)
(0.012536269 0 4.0031827e-07)
(0.012535513 0 3.5916193e-07)
(0.012534837 0 3.2051799e-07)
(0.012534236 0 2.8466991e-07)
(0.012533704 0 2.5174441e-07)
(0.012533234 0 2.217539e-07)
(0.012532821 0 1.9463054e-07)
(0.01253246 0 1.7025255e-07)
(0.012532144 0 1.4846343e-07)
(0.012531869 0 1.2908531e-07)
(0.012531631 0 1.1192825e-07)
(0.012531425 0 9.6797618e-08)
(0.012531247 0 8.3500533e-08)
(0.012531093 0 7.1851412e-08)
(0.012530961 0 6.1676004e-08)
(0.012530848 0 5.2813473e-08)
(0.012530752 0 4.5116753e-08)
(0.01253067 0 3.845181e-08)
(0.012530599 0 3.2696508e-08)
(0.01253054 0 2.7739568e-08)
(0.01253049 0 2.3479926e-08)
(0.012530447 0 1.9826559e-08)
(0.012530411 0 1.6698642e-08)
(0.012530381 0 1.4025605e-08)
(0.012530356 0 1.1746592e-08)
(0.012530334 0 9.8090804e-09)
(0.012530317 0 8.1670052e-09)
(0.012530302 0 6.7791123e-09)
(0.01253029 0 5.6081944e-09)
(0.01253028 0 4.6213178e-09)
(0.012530272 0 3.7904683e-09)
(0.012530265 0 3.0927689e-09)
(0.01253026 0 2.5097312e-09)
(0.012530255 0 2.0257078e-09)
(0.012530252 0 1.6263181e-09)
(0.012530249 0 1.29768e-09)
(0.012530247 0 1.0267546e-09)
(0.012530245 0 8.0238541e-10)
(0.012530243 0 6.1618288e-10)
(0.012530242 0 4.6255496e-10)
(0.012530242 0 3.3779484e-10)
(0.012530241 0 2.3875243e-10)
(0.012530241 0 1.6183905e-10)
(0.01253024 0 1.0283175e-10)
(0.01253024 0 5.7393755e-11)
(0.01253024 0 2.1817364e-11)
(0.01253024 0 -6.514722e-12)
(0.01253024 0 -2.9138545e-11)
(0.01253024 0 -4.683086e-11)
(0.01253024 0 -5.9969313e-11)
(0.01253024 0 -6.8793228e-11)
(0.01253024 0 -7.3609871e-11)
(0.012530241 0 -7.5004092e-11)
(0.012530241 0 -7.3973065e-11)
(0.012530241 0 -7.1825993e-11)
(0.012530241 0 -6.9802256e-11)
(0.012530241 0 -6.8601381e-11)
(0.012530241 0 -6.8142892e-11)
(0.012530241 0 -6.7732008e-11)
(0.012530241 0 -6.6527257e-11)
(0.012530241 0 -6.4036667e-11)
(0.012530241 0 -6.040897e-11)
(0.012530241 0 -5.6422889e-11)
(0.012530242 0 -5.315928e-11)
(0.012530242 0 -5.1410393e-11)
(0.012530242 0 -5.1083346e-11)
(0.012530242 0 -5.1075713e-11)
(0.012530242 0 -4.9947789e-11)
(0.012530242 0 -4.7053405e-11)
(0.012530242 0 -4.3161079e-11)
(0.012530242 0 -3.9835622e-11)
(0.012530242 0 -3.8030547e-11)
(0.012530242 0 -3.7291403e-11)
(0.012530242 0 -3.6427092e-11)
(0.012530242 0 -3.4855555e-11)
(0.012530242 0 -3.301569e-11)
(0.012530242 0 -3.144758e-11)
(0.012530242 0 -2.9962838e-11)
(0.012530242 0 -2.8204811e-11)
(0.012530242 0 -2.6731272e-11)
(0.012530242 0 -2.6621073e-11)
(0.012530242 0 -2.7635935e-11)
(0.012530242 0 -2.7619179e-11)
(0.012530242 0 -2.4758153e-11)
(0.012530242 0 -2.0152708e-11)
(0.012530242 0 -1.6843476e-11)
(0.012530242 0 -1.6044716e-11)
(0.012530242 0 -1.5803465e-11)
(0.012530242 0 -1.4315225e-11)
(0.012530243 0 -1.3032613e-11)
(0.012530243 0 -1.4473563e-11)
(0.012530243 0 -1.7840443e-11)
(0.012530243 0 -1.9654874e-11)
(0.012530243 0 -1.8927288e-11)
(0.012530243 0 -1.8601336e-11)
(0.012530243 0 -2.0810513e-11)
(0.012530243 0 -2.407011e-11)
(0.012530243 0 -2.7193118e-11)
(0.012530243 0 -3.2346961e-11)
(0.012530243 0 -4.0980984e-11)
(0.012530243 0 -5.0271527e-11)
(0.012530243 0 -5.7801633e-11)
(0.012530244 0 -6.6253683e-11)
(0.012530244 0 -7.8715526e-11)
(0.012530244 0 -9.3355894e-11)
(0.012530244 0 -1.0798641e-10)
(0.012530244 0 -1.2493758e-10)
(0.012530245 0 -1.4583315e-10)
(0.012530245 0 -1.6757431e-10)
(0.012530245 0 -1.8865216e-10)
(0.012530245 0 -2.1234612e-10)
(0.012530246 0 -2.4047883e-10)
(0.012530246 0 -2.7207059e-10)
(0.012530247 0 -3.0810152e-10)
(0.012530247 0 -3.498541e-10)
(0.012530248 0 -3.9590115e-10)
(0.012530249 0 -4.4484181e-10)
(0.01253025 0 -4.9704382e-10)
(0.01253025 0 -5.5557958e-10)
(0.012530252 0 -6.2361102e-10)
(0.012530253 0 -6.9929776e-10)
(0.012530254 0 -7.8295497e-10)
(0.012530255 0 -8.7588796e-10)
(0.012530257 0 -9.7574305e-10)
(0.012530259 0 -1.0877725e-09)
(0.012530261 0 -1.216653e-09)
(0.012530263 0 -1.3597836e-09)
(0.012530266 0 -1.5173151e-09)
(0.012530269 0 -1.6893402e-09)
(0.012530272 0 -1.8763368e-09)
(0.012530276 0 -2.0832079e-09)
(0.01253028 0 -2.3134992e-09)
(0.012530285 0 -2.5675994e-09)
(0.01253029 0 -2.8436686e-09)
(0.012530296 0 -3.1415104e-09)
(0.012530302 0 -3.4587975e-09)
(0.012530309 0 -3.8001634e-09)
(0.012530317 0 -4.1694628e-09)
(0.012530325 0 -4.5621944e-09)
(0.012530334 0 -4.9706974e-09)
(0.012530344 0 -5.3887818e-09)
(0.012530355 0 -5.8132426e-09)
(0.012530367 0 -6.2432303e-09)
(0.01253038 0 -6.6708636e-09)
(0.012530393 0 -7.0840623e-09)
(0.012530407 0 -7.4677976e-09)
(0.012530422 0 -7.8189803e-09)
(0.01253044 0 -8.1223534e-09)
(0.01253046 0 -8.4432112e-09)
(0.0099953273 0 6.9509365e-05)
(0.0099094152 0 0.00020760578)
(0.0097382854 0 0.00035176337)
(0.009470889 0 0.00051101982)
(0.0090977008 0 0.00069566232)
(0.0086012324 0 0.00091846626)
(0.0079544405 0 0.0011959731)
(0.0071187093 0 0.0015477386)
(0.0060415683 0 0.0019852492)
(0.0046489839 0 0.0024654447)
(0.0028012721 0 0.0027899872)
(0.00032225437 0 0.0025130398)
(4.9310204e-13 0 3.4997024e-13)
(7.4734912e-13 0 1.4947848e-13)
(2.5639271e-13 0 1.0822574e-13)
(1.3211856e-13 0 6.060727e-14)
(8.5026318e-14 0 1.6319562e-14)
(6.9472906e-14 0 -3.6370813e-14)
(2.9886728e-08 0 -1.3462445e-08)
(8.4928698e-06 0 2.6409512e-05)
(-6.1873999e-05 0 0.00027616398)
(-0.0002570613 0 0.0003831974)
(-0.00048150509 0 0.00041549258)
(-0.00070963143 0 0.00039460033)
(-0.00091331128 0 0.00033112281)
(-0.0010665123 0 0.00023193643)
(-0.0011468654 0 0.00010276369)
(-0.0011360395 0 -4.9579932e-05)
(-0.0010213112 0 -0.00021558352)
(-0.00079762483 0 -0.0003835812)
(-0.00046854855 0 -0.00054195691)
(-4.4731996e-05 0 -0.00068185445)
(0.00045885031 0 -0.00079804335)
(0.0010253559 0 -0.00088867181)
(0.001638087 0 -0.00095425282)
(0.0022816009 0 -0.00099677904)
(0.0029422314 0 -0.001018998)
(0.0036082914 0 -0.0010239082)
(0.0042700511 0 -0.0010144522)
(0.0049195931 0 -0.00099335091)
(0.005550616 0 -0.00096303001)
(0.0061582288 0 -0.00092560227)
(0.0067387525 0 -0.00088287875)
(0.0072895393 0 -0.00083639346)
(0.0078088088 0 -0.00078743252)
(0.0082955048 0 -0.00073706407)
(0.0087491695 0 -0.00068616705)
(0.0091698341 0 -0.00063545802)
(0.0095579256 0 -0.00058551559)
(0.0099141873 0 -0.00053680231)
(0.010239613 0 -0.00048968403)
(0.01053539 0 -0.00044444666)
(0.010802856 0 -0.00040131037)
(0.011043461 0 -0.00036044111)
(0.011258737 0 -0.00032195966)
(0.011450272 0 -0.00028594849)
(0.011619688 0 -0.00025245669)
(0.011768623 0 -0.0002215035)
(0.011898713 0 -0.00019308083)
(0.012011575 0 -0.00016715528)
(0.012108796 0 -0.00014366989)
(0.012191913 0 -0.00012254616)
(0.012262405 0 -0.00010368616)
(0.012321682 0 -8.6975171e-05)
(0.012371071 0 -7.2284508e-05)
(0.012411815 0 -5.9474697e-05)
(0.012445062 0 -4.8398728e-05)
(0.012471864 0 -3.8905335e-05)
(0.012493176 0 -3.0842146e-05)
(0.012509855 0 -2.4058601e-05)
(0.012522663 0 -1.8408528e-05)
(0.012532271 0 -1.3752326e-05)
(0.012539263 0 -9.9587219e-06)
(0.012544143 0 -6.9060745e-06)
(0.012547341 0 -4.4832504e-06)
(0.01254922 0 -2.5900848e-06)
(0.012550083 0 -1.1374738e-06)
(0.012550179 0 -4.7142731e-08)
(0.012549713 0 7.4874643e-07)
(0.01254885 0 1.3083742e-06)
(0.012547718 0 1.6809961e-06)
(0.012546421 0 1.9078241e-06)
(0.012545038 0 2.0229413e-06)
(0.012543627 0 2.0542038e-06)
(0.012542232 0 2.0241069e-06)
(0.012540885 0 1.950591e-06)
(0.012539606 0 1.847775e-06)
(0.012538408 0 1.7266096e-06)
(0.0125373 0 1.5954507e-06)
(0.012536284 0 1.4605547e-06)
(0.012535361 0 1.3264987e-06)
(0.012534527 0 1.1965319e-06)
(0.012533778 0 1.0728655e-06)
(0.01253311 0 9.569093e-07)
(0.012532517 0 8.4946276e-07)
(0.012531992 0 7.5086974e-07)
(0.012531529 0 6.6114188e-07)
(0.012531123 0 5.8005584e-07)
(0.012530768 0 5.0722831e-07)
(0.012530458 0 4.4217233e-07)
(0.012530189 0 3.8433894e-07)
(0.012529955 0 3.3314833e-07)
(0.012529753 0 2.8801365e-07)
(0.012529579 0 2.4835919e-07)
(0.012529429 0 2.1363353e-07)
(0.0125293 0 1.8331785e-07)
(0.01252919 0 1.5693006e-07)
(0.012529096 0 1.3402612e-07)
(0.012529016 0 1.1419958e-07)
(0.012528947 0 9.7080653e-08)
(0.012528889 0 8.2334918e-08)
(0.01252884 0 6.966202e-08)
(0.012528799 0 5.8794178e-08)
(0.012528764 0 4.9494441e-08)
(0.012528735 0 4.1554443e-08)
(0.01252871 0 3.4791552e-08)
(0.01252869 0 2.9045588e-08)
(0.012528673 0 2.4175624e-08)
(0.012528658 0 2.0057482e-08)
(0.012528647 0 1.6582216e-08)
(0.012528637 0 1.3655318e-08)
(0.012528629 0 1.119597e-08)
(0.012528623 0 9.1356712e-09)
(0.012528617 0 7.4161137e-09)
(0.012528613 0 5.9867506e-09)
(0.01252861 0 4.8028804e-09)
(0.012528607 0 3.8248063e-09)
(0.012528605 0 3.0180009e-09)
(0.012528603 0 2.3536111e-09)
(0.012528602 0 1.8084883e-09)
(0.012528601 0 1.3643125e-09)
(0.0125286 0 1.006041e-09)
(0.0125286 0 7.2037057e-10)
(0.012528599 0 4.9487702e-10)
(0.012528599 0 3.1804391e-10)
(0.012528599 0 1.7983953e-10)
(0.012528599 0 7.2236185e-11)
(0.012528599 0 -1.0748532e-11)
(0.012528599 0 -7.349099e-11)
(0.012528599 0 -1.1937133e-10)
(0.012528599 0 -1.5123053e-10)
(0.012528599 0 -1.7159049e-10)
(0.012528599 0 -1.8276487e-10)
(0.012528599 0 -1.8696497e-10)
(0.012528599 0 -1.8635232e-10)
(0.0125286 0 -1.8292005e-10)
(0.0125286 0 -1.781954e-10)
(0.0125286 0 -1.7296084e-10)
(0.0125286 0 -1.6724636e-10)
(0.0125286 0 -1.6065069e-10)
(0.0125286 0 -1.5281078e-10)
(0.0125286 0 -1.4377199e-10)
(0.0125286 0 -1.3411407e-10)
(0.0125286 0 -1.2481484e-10)
(0.0125286 0 -1.168724e-10)
(0.0125286 0 -1.1075901e-10)
(0.012528601 0 -1.0599775e-10)
(0.012528601 0 -1.0131938e-10)
(0.012528601 0 -9.5551649e-11)
(0.012528601 0 -8.8662891e-11)
(0.012528601 0 -8.1948641e-11)
(0.012528601 0 -7.6947679e-11)
(0.012528601 0 -7.3999796e-11)
(0.012528601 0 -7.1951924e-11)
(0.012528601 0 -6.9401731e-11)
(0.012528601 0 -6.6106519e-11)
(0.012528601 0 -6.2942392e-11)
(0.012528601 0 -6.0603946e-11)
(0.012528601 0 -5.8890359e-11)
(0.012528601 0 -5.7543557e-11)
(0.012528601 0 -5.717021e-11)
(0.012528601 0 -5.8397623e-11)
(0.012528601 0 -6.0149811e-11)
(0.012528601 0 -5.9950606e-11)
(0.012528601 0 -5.6779182e-11)
(0.012528601 0 -5.2872926e-11)
(0.012528601 0 -5.1416279e-11)
(0.012528601 0 -5.2729241e-11)
(0.012528601 0 -5.4344442e-11)
(0.012528601 0 -5.5047731e-11)
(0.012528601 0 -5.6747266e-11)
(0.012528601 0 -6.1074616e-11)
(0.012528601 0 -6.6202563e-11)
(0.012528602 0 -6.9581477e-11)
(0.012528602 0 -7.2524431e-11)
(0.012528602 0 -7.8730779e-11)
(0.012528602 0 -8.8726198e-11)
(0.012528602 0 -9.9635718e-11)
(0.012528602 0 -1.1069664e-10)
(0.012528602 0 -1.2451869e-10)
(0.012528602 0 -1.4192952e-10)
(0.012528602 0 -1.6072532e-10)
(0.012528602 0 -1.8125589e-10)
(0.012528602 0 -2.0748526e-10)
(0.012528603 0 -2.402336e-10)
(0.012528603 0 -2.7571531e-10)
(0.012528603 0 -3.1298543e-10)
(0.012528603 0 -3.5562333e-10)
(0.012528603 0 -4.0457903e-10)
(0.012528604 0 -4.5770075e-10)
(0.012528604 0 -5.1656035e-10)
(0.012528604 0 -5.8493215e-10)
(0.012528605 0 -6.6273587e-10)
(0.012528605 0 -7.4949167e-10)
(0.012528606 0 -8.47654e-10)
(0.012528606 0 -9.5718837e-10)
(0.012528607 0 -1.0770916e-09)
(0.012528607 0 -1.211503e-09)
(0.012528608 0 -1.3630716e-09)
(0.012528609 0 -1.5317284e-09)
(0.01252861 0 -1.7229564e-09)
(0.012528611 0 -1.9383308e-09)
(0.012528613 0 -2.1753643e-09)
(0.012528614 0 -2.4391146e-09)
(0.012528616 0 -2.7336278e-09)
(0.012528618 0 -3.0657064e-09)
(0.01252862 0 -3.4371203e-09)
(0.012528622 0 -3.8509077e-09)
(0.012528625 0 -4.3063534e-09)
(0.012528628 0 -4.8100037e-09)
(0.012528631 0 -5.367558e-09)
(0.012528634 0 -5.9881411e-09)
(0.012528639 0 -6.6727917e-09)
(0.012528643 0 -7.4217412e-09)
(0.012528648 0 -8.2352436e-09)
(0.012528654 0 -9.1206624e-09)
(0.01252866 0 -1.0079777e-08)
(0.012528667 0 -1.1114622e-08)
(0.012528675 0 -1.2221188e-08)
(0.012528683 0 -1.3388535e-08)
(0.012528692 0 -1.4607277e-08)
(0.012528702 0 -1.5869096e-08)
(0.012528713 0 -1.7161013e-08)
(0.012528725 0 -1.8463463e-08)
(0.012528738 0 -1.974538e-08)
(0.012528751 0 -2.0976546e-08)
(0.012528765 0 -2.2127937e-08)
(0.01252878 0 -2.3193056e-08)
(0.012528798 0 -2.4102145e-08)
(0.012528818 0 -2.5042718e-08)
(0.00999602 0 0.00011068964)
(0.0099216766 0 0.00033076966)
(0.0097734252 0 0.00056027544)
(0.0095422563 0 0.00081302975)
(0.0092213117 0 0.0011046632)
(0.0087980626 0 0.0014544914)
(0.0082538164 0 0.00188772)
(0.0075632381 0 0.0024356983)
(0.0066907448 0 0.0031243183)
(0.0055862293 0 0.0039152227)
(0.0042057278 0 0.0045313542)
(0.0029115929 0 0.0040516953)
(1.9255529e-06 0 2.0071861e-06)
(1.6643778e-05 0 -5.8500912e-06)
(0.00010784024 0 -5.4609122e-05)
(0.00037322646 0 -0.00010585564)
(0.00056615348 0 -3.1635612e-06)
(0.00049644085 0 6.8877402e-05)
(4.0658575e-05 0 3.8924162e-06)
(0.00012345895 0 6.2881181e-05)
(6.5790044e-05 0 0.00037147561)
(-3.3890076e-05 0 0.00053896356)
(-0.00015714985 0 0.00059824575)
(-0.00028885398 0 0.00057167987)
(-0.00040180421 0 0.00047458866)
(-0.00047102235 0 0.00031777055)
(-0.00047493876 0 0.00011052693)
(-0.00039536692 0 -0.00013617519)
(-0.00021965803 0 -0.00040577577)
(5.6263208e-05 0 -0.00067782827)
(0.00042689794 0 -0.00093255238)
(0.00087956019 0 -0.0011552445)
(0.0013983042 0 -0.0013379301)
(0.0019665334 0 -0.0014783257)
(0.0025687275 0 -0.0015779637)
(0.0031911633 0 -0.0016405691)
(0.0038221188 0 -0.0016708728)
(0.0044518328 0 -0.0016738515)
(0.0050723372 0 -0.0016542858)
(0.0056772433 0 -0.0016165352)
(0.0062615319 0 -0.0015644539)
(0.0068213637 0 -0.0015013839)
(0.0073539104 0 -0.0014301837)
(0.0078572035 0 -0.0013532728)
(0.0083300018 0 -0.0012726791)
(0.0087716713 0 -0.0011900865)
(0.0091820805 0 -0.0011068797)
(0.0095615083 0 -0.001024186)
(0.0099105635 0 -0.00094291327)
(0.010230116 0 -0.00086378474)
(0.010521239 0 -0.0007873693)
(0.010785158 0 -0.00071410853)
(0.011023215 0 -0.00064433943)
(0.011236832 0 -0.00057831308)
(0.011427487 0 -0.0005162093)
(0.011596694 0 -0.0004581477)
(0.01174598 0 -0.00040419566)
(0.011876875 0 -0.00035437391)
(0.011990896 0 -0.00030866052)
(0.012089531 0 -0.000266994)
(0.012174231 0 -0.00022927605)
(0.0122464 0 -0.00019537463)
(0.012307378 0 -0.00016512732)
(0.012358439 0 -0.00013834541)
(0.012400781 0 -0.00011481842)
(0.012435519 0 -9.4319104e-05)
(0.012463681 0 -7.6608617e-05)
(0.012486207 0 -6.1441768e-05)
(0.012503948 0 -4.8572008e-05)
(0.012517665 0 -3.775607e-05)
(0.012528033 0 -2.8758067e-05)
(0.012535647 0 -2.1352958e-05)
(0.01254102 0 -1.5329323e-05)
(0.012544597 0 -1.0491431e-05)
(0.012546754 0 -6.6605944e-06)
(0.012547807 0 -3.6758831e-06)
(0.012548022 0 -1.3942387e-06)
(0.012547616 0 3.0993411e-07)
(0.012546763 0 1.5454136e-06)
(0.012545605 0 2.4054177e-06)
(0.012544255 0 2.9688131e-06)
(0.012542797 0 3.3015381e-06)
(0.012541299 0 3.4580764e-06)
(0.012539808 0 3.4829135e-06)
(0.012538361 0 3.4119302e-06)
(0.012536981 0 3.2737008e-06)
(0.012535685 0 3.0906732e-06)
(0.012534482 0 2.8802206e-06)
(0.012533377 0 2.6555643e-06)
(0.01253237 0 2.426568e-06)
(0.012531458 0 2.2004122e-06)
(0.012530638 0 1.9821581e-06)
(0.012529905 0 1.7752118e-06)
(0.012529253 0 1.5817046e-06)
(0.012528676 0 1.4028008e-06)
(0.012528166 0 1.2389452e-06)
(0.012527718 0 1.0900599e-06)
(0.012527326 0 9.5569866e-07)
(0.012526983 0 8.3516622e-07)
(0.012526685 0 7.2760775e-07)
(0.012526426 0 6.3207662e-07)
(0.012526202 0 5.4758521e-07)
(0.012526009 0 4.7314306e-07)
(0.012525842 0 4.0778489e-07)
(0.012525699 0 3.5058955e-07)
(0.012525576 0 3.0069151e-07)
(0.012525471 0 2.5728659e-07)
(0.012525382 0 2.1963409e-07)
(0.012525306 0 1.8705688e-07)
(0.012525241 0 1.5894044e-07)
(0.012525186 0 1.3473102e-07)
(0.01252514 0 1.1393308e-07)
(0.012525101 0 9.6105929e-08)
(0.012525068 0 8.0859761e-08)
(0.01252504 0 6.785104e-08)
(0.012525017 0 5.6777619e-08)
(0.012524998 0 4.7373879e-08)
(0.012524982 0 3.9406444e-08)
(0.012524969 0 3.2670801e-08)
(0.012524958 0 2.6988783e-08)
(0.012524949 0 2.2206464e-08)
(0.012524942 0 1.8191843e-08)
(0.012524936 0 1.4831955e-08)
(0.012524931 0 1.2029618e-08)
(0.012524927 0 9.7003952e-09)
(0.012524924 0 7.7704696e-09)
(0.012524921 0 6.1756485e-09)
(0.012524919 0 4.8611157e-09)
(0.012524918 0 3.7811761e-09)
(0.012524917 0 2.8983554e-09)
(0.012524916 0 2.181734e-09)
(0.012524915 0 1.6049939e-09)
(0.012524915 0 1.1448971e-09)
(0.012524914 0 7.8064564e-10)
(0.012524914 0 4.9405338e-10)
(0.012524914 0 2.6999058e-10)
(0.012524914 0 9.6500791e-11)
(0.012524914 0 -3.5648129e-11)
(0.012524914 0 -1.3376886e-10)
(0.012524914 0 -2.0400294e-10)
(0.012524914 0 -2.517268e-10)
(0.012524915 0 -2.8165377e-10)
(0.012524915 0 -2.9786325e-10)
(0.012524915 0 -3.0388602e-10)
(0.012524915 0 -3.0278218e-10)
(0.012524915 0 -2.9708678e-10)
(0.012524915 0 -2.8862312e-10)
(0.012524915 0 -2.7837757e-10)
(0.012524915 0 -2.6664117e-10)
(0.012524915 0 -2.5339756e-10)
(0.012524916 0 -2.3874699e-10)
(0.012524916 0 -2.2316629e-10)
(0.012524916 0 -2.0752626e-10)
(0.012524916 0 -1.9288674e-10)
(0.012524916 0 -1.8010398e-10)
(0.012524916 0 -1.6934721e-10)
(0.012524916 0 -1.59857e-10)
(0.012524916 0 -1.503612e-10)
(0.012524916 0 -1.4009551e-10)
(0.012524916 0 -1.2963695e-10)
(0.012524916 0 -1.2060165e-10)
(0.012524916 0 -1.1420209e-10)
(0.012524916 0 -1.0999089e-10)
(0.012524916 0 -1.0621603e-10)
(0.012524916 0 -1.0155919e-10)
(0.012524916 0 -9.6379988e-11)
(0.012524916 0 -9.2069125e-11)
(0.012524916 0 -8.9397747e-11)
(0.012524916 0 -8.8002899e-11)
(0.012524916 0 -8.7492513e-11)
(0.012524916 0 -8.8200159e-11)
(0.012524916 0 -9.0103421e-11)
(0.012524916 0 -9.1545465e-11)
(0.012524917 0 -9.0427962e-11)
(0.012524917 0 -8.7098341e-11)
(0.012524917 0 -8.4810402e-11)
(0.012524917 0 -8.6186626e-11)
(0.012524917 0 -9.0045981e-11)
(0.012524917 0 -9.3282739e-11)
(0.012524917 0 -9.5366144e-11)
(0.012524917 0 -9.8781362e-11)
(0.012524917 0 -1.0480999e-10)
(0.012524917 0 -1.1164744e-10)
(0.012524917 0 -1.1817752e-10)
(0.012524917 0 -1.2685744e-10)
(0.012524917 0 -1.4009645e-10)
(0.012524917 0 -1.5604124e-10)
(0.012524917 0 -1.7168698e-10)
(0.012524917 0 -1.8847456e-10)
(0.012524917 0 -2.1041279e-10)
(0.012524917 0 -2.3806828e-10)
(0.012524917 0 -2.6954484e-10)
(0.012524918 0 -3.0598641e-10)
(0.012524918 0 -3.4994014e-10)
(0.012524918 0 -3.9966963e-10)
(0.012524918 0 -4.5211714e-10)
(0.012524918 0 -5.0985507e-10)
(0.012524918 0 -5.7778265e-10)
(0.012524919 0 -6.5581792e-10)
(0.012524919 0 -7.423023e-10)
(0.012524919 0 -8.3999057e-10)
(0.01252492 0 -9.5169793e-10)
(0.01252492 0 -1.0765075e-09)
(0.01252492 0 -1.2154957e-09)
(0.012524921 0 -1.3727552e-09)
(0.012524921 0 -1.5485587e-09)
(0.012524922 0 -1.7425242e-09)
(0.012524923 0 -1.9616571e-09)
(0.012524923 0 -2.21158e-09)
(0.012524924 0 -2.4902421e-09)
(0.012524925 0 -2.8015951e-09)
(0.012524926 0 -3.1502737e-09)
(0.012524928 0 -3.5351823e-09)
(0.012524929 0 -3.9690271e-09)
(0.012524931 0 -4.4578178e-09)
(0.012524933 0 -5.0047868e-09)
(0.012524935 0 -5.6154498e-09)
(0.012524937 0 -6.2901536e-09)
(0.012524939 0 -7.0401901e-09)
(0.012524942 0 -7.8739657e-09)
(0.012524945 0 -8.8015304e-09)
(0.012524949 0 -9.8298849e-09)
(0.012524953 0 -1.0960209e-08)
(0.012524957 0 -1.2197634e-08)
(0.012524962 0 -1.3548798e-08)
(0.012524968 0 -1.5025882e-08)
(0.012524974 0 -1.6629386e-08)
(0.012524981 0 -1.8356126e-08)
(0.012524988 0 -2.0198716e-08)
(0.012524997 0 -2.2147079e-08)
(0.012525006 0 -2.419296e-08)
(0.012525016 0 -2.6321231e-08)
(0.012525027 0 -2.8500534e-08)
(0.012525038 0 -3.0690326e-08)
(0.012525051 0 -3.284542e-08)
(0.012525065 0 -3.4925547e-08)
(0.012525079 0 -3.6878475e-08)
(0.012525094 0 -3.8675387e-08)
(0.012525112 0 -4.0176524e-08)
(0.012525132 0 -4.1729932e-08)
(0.0099969317 0 0.00014484503)
(0.0099380677 0 0.00043313483)
(0.0098204792 0 0.00073330332)
(0.0096377813 0 0.0010623223)
(0.0093864086 0 0.0014390621)
(0.0090599397 0 0.0018862688)
(0.0086498784 0 0.0024327945)
(0.0081476008 0 0.0031137054)
(0.0075447033 0 0.0039591928)
(0.0068314746 0 0.0049411488)
(0.0059832218 0 0.0058139654)
(0.0051427798 0 0.0057857915)
(0.0035675999 0 0.003281443)
(0.0008363654 0 0.00014943888)
(0.00044692783 0 -0.0001424832)
(0.00034636959 0 -0.00012192708)
(0.00041435554 0 -6.6351355e-05)
(0.00065602831 0 0.00014027987)
(0.00063516759 0 0.00025071606)
(0.0005354417 0 0.00022193152)
(0.00043098417 0 0.00044538005)
(0.00037049804 0 0.00062016038)
(0.00033470045 0 0.00068481973)
(0.00031397488 0 0.00064630959)
(0.00031815577 0 0.00051738669)
(0.00036429927 0 0.00030837873)
(0.00047044199 0 3.0159049e-05)
(0.00065326104 0 -0.00030303051)
(0.00092355174 0 -0.00066678393)
(0.0012805785 0 -0.0010307689)
(0.0017136409 0 -0.0013667072)
(0.0022067514 0 -0.0016551154)
(0.0027434424 0 -0.0018869417)
(0.0033087748 0 -0.0020609285)
(0.0038900843 0 -0.0021805161)
(0.0044769597 0 -0.0022515489)
(0.005060973 0 -0.0022807903)
(0.0056353407 0 -0.0022750198)
(0.0061946151 0 -0.0022405554)
(0.0067344771 0 -0.0021830662)
(0.0072515768 0 -0.0021075267)
(0.0077434059 0 -0.0020182388)
(0.0082081886 0 -0.0019188826)
(0.0086447843 0 -0.0018125764)
(0.0090525971 0 -0.0017019374)
(0.0094314947 0 -0.001589141)
(0.0097817315 0 -0.0014759764)
(0.010103878 0 -0.0013638977)
(0.010398756 0 -0.0012540724)
(0.010667383 0 -0.0011474246)
(0.010910924 0 -0.0010446749)
(0.011130648 0 -0.0009463763)
(0.011327893 0 -0.00085294389)
(0.011504044 0 -0.00076468032)
(0.011660505 0 -0.00068179564)
(0.011798687 0 -0.00060442225)
(0.011919991 0 -0.00053262577)
(0.012025799 0 -0.00046641243)
(0.012117464 0 -0.00040573436)
(0.0121963 0 -0.00035049349)
(0.012263574 0 -0.00030054509)
(0.012320501 0 -0.00025570152)
(0.012368234 0 -0.00021573662)
(0.012407859 0 -0.00018039087)
(0.012440392 0 -0.00014937729)
(0.012466772 0 -0.00012238788)
(0.01248786 0 -9.9100463e-05)
(0.012504441 0 -7.9185445e-05)
(0.01251722 0 -6.2312373e-05)
(0.012526825 0 -4.8155971e-05)
(0.01253381 0 -3.6401467e-05)
(0.01253866 0 -2.6749092e-05)
(0.012541794 0 -1.8917667e-05)
(0.01254357 0 -1.2647238e-05)
(0.012544291 0 -7.7007936e-06)
(0.01254421 0 -3.8651148e-06)
(0.012543537 0 -9.5084459e-07)
(0.012542443 0 1.2078566e-06)
(0.012541064 0 2.7548151e-06)
(0.01253951 0 3.8129702e-06)
(0.012537866 0 4.4862161e-06)
(0.012536195 0 4.8613189e-06)
(0.012534546 0 5.0098743e-06)
(0.012532954 0 4.9902457e-06)
(0.012531441 0 4.8494188e-06)
(0.012530025 0 4.6247258e-06)
(0.012528713 0 4.3454129e-06)
(0.012527509 0 4.0340365e-06)
(0.012526412 0 3.7076854e-06)
(0.012525421 0 3.3790337e-06)
(0.012524531 0 3.0572316e-06)
(0.012523735 0 2.7486511e-06)
(0.012523027 0 2.4575002e-06)
(0.012522401 0 2.1863257e-06)
(0.012521848 0 1.9364199e-06)
(0.012521362 0 1.708147e-06)
(0.012520937 0 1.5012015e-06)
(0.012520565 0 1.3148106e-06)
(0.012520242 0 1.1478896e-06)
(0.012519961 0 9.9915978e-07)
(0.012519718 0 8.6723729e-07)
(0.012519509 0 7.5070011e-07)
(0.012519328 0 6.4813711e-07)
(0.012519173 0 5.5818295e-07)
(0.01251904 0 4.7954084e-07)
(0.012518926 0 4.1099593e-07)
(0.012518829 0 3.5142211e-07)
(0.012518746 0 2.9978458e-07)
(0.012518676 0 2.5514006e-07)
(0.012518617 0 2.1663515e-07)
(0.012518567 0 1.8350321e-07)
(0.012518524 0 1.5505982e-07)
(0.012518489 0 1.3069715e-07)
(0.012518459 0 1.0987756e-07)
(0.012518434 0 9.2126926e-08)
(0.012518413 0 7.7027919e-08)
(0.012518396 0 6.4213865e-08)
(0.012518381 0 5.3363372e-08)
(0.01251837 0 4.4195883e-08)
(0.01251836 0 3.6467861e-08)
(0.012518352 0 2.9969162e-08)
(0.012518345 0 2.4519142e-08)
(0.01251834 0 1.9962468e-08)
(0.012518336 0 1.6165014e-08)
(0.012518333 0 1.3010438e-08)
(0.01251833 0 1.0397844e-08)
(0.012518328 0 8.2404675e-09)
(0.012518326 0 6.4647765e-09)
(0.012518325 0 5.0093246e-09)
(0.012518324 0 3.8229759e-09)
(0.012518323 0 2.8626639e-09)
(0.012518323 0 2.0912927e-09)
(0.012518322 0 1.4763784e-09)
(0.012518322 0 9.8960293e-10)
(0.012518322 0 6.0695441e-10)
(0.012518322 0 3.0884018e-10)
(0.012518322 0 7.9695991e-11)
(0.012518322 0 -9.2906201e-11)
(0.012518322 0 -2.1926597e-10)
(0.012518322 0 -3.0826604e-10)
(0.012518323 0 -3.6763385e-10)
(0.012518323 0 -4.0394574e-10)
(0.012518323 0 -4.2267715e-10)
(0.012518323 0 -4.2838305e-10)
(0.012518323 0 -4.248643e-10)
(0.012518323 0 -4.1517294e-10)
(0.012518323 0 -4.0148277e-10)
(0.012518323 0 -3.8504829e-10)
(0.012518324 0 -3.664435e-10)
(0.012518324 0 -3.4600051e-10)
(0.012518324 0 -3.2420576e-10)
(0.012518324 0 -3.0188197e-10)
(0.012518324 0 -2.801173e-10)
(0.012518324 0 -2.5999235e-10)
(0.012518324 0 -2.4217624e-10)
(0.012518324 0 -2.2653588e-10)
(0.012518324 0 -2.1211436e-10)
(0.012518324 0 -1.9779089e-10)
(0.012518324 0 -1.8332223e-10)
(0.012518324 0 -1.698217e-10)
(0.012518324 0 -1.5893961e-10)
(0.012518324 0 -1.5123808e-10)
(0.012518324 0 -1.4539083e-10)
(0.012518324 0 -1.3930429e-10)
(0.012518324 0 -1.3217741e-10)
(0.012518324 0 -1.2525676e-10)
(0.012518324 0 -1.2039556e-10)
(0.012518324 0 -1.1812355e-10)
(0.012518325 0 -1.1752205e-10)
(0.012518325 0 -1.1774803e-10)
(0.012518325 0 -1.1876812e-10)
(0.012518325 0 -1.2022834e-10)
(0.012518325 0 -1.2062939e-10)
(0.012518325 0 -1.1894172e-10)
(0.012518325 0 -1.1680768e-10)
(0.012518325 0 -1.1748882e-10)
(0.012518325 0 -1.2190209e-10)
(0.012518325 0 -1.2712972e-10)
(0.012518325 0 -1.3023625e-10)
(0.012518325 0 -1.3240399e-10)
(0.012518325 0 -1.3726874e-10)
(0.012518325 0 -1.4592074e-10)
(0.012518325 0 -1.5633456e-10)
(0.012518325 0 -1.6774395e-10)
(0.012518325 0 -1.8206038e-10)
(0.012518325 0 -1.997505e-10)
(0.012518325 0 -2.1820779e-10)
(0.012518325 0 -2.3685994e-10)
(0.012518325 0 -2.6025571e-10)
(0.012518325 0 -2.9254373e-10)
(0.012518325 0 -3.3230773e-10)
(0.012518326 0 -3.7673581e-10)
(0.012518326 0 -4.2690206e-10)
(0.012518326 0 -4.8442792e-10)
(0.012518326 0 -5.4778719e-10)
(0.012518326 0 -6.172403e-10)
(0.012518326 0 -6.9800436e-10)
(0.012518326 0 -7.9332632e-10)
(0.012518327 0 -9.0069636e-10)
(0.012518327 0 -1.0189996e-09)
(0.012518327 0 -1.1520381e-09)
(0.012518328 0 -1.302786e-09)
(0.012518328 0 -1.4718897e-09)
(0.012518328 0 -1.6618725e-09)
(0.012518329 0 -1.8765108e-09)
(0.012518329 0 -2.1175117e-09)
(0.01251833 0 -2.3862815e-09)
(0.012518331 0 -2.6885064e-09)
(0.012518331 0 -3.030245e-09)
(0.012518332 0 -3.4106912e-09)
(0.012518333 0 -3.8349675e-09)
(0.012518334 0 -4.3152914e-09)
(0.012518335 0 -4.8498169e-09)
(0.012518337 0 -5.4484694e-09)
(0.012518338 0 -6.1249829e-09)
(0.01251834 0 -6.8754996e-09)
(0.012518342 0 -7.714854e-09)
(0.012518344 0 -8.6460091e-09)
(0.012518347 0 -9.6880278e-09)
(0.012518349 0 -1.0848197e-08)
(0.012518352 0 -1.2136174e-08)
(0.012518356 0 -1.3558854e-08)
(0.01251836 0 -1.5124153e-08)
(0.012518364 0 -1.6846487e-08)
(0.012518369 0 -1.873707e-08)
(0.012518374 0 -2.0805596e-08)
(0.01251838 0 -2.3048074e-08)
(0.012518387 0 -2.5462005e-08)
(0.012518394 0 -2.8047718e-08)
(0.012518402 0 -3.0798652e-08)
(0.012518411 0 -3.3697341e-08)
(0.012518421 0 -3.6713241e-08)
(0.012518432 0 -3.9802973e-08)
(0.012518444 0 -4.2917922e-08)
(0.012518456 0 -4.6000198e-08)
(0.01251847 0 -4.8984762e-08)
(0.012518485 0 -5.1777934e-08)
(0.0125185 0 -5.4328113e-08)
(0.012518518 0 -5.6424569e-08)
(0.012518538 0 -5.8606793e-08)
(0.0099979437 0 0.0001704347)
(0.00995668 0 0.00051007155)
(0.0098740112 0 0.00086301075)
(0.0097462877 0 0.0012476186)
(0.0095730151 0 0.0016838439)
(0.009353239 0 0.0021948864)
(0.0090867758 0 0.0028089364)
(0.008776439 0 0.0035588868)
(0.0084271198 0 0.0044732206)
(0.0080373151 0 0.0055348972)
(0.0075401105 0 0.0065569716)
(0.0069553085 0 0.0068690314)
(0.0051626202 0 0.0046895234)
(0.0027196111 0 0.0019609631)
(0.0011705397 0 0.00035011228)
(0.00069224725 0 -6.4586008e-05)
(0.00053812769 0 -0.00010521058)
(0.00061050596 0 -1.7714483e-05)
(0.00074254206 0 0.00014832695)
(0.00075073374 0 0.00028269249)
(0.00076505209 0 0.00047700896)
(0.00082185043 0 0.00062210866)
(0.00091266178 0 0.00066312902)
(0.0010319283 0 0.00059744687)
(0.0011817221 0 0.00043080175)
(0.0013766392 0 0.00017044106)
(0.0016343053 0 -0.00017690457)
(0.0019668858 0 -0.00059000361)
(0.002375855 0 -0.0010350736)
(0.0028455249 0 -0.0014703062)
(0.00335639 0 -0.0018608027)
(0.003890835 0 -0.0021863964)
(0.0044362746 0 -0.0024407753)
(0.0049833035 0 -0.0026255972)
(0.0055249441 0 -0.0027467238)
(0.0060560886 0 -0.0028119975)
(0.0065728068 0 -0.0028297305)
(0.0070719222 0 -0.0028078826)
(0.0075508349 0 -0.0027537192)
(0.0080074432 0 -0.0026737068)
(0.0084401145 0 -0.0025735149)
(0.0088476658 0 -0.0024580618)
(0.0092293412 0 -0.0023315745)
(0.0095847832 0 -0.0021976528)
(0.0099139971 0 -0.0020593325)
(0.01021731 0 -0.0019191454)
(0.010495324 0 -0.0017791774)
(0.010748871 0 -0.0016411221)
(0.010978961 0 -0.0015063333)
(0.011186741 0 -0.0013758741)
(0.011373451 0 -0.0012505632)
(0.01154039 0 -0.0011310168)
(0.011688882 0 -0.0010176854)
(0.01182026 0 -0.00091088484)
(0.01193584 0 -0.00081082171)
(0.012036912 0 -0.00071761184)
(0.012124731 0 -0.00063129415)
(0.012200507 0 -0.00055184007)
(0.0122654 0 -0.00047915993)
(0.012320521 0 -0.00041310761)
(0.01236692 0 -0.00035348466)
(0.012405589 0 -0.00030004451)
(0.012437457 0 -0.00025249745)
(0.012463389 0 -0.0002105166)
(0.01248418 0 -0.00017374468)
(0.012500562 0 -0.0001418016)
(0.012513195 0 -0.00011429231)
(0.012522676 0 -9.081482e-05)
(0.012529535 0 -7.0967759e-05)
(0.012534241 0 -5.4357441e-05)
(0.012537202 0 -4.0604032e-05)
(0.012538772 0 -2.934674e-05)
(0.012539254 0 -2.0247933e-05)
(0.012538903 0 -1.2996105e-05)
(0.012537935 0 -7.3077589e-06)
(0.012536525 0 -2.9282888e-06)
(0.012534817 0 3.6794319e-07)
(0.012532926 0 2.7784271e-06)
(0.012530943 0 4.4740679e-06)
(0.012528939 0 5.6007194e-06)
(0.012526964 0 6.2814435e-06)
(0.012525059 0 6.6188287e-06)
(0.012523249 0 6.6973548e-06)
(0.012521553 0 6.5857271e-06)
(0.012519979 0 6.3391048e-06)
(0.012518533 0 6.0011685e-06)
(0.012517215 0 5.6059978e-06)
(0.012516021 0 5.1797413e-06)
(0.012514946 0 4.7420769e-06)
(0.012513985 0 4.3074665e-06)
(0.012513128 0 3.8862192e-06)
(0.012512368 0 3.4853778e-06)
(0.012511697 0 3.1094519e-06)
(0.012511107 0 2.7610147e-06)
(0.012510589 0 2.4411873e-06)
(0.012510136 0 2.1500246e-06)
(0.012509742 0 1.8868207e-06)
(0.012509399 0 1.6503473e-06)
(0.012509101 0 1.4390355e-06)
(0.012508845 0 1.2511151e-06)
(0.012508623 0 1.0847184e-06)
(0.012508432 0 9.3795782e-07)
(0.012508269 0 8.089821e-07)
(0.012508129 0 6.9601447e-07)
(0.012508009 0 5.9737717e-07)
(0.012507907 0 5.1150543e-07)
(0.012507821 0 4.3695431e-07)
(0.012507747 0 3.7240103e-07)
(0.012507685 0 3.1664423e-07)
(0.012507632 0 2.686007e-07)
(0.012507588 0 2.2730005e-07)
(0.012507551 0 1.9187763e-07)
(0.01250752 0 1.6156638e-07)
(0.012507494 0 1.3568819e-07)
(0.012507472 0 1.1364527e-07)
(0.012507454 0 9.4911905e-08)
(0.012507439 0 7.9027037e-08)
(0.012507427 0 6.5587649e-08)
(0.012507417 0 5.4242975e-08)
(0.012507409 0 4.4689165e-08)
(0.012507402 0 3.6664074e-08)
(0.012507397 0 2.9941947e-08)
(0.012507392 0 2.4328204e-08)
(0.012507389 0 1.9654756e-08)
(0.012507386 0 1.5776272e-08)
(0.012507384 0 1.2567544e-08)
(0.012507383 0 9.9216343e-09)
(0.012507381 0 7.7481607e-09)
(0.01250738 0 5.9712542e-09)
(0.01250738 0 4.5270883e-09)
(0.012507379 0 3.3613264e-09)
(0.012507379 0 2.4270788e-09)
(0.012507379 0 1.6837424e-09)
(0.012507379 0 1.0966087e-09)
(0.012507379 0 6.3676485e-10)
(0.012507379 0 2.8073634e-10)
(0.012507379 0 9.6052231e-12)
(0.012507379 0 -1.9216379e-10)
(0.012507379 0 -3.3773147e-10)
(0.012507379 0 -4.3843657e-10)
(0.012507379 0 -5.0392668e-10)
(0.012507379 0 -5.4218328e-10)
(0.01250738 0 -5.5972764e-10)
(0.01250738 0 -5.6195601e-10)
(0.01250738 0 -5.5335955e-10)
(0.01250738 0 -5.3750471e-10)
(0.01250738 0 -5.1688962e-10)
(0.01250738 0 -4.9296791e-10)
(0.01250738 0 -4.665121e-10)
(0.01250738 0 -4.3813905e-10)
(0.012507381 0 -4.0868841e-10)
(0.012507381 0 -3.793024e-10)
(0.012507381 0 -3.5122918e-10)
(0.012507381 0 -3.2547281e-10)
(0.012507381 0 -3.0242716e-10)
(0.012507381 0 -2.8166213e-10)
(0.012507381 0 -2.6216246e-10)
(0.012507381 0 -2.4315025e-10)
(0.012507381 0 -2.2496095e-10)
(0.012507381 0 -2.090282e-10)
(0.012507381 0 -1.9663312e-10)
(0.012507381 0 -1.8740887e-10)
(0.012507381 0 -1.7928493e-10)
(0.012507381 0 -1.7034094e-10)
(0.012507381 0 -1.6079547e-10)
(0.012507381 0 -1.5284445e-10)
(0.012507381 0 -1.4835458e-10)
(0.012507381 0 -1.4699038e-10)
(0.012507381 0 -1.4691139e-10)
(0.012507381 0 -1.4692965e-10)
(0.012507381 0 -1.4717482e-10)
(0.012507381 0 -1.4769313e-10)
(0.012507381 0 -1.4767506e-10)
(0.012507381 0 -1.4697698e-10)
(0.012507381 0 -1.4746296e-10)
(0.012507382 0 -1.5111599e-10)
(0.012507382 0 -1.5685364e-10)
(0.012507382 0 -1.6121293e-10)
(0.012507382 0 -1.6311773e-10)
(0.012507382 0 -1.661105e-10)
(0.012507382 0 -1.7415027e-10)
(0.012507382 0 -1.8675463e-10)
(0.012507382 0 -2.006876e-10)
(0.012507382 0 -2.1516734e-10)
(0.012507382 0 -2.3206777e-10)
(0.012507382 0 -2.517063e-10)
(0.012507382 0 -2.7293931e-10)
(0.012507382 0 -2.9791412e-10)
(0.012507382 0 -3.3163765e-10)
(0.012507382 0 -3.7516584e-10)
(0.012507382 0 -4.2429557e-10)
(0.012507382 0 -4.7696512e-10)
(0.012507382 0 -5.3647524e-10)
(0.012507383 0 -6.0562772e-10)
(0.012507383 0 -6.8426402e-10)
(0.012507383 0 -7.7427444e-10)
(0.012507383 0 -8.7945863e-10)
(0.012507383 0 -9.9931101e-10)
(0.012507383 0 -1.1309993e-09)
(0.012507384 0 -1.2770141e-09)
(0.012507384 0 -1.4431597e-09)
(0.012507384 0 -1.6321861e-09)
(0.012507384 0 -1.8455534e-09)
(0.012507385 0 -2.085687e-09)
(0.012507385 0 -2.3544093e-09)
(0.012507386 0 -2.6554052e-09)
(0.012507386 0 -2.9941999e-09)
(0.012507387 0 -3.3748263e-09)
(0.012507388 0 -3.8031232e-09)
(0.012507388 0 -4.2824742e-09)
(0.012507389 0 -4.814537e-09)
(0.01250739 0 -5.4160255e-09)
(0.012507391 0 -6.0969345e-09)
(0.012507393 0 -6.8548518e-09)
(0.012507394 0 -7.7053195e-09)
(0.012507396 0 -8.651607e-09)
(0.012507398 0 -9.7104072e-09)
(0.0125074 0 -1.0893634e-08)
(0.012507402 0 -1.2217007e-08)
(0.012507405 0 -1.3688229e-08)
(0.012507407 0 -1.5318958e-08)
(0.012507411 0 -1.7124291e-08)
(0.012507414 0 -1.9120348e-08)
(0.012507418 0 -2.1323707e-08)
(0.012507423 0 -2.3743408e-08)
(0.012507428 0 -2.6389882e-08)
(0.012507434 0 -2.9265851e-08)
(0.01250744 0 -3.2374455e-08)
(0.012507448 0 -3.5718621e-08)
(0.012507455 0 -3.9289511e-08)
(0.012507464 0 -4.3061149e-08)
(0.012507474 0 -4.6994015e-08)
(0.012507485 0 -5.1041185e-08)
(0.012507496 0 -5.5147608e-08)
(0.012507509 0 -5.9230221e-08)
(0.012507523 0 -6.3184508e-08)
(0.012507538 0 -6.6875858e-08)
(0.012507553 0 -7.0241837e-08)
(0.012507572 0 -7.2971904e-08)
(0.012507593 0 -7.5799065e-08)
(0.0099989483 0 0.00018684209)
(0.0099756828 0 0.00055966236)
(0.0099287948 0 0.00094624)
(0.0098571411 0 0.0013648086)
(0.0097626384 0 0.0018346601)
(0.0096485438 0 0.0023773647)
(0.009520779 0 0.0030180037)
(0.0093901592 0 0.0037849651)
(0.0092722358 0 0.0047045502)
(0.0091850548 0 0.005778005)
(0.0090952831 0 0.0069108352)
(0.0090194604 0 0.0077305608)
(0.0081487698 0 0.0069115566)
(0.0059833864 0 0.0044603039)
(0.0033504883 0 0.0018183254)
(0.0016125404 0 0.00040812281)
(0.0010186094 0 1.3825234e-05)
(0.00077821281 0 -3.5771258e-05)
(0.00076691967 0 2.4381885e-05)
(0.00088241442 0 0.00014970142)
(0.0010498009 0 0.00031333813)
(0.0012715449 0 0.00043325273)
(0.0015321336 0 0.00045332709)
(0.0018316551 0 0.00036041814)
(0.0021809393 0 0.00015440049)
(0.0025938269 0 -0.00016106688)
(0.0030772608 0 -0.00057425563)
(0.0036202821 0 -0.0010524795)
(0.0041963082 0 -0.0015476304)
(0.0047776316 0 -0.0020114543)
(0.0053453436 0 -0.0024117045)
(0.0058913581 0 -0.0027348658)
(0.0064123031 0 -0.0029791267)
(0.0069081244 0 -0.0031492452)
(0.0073800062 0 -0.0032530552)
(0.0078289402 0 -0.0032992975)
(0.00825541 0 -0.0032966043)
(0.0086594667 0 -0.0032530751)
(0.0090408961 0 -0.0031761113)
(0.0093993826 0 -0.0030723648)
(0.0097346379 0 -0.002947741)
(0.010046491 0 -0.0028074273)
(0.010334948 0 -0.0026559349)
(0.010600221 0 -0.0024971462)
(0.01084274 0 -0.0023343639)
(0.011063147 0 -0.0021703607)
(0.011262278 0 -0.0020074289)
(0.011441131 0 -0.0018474304)
(0.011600834 0 -0.0016918466)
(0.011742607 0 -0.0015418293)
(0.011867724 0 -0.0013982499)
(0.011977483 0 -0.0012617463)
(0.012073174 0 -0.0011327656)
(0.012156059 0 -0.0010116007)
(0.012227354 0 -0.00089842112)
(0.01228822 0 -0.00079329574)
(0.012339751 0 -0.00069621018)
(0.012382975 0 -0.00060707844)
(0.01241885 0 -0.0005257508)
(0.012448267 0 -0.00045201945)
(0.012472044 0 -0.00038562301)
(0.012490934 0 -0.00032625119)
(0.012505626 0 -0.00027355008)
(0.012516741 0 -0.00022712853)
(0.012524841 0 -0.00018656544)
(0.012530427 0 -0.00015141785)
(0.012533944 0 -0.0001212295)
(0.012535782 0 -9.5539331e-05)
(0.012536282 0 -7.3889736e-05)
(0.012535736 0 -5.5834023e-05)
(0.012534395 0 -4.0943023e-05)
(0.01253247 0 -2.8810538e-05)
(0.012530137 0 -1.9057677e-05)
(0.012527541 0 -1.1335866e-05)
(0.012524798 0 -5.3286763e-06)
(0.012522001 0 -7.5264208e-07)
(0.012519222 0 2.6428928e-06)
(0.012516517 0 5.0770708e-06)
(0.012513925 0 6.7387702e-06)
(0.012511474 0 7.78899e-06)
(0.012509181 0 8.3632594e-06)
(0.012507057 0 8.5742663e-06)
(0.012505106 0 8.5145418e-06)
(0.012503326 0 8.2590934e-06)
(0.012501713 0 7.8679068e-06)
(0.012500259 0 7.388262e-06)
(0.012498956 0 6.8568321e-06)
(0.012497793 0 6.3015461e-06)
(0.01249676 0 5.7432158e-06)
(0.012495846 0 5.1969312e-06)
(0.01249504 0 4.6732412e-06)
(0.012494331 0 4.1791382e-06)
(0.012493711 0 3.7188703e-06)
(0.012493169 0 3.2946029e-06)
(0.012492697 0 2.906953e-06)
(0.012492288 0 2.5554139e-06)
(0.012491933 0 2.238691e-06)
(0.012491626 0 1.9549611e-06)
(0.012491362 0 1.7020714e-06)
(0.012491135 0 1.4776901e-06)
(0.01249094 0 1.2794189e-06)
(0.012490773 0 1.1048752e-06)
(0.012490631 0 9.5175011e-07)
(0.01249051 0 8.1784749e-07)
(0.012490407 0 7.0110737e-07)
(0.012490319 0 5.9961914e-07)
(0.012490245 0 5.116272e-07)
(0.012490183 0 4.3553169e-07)
(0.01249013 0 3.6988548e-07)
(0.012490086 0 3.1338821e-07)
(0.012490049 0 2.6487795e-07)
(0.012490018 0 2.2332129e-07)
(0.012489993 0 1.8780268e-07)
(0.012489971 0 1.5751372e-07)
(0.012489954 0 1.3174271e-07)
(0.012489939 0 1.0986501e-07)
(0.012489927 0 9.1334096e-08)
(0.012489917 0 7.5673506e-08)
(0.012489909 0 6.2469508e-08)
(0.012489903 0 5.1364141e-08)
(0.012489898 0 4.2048534e-08)
(0.012489894 0 3.4256442e-08)
(0.01248989 0 2.775827e-08)
(0.012489888 0 2.2355971e-08)
(0.012489886 0 1.7878986e-08)
(0.012489884 0 1.418114e-08)
(0.012489883 0 1.1138077e-08)
(0.012489883 0 8.6446865e-09)
(0.012489882 0 6.6122926e-09)
(0.012489882 0 4.9657479e-09)
(0.012489881 0 3.640809e-09)
(0.012489881 0 2.5822439e-09)
(0.012489881 0 1.7427824e-09)
(0.012489881 0 1.0825799e-09)
(0.012489881 0 5.6871344e-10)
(0.012489882 0 1.7433518e-10)
(0.012489882 0 -1.2255451e-10)
(0.012489882 0 -3.403436e-10)
(0.012489882 0 -4.9465927e-10)
(0.012489882 0 -5.9875378e-10)
(0.012489882 0 -6.6363006e-10)
(0.012489883 0 -6.9824299e-10)
(0.012489883 0 -7.0993264e-10)
(0.012489883 0 -7.0486151e-10)
(0.012489883 0 -6.8816534e-10)
(0.012489883 0 -6.6381693e-10)
(0.012489883 0 -6.3446834e-10)
(0.012489883 0 -6.0161266e-10)
(0.012489884 0 -5.6614523e-10)
(0.012489884 0 -5.2897952e-10)
(0.012489884 0 -4.9133558e-10)
(0.012489884 0 -4.5463085e-10)
(0.012489884 0 -4.2013151e-10)
(0.012489884 0 -3.8859429e-10)
(0.012489884 0 -3.6006532e-10)
(0.012489884 0 -3.3392653e-10)
(0.012489884 0 -3.093365e-10)
(0.012489884 0 -2.8601611e-10)
(0.012489884 0 -2.647556e-10)
(0.012489884 0 -2.4690409e-10)
(0.012489884 0 -2.3297469e-10)
(0.012489884 0 -2.2166002e-10)
(0.012489884 0 -2.1063515e-10)
(0.012489884 0 -1.9879419e-10)
(0.012489884 0 -1.8759e-10)
(0.012489884 0 -1.7968551e-10)
(0.012489884 0 -1.761311e-10)
(0.012489884 0 -1.7524145e-10)
(0.012489885 0 -1.7453101e-10)
(0.012489885 0 -1.7330229e-10)
(0.012489885 0 -1.7264414e-10)
(0.012489885 0 -1.7323228e-10)
(0.012489885 0 -1.7440983e-10)
(0.012489885 0 -1.7580353e-10)
(0.012489885 0 -1.7844874e-10)
(0.012489885 0 -1.8299709e-10)
(0.012489885 0 -1.8774786e-10)
(0.012489885 0 -1.90617e-10)
(0.012489885 0 -1.9306771e-10)
(0.012489885 0 -1.9955257e-10)
(0.012489885 0 -2.1197223e-10)
(0.012489885 0 -2.2706929e-10)
(0.012489885 0 -2.4117815e-10)
(0.012489885 0 -2.5534484e-10)
(0.012489885 0 -2.7316696e-10)
(0.012489885 0 -2.9584224e-10)
(0.012489885 0 -3.2316033e-10)
(0.012489885 0 -3.5739826e-10)
(0.012489885 0 -4.0104199e-10)
(0.012489885 0 -4.5179683e-10)
(0.012489885 0 -5.0573141e-10)
(0.012489885 0 -5.6476454e-10)
(0.012489886 0 -6.350294e-10)
(0.012489886 0 -7.1889248e-10)
(0.012489886 0 -8.1501824e-10)
(0.012489886 0 -9.242156e-10)
(0.012489886 0 -1.0481876e-09)
(0.012489886 0 -1.185925e-09)
(0.012489886 0 -1.3385515e-09)
(0.012489887 0 -1.5128147e-09)
(0.012489887 0 -1.7136849e-09)
(0.012489887 0 -1.9404344e-09)
(0.012489887 0 -2.1937331e-09)
(0.012489888 0 -2.4776268e-09)
(0.012489888 0 -2.7951168e-09)
(0.012489889 0 -3.1520672e-09)
(0.012489889 0 -3.5572342e-09)
(0.01248989 0 -4.0112932e-09)
(0.01248989 0 -4.5161178e-09)
(0.012489891 0 -5.0862257e-09)
(0.012489892 0 -5.7275149e-09)
(0.012489893 0 -6.4444285e-09)
(0.012489894 0 -7.2561456e-09)
(0.012489895 0 -8.1632833e-09)
(0.012489896 0 -9.1741976e-09)
(0.012489898 0 -1.0306659e-08)
(0.012489899 0 -1.1574114e-08)
(0.012489901 0 -1.2996461e-08)
(0.012489903 0 -1.4583777e-08)
(0.012489906 0 -1.6348403e-08)
(0.012489909 0 -1.8306533e-08)
(0.012489912 0 -2.0481843e-08)
(0.012489915 0 -2.2896255e-08)
(0.012489919 0 -2.5566233e-08)
(0.012489923 0 -2.8498865e-08)
(0.012489928 0 -3.1709193e-08)
(0.012489934 0 -3.5214282e-08)
(0.01248994 0 -3.902554e-08)
(0.012489946 0 -4.3140262e-08)
(0.012489954 0 -4.7541594e-08)
(0.012489963 0 -5.2207378e-08)
(0.012489972 0 -5.7105423e-08)
(0.012489983 0 -6.2181617e-08)
(0.012489994 0 -6.7357856e-08)
(0.012490007 0 -7.2521077e-08)
(0.012490021 0 -7.7539729e-08)
(0.012490036 0 -8.2246073e-08)
(0.012490052 0 -8.6544729e-08)
(0.01249007 0 -8.9964764e-08)
(0.012490093 0 -9.3464572e-08)
(0.0099998667 0 0.00019425952)
(0.0099936175 0 0.00058238065)
(0.0099806393 0 0.0009839143)
(0.0099618649 0 0.0014158281)
(0.0099407929 0 0.0018955579)
(0.0099234709 0 0.0024417381)
(0.0099197969 0 0.0030749092)
(0.0099457507 0 0.0038172155)
(0.010024564 0 0.0046891619)
(0.010190106 0 0.0056973659)
(0.010451095 0 0.0067934354)
(0.010831188 0 0.0077893245)
(0.010940915 0 0.0079251863)
(0.010189803 0 0.0068176487)
(0.0083303897 0 0.0047243388)
(0.0056796311 0 0.0023786352)
(0.003460248 0 0.00083673208)
(0.0024252064 0 0.00022692866)
(0.0019479403 0 3.2396367e-05)
(0.0018081486 0 1.6502039e-05)
(0.0019054751 0 5.5422471e-05)
(0.0021948255 0 7.9002155e-05)
(0.0026232009 0 3.4253374e-05)
(0.0031574674 0 -0.00011270116)
(0.0037782266 0 -0.00037752064)
(0.0044630336 0 -0.00075490902)
(0.0051807702 0 -0.001213807)
(0.0058852308 0 -0.0017078343)
(0.0065396708 0 -0.0021861857)
(0.007131123 0 -0.0026124001)
(0.0076620359 0 -0.002968395)
(0.0081404181 0 -0.0032487664)
(0.0085748191 0 -0.0034549903)
(0.0089726379 0 -0.0035921659)
(0.0093395052 0 -0.0036671005)
(0.0096793762 0 -0.003687262)
(0.0099949129 0 -0.0036602291)
(0.010287846 0 -0.003593367)
(0.010559268 0 -0.0034936251)
(0.01080987 0 -0.0033674189)
(0.011040122 0 -0.0032205729)
(0.011250415 0 -0.0030583026)
(0.011441157 0 -0.0028852196)
(0.011612845 0 -0.0027053497)
(0.011766102 0 -0.0025221587)
(0.011901698 0 -0.002338583)
(0.012020548 0 -0.0021570641)
(0.012123696 0 -0.0019795878)
(0.012212287 0 -0.001807728)
(0.012287537 0 -0.0016426939)
(0.012350696 0 -0.0014853808)
(0.012403016 0 -0.0013364198)
(0.01244572 0 -0.0011962258)
(0.012479979 0 -0.0010650401)
(0.012506894 0 -0.00094296659)
(0.012527484 0 -0.00083)
(0.012542683 0 -0.00072604752)
(0.012553332 0 -0.00063094353)
(0.012560186 0 -0.00054445971)
(0.012563912 0 -0.00046631201)
(0.0125651 0 -0.00039616599)
(0.012564263 0 -0.00033364192)
(0.012561843 0 -0.00027832028)
(0.012558221 0 -0.00022974821)
(0.01255372 0 -0.00018744696)
(0.01254861 0 -0.00015092002)
(0.012543117 0 -0.00011966174)
(0.012537423 0 -9.3165899e-05)
(0.012531676 0 -7.0933867e-05)
(0.012525992 0 -5.2482097e-05)
(0.012520462 0 -3.7348583e-05)
(0.012515153 0 -2.509808e-05)
(0.012510112 0 -1.5326467e-05)
(0.012505371 0 -7.6633264e-06)
(0.012500951 0 -1.7735797e-06)
(0.012496858 0 2.6419784e-06)
(0.012493095 0 5.8473074e-06)
(0.012489654 0 8.0722542e-06)
(0.012486526 0 9.5144721e-06)
(0.012483696 0 1.0341916e-05)
(0.012481147 0 1.0695526e-05)
(0.012478862 0 1.0692084e-05)
(0.01247682 0 1.0427112e-05)
(0.012475004 0 9.9776921e-06)
(0.012473392 0 9.4051393e-06)
(0.012471969 0 8.7574641e-06)
(0.012470714 0 8.0715987e-06)
(0.012469612 0 7.3753688e-06)
(0.012468646 0 6.6892109e-06)
(0.012467803 0 6.0276439e-06)
(0.012467068 0 5.4005114e-06)
(0.012466429 0 4.8140167e-06)
(0.012465875 0 4.271575e-06)
(0.012465396 0 3.7745053e-06)
(0.012464983 0 3.3225881e-06)
(0.012464627 0 2.914507e-06)
(0.012464321 0 2.5481953e-06)
(0.012464059 0 2.2211036e-06)
(0.012463835 0 1.9304033e-06)
(0.012463644 0 1.6731401e-06)
(0.012463481 0 1.4463467e-06)
(0.012463343 0 1.2471239e-06)
(0.012463225 0 1.0726964e-06)
(0.012463126 0 9.2044839e-07)
(0.012463042 0 7.8794453e-07)
(0.012462972 0 6.7294008e-07)
(0.012462912 0 5.7338387e-07)
(0.012462863 0 4.8741578e-07)
(0.012462822 0 4.1336026e-07)
(0.012462787 0 3.497167e-07)
(0.012462758 0 2.951476e-07)
(0.012462735 0 2.4846586e-07)
(0.012462715 0 2.0862171e-07)
(0.012462699 0 1.7468996e-07)
(0.012462686 0 1.4585792e-07)
(0.012462675 0 1.2141402e-07)
(0.012462667 0 1.007373e-07)
(0.01246266 0 8.328768e-08)
(0.012462654 0 6.8597002e-08)
(0.01246265 0 5.6260552e-08)
(0.012462646 0 4.5929168e-08)
(0.012462644 0 3.7301894e-08)
(0.012462642 0 3.0119458e-08)
(0.01246264 0 2.4158794e-08)
(0.012462639 0 1.9228543e-08)
(0.012462638 0 1.5165332e-08)
(0.012462638 0 1.1830418e-08)
(0.012462637 0 9.1063477e-09)
(0.012462637 0 6.8936189e-09)
(0.012462637 0 5.107597e-09)
(0.012462637 0 3.6759707e-09)
(0.012462637 0 2.5369781e-09)
(0.012462638 0 1.6382974e-09)
(0.012462638 0 9.3618791e-10)
(0.012462638 0 3.9452744e-10)
(0.012462638 0 -1.640287e-11)
(0.012462638 0 -3.2126769e-10)
(0.012462639 0 -5.4078923e-10)
(0.012462639 0 -6.9240085e-10)
(0.012462639 0 -7.9058381e-10)
(0.012462639 0 -8.4716116e-10)
(0.01246264 0 -8.7176701e-10)
(0.01246264 0 -8.7245129e-10)
(0.01246264 0 -8.5606583e-10)
(0.01246264 0 -8.2821939e-10)
(0.01246264 0 -7.930224e-10)
(0.01246264 0 -7.5302733e-10)
(0.01246264 0 -7.0964917e-10)
(0.01246264 0 -6.6394303e-10)
(0.012462641 0 -6.1720372e-10)
(0.012462641 0 -5.7101779e-10)
(0.012462641 0 -5.2690495e-10)
(0.012462641 0 -4.8590186e-10)
(0.012462641 0 -4.4836644e-10)
(0.012462641 0 -4.1406439e-10)
(0.012462641 0 -3.8243424e-10)
(0.012462641 0 -3.530227e-10)
(0.012462641 0 -3.2600256e-10)
(0.012462641 0 -3.0226157e-10)
(0.012462641 0 -2.8263513e-10)
(0.012462641 0 -2.6675572e-10)
(0.012462641 0 -2.5277975e-10)
(0.012462641 0 -2.3878965e-10)
(0.012462641 0 -2.2481432e-10)
(0.012462641 0 -2.1311073e-10)
(0.012462641 0 -2.0588547e-10)
(0.012462641 0 -2.0276433e-10)
(0.012462641 0 -2.0105201e-10)
(0.012462641 0 -1.9870619e-10)
(0.012462641 0 -1.9644973e-10)
(0.012462641 0 -1.9630811e-10)
(0.012462641 0 -1.9860662e-10)
(0.012462641 0 -2.0161207e-10)
(0.012462641 0 -2.0408602e-10)
(0.012462641 0 -2.0669102e-10)
(0.012462642 0 -2.1019063e-10)
(0.012462642 0 -2.138264e-10)
(0.012462642 0 -2.1720629e-10)
(0.012462642 0 -2.2269062e-10)
(0.012462642 0 -2.3317121e-10)
(0.012462642 0 -2.4754385e-10)
(0.012462642 0 -2.6149307e-10)
(0.012462642 0 -2.7375209e-10)
(0.012462642 0 -2.8854507e-10)
(0.012462642 0 -3.1017731e-10)
(0.012462642 0 -3.3846236e-10)
(0.012462642 0 -3.7196556e-10)
(0.012462642 0 -4.1205708e-10)
(0.012462642 0 -4.5998667e-10)
(0.012462642 0 -5.1376008e-10)
(0.012462642 0 -5.7283652e-10)
(0.012462642 0 -6.4228351e-10)
(0.012462642 0 -7.2695433e-10)
(0.012462642 0 -8.2541892e-10)
(0.012462642 0 -9.3478744e-10)
(0.012462643 0 -1.0567913e-09)
(0.012462643 0 -1.1945985e-09)
(0.012462643 0 -1.3498069e-09)
(0.012462643 0 -1.5263086e-09)
(0.012462643 0 -1.729857e-09)
(0.012462643 0 -1.9613659e-09)
(0.012462644 0 -2.2183109e-09)
(0.012462644 0 -2.5037927e-09)
(0.012462644 0 -2.8264394e-09)
(0.012462645 0 -3.191434e-09)
(0.012462645 0 -3.6017875e-09)
(0.012462645 0 -4.0657279e-09)
(0.012462646 0 -4.5869605e-09)
(0.012462646 0 -5.1637643e-09)
(0.012462647 0 -5.8129557e-09)
(0.012462648 0 -6.5531033e-09)
(0.012462649 0 -7.381194e-09)
(0.01246265 0 -8.3074064e-09)
(0.012462651 0 -9.3450686e-09)
(0.012462652 0 -1.0504859e-08)
(0.012462653 0 -1.1812741e-08)
(0.012462655 0 -1.3277445e-08)
(0.012462656 0 -1.4917922e-08)
(0.012462658 0 -1.6744332e-08)
(0.01246266 0 -1.8781056e-08)
(0.012462663 0 -2.1053102e-08)
(0.012462666 0 -2.3584384e-08)
(0.012462669 0 -2.6392978e-08)
(0.012462672 0 -2.949884e-08)
(0.012462676 0 -3.2923042e-08)
(0.012462681 0 -3.6691332e-08)
(0.012462686 0 -4.0822574e-08)
(0.012462691 0 -4.5327154e-08)
(0.012462698 0 -5.0207715e-08)
(0.012462705 0 -5.5454912e-08)
(0.012462713 0 -6.1053652e-08)
(0.012462722 0 -6.6973792e-08)
(0.012462733 0 -7.3147976e-08)
(0.012462744 0 -7.9478113e-08)
(0.012462757 0 -8.5837905e-08)
(0.012462771 0 -9.2076306e-08)
(0.012462786 0 -9.7968461e-08)
(0.012462802 0 -1.0334903e-07)
(0.012462821 0 -1.0757641e-07)
(0.012462845 0 -1.1185985e-07)
(0.010000653 0 0.00019346697)
(0.010009533 0 0.00058045922)
(0.010026776 0 0.00097994496)
(0.010054854 0 0.0014069419)
(0.010097971 0 0.0018763645)
(0.010163486 0 0.0024032833)
(0.010263016 0 0.0030031018)
(0.010414248 0 0.0036908862)
(0.010642138 0 0.0044786987)
(0.010982526 0 0.005368095)
(0.011460632 0 0.0063242864)
(0.012101916 0 0.0072415012)
(0.012734016 0 0.0077060558)
(0.012973801 0 0.0073985031)
(0.012536304 0 0.0063557947)
(0.011386188 0 0.0048224278)
(0.0097322208 0 0.0031149612)
(0.0080545276 0 0.0016703081)
(0.0066325845 0 0.00073922252)
(0.0059034105 0 0.00024457421)
(0.0055944198 0 -3.7871801e-05)
(0.0056387011 0 -0.00024921819)
(0.0059469644 0 -0.00047103152)
(0.0064322 0 -0.0007480598)
(0.0070187874 0 -0.0010946041)
(0.0076424577 0 -0.0015000615)
(0.0082523821 0 -0.0019368496)
(0.0088149427 0 -0.0023708021)
(0.0093160821 0 -0.0027733301)
(0.0097555667 0 -0.0031259555)
(0.010139479 0 -0.003418611)
(0.010475784 0 -0.003647074)
(0.010772294 0 -0.0038111984)
(0.011035789 0 -0.0039137967)
(0.011271656 0 -0.0039596267)
(0.011483932 0 -0.0039545531)
(0.011675533 0 -0.0039049589)
(0.011848504 0 -0.003817346)
(0.012004243 0 -0.0036980682)
(0.012143695 0 -0.0035531582)
(0.012267525 0 -0.0033882254)
(0.012376247 0 -0.0032083988)
(0.012470339 0 -0.0030182978)
(0.012550319 0 -0.0028220213)
(0.012616796 0 -0.0026231469)
(0.012670501 0 -0.0024247385)
(0.012712292 0 -0.0022293624)
(0.012743145 0 -0.0020391112)
(0.01276413 0 -0.0018556377)
(0.012776381 0 -0.0016801975)
(0.01278106 0 -0.0015136972)
(0.012779323 0 -0.0013567471)
(0.012772284 0 -0.0012097134)
(0.012760996 0 -0.0010727669)
(0.012746424 0 -0.00094592567)
(0.012729437 0 -0.00082908952)
(0.012710799 0 -0.00072206675)
(0.012691165 0 -0.00062459322)
(0.012671091 0 -0.00053634556)
(0.01265103 0 -0.00045695025)
(0.012631347 0 -0.00038599031)
(0.012612327 0 -0.00032301107)
(0.012594179 0 -0.00026752591)
(0.012577053 0 -0.00021902272)
(0.012561045 0 -0.00017697105)
(0.012546207 0 -0.00014082991)
(0.012532555 0 -0.00011005586)
(0.012520076 0 -8.41111e-05)
(0.012508735 0 -6.2471042e-05)
(0.012498483 0 -4.4631177e-05)
(0.012489258 0 -3.0112978e-05)
(0.012480993 0 -1.8467946e-05)
(0.012473614 0 -9.2827667e-06)
(0.012467048 0 -2.1801622e-06)
(0.012461225 0 3.179694e-06)
(0.012456074 0 7.0990282e-06)
(0.01245153 0 9.8433016e-06)
(0.012447529 0 1.1642743e-05)
(0.012444016 0 1.2694629e-05)
(0.012440937 0 1.3165913e-05)
(0.012438243 0 1.3196094e-05)
(0.012435891 0 1.2900223e-05)
(0.012433841 0 1.2371907e-05)
(0.012432058 0 1.1686216e-05)
(0.012430509 0 1.090242e-05)
(0.012429167 0 1.0066496e-05)
(0.012428006 0 9.2133963e-06)
(0.012427002 0 8.3690415e-06)
(0.012426137 0 7.5520573e-06)
(0.012425393 0 6.7752571e-06)
(0.012424753 0 6.0468923e-06)
(0.012424205 0 5.3716901e-06)
(0.012423735 0 4.7517066e-06)
(0.012423334 0 4.1870168e-06)
(0.012422992 0 3.6762686e-06)
(0.012422701 0 3.217119e-06)
(0.012422454 0 2.8065752e-06)
(0.012422244 0 2.4412556e-06)
(0.012422066 0 2.1175869e-06)
(0.012421917 0 1.8319511e-06)
(0.012421791 0 1.5807914e-06)
(0.012421685 0 1.3606865e-06)
(0.012421596 0 1.1683996e-06)
(0.012421521 0 1.0009081e-06)
(0.012421459 0 8.5541943e-07)
(0.012421408 0 7.2937661e-07)
(0.012421365 0 6.2045652e-07)
(0.01242133 0 5.2656279e-07)
(0.012421301 0 4.458147e-07)
(0.012421277 0 3.7653335e-07)
(0.012421257 0 3.1722642e-07)
(0.012421242 0 2.6657252e-07)
(0.012421229 0 2.2340596e-07)
(0.012421219 0 1.8670196e-07)
(0.01242121 0 1.5556271e-07)
(0.012421204 0 1.2920423e-07)
(0.012421199 0 1.0694401e-07)
(0.012421195 0 8.8189659e-08)
(0.012421192 0 7.2428404e-08)
(0.01242119 0 5.9217368e-08)
(0.012421188 0 4.817474e-08)
(0.012421187 0 3.8971791e-08)
(0.012421186 0 3.1325903e-08)
(0.012421186 0 2.4994665e-08)
(0.012421185 0 1.9770828e-08)
(0.012421185 0 1.5477871e-08)
(0.012421185 0 1.1965938e-08)
(0.012421186 0 9.1079323e-09)
(0.012421186 0 6.7959269e-09)
(0.012421186 0 4.938095e-09)
(0.012421186 0 3.4562707e-09)
(0.012421187 0 2.2841637e-09)
(0.012421187 0 1.3660155e-09)
(0.012421188 0 6.5533792e-10)
(0.012421188 0 1.1358209e-10)
(0.012421188 0 -2.9122937e-10)
(0.012421189 0 -5.8576479e-10)
(0.012421189 0 -7.9229667e-10)
(0.012421189 0 -9.2925495e-10)
(0.012421189 0 -1.011696e-09)
(0.01242119 0 -1.0518797e-09)
(0.01242119 0 -1.0599611e-09)
(0.01242119 0 -1.0445954e-09)
(0.01242119 0 -1.0131089e-09)
(0.01242119 0 -9.7123375e-10)
(0.01242119 0 -9.2286539e-10)
(0.01242119 0 -8.7027027e-10)
(0.012421191 0 -8.1481866e-10)
(0.012421191 0 -7.5785985e-10)
(0.012421191 0 -7.0110467e-10)
(0.012421191 0 -6.463292e-10)
(0.012421191 0 -5.9484669e-10)
(0.012421191 0 -5.4723372e-10)
(0.012421191 0 -5.0346341e-10)
(0.012421191 0 -4.6325513e-10)
(0.012421191 0 -4.2634179e-10)
(0.012421191 0 -3.9265666e-10)
(0.012421191 0 -3.6252291e-10)
(0.012421191 0 -3.365331e-10)
(0.012421191 0 -3.148742e-10)
(0.012421191 0 -2.9662188e-10)
(0.012421191 0 -2.7998431e-10)
(0.012421191 0 -2.6377782e-10)
(0.012421191 0 -2.4881132e-10)
(0.012421191 0 -2.3727246e-10)
(0.012421191 0 -2.3027787e-10)
(0.012421191 0 -2.263484e-10)
(0.012421191 0 -2.2293652e-10)
(0.012421191 0 -2.1943307e-10)
(0.012421191 0 -2.1780314e-10)
(0.012421192 0 -2.1969524e-10)
(0.012421192 0 -2.2375255e-10)
(0.012421192 0 -2.2698454e-10)
(0.012421192 0 -2.2842963e-10)
(0.012421192 0 -2.2995999e-10)
(0.012421192 0 -2.3330517e-10)
(0.012421192 0 -2.3805824e-10)
(0.012421192 0 -2.4363684e-10)
(0.012421192 0 -2.5134624e-10)
(0.012421192 0 -2.6230069e-10)
(0.012421192 0 -2.7469373e-10)
(0.012421192 0 -2.8632611e-10)
(0.012421192 0 -2.9936123e-10)
(0.012421192 0 -3.1890076e-10)
(0.012421192 0 -3.4646226e-10)
(0.012421192 0 -3.7882005e-10)
(0.012421192 0 -4.1433033e-10)
(0.012421192 0 -4.5592139e-10)
(0.012421192 0 -5.0615207e-10)
(0.012421192 0 -5.6455051e-10)
(0.012421192 0 -6.3226275e-10)
(0.012421192 0 -7.1344813e-10)
(0.012421192 0 -8.0913487e-10)
(0.012421192 0 -9.1591739e-10)
(0.012421192 0 -1.0334432e-09)
(0.012421192 0 -1.1668385e-09)
(0.012421193 0 -1.3203999e-09)
(0.012421193 0 -1.4956001e-09)
(0.012421193 0 -1.694815e-09)
(0.012421193 0 -1.9204963e-09)
(0.012421193 0 -2.1729843e-09)
(0.012421193 0 -2.4542563e-09)
(0.012421194 0 -2.7711425e-09)
(0.012421194 0 -3.1323265e-09)
(0.012421194 0 -3.5420285e-09)
(0.012421195 0 -3.9989804e-09)
(0.012421195 0 -4.5082226e-09)
(0.012421195 0 -5.0832912e-09)
(0.012421196 0 -5.7304259e-09)
(0.012421196 0 -6.4564009e-09)
(0.012421197 0 -7.2763377e-09)
(0.012421198 0 -8.1962383e-09)
(0.012421198 0 -9.2245132e-09)
(0.012421199 0 -1.0380716e-08)
(0.0124212 0 -1.1680998e-08)
(0.012421202 0 -1.3144688e-08)
(0.012421203 0 -1.4781199e-08)
(0.012421204 0 -1.6612329e-08)
(0.012421206 0 -1.8658339e-08)
(0.012421208 0 -2.094905e-08)
(0.01242121 0 -2.3509906e-08)
(0.012421212 0 -2.6363778e-08)
(0.012421215 0 -2.9534529e-08)
(0.012421218 0 -3.3051038e-08)
(0.012421222 0 -3.6944758e-08)
(0.012421226 0 -4.1249287e-08)
(0.01242123 0 -4.598587e-08)
(0.012421236 0 -5.1165522e-08)
(0.012421242 0 -5.6806059e-08)
(0.012421248 0 -6.2917017e-08)
(0.012421256 0 -6.9484624e-08)
(0.012421264 0 -7.6471939e-08)
(0.012421274 0 -8.3812143e-08)
(0.012421285 0 -9.140998e-08)
(0.012421298 0 -9.9129489e-08)
(0.012421312 0 -1.0678159e-07)
(0.012421327 0 -1.1406888e-07)
(0.012421344 0 -1.2075874e-07)
(0.012421364 0 -1.2605887e-07)
(0.01242139 0 -1.3131979e-07)
(0.010001293 0 0.00018557533)
(0.010023005 0 0.00055714667)
(0.01006593 0 0.00093996872)
(0.010133518 0 0.0013468645)
(0.010229866 0 0.0017900581)
(0.010362295 0 0.0022810467)
(0.010542154 0 0.0028303685)
(0.010785901 0 0.0034466419)
(0.01111573 0 0.0041341799)
(0.011561648 0 0.004888229)
(0.012149709 0 0.0056796879)
(0.012903767 0 0.0064434338)
(0.013757344 0 0.006963376)
(0.014493488 0 0.0070149833)
(0.014874527 0 0.0065295121)
(0.01477339 0 0.0055854125)
(0.014215181 0 0.004361498)
(0.01337933 0 0.0031046088)
(0.012457638 0 0.0019766211)
(0.011651275 0 0.0010464174)
(0.011091474 0 0.00033354964)
(0.010784358 0 -0.0002242909)
(0.010706337 0 -0.00069464005)
(0.010804289 0 -0.0011283523)
(0.011017275 0 -0.0015527605)
(0.011290844 0 -0.0019749975)
(0.011582565 0 -0.0023884645)
(0.011863705 0 -0.0027792244)
(0.012118881 0 -0.0031328979)
(0.012342424 0 -0.0034384712)
(0.012534139 0 -0.003688973)
(0.012696496 0 -0.0038810505)
(0.012833055 0 -0.0040143796)
(0.012947557 0 -0.0040910551)
(0.013043377 0 -0.0041149173)
(0.013123284 0 -0.0040909262)
(0.013189407 0 -0.0040246681)
(0.013243292 0 -0.0039219937)
(0.013286012 0 -0.003788761)
(0.013318289 0 -0.0036306585)
(0.013340616 0 -0.0034530868)
(0.013353367 0 -0.0032610804)
(0.013356891 0 -0.0030592545)
(0.013351581 0 -0.0028517691)
(0.013337922 0 -0.0026423042)
(0.013316516 0 -0.0024340448)
(0.013288091 0 -0.0022296778)
(0.013253487 0 -0.002031401)
(0.013213636 0 -0.0018409458)
(0.013169532 0 -0.0016596123)
(0.013122193 0 -0.0014883165)
(0.013072629 0 -0.0013276436)
(0.013021806 0 -0.0011779043)
(0.012970619 0 -0.0010391898)
(0.012919875 0 -0.00091142104)
(0.012870269 0 -0.00079439004)
(0.012822387 0 -0.00068779285)
(0.012776697 0 -0.00059125377)
(0.012733554 0 -0.00050434272)
(0.012693208 0 -0.00042658725)
(0.012655814 0 -0.00035748114)
(0.012621442 0 -0.00029649127)
(0.012590089 0 -0.00024306382)
(0.012561695 0 -0.00019663062)
(0.01253615 0 -0.00015661583)
(0.012513309 0 -0.00012244297)
(0.012493002 0 -9.3542107e-05)
(0.012475043 0 -6.9356855e-05)
(0.012459236 0 -4.9350875e-05)
(0.012445385 0 -3.3013641e-05)
(0.012433296 0 -1.9865625e-05)
(0.012422783 0 -9.4591439e-06)
(0.012413668 0 -1.3872334e-06)
(0.01240579 0 4.720855e-06)
(0.012398996 0 9.1969779e-06)
(0.012393152 0 1.2334556e-05)
(0.012388134 0 1.4389882e-05)
(0.012383832 0 1.5584182e-05)
(0.012380151 0 1.6106056e-05)
(0.012377005 0 1.611426e-05)
(0.012374319 0 1.5740686e-05)
(0.012372029 0 1.5093423e-05)
(0.012370079 0 1.4259776e-05)
(0.012368419 0 1.3309158e-05)
(0.012367009 0 1.2295795e-05)
(0.012365812 0 1.1261192e-05)
(0.012364797 0 1.0236353e-05)
(0.012363937 0 9.2437237e-06)
(0.01236321 0 8.2988763e-06)
(0.012362596 0 7.4119499e-06)
(0.012362077 0 6.5888545e-06)
(0.012361641 0 5.8322713e-06)
(0.012361274 0 5.1424693e-06)
(0.012360966 0 4.517965e-06)
(0.012360707 0 3.9560473e-06)
(0.012360491 0 3.4531897e-06)
(0.012360311 0 3.0053695e-06)
(0.012360161 0 2.6083099e-06)
(0.012360037 0 2.2576606e-06)
(0.012359933 0 1.9491298e-06)
(0.012359848 0 1.6785771e-06)
(0.012359778 0 1.442076e-06)
(0.01235972 0 1.2359527e-06)
(0.012359673 0 1.0568078e-06)
(0.012359635 0 9.0152422e-07)
(0.012359604 0 7.6726654e-07)
(0.012359579 0 6.5147326e-07)
(0.012359559 0 5.5184382e-07)
(0.012359543 0 4.6632245e-07)
(0.01235953 0 3.9308004e-07)
(0.012359521 0 3.3049551e-07)
(0.012359513 0 2.7713756e-07)
(0.012359507 0 2.317471e-07)
(0.012359503 0 1.9322046e-07)
(0.0123595 0 1.6059343e-07)
(0.012359498 0 1.330262e-07)
(0.012359496 0 1.097893e-07)
(0.012359495 0 9.0250707e-08)
(0.012359495 0 7.3864136e-08)
(0.012359495 0 6.0158371e-08)
(0.012359495 0 4.872777e-08)
(0.012359495 0 3.9223779e-08)
(0.012359496 0 3.134753e-08)
(0.012359497 0 2.4843435e-08)
(0.012359497 0 1.9493533e-08)
(0.012359498 0 1.5112409e-08)
(0.012359499 0 1.1542612e-08)
(0.012359499 0 8.650458e-09)
(0.0123595 0 6.322413e-09)
(0.012359501 0 4.4621142e-09)
(0.012359501 0 2.9879499e-09)
(0.012359502 0 1.8311036e-09)
(0.012359502 0 9.3388495e-10)
(0.012359503 0 2.4812742e-10)
(0.012359503 0 -2.6631019e-10)
(0.012359504 0 -6.4284158e-10)
(0.012359504 0 -9.0922575e-10)
(0.012359504 0 -1.0883521e-09)
(0.012359505 0 -1.1988691e-09)
(0.012359505 0 -1.2559206e-09)
(0.012359505 0 -1.2719798e-09)
(0.012359505 0 -1.2575868e-09)
(0.012359505 0 -1.2217594e-09)
(0.012359506 0 -1.1718924e-09)
(0.012359506 0 -1.1133994e-09)
(0.012359506 0 -1.0496895e-09)
(0.012359506 0 -9.8274192e-10)
(0.012359506 0 -9.140447e-10)
(0.012359506 0 -8.4533278e-10)
(0.012359506 0 -7.7858519e-10)
(0.012359506 0 -7.154288e-10)
(0.012359506 0 -6.5667178e-10)
(0.012359506 0 -6.023828e-10)
(0.012359507 0 -5.5235291e-10)
(0.012359507 0 -5.064897e-10)
(0.012359507 0 -4.6483532e-10)
(0.012359507 0 -4.2744804e-10)
(0.012359507 0 -3.9447113e-10)
(0.012359507 0 -3.6611055e-10)
(0.012359507 0 -3.4219214e-10)
(0.012359507 0 -3.2170914e-10)
(0.012359507 0 -3.0315452e-10)
(0.012359507 0 -2.8575699e-10)
(0.012359507 0 -2.7038457e-10)
(0.012359507 0 -2.5865865e-10)
(0.012359507 0 -2.5092743e-10)
(0.012359507 0 -2.456525e-10)
(0.012359507 0 -2.4128875e-10)
(0.012359507 0 -2.3834746e-10)
(0.012359507 0 -2.3859582e-10)
(0.012359507 0 -2.4199652e-10)
(0.012359507 0 -2.4568874e-10)
(0.012359507 0 -2.4711063e-10)
(0.012359507 0 -2.4729816e-10)
(0.012359507 0 -2.495244e-10)
(0.012359507 0 -2.5495704e-10)
(0.012359507 0 -2.6153445e-10)
(0.012359507 0 -2.6754916e-10)
(0.012359507 0 -2.741773e-10)
(0.012359507 0 -2.8309959e-10)
(0.012359507 0 -2.9390089e-10)
(0.012359507 0 -3.0630493e-10)
(0.012359507 0 -3.2299398e-10)
(0.012359507 0 -3.467308e-10)
(0.012359507 0 -3.7602461e-10)
(0.012359507 0 -4.077987e-10)
(0.012359507 0 -4.4363259e-10)
(0.012359507 0 -4.8865629e-10)
(0.012359507 0 -5.4466776e-10)
(0.012359507 0 -6.0978733e-10)
(0.012359507 0 -6.8458999e-10)
(0.012359507 0 -7.7225107e-10)
(0.012359507 0 -8.7303395e-10)
(0.012359508 0 -9.855705e-10)
(0.012359508 0 -1.112822e-09)
(0.012359508 0 -1.2600243e-09)
(0.012359508 0 -1.428746e-09)
(0.012359508 0 -1.6189633e-09)
(0.012359508 0 -1.8331805e-09)
(0.012359508 0 -2.074163e-09)
(0.012359508 0 -2.3445286e-09)
(0.012359508 0 -2.6502896e-09)
(0.012359509 0 -2.997898e-09)
(0.012359509 0 -3.3904675e-09)
(0.012359509 0 -3.8317511e-09)
(0.012359509 0 -4.3257074e-09)
(0.01235951 0 -4.8761729e-09)
(0.01235951 0 -5.4963927e-09)
(0.01235951 0 -6.2011542e-09)
(0.012359511 0 -6.994056e-09)
(0.012359511 0 -7.8803745e-09)
(0.012359512 0 -8.875212e-09)
(0.012359513 0 -9.9939656e-09)
(0.012359513 0 -1.1253463e-08)
(0.012359514 0 -1.2672633e-08)
(0.012359515 0 -1.4264514e-08)
(0.012359516 0 -1.6047002e-08)
(0.012359517 0 -1.8045029e-08)
(0.012359519 0 -2.0287228e-08)
(0.01235952 0 -2.2802774e-08)
(0.012359522 0 -2.5616438e-08)
(0.012359524 0 -2.8752124e-08)
(0.012359526 0 -3.2247165e-08)
(0.012359529 0 -3.6144937e-08)
(0.012359532 0 -4.0478063e-08)
(0.012359535 0 -4.527705e-08)
(0.012359539 0 -5.0577772e-08)
(0.012359544 0 -5.6410898e-08)
(0.012359549 0 -6.2805762e-08)
(0.012359555 0 -6.9780039e-08)
(0.012359562 0 -7.7326941e-08)
(0.01235957 0 -8.5420079e-08)
(0.012359579 0 -9.401067e-08)
(0.01235959 0 -1.0301187e-07)
(0.012359602 0 -1.1226835e-07)
(0.012359616 0 -1.2155167e-07)
(0.012359631 0 -1.3052512e-07)
(0.012359649 0 -1.3889247e-07)
(0.012359668 0 -1.4569575e-07)
(0.012359698 0 -1.5220621e-07)
(0.010001795 0 0.00017178403)
(0.01003407 0 0.0005159892)
(0.010098163 0 0.00087012702)
(0.010197987 0 0.0012449595)
(0.010336851 0 0.0016502478)
(0.010521004 0 0.0020943565)
(0.010760139 0 0.0025838061)
(0.011067816 0 0.0031222665)
(0.011461576 0 0.0037086204)
(0.011963713 0 0.0043340507)
(0.012594958 0 0.0049736711)
(0.013373218 0 0.0055831016)
(0.014275212 0 0.0060468876)
(0.015187832 0 0.006221852)
(0.015949155 0 0.0060248834)
(0.016429059 0 0.0054627935)
(0.016573982 0 0.0046186624)
(0.01642367 0 0.0036307681)
(0.016072168 0 0.0026196949)
(0.015636353 0 0.0016666786)
(0.015216661 0 0.00082278369)
(0.014876929 0 9.4627775e-05)
(0.014643821 0 -0.00053824511)
(0.014513197 0 -0.0011013586)
(0.014463304 0 -0.00161388)
(0.014466883 0 -0.0020858846)
(0.014498629 0 -0.0025190913)
(0.014539031 0 -0.0029095573)
(0.014575545 0 -0.0032514381)
(0.014601481 0 -0.0035396899)
(0.014614074 0 -0.0037711637)
(0.014612951 0 -0.0039447942)
(0.014599089 0 -0.004061444)
(0.014574091 0 -0.0041236108)
(0.014539682 0 -0.0041350544)
(0.014497409 0 -0.004100414)
(0.014448512 0 -0.0040248755)
(0.014393898 0 -0.0039139037)
(0.014334184 0 -0.003773039)
(0.014269768 0 -0.0036077432)
(0.014200914 0 -0.0034232853)
(0.014127828 0 -0.0032246545)
(0.014050729 0 -0.0030164911)
(0.013969897 0 -0.0028030315)
(0.013885706 0 -0.0025880633)
(0.013798641 0 -0.0023748921)
(0.013709299 0 -0.0021663217)
(0.013618374 0 -0.0019646502)
(0.013526638 0 -0.0017716822)
(0.01343491 0 -0.0015887593)
(0.013344026 0 -0.0014168036)
(0.013254806 0 -0.0012563729)
(0.013168024 0 -0.0011077202)
(0.01308438 0 -0.00097085412)
(0.013004484 0 -0.00084559468)
(0.012928836 0 -0.00073162165)
(0.012857823 0 -0.00062851368)
(0.012791713 0 -0.00053577845)
(0.012730665 0 -0.00045287459)
(0.012674729 0 -0.00037922735)
(0.012623862 0 -0.00031423968)
(0.01257794 0 -0.00025730057)
(0.012536768 0 -0.00020779194)
(0.012500102 0 -0.00016509486)
(0.012467656 0 -0.00012859565)
(0.012439118 0 -9.7691922e-05)
(0.012414162 0 -7.1798394e-05)
(0.012392456 0 -5.0352445e-05)
(0.012373674 0 -3.2819087e-05)
(0.012357499 0 -1.8695004e-05)
(0.012343634 0 -7.5118832e-06)
(0.012331795 0 1.1578635e-06)
(0.012321724 0 7.7078362e-06)
(0.012313187 0 1.2489671e-05)
(0.012305975 0 1.5815748e-05)
(0.012299897 0 1.7960504e-05)
(0.01229479 0 1.9162181e-05)
(0.012290507 0 1.962508e-05)
(0.012286923 0 1.9522199e-05)
(0.01228393 0 1.8998129e-05)
(0.012281435 0 1.8172073e-05)
(0.012279358 0 1.7140874e-05)
(0.012277632 0 1.5981963e-05)
(0.012276199 0 1.475615e-05)
(0.012275012 0 1.3510216e-05)
(0.01227403 0 1.2279262e-05)
(0.012273218 0 1.1088796e-05)
(0.012272549 0 9.9565745e-06)
(0.012271998 0 8.8941753e-06)
(0.012271546 0 7.9083409e-06)
(0.012271175 0 7.0020991e-06)
(0.012270871 0 6.1756865e-06)
(0.012270624 0 5.4273008e-06)
(0.012270423 0 4.7537039e-06)
(0.01227026 0 4.1506989e-06)
(0.012270129 0 3.6135016e-06)
(0.012270023 0 3.1370247e-06)
(0.012269939 0 2.7160904e-06)
(0.012269872 0 2.345587e-06)
(0.012269819 0 2.0205787e-06)
(0.012269777 0 1.7363807e-06)
(0.012269745 0 1.4886065e-06)
(0.012269721 0 1.2731938e-06)
(0.012269703 0 1.0864156e-06)
(0.012269689 0 9.2487924e-07)
(0.012269679 0 7.8551824e-07)
(0.012269673 0 6.6557688e-07)
(0.012269668 0 5.6259144e-07)
(0.012269666 0 4.7436877e-07)
(0.012269665 0 3.9896422e-07)
(0.012269665 0 3.346598e-07)
(0.012269665 0 2.799435e-07)
(0.012269667 0 2.3348937e-07)
(0.012269668 0 1.9413864e-07)
(0.01226967 0 1.6088172e-07)
(0.012269673 0 1.3284139e-07)
(0.012269675 0 1.092572e-07)
(0.012269677 0 8.9471509e-08)
(0.012269679 0 7.2916818e-08)
(0.012269681 0 5.9104535e-08)
(0.012269683 0 4.7614973e-08)
(0.012269685 0 3.808843e-08)
(0.012269686 0 3.0217328e-08)
(0.012269688 0 2.3739296e-08)
(0.01226969 0 1.8430954e-08)
(0.012269691 0 1.4102399e-08)
(0.012269692 0 1.0592353e-08)
(0.012269693 0 7.7639444e-09)
(0.012269694 0 5.5011593e-09)
(0.012269695 0 3.7059277e-09)
(0.012269696 0 2.2955826e-09)
(0.012269697 0 1.2006414e-09)
(0.012269697 0 3.6285401e-10)
(0.012269698 0 -2.6655547e-10)
(0.012269699 0 -7.2832933e-10)
(0.012269699 0 -1.0562753e-09)
(0.012269699 0 -1.2781915e-09)
(0.0122697 0 -1.4166888e-09)
(0.0122697 0 -1.4900387e-09)
(0.0122697 0 -1.5131731e-09)
(0.012269701 0 -1.4986067e-09)
(0.012269701 0 -1.4570047e-09)
(0.012269701 0 -1.3973094e-09)
(0.012269701 0 -1.3264768e-09)
(0.012269701 0 -1.2492456e-09)
(0.012269701 0 -1.1684772e-09)
(0.012269702 0 -1.0860249e-09)
(0.012269702 0 -1.0036346e-09)
(0.012269702 0 -9.2333217e-10)
(0.012269702 0 -8.470381e-10)
(0.012269702 0 -7.7589236e-10)
(0.012269702 0 -7.1008953e-10)
(0.012269702 0 -6.4934585e-10)
(0.012269702 0 -5.9348137e-10)
(0.012269702 0 -5.4260398e-10)
(0.012269702 0 -4.9682898e-10)
(0.012269702 0 -4.5607088e-10)
(0.012269702 0 -4.2027152e-10)
(0.012269702 0 -3.895427e-10)
(0.012269702 0 -3.6371425e-10)
(0.012269702 0 -3.4177554e-10)
(0.012269702 0 -3.2215007e-10)
(0.012269702 0 -3.0394035e-10)
(0.012269702 0 -2.8784999e-10)
(0.012269702 0 -2.7535742e-10)
(0.012269702 0 -2.6688302e-10)
(0.012269702 0 -2.6132831e-10)
(0.012269702 0 -2.5763028e-10)
(0.012269702 0 -2.5607319e-10)
(0.012269702 0 -2.5723099e-10)
(0.012269702 0 -2.5991718e-10)
(0.012269702 0 -2.6166024e-10)
(0.012269702 0 -2.6186479e-10)
(0.012269702 0 -2.630704e-10)
(0.012269702 0 -2.6765038e-10)
(0.012269702 0 -2.7423625e-10)
(0.012269702 0 -2.7942504e-10)
(0.012269702 0 -2.8281836e-10)
(0.012269702 0 -2.8796249e-10)
(0.012269702 0 -2.9762151e-10)
(0.012269702 0 -3.1077898e-10)
(0.012269702 0 -3.2583645e-10)
(0.012269702 0 -3.4392681e-10)
(0.012269702 0 -3.6665592e-10)
(0.012269702 0 -3.9345222e-10)
(0.012269702 0 -4.2452471e-10)
(0.012269703 0 -4.637864e-10)
(0.012269703 0 -5.1463518e-10)
(0.012269703 0 -5.7527091e-10)
(0.012269703 0 -6.4298984e-10)
(0.012269703 0 -7.2043682e-10)
(0.012269703 0 -8.1227283e-10)
(0.012269703 0 -9.1896465e-10)
(0.012269703 0 -1.0395961e-09)
(0.012269703 0 -1.1768719e-09)
(0.012269703 0 -1.333976e-09)
(0.012269703 0 -1.5112374e-09)
(0.012269703 0 -1.7101918e-09)
(0.012269703 0 -1.9355404e-09)
(0.012269703 0 -2.1907606e-09)
(0.012269703 0 -2.4782708e-09)
(0.012269703 0 -2.804236e-09)
(0.012269703 0 -3.1746139e-09)
(0.012269704 0 -3.5888708e-09)
(0.012269704 0 -4.0498829e-09)
(0.012269704 0 -4.5707594e-09)
(0.012269704 0 -5.1597321e-09)
(0.012269704 0 -5.8215654e-09)
(0.012269705 0 -6.5692389e-09)
(0.012269705 0 -7.4093749e-09)
(0.012269705 0 -8.3467851e-09)
(0.012269706 0 -9.4013766e-09)
(0.012269706 0 -1.0593692e-08)
(0.012269707 0 -1.1937625e-08)
(0.012269707 0 -1.3448971e-08)
(0.012269708 0 -1.5139893e-08)
(0.012269709 0 -1.7040867e-08)
(0.01226971 0 -1.9181009e-08)
(0.012269711 0 -2.1588141e-08)
(0.012269712 0 -2.4284099e-08)
(0.012269713 0 -2.7302641e-08)
(0.012269715 0 -3.0681571e-08)
(0.012269717 0 -3.4463827e-08)
(0.012269719 0 -3.8693001e-08)
(0.012269721 0 -4.340817e-08)
(0.012269724 0 -4.86494e-08)
(0.012269727 0 -5.4469865e-08)
(0.012269731 0 -6.0919274e-08)
(0.012269735 0 -6.8034956e-08)
(0.01226974 0 -7.5843019e-08)
(0.012269746 0 -8.4362677e-08)
(0.012269753 0 -9.3599264e-08)
(0.012269762 0 -1.0352025e-07)
(0.012269771 0 -1.1404099e-07)
(0.012269783 0 -1.2501005e-07)
(0.012269796 0 -1.3620104e-07)
(0.012269812 0 -1.4726329e-07)
(0.01226983 0 -1.5778269e-07)
(0.01226985 0 -1.6670981e-07)
(0.012269882 0 -1.7492336e-07)
(0.010002185 0 0.00015318033)
(0.010043135 0 0.00046022234)
(0.010124618 0 0.00077603175)
(0.010250564 0 0.0011097407)
(0.010422952 0 0.0014691344)
(0.010646233 0 0.0018601041)
(0.010927649 0 0.0022861567)
(0.011277189 0 0.0027475537)
(0.011707413 0 0.0032398993)
(0.012233431 0 0.0037524069)
(0.012869291 0 0.0042635505)
(0.013625792 0 0.0047402207)
(0.014493949 0 0.0051166919)
(0.015416525 0 0.0053066683)
(0.016295023 0 0.0052445506)
(0.017028369 0 0.0049116237)
(0.017545855 0 0.004338203)
(0.017827714 0 0.0035972814)
(0.017901689 0 0.0027707066)
(0.017823889 0 0.0019264523)
(0.017656691 0 0.0011158684)
(0.017455008 0 0.0003660721)
(0.01725693 0 -0.00031591245)
(0.017080784 0 -0.00093374646)
(0.016930509 0 -0.0014933174)
(0.01680126 0 -0.0019987004)
(0.016684886 0 -0.002451045)
(0.016573516 0 -0.0028491156)
(0.016461363 0 -0.0031907572)
(0.016345015 0 -0.0034742156)
(0.016222948 0 -0.003698812)
(0.01609494 0 -0.0038651386)
(0.015961572 0 -0.0039750289)
(0.015823825 0 -0.0040314205)
(0.015682781 0 -0.0040381541)
(0.015539428 0 -0.0039997472)
(0.015394568 0 -0.0039211768)
(0.015248803 0 -0.0038076907)
(0.015102558 0 -0.0036646497)
(0.014956138 0 -0.0034973956)
(0.014809781 0 -0.0033111421)
(0.014663709 0 -0.0031108812)
(0.01451817 0 -0.0029013024)
(0.01437347 0 -0.0026867224)
(0.014229984 0 -0.0024710257)
(0.014088162 0 -0.0022576181)
(0.013948524 0 -0.0020493954)
(0.013811647 0 -0.0018487299)
(0.013678145 0 -0.0016574772)
(0.013548651 0 -0.0014770016)
(0.013423788 0 -0.0013082188)
(0.013304149 0 -0.0011516512)
(0.013190272 0 -0.0010074908)
(0.013082621 0 -0.00087566337)
(0.012981568 0 -0.00075589014)
(0.012887385 0 -0.00064774149)
(0.012800236 0 -0.00055068233)
(0.012720178 0 -0.00046410751)
(0.012647161 0 -0.00038736863)
(0.012581041 0 -0.0003197933)
(0.012521588 0 -0.00026069908)
(0.0124685 0 -0.00020940353)
(0.012421417 0 -0.00016523183)
(0.012379937 0 -0.00012752307)
(0.01234363 0 -9.5635577e-05)
(0.01231205 0 -6.8951794e-05)
(0.012284749 0 -4.6882579e-05)
(0.012261286 0 -2.8871001e-05)
(0.012241236 0 -1.4395473e-05)
(0.012224196 0 -2.9723804e-06)
(0.012209788 0 5.8430216e-06)
(0.012197667 0 1.2451883e-05)
(0.01218752 0 1.722002e-05)
(0.012179063 0 2.0470634e-05)
(0.012172045 0 2.2488244e-05)
(0.012166246 0 2.3520719e-05)
(0.012161472 0 2.3781408e-05)
(0.012157558 0 2.3451688e-05)
(0.01215436 0 2.2683782e-05)
(0.012151757 0 2.1603711e-05)
(0.012149647 0 2.0314277e-05)
(0.012147941 0 1.8897991e-05)
(0.012146568 0 1.7419873e-05)
(0.012145467 0 1.5930072e-05)
(0.012144589 0 1.4466279e-05)
(0.012143891 0 1.3055886e-05)
(0.012143339 0 1.1717902e-05)
(0.012142905 0 1.0464626e-05)
(0.012142567 0 9.3030717e-06)
(0.012142305 0 8.2361743e-06)
(0.012142105 0 7.2637942e-06)
(0.012141953 0 6.3835378e-06)
(0.01214184 0 5.5914225e-06)
(0.012141757 0 4.8824046e-06)
(0.012141699 0 4.2507942e-06)
(0.012141658 0 3.6905735e-06)
(0.012141633 0 3.1956373e-06)
(0.012141618 0 2.7599688e-06)
(0.012141612 0 2.3777649e-06)
(0.012141611 0 2.0435213e-06)
(0.012141616 0 1.7520856e-06)
(0.012141623 0 1.4986871e-06)
(0.012141632 0 1.2789489e-06)
(0.012141643 0 1.0888867e-06)
(0.012141654 0 9.2489814e-07)
(0.012141666 0 7.8374599e-07)
(0.012141677 0 6.6253566e-07)
(0.012141689 0 5.586903e-07)
(0.0121417 0 4.6992476e-07)
(0.01214171 0 3.9421993e-07)
(0.012141719 0 3.297982e-07)
(0.012141728 0 2.7510029e-07)
(0.012141736 0 2.2876321e-07)
(0.012141744 0 1.8959925e-07)
(0.01214175 0 1.5657624e-07)
(0.012141756 0 1.2879931e-07)
(0.012141762 0 1.0549427e-07)
(0.012141767 0 8.59929e-08)
(0.012141771 0 6.9719835e-08)
(0.012141775 0 5.6180895e-08)
(0.012141779 0 4.4952728e-08)
(0.012141782 0 3.5673486e-08)
(0.012141785 0 2.8034525e-08)
(0.012141787 0 2.1773055e-08)
(0.012141789 0 1.6665589e-08)
(0.012141791 0 1.2522243e-08)
(0.012141793 0 9.1819064e-09)
(0.012141794 0 6.5081301e-09)
(0.012141796 0 4.3856647e-09)
(0.012141797 0 2.7174932e-09)
(0.012141798 0 1.4220875e-09)
(0.012141799 0 4.3095823e-10)
(0.012141799 0 -3.1340962e-10)
(0.0121418 0 -8.5924593e-10)
(0.012141801 0 -1.2467307e-09)
(0.012141801 0 -1.5089109e-09)
(0.012141802 0 -1.6726262e-09)
(0.012141802 0 -1.7595153e-09)
(0.012141802 0 -1.7870997e-09)
(0.012141803 0 -1.7698896e-09)
(0.012141803 0 -1.7201728e-09)
(0.012141803 0 -1.6482936e-09)
(0.012141803 0 -1.5625747e-09)
(0.012141803 0 -1.4691084e-09)
(0.012141803 0 -1.3718276e-09)
(0.012141804 0 -1.2731762e-09)
(0.012141804 0 -1.1750482e-09)
(0.012141804 0 -1.0794144e-09)
(0.012141804 0 -9.8831308e-10)
(0.012141804 0 -9.0327016e-10)
(0.012141804 0 -8.2478835e-10)
(0.012141804 0 -7.5254841e-10)
(0.012141804 0 -6.8608446e-10)
(0.012141804 0 -6.2524608e-10)
(0.012141804 0 -5.7012862e-10)
(0.012141804 0 -5.2071112e-10)
(0.012141804 0 -4.7681422e-10)
(0.012141804 0 -4.3848809e-10)
(0.012141804 0 -4.0601783e-10)
(0.012141804 0 -3.7914307e-10)
(0.012141804 0 -3.564128e-10)
(0.012141804 0 -3.3580544e-10)
(0.012141804 0 -3.1641668e-10)
(0.012141804 0 -2.9942022e-10)
(0.012141804 0 -2.8679613e-10)
(0.012141804 0 -2.7903259e-10)
(0.012141804 0 -2.7459805e-10)
(0.012141804 0 -2.7174077e-10)
(0.012141804 0 -2.7011555e-10)
(0.012141804 0 -2.7013256e-10)
(0.012141804 0 -2.7132188e-10)
(0.012141804 0 -2.7261253e-10)
(0.012141804 0 -2.7421808e-10)
(0.012141804 0 -2.7752858e-10)
(0.012141804 0 -2.8235683e-10)
(0.012141804 0 -2.8607368e-10)
(0.012141804 0 -2.8725952e-10)
(0.012141804 0 -2.8905929e-10)
(0.012141804 0 -2.9631142e-10)
(0.012141804 0 -3.094765e-10)
(0.012141804 0 -3.2435268e-10)
(0.012141804 0 -3.3843214e-10)
(0.012141804 0 -3.5428607e-10)
(0.012141804 0 -3.7549078e-10)
(0.012141804 0 -4.0290657e-10)
(0.012141804 0 -4.3693811e-10)
(0.012141804 0 -4.7954173e-10)
(0.012141804 0 -5.3127304e-10)
(0.012141804 0 -5.9038267e-10)
(0.012141804 0 -6.5799124e-10)
(0.012141804 0 -7.3963682e-10)
(0.012141804 0 -8.3829412e-10)
(0.012141804 0 -9.5109435e-10)
(0.012141804 0 -1.0762934e-09)
(0.012141804 0 -1.2177037e-09)
(0.012141804 0 -1.3796169e-09)
(0.012141804 0 -1.5633682e-09)
(0.012141805 0 -1.7706533e-09)
(0.012141805 0 -2.0051613e-09)
(0.012141805 0 -2.270235e-09)
(0.012141805 0 -2.5686664e-09)
(0.012141805 0 -2.9057502e-09)
(0.012141805 0 -3.2882539e-09)
(0.012141805 0 -3.7175471e-09)
(0.012141805 0 -4.1949805e-09)
(0.012141805 0 -4.7354614e-09)
(0.012141805 0 -5.3520245e-09)
(0.012141805 0 -6.0431245e-09)
(0.012141806 0 -6.815505e-09)
(0.012141806 0 -7.6819979e-09)
(0.012141806 0 -8.6576346e-09)
(0.012141806 0 -9.762634e-09)
(0.012141807 0 -1.1007213e-08)
(0.012141807 0 -1.240399e-08)
(0.012141807 0 -1.3974262e-08)
(0.012141808 0 -1.5741807e-08)
(0.012141808 0 -1.7736755e-08)
(0.012141809 0 -1.9979787e-08)
(0.012141809 0 -2.250156e-08)
(0.01214181 0 -2.5332215e-08)
(0.012141811 0 -2.8513237e-08)
(0.012141812 0 -3.2086258e-08)
(0.012141813 0 -3.6096444e-08)
(0.012141815 0 -4.0589191e-08)
(0.012141816 0 -4.5617171e-08)
(0.012141818 0 -5.1239253e-08)
(0.01214182 0 -5.751824e-08)
(0.012141823 0 -6.4511865e-08)
(0.012141827 0 -7.2277653e-08)
(0.012141831 0 -8.087122e-08)
(0.012141835 0 -9.0342339e-08)
(0.012141841 0 -1.0072342e-07)
(0.012141848 0 -1.1200632e-07)
(0.012141857 0 -1.2413872e-07)
(0.012141867 0 -1.3701397e-07)
(0.012141879 0 -1.5042968e-07)
(0.012141894 0 -1.6402819e-07)
(0.012141913 0 -1.772731e-07)
(0.012141933 0 -1.892555e-07)
(0.012141969 0 -1.997911e-07)
(0.010002499 0 0.00013058486)
(0.010050888 0 0.00039229601)
(0.010147271 0 0.00066197449)
(0.01029519 0 0.00094778509)
(0.01049481 0 0.0012561664)
(0.010748244 0 0.0015912221)
(0.011059837 0 0.0019543252)
(0.011435871 0 0.0023435011)
(0.011884255 0 0.0027525178)
(0.012414138 0 0.0031699237)
(0.013033642 0 0.0035769633)
(0.013747724 0 0.0039476106)
(0.014550846 0 0.0042411139)
(0.015412601 0 0.0044056322)
(0.016275502 0 0.0043963019)
(0.017070534 0 0.0041911325)
(0.017736659 0 0.0037969773)
(0.018237276 0 0.0032498634)
(0.018566406 0 0.0026002754)
(0.018742121 0 0.0018976825)
(0.018795462 0 0.0011846712)
(0.018761509 0 0.00049169964)
(0.018671262 0 -0.00016375546)
(0.01854676 0 -0.0007727822)
(0.018401555 0 -0.0013314965)
(0.01824263 0 -0.0018377111)
(0.018072845 0 -0.0022895309)
(0.017893201 0 -0.0026850388)
(0.017704305 0 -0.0030226111)
(0.017506993 0 -0.0033013548)
(0.017302423 0 -0.0035213596)
(0.017091989 0 -0.0036837586)
(0.016877186 0 -0.0037906814)
(0.016659493 0 -0.0038451513)
(0.016440265 0 -0.0038509446)
(0.016220685 0 -0.0038124331)
(0.016001743 0 -0.0037344247)
(0.01578426 0 -0.0036220148)
(0.015568922 0 -0.0034804495)
(0.015356324 0 -0.0033150019)
(0.015147006 0 -0.0031308604)
(0.014941483 0 -0.0029330257)
(0.014740262 0 -0.0027262198)
(0.014543853 0 -0.0025148038)
(0.014352769 0 -0.0023027102)
(0.014167522 0 -0.0020933879)
(0.013988619 0 -0.0018897659)
(0.01381655 0 -0.0016942363)
(0.013651781 0 -0.0015086578)
(0.013494742 0 -0.0013343801)
(0.013345817 0 -0.0011722856)
(0.013205334 0 -0.0010228453)
(0.013073553 0 -0.0008861833)
(0.012950656 0 -0.00076214334)
(0.012836742 0 -0.00065035376)
(0.01273182 0 -0.00055028559)
(0.012635804 0 -0.00046130204)
(0.01254852 0 -0.00038269844)
(0.012469706 0 -0.00031373293)
(0.012399023 0 -0.00025364923)
(0.012336064 0 -0.00020169308)
(0.012280367 0 -0.000157124)
(0.01223143 0 -0.0001192237)
(0.012188723 0 -8.7302297e-05)
(0.012151703 0 -6.070295e-05)
(0.012119827 0 -3.8805451e-05)
(0.01209256 0 -2.1028879e-05)
(0.012069388 0 -6.8337476e-06)
(0.012049821 0 4.2770325e-06)
(0.012033405 0 1.2757238e-05)
(0.012019719 0 1.9017513e-05)
(0.01200838 0 2.3428505e-05)
(0.011999046 0 2.6316012e-05)
(0.01199141 0 2.7968402e-05)
(0.011985202 0 2.8636693e-05)
(0.011980189 0 2.8536977e-05)
(0.011976168 0 2.7853159e-05)
(0.011972965 0 2.6739836e-05)
(0.011970434 0 2.5325224e-05)
(0.011968449 0 2.3714099e-05)
(0.011966907 0 2.1990678e-05)
(0.011965722 0 2.0221385e-05)
(0.011964822 0 1.845744e-05)
(0.011964149 0 1.6737262e-05)
(0.011963656 0 1.5088638e-05)
(0.011963302 0 1.3530659e-05)
(0.011963058 0 1.2075422e-05)
(0.011962898 0 1.0729497e-05)
(0.011962802 0 9.4951744e-06)
(0.011962754 0 8.3715123e-06)
(0.011962741 0 7.3551998e-06)
(0.011962754 0 6.4412594e-06)
(0.011962785 0 5.623609e-06)
(0.011962828 0 4.8955054e-06)
(0.011962879 0 4.2498865e-06)
(0.011962933 0 3.6796307e-06)
(0.01196299 0 3.1777469e-06)
(0.011963046 0 2.7375107e-06)
(0.011963101 0 2.3525554e-06)
(0.011963154 0 2.0169294e-06)
(0.011963203 0 1.7251273e-06)
(0.011963249 0 1.472101e-06)
(0.011963292 0 1.2532572e-06)
(0.011963331 0 1.0644442e-06)
(0.011963366 0 9.0193132e-07)
(0.011963398 0 7.6238368e-07)
(0.011963427 0 6.4283306e-07)
(0.011963453 0 5.4064777e-07)
(0.011963476 0 4.5350282e-07)
(0.011963497 0 3.7935128e-07)
(0.011963515 0 3.1639737e-07)
(0.011963532 0 2.6307116e-07)
(0.011963546 0 2.1800453e-07)
(0.011963558 0 1.8000851e-07)
(0.011963569 0 1.4805226e-07)
(0.011963579 0 1.2124392e-07)
(0.011963588 0 9.8813559e-08)
(0.011963595 0 8.0098213e-08)
(0.011963601 0 6.4528518e-08)
(0.011963607 0 5.1616847e-08)
(0.011963612 0 4.0946658e-08)
(0.011963616 0 3.2162831e-08)
(0.01196362 0 2.4963065e-08)
(0.011963623 0 1.9090321e-08)
(0.011963626 0 1.432622e-08)
(0.011963628 0 1.0485453e-08)
(0.01196363 0 7.4111465e-09)
(0.011963632 0 4.9708887e-09)
(0.011963633 0 3.0532823e-09)
(0.011963634 0 1.5648449e-09)
(0.011963636 0 4.2709072e-10)
(0.011963636 0 -4.259885e-10)
(0.011963637 0 -1.0498776e-09)
(0.011963638 0 -1.4909986e-09)
(0.011963639 0 -1.7877345e-09)
(0.011963639 0 -1.9712973e-09)
(0.011963639 0 -2.0668009e-09)
(0.01196364 0 -2.094479e-09)
(0.01196364 0 -2.0708641e-09)
(0.01196364 0 -2.0097803e-09)
(0.011963641 0 -1.922856e-09)
(0.011963641 0 -1.8195658e-09)
(0.011963641 0 -1.7071497e-09)
(0.011963641 0 -1.5906419e-09)
(0.011963641 0 -1.473252e-09)
(0.011963641 0 -1.357174e-09)
(0.011963641 0 -1.2443609e-09)
(0.011963641 0 -1.1367997e-09)
(0.011963641 0 -1.0362487e-09)
(0.011963641 0 -9.4367753e-10)
(0.011963641 0 -8.5899971e-10)
(0.011963641 0 -7.8149909e-10)
(0.011963641 0 -7.1050893e-10)
(0.011963641 0 -6.4572812e-10)
(0.011963641 0 -5.8710332e-10)
(0.011963641 0 -5.3459877e-10)
(0.011963641 0 -4.8825953e-10)
(0.011963641 0 -4.4841073e-10)
(0.011963641 0 -4.1524178e-10)
(0.011963641 0 -3.8786438e-10)
(0.011963641 0 -3.6414144e-10)
(0.011963641 0 -3.4206236e-10)
(0.011963641 0 -3.2161553e-10)
(0.011963641 0 -3.0496149e-10)
(0.011963641 0 -2.9406859e-10)
(0.011963641 0 -2.8819583e-10)
(0.011963641 0 -2.84376e-10)
(0.011963641 0 -2.8047768e-10)
(0.011963641 0 -2.7712492e-10)
(0.011963641 0 -2.7620452e-10)
(0.011963641 0 -2.7808003e-10)
(0.011963641 0 -2.8121196e-10)
(0.011963641 0 -2.8417097e-10)
(0.011963642 0 -2.8655054e-10)
(0.011963642 0 -2.8790009e-10)
(0.011963642 0 -2.8782772e-10)
(0.011963642 0 -2.8810895e-10)
(0.011963642 0 -2.9264309e-10)
(0.011963642 0 -3.0313174e-10)
(0.011963641 0 -3.1608091e-10)
(0.011963642 0 -3.2706559e-10)
(0.011963642 0 -3.3742377e-10)
(0.011963642 0 -3.5321667e-10)
(0.011963642 0 -3.7760784e-10)
(0.011963642 0 -4.0831869e-10)
(0.011963642 0 -4.4312267e-10)
(0.011963641 0 -4.8349116e-10)
(0.011963641 0 -5.318986e-10)
(0.011963641 0 -5.9016267e-10)
(0.011963641 0 -6.6143822e-10)
(0.011963641 0 -7.4866412e-10)
(0.011963641 0 -8.50183e-10)
(0.011963641 0 -9.6261437e-10)
(0.011963641 0 -1.0882614e-09)
(0.011963641 0 -1.2335941e-09)
(0.011963642 0 -1.4013136e-09)
(0.011963642 0 -1.5899508e-09)
(0.011963642 0 -1.7998648e-09)
(0.011963642 0 -2.0354955e-09)
(0.011963642 0 -2.3032168e-09)
(0.011963642 0 -2.6076897e-09)
(0.011963642 0 -2.9505631e-09)
(0.011963642 0 -3.3357859e-09)
(0.011963642 0 -3.7710345e-09)
(0.011963642 0 -4.2613804e-09)
(0.011963642 0 -4.8135375e-09)
(0.011963642 0 -5.4379364e-09)
(0.011963642 0 -6.1390915e-09)
(0.011963642 0 -6.9256741e-09)
(0.011963642 0 -7.8101839e-09)
(0.011963642 0 -8.8067786e-09)
(0.011963642 0 -9.9341409e-09)
(0.011963642 0 -1.1201873e-08)
(0.011963642 0 -1.2628608e-08)
(0.011963642 0 -1.4232435e-08)
(0.011963642 0 -1.6042141e-08)
(0.011963642 0 -1.8089807e-08)
(0.011963643 0 -2.0394399e-08)
(0.011963643 0 -2.2983228e-08)
(0.011963643 0 -2.5895642e-08)
(0.011963643 0 -2.9184433e-08)
(0.011963644 0 -3.28885e-08)
(0.011963644 0 -3.7051059e-08)
(0.011963645 0 -4.1729227e-08)
(0.011963646 0 -4.6991639e-08)
(0.011963647 0 -5.2908233e-08)
(0.011963648 0 -5.9548507e-08)
(0.01196365 0 -6.6984634e-08)
(0.011963652 0 -7.5306305e-08)
(0.011963654 0 -8.4603855e-08)
(0.011963658 0 -9.4951318e-08)
(0.011963662 0 -1.0641437e-07)
(0.011963667 0 -1.1904254e-07)
(0.011963674 0 -1.3285071e-07)
(0.011963683 0 -1.4779381e-07)
(0.011963694 0 -1.6371143e-07)
(0.011963707 0 -1.8030865e-07)
(0.011963725 0 -1.9699909e-07)
(0.011963746 0 -2.1324683e-07)
(0.011963784 0 -2.2678757e-07)
(0.010002778 0 0.00010442785)
(0.010058273 0 0.00031349069)
(0.010168837 0 0.00053032266)
(0.010337181 0 0.00076299609)
(0.010561065 0 0.0010172945)
(0.010839725 0 0.0012961281)
(0.011174296 0 0.0015993567)
(0.01156742 0 0.001923488)
(0.012022917 0 0.002261228)
(0.012545291 0 0.0026010861)
(0.013138187 0 0.0029265794)
(0.013802604 0 0.0032166282)
(0.014533331 0 0.0034435555)
(0.015312158 0 0.003574805)
(0.016104934 0 0.0035809643)
(0.016867097 0 0.0034443432)
(0.017553682 0 0.0031638143)
(0.018129803 0 0.0027564717)
(0.018577453 0 0.0022518068)
(0.018895248 0 0.001683281)
(0.019094015 0 0.0010831585)
(0.019191764 0 0.00047839913)
(0.019208417 0 -0.00011136361)
(0.01916157 0 -0.00067251733)
(0.019065183 0 -0.0011958891)
(0.01892975 0 -0.001675111)
(0.018762837 0 -0.0021055098)
(0.0185701 0 -0.0024835908)
(0.018356108 0 -0.0028069333)
(0.01812479 0 -0.003074233)
(0.01787963 0 -0.0032853175)
(0.017623741 0 -0.0034410971)
(0.017359902 0 -0.0035434755)
(0.017090581 0 -0.0035952358)
(0.016817954 0 -0.0035999113)
(0.016543935 0 -0.0035616463)
(0.016270214 0 -0.0034850538)
(0.015998295 0 -0.0033750742)
(0.015729536 0 -0.0032368394)
(0.015465173 0 -0.0030755422)
(0.015206343 0 -0.0028963141)
(0.014954086 0 -0.0027041129)
(0.014709348 0 -0.0025036214)
(0.014472974 0 -0.0022991605)
(0.014245704 0 -0.0020946168)
(0.014028166 0 -0.0018933873)
(0.013820878 0 -0.0016983438)
(0.013624245 0 -0.0015118169)
(0.013438567 0 -0.0013356003)
(0.013264048 0 -0.001170976)
(0.013100796 0 -0.0010187562)
(0.012948834 0 -0.00087933851)
(0.012808106 0 -0.00075277023)
(0.012678477 0 -0.00063881534)
(0.012559734 0 -0.00053701997)
(0.012451595 0 -0.00044677221)
(0.012353707 0 -0.00036735382)
(0.01226565 0 -0.00029798273)
(0.012186946 0 -0.00023784645)
(0.012117065 0 -0.00018612731)
(0.012055436 0 -0.00014202087)
(0.012001457 0 -0.00010474901)
(0.011954507 0 -7.3568919e-05)
(0.011913959 0 -4.777916e-05)
(0.01187919 0 -2.6723542e-05)
(0.011849593 0 -9.7935793e-06)
(0.011824583 0 3.5705804e-06)
(0.011803608 0 1.3879962e-05)
(0.01178615 0 2.1597333e-05)
(0.011771735 0 2.7138589e-05)
(0.011759929 0 3.0874126e-05)
(0.011750343 0 3.3131838e-05)
(0.011742629 0 3.4197865e-05)
(0.011736482 0 3.4320878e-05)
(0.011731635 0 3.3714506e-05)
(0.01172786 0 3.256016e-05)
(0.011724958 0 3.1010093e-05)
(0.011722765 0 2.9190419e-05)
(0.011721139 0 2.7204068e-05)
(0.011719965 0 2.5133638e-05)
(0.011719146 0 2.3044117e-05)
(0.011718603 0 2.0985422e-05)
(0.011718272 0 1.8994748e-05)
(0.011718101 0 1.7098693e-05)
(0.011718051 0 1.5315172e-05)
(0.011718086 0 1.365509e-05)
(0.011718183 0 1.2123809e-05)
(0.011718321 0 1.0722389e-05)
(0.011718485 0 9.4486494e-06)
(0.011718664 0 8.2980367e-06)
(0.011718848 0 7.2643424e-06)
(0.011719031 0 6.3402779e-06)
(0.01171921 0 5.5179295e-06)
(0.01171938 0 4.7891113e-06)
(0.011719541 0 4.1456337e-06)
(0.01171969 0 3.5795e-06)
(0.011719827 0 3.0830471e-06)
(0.011719953 0 2.6490389e-06)
(0.011720067 0 2.2707249e-06)
(0.01172017 0 1.9418698e-06)
(0.011720263 0 1.656763e-06)
(0.011720345 0 1.4102123e-06)
(0.011720419 0 1.1975274e-06)
(0.011720484 0 1.0144953e-06)
(0.011720542 0 8.5735131e-07)
(0.011720592 0 7.2274571e-07)
(0.011720637 0 6.0770988e-07)
(0.011720676 0 5.0962192e-07)
(0.01172071 0 4.2617402e-07)
(0.01172074 0 3.5534163e-07)
(0.011720766 0 2.9535471e-07)
(0.011720789 0 2.4467075e-07)
(0.011720808 0 2.0194927e-07)
(0.011720825 0 1.6602818e-07)
(0.01172084 0 1.3590214e-07)
(0.011720852 0 1.1070328e-07)
(0.011720863 0 8.9684196e-08)
(0.011720872 0 7.2203055e-08)
(0.01172088 0 5.7710323e-08)
(0.011720887 0 4.5736775e-08)
(0.011720893 0 3.5882681e-08)
(0.011720898 0 2.7807981e-08)
(0.011720902 0 2.1223629e-08)
(0.011720906 0 1.5884156e-08)
(0.011720909 0 1.1581313e-08)
(0.011720911 0 8.1388027e-09)
(0.011720914 0 5.4078985e-09)
(0.011720916 0 3.2635587e-09)
(0.011720917 0 1.6009262e-09)
(0.011720918 0 3.321268e-10)
(0.01172092 0 -6.1666557e-10)
(0.011720921 0 -1.307593e-09)
(0.011720921 0 -1.7927888e-09)
(0.011720922 0 -2.115589e-09)
(0.011720922 0 -2.3114629e-09)
(0.011720923 0 -2.4089788e-09)
(0.011720923 0 -2.4310618e-09)
(0.011720924 0 -2.396293e-09)
(0.011720924 0 -2.3199716e-09)
(0.011720924 0 -2.2148407e-09)
(0.011720924 0 -2.0913489e-09)
(0.011720924 0 -1.9576349e-09)
(0.011720924 0 -1.8196236e-09)
(0.011720925 0 -1.6813249e-09)
(0.011720925 0 -1.5453717e-09)
(0.011720925 0 -1.4137606e-09)
(0.011720925 0 -1.288371e-09)
(0.011720925 0 -1.1709872e-09)
(0.011720925 0 -1.0629507e-09)
(0.011720925 0 -9.6468512e-10)
(0.011720925 0 -8.7556804e-10)
(0.011720925 0 -7.9443895e-10)
(0.011720925 0 -7.2029219e-10)
(0.011720925 0 -6.5263887e-10)
(0.011720925 0 -5.9148903e-10)
(0.011720925 0 -5.3711244e-10)
(0.011720925 0 -4.8982896e-10)
(0.011720925 0 -4.497951e-10)
(0.011720925 0 -4.1647035e-10)
(0.011720925 0 -3.8820115e-10)
(0.011720925 0 -3.6290632e-10)
(0.011720925 0 -3.3971515e-10)
(0.011720925 0 -3.1992836e-10)
(0.011720925 0 -3.0575146e-10)
(0.011720925 0 -2.9747946e-10)
(0.011720925 0 -2.9232512e-10)
(0.011720925 0 -2.8692642e-10)
(0.011720925 0 -2.8095762e-10)
(0.011720925 0 -2.7734375e-10)
(0.011720925 0 -2.784568e-10)
(0.011720925 0 -2.8277582e-10)
(0.011720925 0 -2.862307e-10)
(0.011720925 0 -2.8647312e-10)
(0.011720925 0 -2.8460114e-10)
(0.011720925 0 -2.8301299e-10)
(0.011720925 0 -2.8336354e-10)
(0.011720925 0 -2.8677286e-10)
(0.011720925 0 -2.9376853e-10)
(0.011720925 0 -3.0278934e-10)
(0.011720925 0 -3.1084502e-10)
(0.011720925 0 -3.1793004e-10)
(0.011720925 0 -3.2902868e-10)
(0.011720925 0 -3.4865846e-10)
(0.011720925 0 -3.7496123e-10)
(0.011720925 0 -4.0308233e-10)
(0.011720925 0 -4.3321138e-10)
(0.011720925 0 -4.7090185e-10)
(0.011720925 0 -5.2032429e-10)
(0.011720925 0 -5.818584e-10)
(0.011720925 0 -6.5549029e-10)
(0.011720924 0 -7.4167792e-10)
(0.011720924 0 -8.3994983e-10)
(0.011720924 0 -9.5142526e-10)
(0.011720924 0 -1.0806264e-09)
(0.011720924 0 -1.2303388e-09)
(0.011720924 0 -1.3982866e-09)
(0.011720924 0 -1.5830704e-09)
(0.011720924 0 -1.7890162e-09)
(0.011720924 0 -2.0224362e-09)
(0.011720924 0 -2.2882928e-09)
(0.011720924 0 -2.5911155e-09)
(0.011720924 0 -2.9332794e-09)
(0.011720924 0 -3.3157659e-09)
(0.011720924 0 -3.7464696e-09)
(0.011720924 0 -4.2369476e-09)
(0.011720924 0 -4.7906449e-09)
(0.011720924 0 -5.4110219e-09)
(0.011720924 0 -6.1079639e-09)
(0.011720924 0 -6.8927596e-09)
(0.011720924 0 -7.7776159e-09)
(0.011720923 0 -8.7756235e-09)
(0.011720923 0 -9.8995177e-09)
(0.011720923 0 -1.1159872e-08)
(0.011720923 0 -1.2586265e-08)
(0.011720923 0 -1.4199175e-08)
(0.011720923 0 -1.6018617e-08)
(0.011720922 0 -1.8065655e-08)
(0.011720922 0 -2.0375047e-08)
(0.011720922 0 -2.2986855e-08)
(0.011720922 0 -2.5932453e-08)
(0.011720921 0 -2.9256075e-08)
(0.011720921 0 -3.3005648e-08)
(0.011720921 0 -3.7238154e-08)
(0.011720921 0 -4.2018639e-08)
(0.011720921 0 -4.7415413e-08)
(0.01172092 0 -5.3504947e-08)
(0.011720921 0 -6.0379491e-08)
(0.011720921 0 -6.813536e-08)
(0.011720921 0 -7.6882099e-08)
(0.011720922 0 -8.6737501e-08)
(0.011720924 0 -9.7815774e-08)
(0.011720926 0 -1.1023967e-07)
(0.011720929 0 -1.2413264e-07)
(0.011720934 0 -1.3958897e-07)
(0.01172094 0 -1.5665139e-07)
(0.011720949 0 -1.7526832e-07)
(0.01172096 0 -1.9532283e-07)
(0.011720976 0 -2.1622428e-07)
(0.011720997 0 -2.380695e-07)
(0.011721036 0 -2.5534553e-07)
(0.010003071 0 7.4618654e-05)
(0.010066568 0 0.00022352852)
(0.010192938 0 0.000380968)
(0.010383382 0 0.00055605284)
(0.010632311 0 0.00075461038)
(0.010935327 0 0.00097875831)
(0.011289995 0 0.0012271234)
(0.011695432 0 0.0014949409)
(0.012152007 0 0.0017740561)
(0.012660826 0 0.0020530038)
(0.013222558 0 0.0023169655)
(0.01383597 0 0.002548345)
(0.014495897 0 0.0027267359)
(0.015190015 0 0.002830214)
(0.015896939 0 0.0028392348)
(0.016588082 0 0.0027411301)
(0.017232421 0 0.002533099)
(0.017802417 0 0.0022235127)
(0.018278975 0 0.0018297389)
(0.018653136 0 0.0013739231)
(0.01892497 0 0.0008794378)
(0.019101248 0 0.00036793924)
(0.019192475 0 -0.00014253197)
(0.019210069 0 -0.00063778382)
(0.019164836 0 -0.001106782)
(0.019066361 0 -0.0015411343)
(0.018922823 0 -0.0019344464)
(0.01874122 0 -0.0022819187)
(0.018527658 0 -0.0025801712)
(0.01828755 0 -0.0028271656)
(0.018025733 0 -0.003022132)
(0.017746537 0 -0.0031654746)
(0.017453855 0 -0.0032586595)
(0.017151199 0 -0.0033040921)
(0.016841756 0 -0.0033049835)
(0.016528433 0 -0.0032652091)
(0.016213897 0 -0.0031891606)
(0.015900608 0 -0.0030815957)
(0.015590831 0 -0.0029474895)
(0.015286638 0 -0.002791891)
(0.014989907 0 -0.0026197899)
(0.014702302 0 -0.0024359959)
(0.014425262 0 -0.0022450345)
(0.01415999 0 -0.0020510595)
(0.013907444 0 -0.0018577848)
(0.013668344 0 -0.0016684351)
(0.013443179 0 -0.0014857152)
(0.013232227 0 -0.0013117998)
(0.013035579 0 -0.0011483415)
(0.012853166 0 -0.00099649738)
(0.01268478 0 -0.00085697053)
(0.012530106 0 -0.00073006391)
(0.012388737 0 -0.00061574199)
(0.012260192 0 -0.00051369533)
(0.012143932 0 -0.00042340404)
(0.012039368 0 -0.0003441964)
(0.011945869 0 -0.00027530026)
(0.011862774 0 -0.00021588609)
(0.011789392 0 -0.00016510132)
(0.011725015 0 -0.00012209678)
(0.011668927 0 -8.6046199e-05)
(0.011620408 0 -5.6159973e-05)
(0.011578746 0 -3.1694354e-05)
(0.011543249 0 -1.1957316e-05)
(0.011513245 0 3.6884377e-06)
(0.011488097 0 1.5824385e-05)
(0.011467205 0 2.4976426e-05)
(0.011450011 0 3.1616514e-05)
(0.011436002 0 3.6164638e-05)
(0.011424714 0 3.8991714e-05)
(0.011415727 0 4.0422668e-05)
(0.011408671 0 4.0739946e-05)
(0.011403218 0 4.0186638e-05)
(0.011399084 0 3.8970233e-05)
(0.011396024 0 3.7265987e-05)
(0.011393829 0 3.5220231e-05)
(0.011392323 0 3.2953571e-05)
(0.011391357 0 3.0563957e-05)
(0.011390809 0 2.8129564e-05)
(0.011390578 0 2.5711493e-05)
(0.011390585 0 2.3356266e-05)
(0.011390762 0 2.1098106e-05)
(0.011391059 0 1.8961003e-05)
(0.011391434 0 1.6960551e-05)
(0.011391857 0 1.510558e-05)
(0.011392303 0 1.3399562e-05)
(0.011392755 0 1.1841831e-05)
(0.011393199 0 1.0428604e-05)
(0.011393627 0 9.1538382e-06)
(0.011394033 0 8.0099353e-06)
(0.011394412 0 6.9883065e-06)
(0.011394763 0 6.0798237e-06)
(0.011395085 0 5.2751694e-06)
(0.011395377 0 4.5651028e-06)
(0.011395642 0 3.9406549e-06)
(0.01139588 0 3.393267e-06)
(0.011396093 0 2.9148826e-06)
(0.011396283 0 2.4980033e-06)
(0.011396451 0 2.1357155e-06)
(0.0113966 0 1.8216961e-06)
(0.011396731 0 1.5502022e-06)
(0.011396847 0 1.3160499e-06)
(0.011396947 0 1.1145858e-06)
(0.011397035 0 9.4165299e-07)
(0.011397112 0 7.9355436e-07)
(0.011397179 0 6.670147e-07)
(0.011397237 0 5.5914256e-07)
(0.011397287 0 4.6739363e-07)
(0.01139733 0 3.8953632e-07)
(0.011397368 0 3.2361966e-07)
(0.0113974 0 2.6794341e-07)
(0.011397427 0 2.2103011e-07)
(0.011397451 0 1.8159908e-07)
(0.011397471 0 1.4854256e-07)
(0.011397488 0 1.2090433e-07)
(0.011397503 0 9.7860917e-08)
(0.011397515 0 7.8705088e-08)
(0.011397526 0 6.2831403e-08)
(0.011397535 0 4.9723123e-08)
(0.011397543 0 3.8940313e-08)
(0.011397549 0 3.0109075e-08)
(0.011397554 0 2.2911858e-08)
(0.011397559 0 1.7079093e-08)
(0.011397563 0 1.23822e-08)
(0.011397566 0 8.6277162e-09)
(0.011397569 0 5.6524264e-09)
(0.011397571 0 3.3191991e-09)
(0.011397573 0 1.5131386e-09)
(0.011397574 0 1.3806335e-10)
(0.011397576 0 -8.8664191e-10)
(0.011397577 0 -1.6287492e-09)
(0.011397578 0 -2.1452148e-09)
(0.011397578 0 -2.4835488e-09)
(0.011397579 0 -2.6828884e-09)
(0.011397579 0 -2.7749807e-09)
(0.01139758 0 -2.7852944e-09)
(0.01139758 0 -2.7343414e-09)
(0.01139758 0 -2.6388499e-09)
(0.01139758 0 -2.5125531e-09)
(0.011397581 0 -2.3666544e-09)
(0.011397581 0 -2.209991e-09)
(0.011397581 0 -2.0491303e-09)
(0.011397581 0 -1.8886833e-09)
(0.011397581 0 -1.7317528e-09)
(0.011397581 0 -1.580464e-09)
(0.011397581 0 -1.4365563e-09)
(0.011397581 0 -1.3017086e-09)
(0.011397581 0 -1.1774232e-09)
(0.011397581 0 -1.0646188e-09)
(0.011397581 0 -9.6315639e-10)
(0.011397581 0 -8.7178436e-10)
(0.011397581 0 -7.8880293e-10)
(0.011397581 0 -7.1295486e-10)
(0.011397581 0 -6.4389759e-10)
(0.011397581 0 -5.8203817e-10)
(0.011397581 0 -5.2787429e-10)
(0.011397581 0 -4.8137996e-10)
(0.011397581 0 -4.4183372e-10)
(0.011397581 0 -4.0794102e-10)
(0.011397581 0 -3.7825692e-10)
(0.011397581 0 -3.520241e-10)
(0.011397581 0 -3.297965e-10)
(0.011397581 0 -3.1289914e-10)
(0.011397581 0 -3.0169881e-10)
(0.011397581 0 -2.9424075e-10)
(0.011397581 0 -2.8737167e-10)
(0.011397581 0 -2.7996839e-10)
(0.011397581 0 -2.7449611e-10)
(0.011397581 0 -2.7419615e-10)
(0.011397581 0 -2.785696e-10)
(0.011397581 0 -2.8274503e-10)
(0.011397581 0 -2.8226131e-10)
(0.011397581 0 -2.7780804e-10)
(0.011397581 0 -2.7395443e-10)
(0.01139758 0 -2.7375311e-10)
(0.01139758 0 -2.7635287e-10)
(0.01139758 0 -2.7969716e-10)
(0.01139758 0 -2.833525e-10)
(0.01139758 0 -2.880285e-10)
(0.01139758 0 -2.9448507e-10)
(0.01139758 0 -3.0428243e-10)
(0.01139758 0 -3.1941647e-10)
(0.01139758 0 -3.3926185e-10)
(0.01139758 0 -3.6043061e-10)
(0.01139758 0 -3.8240181e-10)
(0.01139758 0 -4.1058328e-10)
(0.01139758 0 -4.5046104e-10)
(0.01139758 0 -5.0155331e-10)
(0.01139758 0 -5.609812e-10)
(0.01139758 0 -6.3003911e-10)
(0.01139758 0 -7.1289958e-10)
(0.01139758 0 -8.1156247e-10)
(0.01139758 0 -9.2600458e-10)
(0.01139758 0 -1.0562977e-09)
(0.01139758 0 -1.2016088e-09)
(0.01139758 0 -1.3609297e-09)
(0.01139758 0 -1.5373871e-09)
(0.01139758 0 -1.7382192e-09)
(0.01139758 0 -1.9682922e-09)
(0.01139758 0 -2.2275018e-09)
(0.01139758 0 -2.5178491e-09)
(0.011397579 0 -2.8467494e-09)
(0.011397579 0 -3.2191998e-09)
(0.011397579 0 -3.6398706e-09)
(0.011397579 0 -4.1199511e-09)
(0.011397579 0 -4.6624863e-09)
(0.011397579 0 -5.2650708e-09)
(0.011397578 0 -5.9416274e-09)
(0.011397578 0 -6.7078306e-09)
(0.011397578 0 -7.572923e-09)
(0.011397578 0 -8.5471177e-09)
(0.011397577 0 -9.6421839e-09)
(0.011397577 0 -1.0875078e-08)
(0.011397576 0 -1.2270043e-08)
(0.011397576 0 -1.3845262e-08)
(0.011397575 0 -1.562928e-08)
(0.011397575 0 -1.7640627e-08)
(0.011397574 0 -1.9907988e-08)
(0.011397573 0 -2.2475357e-08)
(0.011397573 0 -2.5382541e-08)
(0.011397572 0 -2.8669449e-08)
(0.011397571 0 -3.2383365e-08)
(0.01139757 0 -3.6588938e-08)
(0.011397569 0 -4.1360623e-08)
(0.011397567 0 -4.6768797e-08)
(0.011397566 0 -5.2895191e-08)
(0.011397565 0 -5.9854171e-08)
(0.011397564 0 -6.7764365e-08)
(0.011397562 0 -7.6747979e-08)
(0.011397561 0 -8.6954095e-08)
(0.011397561 0 -9.8555371e-08)
(0.01139756 0 -1.1173766e-07)
(0.011397561 0 -1.2669355e-07)
(0.011397562 0 -1.4362162e-07)
(0.011397566 0 -1.6271218e-07)
(0.011397571 0 -1.8409444e-07)
(0.011397579 0 -2.0789598e-07)
(0.011397592 0 -2.3364253e-07)
(0.011397612 0 -2.6241668e-07)
(0.011397647 0 -2.8395017e-07)
(0.010003443 0 4.035055e-05)
(0.010077631 0 0.00012002726)
(0.01022464 0 0.00021065931)
(0.010442814 0 0.00032391546)
(0.010721493 0 0.00046627872)
(0.011051455 0 0.00063911785)
(0.011426214 0 0.00083961904)
(0.011841558 0 0.0010614447)
(0.012295182 0 0.0012952424)
(0.012786069 0 0.0015291827)
(0.013313389 0 0.0017493785)
(0.013875181 0 0.0019405528)
(0.014466924 0 0.0020866)
(0.015079843 0 0.0021716485)
(0.015699859 0 0.0021821568)
(0.016308262 0 0.0021092932)
(0.016883997 0 0.0019506052)
(0.01740687 0 0.001710765)
(0.01786066 0 0.0014006811)
(0.018234881 0 0.0010353609)
(0.01852496 0 0.00063169491)
(0.018731434 0 0.00020650508)
(0.018858466 0 -0.00022496516)
(0.018912232 0 -0.00064963994)
(0.018899774 0 -0.0010565854)
(0.018828253 0 -0.001436927)
(0.018704565 0 -0.0017835964)
(0.018535213 0 -0.0020911232)
(0.018326305 0 -0.0023555155)
(0.018083569 0 -0.0025741831)
(0.017812371 0 -0.0027458582)
(0.017517736 0 -0.0028705009)
(0.01720438 0 -0.0029491884)
(0.016876737 0 -0.0029839898)
(0.016538987 0 -0.002977826)
(0.016195071 0 -0.0029343186)
(0.015848699 0 -0.0028576279)
(0.015503334 0 -0.0027522884)
(0.015162175 0 -0.0026230461)
(0.014828124 0 -0.0024747048)
(0.014503758 0 -0.0023119873)
(0.014191296 0 -0.0021394146)
(0.013892579 0 -0.0019612065)
(0.013609062 0 -0.0017812031)
(0.013341817 0 -0.0016028068)
(0.01309155 0 -0.0014289438)
(0.012858631 0 -0.0012620439)
(0.012643131 0 -0.0011040369)
(0.012444867 0 -0.00095636582)
(0.012263445 0 -0.00082001419)
(0.01209831 0 -0.0006955463)
(0.011948779 0 -0.00058315754)
(0.011814084 0 -0.00048273119)
(0.011693394 0 -0.00039389794)
(0.011585843 0 -0.00031609464)
(0.011490543 0 -0.00024861908)
(0.011406602 0 -0.00019067875)
(0.011333129 0 -0.00014143229)
(0.011269244 0 -0.00010002284)
(0.011214087 0 -6.5604495e-05)
(0.011166821 0 -3.7361685e-05)
(0.01112664 0 -1.4522948e-05)
(0.011092774 0 3.630095e-06)
(0.011064493 0 1.7757588e-05)
(0.011041112 0 2.8459015e-05)
(0.011021996 0 3.6273313e-05)
(0.011006559 0 4.168025e-05)
(0.010994267 0 4.5103139e-05)
(0.010984639 0 4.6912386e-05)
(0.010977246 0 4.7429421e-05)
(0.010971708 0 4.693085e-05)
(0.010967692 0 4.5652687e-05)
(0.010964909 0 4.3794406e-05)
(0.010963114 0 4.1522954e-05)
(0.010962097 0 3.8976517e-05)
(0.010961681 0 3.6268004e-05)
(0.010961719 0 3.3488285e-05)
(0.010962093 0 3.0709176e-05)
(0.010962705 0 2.7986163e-05)
(0.010963477 0 2.5360872e-05)
(0.010964348 0 2.2863293e-05)
(0.01096527 0 2.0513776e-05)
(0.010966207 0 1.832479e-05)
(0.010967132 0 1.6302468e-05)
(0.010968027 0 1.4447955e-05)
(0.010968877 0 1.2758553e-05)
(0.010969674 0 1.1228698e-05)
(0.010970413 0 9.8507696e-06)
(0.010971092 0 8.6157636e-06)
(0.010971712 0 7.5138285e-06)
(0.010972273 0 6.534698e-06)
(0.010972778 0 5.6680249e-06)
(0.010973231 0 4.9036346e-06)
(0.010973634 0 4.2317114e-06)
(0.010973993 0 3.6429288e-06)
(0.010974309 0 3.1285352e-06)
(0.010974589 0 2.6804042e-06)
(0.010974834 0 2.2910565e-06)
(0.010975049 0 1.9536615e-06)
(0.010975237 0 1.6620222e-06)
(0.0109754 0 1.4105497e-06)
(0.010975542 0 1.1942301e-06)
(0.010975665 0 1.0085863e-06)
(0.010975772 0 8.4963814e-07)
(0.010975864 0 7.1386044e-07)
(0.010975943 0 5.9814226e-07)
(0.010976011 0 4.9974698e-07)
(0.01097607 0 4.1627485e-07)
(0.01097612 0 3.4562806e-07)
(0.010976162 0 2.8597838e-07)
(0.010976199 0 2.3573709e-07)
(0.01097623 0 1.9352717e-07)
(0.010976256 0 1.5815771e-07)
(0.010976278 0 1.2860086e-07)
(0.010976297 0 1.039715e-07)
(0.010976313 0 8.3509399e-08)
(0.010976327 0 6.6563671e-08)
(0.010976338 0 5.2578904e-08)
(0.010976347 0 4.1082521e-08)
(0.010976355 0 3.1673224e-08)
(0.010976362 0 2.4010594e-08)
(0.010976367 0 1.7805913e-08)
(0.010976372 0 1.2814462e-08)
(0.010976376 0 8.8291989e-09)
(0.010976379 0 5.6754783e-09)
(0.010976381 0 3.2065632e-09)
(0.010976384 0 1.299622e-09)
(0.010976385 0 -1.4804431e-10)
(0.010976387 0 -1.2223848e-09)
(0.010976388 0 -1.9954611e-09)
(0.010976389 0 -2.5277653e-09)
(0.010976389 0 -2.8698705e-09)
(0.01097639 0 -3.0636109e-09)
(0.01097639 0 -3.1431685e-09)
(0.010976391 0 -3.1361617e-09)
(0.010976391 0 -3.0647983e-09)
(0.010976391 0 -2.9470541e-09)
(0.010976391 0 -2.7975578e-09)
(0.010976391 0 -2.6281081e-09)
(0.010976391 0 -2.4480103e-09)
(0.010976391 0 -2.2642886e-09)
(0.010976391 0 -2.0819347e-09)
(0.010976391 0 -1.9043428e-09)
(0.010976391 0 -1.7337806e-09)
(0.010976391 0 -1.5718685e-09)
(0.010976391 0 -1.4200684e-09)
(0.010976391 0 -1.2798646e-09)
(0.010976391 0 -1.1524801e-09)
(0.010976391 0 -1.0383274e-09)
(0.010976391 0 -9.365423e-10)
(0.010976391 0 -8.4517572e-10)
(0.010976391 0 -7.6221416e-10)
(0.010976391 0 -6.8663393e-10)
(0.010976391 0 -6.1860827e-10)
(0.010976391 0 -5.5874117e-10)
(0.010976391 0 -5.069632e-10)
(0.010976391 0 -4.6214548e-10)
(0.010976391 0 -4.2280575e-10)
(0.010976391 0 -3.8806303e-10)
(0.010976391 0 -3.5797904e-10)
(0.010976391 0 -3.3318667e-10)
(0.010976391 0 -3.1408804e-10)
(0.010976391 0 -3.0012021e-10)
(0.010976391 0 -2.8961165e-10)
(0.010976391 0 -2.8055807e-10)
(0.010976391 0 -2.7221719e-10)
(0.010976391 0 -2.6615887e-10)
(0.010976391 0 -2.6481919e-10)
(0.010976391 0 -2.6814613e-10)
(0.010976391 0 -2.7215752e-10)
(0.010976391 0 -2.7209747e-10)
(0.010976391 0 -2.6742328e-10)
(0.010976391 0 -2.6246739e-10)
(0.010976391 0 -2.6115943e-10)
(0.010976391 0 -2.6233639e-10)
(0.010976391 0 -2.6206112e-10)
(0.010976391 0 -2.5969616e-10)
(0.010976391 0 -2.591987e-10)
(0.010976391 0 -2.6422434e-10)
(0.010976391 0 -2.7436179e-10)
(0.01097639 0 -2.8708272e-10)
(0.01097639 0 -3.0103578e-10)
(0.01097639 0 -3.161414e-10)
(0.01097639 0 -3.3312122e-10)
(0.01097639 0 -3.5466715e-10)
(0.01097639 0 -3.8431491e-10)
(0.01097639 0 -4.2261705e-10)
(0.01097639 0 -4.6773853e-10)
(0.01097639 0 -5.2117469e-10)
(0.01097639 0 -5.8855056e-10)
(0.01097639 0 -6.7289444e-10)
(0.01097639 0 -7.7161951e-10)
(0.01097639 0 -8.8193267e-10)
(0.01097639 0 -1.0047154e-09)
(0.01097639 0 -1.1417701e-09)
(0.01097639 0 -1.2936589e-09)
(0.01097639 0 -1.4619879e-09)
(0.01097639 0 -1.6514234e-09)
(0.01097639 0 -1.8670979e-09)
(0.010976389 0 -2.1103499e-09)
(0.010976389 0 -2.382425e-09)
(0.010976389 0 -2.692108e-09)
(0.010976389 0 -3.0486498e-09)
(0.010976389 0 -3.4528017e-09)
(0.010976388 0 -3.9071405e-09)
(0.010976388 0 -4.4181333e-09)
(0.010976388 0 -4.9909638e-09)
(0.010976387 0 -5.6386221e-09)
(0.010976387 0 -6.3699162e-09)
(0.010976387 0 -7.1914418e-09)
(0.010976386 0 -8.11615e-09)
(0.010976386 0 -9.1541247e-09)
(0.010976385 0 -1.0329784e-08)
(0.010976384 0 -1.1665892e-08)
(0.010976383 0 -1.3170121e-08)
(0.010976383 0 -1.4865506e-08)
(0.010976382 0 -1.6785761e-08)
(0.01097638 0 -1.8966168e-08)
(0.010976379 0 -2.1432251e-08)
(0.010976378 0 -2.4219073e-08)
(0.010976376 0 -2.7381433e-08)
(0.010976374 0 -3.0975063e-08)
(0.010976373 0 -3.5052005e-08)
(0.01097637 0 -3.9684386e-08)
(0.010976368 0 -4.4961105e-08)
(0.010976366 0 -5.09751e-08)
(0.010976363 0 -5.7840845e-08)
(0.01097636 0 -6.5689543e-08)
(0.010976357 0 -7.4672374e-08)
(0.010976354 0 -8.4974813e-08)
(0.010976351 0 -9.6810553e-08)
(0.010976348 0 -1.1042418e-07)
(0.010976345 0 -1.2609853e-07)
(0.010976343 0 -1.4415977e-07)
(0.010976342 0 -1.6497598e-07)
(0.010976342 0 -1.8891074e-07)
(0.010976346 0 -2.1640298e-07)
(0.010976353 0 -2.4737361e-07)
(0.010976371 0 -2.8397244e-07)
(0.010976397 0 -3.0974862e-07)
(0.010003995 0 -3.3762946e-07)
(0.010094463 0 -2.4911558e-06)
(0.010271496 0 1.2051632e-05)
(0.010527665 0 5.9448695e-05)
(0.010844131 0 0.00014704681)
(0.011205114 0 0.00027477983)
(0.011599715 0 0.0004373832)
(0.012021017 0 0.00062592807)
(0.012465311 0 0.00082898403)
(0.012931075 0 0.0010336429)
(0.013417608 0 0.0012262031)
(0.013923646 0 0.0013928251)
(0.014446123 0 0.0015201308)
(0.014979097 0 0.0015959721)
(0.015513161 0 0.0016105902)
(0.016035773 0 0.0015578672)
(0.016532478 0 0.0014361962)
(0.016988697 0 0.0012488111)
(0.017391626 0 0.0010033048)
(0.017731576 0 0.00071045134)
(0.018002523 0 0.00038283369)
(0.018201968 0 3.3570048e-05)
(0.018330336 0 -0.00032480841)
(0.018390183 0 -0.00068089069)
(0.018385424 0 -0.0010246935)
(0.018320771 0 -0.0013477537)
(0.018201379 0 -0.0016431004)
(0.018032628 0 -0.001905201)
(0.017819994 0 -0.0021299213)
(0.017568982 0 -0.0023144849)
(0.017285071 0 -0.0024574189)
(0.016973677 0 -0.0025584749)
(0.016640128 0 -0.0026185262)
(0.016289636 0 -0.0026394421)
(0.015927265 0 -0.0026239405)
(0.015557889 0 -0.0025754246)
(0.015186139 0 -0.0024978089)
(0.014816344 0 -0.0023953435)
(0.014452467 0 -0.0022724452)
(0.014098048 0 -0.0021335429)
(0.013756153 0 -0.0019829448)
(0.013429338 0 -0.0018247285)
(0.013119636 0 -0.0016626557)
(0.012828558 0 -0.0015001107)
(0.012557114 0 -0.0013400581)
(0.012305849 0 -0.0011850187)
(0.012074896 0 -0.0010370608)
(0.01186403 0 -0.00089780347)
(0.011672735 0 -0.00076843352)
(0.011500259 0 -0.00064973231)
(0.011345681 0 -0.00054211271)
(0.011207956 0 -0.0004456636)
(0.011085968 0 -0.00036019967)
(0.010978559 0 -0.00028531372)
(0.010884565 0 -0.0002204284)
(0.010802837 0 -0.00016484507)
(0.010732252 0 -0.00011778791)
(0.010671732 0 -7.8442216e-05)
(0.010620245 0 -4.5984549e-05)
(0.010576816 0 -1.9608446e-05)
(0.010540524 0 1.4574148e-06)
(0.010510514 0 1.7936398e-05)
(0.01048599 0 3.0495505e-05)
(0.010466221 0 3.9740991e-05)
(0.010450537 0 4.6216722e-05)
(0.010438334 0 5.0404922e-05)
(0.010429067 0 5.2728695e-05)
(0.010422251 0 5.3555566e-05)
(0.010417457 0 5.3201783e-05)
(0.010414312 0 5.1936964e-05)
(0.010412491 0 4.9988834e-05)
(0.010411714 0 4.754789e-05)
(0.010411745 0 4.4771813e-05)
(0.010412386 0 4.178963e-05)
(0.010413472 0 3.870553e-05)
(0.010414868 0 3.5602312e-05)
(0.010416463 0 3.2544496e-05)
(0.010418172 0 2.9581106e-05)
(0.010419927 0 2.674814e-05)
(0.010421676 0 2.4070757e-05)
(0.01042338 0 2.1565201e-05)
(0.010425011 0 1.9240481e-05)
(0.010426552 0 1.7099834e-05)
(0.010427991 0 1.5141976e-05)
(0.01042932 0 1.3362181e-05)
(0.010430539 0 1.1753181e-05)
(0.010431647 0 1.030592e-05)
(0.01043265 0 9.0101712e-06)
(0.010433552 0 7.8550382e-06)
(0.010434359 0 6.8293511e-06)
(0.010435077 0 5.9219767e-06)
(0.010435714 0 5.1220522e-06)
(0.010436277 0 4.4191552e-06)
(0.010436773 0 3.8034222e-06)
(0.010437209 0 3.2656247e-06)
(0.01043759 0 2.7972109e-06)
(0.010437922 0 2.390323e-06)
(0.010438211 0 2.0377925e-06)
(0.010438463 0 1.7331226e-06)
(0.01043868 0 1.4704584e-06)
(0.010438868 0 1.24455e-06)
(0.010439031 0 1.0507121e-06)
(0.01043917 0 8.8477986e-07)
(0.01043929 0 7.4306577e-07)
(0.010439393 0 6.2231589e-07)
(0.01043948 0 5.1966838e-07)
(0.010439555 0 4.3261405e-07)
(0.010439619 0 3.5895951e-07)
(0.010439673 0 2.9679315e-07)
(0.010439719 0 2.4445361e-07)
(0.010439758 0 2.0050079e-07)
(0.010439791 0 1.6368928e-07)
(0.010439818 0 1.3294435e-07)
(0.010439841 0 1.0734055e-07)
(0.010439861 0 8.6083026e-08)
(0.010439877 0 6.8491079e-08)
(0.010439891 0 5.3983789e-08)
(0.010439902 0 4.2067019e-08)
(0.010439911 0 3.2321485e-08)
(0.010439919 0 2.4391903e-08)
(0.010439925 0 1.7977368e-08)
(0.010439931 0 1.2823056e-08)
(0.010439935 0 8.7134388e-09)
(0.010439938 0 5.4667541e-09)
(0.010439941 0 2.93029e-09)
(0.010439944 0 9.7622937e-10)
(0.010439945 0 -5.0216719e-10)
(0.010439947 0 -1.5940976e-09)
(0.010439948 0 -2.3742166e-09)
(0.010439949 0 -2.9050141e-09)
(0.010439949 0 -3.2386743e-09)
(0.01043995 0 -3.4184645e-09)
(0.01043995 0 -3.4798963e-09)
(0.010439951 0 -3.4518932e-09)
(0.010439951 0 -3.3578892e-09)
(0.010439951 0 -3.2168209e-09)
(0.010439951 0 -3.0439993e-09)
(0.010439951 0 -2.8516968e-09)
(0.010439951 0 -2.6495201e-09)
(0.010439951 0 -2.444747e-09)
(0.010439951 0 -2.2426097e-09)
(0.010439951 0 -2.0466178e-09)
(0.010439951 0 -1.8590235e-09)
(0.010439951 0 -1.6813136e-09)
(0.010439951 0 -1.5146934e-09)
(0.01043995 0 -1.3604662e-09)
(0.01043995 0 -1.2199628e-09)
(0.01043995 0 -1.0939889e-09)
(0.01043995 0 -9.8220442e-10)
(0.01043995 0 -8.8294638e-10)
(0.01043995 0 -7.9391811e-10)
(0.01043995 0 -7.1344418e-10)
(0.01043995 0 -6.4115862e-10)
(0.01043995 0 -5.7744111e-10)
(0.01043995 0 -5.221418e-10)
(0.01043995 0 -4.7385323e-10)
(0.01043995 0 -4.3064314e-10)
(0.01043995 0 -3.9162185e-10)
(0.01043995 0 -3.5755214e-10)
(0.01043995 0 -3.2974016e-10)
(0.01043995 0 -3.0835848e-10)
(0.01043995 0 -2.9188445e-10)
(0.01043995 0 -2.7820976e-10)
(0.01043995 0 -2.6628128e-10)
(0.01043995 0 -2.5667132e-10)
(0.01043995 0 -2.5077997e-10)
(0.010439949 0 -2.4943223e-10)
(0.010439949 0 -2.5162967e-10)
(0.010439949 0 -2.5440412e-10)
(0.010439949 0 -2.5456408e-10)
(0.010439949 0 -2.5137138e-10)
(0.010439949 0 -2.4729833e-10)
(0.010439949 0 -2.4511061e-10)
(0.010439949 0 -2.440804e-10)
(0.010439949 0 -2.4071331e-10)
(0.010439949 0 -2.3415995e-10)
(0.010439949 0 -2.2906031e-10)
(0.010439949 0 -2.3087952e-10)
(0.010439949 0 -2.3944419e-10)
(0.010439949 0 -2.4974231e-10)
(0.010439949 0 -2.5887828e-10)
(0.010439949 0 -2.6914066e-10)
(0.010439949 0 -2.8361643e-10)
(0.010439949 0 -3.0222003e-10)
(0.010439949 0 -3.2363224e-10)
(0.010439949 0 -3.4841883e-10)
(0.010439949 0 -3.7897438e-10)
(0.010439949 0 -4.1876162e-10)
(0.010439949 0 -4.717682e-10)
(0.010439949 0 -5.3980351e-10)
(0.010439949 0 -6.2065923e-10)
(0.010439949 0 -7.1176752e-10)
(0.010439949 0 -8.1414565e-10)
(0.010439948 0 -9.2973806e-10)
(0.010439948 0 -1.0577709e-09)
(0.010439948 0 -1.1973741e-09)
(0.010439948 0 -1.3510957e-09)
(0.010439948 0 -1.5233591e-09)
(0.010439948 0 -1.7180551e-09)
(0.010439948 0 -1.9385851e-09)
(0.010439947 0 -2.1886382e-09)
(0.010439947 0 -2.4737315e-09)
(0.010439947 0 -2.801154e-09)
(0.010439947 0 -3.1754423e-09)
(0.010439946 0 -3.5971196e-09)
(0.010439946 0 -4.0680098e-09)
(0.010439946 0 -4.5962641e-09)
(0.010439945 0 -5.196703e-09)
(0.010439945 0 -5.874399e-09)
(0.010439944 0 -6.6308581e-09)
(0.010439943 0 -7.4821386e-09)
(0.010439942 0 -8.4435585e-09)
(0.010439942 0 -9.5339539e-09)
(0.010439941 0 -1.0765791e-08)
(0.01043994 0 -1.2157772e-08)
(0.010439938 0 -1.3733551e-08)
(0.010439937 0 -1.5515764e-08)
(0.010439935 0 -1.7540335e-08)
(0.010439934 0 -1.9837946e-08)
(0.010439932 0 -2.2439398e-08)
(0.010439929 0 -2.5393527e-08)
(0.010439927 0 -2.8761759e-08)
(0.010439924 0 -3.2595528e-08)
(0.010439921 0 -3.6962281e-08)
(0.010439918 0 -4.1958465e-08)
(0.010439914 0 -4.7682611e-08)
(0.01043991 0 -5.4247164e-08)
(0.010439905 0 -6.1796085e-08)
(0.0104399 0 -7.0505441e-08)
(0.010439895 0 -8.0583235e-08)
(0.010439889 0 -9.2273225e-08)
(0.010439883 0 -1.0588113e-07)
(0.010439876 0 -1.2178369e-07)
(0.01043987 0 -1.404302e-07)
(0.010439864 0 -1.623746e-07)
(0.010439859 0 -1.8825159e-07)
(0.010439856 0 -2.188942e-07)
(0.010439855 0 -2.5490694e-07)
(0.01043987 0 -2.9917719e-07)
(0.010439876 0 -3.2846925e-07)
(0.010004985 0 -5.1495701e-05)
(0.010122374 0 -0.00015430295)
(0.010345163 0 -0.00022742373)
(0.010653911 0 -0.00024822456)
(0.011016597 0 -0.00020963891)
(0.011409184 0 -0.00011549406)
(0.011817027 0 2.4110547e-05)
(0.012232441 0 0.00019571069)
(0.012652723 0 0.00038452245)
(0.013078186 0 0.00057571848)
(0.013510184 0 0.0007552715)
(0.013949538 0 0.00091034332)
(0.014395362 0 0.0010296046)
(0.014844285 0 0.0011036069)
(0.015290166 0 0.0011253261)
(0.015724379 0 0.0010907439)
(0.016136623 0 0.00099923107)
(0.016516067 0 0.00085361976)
(0.016852572 0 0.00065985285)
(0.017137678 0 0.00042625507)
(0.01736517 0 0.00016265678)
(0.017531214 0 -0.00012051408)
(0.017634212 0 -0.00041291331)
(0.017674468 0 -0.00070483165)
(0.017653715 0 -0.00098753407)
(0.0175748 0 -0.0012534192)
(0.017441418 0 -0.0014961037)
(0.017257907 0 -0.0017104614)
(0.017029102 0 -0.0018926397)
(0.016760229 0 -0.0020400521)
(0.016456806 0 -0.0021513434)
(0.01612455 0 -0.0022263227)
(0.015769294 0 -0.0022658635)
(0.015396892 0 -0.0022717729)
(0.015013114 0 -0.0022466373)
(0.014623547 0 -0.0021936496)
(0.014233483 0 -0.0021164306)
(0.013847817 0 -0.0020188527)
(0.013470957 0 -0.001904878)
(0.013106745 0 -0.0017784172)
(0.012758413 0 -0.001643215)
(0.012428552 0 -0.001502762)
(0.01211911 0 -0.0013602328)
(0.011831424 0 -0.0012184446)
(0.011566251 0 -0.0010798346)
(0.011323835 0 -0.00094644987)
(0.011103971 0 -0.00081994784)
(0.01090608 0 -0.00070160603)
(0.010729282 0 -0.00059233903)
(0.010572471 0 -0.00049272303)
(0.010434381 0 -0.00040302697)
(0.010313644 0 -0.0003232495)
(0.010208843 0 -0.00025316017)
(0.010118553 0 -0.00019234292)
(0.010041372 0 -0.00014023937)
(0.0099759446 0 -9.6190302e-05)
(0.0099209823 0 -5.9473837e-05)
(0.0098752722 0 -2.9339356e-05)
(0.0098376852 0 -5.0326705e-06)
(0.009807178 0 1.4179221e-05)
(0.0097827954 0 2.8992586e-05)
(0.0097636692 0 4.0055574e-05)
(0.0097490158 0 4.7960832e-05)
(0.0097381334 0 5.3241713e-05)
(0.0097303976 0 5.6371551e-05)
(0.0097252574 0 5.7764984e-05)
(0.0097222305 0 5.7780928e-05)
(0.009720898 0 5.6726578e-05)
(0.0097208994 0 5.4862015e-05)
(0.0097219274 0 5.2405086e-05)
(0.0097237226 0 4.9536272e-05)
(0.0097260684 0 4.6403384e-05)
(0.0097287863 0 4.3125942e-05)
(0.0097317312 0 3.9799194e-05)
(0.0097347869 0 3.6497734e-05)
(0.0097378623 0 3.3278715e-05)
(0.0097408873 0 3.0184677e-05)
(0.0097438099 0 2.7246021e-05)
(0.0097465927 0 2.4483159e-05)
(0.0097492107 0 2.1908374e-05)
(0.0097516486 0 1.9527418e-05)
(0.0097538988 0 1.7340883e-05)
(0.0097559601 0 1.5345369e-05)
(0.0097578354 0 1.3534469e-05)
(0.0097595313 0 1.1899594e-05)
(0.0097610567 0 1.0430652e-05)
(0.0097624221 0 9.1166145e-06)
(0.0097636388 0 7.9459564e-06)
(0.0097647185 0 6.9070201e-06)
(0.0097656732 0 5.988289e-06)
(0.0097665144 0 5.1785973e-06)
(0.0097672532 0 4.4672815e-06)
(0.0097679 0 3.8442835e-06)
(0.0097684648 0 3.3002149e-06)
(0.0097689565 0 2.8263915e-06)
(0.0097693836 0 2.4148422e-06)
(0.0097697536 0 2.0583019e-06)
(0.0097700734 0 1.7501896e-06)
(0.0097703492 0 1.4845772e-06)
(0.0097705865 0 1.2561518e-06)
(0.0097707902 0 1.0601724e-06)
(0.0097709646 0 8.9242583e-07)
(0.0097711138 0 7.4918162e-07)
(0.009771241 0 6.2714791e-07)
(0.0097713493 0 5.2342934e-07)
(0.0097714413 0 4.3548723e-07)
(0.0097715193 0 3.611023e-07)
(0.0097715852 0 2.9834006e-07)
(0.0097716408 0 2.4551894e-07)
(0.0097716876 0 2.0118096e-07)
(0.0097717269 0 1.6406502e-07)
(0.0097717599 0 1.3308282e-07)
(0.0097717874 0 1.0729727e-07)
(0.0097718103 0 8.5903466e-08)
(0.0097718293 0 6.8212072e-08)
(0.0097718451 0 5.3634599e-08)
(0.0097718581 0 4.1670382e-08)
(0.0097718688 0 3.1894762e-08)
(0.0097718775 0 2.3948248e-08)
(0.0097718847 0 1.7526781e-08)
(0.0097718905 0 1.2373257e-08)
(0.0097718951 0 8.2704034e-09)
(0.0097718989 0 5.0350036e-09)
(0.0097719019 0 2.513135e-09)
(0.0097719042 0 5.75962e-10)
(0.009771906 0 -8.8407673e-10)
(0.0097719074 0 -1.9567497e-09)
(0.0097719085 0 -2.7170812e-09)
(0.0097719093 0 -3.2277509e-09)
(0.0097719098 0 -3.5409295e-09)
(0.0097719102 0 -3.6997926e-09)
(0.0097719105 0 -3.7398325e-09)
(0.0097719106 0 -3.6900975e-09)
(0.0097719106 0 -3.574355e-09)
(0.0097719106 0 -3.4119961e-09)
(0.0097719106 0 -3.2187056e-09)
(0.0097719105 0 -3.0070082e-09)
(0.0097719103 0 -2.7866801e-09)
(0.0097719102 0 -2.565103e-09)
(0.0097719101 0 -2.3476058e-09)
(0.0097719099 0 -2.1377386e-09)
(0.0097719098 0 -1.9376136e-09)
(0.0097719096 0 -1.7484419e-09)
(0.0097719095 0 -1.5711222e-09)
(0.0097719093 0 -1.4066944e-09)
(0.0097719092 0 -1.2564207e-09)
(0.0097719091 0 -1.1213097e-09)
(0.009771909 0 -1.0014188e-09)
(0.0097719089 0 -8.9555005e-10)
(0.0097719088 0 -8.0167876e-10)
(0.0097719087 0 -7.179622e-10)
(0.0097719086 0 -6.4354758e-10)
(0.0097719085 0 -5.7831827e-10)
(0.0097719085 0 -5.2177596e-10)
(0.0097719084 0 -4.7227254e-10)
(0.0097719083 0 -4.2758378e-10)
(0.0097719083 0 -3.8652147e-10)
(0.0097719083 0 -3.4990081e-10)
(0.0097719082 0 -3.1946335e-10)
(0.0097719082 0 -2.9564223e-10)
(0.0097719081 0 -2.7663446e-10)
(0.0097719081 0 -2.5997184e-10)
(0.0097719081 0 -2.4500792e-10)
(0.009771908 0 -2.3349194e-10)
(0.009771908 0 -2.2741148e-10)
(0.009771908 0 -2.265331e-10)
(0.0097719079 0 -2.2832495e-10)
(0.0097719079 0 -2.2999243e-10)
(0.0097719079 0 -2.302533e-10)
(0.0097719079 0 -2.2935679e-10)
(0.0097719078 0 -2.2788794e-10)
(0.0097719078 0 -2.2567515e-10)
(0.0097719078 0 -2.2153113e-10)
(0.0097719077 0 -2.1423922e-10)
(0.0097719077 0 -2.0470875e-10)
(0.0097719077 0 -1.9706229e-10)
(0.0097719076 0 -1.9583456e-10)
(0.0097719076 0 -2.0122125e-10)
(0.0097719076 0 -2.0875497e-10)
(0.0097719075 0 -2.1511694e-10)
(0.0097719075 0 -2.2248505e-10)
(0.0097719075 0 -2.3465041e-10)
(0.0097719074 0 -2.5051872e-10)
(0.0097719074 0 -2.6555345e-10)
(0.0097719074 0 -2.7938921e-10)
(0.0097719073 0 -2.9778576e-10)
(0.0097719072 0 -3.2640817e-10)
(0.0097719072 0 -3.6627871e-10)
(0.0097719071 0 -4.1606797e-10)
(0.009771907 0 -4.75791e-10)
(0.009771907 0 -5.4728442e-10)
(0.0097719069 0 -6.3238596e-10)
(0.0097719068 0 -7.3042364e-10)
(0.0097719067 0 -8.3740019e-10)
(0.0097719066 0 -9.4973923e-10)
(0.0097719065 0 -1.0693889e-09)
(0.0097719063 0 -1.2029619e-09)
(0.0097719062 0 -1.3550548e-09)
(0.0097719059 0 -1.5255656e-09)
(0.0097719057 0 -1.7164695e-09)
(0.0097719055 0 -1.9363196e-09)
(0.0097719052 0 -2.1924339e-09)
(0.0097719048 0 -2.4859804e-09)
(0.0097719045 0 -2.8180635e-09)
(0.0097719041 0 -3.1921063e-09)
(0.0097719036 0 -3.6143122e-09)
(0.0097719031 0 -4.0922732e-09)
(0.0097719025 0 -4.6284957e-09)
(0.0097719018 0 -5.2262538e-09)
(0.0097719011 0 -5.8992745e-09)
(0.0097719002 0 -6.6614043e-09)
(0.0097718992 0 -7.5201371e-09)
(0.0097718982 0 -8.4935924e-09)
(0.0097718969 0 -9.590468e-09)
(0.0097718956 0 -1.0831401e-08)
(0.009771894 0 -1.2245067e-08)
(0.0097718923 0 -1.3847065e-08)
(0.0097718903 0 -1.5659156e-08)
(0.0097718881 0 -1.7718289e-08)
(0.0097718856 0 -2.0065554e-08)
(0.0097718828 0 -2.2733721e-08)
(0.0097718797 0 -2.5772859e-08)
(0.0097718762 0 -2.9246259e-08)
(0.0097718722 0 -3.3222556e-08)
(0.0097718678 0 -3.7784691e-08)
(0.0097718628 0 -4.302831e-08)
(0.0097718572 0 -4.9074109e-08)
(0.009771851 0 -5.6073568e-08)
(0.009771844 0 -6.4202751e-08)
(0.0097718363 0 -7.367931e-08)
(0.0097718278 0 -8.4780586e-08)
(0.0097718185 0 -9.7855761e-08)
(0.0097718083 0 -1.1334239e-07)
(0.0097717973 0 -1.3179909e-07)
(0.0097717859 0 -1.5394682e-07)
(0.0097717741 0 -1.8069308e-07)
(0.009771763 0 -2.1327984e-07)
(0.009771751 0 -2.5319176e-07)
(0.0097717602 0 -3.0343405e-07)
(0.0097717376 0 -3.3452028e-07)
(0.010007141 0 -0.00012088376)
(0.010170982 0 -0.00035277168)
(0.010462771 0 -0.00052580621)
(0.010838969 0 -0.00061078413)
(0.011248327 0 -0.00060591552)
(0.011659256 0 -0.00052439397)
(0.012057283 0 -0.00038557105)
(0.012438628 0 -0.00021020804)
(0.012805646 0 -1.7767299e-05)
(0.0131635 0 0.00017476605)
(0.01351761 0 0.00035319157)
(0.013871873 0 0.0005059788)
(0.014227776 0 0.00062396612)
(0.014583999 0 0.00070025486)
(0.014936463 0 0.00073027619)
(0.015278759 0 0.00071193358)
(0.015602869 0 0.0006456885)
(0.01590006 0 0.00053449462)
(0.016161788 0 0.0003835142)
(0.016380465 0 0.00019963792)
(0.016549932 0 -9.1259897e-06)
(0.016665781 0 -0.00023427241)
(0.016725386 0 -0.00046722965)
(0.016727742 0 -0.00069987371)
(0.016673284 0 -0.00092479266)
(0.016563714 0 -0.0011354735)
(0.016401818 0 -0.0013264281)
(0.016191306 0 -0.0014932709)
(0.015936668 0 -0.0016327579)
(0.015643046 0 -0.0017427927)
(0.015316095 0 -0.0018223951)
(0.01496184 0 -0.0018716321)
(0.014586527 0 -0.0018915127)
(0.014196466 0 -0.00188385)
(0.013797872 0 -0.0018511021)
(0.013396707 0 -0.0017961999)
(0.01299854 0 -0.0017223751)
(0.01260842 0 -0.001633)
(0.012230778 0 -0.0015314464)
(0.011869365 0 -0.0014209727)
(0.011527209 0 -0.0013046378)
(0.011206619 0 -0.0011852421)
(0.010909205 0 -0.0010652917)
(0.010635923 0 -0.00094697921)
(0.010387142 0 -0.00083217732)
(0.010162712 0 -0.00072244034)
(0.0099620488 0 -0.00061901114)
(0.009784213 0 -0.00052283235)
(0.0096279918 0 -0.00043456151)
(0.0094919734 0 -0.00035459053)
(0.0093746158 0 -0.00028306955)
(0.0092743065 0 -0.0002199352)
(0.0091894139 0 -0.00016494228)
(0.0091183287 0 -0.00011769808)
(0.0090594963 0 -7.7696678e-05)
(0.0090114406 0 -4.4351933e-05)
(0.0089727798 0 -1.7030133e-05)
(0.0089422387 0 4.9266507e-06)
(0.0089186526 0 2.2169673e-05)
(0.0089009667 0 3.5330522e-05)
(0.0088882371 0 4.5005957e-05)
(0.0088796259 0 5.1747675e-05)
(0.0088743957 0 5.6056343e-05)
(0.0088719026 0 5.8378746e-05)
(0.0088715892 0 5.9107552e-05)
(0.0088729774 0 5.8582995e-05)
(0.0088756605 0 5.7095964e-05)
(0.0088792963 0 5.4891988e-05)
(0.0088835993 0 5.2175724e-05)
(0.0088883345 0 4.9115611e-05)
(0.0088933111 0 4.5848461e-05)
(0.0088983762 0 4.2483807e-05)
(0.0089034097 0 3.9107923e-05)
(0.0089083197 0 3.5787442e-05)
(0.0089130378 0 3.2572565e-05)
(0.0089175151 0 2.9499876e-05)
(0.0089217193 0 2.659477e-05)
(0.008925631 0 2.387354e-05)
(0.0089292415 0 2.1345159e-05)
(0.0089325505 0 1.9012788e-05)
(0.0089355638 0 1.6875052e-05)
(0.0089382923 0 1.4927106e-05)
(0.00894075 0 1.3161538e-05)
(0.0089429533 0 1.15691e-05)
(0.0089449199 0 1.0139322e-05)
(0.008946668 0 8.8610023e-06)
(0.0089482162 0 7.7226036e-06)
(0.0089495825 0 6.7125623e-06)
(0.0089507844 0 5.8195308e-06)
(0.0089518383 0 5.0325587e-06)
(0.0089527597 0 4.3412231e-06)
(0.0089535632 0 3.7357171e-06)
(0.0089542619 0 3.2069031e-06)
(0.008954868 0 2.7463386e-06)
(0.0089553924 0 2.3462801e-06)
(0.0089558451 0 1.9996722e-06)
(0.008956235 0 1.7001247e-06)
(0.0089565701 0 1.4418816e-06)
(0.0089568574 0 1.2197838e-06)
(0.0089571032 0 1.0292281e-06)
(0.008957313 0 8.6612319e-07)
(0.0089574916 0 7.2684631e-07)
(0.0089576435 0 6.0819978e-07)
(0.0089577723 0 5.0737029e-07)
(0.0089578813 0 4.2189031e-07)
(0.0089579733 0 3.4960218e-07)
(0.0089580507 0 2.8862462e-07)
(0.0089581158 0 2.3732174e-07)
(0.0089581703 0 1.9427465e-07)
(0.0089582158 0 1.582555e-07)
(0.0089582537 0 1.2820433e-07)
(0.0089582853 0 1.032083e-07)
(0.0089583114 0 8.2483302e-08)
(0.0089583329 0 6.5357758e-08)
(0.0089583506 0 5.1258222e-08)
(0.0089583651 0 3.969665e-08)
(0.0089583769 0 3.0259004e-08)
(0.0089583864 0 2.2594945e-08)
(0.0089583942 0 1.6408491e-08)
(0.0089584003 0 1.1449772e-08)
(0.0089584052 0 7.5079656e-09)
(0.0089584091 0 4.4054364e-09)
(0.0089584121 0 1.9929478e-09)
(0.0089584144 0 1.4557297e-10)
(0.0089584161 0 -1.2410038e-09)
(0.0089584173 0 -2.253826e-09)
(0.0089584182 0 -2.9655727e-09)
(0.0089584189 0 -3.436893e-09)
(0.0089584192 0 -3.7181422e-09)
(0.0089584194 0 -3.8507963e-09)
(0.0089584195 0 -3.868819e-09)
(0.0089584195 0 -3.8000187e-09)
(0.0089584194 0 -3.6673023e-09)
(0.0089584192 0 -3.4896261e-09)
(0.008958419 0 -3.2825363e-09)
(0.0089584187 0 -3.0585019e-09)
(0.0089584185 0 -2.8272536e-09)
(0.0089584182 0 -2.5961431e-09)
(0.008958418 0 -2.3704821e-09)
(0.0089584177 0 -2.1537981e-09)
(0.0089584175 0 -1.9480619e-09)
(0.0089584173 0 -1.7541365e-09)
(0.0089584171 0 -1.5724859e-09)
(0.0089584169 0 -1.4038032e-09)
(0.0089584167 0 -1.249181e-09)
(0.0089584165 0 -1.1096772e-09)
(0.0089584164 0 -9.8558035e-10)
(0.0089584162 0 -8.7605527e-10)
(0.0089584161 0 -7.795378e-10)
(0.0089584159 0 -6.94546e-10)
(0.0089584158 0 -6.2020881e-10)
(0.0089584157 0 -5.5599058e-10)
(0.0089584156 0 -5.0082783e-10)
(0.0089584156 0 -4.5266401e-10)
(0.0089584155 0 -4.0912182e-10)
(0.0089584154 0 -3.6888897e-10)
(0.0089584154 0 -3.3248562e-10)
(0.0089584153 0 -3.013624e-10)
(0.0089584153 0 -2.7592138e-10)
(0.0089584152 0 -2.545809e-10)
(0.0089584152 0 -2.3521888e-10)
(0.0089584151 0 -2.1762881e-10)
(0.0089584151 0 -2.0410363e-10)
(0.008958415 0 -1.970142e-10)
(0.008958415 0 -1.9584429e-10)
(0.008958415 0 -1.9727059e-10)
(0.0089584149 0 -1.9838356e-10)
(0.0089584149 0 -1.991128e-10)
(0.0089584149 0 -2.0083785e-10)
(0.0089584149 0 -2.0306974e-10)
(0.0089584148 0 -2.0264667e-10)
(0.0089584148 0 -1.9666881e-10)
(0.0089584148 0 -1.8561112e-10)
(0.0089584147 0 -1.7315502e-10)
(0.0089584147 0 -1.6349576e-10)
(0.0089584146 0 -1.5897249e-10)
(0.0089584146 0 -1.5934916e-10)
(0.0089584145 0 -1.6278481e-10)
(0.0089584145 0 -1.6810824e-10)
(0.0089584145 0 -1.7627389e-10)
(0.0089584145 0 -1.8829797e-10)
(0.0089584144 0 -2.0164546e-10)
(0.0089584144 0 -2.114948e-10)
(0.0089584143 0 -2.1743506e-10)
(0.0089584143 0 -2.260848e-10)
(0.0089584142 0 -2.4413745e-10)
(0.0089584141 0 -2.7145524e-10)
(0.0089584141 0 -3.0465108e-10)
(0.008958414 0 -3.4495357e-10)
(0.0089584139 0 -3.9789168e-10)
(0.0089584139 0 -4.6607106e-10)
(0.0089584138 0 -5.4586545e-10)
(0.0089584137 0 -6.3138891e-10)
(0.0089584136 0 -7.1996614e-10)
(0.0089584134 0 -8.1349611e-10)
(0.0089584133 0 -9.1553871e-10)
(0.0089584131 0 -1.028328e-09)
(0.0089584129 0 -1.1525047e-09)
(0.0089584127 0 -1.2897618e-09)
(0.0089584124 0 -1.4475834e-09)
(0.0089584121 0 -1.6368335e-09)
(0.0089584118 0 -1.8592558e-09)
(0.0089584114 0 -2.1093527e-09)
(0.008958411 0 -2.3911133e-09)
(0.0089584105 0 -2.7126767e-09)
(0.0089584099 0 -3.075611e-09)
(0.0089584093 0 -3.4848294e-09)
(0.0089584087 0 -3.9435396e-09)
(0.0089584079 0 -4.4518746e-09)
(0.008958407 0 -5.0237778e-09)
(0.008958406 0 -5.674914e-09)
(0.0089584049 0 -6.4090922e-09)
(0.0089584036 0 -7.2373489e-09)
(0.0089584022 0 -8.1737957e-09)
(0.0089584006 0 -9.2381544e-09)
(0.0089583988 0 -1.0447684e-08)
(0.0089583968 0 -1.1819549e-08)
(0.0089583945 0 -1.3377353e-08)
(0.0089583919 0 -1.5147658e-08)
(0.008958389 0 -1.7167239e-08)
(0.0089583857 0 -1.9469701e-08)
(0.008958382 0 -2.2096664e-08)
(0.0089583778 0 -2.5107442e-08)
(0.0089583731 0 -2.856609e-08)
(0.0089583678 0 -3.2543271e-08)
(0.0089583618 0 -3.7132337e-08)
(0.008958355 0 -4.2452633e-08)
(0.0089583473 0 -4.8643645e-08)
(0.0089583387 0 -5.587367e-08)
(0.008958329 0 -6.4366071e-08)
(0.008958318 0 -7.4406182e-08)
(0.0089583057 0 -8.6348682e-08)
(0.0089582919 0 -1.0066363e-07)
(0.0089582764 0 -1.1797469e-07)
(0.0089582593 0 -1.3910085e-07)
(0.0089582403 0 -1.6516051e-07)
(0.00895822 0 -1.9768927e-07)
(0.0089581957 0 -2.3914838e-07)
(0.0089581964 0 -2.9158841e-07)
(0.0089581359 0 -3.2196688e-07)
(0.01001212 0 -0.00022284975)
(0.010256378 0 -0.00062424151)
(0.010644212 0 -0.00090251674)
(0.011089224 0 -0.001030805)
(0.011519678 0 -0.0010266577)
(0.011905271 0 -0.0009233184)
(0.012241889 0 -0.00075553799)
(0.012537636 0 -0.00055373595)
(0.012805136 0 -0.00034198064)
(0.013057053 0 -0.00013810498)
(0.013303631 0 4.5074941e-05)
(0.013551519 0 0.0001985619)
(0.013803534 0 0.00031622923)
(0.014059021 0 0.00039416024)
(0.014314369 0 0.00043037047)
(0.014563693 0 0.00042470271)
(0.014799621 0 0.00037877552)
(0.015014107 0 0.00029588554)
(0.015199187 0 0.00018080471)
(0.015347592 0 3.9471749e-05)
(0.015453163 0 -0.00012148889)
(0.015511226 0 -0.00029503778)
(0.015518671 0 -0.0004741818)
(0.015473899 0 -0.00065229304)
(0.015376778 0 -0.00082332988)
(0.015228548 0 -0.00098201477)
(0.015031681 0 -0.0011239591)
(0.014789742 0 -0.0012457397)
(0.014507237 0 -0.0013449335)
(0.014189448 0 -0.0014201146)
(0.013842253 0 -0.0014708114)
(0.013471928 0 -0.0014974262)
(0.013084951 0 -0.001501121)
(0.012687791 0 -0.0014836777)
(0.012286723 0 -0.0014473439)
(0.011887643 0 -0.001394675)
(0.011495926 0 -0.001328386)
(0.011116311 0 -0.0012512211)
(0.010752822 0 -0.0011658483)
(0.010408731 0 -0.0010747809)
(0.010086552 0 -0.00098032619)
(0.0097880651 0 -0.00088455574)
(0.0095143629 0 -0.00078929291)
(0.0092659176 0 -0.00069611157)
(0.0090426532 0 -0.00060634114)
(0.0088440275 0 -0.00052107436)
(0.0086691132 0 -0.00044117619)
(0.0085166793 0 -0.0003672934)
(0.0083852673 0 -0.00029986535)
(0.0082732621 0 -0.00023913708)
(0.0081789565 0 -0.00018517533)
(0.0081006061 0 -0.00013788788)
(0.0080364772 0 -9.7046102e-05)
(0.007984885 0 -6.2310858e-05)
(0.0079442252 0 -3.3257749e-05)
(0.0079129936 0 -9.40018e-06)
(0.0078898045 0 9.7857454e-06)
(0.0078733937 0 2.4835123e-05)
(0.0078626231 0 3.6277113e-05)
(0.007856485 0 4.4623114e-05)
(0.0078540931 0 5.0353827e-05)
(0.0078546769 0 5.391109e-05)
(0.0078575742 0 5.5693278e-05)
(0.0078622212 0 5.6053273e-05)
(0.0078681435 0 5.5298564e-05)
(0.0078749465 0 5.3692967e-05)
(0.0078823057 0 5.1459496e-05)
(0.0078899582 0 4.8783961e-05)
(0.007897694 0 4.5818941e-05)
(0.0079053487 0 4.2687853e-05)
(0.0079127963 0 3.9488926e-05)
(0.0079199435 0 3.629892e-05)
(0.0079267238 0 3.3176528e-05)
(0.0079330931 0 3.0165405e-05)
(0.0079390252 0 2.7296827e-05)
(0.0079445087 0 2.459198e-05)
(0.0079495433 0 2.2063927e-05)
(0.0079541378 0 1.9719259e-05)
(0.0079583076 0 1.755949e-05)
(0.0079620727 0 1.5582212e-05)
(0.0079654567 0 1.3782062e-05)
(0.0079684849 0 1.2151512e-05)
(0.0079711838 0 1.0681522e-05)
(0.0079735803 0 9.3620712e-06)
(0.0079757006 0 8.1825757e-06)
(0.0079775704 0 7.1322315e-06)
(0.0079792141 0 6.2002757e-06)
(0.0079806546 0 5.3761899e-06)
(0.0079819136 0 4.6498527e-06)
(0.0079830108 0 4.0116494e-06)
(0.0079839646 0 3.452546e-06)
(0.0079847916 0 2.9641329e-06)
(0.0079855069 0 2.5386445e-06)
(0.0079861241 0 2.1689597e-06)
(0.0079866554 0 1.8485894e-06)
(0.0079871118 0 1.5716539e-06)
(0.0079875029 0 1.3328546e-06)
(0.0079878373 0 1.1274396e-06)
(0.0079881225 0 9.5116738e-07)
(0.0079883654 0 8.0026681e-07)
(0.0079885716 0 6.7139745e-07)
(0.0079887463 0 5.6160973e-07)
(0.0079888939 0 4.6830721e-07)
(0.0079890184 0 3.8921126e-07)
(0.0079891232 0 3.2232826e-07)
(0.007989211 0 2.6591904e-07)
(0.0079892846 0 2.1847063e-07)
(0.0079893459 0 1.7867002e-07)
(0.0079893969 0 1.4538032e-07)
(0.0079894391 0 1.1761941e-07)
(0.0079894741 0 9.4541039e-08)
(0.0079895028 0 7.541805e-08)
(0.0079895264 0 5.9627568e-08)
(0.0079895456 0 4.6637705e-08)
(0.0079895612 0 3.5995686e-08)
(0.0079895738 0 2.7317239e-08)
(0.0079895839 0 2.0277152e-08)
(0.0079895919 0 1.4600807e-08)
(0.0079895982 0 1.005668e-08)
(0.0079896032 0 6.4497925e-09)
(0.007989607 0 3.616146e-09)
(0.0079896098 0 1.4180724e-09)
(0.0079896119 0 -2.5967478e-10)
(0.0079896134 0 -1.5133697e-09)
(0.0079896145 0 -2.4233946e-09)
(0.0079896151 0 -3.0568893e-09)
(0.0079896155 0 -3.46987e-09)
(0.0079896156 0 -3.7087829e-09)
(0.0079896156 0 -3.8117127e-09)
(0.0079896154 0 -3.8096047e-09)
(0.0079896152 0 -3.7276272e-09)
(0.0079896148 0 -3.5865244e-09)
(0.0079896145 0 -3.4036775e-09)
(0.0079896141 0 -3.1936532e-09)
(0.0079896137 0 -2.9683668e-09)
(0.0079896133 0 -2.7372077e-09)
(0.0079896129 0 -2.5072961e-09)
(0.0079896125 0 -2.2837934e-09)
(0.0079896122 0 -2.0701344e-09)
(0.0079896118 0 -1.8681725e-09)
(0.0079896115 0 -1.6784941e-09)
(0.0079896112 0 -1.5011133e-09)
(0.0079896109 0 -1.3362703e-09)
(0.0079896107 0 -1.1847786e-09)
(0.0079896105 0 -1.0476437e-09)
(0.0079896103 0 -9.2527528e-10)
(0.0079896101 0 -8.170723e-10)
(0.0079896099 0 -7.2185101e-10)
(0.0079896097 0 -6.3865386e-10)
(0.0079896096 0 -5.6703427e-10)
(0.0079896095 0 -5.064562e-10)
(0.0079896094 0 -4.5541002e-10)
(0.0079896093 0 -4.1131571e-10)
(0.0079896092 0 -3.7159742e-10)
(0.0079896091 0 -3.3501155e-10)
(0.007989609 0 -3.0190319e-10)
(0.007989609 0 -2.730482e-10)
(0.0079896089 0 -2.4816013e-10)
(0.0079896088 0 -2.2568534e-10)
(0.0079896088 0 -2.0434858e-10)
(0.0079896087 0 -1.8490842e-10)
(0.0079896087 0 -1.6999751e-10)
(0.0079896086 0 -1.6173079e-10)
(0.0079896086 0 -1.5935519e-10)
(0.0079896086 0 -1.5971799e-10)
(0.0079896085 0 -1.6041176e-10)
(0.0079896085 0 -1.6195159e-10)
(0.0079896085 0 -1.6597883e-10)
(0.0079896084 0 -1.7136996e-10)
(0.0079896084 0 -1.7338153e-10)
(0.0079896084 0 -1.6776859e-10)
(0.0079896083 0 -1.5536169e-10)
(0.0079896083 0 -1.4140799e-10)
(0.0079896082 0 -1.3045358e-10)
(0.0079896082 0 -1.2314566e-10)
(0.0079896081 0 -1.1827571e-10)
(0.0079896081 0 -1.163002e-10)
(0.0079896081 0 -1.1940707e-10)
(0.007989608 0 -1.2853088e-10)
(0.007989608 0 -1.4131785e-10)
(0.007989608 0 -1.5313263e-10)
(0.0079896079 0 -1.602522e-10)
(0.0079896079 0 -1.6313566e-10)
(0.0079896078 0 -1.6659448e-10)
(0.0079896078 0 -1.7531654e-10)
(0.0079896077 0 -1.8956253e-10)
(0.0079896076 0 -2.0756869e-10)
(0.0079896076 0 -2.3157139e-10)
(0.0079896075 0 -2.6759656e-10)
(0.0079896074 0 -3.1850047e-10)
(0.0079896073 0 -3.8040736e-10)
(0.0079896072 0 -4.4698271e-10)
(0.0079896071 0 -5.1512674e-10)
(0.007989607 0 -5.8597457e-10)
(0.0079896069 0 -6.6141915e-10)
(0.0079896067 0 -7.41008e-10)
(0.0079896065 0 -8.2448523e-10)
(0.0079896063 0 -9.1644725e-10)
(0.007989606 0 -1.0243295e-09)
(0.0079896057 0 -1.1532534e-09)
(0.0079896054 0 -1.3058715e-09)
(0.007989605 0 -1.4831029e-09)
(0.0079896046 0 -1.6848729e-09)
(0.0079896042 0 -1.914635e-09)
(0.0079896036 0 -2.177837e-09)
(0.0079896031 0 -2.4747541e-09)
(0.0079896024 0 -2.8036854e-09)
(0.0079896017 0 -3.1678484e-09)
(0.0079896008 0 -3.5783123e-09)
(0.0079895999 0 -4.0444633e-09)
(0.0079895988 0 -4.5662094e-09)
(0.0079895976 0 -5.1529253e-09)
(0.0079895962 0 -5.8209441e-09)
(0.0079895947 0 -6.5794754e-09)
(0.0079895929 0 -7.440833e-09)
(0.007989591 0 -8.4176966e-09)
(0.0079895887 0 -9.5260403e-09)
(0.0079895862 0 -1.0791614e-08)
(0.0079895834 0 -1.2232629e-08)
(0.0079895802 0 -1.3870283e-08)
(0.0079895766 0 -1.5743515e-08)
(0.0079895725 0 -1.789248e-08)
(0.0079895679 0 -2.0355359e-08)
(0.0079895626 0 -2.3187384e-08)
(0.0079895567 0 -2.6457955e-08)
(0.00798955 0 -3.0247702e-08)
(0.0079895423 0 -3.4655412e-08)
(0.0079895336 0 -3.9805013e-08)
(0.0079895237 0 -4.5855236e-08)
(0.0079895124 0 -5.3009447e-08)
(0.0079894996 0 -6.1525476e-08)
(0.0079894849 0 -7.1740421e-08)
(0.0079894681 0 -8.4109694e-08)
(0.0079894488 0 -9.9234484e-08)
(0.0079894267 0 -1.179396e-07)
(0.0079894012 0 -1.4136927e-07)
(0.0079893715 0 -1.7114709e-07)
(0.0079893351 0 -2.1043817e-07)
(0.0079893247 0 -2.593508e-07)
(0.0079892225 0 -2.8639198e-07)
(0.010023084 0 -0.00038449117)
(0.010400151 0 -0.0010031654)
(0.010894319 0 -0.0013626509)
(0.011362941 0 -0.0014782033)
(0.011733945 0 -0.0014168478)
(0.012002902 0 -0.0012457936)
(0.012192737 0 -0.0010191087)
(0.012331987 0 -0.00077532642)
(0.012446239 0 -0.00053925697)
(0.012554866 0 -0.00032566399)
(0.012670396 0 -0.00014279861)
(0.012799236 0 5.0020441e-06)
(0.012942789 0 0.00011579016)
(0.013098615 0 0.00018912026)
(0.013261528 0 0.00022566005)
(0.013424492 0 0.00022704741)
(0.013579434 0 0.00019587986)
(0.013717975 0 0.00013569343)
(0.013832057 0 5.0900447e-05)
(0.01391439 0 -5.3534274e-05)
(0.013958833 0 -0.00017216545)
(0.013960755 0 -0.00029936462)
(0.013917013 0 -0.00042966428)
(0.013826015 0 -0.00055794351)
(0.013687693 0 -0.00067960393)
(0.013503409 0 -0.00079071319)
(0.013275819 0 -0.00088810132)
(0.013008719 0 -0.00096941256)
(0.012706856 0 -0.001033118)
(0.012375721 0 -0.0010784915)
(0.012021322 0 -0.00110555)
(0.011649958 0 -0.0011149635)
(0.011267979 0 -0.0011079398)
(0.01088158 0 -0.0010860958)
(0.010496602 0 -0.001051324)
(0.010118379 0 -0.0010056659)
(0.0097516178 0 -0.00095120101)
(0.0094003232 0 -0.00088995649)
(0.0090677585 0 -0.00082384182)
(0.0087564449 0 -0.00075460664)
(0.008468188 0 -0.00068381913)
(0.0082041253 0 -0.00061285986)
(0.0079647892 0 -0.00054292558)
(0.007750178 0 -0.00047503803)
(0.0075598312 0 -0.00041005403)
(0.0073929047 0 -0.0003486744)
(0.0072482454 0 -0.00029145118)
(0.0071244614 0 -0.0002387935)
(0.0070199884 0 -0.00019097323)
(0.0069331507 0 -0.00014813169)
(0.0068622163 0 -0.00011028843)
(0.006805445 0 -7.73527e-05)
(0.0067611288 0 -4.9137995e-05)
(0.006727626 0 -2.5382075e-05)
(0.006703392 0 -5.7617846e-06)
(0.0066869964 0 1.0100033e-05)
(0.0066771277 0 2.2595436e-05)
(0.0066726052 0 3.2124052e-05)
(0.0066723851 0 3.9085179e-05)
(0.006675554 0 4.386127e-05)
(0.0066813227 0 4.6810114e-05)
(0.0066890183 0 4.825921e-05)
(0.0066980752 0 4.8502286e-05)
(0.0067080243 0 4.7797879e-05)
(0.0067184822 0 4.636958e-05)
(0.0067291409 0 4.4407544e-05)
(0.0067397573 0 4.207087e-05)
(0.0067501436 0 3.949052e-05)
(0.0067601593 0 3.6772511e-05)
(0.0067697027 0 3.4001146e-05)
(0.0067787044 0 3.124214e-05)
(0.0067871212 0 2.8545533e-05)
(0.0067949312 0 2.5948321e-05)
(0.0068021288 0 2.3476781e-05)
(0.0068087217 0 2.1148494e-05)
(0.0068147272 0 1.8974074e-05)
(0.00682017 0 1.6958627e-05)
(0.0068250796 0 1.5102965e-05)
(0.0068294892 0 1.3404622e-05)
(0.0068334334 0 1.1858677e-05)
(0.0068369481 0 1.0458438e-05)
(0.0068400687 0 9.1959844e-06)
(0.0068428301 0 8.0626165e-06)
(0.0068452656 0 7.0492023e-06)
(0.0068474072 0 6.1464567e-06)
(0.0068492848 0 5.3451559e-06)
(0.0068509263 0 4.6363014e-06)
(0.0068523574 0 4.0112433e-06)
(0.0068536019 0 3.4617689e-06)
(0.0068546814 0 2.9801625e-06)
(0.0068556154 0 2.5592415e-06)
(0.0068564216 0 2.1923723e-06)
(0.0068571158 0 1.8734694e-06)
(0.0068577122 0 1.5969843e-06)
(0.0068582234 0 1.3578853e-06)
(0.0068586605 0 1.1516331e-06)
(0.0068590334 0 9.7415264e-07)
(0.0068593508 0 8.2180262e-07)
(0.0068596203 0 6.913433e-07)
(0.0068598487 0 5.7990293e-07)
(0.0068600416 0 4.8494437e-07)
(0.0068602042 0 4.0423273e-07)
(0.0068603409 0 3.3580507e-07)
(0.0068604556 0 2.7794243e-07)
(0.0068605514 0 2.2914403e-07)
(0.0068606313 0 1.8810325e-07)
(0.0068606977 0 1.5368545e-07)
(0.0068607527 0 1.2490747e-07)
(0.006860798 0 1.0091926e-07)
(0.0068608353 0 8.0987688e-08)
(0.0068608658 0 6.4482328e-08)
(0.0068608906 0 5.0862874e-08)
(0.0068609107 0 3.9667888e-08)
(0.0068609269 0 3.0504562e-08)
(0.0068609398 0 2.303947e-08)
(0.00686095 0 1.699035e-08)
(0.0068609581 0 1.2118847e-08)
(0.0068609643 0 8.2241262e-09)
(0.006860969 0 5.1373182e-09)
(0.0068609726 0 2.7166948e-09)
(0.0068609751 0 8.4350282e-10)
(0.0068609769 0 -5.8157556e-10)
(0.0068609781 0 -1.641514e-09)
(0.0068609788 0 -2.4056725e-09)
(0.0068609792 0 -2.9320721e-09)
(0.0068609792 0 -3.2691736e-09)
(0.006860979 0 -3.4571603e-09)
(0.0068609787 0 -3.5288674e-09)
(0.0068609783 0 -3.510739e-09)
(0.0068609777 0 -3.4240387e-09)
(0.0068609772 0 -3.2861659e-09)
(0.0068609766 0 -3.1117853e-09)
(0.006860976 0 -2.9134728e-09)
(0.0068609754 0 -2.7018302e-09)
(0.0068609749 0 -2.4854268e-09)
(0.0068609743 0 -2.270872e-09)
(0.0068609738 0 -2.0629934e-09)
(0.0068609734 0 -1.8650043e-09)
(0.0068609729 0 -1.6786108e-09)
(0.0068609725 0 -1.5042187e-09)
(0.0068609721 0 -1.3415323e-09)
(0.0068609718 0 -1.1904018e-09)
(0.0068609715 0 -1.0513016e-09)
(0.0068609712 0 -9.2505358e-10)
(0.0068609709 0 -8.1207348e-10)
(0.0068609707 0 -7.1191584e-10)
(0.0068609705 0 -6.2370068e-10)
(0.0068609703 0 -5.4696202e-10)
(0.0068609701 0 -4.8180053e-10)
(0.00686097 0 -4.2797938e-10)
(0.0068609699 0 -3.8387392e-10)
(0.0068609697 0 -3.4656311e-10)
(0.0068609696 0 -3.1330437e-10)
(0.0068609695 0 -2.8298122e-10)
(0.0068609695 0 -2.5590918e-10)
(0.0068609694 0 -2.3220623e-10)
(0.0068609693 0 -2.1060787e-10)
(0.0068609693 0 -1.892039e-10)
(0.0068609692 0 -1.6748877e-10)
(0.0068609691 0 -1.4743936e-10)
(0.0068609691 0 -1.3214522e-10)
(0.006860969 0 -1.2318705e-10)
(0.006860969 0 -1.1938934e-10)
(0.0068609689 0 -1.1823342e-10)
(0.0068609689 0 -1.1848864e-10)
(0.0068609689 0 -1.2111187e-10)
(0.0068609688 0 -1.2707709e-10)
(0.0068609688 0 -1.3437742e-10)
(0.0068609688 0 -1.379768e-10)
(0.0068609687 0 -1.3367481e-10)
(0.0068609687 0 -1.2216252e-10)
(0.0068609687 0 -1.084471e-10)
(0.0068609686 0 -9.6884392e-11)
(0.0068609685 0 -8.777833e-11)
(0.0068609685 0 -7.9723491e-11)
(0.0068609685 0 -7.4040597e-11)
(0.0068609684 0 -7.4604169e-11)
(0.0068609684 0 -8.2888476e-11)
(0.0068609684 0 -9.5113706e-11)
(0.0068609683 0 -1.0555026e-10)
(0.0068609683 0 -1.1150623e-10)
(0.0068609683 0 -1.1408281e-10)
(0.0068609682 0 -1.1543361e-10)
(0.0068609682 0 -1.1694557e-10)
(0.0068609681 0 -1.1973e-10)
(0.006860968 0 -1.2584192e-10)
(0.006860968 0 -1.3867473e-10)
(0.0068609679 0 -1.6162484e-10)
(0.0068609678 0 -1.9566375e-10)
(0.0068609678 0 -2.3850524e-10)
(0.0068609677 0 -2.8664179e-10)
(0.0068609676 0 -3.3771593e-10)
(0.0068609675 0 -3.9058294e-10)
(0.0068609673 0 -4.4391861e-10)
(0.0068609672 0 -4.9626468e-10)
(0.006860967 0 -5.4840599e-10)
(0.0068609668 0 -6.0437272e-10)
(0.0068609666 0 -6.6880933e-10)
(0.0068609663 0 -7.4616689e-10)
(0.006860966 0 -8.4183438e-10)
(0.0068609657 0 -9.5736994e-10)
(0.0068609653 0 -1.0894054e-09)
(0.0068609649 0 -1.240518e-09)
(0.0068609644 0 -1.4174153e-09)
(0.0068609639 0 -1.6170434e-09)
(0.0068609633 0 -1.8362477e-09)
(0.0068609627 0 -2.0818912e-09)
(0.0068609619 0 -2.3557628e-09)
(0.006860961 0 -2.6591596e-09)
(0.0068609601 0 -3.0032281e-09)
(0.006860959 0 -3.3917184e-09)
(0.0068609577 0 -3.8295211e-09)
(0.0068609564 0 -4.3266445e-09)
(0.0068609548 0 -4.8927363e-09)
(0.006860953 0 -5.5362655e-09)
(0.006860951 0 -6.2686972e-09)
(0.0068609487 0 -7.1002566e-09)
(0.0068609462 0 -8.0469648e-09)
(0.0068609433 0 -9.1302898e-09)
(0.00686094 0 -1.0363472e-08)
(0.0068609363 0 -1.1772511e-08)
(0.0068609321 0 -1.3394527e-08)
(0.0068609273 0 -1.5256096e-08)
(0.0068609219 0 -1.7398727e-08)
(0.0068609157 0 -1.9882332e-08)
(0.0068609087 0 -2.2768171e-08)
(0.0068609007 0 -2.6132079e-08)
(0.0068608916 0 -3.007896e-08)
(0.0068608811 0 -3.4740095e-08)
(0.0068608691 0 -4.0275844e-08)
(0.0068608552 0 -4.690056e-08)
(0.0068608392 0 -5.4902162e-08)
(0.0068608207 0 -6.4652517e-08)
(0.006860799 0 -7.6654949e-08)
(0.0068607736 0 -9.1592379e-08)
(0.0068607434 0 -1.1037394e-07)
(0.0068607065 0 -1.3444731e-07)
(0.0068606608 0 -1.6686098e-07)
(0.0068606389 0 -2.0567768e-07)
(0.006860501 0 -2.2745529e-07)
(0.010047879 0 -0.00066642197)
(0.01061134 0 -0.0015253412)
(0.011143782 0 -0.001861669)
(0.011486933 0 -0.0018527129)
(0.01163686 0 -0.001657322)
(0.011653527 0 -0.001379717)
(0.011598671 0 -0.0010846482)
(0.011519837 0 -0.00080779914)
(0.011448673 0 -0.00056533046)
(0.011403026 0 -0.00036245861)
(0.011390423 0 -0.00019919921)
(0.011411405 0 -7.3491834e-05)
(0.011462028 0 1.7307443e-05)
(0.011535574 0 7.5883457e-05)
(0.011623711 0 0.00010493593)
(0.011717298 0 0.00010721185)
(0.011807045 0 8.5675352e-05)
(0.011884047 0 4.3621218e-05)
(0.011940084 0 -1.5244465e-05)
(0.011968072 0 -8.7089585e-05)
(0.011962343 0 -0.00016777832)
(0.011918703 0 -0.0002532276)
(0.011834534 0 -0.00033954691)
(0.011708811 0 -0.00042317617)
(0.011542019 0 -0.00050100934)
(0.011336037 0 -0.00057048768)
(0.011093961 0 -0.00062965475)
(0.010819913 0 -0.00067717546)
(0.010518808 0 -0.00071232285)
(0.010196121 0 -0.00073493582)
(0.0098576338 0 -0.00074535189)
(0.0095092058 0 -0.00074432075)
(0.009156551 0 -0.0007329063)
(0.0088050538 0 -0.00071238541)
(0.0084596191 0 -0.00068415148)
(0.0081245654 0 -0.00064962963)
(0.0078035588 0 -0.00061020844)
(0.0074995859 0 -0.00056719048)
(0.0072149592 0 -0.00052176172)
(0.0069513475 0 -0.00047497736)
(0.0067098232 0 -0.00042776026)
(0.0064909213 0 -0.00038090781)
(0.0062947025 0 -0.00033510266)
(0.0061208182 0 -0.00029092418)
(0.0059685735 0 -0.00024885795)
(0.0058369886 0 -0.00020930252)
(0.0057248566 0 -0.00017257328)
(0.0056307982 0 -0.00013890446)
(0.005553313 0 -0.00010845036)
(0.0054908277 0 -8.1287232e-05)
(0.0054417401 0 -5.7416467e-05)
(0.0054044577 0 -3.676992e-05)
(0.0053774281 0 -1.921842e-05)
(0.0053591701 0 -4.5908408e-06)
(0.0053483133 0 7.3489288e-06)
(0.0053435861 0 1.6841525e-05)
(0.0053438267 0 2.4148214e-05)
(0.0053480111 0 2.9540742e-05)
(0.0053552402 0 3.3286779e-05)
(0.0053647365 0 3.5642163e-05)
(0.0053758387 0 3.6845668e-05)
(0.0053879934 0 3.7115127e-05)
(0.005400745 0 3.6645063e-05)
(0.0054137255 0 3.5605781e-05)
(0.0054266436 0 3.4143618e-05)
(0.0054392739 0 3.2382067e-05)
(0.0054514478 0 3.0423493e-05)
(0.0054630435 0 2.8351219e-05)
(0.0054739784 0 2.6231788e-05)
(0.0054842017 0 2.4117232e-05)
(0.0054936878 0 2.2047262e-05)
(0.0055024314 0 2.0051286e-05)
(0.0055104425 0 1.8150225e-05)
(0.0055177429 0 1.6358108e-05)
(0.0055243627 0 1.4683447e-05)
(0.005530338 0 1.3130404e-05)
(0.0055357088 0 1.1699759e-05)
(0.0055405171 0 1.0389724e-05)
(0.0055448058 0 9.1965946e-06)
(0.0055486177 0 8.1152915e-06)
(0.0055519943 0 7.1397878e-06)
(0.0055549759 0 6.2634538e-06)
(0.0055576007 0 5.4793287e-06)
(0.0055599046 0 4.7803322e-06)
(0.0055619211 0 4.1594278e-06)
(0.0055636813 0 3.6097468e-06)
(0.0055652137 0 3.1246813e-06)
(0.0055665442 0 2.6979509e-06)
(0.0055676967 0 2.3236494e-06)
(0.0055686925 0 1.9962725e-06)
(0.0055695508 0 1.7107314e-06)
(0.0055702888 0 1.462353e-06)
(0.0055709218 0 1.2468718e-06)
(0.0055714636 0 1.0604148e-06)
(0.0055719261 0 8.9948283e-07)
(0.00557232 0 7.6092954e-07)
(0.0055726547 0 6.4193906e-07)
(0.0055729384 0 5.4000249e-07)
(0.0055731782 0 4.5289345e-07)
(0.0055733803 0 3.7864323e-07)
(0.0055735504 0 3.1551633e-07)
(0.0055736929 0 2.6198714e-07)
(0.0055738121 0 2.1671822e-07)
(0.0055739115 0 1.7854049e-07)
(0.0055739941 0 1.4643492e-07)
(0.0055740624 0 1.1951557e-07)
(0.0055741187 0 9.7014112e-08)
(0.005574165 0 7.8265655e-08)
(0.0055742028 0 6.2696199e-08)
(0.0055742336 0 4.9811669e-08)
(0.0055742585 0 3.9188229e-08)
(0.0055742785 0 3.0463617e-08)
(0.0055742944 0 2.3329334e-08)
(0.005574307 0 1.7523505e-08)
(0.0055743168 0 1.2824455e-08)
(0.0055743244 0 9.0450701e-09)
(0.0055743302 0 6.0278182e-09)
(0.0055743345 0 3.6403777e-09)
(0.0055743376 0 1.7718876e-09)
(0.0055743397 0 3.2965188e-10)
(0.005574341 0 -7.6374428e-10)
(0.0055743418 0 -1.572913e-09)
(0.0055743421 0 -2.1518792e-09)
(0.0055743421 0 -2.5459418e-09)
(0.0055743417 0 -2.7930197e-09)
(0.0055743412 0 -2.9245724e-09)
(0.0055743406 0 -2.966242e-09)
(0.0055743399 0 -2.9384725e-09)
(0.0055743391 0 -2.8574516e-09)
(0.0055743383 0 -2.7362956e-09)
(0.0055743375 0 -2.586089e-09)
(0.0055743368 0 -2.4165348e-09)
(0.005574336 0 -2.2361102e-09)
(0.0055743353 0 -2.0519059e-09)
(0.0055743346 0 -1.8695512e-09)
(0.005574334 0 -1.6932743e-09)
(0.0055743334 0 -1.5259089e-09)
(0.0055743329 0 -1.3688978e-09)
(0.0055743324 0 -1.2224652e-09)
(0.005574332 0 -1.086135e-09)
(0.0055743316 0 -9.5955913e-10)
(0.0055743312 0 -8.4304606e-10)
(0.0055743309 0 -7.3725948e-10)
(0.0055743306 0 -6.424674e-10)
(0.0055743303 0 -5.5819548e-10)
(0.0055743301 0 -4.8375679e-10)
(0.0055743298 0 -4.1916476e-10)
(0.0055743297 0 -3.6516952e-10)
(0.0055743295 0 -3.2197771e-10)
(0.0055743293 0 -2.879797e-10)
(0.0055743292 0 -2.6007861e-10)
(0.0055743291 0 -2.3556734e-10)
(0.005574329 0 -2.1366935e-10)
(0.0055743289 0 -1.9487768e-10)
(0.0055743288 0 -1.7872998e-10)
(0.0055743288 0 -1.6285614e-10)
(0.0055743287 0 -1.447992e-10)
(0.0055743287 0 -1.2472078e-10)
(0.0055743286 0 -1.0580052e-10)
(0.0055743285 0 -9.153608e-11)
(0.0055743285 0 -8.2792822e-11)
(0.0055743284 0 -7.7876316e-11)
(0.0055743284 0 -7.5210322e-11)
(0.0055743283 0 -7.5194898e-11)
(0.0055743283 0 -7.9161714e-11)
(0.0055743283 0 -8.6795766e-11)
(0.0055743282 0 -9.4948288e-11)
(0.0055743282 0 -9.9153406e-11)
(0.0055743282 0 -9.6471588e-11)
(0.0055743281 0 -8.7334726e-11)
(0.0055743281 0 -7.499948e-11)
(0.005574328 0 -6.2905532e-11)
(0.005574328 0 -5.2363398e-11)
(0.0055743279 0 -4.3296484e-11)
(0.0055743279 0 -3.7031401e-11)
(0.0055743279 0 -3.6649292e-11)
(0.0055743278 0 -4.3361073e-11)
(0.0055743278 0 -5.375924e-11)
(0.0055743278 0 -6.2622327e-11)
(0.0055743278 0 -6.7837899e-11)
(0.0055743277 0 -7.0428677e-11)
(0.0055743277 0 -7.064373e-11)
(0.0055743276 0 -6.7510556e-11)
(0.0055743276 0 -6.2515722e-11)
(0.0055743275 0 -6.0394814e-11)
(0.0055743275 0 -6.5240032e-11)
(0.0055743274 0 -7.8007391e-11)
(0.0055743274 0 -9.8174355e-11)
(0.0055743273 0 -1.2544936e-10)
(0.0055743272 0 -1.5886619e-10)
(0.0055743272 0 -1.9554049e-10)
(0.0055743271 0 -2.3164336e-10)
(0.005574327 0 -2.6502749e-10)
(0.0055743268 0 -2.9622053e-10)
(0.0055743267 0 -3.2622233e-10)
(0.0055743265 0 -3.5544171e-10)
(0.0055743263 0 -3.8651676e-10)
(0.0055743261 0 -4.2498099e-10)
(0.0055743258 0 -4.7510602e-10)
(0.0055743256 0 -5.3831063e-10)
(0.0055743253 0 -6.1554778e-10)
(0.0055743249 0 -7.0711975e-10)
(0.0055743246 0 -8.1205144e-10)
(0.0055743241 0 -9.3106354e-10)
(0.0055743236 0 -1.0653172e-09)
(0.0055743231 0 -1.2129589e-09)
(0.0055743225 0 -1.3735668e-09)
(0.0055743218 0 -1.5527961e-09)
(0.0055743209 0 -1.7557321e-09)
(0.00557432 0 -1.9823031e-09)
(0.005574319 0 -2.2347821e-09)
(0.0055743179 0 -2.5260908e-09)
(0.0055743165 0 -2.8587546e-09)
(0.0055743151 0 -3.234383e-09)
(0.0055743134 0 -3.6611398e-09)
(0.0055743115 0 -4.1504205e-09)
(0.0055743094 0 -4.7088165e-09)
(0.005574307 0 -5.3396037e-09)
(0.0055743042 0 -6.0627662e-09)
(0.0055743012 0 -6.8925853e-09)
(0.0055742976 0 -7.8377777e-09)
(0.0055742937 0 -8.9247957e-09)
(0.0055742892 0 -1.0177681e-08)
(0.005574284 0 -1.1621785e-08)
(0.0055742781 0 -1.3296768e-08)
(0.0055742714 0 -1.5246646e-08)
(0.0055742638 0 -1.7526327e-08)
(0.005574255 0 -2.0209609e-08)
(0.0055742448 0 -2.3386161e-08)
(0.0055742332 0 -2.7170573e-08)
(0.0055742196 0 -3.1720854e-08)
(0.0055742038 0 -3.7235604e-08)
(0.0055741854 0 -4.3967036e-08)
(0.0055741636 0 -5.2250334e-08)
(0.0055741377 0 -6.2476156e-08)
(0.0055741063 0 -7.5147147e-08)
(0.0055740666 0 -9.1097799e-08)
(0.0055740183 0 -1.123024e-07)
(0.0055739892 0 -1.3560345e-07)
(0.0055738349 0 -1.5181007e-07)
(0.01010854 0 -0.0011836955)
(0.010798945 0 -0.0021619029)
(0.011099109 0 -0.0022340071)
(0.011014538 0 -0.0019530409)
(0.010727756 0 -0.0015738633)
(0.010376841 0 -0.0012021428)
(0.010037425 0 -0.00088114307)
(0.0097483068 0 -0.00062164202)
(0.0095251691 0 -0.00041911326)
(0.0093691836 0 -0.00026441408)
(0.0092738362 0 -0.000148642)
(0.009229234 0 -6.4613432e-05)
(0.0092242661 0 -6.9258753e-06)
(0.0092476732 0 2.8422429e-05)
(0.0092885384 0 4.4525314e-05)
(0.0093364514 0 4.3985586e-05)
(0.0093818202 0 2.922631e-05)
(0.0094161248 0 2.6585684e-06)
(0.0094319119 0 -3.333203e-05)
(0.0094230369 0 -7.6107366e-05)
(0.0093849616 0 -0.00012310528)
(0.009314584 0 -0.0001718587)
(0.009210327 0 -0.0002200703)
(0.0090720837 0 -0.00026570871)
(0.0089010881 0 -0.00030707759)
(0.0086997457 0 -0.00034285843)
(0.008471432 0 -0.00037212777)
(0.0082202663 0 -0.00039435075)
(0.0079508759 0 -0.00040935389)
(0.0076681624 0 -0.00041728112)
(0.007377082 0 -0.00041853773)
(0.0070824498 0 -0.00041372722)
(0.0067887786 0 -0.00040358659)
(0.0065001541 0 -0.00038892498)
(0.0062201513 0 -0.00037056989)
(0.0059517879 0 -0.00034932406)
(0.0056975122 0 -0.00032593443)
(0.0054592165 0 -0.00030107336)
(0.0052382712 0 -0.00027533073)
(0.0050355703 0 -0.00024921469)
(0.0048515832 0 -0.00022315827)
(0.0046864073 0 -0.00019752902)
(0.0045398193 0 -0.00017263907)
(0.0044113222 0 -0.00014875383)
(0.0043001895 0 -0.00012609823)
(0.0042055055 0 -0.00010486012)
(0.0041262036 0 -8.5191317e-05)
(0.0040611026 0 -6.7207021e-05)
(0.0040089415 0 -5.0984624e-05)
(0.0039684137 0 -3.6562917e-05)
(0.0039381989 0 -2.3942581e-05)
(0.0039169913 0 -1.3088351e-05)
(0.0039035171 0 -3.9300077e-06)
(0.0038965862 0 3.644597e-06)
(0.0038950857 0 9.7530615e-06)
(0.0038979731 0 1.4520568e-05)
(0.0039043314 0 1.8097645e-05)
(0.0039133448 0 2.0636869e-05)
(0.0039243028 0 2.2287839e-05)
(0.0039365987 0 2.3193642e-05)
(0.0039497229 0 2.3487719e-05)
(0.0039632563 0 2.3291524e-05)
(0.0039768607 0 2.2713172e-05)
(0.0039902699 0 2.1846917e-05)
(0.0040032801 0 2.0773308e-05)
(0.004015741 0 1.955986e-05)
(0.0040275468 0 1.8262068e-05)
(0.0040386287 0 1.6924636e-05)
(0.0040489478 0 1.5582802e-05)
(0.004058489 0 1.4263665e-05)
(0.0040672557 0 1.298746e-05)
(0.0040752657 0 1.1768726e-05)
(0.0040825468 0 1.0617352e-05)
(0.0040891345 0 9.5394925e-06)
(0.004095069 0 8.5383481e-06)
(0.0041003937 0 7.6148256e-06)
(0.0041051533 0 6.7680839e-06)
(0.0041093925 0 5.9959815e-06)
(0.0041131556 0 5.2954396e-06)
(0.0041164853 0 4.6627331e-06)
(0.0041194224 0 4.0937205e-06)
(0.0041220056 0 3.5840255e-06)
(0.0041242709 0 3.1291768e-06)
(0.0041262521 0 2.7247151e-06)
(0.00412798 0 2.3662749e-06)
(0.0041294831 0 2.0496456e-06)
(0.0041307873 0 1.7708156e-06)
(0.004131916 0 1.5260037e-06)
(0.0041328904 0 1.3116794e-06)
(0.0041337295 0 1.124572e-06)
(0.0041344504 0 9.6167338e-07)
(0.0041350681 0 8.2023291e-07)
(0.0041355962 0 6.9774907e-07)
(0.0041360465 0 5.9195761e-07)
(0.0041364296 0 5.0081865e-07)
(0.0041367546 0 4.2250277e-07)
(0.0041370296 0 3.5537669e-07)
(0.0041372617 0 2.9798849e-07)
(0.004137457 0 2.4905253e-07)
(0.004137621 0 2.0743429e-07)
(0.0041377581 0 1.7213562e-07)
(0.0041378725 0 1.4228069e-07)
(0.0041379675 0 1.1710291e-07)
(0.0041380463 0 9.593298e-08)
(0.0041381112 0 7.8188026e-08)
(0.0041381645 0 6.3361672e-08)
(0.0041382081 0 5.1015211e-08)
(0.0041382436 0 4.076961e-08)
(0.0041382723 0 3.229837e-08)
(0.0041382953 0 2.5321191e-08)
(0.0041383136 0 1.9598216e-08)
(0.0041383281 0 1.492488e-08)
(0.0041383395 0 1.1127379e-08)
(0.0041383482 0 8.0585874e-09)
(0.0041383548 0 5.5944372e-09)
(0.0041383596 0 3.6307123e-09)
(0.0041383631 0 2.0800999e-09)
(0.0041383655 0 8.6957472e-10)
(0.0041383671 0 -6.1807193e-11)
(0.0041383679 0 -7.6484334e-10)
(0.0041383682 0 -1.2818794e-09)
(0.0041383681 0 -1.6482698e-09)
(0.0041383677 0 -1.893693e-09)
(0.004138367 0 -2.0431208e-09)
(0.0041383662 0 -2.1173211e-09)
(0.0041383653 0 -2.1331479e-09)
(0.0041383644 0 -2.103851e-09)
(0.0041383634 0 -2.0396402e-09)
(0.0041383625 0 -1.9486366e-09)
(0.0041383615 0 -1.8378219e-09)
(0.0041383606 0 -1.7135524e-09)
(0.0041383597 0 -1.5816354e-09)
(0.0041383589 0 -1.4471187e-09)
(0.0041383582 0 -1.3140747e-09)
(0.0041383575 0 -1.185619e-09)
(0.0041383568 0 -1.0639373e-09)
(0.0041383562 0 -9.5015638e-10)
(0.0041383557 0 -8.4436609e-10)
(0.0041383552 0 -7.4602639e-10)
(0.0041383548 0 -6.5467533e-10)
(0.0041383544 0 -5.7050551e-10)
(0.0041383541 0 -4.9417094e-10)
(0.0041383537 0 -4.2595255e-10)
(0.0041383535 0 -3.6533942e-10)
(0.0041383532 0 -3.1163256e-10)
(0.004138353 0 -2.6497071e-10)
(0.0041383528 0 -2.265041e-10)
(0.0041383527 0 -1.9704983e-10)
(0.0041383525 0 -1.7545916e-10)
(0.0041383524 0 -1.5879176e-10)
(0.0041383523 0 -1.4443898e-10)
(0.0041383522 0 -1.3189464e-10)
(0.0041383521 0 -1.2200448e-10)
(0.004138352 0 -1.143256e-10)
(0.004138352 0 -1.0591121e-10)
(0.0041383519 0 -9.3646708e-11)
(0.0041383519 0 -7.7740954e-11)
(0.0041383518 0 -6.2035155e-11)
(0.0041383517 0 -5.0400103e-11)
(0.0041383517 0 -4.3266715e-11)
(0.0041383516 0 -3.8398727e-11)
(0.0041383516 0 -3.4763285e-11)
(0.0041383516 0 -3.4228499e-11)
(0.0041383515 0 -3.878584e-11)
(0.0041383515 0 -4.7127812e-11)
(0.0041383515 0 -5.504032e-11)
(0.0041383515 0 -5.8847879e-11)
(0.0041383514 0 -5.758594e-11)
(0.0041383514 0 -5.2059906e-11)
(0.0041383514 0 -4.3294983e-11)
(0.0041383513 0 -3.2580072e-11)
(0.0041383513 0 -2.1855833e-11)
(0.0041383512 0 -1.311079e-11)
(0.0041383512 0 -7.9001907e-12)
(0.0041383512 0 -7.4906756e-12)
(0.0041383511 0 -1.2194913e-11)
(0.0041383511 0 -2.0140017e-11)
(0.0041383511 0 -2.8008377e-11)
(0.0041383511 0 -3.3580458e-11)
(0.0041383511 0 -3.6224278e-11)
(0.004138351 0 -3.485815e-11)
(0.004138351 0 -2.8357615e-11)
(0.004138351 0 -1.9078439e-11)
(0.0041383509 0 -1.2688501e-11)
(0.0041383509 0 -1.2806158e-11)
(0.0041383508 0 -1.8686166e-11)
(0.0041383508 0 -2.9110522e-11)
(0.0041383507 0 -4.4937547e-11)
(0.0041383507 0 -6.6362197e-11)
(0.0041383506 0 -9.0371725e-11)
(0.0041383506 0 -1.1256536e-10)
(0.0041383505 0 -1.3097939e-10)
(0.0041383504 0 -1.4694366e-10)
(0.0041383503 0 -1.610505e-10)
(0.0041383502 0 -1.7141042e-10)
(0.00413835 0 -1.7952224e-10)
(0.0041383499 0 -1.9164501e-10)
(0.0041383497 0 -2.1093835e-10)
(0.0041383495 0 -2.3782312e-10)
(0.0041383493 0 -2.7489529e-10)
(0.004138349 0 -3.2087845e-10)
(0.0041383487 0 -3.7255159e-10)
(0.0041383484 0 -4.3374358e-10)
(0.0041383481 0 -5.0383504e-10)
(0.0041383477 0 -5.7539284e-10)
(0.0041383472 0 -6.5333749e-10)
(0.0041383467 0 -7.4359111e-10)
(0.0041383461 0 -8.4009544e-10)
(0.0041383454 0 -9.4549782e-10)
(0.0041383447 0 -1.0690682e-09)
(0.0041383438 0 -1.2077325e-09)
(0.0041383428 0 -1.3647025e-09)
(0.0041383418 0 -1.5465357e-09)
(0.0041383405 0 -1.7536917e-09)
(0.0041383391 0 -1.9877855e-09)
(0.0041383376 0 -2.256092e-09)
(0.0041383358 0 -2.5646075e-09)
(0.0041383338 0 -2.9123628e-09)
(0.0041383315 0 -3.3101862e-09)
(0.0041383289 0 -3.7700591e-09)
(0.0041383259 0 -4.2932691e-09)
(0.0041383226 0 -4.8933141e-09)
(0.0041383188 0 -5.5877717e-09)
(0.0041383144 0 -6.3887914e-09)
(0.0041383095 0 -7.3166136e-09)
(0.0041383038 0 -8.3985491e-09)
(0.0041382973 0 -9.6664605e-09)
(0.0041382898 0 -1.1158986e-08)
(0.0041382811 0 -1.2926773e-08)
(0.0041382711 0 -1.5041582e-08)
(0.0041382594 0 -1.7590796e-08)
(0.0041382458 0 -2.0675651e-08)
(0.0041382297 0 -2.4430571e-08)
(0.0041382107 0 -2.8984758e-08)
(0.004138188 0 -3.4433445e-08)
(0.0041381602 0 -4.0793472e-08)
(0.0041381248 0 -4.8086202e-08)
(0.0041380839 0 -5.6496663e-08)
(0.0041380583 0 -6.3479619e-08)
(0.0041379197 0 -7.5173814e-08)
(0.010072986 0 -0.0017588129)
(0.010399146 0 -0.002463908)
(0.0099041767 0 -0.0020603721)
(0.0090579348 0 -0.0015085725)
(0.0082596491 0 -0.0010452078)
(0.0076146683 0 -0.00070216075)
(0.0071213836 0 -0.00046260167)
(0.0067601784 0 -0.0002991563)
(0.0065079499 0 -0.00018772106)
(0.0063416776 0 -0.00011119906)
(0.006241106 0 -5.8573808e-05)
(0.0061893988 0 -2.3013947e-05)
(0.0061726005 0 -3.0797735e-07)
(0.0061788869 0 1.2342532e-05)
(0.0061981626 0 1.6689922e-05)
(0.0062216078 0 1.4128549e-05)
(0.0062415849 0 5.9054841e-06)
(0.00625157 0 -6.827957e-06)
(0.0062463187 0 -2.3064945e-05)
(0.0062217835 0 -4.1547691e-05)
(0.0061751036 0 -6.1160681e-05)
(0.0061046903 0 -8.0869704e-05)
(0.0060101501 0 -9.9747848e-05)
(0.0058921753 0 -0.0001170172)
(0.0057523965 0 -0.00013207236)
(0.0055932097 0 -0.00014448885)
(0.0054175858 0 -0.00015401987)
(0.0052288751 0 -0.00016058247)
(0.0050306197 0 -0.00016423572)
(0.0048263822 0 -0.00016515352)
(0.0046195986 0 -0.00016359501)
(0.0044134611 0 -0.00015987479)
(0.0042108332 0 -0.00015433533)
(0.0040141953 0 -0.00014732311)
(0.0038256209 0 -0.00013916968)
(0.0036467766 0 -0.00013017831)
(0.0034789409 0 -0.00012061616)
(0.0033230362 0 -0.00011071138)
(0.0031796674 0 -0.00010065438)
(0.0030491627 0 -9.0601933e-05)
(0.0029316128 0 -8.0682834e-05)
(0.0028269058 0 -7.1004059e-05)
(0.0027347578 0 -6.1656253e-05)
(0.0026547383 0 -5.2717938e-05)
(0.002586293 0 -4.4258105e-05)
(0.0025287628 0 -3.6337198e-05)
(0.0024814032 0 -2.9006793e-05)
(0.0024434025 0 -2.2308395e-05)
(0.002413901 0 -1.627189e-05)
(0.0023920103 0 -1.0914283e-05)
(0.0023768321 0 -6.2392509e-06)
(0.0023674801 0 -2.237257e-06)
(0.0023631056 0 1.1168784e-06)
(0.0023628818 0 3.8759301e-06)
(0.0023660384 0 6.0645179e-06)
(0.0023718848 0 7.7395259e-06)
(0.0023797994 0 8.9586374e-06)
(0.0023892309 0 9.7806904e-06)
(0.0023997028 0 1.0264106e-05)
(0.0024108115 0 1.0465114e-05)
(0.002422222 0 1.0436247e-05)
(0.0024336624 0 1.0225322e-05)
(0.0024449175 0 9.8748389e-06)
(0.002455822 0 9.4217436e-06)
(0.002466254 0 8.8974682e-06)
(0.0024761277 0 8.3281967e-06)
(0.0024853878 0 7.7352791e-06)
(0.0024940035 0 7.1357365e-06)
(0.002501964 0 6.5428058e-06)
(0.0025092734 0 5.9664864e-06)
(0.0025159476 0 5.4140621e-06)
(0.0025220112 0 4.8905798e-06)
(0.0025274946 0 4.3992781e-06)
(0.0025324322 0 3.9419583e-06)
(0.0025368607 0 3.519301e-06)
(0.0025408179 0 3.1311296e-06)
(0.0025443416 0 2.7766274e-06)
(0.0025474688 0 2.4545144e-06)
(0.0025502353 0 2.1631887e-06)
(0.0025526753 0 1.9008396e-06)
(0.002554821 0 1.6655349e-06)
(0.0025567024 0 1.4552871e-06)
(0.0025583476 0 1.2681039e-06)
(0.0025597822 0 1.1020255e-06)
(0.00256103 0 9.5515377e-07)
(0.0025621124 0 8.2567338e-07)
(0.0025630489 0 7.118685e-07)
(0.0025638572 0 6.1213331e-07)
(0.002564553 0 5.2497783e-07)
(0.0025651504 0 4.4902905e-07)
(0.0025656621 0 3.8302903e-07)
(0.0025660992 0 3.2583098e-07)
(0.0025664716 0 2.7639443e-07)
(0.0025667881 0 2.337799e-07)
(0.0025670564 0 1.9714319e-07)
(0.0025672831 0 1.6572902e-07)
(0.0025674741 0 1.3886444e-07)
(0.0025676346 0 1.1595214e-07)
(0.0025677691 0 9.6464007e-08)
(0.0025678813 0 7.9934985e-08)
(0.0025679747 0 6.5957181e-08)
(0.0025680521 0 5.4173773e-08)
(0.002568116 0 4.4272955e-08)
(0.0025681685 0 3.5982291e-08)
(0.0025682115 0 2.9063832e-08)
(0.0025682464 0 2.3310358e-08)
(0.0025682747 0 1.8542539e-08)
(0.0025682974 0 1.4606336e-08)
(0.0025683155 0 1.1370237e-08)
(0.0025683298 0 8.7221833e-09)
(0.002568341 0 6.5664151e-09)
(0.0025683496 0 4.8208552e-09)
(0.0025683561 0 3.4153548e-09)
(0.0025683609 0 2.290554e-09)
(0.0025683644 0 1.3969742e-09)
(0.0025683668 0 6.9391013e-10)
(0.0025683683 0 1.4790466e-10)
(0.0025683691 0 -2.6883967e-10)
(0.0025683693 0 -5.7972982e-10)
(0.0025683692 0 -8.0467226e-10)
(0.0025683688 0 -9.6053202e-10)
(0.0025683681 0 -1.0614111e-09)
(0.0025683673 0 -1.1189991e-09)
(0.0025683664 0 -1.142876e-09)
(0.0025683654 0 -1.1406637e-09)
(0.0025683644 0 -1.11818e-09)
(0.0025683634 0 -1.0796989e-09)
(0.0025683624 0 -1.0284299e-09)
(0.0025683614 0 -9.6720277e-10)
(0.0025683605 0 -8.9893586e-10)
(0.0025683597 0 -8.2662814e-10)
(0.0025683589 0 -7.530836e-10)
(0.0025683582 0 -6.8061709e-10)
(0.0025683575 0 -6.1095124e-10)
(0.0025683569 0 -5.4530303e-10)
(0.0025683564 0 -4.843238e-10)
(0.0025683559 0 -4.2790721e-10)
(0.0025683554 0 -3.7534703e-10)
(0.0025683551 0 -3.2598038e-10)
(0.0025683547 0 -2.7988718e-10)
(0.0025683544 0 -2.3795501e-10)
(0.0025683541 0 -2.0097707e-10)
(0.0025683539 0 -1.6865246e-10)
(0.0025683537 0 -1.398427e-10)
(0.0025683535 0 -1.1404293e-10)
(0.0025683534 0 -9.2434062e-11)
(0.0025683533 0 -7.6985657e-11)
(0.0025683531 0 -6.8072078e-11)
(0.002568353 0 -6.3255986e-11)
(0.002568353 0 -5.9158899e-11)
(0.0025683529 0 -5.4617794e-11)
(0.0025683528 0 -5.1291389e-11)
(0.0025683528 0 -5.0562468e-11)
(0.0025683527 0 -5.0258793e-11)
(0.0025683527 0 -4.5783022e-11)
(0.0025683526 0 -3.5219887e-11)
(0.0025683526 0 -2.2286548e-11)
(0.0025683525 0 -1.281492e-11)
(0.0025683525 0 -8.5676364e-12)
(0.0025683525 0 -6.135676e-12)
(0.0025683524 0 -2.5584729e-12)
(0.0025683524 0 -2.1317284e-13)
(0.0025683524 0 -3.8198238e-12)
(0.0025683524 0 -1.3220717e-11)
(0.0025683524 0 -2.2147293e-11)
(0.0025683523 0 -2.5154155e-11)
(0.0025683523 0 -2.3224423e-11)
(0.0025683523 0 -2.0385071e-11)
(0.0025683523 0 -1.6883985e-11)
(0.0025683522 0 -9.6088043e-12)
(0.0025683522 0 1.0541015e-12)
(0.0025683522 0 9.3779833e-12)
(0.0025683522 0 1.1110698e-11)
(0.0025683522 0 8.4541157e-12)
(0.0025683521 0 5.5879861e-12)
(0.0025683521 0 2.3596808e-12)
(0.0025683521 0 -3.7354828e-12)
(0.0025683521 0 -1.1198868e-11)
(0.0025683521 0 -1.4665009e-11)
(0.0025683521 0 -1.1169921e-11)
(0.0025683521 0 -2.7980871e-12)
(0.0025683521 0 6.6613841e-12)
(0.002568352 0 1.454938e-11)
(0.002568352 0 1.9018763e-11)
(0.002568352 0 1.8631579e-11)
(0.002568352 0 1.2905066e-11)
(0.0025683519 0 2.5220745e-12)
(0.0025683519 0 -1.0905445e-11)
(0.0025683519 0 -2.528963e-11)
(0.0025683519 0 -3.8407089e-11)
(0.0025683518 0 -4.7932e-11)
(0.0025683518 0 -5.2764534e-11)
(0.0025683517 0 -5.4444536e-11)
(0.0025683516 0 -5.4260587e-11)
(0.0025683515 0 -5.110327e-11)
(0.0025683514 0 -4.7117022e-11)
(0.0025683513 0 -4.8864665e-11)
(0.0025683512 0 -5.7323704e-11)
(0.0025683511 0 -6.8308166e-11)
(0.0025683509 0 -8.3599118e-11)
(0.0025683508 0 -1.0592637e-10)
(0.0025683506 0 -1.3022749e-10)
(0.0025683504 0 -1.5410549e-10)
(0.0025683502 0 -1.8115639e-10)
(0.0025683499 0 -2.0911147e-10)
(0.0025683496 0 -2.3600486e-10)
(0.0025683493 0 -2.6673576e-10)
(0.0025683489 0 -3.0130934e-10)
(0.0025683484 0 -3.3892729e-10)
(0.0025683479 0 -3.8211835e-10)
(0.0025683473 0 -4.3291967e-10)
(0.0025683467 0 -4.9097717e-10)
(0.002568346 0 -5.5827764e-10)
(0.0025683451 0 -6.342934e-10)
(0.0025683442 0 -7.2109317e-10)
(0.0025683431 0 -8.222361e-10)
(0.0025683419 0 -9.3615436e-10)
(0.0025683406 0 -1.0654411e-09)
(0.002568339 0 -1.2161685e-09)
(0.0025683372 0 -1.3892273e-09)
(0.0025683352 0 -1.5858485e-09)
(0.0025683329 0 -1.8125273e-09)
(0.0025683303 0 -2.0744454e-09)
(0.0025683274 0 -2.3746341e-09)
(0.002568324 0 -2.722243e-09)
(0.0025683201 0 -3.1289152e-09)
(0.0025683156 0 -3.6023675e-09)
(0.0025683105 0 -4.1568829e-09)
(0.0025683045 0 -4.8158993e-09)
(0.0025682976 0 -5.6074943e-09)
(0.0025682895 0 -6.5592118e-09)
(0.0025682801 0 -7.7084177e-09)
(0.0025682689 0 -9.0888665e-09)
(0.0025682557 0 -1.0701425e-08)
(0.0025682401 0 -1.2468725e-08)
(0.0025682211 0 -1.4126289e-08)
(0.0025681975 0 -1.517846e-08)
(0.0025681736 0 -1.4732858e-08)
(0.0025681653 0 -1.0833074e-08)
(0.002568074 0 -1.885681e-08)
(0.0080055065 0 -0.00090819672)
(0.0069754205 0 -0.00094037289)
(0.0055036197 0 -0.00054727843)
(0.0043007933 0 -0.00029243501)
(0.0035392234 0 -0.00016239444)
(0.0030670491 0 -9.0796491e-05)
(0.0027656866 0 -4.987312e-05)
(0.0025729685 0 -2.6755226e-05)
(0.0024521758 0 -1.3605744e-05)
(0.0023794818 0 -5.9333955e-06)
(0.0023392618 0 -1.4007763e-06)
(0.0023209739 0 1.1705541e-06)
(0.0023171511 0 2.3931548e-06)
(0.0023219639 0 2.7062844e-06)
(0.0023307347 0 2.2558799e-06)
(0.0023396817 0 1.1998016e-06)
(0.0023456056 0 -2.9646961e-07)
(0.0023458561 0 -2.112367e-06)
(0.0023384735 0 -4.1414973e-06)
(0.0023221022 0 -6.2481908e-06)
(0.0022958904 0 -8.3025293e-06)
(0.0022595677 0 -1.0203134e-05)
(0.0022133801 0 -1.1870141e-05)
(0.002158009 0 -1.3247338e-05)
(0.0020944826 0 -1.430243e-05)
(0.0020240825 0 -1.5025259e-05)
(0.0019482488 0 -1.5424708e-05)
(0.0018684917 0 -1.552472e-05)
(0.0017863139 0 -1.5359928e-05)
(0.0017031462 0 -1.4971384e-05)
(0.0016202984 0 -1.4402718e-05)
(0.0015389262 0 -1.369691e-05)
(0.0014600126 0 -1.2893794e-05)
(0.0013843627 0 -1.2028313e-05)
(0.0013126085 0 -1.1129515e-05)
(0.0012452221 0 -1.0220228e-05)
(0.0011825339 0 -9.3173026e-06)
(0.0011247528 0 -8.4322875e-06)
(0.0010719866 0 -7.5723968e-06)
(0.0010242602 0 -6.7416432e-06)
(0.00098153118 0 -5.9419951e-06)
(0.00094370239 0 -5.174431e-06)
(0.00091063039 0 -4.4397909e-06)
(0.00088213207 0 -3.7393596e-06)
(0.00085798899 0 -3.075163e-06)
(0.00083795111 0 -2.4499938e-06)
(0.00082174025 0 -1.8672147e-06)
(0.00080905425 0 -1.3303999e-06)
(0.00079957195 0 -8.4291063e-07)
(0.00079295892 0 -4.0753848e-07)
(0.00078887404 0 -2.6486858e-08)
(0.00078697788 0 2.9950433e-07)
(0.00078694291 0 5.7197977e-07)
(0.00078844863 0 7.9189288e-07)
(0.00079119287 0 9.6220893e-07)
(0.00079490451 0 1.0876334e-06)
(0.00079933862 0 1.1727156e-06)
(0.00080427837 0 1.2223346e-06)
(0.0008095367 0 1.2416304e-06)
(0.00081495584 0 1.2357247e-06)
(0.00082040576 0 1.2095022e-06)
(0.00082578208 0 1.1674673e-06)
(0.00083100352 0 1.1136536e-06)
(0.00083600914 0 1.0515777e-06)
(0.00084075547 0 9.842272e-07)
(0.00084521373 0 9.1407696e-07)
(0.00084936731 0 8.431249e-07)
(0.00085320931 0 7.729397e-07)
(0.00085674054 0 7.0471437e-07)
(0.00085996769 0 6.3932131e-07)
(0.00086290178 0 5.7736564e-07)
(0.00086555692 0 5.1923475e-07)
(0.00086794929 0 4.6514244e-07)
(0.00087009627 0 4.15167e-07)
(0.00087201583 0 3.6928313e-07)
(0.000873726 0 3.2738862e-07)
(0.00087524453 0 2.8932639e-07)
(0.00087658857 0 2.5490243e-07)
(0.00087777449 0 2.2389999e-07)
(0.00087881779 0 1.9608996e-07)
(0.00087973296 0 1.7123809e-07)
(0.00088053345 0 1.4910998e-07)
(0.0008812317 0 1.2947483e-07)
(0.00088183912 0 1.1210864e-07)
(0.00088236609 0 9.6797118e-08)
(0.00088282205 0 8.3338004e-08)
(0.00088321553 0 7.1542507e-08)
(0.00088355419 0 6.1235793e-08)
(0.00088384489 0 5.2256773e-08)
(0.00088409374 0 4.4457549e-08)
(0.00088430619 0 3.7702908e-08)
(0.00088448705 0 3.1869929e-08)
(0.00088464059 0 2.6847496e-08)
(0.00088477056 0 2.2535652e-08)
(0.00088488024 0 1.8844789e-08)
(0.00088497251 0 1.5694768e-08)
(0.00088504988 0 1.3014215e-08)
(0.00088511453 0 1.0740016e-08)
(0.00088516836 0 8.8168266e-09)
(0.00088521299 0 7.1964177e-09)
(0.00088524984 0 5.8367819e-09)
(0.00088528013 0 4.7010383e-09)
(0.0008853049 0 3.7565107e-09)
(0.00088532505 0 2.9742214e-09)
(0.00088534133 0 2.3287601e-09)
(0.0008853544 0 1.7983454e-09)
(0.00088536481 0 1.3647211e-09)
(0.00088537301 0 1.0126298e-09)
(0.00088537941 0 7.2904112e-10)
(0.00088538432 0 5.0246591e-10)
(0.00088538803 0 3.2261861e-10)
(0.00088539076 0 1.8054519e-10)
(0.0008853927 0 6.8947698e-11)
(0.00088539401 0 -1.7737467e-11)
(0.00088539483 0 -8.3659475e-11)
(0.00088539524 0 -1.3215786e-10)
(0.00088539535 0 -1.6634425e-10)
(0.00088539523 0 -1.8927535e-10)
(0.00088539492 0 -2.0371439e-10)
(0.00088539449 0 -2.1183852e-10)
(0.00088539397 0 -2.1508087e-10)
(0.00088539339 0 -2.1428349e-10)
(0.00088539278 0 -2.1008047e-10)
(0.00088539215 0 -2.0316167e-10)
(0.00088539152 0 -1.9425745e-10)
(0.0008853909 0 -1.8398106e-10)
(0.0008853903 0 -1.7269089e-10)
(0.00088538973 0 -1.6053297e-10)
(0.00088538919 0 -1.47663e-10)
(0.00088538869 0 -1.3439268e-10)
(0.00088538822 0 -1.2114761e-10)
(0.0008853878 0 -1.0835033e-10)
(0.00088538742 0 -9.6306377e-11)
(0.00088538708 0 -8.5163411e-11)
(0.00088538677 0 -7.4939613e-11)
(0.0008853865 0 -6.5504816e-11)
(0.00088538627 0 -5.6600178e-11)
(0.00088538606 0 -4.8054665e-11)
(0.00088538588 0 -4.0027884e-11)
(0.00088538573 0 -3.297669e-11)
(0.0008853856 0 -2.725064e-11)
(0.00088538549 0 -2.260313e-11)
(0.00088538541 0 -1.8258158e-11)
(0.00088538534 0 -1.3739251e-11)
(0.00088538529 0 -9.6198539e-12)
(0.00088538524 0 -7.1690413e-12)
(0.00088538521 0 -6.9715042e-12)
(0.00088538518 0 -7.9172478e-12)
(0.00088538515 0 -8.0070891e-12)
(0.00088538513 0 -6.4908947e-12)
(0.0008853851 0 -4.8570088e-12)
(0.00088538507 0 -5.0981771e-12)
(0.00088538504 0 -6.9592519e-12)
(0.00088538501 0 -7.6144437e-12)
(0.00088538498 0 -4.8028905e-12)
(0.00088538496 0 8.3952722e-15)
(0.00088538494 0 2.752904e-12)
(0.00088538493 0 1.471278e-12)
(0.00088538493 0 -1.173837e-12)
(0.00088538493 0 -1.2152952e-12)
(0.00088538494 0 1.3373382e-12)
(0.00088538494 0 2.3432795e-12)
(0.00088538494 0 -7.3596058e-13)
(0.00088538494 0 -4.8739678e-12)
(0.00088538493 0 -5.2241064e-12)
(0.00088538492 0 -1.7030444e-12)
(0.0008853849 0 1.03321e-12)
(0.00088538488 0 4.1020994e-13)
(0.00088538487 0 -5.0529165e-13)
(0.00088538486 0 1.7287904e-12)
(0.00088538487 0 4.9362169e-12)
(0.00088538487 0 4.4366689e-12)
(0.00088538488 0 7.3415862e-13)
(0.0008853849 0 -7.883916e-13)
(0.00088538491 0 1.7240163e-12)
(0.00088538492 0 3.5316174e-12)
(0.00088538492 0 8.8449376e-13)
(0.00088538491 0 -2.8542934e-12)
(0.00088538491 0 -2.4868666e-12)
(0.00088538491 0 1.1659157e-12)
(0.00088538491 0 3.4556315e-12)
(0.00088538492 0 3.4408316e-12)
(0.00088538493 0 3.9508981e-12)
(0.00088538495 0 5.4599556e-12)
(0.00088538497 0 5.1608608e-12)
(0.00088538499 0 2.160653e-12)
(0.000885385 0 -8.3252743e-13)
(0.00088538501 0 -1.8547155e-12)
(0.000885385 0 -2.1608149e-12)
(0.00088538498 0 -3.0889403e-12)
(0.00088538496 0 -3.6927964e-12)
(0.00088538493 0 -3.2080122e-12)
(0.0008853849 0 -2.5398848e-12)
(0.00088538488 0 -1.7467398e-12)
(0.00088538485 0 -1.5211063e-13)
(0.00088538484 0 8.456371e-13)
(0.00088538483 0 9.5844306e-14)
(0.00088538481 0 -8.9482657e-13)
(0.00088538479 0 -1.9143561e-12)
(0.00088538477 0 -3.9162585e-12)
(0.00088538474 0 -5.6821854e-12)
(0.00088538469 0 -7.5704368e-12)
(0.00088538463 0 -1.0812406e-11)
(0.00088538455 0 -1.2881062e-11)
(0.00088538446 0 -1.3522452e-11)
(0.00088538436 0 -1.5827732e-11)
(0.00088538424 0 -1.8765492e-11)
(0.00088538411 0 -1.9982252e-11)
(0.00088538396 0 -2.2815224e-11)
(0.0008853838 0 -2.7018752e-11)
(0.00088538361 0 -2.9809258e-11)
(0.00088538339 0 -3.2551785e-11)
(0.00088538315 0 -3.9028656e-11)
(0.00088538288 0 -4.576597e-11)
(0.00088538256 0 -4.9932438e-11)
(0.0008853822 0 -5.8014706e-11)
(0.00088538179 0 -6.8323097e-11)
(0.00088538131 0 -7.6663526e-11)
(0.00088538077 0 -8.8423937e-11)
(0.00088538015 0 -1.0322959e-10)
(0.00088537944 0 -1.1777773e-10)
(0.00088537862 0 -1.3477012e-10)
(0.00088537768 0 -1.5467831e-10)
(0.0008853766 0 -1.7706434e-10)
(0.00088537537 0 -2.0391527e-10)
(0.00088537395 0 -2.349496e-10)
(0.00088537232 0 -2.6829235e-10)
(0.00088537045 0 -3.0723025e-10)
(0.00088536828 0 -3.5592796e-10)
(0.00088536576 0 -4.1391369e-10)
(0.00088536282 0 -4.8199175e-10)
(0.00088535938 0 -5.6186868e-10)
(0.00088535533 0 -6.4978999e-10)
(0.00088535056 0 -7.3140951e-10)
(0.00088534502 0 -7.2428624e-10)
(0.00088533844 0 -5.2111037e-10)
(0.00088533051 0 -2.0399355e-10)
(0.00088532611 0 5.5546548e-10)
(0.00088533365 0 5.784156e-09)
(0.0008853085 0 3.484935e-09)
)
;

boundaryField
{
    inletAnion
    {
        type            fixedValue;
        value           uniform (0.01 0 0);
    }
    inletCation
    {
        type            fixedValue;
        value           uniform (0.01 0 0);
    }
    outlet
    {
        type            pressureInletOutletVelocity;
        value           nonuniform List<vector> 
48
(
(0.00088530849 0 -3.494805e-09)
(0.0025680742 0 1.8853e-08)
(0.00413792 0 7.517399e-08)
(0.0055738354 0 1.5182027e-07)
(0.0068605016 0 2.2745798e-07)
(0.0079892232 0 2.8637324e-07)
(0.0089581366 0 3.2194254e-07)
(0.0097717383 0 3.3446946e-07)
(0.010439877 0 3.2839953e-07)
(0.010976397 0 3.0965889e-07)
(0.011397648 0 2.8382466e-07)
(0.011721036 0 2.5520492e-07)
(0.011963785 0 2.2661999e-07)
(0.012141969 0 1.9959476e-07)
(0.012269883 0 1.7471239e-07)
(0.012359698 0 1.5196883e-07)
(0.01242139 0 1.3106124e-07)
(0.012462845 0 1.1159164e-07)
(0.012490093 0 9.3179438e-08)
(0.012507593 0 7.550203e-08)
(0.012518539 0 5.8307416e-08)
(0.012525132 0 4.142039e-08)
(0.012528818 0 2.4724711e-08)
(0.01253046 0 8.128601e-09)
(0.01253046 0 -8.4432112e-09)
(0.012528818 0 -2.5042718e-08)
(0.012525132 0 -4.1729932e-08)
(0.012518538 0 -5.8606793e-08)
(0.012507593 0 -7.5799065e-08)
(0.012490093 0 -9.3464572e-08)
(0.012462845 0 -1.1185985e-07)
(0.01242139 0 -1.3131979e-07)
(0.012359698 0 -1.5220621e-07)
(0.012269882 0 -1.7492336e-07)
(0.012141969 0 -1.997911e-07)
(0.011963784 0 -2.2678757e-07)
(0.011721036 0 -2.5534553e-07)
(0.011397647 0 -2.8395017e-07)
(0.010976397 0 -3.0974862e-07)
(0.010439876 0 -3.2846925e-07)
(0.0097717376 0 -3.3452028e-07)
(0.0089581359 0 -3.2196688e-07)
(0.0079892225 0 -2.8639198e-07)
(0.006860501 0 -2.2745529e-07)
(0.0055738349 0 -1.5181007e-07)
(0.0041379197 0 -7.5173814e-08)
(0.002568074 0 -1.885681e-08)
(0.0008853085 0 3.484935e-09)
)
;
    }
    walls
    {
        type            noSlip;
    }
    frontAndBack
    {
        type            empty;
    }
}


// ************************************************************************* //
