/*--------------------------------*- C++ -*----------------------------------*\
| =========                 |                                                 |
| \\      /  F ield         | OpenFOAM: The Open Source CFD Toolbox           |
|  \\    /   O peration     | Version:  1912                                  |
|   \\  /    A nd           | Website:  www.openfoam.com                      |
|    \\/     M anipulation  |                                                 |
\*---------------------------------------------------------------------------*/
FoamFile
{
    version     2.0;
    format      ascii;
    class       volScalarField;
    location    "0.4";
    object      Ccation;
}
// * * * * * * * * * * * * * * * * * * * * * * * * * * * * * * * * * * * * * //

dimensions      [0 -3 0 0 1 0 0];


internalField   nonuniform List<scalar> 
11520
(
5.4128521e-21
7.0929936e-21
-1.7513651e-20
-4.5502088e-22
-1.2583425e-22
1.0025298e-22
-1.9203477e-22
1.0839423e-21
-2.6809028e-21
1.6508963e-21
1.529345e-20
-5.3506628e-20
3.2011456e-20
1.2798194e-19
-7.7883864e-20
-2.1454911e-19
-4.7006793e-20
1.3955979e-19
1.5011991e-19
6.5414118e-20
-3.9875525e-22
-2.0392247e-20
-1.5854172e-20
-7.1738008e-21
-1.778015e-21
2.9138224e-22
6.697775e-22
5.086937e-22
2.9340702e-22
1.4729761e-22
6.7881063e-23
2.9607764e-23
1.2280639e-23
4.349525e-24
7.2545787e-25
-4.929382e-25
-4.3824742e-25
-5.9556452e-26
1.4985451e-25
1.5572138e-25
8.8487625e-26
3.443113e-26
9.3738141e-27
1.5162666e-27
-1.1027837e-28
-2.5221408e-28
-1.8357906e-28
-1.1260677e-28
-5.9177358e-29
-2.5529778e-29
-8.4581722e-30
-1.6767862e-30
2.5878496e-31
4.8058879e-31
3.1112877e-31
1.5130267e-31
6.2521949e-32
2.2975816e-32
7.6766008e-33
2.360974e-33
6.7374264e-34
1.7971417e-34
4.5363555e-35
1.114244e-35
2.825529e-36
8.0800941e-37
2.7508238e-37
1.0700014e-37
4.373439e-38
1.7736757e-38
6.9671548e-39
2.6344503e-39
9.5996525e-40
3.3827319e-40
1.1573117e-40
3.8587015e-41
1.2580618e-41
4.0225972e-42
1.2646011e-42
3.9172881e-43
1.1978643e-43
3.6216297e-44
1.084057e-44
3.2161376e-45
9.4656547e-46
2.7658325e-46
8.0282697e-47
2.3160385e-47
6.6429064e-48
1.8948804e-48
5.3766159e-49
1.5177772e-49
4.2631343e-50
1.1915407e-50
3.3141749e-51
9.1738231e-52
2.5272715e-52
6.9294139e-53
1.8910375e-53
5.136641e-54
1.388836e-54
3.7379524e-55
1.0014913e-55
2.671234e-56
7.0933241e-57
1.8753544e-57
4.9366899e-58
1.2939901e-58
3.3774791e-59
8.779001e-60
2.2725443e-60
5.8589313e-61
1.5044819e-61
3.8480566e-62
9.8040352e-63
2.4882834e-63
6.2914184e-64
1.5847939e-64
3.9773498e-65
9.9456322e-66
2.4780438e-66
6.1523843e-67
1.5221424e-67
3.7528698e-68
9.221185e-69
2.2581002e-69
5.5112584e-70
1.3406855e-70
3.2507889e-71
7.8569328e-72
1.892937e-72
4.5462596e-73
1.0884864e-73
2.5981123e-74
6.1826427e-75
1.4668527e-75
3.4698412e-76
8.1838504e-77
1.924619e-77
4.5132006e-78
1.0553361e-78
2.4608009e-79
5.7220904e-80
1.3269001e-80
3.0685947e-81
7.077355e-82
1.6279634e-82
3.7348434e-83
8.5460603e-84
1.9504586e-84
4.4401331e-85
1.0082188e-85
2.283621e-86
5.1595805e-87
1.1628841e-87
2.6145713e-88
5.8643078e-89
1.3121856e-89
2.929179e-90
6.5234653e-91
1.4494465e-91
3.213119e-92
7.1065935e-93
1.5682502e-93
3.4530064e-94
7.5860635e-95
1.6629584e-95
3.6374808e-96
7.9393136e-97
1.7291654e-97
3.7581118e-98
8.1506182e-99
1.7640348e-99
3.8100208e-100
8.2121898e-101
1.7664842e-101
3.7921653e-102
8.1245441e-103
1.7372104e-103
3.7072749e-104
7.8961132e-105
1.6785538e-105
3.5614556e-106
7.5421833e-107
1.5942294e-107
3.3635312e-108
7.0833342e-109
1.4889641e-109
3.1242191e-110
6.5435873e-111
1.3680875e-111
2.8552338e-112
5.9484733e-113
1.2371193e-113
2.5684191e-114
5.3232207e-115
1.1013954e-115
2.2749828e-116
4.6912091e-117
9.6575957e-118
1.98489e-118
4.072796e-119
8.3434021e-120
1.7064495e-120
3.4845675e-121
7.1041944e-122
1.4460941e-122
2.9389978e-123
5.9638692e-124
1.2083373e-124
2.4444687e-125
4.9376694e-126
9.9587686e-127
2.0055811e-127
4.0330217e-128
8.0980667e-129
1.6236681e-129
3.250745e-130
6.4989442e-131
1.2974225e-131
2.5864447e-132
5.1488759e-133
1.0235602e-133
2.0319371e-134
4.028164e-135
7.9745839e-136
1.576583e-136
3.1127e-137
6.1372377e-138
1.2084461e-138
2.376312e-139
4.6666402e-140
9.1523447e-141
1.7926256e-141
3.5065284e-142
6.8500898e-143
1.3364325e-143
2.6036432e-144
5.0818223e-145
8.8999683e-146
1.339142e-20
-2.8792901e-19
5.4251058e-19
-2.6697458e-19
5.5582693e-20
6.842568e-21
-6.2546846e-21
3.1040721e-20
-5.0541824e-20
-8.4261956e-20
7.743842e-19
-1.7999997e-18
4.1063508e-20
5.1448696e-18
-4.9268353e-19
-7.7442994e-18
-4.3620016e-18
2.8659178e-18
5.2539537e-18
3.36789e-18
9.9692668e-19
-1.7705408e-19
-3.9100867e-19
-2.5707887e-19
-1.0927733e-19
-2.8912492e-20
3.9204233e-22
6.3910774e-21
5.2273697e-21
3.1059601e-21
1.5891086e-21
7.4678031e-22
3.3100662e-22
1.1860377e-22
3.9783647e-24
-3.8679973e-23
-3.0973105e-23
-8.083742e-24
5.7968809e-24
7.7474663e-24
4.6621514e-24
1.7902692e-24
4.1717013e-25
1.2265224e-26
-4.1774426e-26
-2.6166219e-26
-1.2354979e-26
-5.7469575e-27
-2.648273e-27
-1.0925554e-27
-3.5572748e-28
-6.5860187e-29
1.6447866e-29
2.4478358e-29
1.5601563e-29
7.5953063e-30
3.1507534e-30
1.1612264e-30
3.8797757e-31
1.1874652e-31
3.3470019e-32
8.7155839e-33
2.1097023e-33
4.8542888e-34
1.137229e-34
3.1142603e-35
1.1047907e-35
4.6964627e-36
2.0831157e-36
8.9685622e-37
3.6730998e-37
1.4307614e-37
5.329325e-38
1.9100241e-38
6.6239478e-39
2.2335676e-39
7.3526083e-40
2.370904e-40
7.5101842e-41
2.3425559e-41
7.2095367e-42
2.1930023e-42
6.6024002e-43
1.9697363e-43
5.8288019e-44
1.7122126e-44
4.9959351e-45
1.4486773e-45
4.1762676e-46
1.197271e-46
3.4141105e-47
9.685275e-48
2.7336636e-48
7.6773733e-49
2.1455626e-49
5.9669312e-50
1.6514264e-50
4.5486365e-51
1.246902e-51
3.4019543e-52
9.2381865e-53
2.4970402e-53
6.7183825e-54
1.799391e-54
4.797669e-55
1.2735098e-55
3.3656238e-56
8.8561445e-57
2.3204087e-57
6.0541055e-58
1.5729907e-58
4.0702191e-59
1.0489372e-59
2.6924363e-60
6.8838186e-61
1.7531731e-61
4.447894e-62
1.1241925e-62
2.8307757e-63
7.1018278e-64
1.775234e-64
4.4216285e-65
1.0974128e-65
2.7141779e-66
6.6896936e-67
1.6432072e-67
4.0226737e-68
9.8150268e-69
2.3869306e-69
5.7859777e-70
1.3980383e-70
3.3673101e-71
8.0850901e-72
1.9352633e-72
4.618108e-73
1.098682e-73
2.6060251e-74
6.1630878e-75
1.4532673e-75
3.4169141e-76
8.0108327e-77
1.872793e-77
4.3659985e-78
1.015014e-78
2.3532484e-79
5.441058e-80
1.2546743e-80
2.8855113e-81
6.618667e-82
1.514209e-82
3.4552551e-83
7.8643818e-84
1.7854606e-84
4.0434122e-85
9.1341576e-86
2.0583641e-86
4.6272126e-87
1.0376966e-87
2.3215876e-88
5.1817117e-89
1.1538375e-89
2.5633552e-90
5.6816575e-91
1.2564716e-91
2.7723674e-92
6.1034914e-93
1.3407388e-93
2.9387123e-94
6.4272554e-95
1.4026786e-95
3.0546625e-96
6.6381794e-97
1.4395394e-97
3.1152644e-98
6.727767e-99
1.4499715e-99
3.1186608e-100
6.6942906e-101
1.4340894e-101
3.0661299e-102
6.5426664e-103
1.3934011e-103
2.9618413e-104
6.2837468e-105
1.3306192e-105
2.8123793e-106
5.9331566e-107
1.2493848e-107
2.6261024e-108
5.5098357e-109
1.1539411e-109
2.4124203e-110
5.0344601e-111
1.0487927e-111
2.1810689e-112
4.5279133e-113
9.3838668e-114
1.9414512e-114
4.0099399e-115
8.2684057e-116
1.7020955e-116
3.4980814e-117
7.1773704e-118
1.4702654e-118
3.0069522e-119
6.1399255e-120
1.2517304e-120
2.5478557e-121
5.177981e-122
1.0506856e-122
2.1287118e-123
4.3062353e-124
8.6980195e-125
1.7542424e-125
3.5327289e-126
7.1037429e-127
1.4263466e-127
2.8597528e-128
5.7253503e-129
1.1445909e-129
2.2849548e-130
4.5550007e-131
9.0674891e-132
1.8025099e-132
3.5781985e-133
7.0933498e-134
1.4042436e-134
2.7761403e-135
5.4809007e-136
1.0806311e-136
2.1277529e-137
4.1839459e-138
8.2162681e-139
1.6113461e-139
3.1559503e-140
6.17304e-141
1.2058588e-141
2.352169e-142
4.5981558e-143
7.9780632e-144
-6.2145609e-19
4.2660851e-18
-9.3682511e-18
9.6329298e-18
-4.8431323e-18
1.2739193e-18
-3.7961668e-19
7.4182324e-19
-1.1472563e-18
-3.346029e-18
2.6713767e-17
-6.5577564e-17
3.6332851e-18
1.906318e-16
-8.5877606e-18
-2.8179455e-16
-1.8119031e-16
7.5360353e-17
1.7842058e-16
1.2992756e-16
5.2552003e-17
7.6181042e-18
-6.2941291e-18
-6.3222595e-18
-3.4280767e-18
-1.3281568e-18
-3.5187085e-19
-1.8718695e-20
5.5370819e-20
5.0369448e-20
3.0842281e-20
1.6012176e-20
7.7524634e-21
2.4813647e-21
-1.3378307e-21
-2.8181959e-21
-2.029639e-21
-5.6944117e-22
2.8619786e-22
4.1612174e-22
2.4566761e-22
8.7252656e-23
1.4836749e-23
-3.6761233e-24
-4.0754526e-24
-1.9516299e-24
-7.3194155e-25
-2.6358689e-25
-9.9271065e-26
-3.6082629e-26
-1.0249546e-26
-9.1205424e-28
1.3564308e-27
1.2530612e-27
7.2701177e-28
3.4001287e-28
1.3759427e-28
4.9663844e-29
1.6222931e-29
4.8237574e-30
1.3047166e-30
3.1894186e-31
6.9730681e-32
1.3621789e-32
2.5800393e-33
6.6610624e-34
3.0034126e-34
1.6446888e-34
8.4810894e-35
3.9624761e-35
1.6994857e-35
6.8074549e-36
2.5822625e-36
9.3736412e-37
3.2820013e-37
1.1151448e-37
3.6945543e-38
1.1981108e-38
3.8149952e-39
1.1958383e-39
3.6979504e-40
1.1301383e-40
3.4184053e-41
1.0246215e-41
3.0463537e-42
8.9912265e-43
2.6360405e-43
7.6805362e-44
2.2248387e-44
6.4090419e-45
1.8363811e-45
5.2344397e-46
1.4844291e-46
4.1885304e-47
1.1759787e-47
3.2854141e-48
9.1337347e-49
2.5269008e-49
6.9570295e-50
1.9062106e-50
5.1981218e-51
1.4108128e-51
3.8111867e-52
1.0248046e-52
2.7430599e-53
7.3091575e-54
1.9389311e-54
5.1208986e-55
1.3466191e-55
3.5260163e-56
9.1937118e-57
2.3872084e-57
6.17317e-58
1.5898997e-58
4.0784901e-59
1.0421291e-59
2.6525257e-60
6.7256883e-61
1.6989299e-61
4.2756061e-62
1.0720742e-62
2.6784151e-63
6.6677163e-64
1.6540263e-64
4.0887751e-65
1.007276e-65
2.4730149e-66
6.051264e-67
1.475789e-67
3.5873898e-68
8.6921248e-69
2.0993411e-69
5.0543581e-70
1.213084e-70
2.9025063e-71
6.9235402e-72
1.6465351e-72
3.9040574e-73
9.2295005e-74
2.1755606e-74
5.1133908e-75
1.1984095e-75
2.8007431e-76
6.5271893e-77
1.5169696e-77
3.5159117e-78
8.1268424e-79
1.8734439e-79
4.3073138e-80
9.8771363e-81
2.2590499e-81
5.1534995e-82
1.1726581e-82
2.6616093e-83
6.0260362e-84
1.3609567e-84
3.0661435e-85
6.8910675e-86
1.5450285e-86
3.4558301e-87
7.7115911e-88
1.7168049e-88
3.8132274e-89
8.4502326e-90
1.868349e-90
4.1216373e-91
9.0722071e-92
1.9924909e-92
4.3664513e-93
9.548131e-94
2.0834066e-94
4.5363223e-95
9.8563522e-96
2.1370714e-96
4.6240264e-97
9.9845371e-98
2.1515412e-98
4.6269324e-99
9.9303828e-100
2.1270398e-100
4.5470464e-101
9.7014045e-102
2.0658484e-102
4.3906413e-103
9.3138703e-104
1.9720231e-104
4.1675444e-105
8.7910678e-106
1.8509847e-106
3.890186e-107
8.1611392e-108
1.7090331e-108
3.5725287e-109
7.4547461e-110
1.5528447e-110
3.2289947e-111
6.7028092e-112
1.3890009e-112
2.8734937e-113
5.9345233e-114
1.2235876e-114
2.5186255e-115
5.1757951e-116
1.0618937e-116
2.1751089e-117
4.4481803e-118
9.0821894e-119
1.851445e-119
3.7683257e-120
7.6578801e-121
1.5538043e-121
3.1478699e-122
6.3675875e-123
1.2861028e-123
2.593725e-124
5.2230536e-125
1.0502243e-125
2.1086351e-126
4.2275341e-127
8.4633774e-128
1.691904e-128
3.3774392e-129
6.7326107e-130
1.3401948e-130
2.6640657e-131
5.2883311e-132
1.0483179e-132
2.0752571e-133
4.1025986e-134
8.0994938e-135
1.5968781e-135
3.144153e-136
6.1823884e-137
1.2140365e-137
2.3808474e-138
4.662903e-139
9.1202631e-140
1.7812553e-140
3.487386e-141
6.0200801e-142
9.0129526e-18
-5.0706185e-17
1.2954833e-16
-2.0382904e-16
1.8184428e-16
-1.0670227e-16
3.7166124e-17
2.7467955e-17
-1.285505e-16
1.2306476e-16
6.0057143e-16
-2.8170802e-15
1.7361257e-15
7.0933158e-15
-2.4318773e-15
-1.1184643e-14
-5.6175778e-15
3.8388297e-15
6.8775237e-15
4.7842253e-15
2.0288312e-15
4.732971e-16
-5.8735184e-17
-1.3162768e-16
-8.4086201e-17
-3.8830212e-17
-1.5167026e-17
-4.4582407e-18
7.3857807e-20
1.1875667e-18
8.2692325e-19
4.027414e-19
2.0912005e-19
1.034567e-20
-1.9480728e-19
-2.4715915e-19
-1.4962545e-19
-3.3090668e-20
2.2523767e-20
2.6159865e-20
1.3397022e-20
3.8406371e-21
1.7263438e-22
-4.6294977e-22
-2.9359113e-22
-1.1403248e-22
-3.4185624e-23
-8.996602e-24
-2.357719e-24
-5.8816084e-25
-5.1348847e-26
9.1642484e-26
9.2897356e-26
5.9026902e-26
2.98917e-26
1.2945618e-26
4.9471052e-27
1.6932894e-27
5.2153703e-28
1.4379151e-28
3.4792489e-29
7.0202059e-30
1.0097614e-30
2.3594685e-32
-4.1100253e-32
-1.0946024e-32
2.9085576e-33
4.586352e-33
3.028491e-33
1.5460094e-33
6.883974e-34
2.8059102e-34
1.073579e-34
3.9147943e-35
1.3742831e-35
4.6778685e-36
1.5522059e-36
5.0417502e-37
1.6083336e-37
5.0523359e-38
1.5663035e-38
4.80068e-39
1.4568229e-39
4.3823024e-40
1.3079829e-40
3.8764271e-41
1.1414145e-41
3.3406313e-42
9.7213946e-43
2.8134893e-43
8.0993458e-44
2.3194835e-44
6.6084853e-45
1.873285e-45
5.2833895e-46
1.4826566e-46
4.1399874e-47
1.1502704e-47
3.1802172e-48
8.7495382e-49
2.3955365e-49
6.5272428e-50
1.7700603e-50
4.7775087e-51
1.2834979e-51
3.4323798e-52
9.1375347e-53
2.4217188e-53
6.3900913e-54
1.6788302e-54
4.3918791e-55
1.1441028e-55
2.9680932e-56
7.6685649e-57
1.973333e-57
5.0577979e-58
1.291284e-58
3.2840147e-59
8.3202162e-60
2.1000657e-60
5.2810691e-61
1.3231922e-61
3.3033675e-62
8.2175818e-63
2.0370616e-63
5.0321843e-64
1.2388537e-64
3.0395758e-65
7.4328163e-66
1.8115855e-66
4.4009506e-67
1.0656956e-67
2.5723809e-68
6.1896914e-69
1.4847389e-69
3.5505365e-70
8.4647837e-71
2.012012e-71
4.7681803e-72
1.1266693e-72
2.6544586e-73
6.2359824e-74
1.4608202e-74
3.4124383e-75
7.9491743e-76
1.8466355e-76
4.2781382e-77
9.8845115e-78
2.2776894e-78
5.2346125e-79
1.1998777e-79
2.7432368e-80
6.2556837e-81
1.4229266e-81
3.2284743e-82
7.3068473e-83
1.6496474e-83
3.7152751e-84
8.3471808e-85
1.8708875e-85
4.1833524e-86
9.3321104e-87
2.0769378e-87
4.61174e-88
1.0216757e-88
2.2582782e-89
4.9804314e-90
1.0959494e-90
2.4063392e-91
5.2719909e-92
1.1525305e-92
2.5141925e-93
5.4729476e-94
1.1888549e-94
2.5770878e-95
5.5748139e-96
1.2034835e-96
2.5927833e-97
5.5746329e-98
1.1961835e-98
2.561641e-99
5.4750109e-100
1.1678987e-100
2.486486e-101
5.283656e-102
1.1206183e-102
2.3722606e-103
5.0125119e-104
1.0571667e-104
2.2255283e-105
4.6766082e-106
9.8094235e-107
2.0538892e-107
4.2927724e-108
8.9563754e-109
1.8653762e-109
3.8783446e-110
8.049672e-111
1.6678912e-111
3.4500145e-112
7.1243219e-113
1.4687278e-113
3.0228732e-114
6.2113353e-115
1.2742128e-115
2.6097352e-116
5.336466e-117
1.08948e-117
2.2207427e-118
4.5195578e-119
9.183696e-120
1.8632367e-120
3.7744401e-121
7.6344193e-122
1.5418544e-122
3.1092774e-123
6.2607891e-124
1.2588006e-124
2.5272471e-125
5.066476e-126
1.0142297e-126
2.0274173e-127
4.0469781e-128
8.0668463e-129
1.6057065e-129
3.1917002e-130
6.3354237e-131
1.2558297e-131
2.485943e-132
4.9142871e-133
9.7015744e-134
1.9126672e-134
3.7657804e-135
7.4044248e-136
1.4539528e-136
2.8512349e-137
5.583948e-138
1.0919798e-138
2.1410625e-139
3.6860919e-140
-6.3603021e-17
5.7398176e-16
-1.5856392e-15
3.56535e-15
-4.8357901e-15
4.9734178e-15
-5.0410997e-15
7.4767838e-15
-1.3466866e-14
2.8852908e-14
-2.5683135e-14
-9.8106392e-14
1.6953972e-13
2.0746931e-13
-2.3606603e-13
-4.1232057e-13
-8.3811369e-14
2.4229918e-13
2.8330646e-13
1.6914245e-13
6.5167506e-14
1.5086821e-14
-5.9793654e-16
-3.1976319e-15
-2.1196708e-15
-6.6567454e-16
-1.7809808e-17
-5.4357373e-17
-2.0369494e-16
-1.9150681e-16
-8.4520301e-17
-2.2029218e-17
-3.8587505e-17
-7.4311214e-17
-7.6438023e-17
-4.7996162e-17
-1.7572488e-17
-1.1775676e-18
2.9690458e-18
2.1186478e-18
7.7762698e-19
1.2341736e-19
-4.2210719e-20
-4.0565303e-20
-1.7506307e-20
-5.1129297e-21
-1.0176489e-21
-9.1086641e-23
3.1388714e-23
2.5480064e-23
1.4760505e-23
8.5262847e-24
4.6750527e-24
2.3060809e-24
1.0089295e-24
3.9223693e-25
1.3585427e-25
4.1750052e-26
1.1170529e-26
2.4594961e-27
3.6126135e-28
-1.8012237e-29
-4.0027218e-29
-1.9117626e-29
-6.2752687e-30
-1.4320097e-30
-8.9203676e-32
1.3730014e-31
1.074298e-31
5.6338474e-32
2.5065035e-32
1.0134311e-32
3.8405563e-33
1.3877024e-33
4.8325869e-34
1.6340218e-34
5.3935735e-35
1.7451102e-35
5.5526223e-36
1.7418933e-36
5.3987662e-37
1.6559369e-37
5.0332881e-38
1.5176789e-38
4.5434668e-39
1.3512882e-39
3.9945221e-40
1.1740427e-40
3.4316757e-41
9.9769744e-42
2.8853859e-42
8.301308e-43
2.3759706e-43
6.7654381e-44
1.9165367e-44
5.4014559e-45
1.5145546e-45
4.2252272e-46
1.1727893e-46
3.2390054e-47
8.9011296e-48
2.4341257e-48
6.6241512e-49
1.7940462e-49
4.8359445e-50
1.2974851e-50
3.4651858e-51
9.2126319e-52
2.4383942e-52
6.4256476e-53
1.6859784e-53
4.4049201e-54
1.1460492e-54
2.969444e-55
7.6626767e-56
1.969452e-56
5.0419105e-57
1.2857432e-57
3.2662288e-58
8.2659985e-59
2.0841207e-59
5.235415e-60
1.310392e-60
3.268089e-61
8.1217414e-62
2.0113453e-62
4.9639271e-63
1.2209112e-63
2.9928217e-64
7.3119542e-65
1.780571e-65
4.3219058e-66
1.0456783e-66
2.5219933e-67
6.0635747e-68
1.4533429e-68
3.4727802e-69
8.2731577e-70
1.9650101e-70
4.6534193e-71
1.098772e-71
2.5869311e-72
6.0732002e-73
1.4217366e-73
3.3189643e-74
7.7264643e-75
1.7937686e-75
4.1530945e-76
9.5897925e-77
2.2084652e-77
5.0725649e-78
1.1620691e-78
2.655308e-79
6.0518431e-80
1.3758187e-80
3.1199408e-81
7.0575459e-82
1.5925525e-82
3.5848975e-83
8.0503139e-84
1.8034826e-84
4.0307323e-85
8.9874913e-86
1.9993326e-86
4.4374455e-87
9.8263364e-88
2.1710507e-88
4.7860475e-89
1.052741e-89
2.3105339e-90
5.0600866e-91
1.1057752e-91
2.4112783e-92
5.2469589e-93
1.1393468e-93
2.468881e-94
5.3388559e-95
1.1521469e-95
2.481343e-96
5.3332586e-97
1.1440179e-97
2.4491465e-98
5.2329396e-99
1.1159196e-99
2.3751084e-100
5.045501e-101
1.0697996e-101
2.264043e-102
4.7825305e-103
1.0083896e-103
2.1222819e-104
4.458496e-105
9.3495504e-106
1.9571155e-106
4.0895156e-107
8.5302766e-108
1.7762184e-108
3.6921356e-109
7.6614846e-110
1.5871141e-110
3.2822311e-111
6.7764411e-112
1.3967267e-112
2.8741145e-113
5.9045276e-114
1.2110448e-114
2.4799029e-115
5.0700695e-116
1.0349117e-116
2.1091526e-117
4.2917389e-118
8.7193535e-119
1.7687483e-119
3.5824783e-120
7.2450574e-121
1.4630047e-121
2.9498507e-122
5.9389488e-123
1.1939305e-123
2.3966966e-124
4.8041462e-125
9.6159679e-126
1.9219756e-126
3.8360583e-127
7.6455591e-128
1.5216832e-128
3.0243655e-129
6.0026546e-130
1.189749e-130
2.3549085e-131
4.6548205e-132
9.1885172e-133
1.8113594e-133
3.5660161e-134
7.0110617e-135
1.3766003e-135
2.6993461e-136
5.2853541e-137
1.0377627e-137
1.7842813e-138
8.3934568e-15
-8.0413943e-15
1.3654796e-14
-5.6322203e-14
1.0944589e-13
-1.5188261e-13
1.7336642e-13
-2.7283845e-13
2.644721e-13
1.1344254e-12
-3.4262094e-12
-3.8857766e-13
8.481899e-12
1.4651138e-12
-1.2570414e-11
-1.0129579e-11
4.134457e-12
1.2037399e-11
9.7543898e-12
4.4381908e-12
1.0802589e-12
-2.9848267e-14
-1.4033707e-13
-8.3134912e-14
-6.8623249e-14
-5.4964776e-14
-2.0684277e-14
8.1229704e-15
1.5555618e-14
9.0570867e-15
1.344535e-15
-8.0478646e-16
2.3972819e-15
6.7777313e-15
8.6535703e-15
7.4336692e-15
4.7693493e-15
2.3709526e-15
9.1302676e-16
2.5819529e-16
4.1226448e-17
-5.6234073e-18
-7.0807648e-18
-2.9932937e-18
-8.0771367e-19
-1.2280749e-19
1.0843479e-20
1.5819538e-20
7.1963474e-21
2.6155916e-21
9.5109524e-22
3.7937025e-22
1.594277e-22
6.4911317e-23
2.4209243e-23
8.010751e-24
2.2726887e-24
5.0970091e-25
6.2300337e-26
-1.7042888e-26
-1.6728492e-26
-8.1381289e-27
-3.069391e-27
-9.6407257e-28
-2.4704994e-28
-4.3094495e-29
1.905995e-30
6.5400664e-30
4.1310299e-30
1.9736529e-30
8.2758381e-31
3.2053261e-31
1.175188e-31
4.1366829e-32
1.4108224e-32
4.6918252e-33
1.5286568e-33
4.8971889e-34
1.5469695e-34
4.8293297e-35
1.4925562e-35
4.5731473e-36
1.3906053e-36
4.199957e-37
1.2606394e-37
3.7619921e-38
1.1164549e-38
3.2955696e-39
9.6765948e-40
2.8263893e-40
8.2122072e-41
2.3735622e-41
6.8241182e-42
1.9516033e-42
5.5517912e-43
1.5709904e-43
4.4220159e-44
1.2381865e-44
3.4489614e-45
9.5575979e-46
2.6350727e-46
7.2284961e-47
1.9730817e-47
5.3593952e-48
1.4487483e-48
3.8977137e-49
1.0437592e-49
2.782258e-50
7.3830219e-51
1.9504865e-51
5.1304482e-52
1.343699e-52
3.5043937e-53
9.1015809e-54
2.3541916e-54
6.0647772e-55
1.5561881e-55
3.9774871e-56
1.0126966e-56
2.5686055e-57
6.4906152e-58
1.6340558e-58
4.0988495e-59
1.024453e-59
2.551393e-60
6.3319537e-61
1.5660022e-61
3.8597581e-62
9.4811091e-63
2.3211725e-63
5.6639884e-64
1.3775933e-64
3.3397975e-65
8.0711609e-66
1.9443956e-66
4.6696212e-67
1.1180017e-67
2.6685913e-68
6.3506064e-69
1.5068026e-69
3.5646729e-70
8.4085113e-71
1.977736e-71
4.6385332e-72
1.0848491e-72
2.5301557e-73
5.8847374e-74
1.3649643e-74
3.1574913e-75
7.2845324e-76
1.6761453e-76
3.8466597e-77
8.8050003e-78
2.0102947e-78
4.5781064e-79
1.0399649e-79
2.3565075e-80
5.32656e-81
1.2010554e-81
2.7016407e-82
6.0624838e-83
1.3571937e-83
3.0311756e-84
6.7541065e-85
1.5014874e-85
3.3302876e-86
7.3698254e-87
1.6272605e-87
3.5850091e-88
7.8807131e-89
1.7285879e-89
3.7833507e-90
8.26284e-91
1.8007687e-91
3.9162511e-92
8.4991439e-93
1.8406865e-93
3.9782518e-94
8.5806516e-95
1.8470193e-95
3.9678318e-96
8.5069367e-97
1.8202816e-97
3.8873766e-98
8.2858004e-99
1.7627031e-99
3.7428093e-100
7.9322596e-101
1.6779678e-101
3.5429455e-102
7.4669998e-103
1.5708515e-103
3.2986628e-104
6.9145019e-105
1.4468062e-105
3.0219865e-106
6.3010594e-107
1.3115341e-107
2.7251884e-108
5.6528883e-109
1.170596e-109
2.4199827e-110
4.9944975e-111
1.0290852e-111
2.1168808e-112
4.3474303e-113
8.9138526e-114
1.8247369e-114
3.72943e-115
7.6102215e-116
1.5504937e-116
3.1540295e-117
6.4060399e-118
1.2991123e-118
2.6305221e-119
5.3183913e-120
1.0736595e-120
2.164241e-121
4.3561434e-122
8.7550954e-123
1.7570593e-123
3.5211399e-124
7.0462165e-125
1.4080204e-125
2.809613e-126
5.598516e-127
1.1140185e-127
2.2136503e-128
4.3926515e-129
8.7046134e-130
1.7225862e-130
3.4042756e-131
6.7186831e-132
1.324227e-132
2.606528e-133
5.1237334e-134
1.0058634e-134
1.9717756e-135
3.8764704e-136
6.6611505e-137
6.1037479e-13
-1.4620488e-12
7.7937918e-13
4.4113956e-13
-2.8702455e-12
6.5815988e-12
-6.290861e-12
-1.3412268e-11
5.1501975e-11
-3.2205924e-11
-1.0534286e-10
1.2575584e-10
1.8695413e-10
-1.6916254e-10
-3.5057456e-10
-4.9012761e-11
3.1539017e-10
3.6715621e-10
1.9091075e-10
2.1907932e-11
-4.6603305e-11
-4.5695318e-11
-2.4144657e-11
-7.173597e-12
-3.1049025e-13
1.8419196e-13
-7.5345637e-13
-9.3168634e-13
-4.8416468e-13
-3.6848671e-14
1.4294088e-13
7.4829124e-14
-1.2379208e-13
-3.1475186e-13
-3.9974198e-13
-3.6504627e-13
-2.6298617e-13
-1.5567535e-13
-7.7381435e-14
-3.2657818e-14
-1.1723996e-14
-3.542227e-15
-8.6845061e-16
-1.5313994e-16
-7.9732416e-18
7.535071e-18
4.1098434e-18
1.3995651e-18
3.8489203e-19
9.641151e-20
2.5309549e-20
7.7829974e-21
2.6673215e-21
8.7730594e-22
2.3909105e-22
4.0174805e-23
-6.0216136e-24
-9.5087064e-24
-5.5522604e-24
-2.4582774e-24
-9.2359035e-25
-3.0398065e-25
-8.7341459e-26
-2.0860119e-26
-3.343102e-27
2.4518988e-28
5.4479472e-28
3.2729884e-28
1.5181882e-28
6.227996e-29
2.3705238e-29
8.5694553e-30
2.9824309e-30
1.0081834e-30
3.3309509e-31
1.080598e-31
3.4543207e-32
1.0910732e-32
3.4123979e-33
1.0584826e-33
3.2602326e-34
9.9799032e-35
3.0378457e-35
9.1985116e-36
2.7711375e-36
8.3063431e-37
2.477193e-37
7.3497759e-38
2.1692488e-38
6.3682684e-39
1.8593901e-39
5.3991507e-40
1.5590667e-40
4.4768978e-41
1.2783859e-41
3.6301728e-42
1.0251545e-42
2.879194e-43
8.0426737e-44
2.2346541e-44
6.1764084e-45
1.6983029e-45
4.646079e-46
1.2647066e-46
3.4258178e-47
9.2352597e-48
2.4778943e-48
6.6176337e-49
1.759322e-49
4.6563517e-50
1.2269813e-50
3.2192483e-51
8.4105948e-52
2.1881886e-52
5.6696663e-53
1.4630958e-53
3.7606006e-54
9.6280105e-55
2.4554752e-55
6.2384699e-56
1.5790184e-56
3.9818527e-57
1.0004461e-57
2.5045726e-58
6.2477746e-59
1.5530615e-59
3.8471825e-60
9.4974388e-61
2.3366739e-61
5.7297468e-62
1.4003479e-62
3.4112748e-63
8.2831279e-64
2.0048656e-64
4.8373264e-65
1.1635107e-65
2.7899446e-66
6.6695421e-67
1.5895948e-67
3.7772986e-68
8.9494186e-69
2.1141747e-69
4.9800435e-70
1.1697284e-70
2.7397422e-71
6.3991179e-72
1.4904896e-72
3.4621723e-73
8.0203182e-74
1.8529757e-74
4.269676e-75
9.8124807e-76
2.2492248e-76
5.142429e-77
1.1727251e-77
2.667642e-78
6.0530312e-79
1.3700705e-79
3.0934845e-80
6.9678398e-81
1.5656824e-81
3.509735e-82
7.8491008e-83
1.7512575e-83
3.8982894e-84
8.6576781e-85
1.9184092e-85
4.2413351e-86
9.3560885e-87
2.0593268e-87
4.5227657e-88
9.9114981e-89
2.1674014e-89
4.7294702e-90
1.0298333e-90
2.2377458e-91
4.8523475e-92
1.0500216e-92
2.2675532e-93
4.8869438e-94
1.0511031e-94
2.2562586e-95
4.8336518e-96
1.0335037e-96
2.2054949e-97
4.6974752e-98
9.9860639e-99
2.1188611e-99
4.48741e-100
9.4859502e-101
2.0015406e-101
4.215538e-102
8.8624361e-103
1.859821e-103
3.8959506e-104
8.1467841e-105
1.7005745e-105
3.5436262e-106
7.3713823e-107
1.5307517e-107
3.1733737e-108
6.5675619e-109
1.356936e-109
2.798933e-110
5.7638036e-111
1.1849908e-111
2.4322901e-112
4.9844335e-113
1.0198156e-113
2.083235e-114
4.2488442e-115
8.6521598e-116
1.7591568e-116
3.5712143e-117
7.2387513e-118
1.4650509e-118
2.9606563e-119
5.9741252e-120
1.203695e-120
2.4216933e-121
4.8650467e-122
9.7594347e-123
1.9549543e-123
3.9104556e-124
7.8109037e-125
1.557983e-125
3.1032438e-126
6.1725558e-127
1.2260669e-127
2.4320212e-128
4.8175745e-129
9.5301821e-130
1.8827354e-130
3.7144642e-131
7.3185522e-132
1.4400559e-132
2.829853e-133
5.5528475e-134
1.0928699e-134
1.8775078e-135
1.6346255e-11
-8.076643e-11
1.5070409e-10
-1.9287445e-10
1.0887328e-10
2.3451595e-10
-7.0712988e-10
6.0696069e-10
8.4419298e-10
-2.21132e-09
-1.5040089e-10
4.1234243e-09
1.4377748e-10
-6.2112855e-09
-3.6486334e-09
4.635268e-09
8.4132806e-09
5.2060773e-09
-3.8786691e-11
-3.0343725e-09
-3.3611436e-09
-2.4536435e-09
-1.4190108e-09
-6.4922541e-10
-1.974695e-10
-5.8443768e-12
3.1421227e-11
1.4290876e-11
-2.9557852e-12
-7.9777773e-12
-5.3121614e-12
6.1178037e-14
5.598004e-12
9.6090984e-12
1.1000079e-11
9.86471e-12
7.3125939e-12
4.6091711e-12
2.516155e-12
1.2053362e-12
5.1149257e-13
1.9351225e-13
6.5489586e-14
1.9820733e-14
5.3360935e-15
1.2600716e-15
2.5271732e-16
3.9559265e-17
3.3477275e-18
-5.7729363e-19
-3.8134585e-19
-1.2900057e-19
-4.1411622e-20
-1.6120302e-20
-7.3912823e-21
-3.4183302e-21
-1.4661819e-21
-5.7031428e-22
-2.0049008e-22
-6.3402332e-23
-1.7712648e-23
-4.1308132e-24
-6.4229718e-25
5.3023769e-26
1.0605198e-25
6.238706e-26
2.84875e-26
1.1525521e-26
4.3316897e-27
1.5479627e-27
5.3326105e-28
1.7871469e-28
5.8650338e-29
1.894172e-29
6.0431647e-30
1.9102169e-30
5.9956294e-31
1.8715805e-31
5.8164279e-32
1.800667e-32
5.5544021e-33
1.7070601e-33
5.226006e-34
1.5931524e-34
4.8344785e-35
1.4597791e-35
4.3845519e-36
1.3096102e-36
3.889037e-37
1.1480378e-37
3.3685289e-38
9.823636e-39
2.8474031e-39
8.2031877e-40
2.349081e-40
6.6869645e-41
1.8924165e-41
5.3248448e-42
1.4898708e-42
4.1456468e-43
1.1473324e-43
3.1585692e-44
8.6505909e-45
2.3572418e-45
6.3916427e-46
1.7247099e-46
4.6318883e-47
1.2381686e-47
3.2947345e-48
8.7280525e-49
2.3020038e-49
6.0453325e-50
1.5808547e-50
4.1167251e-51
1.0676505e-51
2.7577284e-52
7.0948912e-53
1.8181822e-53
4.6414221e-54
1.1803489e-54
2.9904614e-55
7.548429e-56
1.8983962e-56
4.7571822e-57
1.1878606e-57
2.9556532e-58
7.3287997e-59
1.8110156e-59
4.4600487e-60
1.0947193e-60
2.6781139e-61
6.5303324e-62
1.5872235e-62
3.8455073e-63
9.2874787e-64
2.2360742e-64
5.3670305e-65
1.28427e-65
3.0638512e-66
7.2875659e-67
1.7282833e-67
4.0867573e-68
9.6358018e-69
2.2654545e-69
5.3112215e-70
1.2417037e-70
2.8949345e-71
6.7308378e-72
1.560707e-72
3.6091718e-73
8.3241413e-74
1.9148233e-74
4.3932587e-75
1.0053676e-75
2.2948491e-76
5.2249892e-77
1.1866684e-77
2.688417e-78
6.0757168e-79
1.3697531e-79
3.0806401e-80
6.9119961e-81
1.5471755e-81
3.455086e-82
7.697874e-83
1.7111367e-83
3.7949825e-84
8.3975976e-85
1.8540843e-85
4.0845274e-86
8.9784372e-87
1.9693133e-87
4.3101507e-88
9.4133015e-89
2.0515001e-89
4.4615859e-90
9.6828475e-91
2.0971085e-91
4.5326319e-92
9.7768599e-93
2.1046277e-93
4.5215316e-94
9.6947726e-95
2.0746207e-95
4.4309412e-96
9.4453173e-97
2.0095896e-97
4.2675183e-98
9.0453918e-99
1.9136834e-99
4.0411986e-100
8.5183253e-101
1.7922916e-101
3.7642632e-102
7.8917709e-103
1.6515753e-103
3.4503085e-104
7.1954707e-105
1.4979877e-105
3.113229e-106
6.4591225e-107
1.3378316e-107
2.7663087e-108
5.7105346e-109
1.1768889e-109
2.4214881e-110
4.9741959e-111
1.0201464e-111
2.0888472e-112
4.2703221e-113
8.7162499e-114
1.776311e-114
3.6143798e-115
7.3430937e-116
1.4895666e-116
3.0170415e-117
6.101661e-118
1.2321545e-118
2.4844906e-119
5.0022959e-120
1.0056942e-120
2.0189781e-121
4.0473523e-122
8.1019329e-123
1.6195298e-123
3.232781e-124
6.4439924e-125
1.2827126e-125
2.5497847e-126
5.0615272e-127
1.0033849e-127
1.986394e-128
3.9271634e-129
7.7537538e-130
1.5288616e-130
3.0105855e-131
5.9206067e-132
1.1626535e-132
2.2901595e-133
3.9339623e-134
-1.574657e-10
-7.8400234e-10
3.0103586e-09
-6.0649897e-09
8.3264806e-09
-4.6206424e-09
-8.2935032e-09
2.2003725e-08
-1.1125298e-08
-3.0430114e-08
3.8848251e-08
3.8553917e-08
-5.9644004e-08
-7.4903235e-08
3.4301576e-08
1.2049741e-07
8.9727147e-08
-6.6941135e-09
-7.8996654e-08
-9.4630695e-08
-7.4768916e-08
-4.8853402e-08
-2.9801617e-08
-1.7459815e-08
-9.1151927e-09
-3.682241e-09
-8.1203717e-10
2.0861526e-10
3.1045342e-10
1.5570745e-10
1.1271006e-11
-8.6437755e-11
-1.541925e-10
-1.9327859e-10
-1.9693877e-10
-1.6888144e-10
-1.2433078e-10
-7.9845211e-11
-4.5329457e-11
-2.3003044e-11
-1.0530187e-11
-4.3810891e-12
-1.6665944e-12
-5.8235945e-13
-1.8754504e-13
-5.5777887e-14
-1.5334435e-14
-3.8985544e-15
-9.1820815e-16
-2.0207222e-16
-4.2778928e-17
-9.368911e-18
-2.3716762e-18
-7.2711187e-19
-2.4804585e-19
-8.4042664e-20
-2.630348e-20
-7.2102898e-21
-1.5739362e-21
-1.7429766e-22
6.9918568e-23
6.5261658e-23
3.4276227e-23
1.4836699e-23
5.7837215e-24
2.10658e-24
7.312885e-25
2.4506077e-25
8.0007532e-26
2.5632992e-26
8.1070909e-27
2.5437934e-27
7.9505184e-28
2.4826981e-28
7.7613183e-29
2.431388e-29
7.6332197e-30
2.400007e-30
7.5488368e-31
2.3720376e-31
7.4359172e-32
2.3225392e-32
7.2199217e-33
2.2318403e-33
6.8559798e-34
2.0919516e-34
6.3384331e-35
1.9067412e-35
5.6945405e-36
1.6884765e-36
4.9709403e-37
1.4532655e-37
4.2197022e-38
1.2170934e-38
3.4877863e-39
9.9320643e-40
2.811072e-40
7.9090509e-41
2.212437e-41
6.1543529e-42
1.7026517e-42
4.6855897e-43
1.2827941e-43
3.4942926e-44
9.4715929e-45
2.5550333e-45
6.8600152e-46
1.8333729e-46
4.8776801e-47
1.2919619e-47
3.4071788e-48
8.9470908e-49
2.3396e-49
6.0926148e-50
1.5801425e-50
4.0817464e-51
1.050216e-51
2.6916505e-52
6.8721057e-53
1.7478933e-53
4.4291049e-54
1.1181869e-54
2.8127484e-55
7.0499429e-56
1.7607519e-56
4.3821546e-57
1.086858e-57
2.6864066e-58
6.6176273e-59
1.6247325e-59
3.9758274e-60
9.6974135e-61
2.3576721e-61
5.7138128e-62
1.3803825e-62
3.3244446e-63
7.9817869e-64
1.9105452e-64
4.5593743e-65
1.0848213e-65
2.5735358e-66
6.0874451e-67
1.4357746e-67
3.3767364e-68
7.9191901e-69
1.8520383e-69
4.3193393e-70
1.0046048e-70
2.3302151e-71
5.3905306e-72
1.2436941e-72
2.8618956e-73
6.5684601e-74
1.5036755e-74
3.4334955e-75
7.8202661e-76
1.7767239e-76
4.0266349e-77
9.103299e-78
2.0530513e-78
4.619078e-79
1.0367527e-79
2.3215024e-80
5.1861711e-81
1.1558931e-81
2.5703425e-82
5.7026399e-83
1.2623552e-83
2.7881542e-84
6.1445544e-85
1.3511732e-85
2.964744e-86
6.4912355e-87
1.4182076e-87
3.0919518e-88
6.7268874e-89
1.4604682e-89
3.1642761e-90
6.8417747e-91
1.4763282e-91
3.1792475e-92
6.8328286e-93
1.4656113e-93
3.1375196e-94
6.7036389e-95
1.4295468e-95
3.042683e-96
6.4638689e-97
1.3706061e-97
2.9008401e-98
6.1281952e-99
1.2922473e-99
2.720003e-100
5.7149215e-101
1.198601e-101
2.509393e-102
5.2444344e-103
1.0941343e-103
2.2787186e-104
4.7376697e-105
9.8332887e-106
2.0375044e-106
4.2147312e-107
8.7039911e-108
1.7945265e-108
3.6937693e-109
7.5907314e-110
1.5573883e-110
3.1901787e-111
6.5244401e-112
1.3322536e-112
2.7161341e-113
5.5289327e-114
1.1237308e-114
2.2804428e-115
4.6207984e-116
9.3489038e-117
1.8886657e-117
3.8098252e-118
7.6738852e-119
1.5434429e-119
3.0998132e-120
6.2166261e-121
1.2449525e-121
2.4896262e-122
4.9716806e-123
9.9143539e-124
1.9743404e-124
3.9262715e-125
7.7972865e-126
1.546378e-126
3.0626748e-127
6.0576365e-128
1.1965382e-128
2.3603414e-129
4.6499881e-130
9.1487932e-131
1.7974074e-131
3.5422817e-132
6.0838666e-133
-9.7251382e-09
9.4586783e-09
1.2427645e-08
-5.7651454e-08
1.2993443e-07
-1.7005567e-07
7.8988861e-08
1.8304749e-07
-3.6391467e-07
3.0743277e-08
5.7729287e-07
-2.2009681e-07
-8.6536264e-07
9.6223497e-09
1.1508504e-06
1.0348347e-06
-1.1620876e-07
-1.1414482e-06
-1.3843158e-06
-1.0129803e-06
-5.1115315e-07
-1.9113874e-07
-8.3174496e-08
-7.8214666e-08
-8.1616294e-08
-6.4180728e-08
-3.688925e-08
-1.4945231e-08
-3.2524755e-09
9.5657651e-10
1.9045492e-09
2.1304316e-09
2.3693301e-09
2.5090624e-09
2.3629958e-09
1.9427791e-09
1.4013069e-09
8.9643031e-10
5.1422516e-10
2.6709013e-10
1.2665099e-10
5.5208414e-11
2.2250085e-11
8.3290418e-12
2.9062702e-12
9.4756537e-13
2.8902396e-13
8.2454473e-14
2.1960331e-14
5.4401546e-15
1.2471936e-15
2.6370393e-16
5.1999338e-17
1.0244505e-17
2.4439669e-18
8.3562798e-19
3.566608e-19
1.5526813e-19
6.3801671e-20
2.446134e-20
8.8053286e-21
3.0032206e-21
9.7884366e-22
3.0720975e-22
9.3509257e-23
2.7805059e-23
8.1411367e-24
2.3682225e-24
6.9121257e-25
2.0442899e-25
6.177282e-26
1.9160971e-26
6.1011556e-27
1.9858408e-27
6.5626395e-28
2.1859736e-28
7.2921137e-29
2.424145e-29
8.0033517e-30
2.6185034e-30
8.479535e-31
2.7163392e-31
8.6066408e-32
2.6976483e-32
8.3670989e-33
2.5690827e-33
7.8124861e-34
2.3540087e-34
7.0312271e-35
2.0827964e-35
6.1211436e-36
1.7854731e-36
5.1708389e-37
1.4872871e-37
4.2499268e-38
1.206802e-38
3.406142e-39
9.5577553e-40
2.6668631e-40
7.4007252e-41
2.0428964e-41
5.6102237e-42
1.5329688e-42
4.1682924e-43
1.1279836e-43
3.0381641e-44
8.1456221e-45
2.1741005e-45
5.777135e-46
1.5284666e-46
4.0266227e-47
1.0563233e-47
2.7596349e-48
7.1801223e-49
1.8606428e-49
4.8025251e-50
1.2347396e-50
3.1622997e-51
8.0681651e-52
2.0507471e-52
5.1932107e-53
1.3102877e-53
3.2940043e-54
8.251404e-55
2.0596657e-55
5.1232949e-56
1.2700006e-56
3.1374601e-57
7.7248438e-58
1.8956383e-58
4.636522e-59
1.1303597e-59
2.7469113e-60
6.6541424e-61
1.6068471e-61
3.8681852e-62
9.2833606e-63
2.2211767e-63
5.2985297e-64
1.2601905e-64
2.9884055e-65
7.0660877e-66
1.6659737e-66
3.9166984e-67
9.1822249e-68
2.1466653e-68
5.0047444e-69
1.1636247e-69
2.6981721e-70
6.2397027e-71
1.4391546e-71
3.3106392e-72
7.5960615e-73
1.738395e-73
3.9682849e-74
9.0357128e-75
2.0522858e-75
4.6498572e-76
1.0509403e-76
2.369536e-77
5.3297324e-78
1.1959532e-78
2.6773143e-79
5.9795776e-80
1.3324074e-80
2.9621578e-81
6.5704207e-82
1.4541224e-82
3.2110012e-83
7.0749021e-84
1.5554265e-84
3.4122129e-85
7.4694525e-86
1.6316074e-86
3.5565179e-87
7.7361489e-88
1.6792798e-88
3.6377055e-89
7.8640453e-90
1.6966259e-90
3.6530475e-91
7.849846e-92
1.6834912e-92
3.6033938e-93
7.6978759e-94
1.6413283e-94
3.4929496e-95
7.4193938e-96
1.5730066e-96
3.3287824e-97
7.031365e-98
1.4825175e-98
3.1201279e-99
6.5548656e-100
1.3746126e-100
2.8775856e-101
6.0133123e-102
1.2544199e-102
2.6122927e-103
5.4307078e-104
1.1270745e-104
2.3351577e-105
4.8300654e-106
9.9739851e-107
2.056217e-107
4.232133e-108
8.6965162e-109
1.7841543e-109
3.6544834e-110
7.4736272e-111
1.525998e-111
3.1109917e-112
6.3324425e-113
1.2869932e-113
2.6116739e-114
5.291811e-115
1.0706248e-115
2.1628322e-116
4.362804e-117
8.7876087e-118
1.7674316e-118
3.5496544e-119
7.1187825e-120
1.4256278e-120
2.850965e-121
5.6933433e-122
1.1353691e-122
2.2610248e-123
4.4965192e-124
8.9300676e-125
1.7711054e-125
3.5079193e-126
6.9386416e-127
1.370639e-127
2.7039554e-128
5.3273078e-129
1.0482245e-129
2.05956e-130
4.0594255e-131
6.9698559e-132
-1.4373685e-07
2.5973248e-07
-2.2317739e-07
-1.0235504e-08
7.069818e-07
-1.7068864e-06
2.1907239e-06
-7.0813566e-07
-2.6553134e-06
3.7437815e-06
1.7090566e-06
-6.1891464e-06
-2.6540571e-06
7.6494051e-06
8.6750483e-06
-1.0833979e-06
-1.0801135e-05
-1.242901e-05
-6.6766479e-06
1.0829029e-06
6.2881668e-06
7.5467406e-06
5.9914818e-06
3.5196621e-06
1.4825839e-06
3.2704338e-07
-1.1015686e-07
-1.6969241e-07
-1.1013122e-07
-5.230994e-08
-2.469038e-08
-1.8706128e-08
-2.0526101e-08
-2.1773022e-08
-1.994008e-08
-1.5806846e-08
-1.1043964e-08
-6.909419e-09
-3.9183721e-09
-2.0334447e-09
-9.729346e-10
-4.3180329e-10
-1.7862738e-10
-6.9136523e-11
-2.5102575e-11
-8.5619728e-12
-2.7424483e-12
-8.2264016e-13
-2.2952158e-13
-5.8702618e-14
-1.3325771e-14
-2.4623072e-15
-2.4781639e-16
6.8005134e-17
5.7802908e-17
2.6060313e-17
9.5076028e-18
3.0606541e-18
8.9437796e-19
2.386702e-19
5.7536102e-20
1.2068356e-20
1.9571782e-21
1.1098357e-22
-8.8070202e-23
-5.2796224e-23
-1.9958887e-23
-5.9462434e-24
-1.3743094e-24
-1.7375826e-25
5.1149852e-26
5.4496046e-26
3.0046242e-26
1.3543245e-26
5.4967215e-27
2.0867053e-27
7.5544041e-28
2.6379589e-28
8.9509236e-29
2.9663189e-29
9.636771e-30
3.0777063e-30
9.68392e-31
3.0071511e-31
9.2288312e-32
2.8023532e-32
8.4274307e-33
2.5119253e-33
7.4258365e-34
2.1784815e-34
6.3450882e-35
1.8355714e-35
5.2759834e-36
1.5071665e-36
4.2800994e-37
1.2085797e-37
3.3939625e-38
9.4802562e-39
2.6343696e-39
7.2833637e-40
2.0037113e-40
5.4856788e-41
1.4947134e-41
4.053729e-42
1.0943468e-42
2.9409707e-43
7.8685014e-44
2.0959823e-44
5.5591042e-45
1.4681484e-45
3.8610771e-46
1.0112183e-46
2.637566e-47
6.8518363e-48
1.7728772e-48
4.5692053e-49
1.1730454e-49
3.0000082e-50
7.6433634e-51
1.9400885e-51
4.9062949e-52
1.2362339e-52
3.103715e-53
7.7645496e-54
1.9356312e-54
4.8086054e-55
1.1904847e-55
2.9373403e-56
7.2231692e-57
1.7703589e-57
4.3248551e-58
1.0531126e-58
2.5561547e-59
6.1847805e-60
1.4917694e-60
3.5870263e-61
8.5987986e-62
2.055067e-62
4.8968131e-63
1.1633612e-63
2.7557699e-64
6.5089703e-65
1.5329783e-65
3.6002049e-66
8.4313841e-67
1.9690815e-67
4.5860013e-68
1.0651789e-68
2.4674082e-69
5.7003473e-70
1.313455e-70
3.0185209e-71
6.9190991e-72
1.5819487e-72
3.6077275e-73
8.2069969e-74
1.8623214e-74
4.2155599e-75
9.5191121e-76
2.1443134e-76
4.8188202e-77
1.0803478e-77
2.4163874e-78
5.3921152e-79
1.2004684e-79
2.666555e-80
5.9097307e-81
1.3068061e-81
2.8832995e-82
6.3476394e-83
1.3943995e-83
3.0564909e-84
6.6854143e-85
1.4591875e-85
3.1781877e-86
6.9078309e-87
1.4983231e-87
3.2432369e-88
7.0059819e-89
1.5103726e-89
3.2496113e-90
6.9777984e-91
1.4953828e-91
3.1984574e-92
6.8279463e-93
1.4548158e-93
3.0938643e-94
6.567147e-95
1.3913655e-95
2.9423982e-96
6.2110356e-97
1.3086861e-97
2.7524684e-98
5.7787112e-99
1.2110658e-99
2.5336046e-100
5.291155e-101
1.1030845e-101
2.2957245e-102
4.7696822e-103
9.8929016e-104
2.048464e-104
4.234569e-105
8.7392064e-106
1.8006211e-106
3.7039564e-107
7.6069064e-108
1.559748e-108
3.1930845e-109
6.5265146e-110
1.3319026e-110
2.7138703e-111
5.5212369e-112
1.1215522e-112
2.2748014e-113
4.6069488e-114
9.3161008e-115
1.8810953e-115
3.7926964e-116
7.6357354e-117
1.535055e-117
3.0815697e-118
6.1773142e-119
1.23655e-119
2.4717955e-120
4.9340863e-121
9.8355537e-122
1.957912e-122
3.8921912e-123
7.7269157e-124
1.5319108e-124
3.0330554e-125
5.997234e-126
1.184267e-126
2.335503e-127
4.5998907e-128
9.0481013e-129
1.777237e-129
3.5019884e-130
6.009535e-131
-1.0934476e-06
2.4056164e-06
-3.3602307e-06
3.8895225e-06
-1.579373e-06
-5.3958904e-06
1.5855688e-05
-1.9851611e-05
3.1280392e-06
2.7419029e-05
-2.4186576e-05
-3.1918347e-05
3.41596e-05
5.6705735e-05
-5.1540394e-06
-7.3556688e-05
-7.6874583e-05
-1.4001311e-05
7.0643037e-05
0.00013411121
0.00015698845
0.00014314285
0.00010861808
7.0177693e-05
3.8692875e-05
1.7912968e-05
6.6246622e-06
1.656443e-06
2.2589795e-08
-2.3459349e-07
-9.8104816e-08
5.6653453e-08
1.3792424e-07
1.5330827e-07
1.3146327e-07
9.6613448e-08
6.3296735e-08
3.7687995e-08
2.0627371e-08
1.0458494e-08
4.9407244e-09
2.1845411e-09
9.0714885e-10
3.5465527e-10
1.3070778e-10
4.5400755e-11
1.482588e-11
4.5236597e-12
1.2726822e-12
3.206329e-13
6.6991513e-14
8.376101e-15
-1.716221e-15
-1.9235203e-15
-1.0153817e-15
-4.3247555e-16
-1.645791e-16
-5.8119035e-17
-1.9390252e-17
-6.1693055e-18
-1.8806786e-18
-5.5010259e-19
-1.5414557e-19
-4.1153865e-20
-1.0345112e-20
-2.3873301e-21
-4.751819e-22
-6.5030488e-23
4.5546664e-24
8.6186185e-24
4.7162527e-24
2.0267974e-24
7.80148e-25
2.8150098e-25
9.7282935e-26
3.258618e-26
1.0658137e-26
3.4207305e-27
1.0810508e-27
3.3725187e-28
1.0405388e-28
3.1796286e-29
9.6334861e-30
2.8963153e-30
8.6466262e-31
2.5645121e-31
7.5594208e-32
2.2152739e-32
6.455363e-33
1.8708728e-33
5.3933267e-34
1.5466913e-34
4.4128703e-35
1.2526762e-35
3.5381955e-36
9.9442589e-37
2.7811942e-37
7.7406683e-38
2.1440437e-38
5.9103992e-39
1.6216177e-39
4.4284284e-40
1.2037653e-40
3.2572215e-41
8.7738185e-42
2.3528214e-42
6.2816195e-43
1.6697838e-43
4.4195547e-44
1.1647969e-44
3.0570247e-45
7.990028e-46
2.0798003e-46
5.3919026e-47
1.3922983e-47
3.5810873e-48
9.1751246e-49
2.3417753e-49
5.954373e-50
1.5083612e-50
3.8069193e-51
9.573289e-52
2.3987642e-52
5.9892463e-53
1.4901636e-53
3.694804e-54
9.1298305e-55
2.2483591e-55
5.5184579e-56
1.3500067e-56
3.2918272e-57
8.0008739e-58
1.9384437e-58
4.6816628e-59
1.127181e-59
2.7055091e-60
6.4741241e-61
1.5445583e-61
3.6739498e-62
8.7132832e-63
2.0604589e-63
4.8583987e-64
1.1423068e-64
2.678218e-65
6.2617457e-66
1.4599701e-66
3.3947201e-67
7.8720459e-68
1.8205682e-68
4.1992698e-69
9.6605019e-70
2.2166449e-70
5.0731105e-71
1.158098e-71
2.63706e-72
5.9897553e-73
1.357135e-73
3.0674137e-74
6.9161937e-75
1.55567e-75
3.4908669e-76
7.8149157e-77
1.7454206e-77
3.8892888e-78
8.6465705e-79
1.9179194e-79
4.2446186e-80
9.3729816e-81
2.0651729e-81
4.5402873e-82
9.960177e-83
2.1802988e-83
4.7625393e-84
1.0381089e-84
2.2580687e-85
4.901503e-86
1.061762e-86
2.2952959e-87
4.9518951e-88
1.0661862e-88
2.2910313e-89
4.9132941e-90
1.0516363e-90
2.2465531e-91
4.7899747e-92
1.0193475e-92
2.1651635e-93
4.5903467e-94
9.7138948e-95
2.0518289e-95
4.3260885e-96
9.1046383e-97
1.9127118e-97
4.0110896e-98
8.3966778e-99
1.7546528e-99
3.6603255e-100
7.6225301e-101
1.5846581e-101
3.2887815e-102
6.8140202e-103
1.4094401e-103
2.9105191e-104
6.0004065e-105
1.2350455e-105
2.5379493e-106
5.2069836e-107
1.0665918e-107
2.1813459e-108
4.4542078e-109
9.0811611e-110
1.8485984e-110
3.7573294e-111
7.6252949e-112
1.5451827e-112
3.1264677e-113
6.3166085e-114
1.2743094e-114
2.567034e-115
5.1636768e-116
1.0371988e-116
2.0803925e-117
4.1669047e-118
8.3343472e-119
1.6646539e-119
3.3202843e-120
6.6134807e-121
1.3155062e-121
2.6131731e-122
5.1839446e-123
1.0270079e-123
2.0319492e-124
4.0149659e-125
7.9229173e-126
1.5614458e-126
3.0733459e-127
6.0415087e-128
1.185943e-128
2.3354618e-129
4.0048428e-130
-4.5570403e-06
1.1387356e-05
-1.999888e-05
3.2554503e-05
-4.0496493e-05
2.7477867e-05
2.7082353e-05
-0.00011138321
0.00013688148
7.926782e-06
-0.00021015365
7.4303461e-05
0.00029598979
6.654719e-06
-0.0003822578
-0.00035952473
0.00011175213
0.00074962583
0.0012611028
0.0015031084
0.0014720601
0.0012493781
0.00094067253
0.00063457379
0.00038451408
0.00020868455
0.00010054507
4.2121198e-05
1.4490386e-05
3.2159875e-06
-5.7389662e-07
-1.4289381e-06
-1.3255023e-06
-9.9715318e-07
-6.7749475e-07
-4.2719203e-07
-2.5173436e-07
-1.3893374e-07
-7.1935853e-08
-3.501246e-08
-1.605382e-08
-6.9482251e-09
-2.8427773e-09
-1.1001056e-09
-4.0234922e-10
-1.3866288e-10
-4.472909e-11
-1.3317221e-11
-3.5485043e-12
-7.7960254e-13
-9.7780887e-14
2.7321528e-14
2.9814344e-14
1.6682925e-14
7.6369872e-15
3.1481865e-15
1.2129122e-15
4.4498449e-16
1.5716966e-16
5.3827949e-17
1.7966358e-17
5.866595e-18
1.8798113e-18
5.9259965e-19
1.8420812e-19
5.6578377e-20
1.7203794e-20
5.1883442e-21
1.5546416e-21
4.6361708e-22
1.3781614e-22
4.0895119e-23
1.21285e-23
3.5985984e-24
1.068939e-24
3.1800621e-25
9.4758868e-26
2.8276439e-26
8.4463736e-27
2.5240842e-27
7.5409714e-28
2.2507274e-28
6.7061748e-29
1.9933584e-29
5.9072515e-30
1.744379e-30
5.1304333e-31
1.5023247e-31
4.3786739e-32
1.2699691e-32
3.6647527e-33
1.05208e-33
3.0045248e-34
8.5351575e-35
2.4118713e-35
6.7797162e-36
1.8958295e-36
5.273985e-37
1.4596748e-37
4.0195721e-38
1.1013901e-38
3.003119e-39
8.1490543e-40
2.2007904e-40
5.9158942e-41
1.5829436e-41
4.2164445e-42
1.1181371e-42
2.952178e-43
7.7610241e-44
2.0316733e-44
5.2963353e-45
1.3750275e-45
3.5553985e-46
9.1565517e-47
2.3489157e-47
6.0023166e-48
1.5279524e-48
3.8749223e-49
9.7904011e-50
2.4645846e-50
6.1817805e-51
1.5450066e-51
3.8478109e-52
9.5495516e-53
2.3618748e-53
5.8217517e-54
1.430182e-54
3.5017663e-55
8.5459104e-56
2.0788422e-56
5.0407255e-57
1.2183972e-57
2.9357884e-58
7.052059e-59
1.6887972e-59
4.0320341e-60
9.5977736e-61
2.2778787e-61
5.390368e-62
1.2718844e-62
2.9924828e-63
7.0207534e-64
1.6425429e-64
3.8321581e-65
8.9161283e-66
2.0688437e-66
4.7875089e-67
1.104928e-67
2.543387e-68
5.8392429e-69
1.3371421e-69
3.0541234e-70
6.9581629e-71
1.581293e-71
3.5846805e-72
8.1062378e-73
1.8286446e-73
4.1151953e-74
9.2387403e-75
2.0692171e-75
4.6235977e-76
1.0307283e-76
2.2924931e-77
5.0872225e-78
1.126345e-78
2.4882226e-79
5.4845748e-80
1.2062613e-80
2.6472393e-81
5.7970482e-82
1.2667501e-82
2.7621906e-83
6.0103975e-84
1.3051118e-84
2.8281028e-85
6.1158039e-86
1.3198682e-86
2.8427193e-87
6.1104246e-88
1.3108419e-88
2.806585e-89
5.9973913e-90
1.2791166e-90
2.7228807e-91
5.785287e-92
1.2268912e-92
2.5970419e-93
5.487196e-94
1.1572505e-94
2.4362194e-95
5.1194598e-96
1.0738834e-96
2.2486502e-97
4.7002919e-98
9.807815e-99
2.04301e-99
4.2484031e-100
8.8195022e-101
1.8278125e-101
3.7817643e-102
7.8115721e-103
1.6109035e-103
3.316603e-104
6.8173585e-105
1.399082e-105
2.8666868e-106
5.8645267e-107
1.1978622e-107
2.4429099e-108
4.9743932e-109
1.0113705e-109
2.053162e-110
4.161829e-111
8.4236157e-112
1.7024381e-112
3.4356402e-113
6.9232926e-114
1.3931291e-114
2.799295e-115
5.6168077e-116
1.125431e-116
2.2518604e-117
4.4994779e-118
8.9781233e-119
1.7890253e-119
3.5600784e-120
7.0748852e-121
1.4041081e-121
2.7829638e-122
5.5086467e-123
1.088973e-123
2.1499509e-124
4.2391976e-125
8.3480844e-126
1.6418837e-126
3.2252032e-127
6.3265372e-128
1.2450177e-128
2.1334017e-129
-7.6774375e-06
2.3186677e-05
-5.3596343e-05
0.00011534558
-0.00021032716
0.00029856017
-0.00025558229
-8.0057016e-05
0.00063130927
-0.00074181403
-0.00026454944
0.001204506
0.00029955776
-0.0015476302
-0.0014032617
0.0011332894
0.0045426297
0.0073298532
0.0087789644
0.0088894591
0.007992299
0.0065321311
0.0049072395
0.003404168
0.0021826277
0.0012921085
0.00070509521
0.00035435626
0.00016437071
7.1078775e-05
2.9439216e-05
1.2343705e-05
5.6494034e-06
2.9365851e-06
1.6690006e-06
9.6626413e-07
5.4204577e-07
2.8803084e-07
1.4397312e-07
6.7668517e-08
2.995183e-08
1.2502041e-08
4.9211974e-09
1.8225699e-09
6.3109477e-10
2.0152945e-10
5.7559594e-11
1.3552704e-11
1.82928e-12
-5.3300225e-13
-6.25554e-13
-3.7301168e-13
-1.8139755e-13
-7.9214475e-14
-3.2231799e-14
-1.2445555e-14
-4.60819e-15
-1.6468773e-15
-5.7050868e-16
-1.9212e-16
-6.3008477e-17
-2.0146946e-17
-6.283037e-18
-1.9104638e-18
-5.6573778e-19
-1.6278642e-19
-4.5337256e-20
-1.2141087e-20
-3.0901607e-21
-7.3105487e-22
-1.5287978e-22
-2.4147074e-23
-3.5781967e-25
2.0188768e-24
1.246427e-24
5.6266543e-25
2.2316768e-25
8.2264136e-26
2.8892785e-26
9.7980188e-27
3.2338807e-27
1.0442535e-27
3.3109127e-28
1.033433e-28
3.181716e-29
9.6770767e-30
2.9110752e-30
8.66986e-31
2.5583981e-31
7.4853448e-32
2.1726425e-32
6.259023e-33
1.7903855e-33
5.0870289e-34
1.4361365e-34
4.0295876e-35
1.1239952e-35
3.1174611e-36
8.5991179e-37
2.3593804e-37
6.44022e-38
1.7491341e-38
4.7273809e-39
1.2715804e-39
3.4043888e-40
9.0729681e-41
2.4072107e-41
6.3587264e-42
1.6724451e-42
4.3801767e-43
1.1424043e-43
2.9673261e-44
7.6763602e-45
1.9779538e-45
5.0765961e-46
1.2979225e-46
3.3057321e-47
8.3878676e-48
2.1204207e-48
5.3407217e-49
1.340311e-49
3.3516499e-50
8.3517671e-51
2.0738793e-51
5.1320663e-52
1.2656761e-52
3.110942e-53
7.6210951e-54
1.8608686e-54
4.5290099e-55
1.0987432e-55
2.6571141e-56
6.4056141e-57
1.5394411e-57
3.6883488e-58
8.8101258e-59
2.0981079e-59
4.9817644e-60
1.1794025e-60
2.7840563e-61
6.5530645e-62
1.5380642e-62
3.5998218e-63
8.4018854e-64
1.9555737e-64
4.5392657e-65
1.0508073e-65
2.4260429e-66
5.5862908e-67
1.2829501e-67
2.9387895e-68
6.7144565e-69
1.530199e-69
3.4784874e-70
7.8876775e-71
1.784163e-71
4.0258441e-72
9.062054e-73
2.0349497e-73
4.5587729e-74
1.0188713e-74
2.2718381e-75
5.0539589e-76
1.1217387e-76
2.4840861e-77
5.4886516e-78
1.2100348e-78
2.6617796e-79
5.8424797e-80
1.2796227e-80
2.7966289e-81
6.0990811e-82
1.3273304e-82
2.8826175e-83
6.24736e-84
1.3511877e-84
2.9164358e-85
6.2822425e-86
1.3505489e-86
2.8976569e-87
6.2048645e-88
1.3260927e-88
2.8286497e-89
6.0222047e-90
1.2797061e-90
2.7142545e-91
5.7462382e-92
1.2142734e-92
2.5612744e-93
5.3927395e-94
1.1334003e-94
2.3778501e-95
4.9798885e-96
1.0411071e-96
2.1727929e-97
4.5268378e-98
9.4152451e-99
1.954946e-99
4.0523842e-100
8.386204e-101
1.7326281e-101
3.5738515e-102
7.3597814e-103
1.5132008e-103
3.1062569e-104
6.3663895e-105
1.3027764e-105
2.6617858e-106
5.4301096e-107
1.1060684e-107
2.2495666e-108
4.5684065e-109
9.2637129e-110
1.8757084e-110
3.7923709e-111
7.6564398e-112
1.5435431e-112
3.1073609e-113
6.2467028e-114
1.2540108e-114
2.5139008e-115
5.0326457e-116
1.0061227e-116
2.008708e-117
4.004966e-118
7.9744699e-119
1.5857349e-119
3.1491247e-120
6.2457461e-121
1.2371395e-121
2.4473579e-122
4.8353216e-123
9.5412852e-124
1.8803839e-124
3.7012535e-125
7.2764271e-126
1.4287671e-126
2.8016492e-127
5.5116575e-128
9.4412686e-129
1.6689513e-05
-3.0454212e-05
9.7981771e-06
8.9954317e-05
-0.00038204575
0.0009443944
-0.0016094042
0.0016336357
6.017996e-05
-0.0030192248
0.0031619533
0.0025893968
-0.004826139
-0.0049415814
0.0052102161
0.018783619
0.029387166
0.034672656
0.035069104
0.032070845
0.027178134
0.021613266
0.016214248
0.01148733
0.0076743442
0.004820067
0.0028349901
0.0015542133
0.000789582
0.00036864199
0.00015599364
5.820591e-05
1.7892449e-05
3.4848149e-06
-5.8329972e-07
-1.1490052e-06
-8.3436846e-07
-4.6953857e-07
-2.3029328e-07
-1.0257358e-07
-4.2220122e-08
-1.6154268e-08
-5.7262514e-09
-1.8504436e-09
-5.2162997e-10
-1.1113059e-10
-4.1255439e-12
1.4018344e-11
1.1357731e-11
6.5347898e-12
3.2600323e-12
1.49668e-12
6.4914455e-13
2.6974916e-13
1.0831344e-13
4.2262215e-14
1.608774e-14
5.9922964e-15
2.1889788e-15
7.8566658e-16
2.7748739e-16
9.6563941e-17
3.3146347e-17
1.1233849e-17
3.762444e-18
1.24623e-18
4.0852557e-19
1.3262087e-19
4.2660973e-20
1.3605321e-20
4.30387e-21
1.3510652e-21
4.2105366e-22
1.3031759e-22
4.0069853e-23
1.2243655e-23
3.7187599e-24
1.1230015e-24
3.3724559e-25
1.007332e-25
2.9931263e-26
8.8482875e-27
2.6026871e-27
7.6181958e-28
2.2191255e-28
6.4333551e-29
1.8562678e-29
5.331002e-30
1.5239013e-30
4.3360763e-31
1.2281172e-31
3.4625432e-32
9.7178937e-33
2.7150608e-33
7.5513824e-34
2.090847e-34
5.7633749e-35
1.5816156e-35
4.3212143e-36
1.1754486e-36
3.1835185e-37
8.5848111e-38
2.3050917e-38
6.163039e-39
1.6408416e-39
4.3503056e-40
1.1486061e-40
3.0202154e-41
7.9092955e-42
2.0629499e-42
5.3593072e-43
1.3868069e-43
3.5746135e-44
9.1783869e-45
2.3477197e-45
5.9825615e-46
1.5188239e-46
3.841716e-47
9.681859e-48
2.4312288e-48
6.0833702e-49
1.5168114e-49
3.7688178e-50
9.3321578e-51
2.3029223e-51
5.6638717e-52
1.3883561e-52
3.3920156e-53
8.2603843e-54
2.0051357e-54
4.8518104e-55
1.1702957e-55
2.8140646e-56
6.7458069e-57
1.6121654e-57
3.8412747e-58
9.1252599e-59
2.1613894e-59
5.1044887e-60
1.2020328e-60
2.8225288e-61
6.6089334e-62
1.5431498e-62
3.593197e-63
8.3437757e-64
1.9322577e-64
4.4627271e-65
1.0279697e-65
2.3616561e-66
5.4115403e-67
1.2368139e-67
2.8195401e-68
6.4114115e-69
1.4542578e-69
3.2904271e-70
7.4267172e-71
1.6721903e-71
3.7560299e-72
8.4166086e-73
1.8815685e-73
4.1965047e-74
9.3379166e-75
2.0730824e-75
4.5919486e-76
1.0148476e-76
2.237883e-77
4.9239756e-78
1.0810493e-78
2.368292e-79
5.1771897e-80
1.1293558e-80
2.4584087e-81
5.3403859e-82
1.1576971e-82
2.5045484e-83
5.4073498e-84
1.1651136e-84
2.5054686e-85
5.3771811e-86
1.15179e-86
2.4623671e-87
5.2541318e-88
1.1189881e-88
2.3786688e-89
5.0470088e-90
1.0688904e-90
2.259637e-91
4.7682381e-92
1.0043803e-92
2.1118668e-93
4.4327183e-94
9.2878666e-95
1.9427234e-95
4.0565985e-96
8.4562133e-97
1.7597841e-97
3.6561085e-98
7.5833583e-99
1.5703389e-99
3.2465418e-100
6.7011719e-101
1.3809851e-101
2.8414628e-102
5.837352e-103
1.1973382e-103
2.4521717e-104
5.0144583e-105
1.0238638e-105
2.087427e-106
4.2494929e-107
8.638242e-108
1.7534032e-108
3.5539557e-109
7.1931903e-110
1.4538378e-110
2.9342741e-111
5.9139968e-112
1.1903167e-112
2.3924907e-113
4.8023025e-114
9.6264341e-115
1.9270951e-115
3.8527218e-116
7.6924377e-117
1.5339e-117
3.0547223e-118
6.0756517e-119
1.2068831e-119
2.3943823e-120
4.7444117e-121
9.3893705e-122
1.8559248e-122
3.6640263e-123
7.2249628e-124
1.4229705e-124
2.7992633e-125
5.5002949e-126
1.0793374e-126
2.1250583e-127
3.642695e-128
0.00010743092
-0.00027927804
0.000481728
-0.0007172792
0.00067101777
0.00026949817
-0.0028282289
0.0065648679
-0.0077826411
0.0005463316
0.01264346
-0.0098250838
-0.016295004
0.014956367
0.057041181
0.086291422
0.097333291
0.094527308
0.083912943
0.070179702
0.056198469
0.043448102
0.032509275
0.023508126
0.01636998
0.010930142
0.0069696339
0.0042310315
0.0024403948
0.0013361003
0.00069431182
0.00034265522
0.00016075572
7.1772703e-05
3.0525482e-05
1.2374716e-05
4.7811098e-06
1.7582976e-06
6.1356876e-07
2.0188234e-07
6.187024e-08
1.7224713e-08
4.1038815e-09
6.8067407e-10
-3.4239527e-11
-1.0220971e-10
-6.2744569e-11
-2.8864158e-11
-1.1350609e-11
-3.9239906e-12
-1.1686637e-12
-2.690292e-13
-2.1589697e-14
2.5533971e-14
2.2875877e-14
1.3552058e-14
6.8510802e-15
3.1682516e-15
1.3805129e-15
5.756837e-16
2.3189534e-16
9.0781728e-17
3.4684068e-17
1.2972267e-17
4.7605837e-18
1.7172969e-18
6.0981341e-19
2.1341563e-19
7.3681584e-20
2.5116312e-20
8.4591564e-21
2.8167124e-21
9.2776964e-22
3.0243488e-22
9.7613076e-23
3.1206206e-23
9.8852615e-24
3.1038025e-24
9.6625589e-25
2.9833641e-25
9.138013e-26
2.7773886e-26
8.3784215e-27
2.5091333e-27
7.4612423e-28
2.2034814e-28
6.4639636e-29
1.8838917e-29
5.4557303e-30
1.570213e-30
4.4919862e-31
1.2774818e-31
3.6121593e-32
1.0156205e-32
2.8398961e-33
7.8982587e-34
2.1850801e-34
6.0139179e-35
1.646822e-35
4.4872245e-36
1.2167239e-36
3.2834375e-37
8.8191269e-38
2.3578639e-38
6.2754203e-39
1.6627659e-39
4.3864745e-40
1.1521977e-40
3.0136641e-41
7.849602e-42
2.0361642e-42
5.2603758e-43
1.3535838e-43
3.4693064e-44
8.8575405e-45
2.2527853e-45
5.7080147e-46
1.4408897e-46
3.6239146e-47
9.0812846e-48
2.2675599e-48
5.6419847e-49
1.3988969e-49
3.4565174e-50
8.5115599e-51
2.0888856e-51
5.1094314e-52
1.2456611e-52
3.0270058e-53
7.3321092e-54
1.7703654e-54
4.2611903e-55
1.0224648e-55
2.4458531e-56
5.8329979e-57
1.3869071e-57
3.2878456e-58
7.7713799e-59
1.8315614e-59
4.3042276e-60
1.0086323e-60
2.356936e-61
5.492286e-62
1.2763268e-62
2.9579225e-63
6.8366055e-64
1.5759248e-64
3.6231305e-65
8.3080315e-66
1.9001588e-66
4.33482e-67
9.8640063e-68
2.2389696e-68
5.069522e-69
1.145041e-69
2.5800095e-70
5.7993433e-71
1.3004821e-71
2.9094351e-72
6.4938503e-73
1.4460909e-73
3.2129131e-74
7.1223379e-75
1.5753479e-75
3.4767272e-76
7.6562277e-77
1.6823597e-77
3.688861e-78
8.0713208e-79
1.7623218e-79
3.8399306e-80
8.3496495e-81
1.8118778e-81
3.9238673e-82
8.4807313e-83
1.8293409e-83
3.9382836e-84
8.462114e-85
1.8147582e-85
3.884499e-86
8.299193e-87
1.7698217e-87
3.7672461e-88
8.0043722e-89
1.6976465e-89
3.5941131e-90
7.59571e-91
1.6024511e-91
3.3748037e-92
7.0952373e-93
1.4891807e-93
3.1203057e-94
6.527146e-95
1.3631167e-95
2.8420598e-96
5.9160353e-97
1.2295112e-97
2.5512036e-98
5.2853684e-99
1.0932752e-99
2.2579495e-100
4.6562454e-101
9.5873968e-102
1.9711284e-102
4.0465476e-103
8.2949912e-104
1.6979101e-104
3.4704582e-105
7.0833401e-106
1.4436909e-106
2.9383313e-107
5.9720486e-108
1.2121248e-108
2.4568472e-109
4.9730299e-110
1.0052667e-110
2.0293827e-111
4.0914202e-112
8.237903e-113
1.6565196e-113
3.3267383e-114
6.6724844e-115
1.3366202e-115
2.6741426e-116
5.3434494e-117
1.0664092e-117
2.1256679e-118
4.2319509e-119
8.4151853e-120
1.6713552e-120
3.3155832e-121
6.5696341e-122
1.3002189e-122
2.5703349e-123
5.0753348e-124
1.0010255e-124
1.9721376e-125
3.8803772e-126
7.6609846e-127
1.3164587e-127
0.00015677238
-0.00052171326
0.0012066374
-0.0025043822
0.0043923225
-0.0059229535
0.0043035301
0.0046639957
-0.020857818
0.028955428
-0.0011053149
-0.04614394
0.024603282
0.1329549
0.19388745
0.20035697
0.17497383
0.13909986
0.10467145
0.076946183
0.056382834
0.041625176
0.030901174
0.022837256
0.016593007
0.011719393
0.0079775093
0.0052046528
0.0032448702
0.0019315514
0.0010985384
0.00059800247
0.00031237715
0.0001570616
7.6265818e-05
3.5890145e-05
1.642592e-05
7.3363445e-06
3.2079999e-06
1.3774953e-06
5.8237196e-07
2.4296943e-07
1.0021843e-07
4.0926585e-08
1.6563907e-08
6.648053e-09
2.6469076e-09
1.0455064e-09
4.0964966e-10
1.5918512e-10
6.1330673e-11
2.3421462e-11
8.8632789e-12
3.3229087e-12
1.2339758e-12
4.5384031e-13
1.6530078e-13
5.9622654e-14
2.1297142e-14
7.5340991e-15
2.6398683e-15
9.1627791e-16
3.150858e-16
1.0736364e-16
3.6256672e-17
1.2136695e-17
4.0278794e-18
1.3255591e-18
4.3266484e-19
1.400931e-19
4.5006599e-20
1.4348612e-20
4.5404178e-21
1.4262961e-21
4.4486143e-22
1.3778806e-22
4.2387529e-23
1.2952974e-23
3.9324957e-24
1.1862989e-24
3.5563483e-25
1.0596276e-25
3.1382905e-26
9.2400358e-27
2.704844e-27
7.8730708e-28
2.2788864e-28
6.5602304e-29
1.8783346e-29
5.3496095e-30
1.5156633e-30
4.2721819e-31
1.1981096e-31
3.3433001e-32
9.2836179e-33
2.5653831e-33
7.0551999e-34
1.931153e-34
5.2614033e-35
1.4268905e-35
3.8522079e-36
1.0353425e-36
2.7703732e-37
7.3806831e-38
1.9578638e-38
5.171532e-39
1.3602838e-39
3.563163e-40
9.2952204e-41
2.4150335e-41
6.2495299e-42
1.610843e-42
4.1358181e-43
1.0577727e-43
2.6950453e-44
6.8407296e-45
1.7298999e-45
4.3585397e-46
1.094162e-46
2.7369171e-47
6.8218101e-48
1.6943923e-48
4.1939451e-49
1.0345319e-49
2.5432852e-50
6.2315165e-51
1.5217985e-51
3.7042672e-52
8.9876476e-53
2.1737266e-53
5.2407729e-54
1.2596025e-54
3.0181121e-55
7.209692e-56
1.7170902e-56
4.077368e-57
9.6536672e-58
2.2790052e-58
5.3648015e-59
1.259308e-59
2.9477772e-60
6.881069e-61
1.6018794e-61
3.7190343e-62
8.6113394e-63
1.9886799e-63
4.5806386e-64
1.0523671e-64
2.4115796e-65
5.5124137e-66
1.2568994e-66
2.8588423e-67
6.4866903e-68
1.4682889e-68
3.3156393e-69
7.4696838e-70
1.6789122e-70
3.7649232e-71
8.4236034e-72
1.880462e-72
4.1885828e-73
9.3092867e-74
2.0645395e-74
4.5687568e-75
1.0089075e-75
2.2232763e-76
4.8891619e-77
1.0729618e-77
2.3499183e-78
5.1362914e-79
1.1204293e-79
2.4393077e-80
5.3003588e-81
1.1495017e-81
2.4882191e-82
5.3758986e-83
1.1593262e-83
2.4955192e-84
5.3619807e-85
1.150024e-85
2.4621473e-86
5.2620452e-87
1.1226293e-87
2.3909317e-88
5.0834024e-89
1.0789611e-89
2.2862741e-90
4.8364785e-91
1.0214466e-91
2.1537455e-92
4.5339028e-93
9.5291846e-94
1.9996385e-94
4.1895351e-95
8.7640531e-96
1.8305226e-96
3.8175274e-97
7.9493572e-98
1.6528385e-98
3.431492e-99
7.1136953e-100
1.4725586e-100
3.0438293e-101
6.2826592e-102
1.2949329e-102
2.6652415e-103
5.4779266e-104
1.1243225e-104
2.3044397e-105
4.7167624e-106
9.641205e-107
1.9680297e-107
4.0118917e-108
8.1674809e-109
1.6605521e-109
3.3716797e-110
6.8371232e-111
1.3846424e-111
2.8005457e-112
5.6570782e-113
1.1412736e-113
2.2995292e-114
4.6274642e-115
9.3004847e-116
1.8669374e-116
3.7429915e-117
7.4950757e-118
1.4990096e-118
2.9943814e-119
5.9743015e-120
1.1905495e-120
2.369687e-121
4.711082e-122
9.3549037e-123
1.8554523e-123
3.6758245e-124
7.2737701e-125
1.4374566e-125
2.850452e-126
4.9172669e-127
-0.00017726175
0.00014871686
0.00047587036
-0.0022899429
0.0067179631
-0.014711877
0.024373346
-0.025938281
0.001663229
0.054840174
-0.084326272
-0.0013285584
0.23977655
0.35198552
0.31311705
0.21647001
0.12028786
0.06062121
0.033147472
0.021674533
0.016395993
0.013530591
0.011544525
0.00980808
0.0080977474
0.0064037717
0.004813469
0.0034278347
0.0023118402
0.0014787962
0.00089951292
0.0005220201
0.00029009288
0.00015495537
7.9861328e-05
3.9857268e-05
1.9328707e-05
9.1365135e-06
4.2213851e-06
1.9111109e-06
8.4952304e-07
3.7142467e-07
1.5994733e-07
6.7915623e-08
2.8458657e-08
1.1775682e-08
4.813803e-09
1.9447837e-09
7.766885e-10
3.066911e-10
1.1975795e-10
4.6250643e-11
1.7668479e-11
6.6773784e-12
2.4968789e-12
9.2392324e-13
3.3836613e-13
1.226647e-13
4.4025707e-14
1.5646679e-14
5.5073705e-15
1.9202224e-15
6.6332086e-16
2.2706014e-16
7.7034173e-17
2.590782e-17
8.6389696e-18
2.8566312e-18
9.3687902e-19
3.0480653e-19
9.8389533e-20
3.1515766e-20
1.0019121e-20
3.1616994e-21
9.9052413e-22
3.0812386e-22
9.5183506e-23
2.9203335e-23
8.9000815e-24
2.6946409e-24
8.1059884e-25
2.4230387e-25
7.1980276e-26
2.1252667e-26
6.2374432e-27
1.8198607e-27
5.2790022e-28
1.5226154e-28
4.3671149e-29
1.2456764e-29
3.5339568e-30
9.9724234e-31
2.7993732e-31
7.8176769e-32
2.172135e-32
6.0051322e-33
1.6520329e-33
4.5228074e-34
1.2323185e-34
3.3419106e-35
9.0209954e-36
2.4239968e-36
6.4842103e-37
1.7268657e-37
4.5789386e-38
1.2089369e-38
3.1783542e-39
8.3212298e-40
2.1696292e-40
5.6340676e-41
1.4572108e-41
3.7541469e-42
9.6341431e-43
2.4629283e-43
6.2726457e-44
1.5915972e-44
4.0236633e-45
1.0135343e-45
2.5439321e-46
6.3627426e-47
1.5859011e-47
3.9393227e-48
9.7521682e-49
2.4062185e-49
5.9175641e-50
1.4505889e-50
3.5445269e-51
8.6338318e-52
2.0965187e-52
5.0753019e-53
1.224929e-53
2.947565e-54
7.0719072e-55
1.6917937e-55
4.0356419e-56
9.5994996e-57
2.2770441e-57
5.38638e-58
1.2706934e-58
2.9896346e-59
7.0152631e-60
1.6418484e-60
3.8326561e-61
8.9239788e-62
2.0726358e-62
4.8018314e-63
1.1097461e-63
2.5585049e-64
5.8844744e-65
1.3502073e-65
3.0908427e-66
7.0590962e-67
1.6085288e-67
3.657023e-68
8.2957745e-69
1.8777061e-69
4.2408265e-70
9.5573208e-71
2.1492893e-71
4.8232158e-72
1.0801185e-72
2.4138409e-73
5.3834124e-74
1.1981952e-74
2.6615051e-75
5.9001824e-76
1.3054205e-76
2.8826405e-77
6.3532154e-78
1.3975505e-78
3.0684557e-79
6.7244688e-80
1.4709201e-80
3.2115904e-81
6.9993543e-82
1.522682e-82
3.3065896e-83
7.1676616e-84
1.5509827e-84
3.35023e-85
7.2241424e-86
1.5550618e-86
3.3416748e-87
7.1687145e-88
1.535268e-88
3.2824495e-89
7.0062853e-90
1.4929952e-90
3.1762494e-91
6.746228e-92
1.4305475e-92
3.0286063e-93
6.4015779e-94
1.3509498e-94
2.8464502e-95
5.988034e-96
1.2577239e-96
2.6376109e-97
5.522865e-98
1.1546498e-98
2.4103056e-99
5.0238149e-100
1.045535e-100
2.172654e-101
4.5080968e-102
9.3400702e-103
1.9322566e-103
3.9915417e-104
8.2334388e-105
1.6958598e-105
3.4879489e-106
7.1634982e-107
1.4691237e-107
3.0086596e-108
6.1527963e-109
1.2564929e-109
2.562352e-110
5.2180959e-111
1.0611652e-111
2.1550374e-112
4.3704956e-113
8.8514362e-114
1.790223e-114
3.6158799e-115
7.2935244e-116
1.4691988e-116
2.9556054e-117
5.937973e-118
1.1914036e-118
2.3873254e-119
4.7774857e-120
9.5482835e-121
1.9058662e-121
3.7993014e-122
7.5641891e-123
1.5040812e-123
2.9870057e-124
5.9236101e-125
1.1786779e-125
2.0393778e-126
-0.00084596824
0.0019357782
-0.0029118109
0.0036830599
-0.0016607215
-0.0078072363
0.030655997
-0.064848027
0.085829197
-0.02654729
-0.11386685
0.30524703
0.54657698
0.42434353
0.18078084
0.048407706
0.013679683
0.0055287438
0.0030866568
0.0022745544
0.0020951302
0.0022347212
0.0024509541
0.0025837474
0.0025403563
0.0023088021
0.0019397537
0.0015120603
0.0010991926
0.00074937554
0.00048185293
0.00029384455
0.00017083794
9.515584e-05
5.1005752e-05
2.6418045e-05
1.32696e-05
6.4845754e-06
3.0915814e-06
1.4414218e-06
6.5854933e-07
2.9532698e-07
1.3017846e-07
5.6466545e-08
2.4124798e-08
1.0159852e-08
4.2202183e-09
1.7299512e-09
7.0012785e-10
2.7985483e-10
1.1052191e-10
4.3137812e-11
1.6645055e-11
6.3510422e-12
2.3968805e-12
8.9493888e-13
3.3066324e-13
1.2092621e-13
4.3781473e-14
1.569591e-14
5.5731029e-15
1.9602348e-15
6.8313001e-16
2.3591992e-16
8.0755388e-17
2.740323e-17
9.2200035e-18
3.0763327e-18
1.0180763e-18
3.3422744e-19
1.0886466e-19
3.5186904e-20
1.1287277e-20
3.5939677e-21
1.1360495e-21
3.5654802e-22
1.111206e-22
3.4394062e-23
1.0574012e-23
3.2293667e-24
9.7987019e-25
2.9542314e-25
8.8510584e-26
2.6355388e-26
7.8003627e-27
2.294975e-27
6.7128121e-28
1.9522658e-28
5.6457937e-29
1.6236985e-29
4.6443176e-30
1.3213432e-30
3.739613e-31
1.0529176e-31
2.9495615e-32
8.221549e-33
2.2804474e-33
6.2949617e-34
1.7294515e-34
4.7293438e-35
1.2873745e-35
3.4886231e-36
9.4119848e-37
2.5282424e-37
6.762358e-38
1.8011526e-38
4.7775597e-39
1.2621026e-39
3.3208191e-40
8.7033452e-41
2.272194e-41
5.9094896e-42
1.5311808e-42
3.952763e-43
1.0167126e-43
2.6058138e-44
6.6551888e-45
1.6938408e-45
4.2963816e-46
1.0861088e-46
2.7365639e-47
6.872593e-48
1.7204371e-48
4.2931875e-49
1.0679797e-49
2.6485418e-50
6.5483114e-51
1.6141651e-51
3.967159e-52
9.7216635e-53
2.3754545e-53
5.7877963e-54
1.4062253e-54
3.4071085e-55
8.2322806e-56
1.9836762e-56
4.7670604e-57
1.1425419e-57
2.73116e-58
6.511593e-59
1.5484727e-59
3.6728805e-60
8.6897521e-61
2.0507624e-61
4.827701e-62
1.1336836e-62
2.6556992e-63
6.2059783e-64
1.4467535e-64
3.3646507e-65
7.8064694e-66
1.8069512e-66
4.1727547e-67
9.6137186e-68
2.2098324e-68
5.0679664e-69
1.1596355e-69
2.6474601e-70
6.0306509e-71
1.370668e-71
3.1084234e-72
7.0338667e-73
1.5881824e-73
3.5782038e-74
8.0444109e-75
1.8046537e-75
4.0398931e-76
9.024603e-77
2.0117515e-77
4.4752196e-78
9.9346786e-79
2.2008903e-79
4.8657941e-80
1.0735576e-80
2.3638443e-81
5.1944523e-82
1.1391831e-82
2.4933637e-83
5.4465504e-84
1.1874262e-84
2.5837251e-85
5.6110735e-86
1.2162166e-86
2.6311558e-87
5.6814369e-88
1.2244782e-88
2.6340893e-89
5.6559004e-90
1.2121882e-90
2.5932275e-91
5.5375628e-92
1.1803461e-92
2.5114116e-93
5.3339558e-94
1.1308605e-94
2.3933258e-95
5.0563008e-96
1.0663686e-96
2.2450713e-97
4.7185262e-98
9.9001319e-99
2.0736667e-99
4.3361594e-100
9.0520044e-101
1.8865242e-101
3.9252113e-102
8.1536399e-103
1.6909574e-103
3.5011544e-104
7.2375584e-105
1.4937566e-105
3.0780755e-106
6.3327894e-107
1.3008637e-107
2.6680513e-108
5.463699e-109
1.1171568e-109
2.2807663e-110
4.6493396e-111
9.4634618e-112
1.9233643e-112
3.9032844e-113
7.9097068e-114
1.6005029e-114
3.2338717e-115
6.524746e-116
1.3145686e-116
2.6447578e-117
5.3134403e-118
1.0659999e-118
2.1356697e-119
4.2727821e-120
8.5367242e-121
1.703255e-121
3.3937517e-122
6.7529945e-123
1.3419466e-123
2.6627303e-124
5.3008797e-125
9.1751404e-126
-0.00085469039
0.0025383949
-0.0053607602
0.010529336
-0.017253838
0.020525231
-0.0063419361
-0.039393428
0.13479434
-0.16999222
0.16591274
0.72395779
0.61982272
0.26927672
0.072364991
0.013906825
0.0023541083
0.00046080142
0.00014219179
8.9581897e-05
0.00011422725
0.00020060493
0.0003314156
0.00047239171
0.00057640363
0.00061251835
0.00057770007
0.00049166009
0.00038282557
0.00027586955
0.00018577215
0.00011787419
7.0974596e-05
4.0803604e-05
2.2517052e-05
1.1982139e-05
6.1728017e-06
3.0890493e-06
1.5059599e-06
7.1698128e-07
3.3404185e-07
1.5256043e-07
6.840037e-08
3.0142307e-08
1.3068875e-08
5.5797866e-09
2.3476528e-09
9.7400796e-10
3.9869817e-10
1.6109882e-10
6.4283333e-11
2.534174e-11
9.873398e-12
3.8030996e-12
1.4487344e-12
5.4594772e-13
2.035864e-13
7.5145002e-14
2.7461103e-14
9.9382649e-15
3.5627205e-15
1.2654111e-15
4.454067e-16
1.5539981e-16
5.3753078e-17
1.843754e-17
6.2724119e-18
2.1168049e-18
7.0879751e-19
2.3552487e-19
7.7678458e-20
2.5432411e-20
8.267408e-21
2.6687988e-21
8.5564692e-22
2.7250301e-22
8.6220318e-23
2.7106356e-23
8.4686754e-24
2.629664e-24
8.1167296e-25
2.4906432e-25
7.5987688e-26
2.3052914e-26
6.9551573e-27
2.0870477e-27
6.2293943e-28
1.8496485e-28
5.4638971e-29
1.6059201e-29
4.6966675e-30
1.366894e-30
3.9590588e-31
1.1412806e-31
3.2746592e-32
9.3527903e-33
2.6591604e-33
7.526648e-34
2.1209803e-34
5.9507623e-35
1.6623843e-35
4.6241717e-36
1.2808552e-36
3.5330413e-37
9.7050581e-38
2.6550075e-38
7.2338306e-39
1.9630079e-39
5.3056973e-40
1.4283833e-40
3.8303956e-41
1.0231831e-41
2.7226258e-42
7.2170731e-43
1.9058391e-43
5.0139104e-44
1.3141506e-44
3.4316646e-45
8.9282919e-46
2.3144533e-46
5.9780214e-47
1.5385372e-47
3.9455939e-48
1.0082842e-48
2.5676276e-49
6.5158613e-50
1.6478382e-50
4.1531006e-51
1.0431761e-51
2.6114529e-52
6.5156585e-53
1.6203097e-53
4.0161821e-54
9.9223937e-55
2.4435385e-55
5.9983738e-56
1.4678154e-56
3.5805091e-57
8.7069366e-58
2.1107902e-58
5.1014725e-59
1.2292169e-59
2.9529469e-60
7.0727524e-61
1.6890343e-61
4.0217695e-62
9.5485163e-63
2.2605074e-63
5.3362793e-64
1.2561598e-64
2.9487365e-65
6.9027607e-66
1.6114482e-66
3.7516933e-67
8.7109702e-68
2.0171796e-68
4.6587775e-69
1.073147e-69
2.4655662e-70
5.6500794e-71
1.2914663e-71
2.9445048e-72
6.6965654e-73
1.5191914e-73
3.4379789e-74
7.7612894e-75
1.7478901e-75
3.9269322e-76
8.8015893e-77
1.968097e-77
4.3905486e-78
9.7720802e-79
2.1700024e-79
4.8078095e-80
1.0628131e-80
2.3442173e-81
5.1591572e-82
1.132943e-82
2.4825281e-83
5.4280696e-84
1.1843225e-84
2.5785529e-85
5.6023674e-86
1.2146875e-86
2.6282267e-87
5.675108e-88
1.2229428e-88
2.6300648e-89
5.6449816e-90
1.2092102e-90
2.5851848e-91
5.5161889e-92
1.1747665e-92
2.4971002e-93
5.297846e-94
1.1218855e-94
2.3713217e-95
5.0030154e-96
1.0536086e-96
2.2148254e-97
4.6474946e-98
9.7347308e-99
2.0354529e-99
4.2485083e-100
8.8523065e-101
1.8413109e-101
3.8234426e-102
7.925831e-103
1.6402264e-103
3.3887332e-104
6.9895847e-105
1.4393007e-105
2.9589902e-106
6.0734151e-107
1.2445874e-107
2.5463984e-108
5.2016507e-109
1.0609021e-109
2.1603994e-110
4.3926095e-111
8.917563e-112
1.8076317e-112
3.6586339e-113
7.3939795e-114
1.4920823e-114
3.0065434e-115
6.0493292e-116
1.2153933e-116
2.4383781e-117
4.8850009e-118
9.7726482e-119
1.9523089e-119
3.8947364e-120
7.7589933e-121
1.5436007e-121
3.0666996e-122
6.0844471e-123
1.2053583e-123
2.3956476e-124
4.1403968e-125
0.00028909595
0.00016056861
-0.0023448439
0.0084039767
-0.021019736
0.043010612
-0.051130216
0.053942111
0.087668252
-0.11266789
0.70323645
0.98394814
0.57541207
0.19304937
0.035858548
0.0049935738
0.00060222971
6.7069636e-05
8.2742321e-06
2.1778688e-06
3.0825603e-06
1.1936381e-05
3.3524333e-05
6.6755891e-05
0.00010170705
0.00012590035
0.0001322961
0.00012183626
0.00010068733
7.6017351e-05
5.3165325e-05
3.4827652e-05
2.1562095e-05
1.2709413e-05
7.1759461e-06
3.9008918e-06
2.0503628e-06
1.0457558e-06
5.1911273e-07
2.5142744e-07
1.1906775e-07
5.5229337e-08
2.5129412e-08
1.1229909e-08
4.9342206e-09
2.1336197e-09
9.0873202e-10
3.8151316e-10
1.5799896e-10
6.4591656e-11
2.6084293e-11
1.0412739e-11
4.1118515e-12
1.6073057e-12
6.2236506e-13
2.3887155e-13
9.0934087e-14
3.4354234e-14
1.2886808e-14
4.8018658e-15
1.7779806e-15
6.5435447e-16
2.3941389e-16
8.7093129e-17
3.1501802e-17
1.1329156e-17
4.0508331e-18
1.4399087e-18
5.0876682e-19
1.7866516e-19
6.2350605e-20
2.1620464e-20
7.4483584e-21
2.5490624e-21
8.6653166e-22
2.9257645e-22
9.811143e-23
3.2674337e-23
1.0806613e-23
3.5494683e-24
1.1577885e-24
3.750543e-25
1.2066178e-25
3.8554221e-26
1.2235462e-26
3.8568963e-27
1.2076755e-27
3.7565147e-28
1.1608397e-28
3.5640434e-29
1.087251e-29
3.2958404e-30
9.9285601e-31
2.9725201e-31
8.8453866e-32
2.6163603e-32
7.6931161e-33
2.2488801e-33
6.5361901e-34
1.8889145e-34
5.4282996e-35
1.551363e-35
4.409558e-36
1.2466431e-36
3.5058047e-37
9.8076347e-38
2.7296308e-38
7.5585435e-39
2.0825619e-39
5.7097073e-40
1.5578149e-40
4.2299318e-41
1.1431293e-41
3.0748941e-42
8.2331436e-43
2.1944683e-43
5.8230141e-44
1.5383234e-44
4.0462672e-45
1.0597269e-45
2.7636988e-46
7.1774345e-47
1.8563227e-47
4.7815301e-48
1.2266836e-48
3.1345348e-49
7.978305e-50
2.0228654e-50
5.1093244e-51
1.285645e-51
3.223e-52
8.050102e-53
2.0033835e-53
4.9678434e-54
1.2275292e-54
3.0225582e-55
7.4167697e-56
1.81372e-56
4.4203711e-57
1.0737365e-57
2.5995864e-58
6.273287e-59
1.508992e-59
3.6182267e-60
8.6484364e-61
2.0607631e-61
4.8953367e-62
1.1593543e-62
2.7374348e-63
6.4443625e-64
1.5126521e-64
3.5402604e-65
8.2619444e-66
1.9226218e-66
4.4615263e-67
1.0324385e-67
2.3825888e-68
5.4834123e-69
1.2585839e-69
2.8810797e-70
6.5778259e-71
1.4978745e-71
3.4020932e-72
7.7073718e-73
1.7416751e-73
3.9259063e-74
8.8274598e-75
1.9800013e-75
4.430368e-76
9.8893859e-77
2.2022388e-77
4.8925505e-78
1.0844065e-78
2.3979755e-79
5.2905763e-80
1.1645992e-80
2.557848e-81
5.6054063e-82
1.2256961e-82
2.6743051e-83
5.8223791e-84
1.2649118e-84
2.7421987e-85
5.9323272e-86
1.2806995e-86
2.7591399e-87
5.932158e-88
1.2728357e-88
2.7255908e-89
5.8248597e-90
1.2423805e-90
2.6446959e-91
5.6189661e-92
1.1915276e-92
2.5218904e-93
5.3275798e-94
1.1233693e-94
2.3643461e-95
4.9670948e-96
1.0416064e-96
2.1803258e-97
4.555777e-98
9.5024035e-99
1.9785223e-99
4.1123619e-100
8.5327897e-101
1.7674468e-101
3.6547987e-102
7.5448141e-103
1.5549185e-103
3.1992393e-104
6.5716092e-105
1.3476853e-105
2.7593244e-106
5.6405344e-107
1.1511889e-107
2.3457803e-108
4.7725226e-109
9.6946913e-110
1.966304e-110
3.9820193e-111
8.0518803e-112
1.6256898e-112
3.2774012e-113
6.5974811e-114
1.3261368e-114
2.6617367e-115
5.3347409e-116
1.0676721e-116
2.1337503e-117
4.2582894e-118
8.4862788e-119
1.6888639e-119
3.3563851e-120
6.6612124e-121
1.3202117e-121
2.6130612e-122
5.1642082e-123
1.0239032e-123
1.7657897e-124
0.0013194452
-0.0027411572
0.0044305659
0.00072004627
-0.0013409244
0.055240386
-0.034590874
0.18278223
0.10561065
0.28122223
1.3290187
1.0913939
0.33214603
0.047460849
0.0074487645
0.001080412
0.00013277015
1.2798819e-05
1.0100977e-06
1.3842806e-07
1.501314e-07
7.8908308e-07
3.1136869e-06
7.965696e-06
1.4462234e-05
2.0255126e-05
2.3253028e-05
2.2855823e-05
1.9849061e-05
1.5586222e-05
1.1259888e-05
7.5839352e-06
4.811993e-06
2.8998959e-06
1.6707265e-06
9.250771e-07
4.9437511e-07
2.5590322e-07
1.2868928e-07
6.3041567e-08
3.0161651e-08
1.4131871e-08
6.5038557e-09
2.950477e-09
1.3247674e-09
5.9144259e-10
2.638167e-10
1.1809883e-10
5.323594e-11
2.4203474e-11
1.1093289e-11
5.1136965e-12
2.3623191e-12
1.0891742e-12
4.9924232e-13
2.2674206e-13
1.0177333e-13
4.5062204e-14
1.9658105e-14
8.4434403e-15
3.5695442e-15
1.4852895e-15
6.0840001e-16
2.4540235e-16
9.7509588e-17
3.8184194e-17
1.4743027e-17
5.6151131e-18
2.1105686e-18
7.8325804e-19
2.8711968e-19
1.0400495e-19
3.7243414e-20
1.318901e-20
4.6205763e-21
1.6019426e-21
5.4979673e-22
1.8684941e-22
6.2898232e-23
2.0977725e-23
6.933642e-24
2.2717029e-24
7.3795081e-25
2.3772927e-25
7.5963723e-26
2.4081462e-26
7.5751826e-27
2.3649064e-27
7.3285642e-28
2.254645e-28
6.8874588e-29
2.0894209e-29
6.2956525e-30
1.8843556e-30
5.6033717e-31
1.6556e-31
4.861091e-32
1.4185203e-32
4.1144341e-33
1.1863286e-33
3.4006841e-34
9.69256e-35
2.7470383e-35
7.7425984e-36
2.1704262e-36
6.0517206e-37
1.6785195e-37
4.6315317e-38
1.2714801e-38
3.4730909e-39
9.4401401e-40
2.5534627e-40
6.8738756e-41
1.8417312e-41
4.9117231e-42
1.3039303e-42
3.4460126e-43
9.0667087e-44
2.3750924e-44
6.1949302e-45
1.6089546e-45
4.1612941e-46
1.0718043e-46
2.7493475e-47
7.0241687e-48
1.7874542e-48
4.5307766e-49
1.1440121e-49
2.8776034e-50
7.2109939e-51
1.8002979e-51
4.4781573e-52
1.109891e-52
2.7409883e-53
6.7452705e-54
1.6541541e-54
4.0425527e-55
9.8459327e-56
2.3899975e-56
5.7822268e-57
1.3943351e-57
3.3514328e-58
8.0297474e-59
1.9177747e-59
4.5659766e-60
1.083742e-60
2.5644236e-61
6.0497915e-62
1.4229603e-62
3.3370408e-63
7.8029896e-64
1.8193048e-64
4.2296918e-65
9.8058323e-66
2.2669718e-66
5.2264512e-67
1.2016549e-67
2.7553546e-68
6.3010461e-69
1.437135e-69
3.2692216e-70
7.4176273e-71
1.6786929e-71
3.7894367e-72
8.5327024e-73
1.9165417e-73
4.2941845e-74
9.5980884e-75
2.1401345e-75
4.7605835e-76
1.0564585e-76
2.3389884e-77
5.1665078e-78
1.1385953e-78
2.5035407e-79
5.492405e-80
1.2022714e-80
2.6259341e-81
5.722894e-82
1.2445351e-82
2.7006424e-83
5.8479589e-84
1.2636519e-84
2.7248654e-85
5.8636161e-86
1.2592071e-86
2.6986596e-87
5.7720019e-88
1.2320836e-88
2.6248049e-89
5.5809073e-90
1.1843256e-90
2.5084385e-91
5.3028493e-92
1.1189119e-92
2.3565166e-93
4.9538202e-94
1.0394704e-94
2.1771739e-95
4.5518719e-96
9.4996946e-97
1.9790583e-97
4.115698e-98
8.5441887e-99
1.7707082e-99
3.6633494e-100
7.5660832e-101
1.5600247e-101
3.2111864e-102
6.5990173e-103
1.3538753e-103
2.7731258e-104
5.6709758e-105
1.1578413e-105
2.3602011e-106
4.8035604e-107
9.7610671e-108
1.9804168e-108
4.0118674e-109
8.1147006e-110
1.6388518e-110
3.304862e-111
6.6545479e-112
1.3379518e-112
2.686112e-113
5.3848601e-114
1.0779444e-114
2.1547394e-115
4.3010494e-116
8.5731449e-117
1.7064621e-117
3.3919429e-118
6.7328734e-119
1.3346179e-119
2.6419374e-120
5.2227783e-121
1.0311006e-121
2.0326099e-122
4.0197504e-123
6.9165548e-124
0.0014781858
0.0051847523
0.033142967
0.041486511
0.10656389
0.17771064
0.18377152
0.50777951
0.47231038
1.0329009
1.9684963
1.174217
0.094638618
0.0020790585
0.00027620305
3.504481e-05
3.8239399e-06
3.2703792e-07
7.5407065e-08
6.9704182e-08
2.3609978e-07
7.4365585e-07
1.6419353e-06
2.7049589e-06
3.5606902e-06
3.9061285e-06
3.6626637e-06
2.9796783e-06
2.1166068e-06
1.3111868e-06
6.9815952e-07
3.0664054e-07
9.8757073e-08
1.2983166e-08
-6.9343868e-09
-8.2044774e-11
1.1919342e-08
2.0118274e-08
2.2769866e-08
2.1213471e-08
1.7464931e-08
1.3148576e-08
9.2300642e-09
6.1162654e-09
3.8578782e-09
2.3301688e-09
1.353766e-09
7.5913847e-10
4.1202387e-10
2.1693887e-10
1.1102011e-10
5.5314315e-11
2.6870917e-11
1.2744095e-11
5.9079768e-12
2.6801095e-12
1.1909592e-12
5.1890623e-13
2.218807e-13
9.3187083e-14
3.8471754e-14
1.5624342e-14
6.2465221e-15
2.4600035e-15
9.5490476e-16
3.6556114e-16
1.3809187e-16
5.1499339e-17
1.896984e-17
6.9046866e-18
2.4843922e-18
8.8401255e-19
3.1118206e-19
1.0840134e-19
3.7381442e-20
1.2764618e-20
4.3172941e-21
1.4467125e-21
4.8042771e-22
1.5814362e-22
5.1611956e-23
1.6703837e-23
5.362128e-24
1.707641e-24
5.396025e-25
1.6921751e-25
5.2672407e-26
1.6276348e-26
4.9938245e-27
1.5215137e-27
4.6041135e-28
1.3838935e-28
4.1324014e-29
1.2260272e-29
3.6144994e-30
1.0590037e-30
3.0838774e-31
8.9267738e-32
2.5688316e-32
7.3496197e-33
2.0908616e-33
5.915053e-34
1.6641996e-34
4.6569857e-35
1.2962695e-35
3.5893327e-36
9.8877216e-37
2.7100538e-37
7.390825e-38
2.0057395e-38
5.4169536e-39
1.4560163e-39
3.8952803e-40
1.0372956e-40
2.7497103e-41
7.2563894e-42
1.9064759e-42
4.9870807e-43
1.29895e-43
3.368957e-44
8.7012348e-45
2.2380695e-45
5.7332094e-46
1.4627745e-46
3.717368e-47
9.410119e-48
2.372894e-48
5.9608342e-49
1.4917726e-49
3.7195121e-50
9.2401209e-51
2.2871663e-51
5.6411276e-52
1.3864414e-52
3.3956544e-53
8.2880117e-54
2.0160456e-54
4.8875516e-55
1.1809754e-55
2.844239e-56
6.8278491e-57
1.6338452e-57
3.8972953e-58
9.2673832e-59
2.1968884e-59
5.1919605e-60
1.2233264e-60
2.8737951e-61
6.7311045e-62
1.5719846e-62
3.6606292e-63
8.5000719e-64
1.9681694e-64
4.5445274e-65
1.0464406e-65
2.4029954e-66
5.5032158e-67
1.2569499e-67
2.8633172e-68
6.5055378e-69
1.4742499e-69
3.3323061e-70
7.5130469e-71
1.6896476e-71
3.7904969e-72
8.482564e-73
1.8936512e-73
4.2172112e-74
9.3694419e-75
2.0767081e-75
4.5921997e-76
1.0131171e-76
2.2299853e-77
4.8973099e-78
1.0730895e-78
2.3461004e-79
5.1179826e-80
1.1140425e-80
2.4197165e-81
5.2444013e-82
1.1342397e-82
2.447935e-83
5.2721725e-84
1.133137e-84
2.4304496e-85
5.2024797e-86
1.1113779e-86
2.3694565e-87
5.0417248e-88
1.0706824e-88
2.2693476e-89
4.8007344e-90
1.0136501e-90
2.1362375e-91
4.4936504e-92
9.4350551e-93
1.9773888e-93
4.1366531e-94
8.6381824e-95
1.8006059e-95
3.7466631e-96
7.7822807e-97
1.6136596e-97
3.3401515e-98
6.9020153e-99
1.4237951e-99
2.9321557e-100
6.0283801e-101
1.2373551e-101
2.5355612e-102
5.1873528e-103
1.0595348e-103
2.1606683e-104
4.3991636e-105
8.9426629e-106
1.8150302e-106
3.6781258e-107
7.4421843e-108
1.5035252e-108
3.0329324e-109
6.1088816e-110
1.2286064e-110
2.4672946e-111
4.9475647e-112
9.9067033e-113
1.9807924e-113
3.9548112e-114
7.8848672e-115
1.569819e-115
3.1210167e-116
6.1963873e-117
1.2285182e-117
2.4323707e-118
4.8093634e-119
9.4964118e-120
1.8726212e-120
3.6877852e-121
7.251712e-122
1.4305373e-122
2.4559632e-123
0.12653401
0.34502572
0.55955187
0.73231335
0.97617833
1.1452502
1.3000407
1.7181822
1.7061274
2.3427679
2.9142967
1.5500491
0.11127845
1.7350176e-11
-7.8950915e-15
-4.6460207e-16
-3.4157365e-17
1.2099924e-08
2.6008915e-07
4.6655482e-07
1.3929347e-06
5.2447124e-06
1.4644926e-05
3.0574424e-05
5.066579e-05
7.030643e-05
8.5013406e-05
9.2135231e-05
9.1290585e-05
8.387917e-05
7.222201e-05
5.8739873e-05
4.5409283e-05
3.353257e-05
2.3750391e-05
1.6189536e-05
1.0651453e-05
6.780544e-06
4.1852701e-06
2.5094796e-06
1.4639874e-06
8.3212019e-07
4.6137436e-07
2.4980231e-07
1.3219517e-07
6.8432829e-08
3.467836e-08
1.7214039e-08
8.3752706e-09
3.9962346e-09
1.8709882e-09
8.5996837e-10
3.8824265e-10
1.7224547e-10
7.5132591e-11
3.2237057e-11
1.3612487e-11
5.6595394e-12
2.3178735e-12
9.3554198e-13
3.7230349e-13
1.4614413e-13
5.6610939e-14
2.1648708e-14
8.1761238e-15
3.0507808e-15
1.1250708e-15
4.1020808e-16
1.4792017e-16
5.276987e-17
1.8629888e-17
6.5106446e-18
2.2529174e-18
7.7212308e-19
2.6215303e-19
8.819672e-20
2.9408754e-20
9.7212126e-21
3.1861977e-21
1.0356629e-21
3.3391725e-22
1.0680999e-22
3.3900972e-23
1.0678526e-23
3.3387059e-24
1.0362842e-24
3.1935747e-25
9.7731382e-26
2.9703585e-26
8.9672341e-27
2.6892921e-27
8.0130976e-28
2.3724509e-28
6.9803643e-29
2.0412262e-29
5.9331182e-30
1.7143475e-30
4.9247319e-31
1.4066198e-31
3.9950536e-32
1.128393e-32
3.1697797e-33
8.8565924e-34
2.461558e-34
6.8060523e-35
1.8722218e-35
5.1242493e-36
1.3955564e-36
3.7821709e-37
1.020101e-37
2.7383204e-38
7.3163518e-39
1.945824e-39
5.1515729e-40
1.3577867e-40
3.5629202e-41
9.3087261e-42
2.4216435e-42
6.2732362e-43
1.618302e-43
4.1575599e-44
1.0637817e-44
2.7109719e-45
6.8814354e-46
1.7399514e-46
4.3824938e-47
1.0996468e-47
2.7488688e-48
6.8461192e-49
1.6988103e-49
4.2002511e-50
1.0347969e-50
2.5404089e-51
6.2149782e-52
1.5152403e-52
3.681692e-53
8.9156946e-54
2.1519003e-54
5.1768483e-55
1.2413718e-55
2.9672079e-56
7.0700078e-57
1.6793205e-57
3.9765335e-58
9.387467e-59
2.2094289e-59
5.1845883e-60
1.2130137e-60
2.8297539e-61
6.582293e-62
1.5267403e-62
3.5312311e-63
8.1446705e-64
1.8733565e-64
4.2971431e-65
9.8302464e-66
2.2427801e-66
5.103393e-67
1.1582264e-67
2.6218146e-68
5.9196532e-69
1.3331772e-69
2.9949404e-70
6.7113266e-71
1.5002355e-71
3.3454321e-72
7.4421328e-73
1.6516024e-73
3.6566792e-74
8.0770296e-75
1.7799589e-75
3.913557e-76
8.5851224e-77
1.8790747e-77
4.1036827e-78
8.9422133e-79
1.9443165e-79
4.2184086e-80
9.1326958e-81
1.9729987e-81
4.253444e-82
9.1505948e-83
1.9645406e-83
4.2090502e-84
8.9996743e-85
1.9204241e-85
4.0898098e-86
8.6926578e-87
1.8439676e-87
3.9040272e-88
8.2497126e-89
1.7399575e-89
3.6628543e-90
7.6964257e-91
1.6141878e-91
3.3792605e-92
7.0615305e-93
1.472965e-93
3.0669678e-94
6.3746436e-95
1.3226322e-95
2.7394618e-96
5.6642296e-97
1.1691554e-97
2.4091601e-98
4.9559548e-99
1.0178022e-99
2.086795e-100
4.271521e-101
8.7292626e-102
1.7810274e-102
3.6280016e-103
7.378597e-104
1.4982876e-104
3.0376464e-105
6.1490119e-106
1.2428106e-106
2.50808e-107
5.0538224e-108
1.0168243e-108
2.0427929e-109
4.0978909e-110
8.208411e-111
1.6418197e-111
3.2791734e-112
6.5400454e-113
1.3025051e-113
2.59039e-114
5.1444937e-115
1.0202734e-115
2.0206522e-116
3.9964299e-117
7.8933796e-118
1.5569275e-118
3.0668522e-119
6.0331018e-120
1.1852734e-120
2.3252049e-121
4.5759348e-122
7.8392727e-123
7.8737047
7.6557056
7.4502931
7.2192747
7.1016086
6.8255908
6.5870556
6.5644447
5.9142691
5.9477415
5.3569317
2.470516
0.19387404
3.1919619e-11
-9.0656232e-14
-6.7292744e-15
-6.2427927e-16
1.4147922e-07
2.5444671e-06
3.7391589e-06
8.5862735e-06
3.7726927e-05
0.00013112128
0.00033810618
0.000671364
0.0010795355
0.0014654322
0.0017341407
0.0018325106
0.0017602609
0.0015580099
0.0012841066
0.0009937989
0.00072712078
0.00050578348
0.00033607152
0.00021417684
0.00013137663
7.7805217e-05
4.4609181e-05
2.4820296e-05
1.3430069e-05
7.0803101e-06
3.6429002e-06
1.8318741e-06
9.0147421e-07
4.3461927e-07
2.0549083e-07
9.5363671e-08
4.3472715e-08
1.9480228e-08
8.5858849e-09
3.7242213e-09
1.5906362e-09
6.6926834e-10
2.7753602e-10
1.1347821e-10
4.5767231e-11
1.8214307e-11
7.1556033e-12
2.775931e-12
1.0637687e-12
4.028131e-13
1.5076975e-13
5.5796945e-14
2.0422954e-14
7.3953755e-15
2.6500401e-15
9.3995638e-16
3.3009137e-16
1.1479841e-16
3.9546929e-17
1.3497738e-17
4.5653383e-18
1.5305149e-18
5.0867484e-19
1.6763447e-19
5.4788062e-20
1.7761692e-20
5.7125763e-21
1.8230549e-21
5.7737218e-22
1.8149566e-22
5.6636252e-23
1.754697e-23
5.3981947e-24
1.6492678e-24
5.0047879e-25
1.5086408e-25
4.5179753e-26
1.3443435e-26
3.9749719e-27
1.1680539e-27
3.4114804e-28
9.904189e-29
2.8584762e-29
8.2022357e-30
2.3402008e-30
6.6395299e-31
1.8733714e-31
5.2571553e-32
1.4674223e-32
4.0744868e-33
1.1254841e-33
3.0930633e-34
8.4577466e-35
2.3012809e-35
6.2311119e-36
1.6790884e-36
4.5032294e-37
1.2021171e-37
3.194263e-38
8.4493666e-39
2.2250252e-39
5.8335128e-40
1.5227771e-40
3.9580329e-41
1.0244359e-41
2.6404463e-42
6.777685e-43
1.7326895e-43
4.4118301e-44
1.1189182e-44
2.8267136e-45
7.1136278e-46
1.7833962e-46
4.4542336e-47
1.1083764e-47
2.7479632e-48
6.7883436e-49
1.6709578e-49
4.0985951e-50
1.0018234e-50
2.4403516e-51
5.924296e-52
1.4333819e-52
3.4565702e-53
8.3081473e-54
1.9904677e-54
4.7535131e-55
1.131616e-55
2.6854939e-56
6.3533913e-57
1.4985068e-57
3.5236975e-58
8.2611425e-59
1.9310689e-59
4.5007607e-60
1.0459686e-60
2.4238726e-61
5.601095e-62
1.2906887e-62
2.965983e-63
6.7971574e-64
1.5534965e-64
3.5410332e-65
8.050055e-66
1.8252777e-66
4.1279294e-67
9.3115183e-68
2.0951024e-68
4.7021654e-69
1.0527122e-69
2.350994e-70
5.2376247e-71
1.1640427e-71
2.5808674e-72
5.7086716e-73
1.2597583e-73
2.7735263e-74
6.0922838e-75
1.3351821e-75
2.9195982e-76
6.3699691e-77
1.386732e-77
3.0122985e-78
6.5292414e-79
1.4121983e-79
3.0479348e-80
6.5644961e-81
1.4108843e-81
3.0261063e-82
6.4772107e-83
1.3836019e-83
2.94959e-84
6.2754882e-85
1.3325289e-85
2.8239483e-86
5.9730416e-87
1.2609578e-87
2.6569247e-88
5.5877761e-89
1.1729703e-89
2.4577094e-90
5.140159e-91
1.0730799e-91
2.2361656e-92
4.6515644e-93
9.6588178e-94
2.0020984e-94
4.1427609e-95
8.5574386e-96
1.7646296e-96
3.6326659e-97
7.4656162e-98
1.5317234e-98
3.1374406e-99
6.4158939e-100
1.3098792e-100
2.6699523e-101
5.4335008e-102
1.1039913e-102
2.2395813e-103
4.5361651e-104
9.1735452e-105
1.8523255e-105
3.7345174e-106
7.5178572e-107
1.5111281e-107
3.0329224e-108
6.0782594e-109
1.2163544e-109
2.4305748e-110
4.8498777e-111
9.6634091e-112
1.9227046e-112
3.8201657e-113
7.5795597e-114
1.501767e-114
2.9714103e-115
5.8712246e-116
1.1585248e-116
2.2829531e-117
4.4927074e-118
8.8296425e-119
1.7330306e-119
3.3970668e-120
6.6492423e-121
1.3055967e-121
2.2321849e-122
8.0001854
7.9921225
7.9814271
7.906084
7.9694776
7.8062802
7.6783017
7.8048598
7.1239312
7.2658748
6.3514797
2.9077985
0.29349776
0.01411231
0.002744716
0.00044174216
5.880614e-05
1.1624781e-05
2.2336518e-05
2.9238625e-05
5.5650214e-05
0.00026587848
0.00099108608
0.0026623668
0.0054314074
0.0089163219
0.012318501
0.014810769
0.01587729
0.015448221
0.013825188
0.011497485
0.0089576037
0.0065811123
0.0045847216
0.0030427761
0.0019317021
0.0011772881
0.00069101251
0.00039173659
0.00021504421
0.00011457693
5.937637e-05
2.9984579e-05
1.4780462e-05
7.1227178e-06
3.3601891e-06
1.5537161e-06
7.0492475e-07
3.1412296e-07
1.3760063e-07
5.9298471e-08
2.5157819e-08
1.0514359e-08
4.3313245e-09
1.759591e-09
7.0527938e-10
2.7903424e-10
1.0901201e-10
4.2070034e-11
1.6043648e-11
6.0479171e-12
2.2543087e-12
8.310957e-13
3.0313608e-13
1.094174e-13
3.9093574e-14
1.3829236e-14
4.8446682e-15
1.6811186e-15
5.7795355e-16
1.9689564e-16
6.6483371e-17
2.2253887e-17
7.3857383e-18
2.4308249e-18
7.9352226e-19
2.5696958e-19
8.2563969e-20
2.632404e-20
8.3297569e-21
2.6163303e-21
8.1581926e-22
2.5257785e-22
7.7652149e-23
2.3709582e-23
7.1905176e-24
2.1662784e-24
6.4839076e-25
1.9283102e-25
5.6987839e-26
1.6737829e-26
4.8862178e-27
1.417905e-27
4.090391e-28
1.1731876e-28
3.345766e-29
9.4883047e-30
2.6759937e-30
7.5062399e-31
2.0942923e-31
5.8125314e-32
1.6048753e-32
4.4085855e-33
1.2049592e-33
3.2771248e-34
8.8693707e-35
2.3889262e-35
6.4040247e-36
1.7087288e-36
4.5382881e-37
1.1998805e-37
3.1581922e-38
8.2760065e-39
2.1592912e-39
5.6096488e-40
1.4511741e-40
3.7384154e-41
9.5910055e-42
2.4506035e-42
6.2364524e-43
1.5808137e-43
3.9913948e-44
1.0039025e-44
2.5153753e-45
6.2788415e-46
1.5615016e-46
3.8691164e-47
9.5522911e-48
2.3498989e-48
5.7604431e-49
1.4071696e-49
3.4256209e-50
8.3109867e-51
2.0095743e-51
4.8429632e-52
1.1632983e-52
2.7852271e-53
6.6471623e-54
1.5813731e-54
3.7503409e-55
8.8666823e-56
2.0898782e-56
4.910948e-57
1.1505596e-57
2.6876143e-58
6.259695e-59
1.4537239e-59
3.3664111e-60
7.7736046e-61
1.790034e-61
4.1105207e-62
9.4133056e-63
2.1498591e-63
4.8968065e-64
1.1124061e-64
2.5204231e-65
5.695806e-66
1.283868e-66
2.88656e-67
6.4736213e-68
1.4482106e-68
3.2318036e-69
7.1944551e-70
1.5977223e-70
3.539694e-71
7.8235087e-72
1.7251192e-72
3.7951458e-73
8.3298957e-74
1.824157e-74
3.9857135e-75
8.6892179e-76
1.8901463e-76
4.1026029e-77
8.8855032e-78
1.920313e-78
4.1413153e-79
8.912296e-80
1.9139673e-80
4.1018666e-81
8.7728157e-82
1.8724713e-82
3.9885787e-83
8.4792219e-84
1.7990225e-84
3.8094975e-85
8.051134e-86
1.6982915e-86
3.5755322e-87
7.5136308e-88
1.5759665e-88
3.2994324e-89
6.8949918e-90
1.4382604e-90
2.9947282e-91
6.22444e-92
1.2914359e-92
2.6747409e-93
5.5301064e-94
1.1413914e-94
2.3517516e-95
4.8373816e-96
9.9333907e-97
2.0363813e-97
4.1677453e-98
8.5158839e-99
1.7372035e-99
3.5380983e-100
7.1943761e-101
1.4605825e-101
2.960564e-102
5.9916127e-103
1.2107081e-103
2.4426826e-104
4.9207565e-105
9.8978135e-106
1.9878997e-106
3.9866e-107
7.9830519e-108
1.5962409e-108
3.1871031e-109
6.3542885e-110
1.2650736e-110
2.5150554e-111
4.9930624e-112
9.8987159e-113
1.9596921e-113
3.8743472e-114
7.6491926e-115
1.5081465e-115
2.9695237e-116
5.8391535e-117
1.1466667e-117
2.2488113e-118
4.4045507e-119
8.6156798e-120
1.6828792e-120
3.2974546e-121
5.6271468e-122
8.0023322
7.9959886
8.0138943
7.9489885
8.0584637
7.9730817
7.834398
8.1753691
7.527744
7.7835198
7.5652601
3.7352692
1.0849056
0.27078102
0.0630574
0.011770646
0.0017609401
0.00025701327
0.00016179569
0.00023311774
0.00049131974
0.00191394
0.0062657258
0.015493846
0.030025481
0.047820268
0.065056252
0.077813274
0.083560929
0.081806123
0.073853822
0.06203013
0.04881392
0.036202149
0.025429486
0.016991864
0.01084232
0.0066296696
0.0038969272
0.0022083453
0.0012096898
0.00064208945
0.00033097472
0.00016601679
8.1183737e-05
3.87681e-05
1.8106248e-05
8.2818485e-06
3.7145704e-06
1.6355217e-06
7.0762861e-07
3.011248e-07
1.2613352e-07
5.2044217e-08
2.1166816e-08
8.4905253e-09
3.3607744e-09
1.3133419e-09
5.0691895e-10
1.9332747e-10
7.2878681e-11
2.7164677e-11
1.0014753e-11
3.652859e-12
1.3185606e-12
4.7114263e-13
1.6668426e-13
5.8401797e-14
2.0269457e-14
6.9700053e-15
2.3751238e-15
8.0220468e-16
2.6860276e-16
8.9174301e-17
2.9359446e-17
9.5875415e-18
3.1059033e-18
9.9829199e-19
3.1840639e-19
1.0079153e-19
3.1669843e-20
9.8788663e-21
3.0596063e-21
9.4097359e-22
2.87407e-22
8.7192334e-23
2.6276761e-23
7.8673411e-24
2.340429e-24
6.9186551e-25
2.0326035e-25
5.9351728e-26
1.7226911e-26
4.9706982e-27
1.4259516e-27
4.0673355e-28
1.1536456e-28
3.2540971e-29
9.1289691e-30
2.5473151e-30
7.0704822e-31
1.9523409e-31
5.3633555e-32
1.4659699e-32
3.9870671e-33
1.0790803e-33
2.9064093e-34
7.790994e-35
2.0786994e-35
5.5205488e-36
1.4594624e-36
3.8410629e-37
1.0064332e-37
2.6255486e-38
6.8199749e-39
1.7640001e-39
4.5435202e-40
1.165437e-40
2.9772243e-41
7.575027e-42
1.9196837e-42
4.8458564e-43
1.2185094e-43
3.0522937e-44
7.6170026e-45
1.8937517e-45
4.6909795e-46
1.1577789e-46
2.847272e-47
6.9773865e-48
1.7038684e-48
4.1464584e-49
1.005622e-49
2.430672e-50
5.8555759e-51
1.4059885e-51
3.3649591e-52
8.0274995e-53
1.9089722e-53
4.525367e-54
1.0694455e-54
2.5195885e-55
5.9180956e-56
1.3858961e-56
3.2358649e-57
7.5331326e-58
1.7486406e-58
4.0474287e-59
9.3416867e-60
2.1500687e-60
4.9348463e-61
1.1295417e-61
2.5784045e-62
5.8699269e-63
1.3327835e-63
3.0181727e-64
6.817076e-65
1.5357964e-65
3.4511377e-66
7.7356272e-67
1.7295962e-67
3.8576337e-68
8.5829241e-69
1.905015e-69
4.2181401e-70
9.3178029e-71
2.0534602e-71
4.5149139e-72
9.9040551e-73
2.1676387e-73
4.733482e-74
1.0313453e-74
2.2421591e-75
4.8638146e-76
1.0527979e-76
2.2739423e-77
4.9010507e-78
1.054103e-78
2.2624012e-79
4.8457104e-80
1.03575e-80
2.2093795e-81
4.703399e-82
9.9928059e-83
2.1188742e-83
4.4840744e-84
9.4710488e-85
1.9965887e-85
4.2009924e-86
8.8225752e-87
1.8493808e-87
3.8694749e-88
8.0812687e-89
1.6846742e-89
3.5056463e-90
7.2818695e-91
1.5098962e-91
3.1252684e-92
6.4575855e-93
1.3319936e-93
2.7427717e-94
5.6381812e-95
1.1570617e-95
2.3705454e-96
4.848645e-97
9.9009962e-98
2.0185045e-98
4.1084569e-99
8.3489477e-100
1.6939261e-100
3.4314093e-101
6.9401929e-102
1.4015127e-102
2.8258845e-103
5.6891727e-104
1.1436324e-104
2.2954701e-105
4.6005521e-106
9.2067526e-107
1.8397817e-107
3.6710851e-108
7.3146896e-109
1.4553771e-109
2.8916002e-110
5.7370523e-111
1.1366637e-111
2.248912e-112
4.4433946e-113
8.7672591e-114
1.7275233e-114
3.3993789e-115
6.6802894e-116
1.3110385e-116
2.5695933e-117
5.0297508e-118
9.8325427e-119
1.9196808e-119
3.7425938e-120
7.3193673e-121
1.2469472e-121
8.0065453
7.988143
8.0221994
7.9524357
8.0387177
8.059276
7.7670413
8.3281052
7.68664
7.7837971
8.5625639
5.651932
3.2880571
1.3477238
0.32739945
0.057476424
0.0085874037
0.0016369985
0.0011516348
0.0018688462
0.0042230569
0.012554059
0.033015962
0.070446838
0.12399142
0.18583915
0.24393507
0.2864611
0.30568113
0.29979491
0.27255183
0.23123851
0.18410088
0.13819537
0.098219431
0.06634737
0.04274627
0.026353535
0.015594409
0.0088822862
0.00488271
0.0025968868
0.001339368
0.00067131413
0.0003276288
0.00015597319
7.2550968e-05
3.3022628e-05
1.4728031e-05
6.4442978e-06
2.7693982e-06
1.1700574e-06
4.8644081e-07
1.991605e-07
8.0360002e-08
3.1975774e-08
1.2554476e-08
4.866301e-09
1.8630575e-09
7.0479851e-10
2.6356191e-10
9.7461314e-11
3.5649564e-11
1.290263e-11
4.6219453e-12
1.6391042e-12
5.7561133e-13
2.0021339e-13
6.899104e-14
2.3556912e-14
7.9718001e-15
2.6741726e-15
8.8939937e-16
2.9332894e-16
9.5948304e-17
3.1132571e-17
1.002205e-17
3.2013151e-18
1.0148334e-18
3.1931384e-19
9.9737327e-20
3.0929519e-20
9.5240314e-21
2.9124319e-21
8.8456866e-22
2.6687024e-22
7.998566e-23
2.3818623e-23
7.0479295e-24
2.0724944e-24
6.0569978e-25
1.7595347e-25
5.0810988e-26
1.4587427e-26
4.1639149e-27
1.1818624e-27
3.3358977e-28
9.3643403e-29
2.6145518e-29
7.26121e-30
2.0060774e-30
5.5137577e-31
1.507796e-31
4.1026576e-32
1.1108305e-32
2.9931019e-33
8.0263309e-34
2.1422218e-34
5.6910572e-35
1.5049819e-35
3.9619361e-36
1.0383624e-36
2.7094594e-37
7.0393868e-38
1.8210893e-38
4.691342e-39
1.2035305e-39
3.0749315e-40
7.8244864e-41
1.9830857e-41
5.0062802e-42
1.2589229e-42
3.1536633e-43
7.8701884e-44
1.9567241e-44
4.8469587e-45
1.1962571e-45
2.9418131e-46
7.2087571e-47
1.7602712e-47
4.2834274e-48
1.0387577e-48
2.5105342e-49
6.0473461e-50
1.4518699e-50
3.4743363e-51
8.2873192e-52
1.9704745e-52
4.6704453e-53
1.103551e-53
2.5994937e-54
6.1046777e-55
1.4293199e-55
3.3365961e-56
7.7660459e-57
1.8023233e-57
4.1707675e-58
9.6241774e-59
2.2145692e-59
5.0816678e-60
1.1628611e-60
2.6537922e-61
6.0399903e-62
1.3710344e-62
3.1039563e-63
7.0089041e-64
1.5785699e-64
3.5462432e-65
7.946497e-66
1.7762204e-66
3.960437e-67
8.8089781e-68
1.9545868e-68
4.3265541e-69
9.5542714e-70
2.1049008e-70
4.6265211e-71
1.0145568e-71
2.2197652e-72
4.8456973e-73
1.0554405e-73
2.2937649e-74
4.9740607e-75
1.0762905e-75
2.3238775e-76
5.0069263e-77
1.0764955e-77
2.3096436e-78
4.9451336e-79
1.0566224e-79
2.2530907e-80
4.7947148e-81
1.0183106e-81
2.1584352e-82
4.5661166e-83
9.6407745e-84
2.0316152e-84
4.2731006e-85
8.9706598e-86
1.8797175e-86
3.93147e-87
8.2076473e-88
1.7103728e-88
3.5577729e-89
7.3873365e-90
1.531181e-90
3.1681143e-91
6.5436107e-92
1.3492202e-92
2.7771765e-93
5.7067086e-94
1.1706734e-94
2.3975068e-95
4.9018961e-96
1.0005862e-96
2.0390933e-97
4.1487542e-98
8.4275656e-99
1.7092129e-99
3.4610306e-100
6.9973813e-101
1.4125117e-101
2.8469536e-102
5.7293582e-103
1.151262e-103
2.3098841e-104
4.6276369e-105
9.2573482e-106
1.8491716e-106
3.6883844e-107
7.3462967e-108
1.4610968e-108
2.9018341e-109
5.7551163e-110
1.139799e-110
2.2542383e-111
4.452187e-112
8.7811944e-113
1.7295971e-113
3.4021387e-114
6.6831192e-115
1.3110853e-115
2.5686896e-116
5.0260353e-117
9.82148e-118
1.91677e-118
3.7360372e-119
7.2717281e-120
1.4197668e-120
2.4151788e-121
8.0046664
7.9956063
8.0016859
8.0016595
7.9452478
8.1904586
7.6762075
8.264802
8.1022298
7.2416021
9.0197397
7.5775722
4.3600152
2.1167582
0.76344374
0.1634429
0.032358433
0.013653808
0.013179198
0.019578133
0.036919629
0.077701915
0.15335593
0.2679618
0.41223004
0.5658057
0.70290361
0.79958948
0.84009778
0.82044598
0.74842775
0.64028188
0.51552338
0.39193102
0.28224661
0.19312818
0.12594208
0.078502206
0.046904733
0.026938115
0.014909844
0.0079729058
0.0041287528
0.0020750897
0.00101429
0.00048308133
0.00022458022
0.00010207338
4.5423289e-05
1.9817403e-05
8.4867044e-06
3.5713009e-06
1.4781969e-06
6.023329e-07
2.4181305e-07
9.5711995e-08
3.7373963e-08
1.4405632e-08
5.4837173e-09
2.0625037e-09
7.667781e-10
2.8187852e-10
1.0249897e-10
3.6878917e-11
1.313299e-11
4.6301243e-12
1.6164954e-12
5.5900002e-13
1.9151449e-13
6.5018352e-14
2.1877735e-14
7.2976752e-15
2.4135848e-15
7.9161389e-16
2.5752002e-16
8.3104893e-17
2.6609025e-17
8.4544323e-18
2.6659823e-18
8.3446773e-19
2.5929936e-19
8.0000232e-20
2.4509562e-20
7.4574304e-21
2.2537488e-21
6.766066e-22
2.0180488e-22
5.9805445e-23
1.7612094e-23
5.1545266e-24
1.4994056e-24
4.3355673e-25
1.2462694e-25
3.5617118e-26
1.0121085e-26
2.8599365e-27
8.0368401e-28
2.2462162e-28
6.244416e-29
1.7267997e-29
4.750475e-30
1.3002031e-30
3.5407709e-31
9.5946598e-32
2.5872496e-32
6.9431286e-33
1.8544311e-33
4.9298601e-34
1.3045357e-34
3.4363973e-35
9.0116565e-36
2.3528109e-36
6.1161375e-37
1.5830747e-37
4.0802343e-38
1.0472573e-38
2.6768914e-39
6.8146134e-40
1.7278593e-40
4.3637033e-41
1.0977523e-41
2.7509201e-42
6.8674854e-43
1.7079885e-43
4.2321443e-44
1.0448279e-44
2.5701466e-45
6.2996955e-46
1.5386827e-46
3.7451167e-47
9.0842073e-48
2.1960001e-48
5.290774e-49
1.2704723e-49
3.0407981e-50
7.2544303e-51
1.7251586e-51
4.0896024e-52
9.6644139e-53
2.276817e-53
5.3475445e-54
1.2521881e-54
2.9234022e-55
6.8049686e-56
1.5794165e-56
3.6552279e-57
8.4351615e-58
1.941097e-58
4.454403e-59
1.0193737e-59
2.3264413e-60
5.295151e-61
1.2020009e-61
2.7213467e-62
6.145084e-63
1.38404e-63
3.1092683e-64
6.9673577e-65
1.557363e-65
3.4724396e-66
7.7234934e-67
1.7137127e-67
3.7933083e-68
8.3765426e-69
1.845391e-69
4.056012e-70
8.8942107e-71
1.9459107e-71
4.2477165e-72
9.2515597e-73
2.0105308e-73
4.3596558e-74
9.4329748e-75
2.0366163e-75
4.3877597e-76
9.4331856e-77
2.0237859e-77
4.3328135e-78
9.2572747e-79
1.973842e-79
4.200161e-80
8.9197346e-81
1.8905074e-81
3.9990163e-82
8.4427535e-83
1.7790119e-83
3.7414936e-84
7.8539842e-85
1.6455886e-85
3.4414862e-86
7.1840854e-87
1.496941e-87
3.113527e-88
6.4643109e-89
1.3397392e-89
2.7717459e-90
5.7243787e-91
1.1801891e-91
2.4290115e-92
4.9907831e-93
1.0237059e-93
2.0963093e-94
4.2856356e-95
8.7470361e-96
1.782372e-96
3.6260473e-97
7.3649885e-98
1.4935505e-98
3.0240063e-99
6.1131633e-100
1.233887e-100
2.4866597e-101
5.0037347e-102
1.0053436e-102
2.0168907e-103
4.0402015e-104
8.081308e-105
1.6140738e-105
3.2190907e-106
6.4108577e-107
1.2749029e-107
2.5317507e-108
5.0205636e-109
9.9420625e-110
1.9660641e-110
3.8825825e-111
7.6568502e-112
1.5079627e-112
2.9658321e-113
5.8253564e-114
1.1426752e-114
2.2384731e-115
4.3793941e-116
8.5568425e-117
1.6697622e-117
3.2541789e-118
6.3340329e-119
1.231144e-119
2.4004199e-120
4.0783558e-121
7.9959736
8.0147919
7.9714864
8.0467906
7.9043266
8.1628519
7.8879088
7.8025652
8.645133
7.2188859
8.0760695
8.9808132
7.2015707
4.0673559
1.1497568
0.18346935
0.11658695
0.13340698
0.15747341
0.20376507
0.28573146
0.42297738
0.62076216
0.87046488
1.1476435
1.4176299
1.6422348
1.7874608
1.8309005
1.7669938
1.6083044
1.3819875
1.1224931
0.86315126
0.62955442
0.43647606
0.28833233
0.18193354
0.1099327
0.063774571
0.035609955
0.019185153
0.0099966514
0.0050491138
0.0024772365
0.0011829666
0.00055084557
0.00025054015
0.0001114786
4.8594763e-05
2.0779327e-05
8.7261745e-06
3.6026552e-06
1.4636502e-06
5.8564491e-07
2.3096274e-07
8.9836554e-08
3.4484986e-08
1.3070966e-08
4.8943712e-09
1.8112893e-09
6.6275442e-10
2.3985461e-10
8.5885058e-11
3.0436412e-11
1.0678199e-11
3.7097561e-12
1.2765633e-12
4.3520072e-13
1.4702194e-13
4.9227778e-14
1.6340292e-14
5.3779023e-15
1.755287e-15
5.682518e-16
1.8250024e-16
5.8154829e-17
1.8389718e-17
5.7716003e-18
1.7980926e-18
5.5613878e-19
1.7079233e-19
5.2086421e-20
1.5776361e-20
4.7464489e-21
1.4186081e-21
4.2124829e-22
1.2429251e-22
3.6444382e-23
1.0620411e-23
3.0762546e-24
8.8576264e-25
2.535533e-25
7.2163843e-26
2.0422508e-26
5.7474741e-27
1.6086518e-27
4.4781822e-28
1.2400317e-28
3.4157878e-29
9.3607572e-30
2.5522732e-30
6.9242493e-31
1.8693047e-31
5.022051e-32
1.3427859e-32
3.5734475e-33
9.4656982e-34
2.4959248e-34
6.5516744e-35
1.7121539e-35
4.4548191e-36
1.1540927e-36
2.9771496e-37
7.6477797e-38
1.9564544e-38
4.9845746e-39
1.2648364e-39
3.1967738e-40
8.0479198e-41
2.0182362e-41
5.0419549e-42
1.2548335e-42
3.1113906e-43
7.686436e-44
1.8919855e-44
4.6403726e-45
1.1340957e-45
2.7620242e-46
6.7035524e-47
1.6214395e-47
3.9087038e-48
9.3911515e-49
2.2489326e-49
5.3681253e-50
1.2772451e-50
3.0293386e-51
7.1624152e-52
1.6882051e-52
3.9669856e-53
9.2935377e-54
2.1707091e-54
5.055186e-55
1.1738218e-55
2.7177596e-56
6.2744812e-57
1.444496e-57
3.316196e-58
7.5921149e-59
1.7333937e-59
3.9469028e-60
8.9629952e-61
2.0300181e-61
4.5857351e-62
1.0332192e-62
2.3220002e-63
5.2051124e-64
1.1638782e-64
2.5960073e-65
5.7761218e-66
1.2820645e-66
2.8388165e-67
6.2708919e-68
1.3819628e-68
3.0384269e-69
6.6649478e-70
1.4586473e-70
3.185072e-71
6.9392631e-72
1.5084891e-72
3.272014e-73
7.0817656e-74
1.5294333e-74
3.2960298e-75
7.0881388e-76
1.5211168e-76
3.2575476e-77
6.9618615e-78
1.4848233e-78
3.1604375e-79
6.7135286e-80
1.423291e-80
3.0115061e-81
6.3595845e-82
1.3404062e-82
2.8197745e-83
5.9206598e-84
1.2408263e-84
2.5956394e-85
5.4197263e-86
1.1295803e-86
2.3500149e-87
4.8802804e-88
1.0116876e-88
2.0935448e-89
4.3247294e-90
8.9183194e-91
1.8359505e-91
3.7731071e-92
7.7411212e-93
1.5855552e-93
3.2421846e-94
6.6187977e-95
1.3489984e-95
2.7449889e-96
5.5766382e-97
1.1311307e-97
2.2906951e-98
4.6317122e-99
9.3506363e-100
1.8848273e-100
3.7934838e-101
7.6233608e-102
1.5296835e-102
3.0648472e-103
6.1315931e-104
1.2248988e-104
2.4433996e-105
4.8669983e-106
9.6806658e-107
1.9227883e-107
3.8136845e-108
7.5535275e-109
1.4940027e-109
2.9508975e-110
5.8205312e-111
1.1465195e-111
2.2553562e-112
4.430657e-113
8.6925029e-114
1.7031373e-114
3.3326284e-115
6.5126966e-116
1.2710884e-116
2.4776262e-117
4.8233086e-118
9.3779925e-119
1.8208248e-119
3.5462886e-120
6.0193952e-121
7.9956653
8.012604
7.982405
8.0141266
7.990091
7.979355
8.1712474
7.5868516
8.4337763
8.0303779
7.3975572
8.3115307
8.7032698
7.5277671
5.4501637
3.4638272
1.978497
1.2755055
1.1173
1.205082
1.3877227
1.6402794
1.9511143
2.298914
2.6497121
2.9620777
3.1937505
3.3084283
3.2824484
3.11058
2.8089654
2.4130314
1.9699676
1.5280551
1.1267301
0.79064633
0.5288249
0.33778745
0.20649602
0.12109065
0.068275073
0.037101445
0.019476212
0.0098987396
0.0048814821
0.0023404789
0.0010931223
0.00049821347
0.00022195109
9.6793769e-05
4.1379124e-05
1.7361966e-05
7.1579332e-06
2.9025906e-06
1.158741e-06
4.5576509e-07
1.7675196e-07
6.7629624e-08
2.5545292e-08
9.5304109e-09
3.5135202e-09
1.280522e-09
4.6154305e-10
1.6457747e-10
5.8076647e-11
2.02878e-11
7.0176336e-12
2.404257e-12
8.1603865e-13
2.7446014e-13
9.1491411e-14
3.0234503e-14
9.9067569e-15
3.2191949e-15
1.0375941e-15
3.3177708e-16
1.0526287e-16
3.3142296e-17
1.0357013e-17
3.212882e-18
9.8952059e-19
3.0261063e-19
9.1903138e-20
2.7721646e-20
8.3062336e-21
2.4725101e-21
7.3125952e-22
2.149086e-22
6.2767199e-23
1.8220272e-23
5.2573308e-24
1.5080235e-24
4.3005697e-25
1.2194405e-25
3.4383695e-26
9.6414253e-27
2.6888414e-27
7.4586792e-28
2.0581073e-28
5.6496182e-29
1.5429435e-29
4.192709e-30
1.1336692e-30
3.0504033e-31
8.1684393e-32
2.1770213e-32
5.775083e-33
1.5249486e-33
4.0085049e-34
1.0489821e-34
2.7330003e-35
7.0896404e-36
1.8312516e-36
4.7101736e-37
1.2064689e-37
3.0775871e-38
7.8188666e-39
1.9785186e-39
4.9868074e-40
1.2520274e-40
3.1313828e-41
7.8020974e-42
1.9366931e-42
4.7896681e-43
1.1802276e-43
2.8977569e-44
7.0894689e-45
1.7283846e-45
4.1991462e-46
1.016703e-46
2.4533418e-47
5.9002542e-48
1.4143265e-48
3.3791871e-49
8.0477655e-50
1.9105374e-50
4.5213618e-51
1.066676e-51
2.5087711e-52
5.8826138e-53
1.3752307e-53
3.2054697e-54
7.4496066e-55
1.7262948e-55
3.9888774e-56
9.1908246e-57
2.1117378e-57
4.8386107e-58
1.1056299e-58
2.5195345e-59
5.7261803e-60
1.2979457e-60
2.9343179e-61
6.6165121e-62
1.4881077e-62
3.3383715e-63
7.4703615e-64
1.667503e-64
3.7129655e-65
8.2473705e-66
1.8275165e-66
4.0398848e-67
8.9094129e-68
1.9602524e-68
4.302966e-69
9.4238182e-70
2.0592016e-70
4.4894544e-71
9.7660869e-72
2.1197733e-72
4.5910221e-73
9.9217814e-74
2.1396331e-74
4.6043383e-75
9.8874026e-76
2.1188146e-76
4.5311451e-77
9.6702045e-78
2.0596069e-78
4.3778631e-79
9.2870383e-80
1.9662443e-80
4.1548057e-81
8.7624327e-82
1.8444507e-82
3.875121e-83
8.1261862e-84
1.7009004e-84
3.5536024e-85
7.4107761e-86
1.5426611e-86
3.2055034e-87
6.6488674e-88
1.3766755e-88
2.8454739e-89
5.8711517e-90
1.2093282e-90
2.4867014e-91
5.1046736e-92
1.0461247e-92
2.1403076e-93
4.3717195e-94
8.9149259e-95
1.8150077e-95
3.689269e-96
7.4870217e-97
1.5170171e-97
3.0689519e-98
6.198884e-99
1.2501619e-99
2.5174086e-100
5.061524e-101
1.0161417e-101
2.0369384e-102
4.0771559e-103
8.1488755e-104
1.6263126e-104
3.2410172e-105
6.4496264e-106
1.2816474e-106
2.5432451e-107
5.0396252e-108
9.9724844e-109
1.9706444e-109
3.8888175e-110
7.6636523e-111
1.5082297e-111
2.9642658e-112
5.8182066e-113
1.1404805e-113
2.2326347e-114
4.3649858e-115
8.5229041e-116
1.6620197e-116
3.2369256e-117
6.2962403e-118
1.2231739e-118
2.372966e-119
4.6178618e-120
7.8325814e-121
8.002663
7.9963109
8.0098568
7.9687546
8.0553552
7.9109397
8.1631074
7.8194411
7.9557514
8.3352552
7.8263902
7.6694701
8.1869551
8.4327752
7.9550914
7.0841977
6.1660899
5.3960527
4.8270703
4.4859862
4.3461942
4.3729043
4.515896
4.7193855
4.9288735
5.0942509
5.171648
5.125572
4.9324382
4.5856297
4.0999834
3.5121199
2.8743827
2.2436303
1.6690435
1.1834394
0.80045822
0.51716069
0.31970571
0.18948229
0.10789585
0.059158771
0.031302721
0.016019656
0.007946317
0.0038283854
0.0017949465
0.00082048437
0.00036628001
0.0001599426
6.841476e-05
2.8703902e-05
1.1826454e-05
4.7902354e-06
1.909268e-06
7.4948038e-07
2.8998342e-07
1.1066402e-07
4.1680168e-08
1.5501865e-08
5.6962278e-09
2.0688836e-09
7.4303322e-10
2.639771e-10
9.2802341e-11
3.2294113e-11
1.1127215e-11
3.7972254e-12
1.2837296e-12
4.3004279e-13
1.4278367e-13
4.6996617e-14
1.5337819e-14
4.9642441e-15
1.5937301e-15
5.0760368e-16
1.6041908e-16
5.0312812e-17
1.5662452e-17
4.8402107e-18
1.4850961e-18
4.5247105e-19
1.3690874e-19
4.1146402e-20
1.228421e-20
3.6435938e-21
1.0738188e-21
3.1448495e-22
9.1534434e-23
2.6480823e-23
7.6152832e-24
2.1771693e-24
6.1886029e-25
1.7491574e-25
4.9163353e-26
1.3742628e-26
3.8207806e-27
1.056637e-27
2.9068816e-28
7.9559519e-29
2.1664809e-29
5.8701504e-30
1.5827349e-30
4.2468204e-31
1.1340905e-31
3.0143267e-32
7.974834e-33
2.1002497e-33
5.5063872e-34
1.4372656e-34
3.7351593e-35
9.6651743e-36
2.4903758e-36
6.389991e-37
1.6328293e-37
4.155382e-38
1.0532579e-38
2.6591053e-39
6.6870775e-40
1.675173e-40
4.1804928e-41
1.039349e-41
2.5744388e-42
6.3534804e-43
1.5623168e-43
3.8280243e-44
9.3464775e-45
2.2740924e-45
5.5140903e-46
1.3324891e-46
3.2091911e-47
7.7034865e-48
1.8431314e-48
4.3956142e-49
1.0449461e-49
2.4762571e-50
5.8498031e-51
1.3776734e-51
3.2346432e-52
7.571761e-53
1.7671476e-53
4.1121499e-54
9.5411285e-55
2.2073921e-55
5.0923961e-56
1.1714981e-56
2.6875171e-57
6.148433e-58
1.4027953e-58
3.1919319e-59
7.2436104e-60
1.6394989e-60
3.7011272e-61
8.3336588e-62
1.871665e-62
4.1929807e-63
9.3698233e-64
2.0886469e-64
4.6444558e-65
1.0302716e-65
2.2799563e-66
5.0334962e-67
1.1086433e-67
2.4361447e-68
5.3408893e-69
1.1682432e-69
2.5495993e-70
5.5518697e-71
1.2062706e-71
2.6151571e-72
5.6572785e-73
1.2211898e-73
2.6304717e-74
5.654155e-75
1.2128138e-75
2.5961003e-76
5.5457231e-77
1.1822589e-77
2.5153181e-78
5.3408114e-79
1.131784e-79
2.3937002e-80
5.0528171e-81
1.0645417e-81
2.2385387e-82
4.6983658e-83
9.8427546e-84
2.0581705e-84
4.2958397e-85
8.9500165e-86
1.8612968e-86
3.8639394e-87
8.0070885e-88
1.6563622e-88
3.4204158e-89
7.0510198e-90
1.4510449e-90
2.9810685e-91
6.1140859e-92
1.2518889e-92
2.5590617e-93
5.2225487e-94
1.0640866e-94
2.164562e-95
4.3960992e-96
8.9140498e-97
1.8046725e-97
3.6479015e-98
7.36232e-99
1.4836061e-99
2.9851092e-100
5.9971496e-101
1.2030338e-101
2.4097071e-102
4.8195811e-103
9.625383e-104
1.9195323e-104
3.8224913e-105
7.6010941e-106
1.509347e-106
2.9928866e-107
5.9263095e-108
1.1718606e-108
2.3140345e-109
4.5632101e-110
8.9863308e-111
1.7672995e-111
3.471028e-112
6.8081747e-113
1.3336204e-113
2.6089576e-114
5.0972899e-115
9.946113e-116
1.9382659e-116
3.7724489e-117
7.3330977e-118
1.4236785e-118
2.7601649e-119
5.367879e-120
9.0995555e-121
8.0050156
7.9918249
8.0138085
7.9700178
8.0371856
7.9671175
8.036443
8.0098659
7.8620444
8.1067645
8.1548936
7.8665943
7.8059542
8.0297378
8.1856082
8.1348411
7.9323448
7.6781043
7.4362244
7.2441335
7.1172361
7.0543299
7.0394486
7.0458668
7.0415578
6.992976
6.8671871
6.6338471
6.2691353
5.7624239
5.1233485
4.3848106
3.5986654
2.8247312
2.1173717
1.5148393
1.0346612
0.67526564
0.421678
0.25237548
0.1450449
0.080211717
0.042773637
0.022041876
0.010999552
0.0053265964
0.0025080159
0.0011503462
0.00051487997
0.00022525268
9.6465589e-05
4.0495805e-05
1.6684979e-05
6.7547718e-06
2.6897262e-06
1.0544257e-06
4.0727867e-07
1.5511552e-07
5.8289977e-08
2.1625457e-08
7.9250405e-09
2.8701982e-09
1.0277472e-09
3.6399677e-10
1.2755678e-10
4.4243511e-11
1.5193915e-11
5.1675925e-12
1.7410899e-12
5.8126875e-13
1.9233462e-13
6.308974e-14
2.0519728e-14
6.6188455e-15
2.1177396e-15
6.7223429e-16
2.1173914e-16
6.6188937e-17
2.053723e-17
6.3261036e-18
1.9347812e-18
5.8761033e-19
1.7724241e-19
5.3103495e-20
1.5805582e-20
4.6739355e-21
1.3733806e-21
4.0103712e-22
1.1638896e-22
3.3575236e-23
9.6283447e-24
2.7450695e-24
7.7815626e-25
2.193479e-25
6.1488462e-26
1.7142986e-26
4.7539007e-27
1.3113594e-27
3.5986326e-28
9.825003e-29
2.6689576e-29
7.2143625e-30
1.940592e-30
5.1949623e-31
1.3841195e-31
3.6706096e-32
9.6896015e-33
2.5462774e-33
6.6614066e-34
1.7350592e-34
4.4996402e-35
1.1619379e-35
2.9878277e-36
7.6510494e-37
1.9512101e-37
4.9559724e-38
1.253774e-38
3.1593545e-39
7.9302883e-40
1.9829571e-40
4.9396165e-41
1.2258859e-41
3.0311313e-42
7.467544e-43
1.8331133e-43
4.483932e-44
1.0929649e-44
2.6549107e-45
6.4270051e-46
1.5506031e-46
3.728583e-47
8.9362581e-48
2.134782e-48
5.0833989e-49
1.2066305e-49
2.8551576e-50
6.7350001e-51
1.5838445e-51
3.7133878e-52
8.6801266e-53
2.0229944e-53
4.7010057e-54
1.0892529e-54
2.516649e-55
5.7981094e-56
1.3320902e-56
3.0519524e-57
6.9731966e-58
1.5889458e-58
3.6109547e-59
8.1843322e-60
1.8501421e-60
4.1715712e-61
9.3816423e-62
2.1045269e-62
4.7091013e-63
1.0510923e-63
2.3403143e-64
5.198152e-65
1.1517973e-65
2.5460453e-66
5.6147399e-67
1.2353128e-67
2.7115538e-68
5.9383187e-69
1.2975456e-69
2.8288201e-70
6.1534855e-71
1.3356098e-71
2.8926102e-72
6.2511688e-73
1.3480394e-73
2.9008339e-74
6.2291793e-75
1.3348581e-75
2.8545931e-76
6.0920929e-77
1.2975087e-77
2.7579329e-78
5.8505239e-79
1.2386579e-79
2.6173477e-80
5.5199168e-81
1.1619096e-81
2.4411154e-82
5.1190322e-83
1.0714657e-83
2.2385496e-84
4.668317e-85
9.7177579e-86
2.0192536e-86
4.1883361e-87
8.6721097e-88
1.7924507e-88
3.6984135e-89
7.6179115e-90
1.5664445e-90
3.2155776e-91
6.5898283e-92
1.3482378e-92
2.7538621e-93
5.6157426e-94
1.143319e-94
2.3239602e-95
4.7162493e-96
9.556026e-97
1.9331965e-97
3.904796e-98
7.8749869e-99
1.5857543e-99
3.1883195e-100
6.4007814e-101
1.2830825e-101
2.5682169e-102
5.1329794e-103
1.0244082e-103
2.04149e-104
4.0625348e-105
8.0728596e-106
1.601928e-106
3.1743047e-107
6.2812921e-108
1.2412199e-108
2.4493593e-109
4.826861e-110
9.4992672e-111
1.866951e-111
3.6643556e-112
7.1827137e-113
1.4060802e-113
2.7489476e-114
5.3673745e-115
1.046648e-115
2.0383878e-116
3.9648297e-117
7.7022542e-118
1.4944211e-118
2.8955326e-119
5.6276411e-120
9.534785e-121
8.0024996
7.9972647
8.0039511
7.9889072
8.0063226
8.0097124
7.9909974
8.02203
7.948426
7.9682095
8.099072
8.0718036
7.927867
7.8762544
7.9352059
8.0233274
8.0856578
8.1138766
8.1185632
8.1117125
8.1022879
8.0926443
8.078613
8.0496959
7.9898457
7.8779984
7.6886409
7.3938782
6.9688222
6.4002915
5.6956392
4.8868339
4.0265653
3.1771409
2.3965087
1.7267273
1.188434
0.78182482
0.49216739
0.29691185
0.1719524
0.09578239
0.05142053
0.026659919
0.013376773
0.0065087472
0.0030771725
0.0014162213
0.00063563287
0.00027867526
0.00011952963
5.0228766e-05
2.0705749e-05
8.3830381e-06
3.3369209e-06
1.3071966e-06
5.0438381e-07
1.9184185e-07
7.1976385e-08
2.6654663e-08
9.7485012e-09
3.5229405e-09
1.2585662e-09
4.4466458e-10
1.5543231e-10
5.3771872e-11
1.8416832e-11
6.2467043e-12
2.098864e-12
6.9875989e-13
2.3056205e-13
7.5415973e-14
2.445954e-14
7.8674033e-15
2.5101335e-15
7.9455598e-16
2.4956901e-16
7.7797929e-17
2.407278e-17
7.394895e-18
2.2555337e-18
6.8318715e-19
2.0552391e-19
6.1414987e-20
1.823185e-20
5.3775527e-21
1.5761135e-21
4.5908056e-22
1.3290369e-22
3.8245336e-23
1.0941036e-23
3.1118655e-24
8.8005161e-25
2.4749235e-25
6.9218458e-26
1.9254297e-26
5.3274209e-27
1.466314e-27
4.0150745e-28
1.0938354e-28
2.9650793e-29
7.997973e-30
2.1469175e-30
5.7355397e-31
1.5250627e-31
4.0363214e-32
1.0634032e-32
2.7890296e-33
7.2824812e-34
1.8932336e-34
4.9006591e-35
1.2631545e-35
3.2421707e-36
8.2873904e-37
2.1097297e-37
5.3491771e-38
1.3508957e-38
3.3982427e-39
8.515443e-40
2.1257024e-40
5.2864203e-41
1.3098034e-41
3.2333782e-42
7.9530406e-43
1.949199e-43
4.7604165e-44
1.1585605e-44
2.8099351e-45
6.7919749e-46
1.6361992e-46
3.9285684e-47
9.4017337e-48
2.2427151e-48
5.3327302e-49
1.2640111e-49
2.9867172e-50
7.0355028e-51
1.6522264e-51
3.8684115e-52
9.0302447e-53
2.1017684e-53
4.8775664e-54
1.1286747e-54
2.6043279e-55
5.9923552e-56
1.3749536e-56
3.1461569e-57
7.1793923e-58
1.63389e-58
3.7085012e-59
8.3951205e-60
1.8954861e-60
4.2686588e-61
9.5885138e-62
2.1483837e-62
4.8015838e-63
1.070485e-63
2.3807359e-64
5.2818649e-65
1.1690136e-65
2.581182e-66
5.6858436e-67
1.2495645e-67
2.7398075e-68
5.9936167e-69
1.3082033e-69
2.8489741e-70
6.1906793e-71
1.3422518e-71
2.9039211e-72
6.2690227e-73
1.3504797e-73
2.9030752e-74
6.2275788e-75
1.3331514e-75
2.8480491e-76
6.0719973e-77
1.2919329e-77
2.7433472e-78
5.8138253e-79
1.2296781e-79
2.5958343e-80
5.4692299e-81
1.1501292e-81
2.4140475e-82
5.0574433e-83
1.057571e-83
2.207438e-84
4.5991226e-85
9.5648007e-86
1.9856295e-86
4.1147989e-87
8.512043e-88
1.7577634e-88
3.6235558e-89
7.4569945e-90
1.5319811e-90
3.1420272e-91
6.433386e-92
1.315069e-92
2.6837544e-93
5.4679964e-94
1.1122715e-94
2.2588962e-95
4.5802629e-96
9.2725431e-97
1.8742487e-97
3.7825178e-98
7.621942e-99
1.5335099e-99
3.0806977e-100
6.179573e-101
1.2377128e-101
2.4753607e-102
4.9433274e-103
9.8575166e-104
1.9628535e-104
3.9028817e-105
7.7493426e-106
1.5364947e-106
3.0422072e-107
6.0150974e-108
1.1876742e-108
2.3418408e-109
4.6113415e-110
9.0680011e-111
1.780798e-111
3.4925363e-112
6.840608e-113
1.3380746e-113
2.6139785e-114
5.0999272e-115
9.9373464e-116
1.9338621e-116
3.7586622e-117
7.2962186e-118
1.414573e-118
2.7387643e-119
5.3189136e-120
9.0058783e-121
8.0004001
8.0011939
7.9983801
7.9971377
7.9979141
8.013325
7.9980505
7.9982698
7.9868423
7.9702699
8.0180158
8.0689577
8.0382922
7.9633885
7.9127517
7.9105572
7.9455151
7.9998181
8.0611319
8.1220648
8.1782076
8.2254624
8.2580269
8.2666097
8.236819
8.1480291
7.9735723
7.6837485
7.2527001
6.6680222
5.9393774
5.10164
4.2101364
3.3292048
2.5183217
1.8207693
1.2581621
0.83134175
0.52578857
0.31872423
0.18547757
0.10380588
0.055981142
0.029148386
0.014682917
0.0071696676
0.0034002922
0.0015691812
0.00070589184
0.00031005151
0.00013317819
5.6021894e-05
2.3108869e-05
9.3587233e-06
3.7251571e-06
1.458783e-06
5.6252422e-07
2.1376883e-07
8.0114992e-08
2.9630027e-08
1.082067e-08
3.9040084e-09
1.3922299e-09
4.9095876e-10
1.7127213e-10
5.9128285e-11
2.0207721e-11
6.8389338e-12
2.2926308e-12
7.615029e-13
2.5067451e-13
8.179986e-14
2.6466425e-14
8.4923814e-15
2.7029712e-15
8.5351836e-16
2.6743711e-16
8.3165268e-17
2.5671108e-17
7.8667854e-18
2.3936739e-18
7.2328578e-19
2.1706613e-19
6.4709642e-20
1.9164446e-20
5.639329e-21
1.6489756e-21
4.7918875e-22
1.3840538e-22
3.9737463e-23
1.1342099e-23
3.2186731e-24
9.0822429e-25
2.5484937e-25
7.1119469e-26
1.9739994e-26
5.4500076e-27
1.4968415e-27
4.0899608e-28
1.1118908e-28
3.0077307e-29
8.0962307e-30
2.1688342e-30
5.7823054e-31
1.5343971e-31
4.0529074e-32
1.0656564e-32
2.7894462e-33
7.2693755e-34
1.8861749e-34
4.8730324e-35
1.2536471e-35
3.2117041e-36
8.194171e-37
2.0821319e-37
5.2694966e-38
1.3283457e-38
3.3354708e-39
8.3431424e-40
2.0789816e-40
5.1610921e-41
1.2765084e-41
3.1457016e-42
7.7240193e-43
1.8898226e-43
4.6075498e-44
1.1194621e-44
2.7105528e-45
6.5408436e-46
1.5730954e-46
3.7708517e-47
9.0095733e-48
2.1456871e-48
5.0938086e-49
1.2054503e-49
2.8438226e-50
6.6883348e-51
1.5682357e-51
3.6660439e-52
8.5446053e-53
1.9856789e-53
4.6011155e-54
1.0630864e-54
2.4492843e-55
5.6271537e-56
1.2892311e-56
2.9456312e-57
6.7118869e-58
1.5252546e-58
3.4568784e-59
7.8141594e-60
1.7617693e-60
3.9618348e-61
8.8866082e-62
1.9882897e-62
4.4375029e-63
9.8792553e-64
2.1940545e-64
4.8609273e-65
1.0743605e-65
2.3689218e-66
5.2111257e-67
1.1436752e-67
2.5042306e-68
5.470868e-69
1.1924996e-69
2.593522e-70
5.6280872e-71
1.2186534e-71
2.6330389e-72
5.6767673e-73
1.221295e-73
2.6219509e-74
5.6172231e-75
1.2009376e-75
2.5622963e-76
5.4557776e-77
1.1593393e-77
2.4586635e-78
5.2039158e-79
1.099289e-79
2.3176705e-80
4.8770516e-81
1.0243216e-81
2.1473168e-82
4.4930782e-83
9.3839816e-84
1.9562879e-84
4.0708759e-85
8.4558906e-86
1.7532914e-86
3.6289322e-87
7.4979107e-88
1.5464822e-88
3.1841926e-89
6.5450033e-90
1.3430212e-90
2.7512155e-91
5.6265374e-92
1.1487851e-92
2.3416572e-93
4.7654152e-94
9.6822647e-95
1.9640734e-95
3.9778528e-96
8.0436955e-97
1.6239925e-97
3.2737038e-98
6.5891162e-99
1.3241974e-99
2.6571827e-100
5.3240047e-101
1.0651456e-101
2.1278358e-102
4.2445434e-103
8.4545894e-104
1.6816193e-104
3.3399609e-105
6.6242758e-106
1.3119688e-106
2.5947855e-107
5.1247997e-108
1.0107748e-108
1.9908501e-109
3.9159206e-110
7.6920978e-111
1.5089531e-111
2.9561816e-112
5.7838252e-113
1.1301399e-113
2.2053957e-114
4.2981567e-115
8.3661105e-116
1.6263525e-116
3.1576181e-117
6.1229737e-118
1.1858486e-118
2.2935035e-119
4.4494154e-120
7.5268372e-121
7.9999388
8.0017821
7.997897
7.9974526
7.9993253
8.0085375
8.0048304
7.9931319
7.9878475
7.9855541
8.0009961
8.033565
8.0459424
8.0191753
7.9710711
7.9302445
7.9138568
7.9255624
7.9616575
8.0157572
8.0807514
8.1488347
8.2102974
8.2516879
8.2539862
8.1916637
8.0338327
7.7486746
7.311249
6.7127591
5.9676627
5.1150451
4.2127215
3.3256172
2.5124276
1.8150603
1.2538002
0.82854418
0.52427619
0.3180687
0.18529799
0.10383953
0.056079352
0.029243361
0.014753039
0.0072144916
0.0034262662
0.0015831405
0.0007129441
0.00031343034
0.00013472295
5.6698857e-05
2.3394173e-05
9.4746331e-06
3.7706218e-06
1.4760137e-06
5.688332e-07
2.1599791e-07
8.0872909e-08
2.9876771e-08
1.0896876e-08
3.9259466e-09
1.3978977e-09
4.9214209e-10
1.713833e-10
5.905726e-11
2.0144466e-11
6.80386e-12
2.2761528e-12
7.5442185e-13
2.4780285e-13
8.0683152e-14
2.6046113e-14
8.338344e-15
2.647779e-15
8.3412715e-16
2.6074189e-16
8.0889646e-17
2.4908682e-17
7.6147059e-18
2.3113518e-18
6.9671111e-19
2.085806e-19
6.2028024e-20
1.8325298e-20
5.3791966e-21
1.5690591e-21
4.5484895e-22
1.3105388e-22
3.7534845e-23
1.0687278e-23
3.0254614e-24
8.5163041e-25
2.3838965e-25
6.636526e-26
1.8375988e-26
5.0612207e-27
1.3867294e-27
3.7800382e-28
1.0251888e-28
2.7666165e-29
7.4295913e-30
1.9855657e-30
5.2812739e-31
1.3981673e-31
3.6844762e-32
9.6653594e-33
2.5241469e-33
6.5628682e-34
1.6989578e-34
4.3793344e-35
1.1240779e-35
2.8732481e-36
7.3141394e-37
1.8543478e-37
4.6825339e-38
1.1777575e-38
2.9507944e-39
7.3646581e-40
1.8311281e-40
4.5358521e-41
1.1194227e-41
2.7526126e-42
6.7442239e-43
1.6465489e-43
4.0058295e-44
9.7119065e-45
2.3465479e-45
5.6504824e-46
1.3560971e-46
3.2438652e-47
7.7342618e-48
1.8381288e-48
4.3546239e-49
1.0283936e-49
2.4211299e-50
5.6825412e-51
1.3296837e-51
3.1020621e-52
7.2154596e-53
1.6734144e-53
3.8697543e-54
8.9231424e-55
2.0517323e-55
4.7044155e-56
1.0756877e-56
2.4528752e-57
5.5781018e-58
1.2651206e-58
2.8617021e-59
6.4561902e-60
1.4527797e-60
3.2606686e-61
7.2997635e-62
1.630113e-62
3.6311553e-63
8.0686577e-64
1.7885379e-64
3.9549979e-65
8.724816e-66
1.9201658e-66
4.2160326e-67
9.2355372e-68
2.018475e-68
4.4014674e-69
9.5762225e-70
2.0788502e-70
4.5029157e-71
9.7322982e-72
2.0989261e-72
4.5169789e-73
9.7001187e-74
2.0787051e-74
4.4453323e-75
9.4867965e-76
2.0204466e-76
4.2943343e-77
9.1090523e-78
1.9283571e-78
4.0742398e-79
8.5912899e-80
1.8081338e-80
3.7981384e-81
7.9631793e-82
1.6664226e-82
3.4807595e-83
7.2570531e-84
1.510258e-84
3.1372819e-85
6.5054059e-86
1.3465441e-86
2.7822668e-87
5.7387283e-88
1.1816199e-88
2.4287996e-89
4.9838353e-90
1.0209398e-90
2.0878881e-91
4.2627624e-92
8.6887626e-93
1.7681277e-93
3.5922297e-94
7.2864373e-95
1.4756141e-95
2.9836128e-96
6.0232362e-97
1.2140614e-97
2.443319e-98
4.9096888e-99
9.8507055e-100
1.9734475e-100
3.9476075e-101
7.8849259e-102
1.5726123e-102
3.1319235e-103
6.2283219e-104
1.2368194e-104
2.452572e-105
4.8564874e-106
9.6031241e-107
1.8962575e-107
3.7392217e-108
7.3632382e-109
1.4479873e-109
2.8436323e-110
5.5769831e-111
1.0923123e-111
2.1365856e-112
4.1737267e-113
8.1425843e-114
1.5864971e-114
3.0871606e-115
5.9996548e-116
1.1645135e-116
2.2574498e-117
4.3707e-118
8.451804e-119
1.6321241e-119
3.1614174e-120
5.3410145e-121
8.0000448
8.001425
7.9984438
7.9968353
8.0004136
8.006604
8.0056783
7.994959
7.9865123
7.9883481
8.0011604
8.0210604
8.0342908
8.0270846
7.9988749
7.9621051
7.9324776
7.9214707
7.9344445
7.9715659
8.0289697
8.0990915
8.1700128
8.2242335
8.2376659
8.1799014
8.0168552
7.7164031
7.2564196
6.6330935
5.8663879
4.9997949
4.093394
3.2119654
2.4120908
1.7324902
1.1901787
0.7824672
0.49279711
0.29771138
0.17279376
0.096519875
0.051982429
0.027043665
0.013616555
0.0066477792
0.0031527431
0.0014550211
0.00065455924
0.00028748637
0.00012345822
5.1910774e-05
2.1398543e-05
8.6578376e-06
3.4419056e-06
1.3457896e-06
5.1800007e-07
1.9642961e-07
7.343886e-08
2.7087851e-08
9.863113e-09
3.547168e-09
1.2606487e-09
4.4294362e-10
1.5393091e-10
5.2928855e-11
1.8013647e-11
6.0700899e-12
2.0258369e-12
6.6981099e-13
2.1945882e-13
7.1271202e-14
2.2947547e-14
7.3268066e-15
2.320274e-15
7.2894554e-16
2.272286e-16
7.0294272e-17
2.1584364e-17
6.5794722e-18
1.991326e-18
5.9849076e-19
1.7864793e-19
5.2969182e-20
1.560236e-20
4.5661906e-21
1.3279065e-21
3.8377952e-22
1.1024183e-22
3.1478143e-23
8.9354446e-24
2.5218103e-24
7.0768709e-25
1.9748989e-25
5.4810541e-26
1.512999e-26
4.154388e-27
1.1347675e-27
3.0837172e-28
8.3376859e-29
2.2431297e-29
6.0053002e-30
1.5999975e-30
4.2426779e-31
1.1197682e-31
2.9418047e-32
7.6935509e-33
2.0030694e-33
5.1921775e-34
1.3400315e-34
3.4436525e-35
8.8122893e-36
2.2456858e-36
5.699348e-37
1.4405948e-37
3.6267948e-38
9.0947786e-39
2.2718112e-39
5.6530891e-40
1.4013767e-40
3.4609954e-41
8.5161892e-42
2.0878939e-42
5.1004751e-43
1.2415717e-43
3.0116977e-44
7.2802854e-45
1.753887e-45
4.2110395e-46
1.0076959e-46
2.4034759e-47
5.7139634e-48
1.354065e-48
3.1986197e-49
7.5322215e-50
1.7682228e-50
4.1382818e-51
9.6557895e-52
2.2462358e-52
5.2099994e-53
1.2048956e-53
2.7784651e-54
6.3887875e-55
1.4648859e-55
3.3494589e-56
7.6373812e-57
1.7367065e-57
3.9385239e-58
8.9079636e-59
2.0094343e-59
4.5209732e-60
1.0145302e-60
2.2708312e-61
5.0699457e-62
1.1290987e-62
2.5083147e-63
5.5585923e-64
1.2288287e-64
2.7100195e-65
5.9623667e-66
1.3087018e-66
2.865819e-67
6.261135e-68
1.3647832e-68
2.9681811e-69
6.440847e-70
1.3945402e-70
3.0127561e-71
6.4945803e-72
1.3970166e-72
2.9986404e-73
6.42286e-74
1.3728483e-74
2.9282983e-75
6.23326e-76
1.3241303e-76
2.8071786e-77
5.9393832e-78
1.2541592e-78
2.64309e-79
5.5593881e-80
1.1670931e-80
2.4454293e-81
5.1142655e-82
1.0675726e-82
2.2243586e-83
4.6260749e-84
9.6034678e-85
1.9900228e-85
4.1163235e-86
8.4994191e-87
1.7518786e-87
3.6046277e-88
7.4039768e-89
1.5181838e-89
3.1077403e-90
6.350859e-91
1.2956682e-91
2.6389724e-92
5.3661362e-93
1.0893823e-93
2.2079876e-94
4.4680339e-95
9.0270445e-96
1.820915e-96
3.6673671e-97
7.3747149e-98
1.4807022e-98
2.9684331e-99
5.9419528e-100
1.1876236e-100
2.3701801e-101
4.723261e-102
9.3986547e-103
1.8674873e-103
3.7052948e-104
7.3411816e-105
1.4524197e-105
2.8694985e-106
5.6612505e-107
1.1153622e-107
2.1944278e-108
4.3115461e-109
8.4597147e-110
1.6576536e-110
3.2437821e-111
6.3391901e-112
1.2372128e-112
2.4115033e-113
4.6942733e-114
9.1262037e-115
1.7719741e-115
3.436166e-116
6.6549467e-117
1.2872792e-117
2.486925e-118
4.7986661e-119
9.2467037e-120
1.787172e-120
3.0138155e-121
8.0001283
8.0011801
7.9987329
7.9967968
8.0004388
8.0060371
8.0054657
7.996467
7.98731
7.9879561
8.0002317
8.0175417
8.0290378
8.0256365
8.0054597
7.9750896
7.9460305
7.9298674
7.9349935
7.9651606
8.0189241
8.0891408
8.1622128
8.2173466
8.2265043
8.155925
7.9699705
7.6374907
7.1398921
6.4788326
5.6805396
4.7940682
3.8828635
3.011935
2.2350219
1.5859871
1.0765223
0.69952086
0.43566292
0.26044276
0.14969508
0.082872313
0.044270934
0.022863605
0.011436463
0.0055506991
0.0026186388
0.0012028382
0.00053881294
0.00023573491
0.00010087395
4.2274147e-05
1.7371613e-05
7.007479e-06
2.7777073e-06
1.0829853e-06
4.1566416e-07
1.571759e-07
5.8595152e-08
2.1550189e-08
7.82367e-09
2.8052654e-09
9.9392885e-10
3.481373e-10
1.2059795e-10
4.1332279e-11
1.402014e-11
4.708377e-12
1.5659516e-12
5.159376e-13
1.6843926e-13
5.4503608e-14
1.7484169e-14
5.561589e-15
1.7545996e-15
5.4912187e-16
1.7051127e-16
5.2542315e-17
1.6069839e-17
4.8790054e-18
1.4707423e-18
4.4024326e-19
1.308767e-19
3.8646096e-20
1.1336541e-20
3.3040223e-21
9.5685611e-22
2.7538704e-22
7.8774153e-23
2.2398342e-23
6.3312116e-24
1.7792709e-24
4.971937e-25
1.3815931e-25
3.8180989e-26
1.0494622e-26
2.8693146e-27
7.8040345e-28
2.1116734e-28
5.685082e-29
1.5229446e-29
4.0597829e-30
1.0770255e-30
2.8437137e-31
7.4733255e-32
1.9549728e-32
5.0909194e-33
1.3198044e-33
3.4065062e-34
8.7543292e-35
2.2401534e-35
5.7082147e-36
1.4484931e-36
3.6605925e-37
9.213612e-38
2.3098098e-38
5.7678491e-39
1.4347164e-39
3.5551293e-40
8.7761497e-41
2.1584082e-41
5.2888999e-42
1.2912789e-42
3.1413628e-43
7.6151664e-44
1.8396004e-44
4.4286313e-45
1.0625179e-45
2.5406341e-46
6.0548744e-47
1.4382785e-47
3.4054386e-48
8.0373398e-49
1.8909391e-49
4.4349128e-50
1.0369338e-50
2.4170808e-51
5.6172147e-52
1.3015348e-52
3.006841e-53
6.9262743e-54
1.5908817e-54
3.6436719e-55
8.3218083e-56
1.895339e-56
4.3048727e-57
9.7510447e-58
2.2027864e-58
4.9629146e-59
1.1152108e-59
2.4994544e-60
5.5874509e-61
1.2458748e-61
2.7710158e-62
6.1477913e-63
1.3605863e-63
3.0038008e-64
6.6155393e-65
1.4535142e-65
3.1859864e-66
6.9670613e-67
1.5200112e-67
3.3086097e-68
7.1854826e-69
1.5569973e-69
3.3662858e-70
7.2619781e-71
1.5631805e-71
3.3575526e-72
7.1962331e-73
1.5390946e-73
3.2848232e-74
6.996068e-75
1.4869625e-75
3.1539767e-76
6.6763303e-77
1.4104129e-77
2.9736646e-78
6.2572427e-79
1.3140964e-79
2.7544347e-80
5.7624406e-81
1.2032524e-81
2.5077881e-82
5.2169432e-83
1.0832778e-83
2.2452734e-84
4.6452743e-85
9.5934149e-86
1.9777059e-86
4.0698991e-87
8.3607595e-88
1.7145675e-88
3.5100782e-89
7.1736265e-90
1.4636151e-90
2.9811748e-91
6.0621496e-92
1.2306955e-92
2.4943962e-93
5.0475084e-94
1.0197444e-94
2.0569047e-95
4.1423927e-96
8.3292959e-97
1.6722103e-97
3.3520042e-98
6.7089536e-99
1.3407475e-99
2.6753861e-100
5.3306296e-101
1.0605431e-101
2.1068861e-102
4.1794753e-103
8.2789544e-104
1.6375975e-104
3.2346084e-105
6.3800483e-106
1.2566626e-106
2.4717846e-107
4.85517e-108
9.5236788e-109
1.8655894e-109
3.6495807e-110
7.1300055e-111
1.391109e-111
2.7105736e-112
5.2746579e-113
1.0250964e-113
1.9896497e-114
3.856863e-115
7.4669217e-116
1.4437862e-116
2.7881885e-117
5.3777841e-118
1.0359781e-118
1.9932868e-119
3.8300363e-120
7.3813122e-121
1.2418146e-121
8.0001433
8.0010408
7.9988925
7.9970367
8.000198
8.0054389
8.005378
7.997692
7.9887344
7.987734
7.9981408
8.0145751
8.0266154
8.0253415
8.0082503
7.9803706
7.9519262
7.9345445
7.9378411
7.9670556
8.0215163
8.0935145
8.1674407
8.2193912
8.2177911
8.1257543
7.9058498
7.5274546
6.9756983
6.2593436
5.4139258
4.4974422
3.5789588
2.7239222
1.9814789
1.3778058
0.91643865
0.58377596
0.35666874
0.20936203
0.11828632
0.064444818
0.033921475
0.017282235
0.0085378341
0.0040970789
0.0019129488
0.00087040734
0.00038652862
0.00016776108
7.1256073e-05
2.9655462e-05
1.2106861e-05
4.8535163e-06
1.9124818e-06
7.4137419e-07
2.8296208e-07
1.0641214e-07
3.9456666e-08
1.4433944e-08
5.2123256e-09
1.8590284e-09
6.5517323e-10
2.2826173e-10
7.8649032e-11
2.6810216e-11
9.0449342e-12
3.0209932e-12
9.9922868e-13
3.2739647e-13
1.0629004e-13
3.4200257e-14
1.0909047e-14
3.4503395e-15
1.0822964e-15
3.3676506e-16
1.0396502e-16
3.1849733e-17
9.6840741e-18
2.9229156e-18
8.7588953e-19
2.6062944e-19
7.7019781e-20
2.2607203e-20
6.5919807e-21
1.9097048e-21
5.497337e-22
1.5726317e-22
4.4713759e-23
1.2637002e-23
3.5504487e-24
9.917562e-25
2.7545695e-25
7.6080438e-26
2.0898001e-26
5.7093898e-27
1.551556e-27
4.1944642e-28
1.1281171e-28
3.0188174e-29
8.0382195e-30
2.1298922e-30
5.6164724e-31
1.4740442e-31
3.8506146e-32
1.0012746e-32
2.5918522e-33
6.6792938e-34
1.7137319e-34
4.3779955e-35
1.1136666e-35
2.82104e-36
7.1164531e-37
1.7879022e-37
4.4737799e-38
1.1150147e-38
2.7681236e-39
6.8456163e-40
1.6864934e-40
4.1392724e-41
1.0121677e-41
2.4659906e-42
5.9863446e-43
1.448051e-43
3.4904215e-44
8.384235e-45
2.0070573e-45
4.7883485e-46
1.1385703e-46
2.6983617e-47
6.3741826e-48
1.5008948e-48
3.5228531e-49
8.2427871e-50
1.9226727e-50
4.4709982e-51
1.036543e-51
2.395904e-52
5.5216134e-53
1.2687968e-53
2.907116e-54
6.6418841e-55
1.5131887e-55
3.4378084e-56
7.7888033e-57
1.7598424e-57
3.9655552e-58
8.9119839e-59
1.9975505e-59
4.4656706e-60
9.9575727e-61
2.2146767e-61
4.9132533e-62
1.0872808e-62
2.4001566e-63
5.2853542e-64
1.1610648e-64
2.5444721e-65
5.5629943e-66
1.2133885e-66
2.6404746e-67
5.7327799e-68
1.2418235e-68
2.6839588e-69
5.7879264e-70
1.2454063e-70
2.6739273e-71
5.7285933e-72
1.22466e-72
2.6125304e-73
5.5615322e-74
1.1814727e-74
2.5047119e-75
5.2991396e-76
1.1188578e-76
2.357625e-77
4.9580752e-78
1.0406343e-78
2.1799065e-79
4.5576414e-80
9.510706e-81
1.9809038e-81
4.1181253e-82
8.5453283e-83
1.7699392e-83
3.6592792e-84
7.5517488e-85
1.5556839e-85
3.1990718e-86
6.5669283e-87
1.3456837e-87
2.7527886e-88
5.6215802e-89
1.146057e-89
2.3325053e-90
4.7392982e-91
9.613614e-92
1.9469138e-92
3.9364095e-93
7.9460874e-94
1.6014443e-94
3.2224164e-95
6.4739387e-96
1.2986087e-96
2.600857e-97
5.2010218e-98
1.0384854e-98
2.0704132e-99
4.1215826e-100
8.1926912e-101
1.6261103e-101
3.2228449e-102
6.3782263e-103
1.2604818e-103
2.48745e-104
4.9018292e-105
9.6461248e-106
1.895585e-106
3.7199242e-107
7.2900415e-108
1.4267098e-108
2.7884032e-109
5.4424481e-110
1.0608556e-110
2.0651229e-111
4.0148333e-112
7.7951672e-113
1.5115547e-113
2.9272985e-114
5.6618586e-115
1.0937145e-115
2.1101138e-116
4.0660135e-117
7.8252228e-118
1.5041582e-118
2.8877734e-119
5.5374704e-120
1.060429e-120
2.0367199e-121
3.4171714e-122
8.0001327
8.000886
7.9990799
7.997435
7.9999105
8.0045035
8.0051536
7.9991347
7.9907903
7.9880982
7.9956724
8.0105086
8.0235601
8.025391
8.0117377
7.9858531
7.9572035
7.9379892
7.9392754
7.9677834
8.023532
8.0981436
8.1736932
8.222276
8.2069369
8.0850183
7.8149453
7.36636
6.7312699
5.9317195
5.0194655
4.0661888
3.1473374
2.3257584
1.6409067
1.1062196
0.7135143
0.4410486
0.26176081
0.14945693
0.082260662
0.043731389
0.022498457
0.011221947
0.0054362183
0.0025618495
0.0011762808
0.00052698757
0.00023068147
9.8787105e-05
4.1436001e-05
1.7042143e-05
6.8799226e-06
2.7287711e-06
1.0642772e-06
4.0850461e-07
1.5442462e-07
5.7532166e-08
2.1137479e-08
7.6629487e-09
2.742655e-09
9.6960182e-10
3.3873553e-10
1.1699216e-10
3.9962423e-11
1.3505307e-11
4.517129e-12
1.4957677e-12
4.9049991e-13
1.59334e-13
5.1284642e-14
1.6360011e-14
5.1736784e-15
1.6223021e-15
5.0451312e-16
1.5563564e-16
4.7634858e-17
1.4467698e-17
4.3612273e-18
1.3050452e-18
3.8772123e-19
1.1438202e-19
3.351231e-20
9.7526178e-21
2.819472e-21
8.0984418e-22
2.311413e-22
6.5561584e-23
1.848284e-23
5.1794684e-24
1.4429363e-24
3.9966975e-25
1.1007604e-25
3.014849e-26
8.2122485e-27
2.2249671e-27
5.9963939e-28
1.6076839e-28
4.2883763e-29
1.1381606e-29
3.0058578e-30
7.899912e-31
2.066326e-31
5.3793665e-32
1.3939629e-32
3.595757e-33
9.2337683e-34
2.3607327e-34
6.0092853e-35
1.523124e-35
3.8442508e-36
9.662268e-37
2.4185978e-37
6.0296359e-38
1.4972229e-38
3.7031754e-39
9.1238575e-40
2.2393526e-40
5.4755682e-41
1.3338929e-41
3.2375741e-42
7.8297318e-43
1.8867895e-43
4.530748e-44
1.0841925e-44
2.5855481e-45
6.1450838e-46
1.4556297e-46
3.43669e-47
8.0875011e-48
1.8971019e-48
4.4359505e-49
1.0339976e-49
2.4027356e-50
5.5662466e-51
1.2855975e-51
2.9603945e-52
6.7969118e-53
1.5559885e-53
3.5518026e-54
8.084508e-55
1.834996e-55
4.1534366e-56
9.3752929e-57
2.1104767e-57
4.738143e-58
1.0609155e-58
2.369253e-59
5.2773123e-60
1.1724582e-60
2.598229e-61
5.7433474e-62
1.2664038e-62
2.7855468e-63
6.1121127e-64
1.3379077e-64
2.9216353e-65
6.3650497e-66
1.3834527e-66
3.0000196e-67
6.4907006e-68
1.4011254e-68
3.0177999e-69
6.4854755e-70
1.3907239e-70
2.975756e-71
6.3536095e-72
1.3536919e-72
2.8780903e-73
6.1063731e-74
1.2929016e-74
2.7318674e-75
5.7606887e-76
1.212323e-76
2.5462425e-77
5.3373663e-78
1.1166271e-78
2.3315851e-79
4.8591938e-80
1.0107758e-80
2.0986051e-81
4.3491014e-82
8.9963988e-83
1.8575716e-83
3.8285771e-84
7.8768277e-85
1.6176869e-85
3.3164519e-86
6.7872827e-87
1.3866534e-87
2.8281102e-88
5.7582133e-89
1.1704387e-89
2.3751197e-90
4.8117668e-91
9.7322241e-92
1.965234e-92
3.9620243e-93
7.9749265e-94
1.6026875e-94
3.2158032e-95
6.4424978e-96
1.2886916e-96
2.5738263e-97
5.1327546e-98
1.022041e-98
2.0320671e-99
4.0342705e-100
7.9975054e-101
1.5831125e-101
3.1292616e-102
6.1766061e-103
1.2174212e-103
2.3961814e-104
4.7096787e-105
9.2440106e-106
1.8118903e-106
3.5465854e-107
6.9326712e-108
1.3533403e-108
2.6383609e-109
5.1367285e-110
9.9877725e-111
1.9394771e-111
3.7613085e-112
7.2851038e-113
1.4092214e-113
2.7225352e-114
5.2531841e-115
1.0123499e-115
1.9485047e-116
3.7457517e-117
7.1919569e-118
1.3792072e-118
2.6417401e-119
5.0539675e-120
9.6574452e-121
1.8429946e-121
3.5273211e-122
5.9022356e-123
8.0001044
8.0006744
7.9993615
7.9980222
7.9995722
8.0031356
8.0045289
8.0007736
7.9937571
7.9894975
7.9933836
8.0053067
8.0186919
8.0242174
8.0154685
7.9929312
7.9644527
7.9425817
7.9403911
7.9671882
8.0247365
8.1040925
8.18317
8.2257807
8.1837314
8.0037986
7.6400576
7.0689867
6.3015916
5.3862182
4.399206
3.4263881
2.5428556
1.7985606
1.2136321
0.78252499
0.48307584
0.28614815
0.1630111
0.089512369
0.047483699
0.024384037
0.0121453
0.0058780006
0.0027687495
0.0012712348
0.00056971603
0.00024953836
0.00010694893
4.4900664e-05
1.8484586e-05
7.4689599e-06
2.9647526e-06
1.1570514e-06
4.4430975e-07
1.6799555e-07
6.2585888e-08
2.2987367e-08
8.328845e-09
2.9784756e-09
1.0517966e-09
3.669425e-10
1.265258e-10
4.3136906e-11
1.4546897e-11
4.8539533e-12
1.6031258e-12
5.2422875e-13
1.6977817e-13
5.4471601e-14
1.7318035e-14
5.457255e-15
1.7048983e-15
5.2816269e-16
1.6228325e-16
4.9465668e-17
1.4960348e-17
4.4902124e-18
1.3376909e-18
3.9562295e-19
1.1617538e-19
3.3878247e-20
9.8122072e-21
2.8230181e-21
8.0690369e-22
2.2916516e-22
6.4677024e-23
1.8141774e-23
5.0581266e-24
1.4019419e-24
3.8632186e-25
1.0585087e-25
2.8841043e-26
7.8152507e-27
2.106362e-27
5.6470636e-28
1.506094e-28
3.9963203e-29
1.0550795e-29
2.7718105e-30
7.2465483e-31
1.8854844e-31
4.8828414e-32
1.2586738e-32
3.2298084e-33
8.2507702e-34
2.0984415e-34
5.3139016e-35
1.3399029e-35
3.3643757e-36
8.4126822e-37
2.0950294e-37
5.1963401e-38
1.2837557e-38
3.1591442e-39
7.744318e-40
1.891243e-40
4.601349e-41
1.1153712e-41
2.6938428e-42
6.4828416e-43
1.5546053e-43
3.7149862e-44
8.847018e-45
2.0997094e-45
4.966649e-46
1.1709243e-46
2.751528e-47
6.4449131e-48
1.5047907e-48
3.5024231e-49
8.1266537e-50
1.8798465e-50
4.3352787e-51
9.9680875e-52
2.285192e-52
5.2235433e-53
1.190569e-53
2.7058629e-54
6.1324438e-55
1.3859652e-55
3.1237494e-56
7.0213249e-57
1.5739633e-57
3.5189746e-58
7.8468771e-59
1.7452179e-59
3.8715709e-60
8.5668666e-61
1.8908899e-61
4.163245e-62
9.1438903e-63
2.0034336e-63
4.3790029e-64
9.5486743e-65
2.0772536e-65
4.5084305e-66
9.7625074e-67
2.1091525e-67
4.5464823e-68
9.7785424e-69
2.0985234e-69
4.4937036e-70
9.6018655e-71
2.0472785e-71
4.3558978e-72
9.2484116e-73
1.9595412e-73
4.1433189e-74
8.742947e-75
1.8411599e-75
3.8695272e-76
8.116437e-77
1.6991134e-77
3.5500694e-78
7.4031566e-79
1.5408861e-79
3.2011459e-80
6.6378801e-81
1.3738835e-81
2.8384057e-82
5.8534301e-83
1.204939e-83
2.4759705e-84
5.0787725e-85
1.0399485e-85
2.125747e-86
4.3377523e-87
8.8364536e-88
1.7970406e-88
3.6484713e-89
7.3950909e-90
1.496449e-90
3.0232385e-91
6.0979111e-92
1.2279877e-92
2.4689779e-93
4.9562877e-94
9.9338538e-95
1.9879558e-95
3.9721812e-96
7.9248366e-97
1.5786872e-97
3.1401599e-98
6.2368134e-99
1.2368994e-99
2.4494684e-100
4.8437348e-101
9.5645606e-102
1.8859531e-102
3.7134956e-103
7.3017346e-104
1.4337226e-104
2.8112854e-105
5.50491e-106
1.0764792e-106
2.1022088e-107
4.0998252e-108
7.9850684e-109
1.5531742e-109
3.017132e-110
5.8533618e-111
1.1341163e-111
2.1945993e-112
4.241333e-113
8.1865911e-114
1.5781979e-114
3.0386548e-115
5.8434149e-116
1.1223321e-116
2.1530248e-117
4.1252798e-118
7.8947449e-119
1.5090605e-119
2.8811277e-120
5.4942577e-121
1.0465293e-121
1.9908362e-122
3.7979924e-123
6.3411337e-124
8.0000343
8.0004596
7.9997889
7.9986961
7.9990991
8.0014508
8.003583
8.0023738
7.9971832
7.9917319
7.9918151
8.0002303
8.0133106
8.0222398
8.0183652
7.9989458
7.9700071
7.9451531
7.9410809
7.9711595
8.0382889
8.1282859
8.2057276
8.2150537
8.0895006
7.7679717
7.2155643
6.4396415
5.4933539
4.4636249
3.4481409
2.5310036
1.7662654
1.1735258
0.74386234
0.45094777
0.26215949
0.14656046
0.07900709
0.041175456
0.020795555
0.0101999
0.0048678988
0.0022642937
0.0010280262
0.00045615574
0.00019804049
8.4211363e-05
3.5104903e-05
1.4358814e-05
5.7672824e-06
2.2764228e-06
8.8363422e-07
3.3753764e-07
1.2696342e-07
4.7054748e-08
1.7192706e-08
6.1963319e-09
2.2039171e-09
7.7398745e-10
2.6850139e-10
9.2048726e-11
3.1197632e-11
1.0457361e-11
3.4679594e-12
1.1382127e-12
3.6983534e-13
1.1900346e-13
3.7931553e-14
1.1979776e-14
3.74986e-15
1.1636043e-15
3.5803049e-16
1.0925839e-16
3.307507e-17
9.9344764e-18
2.9612188e-18
8.7610611e-19
2.5732361e-19
7.5043326e-20
2.1733207e-20
6.2514656e-21
1.786284e-21
5.0709766e-22
1.4304236e-22
4.0098391e-23
1.117207e-23
3.094126e-24
8.5190532e-25
2.3320788e-25
6.3480681e-26
1.7184334e-26
4.6265944e-27
1.2389993e-27
3.3006815e-28
8.7478187e-29
2.3067417e-29
6.0525653e-30
1.5803687e-30
4.1066888e-31
1.0621226e-31
2.7342674e-32
7.0068663e-33
1.7875384e-33
4.5401151e-34
1.1481238e-34
2.8910169e-35
7.2490551e-36
1.8101274e-36
4.5015415e-37
1.1149732e-37
2.7507095e-38
6.7597015e-39
1.6547698e-39
4.0355164e-40
9.8047316e-41
2.3733972e-41
5.7243444e-42
1.3756999e-42
3.2944718e-43
7.8619992e-44
1.86976e-44
4.4316403e-45
1.0468598e-45
2.4647744e-46
5.7842793e-47
1.3530791e-47
3.1551279e-48
7.3341245e-49
1.6995517e-49
3.9263788e-50
9.0435373e-51
2.076773e-51
4.7551062e-52
1.0855942e-52
2.4713043e-53
5.6098514e-54
1.2698653e-54
2.86655e-55
6.4531411e-56
1.4487934e-56
3.2439866e-57
7.2443988e-58
1.6135762e-58
3.5847046e-59
7.9434045e-60
1.7557467e-60
3.8710708e-61
8.5138597e-62
1.8679264e-62
4.0882979e-63
8.9266026e-64
1.9444732e-64
4.2257208e-65
9.1620695e-66
1.9819419e-66
4.2776306e-67
9.2117251e-68
1.9793113e-68
4.2435822e-69
9.0783379e-70
1.9379604e-70
4.1281719e-71
8.775145e-72
1.861417e-72
3.9403509e-73
8.3240932e-74
1.7549248e-74
3.6923958e-75
7.7534443e-76
1.6248981e-76
3.3986845e-77
7.0950748e-78
1.4783338e-78
3.0744346e-79
6.3817983e-80
1.3222499e-80
2.7345397e-81
5.6449821e-82
1.1632039e-82
2.3926065e-83
4.9126521e-84
1.0069248e-84
2.0602562e-85
4.2081911e-86
8.5807731e-87
1.7467097e-87
3.5496451e-88
7.2015418e-89
1.458642e-89
2.9495852e-90
5.9548154e-91
1.2002644e-91
2.4154209e-92
4.85313e-93
9.7357656e-94
1.9500384e-94
3.89984e-95
7.7872947e-96
1.5526308e-96
3.090986e-97
6.1443866e-98
1.2196018e-98
2.417246e-99
4.7840107e-100
9.4544679e-101
1.8657814e-101
3.6767843e-102
7.2354282e-103
1.4218504e-103
2.7902425e-104
5.4680586e-105
1.0701194e-105
2.0914323e-106
4.081995e-107
7.9565124e-108
1.5488133e-108
3.0109662e-109
5.845848e-110
1.1335175e-110
2.1950899e-111
4.2454514e-112
8.2006264e-113
1.5820706e-113
3.0483463e-114
5.8663274e-115
1.1275497e-115
2.1645932e-116
4.1504172e-117
7.9485098e-118
1.5204135e-118
2.9048463e-119
5.5433639e-120
1.0566122e-120
2.0116522e-121
3.825499e-122
7.2665079e-123
1.3785195e-123
2.6224209e-124
4.3716078e-125
7.9998898
8.0004908
8.0002818
7.9989458
7.9983265
8.0000184
8.0029527
8.0035605
7.9994705
7.9932517
7.991443
7.9987306
8.0124191
8.0225064
8.0179529
7.9950209
7.9623633
7.9395951
7.9491348
8.0036437
8.0932337
8.1777269
8.1890124
8.0459148
7.6788532
7.0558251
6.1984714
5.180037
4.1052562
3.0808862
2.1893538
1.4748113
0.9436449
0.57504878
0.33481692
0.18690593
0.10039207
0.052065503
0.026157161
0.012767039
0.0060693531
0.0028161511
0.0012775071
0.00056733905
0.00024691486
0.00010539903
4.4157617e-05
1.8168046e-05
7.3447181e-06
2.9189457e-06
1.140976e-06
4.3887592e-07
1.6620248e-07
6.1998249e-08
2.2791983e-08
8.2614691e-09
2.9540135e-09
1.0424367e-09
3.6321554e-10
1.2501005e-10
4.2517907e-11
1.4296113e-11
4.7538778e-12
1.5639359e-12
5.0919025e-13
1.6412444e-13
5.2388169e-14
1.6564866e-14
5.1898982e-15
1.611615e-15
4.961408e-16
1.5145857e-16
4.5859259e-17
1.3775226e-17
4.1058073e-18
1.2145405e-18
3.5663219e-19
1.0396853e-19
3.0097495e-20
8.6532034e-21
2.4712092e-21
7.011214e-22
1.976471e-22
5.5368278e-23
1.5415671e-23
4.2662861e-24
1.1737532e-24
3.210658e-25
8.7327517e-26
2.3620852e-26
6.3543814e-27
1.7003122e-27
4.5258958e-28
1.198512e-28
3.1577835e-29
8.2787215e-30
2.1598461e-30
5.6078638e-31
1.4491811e-31
3.7276299e-32
9.5446769e-33
2.4329905e-33
6.174501e-34
1.5601856e-34
3.9254856e-35
9.8351794e-36
2.4539812e-36
6.0980045e-37
1.5092411e-37
3.7205745e-38
9.1362378e-39
2.2348872e-39
5.4462669e-40
1.3222725e-40
3.1984889e-41
7.7089125e-42
1.8513469e-42
4.4304759e-43
1.0565789e-43
2.5110939e-44
5.9477617e-45
1.404085e-45
3.3037083e-46
7.7481356e-47
1.8113334e-47
4.2210764e-48
9.8059416e-49
2.2709833e-49
5.2434124e-50
1.2069967e-50
2.7701699e-51
6.3391473e-52
1.4464218e-52
3.2908955e-53
7.4662612e-54
1.6891838e-54
3.8110942e-55
8.5750298e-56
1.924193e-56
4.3062803e-57
9.6119156e-58
2.1398567e-58
4.7515951e-59
1.0524143e-59
2.3250864e-60
5.1239941e-61
1.126438e-61
2.4702841e-62
5.4042942e-63
1.1794917e-63
2.5681817e-64
5.5788229e-65
1.209083e-65
2.6144298e-66
5.6404742e-67
1.2141777e-67
2.607876e-68
5.5890713e-69
1.1952262e-69
2.5505152e-70
5.4310341e-71
1.1540463e-71
2.4471421e-72
5.1784453e-73
1.0935854e-73
2.3047714e-74
4.8476745e-75
1.017602e-75
2.1319138e-76
4.457761e-77
9.3030945e-78
1.9378027e-78
4.0287564e-79
8.3602545e-80
1.7316601e-80
3.5802056e-81
7.3886116e-82
1.5220697e-82
3.1298989e-83
6.4247638e-84
1.3165038e-84
2.6929733e-85
5.4991267e-86
1.1210213e-86
2.2813874e-87
4.6350645e-88
9.4013557e-89
1.9037482e-89
3.8487443e-90
7.7682882e-91
1.5654327e-91
3.149577e-92
6.3268097e-93
1.2689306e-93
2.5410736e-94
5.0807592e-95
1.014326e-95
2.0219466e-96
4.0244855e-97
7.9984356e-98
1.5873001e-98
3.1454126e-99
6.223948e-100
1.229785e-100
2.4264555e-101
4.7807986e-102
9.4062912e-103
1.8481241e-103
3.6261301e-104
7.1049321e-105
1.3902261e-105
2.7165931e-106
5.301294e-107
1.0331464e-107
2.0108004e-108
3.908477e-109
7.5872083e-110
1.4709455e-110
2.8481015e-111
5.5076054e-112
1.0637088e-112
2.0518202e-113
3.9529054e-114
7.60603e-115
1.4617327e-115
2.8057565e-116
5.3790774e-117
1.0300184e-117
1.9699949e-118
3.7633235e-119
7.1807139e-120
1.3685368e-120
2.6052005e-121
4.9536398e-122
9.4082509e-123
1.7848297e-123
3.3821412e-124
6.4009104e-125
1.2146512e-125
2.0231884e-126
7.9998396
8.0013816
7.9999651
7.9975762
7.9971943
7.9996451
8.00311
8.0035583
7.9992254
7.9943645
7.9961689
8.0067422
8.0183185
8.017588
7.9968311
7.9633814
7.9394033
7.9498674
8.0036709
8.0772654
8.1101345
8.017021
7.7145003
7.1522467
6.3357098
5.3295749
4.2398547
3.1825129
2.2523102
1.5038109
0.94896304
0.56758074
0.32294922
0.17557616
0.091644656
0.046154566
0.022536375
0.010715813
0.0049803248
0.0022690711
0.0010155366
0.00044705894
0.00019370997
8.2635113e-05
3.4705519e-05
1.4348321e-05
5.8387021e-06
2.3383674e-06
9.2171584e-07
3.5761683e-07
1.366041e-07
5.1387397e-08
1.9043466e-08
6.9550551e-09
2.5043959e-09
8.8949451e-10
3.1175607e-10
1.0787261e-10
3.6865695e-11
1.2448995e-11
4.1555295e-12
1.3717384e-12
4.4795496e-13
1.4476818e-13
4.6316693e-14
1.4674726e-14
4.6058042e-15
1.432425e-15
4.4156065e-16
1.3495082e-16
4.0901192e-17
1.22963e-17
3.6676546e-18
1.0856009e-18
3.1893883e-19
9.3021465e-20
2.6938698e-20
7.7475233e-21
2.2131643e-21
6.280543e-22
1.7708375e-22
4.9615851e-23
1.3815991e-23
3.8240236e-24
1.0521817e-24
2.8783599e-25
7.8295018e-26
2.1179046e-26
5.6978189e-27
1.5247055e-27
4.0586517e-28
1.0748259e-28
2.8320147e-29
7.4249438e-30
1.937176e-30
5.0299074e-31
1.2998748e-31
3.3437071e-32
8.561969e-33
2.1825808e-33
5.5392364e-34
1.3997262e-34
3.5219222e-35
8.824478e-36
2.201908e-36
5.4718945e-37
1.354352e-37
3.338926e-38
8.1995299e-39
2.0058705e-39
4.8884686e-40
1.1869227e-40
2.8712752e-41
6.9207396e-42
1.662178e-42
3.9780604e-43
9.4875718e-44
2.2550136e-44
5.341629e-45
1.2610967e-45
2.9675111e-46
6.9602434e-47
1.6272826e-47
3.7925036e-48
8.8111205e-49
2.0407773e-49
4.7123368e-50
1.0848503e-50
2.4900744e-51
5.698751e-52
1.3004316e-52
2.9590414e-53
6.7140604e-54
1.5191645e-54
3.427868e-55
7.7136021e-56
1.7310838e-56
3.8745408e-57
8.6492215e-58
1.9257572e-58
4.2766787e-59
9.4733785e-60
2.0931905e-60
4.6134984e-61
1.0143357e-61
2.2247154e-62
4.8676599e-63
1.0625034e-63
2.313747e-64
5.0267567e-65
1.0895747e-65
2.3563184e-66
5.084276e-67
1.094593e-67
2.3513361e-68
5.0399375e-69
1.0779378e-69
2.3005412e-70
4.8994063e-71
1.041222e-71
2.208202e-72
4.673463e-73
9.8707973e-74
2.0805962e-74
4.3767737e-75
9.1888154e-76
1.9253623e-76
4.0264385e-77
8.4041429e-78
1.7508039e-78
3.6405005e-79
7.5556518e-80
1.5652281e-80
3.2365752e-81
6.6804155e-82
1.3763798e-82
2.8307223e-83
5.81149e-84
1.1910116e-84
2.4366298e-85
4.9763969e-86
1.0146098e-86
2.0651339e-87
4.1963243e-88
8.5127119e-89
1.7240554e-89
3.4859818e-90
7.0371335e-91
1.418304e-91
2.8539849e-92
5.7338825e-93
1.1501818e-93
2.3036182e-94
4.6066642e-95
9.1981445e-96
1.8338214e-96
3.6505851e-97
7.2564118e-98
1.4402592e-98
2.8544603e-99
5.6490717e-100
1.116362e-100
2.2029921e-101
4.3411595e-102
8.542567e-103
1.6786717e-103
3.2941445e-104
6.4554092e-105
1.2633215e-105
2.4689797e-106
4.8188045e-107
9.3925549e-108
1.8283329e-108
3.5543341e-109
6.9007622e-110
1.3380611e-110
2.5911892e-111
5.011535e-112
9.6804368e-113
1.867565e-113
3.5984632e-114
6.9250497e-115
1.3310582e-115
2.5553084e-116
4.8996544e-117
9.3835466e-118
1.794947e-118
3.4294359e-119
6.5446071e-120
1.2474913e-120
2.3751311e-121
4.5168604e-122
8.5800034e-123
1.6279548e-123
3.0853422e-124
5.8407952e-125
1.1044619e-125
2.0858762e-126
3.9493952e-127
6.5786192e-128
8.0019495
8.0026732
7.9947982
7.9938795
7.9971346
8.0002761
8.0029125
8.0030511
8.0016705
8.0037872
8.0097818
8.0102106
7.9934345
7.9592247
7.9237647
7.9085052
7.9188294
7.9265847
7.8684648
7.6632534
7.2412224
6.5730821
5.6858627
4.6586761
3.6001039
2.6169561
1.7872759
1.1471163
0.69306286
0.39540194
0.21397533
0.11047195
0.054781072
0.026281074
0.01228502
0.0056306524
0.0025428354
0.00113515
0.00050171664
0.00021961653
9.5154796e-05
4.0768022e-05
1.7251926e-05
7.2030687e-06
2.9645988e-06
1.2019372e-06
4.7979986e-07
1.8853254e-07
7.29165e-08
2.7759492e-08
1.0404732e-08
3.8407318e-09
1.3967645e-09
5.0065729e-10
1.7695537e-10
6.1701655e-11
2.1234698e-11
7.2163282e-12
2.4227455e-12
8.0392359e-13
2.6376901e-13
8.5607749e-14
2.7494909e-14
8.7418261e-15
2.7524206e-15
8.5848709e-16
2.6533493e-16
8.1287617e-17
2.4691293e-17
7.4381675e-18
2.222785e-18
6.5908121e-19
1.9394797e-19
5.66534e-20
1.6430314e-20
4.7317849e-21
1.3534411e-21
3.8455718e-22
1.0855708e-22
3.0450623e-23
8.4886177e-24
2.3520129e-24
6.4782977e-25
1.7740042e-25
4.8302845e-26
1.3078707e-26
3.5219134e-27
9.4332243e-28
2.5133528e-28
6.6619463e-29
1.7568886e-29
4.6102283e-30
1.2038546e-30
3.1284999e-31
8.0917906e-32
2.0832159e-32
5.3387403e-33
1.3620433e-33
3.4595722e-34
8.7491144e-35
2.2031599e-35
5.5245555e-36
1.3795785e-36
3.4310014e-37
8.4986054e-38
2.0967804e-38
5.1530257e-39
1.2615389e-39
3.0767502e-40
7.4758544e-41
1.8097956e-41
4.3653687e-42
1.0491971e-42
2.5128094e-43
5.9972112e-44
1.4264189e-44
3.3812159e-45
7.9881537e-46
1.8809917e-46
4.4148213e-47
1.032865e-47
2.408775e-48
5.6000096e-49
1.2978917e-49
2.9989016e-50
6.9083867e-51
1.5867114e-51
3.6336415e-52
8.2970671e-53
1.8891255e-53
4.2890957e-54
9.7107782e-55
2.1925027e-55
4.9367165e-56
1.1085673e-56
2.4827064e-57
5.54551e-58
1.2354453e-58
2.7452655e-59
6.0846643e-60
1.3452182e-60
2.9666402e-61
6.52627e-62
1.4322043e-62
3.1354236e-63
6.8477861e-64
1.4920315e-64
3.2433262e-65
7.0339435e-66
1.5219954e-66
3.285825e-67
7.0778674e-68
1.5212388e-68
3.2624153e-69
6.9813236e-70
1.4907422e-70
3.1764571e-71
6.7541153e-72
1.4331382e-72
3.0346656e-73
6.4127694e-74
1.3523875e-74
2.846335e-75
5.9787266e-76
1.2533649e-76
2.6224105e-77
5.4762879e-78
1.1414116e-78
2.3745236e-79
4.9305652e-80
1.0219049e-80
2.1140992e-81
4.365648e-82
8.9988671e-83
1.8516117e-83
3.8031375e-84
7.7977835e-85
1.5960416e-85
3.2611288e-86
6.6519517e-87
1.3545474e-87
2.7536568e-88
5.5885911e-89
1.1323433e-89
2.2905689e-90
4.6259857e-91
9.3275358e-92
1.877748e-92
3.7741691e-93
7.5739926e-94
1.5175873e-94
3.0360814e-95
6.0647055e-96
1.2096177e-96
2.4089852e-97
4.7904144e-98
9.5119673e-99
1.8859543e-99
3.7338833e-100
7.3818328e-101
1.4572921e-101
2.8728499e-102
5.655463e-103
1.1117756e-103
2.1825523e-104
4.2787362e-105
8.3767272e-106
1.6377435e-106
3.1976771e-107
6.2351238e-108
1.2141763e-108
2.3612884e-109
4.5861818e-110
8.8959581e-111
1.7233666e-111
3.3343428e-112
6.4430956e-113
1.2434683e-113
2.3968159e-114
4.6142207e-115
8.8721667e-116
1.7038543e-116
3.2682135e-117
6.2613395e-118
1.1981372e-118
2.2899809e-119
4.371662e-120
8.3359297e-121
1.5876598e-121
3.020368e-122
5.739369e-123
1.0893638e-123
2.0653264e-124
3.9112298e-125
7.3985805e-126
1.3979599e-126
2.6384789e-127
4.9736509e-128
9.3978849e-129
1.5672493e-129
8.012849
7.992789
7.9807001
7.9980459
7.9998461
7.9955448
8.0068329
8.0202631
8.0179703
7.9937178
7.9431372
7.8682406
7.782486
7.6932863
7.5780238
7.3812055
7.0371195
6.5011269
5.771158
4.8911795
3.9385163
3.0022032
2.1606929
1.4658343
0.93693225
0.56473725
0.32177733
0.17401836
0.089819737
0.044541614
0.021372374
0.0099902976
0.0045760476
0.0020634963
0.000919194
0.00040545972
0.00017738094
7.7026256e-05
3.3203619e-05
1.4200671e-05
6.0194498e-06
2.5255347e-06
1.0473504e-06
4.2875618e-07
1.7307641e-07
6.8836369e-08
2.6959474e-08
1.0394118e-08
3.9446642e-09
1.4737341e-09
5.4214219e-10
1.9644343e-10
7.0140749e-11
2.46893e-11
8.5716189e-12
2.9366209e-12
9.9329747e-13
3.3187085e-13
1.0957792e-13
3.5771655e-14
1.1550641e-14
3.690656e-15
1.1673504e-15
3.656445e-16
1.1345604e-16
3.488578e-17
1.0632963e-17
3.2134376e-18
9.6319033e-19
2.8641174e-19
8.4510189e-20
2.474935e-20
7.1952541e-21
2.0770262e-21
5.9543214e-22
1.6954832e-22
4.7962073e-23
1.3480752e-23
3.7653645e-24
1.0452939e-24
2.8844765e-25
7.9131402e-26
2.1584276e-26
5.8544224e-27
1.5792015e-27
4.2368683e-28
1.1307106e-28
3.0019292e-29
7.929279e-30
2.0839704e-30
5.4502049e-31
1.418519e-31
3.6744711e-32
9.4738612e-33
2.4314524e-33
6.2121808e-34
1.5801343e-34
4.0017196e-35
1.0090954e-35
2.5338452e-36
6.3360532e-37
1.5778881e-37
3.9136258e-38
9.6683969e-39
2.3791806e-39
5.8320755e-40
1.424184e-40
3.4648156e-41
8.3982431e-42
2.0282139e-42
4.880656e-43
1.1703168e-43
2.796473e-44
6.6591751e-45
1.5803492e-45
3.7379051e-46
8.8118153e-47
2.0705385e-47
4.8495399e-48
1.1322313e-48
2.6351476e-49
6.1140251e-50
1.4142265e-50
3.2613461e-51
7.4985497e-52
1.7190009e-52
3.9292443e-53
8.9555332e-54
2.0353467e-54
4.6127999e-55
1.0425206e-55
2.3497011e-56
5.2815636e-57
1.1839899e-57
2.6471742e-58
5.9030873e-59
1.3129586e-59
2.9128e-60
6.4457072e-61
1.4227973e-61
3.132853e-62
6.8813457e-63
1.5078381e-63
3.2960624e-64
7.1879775e-65
1.5638663e-65
3.3945714e-66
7.3514561e-67
1.5884566e-67
3.4245316e-68
7.3664962e-69
1.5811195e-69
3.3862745e-70
7.2367402e-71
1.5432513e-71
3.2840709e-72
6.9739647e-73
1.477908e-73
3.1255348e-74
6.5965878e-75
1.3894441e-75
2.9207742e-76
6.1277135e-77
1.2830711e-77
2.6814082e-78
5.5929772e-79
1.1643913e-79
2.4195712e-80
5.0184437e-81
1.038959e-81
2.1470093e-82
4.4287676e-83
9.1191117e-84
1.8743468e-84
3.8457597e-85
7.8769129e-86
1.6105657e-86
3.2874267e-87
6.6987778e-88
1.36271e-88
2.7674905e-89
5.6111262e-90
1.1357987e-90
2.2953364e-91
4.6311734e-92
9.3291377e-93
1.8763059e-93
3.7677611e-94
7.554164e-95
1.5122323e-95
3.0226322e-96
6.0324308e-97
1.2021126e-97
2.3919334e-98
4.7523624e-99
9.4282652e-100
1.8677599e-100
3.6947276e-101
7.2982887e-102
1.4396002e-102
2.8356326e-103
5.577635e-104
1.0955877e-104
2.1490469e-105
4.209699e-106
8.2350691e-107
1.6087891e-107
3.1387097e-108
6.1154423e-109
1.1899636e-109
2.3124533e-110
4.487971e-111
8.6989962e-112
1.6839704e-112
3.2557434e-113
6.286665e-114
1.2124084e-114
2.3352857e-115
4.4925971e-116
8.6322723e-117
1.6566349e-117
3.1754569e-118
6.0794882e-119
1.1625532e-119
2.2204814e-120
4.2361699e-121
8.0722548e-122
1.5364372e-122
2.9210321e-123
5.5470529e-124
1.0521932e-124
1.9936012e-125
3.7730533e-126
7.1328173e-127
1.3469266e-127
2.5406319e-128
4.7869084e-129
9.0081709e-130
1.6988763e-130
2.8409903e-131
8.0278797
7.9459384
7.9970825
8.0294198
7.9627866
7.9980782
8.1061674
8.0528046
7.7940896
7.4769487
7.1673298
6.7773279
6.2037537
5.4395381
4.5648003
3.6817408
2.8670108
2.1604415
1.5745474
1.1069489
0.74806405
0.48434574
0.29972659
0.17705825
0.09985014
0.053823337
0.027797794
0.01380153
0.0066154436
0.0030764175
0.0013954124
0.00062064161
0.00027199046
0.0001179076
5.0702142e-05
2.1664964e-05
9.206322e-06
3.8907942e-06
1.6345048e-06
6.8187393e-07
2.821172e-07
1.1559335e-07
4.6836604e-08
1.8742072e-08
7.3987313e-09
2.8790439e-09
1.1037046e-09
4.1671805e-10
1.5494693e-10
5.6744372e-11
2.0471527e-11
7.2781511e-12
2.5510091e-12
8.8189968e-13
3.0085032e-13
1.0132533e-13
3.3708025e-14
1.1081628e-14
3.6018815e-15
1.1579855e-15
3.6838992e-16
1.1601567e-16
3.6182076e-17
1.1178721e-17
3.4226076e-18
1.0387812e-18
3.1262237e-19
9.3317723e-20
2.7635536e-20
8.1214943e-21
2.3690074e-21
6.8604318e-22
1.9727754e-22
5.6341257e-23
1.5983612e-23
4.5050059e-24
1.2617008e-24
3.5117446e-25
9.7153072e-26
2.6718727e-26
7.3056063e-27
1.9862374e-27
5.3702085e-28
1.4440584e-28
3.8624109e-29
1.0276776e-29
2.7203376e-30
7.1646914e-31
1.877676e-31
4.8970054e-32
1.2710548e-32
3.2836546e-33
8.4439324e-34
2.1615217e-34
5.5085142e-35
1.3976579e-35
3.530932e-36
8.8823861e-37
2.2251055e-37
5.5511157e-38
1.3792597e-38
3.4132998e-39
8.4137845e-40
2.0659612e-40
5.0534898e-41
1.2314679e-41
2.9897899e-42
7.2321434e-43
1.7431087e-43
4.186343e-44
1.0018884e-44
2.3894552e-45
5.6792871e-46
1.3453151e-46
3.1762079e-47
7.4742499e-48
1.7531484e-48
4.0990229e-49
9.5536753e-50
2.2197626e-50
5.1416866e-51
1.1873657e-51
2.7337551e-52
6.2754811e-53
1.4363575e-53
3.2780956e-54
7.4600093e-55
1.6928977e-55
3.8309825e-56
8.6455388e-57
1.9457652e-57
4.3673602e-58
9.7766779e-59
2.1828334e-59
4.8609359e-60
1.0796972e-60
2.3921002e-61
5.2864537e-62
1.1653845e-62
2.5627467e-63
5.6219303e-64
1.2303254e-64
2.6860904e-65
5.850573e-66
1.2713473e-66
2.7563148e-67
5.9621473e-68
1.2867561e-68
2.7708922e-69
5.9536441e-70
1.2764265e-70
2.7306635e-71
5.8292074e-72
1.2417356e-72
2.6395894e-73
5.599384e-74
1.1853586e-74
2.5042268e-75
5.2798389e-76
1.1109623e-76
2.3330177e-77
4.8897323e-78
1.0228422e-78
2.1354861e-79
4.4499725e-80
9.2554633e-81
1.9214406e-81
3.981542e-82
8.2352845e-83
1.7002636e-83
3.5040598e-84
7.2086093e-85
1.4803461e-85
3.0346858e-86
6.2102601e-87
1.2686978e-87
2.5874119e-88
5.267912e-89
1.0707387e-89
2.1727357e-90
4.4016452e-91
8.9025438e-92
1.7976712e-92
3.6241781e-93
7.2948756e-94
1.4660245e-94
2.9416117e-95
5.8932657e-96
1.1788509e-96
2.3545046e-97
4.6955181e-98
9.3501e-99
1.8591016e-99
3.6910458e-100
7.3174612e-101
1.4485759e-101
2.8634993e-102
5.6524e-103
1.1141757e-103
2.19313e-104
4.3109185e-105
8.4620345e-106
1.658762e-106
3.2471497e-107
6.3479593e-108
1.2393219e-108
2.4163328e-109
4.704966e-110
9.1492975e-111
1.7768667e-111
3.4463715e-112
6.6759595e-113
1.2915577e-113
2.4955519e-114
4.8158851e-115
9.282102e-116
1.7868217e-116
3.4354582e-117
6.5972132e-118
1.2653555e-118
2.4240662e-119
4.638312e-120
8.8646701e-121
1.6922163e-121
3.2265861e-122
6.1450877e-123
1.1689976e-123
2.2212783e-124
4.2159857e-125
7.9929104e-126
1.5136415e-126
2.8632265e-127
5.4100967e-128
1.02111e-128
1.925126e-129
3.6254775e-130
6.8201011e-131
1.2814238e-131
2.4122771e-132
4.055319e-133
8.0018733
7.9072201
8.175022
7.8805739
7.8629034
8.4738245
8.2629508
6.8192034
5.0230105
3.5945008
2.6445788
2.0077356
1.532929
1.1507359
0.84093948
0.59731249
0.41278129
0.27762692
0.18149268
0.11502534
0.070461149
0.041604661
0.023633297
0.012902928
0.0067714946
0.0034198226
0.0016654844
0.0007844356
0.00035862311
0.00015981788
6.9744496e-05
2.994166e-05
1.2697462e-05
5.3367674e-06
2.2282824e-06
9.2548273e-07
3.8253785e-07
1.5732508e-07
6.4332525e-08
2.6128209e-08
1.052632e-08
4.2008301e-09
1.658463e-09
6.469501e-10
2.4911739e-10
9.4620608e-11
3.5432618e-11
1.3078025e-11
4.7574862e-12
1.7059051e-12
6.0305529e-13
2.1024736e-13
7.2316967e-14
2.4550958e-14
8.2301606e-15
2.7255672e-15
8.9209422e-16
2.8871046e-16
9.2427001e-17
2.9281867e-17
9.1840194e-18
2.852743e-18
8.7789181e-19
2.6773901e-19
8.0948689e-20
2.4269585e-20
7.2175253e-21
2.1296064e-21
6.2359146e-22
1.8125458e-22
5.2306791e-23
1.498974e-23
4.2665675e-24
1.206392e-24
3.3891906e-25
9.4617119e-26
2.6252725e-26
7.2405461e-27
1.9852663e-27
5.4121788e-28
1.4671825e-28
3.9555343e-29
1.0606773e-29
2.8292056e-30
7.5074603e-31
1.9820348e-31
5.2066684e-32
1.361063e-32
3.5408215e-33
9.1679838e-34
2.3627778e-34
6.0615725e-35
1.5480825e-35
3.9362368e-36
9.9650097e-37
2.5119659e-37
6.3054849e-38
1.5762331e-38
3.9241648e-39
9.7302894e-40
2.4031575e-40
5.9121049e-41
1.4488731e-41
3.5372939e-42
8.6037577e-43
2.0849926e-43
5.0343419e-44
1.2112248e-44
2.9038361e-45
6.9375445e-46
1.6517576e-46
3.9193471e-47
9.2688891e-48
2.1847782e-48
5.1330028e-49
1.2020942e-49
2.8062499e-50
6.5305926e-51
1.5150764e-51
3.5042011e-52
8.0803955e-53
1.8577255e-53
4.2584513e-54
9.7332663e-55
2.2182863e-55
5.0413123e-56
1.1424871e-56
2.5819935e-57
5.8192794e-58
1.3079988e-58
2.93213e-59
6.5555651e-60
1.4618445e-60
3.2513917e-61
7.2131847e-62
1.5961985e-62
3.5233925e-63
7.7582076e-64
1.7041184e-64
3.7341151e-65
8.1627508e-66
1.7801535e-66
3.8731241e-67
8.4073514e-68
1.8207965e-68
3.9344e-69
8.4824387e-70
1.8247281e-70
3.9167037e-71
8.3887677e-72
1.7928341e-72
3.8234552e-73
8.1368283e-74
1.7280117e-74
3.6621794e-75
7.7453814e-76
1.6348014e-76
3.4436165e-77
7.2393675e-78
1.5189059e-78
3.1806341e-79
6.6474837e-80
1.3866585e-80
2.8870766e-81
5.9997252e-82
1.244504e-82
2.5766809e-83
5.3251492e-84
1.0985428e-84
2.262161e-85
4.6500581e-86
9.5417621e-87
1.9545242e-87
3.9967091e-88
8.1586774e-89
1.6626443e-89
3.3825777e-90
6.8702336e-91
1.3930826e-91
2.8201365e-92
5.6997712e-93
1.1501245e-93
2.3170662e-94
4.6606241e-95
9.3598228e-96
1.8767864e-96
3.7574348e-97
7.5110917e-98
1.499185e-98
2.987813e-99
5.945701e-100
1.1814341e-100
2.3441099e-101
4.6442299e-102
9.1880181e-103
1.8151287e-103
3.5807624e-104
7.0539276e-105
1.3876463e-105
2.7259865e-106
5.3477429e-107
1.0476686e-107
2.0496918e-108
4.0046915e-109
7.8139372e-110
1.5226344e-110
2.9631295e-111
5.7588966e-112
1.1178046e-112
2.1668795e-113
4.1951747e-114
8.1117757e-115
1.566522e-115
3.0214527e-116
5.8204668e-117
1.1198671e-117
2.1520169e-118
4.1304677e-119
7.9182811e-120
1.5161579e-120
2.8996358e-121
5.5390023e-122
1.0568473e-122
2.0141371e-123
3.8341158e-124
7.2902789e-125
1.3846148e-125
2.6267745e-126
4.9776973e-127
9.4221249e-128
1.7815026e-128
3.3646783e-129
6.3477835e-130
1.1962546e-130
2.2518995e-131
4.2344652e-132
7.9537579e-133
1.4922175e-133
2.8040862e-134
4.7594434e-135
)
;

boundaryField
{
    inletAnion
    {
        type            fixedValue;
        value           uniform 0;
    }
    inletCation
    {
        type            fixedValue;
        value           uniform 8;
    }
    outlet
    {
        type            inletOutlet;
        inletValue      uniform 0;
        value           nonuniform List<scalar> 
48
(
8.8999683e-146
7.9780632e-144
6.0200801e-142
3.6860919e-140
1.7842813e-138
6.6611505e-137
1.8775078e-135
3.9339623e-134
6.0838666e-133
6.9698559e-132
6.009535e-131
4.0048428e-130
2.1334017e-129
9.4412686e-129
3.642695e-128
1.3164587e-127
4.9172669e-127
2.0393778e-126
9.1751404e-126
4.1403968e-125
1.7657897e-124
6.9165548e-124
2.4559632e-123
7.8392727e-123
2.2321849e-122
5.6271468e-122
1.2469472e-121
2.4151788e-121
4.0783558e-121
6.0193952e-121
7.8325814e-121
9.0995555e-121
9.534785e-121
9.0058783e-121
7.5268372e-121
5.3410145e-121
3.0138155e-121
1.2418146e-121
3.4171714e-122
5.9022356e-123
6.3411337e-124
4.3716078e-125
2.0231884e-126
6.5786192e-128
1.5672493e-129
2.8409903e-131
4.055319e-133
4.7594434e-135
)
;
    }
    walls
    {
        type            zeroGradient;
    }
    frontAndBack
    {
        type            empty;
    }
}


// ************************************************************************* //
