/*--------------------------------*- C++ -*----------------------------------*\
| =========                 |                                                 |
| \\      /  F ield         | OpenFOAM: The Open Source CFD Toolbox           |
|  \\    /   O peration     | Version:  1912                                  |
|   \\  /    A nd           | Website:  www.openfoam.com                      |
|    \\/     M anipulation  |                                                 |
\*---------------------------------------------------------------------------*/
FoamFile
{
    version     2.0;
    format      ascii;
    class       volScalarField;
    location    "0.4";
    object      Omega;
}
// * * * * * * * * * * * * * * * * * * * * * * * * * * * * * * * * * * * * * //

dimensions      [0 0 0 0 0 0 0];


internalField   nonuniform List<scalar> 
11520
(
1.3830932e-20
2.0295665e-21
0
0
0
1.8306992e-22
0
1.5118808e-21
0
2.2695812e-21
6.1523825e-21
0
1.3500792e-20
2.5757526e-20
0
0
0
8.2699066e-21
4.8645185e-21
1.0690834e-21
0
0
0
0
0
3.9785843e-25
2.4625746e-25
7.899995e-26
1.9715549e-26
4.2491945e-27
8.3059631e-28
1.5194154e-28
2.6110197e-29
3.8046194e-30
2.8630459e-31
0
0
6.0687229e-35
1.510632e-33
5.4814922e-34
1.1763323e-34
1.7770603e-35
1.9829939e-36
1.6243823e-37
6.9634354e-39
0
0
0
0
0
0
0
2.3959605e-45
1.4021151e-45
2.958471e-46
4.6569641e-47
6.1737625e-48
7.2142964e-49
7.6015576e-50
7.319729e-51
6.5035147e-52
5.3850438e-53
4.2224932e-54
3.2352213e-55
2.5622077e-56
2.2493478e-57
2.2614403e-58
2.5091838e-59
2.8804943e-60
3.2677161e-61
3.5860133e-62
3.781858e-63
3.8331289e-64
3.7436152e-65
3.5348911e-66
3.2379648e-67
2.8862498e-68
2.5105665e-69
2.1362385e-70
1.781949e-71
1.4598589e-72
1.1764866e-73
9.3392749e-75
7.3112043e-76
5.6498072e-77
4.313164e-78
3.2550892e-79
2.4297884e-80
1.7947428e-81
1.3122512e-82
9.5002657e-84
6.8117424e-85
4.8380021e-86
3.4042995e-87
2.3735718e-88
1.6399947e-89
1.1230427e-90
7.6227161e-92
5.1289378e-93
3.4213181e-94
2.2628304e-95
1.4840463e-96
9.6521621e-98
6.2262799e-99
3.983868e-100
2.5287102e-101
1.592416e-102
9.9499901e-104
6.1693935e-105
3.7963014e-106
2.3185762e-107
1.4056204e-108
8.4594771e-110
5.0546351e-111
2.9988045e-112
1.7666848e-113
1.0336231e-114
6.0061528e-116
3.4665682e-117
1.9875112e-118
1.1320416e-119
6.4061037e-121
3.601963e-122
2.0124843e-123
1.1173966e-124
6.1659034e-126
3.3816826e-127
1.8435182e-128
9.9901367e-130
5.3818951e-131
2.8824958e-132
1.5349738e-133
8.1275719e-135
4.279336e-136
2.2406562e-137
1.1667678e-138
6.0426936e-140
3.1127178e-141
1.5949151e-142
8.1292277e-144
4.12192e-145
2.0792784e-146
1.0435479e-147
5.2110133e-149
2.5891963e-150
1.2801576e-151
6.2985386e-153
3.0840106e-154
1.5028415e-155
7.2887448e-157
3.5184819e-158
1.6906017e-159
8.0859444e-161
3.8498462e-162
1.8247303e-163
8.6102499e-165
4.0449523e-166
1.8919523e-167
8.8109817e-169
4.0857677e-170
1.8865835e-171
8.6745851e-173
3.9719967e-174
1.8112293e-175
8.2254376e-177
3.7203346e-178
1.6759406e-179
7.5197745e-181
3.3607507e-182
1.4961275e-183
6.6346341e-185
2.9308693e-186
1.2897985e-187
5.6546773e-189
2.4698395e-190
1.0747782e-191
4.6598533e-193
2.0129952e-194
8.6645119e-196
3.7161204e-197
1.5881558e-198
6.7634344e-200
2.8702866e-201
1.2138914e-202
5.1161553e-204
2.1489649e-205
8.9959908e-207
3.7533144e-208
1.5607708e-209
6.4689441e-211
2.6724496e-212
1.1004721e-213
4.5170346e-215
1.8481787e-216
7.5380988e-218
3.0649121e-219
1.2422914e-220
5.0198292e-222
2.0222041e-223
8.1216107e-225
3.2520021e-226
1.2982585e-227
5.1675346e-229
2.0508196e-230
8.1152755e-232
3.2019949e-233
1.259764e-234
4.9421788e-236
1.933383e-237
7.5421779e-239
2.9340282e-240
1.1382287e-241
4.4035346e-243
1.6989822e-244
6.5373318e-246
2.508679e-247
9.6013215e-249
3.6649388e-250
1.3952771e-251
5.2981022e-253
2.0065706e-254
7.5800245e-256
2.8561209e-257
1.0734456e-258
4.0242812e-260
1.5049037e-261
5.613688e-263
2.0888813e-264
7.7537472e-266
2.8710985e-267
1.0605441e-268
3.9080372e-270
1.4366213e-271
5.2684514e-273
1.9274491e-274
7.0346551e-276
2.5613164e-277
9.3015989e-279
3.3897431e-280
1.0000734e-281
0
0
8.0159954e-19
0
9.1432553e-20
1.3062239e-20
0
5.6338296e-20
0
0
9.852205e-19
0
7.2255476e-19
5.3905009e-18
0
0
0
1.6093296e-18
1.62519e-18
6.3156379e-19
8.773172e-20
0
0
0
0
0
2.4120061e-23
2.0688479e-23
7.0388498e-24
1.8218635e-24
4.055747e-25
8.2288355e-26
1.5509692e-26
2.3178676e-27
4.3492903e-29
0
0
0
1.612483e-30
7.3411614e-31
1.6931639e-31
2.543211e-32
2.4046821e-33
6.863111e-35
0
0
0
0
0
0
0
0
5.0046824e-42
2.5852927e-42
5.510571e-43
8.8494935e-44
1.1974873e-44
1.425257e-45
1.5239972e-46
1.4813262e-47
1.3184433e-48
1.0815899e-49
8.2752811e-51
6.0846031e-52
4.6081533e-53
4.0012743e-54
4.2192351e-55
5.0690354e-56
6.28049e-57
7.5749882e-58
8.7174621e-59
9.5455771e-60
9.9772379e-61
1.0001834e-61
9.6621845e-63
9.0335689e-64
8.2044972e-65
7.2618265e-66
6.2810756e-67
5.3215386e-68
4.425146e-69
3.6178304e-70
2.9122528e-71
2.3110046e-72
1.8097005e-73
1.3996313e-74
1.0698482e-75
8.0867921e-77
6.0474531e-78
4.4757758e-79
3.2793651e-80
2.3792406e-81
1.709609e-82
1.2168416e-83
8.5804387e-85
5.9948153e-86
4.1503204e-87
2.8475626e-88
1.9364039e-89
1.3052525e-90
8.7219641e-92
5.7783091e-93
3.7957718e-94
2.4726289e-95
1.5974389e-96
1.0236304e-97
6.5067329e-99
4.1032748e-100
2.5673956e-101
1.5940277e-102
9.8216739e-104
6.0062972e-105
3.6458947e-106
2.1969537e-107
1.3143161e-108
7.8069746e-110
4.6047981e-111
2.6972637e-112
1.5691357e-113
9.0669303e-115
5.2042753e-116
2.9675447e-117
1.6811529e-118
9.462923e-120
5.2928067e-121
2.9418677e-122
1.6250611e-123
8.9219166e-125
4.868781e-126
2.6411134e-127
1.4242594e-128
7.6358308e-130
4.0702206e-131
2.1572619e-132
1.1369445e-133
5.9587446e-135
3.1058221e-136
1.6100201e-137
8.3012813e-139
4.2573935e-140
2.1719633e-141
1.1022902e-142
5.5654282e-144
2.795659e-145
1.3972568e-146
6.9486079e-148
3.4385201e-149
1.6932449e-150
8.2978266e-152
4.0469402e-153
1.9643921e-154
9.4905062e-156
4.5638437e-157
2.1846027e-158
1.0409607e-159
4.9378259e-161
2.3318252e-162
1.0963112e-163
5.1317785e-165
2.3917534e-166
1.1099346e-167
5.1289509e-169
2.360083e-170
1.081461e-171
4.9351021e-173
2.242848e-174
1.0151692e-175
4.5764435e-177
2.0548724e-178
9.1901898e-180
4.094138e-181
1.8168293e-182
8.031461e-184
3.5368657e-185
1.5516752e-186
6.7819694e-188
2.9532337e-189
1.2812707e-190
5.5385867e-192
2.3855348e-193
1.0237992e-194
4.3782387e-196
1.8657476e-197
7.9229723e-199
3.3528803e-200
1.4140191e-201
5.9430901e-203
2.4894394e-204
1.0392862e-205
4.3243929e-207
1.793426e-208
7.4134744e-210
3.0545819e-211
1.2545411e-212
5.1360877e-214
2.096069e-215
8.5273764e-217
3.4583811e-218
1.3982622e-219
5.6360309e-221
2.2648405e-222
9.0738535e-224
3.6244831e-225
1.4434797e-226
5.7318605e-228
2.2693987e-229
8.9591338e-231
3.5267195e-232
1.3843155e-233
5.4183608e-235
2.1148459e-236
8.2314576e-238
3.1950011e-239
1.2367175e-240
4.7740186e-242
1.8378942e-243
7.0564838e-245
2.7020671e-246
1.0319347e-247
3.9306543e-249
1.4932832e-250
5.6583812e-252
2.1385664e-253
8.0619764e-255
3.0314896e-256
1.1370348e-257
4.2540411e-259
1.5876208e-260
5.9103823e-262
2.1948982e-263
8.1310928e-265
3.0048611e-266
1.1077591e-267
4.073945e-269
1.4946385e-270
5.4702725e-272
1.9972587e-273
7.2730286e-275
2.6593801e-276
7.7003574e-278
0
5.2780199e-18
0
1.4924311e-17
0
1.9734008e-18
0
1.4912404e-18
0
0
3.7940199e-17
0
3.7665772e-17
2.9147608e-16
0
0
0
1.4893968e-16
2.1666743e-16
1.167871e-16
3.1544796e-17
2.3091729e-19
0
0
0
0
0
8.8839469e-22
1.225464e-21
4.5890996e-22
1.2525408e-22
2.9269706e-23
6.2204451e-24
8.15703e-25
0
0
0
0
1.6823356e-27
8.3672782e-28
1.9278499e-28
2.6984961e-29
1.7951964e-30
0
0
0
0
0
0
0
0
0
1.1097895e-38
3.7269416e-39
7.4196609e-40
1.1673375e-40
1.5678383e-41
1.857386e-42
1.9724087e-43
1.8918087e-44
1.6424246e-45
1.2894511e-46
9.1671807e-48
6.043179e-49
4.1049047e-50
3.6193774e-51
4.5335858e-52
6.5426023e-53
9.1968597e-54
1.2014213e-54
1.4571008e-55
1.6558884e-56
1.7805773e-57
1.8267764e-58
1.800235e-59
1.713377e-60
1.5818976e-61
1.4219611e-62
1.248237e-63
1.0727768e-64
9.0459159e-66
7.4973491e-67
6.1168908e-68
4.9189113e-69
3.9027978e-70
3.0579066e-71
2.3676415e-72
1.8125694e-73
1.3726339e-74
1.0286094e-75
7.6296487e-77
5.602927e-78
4.0743788e-79
2.9343392e-80
2.0932406e-81
1.4792424e-82
1.0356643e-83
7.1846298e-85
4.9390255e-86
3.3649261e-87
2.2722374e-88
1.5209782e-89
1.0093257e-90
6.6409062e-92
4.3327143e-93
2.8033588e-94
1.7990059e-95
1.1451722e-96
7.2317287e-98
4.5310079e-99
2.8169328e-100
1.7379369e-101
1.0641759e-102
6.4678494e-104
3.9022731e-105
2.3373838e-106
1.3900785e-107
8.2089377e-109
4.8140817e-110
2.8038732e-111
1.6220356e-112
9.3208893e-114
5.3209137e-115
3.017749e-116
1.7005269e-117
9.5218632e-119
5.2982487e-120
2.9298673e-121
1.6102795e-122
8.7967868e-124
4.7769163e-125
2.57871e-126
1.3839445e-127
7.3845764e-129
3.9178881e-130
2.0669324e-131
1.0843665e-132
5.6575535e-134
2.9356935e-135
1.515125e-136
7.7779951e-138
3.9718566e-139
2.017674e-140
1.019681e-141
5.1269305e-143
2.5648022e-144
1.2766644e-145
6.3233724e-147
3.1166801e-148
1.5287239e-149
7.4624387e-151
3.6255058e-152
1.7531268e-153
8.4379209e-155
4.0425478e-156
1.9279345e-157
9.1530594e-159
4.3260989e-160
2.035643e-161
9.5367496e-163
4.4484746e-164
2.0661022e-165
9.5552092e-167
4.4004169e-168
2.0180404e-169
9.2164842e-171
4.1919573e-172
1.8988954e-173
8.5671047e-175
3.8497456e-176
1.7231007e-177
7.6821983e-179
3.4117087e-180
1.5093329e-181
6.6518071e-183
2.9204552e-184
1.2774156e-185
5.5667138e-187
2.4169341e-188
1.0455476e-189
4.5066068e-191
1.9355125e-192
8.2831609e-194
3.5323458e-195
1.5011027e-196
6.3569749e-198
2.6828488e-199
1.1283922e-200
4.7299272e-202
1.976021e-203
8.2277952e-205
3.4146178e-206
1.4124699e-207
5.8237998e-209
2.3935101e-210
9.8056639e-212
4.0044504e-213
1.6302118e-214
6.6159352e-216
2.6766735e-217
1.0796106e-218
4.3412715e-220
1.740425e-221
6.9565266e-223
2.7722892e-224
1.1015486e-225
4.3641301e-227
1.7239729e-228
6.7906537e-230
2.66717e-231
1.0446172e-232
4.0798145e-234
1.5889475e-235
6.1712578e-237
2.3902418e-238
9.2325741e-240
3.5565205e-241
1.3663377e-242
5.2351538e-244
2.0005429e-245
7.6246795e-247
2.8984026e-248
1.0989227e-249
4.1558016e-251
1.5675784e-252
5.8979086e-254
2.2134432e-255
8.2860453e-257
3.0941512e-258
1.1525439e-259
4.282537e-261
1.5873688e-262
5.8693822e-264
2.1649534e-265
7.9661573e-267
2.9241136e-268
1.0707452e-269
3.910381e-271
1.4346726e-272
4.1129624e-274
9.2630696e-18
0
1.9184803e-16
0
2.9424841e-16
0
5.2867719e-17
6.1184811e-17
0
3.4103979e-16
6.89905e-16
0
4.1263355e-15
1.0873315e-14
0
0
0
8.5648063e-15
1.1643846e-14
6.9947506e-15
2.408478e-15
3.0518855e-16
0
0
0
0
0
0
5.4252387e-20
8.7356688e-20
3.0780027e-20
7.8852516e-21
1.9188256e-21
0
0
0
0
0
1.9208862e-24
8.1367515e-25
1.6593083e-25
1.8698705e-26
1.4981631e-28
0
0
0
0
0
0
0
0
3.2791549e-35
1.5427529e-35
3.602929e-36
6.3961089e-37
9.4981493e-38
1.2262103e-38
1.4013705e-39
1.4275522e-40
1.2931357e-41
1.0271943e-42
6.9133382e-44
3.6257742e-45
1.1354716e-46
0
3.1836742e-49
2.121182e-49
5.0347617e-50
8.5813719e-51
1.2248837e-51
1.5582412e-52
1.8244752e-53
2.0040787e-54
2.0912638e-55
2.0914284e-56
2.0176507e-57
1.8871025e-58
1.717982e-59
1.5272654e-60
1.3293305e-61
1.1353406e-62
9.5320183e-64
7.8788789e-65
6.4195556e-66
5.1611688e-67
4.0978037e-68
3.2151436e-69
2.49415e-70
1.9137982e-71
1.452984e-72
1.091758e-73
8.120452e-75
5.9798916e-76
4.3603937e-77
3.1486925e-78
2.2519337e-79
1.5953223e-80
1.1195795e-81
7.784337e-83
5.3628539e-84
3.6612264e-85
2.4772118e-86
1.6613315e-87
1.1044791e-88
7.2797873e-90
4.757644e-91
3.0833966e-92
1.9819051e-93
1.2635826e-94
7.9917617e-96
5.0147514e-97
3.1222906e-98
1.929134e-99
1.1829426e-100
7.1998458e-102
4.3499667e-103
2.6091304e-104
1.5538018e-105
9.188134e-107
5.3955004e-108
3.1466521e-109
1.8227089e-110
1.0487585e-111
5.9946032e-113
3.4041488e-114
1.9206812e-115
1.076801e-116
5.9990589e-118
3.3214793e-119
1.8277354e-120
9.9967865e-122
5.4350569e-123
2.9374806e-124
1.5783498e-125
8.4317607e-127
4.4786687e-128
2.3655037e-129
1.2424247e-130
6.4895653e-132
3.371219e-133
1.7418487e-134
8.9518285e-136
4.5763191e-137
2.3272814e-138
1.1774268e-139
5.9264608e-141
2.9679522e-142
1.4789093e-143
7.3328375e-145
3.6180189e-146
1.7764777e-147
8.6808152e-149
4.221767e-150
2.0435341e-151
9.8456404e-153
4.7217249e-154
2.2540932e-155
1.0712163e-156
5.06799e-158
2.3870778e-159
1.1194078e-160
5.2266008e-162
2.4298398e-163
1.124815e-164
5.1849816e-166
2.3800892e-167
1.0880183e-168
4.9532801e-170
2.245845e-171
1.0141758e-172
4.5615164e-174
2.0435423e-175
9.119101e-177
4.053496e-178
1.7948656e-179
7.9172357e-181
3.4791196e-182
1.523119e-183
6.6432618e-185
2.8868624e-186
1.2499192e-187
5.3921595e-189
2.3178325e-190
9.9278058e-192
4.2373047e-193
1.8022056e-194
7.638535e-196
3.226411e-197
1.3581436e-198
5.6977119e-200
2.3822994e-201
9.9276245e-203
4.1234373e-204
1.7070662e-205
7.04417e-207
2.8974057e-208
1.1879556e-209
4.8552739e-211
1.9781577e-212
8.0343874e-214
3.2531198e-215
1.3131474e-216
5.2844961e-218
2.1202193e-219
8.4811628e-221
3.3824986e-222
1.3450471e-223
5.3329182e-225
2.1082872e-226
8.3107785e-228
3.2667077e-229
1.280398e-230
5.0044357e-232
1.9505177e-233
7.5812087e-235
2.9385274e-236
1.1358804e-237
4.3788076e-239
1.6834803e-240
6.4550212e-242
2.4685001e-243
9.4150508e-245
3.5815773e-246
1.358927e-247
5.1427546e-249
1.9412478e-250
7.3090199e-252
2.744969e-253
1.028307e-254
3.8425708e-256
1.4323228e-257
5.3258097e-259
1.9754283e-260
7.3092384e-262
2.6978729e-263
9.9337032e-265
3.6487518e-266
1.3366294e-267
4.9209233e-269
1.4037494e-270
0
7.8939258e-16
0
5.6439055e-15
0
8.3422826e-15
0
1.2160504e-14
0
5.05593e-14
0
0
3.2315793e-13
2.87239e-13
0
0
0
4.754326e-13
4.7654307e-13
2.5641176e-13
8.3726521e-14
1.0564058e-14
0
0
0
0
0
0
0
0
0
0
0
0
0
0
0
0
2.3137233e-21
6.6352921e-22
9.9728083e-23
5.7493417e-24
0
0
0
0
0
0
0
5.1993034e-31
1.8519461e-31
4.9939123e-32
1.0941788e-32
1.9990032e-33
3.1199611e-34
4.2343472e-35
5.0445628e-36
5.2738582e-37
4.7664141e-38
3.5524988e-39
1.8548284e-40
3.5782785e-43
0
0
0
0
3.1914482e-47
2.6838025e-47
5.345411e-48
7.9927817e-49
1.0355872e-49
1.2237994e-50
1.3528519e-51
1.4198955e-52
1.4287686e-53
1.3879252e-54
1.3083131e-55
1.2015479e-56
1.0785571e-57
9.487303e-59
8.195176e-60
6.9637053e-61
5.8290847e-62
4.8120706e-63
3.9212983e-64
3.1564979e-65
2.5113172e-66
1.9756282e-67
1.5373038e-68
1.1835178e-69
9.0164504e-71
6.7984513e-72
5.0740458e-73
3.7490253e-74
2.7425094e-75
1.9865003e-76
1.4249031e-77
1.0122438e-78
7.1225664e-80
4.9646658e-81
3.4284508e-82
2.345924e-83
1.5907171e-84
1.0690319e-85
7.1213627e-87
4.7029071e-88
3.0793317e-89
1.9993493e-90
1.2874123e-91
8.2223742e-93
5.2093095e-94
3.2742969e-95
2.0420269e-96
1.2637454e-97
7.7617657e-99
4.7316338e-100
2.863235e-101
1.720056e-102
1.0259147e-103
6.0758246e-105
3.5732685e-106
2.0870493e-107
1.2107251e-108
6.9765773e-110
3.993564e-111
2.2711025e-112
1.2832354e-113
7.2045083e-115
4.0194338e-116
2.2285444e-117
1.2280225e-118
6.7259242e-120
3.6617572e-121
1.9817545e-122
1.0662596e-123
5.703722e-125
3.0336471e-126
1.6043954e-127
8.4377234e-129
4.4130008e-130
2.2954318e-131
1.1875249e-132
6.1107551e-134
3.127852e-135
1.5926545e-136
8.0676212e-138
4.0657623e-139
2.0386122e-140
1.0170602e-141
5.048947e-143
2.4941324e-144
1.2260968e-145
5.9984386e-147
2.9206609e-148
1.4153846e-149
6.8271401e-151
3.2778901e-152
1.566611e-153
7.4534736e-155
3.530257e-156
1.6646504e-157
7.8149737e-159
3.6529031e-160
1.7000947e-161
7.8786214e-163
3.6356917e-164
1.6707095e-165
7.6455536e-167
3.4843987e-168
1.5815185e-169
7.1493168e-171
3.2189535e-172
1.4435794e-173
6.44849e-175
2.8693412e-176
1.271828e-177
5.615799e-179
2.4702817e-180
1.0825495e-181
4.7263927e-183
2.0559224e-184
8.9103054e-186
3.8476997e-187
1.6555644e-188
7.0980789e-190
3.0324847e-191
1.2910188e-192
5.4771623e-194
2.3156904e-195
9.7570786e-197
4.097189e-198
1.7147125e-199
7.1523359e-201
2.9734986e-202
1.2321473e-203
5.0891383e-205
2.0951936e-206
8.5983222e-208
3.5174194e-209
1.4343879e-210
5.8311211e-212
2.3631501e-213
9.5476191e-215
3.8456872e-216
1.5443238e-217
6.1829919e-219
2.4681131e-220
9.8230776e-222
3.8981291e-223
1.5424135e-224
6.0854265e-226
2.3940681e-227
9.3917535e-229
3.6739303e-230
1.4331725e-231
5.5751743e-233
2.1628173e-234
8.3674191e-236
3.2283622e-237
1.2422262e-238
4.7671114e-240
1.8245447e-241
6.9647657e-243
2.65167e-244
1.0069347e-245
3.813817e-247
1.4407967e-248
5.4292176e-250
2.0406602e-251
7.6508552e-253
2.8612887e-254
1.0674118e-255
3.9721594e-257
1.4745205e-258
5.4602021e-260
2.0169894e-261
7.4326023e-263
2.7315476e-264
1.0091985e-265
2.8729494e-267
1.1292007e-14
0
1.9416115e-14
0
1.8336528e-13
0
3.1670091e-13
0
6.2694502e-13
1.5885941e-12
0
7.7977185e-13
1.4662641e-11
0
0
0
1.0818831e-11
2.1611996e-11
1.5459489e-11
5.9815888e-12
7.4998499e-13
0
0
0
0
0
0
7.1471973e-15
1.1242448e-14
4.8396439e-15
5.6662513e-16
0
5.322037e-16
7.2227036e-16
4.9142194e-16
2.2153263e-16
7.2394263e-17
1.774367e-17
3.2556848e-18
4.2071866e-19
2.7573952e-20
0
0
0
0
0
5.0224263e-26
2.8816772e-26
5.209123e-27
7.8255429e-28
1.2251885e-28
2.0614944e-29
3.4263748e-30
5.226302e-31
7.0663594e-32
8.3138636e-33
8.2919164e-34
6.5326269e-35
2.9902352e-36
0
0
0
0
0
0
0
2.9626301e-44
1.2705063e-44
2.2868034e-45
3.247846e-46
4.0742079e-47
4.7119892e-48
5.1348106e-49
5.3412605e-50
5.3494497e-51
5.1903758e-52
4.9014742e-53
4.5212531e-54
4.08543e-55
3.6245931e-56
3.1631639e-57
2.7193275e-58
2.3055803e-59
1.9295987e-60
1.5952111e-61
1.3033331e-62
1.0527893e-63
8.4099678e-65
6.6450737e-66
5.1942313e-67
4.0170588e-68
3.0739882e-69
2.327779e-70
1.7444771e-71
1.2939375e-72
9.5001254e-74
6.9049502e-75
4.9688702e-76
3.5405813e-77
2.4984345e-78
1.7462113e-79
1.2089864e-80
8.2928406e-82
5.6364345e-83
3.7965295e-84
2.5346138e-85
1.6774147e-86
1.1006078e-87
7.1605593e-89
4.6199902e-90
2.9564529e-91
1.8766845e-92
1.1818304e-93
7.3843846e-95
4.5784547e-96
2.8172011e-97
1.7205151e-98
1.0430063e-99
6.2769412e-101
3.7504678e-102
2.225059e-103
1.3108642e-104
7.6696266e-106
4.4568741e-107
2.5725542e-108
1.475075e-109
8.4026373e-111
4.7555951e-112
2.6743409e-113
1.4944641e-114
8.2993572e-116
4.5806429e-117
2.512832e-118
1.3702095e-119
7.4272446e-121
4.0023575e-122
2.1442777e-123
1.1422263e-124
6.0500321e-126
3.1865852e-127
1.6691028e-128
8.6947516e-130
4.5047865e-131
2.3214538e-132
1.1899812e-133
6.0679132e-135
3.0780971e-136
1.5534348e-137
7.8000114e-139
3.8968359e-140
1.9371645e-141
9.5825462e-143
4.717125e-144
2.3108812e-145
1.1266862e-146
5.4673193e-148
2.640661e-149
1.2695153e-150
6.0753361e-152
2.8942056e-153
1.3725702e-154
6.4804459e-156
3.0462048e-157
1.4256592e-158
6.6434377e-160
3.0825383e-161
1.4242303e-162
6.552778e-164
3.0023497e-165
1.3699497e-166
6.2254688e-168
2.8176041e-169
1.2701194e-170
5.702715e-172
2.5503923e-173
1.136151e-174
5.0417815e-176
2.2287736e-177
9.8151454e-179
4.3061678e-180
1.882188e-181
8.1964763e-183
3.5562928e-184
1.5374033e-185
6.6223449e-187
2.8423852e-188
1.2156667e-189
5.1810735e-191
2.2004502e-192
9.3132804e-194
3.9283108e-195
1.6513285e-196
6.9182757e-198
2.8887585e-199
1.2022245e-200
4.9869234e-202
2.0618847e-203
8.4975191e-205
3.4908197e-206
1.4294913e-207
5.8353313e-209
2.3745999e-210
9.6331255e-212
3.8958886e-213
1.5707931e-214
6.3141531e-216
2.5304935e-217
1.0111127e-218
4.0281741e-220
1.6000783e-221
6.33736e-223
2.5027616e-224
9.8556236e-226
3.8700071e-227
1.5153462e-228
5.9168922e-230
2.303914e-231
8.9462032e-233
3.4643361e-234
1.3378851e-235
5.152807e-237
1.9792639e-238
7.5823997e-240
2.8970844e-241
1.1040156e-242
4.1962066e-244
1.590794e-245
6.0152563e-247
2.2687406e-248
8.5351933e-250
3.2029241e-251
1.1989233e-252
4.4766584e-254
1.6674017e-255
6.1952041e-257
2.2961739e-258
8.4897595e-260
3.1305057e-261
1.160744e-262
3.3032749e-264
8.7486906e-13
0
1.398066e-12
5.678541e-13
0
1.1654474e-11
0
0
8.8765566e-11
0
0
2.5348858e-10
2.8613169e-10
0
0
2.0904266e-11
6.1609027e-10
6.1444971e-10
2.6312737e-10
0
0
0
0
0
0
1.2323246e-13
0
0
0
0
7.8979142e-14
2.1426385e-14
0
0
0
0
0
0
0
0
0
0
0
0
0
4.3024818e-22
9.2904244e-23
1.2891774e-23
1.4682695e-24
1.5901259e-25
1.8909968e-26
2.5571355e-27
3.5327932e-28
4.4110121e-29
4.4892916e-30
2.9948038e-31
0
0
0
0
0
0
0
0
0
5.0498845e-41
2.2502868e-41
4.0813823e-42
5.8400514e-43
7.3921635e-44
8.641379e-45
9.5342291e-46
1.0057791e-46
1.0232272e-47
1.0101095e-48
9.7207732e-50
9.1521489e-51
8.4538289e-52
7.6779876e-53
6.8682581e-54
6.0592015e-55
5.2768072e-56
4.5395405e-57
3.8595822e-58
3.2440478e-59
2.6960733e-60
2.2157345e-61
1.8008127e-62
1.4474292e-63
1.1505748e-64
9.0455475e-66
7.0335936e-67
5.4096571e-68
4.1157421e-69
3.0978215e-70
2.3069882e-71
1.7000908e-72
1.239934e-73
8.9513882e-75
6.3975822e-76
4.5273602e-77
3.1728438e-78
2.2024079e-79
1.5144772e-80
1.0318419e-81
6.9665429e-83
4.6616751e-84
3.0920907e-85
2.0333457e-86
1.3258073e-87
8.57273e-89
5.4977507e-90
3.4973077e-91
2.207087e-92
1.3819556e-93
8.5863458e-95
5.2943332e-96
3.2400395e-97
1.9682109e-98
1.1869162e-99
7.1062275e-101
4.22446e-102
2.4937768e-103
1.4619699e-104
8.5124191e-106
4.9231099e-107
2.8283644e-108
1.6142732e-109
9.1537751e-111
5.1575068e-112
2.8875529e-113
1.6065862e-114
8.8837189e-116
4.8824111e-117
2.6671904e-118
1.448387e-119
7.8190922e-121
4.1966112e-122
2.2394473e-123
1.1882591e-124
6.2695669e-126
3.2896329e-127
1.7165947e-128
8.9089174e-130
4.5988032e-131
2.3613098e-132
1.2060751e-133
6.1282079e-135
3.0978088e-136
1.5579781e-137
7.7960939e-139
3.8817239e-140
1.9232096e-141
9.4821121e-143
4.6524518e-144
2.2718434e-145
1.1041184e-146
5.3408998e-148
2.5715507e-149
1.2324737e-150
5.8800624e-152
2.7927195e-153
1.3204833e-154
6.2160944e-156
2.9133985e-157
1.3595589e-158
6.3172786e-160
2.9228975e-161
1.3466854e-162
6.178811e-164
2.8232336e-165
1.2847201e-166
5.8224602e-168
2.6281915e-169
1.1816148e-170
5.2915034e-172
2.3603802e-173
1.0488173e-174
4.6424574e-176
2.0471093e-177
8.9927772e-179
3.9356899e-180
1.7160755e-181
7.4551177e-183
3.226927e-184
1.3917268e-185
5.9808459e-187
2.5611109e-188
1.0928598e-189
4.6471198e-191
1.9692438e-192
8.3161816e-194
3.5000143e-195
1.4680791e-196
6.1372675e-198
2.5571644e-199
1.0619699e-200
4.3958962e-202
1.8137437e-203
7.4594911e-205
3.0581483e-206
1.2497845e-207
5.0915504e-209
2.0678269e-210
8.3721751e-212
3.3793495e-213
1.3599066e-214
5.4560285e-216
2.1824588e-217
8.7041717e-219
3.4612331e-220
1.3723542e-221
5.4255434e-223
2.1388072e-224
8.4073853e-226
3.2954945e-227
1.2881305e-228
5.0209742e-230
1.9517042e-231
7.5656608e-233
2.9247951e-234
1.1276347e-235
4.3358514e-237
1.6627304e-238
6.3594434e-240
2.4259082e-241
9.2298728e-243
3.5026041e-244
1.3257697e-245
5.0053501e-247
1.8849398e-248
7.0805068e-250
2.6530289e-251
9.9160108e-253
3.6970535e-254
1.3750045e-255
5.1014274e-257
1.8875747e-258
7.0242424e-260
2.0004814e-261
2.1605232e-11
0
2.5382811e-10
0
2.3554186e-10
3.36112e-10
0
1.2438127e-09
1.1913056e-09
0
4.5262151e-10
7.3061156e-09
0
0
0
1.0014085e-08
1.4887662e-08
7.578349e-09
0
0
0
0
0
0
0
0
4.5577071e-11
1.9803761e-11
0
0
0
3.9820196e-13
2.8559249e-12
3.2135313e-12
2.3571615e-12
1.3018898e-12
5.7072936e-13
2.0453996e-13
6.1149328e-14
1.5480472e-14
3.3563087e-15
6.2828145e-16
1.0204807e-16
1.4398973e-17
1.7580529e-18
1.835032e-19
1.5922555e-20
1.0729225e-21
4.4380018e-23
0
0
0
0
0
0
0
0
0
0
0
0
0
0
3.174751e-37
1.6776356e-37
3.1665578e-38
4.6616729e-39
6.0497453e-40
7.2409126e-41
8.1763095e-42
8.8292822e-43
9.201509e-44
9.3160246e-45
9.2091918e-46
8.9232701e-47
8.5006153e-48
7.9798937e-49
7.3941924e-50
6.7706005e-51
6.1307152e-52
5.4915673e-53
4.866596e-54
4.2664484e-55
3.6995225e-56
3.1722782e-57
2.6893836e-58
2.2537863e-59
1.8667831e-60
1.5281357e-61
1.2362487e-62
9.8840776e-64
7.8105649e-65
6.1008486e-66
4.7110529e-67
3.5969472e-68
2.7159028e-69
2.0283328e-70
1.4986253e-71
1.0956234e-72
7.9273838e-74
5.6778527e-75
4.0263171e-76
2.8273757e-77
1.966485e-78
1.3548981e-79
9.2492425e-81
6.2569303e-82
4.1950909e-83
2.7881299e-84
1.8371321e-85
1.2002873e-86
7.7769059e-88
4.9976117e-89
3.1857181e-90
2.0146264e-91
1.2640828e-92
7.8704583e-94
4.8631337e-95
2.9824338e-96
1.8155538e-97
1.0971733e-98
6.5828203e-100
3.9215806e-101
2.3198683e-102
1.3628821e-103
7.9521522e-105
4.6087203e-106
2.6532752e-107
1.5174928e-108
8.6228086e-110
4.8683664e-111
2.7312663e-112
1.5227348e-113
8.4371652e-115
4.6463583e-116
2.5433373e-117
1.3838883e-118
7.4857258e-120
4.0256138e-121
2.1524078e-122
1.1442993e-123
6.0493009e-125
3.1801573e-126
1.6626343e-127
8.6452173e-129
4.4710765e-130
2.3000152e-131
1.1769465e-132
5.9912129e-134
3.0340931e-135
1.5287022e-136
7.6633744e-138
3.8224631e-139
1.897209e-140
9.3703949e-142
4.6056742e-143
2.2529035e-144
1.0967992e-145
5.3145634e-147
2.5632112e-148
1.2305455e-149
5.8806749e-151
2.7976436e-152
1.3249898e-153
6.2475028e-155
2.9328695e-156
1.3708494e-157
6.3799233e-159
2.9565665e-160
1.364344e-161
6.2696218e-163
2.8691749e-164
1.3076385e-165
5.9353985e-167
2.6832417e-168
1.2081852e-169
5.4185963e-171
2.4206681e-172
1.0771949e-173
4.7750619e-175
2.1086493e-176
9.2765207e-178
4.0657044e-179
1.7752959e-180
7.723322e-182
3.3477261e-183
1.4458453e-184
6.2220507e-186
2.6680774e-187
1.1400652e-188
4.854455e-190
2.0598882e-191
8.710677e-193
3.6709452e-194
1.5418211e-195
6.4540518e-197
2.692684e-198
1.119708e-199
4.6409015e-201
1.917299e-202
7.8954837e-204
3.2410102e-205
1.326191e-206
5.4096215e-208
2.199752e-209
8.9173846e-211
3.603868e-212
1.4520394e-213
5.8327932e-215
2.3360045e-216
9.3278147e-218
3.7136876e-219
1.4742121e-220
5.8351705e-222
2.3030102e-223
9.0635108e-225
3.556844e-226
1.3919074e-227
5.4317809e-229
2.113828e-230
8.2035456e-232
3.1750237e-233
1.2255034e-234
4.7175118e-236
1.8111352e-237
6.9348416e-239
2.6483682e-240
1.0087522e-241
3.8323298e-243
1.4521835e-244
5.4886814e-246
2.0692361e-247
7.7813508e-249
2.9188388e-250
1.0921504e-251
4.0764199e-253
1.5177852e-254
5.6358659e-256
2.1050144e-257
6.0040913e-259
0
0
4.8147937e-09
0
1.5062269e-08
0
0
3.912707e-08
0
0
7.7051023e-08
5.7792551e-08
0
0
8.8345859e-08
2.2391846e-07
1.3915327e-07
0
0
0
0
0
0
0
0
0
0
2.6825167e-10
3.9394129e-10
1.7339559e-10
7.3864491e-12
0
0
0
0
0
0
0
0
0
0
0
0
0
0
0
0
0
0
0
0
0
0
0
0
0
0
0
0
0
2.0011599e-32
6.7886757e-33
1.2322583e-33
1.8144145e-34
2.3780736e-35
2.8821938e-36
3.2973147e-37
3.6079467e-38
3.8120575e-39
3.918348e-40
3.9423254e-41
3.9022049e-42
3.8154628e-43
3.6965228e-44
3.5557034e-45
3.3992716e-46
3.2302678e-47
3.0497096e-48
2.857824e-49
2.655051e-50
2.4426826e-51
2.2231139e-52
1.9997606e-53
1.7767469e-54
1.5584789e-55
1.3492073e-56
1.1526543e-57
9.7175221e-59
8.0850454e-60
6.6396453e-61
5.3830665e-62
4.3096202e-63
3.4078773e-64
2.6624479e-65
2.0556495e-66
1.5689387e-67
1.1840443e-68
8.8378783e-70
6.5261211e-71
4.7686323e-72
3.448769e-73
2.4692273e-74
1.7505529e-75
1.2291155e-76
8.5486014e-78
5.8906064e-79
4.0221787e-80
2.7218828e-81
1.8257915e-82
1.2141454e-83
8.0055147e-85
5.2343834e-86
3.3943451e-87
2.1833076e-88
1.3931397e-89
8.8195378e-91
5.5400966e-92
3.4534775e-93
2.1365337e-94
1.3119626e-95
7.9971495e-97
4.8394223e-98
2.9076203e-99
1.7346348e-100
1.0276472e-101
6.0462236e-103
3.5331831e-104
2.0508163e-105
1.1825026e-106
6.7737236e-108
3.8551165e-109
2.1800482e-110
1.2250292e-111
6.8408677e-113
3.7965774e-114
2.0942136e-115
1.1482281e-116
6.2581206e-118
3.3907666e-119
1.826498e-120
9.7821952e-122
5.2092753e-123
2.7584792e-124
1.4525816e-125
7.6070518e-127
3.9620807e-128
2.0525181e-129
1.0576272e-130
5.4210696e-132
2.7641933e-133
1.4021899e-134
7.0765869e-136
3.5533873e-137
1.775357e-138
8.8262407e-140
4.3665127e-141
2.1497316e-142
1.0532845e-143
5.136178e-145
2.4928031e-146
1.204231e-147
5.7906265e-149
2.7717555e-150
1.32074e-151
6.2651564e-153
2.9588125e-154
1.3912094e-155
6.512914e-157
3.0358753e-158
1.4090813e-159
6.5125205e-161
2.9973698e-162
1.3738101e-163
6.2708287e-165
2.8506998e-166
1.2906921e-167
5.8204211e-169
2.6143429e-170
1.1696682e-171
5.212789e-173
2.3141957e-174
1.023452e-175
4.5090704e-177
1.9791252e-178
8.6544722e-180
3.7705363e-181
1.6367217e-182
7.0789612e-184
3.0507091e-185
1.3100325e-186
5.6056581e-188
2.3902729e-189
1.0156817e-190
4.3010035e-192
1.8150833e-193
7.6339688e-195
3.1999526e-196
1.3368669e-197
5.5666792e-199
2.3103592e-200
9.5576201e-202
3.9411094e-203
1.6199333e-204
6.6373838e-206
2.7109967e-207
1.1038355e-208
4.4805761e-210
1.813127e-211
7.3147263e-213
2.9420761e-214
1.1797936e-215
4.7169875e-217
1.880356e-218
7.4738105e-220
2.9619698e-221
1.1704839e-222
4.6121795e-224
1.8122262e-225
7.1005744e-227
2.7743337e-228
1.0809791e-229
4.2002804e-231
1.6276111e-232
6.2898929e-234
2.4241797e-235
9.3180263e-237
3.5721457e-238
1.3658055e-239
5.2084837e-241
1.9810921e-242
7.5158306e-244
2.8440429e-245
1.0734702e-246
4.0415342e-248
1.5177929e-249
5.6858612e-251
2.1247567e-252
7.9183277e-254
2.9685758e-255
8.484782e-257
0
2.0041294e-08
1.4698988e-08
0
2.2287668e-07
0
1.7863929e-07
2.8589207e-07
0
1.5240283e-07
1.0195245e-06
0
0
2.6270452e-07
2.232566e-06
1.7001569e-06
0
0
0
0
0
0
0
0
0
0
0
0
0
1.0624226e-09
1.9952246e-09
1.8927401e-09
1.6540914e-09
1.2888556e-09
8.4818273e-10
4.6555419e-10
2.1464849e-10
8.4151601e-11
2.8401399e-11
8.3449951e-12
2.155744e-12
4.9381184e-13
1.0103946e-13
1.8579329e-14
3.0851218e-15
4.6419325e-16
6.3396265e-17
7.8560743e-18
8.8054304e-19
8.8649264e-20
7.9218583e-21
6.1859528e-22
4.2165456e-23
2.8402126e-24
2.9722545e-25
5.3895873e-26
1.052023e-26
1.8310119e-27
2.820437e-28
3.9246626e-29
5.0268025e-30
6.0116061e-31
6.7867749e-32
7.2980866e-33
7.5356475e-34
7.5309467e-35
7.3464501e-36
7.0608089e-37
6.7532013e-38
6.4899149e-39
6.3152897e-40
6.2479092e-41
6.2817664e-42
6.3912684e-43
6.5384818e-44
6.6809803e-45
6.7789067e-46
6.8003098e-47
6.7243267e-48
6.5422157e-49
6.2565821e-50
5.8793267e-51
5.4288934e-52
4.9273405e-53
4.3976492e-54
3.861534e-55
3.3378789e-56
2.8418166e-57
2.384377e-58
1.9725878e-59
1.6098944e-60
1.2967664e-61
1.0313811e-62
8.1029991e-64
6.2907825e-65
4.8277677e-66
3.6636156e-67
2.7499431e-68
2.0422385e-69
1.5009564e-70
1.0919695e-71
7.865542e-73
5.6106213e-74
3.9640608e-75
2.7745623e-76
1.924185e-77
1.3224118e-78
9.007827e-80
6.0823231e-81
4.0716935e-82
2.7026778e-83
1.7790261e-84
1.1614286e-85
7.5210135e-87
4.8315186e-88
3.0793764e-89
1.9474248e-90
1.222146e-91
7.6119262e-93
4.7056379e-94
2.8876019e-95
1.7591077e-96
1.0639577e-97
6.3895856e-99
3.8104497e-100
2.2566952e-101
1.3273942e-102
7.7552124e-104
4.5008024e-105
2.5949181e-106
1.4863777e-107
8.4594115e-109
4.7839825e-110
2.6884992e-111
1.5015262e-112
8.3346959e-114
4.5984464e-115
2.5218953e-116
1.3748872e-117
7.4517825e-119
4.0154556e-120
2.1513893e-121
1.1461468e-122
6.0719118e-124
3.198904e-125
1.6760756e-126
8.7343033e-128
4.5272071e-129
2.3341281e-130
1.1971142e-131
6.1078312e-133
3.1002917e-134
1.5656885e-135
7.8671635e-137
3.9333583e-138
1.9568763e-139
9.6881195e-141
4.7732397e-142
2.340484e-143
1.1421876e-144
5.5479046e-146
2.6822568e-147
1.2908366e-148
6.1838833e-150
2.9491e-151
1.4001507e-152
6.6181374e-154
3.1145177e-155
1.4593446e-156
6.808553e-158
3.1629999e-159
1.4632151e-160
6.7406055e-162
3.0923464e-163
1.412838e-164
6.428772e-166
2.9134738e-167
1.3150962e-168
5.9126604e-170
2.6479071e-171
1.1812238e-172
5.2491179e-174
2.3236994e-175
1.0247729e-176
4.5023984e-178
1.9708018e-179
8.59486e-181
3.7346111e-182
1.6168746e-183
6.9750156e-185
2.9982324e-186
1.2842507e-187
5.4816558e-189
2.3316534e-190
9.8836915e-192
4.1753206e-193
1.7578765e-194
7.3761025e-196
3.0847335e-197
1.2857972e-198
5.3419904e-200
2.2121838e-201
9.13142e-203
3.7572126e-204
1.541043e-205
6.3008108e-207
2.568158e-208
1.0435217e-209
4.2271377e-211
1.7071318e-212
6.8734362e-214
2.7591628e-215
1.1043011e-216
4.4067103e-218
1.753349e-219
6.9559899e-221
2.7516675e-222
1.0853982e-223
4.2692133e-225
1.6744865e-226
6.5493744e-228
2.5545331e-229
9.9363272e-231
3.8543565e-232
1.4910712e-233
5.7527323e-235
2.2135428e-236
8.4947025e-238
3.2513475e-239
1.2412006e-240
4.725983e-242
1.7948249e-243
6.7989199e-245
2.5689381e-246
9.6821369e-248
3.6399927e-249
1.3650663e-250
5.1051823e-252
1.9208566e-253
5.5031271e-255
0
4.7266282e-07
0
8.7329534e-08
1.1070356e-06
0
4.0915231e-06
0
0
7.2652176e-06
2.1431417e-06
0
0
1.5466721e-05
1.4993545e-05
0
0
0
0
4.8178952e-06
1.4354977e-05
1.607703e-05
1.2459568e-05
7.2600239e-06
3.0888139e-06
7.6032835e-07
0
0
0
0
0
0
0
0
0
0
0
0
0
0
0
0
0
0
0
0
0
0
0
0
0
0
3.5152693e-22
1.5234861e-22
2.8718887e-23
4.2262902e-24
5.3888215e-25
6.1709606e-26
6.4307588e-27
6.1021558e-28
5.2100689e-29
3.868396e-30
2.2619249e-31
6.1642417e-33
0
0
0
0
0
0
1.3314713e-39
3.2634835e-40
5.2839697e-41
7.2314107e-42
8.9683984e-43
1.0391738e-43
1.1436889e-44
1.2077388e-45
1.232043e-46
1.2199978e-47
1.1768753e-48
1.1090244e-49
1.0231574e-50
9.2577266e-52
8.2273569e-53
7.1901642e-54
6.1856476e-55
5.2429806e-56
4.3816999e-57
3.6129182e-58
2.9408132e-59
2.3641892e-60
1.8779674e-61
1.4745128e-62
1.1447455e-63
8.7902026e-65
6.6778225e-66
5.020217e-67
3.7355795e-68
2.751882e-69
2.0073355e-70
1.4501229e-71
1.0376626e-72
7.3560031e-74
5.1668576e-75
3.59643e-76
2.4810555e-77
1.6965948e-78
1.1501428e-79
7.7305593e-81
5.1523766e-82
3.4055906e-83
2.2326205e-84
1.4518548e-85
9.3662217e-87
5.9949392e-88
3.8074073e-89
2.3996189e-90
1.5009522e-91
9.3184893e-93
5.7427472e-94
3.5134209e-95
2.1341101e-96
1.287119e-97
7.7085771e-99
4.5848057e-100
2.7082934e-101
1.5890396e-102
9.261331e-104
5.3622437e-105
3.0845251e-106
1.7629181e-107
1.0011771e-108
5.6501093e-110
3.1688497e-111
1.7663482e-112
9.7861402e-114
5.3893564e-115
2.9504085e-116
1.6057432e-117
8.6885451e-119
4.6743685e-120
2.5005249e-121
1.330144e-122
7.036421e-124
3.7018318e-125
1.9369518e-126
1.0080528e-127
5.2183703e-129
2.6871869e-130
1.3765631e-131
7.015412e-133
3.5570677e-134
1.794468e-135
9.0075427e-137
4.4991036e-138
2.2362294e-139
1.1061112e-140
5.4449542e-142
2.6676164e-143
1.3007883e-144
6.3134092e-146
3.050107e-147
1.466829e-148
7.0222504e-150
3.3467585e-151
1.58797e-152
7.5015043e-154
3.52826e-155
1.65233e-156
7.7050322e-158
3.5777571e-159
1.6543334e-160
7.6177681e-162
3.4933455e-163
1.595441e-164
7.2570728e-166
3.2877557e-167
1.4835789e-168
6.6682247e-170
2.9854753e-171
1.3314826e-172
5.9154944e-174
2.6181516e-175
1.1544129e-176
5.0711268e-178
2.219416e-179
9.6778265e-181
4.2047048e-182
1.8202259e-183
7.8516432e-185
3.3748502e-186
1.4455068e-187
6.16979e-189
2.6243269e-190
1.1124367e-191
4.6995362e-193
1.978651e-194
8.3029041e-196
3.4725576e-197
1.4475691e-198
6.0146624e-200
2.4910179e-201
1.0283655e-202
4.2318907e-204
1.7359966e-205
7.0990754e-207
2.8940367e-208
1.1761601e-209
4.7654024e-211
1.9249257e-212
7.7521126e-214
3.1126343e-215
1.2460866e-216
4.9738252e-218
1.9795428e-219
7.8556323e-221
3.1084869e-222
1.2265299e-223
4.8258959e-225
1.8934675e-226
7.4084466e-228
2.8906465e-229
1.1247875e-230
4.364782e-232
1.6891963e-233
6.5197653e-235
2.5097285e-236
9.6354733e-238
3.6896011e-239
1.4091403e-240
5.3679172e-242
2.0395881e-243
7.7298742e-245
2.9221589e-246
1.1019065e-247
4.1448395e-249
1.554789e-250
5.8680035e-252
1.6847769e-253
0
4.2276038e-06
0
7.4080811e-06
0
0
2.7720495e-05
0
1.0153889e-05
4.8033051e-05
0
0
7.2978386e-05
0.00010245057
0
0
0
0
0.00015527869
0.00027385933
0.00031292685
0.00028189793
0.0002121093
0.00013580922
7.3918714e-05
3.356936e-05
1.2110588e-05
2.9998069e-06
1.6532815e-07
0
0
6.7577178e-08
1.1245833e-07
9.3020092e-08
5.7603345e-08
2.9331249e-08
1.2744644e-08
4.8170973e-09
1.6032758e-09
4.7414308e-10
1.2549932e-10
2.9911116e-11
6.4513349e-12
1.2640302e-12
2.2552124e-13
3.6649258e-14
5.4083535e-15
7.1815216e-16
8.3920793e-17
8.1441044e-18
5.3056337e-19
0
0
0
0
0
0
0
0
0
0
0
0
0
0
0
0
0
1.3593659e-36
5.8955317e-37
1.003135e-37
1.3597971e-38
1.6484471e-39
1.8637071e-40
2.0053275e-41
2.0772693e-42
2.0866254e-43
2.0425262e-44
1.9551388e-45
1.8348259e-46
1.6914928e-47
1.5341296e-48
1.3705254e-49
1.2071307e-50
1.049035e-51
9.0002806e-53
7.6271797e-54
6.3868393e-55
5.2864457e-56
4.3262882e-57
3.5013953e-58
2.8030289e-59
2.219992e-60
1.7397307e-61
1.3492231e-62
1.0356602e-63
7.8693856e-65
5.9198564e-66
4.4094454e-67
3.2524773e-68
2.3760565e-69
1.719356e-70
1.2325243e-71
8.7538625e-73
6.1607281e-74
4.2968049e-75
2.970252e-76
2.0352943e-77
1.382608e-78
9.3123622e-80
6.2195625e-81
4.1195379e-82
2.7062918e-83
1.7635429e-84
1.1400653e-85
7.3122654e-87
4.6536946e-88
2.9390834e-89
1.8422035e-90
1.1460869e-91
7.077723e-93
4.339169e-94
2.6411717e-95
1.596258e-96
9.5799757e-98
5.7097661e-99
3.3798837e-100
1.9872431e-101
1.1606506e-102
6.7342326e-104
3.8819055e-105
2.2233381e-106
1.2653265e-107
7.1559692e-109
4.0219317e-110
2.2466338e-111
1.2473598e-112
6.8840321e-114
3.7767226e-115
2.0598576e-116
1.1169596e-117
6.0220414e-119
3.22837e-120
1.7210084e-121
9.1236619e-123
4.8102518e-124
2.5223441e-125
1.3155391e-126
6.8248139e-128
3.5220023e-129
1.8081066e-130
9.234587e-132
4.6923779e-133
2.3723196e-134
1.1933847e-135
5.9736079e-137
2.9755245e-138
1.4749667e-139
7.2763515e-141
3.5725514e-142
1.7458101e-143
8.4915928e-145
4.111257e-146
1.981403e-147
9.5061097e-149
4.5402881e-150
2.1589032e-151
1.0220457e-152
4.8174019e-154
2.2608857e-155
1.0565376e-156
4.9164221e-158
2.2781812e-159
1.0512814e-160
4.8312318e-162
2.2111654e-163
1.0079178e-164
4.5759934e-166
2.0692727e-167
9.3204646e-169
4.1817695e-170
1.8689616e-171
8.3209568e-173
3.6905693e-174
1.6307041e-175
7.1784869e-177
3.1483332e-178
1.3757275e-179
5.9896555e-181
2.5983789e-182
1.1231759e-183
4.8378336e-185
2.0764668e-186
8.8814299e-188
3.7856232e-189
1.6080554e-190
6.8074788e-192
2.8721392e-193
1.2077324e-194
5.0616724e-196
2.1144006e-197
8.8036373e-199
3.6536781e-200
1.5114825e-201
6.2329257e-203
2.5621704e-204
1.0499349e-205
4.2890972e-207
1.7467449e-208
7.0919194e-210
2.8706443e-211
1.1584752e-212
4.6611834e-214
1.8698981e-215
7.4793201e-217
2.9829002e-218
1.1861992e-219
4.7035811e-221
1.8597793e-222
7.3327266e-224
2.8830382e-225
1.1303826e-226
4.4197726e-228
1.7233878e-229
6.7016805e-231
2.5990285e-232
1.0052496e-233
3.8777608e-235
1.4919048e-236
5.7248334e-238
2.1910623e-239
8.3642153e-241
3.1848042e-242
1.2095829e-243
4.5823921e-245
1.7316525e-246
6.5276046e-248
2.4538563e-249
9.2816111e-251
2.6690912e-252
0
1.9591371e-05
0
5.8502385e-05
0
5.777994e-05
3.6897331e-05
0
0.00026446033
0
0
0.00018536634
0.00055669548
0
0
0
0.00030819082
0.0015399177
0.002504062
0.0029456427
0.0028650495
0.0024194781
0.0018112375
0.0012111925
0.0007234051
0.00038358279
0.00017830834
7.0895088e-05
2.2712317e-05
4.651426e-06
0
0
0
0
0
0
0
0
0
0
0
0
0
0
0
0
0
0
0
0
4.4648064e-19
4.8333467e-19
1.2326991e-19
2.3735668e-20
3.968029e-21
6.0460503e-22
8.595128e-23
1.1555281e-23
1.4820705e-24
1.8248191e-25
2.1671099e-26
2.4916706e-27
2.7824152e-28
3.026025e-29
3.2130948e-30
3.3387091e-31
3.4024261e-32
3.4077376e-33
3.3611508e-34
3.2710792e-35
3.1467229e-36
2.997095e-37
2.8302963e-38
2.6530818e-39
2.4707076e-40
2.28701e-41
2.1046399e-42
1.9253726e-43
1.7504251e-44
1.5807265e-45
1.4171103e-46
1.2604232e-47
1.1115557e-48
9.7141338e-50
8.4085403e-51
7.2061185e-52
6.1122815e-53
5.1300142e-54
4.2596275e-55
3.4987725e-56
2.842685e-57
2.2845959e-58
1.8162403e-59
1.4283998e-60
1.1114219e-61
8.5567556e-63
6.519209e-64
4.9158132e-65
3.6692106e-66
2.7113827e-67
1.9838786e-68
1.4375103e-69
1.031677e-70
7.3346298e-72
5.1662815e-73
3.6058361e-74
2.4941545e-75
1.7099761e-76
1.1621563e-77
7.8307581e-79
5.2319466e-80
3.4665461e-81
2.2780193e-82
1.4848945e-83
9.6019918e-85
6.1603162e-86
3.9216399e-87
2.4774299e-88
1.5532764e-89
9.6661476e-91
5.9711498e-92
3.6618786e-93
2.2296253e-94
1.3479736e-95
8.0926596e-97
4.8250227e-98
2.8572135e-99
1.6805738e-100
9.8192775e-102
5.6995856e-103
3.2868732e-104
1.8833538e-105
1.0723162e-106
6.0671956e-108
3.4116049e-109
1.906628e-110
1.0591075e-111
5.8480447e-113
3.2100152e-114
1.7516929e-115
9.503673e-117
5.1266688e-118
2.7498976e-119
1.4667697e-120
7.7803246e-122
4.1044003e-123
2.1534919e-124
1.1238367e-125
5.8338351e-127
3.0124521e-128
1.5474794e-129
7.9084562e-131
4.0210877e-132
2.0342435e-133
1.0239816e-134
5.1290036e-136
2.5565071e-137
1.2681054e-138
6.2600663e-140
3.0756593e-141
1.5040196e-142
7.3205663e-144
3.5467564e-145
1.7105387e-146
8.2123674e-148
3.9251522e-149
1.8677375e-150
8.8483971e-152
4.1736956e-153
1.9602077e-154
9.166975e-156
4.2688396e-157
1.9795683e-158
9.1416543e-160
4.2042568e-161
1.9256625e-162
8.7844326e-164
3.9912203e-165
1.806225e-166
8.1419349e-168
3.6558491e-169
1.6351925e-170
7.2859195e-172
3.2340695e-173
1.4301395e-174
6.3006566e-176
2.7655767e-177
1.2094616e-178
5.2700985e-180
2.2881224e-181
9.898905e-183
4.2673248e-184
1.83315e-185
7.8474235e-187
3.3477712e-188
1.4233007e-189
6.0306259e-191
2.5466265e-192
1.0718092e-193
4.4960507e-195
1.879829e-196
7.8341285e-198
3.2543179e-199
1.3475277e-200
5.562055e-202
2.2885691e-203
9.3871783e-205
3.8384813e-206
1.5647612e-207
6.3593352e-209
2.5766834e-210
1.0408944e-211
4.1923641e-213
1.6835588e-214
6.741008e-216
2.691279e-217
1.071371e-218
4.2528325e-220
1.6833858e-221
6.6445513e-223
2.6153747e-224
1.026592e-225
4.018527e-227
1.5687375e-228
6.1074118e-230
2.3713559e-231
9.1828589e-233
3.5465789e-234
1.3661572e-235
5.2487983e-237
2.0113881e-238
7.6880683e-240
2.931113e-241
1.1146803e-242
4.2284278e-244
1.6000248e-245
6.0395763e-247
2.2735009e-248
8.6116026e-250
2.4789706e-251
0
3.8543562e-05
0
0.00019976442
0
0.00055400051
0
0
0.0011232567
0
0
0.0023538328
0.0003510975
0
0
0.0025592971
0.0091468796
0.014467694
0.017195116
0.017335278
0.015521496
0.012619191
0.0094084401
0.0064527474
0.004066585
0.002345909
0.0012321787
0.00058614176
0.00025185135
9.8265067e-05
3.5615897e-05
1.2613645e-05
4.6723841e-06
1.8697259e-06
7.7707998e-07
3.1347209e-07
1.1705489e-07
3.9608887e-08
1.207243e-08
3.3162269e-09
8.2314499e-10
1.8506936e-10
3.771927e-11
6.952846e-12
1.1498461e-12
1.6720274e-13
2.028945e-14
1.7112649e-15
0
0
0
0
0
0
0
0
0
0
0
0
0
0
0
0
0
0
0
0
0
0
0
0
1.4818627e-39
1.7563155e-39
3.1796626e-40
4.3688783e-41
5.2945469e-42
5.9467023e-43
6.3327313e-44
6.4741448e-45
6.4027313e-46
6.1565778e-47
5.7763518e-48
5.3021277e-49
4.7709275e-50
4.2150274e-51
3.6609979e-52
3.1293859e-53
2.6349029e-54
2.1869759e-55
1.790524e-56
1.4468372e-57
1.1544615e-58
9.1002229e-60
7.0893989e-61
5.4601723e-62
4.1589428e-63
3.1337677e-64
2.3365475e-65
1.7243037e-66
1.2597477e-67
9.11331e-69
6.5294628e-70
4.6341281e-71
3.2585439e-72
2.2704688e-73
1.5678758e-74
1.0731893e-75
7.2823391e-77
4.8995273e-78
3.2687562e-79
2.162769e-80
1.4193494e-81
9.2399696e-83
5.9676414e-84
3.8241356e-85
2.4316903e-86
1.5345197e-87
9.6110206e-89
5.975055e-90
3.6874925e-91
2.2593201e-92
1.374426e-93
8.302342e-95
4.9802768e-96
2.9669964e-97
1.7556079e-98
1.0318597e-99
6.0246424e-101
3.4945684e-102
2.0139146e-103
1.1532054e-104
6.561795e-106
3.7104e-107
2.0851243e-108
1.1646269e-109
6.4656974e-111
3.5681819e-112
1.9575395e-113
1.0676638e-114
5.7895756e-116
3.1215811e-117
1.673575e-118
8.9224651e-120
4.7306376e-121
2.4944529e-122
1.3082082e-123
6.824159e-125
3.5409232e-126
1.8276917e-127
9.3849508e-129
4.7943191e-130
2.4367477e-131
1.2322686e-132
6.2005981e-134
3.1046805e-135
1.5469521e-136
7.6706932e-138
3.785393e-139
1.8592015e-140
9.0886913e-142
4.4223748e-143
2.1419468e-144
1.0327142e-145
4.9566589e-147
2.368395e-148
1.126663e-149
5.336138e-151
2.5163508e-152
1.1815287e-153
5.52413e-155
2.57186e-156
1.1923718e-157
5.5052098e-159
2.53134e-160
1.1591989e-161
5.2870395e-163
2.4017633e-164
1.0867428e-165
4.8979891e-167
2.1989671e-168
9.8343298e-170
4.3813799e-171
1.9446076e-172
8.5984992e-174
3.7878902e-175
1.6625336e-176
7.2703608e-178
3.1678739e-179
1.3753714e-180
5.9501222e-182
2.5650689e-183
1.1019267e-184
4.7173711e-186
2.0125841e-187
8.5571174e-189
3.6260445e-190
1.5313817e-191
6.4460082e-193
2.7043793e-194
1.1309041e-195
4.7138676e-197
1.9585481e-198
8.1116283e-200
3.3489631e-201
1.3783283e-202
5.6551778e-204
2.3131421e-205
9.4326114e-207
3.8348295e-208
1.5543739e-209
6.28161e-211
2.5310637e-212
1.0168626e-213
4.0734178e-215
1.6270593e-216
6.4804572e-218
2.5738063e-219
1.0193514e-220
4.0258689e-222
1.5855968e-223
6.2277749e-225
2.4394369e-226
9.5295472e-228
3.7127032e-229
1.4426226e-230
5.5907355e-232
2.1609658e-233
8.3310269e-235
3.2035376e-236
1.2287132e-237
4.7007739e-239
1.7938869e-240
6.8286715e-242
2.5929932e-243
9.8219773e-245
3.7114345e-246
1.3986413e-247
5.3038921e-249
1.528171e-250
2.9472641e-05
0
3.0547116e-05
0.00012970281
0
0.0016586698
0
0.0032238384
0
0
0.0065301905
0.0044160256
0
0
0.011297547
0.037809503
0.058296371
0.068086539
0.068162618
0.0616707
0.051699572
0.040659702
0.030132644
0.021031933
0.013773132
0.0084112744
0.0047531926
0.0024622232
0.0011561461
0.0004852971
0.00017867593
5.5924175e-05
1.3892964e-05
2.1414666e-06
0
0
0
0
0
0
0
0
0
0
0
0
7.5355469e-15
4.3099921e-15
1.2286445e-15
2.8020696e-16
5.637133e-17
1.0394843e-17
1.7917856e-18
2.9212384e-19
4.5399558e-20
6.7634261e-21
9.699473e-22
1.3435211e-22
1.8023426e-23
2.3470152e-24
2.9725286e-25
3.6677832e-26
4.4156851e-27
5.1938461e-28
5.9758427e-29
6.7329114e-30
7.4359062e-31
8.0573108e-32
8.5730972e-33
8.9642596e-34
9.2178916e-35
9.3277374e-36
9.2942174e-37
9.1239708e-38
8.8290054e-39
8.4255742e-40
7.9328975e-41
7.3718477e-42
6.7637037e-43
6.1290515e-44
5.4868807e-45
4.8539143e-46
4.2441704e-47
3.6687458e-48
3.1357975e-49
2.6506855e-50
2.2162369e-51
1.8330945e-52
1.5001095e-53
1.2147468e-54
9.7347778e-56
7.7213724e-57
6.0623408e-58
4.7120703e-59
3.6262373e-60
2.7632533e-61
2.0852201e-62
1.5584629e-63
1.1537215e-64
8.4608102e-66
6.1471819e-67
4.4252715e-68
3.1568224e-69
2.2317904e-70
1.5638538e-71
1.0862375e-72
7.4797233e-74
5.1065116e-75
3.4568999e-76
2.3206962e-77
1.5451253e-78
1.020393e-79
6.6845716e-81
4.3443571e-82
2.8013423e-83
1.7924125e-84
1.1381056e-85
7.1720142e-87
4.4859482e-88
2.7852345e-89
1.7167336e-90
1.050549e-91
6.3832223e-93
3.8513336e-94
2.307632e-95
1.3732267e-96
8.1165903e-98
4.7653579e-99
2.7793428e-100
1.6104491e-101
9.2713544e-103
5.3035064e-104
3.0146617e-105
1.7029464e-106
9.5605098e-108
5.3346876e-109
2.9587929e-110
1.6312742e-111
8.9407697e-113
4.8717686e-114
2.6393072e-115
1.4217135e-116
7.6151767e-118
4.0562063e-119
2.1486132e-120
1.1319317e-121
5.931044e-123
3.0911194e-124
1.602502e-125
8.2642522e-127
4.2398877e-128
2.164085e-129
1.0989714e-130
5.5528145e-132
2.7917529e-133
1.3966891e-134
6.9534942e-136
3.4451522e-137
1.6987782e-138
8.3369772e-140
4.0723462e-141
1.9799993e-142
9.5827355e-144
4.6167645e-145
2.214262e-146
1.0572615e-147
5.0259338e-149
2.3787599e-150
1.1209913e-151
5.2600491e-153
2.4577123e-154
1.1435195e-155
5.2984006e-157
2.4448478e-158
1.123522e-159
5.1422219e-161
2.3440992e-162
1.0643228e-163
4.8134791e-165
2.168448e-166
9.7310294e-168
4.3501473e-169
1.9373131e-170
8.5953075e-172
3.7993016e-173
1.6731758e-174
7.3415775e-176
3.2096794e-177
1.3982105e-178
6.0692656e-180
2.6252238e-181
1.131558e-182
4.8605022e-184
2.0806199e-185
8.8761548e-187
3.7739014e-188
1.5992e-189
6.7542065e-191
2.8432681e-192
1.1930146e-193
4.9896548e-195
2.0801958e-196
8.6448812e-198
3.5813506e-199
1.4790383e-200
6.0893155e-202
2.499341e-203
1.0227321e-204
4.1724292e-206
1.6971406e-207
6.8827098e-209
2.7830744e-210
1.1220821e-211
4.5109657e-213
1.8082983e-214
7.2283086e-216
2.8812412e-217
1.1452731e-218
4.539783e-220
1.7945999e-221
7.0748391e-223
2.7815802e-224
1.0906924e-225
4.2653854e-227
1.6636765e-228
6.4720733e-230
2.5112569e-231
9.71899e-233
3.7518234e-234
1.444654e-235
5.5487398e-237
2.125899e-238
8.1248877e-240
3.0976129e-241
1.1780954e-242
4.4697748e-244
1.6918255e-245
6.3865417e-247
2.4262245e-248
7.0012836e-250
0.00018063186
0
0.00085960115
0
0.0013689655
0.00017428354
0
0.012008899
0
0.0025754989
0.023984372
0
0
0.032578766
0.11651369
0.17134395
0.18584268
0.17278331
0.14713008
0.11881362
0.09268545
0.070415012
0.05209635
0.037327674
0.025684665
0.016813945
0.010376129
0.0059851082
0.0032021245
0.0015784543
0.00071302125
0.00029399334
0.00011037624
3.7690416e-05
1.170446e-05
3.3070056e-06
8.5057957e-07
1.9915984e-07
4.2396667e-08
8.1733853e-09
1.4140902e-09
2.1518769e-10
2.7423609e-11
2.4939235e-12
1.3175318e-14
0
0
0
0
0
0
0
0
2.2341478e-20
7.3887342e-21
1.6633297e-21
3.1780642e-22
5.4966095e-23
8.8538228e-24
1.3488559e-24
1.9620615e-25
2.7423689e-26
3.6997135e-27
4.8339985e-28
6.1331012e-29
7.5718242e-30
9.1120491e-31
1.0704205e-31
1.2289995e-32
1.3806167e-33
1.5188957e-34
1.6378736e-35
1.7324396e-36
1.7986987e-37
1.8342282e-38
1.8382026e-39
1.8113843e-40
1.7559864e-41
1.6754334e-42
1.5740504e-43
1.4567145e-44
1.3285065e-45
1.1943914e-46
1.05895e-47
9.2617875e-49
7.9936062e-50
6.8100592e-51
5.7285541e-52
4.759327e-53
3.9063189e-54
3.1682681e-55
2.5398861e-56
2.0130118e-57
1.577669e-58
1.2229731e-59
9.3786361e-61
7.1165765e-62
5.3443509e-63
3.9727555e-64
2.9237449e-65
2.1306538e-66
1.5377453e-67
1.0993194e-68
7.7857229e-70
5.4635479e-71
3.7993953e-72
2.618661e-73
1.7890741e-74
1.2117667e-75
8.1377996e-77
5.4193386e-78
3.5792276e-79
2.3446991e-80
1.523664e-81
9.8229932e-83
6.2834475e-84
3.9883881e-85
2.5123878e-86
1.5707583e-87
9.7478294e-89
6.0051493e-90
3.6728029e-91
2.2303291e-92
1.3448584e-93
8.0530133e-95
4.7890754e-96
2.8287378e-97
1.6596526e-98
9.6729761e-100
5.6008731e-101
3.2220905e-102
1.8417858e-103
1.0461461e-104
5.9051265e-106
3.3126917e-107
1.8470494e-108
1.023651e-109
5.6393746e-111
3.0884798e-112
1.6815979e-113
9.1031429e-115
4.8998206e-116
2.6225032e-117
1.3958084e-118
7.3881559e-120
3.889313e-121
2.0363951e-122
1.0605443e-123
5.4941202e-125
2.8313573e-126
1.4515853e-127
7.4039877e-129
3.7574013e-130
1.8972798e-131
9.5327895e-133
4.76624e-134
2.37149e-135
1.1742974e-136
5.7871918e-138
2.8386503e-139
1.3858977e-140
6.735137e-142
3.2582022e-143
1.569084e-144
7.5226475e-146
3.5906347e-147
1.7063459e-148
8.0737882e-150
3.8038279e-151
1.7844986e-152
8.336461e-154
3.8782471e-155
1.7967819e-156
8.2904672e-158
3.809814e-159
1.7437606e-160
7.9495993e-162
3.6099035e-163
1.6328808e-164
7.3576345e-166
3.3026522e-167
1.476877e-168
6.5795819e-170
2.9203861e-171
1.2914737e-172
5.6904846e-174
2.4983095e-175
1.0929273e-176
4.7642974e-178
2.0695854e-179
8.9589879e-181
3.864912e-182
1.6616484e-183
7.1198556e-185
3.0405295e-186
1.2941556e-187
5.4903012e-189
2.3216202e-190
9.7855285e-192
4.1113851e-193
1.7219289e-194
7.1891537e-196
2.9921817e-197
1.2415316e-198
5.1356923e-200
2.1179873e-201
8.7084789e-203
3.5699919e-204
1.4591817e-205
5.946751e-207
2.4165139e-208
9.7914906e-210
3.9561148e-211
1.593896e-212
6.4037225e-214
2.5656452e-215
1.0250908e-216
4.0845071e-218
1.6230741e-219
6.4323256e-221
2.5423671e-222
1.0022093e-223
3.9403767e-225
1.5452025e-226
6.0438046e-228
2.3578796e-229
9.1754598e-231
3.5615388e-232
1.3789855e-233
5.3260142e-235
2.0519835e-236
7.8864672e-238
3.0236841e-239
1.1564945e-240
4.4127761e-242
1.6797672e-243
6.379218e-245
2.4162428e-246
9.2109316e-248
2.6661086e-249
0.0002454942
0
0.0020514396
0
0.0080268793
0
0.0093519661
0.0065905739
0
0.059367913
0
0
0.056691359
0.27891625
0.37399875
0.33849241
0.25413935
0.17501923
0.11693631
0.079418284
0.056114104
0.04147103
0.031584978
0.024185953
0.018158702
0.013089036
0.0089139643
0.0056688231
0.0033383329
0.0018098777
0.00090004142
0.00040986297
0.00017093444
6.5398358e-05
2.3021529e-05
7.4856552e-06
2.2585769e-06
6.3547021e-07
1.6757904e-07
4.1628912e-08
9.7885093e-09
2.188439e-09
4.6710746e-10
9.5527538e-11
1.8777004e-11
3.5568539e-12
6.5076151e-13
1.1521533e-13
1.9770474e-14
3.2924847e-15
5.3275878e-16
8.3844837e-17
1.2845568e-17
1.9174296e-18
2.7906554e-19
3.9630098e-20
5.4950505e-21
7.4443735e-22
9.8597443e-23
1.2774543e-23
1.6200163e-24
2.012016e-25
2.4485952e-26
2.921486e-27
3.4191015e-28
3.9269387e-29
4.4282834e-30
4.9051673e-31
5.3394946e-32
5.7142355e-33
6.0145715e-34
6.2288792e-35
6.3494674e-36
6.3730014e-37
6.3005853e-38
6.1375181e-39
5.8927596e-40
5.5781744e-41
5.207639e-42
4.7960966e-43
4.3586409e-44
3.9097008e-45
3.4623734e-46
3.0279353e-47
2.6155431e-48
2.2321138e-49
1.8823603e-50
1.5689554e-51
1.2927844e-52
1.0532524e-53
8.4861354e-55
6.7629526e-56
5.3319581e-57
4.1594307e-58
3.2110603e-59
2.4535727e-60
1.8558884e-61
1.389863e-62
1.0306764e-63
7.5694493e-65
5.506273e-66
3.9679036e-67
2.8329015e-68
2.0041242e-69
1.4050608e-70
9.7632929e-72
6.7248186e-73
4.5919704e-74
3.1088662e-75
2.0870782e-76
1.3894964e-77
9.1749885e-79
6.0093793e-80
3.9045892e-81
2.5170254e-82
1.609943e-83
1.0218505e-84
6.4366625e-86
4.0241348e-87
2.4972604e-88
1.5384207e-89
9.4090585e-91
5.7136826e-92
3.4452711e-93
2.0630317e-94
1.2268765e-95
7.2467756e-97
4.2518104e-98
2.4781266e-99
1.4349226e-100
8.2551172e-102
4.7189079e-103
2.6805043e-104
1.5131465e-105
8.4892073e-107
4.7337644e-108
2.6237999e-109
1.445673e-110
7.9187185e-112
4.3123603e-113
2.3349617e-114
1.2571234e-115
6.7303546e-117
3.5833383e-118
1.8973833e-119
9.9923328e-121
5.2341959e-122
2.7272857e-123
1.413627e-124
7.2893384e-126
3.7395178e-127
1.9087196e-128
9.6937561e-130
4.8987978e-131
2.4635317e-132
1.2328815e-133
6.140476e-135
3.0438481e-136
1.5017805e-137
7.375211e-139
3.6053605e-140
1.7544885e-141
8.4996488e-143
4.099405e-144
1.9684776e-145
9.4113089e-147
4.4802204e-148
2.1237238e-149
1.0024558e-150
4.7121594e-152
2.2058751e-153
1.0284104e-154
4.775235e-156
2.20843e-157
1.0173039e-158
4.6678111e-160
2.1334791e-161
9.7138829e-163
4.4059873e-164
1.9909291e-165
8.9628587e-167
4.0200487e-168
1.7964933e-169
7.999166e-171
3.5489813e-172
1.56898e-173
6.911946e-175
3.0343587e-176
1.3274899e-177
5.7877148e-179
2.5148282e-180
1.0890511e-181
4.7004571e-183
2.0220733e-184
8.6702463e-186
3.7055806e-187
1.5786425e-188
6.703879e-190
2.8378885e-191
1.197576e-192
5.0380327e-194
2.1129069e-195
8.8343066e-197
3.6825466e-198
1.5304478e-199
6.3415285e-201
2.6199014e-202
1.0791997e-203
4.4325604e-205
1.815321e-206
7.4132366e-208
3.0187533e-209
1.2258072e-210
4.9636453e-212
2.0043455e-213
8.0713585e-215
3.2413936e-216
1.2981855e-217
5.1852553e-219
2.0655721e-220
8.206459e-222
3.2518059e-223
1.2851531e-224
5.0658762e-226
1.9917349e-227
7.8107633e-229
3.0552593e-230
1.1920729e-231
4.6394351e-233
1.8011187e-234
6.9749597e-236
2.6944515e-237
1.0383301e-238
3.9915713e-240
1.5307443e-241
5.8562339e-243
2.2351292e-244
8.5079765e-246
3.2595068e-247
9.4761979e-249
0
0.00040011066
0.00056234119
0
0.011408508
0
0.046542884
0
0.0098600228
0.10031728
0
0.010109255
0.52034911
0.63797443
0.40160773
0.17299567
0.054302122
0.017681355
0.0085378478
0.0060319482
0.0052490306
0.005096777
0.0051315751
0.0050813761
0.0047723281
0.0041560344
0.0033124398
0.0023991215
0.0015735402
0.00093349359
0.00050114412
0.0002439094
0.00010794433
4.3607969e-05
1.6155074e-05
5.515655e-06
1.7445576e-06
5.1384501e-07
1.4165553e-07
3.6726069e-08
8.9949043e-09
2.0896815e-09
4.6220811e-10
9.7659918e-11
1.9770063e-11
3.8446927e-12
7.1994354e-13
1.300851e-13
2.2722713e-14
3.8434621e-15
6.3047442e-16
1.004346e-16
1.5556184e-17
2.3453649e-18
3.4454534e-19
4.9364441e-20
6.903735e-21
9.4318554e-22
1.2597051e-22
1.6458588e-23
2.1049503e-24
2.6367753e-25
3.2368875e-26
3.8961268e-27
4.6005037e-28
5.3315017e-29
6.0668172e-30
6.7815031e-31
7.4494301e-32
8.0449432e-33
8.5445589e-34
8.9285382e-35
9.1821912e-36
9.296791e-37
9.2700188e-38
9.1059221e-39
8.8144087e-40
8.410347e-41
7.9123843e-42
7.3416008e-43
6.7201249e-44
6.0698327e-45
5.4112184e-46
4.762502e-47
4.1390123e-48
3.5528465e-49
3.0127853e-50
2.5244288e-51
2.0904986e-52
1.7112544e-53
1.3849721e-54
1.1084366e-55
8.7741188e-57
6.8706271e-58
5.3231042e-59
4.0811527e-60
3.0968616e-61
2.3262263e-62
1.7299824e-63
1.2739659e-64
9.2910686e-66
6.7116457e-67
4.8029741e-68
3.4054177e-69
2.3925945e-70
1.6659606e-71
1.1497793e-72
7.8663683e-74
5.3357915e-75
3.5887391e-76
2.393624e-77
1.5834065e-78
1.0389672e-79
6.7629109e-81
4.3675343e-82
2.7987067e-83
1.7796863e-84
1.1231564e-85
7.0354613e-87
4.374662e-88
2.7004688e-89
1.6550799e-90
1.0072226e-91
6.0869459e-93
3.653264e-94
2.177758e-95
1.289507e-96
7.5851008e-98
4.4326123e-99
2.5736855e-100
1.4848566e-101
8.5129895e-103
4.8504599e-104
2.7467621e-105
1.5460728e-106
8.6505233e-108
4.8116133e-109
2.6607657e-110
1.4629222e-111
7.9977007e-113
4.3477883e-114
2.3505011e-115
1.2637768e-116
6.7581298e-118
3.5946523e-119
1.9019054e-120
1.0010356e-121
5.2416148e-123
2.7306228e-124
1.4153529e-125
7.299603e-127
3.7461895e-128
1.9131998e-129
9.7237674e-131
4.9185341e-132
2.4762039e-133
1.2408206e-134
6.189069e-136
3.0729596e-137
1.5188838e-138
7.4739311e-140
3.6614291e-141
1.7858664e-142
8.672884e-144
4.1938545e-145
2.0193753e-146
9.6826206e-148
4.6233721e-149
2.1985299e-150
1.0411918e-151
4.9110095e-153
2.3071135e-154
1.079547e-155
5.0315798e-157
2.3360006e-158
1.0803453e-159
4.9772355e-161
2.2843593e-162
1.0444933e-163
4.7580168e-165
2.1594303e-166
9.7647003e-168
4.3994504e-169
1.9750167e-170
8.8346391e-172
3.937904e-173
1.7490896e-174
7.7417972e-176
3.4148077e-177
1.501057e-178
6.5757625e-180
2.870942e-181
1.2492324e-182
5.4176829e-184
2.3417809e-185
1.0089088e-186
4.3325247e-188
1.8544879e-189
7.9124492e-191
3.3652082e-192
1.4267139e-193
6.029698e-195
2.5403738e-196
1.0669709e-197
4.4675538e-199
1.8649131e-200
7.7611869e-202
3.2202343e-203
1.3321269e-204
5.4942865e-206
2.2594013e-207
9.264042e-209
3.7874006e-210
1.5439174e-211
6.2756304e-213
2.5436038e-214
1.0280366e-215
4.1432666e-217
1.6651772e-218
6.6737396e-220
2.6673333e-221
1.0631447e-222
4.22593e-224
1.6752315e-225
6.6230436e-227
2.6114291e-228
1.0269382e-229
4.0277573e-231
1.5755878e-232
6.1473745e-234
2.3922789e-235
9.2857355e-237
3.5950955e-238
1.3883577e-239
5.3480599e-241
2.054954e-242
7.8764521e-244
3.0105918e-245
1.1581133e-246
3.3788974e-248
0
0.0034965867
0
0.0074525839
0
0
0.052594258
0
0.1830141
0
0
0.69168976
0.94908997
0.40143152
0.046297922
0.0018884204
0.0003491862
0.00016614169
0.00011204384
0.00010831292
0.00014114311
0.00022176938
0.00035229816
0.000511952
0.0006513436
0.00071711639
0.00068396998
0.00056820738
0.00041388089
0.00026613284
0.00015209377
7.7773515e-05
3.5823783e-05
1.4963384e-05
5.7051341e-06
1.9983015e-06
6.4696679e-07
1.9473742e-07
5.4791815e-08
1.4482786e-08
3.6128065e-09
8.5407695e-10
1.9206052e-10
4.1222492e-11
8.4703689e-12
1.6707988e-12
3.1714686e-13
5.8058228e-14
1.0270483e-14
1.758785e-15
2.9202801e-16
4.708181e-17
7.3801485e-18
1.1260886e-18
1.6743235e-19
2.4282108e-20
3.4379246e-21
4.755743e-22
6.4323859e-23
8.5123863e-24
1.102878e-24
1.3997565e-25
1.7412509e-26
2.1240974e-27
2.5421388e-28
2.9862913e-29
3.4447652e-30
3.9035466e-31
4.347116e-32
4.7593537e-33
5.1245531e-34
5.4284484e-35
5.6591618e-36
5.8079811e-37
5.8698929e-38
5.8438346e-39
5.7326462e-40
5.5427416e-41
5.2835462e-42
4.9667632e-43
4.6055422e-44
4.2136321e-45
3.8045845e-46
3.3910636e-47
2.9843059e-48
2.5937462e-49
2.2268136e-50
1.8888856e-51
1.5833747e-52
1.3119179e-53
1.0746351e-54
8.7042495e-56
6.9726862e-57
5.5251998e-58
4.3316542e-59
3.3604272e-60
2.5801528e-61
1.9610119e-62
1.4756076e-63
1.0994813e-64
8.1133463e-66
5.9302742e-67
4.2941583e-68
3.0808772e-69
2.1904173e-70
1.5434666e-71
1.0780675e-72
7.4650382e-74
5.1252297e-75
3.4893651e-76
2.3560611e-77
1.5779302e-78
1.0483422e-79
6.9100957e-81
4.5194049e-82
2.9332161e-83
1.8893861e-84
1.207976e-85
7.6666026e-87
4.8305829e-88
3.0219825e-89
1.877254e-90
1.1580695e-91
7.0952454e-93
4.3177878e-94
2.6100872e-95
1.5674237e-96
9.3517392e-98
5.5438173e-99
3.2656604e-100
1.91167e-101
1.1121616e-102
6.43085e-104
3.6961197e-105
2.1116971e-106
1.1993756e-107
6.7724541e-109
3.8021804e-110
2.1224768e-111
1.1781591e-112
6.503424e-114
3.5701227e-115
1.9491818e-116
1.0584594e-117
5.7170595e-119
3.0716469e-120
1.6416962e-121
8.7289012e-123
4.6173578e-124
2.4300544e-125
1.2724711e-126
6.6299431e-128
3.4373337e-129
1.773386e-130
9.1048717e-132
4.6521349e-133
2.3656867e-134
1.1973108e-135
6.0314147e-137
3.0242086e-138
1.5093916e-139
7.4990583e-141
3.7088815e-142
1.826111e-143
8.9510845e-145
4.3682193e-146
2.1224105e-147
1.0267533e-148
4.9457258e-150
2.3721185e-151
1.1329224e-152
5.3881074e-154
2.5518744e-155
1.2036045e-156
5.6535876e-158
2.6448097e-159
1.2322782e-160
5.7184841e-162
2.6431677e-163
1.2168966e-164
5.5806051e-166
2.5492994e-167
1.1600736e-168
5.2588206e-170
2.3748834e-171
1.0684645e-172
4.7891063e-174
2.1386415e-175
9.5153119e-177
4.2181491e-178
1.8631461e-179
8.1999286e-181
3.5960303e-182
1.5714431e-183
6.8430185e-185
2.9694921e-186
1.2841437e-187
5.5341823e-189
2.3769115e-190
1.0174277e-191
4.3404638e-193
1.8455331e-194
7.8211673e-196
3.3036662e-197
1.3909333e-198
5.8373086e-200
2.4418879e-201
1.0182535e-202
4.2326625e-204
1.7539171e-205
7.2452327e-207
2.983689e-208
1.224962e-209
5.013828e-211
2.0459912e-212
8.3240618e-214
3.3765532e-215
1.3656149e-216
5.5069177e-218
2.2142363e-219
8.8773572e-221
3.5489255e-222
1.4147269e-223
5.6236714e-225
2.2291933e-226
8.8118042e-228
3.4736021e-229
1.3655326e-230
5.3535203e-232
2.0931522e-233
8.1619623e-235
3.1741625e-236
1.2311555e-237
4.7627091e-239
1.8376416e-240
7.0719824e-242
2.7146129e-243
1.0390383e-244
4.0022581e-246
1.1689917e-247
0
0.0042664416
0
0.019039283
0
0.042880101
0
0
0.2557154
0
0.39990501
1.3414834
0.64123924
0.13188446
0.012368274
0.00049221514
1.6145181e-05
1.355567e-06
4.252234e-07
4.222614e-07
1.0435758e-06
3.7926424e-06
1.2040557e-05
2.9156361e-05
5.3289934e-05
7.5792858e-05
8.6673858e-05
8.1924202e-05
6.5430698e-05
4.4944506e-05
2.6940898e-05
1.4267368e-05
6.7474683e-06
2.8770991e-06
1.1156375e-06
3.964876e-07
1.3005975e-07
3.9631766e-08
1.1283535e-08
3.0172851e-09
7.6137536e-10
1.8206559e-10
4.1414376e-11
8.9918032e-12
1.8691362e-12
3.7301259e-13
7.1641177e-14
1.3271455e-14
2.3760432e-15
4.1185793e-16
6.923066e-17
1.1301593e-17
1.7940817e-18
2.772827e-19
4.1768566e-20
6.1382929e-21
8.8085365e-22
1.2352964e-22
1.6942344e-23
2.2740942e-24
2.9891757e-25
3.8499788e-26
4.8614761e-27
6.0215088e-28
7.3195046e-29
8.735705e-30
1.0241067e-30
1.1797933e-31
1.336149e-32
1.4881956e-33
1.6307329e-34
1.7586486e-35
1.8672349e-36
1.9524851e-37
2.0113407e-38
2.0418717e-39
2.043372e-40
2.0163674e-41
1.9625376e-42
1.8845664e-43
1.7859324e-44
1.6706674e-45
1.5430999e-46
1.4076061e-47
1.268387e-48
1.1292839e-49
9.9363959e-51
8.642106e-52
7.4312629e-53
6.3189112e-54
5.3142228e-55
4.4211332e-56
3.6391451e-57
2.9642171e-58
2.3896586e-59
1.9069739e-60
1.5066144e-61
1.1786129e-62
9.130887e-64
7.0062613e-65
5.3253517e-66
4.0100884e-67
2.9919657e-68
2.2121166e-69
1.6209077e-70
1.1772156e-71
8.4751726e-73
6.0489759e-74
4.2805608e-75
3.0036456e-76
2.0901068e-77
1.4424527e-78
9.8738999e-80
6.7045503e-81
4.516306e-82
3.0183395e-83
2.0015264e-84
1.3170428e-85
8.6004265e-87
5.573875e-88
3.5854743e-89
2.2894053e-90
1.4511736e-91
9.1320902e-93
5.7056902e-94
3.5396955e-95
2.1805974e-96
1.3340395e-97
8.1054437e-99
4.8913723e-100
2.9319803e-101
1.7458138e-102
1.0326927e-103
6.0689019e-105
3.5435942e-106
2.0558973e-107
1.1852525e-108
6.7904792e-110
3.8663192e-111
2.1879137e-112
1.2306227e-113
6.8803196e-115
3.8239106e-116
2.1127513e-117
1.1605298e-118
6.3380705e-120
3.4417219e-121
1.8583919e-122
9.9785231e-124
5.328278e-125
2.8295873e-126
1.4945094e-127
7.8512148e-129
4.1026155e-130
2.1325212e-131
1.102699e-132
5.6724918e-134
2.9031272e-135
1.4782749e-136
7.4896693e-138
3.7758053e-139
1.8941609e-140
9.4559482e-142
4.6978008e-143
2.3227661e-144
1.1430297e-145
5.5984827e-147
2.7293752e-148
1.3245101e-149
6.3983105e-151
3.0768897e-152
1.4730363e-153
7.0208237e-155
3.3316058e-156
1.5740833e-157
7.4050483e-159
3.4687364e-160
1.6179866e-161
7.5154603e-163
3.4764006e-164
1.6014521e-165
7.3472391e-167
3.3571937e-168
1.5278699e-169
6.925795e-171
3.1270983e-172
1.406427e-173
6.3010311e-175
2.812157e-176
1.2503039e-177
5.5380151e-179
2.4438211e-180
1.0744234e-181
4.7063714e-183
2.0540702e-184
8.9325663e-186
3.8706375e-187
1.6712723e-188
7.1909029e-190
3.0832167e-191
1.3174125e-192
5.6098234e-194
2.3806674e-195
1.0068914e-196
4.244368e-198
1.7832077e-199
7.4672574e-201
3.1167524e-202
1.2966927e-203
5.3774552e-205
2.2229657e-206
9.1604366e-208
3.7630328e-209
1.541023e-210
6.2912998e-212
2.5606036e-213
1.039024e-214
4.2033975e-216
1.69542e-217
6.8181447e-219
2.7338667e-220
1.093001e-221
4.3571821e-223
1.7319788e-224
6.8650027e-226
2.7133741e-227
1.0694461e-228
4.2033705e-230
1.6475372e-231
6.4399235e-233
2.5104013e-234
9.7595879e-236
3.7840302e-237
1.4632591e-238
5.6433899e-240
2.1707987e-241
8.328617e-243
3.1861873e-244
1.2266045e-245
3.5808438e-247
0.00067833434
0
0
0.013551465
0
0.081614973
0
0.12414462
0.14744134
0
1.5122246
1.3490519
0.4476602
0.059551478
0.0025974205
6.146558e-05
1.0750468e-06
2.2633968e-08
2.080366e-09
9.8643938e-10
3.4060475e-09
3.7531947e-08
2.6550886e-07
1.0870971e-06
2.8217887e-06
5.0837653e-06
6.8230743e-06
7.1891354e-06
6.1808774e-06
4.4634626e-06
2.7684095e-06
1.5011582e-06
7.2203816e-07
3.1182445e-07
1.2217496e-07
4.382015e-08
1.4500666e-08
4.4577335e-09
1.2808264e-09
3.4582078e-10
8.8159163e-11
2.1309832e-11
4.9026193e-12
1.0771489e-12
2.2669103e-13
4.5823113e-14
8.9185769e-15
1.6751054e-15
3.0424282e-16
5.3537746e-17
9.1439829e-18
1.5183495e-18
2.4549946e-19
3.8708951e-20
5.9600798e-21
8.9727808e-22
1.3223465e-22
1.9097107e-23
2.7052338e-24
3.761981e-25
5.1393904e-26
6.9015907e-27
9.1146992e-28
1.1843007e-28
1.5144056e-29
1.9062767e-30
2.3624956e-31
2.8830743e-32
3.4648533e-33
4.1010335e-34
4.7809181e-35
5.4899321e-36
6.2099642e-37
6.9200457e-38
7.5973395e-39
8.21838e-40
8.7604683e-41
9.2030956e-42
9.5292753e-43
9.7266521e-44
9.7882849e-45
9.7130399e-46
9.5055616e-47
9.1758343e-48
8.7383954e-49
8.2112827e-50
7.6148166e-51
6.970338e-52
6.2989988e-53
5.6206949e-54
4.9532106e-55
4.3116069e-56
3.7078648e-57
3.1507739e-58
2.6460297e-59
2.1964988e-60
1.8026017e-61
1.4627628e-62
1.1738835e-63
9.3180219e-65
7.3171091e-66
5.6851341e-67
4.3711367e-68
3.3263392e-69
2.5056585e-70
1.8686329e-71
1.3798607e-72
1.0090596e-73
7.3085083e-75
5.2436044e-76
3.7271602e-77
2.6250027e-78
1.8320637e-79
1.2672575e-80
8.6887247e-82
5.9056323e-83
3.9796715e-84
2.6591865e-85
1.762059e-86
1.1580052e-87
7.5485988e-89
4.8812888e-90
3.1315586e-91
1.9933757e-92
1.2591117e-93
7.8927582e-95
4.9104917e-96
3.0324542e-97
1.8589905e-98
1.1313933e-99
6.8366402e-101
4.1020679e-102
2.4441714e-103
1.4463259e-104
8.5004644e-106
4.9624571e-107
2.8778194e-108
1.6579724e-109
9.4901222e-111
5.3973459e-112
3.0502482e-113
1.7130442e-114
9.5611885e-116
5.3039081e-117
2.9244974e-118
1.6029039e-119
8.7336147e-121
4.7308554e-122
2.5478438e-123
1.3643356e-124
7.2646102e-126
3.846565e-127
2.0254892e-128
1.06074e-129
5.5250445e-131
2.8624348e-132
1.4751399e-133
7.5622849e-135
3.8567285e-136
1.9568382e-137
9.8783379e-139
4.9616807e-140
2.4797747e-141
1.2332648e-142
6.1035565e-144
3.0061703e-145
1.4735653e-146
7.1890454e-148
3.4909174e-149
1.6873094e-150
8.1181398e-152
3.8881643e-153
1.853866e-154
8.799879e-156
4.1587084e-157
1.9567807e-158
9.1673951e-160
4.2764932e-161
1.9864855e-162
9.1887452e-164
4.2326989e-165
1.9417168e-166
8.8711197e-168
4.0365606e-169
1.8293688e-170
8.2577899e-172
3.7129142e-173
1.6629154e-174
7.4189914e-176
3.2972677e-177
1.4598665e-178
6.4392668e-180
2.8296879e-181
1.2388933e-182
5.404265e-184
2.3488793e-185
1.0172318e-186
4.3896298e-188
1.887548e-189
8.0880452e-191
3.4536444e-192
1.4696471e-193
6.2325059e-195
2.6341413e-196
1.1095697e-197
4.6582366e-199
1.9491805e-200
8.1293916e-202
3.3794917e-203
1.4003729e-204
5.7842423e-206
2.3816129e-207
9.7752753e-209
3.9997333e-210
1.6315045e-211
6.6345517e-213
2.6897482e-214
1.0871739e-215
4.3811106e-217
1.7602629e-218
7.0516257e-220
2.8166276e-221
1.1217809e-222
4.4548697e-224
1.7640873e-225
6.9658301e-227
2.7428561e-228
1.0770104e-229
4.2172845e-231
1.6468395e-232
6.4133382e-234
2.4908098e-235
9.6478273e-237
3.727004e-238
1.4359534e-239
5.5179722e-241
2.1149038e-242
8.0824936e-244
3.1083315e-245
9.0657355e-247
0.0023805647
0
0.0091134396
0
0.0037557322
0.10068526
0
0.37852928
0.17985918
0.57645555
2.4955828
0.97591896
0.083778292
0.0028818277
0.00010189682
2.6746937e-06
4.7718891e-08
6.6274233e-10
3.4773357e-11
7.44548e-12
1.801949e-11
3.6761317e-10
4.6118669e-09
2.8206255e-08
9.6077402e-08
2.0793101e-07
3.1568496e-07
3.613026e-07
3.2834212e-07
2.4613029e-07
1.5660692e-07
8.6463955e-08
4.2149531e-08
1.839836e-08
7.274507e-09
2.6305706e-09
8.771356e-10
2.7159078e-10
7.8576541e-11
2.1362264e-11
5.4863099e-12
1.3379905e-12
3.1151717e-13
6.9633417e-14
1.5034232e-14
3.1551916e-15
6.4772571e-16
1.3081191e-16
2.6102154e-17
5.158295e-18
1.0097525e-18
1.9546042e-19
3.7304821e-20
6.9962896e-21
1.2852309e-21
2.3065364e-22
4.0361007e-23
6.8775892e-24
1.14047e-24
1.8399375e-25
2.8882743e-26
4.4130401e-27
6.5662695e-28
9.5201151e-29
1.3458452e-29
1.8564209e-30
2.5002789e-31
3.2902628e-32
4.2334585e-33
5.3292466e-34
6.567719e-35
7.928709e-36
9.3816414e-37
1.0886326e-37
1.2394713e-38
1.3853511e-39
1.5207468e-40
1.6403e-41
1.7391837e-42
1.8134326e-43
1.8602056e-44
1.8779601e-45
1.8665212e-46
1.8270449e-47
1.7618856e-48
1.6743838e-49
1.5686007e-50
1.4490252e-51
1.320283e-52
1.1868682e-53
1.0529191e-54
9.2204738e-56
7.9722718e-57
6.8074264e-58
5.7418771e-59
4.785086e-60
3.9407819e-61
3.2079007e-62
2.5816158e-63
2.054368e-64
1.6168218e-65
1.2587003e-66
9.6947263e-68
7.3888438e-69
5.5733682e-70
4.1613092e-71
3.0759699e-72
2.2513398e-73
1.6318199e-74
1.171492e-75
8.3311399e-77
5.8698654e-78
4.0979781e-79
2.835219e-80
1.9441753e-81
1.3215123e-82
8.9052826e-84
5.9500076e-85
3.9421403e-86
2.5902498e-87
1.6880891e-88
1.0912931e-89
6.9988512e-91
4.4534599e-92
2.8118937e-93
1.7618744e-94
1.0956427e-95
6.7627493e-97
4.143616e-98
2.5204509e-99
1.5221569e-100
9.127716e-102
5.4353141e-103
3.2142868e-104
1.8878996e-105
1.1013963e-106
6.3828453e-108
3.6747328e-109
2.1019003e-110
1.1945572e-111
6.7459512e-113
3.7857603e-114
2.1113903e-115
1.1703629e-116
6.4482191e-118
3.531477e-119
1.9226482e-120
1.0406368e-121
5.599935e-123
2.9962584e-124
1.5941001e-125
8.4337176e-127
4.4372746e-128
2.3218465e-129
1.2083604e-130
6.2550457e-132
3.2207757e-133
1.6497228e-134
8.4063231e-136
4.2615686e-137
2.1494364e-138
1.0786843e-139
5.3864337e-141
2.6765036e-142
1.323475e-143
6.5127829e-145
3.1896402e-146
1.5547547e-147
7.5430631e-149
3.6426679e-150
1.7510451e-151
8.3791636e-153
3.991618e-154
1.8930466e-155
8.9383318e-157
4.2019706e-158
1.9668405e-159
9.1669079e-161
4.2543374e-162
1.966137e-163
9.0486881e-165
4.1472906e-166
1.8930715e-167
8.6061671e-169
3.8968081e-170
1.7574411e-171
7.8947951e-173
3.5326848e-174
1.5746652e-175
6.992074e-177
3.0929527e-178
1.3630279e-179
5.9843219e-181
2.6176906e-182
1.1408512e-183
4.9540564e-185
2.1435224e-186
9.2415286e-188
3.9702855e-189
1.6997111e-190
7.251319e-192
3.0829063e-193
1.3062246e-194
5.5157199e-196
2.3212705e-197
9.7364545e-199
4.0704231e-200
1.6961094e-201
7.0445883e-203
2.916463e-204
1.2035606e-205
4.9510976e-207
2.0303378e-208
8.3000265e-210
3.3825644e-211
1.3742916e-212
5.5665823e-214
2.2479464e-215
9.0506818e-217
3.6331639e-218
1.4541436e-219
5.8030769e-221
2.3091282e-222
9.1619177e-224
3.6247921e-225
1.4300389e-226
5.6258768e-228
2.207088e-229
8.6346649e-231
3.3688139e-232
1.3107606e-233
5.0862023e-235
1.9683247e-236
7.5969902e-238
2.9244007e-239
1.1227711e-240
4.2994986e-242
1.6416807e-243
6.3078603e-245
1.8382764e-246
0.0025730311
0.011457301
0.064468651
0.0818945
0.21843924
0.33412965
0.36484823
0.98942311
0.82484507
1.9110295
3.091224
0.81650301
0.0063485058
6.3640912e-06
1.5951468e-07
3.1645506e-09
4.4711115e-11
7.6438892e-13
3.624261e-13
4.5975068e-13
2.9444268e-12
4.3947899e-11
3.5733407e-10
1.5547727e-09
4.089171e-09
7.1881733e-09
9.065706e-09
8.6115605e-09
6.3483955e-09
3.6858206e-09
1.6755702e-09
5.7036642e-10
1.2248911e-10
8.4998082e-13
0
0
4.0002404e-12
4.0855703e-12
2.6459093e-12
1.3615043e-12
6.0018057e-13
2.3510437e-13
8.3609965e-14
2.7375843e-14
8.3348014e-15
2.377139e-15
6.3876854e-16
1.6246797e-16
3.9262774e-17
9.0443555e-18
1.9913924e-18
4.2011456e-19
8.5102439e-20
1.6585093e-20
3.114998e-21
5.6475623e-22
9.8986021e-23
1.6795632e-23
2.7624083e-24
4.4093173e-25
6.8381162e-26
1.0314363e-26
1.5146773e-27
2.1675759e-28
3.0254178e-29
4.1220281e-30
5.486402e-31
7.1389183e-32
9.087492e-33
1.1324118e-33
1.3822281e-34
1.6535667e-35
1.9398523e-36
2.2327827e-37
2.5227219e-38
2.7992457e-39
3.0517935e-40
3.2703649e-41
3.4461975e-42
3.5723583e-43
3.6441927e-44
3.659593e-45
3.6190672e-46
3.5256085e-47
3.3843922e-48
3.2023352e-49
2.9875676e-50
2.7488703e-51
2.4951271e-52
2.234834e-53
1.9756971e-54
1.7243391e-55
1.4861186e-56
1.2650588e-57
1.0638718e-58
8.8405876e-60
7.2606477e-61
5.8946568e-62
4.731671e-63
3.7559947e-64
2.9489614e-65
2.2904666e-66
1.7602102e-67
1.33864e-68
1.0076107e-69
7.5079371e-71
5.5387893e-72
4.0461421e-73
2.9272752e-74
2.0977064e-75
1.4891744e-76
1.0474316e-77
7.3003427e-79
5.0426064e-80
3.4523644e-81
2.3430535e-82
1.5765393e-83
1.0518075e-84
6.9586875e-86
4.5659126e-87
2.9715674e-88
1.9184428e-89
1.2287509e-90
7.8086537e-92
4.9241399e-93
3.0815568e-94
1.9139842e-95
1.179986e-96
7.2214891e-98
4.3876135e-99
2.6468005e-100
1.5854187e-101
9.4304986e-103
5.5709665e-104
3.2686481e-105
1.9049491e-106
1.1028372e-107
6.3428844e-109
3.6244608e-110
2.0578541e-111
1.161002e-112
6.5092461e-114
3.6269309e-115
2.0085825e-116
1.1056363e-117
6.0497446e-119
3.2907379e-120
1.7795487e-121
9.5678684e-123
5.1148996e-124
2.7189613e-125
1.4372752e-126
7.5556928e-128
3.9503189e-129
2.0541833e-130
1.0624796e-131
5.4663966e-133
2.7977265e-134
1.4244819e-135
7.2157217e-137
3.6366128e-138
1.8236087e-139
9.0992589e-141
4.5179602e-142
2.2323515e-143
1.097711e-144
5.3720482e-146
2.6166103e-147
1.2685452e-148
6.1215419e-150
2.9405162e-151
1.4060922e-152
6.6934618e-154
3.172149e-155
1.4967212e-156
7.0312291e-158
3.2888404e-159
1.5317697e-160
7.1039678e-162
3.2808225e-163
1.5088841e-164
6.9109443e-166
3.152419e-167
1.4321614e-168
6.4803392e-170
2.9206346e-171
1.3111313e-172
5.8630048e-174
2.6116485e-175
1.1588967e-176
5.1230103e-178
2.2561655e-179
9.8991162e-181
4.32729e-182
1.8847069e-183
8.1788797e-185
3.5365502e-186
1.5237559e-187
6.5420517e-189
2.7989091e-190
1.193309e-191
5.0701321e-193
2.1468446e-194
9.0596091e-196
3.810292e-197
1.5972e-198
6.6730544e-200
2.7788576e-201
1.1534427e-202
4.7722758e-204
1.9681866e-205
8.0915124e-207
3.3160954e-208
1.3547816e-209
5.5178207e-211
2.2404367e-212
9.0693311e-214
3.6602098e-215
1.4727711e-216
5.9084484e-218
2.363365e-219
9.4257817e-221
3.7483762e-222
1.4863398e-223
5.8769491e-225
2.3171507e-226
9.1103436e-228
3.5719288e-229
1.3965861e-230
5.4455131e-232
2.1175087e-233
8.2117544e-235
3.1759966e-236
1.2250852e-237
4.7130653e-239
1.8084233e-240
6.921009e-242
2.6410926e-243
1.0141855e-244
2.9540285e-246
0.24896259
0.66152163
1.0383331
1.3254326
1.737881
1.9377677
2.1596194
2.8139537
2.5055634
3.5247706
3.8600012
0.91462614
0.0049441651
1.2303031e-22
0
0
0
3.7424372e-16
1.4871808e-13
3.9407758e-13
2.6682822e-12
4.376103e-11
4.2086111e-10
2.237333e-09
7.248464e-09
1.5892586e-08
2.5602379e-08
3.2200214e-08
3.304415e-08
2.8571979e-08
2.132551e-08
1.399757e-08
8.1992183e-09
4.3371753e-09
2.0922104e-09
9.2797985e-10
3.811106e-10
1.458031e-10
5.2235347e-11
1.7604866e-11
5.60417e-12
1.6909237e-12
4.8507155e-13
1.3265587e-13
3.4666652e-14
8.6748891e-15
2.0824698e-15
4.8035657e-16
1.066236e-16
2.2804603e-17
4.7054251e-18
9.3771878e-19
1.8067777e-19
3.3692495e-20
6.0866407e-21
1.0662102e-21
1.812677e-22
2.9935769e-23
4.8064193e-24
7.5088249e-25
1.1423208e-25
1.6935785e-26
2.4487668e-27
3.4556224e-28
4.7625764e-29
6.4147912e-30
8.4493694e-31
1.0890104e-31
1.3742291e-32
1.6988228e-33
2.058405e-34
2.4458462e-35
2.8513809e-36
3.2629625e-37
3.6668566e-38
4.0484309e-39
4.3930757e-40
4.6871682e-41
4.9189915e-42
5.079518e-43
5.1629841e-44
5.167209e-45
5.0936351e-46
4.9470983e-47
4.7353661e-48
4.4684992e-49
4.1581032e-50
3.8165457e-51
3.4562059e-52
3.0888097e-53
2.7248971e-54
2.3734392e-55
2.0416137e-56
1.7347301e-57
1.4562825e-58
1.2081046e-59
9.9059409e-61
8.0297851e-62
6.4359307e-63
5.1015015e-64
3.9998319e-65
3.102546e-66
2.3812292e-67
1.8086831e-68
1.3597906e-69
1.0120407e-70
7.4577347e-72
5.4420641e-73
3.9330678e-74
2.8156072e-75
1.9968518e-76
1.4031743e-77
9.7707296e-79
6.742922e-80
4.612432e-81
3.1277086e-82
2.1027593e-83
1.4017519e-84
9.2666214e-86
6.0756044e-87
3.9511499e-88
2.5490048e-89
1.6314623e-90
1.0360671e-91
6.5290129e-93
4.083187e-94
2.5344612e-95
1.5615229e-96
9.5505465e-98
5.7991625e-99
3.4962206e-100
2.0929909e-101
1.2442528e-102
7.3461488e-104
4.3078147e-105
2.509205e-106
1.4518849e-107
8.3460219e-109
4.7666344e-110
2.7049693e-111
1.5253291e-112
8.5476631e-114
4.7604207e-115
2.6350457e-116
1.4497936e-117
7.9291964e-119
4.3110833e-120
2.330272e-121
1.2523281e-122
6.6918876e-124
3.5557033e-125
1.8787787e-126
9.8724602e-128
5.1594185e-129
2.6818057e-130
1.3865329e-131
7.1307312e-133
3.6480715e-134
1.8567008e-135
9.4014174e-137
4.7363176e-138
2.3741446e-139
1.1841721e-140
5.8774091e-142
2.9029679e-143
1.4269382e-144
6.9806496e-146
3.3988738e-147
1.6471882e-148
7.9458538e-150
3.8154602e-151
1.8238194e-152
8.6788981e-154
4.1116314e-155
1.9393191e-156
9.1072731e-158
4.2584307e-159
1.9826718e-160
9.191995e-162
4.2436915e-163
1.9510574e-164
8.9331669e-166
4.0734899e-167
1.8499928e-168
8.3681974e-170
3.770233e-171
1.6919777e-172
7.5635695e-174
3.3680615e-175
1.4940646e-176
6.6025217e-178
2.9068063e-179
1.2749779e-180
5.5716503e-182
2.4259052e-183
1.0524137e-184
4.5492066e-186
1.9594531e-187
8.4100303e-189
3.5969712e-190
1.5330846e-191
6.5117526e-193
2.7564181e-194
1.1628407e-195
4.8891762e-197
2.0488199e-198
8.5572968e-200
3.5624275e-201
1.4782366e-202
6.1142326e-204
2.5208765e-205
1.0360583e-206
4.2447393e-208
1.7336569e-209
7.0588116e-211
2.8652805e-212
1.159526e-213
4.6782376e-215
1.8818409e-216
7.5473193e-218
3.0180191e-219
1.2033189e-220
4.7838659e-222
1.8963856e-223
7.496067e-225
2.9546705e-226
1.1613497e-227
4.5520266e-229
1.7792775e-230
6.9356797e-232
2.6961863e-233
1.0452865e-234
4.0416095e-236
1.5585321e-237
5.9941597e-239
2.2993259e-240
8.797224e-242
3.3561083e-243
1.2883812e-244
3.7517172e-246
0.2489629
0.66152662
1.0383514
1.325464
1.7379449
1.9378519
2.1597293
2.8141264
2.5057152
3.5250029
3.8602285
0.91467212
0.0049444357
1.2303871e-22
0
0
0
3.7424921e-16
1.4872004e-13
3.9408421e-13
2.6682625e-12
4.3760251e-11
4.2084801e-10
2.2372203e-09
7.2479411e-09
1.5891118e-08
2.5599619e-08
3.2196442e-08
3.3040172e-08
2.8568601e-08
2.1323131e-08
1.3996147e-08
8.1984843e-09
4.3368451e-09
2.0920802e-09
9.2793504e-10
3.8109738e-10
1.4579995e-10
5.223487e-11
1.7604916e-11
5.60425e-12
1.6909666e-12
4.850891e-13
1.3266207e-13
3.4668635e-14
8.6754751e-15
2.0826319e-15
4.8039885e-16
1.0663407e-16
2.2807073e-17
4.7059824e-18
9.3783934e-19
1.8070283e-19
3.3697511e-20
6.0876091e-21
1.0663909e-21
1.813003e-22
2.9941469e-23
4.807386e-24
7.5104171e-25
1.1425757e-25
1.6939756e-26
2.4493693e-27
3.4565135e-28
4.7638618e-29
6.4166014e-30
8.4518598e-31
1.0893454e-31
1.3746697e-32
1.6993901e-33
2.0591203e-34
2.44673e-35
2.8524513e-36
3.2642342e-37
3.668339e-38
4.0501274e-39
4.3949826e-40
4.6892743e-41
4.9212778e-42
5.0819585e-43
5.1655467e-44
5.1698568e-45
5.0963282e-46
4.9497954e-47
4.7380266e-48
4.4710851e-49
4.1605802e-50
3.8188848e-51
3.4583841e-52
3.0908105e-53
2.7267103e-54
2.3750607e-55
2.0430452e-56
1.7359777e-57
1.4573565e-58
1.2090177e-59
9.9136106e-61
8.0361514e-62
6.4411536e-63
5.1057373e-64
4.0032286e-65
3.1052397e-66
2.3833421e-67
1.8103226e-68
1.3610494e-69
1.0129972e-70
7.4649273e-72
5.4474187e-73
3.9370145e-74
2.8184878e-75
1.998934e-76
1.4046651e-77
9.7813037e-79
6.7503529e-80
4.6176067e-81
3.1312798e-82
2.1052021e-83
1.4034084e-84
9.2777568e-86
6.0830268e-87
3.9560561e-88
2.552221e-89
1.6335536e-90
1.037416e-91
6.5376444e-93
4.0886672e-94
2.5379137e-95
1.5636815e-96
9.5639407e-98
5.8074121e-99
3.5012644e-100
2.0960524e-101
1.2460977e-102
7.3571891e-104
4.3143751e-105
2.5130766e-106
1.4541541e-107
8.3592329e-109
4.7742746e-110
2.7093589e-111
1.5278347e-112
8.5618741e-114
4.7684295e-115
2.6395311e-116
1.45229e-117
7.9430063e-119
4.3186765e-120
2.3344221e-121
1.2545829e-122
6.7040674e-124
3.5622442e-125
1.8822714e-126
9.8910047e-128
5.1692098e-129
2.6869469e-130
1.3892176e-131
7.1446749e-133
3.6552748e-134
1.8604023e-135
9.4203387e-137
4.7459396e-138
2.3790126e-139
1.1866224e-140
5.889681e-142
2.9090834e-143
1.4299708e-144
6.9956147e-146
3.4062231e-147
1.6507802e-148
7.9633269e-150
3.8239201e-151
1.8278965e-152
8.6984569e-154
4.1209716e-155
1.9437594e-156
9.1282885e-158
4.2683331e-159
1.9873174e-160
9.2136955e-162
4.2537848e-163
1.955732e-164
8.9547261e-166
4.0833916e-167
1.8545218e-168
8.3888275e-170
3.7795924e-171
1.6962068e-172
7.5826033e-174
3.3765942e-175
1.4978748e-176
6.6194705e-178
2.9143166e-179
1.2782932e-180
5.5862303e-182
2.4322932e-183
1.0552022e-184
4.5613345e-186
1.9647087e-187
8.432723e-189
3.6067346e-190
1.5372704e-191
6.5296356e-193
2.7640315e-194
1.1660709e-195
4.9028343e-197
2.0545753e-198
8.5814683e-200
3.5725452e-201
1.4824577e-202
6.1317853e-204
2.5281518e-205
1.0390641e-206
4.2571181e-208
1.7387388e-209
7.0796085e-211
2.8737648e-212
1.1629766e-213
4.6922284e-215
1.8874964e-216
7.5701112e-218
3.0271769e-219
1.2069876e-220
4.7985199e-222
1.9022218e-223
7.5192429e-225
2.9638474e-226
1.1649731e-227
4.5662929e-229
1.7848788e-230
6.9576098e-232
2.7047488e-233
1.0486205e-234
4.0545559e-236
1.5635458e-237
6.0135238e-239
2.306785e-240
8.8258807e-242
3.3670857e-243
1.2926126e-244
3.7640866e-246
0.0025734018
0.011456465
0.064471719
0.081895532
0.21845425
0.33415427
0.36487432
0.98952816
0.824916
1.9112348
3.0915206
0.8165701
0.0063490886
6.3649865e-06
1.5953946e-07
3.1650322e-09
4.4718036e-11
7.6474401e-13
3.6265565e-13
4.5987451e-13
2.9445794e-12
4.3951163e-11
3.5738677e-10
1.5551769e-09
4.0907984e-09
7.1921208e-09
9.0721798e-09
8.619334e-09
6.3556525e-09
3.6913178e-09
1.6790584e-09
5.7226652e-10
1.2339507e-10
1.2342533e-12
0
0
4.0171703e-12
4.0908721e-12
2.6475437e-12
1.3620158e-12
6.0034603e-13
2.3515953e-13
8.3628522e-14
2.738199e-14
8.3367693e-15
2.3777409e-15
6.3894349e-16
1.6251623e-16
3.9275413e-17
9.0475031e-18
1.9921393e-18
4.2028379e-19
8.5139137e-20
1.6592725e-20
3.1165231e-21
5.6504969e-22
9.904048e-23
1.6805395e-23
2.7641018e-24
4.4121634e-25
6.8427563e-26
1.0321711e-26
1.5158086e-27
2.1692713e-28
3.0278933e-29
4.1255526e-30
5.4912995e-31
7.1455649e-32
9.0963087e-33
1.1335557e-33
1.3836806e-34
1.6553729e-35
1.942053e-36
2.2354116e-37
2.5258022e-38
2.8027878e-39
3.0557925e-40
3.2747997e-41
3.4510305e-42
3.5775362e-43
3.6496482e-44
3.665248e-45
3.6248361e-46
3.5314026e-47
3.3901233e-48
3.2079197e-49
2.9929299e-50
2.7539458e-51
2.4998639e-52
2.2391939e-53
1.979656e-54
1.7278865e-55
1.4892559e-56
1.267798e-57
1.0662335e-58
8.8606989e-60
7.2775669e-61
5.9087213e-62
4.7432259e-63
3.7653787e-64
2.9564964e-65
2.2964495e-66
1.7649088e-67
1.3422903e-68
1.0104165e-69
7.5292799e-71
5.5548571e-72
4.0581163e-73
2.93611e-74
2.104161e-75
1.4938445e-76
1.0507784e-77
7.3241025e-79
5.0593183e-80
3.464012e-81
2.3510986e-82
1.5820469e-83
1.0555451e-84
6.9838333e-86
4.5826868e-87
2.9826633e-88
1.925722e-89
1.2334875e-90
7.8392259e-92
4.9437165e-93
3.0939944e-94
1.9218251e-95
1.1848914e-96
7.2519474e-98
4.4063849e-99
2.6582844e-100
1.5923934e-101
9.4725566e-103
5.5961485e-104
3.2836206e-105
1.91379e-106
1.108022e-107
6.3730864e-109
3.641937e-110
2.0679002e-111
1.1667396e-112
6.5418041e-114
3.6452891e-115
2.0188693e-116
1.1113646e-117
6.0814489e-119
3.3081788e-120
1.7890858e-121
9.6197118e-123
5.1429167e-124
2.7340147e-125
1.4453171e-126
7.5984116e-128
3.9728845e-129
2.0660373e-130
1.0686726e-131
5.4985764e-133
2.8143581e-134
1.4330322e-135
7.2594481e-137
3.6588587e-138
1.8348682e-139
9.1559593e-141
4.5463696e-142
2.2465151e-143
1.1047375e-144
5.4067371e-146
2.6336531e-147
1.2768784e-148
6.1620955e-150
2.9601593e-151
1.4155627e-152
6.7389126e-154
3.1938628e-155
1.5070481e-156
7.0801245e-158
3.3118892e-159
1.5425872e-160
7.1545182e-162
3.3043437e-163
1.5197821e-164
6.9612256e-166
3.1755213e-167
1.4427322e-168
6.52851e-170
2.9424971e-171
1.3210139e-172
5.9075e-174
2.6316031e-175
1.1678107e-176
5.1626771e-178
2.2737493e-179
9.9767668e-181
4.3614519e-182
1.8996802e-183
8.2442658e-185
3.5649987e-186
1.5360885e-187
6.595322e-189
2.821837e-190
1.2031425e-191
5.1121583e-193
2.1647434e-194
9.1355769e-196
3.8424248e-197
1.6107455e-198
6.7299633e-200
2.8026873e-201
1.1633881e-202
4.8136467e-204
1.9853404e-205
8.1624088e-207
3.3453032e-208
1.3667766e-209
5.5669261e-211
2.260477e-212
9.1508651e-214
3.6932801e-215
1.4861437e-216
5.9623599e-218
2.3850343e-219
9.5126217e-221
3.783075e-222
1.5001639e-223
5.9318654e-225
2.3389035e-226
9.1962622e-228
3.6057687e-229
1.4098768e-230
5.4975678e-232
2.1378401e-233
8.2909465e-235
3.2067585e-236
1.2370023e-237
4.759108e-239
1.826165e-240
6.9891937e-242
2.6672206e-243
1.0242605e-244
2.9834889e-246
0.0023809829
0
0.0091146144
0
0.0037555779
0.10069724
0
0.37858387
0.17986955
0.57652554
2.4958868
0.97601735
0.083786683
0.0028822241
0.00010191256
2.6751044e-06
4.7725944e-08
6.6292646e-10
3.4800242e-11
7.455861e-12
1.8043389e-11
3.6805831e-10
4.6169823e-09
2.8235417e-08
9.617154e-08
2.0812702e-07
3.1597467e-07
3.6162815e-07
3.2863441e-07
2.4634771e-07
1.5674465e-07
8.6539852e-08
4.2186548e-08
1.8414567e-08
7.2809534e-09
2.6329239e-09
8.7793102e-10
2.7184163e-10
7.8650839e-11
2.138305e-11
5.4918306e-12
1.3393886e-12
3.1185612e-13
6.9712388e-14
1.5051981e-14
3.1590542e-15
6.4854291e-16
1.3098062e-16
2.6136269e-17
5.1650709e-18
1.0110774e-18
1.9571568e-19
3.7353285e-20
7.0053483e-21
1.2868954e-21
2.3095379e-22
4.0414027e-23
6.8867513e-24
1.142017e-24
1.8424875e-25
2.8923762e-26
4.4194773e-27
6.5761252e-28
9.5348396e-29
1.3479925e-29
1.8594786e-30
2.5045327e-31
3.2960468e-32
4.2411495e-33
5.3392527e-34
6.5804627e-35
7.9446056e-36
9.401073e-37
1.0909614e-37
1.2422088e-38
1.3885091e-39
1.5243234e-40
1.6442787e-41
1.7435327e-42
1.8181054e-43
1.8651429e-44
1.883092e-45
1.8717704e-46
1.8323305e-47
1.7671266e-48
1.679503e-49
1.5735275e-50
1.4536989e-51
1.3246541e-52
1.1909e-53
1.0565875e-54
9.2534075e-56
8.001453e-57
6.8329514e-58
5.7639231e-59
4.8038919e-60
3.9566291e-61
3.2210953e-62
2.592473e-63
2.0631988e-64
1.623923e-65
1.264347e-66
9.739134e-68
7.4233908e-69
5.5999586e-70
4.1815614e-71
3.091236e-72
2.2627308e-73
1.6402345e-74
1.1776469e-75
8.3757244e-77
5.9018531e-78
4.1207124e-79
2.8512271e-80
1.9553444e-81
1.329235e-82
8.958207e-84
5.9859599e-85
3.9663528e-86
2.6064173e-87
1.6987942e-88
1.0983227e-89
7.0446356e-91
4.4830395e-92
2.8308522e-93
1.7739303e-94
1.1032498e-95
6.8103837e-97
4.1732188e-98
2.538711e-99
1.5333377e-100
9.1956808e-102
5.476332e-103
3.2388669e-104
1.9025264e-105
1.1100402e-106
6.4335797e-108
3.7043104e-109
2.1190291e-110
1.2044116e-111
6.802276e-113
3.8177477e-114
2.1294411e-115
1.1804853e-116
6.5046316e-118
3.5627233e-119
1.9398506e-120
1.0500508e-121
5.6511479e-123
3.0239559e-124
1.608993e-125
8.5133396e-127
4.479602e-128
2.3442221e-129
1.2201234e-130
6.3165464e-132
3.2527561e-133
1.6662636e-134
8.4914217e-136
4.3051205e-137
2.1716098e-138
1.0899154e-139
5.4430321e-141
2.7048825e-142
1.3376337e-143
6.5830752e-145
3.2243675e-146
1.5718287e-147
7.6266081e-149
3.6833543e-150
1.7707667e-151
8.4743152e-153
4.0373158e-154
1.914894e-155
9.0423103e-157
4.251237e-158
1.9900807e-159
9.2760589e-161
4.3053801e-162
1.989904e-163
9.1588849e-165
4.1981691e-166
1.9164647e-167
8.7132816e-169
3.9456543e-170
1.7796257e-171
7.9951471e-173
3.5778987e-174
1.5949563e-175
7.0827812e-177
3.1333448e-178
1.3809456e-179
6.0635027e-181
2.6525499e-182
1.1561408e-183
5.02087e-185
2.1726122e-186
9.367722e-188
4.024832e-189
1.7232045e-190
7.352148e-192
3.1260284e-193
1.3246028e-194
5.593776e-196
2.3543093e-197
9.8758244e-199
4.129017e-200
1.7206614e-201
7.1471263e-203
2.9591464e-204
1.2212706e-205
5.0243428e-207
2.0605338e-208
8.4241183e-210
3.4334002e-211
1.3950522e-212
5.6511039e-214
2.2822517e-215
9.1894955e-217
3.6891643e-218
1.4766678e-219
5.8934034e-221
2.3452443e-222
9.3059025e-224
3.6820284e-225
1.4527258e-226
5.7155451e-228
2.2424284e-229
8.7735585e-231
3.4232493e-232
1.332036e-233
5.1691264e-235
2.0005577e-236
7.7219427e-238
2.9727092e-239
1.1413982e-240
4.3711333e-242
1.6691488e-243
6.4138486e-245
1.8692872e-246
0.00067843165
0
0
0.013553575
0
0.081628181
0
0.12416754
0.14745957
0
1.512445
1.3492162
0.44771864
0.05956062
0.002597837
6.1475233e-05
1.0752271e-06
2.2642009e-08
2.0821972e-09
9.8786987e-10
3.410861e-09
3.7573743e-08
2.6576487e-07
1.0880567e-06
2.824139e-06
5.0878422e-06
6.8284171e-06
7.1946861e-06
6.185615e-06
4.4668751e-06
2.7705279e-06
1.502311e-06
7.2259605e-07
3.1206747e-07
1.2227127e-07
4.3855196e-08
1.4512473e-08
4.4614428e-09
1.2819199e-09
3.4612491e-10
8.8239354e-11
2.1329961e-11
4.9074461e-12
1.0782581e-12
2.2693597e-13
4.5875216e-14
8.9292749e-15
1.6772297e-15
3.0465146e-16
5.3614021e-17
9.157817e-18
1.5207908e-18
2.4591919e-19
3.8779332e-20
5.9716021e-21
8.9912154e-22
1.3252312e-22
1.9141291e-23
2.7118624e-24
3.7717265e-25
5.1534394e-26
6.921457e-27
9.1422662e-28
1.1880556e-28
1.5194275e-29
1.9128734e-30
2.3710081e-31
2.8938678e-32
3.4783037e-33
4.1175098e-34
4.8007622e-35
5.5134354e-36
6.2373449e-37
6.9514267e-38
7.6327297e-39
8.2576614e-40
8.8033889e-41
9.2492714e-42
9.5781997e-43
9.7777135e-44
9.8407907e-45
9.7662465e-46
9.5587062e-47
9.228168e-48
8.7892144e-49
8.2599552e-50
7.6608047e-51
7.0132126e-52
6.3384479e-53
5.6565248e-54
4.9853405e-55
4.3400591e-56
3.7327504e-57
3.1722761e-58
2.664387e-59
2.2119871e-60
1.815518e-61
1.4734115e-62
1.1825642e-63
9.3880025e-65
7.3729103e-66
5.7291513e-67
4.4054911e-68
3.3528725e-69
2.5259408e-70
1.8839798e-71
1.3913573e-72
1.0175872e-73
7.3711487e-75
5.2891774e-76
3.7600036e-77
2.6484522e-78
1.8486526e-79
1.2788869e-80
8.7695244e-82
5.961277e-83
4.0176601e-84
2.6848992e-85
1.7793158e-86
1.1694903e-87
7.6244086e-89
4.9309223e-90
3.1637938e-91
2.0141457e-92
1.2723899e-93
7.9769907e-95
4.9635194e-96
3.0655863e-97
1.8795381e-98
1.144043e-99
6.9139507e-101
4.1489799e-102
2.4724364e-103
1.4632371e-104
8.6009481e-106
5.0217562e-107
2.9125784e-108
1.6782114e-109
9.6071927e-111
5.4646242e-112
3.0886635e-113
1.7348398e-114
9.6840743e-116
5.3727625e-117
2.9628407e-118
1.624127e-119
8.8503802e-121
4.7947169e-122
2.5825662e-123
1.3831053e-124
7.3654901e-126
3.9004767e-127
2.0541388e-128
1.0758804e-129
5.6046174e-131
2.9040286e-132
1.4967646e-133
7.674115e-135
3.914256e-136
1.9862774e-137
1.0028214e-138
5.0375941e-140
2.5180315e-141
1.2524481e-142
6.1992728e-144
3.0536949e-145
1.4970477e-146
7.3045172e-148
3.5474299e-149
1.7148368e-150
8.2516032e-152
3.9525741e-153
1.8848085e-154
8.9478551e-156
4.2291582e-157
1.9901724e-158
9.32497e-160
4.3505292e-161
2.0211213e-162
9.3500882e-164
4.3075394e-165
1.976287e-166
9.0301431e-168
4.1094111e-169
1.8626067e-170
8.4088255e-172
3.7812717e-173
1.693731e-174
7.557363e-176
3.3591593e-177
1.4874431e-178
6.5616683e-180
2.8838115e-181
1.262736e-182
5.5089069e-184
2.3946358e-185
1.0371666e-186
4.4761652e-188
1.9249776e-189
8.2493651e-191
3.5229274e-192
1.4992984e-193
6.3589656e-195
2.6878896e-196
1.1323361e-197
4.7543436e-199
1.9896154e-200
8.2989475e-202
3.4503572e-203
1.4298942e-204
5.9068244e-206
2.4323493e-207
9.9846023e-209
4.0858239e-210
1.6668003e-211
6.7788081e-213
2.748525e-214
1.111049e-215
4.4777968e-217
1.7992996e-218
7.2087641e-220
2.8796946e-221
1.1470182e-222
4.5555664e-224
1.8041489e-225
7.1247549e-227
2.8057221e-228
1.1018081e-229
4.3148252e-231
1.6850999e-232
6.5630004e-234
2.5491923e-235
9.874955e-237
3.8151259e-238
1.4700517e-239
5.6495629e-241
2.1655534e-242
8.2768746e-244
3.1834005e-245
9.285551e-247
0
0.0042672125
0
0.019042511
0
0.042887811
0
0
0.25575834
0
0.39996304
1.3416782
0.64133307
0.13190344
0.012370263
0.00049228536
1.6148409e-05
1.3562877e-06
4.2560655e-07
4.2270556e-07
1.0445834e-06
3.7958361e-06
1.2049806e-05
2.9177358e-05
5.33267e-05
7.5843738e-05
8.6731102e-05
8.1977867e-05
6.5473461e-05
4.497394e-05
2.6958637e-05
1.427684e-05
6.751997e-06
2.879057e-06
1.1164096e-06
3.9676755e-07
1.3015377e-07
3.9661201e-08
1.1292175e-08
3.0196752e-09
7.620013e-10
1.822214e-10
4.1451375e-11
9.0002108e-12
1.8709698e-12
3.733973e-13
7.1719017e-14
1.3286673e-14
2.3789232e-15
4.1238637e-16
6.9324808e-17
1.1317901e-17
1.7968312e-18
2.7773441e-19
4.1840936e-20
6.1496103e-21
8.8258243e-22
1.2378777e-22
1.6980039e-23
2.2794812e-24
2.9967133e-25
3.8603102e-26
4.8753537e-27
6.039785e-28
7.3431117e-29
8.7656245e-30
1.0278287e-30
1.1843397e-31
1.3416037e-32
1.4946258e-33
1.6381833e-34
1.7671358e-35
1.8767434e-36
1.9629649e-37
2.0227068e-38
2.0540058e-39
2.0561267e-40
2.0295713e-41
1.9760035e-42
1.8980986e-43
1.7993359e-44
1.6837559e-45
1.5557033e-46
1.4195767e-47
1.279604e-48
1.1396559e-49
1.0031059e-50
8.727399e-52
7.5071486e-53
6.3855932e-54
5.3721055e-55
4.4707771e-56
3.6812221e-57
2.9994678e-58
2.4188541e-59
1.9308834e-60
1.525979e-61
1.1941261e-62
9.2538364e-64
7.102679e-65
5.4001794e-66
4.0675678e-67
3.0356752e-68
2.2450258e-69
1.6454436e-70
1.1953329e-71
8.6076847e-73
6.1449924e-74
4.3494936e-75
3.0526858e-76
2.1246833e-77
1.4666168e-78
1.0041306e-79
6.8195349e-81
4.5946174e-82
3.0712301e-83
2.0369547e-84
1.3405818e-85
8.7555722e-87
5.6753249e-88
3.6512959e-89
2.3317828e-90
1.4782503e-91
9.3037985e-93
5.8137748e-94
3.6072345e-95
2.2224962e-96
1.359847e-97
8.2632866e-99
4.9872408e-100
2.9898079e-101
1.7804587e-102
1.0533096e-103
6.1907781e-105
3.6151695e-106
2.09766e-107
1.2094643e-108
6.9299582e-110
3.9461679e-111
2.2333427e-112
1.2563109e-113
7.0246978e-115
3.9045717e-116
2.1575483e-117
1.1852633e-118
6.4738393e-120
3.5158222e-121
1.8986054e-122
1.0195533e-123
5.4447369e-125
2.8917419e-126
1.5275012e-127
8.0253938e-129
4.194083e-130
2.1803007e-131
1.1275271e-132
5.8008422e-134
2.9691391e-135
1.5120535e-136
7.6616494e-138
3.8629321e-139
1.9380831e-140
9.6762894e-142
4.8078044e-143
2.3774221e-144
1.1700574e-145
5.7315094e-147
2.7945451e-148
1.35629e-149
6.5525783e-151
3.151437e-152
1.5088989e-153
7.1925836e-155
3.413507e-156
1.6129668e-157
7.5888558e-159
3.5552534e-160
1.6585372e-161
7.7047231e-163
3.5643684e-164
1.6421703e-165
7.5349438e-167
3.4433723e-168
1.5672772e-169
7.105278e-171
3.2085224e-172
1.4432214e-173
6.466655e-175
2.8864234e-176
1.2834784e-177
5.6856446e-179
2.5092716e-180
1.1033326e-181
4.8335921e-183
2.1098519e-184
9.1762633e-186
3.9767208e-187
1.7172869e-188
7.3897905e-190
3.1688805e-191
1.354181e-192
5.7670976e-194
2.4477103e-195
1.0353737e-196
4.3649646e-198
1.8340993e-199
7.6813093e-201
3.2064882e-202
1.3341898e-203
5.5336354e-205
2.2878086e-206
9.4287964e-208
3.8737467e-209
1.5865562e-210
6.4779829e-212
2.636907e-213
1.0701165e-214
4.329711e-216
1.7465807e-217
7.0247434e-219
2.8170491e-220
1.1263942e-221
4.4908473e-223
1.7853271e-224
7.0773155e-226
2.7976285e-227
1.1027872e-228
4.3349382e-230
1.6993107e-231
6.6430961e-233
2.5899129e-234
1.006991e-235
3.9048173e-237
1.5101472e-238
5.8249202e-240
2.2408936e-241
8.5985708e-243
3.2898512e-244
1.266664e-245
3.6982129e-247
0
0.0034971893
0
0.0074538448
0
0
0.052602922
0
0.18304593
0
0
0.69178655
0.94923755
0.40150953
0.046307861
0.0018883728
0.00034927963
0.00016624182
0.00011212166
0.00010838535
0.00014123223
0.00022190195
0.00035250161
0.00051224027
0.00065170386
0.00071750871
0.00068434232
0.00056851676
0.00041410726
0.00026627956
0.00015217855
7.7817458e-05
3.5844357e-05
1.4972144e-05
5.7085491e-06
1.9995285e-06
6.4737556e-07
1.9486444e-07
5.4828815e-08
1.4492939e-08
3.6154426e-09
8.5472699e-10
1.9221331e-10
4.1256829e-11
8.477769e-12
1.6723321e-12
3.1745302e-13
5.8117265e-14
1.0281497e-14
1.7607767e-15
2.9237758e-16
4.7141446e-17
7.390049e-18
1.1276898e-18
1.6768486e-19
2.4320971e-20
3.4437662e-21
4.7643246e-22
6.4447144e-23
8.5297166e-24
1.1052629e-24
1.4029711e-25
1.7454968e-26
2.1295951e-27
2.5491201e-28
2.9949891e-29
3.4554008e-30
3.9163154e-31
4.3621728e-32
4.776798e-33
5.1444167e-34
5.4506858e-35
5.6836452e-36
5.8344997e-37
5.8981582e-38
5.8734897e-39
5.7632812e-40
5.5739108e-41
5.3147883e-42
4.9976215e-43
4.6355846e-44
4.2424682e-45
3.8318793e-46
3.4165478e-47
3.007781e-48
2.615086e-49
2.2459611e-50
1.9058472e-51
1.5982117e-52
1.3247364e-53
1.0855754e-54
8.7965092e-56
7.0495746e-57
5.5885373e-58
4.3832354e-59
3.4019638e-60
2.6132319e-61
1.9870697e-62
1.4959151e-63
1.1151407e-64
8.2328476e-66
6.0205377e-67
4.3616519e-68
3.1308449e-69
2.2270492e-70
1.5700636e-71
1.0971956e-72
7.6013216e-74
5.2214351e-75
3.5566631e-76
2.4027172e-77
1.609991e-78
1.0701824e-79
7.0576002e-81
4.6181868e-82
2.9988191e-83
1.9325972e-84
1.236208e-85
7.8495865e-87
4.9482503e-88
3.0970617e-89
1.9247929e-90
1.1879432e-91
7.2815773e-93
4.4331555e-94
2.6809999e-95
1.6106998e-96
9.6139798e-98
5.7016213e-99
3.3599671e-100
1.9676474e-101
1.1451656e-102
6.6241545e-104
3.8085997e-105
2.1767256e-106
1.2367317e-107
6.9857015e-109
3.923158e-110
2.1906884e-111
1.2163866e-112
6.7163807e-114
3.6880556e-115
2.0141108e-116
1.0940006e-117
5.9104992e-119
3.1763376e-120
1.6980403e-121
9.0304752e-123
4.777894e-124
2.5150532e-125
1.3172361e-126
6.864462e-128
3.5595574e-129
1.8367578e-130
9.4317791e-132
4.8199245e-133
2.4513789e-134
1.2408595e-135
6.2516527e-137
3.1350525e-138
1.5649125e-139
7.7758474e-141
3.8462253e-142
1.8939466e-143
9.2845994e-145
4.5314499e-146
2.2019414e-147
1.0653312e-148
5.1320314e-150
2.4617001e-151
1.1758103e-152
5.5925589e-154
2.6489264e-155
1.2494815e-156
5.869549e-158
2.7460532e-159
1.2795478e-160
5.9382902e-162
2.7449691e-163
1.263858e-164
5.7963868e-166
2.6480618e-167
1.2051019e-168
5.4633299e-170
2.4674142e-171
1.1101726e-172
4.9764021e-174
2.2224376e-175
9.8888387e-177
4.3840444e-178
1.9365594e-179
8.5236382e-181
3.73826e-182
1.6337148e-183
7.1147062e-185
3.0876165e-186
1.335325e-187
5.7551854e-189
2.4720182e-190
1.0582184e-191
4.5148296e-193
1.9198215e-194
8.1366334e-196
3.4371925e-197
1.4472677e-198
6.0742198e-200
2.5412022e-201
1.059755e-202
4.4055446e-204
1.8257102e-205
7.542448e-207
3.1063554e-208
1.2754346e-209
5.2208761e-211
2.1306715e-212
8.669363e-214
3.5169406e-215
1.422524e-216
5.7369391e-218
2.30694e-219
9.2499005e-221
3.6982107e-222
1.474379e-223
5.8613624e-225
2.3236399e-226
9.1860484e-228
3.6214883e-229
1.4238117e-230
5.5825641e-232
2.1829268e-233
8.5128962e-235
3.3109804e-236
1.2843558e-237
4.969032e-239
1.9174503e-240
7.3798973e-242
2.8331082e-243
1.084509e-244
4.1778575e-246
1.2204116e-247
0
0.00040016392
0.00056246054
0
0.011410456
0
0.046550896
0
0.0098624691
0.10033312
0
0.010106028
0.52041876
0.63807917
0.40168066
0.17303915
0.054324827
0.017690883
0.0085422611
0.0060346541
0.0052512295
0.005098901
0.0051337417
0.005083543
0.0047743757
0.0041578273
0.0033138787
0.0024001735
0.0015742386
0.00093391391
0.00050137357
0.00024402322
0.00010799578
4.3629262e-05
1.6163177e-05
5.5185058e-06
1.7454896e-06
5.1412961e-07
1.417371e-07
3.6748112e-08
9.0005438e-09
2.0910526e-09
4.6252595e-10
9.7730389e-11
1.9785049e-11
3.8477567e-12
7.2054722e-13
1.3019995e-13
2.2743851e-14
3.8472322e-15
6.3112696e-16
1.0054436e-16
1.5574145e-17
2.3482278e-18
3.4499022e-19
4.9431898e-20
6.9137232e-21
9.4463072e-22
1.2617497e-22
1.6486889e-23
2.108785e-24
2.641864e-25
3.2435043e-26
3.904561e-27
4.6110471e-28
5.3444329e-29
6.0823837e-30
6.7999028e-31
7.4707928e-32
8.069315e-33
8.5718901e-34
8.9586765e-35
9.214881e-36
9.3316795e-37
9.3066679e-38
9.1438265e-39
8.8530177e-40
8.4490894e-41
7.9506935e-42
7.3789392e-43
6.7560055e-44
6.1038361e-45
5.4430057e-46
4.7918213e-47
4.1657009e-48
3.5768274e-49
3.0340603e-50
2.543068e-51
2.1066284e-52
1.7250444e-53
1.3966218e-54
1.1181632e-55
8.8543946e-57
6.9361306e-58
5.375958e-59
4.1233314e-60
3.1301574e-61
2.3522298e-62
1.7500777e-63
1.2893348e-64
9.4074112e-66
6.7988327e-67
4.8676651e-68
3.4529485e-69
2.4271811e-70
1.6908894e-71
1.1675789e-72
7.9922888e-74
5.4240613e-75
3.6500607e-76
2.4358474e-77
1.6122258e-78
1.0584683e-79
6.8937469e-81
4.4545783e-82
2.8561372e-83
1.8172688e-84
1.1475523e-85
7.1925635e-87
4.475037e-88
2.7641033e-89
1.6951136e-90
1.0322186e-91
6.2418518e-93
3.7485566e-94
2.2359529e-95
1.3247918e-96
7.7975248e-98
4.5596036e-99
2.6490793e-100
1.5293122e-101
8.7733557e-103
5.0019363e-104
2.8343096e-105
1.5963435e-106
8.9373341e-108
4.9742123e-109
2.7523699e-110
1.5142109e-111
8.28311e-113
4.505654e-114
2.4372994e-115
1.3112194e-116
7.0159354e-118
3.7339393e-119
1.9767315e-120
1.0410069e-121
5.4539523e-123
2.8428024e-124
1.4742969e-125
7.6076579e-127
3.9063328e-128
1.9960143e-129
1.0149805e-130
5.1365849e-132
2.5872393e-133
1.2970785e-134
6.4726969e-136
3.2152516e-137
1.5899238e-138
7.8269012e-140
3.8359749e-141
1.8717755e-142
9.093756e-144
4.3990949e-145
2.1190075e-146
1.0164104e-147
4.8550196e-149
2.3094883e-150
1.0941092e-151
5.1622921e-153
2.4259285e-154
1.1354898e-155
5.2938808e-157
2.4584782e-158
1.1373005e-159
5.2410188e-161
2.4060384e-162
1.1003991e-163
5.0138682e-165
2.2760641e-166
1.0294344e-167
4.6390475e-169
2.0829944e-170
9.3194333e-172
4.1547575e-173
1.8457339e-174
8.1709407e-176
3.604679e-177
1.5847639e-178
6.9434869e-180
3.0319165e-181
1.3194553e-182
5.7229646e-184
2.4740434e-185
1.0660172e-186
4.5782799e-188
1.9598922e-189
8.3630362e-191
3.5571973e-192
1.5082526e-193
6.3748829e-195
2.686038e-196
1.1282452e-197
4.7244984e-199
1.9723238e-200
8.208811e-202
3.4062065e-203
1.4091572e-204
5.8123876e-206
2.3903704e-207
9.8016705e-209
4.007448e-210
1.6337181e-211
6.6410432e-213
2.6918681e-214
1.0880224e-215
4.3852738e-217
1.7625382e-218
7.0643364e-220
2.8236003e-221
1.1254908e-222
4.4739945e-224
1.7736646e-225
7.0125791e-227
2.7651706e-228
1.0874558e-229
4.2653462e-231
1.66862e-232
6.5107125e-234
2.5338149e-235
9.835667e-237
3.8082254e-238
1.470749e-239
5.6657675e-241
2.1771593e-242
8.3453527e-244
3.1900114e-245
1.227208e-246
3.5807264e-248
0.00024553977
0
0.0020518013
0
0.0080282795
0
0.0093538096
0.0065911923
0
0.059377022
0
0
0.056695471
0.27895359
0.37405476
0.33854956
0.2541903
0.17505857
0.11696417
0.079437837
0.056128742
0.041482656
0.031594374
0.024193439
0.01816447
0.013093272
0.0089168977
0.0056707208
0.0033394713
0.0018105073
0.00090036125
0.00041001195
0.00017099809
6.5423357e-05
2.3030586e-05
7.4886944e-06
2.2595265e-06
6.3574786e-07
1.676554e-07
4.1648768e-08
9.7934123e-09
2.1895936e-09
4.6736766e-10
9.558383e-11
1.8788724e-11
3.5592072e-12
6.5121805e-13
1.1530103e-13
1.9786063e-14
3.2952356e-15
5.3323024e-16
8.3923398e-17
1.2858308e-17
1.919442e-18
2.7937544e-19
3.9676661e-20
5.5018813e-21
7.4541641e-22
9.8734635e-23
1.2793348e-23
1.6225394e-24
2.0153309e-25
2.4528625e-26
2.9268709e-27
3.4257656e-28
3.9350305e-29
4.4379278e-30
4.9164552e-31
5.3524735e-32
5.7289022e-33
6.0308663e-34
6.246685e-35
6.3686109e-36
6.3932586e-37
6.3216904e-38
6.1591742e-39
5.9146521e-40
5.5999848e-41
5.2290584e-42
4.8168385e-43
4.3784518e-44
3.9283681e-45
3.4797308e-46
3.0438654e-47
2.6299769e-48
2.2450278e-49
1.893772e-50
1.5789172e-51
1.3013766e-52
1.0605761e-53
8.547838e-55
6.8143433e-56
5.3742789e-57
4.1938961e-58
3.2388216e-59
2.475693e-60
1.8733266e-61
1.4034661e-62
1.0411782e-63
7.6496978e-65
5.5669774e-66
4.013368e-67
2.8666184e-68
2.0288874e-69
1.4230746e-70
9.8930997e-72
6.817488e-73
4.6575208e-74
3.1548142e-75
2.1189981e-76
1.4114755e-77
9.3250133e-79
6.1109031e-80
3.9727091e-81
2.5623494e-82
1.6398502e-83
1.0414238e-84
6.5637311e-86
4.1059704e-87
2.5495505e-88
1.571573e-89
9.6176359e-91
5.8439157e-92
3.5259792e-93
2.112679e-94
1.2571941e-95
7.43058e-97
4.3624514e-98
2.544259e-99
1.4741768e-100
8.4865205e-102
4.8543958e-103
2.7593021e-104
1.5586711e-105
8.7505013e-107
4.8827688e-108
2.7082282e-109
1.4932097e-110
8.1847022e-112
4.4602701e-113
2.4167114e-114
1.3020345e-115
6.9756162e-117
3.7164892e-118
1.9692497e-119
1.0377992e-120
5.439978e-122
2.8364709e-123
1.4712375e-124
7.5916439e-126
3.8972881e-127
1.9906161e-128
1.0116612e-129
5.1159839e-131
2.5745026e-132
1.2892905e-133
6.425758e-135
3.1874008e-136
1.5736563e-137
7.7333176e-139
3.7829114e-140
1.8420951e-141
8.9298552e-143
4.309669e-144
2.0707651e-145
9.906613e-147
4.7189648e-148
2.2382824e-149
1.0571795e-150
4.9724133e-152
2.329104e-153
1.0865057e-154
5.0479461e-156
2.3359024e-157
1.0766373e-158
4.9428364e-160
2.2604351e-161
1.0297542e-162
4.6732316e-164
2.1128052e-165
9.5164722e-167
4.2705386e-168
1.9093912e-169
8.5060515e-171
3.7756957e-172
1.6700004e-173
7.3603988e-175
3.2327017e-176
1.4148926e-177
6.1714724e-179
2.6827192e-180
1.162241e-181
5.0183953e-183
2.1597045e-184
9.2639745e-186
3.9608326e-187
1.6880067e-188
7.1708818e-190
3.0366422e-191
1.2818854e-192
5.3944958e-194
2.2631326e-195
9.4653761e-197
3.9468035e-198
1.640755e-199
6.8005386e-201
2.8103129e-202
1.1579457e-203
4.7572288e-205
1.9487773e-206
7.9601738e-208
3.242237e-209
1.3168562e-210
5.333505e-212
2.1541557e-213
8.6764194e-215
3.485074e-216
1.3960479e-217
5.5771733e-219
2.2220917e-220
8.829829e-222
3.499398e-223
1.3832264e-224
5.4533095e-226
2.1443807e-227
8.4105874e-229
3.2903431e-230
1.2839676e-231
4.9977259e-233
1.9404559e-234
7.515457e-236
2.9035847e-237
1.119047e-238
4.3023314e-240
1.650092e-241
6.3134684e-243
2.4098772e-244
9.174025e-246
3.515004e-247
1.0219926e-248
0.00018066439
0
0.00085975756
0
0.0013692538
0.00017419199
0
0.012010634
0
0.0025759298
0.023987991
0
0
0.032581597
0.11652808
0.17136741
0.18587053
0.17281144
0.14715564
0.11883535
0.092703271
0.070429179
0.052107194
0.037335631
0.025690239
0.016817655
0.010378459
0.0059864771
0.003202871
0.001578829
0.00071319314
0.00029406498
0.00011040325
3.7699585e-05
1.1707249e-05
3.3077588e-06
8.5075705e-07
1.9919483e-07
4.2401744e-08
8.1735815e-09
1.4138841e-09
2.150865e-10
2.7390926e-11
2.4851929e-12
1.1114358e-14
0
0
0
0
0
0
0
0
2.2141609e-20
7.3642862e-21
1.6606111e-21
3.1754634e-22
5.4948322e-23
8.8539926e-24
1.349232e-24
1.9630216e-25
2.7442041e-26
3.7027809e-27
4.838715e-28
6.1399301e-29
7.5812536e-30
9.1245638e-31
1.0720254e-31
1.2309955e-32
1.383031e-33
1.5217419e-34
1.6411498e-35
1.7361269e-36
1.8027617e-37
1.8386156e-38
1.8428501e-39
1.8162174e-40
1.7609244e-41
1.6803937e-42
1.578952e-43
1.461482e-44
1.333073e-45
1.1987009e-46
1.0629588e-47
9.29856e-49
8.0268805e-50
6.8397707e-51
5.7547428e-52
4.7821203e-53
3.9259131e-54
3.1849095e-55
2.5538529e-56
2.0245985e-57
1.587172e-58
1.2306803e-59
9.4404584e-61
7.1656323e-62
5.3828638e-63
4.0026758e-64
2.9467505e-65
2.1481635e-66
1.550939e-67
1.109163e-68
7.8584502e-70
5.5167659e-71
3.8379689e-72
2.646359e-73
1.8087794e-74
1.2256581e-75
8.2348487e-77
5.4865378e-78
3.6253503e-79
2.3760817e-80
1.5448348e-81
9.9646054e-83
6.3773829e-84
4.0501848e-85
2.5527109e-86
1.5968582e-87
9.9154246e-89
6.1119234e-90
3.7403011e-91
2.2726722e-92
1.3712203e-93
8.2159119e-95
4.8889926e-96
2.8895774e-97
1.6964311e-98
9.8937253e-100
5.7324383e-101
3.2999579e-102
1.8875556e-103
1.0728667e-104
6.0600775e-106
3.4019516e-107
1.8981312e-108
1.0526951e-109
5.803458e-111
3.1805923e-112
1.7329847e-113
9.3880451e-115
5.0568141e-116
2.7084916e-117
1.4426251e-118
7.6415486e-120
4.025661e-121
2.1093397e-122
1.0993464e-123
5.6993617e-125
2.9393135e-126
1.508057e-127
7.6977805e-129
3.9094227e-130
1.9755232e-131
9.9333741e-133
4.970259e-134
2.4748615e-135
1.226406e-136
6.0485403e-138
2.9690739e-139
1.4506629e-140
7.0551721e-142
3.4155817e-143
1.6461059e-144
7.8978095e-146
3.7725137e-147
1.7941121e-148
8.4953614e-150
4.0054048e-151
1.8804499e-152
8.7911593e-154
4.092772e-155
1.8975524e-156
8.7617805e-158
4.0293093e-159
1.8455492e-160
8.4196547e-162
3.8260725e-163
1.7318843e-164
7.8092169e-166
3.5078019e-167
1.5697029e-168
6.9979408e-170
3.1081995e-171
1.375462e-172
6.064631e-174
2.6643488e-175
1.1663352e-176
5.0876326e-178
2.2114769e-179
9.5793834e-181
4.1351861e-182
1.7789702e-183
7.6273205e-185
3.2592557e-186
1.3881014e-187
5.8924156e-189
2.4931468e-190
1.0514712e-191
4.4203285e-193
1.8523871e-194
7.7382228e-196
3.2225163e-197
1.3378436e-198
5.5371168e-200
2.2847664e-201
9.399206e-203
3.8551662e-204
1.5765539e-205
6.4283478e-207
2.6135186e-208
1.0594935e-209
4.282803e-211
1.7263364e-212
6.9390599e-214
2.781403e-215
1.1117965e-216
4.4319492e-218
1.7619033e-219
6.9854897e-221
2.7621591e-222
1.0892986e-223
4.2845071e-225
1.680814e-226
6.5767653e-228
2.5667749e-229
9.992055e-231
3.8799139e-232
1.5027895e-233
5.8061937e-235
2.2377444e-236
8.6032647e-238
3.2995758e-239
1.2624175e-240
4.8184337e-242
1.8347401e-243
6.9698156e-245
2.6407039e-246
1.0069461e-247
2.9153612e-249
2.9480048e-05
0
3.0564478e-05
0.00012970031
0
0.0016588757
0
0.003224304
0
0
0.0065311486
0.0044169308
0
0
0.011298569
0.037813745
0.058303511
0.068095487
0.06817216
0.061679784
0.051707463
0.04066605
0.030137421
0.021035315
0.013775382
0.0084126754
0.0047540028
0.0024626538
0.0011563534
0.00048538582
0.00017870874
5.5934049e-05
1.3894956e-05
2.1413895e-06
0
0
0
0
0
0
0
0
0
0
0
0
7.3528579e-15
4.2752215e-15
1.2223057e-15
2.7909655e-16
5.6183875e-17
1.0364265e-17
1.7869544e-18
2.9138295e-19
4.5289078e-20
6.7473815e-21
9.6767517e-22
1.3403801e-22
1.7981004e-23
2.3414136e-24
2.9652926e-25
3.6586349e-26
4.4043604e-27
5.1801144e-28
5.9595282e-29
6.7139129e-30
7.4142143e-31
8.03302e-32
8.5464111e-33
8.9354885e-34
9.1874419e-35
9.2960935e-36
9.2619177e-37
9.0915795e-38
8.7970836e-39
8.3946514e-40
7.9034467e-41
7.3442657e-42
6.7382977e-43
6.1060325e-44
5.4663635e-45
4.8359233e-46
4.2286501e-47
3.6555745e-48
3.1248028e-49
2.64166e-50
2.2089533e-51
1.8273186e-52
1.4956115e-53
1.2113101e-54
9.7090458e-56
7.7025235e-57
6.0488652e-58
4.7026996e-59
3.6199321e-60
2.7591819e-61
2.0827331e-62
1.5570654e-63
1.1530457e-64
8.4586115e-66
6.1476788e-67
4.4272021e-68
3.1593677e-69
2.2344481e-70
1.5663401e-71
1.0884135e-72
7.4979054e-74
5.1211808e-75
3.4684062e-76
2.329511e-77
1.5517414e-78
1.0252697e-79
6.7199342e-81
4.3696172e-82
2.8191364e-83
1.8047846e-84
1.1466026e-85
7.2296912e-87
4.5246637e-88
2.8109451e-89
1.7336325e-90
1.0615461e-91
6.4540996e-93
3.896589e-94
2.336266e-95
1.3911842e-96
8.2282386e-98
4.8341905e-99
2.8214301e-100
1.6359761e-101
9.4249622e-103
5.3952251e-104
3.0690115e-105
1.7349129e-106
9.7471494e-108
5.4428765e-109
3.0210635e-110
1.6668665e-111
9.1428146e-113
4.9856905e-114
2.7031157e-115
1.4572197e-116
7.8114799e-118
4.1640482e-119
2.2074872e-120
1.1638746e-121
6.1033003e-123
3.1834538e-124
1.651703e-125
8.5248909e-127
4.3771631e-128
2.2359748e-129
1.1364078e-130
5.7466808e-132
2.8915972e-133
1.4478321e-134
7.2140608e-136
3.5772055e-137
1.7653522e-138
8.6708739e-140
4.2389547e-141
2.0627146e-142
9.9913397e-144
4.8176151e-145
2.3125092e-146
1.1050879e-147
5.2576413e-149
2.4904871e-150
1.1746137e-151
5.5162169e-153
2.5795314e-154
1.2011881e-155
5.5701811e-157
2.5723658e-158
1.1830909e-159
5.4192873e-161
2.4724146e-162
1.1234965e-163
5.0852169e-165
2.2927167e-166
1.0296984e-167
4.6068489e-169
2.053276e-170
9.1170679e-172
4.0331323e-173
1.7775582e-174
7.8057347e-176
3.4152831e-177
1.4889385e-178
6.4681174e-180
2.7999097e-181
1.2077826e-182
5.1918923e-184
2.2241705e-185
9.4957482e-187
4.0403782e-188
1.7134029e-189
7.2419307e-191
3.0508382e-192
1.2810511e-193
5.3617731e-195
2.2369553e-196
9.3030452e-198
3.8567703e-199
1.5939144e-200
6.5669002e-202
2.6972521e-203
1.1044847e-204
4.5090616e-206
1.835321e-207
7.4481476e-209
3.0137399e-210
1.2158927e-211
4.8913337e-213
1.9620608e-214
7.8480379e-216
3.1302819e-217
1.2450584e-218
4.9384415e-220
1.9534124e-221
7.7056923e-223
3.0314664e-224
1.1893969e-225
4.6541819e-227
1.8164011e-228
7.0703563e-230
2.7449928e-231
1.0629689e-232
4.1057104e-234
1.5818068e-235
6.0788963e-237
2.3302951e-238
8.910882e-240
3.3990895e-241
1.2934366e-242
4.9099457e-244
1.8593881e-245
7.0226434e-247
2.6692283e-248
7.7060154e-250
0
3.8544975e-05
0
0.00019978311
0
0.00055406464
0
0
0.0011234635
0
0
0.0023542384
0.00035124292
0
0
0.0025596858
0.0091479418
0.014469423
0.017197305
0.017337605
0.015523648
0.012620976
0.0094097974
0.0064537068
0.0040672194
0.0023463025
0.0012324079
0.00058626731
0.00025191601
9.8296292e-05
3.5629929e-05
1.2619418e-05
4.674497e-06
1.8703786e-06
7.7722865e-07
3.1348165e-07
1.1704114e-07
3.9598632e-08
1.2067515e-08
3.3143107e-09
8.2249449e-10
1.84871e-10
3.7663972e-11
6.9385904e-12
1.1464197e-12
1.6643011e-13
2.0125163e-14
1.6781826e-15
0
0
0
0
0
0
0
0
0
0
0
0
0
0
0
0
0
0
0
0
0
0
0
0
0
1.4763142e-39
2.9053737e-40
4.1041e-41
5.0425956e-42
5.7103087e-43
6.113978e-44
6.274444e-45
6.22284e-46
5.9966451e-47
5.6359908e-48
5.1805046e-49
4.6668587e-50
4.1270791e-51
3.5875803e-52
3.0688383e-53
2.5855658e-54
2.1472495e-55
1.7589112e-56
1.4219736e-57
1.1351319e-58
8.9516717e-60
6.9765353e-61
5.3753944e-62
4.0959796e-63
3.0875313e-64
2.3029747e-65
1.7001989e-66
1.2426342e-67
8.993172e-69
6.4460718e-70
4.5768972e-71
3.2197128e-72
2.2444241e-73
1.5506101e-74
1.0618785e-75
7.2091349e-77
4.8527349e-78
3.239228e-79
2.1443826e-80
1.4080602e-81
9.1716786e-83
5.926987e-84
3.8003541e-85
2.4180489e-86
1.5268688e-87
9.5692424e-89
5.9529874e-90
3.6763369e-91
2.2540265e-92
1.3721624e-93
8.2945603e-95
4.9792091e-96
2.9685434e-97
1.7578371e-98
1.0339547e-99
6.0415276e-101
3.5071017e-102
2.0227384e-103
1.1591871e-104
6.6011846e-106
3.7357372e-107
2.1011049e-108
1.1745363e-109
6.5262292e-111
3.6046621e-112
1.9792557e-113
1.0804449e-114
5.8640059e-116
3.1644958e-117
1.6980865e-118
9.0612173e-120
4.8085112e-121
2.537801e-122
1.3321476e-123
6.9553601e-125
3.6122984e-126
1.8662429e-127
9.5917252e-129
4.9044737e-130
2.4950423e-131
1.2629194e-132
6.3607393e-134
3.1878325e-135
1.5898666e-136
7.8908587e-138
3.8976867e-139
1.9161483e-140
9.3758569e-142
4.566383e-143
2.2137713e-144
1.068345e-145
5.1324848e-147
2.4547083e-148
1.1688176e-149
5.5409772e-151
2.6153919e-152
1.2291807e-153
5.7522892e-155
2.6805812e-156
1.2439346e-157
5.7486155e-159
2.6457126e-160
1.2126967e-161
5.5361513e-163
2.5172474e-164
1.1400445e-165
5.1429372e-167
2.3110506e-168
1.034503e-169
4.6131014e-171
2.0493117e-172
9.069669e-174
3.9990575e-175
1.7567943e-176
7.6894505e-178
3.3534725e-179
1.4572463e-180
6.3099154e-182
2.7225752e-183
1.1706182e-184
5.0158299e-186
2.1417828e-187
9.1143543e-189
3.8655114e-190
1.633921e-191
6.8835191e-193
2.890398e-194
1.209719e-195
5.0466474e-197
2.0985771e-198
8.698854e-200
3.5943953e-201
1.480566e-202
6.0796574e-204
2.4888058e-205
1.0157213e-206
4.1327648e-208
1.6764868e-209
6.7805307e-211
2.7342728e-212
1.099373e-213
4.4074132e-215
1.7618468e-216
7.0227674e-218
2.7913499e-219
1.1063588e-220
4.3728369e-222
1.7235577e-223
6.7747493e-225
2.6556754e-226
1.0381989e-227
4.0478018e-229
1.5739837e-230
6.1042552e-232
2.3611612e-233
9.1093637e-235
3.5053292e-236
1.3454164e-237
5.1508687e-239
1.9670201e-240
7.4929055e-242
2.84717e-243
1.0792116e-244
4.0807763e-246
1.5388565e-247
5.8395335e-249
1.683517e-250
0
1.9592137e-05
0
5.8505986e-05
0
5.778014e-05
3.6913361e-05
0
0.00026451699
0
0
0.0001854017
0.00055676628
0
0
0
0.00030837685
0.0015402162
0.0025044773
0.0029461246
0.0028655245
0.0024198893
0.0018115599
0.0012114258
0.00072356227
0.00038368122
0.00017836486
7.0923849e-05
2.2724326e-05
4.6545931e-06
0
0
0
0
0
0
0
0
0
0
0
0
0
0
0
0
0
0
0
0
4.5485047e-19
4.8471044e-19
1.2346685e-19
2.3759927e-20
3.97043e-21
6.0474177e-22
8.5937318e-23
1.1548493e-23
1.4804877e-24
1.8218611e-25
2.1622073e-26
2.4841762e-27
2.7716377e-28
3.0112739e-29
3.1937327e-30
3.3142065e-31
3.3724126e-32
3.3720447e-33
3.3198405e-34
3.2244558e-35
3.0953263e-36
2.9416759e-37
2.7717764e-38
2.5925027e-39
2.4091731e-40
2.2256269e-41
2.0444625e-42
1.8673552e-43
1.6953847e-44
1.5293172e-45
1.3698116e-46
1.2175386e-47
1.0732225e-48
9.3761978e-50
8.1146192e-51
6.9538274e-52
5.8984974e-53
4.9511311e-54
4.1117871e-55
3.3780613e-56
2.7452922e-57
2.2069321e-58
1.7550186e-59
1.380684e-60
1.0746461e-61
8.2764244e-63
6.3078337e-64
4.7581355e-65
3.5528313e-66
2.6263815e-67
1.9224363e-68
1.3935508e-69
1.0005437e-70
7.1163427e-72
5.0147502e-73
3.5016797e-74
2.4232595e-75
1.6621875e-76
1.1302524e-77
7.619797e-79
5.0937727e-80
3.3768986e-81
2.2204012e-82
1.4482083e-83
9.3705797e-85
6.0157008e-86
3.832105e-87
2.4225114e-88
1.5199041e-89
9.4652483e-91
5.8513448e-92
3.5911096e-93
2.1882215e-94
1.3239849e-95
7.9550412e-97
4.7468683e-98
2.8132874e-99
1.6561484e-100
9.6849621e-102
5.6265817e-103
3.2476802e-104
1.8625885e-105
1.061471e-106
6.0114434e-108
3.3834522e-109
1.8927037e-110
1.0523897e-111
5.8166307e-113
3.1959225e-114
1.7457391e-115
9.480881e-117
5.1195495e-118
2.7488782e-119
1.4677308e-120
7.7934632e-122
4.115602e-123
2.1616242e-124
1.1292645e-125
5.8681898e-127
3.033399e-128
1.559895e-129
7.9804021e-131
4.0620059e-132
2.0571459e-133
1.0366222e-134
5.1979061e-136
2.5936436e-137
1.2879148e-138
6.3647259e-140
3.1304615e-141
1.5324746e-142
7.4671387e-144
3.6216852e-145
1.7485659e-146
8.4040188e-148
4.021096e-149
1.9154583e-150
9.0842685e-152
4.2895731e-153
2.0167995e-154
9.4417676e-156
4.4015228e-157
2.0432836e-158
9.4459808e-160
4.3488522e-161
1.9940117e-162
9.105887e-164
4.1416568e-165
1.8762855e-166
8.4666599e-168
3.8056502e-169
1.7039791e-170
7.6003414e-172
3.3771474e-173
1.4949598e-174
6.5930424e-176
2.8968977e-177
1.268193e-178
5.531669e-180
2.4041372e-181
1.0411373e-182
4.4927856e-184
1.931948e-185
8.2786624e-187
3.5352711e-188
1.5045121e-189
6.3810426e-191
2.6972605e-192
1.1363225e-193
4.7713356e-195
1.9968701e-196
8.3299608e-198
3.4636267e-199
1.4355744e-200
5.9311402e-202
2.4427547e-203
1.0029097e-204
4.1048295e-206
1.6749068e-207
6.8133261e-209
2.7631938e-210
1.117269e-211
4.5041075e-213
1.8104006e-214
7.2554742e-216
2.8992933e-217
1.1552173e-218
4.5897641e-220
1.8183685e-221
7.1836965e-223
2.8300765e-224
1.1118391e-225
4.3560078e-227
1.7019531e-228
6.6317466e-230
2.5771442e-231
9.9882413e-233
3.8608925e-234
1.488482e-235
5.7235497e-237
2.1951386e-238
8.3973384e-240
3.2041524e-241
1.2195088e-242
4.6298337e-244
1.7533268e-245
6.6235401e-247
2.4953069e-248
9.459315e-250
2.7249549e-251
0
4.2274711e-06
0
7.4074453e-06
0
0
2.7728061e-05
0
1.0157199e-05
4.8044293e-05
0
0
7.2981847e-05
0.00010245814
0
0
0
0
0.00015537022
0.00027396356
0.00031303141
0.00028199081
0.00021218378
0.00013586397
7.39558e-05
3.3592365e-05
1.212342e-05
3.0060502e-06
1.6786457e-07
0
0
6.7642423e-08
1.1251651e-07
9.3075198e-08
5.7642773e-08
2.9353308e-08
1.2754753e-08
4.8210119e-09
1.6045833e-09
4.7452493e-10
1.2559769e-10
2.9933575e-11
6.4558762e-12
1.2648366e-12
2.2564379e-13
3.6664038e-14
5.409355e-15
7.1802383e-16
8.38491e-17
8.1247738e-18
5.2642081e-19
0
0
0
0
0
0
0
0
0
0
0
0
0
0
0
0
0
5.3982628e-37
5.0000616e-37
9.0691314e-38
1.2581002e-38
1.5427078e-39
1.7555248e-40
1.8963911e-41
1.9692746e-42
1.9811952e-43
1.9411385e-44
1.8590684e-45
1.7451024e-46
1.6088777e-47
1.4591099e-48
1.3033248e-49
1.1477329e-50
9.9721691e-52
8.5539924e-53
7.2476233e-54
6.0680052e-55
5.0218542e-56
4.1093175e-57
3.3255515e-58
2.662153e-59
2.1084061e-60
1.6523292e-61
1.2815154e-62
9.8377593e-64
7.4760384e-65
5.6247877e-66
4.1903985e-67
3.091533e-68
2.2590002e-69
1.6350714e-70
1.1724362e-71
8.3296673e-73
5.8641571e-74
4.0914407e-75
2.829388e-76
1.9395752e-77
1.3181667e-78
8.8824903e-80
5.9354023e-81
3.9333822e-82
2.5854222e-83
1.6857532e-84
1.0904373e-85
6.9983831e-87
4.4568726e-88
2.8167123e-89
1.7667615e-90
1.0999654e-91
6.798096e-93
4.1710324e-94
2.5409005e-95
1.5369461e-96
9.2319769e-98
5.5072316e-99
3.2629556e-100
1.9202781e-101
1.1226062e-102
6.5198192e-104
3.7620305e-105
2.1568544e-106
1.2287503e-107
6.9563686e-109
3.9138931e-110
2.1886355e-111
1.2164833e-112
6.7210424e-114
3.6914238e-115
2.01561e-116
1.0942143e-117
5.9062119e-119
3.1699577e-120
1.6918515e-121
8.9796918e-123
4.7399819e-124
2.4884745e-125
1.2994385e-126
6.7494548e-128
3.487354e-129
1.7925089e-130
9.1661672e-132
4.6633519e-133
2.3605598e-134
1.1889411e-135
5.958761e-137
2.9718251e-138
1.4749703e-139
7.2854577e-141
3.5814948e-142
1.7523704e-143
8.5341717e-145
4.1370451e-146
1.9963277e-147
9.5897001e-149
4.5859415e-150
2.1833368e-151
1.0349034e-152
4.8840895e-154
2.2950377e-155
1.0738307e-156
5.0030941e-158
2.3212151e-159
1.0724636e-160
4.9346536e-162
2.261278e-163
1.0320254e-164
4.6911766e-166
2.1239471e-167
9.5783683e-169
4.3026936e-170
1.9253309e-171
8.5822503e-173
3.8110301e-174
1.6859452e-175
7.4305089e-177
3.2627346e-178
1.4274041e-179
6.2219683e-181
2.7023265e-182
1.1694736e-183
5.0431137e-185
2.1670846e-186
9.2797152e-188
3.9599328e-189
1.6840226e-190
7.1371927e-192
3.0146616e-193
1.2690931e-194
5.3248107e-196
2.2268065e-197
9.2819684e-199
3.8564581e-200
1.5971271e-201
6.5933176e-203
2.7132722e-204
1.1130601e-205
4.5518786e-207
1.8557539e-208
7.5425535e-210
3.0562951e-211
1.2347003e-212
4.9731031e-214
1.9971158e-215
7.9964839e-217
3.1924556e-218
1.270839e-219
5.044358e-221
1.9965518e-222
7.8799629e-224
3.1013169e-225
1.2171829e-226
4.763899e-228
1.8594111e-229
7.2377491e-231
2.8096733e-232
1.0877804e-233
4.200186e-235
1.6175078e-236
6.2127443e-238
2.3800623e-239
9.0943023e-241
3.4660524e-242
1.3176312e-243
4.9963626e-245
1.8898336e-246
7.130425e-248
2.6829148e-249
1.0157325e-250
2.9233383e-252
0
4.7254601e-07
0
8.6938831e-08
1.1076991e-06
0
4.0926667e-06
0
0
7.2674914e-06
2.1428514e-06
0
0
1.5464961e-05
1.4993964e-05
0
0
0
0
4.8393288e-06
1.4376182e-05
1.6095745e-05
1.2474387e-05
7.27062e-06
3.0956546e-06
7.6427337e-07
0
0
0
0
0
0
0
0
0
0
0
0
0
0
0
0
0
0
0
0
0
0
0
0
0
0
3.5047704e-22
1.5215901e-22
2.8675305e-23
4.2166765e-24
5.3696726e-25
6.1362741e-26
6.3726977e-27
6.0111037e-28
5.0748836e-29
3.6768698e-30
2.001438e-31
2.747531e-33
0
0
0
0
0
0
2.8751572e-40
2.1453379e-40
4.1092338e-41
6.0198186e-42
7.7407921e-43
9.169009e-44
1.0238974e-44
1.0922392e-45
1.122393e-46
1.117454e-47
1.0823679e-48
1.0231529e-49
9.4620596e-51
8.5774008e-52
7.633766e-53
6.6788873e-54
5.750793e-55
4.877669e-56
4.0785063e-57
3.3642544e-58
2.7392393e-59
2.2026518e-60
1.749967e-61
1.3742067e-62
1.0669965e-63
8.194012e-65
6.2254836e-66
4.680595e-67
3.4832071e-68
2.5662466e-69
1.8721565e-70
1.3526596e-71
9.6807841e-73
6.8639997e-74
4.8222988e-75
3.357404e-76
2.3167846e-77
1.5847396e-78
1.0746724e-79
7.2259365e-81
4.8179738e-82
3.1859423e-83
2.089605e-84
1.3595391e-85
8.7754143e-87
5.6200241e-88
3.5714818e-89
2.2523845e-90
1.4098199e-91
8.7589886e-93
5.4020034e-94
3.3075531e-95
2.0107101e-96
1.2137286e-97
7.2754739e-99
4.3311751e-100
2.5608932e-101
1.5040222e-102
8.7746364e-104
5.085697e-105
2.9285459e-106
1.6755864e-107
9.5263653e-109
5.3822656e-110
3.0221198e-111
1.6865433e-112
9.3551914e-114
5.1583015e-115
2.8274087e-116
1.5407308e-117
8.347361e-119
4.4965903e-120
2.4085528e-121
1.2829042e-122
6.7955332e-124
3.5798907e-125
1.8756772e-126
9.7749209e-128
5.067102e-129
2.6128905e-130
1.3403602e-131
6.8404356e-133
3.4732076e-134
1.7546274e-135
8.8199963e-137
4.4116691e-138
2.1958866e-139
1.0877033e-140
5.3619807e-142
2.6307209e-143
1.2846334e-144
6.2439343e-146
3.0208674e-147
1.4548509e-148
6.974896e-150
3.3289562e-151
1.5817869e-152
7.4829967e-154
3.5245905e-155
1.6529701e-156
7.7190149e-158
3.5893555e-159
1.6620562e-160
7.6641887e-162
3.5196087e-163
1.6097059e-164
7.3322723e-166
3.3264908e-167
1.5031605e-168
6.7656726e-170
3.033321e-171
1.3546981e-172
6.0269577e-174
2.6711595e-175
1.1794023e-176
5.1879851e-178
2.2736527e-179
9.9277779e-181
4.3191286e-182
1.8722759e-183
8.0869834e-185
3.4806424e-186
1.4927991e-187
6.3800684e-189
2.7173399e-190
1.153373e-191
4.8788242e-193
2.0568014e-194
8.6419836e-196
3.6190148e-197
1.5105493e-198
6.2843266e-200
2.6059941e-201
1.0771851e-202
4.438341e-204
1.8229537e-205
7.4639073e-207
3.0465148e-208
1.2396458e-209
5.0287473e-211
2.0337631e-212
8.2002999e-214
3.2965384e-215
1.3212827e-216
5.2802274e-218
2.1039659e-219
8.3591817e-221
3.3115977e-222
1.3081867e-223
5.153113e-225
2.0241694e-226
7.9288563e-228
3.0972047e-229
1.2065188e-230
4.6871839e-232
1.8159862e-233
7.0168876e-235
2.7040619e-236
1.0392916e-237
3.9839646e-239
1.5232078e-240
5.8086719e-242
2.2094127e-243
8.38238e-245
3.1721707e-246
1.1974366e-247
4.5088713e-249
1.6930934e-250
6.3966312e-252
1.8382886e-253
0
2.001324e-08
1.4744855e-08
0
2.2297353e-07
0
1.7867848e-07
2.8599723e-07
0
1.525394e-07
1.0196883e-06
0
0
2.6231374e-07
2.2319729e-06
1.7000815e-06
0
0
0
0
0
0
0
0
0
0
0
0
0
1.0586258e-09
1.9933922e-09
1.8938235e-09
1.6563254e-09
1.2908576e-09
8.4948413e-10
4.6623781e-10
2.1495107e-10
8.4266874e-11
2.8439701e-11
8.3562063e-12
2.1586592e-12
4.9449034e-13
1.0118182e-13
1.8606434e-14
3.0898341e-15
4.6494567e-16
6.3507193e-17
7.8712464e-18
8.8247553e-19
8.8878922e-20
7.9472619e-21
6.2117711e-22
4.2396541e-23
2.8557809e-24
2.9726682e-25
5.3628247e-26
1.0447758e-26
1.8164535e-27
2.7947182e-28
3.8826647e-29
4.9620911e-30
5.9165413e-31
6.6528047e-32
7.1162225e-33
7.2970946e-34
7.2278325e-35
6.9725754e-36
6.6123369e-37
6.2292006e-38
5.8926906e-39
5.6504597e-40
5.5242137e-41
5.5106299e-42
5.5861604e-43
5.7141422e-44
5.8525858e-45
5.9612538e-46
6.0070823e-47
5.9674987e-48
5.831624e-49
5.5996801e-50
5.2811145e-51
4.8920037e-52
4.4522497e-53
3.9829793e-54
3.5044064e-55
3.0342881e-56
2.5869948e-57
2.1731275e-58
1.799572e-59
1.4698652e-60
1.1847457e-61
9.4278365e-63
7.4100872e-64
5.7547959e-65
4.417631e-66
3.3531044e-67
2.5173105e-68
1.8697438e-69
1.3743496e-70
9.9997237e-72
7.2036502e-73
5.1390468e-74
3.6313105e-75
2.5419978e-76
1.7631665e-77
1.2119622e-78
8.2571435e-80
5.5767311e-81
3.7342197e-82
2.4794127e-83
1.6326108e-84
1.0662412e-85
6.9074735e-87
4.4393999e-88
2.8308661e-89
1.7912311e-90
1.1247785e-91
7.0098725e-93
4.3363506e-94
2.6628833e-95
1.6234341e-96
9.8268026e-98
5.9064185e-99
3.5254058e-100
2.089799e-101
1.2304025e-102
7.1957025e-104
4.1803993e-105
2.4127672e-106
1.3835664e-107
7.8832383e-109
4.4633593e-110
2.5113283e-111
1.4043029e-112
7.8048471e-114
4.3116592e-115
2.3677201e-116
1.2925614e-117
7.0151237e-119
3.7853912e-120
2.0309765e-121
1.0835395e-122
5.7485289e-124
3.0329614e-125
1.5914788e-126
8.3058434e-128
4.311618e-129
2.2263571e-130
1.1435924e-131
5.84377e-133
2.9708695e-134
1.5026762e-135
7.562423e-137
3.7869746e-138
1.8870411e-139
9.3572715e-141
4.6176083e-142
2.2678046e-143
1.1084989e-144
5.3929464e-146
2.6115476e-147
1.2588392e-148
6.0403529e-150
2.8853134e-151
1.3720848e-152
6.4959792e-154
3.0619781e-155
1.4370477e-156
6.715364e-158
3.1247448e-159
1.4478489e-160
6.6805554e-162
3.0697225e-163
1.4047508e-164
6.4022015e-166
2.9060639e-167
1.3138401e-168
5.9163924e-170
2.6537733e-171
1.1857092e-172
5.2773396e-174
2.3398557e-175
1.0335103e-176
4.5478551e-178
1.9937865e-179
8.708531e-181
3.7898252e-182
1.6432933e-183
7.0997997e-185
3.0565078e-186
1.3111924e-187
5.6050796e-189
2.3877257e-190
1.0136476e-191
4.2884657e-193
1.8081799e-194
7.5983315e-196
3.1823196e-197
1.3284041e-198
5.5269972e-200
2.2920943e-201
9.4748302e-203
3.9040685e-204
1.6035469e-205
6.5656124e-207
2.6798414e-208
1.0904206e-209
4.4232432e-211
1.7887925e-212
7.212103e-214
2.8990591e-215
1.1618648e-216
4.6426673e-218
1.8497074e-219
7.3480451e-221
2.9106076e-222
1.149604e-223
4.5276737e-225
1.7781715e-226
6.9639103e-228
2.7197119e-229
1.059234e-230
4.1140471e-232
1.5935429e-233
6.1557963e-235
2.3715887e-236
9.1125037e-238
3.4921086e-239
1.3347436e-240
5.0883422e-242
1.9347786e-243
7.3378851e-245
2.7758961e-246
1.0474569e-247
3.9425542e-249
1.4802667e-250
5.5424662e-252
2.087826e-253
5.9879192e-255
0
0
4.8195746e-09
0
1.5067922e-08
0
0
3.9146009e-08
0
0
7.7068143e-08
5.7802637e-08
0
0
8.8268618e-08
2.2382139e-07
1.3912402e-07
0
0
0
0
0
0
0
0
0
0
2.6854782e-10
3.9341505e-10
1.731074e-10
7.2842927e-12
0
0
0
0
0
0
0
0
0
0
0
0
0
0
0
0
0
0
0
0
0
0
0
0
0
0
0
0
0
1.688853e-32
6.3499913e-33
1.1724388e-33
1.7351623e-34
2.275967e-35
2.7541455e-36
3.1408651e-37
3.4215438e-38
3.5952886e-39
3.6720925e-40
3.6688069e-41
3.6049331e-42
3.499069e-43
3.3665058e-44
3.2181119e-45
3.0603563e-46
2.896135e-47
2.7260083e-48
2.5494894e-49
2.3661202e-50
2.1761888e-51
1.981057e-52
1.7831463e-53
1.5856793e-54
1.3922923e-55
1.2066194e-56
1.0319275e-57
8.7084842e-59
7.2522626e-60
5.9607453e-61
4.8362389e-62
3.8743304e-63
3.0653495e-64
2.3959455e-65
1.8505867e-66
1.4128611e-67
1.0665158e-68
7.9621455e-70
5.8803201e-71
4.2972286e-72
3.1081101e-73
2.2254793e-74
1.5778435e-75
1.1079157e-76
7.7061339e-78
5.31048e-79
3.6263919e-80
2.4543241e-81
1.6465479e-82
1.0951357e-83
7.2222986e-85
4.7234249e-86
3.0638699e-87
1.9713814e-88
1.2583784e-89
7.969727e-91
5.008604e-92
3.1237688e-93
1.9336434e-94
1.1881031e-95
7.2469572e-97
4.3885754e-98
2.6387543e-99
1.5755131e-100
9.3418307e-102
5.5013215e-103
3.2178397e-104
1.8696512e-105
1.0791732e-106
6.1885789e-108
3.5260947e-109
1.9963359e-110
1.1231622e-111
6.2798979e-113
3.4897572e-114
1.9275297e-115
1.0582793e-116
5.7759365e-118
3.1339809e-119
1.6906378e-120
9.0680307e-122
4.8362744e-123
2.5649055e-124
1.3527598e-125
7.0955294e-127
3.7015983e-128
1.9206984e-129
9.9133185e-131
5.0897122e-132
2.5995936e-133
1.3209281e-134
6.6778618e-136
3.3589448e-137
1.6811164e-138
8.3722883e-140
4.1491926e-141
2.0463376e-142
1.0043989e-143
4.9064908e-145
2.3855684e-146
1.1544865e-147
5.5613684e-149
2.6667949e-150
1.2730101e-151
6.0496076e-153
2.8621617e-154
1.3481899e-155
6.3228936e-157
2.9526117e-158
1.3729034e-159
6.3567337e-161
2.93093e-162
1.3457708e-163
6.1538575e-165
2.8025333e-166
1.2711513e-167
5.7425216e-169
2.5839412e-170
1.1581176e-171
5.1704453e-173
2.2994475e-174
1.0187184e-175
4.4960853e-177
1.9768744e-178
8.6596837e-180
3.779353e-181
1.6433846e-182
7.120017e-184
3.0736642e-185
1.3221439e-186
5.6671041e-188
2.4205652e-189
1.0302873e-190
4.3701733e-192
1.8473543e-193
7.7826111e-195
3.2676562e-196
1.3673992e-197
5.7031415e-199
2.3708533e-200
9.823778e-202
4.0573944e-203
1.6704064e-204
6.8551116e-206
2.804371e-207
1.1436574e-208
4.6495062e-210
1.8844248e-211
7.6141688e-213
3.0672443e-214
1.2318753e-215
4.9327362e-217
1.9693454e-218
7.839326e-220
3.1114892e-221
1.2314034e-222
4.8594208e-224
1.9121869e-225
7.5032121e-227
2.9359217e-228
1.1455955e-229
4.4577606e-231
1.7298554e-232
6.6945183e-234
2.5837714e-235
9.945409e-237
3.8179796e-238
1.4618248e-239
5.5823371e-241
2.1261997e-242
8.0773202e-244
3.0606506e-245
1.1567813e-246
4.3610148e-248
1.6399487e-249
6.1515825e-251
2.301808e-252
8.5893209e-254
3.2243361e-255
9.2271434e-257
2.1716081e-11
0
2.5403378e-10
0
2.3550105e-10
3.3657355e-10
0
1.2447795e-09
1.1914063e-09
0
4.5290463e-10
7.3070309e-09
0
0
0
1.0005044e-08
1.4877606e-08
7.5746299e-09
0
0
0
0
0
0
0
0
4.5600325e-11
1.9803261e-11
0
0
0
4.1280342e-13
2.8658923e-12
3.2203002e-12
2.3612683e-12
1.3039992e-12
5.7163653e-13
2.0486832e-13
6.1250306e-14
1.5507113e-14
3.362392e-15
6.2949248e-16
1.0225947e-16
1.4431451e-17
1.7624455e-18
1.8402331e-19
1.5975471e-20
1.0772904e-21
4.4608572e-23
0
0
0
0
0
0
0
0
0
0
0
0
0
0
1.15138e-37
1.4197758e-37
2.8465955e-38
4.2747456e-39
5.5933172e-40
6.7152445e-41
7.5847256e-42
8.1781916e-43
8.5001713e-44
8.5760794e-45
8.444e-46
8.1471352e-47
7.727962e-48
7.2244819e-49
6.6684331e-50
6.0850225e-51
5.4936115e-52
4.9088282e-53
4.3417171e-54
3.8006863e-55
3.2921633e-56
2.8209789e-57
2.3905487e-58
2.0029457e-59
1.6589447e-60
1.3580941e-61
1.0988388e-62
8.7870007e-64
6.9449419e-65
5.4256964e-66
4.1903885e-67
3.1998534e-68
2.4163333e-69
1.8047412e-70
1.3334874e-71
9.7491238e-73
7.0539557e-74
5.0521692e-75
3.5825103e-76
2.5156259e-77
1.7495897e-78
1.2054184e-79
8.2286413e-81
5.5664922e-82
3.7322425e-83
2.4806285e-84
1.6346447e-85
1.0681157e-86
6.921616e-88
4.4488698e-89
2.8366207e-90
1.7943888e-91
1.126284e-92
7.0152934e-94
4.3366976e-95
2.6609397e-96
1.6207617e-97
9.8006711e-99
5.8842074e-100
3.5079819e-101
2.0768469e-102
1.2211496e-103
7.1316332e-105
4.1371594e-106
2.384214e-107
1.3650658e-108
7.7653697e-110
4.3893978e-111
2.4655582e-112
1.3763396e-113
7.6360348e-115
4.2108839e-116
2.3081936e-117
1.2577512e-118
6.8134979e-120
3.6696705e-121
1.9651415e-122
1.0464006e-123
5.5407264e-125
2.9176059e-126
1.5279314e-127
7.9583689e-129
4.122992e-130
2.1246817e-131
1.0891622e-132
5.5543403e-134
2.817975e-135
1.4224258e-136
7.1438561e-138
3.5700041e-139
1.7752505e-140
8.7847049e-142
4.3260602e-143
2.1201996e-144
1.0341902e-145
5.020926e-147
2.4263138e-148
1.1671041e-149
5.5884457e-151
2.6638539e-152
1.2641149e-153
5.9722497e-155
2.8092016e-156
1.3156472e-157
6.1351508e-159
2.8487727e-160
1.317208e-161
6.0650157e-163
2.7810398e-164
1.2699796e-165
5.7758619e-167
2.6162752e-168
1.1803546e-169
5.3041964e-171
2.3742155e-172
1.0585938e-173
4.7017787e-175
2.0803358e-176
9.169756e-178
4.0267025e-179
1.7616635e-180
7.6787774e-182
3.3348073e-183
1.4430208e-184
6.2217305e-186
2.6730053e-187
1.1443309e-188
4.8817959e-190
2.0753752e-191
8.7925586e-193
3.7123433e-194
1.5620953e-195
6.55097e-197
2.7381328e-198
1.140686e-199
4.7364407e-201
1.9603074e-202
8.0871185e-204
3.3256173e-205
1.3632354e-206
5.5705817e-208
2.2691976e-209
9.2150352e-211
3.7306563e-212
1.5057317e-213
6.0589104e-215
2.4307278e-216
9.7226162e-218
3.8774402e-219
1.5418145e-220
6.1129948e-222
2.4166878e-223
9.5266732e-225
3.7447743e-226
1.4678548e-227
5.7375018e-229
2.2364232e-230
8.693319e-232
3.3699744e-233
1.3028239e-234
5.0230984e-236
1.9314925e-237
7.4072698e-239
2.8331882e-240
1.080819e-241
4.1124332e-243
1.5607055e-244
5.9078173e-246
2.2306154e-247
8.4008139e-249
3.1559078e-250
1.1826075e-251
4.4205589e-253
1.6483327e-254
6.1295338e-256
2.2927359e-257
6.5489369e-259
8.7827256e-13
0
1.398191e-12
5.7110351e-13
0
1.1673203e-11
0
0
8.8808855e-11
0
0
2.5350935e-10
2.8619233e-10
0
0
2.0615205e-11
6.1540639e-10
6.1381993e-10
2.6291412e-10
0
0
0
0
0
0
1.3212608e-13
0
0
0
0
7.8829053e-14
2.1085325e-14
0
0
0
0
0
0
0
0
0
0
0
0
0
4.3165681e-22
9.3261089e-23
1.2950228e-23
1.4760223e-24
1.5989844e-25
1.8996649e-26
2.5633351e-27
3.5321282e-28
4.3951632e-29
4.4437367e-30
2.896394e-31
0
0
0
0
0
0
0
0
0
8.1270037e-42
1.7445604e-41
3.4928627e-42
5.1715379e-43
6.6501688e-44
7.8359509e-45
8.6784732e-46
9.1671422e-47
9.3235868e-48
9.1916644e-49
8.8273471e-50
8.2900638e-51
7.6363047e-52
6.9156383e-53
6.1688313e-54
5.427538e-55
4.714992e-56
4.047202e-57
3.434293e-58
2.8817778e-59
2.3916516e-60
1.9632864e-61
1.5941458e-62
1.2803539e-63
1.0171527e-64
7.9927583e-66
6.212544e-67
4.776632e-68
3.6331298e-69
2.733908e-70
2.0355253e-71
1.4997264e-72
1.0935788e-73
7.8932325e-75
5.6401989e-76
3.990607e-77
2.7961482e-78
1.9405744e-79
1.3342015e-80
9.0887653e-82
6.1355136e-83
4.1051432e-84
2.7227267e-85
1.7903722e-86
1.1673723e-87
7.5485472e-89
4.841328e-90
3.0801368e-91
1.9441739e-92
1.217624e-93
7.5675603e-95
4.6678084e-96
2.8578065e-97
1.7368487e-98
1.0479624e-99
6.2780936e-101
3.7346575e-102
2.2062563e-103
1.2944444e-104
7.5434876e-106
4.3667691e-107
2.5112186e-108
1.4347663e-109
8.1448908e-111
4.5944248e-112
2.5754455e-113
1.4347678e-114
7.9442139e-116
4.3721156e-117
2.3918522e-118
1.3007955e-119
7.0330727e-121
3.7806922e-122
2.0207652e-123
1.0740052e-124
5.6763608e-126
2.9835496e-127
1.5596326e-128
8.1089148e-130
4.1935291e-131
2.1572367e-132
1.1039297e-133
5.6199735e-135
2.8464257e-136
1.4343698e-137
7.1918521e-139
3.5880704e-140
1.7813269e-141
8.8005592e-143
4.3269522e-144
2.1172879e-145
1.0311557e-146
4.9984493e-148
2.4117535e-149
1.1583417e-150
5.5381649e-152
2.6359642e-153
1.2490396e-154
5.8924308e-156
2.7676582e-157
1.2943388e-158
6.0272432e-160
2.794744e-161
1.2904318e-162
5.9335509e-164
2.7170493e-165
1.2390819e-166
5.627796e-168
2.5458246e-169
1.14706e-170
5.1478618e-172
2.3012617e-173
1.0247516e-174
4.5456885e-176
2.0087405e-177
8.8431222e-179
3.8784608e-180
1.6947252e-181
7.3780095e-183
3.200317e-184
1.3831657e-185
5.9565701e-187
2.5560682e-188
1.0929891e-189
4.6573546e-191
1.9776785e-192
8.3690767e-194
3.5295336e-195
1.4834992e-196
6.2144067e-198
2.5945757e-199
1.0796904e-200
4.4782671e-202
1.8514423e-203
7.6297663e-205
3.1341836e-206
1.2833966e-207
5.2387982e-209
2.1318057e-210
8.6480759e-212
3.4975017e-213
1.4101764e-214
5.6686072e-216
2.2718362e-217
9.0779016e-219
3.616694e-220
1.4366991e-221
5.690591e-223
2.2474813e-224
8.8509839e-226
3.4757869e-227
1.3611004e-228
5.3151053e-230
2.0697948e-231
8.0379514e-233
3.1129706e-234
1.2023334e-235
4.6313077e-237
1.7791794e-238
6.816815e-240
2.6049367e-241
9.9282992e-243
3.7741785e-244
1.4310265e-245
5.4120048e-247
2.0415562e-248
7.6818231e-250
2.8831953e-251
1.0794369e-252
4.0312547e-254
1.5017891e-255
5.5810123e-257
2.068416e-258
7.709788e-260
2.1995758e-261
1.1338125e-14
0
1.9441127e-14
0
1.8357554e-13
0
3.1694693e-13
0
6.279942e-13
1.5883527e-12
0
7.7969749e-13
1.4662455e-11
0
0
0
1.0797496e-11
2.1579986e-11
1.5437073e-11
5.9756603e-12
7.5441449e-13
0
0
0
0
0
0
7.2078286e-15
1.1241673e-14
4.8323926e-15
5.6599513e-16
0
5.3595909e-16
7.2475006e-16
4.9264488e-16
2.2200734e-16
7.2541302e-17
1.777985e-17
3.2625788e-18
4.2165824e-19
2.7636976e-20
0
0
0
0
0
5.0649642e-26
2.9003152e-26
5.2437875e-27
7.8736329e-28
1.2306678e-28
2.0664053e-29
3.4282492e-30
5.2200666e-31
7.0423425e-32
8.2555788e-33
8.1741761e-34
6.320502e-35
2.6391912e-36
0
0
0
0
0
0
0
0
8.8997929e-45
1.8623244e-45
2.7851666e-46
3.5808904e-47
4.1969971e-48
4.6079922e-49
4.8127764e-50
4.8292003e-51
4.6874803e-52
4.423844e-53
4.0752878e-54
3.6758484e-55
3.2543957e-56
2.8337114e-57
2.4305115e-58
2.056057e-59
1.7170564e-60
1.4166458e-61
1.1553096e-62
9.3167348e-64
7.4314838e-65
5.8642959e-66
4.5786979e-67
3.5374932e-68
2.704644e-69
2.0465184e-70
1.5326501e-71
1.1361241e-72
8.3368441e-74
6.0563791e-75
4.3561914e-76
3.1026632e-77
2.1885225e-78
1.5290231e-79
1.0582392e-80
7.2564158e-82
4.9305077e-83
3.3201314e-84
2.2160313e-85
1.4662766e-86
9.6191502e-88
6.2574686e-89
4.03702e-90
2.5833364e-91
1.6398908e-92
1.0328026e-93
6.4541806e-95
4.0025573e-96
2.4635222e-97
1.5050333e-98
9.1275279e-100
5.4957006e-101
3.285487e-102
1.95041e-103
1.1498549e-104
6.7327329e-106
3.9157062e-107
2.262233e-108
1.2984049e-109
7.4039702e-111
4.1950405e-112
2.3618861e-113
1.3214982e-114
7.348384e-116
4.0613152e-117
2.2311173e-118
1.2183992e-119
6.6145184e-121
3.5700766e-122
1.9158269e-123
1.0222627e-124
5.4240511e-126
2.8619836e-127
1.501824e-128
7.838003e-130
4.0686641e-131
2.100793e-132
1.079007e-133
5.5131392e-135
2.8024059e-136
1.4172412e-137
7.131158e-139
3.5702807e-140
1.7786594e-141
8.8176548e-143
4.3501541e-144
2.1358388e-145
1.043675e-146
5.0759281e-148
2.4571917e-149
1.1840111e-150
5.6791728e-152
2.7117279e-153
1.2890143e-154
6.1001221e-156
2.8741322e-157
1.3482812e-158
6.2976343e-160
2.9289715e-161
1.3564722e-162
6.2557832e-164
2.8730571e-165
1.31406e-166
5.9856428e-168
2.7154831e-169
1.2269872e-170
5.5221118e-172
2.475472e-173
1.1053855e-174
4.9168557e-176
2.1786822e-177
9.617179e-179
4.2292497e-180
1.8529129e-181
8.0879196e-183
3.5174071e-184
1.5241445e-185
6.5805302e-187
2.8310022e-188
1.2136048e-189
5.1842406e-191
2.2068695e-192
9.3619105e-194
3.9578672e-195
1.6675513e-196
7.0021379e-198
2.9304054e-199
1.2223125e-200
5.0816658e-202
2.1057698e-203
8.6977739e-205
3.5810396e-206
1.4696881e-207
6.0126702e-209
2.4521478e-210
9.9695109e-212
4.0407286e-213
1.6327313e-214
6.5773268e-216
2.6416429e-217
1.0577889e-218
4.2231277e-220
1.681085e-221
6.6722952e-223
2.6405884e-224
1.042019e-225
4.100242e-227
1.6088358e-228
6.2949399e-230
2.4561687e-231
9.5569785e-233
3.7084099e-234
1.4350543e-235
5.5382323e-237
2.1315951e-238
8.1823377e-240
3.1325467e-241
1.1961161e-242
4.5552548e-244
1.7303084e-245
6.5556156e-247
2.4773652e-248
9.3381421e-250
3.5110078e-251
1.3167723e-252
4.9261034e-254
1.8382994e-255
6.8431219e-257
2.5411032e-258
9.4129991e-260
3.4774322e-261
1.2917622e-262
3.6844184e-264
0
7.8868379e-16
0
5.6478584e-15
0
8.3452921e-15
0
1.216084e-14
0
5.0574438e-14
0
0
3.2310819e-13
2.8725791e-13
0
0
0
4.7445947e-13
4.7561215e-13
2.5595294e-13
8.3668604e-14
1.0666005e-14
0
0
0
0
0
0
0
0
0
0
0
0
0
0
0
0
2.3196694e-21
6.6532145e-22
1.0001753e-22
5.7655595e-24
0
0
0
0
0
0
0
5.3885559e-31
1.8773876e-31
5.0214958e-32
1.096281e-32
1.9987051e-33
3.113892e-34
4.2165838e-35
5.0058095e-36
5.2010364e-37
4.6428736e-38
3.3588967e-39
1.5705632e-40
0
0
0
0
0
0
1.4325051e-47
3.9766702e-48
6.530032e-49
8.8265722e-50
1.0672056e-50
1.1956622e-51
1.2650874e-52
1.2790786e-53
1.2457251e-54
1.1755219e-55
1.0795823e-56
9.6832052e-58
8.5063582e-59
7.3353846e-60
6.2210943e-61
5.1967743e-62
4.2810976e-63
3.4814002e-64
2.7968106e-65
2.2209552e-66
1.7441359e-67
1.3549783e-68
1.0416127e-69
7.9247439e-71
5.9680617e-72
4.4494053e-73
3.2842441e-74
2.4003495e-75
1.737237e-76
1.2451745e-77
8.8395674e-79
6.2159433e-80
4.3301861e-81
2.9886863e-82
2.0440013e-83
1.3853632e-84
9.3064398e-86
6.197229e-87
4.091311e-88
2.6781531e-89
1.7384924e-90
1.1192591e-91
7.1476627e-93
4.5282152e-94
2.8462468e-95
1.7752203e-96
1.0987945e-97
6.7501629e-99
4.1161699e-100
2.4917238e-101
1.4975424e-102
8.9366496e-104
5.2957713e-105
3.1166204e-106
1.821709e-107
1.0576783e-108
6.1002226e-110
3.4953635e-111
1.9898926e-112
1.1256223e-113
6.3272632e-115
3.534538e-116
1.9623462e-117
1.0828712e-118
5.9397388e-120
3.2387523e-121
1.7556497e-122
9.4618681e-124
5.0701804e-125
2.7015031e-126
1.4313653e-127
7.541979e-129
3.952177e-130
2.0598212e-131
1.0678004e-132
5.5060856e-134
2.8243116e-135
1.4411959e-136
7.316405e-138
3.6953872e-139
1.8570875e-140
9.2861862e-142
4.6205851e-143
2.2878773e-144
1.1273686e-145
5.5286293e-147
2.6984099e-148
1.3108638e-149
6.3384971e-151
3.0508e-152
1.4617034e-153
6.9717503e-155
3.3103978e-156
1.5649225e-157
7.3654274e-159
3.4515441e-160
1.6104861e-161
7.4824871e-163
3.4617649e-164
1.5948826e-165
7.317388e-167
3.3434596e-168
1.5214755e-169
6.8957058e-171
3.1128135e-172
1.3995992e-173
6.2682434e-175
2.7963704e-176
1.2426969e-177
5.5013859e-179
2.4262188e-180
1.06599e-181
4.6661193e-183
2.0349418e-184
8.8421014e-186
3.8280704e-187
1.6513485e-188
7.0981517e-190
3.0402734e-191
1.2976386e-192
5.5192684e-194
2.3394215e-195
9.8820527e-197
4.1601589e-198
1.7454561e-199
7.2988791e-201
3.0420308e-202
1.263697e-203
5.2324581e-205
2.1595515e-206
8.8843905e-208
3.6434194e-209
1.4894271e-210
6.0697214e-212
2.4658604e-213
9.9868643e-215
4.0323781e-216
1.6232118e-217
6.5145033e-219
2.6066922e-220
1.0399455e-221
4.1366973e-223
1.6406995e-224
6.4885283e-226
2.5586731e-227
1.0061073e-228
3.944973e-230
1.5424933e-231
6.0143834e-233
2.3386031e-234
9.0683534e-236
3.5068371e-237
1.3524668e-238
5.2019963e-240
1.9955116e-241
7.6346217e-243
2.9132515e-244
1.1087499e-245
4.2088369e-247
1.5935703e-248
6.0182241e-250
2.2670478e-251
8.5183439e-253
3.1927022e-254
1.193649e-255
4.4515947e-257
1.6560768e-258
6.1457596e-260
2.275119e-261
8.4017848e-263
3.0943308e-264
1.145623e-265
3.271083e-267
9.1973387e-18
0
1.9184156e-16
0
2.9436819e-16
0
5.2831402e-17
6.1208556e-17
0
3.4150257e-16
6.8900538e-16
0
4.1252022e-15
1.0869776e-14
0
0
0
8.541025e-15
1.1615226e-14
6.9784581e-15
2.405082e-15
3.0766566e-16
0
0
0
0
0
0
6.4068164e-20
8.9632259e-20
3.1275585e-20
7.993806e-21
1.9412859e-21
0
0
0
0
0
1.927126e-24
8.1630466e-25
1.6651568e-25
1.8769796e-26
1.4888318e-28
0
0
0
0
0
0
0
0
3.334649e-35
1.5477625e-35
3.6040967e-36
6.3869545e-37
9.4670816e-38
1.2190672e-38
1.3875804e-39
1.4038109e-40
1.2556788e-41
9.7215817e-43
6.1517452e-44
2.6247298e-45
0
0
0
1.119819e-50
2.8237675e-50
6.2097412e-51
9.7641572e-52
1.3035786e-52
1.5687885e-53
1.7523256e-54
1.8479538e-55
1.8604354e-56
1.8020844e-57
1.6892409e-58
1.5392629e-59
1.36833e-60
1.1901089e-61
1.0151657e-62
8.5093898e-64
7.0206839e-65
5.709034e-66
4.580613e-67
3.6294958e-68
2.842084e-69
2.2005772e-70
1.6855174e-71
1.2775323e-72
9.5843901e-74
7.1186569e-75
5.2353015e-76
3.8128722e-77
2.7502927e-78
1.9650182e-79
1.3907793e-80
9.7520703e-82
6.7752625e-83
4.6643529e-84
3.1822891e-85
2.1518867e-86
1.4423836e-87
9.5846247e-89
6.3147256e-90
4.1254523e-91
2.6728787e-92
1.7176326e-93
1.0949064e-94
6.9242257e-96
4.3447416e-97
2.7052368e-98
1.6716461e-99
1.0252483e-100
6.241749e-102
3.772435e-103
2.2637053e-104
1.348789e-105
7.9806134e-107
4.6896206e-108
2.7370847e-109
1.5868168e-110
9.1388423e-112
5.2289958e-113
2.9726522e-114
1.6792046e-115
9.4260778e-117
5.2584734e-118
2.9155612e-119
1.6067572e-120
8.8018727e-122
4.7932163e-123
2.5949908e-124
1.3967883e-125
7.475492e-127
3.978243e-128
2.1052929e-129
1.1079756e-130
5.7992335e-132
3.0189747e-133
1.5632271e-134
8.0516185e-136
4.1254104e-137
2.1027994e-138
1.0663474e-139
5.3801305e-141
2.7008645e-142
1.3491209e-143
6.7059297e-145
3.317024e-146
1.6328296e-147
7.9993854e-149
3.9004642e-150
1.8929539e-151
9.1442422e-153
4.3970238e-154
2.1047114e-155
1.0029237e-156
4.7577702e-158
2.2470752e-159
1.0566434e-160
4.9471357e-162
2.306276e-163
1.0705777e-164
4.9487053e-166
2.2779716e-167
1.0442512e-168
4.7673604e-170
2.1676212e-171
9.8160597e-173
4.4274641e-174
1.9890809e-175
8.901121e-177
3.9677736e-178
1.7618699e-179
7.7936396e-181
3.4344783e-182
1.50782e-183
6.5950893e-185
2.8740095e-186
1.2478599e-187
5.3984259e-189
2.3270493e-190
9.9952658e-192
4.2780569e-193
1.8246312e-194
7.7551952e-196
3.2848238e-197
1.386582e-198
5.8331811e-200
2.4457044e-201
1.022005e-202
4.2566163e-204
1.7670552e-205
7.3117518e-207
3.0157119e-208
1.2398429e-209
5.0811621e-211
2.0758213e-212
8.4539248e-214
3.4322507e-215
1.3891926e-216
5.6055639e-218
2.2550693e-219
9.0447066e-221
3.616873e-222
1.4420696e-223
5.7327536e-225
2.272345e-226
8.9810852e-228
3.5394559e-229
1.3909349e-230
5.4506588e-232
2.1299642e-233
8.3001486e-235
3.2255117e-236
1.250027e-237
4.8312222e-239
1.8621731e-240
7.1584166e-242
2.7444557e-243
1.049412e-244
4.00216e-246
1.5223325e-247
5.7756255e-249
2.1855993e-250
8.2495754e-252
3.1059133e-253
1.1664086e-254
4.3694059e-256
1.6327159e-257
6.0858494e-259
2.2628686e-260
8.3932354e-262
3.1055227e-263
1.1462441e-264
4.2204596e-266
1.549794e-267
5.7190324e-269
1.6378532e-270
0
5.2611574e-18
0
1.4929414e-17
0
1.9706119e-18
0
1.4918255e-18
0
0
3.7917475e-17
0
3.7651478e-17
2.9131013e-16
0
0
0
1.4842179e-16
2.1602934e-16
1.1646435e-16
3.1507726e-17
2.9519463e-19
0
0
0
0
0
1.1663959e-21
1.2873648e-21
4.716037e-22
1.2770531e-22
2.9726875e-23
6.3032798e-24
8.2921772e-25
0
0
0
0
1.6898308e-27
8.3998264e-28
1.9359202e-28
2.7108461e-29
1.8023346e-30
0
0
0
0
0
0
0
0
0
1.1134509e-38
3.7264616e-39
7.4077369e-40
1.1636722e-40
1.5595748e-41
1.8415339e-42
1.9452433e-43
1.8492053e-44
1.5803352e-45
1.2044236e-46
8.0635307e-48
4.6758304e-49
2.4785665e-50
1.7533949e-51
2.4601088e-52
4.3037752e-53
6.8415045e-54
9.5944081e-55
1.2138867e-55
1.4163739e-56
1.5491898e-57
1.6072692e-58
1.5955812e-59
1.5257236e-60
1.4125731e-61
1.27153e-62
1.1165891e-63
9.5924027e-65
8.0805885e-66
6.6878927e-67
5.4472441e-68
4.372175e-69
3.4621112e-70
2.7071258e-71
2.0918227e-72
1.5982725e-73
1.208072e-74
9.0367714e-76
6.6917469e-77
4.9064972e-78
3.5627809e-79
2.562461e-80
1.8257074e-81
1.2887232e-82
9.0133844e-84
6.2468296e-85
4.2906027e-86
2.9208401e-87
1.9709387e-88
1.3184403e-89
8.7441399e-91
5.7503123e-92
3.7500111e-93
2.4254375e-94
1.5560157e-95
9.9027088e-97
6.2525878e-98
3.9172431e-99
2.4353683e-100
1.5026572e-101
9.202657e-103
5.5946184e-104
3.3765759e-105
2.0233697e-106
1.2039526e-107
7.1141111e-109
4.1749347e-110
2.4335267e-111
1.4090244e-112
8.1046552e-114
4.6314914e-115
2.6297424e-116
1.4837013e-117
8.3186857e-119
4.6352278e-120
2.5670129e-121
1.4130493e-122
7.7319634e-124
4.2058698e-125
2.2744951e-126
1.2229433e-127
6.5380489e-129
3.4756683e-130
1.8374013e-131
9.6598853e-133
5.0508946e-134
2.6267496e-135
1.3587773e-136
6.9916836e-138
3.5788488e-139
1.8224552e-140
9.2330597e-142
4.6540669e-143
2.3342125e-144
1.1649065e-145
5.7850415e-147
2.8589596e-148
1.4061017e-149
6.8826132e-151
3.3530365e-152
1.6258914e-153
7.8475279e-155
3.7703506e-156
1.8032554e-157
8.5857499e-159
4.0697086e-160
1.9205726e-161
9.0239875e-163
4.2216711e-164
1.9665542e-165
9.1217951e-167
4.2133216e-168
1.938008e-169
8.8774792e-171
4.0498905e-172
1.8400619e-173
8.3267016e-175
3.7530179e-176
1.6848869e-177
7.5345712e-179
3.356287e-180
1.4893171e-181
6.5835093e-183
2.8992414e-184
1.2719856e-185
5.5598738e-187
2.4212886e-188
1.0506081e-189
4.5421454e-191
1.9566845e-192
8.3991095e-194
3.5926207e-195
1.5313275e-196
6.5045326e-198
2.7533913e-199
1.1615451e-200
4.8835169e-202
2.046303e-203
8.5459394e-205
3.5572475e-206
1.4758575e-207
6.1032672e-209
2.5158188e-210
1.0337287e-211
4.2340425e-213
1.728766e-214
7.0365606e-216
2.8552139e-217
1.1549985e-218
4.6579976e-220
1.872848e-221
7.507606e-223
3.0005867e-224
1.1957123e-225
4.7508676e-227
1.8821515e-228
7.4350074e-230
2.9286191e-231
1.1502929e-232
4.5053388e-234
1.7596612e-235
6.8536568e-237
2.6620507e-238
1.0311451e-239
3.9832858e-241
1.5345818e-242
5.8962234e-244
2.2594438e-245
8.6353738e-247
3.2917044e-248
1.2514934e-249
4.7458306e-251
1.7950619e-252
6.772323e-254
2.5485563e-255
9.5665671e-257
3.5820372e-258
1.3378967e-259
4.9847062e-261
1.8526205e-262
6.868598e-264
2.5403189e-265
9.3723719e-267
3.4494737e-268
1.2664839e-269
4.6375268e-271
1.705786e-272
4.9143722e-274
0
0
8.0170332e-19
0
9.1408957e-20
1.3128866e-20
0
5.6340429e-20
0
0
9.8459727e-19
0
7.2204233e-19
5.3863294e-18
0
0
0
1.6032298e-18
1.6197088e-18
6.2977146e-19
8.8073039e-20
0
0
0
0
0
2.8485467e-23
2.1654515e-23
7.2344692e-24
1.8587979e-24
4.1219679e-25
8.3436556e-26
1.5703964e-26
2.3490817e-27
4.7815626e-29
0
0
0
1.6219677e-30
7.3759067e-31
1.7015278e-31
2.5565952e-32
2.415723e-33
6.7668822e-35
0
0
0
0
0
0
0
0
4.998497e-42
2.5813128e-42
5.4979826e-43
8.8186409e-44
1.1910442e-44
1.4133473e-45
1.5040773e-46
1.4507003e-47
1.2746265e-48
1.0226687e-49
7.524426e-51
5.1715806e-52
3.542654e-53
2.8021149e-54
2.9124005e-55
3.6852664e-56
4.8527892e-57
6.1363217e-58
7.298829e-59
8.1745302e-60
8.6768711e-61
8.7902116e-62
8.552162e-63
8.0329453e-64
7.3164285e-65
6.4854282e-66
5.6121427e-67
4.753316e-68
3.9490928e-69
3.2243305e-70
2.5912353e-71
2.0524556e-72
1.604056e-73
1.2380559e-74
9.444081e-76
7.1242624e-77
5.3172949e-78
3.9280677e-79
2.8730065e-80
2.0809826e-81
1.4929954e-82
1.0611465e-83
7.4726936e-85
5.2145257e-86
3.6060754e-87
2.4716183e-88
1.6791824e-89
1.1309086e-90
7.5511697e-92
4.9992247e-93
3.2819984e-94
2.1368193e-95
1.3798692e-96
8.83886e-98
5.6168197e-99
3.541345e-100
2.2155264e-101
1.3755096e-102
8.4756839e-104
5.1838934e-105
3.1474045e-106
1.8971791e-107
1.1354461e-108
6.7479112e-110
3.9825206e-111
2.3343864e-112
1.3591044e-113
7.8602521e-115
4.5160744e-116
2.5778826e-117
1.4621035e-118
8.2402562e-120
4.6151395e-121
2.568878e-122
1.4211796e-123
7.8150691e-125
4.2719474e-126
2.3214447e-127
1.2541794e-128
6.736879e-130
3.5981878e-131
1.9110086e-132
1.0093047e-133
5.3013853e-135
2.7694273e-136
1.4389629e-137
7.4369242e-139
3.8233657e-140
1.9553799e-141
9.9488528e-143
5.036104e-144
2.5364076e-145
1.2710673e-146
6.3381903e-148
3.1450744e-149
1.5530549e-150
7.6322744e-152
3.7329571e-153
1.8172061e-154
8.8049633e-156
4.2466134e-157
2.0387739e-158
9.743739e-160
4.6358697e-161
2.1958581e-162
1.0355309e-163
4.8621179e-165
2.2730513e-166
1.0581124e-167
4.9046759e-169
2.2639235e-170
1.0406455e-171
4.7637611e-173
2.1717981e-174
9.8611439e-176
4.4595321e-177
2.0087274e-178
9.0123458e-180
4.02768e-181
1.793029e-182
7.951512e-184
3.5128267e-185
1.5460471e-186
6.7789431e-188
2.9613415e-189
1.2888907e-190
5.5893137e-192
2.4150669e-193
1.0397799e-194
4.4607561e-196
1.9069674e-197
8.1237893e-199
3.4487946e-200
1.459089e-201
6.1519729e-203
2.5851007e-204
1.0826373e-205
4.5190058e-207
1.8800485e-208
7.7960216e-210
3.2223029e-211
1.3275792e-212
5.4521331e-214
2.2320068e-215
9.108746e-217
3.7056682e-218
1.5028997e-219
6.0765861e-221
2.4494349e-222
9.843716e-224
3.9441138e-225
1.575604e-226
6.2756967e-228
2.492321e-229
9.8692216e-231
3.8968021e-232
1.534228e-233
6.0233337e-235
2.3580811e-236
9.205864e-238
3.5839622e-239
1.3914393e-240
5.3873602e-242
2.0802107e-243
8.010633e-245
3.0765435e-246
1.1784315e-247
4.5019326e-249
1.7153593e-250
6.518996e-252
2.471062e-253
9.3426841e-255
3.5233215e-256
1.3253568e-257
4.9730232e-259
1.8613248e-260
6.9493535e-262
2.5881744e-263
9.6155764e-265
3.5636497e-266
1.3175197e-267
4.8592045e-269
1.7878105e-270
6.5618568e-272
2.4026013e-273
8.7738763e-275
3.2168112e-276
9.3678478e-278
1.3938622e-20
1.890315e-21
0
0
0
1.8362477e-22
0
1.5114477e-21
0
2.2718072e-21
6.1471334e-21
0
1.3488049e-20
2.5736625e-20
0
0
0
8.2375509e-21
4.8480912e-21
1.0692556e-21
0
0
0
0
0
4.4316097e-25
2.5641124e-25
8.1064453e-26
2.010366e-26
4.3178202e-27
8.421976e-28
1.5384535e-28
2.6415861e-29
3.8519089e-30
2.9301128e-31
0
0
8.9371901e-35
1.5211617e-33
5.5128348e-34
1.1831542e-34
1.7874809e-35
1.9921442e-36
1.6211823e-37
6.6698708e-39
0
0
0
0
0
0
0
2.3714164e-45
1.3976015e-45
2.9491612e-46
4.6378566e-47
6.1371698e-48
7.1500879e-49
7.4981536e-50
7.1656593e-51
6.2891678e-52
5.1041937e-53
3.8732853e-54
2.8204734e-55
2.0890611e-56
1.7284259e-57
1.7057287e-58
1.9328365e-59
2.2977281e-60
2.6918923e-61
3.0289535e-62
3.2533985e-63
3.3408914e-64
3.2929615e-65
3.1290212e-66
2.8781224e-67
2.572e-68
2.2401131e-69
1.9067535e-70
1.5898919e-71
1.3012695e-72
1.0472371e-73
8.2992895e-75
6.4847922e-76
5.0010853e-77
3.8099773e-78
2.8693271e-79
2.1374162e-80
1.5756234e-81
1.1498266e-82
8.3091813e-84
5.9474887e-85
4.2173733e-86
2.963141e-87
2.0631121e-88
1.4236553e-89
9.7374473e-91
6.602189e-92
4.4378882e-93
2.9576931e-94
1.9546154e-95
1.2809867e-96
8.3262092e-98
5.3680244e-99
3.4331403e-100
2.1783334e-101
1.3713833e-102
8.5672391e-104
5.3114869e-105
3.2683595e-106
1.9963039e-107
1.2104606e-108
7.2869402e-110
4.3556472e-111
2.5853225e-112
1.5239546e-113
8.9220431e-115
5.1883643e-116
2.9971497e-117
1.7200269e-118
9.8072457e-120
5.5562169e-121
3.1279953e-122
1.7500135e-123
9.7305637e-125
5.3775938e-126
2.9540835e-127
1.6131435e-128
8.7572699e-130
4.7264958e-131
2.5363747e-132
1.3533785e-133
7.1809914e-135
3.7890983e-136
1.9883833e-137
1.0377747e-138
5.3872891e-140
2.7818047e-141
1.4288829e-142
7.3013695e-144
3.7117038e-145
1.8772701e-146
9.4468596e-148
4.7301811e-149
2.3567833e-150
1.1685163e-151
5.7655983e-153
2.831192e-154
1.3836627e-155
6.7304988e-157
3.2586694e-158
1.5704677e-159
7.5341217e-161
3.5980742e-162
1.7106462e-163
8.0969464e-165
3.8156757e-166
1.7903118e-167
8.3639328e-169
3.8907594e-170
1.8022597e-171
8.3133559e-173
3.8188098e-174
1.7469834e-175
7.9592984e-177
3.6116195e-178
1.6322481e-179
7.3475552e-181
3.2944834e-182
1.4714135e-183
6.5463615e-185
2.9013344e-186
1.2809811e-187
5.6344189e-189
2.4690571e-190
1.0779604e-191
4.6889745e-193
2.0322166e-194
8.77592e-196
3.776236e-197
1.6191329e-198
6.917924e-200
2.9454506e-201
1.2497496e-202
5.2844784e-204
2.2269034e-205
9.3526127e-207
3.9147943e-208
1.633207e-209
6.7911227e-211
2.814632e-212
1.1627673e-213
4.788136e-215
1.9654132e-216
8.0420366e-218
3.2803026e-219
1.3338541e-220
5.4070443e-222
2.1851402e-223
8.8039368e-225
3.5364135e-226
1.416276e-227
5.6551166e-229
2.251407e-230
8.9370686e-232
3.5373218e-233
1.3960535e-234
5.4939798e-236
2.1559517e-237
8.4365952e-239
3.2921589e-240
1.2811172e-241
4.9716479e-243
1.9240844e-244
7.4262383e-246
2.8585333e-247
1.0973767e-248
4.2016001e-250
1.6044585e-251
6.1108997e-253
2.3214152e-254
8.7958812e-256
3.3242409e-257
1.2531408e-258
4.7120396e-260
1.7673676e-261
6.6124264e-263
2.4678432e-264
9.1876307e-266
3.412125e-267
1.2641175e-268
4.6719284e-270
1.7224856e-271
6.3353276e-273
2.3245502e-274
8.5087529e-276
3.1070666e-277
1.1316402e-278
4.1354112e-280
1.2275103e-281
)
;

boundaryField
{
    inletAnion
    {
        type            calculated;
        value           uniform 0;
    }
    inletCation
    {
        type            calculated;
        value           uniform 0;
    }
    outlet
    {
        type            calculated;
        value           uniform 0;
    }
    walls
    {
        type            calculated;
        value           uniform 0;
    }
    frontAndBack
    {
        type            empty;
    }
}


// ************************************************************************* //
