/*--------------------------------*- C++ -*----------------------------------*\
| =========                 |                                                 |
| \\      /  F ield         | OpenFOAM: The Open Source CFD Toolbox           |
|  \\    /   O peration     | Version:  1912                                  |
|   \\  /    A nd           | Website:  www.openfoam.com                      |
|    \\/     M anipulation  |                                                 |
\*---------------------------------------------------------------------------*/
FoamFile
{
    version     2.0;
    format      ascii;
    class       volScalarField;
    location    "0.4";
    object      p;
}
// * * * * * * * * * * * * * * * * * * * * * * * * * * * * * * * * * * * * * //

dimensions      [1 -1 -2 0 0 0 0];


internalField   nonuniform List<scalar> 
11520
(
0.347771
0.27447311
0.23134785
0.21010004
0.19734667
0.18851133
0.18193686
0.17661152
0.17191354
0.16750491
0.16320799
0.15892992
0.15462662
0.15028532
0.14591488
0.14153963
0.13719458
0.13292116
0.12876357
0.12476527
0.12096608
0.11739981
0.11409276
0.11106299
0.10832031
0.10586683
0.1036979
0.1018033
0.1001685
0.098775854
0.097605697
0.096637215
0.095849164
0.095220402
0.094730261
0.094358814
0.094087058
0.093897053
0.093772036
0.093696516
0.093656363
0.093638898
0.093632936
0.093628822
0.093618408
0.093595021
0.09355338
0.093489494
0.093400594
0.093284788
0.093141127
0.092969409
0.092769974
0.092543609
0.092291436
0.092014813
0.091715247
0.091394333
0.091053698
0.09069496
0.090319695
0.089929416
0.089525556
0.089109462
0.088682388
0.088245488
0.087799826
0.087346369
0.086885998
0.086419508
0.085947613
0.085470957
0.084990115
0.084505601
0.084017872
0.083527333
0.083034344
0.08253922
0.082042241
0.081543651
0.081043665
0.080542471
0.080040235
0.079537099
0.079033186
0.078528602
0.07802344
0.077517784
0.077011708
0.076505271
0.075998528
0.075491525
0.0749843
0.074476886
0.073969312
0.073461599
0.072953771
0.072445846
0.07193784
0.071429766
0.070921632
0.070413445
0.069905217
0.069396957
0.068888673
0.068380368
0.067872045
0.067363707
0.066855357
0.066347002
0.065838642
0.06533028
0.064821916
0.064313548
0.063805178
0.063296806
0.062788432
0.062280057
0.06177168
0.061263302
0.060754922
0.060246538
0.059738147
0.059229749
0.058721345
0.058212938
0.057704531
0.057196126
0.056687722
0.056179321
0.055670921
0.055162525
0.054654131
0.054145739
0.053637347
0.053128953
0.052620557
0.052112162
0.051603768
0.051095379
0.050586991
0.050078604
0.049570215
0.049061823
0.048553429
0.048045036
0.047536643
0.047028253
0.046519864
0.046011474
0.045503081
0.044994686
0.044486291
0.043977898
0.043469508
0.042961121
0.042452736
0.041944352
0.041435966
0.040927576
0.040419183
0.039910786
0.039402387
0.038893988
0.038385591
0.0378772
0.037368816
0.036860437
0.036352063
0.035843691
0.03533532
0.034826947
0.034318572
0.033810194
0.033301814
0.032793434
0.032285055
0.031776676
0.031268298
0.03075992
0.030251543
0.029743168
0.029234796
0.028726425
0.028218056
0.027709687
0.027201318
0.026692947
0.026184572
0.025676193
0.02516781
0.024659425
0.024151037
0.02364265
0.023134261
0.022625872
0.02211748
0.021609085
0.021100685
0.020592281
0.020083873
0.019575463
0.019067053
0.018558645
0.018050241
0.017541841
0.017033446
0.016525053
0.016016661
0.01550827
0.014999878
0.014491485
0.013983091
0.013474695
0.012966297
0.012457897
0.011949494
0.011441088
0.010932679
0.010424267
0.0099158542
0.0094074399
0.0088990253
0.0083906114
0.0078821991
0.007373789
0.0068653814
0.0063569765
0.0058485742
0.0053401741
0.0048317748
0.0043233751
0.0038149739
0.0033065712
0.0027981664
0.0022897539
0.0017813429
0.0012730638
0.00076489768
0.00025528426
0.27731861
0.24865404
0.22478635
0.20944816
0.1986834
0.19035714
0.18364609
0.17798906
0.17295542
0.16826373
0.16374498
0.1593009
0.1548791
0.15045908
0.1460432
0.14165013
0.13731
0.13305982
0.1289394
0.1249878
0.12124052
0.11772733
0.11447092
0.11148636
0.10878113
0.10635582
0.10420495
0.10231819
0.10068143
0.099277925
0.098089165
0.097095707
0.096277743
0.095615553
0.095089817
0.09468183
0.094373653
0.094148238
0.093989526
0.093882557
0.093813563
0.09377007
0.093740971
0.093716573
0.093688614
0.093650241
0.093595964
0.093521562
0.093423949
0.093301116
0.093151698
0.092975423
0.092772441
0.09254336
0.092289152
0.092011044
0.091710441
0.091388845
0.091047807
0.090688885
0.090313603
0.089923433
0.089519775
0.089103947
0.08867718
0.088240613
0.087795296
0.087342188
0.08688216
0.086416001
0.085944423
0.085468066
0.084987505
0.084503252
0.084015763
0.083525446
0.083032658
0.082537718
0.082040904
0.081542464
0.081042613
0.080541541
0.080039414
0.079536376
0.07903255
0.078528042
0.078022949
0.077517354
0.077011331
0.076504942
0.07599824
0.075491273
0.074984079
0.074476693
0.073969141
0.073461449
0.072953638
0.07244573
0.07193774
0.071429679
0.070921556
0.07041338
0.069905162
0.069396912
0.068888636
0.068380337
0.067872018
0.067363683
0.066855338
0.066346987
0.065838631
0.065330271
0.064821908
0.064313542
0.063805172
0.063296801
0.062788427
0.062280052
0.061771675
0.061263298
0.060754918
0.060246534
0.059738142
0.059229744
0.058721341
0.058212935
0.05770453
0.057196126
0.056687723
0.056179322
0.055670923
0.055162526
0.054654132
0.05414574
0.053637347
0.053128952
0.052620556
0.05211216
0.051603767
0.051095378
0.050586991
0.050078604
0.049570215
0.049061822
0.048553428
0.048045035
0.047536644
0.047028256
0.046519867
0.046011477
0.045503083
0.044994688
0.044486292
0.043977899
0.043469509
0.042961122
0.042452738
0.041944353
0.041435966
0.040927576
0.040419183
0.039910786
0.039402386
0.038893987
0.038385591
0.0378772
0.037368816
0.036860438
0.036352064
0.035843693
0.035335321
0.034826948
0.034318573
0.033810194
0.033301814
0.032793434
0.032285055
0.031776676
0.031268298
0.03075992
0.030251543
0.029743168
0.029234796
0.028726425
0.028218056
0.027709688
0.027201319
0.026692947
0.026184572
0.025676192
0.025167808
0.024659422
0.024151035
0.023642647
0.02313426
0.022625871
0.02211748
0.021609085
0.021100686
0.020592281
0.020083872
0.019575462
0.019067052
0.018558645
0.018050242
0.017541843
0.017033449
0.016525056
0.016016665
0.015508274
0.014999883
0.014491491
0.013983097
0.013474702
0.012966306
0.012457907
0.011949505
0.011441101
0.010932693
0.010424284
0.0099158724
0.0094074602
0.0088990482
0.0083906374
0.0078822291
0.0073738238
0.0068654222
0.0063570245
0.0058486306
0.0053402403
0.0048318528
0.0043234674
0.0038150837
0.0033067021
0.0027983222
0.0022899373
0.0017815566
0.0012733176
0.00076528453
0.00025545496
0.24300987
0.23274824
0.22039526
0.20934018
0.20003463
0.19216663
0.18544222
0.17956064
0.17424071
0.16926848
0.1644993
0.15984155
0.15524279
0.15068041
0.1461544
0.14168131
0.13728899
0.13301229
0.12888838
0.12495308
0.121238
0.11776861
0.11456318
0.11163248
0.10898017
0.10660358
0.10449477
0.10264173
0.10102947
0.099641029
0.09845831
0.097462677
0.096635441
0.09595817
0.095412888
0.094982209
0.094649407
0.094398497
0.094214311
0.094082594
0.093990104
0.09392472
0.093875545
0.093832979
0.093788763
0.093735976
0.093669015
0.093583512
0.093476226
0.093344987
0.093188621
0.093006255
0.092798056
0.092564534
0.092306565
0.092025286
0.091722016
0.091398185
0.091055284
0.090694814
0.090318253
0.089927032
0.089522514
0.089105988
0.088678656
0.088241636
0.087795959
0.087342568
0.08688232
0.086415992
0.085944287
0.085467838
0.08498721
0.084502913
0.084015398
0.083525067
0.083032275
0.082537338
0.082040535
0.081542109
0.081042276
0.080541224
0.080039119
0.079536101
0.079032294
0.078527806
0.078022733
0.077517158
0.077011154
0.076504781
0.075998094
0.075491138
0.074983956
0.07447658
0.073969037
0.073461352
0.07295355
0.072445651
0.071937669
0.071429616
0.0709215
0.070413332
0.069905123
0.06939688
0.06888861
0.068380314
0.067871999
0.067363668
0.066855327
0.066346979
0.065838626
0.065330268
0.064821905
0.064313538
0.063805169
0.063296797
0.062788422
0.062280046
0.061771669
0.061263291
0.06075491
0.060246525
0.059738133
0.059229736
0.058721334
0.058212931
0.057704529
0.057196128
0.056687727
0.056179326
0.055670927
0.05516253
0.054654135
0.054145742
0.053637347
0.053128951
0.052620554
0.052112158
0.051603765
0.051095377
0.05058699
0.050078603
0.049570213
0.04906182
0.048553427
0.048045036
0.047536647
0.047028259
0.046519871
0.046011481
0.045503087
0.044994692
0.044486296
0.043977903
0.043469513
0.042961125
0.042452739
0.041944353
0.041435965
0.040927575
0.040419182
0.039910785
0.039402386
0.038893988
0.038385593
0.037877203
0.037368819
0.036860441
0.036352067
0.035843695
0.035335324
0.03482695
0.034318574
0.033810194
0.033301814
0.032793434
0.032285055
0.031776676
0.031268298
0.03075992
0.030251543
0.029743169
0.029234797
0.028726426
0.028218057
0.027709688
0.027201318
0.026692945
0.026184568
0.025676186
0.025167801
0.024659415
0.024151028
0.023642642
0.023134255
0.022625868
0.022117478
0.021609083
0.021100684
0.020592279
0.020083871
0.019575461
0.019067052
0.018558646
0.018050244
0.017541846
0.017033452
0.01652506
0.016016669
0.015508279
0.014999888
0.014491496
0.013983103
0.013474709
0.012966314
0.012457916
0.011949516
0.011441114
0.010932709
0.010424301
0.0099158919
0.0094074819
0.0088990725
0.0083906652
0.0078822611
0.0073738609
0.0068654653
0.0063570747
0.005848689
0.0053403083
0.0048319322
0.0043235604
0.003815193
0.0033068306
0.0027984729
0.0022901132
0.0017817522
0.001273511
0.00076554096
0.00025553622
0.22775152
0.22329934
0.21625056
0.2082749
0.20057712
0.19351683
0.18710025
0.18122166
0.17574364
0.17053931
0.16551041
0.16058973
0.15573842
0.15094237
0.14620729
0.14155453
0.13701582
0.13262817
0.12842985
0.12445593
0.12073529
0.11728909
0.11413021
0.11126342
0.10868629
0.10639037
0.10436266
0.10258694
0.10104507
0.099717961
0.098586303
0.097631109
0.09683398
0.096177262
0.095644079
0.09521831
0.094884552
0.094628095
0.094434937
0.094291842
0.094186423
0.094107247
0.094043951
0.093987331
0.093929415
0.093863489
0.093784079
0.093686903
0.093568783
0.09342753
0.093261822
0.093071113
0.092855302
0.092614884
0.092350719
0.0920639
0.091755696
0.091427488
0.091080718
0.090716838
0.090337282
0.089943438
0.089536628
0.089118104
0.088689035
0.088250509
0.087803529
0.087349012
0.086887792
0.086420629
0.085948207
0.085471142
0.084989989
0.084505243
0.084017346
0.083526689
0.083033622
0.082538452
0.082041453
0.081542862
0.081042892
0.080541725
0.080039523
0.079536424
0.079032549
0.078528006
0.078022889
0.077517278
0.077011244
0.076504846
0.075998137
0.075491164
0.074983967
0.074476578
0.073969025
0.073461334
0.072953528
0.072445625
0.071937642
0.071429588
0.070921475
0.070413311
0.069905106
0.069396867
0.068888598
0.068380305
0.067871991
0.067363664
0.066855326
0.066346981
0.065838629
0.06533027
0.064821907
0.064313539
0.063805168
0.063296795
0.062788419
0.062280041
0.061771662
0.061263282
0.0607549
0.060246513
0.059738121
0.059229725
0.058721327
0.058212929
0.057704531
0.057196132
0.056687732
0.056179332
0.055670932
0.055162535
0.054654139
0.054145744
0.053637348
0.05312895
0.052620552
0.052112156
0.051603764
0.051095375
0.050586988
0.0500786
0.04957021
0.049061818
0.048553427
0.048045037
0.04753665
0.047028264
0.046519877
0.046011487
0.045503093
0.044994698
0.044486303
0.043977909
0.043469518
0.042961129
0.04245274
0.041944352
0.041435963
0.040927573
0.040419181
0.039910785
0.039402388
0.038893992
0.038385598
0.037877208
0.037368824
0.036860446
0.036352071
0.035843699
0.035335327
0.034826952
0.034318574
0.033810195
0.033301814
0.032793434
0.032285055
0.031776676
0.031268298
0.030759921
0.030251545
0.02974317
0.029234798
0.028726427
0.028218056
0.027709686
0.027201315
0.02669294
0.02618456
0.025676177
0.025167791
0.024659404
0.024151018
0.023642633
0.023134248
0.022625861
0.022117472
0.021609078
0.021100679
0.020592275
0.020083868
0.019575459
0.019067052
0.018558647
0.018050245
0.017541848
0.017033454
0.016525062
0.016016672
0.015508282
0.014999891
0.014491499
0.013983107
0.013474714
0.012966319
0.012457923
0.011949525
0.011441125
0.010932721
0.010424315
0.0099159074
0.009407499
0.0088990917
0.0083906872
0.0078822864
0.0073738901
0.0068654988
0.006357113
0.0058487329
0.0053403585
0.0048319895
0.0043236259
0.0038152678
0.003306915
0.0027985662
0.0022902146
0.0017818545
0.0012735578
0.00076552732
0.00025551759
0.21904385
0.21688114
0.21257069
0.2068677
0.20074075
0.19464948
0.18873691
0.18302835
0.1774997
0.17210692
0.16680656
0.16156777
0.15637671
0.15123944
0.14617688
0.14122431
0.13642598
0.13182758
0.127473
0.12339935
0.119634
0.11619349
0.11308371
0.11030097
0.10783367
0.10566431
0.10377142
0.10213144
0.10072018
0.099513954
0.098490306
0.097628388
0.09690908
0.096314906
0.095829852
0.095439121
0.095128898
0.094886181
0.094698664
0.094554715
0.094443397
0.094354547
0.09427888
0.09420809
0.09413493
0.094053265
0.093958075
0.093845422
0.093712382
0.093556947
0.093377903
0.093174736
0.092947464
0.09269658
0.092422885
0.092127447
0.091811495
0.091476356
0.09112341
0.090754049
0.090369645
0.089971523
0.089560952
0.089139128
0.088707172
0.088266126
0.087816951
0.087360525
0.086897649
0.086429051
0.085955388
0.085477253
0.084995179
0.08450964
0.084021063
0.083529824
0.08303626
0.082540667
0.082043308
0.081544414
0.081044185
0.080542799
0.08004041
0.079537153
0.079033145
0.078528492
0.078023282
0.077517595
0.077011497
0.076505046
0.075998293
0.075491283
0.074984055
0.07447664
0.073969067
0.07346136
0.072953542
0.072445629
0.071937638
0.071429579
0.070921464
0.070413301
0.069905097
0.069396858
0.06888859
0.068380297
0.067871986
0.067363662
0.066855328
0.066346984
0.065838633
0.065330273
0.064821908
0.064313539
0.063805167
0.063296792
0.062788414
0.062280035
0.061771654
0.061263271
0.060754886
0.060246498
0.059738107
0.059229714
0.05872132
0.058212927
0.057704533
0.057196137
0.056687739
0.056179339
0.055670939
0.055162541
0.054654144
0.054145747
0.053637349
0.05312895
0.052620551
0.052112155
0.051603762
0.051095373
0.050586984
0.050078595
0.049570206
0.049061815
0.048553426
0.04804504
0.047536655
0.04702827
0.046519883
0.046011494
0.045503101
0.044994706
0.044486312
0.043977918
0.043469525
0.042961132
0.042452741
0.041944351
0.041435961
0.040927571
0.04041918
0.039910787
0.039402392
0.038893998
0.038385605
0.037877216
0.037368832
0.036860452
0.036352077
0.035843704
0.03533533
0.034826954
0.034318575
0.033810195
0.033301814
0.032793434
0.032285055
0.031776677
0.031268299
0.030759922
0.030251546
0.029743172
0.029234799
0.028726427
0.028218055
0.027709683
0.027201309
0.026692932
0.026184549
0.025676164
0.025167777
0.02465939
0.024151004
0.02364262
0.023134236
0.022625851
0.022117463
0.021609069
0.021100671
0.020592269
0.020083863
0.019575456
0.01906705
0.018558647
0.018050246
0.017541849
0.017033455
0.016525064
0.016016673
0.015508283
0.014999892
0.0144915
0.013983108
0.013474716
0.012966322
0.012457928
0.011949531
0.011441131
0.010932729
0.010424324
0.0099159172
0.0094075099
0.008899104
0.0083907011
0.0078823022
0.0073739078
0.0068655185
0.0063571347
0.005848757
0.0053403848
0.0048320177
0.0043236555
0.0038152976
0.0033069427
0.0027985875
0.0022902241
0.0017818429
0.0012734639
0.00076529401
0.0002554417
0.21376353
0.21260137
0.20982111
0.20569118
0.20084052
0.19565187
0.19029673
0.18485613
0.17936697
0.1738406
0.1682793
0.16269022
0.15709044
0.15151227
0.14600517
0.14062897
0.13544922
0.13053161
0.12593232
0.12169368
0.1178432
0.1143926
0.11133899
0.10866733
0.10635334
0.10436663
0.10267347
0.10123926
0.10003047
0.099015971
0.098167788
0.097461439
0.09687583
0.096392923
0.095997253
0.095675403
0.095415498
0.0952068
0.095039404
0.094904056
0.094792072
0.094695346
0.094606407
0.094518505
0.0944257
0.094322921
0.094205997
0.094071649
0.093917449
0.093741742
0.093543565
0.093322546
0.093078801
0.09281283
0.092525435
0.092217631
0.091890576
0.09154552
0.091183755
0.090806582
0.090415279
0.090011083
0.089595178
0.089168683
0.088732646
0.088288043
0.087835772
0.087376658
0.086911452
0.086440838
0.085965433
0.085485797
0.08500243
0.084515782
0.084026254
0.083534203
0.083039946
0.082543763
0.082045903
0.081546583
0.081045993
0.0805443
0.08004165
0.079538173
0.079033981
0.078529173
0.078023834
0.07751804
0.077011853
0.076505328
0.075998514
0.075491454
0.074984184
0.074476737
0.073969138
0.073461411
0.072953574
0.072445648
0.071937645
0.071429579
0.070921459
0.070413292
0.069905086
0.069396846
0.068888577
0.068380286
0.067871978
0.067363657
0.066855326
0.066346983
0.065838632
0.065330272
0.064821906
0.064313536
0.063805162
0.063296786
0.062788407
0.062280026
0.061771644
0.061263259
0.060754872
0.060246484
0.059738094
0.059229703
0.058721314
0.058212925
0.057704534
0.057196141
0.056687744
0.056179345
0.055670946
0.055162547
0.054654148
0.05414575
0.053637351
0.053128951
0.052620552
0.052112155
0.051603761
0.05109537
0.05058698
0.050078591
0.049570202
0.049061813
0.048553427
0.048045043
0.04753666
0.047028276
0.04651989
0.046011501
0.045503109
0.044994716
0.044486321
0.043977927
0.043469531
0.042961136
0.042452742
0.04194435
0.04143596
0.040927571
0.040419181
0.039910791
0.039402398
0.038894006
0.038385614
0.037877225
0.03736884
0.03686046
0.036352084
0.035843709
0.035335334
0.034826957
0.034318577
0.033810195
0.033301814
0.032793435
0.032285056
0.031776678
0.031268301
0.030759924
0.030251549
0.029743174
0.0292348
0.028726427
0.028218053
0.027709679
0.027201302
0.026692921
0.026184536
0.025676148
0.02516776
0.024659373
0.024150988
0.023642605
0.023134222
0.022625838
0.02211745
0.021609059
0.021100662
0.020592261
0.020083858
0.019575452
0.019067048
0.018558645
0.018050246
0.017541849
0.017033455
0.016525063
0.016016672
0.015508281
0.01499989
0.014491499
0.013983107
0.013474715
0.012966322
0.012457928
0.011949532
0.011441134
0.010932732
0.010424327
0.0099159204
0.0094075135
0.008899108
0.0083907052
0.007882306
0.0073739112
0.0068655213
0.0063571368
0.0058487577
0.0053403833
0.0048320127
0.0043236449
0.0038152784
0.0033069105
0.0027985361
0.0022901455
0.0017817266
0.0012732651
0.00076493706
0.00025533355
0.21070808
0.20999387
0.20806866
0.2049629
0.20104973
0.19660175
0.1917627
0.18661665
0.18121705
0.17559938
0.16979369
0.16383365
0.15776817
0.15166259
0.14560048
0.13967824
0.13399665
0.1286498
0.12371479
0.11924642
0.11527343
0.11180184
0.10881782
0.10629173
0.10418272
0.10244334
0.10102352
0.099873792
0.098947785
0.098203896
0.097606177
0.097124576
0.09673466
0.096416989
0.096156289
0.095940559
0.095760232
0.095607445
0.095475477
0.095358339
0.095250521
0.095146879
0.095042608
0.094933291
0.094814963
0.094684188
0.094538103
0.094374447
0.094191555
0.093988325
0.093764173
0.093518959
0.09325292
0.092966595
0.092660759
0.092336354
0.091994441
0.091636152
0.091262653
0.090875113
0.090474681
0.090062472
0.08963955
0.089206923
0.088765542
0.08831629
0.087859984
0.087397373
0.086929143
0.086455918
0.085978262
0.085496688
0.085011659
0.084523587
0.084032841
0.083539751
0.083044608
0.082547672
0.082049173
0.081549311
0.08104826
0.080546177
0.080043199
0.079539445
0.079035019
0.078530016
0.078024515
0.077518586
0.077012289
0.076505673
0.075998784
0.075491663
0.074984345
0.074476859
0.07396923
0.073461477
0.072953619
0.072445675
0.071937658
0.071429581
0.070921453
0.07041328
0.06990507
0.069396827
0.068888559
0.06838027
0.067871965
0.067363646
0.066855316
0.066346975
0.065838623
0.065330264
0.064821897
0.064313527
0.063805153
0.063296777
0.062788398
0.062280017
0.061771633
0.061263247
0.060754859
0.060246471
0.059738083
0.059229695
0.058721309
0.058212922
0.057704534
0.057196143
0.056687748
0.056179351
0.055670952
0.055162553
0.054654154
0.054145755
0.053637355
0.053128954
0.052620554
0.052112156
0.051603761
0.051095368
0.050586977
0.050078587
0.049570199
0.049061812
0.048553428
0.048045046
0.047536664
0.04702828
0.046519895
0.046011507
0.045503117
0.044994725
0.044486331
0.043977935
0.043469538
0.04296114
0.042452744
0.04194435
0.04143596
0.040927572
0.040419185
0.039910796
0.039402406
0.038894015
0.038385624
0.037877236
0.03736885
0.036860469
0.036352092
0.035843716
0.035335339
0.034826959
0.034318578
0.033810196
0.033301816
0.032793436
0.032285058
0.03177668
0.031268303
0.030759926
0.030251551
0.029743176
0.0292348
0.028726425
0.02821805
0.027709672
0.027201291
0.026692907
0.026184519
0.025676129
0.02516774
0.024659353
0.024150969
0.023642587
0.023134205
0.022625822
0.022117436
0.021609046
0.021100651
0.020592252
0.02008385
0.019575447
0.019067044
0.018558643
0.018050244
0.017541848
0.017033454
0.016525061
0.016016669
0.015508277
0.014999886
0.014491494
0.013983103
0.013474711
0.012966319
0.012457925
0.011949529
0.01144113
0.010932728
0.010424324
0.0099159167
0.0094075094
0.0088991029
0.0083906985
0.0078822971
0.0073738997
0.006865507
0.006357119
0.0058487352
0.0053403545
0.0048319754
0.0043235963
0.0038152147
0.0033068265
0.0027984254
0.00229
0.0017815376
0.0012730089
0.00076454122
0.00025520491
0.20915453
0.20865169
0.20720899
0.20475627
0.20150247
0.19762204
0.1932099
0.18832823
0.18301942
0.17731889
0.17126384
0.16490454
0.15831315
0.15158824
0.14485526
0.13825902
0.13194909
0.12606152
0.12070379
0.11594744
0.11182511
0.10833409
0.10544619
0.10311298
0.10127247
0.09985562
0.098791758
0.098012725
0.097455971
0.097066592
0.096798369
0.096613942
0.096484325
0.096387954
0.096309461
0.096238369
0.096167824
0.096093494
0.096012659
0.095923508
0.095824663
0.095714882
0.095592917
0.095457491
0.095307324
0.095141203
0.094958059
0.094757027
0.094537489
0.094299098
0.094041777
0.093765704
0.093471278
0.093159086
0.092829862
0.092484452
0.09212378
0.09174882
0.091360566
0.090960017
0.090548155
0.090125931
0.089694257
0.089254
0.08880598
0.088350962
0.087889659
0.087422726
0.086950764
0.086474321
0.085993898
0.085509947
0.085022881
0.084533066
0.084040832
0.083546471
0.083050248
0.082552396
0.082053118
0.081552595
0.081050985
0.08054843
0.080045054
0.079540965
0.079036259
0.078531021
0.078025326
0.077519238
0.077012808
0.076506083
0.075999105
0.075491913
0.074984539
0.074477008
0.073969342
0.073461558
0.072953675
0.07244571
0.071937677
0.071429587
0.070921447
0.070413266
0.06990505
0.069396805
0.068888537
0.068380248
0.067871944
0.067363627
0.066855298
0.066346957
0.065838607
0.065330247
0.064821882
0.064313512
0.06380514
0.063296765
0.062788387
0.062280005
0.061771622
0.061263236
0.060754849
0.060246461
0.059738074
0.059229689
0.058721304
0.058212919
0.057704533
0.057196144
0.056687751
0.056179355
0.055670957
0.055162559
0.05465416
0.05414576
0.05363736
0.053128959
0.052620558
0.052112158
0.051603761
0.051095366
0.050586974
0.050078584
0.049570197
0.049061812
0.04855343
0.048045048
0.047536667
0.047028284
0.046519899
0.046011512
0.045503123
0.044994732
0.044486339
0.043977942
0.043469543
0.042961144
0.042452747
0.041944353
0.041435963
0.040927576
0.04041919
0.039910803
0.039402415
0.038894025
0.038385635
0.037877247
0.037368861
0.03686048
0.036352101
0.035843723
0.035335344
0.034826963
0.034318581
0.033810199
0.033301818
0.032793439
0.03228506
0.031776682
0.031268305
0.030759929
0.030251553
0.029743177
0.0292348
0.028726423
0.028218044
0.027709663
0.027201278
0.02669289
0.0261845
0.025676109
0.025167719
0.024659332
0.024150949
0.023642567
0.023134187
0.022625805
0.02211742
0.021609031
0.021100638
0.020592241
0.020083841
0.019575439
0.019067039
0.018558639
0.018050241
0.017541845
0.017033451
0.016525057
0.016016664
0.015508271
0.014999879
0.014491487
0.013983096
0.013474705
0.012966312
0.012457918
0.011949522
0.011441122
0.01093272
0.010424315
0.0099159068
0.0094074978
0.008899089
0.0083906817
0.0078822767
0.0073738751
0.0068654777
0.0063570841
0.005848693
0.0053403028
0.0048319118
0.004323518
0.0038151179
0.0033067066
0.0027982769
0.0022898173
0.0017813148
0.0012727405
0.00076417081
0.00025507065
0.20869055
0.2082959
0.20713609
0.2051027
0.20230397
0.19883711
0.19475398
0.19007721
0.18482453
0.17901411
0.1726748
0.16585914
0.15865465
0.1511918
0.1436457
0.13622427
0.12914357
0.12259797
0.11673564
0.11164588
0.10736713
0.10388102
0.10113911
0.099067944
0.097578536
0.096575111
0.095961971
0.095648612
0.095553365
0.095605724
0.095747474
0.095932751
0.096127277
0.096307027
0.096456563
0.09656724
0.096635472
0.096661182
0.096646489
0.096594669
0.096509402
0.096394256
0.096252387
0.096086422
0.095898435
0.095690002
0.095462303
0.095216229
0.09495248
0.094671655
0.094374314
0.094061026
0.093732395
0.093389062
0.093031712
0.092661069
0.092277888
0.091882948
0.091477034
0.091060932
0.090635415
0.090201236
0.089759126
0.08930978
0.08885386
0.088391989
0.087924751
0.087452689
0.086976301
0.086496048
0.086012349
0.085525589
0.085036116
0.084544242
0.084050249
0.08355439
0.083056892
0.082557957
0.082057759
0.081556456
0.081054188
0.080551079
0.080047236
0.079542754
0.079037719
0.078532207
0.078026286
0.077520011
0.077013425
0.076506572
0.075999491
0.075492216
0.074984775
0.07447719
0.073969479
0.073461658
0.072953746
0.072445758
0.071937705
0.071429597
0.070921444
0.070413253
0.069905031
0.069396783
0.068888513
0.068380224
0.067871919
0.067363601
0.066855272
0.066346932
0.065838582
0.065330224
0.06482186
0.064313492
0.063805122
0.063296749
0.062788373
0.062279993
0.061771611
0.061263226
0.060754841
0.060246454
0.059738069
0.059229684
0.0587213
0.058212916
0.057704531
0.057196143
0.056687752
0.056179358
0.055670962
0.055162564
0.054654166
0.054145767
0.053637366
0.053128964
0.052620562
0.052112161
0.051603762
0.051095366
0.050586973
0.050078584
0.049570197
0.049061813
0.048553431
0.04804505
0.047536668
0.047028285
0.046519901
0.046011515
0.045503127
0.044994737
0.044486344
0.043977948
0.043469548
0.042961149
0.042452751
0.041944358
0.041435969
0.040927583
0.040419198
0.039910813
0.039402425
0.038894037
0.038385647
0.037877259
0.037368873
0.036860491
0.03635211
0.035843731
0.03533535
0.034826968
0.034318585
0.033810203
0.033301821
0.032793442
0.032285063
0.031776684
0.031268307
0.030759931
0.030251554
0.029743177
0.029234799
0.028726419
0.028218037
0.027709651
0.027201263
0.026692871
0.026184478
0.025676086
0.025167697
0.02465931
0.024150927
0.023642547
0.023134167
0.022625786
0.022117402
0.021609015
0.021100623
0.020592228
0.020083829
0.019575431
0.019067032
0.018558634
0.018050238
0.017541842
0.017033447
0.016525052
0.016016657
0.015508263
0.01499987
0.014491478
0.013983087
0.013474695
0.012966302
0.012457908
0.011949511
0.011441111
0.010932708
0.010424301
0.0099158911
0.0094074796
0.0088990676
0.0083906565
0.0078822473
0.0073738407
0.0068654372
0.0063570362
0.005848636
0.0053402347
0.0048318306
0.0043234211
0.0038150022
0.0033065685
0.0027981127
0.0022896244
0.0017810915
0.0012724923
0.00076386172
0.00025494507
0.20908645
0.20875353
0.20776939
0.20601271
0.20353028
0.20036301
0.19651646
0.19197711
0.18672732
0.18075458
0.1740644
0.16669786
0.15874865
0.15037849
0.14182424
0.1333797
0.12535356
0.11801949
0.11157688
0.10613575
0.10172073
0.098299016
0.095789231
0.094082615
0.093055408
0.092579089
0.092528416
0.092787249
0.093252541
0.093836752
0.094468858
0.095094169
0.095673168
0.096179708
0.09659883
0.096924416
0.097156948
0.097301467
0.097365823
0.097359275
0.097291423
0.097171455
0.097007682
0.096807296
0.096576292
0.096319514
0.096040781
0.095743039
0.095428536
0.095098979
0.094755677
0.094399656
0.094031753
0.093652675
0.093263049
0.092863457
0.092454462
0.092036614
0.091610456
0.09117653
0.09073537
0.090287501
0.089833438
0.089373679
0.088908709
0.088438993
0.087964962
0.08748703
0.087005579
0.086520965
0.086033519
0.085543544
0.085051315
0.084557082
0.084061075
0.0835635
0.083064541
0.082564362
0.082063108
0.081560912
0.08105789
0.080554144
0.080049766
0.079544833
0.079039422
0.078533598
0.078027417
0.077520923
0.077014158
0.076507157
0.075999956
0.075492583
0.074985063
0.074477412
0.073969646
0.073461783
0.072953837
0.072445821
0.071937745
0.071429618
0.07092145
0.070413248
0.069905019
0.069396766
0.068888491
0.068380197
0.06787189
0.06736357
0.06685524
0.066346901
0.065838552
0.065330195
0.064821834
0.064313469
0.063805102
0.063296732
0.062788358
0.06227998
0.0617716
0.061263218
0.060754835
0.06024645
0.059738065
0.05922968
0.058721296
0.058212912
0.057704528
0.057196143
0.056687754
0.056179362
0.055670967
0.055162571
0.054654173
0.054145774
0.053637373
0.053128971
0.052620567
0.052112165
0.051603765
0.051095368
0.050586975
0.050078585
0.049570199
0.049061815
0.048553433
0.04804505
0.047536668
0.047028285
0.0465199
0.046011515
0.045503129
0.04499474
0.044486348
0.043977951
0.043469552
0.042961154
0.042452757
0.041944365
0.041435978
0.040927592
0.040419208
0.039910823
0.039402437
0.038894049
0.03838566
0.037877271
0.037368886
0.036860502
0.036352121
0.03584374
0.035335357
0.034826974
0.034318591
0.033810208
0.033301826
0.032793445
0.032285065
0.031776687
0.031268309
0.030759933
0.030251556
0.029743177
0.029234796
0.028726413
0.028218026
0.027709637
0.027201244
0.02669285
0.026184456
0.025676063
0.025167673
0.024659288
0.024150905
0.023642525
0.023134146
0.022625766
0.022117383
0.021608997
0.021100607
0.020592213
0.020083817
0.019575421
0.019067024
0.018558628
0.018050232
0.017541837
0.017033441
0.016525044
0.016016649
0.015508254
0.01499986
0.014491468
0.013983076
0.013474684
0.01296629
0.012457895
0.011949498
0.011441097
0.010932692
0.010424283
0.0099158706
0.0094074562
0.0088990409
0.008390626
0.0078822121
0.0073737998
0.0068653893
0.0063569799
0.0058485699
0.0053401575
0.0048317406
0.0043233163
0.0038148802
0.0033064269
0.0027979501
0.0022894409
0.0017808887
0.0012722809
0.0007636239
0.00025483732
0.21020603
0.20991325
0.20904795
0.20748493
0.20523126
0.20228441
0.19860889
0.19415057
0.18884856
0.182647
0.17551176
0.1674566
0.15856961
0.14904463
0.13920253
0.12946176
0.12026527
0.11199503
0.10491003
0.099130064
0.09465621
0.09141324
0.08927306
0.088078782
0.087662154
0.087855409
0.088499594
0.08945049
0.090582509
0.091790837
0.092992056
0.094123465
0.095141385
0.096018746
0.096742286
0.097309622
0.097726444
0.098003971
0.098156761
0.098200924
0.098152768
0.098027798
0.097840079
0.097601881
0.097323555
0.097013564
0.096678641
0.096324006
0.095953616
0.0955704
0.095176487
0.09477341
0.094362259
0.093943812
0.093518632
0.093087148
0.092649706
0.092206604
0.091758124
0.091304536
0.090846113
0.090383128
0.089915863
0.089444603
0.088969633
0.088491234
0.088009685
0.087525254
0.087038195
0.086548751
0.086057151
0.085563606
0.085068316
0.084571463
0.084073216
0.083573729
0.08307314
0.082571573
0.082069142
0.081565948
0.081062083
0.080557626
0.080052647
0.079547212
0.07904138
0.078535203
0.078028727
0.077521987
0.077015017
0.076507848
0.07600051
0.075493024
0.074985408
0.074477679
0.07396985
0.073461937
0.072953952
0.072445904
0.071937802
0.071429654
0.070921469
0.070413255
0.069905016
0.069396754
0.068888472
0.068380173
0.06787186
0.067363538
0.066855207
0.066346867
0.065838519
0.065330164
0.064821806
0.064313444
0.06380508
0.063296713
0.062788341
0.062279967
0.06177159
0.061263211
0.060754831
0.060246448
0.059738063
0.059229678
0.058721294
0.058212911
0.057704528
0.057196143
0.056687756
0.056179365
0.055670972
0.055162577
0.05465418
0.054145781
0.05363738
0.053128977
0.052620573
0.05211217
0.051603769
0.051095372
0.050586978
0.050078589
0.049570202
0.049061817
0.048553433
0.048045049
0.047536666
0.047028282
0.046519898
0.046011513
0.045503128
0.04499474
0.044486348
0.043977953
0.043469556
0.042961159
0.042452765
0.041944375
0.041435988
0.040927604
0.04041922
0.039910835
0.039402449
0.038894061
0.038385673
0.037877285
0.037368899
0.036860515
0.036352132
0.03584375
0.035335366
0.034826982
0.034318598
0.033810214
0.033301832
0.032793449
0.032285068
0.031776689
0.031268312
0.030759934
0.030251556
0.029743175
0.029234791
0.028726404
0.028218013
0.02770962
0.027201224
0.026692828
0.026184432
0.02567604
0.02516765
0.024659265
0.024150883
0.023642504
0.023134125
0.022625746
0.022117364
0.021608979
0.02110059
0.020592198
0.020083805
0.01957541
0.019067016
0.018558621
0.018050225
0.01754183
0.017033433
0.016525036
0.01601664
0.015508244
0.01499985
0.014491457
0.013983064
0.013474671
0.012966277
0.012457881
0.011949483
0.01144108
0.010932673
0.010424262
0.0099158471
0.00940743
0.0088990115
0.0083905925
0.0078821736
0.0073737552
0.0068653375
0.0063569197
0.0058485004
0.0053400777
0.0048316492
0.0043232118
0.0038147612
0.0033062925
0.0027978005
0.002289278
0.0017807164
0.0012721104
0.00076345053
0.00025475049
0.21196132
0.21169887
0.21092466
0.20951334
0.20744336
0.20467611
0.20113661
0.19672527
0.19132788
0.18482916
0.17713338
0.16820417
0.15810488
0.14706484
0.13553143
0.12411555
0.11346189
0.10410076
0.096351475
0.090316274
0.085935429
0.083059951
0.081491948
0.081010177
0.081392109
0.082425425
0.083914972
0.085687781
0.087596243
0.089519557
0.091363676
0.093059921
0.094562551
0.095845623
0.096899475
0.097727157
0.098341044
0.09875978
0.099005666
0.099102522
0.099074044
0.098942608
0.098728472
0.09844933
0.09812015
0.097753215
0.097358323
0.096943078
0.096513218
0.096072946
0.095625247
0.095172171
0.094715067
0.094254781
0.093791808
0.093326408
0.092858699
0.092388714
0.091916453
0.091441904
0.090965061
0.090485936
0.090004564
0.089521004
0.089035329
0.088547634
0.088058024
0.087566615
0.087073531
0.08657889
0.086082818
0.085585427
0.085086834
0.084587151
0.084086483
0.083584926
0.08308257
0.082579498
0.082075788
0.08157151
0.081066727
0.080561494
0.08005586
0.079549874
0.07904358
0.078537015
0.078030212
0.077523199
0.077016002
0.076508647
0.076001153
0.075493537
0.074985813
0.074477994
0.073970095
0.073462126
0.072954096
0.072446011
0.071937879
0.071429708
0.070921505
0.070413276
0.069905025
0.069396751
0.068888459
0.068380152
0.067871835
0.06736351
0.066855176
0.066346835
0.065838487
0.065330134
0.064821779
0.06431342
0.063805059
0.063296693
0.062788324
0.062279953
0.06177158
0.061263205
0.060754827
0.060246446
0.059738062
0.059229677
0.058721293
0.058212911
0.057704529
0.057196146
0.05668776
0.05617937
0.055670977
0.055162583
0.054654187
0.054145788
0.053637387
0.053128984
0.05262058
0.052112177
0.051603776
0.051095378
0.050586984
0.050078593
0.049570205
0.049061818
0.048553432
0.048045047
0.047536662
0.047028277
0.046519893
0.046011509
0.045503124
0.044994736
0.044486346
0.043977953
0.043469559
0.042961166
0.042452775
0.041944387
0.041436001
0.040927616
0.040419232
0.039910848
0.039402461
0.038894074
0.038385686
0.037877298
0.037368912
0.036860528
0.036352145
0.035843762
0.035335377
0.034826992
0.034318607
0.033810222
0.033301838
0.032793454
0.032285072
0.031776692
0.031268314
0.030759935
0.030251554
0.029743171
0.029234783
0.028726392
0.028217998
0.027709601
0.027201202
0.026692805
0.026184409
0.025676016
0.025167627
0.024659242
0.024150861
0.023642483
0.023134105
0.022625726
0.022117345
0.02160896
0.021100573
0.020592183
0.020083791
0.019575399
0.019067006
0.018558612
0.018050217
0.017541821
0.017033425
0.016525028
0.016016631
0.015508234
0.014999839
0.014491445
0.013983051
0.013474658
0.012966264
0.012457867
0.011949467
0.011441063
0.010932654
0.01042424
0.0099158226
0.0094074029
0.0088989812
0.008390558
0.0078821338
0.0073737094
0.006865285
0.0063568598
0.0058484321
0.0053400001
0.0048315615
0.0043231132
0.0038146514
0.0033061717
0.0027976697
0.0022891401
0.001780576
0.0012719775
0.00076332785
0.00025468341
0.21428417
0.21404964
0.21335874
0.21208824
0.21019325
0.20760243
0.20420025
0.199835
0.1943254
0.18747441
0.17909162
0.16905315
0.15736054
0.14428689
0.13049081
0.11689431
0.10444826
0.0938791
0.085542078
0.079455615
0.075427808
0.073197478
0.072469237
0.072942617
0.074335755
0.076391075
0.078878615
0.081599038
0.084385417
0.08710378
0.089652322
0.091959257
0.093979563
0.095690996
0.097089804
0.09818645
0.099001635
0.099562755
0.099900871
0.10004828
0.10003664
0.099895568
0.099651775
0.099328536
0.098945528
0.098518897
0.098061522
0.097583381
0.097091978
0.096592773
0.096089587
0.095584968
0.095080513
0.094577118
0.094075196
0.093574829
0.093075895
0.09257816
0.092081332
0.091585108
0.0910892
0.090593355
0.090097355
0.089601024
0.089104224
0.088606855
0.088108851
0.08761017
0.087110792
0.086610709
0.08610996
0.085608539
0.085106482
0.084603825
0.084100608
0.083596869
0.08309265
0.08258799
0.082082928
0.081577501
0.081071742
0.080565683
0.080059352
0.079552778
0.079045988
0.078539004
0.078031849
0.077524543
0.077017102
0.076509543
0.076001878
0.075494118
0.074986274
0.074478358
0.073970381
0.07346235
0.072954269
0.072446144
0.071937978
0.071429781
0.070921557
0.07041331
0.069905043
0.069396756
0.068888454
0.068380139
0.067871816
0.067363487
0.06685515
0.066346807
0.065838459
0.065330108
0.064821755
0.064313398
0.063805038
0.063296673
0.062788306
0.062279939
0.06177157
0.061263199
0.060754824
0.060246444
0.059738061
0.059229677
0.058721295
0.058212915
0.057704534
0.057196151
0.056687765
0.056179375
0.055670983
0.055162589
0.054654193
0.054145795
0.053637395
0.053128992
0.052620588
0.052112185
0.051603784
0.051095387
0.050586992
0.050078599
0.049570208
0.049061818
0.04855343
0.048045043
0.047536657
0.047028271
0.046519887
0.046011502
0.045503117
0.044994731
0.044486343
0.043977953
0.043469562
0.042961173
0.042452785
0.041944399
0.041436014
0.040927629
0.040419245
0.03991086
0.039402474
0.038894087
0.0383857
0.037877313
0.037368927
0.036860543
0.036352159
0.035843775
0.035335389
0.034827003
0.034318618
0.033810232
0.033301845
0.03279346
0.032285077
0.031776696
0.031268315
0.030759934
0.030251551
0.029743164
0.029234773
0.028726378
0.02821798
0.02770958
0.02720118
0.026692782
0.026184385
0.025675992
0.025167604
0.024659221
0.02415084
0.023642462
0.023134085
0.022625706
0.022117325
0.021608941
0.021100555
0.020592167
0.020083778
0.019575387
0.019066994
0.018558602
0.018050208
0.017541812
0.017033416
0.016525019
0.016016621
0.015508224
0.014999828
0.014491433
0.013983039
0.013474645
0.012966251
0.012457853
0.011949451
0.011441045
0.010932634
0.010424218
0.0099157986
0.0094073762
0.0088989511
0.0083905237
0.0078820946
0.0073736648
0.0068652346
0.006356803
0.0058483681
0.005339928
0.0048314809
0.0043230242
0.0038145543
0.0033060673
0.0027975595
0.002289027
0.0017804645
0.0012718757
0.00076324191
0.00025463288
0.2171121
0.21690836
0.21630816
0.21519286
0.21349698
0.21111776
0.2078969
0.20362221
0.19802725
0.19080235
0.18161233
0.1701842
0.15638288
0.14054431
0.12370984
0.10732389
0.092787786
0.081046654
0.072401889
0.066660378
0.063353518
0.062115585
0.062518618
0.064182203
0.066774732
0.07000153
0.073604882
0.077364824
0.081099428
0.084664915
0.087954629
0.090896376
0.093448397
0.095594519
0.097339007
0.098701552
0.09971267
0.10040965
0.10083318
0.1010246
0.10102388
0.10086809
0.10059043
0.10021972
0.099780277
0.099291984
0.098770687
0.098228625
0.097674965
0.097116335
0.096557324
0.09600093
0.095448951
0.094902313
0.094361323
0.093825875
0.093295603
0.092769997
0.092248476
0.091730447
0.091215345
0.090702646
0.090191884
0.08968265
0.089174596
0.088667431
0.088160914
0.087654848
0.087149077
0.086643481
0.086137936
0.085632395
0.085126796
0.084621095
0.084115265
0.083609288
0.083103153
0.082596858
0.082090401
0.081583787
0.081077019
0.080570103
0.080063047
0.079555859
0.079048549
0.078541127
0.078033605
0.07752599
0.077018291
0.076510515
0.076002667
0.075494753
0.074986783
0.074478765
0.073970704
0.073462606
0.07295447
0.072446299
0.071938097
0.07142987
0.070921622
0.070413355
0.06990507
0.06939677
0.068888457
0.068380135
0.067871806
0.067363471
0.066855131
0.066346786
0.065838438
0.065330088
0.064821735
0.064313378
0.063805017
0.063296654
0.062788289
0.062279924
0.06177156
0.061263192
0.06075482
0.060246442
0.059738062
0.05922968
0.0587213
0.058212921
0.057704541
0.057196158
0.05668777
0.05617938
0.055670988
0.055162594
0.054654199
0.054145802
0.053637402
0.053128999
0.052620596
0.052112194
0.051603794
0.051095396
0.050586999
0.050078604
0.04957021
0.049061818
0.048553428
0.048045039
0.047536651
0.047028265
0.046519879
0.046011494
0.045503109
0.044994724
0.044486338
0.043977952
0.043469566
0.04296118
0.042452795
0.041944411
0.041436026
0.040927641
0.040419257
0.039910872
0.039402487
0.038894101
0.038385714
0.037877328
0.037368943
0.036860559
0.036352174
0.035843789
0.035335403
0.034827016
0.034318629
0.033810242
0.033301854
0.032793467
0.032285082
0.031776699
0.031268316
0.030759932
0.030251544
0.029743154
0.029234759
0.028726362
0.028217961
0.027709559
0.027201158
0.026692759
0.026184362
0.02567597
0.025167583
0.024659201
0.024150821
0.023642443
0.023134065
0.022625687
0.022117306
0.021608923
0.021100538
0.020592151
0.020083763
0.019575374
0.019066983
0.018558591
0.018050198
0.017541803
0.017033407
0.016525009
0.016016611
0.015508213
0.014999817
0.014491422
0.013983028
0.013474633
0.012966237
0.012457839
0.011949435
0.011441028
0.010932615
0.010424197
0.0099157759
0.0094073506
0.0088989222
0.0083904911
0.007882058
0.0073736237
0.0068651884
0.0063567511
0.0058483099
0.0053398633
0.0048314097
0.0043229469
0.0038144714
0.0033059798
0.0027974689
0.002288936
0.0017803775
0.0012717988
0.00076318141
0.00025459515
0.22037687
0.22021095
0.21972107
0.21879698
0.21735485
0.21526223
0.21231684
0.20823786
0.20265197
0.19509443
0.18500831
0.17187457
0.15529304
0.13572273
0.11490442
0.095159088
0.078505667
0.065976773
0.057595741
0.052821735
0.05064006
0.050701288
0.052429022
0.055401382
0.05926535
0.063706871
0.068451984
0.073266663
0.077957076
0.082371027
0.08639786
0.08996581
0.093037361
0.095603504
0.097677647
0.099289752
0.10048102
0.10129933
0.10179541
0.10201993
0.10202123
0.10184374
0.10152701
0.1011052
0.10060695
0.10005566
0.09946991
0.098863974
0.098248511
0.09763117
0.097017192
0.096409938
0.095811355
0.095222351
0.094643108
0.094073316
0.093512359
0.092959449
0.092413723
0.091874305
0.091340353
0.090811087
0.090285797
0.089763851
0.089244697
0.088727857
0.088212921
0.08769954
0.087187424
0.086676329
0.086166046
0.085656408
0.085147275
0.084638535
0.084130093
0.083621876
0.083113822
0.082605883
0.082098022
0.081590211
0.081082423
0.080574641
0.080066847
0.079559035
0.079051197
0.07854333
0.078035432
0.077527502
0.077019537
0.076511536
0.0760035
0.075495429
0.07498733
0.074479205
0.073971058
0.073462887
0.072954691
0.072446472
0.071938231
0.071429972
0.070921697
0.070413408
0.069905105
0.069396791
0.068888468
0.068380138
0.067871803
0.067363463
0.066855118
0.066346771
0.065838423
0.065330072
0.064821718
0.06431336
0.063804999
0.063296635
0.062788273
0.062279912
0.06177155
0.061263186
0.060754816
0.060246441
0.059738064
0.059229685
0.058721308
0.05821293
0.057704549
0.057196164
0.056687776
0.056179385
0.055670993
0.0551626
0.054654206
0.054145809
0.053637409
0.053129008
0.052620606
0.052112205
0.051603804
0.051095405
0.050587006
0.050078607
0.049570211
0.049061816
0.048553424
0.048045034
0.047536645
0.047028258
0.046519871
0.046011485
0.0455031
0.044994716
0.044486333
0.04397795
0.043469569
0.042961187
0.042452805
0.041944421
0.041436037
0.040927652
0.040419268
0.039910884
0.0394025
0.038894115
0.03838573
0.037877345
0.03736896
0.036860575
0.03635219
0.035843804
0.035335418
0.03482703
0.034318642
0.033810253
0.033301864
0.032793475
0.032285088
0.031776701
0.031268315
0.030759927
0.030251536
0.029743142
0.029234744
0.028726344
0.028217941
0.027709538
0.027201136
0.026692736
0.02618434
0.02567595
0.025167564
0.024659182
0.024150803
0.023642425
0.023134047
0.022625668
0.022117287
0.021608905
0.021100521
0.020592136
0.020083749
0.01957536
0.019066971
0.01855858
0.018050188
0.017541794
0.017033398
0.016525
0.016016601
0.015508203
0.014999807
0.014491412
0.013983017
0.013474621
0.012966224
0.012457824
0.01194942
0.011441011
0.010932597
0.010424178
0.0099157546
0.0094073268
0.0088988956
0.0083904615
0.0078820252
0.0073735871
0.0068651471
0.0063567047
0.0058482585
0.0053398069
0.0048313487
0.0043228814
0.0038144021
0.0033059077
0.0027973956
0.0022888643
0.0017803106
0.0012717409
0.00076313803
0.00025456678
0.22399507
0.22387735
0.22352706
0.22284798
0.22174164
0.22005036
0.21753149
0.21383325
0.20845674
0.20072857
0.18974498
0.17458274
0.15441735
0.13010726
0.10457129
0.081298046
0.063046991
0.050492826
0.043009698
0.039403196
0.038916338
0.040399538
0.043404341
0.047581429
0.052591056
0.058120623
0.063893215
0.069665351
0.075230392
0.080424794
0.085130848
0.089274774
0.092821632
0.09576857
0.098137608
0.099968736
0.10131373
0.10223094
0.10278103
0.10302376
0.10301554
0.10280781
0.10244604
0.10196928
0.10141015
0.10079514
0.1001452
0.099476374
0.098800565
0.098126255
0.097459185
0.096802974
0.096159638
0.095530021
0.094914145
0.094311481
0.09372116
0.093142119
0.092573216
0.092013303
0.091461276
0.090916108
0.090376859
0.089842687
0.089312845
0.088786675
0.08826361
0.087743159
0.087224904
0.086708487
0.086193599
0.085679981
0.085167412
0.08465571
0.084144721
0.083634314
0.08312438
0.08261483
0.082105592
0.081596603
0.081087811
0.080579171
0.08007065
0.07956222
0.079053859
0.078545551
0.07803728
0.077529033
0.077020802
0.076512577
0.076004353
0.075496127
0.074987898
0.074479666
0.073971429
0.073463183
0.072954926
0.072446656
0.071938374
0.071430081
0.070921779
0.070413467
0.069905148
0.06939682
0.068888487
0.06838015
0.067871807
0.067363462
0.066855113
0.066346764
0.065838414
0.065330061
0.064821705
0.064313345
0.063804982
0.06329662
0.062788259
0.062279901
0.061771543
0.061263181
0.060754813
0.060246441
0.059738067
0.059229692
0.058721316
0.058212938
0.057704557
0.057196171
0.056687781
0.05617939
0.055670999
0.055162607
0.054654213
0.054145816
0.053637418
0.053129017
0.052620616
0.052112215
0.051603814
0.051095413
0.050587011
0.05007861
0.04957021
0.049061814
0.048553421
0.04804503
0.04753664
0.04702825
0.046519862
0.046011475
0.045503091
0.044994708
0.044486328
0.043977949
0.043469571
0.042961192
0.042452812
0.041944429
0.041436045
0.040927661
0.040419278
0.039910896
0.039402513
0.03889413
0.038385746
0.037877362
0.037368978
0.036860593
0.036352207
0.035843821
0.035335433
0.034827046
0.034318656
0.033810265
0.033301874
0.032793483
0.032285093
0.031776703
0.031268313
0.03075992
0.030251525
0.029743128
0.029234727
0.028726325
0.02821792
0.027709516
0.027201114
0.026692715
0.026184321
0.025675932
0.025167547
0.024659166
0.024150787
0.023642408
0.023134029
0.02262565
0.022117269
0.021608888
0.021100505
0.02059212
0.020083734
0.019575347
0.019066959
0.01855857
0.018050178
0.017541784
0.017033388
0.01652499
0.016016592
0.015508195
0.014999798
0.014491402
0.013983007
0.01347461
0.012966212
0.012457811
0.011949406
0.011440997
0.010932582
0.010424161
0.0099157351
0.0094073054
0.0088988722
0.0083904358
0.0078819966
0.0073735549
0.006865111
0.0063566645
0.0058482143
0.0053397593
0.0048312976
0.0043228271
0.0038143451
0.0033058493
0.0027973376
0.0022888086
0.0017802597
0.0012716972
0.00076310606
0.00025454512
0.22786107
0.227804
0.2276287
0.22726037
0.22659206
0.22545029
0.22356473
0.22052644
0.21571725
0.20822454
0.19664627
0.17941602
0.15505016
0.12570886
0.096145721
0.069972755
0.050395879
0.037939977
0.031386797
0.029020888
0.029743612
0.032379116
0.036422236
0.041553229
0.047447471
0.05380965
0.060377854
0.06690865
0.073183072
0.079022177
0.084295995
0.088923957
0.092869856
0.096134078
0.098745103
0.10075135
0.10221398
0.10320084
0.10378173
0.10402473
0.10399362
0.10374615
0.10333307
0.10279771
0.10217607
0.1014973
0.10078426
0.10005442
0.099320638
0.098592008
0.097874607
0.097172188
0.096486748
0.09581901
0.095168805
0.094535369
0.093917573
0.093314087
0.092723498
0.092144399
0.091575441
0.091015366
0.090463022
0.089917368
0.089377475
0.088842524
0.088311799
0.08778468
0.087260629
0.08673918
0.086219931
0.085702538
0.085186709
0.084672193
0.084158777
0.083646282
0.083134554
0.082623465
0.082112909
0.081602791
0.081093033
0.080583571
0.08007435
0.079565326
0.079056462
0.078547726
0.078039092
0.077530539
0.077022049
0.076513607
0.076005201
0.075496823
0.074988468
0.07448013
0.073971803
0.073463483
0.072955164
0.072446844
0.07193852
0.071430194
0.070921865
0.070413531
0.069905195
0.069396855
0.068888512
0.068380166
0.067871817
0.067363466
0.066855114
0.066346761
0.065838409
0.065330053
0.064821695
0.064313332
0.063804969
0.063296608
0.06278825
0.062279894
0.061771538
0.061263177
0.060754811
0.060246442
0.059738071
0.059229698
0.058721324
0.058212946
0.057704563
0.057196175
0.056687785
0.056179395
0.055671005
0.055162614
0.054654221
0.054145825
0.053637426
0.053129027
0.052620626
0.052112225
0.051603823
0.051095419
0.050587014
0.05007861
0.049570209
0.049061811
0.048553417
0.048045025
0.047536634
0.047028244
0.046519854
0.046011467
0.045503082
0.044994701
0.044486324
0.043977948
0.043469573
0.042961196
0.042452816
0.041944434
0.041436051
0.040927669
0.040419288
0.039910908
0.039402527
0.038894145
0.038385763
0.037877379
0.037368995
0.03686061
0.036352225
0.035843838
0.03533545
0.034827061
0.03431867
0.033810278
0.033301884
0.03279349
0.032285097
0.031776703
0.031268308
0.030759912
0.030251513
0.029743112
0.029234709
0.028726305
0.0282179
0.027709496
0.027201094
0.026692696
0.026184304
0.025675916
0.025167532
0.024659151
0.024150771
0.023642392
0.023134013
0.022625634
0.022117253
0.021608871
0.021100489
0.020592105
0.02008372
0.019575335
0.019066948
0.018558559
0.018050168
0.017541774
0.017033379
0.016524982
0.016016584
0.015508187
0.01499979
0.014491394
0.013982997
0.013474599
0.0129662
0.012457799
0.011949394
0.011440983
0.010932567
0.010424145
0.009915718
0.009407287
0.0088988523
0.0083904139
0.007881972
0.0073735272
0.0068650802
0.0063566308
0.0058481777
0.0053397198
0.0048312555
0.0043227826
0.0038142993
0.0033058033
0.0027972926
0.0022887658
0.0017802208
0.0012716641
0.00076308212
0.00025452844
0.23184243
0.23185883
0.2318948
0.23190544
0.23178384
0.23135495
0.23034332
0.22831771
0.22459647
0.21811074
0.20704624
0.1892607
0.16179396
0.12880093
0.097749966
0.068956287
0.043205254
0.02861154
0.022887206
0.022164791
0.024139887
0.027579116
0.032226396
0.03789411
0.044290518
0.051141279
0.058202138
0.065231233
0.071996004
0.078298242
0.083990361
0.088979686
0.093224202
0.096723759
0.099510198
0.10163788
0.1031753
0.10419817
0.10478399
0.10500793
0.10494007
0.1046435
0.10417336
0.1035765
0.10289168
0.10215004
0.10137598
0.10058796
0.099799507
0.099020079
0.098255922
0.097510795
0.096786595
0.096083867
0.095402219
0.094740641
0.09409774
0.093471926
0.092861532
0.092264911
0.091680484
0.091106782
0.090542455
0.089986284
0.089437178
0.088894171
0.088356413
0.087823164
0.087293778
0.086767692
0.086244419
0.085723542
0.085204697
0.084687576
0.084171911
0.083657477
0.083144084
0.082631565
0.08211978
0.081608609
0.081097951
0.08058772
0.080077846
0.079568266
0.079058929
0.07854979
0.078040815
0.077531973
0.07702324
0.076514594
0.076006017
0.075497495
0.074989018
0.074480578
0.073972167
0.073463775
0.072955397
0.072447028
0.071938666
0.071430307
0.070921951
0.070413597
0.069905244
0.069396892
0.068888539
0.068380184
0.067871829
0.067363473
0.066855117
0.066346762
0.065838406
0.065330048
0.064821687
0.064313324
0.063804961
0.063296602
0.062788246
0.062279891
0.061771535
0.061263175
0.06075481
0.060246443
0.059738074
0.059229704
0.058721329
0.05821295
0.057704566
0.057196178
0.056687789
0.0561794
0.055671012
0.055162622
0.054654229
0.054145833
0.053637436
0.053129036
0.052620636
0.052112234
0.051603829
0.051095423
0.050587015
0.050078609
0.049570207
0.049061809
0.048553414
0.048045021
0.047536629
0.047028237
0.046519847
0.046011459
0.045503075
0.044994696
0.04448632
0.043977947
0.043469573
0.042961197
0.042452817
0.041944436
0.041436055
0.040927675
0.040419297
0.039910919
0.03940254
0.03889416
0.038385779
0.037877396
0.037369013
0.036860628
0.036352242
0.035843855
0.035335467
0.034827077
0.034318685
0.03381029
0.033301894
0.032793498
0.032285101
0.031776703
0.031268303
0.030759902
0.0302515
0.029743096
0.029234691
0.028726285
0.02821788
0.027709477
0.027201076
0.02669268
0.026184289
0.025675903
0.025167519
0.024659138
0.024150758
0.023642378
0.023133999
0.022625619
0.022117238
0.021608856
0.021100474
0.020592091
0.020083707
0.019575323
0.019066937
0.018558549
0.018050158
0.017541765
0.01703337
0.016524974
0.016016577
0.01550818
0.014999783
0.014491385
0.013982988
0.01347459
0.012966191
0.012457789
0.011949383
0.011440971
0.010932554
0.010424131
0.0099157037
0.0094072718
0.0088988357
0.0083903955
0.0078819515
0.0073735045
0.0068650553
0.0063566035
0.005848148
0.0053396878
0.0048312215
0.0043227474
0.0038142637
0.0033057679
0.0027972581
0.0022887331
0.0017801913
0.0012716393
0.00076306425
0.00025451552
0.23577943
0.23588007
0.23615766
0.23660512
0.23712511
0.23755699
0.23764553
0.2369773
0.23488109
0.23032025
0.22172552
0.20799054
0.18374084
0.14873182
0.10608272
0.063704119
0.037745585
0.027281448
0.024476973
0.024973268
0.026665724
0.029202334
0.03289978
0.037802103
0.043739476
0.050424374
0.057528482
0.064727405
0.071728395
0.078290177
0.084234435
0.089448982
0.093881059
0.097526037
0.10041579
0.10260777
0.10417541
0.10520021
0.10576557
0.10595226
0.10583526
0.10548186
0.1049506
0.104291
0.10354382
0.10274166
0.10190991
0.10106769
0.10022887
0.099403063
0.098596525
0.097812904
0.097053922
0.096319902
0.095610207
0.09492357
0.094258344
0.093612688
0.092984703
0.092372518
0.09177435
0.091188535
0.090613551
0.090048021
0.08949071
0.088940522
0.088396491
0.087857768
0.087323612
0.086793378
0.086266504
0.085742501
0.08522095
0.084701487
0.0841838
0.083667623
0.08315273
0.082638921
0.082126028
0.081613905
0.081102433
0.080591508
0.080081042
0.079570958
0.07906119
0.078551684
0.078042398
0.077533294
0.07702434
0.076515508
0.076006773
0.075498118
0.074989529
0.074480995
0.073972505
0.073464048
0.072955616
0.072447203
0.071938804
0.071430416
0.070922036
0.070413662
0.069905293
0.069396928
0.068888565
0.068380204
0.067871842
0.067363482
0.066855122
0.066346764
0.065838404
0.065330044
0.064821682
0.064313319
0.063804959
0.063296601
0.062788246
0.062279892
0.061771534
0.061263174
0.06075481
0.060246445
0.059738077
0.059229707
0.058721332
0.058212952
0.057704567
0.05719618
0.056687793
0.056179406
0.055671019
0.05516263
0.054654238
0.054145842
0.053637444
0.053129045
0.052620644
0.05211224
0.051603834
0.051095425
0.050587015
0.050078608
0.049570205
0.049061807
0.048553412
0.048045018
0.047536625
0.047028232
0.046519841
0.046011453
0.04550307
0.044994692
0.044486318
0.043977945
0.043469571
0.042961195
0.042452816
0.041944436
0.041436057
0.04092768
0.040419305
0.03991093
0.039402553
0.038894174
0.038385794
0.037877413
0.03736903
0.036860646
0.03635226
0.035843873
0.035335484
0.034827092
0.034318698
0.033810302
0.033301904
0.032793504
0.032285103
0.0317767
0.031268296
0.030759891
0.030251486
0.02974308
0.029234673
0.028726267
0.028217862
0.02770946
0.027201061
0.026692667
0.026184277
0.025675891
0.025167507
0.024659126
0.024150746
0.023642366
0.023133986
0.022625605
0.022117224
0.021608842
0.021100459
0.020592077
0.020083695
0.019575311
0.019066926
0.018558539
0.018050149
0.017541757
0.017033363
0.016524968
0.016016571
0.015508174
0.014999776
0.014491379
0.013982981
0.013474583
0.012966183
0.01245778
0.011949373
0.011440961
0.010932543
0.01042412
0.0099156925
0.0094072597
0.0088988222
0.0083903807
0.0078819353
0.0073734869
0.0068650359
0.0063565821
0.0058481246
0.0053396627
0.0048311954
0.0043227208
0.0038142368
0.0033057412
0.002797232
0.0022887086
0.0017801697
0.0012716212
0.00076305094
0.00025450541
0.23948957
0.2396805
0.24021654
0.24113411
0.24235425
0.24374498
0.2450917
0.24602201
0.24588948
0.24369126
0.23835955
0.23084932
0.21490766
0.17793598
0.12032771
0.0638761
0.03764707
0.030399216
0.028892905
0.029479073
0.031269092
0.033332941
0.036121889
0.040069281
0.045236893
0.051404547
0.058221513
0.065305654
0.072304302
0.078926909
0.084960085
0.090267448
0.094780285
0.098485175
0.10141061
0.10361432
0.10517222
0.10616942
0.10669336
0.10682872
0.10665403
0.10623953
0.10564614
0.1049252
0.10411876
0.10326034
0.10237588
0.10148479
0.10060106
0.099734279
0.098890558
0.098073361
0.097284178
0.096523087
0.095789194
0.095080981
0.09439656
0.093733865
0.093090782
0.092465242
0.091855279
0.091259066
0.09067493
0.090101359
0.089536995
0.088980629
0.088431195
0.087887755
0.087349487
0.086815673
0.086285687
0.085758982
0.085235088
0.084713597
0.08419416
0.083676475
0.08316028
0.082645351
0.082131493
0.081618543
0.081106363
0.080594833
0.080083851
0.079573325
0.07906318
0.078553354
0.078043797
0.077534464
0.077025315
0.076516317
0.076007442
0.075498669
0.074989982
0.074481366
0.073972807
0.073464293
0.072955814
0.072447362
0.071938931
0.071430517
0.070922115
0.070413723
0.069905339
0.069396962
0.06888859
0.068380222
0.067871855
0.06736349
0.066855127
0.066346765
0.065838404
0.065330042
0.06482168
0.064313319
0.063804961
0.063296605
0.06278825
0.062279894
0.061771536
0.061263174
0.060754811
0.060246445
0.059738078
0.059229707
0.058721331
0.058212951
0.057704567
0.057196182
0.056687797
0.056179412
0.055671027
0.055162638
0.054654246
0.05414585
0.053637452
0.053129052
0.052620649
0.052112244
0.051603835
0.051095424
0.050587014
0.050078606
0.049570203
0.049061805
0.048553409
0.048045015
0.047536621
0.047028228
0.046519837
0.04601145
0.045503067
0.04499469
0.044486315
0.043977942
0.043469567
0.04296119
0.042452812
0.041944434
0.041436058
0.040927685
0.040419313
0.03991094
0.039402565
0.038894188
0.038385809
0.037877429
0.037369047
0.036860663
0.036352277
0.035843889
0.035335499
0.034827107
0.034318711
0.033810313
0.033301912
0.032793509
0.032285104
0.031776697
0.031268289
0.03075988
0.030251472
0.029743064
0.029234657
0.028726251
0.028217847
0.027709446
0.027201049
0.026692655
0.026184266
0.02567588
0.025167497
0.024659116
0.024150736
0.023642356
0.023133975
0.022625593
0.022117211
0.021608829
0.021100447
0.020592066
0.020083684
0.019575301
0.019066916
0.01855853
0.018050141
0.01754175
0.017033357
0.016524962
0.016016566
0.015508168
0.014999771
0.014491373
0.013982975
0.013474576
0.012966176
0.012457772
0.011949364
0.011440952
0.010932535
0.010424113
0.0099156841
0.0094072505
0.0088988122
0.0083903699
0.0078819237
0.007373474
0.0068650215
0.006356566
0.0058481072
0.0053396445
0.0048311766
0.0043227015
0.0038142171
0.0033057215
0.0027972131
0.0022886913
0.0017801544
0.0012716082
0.00076304092
0.00025449751
0.24277774
0.24305781
0.24384852
0.24523188
0.24715422
0.24952445
0.25218751
0.25483647
0.2568609
0.2571516
0.25413368
0.24716575
0.23198663
0.21029985
0.11436634
0.051533716
0.03626529
0.032967025
0.031091267
0.031650968
0.034594232
0.036809198
0.039362561
0.042880182
0.047549279
0.053262535
0.059729468
0.066578006
0.073436836
0.079988509
0.085993344
0.091292998
0.095803177
0.099500818
0.10240946
0.10458519
0.10610444
0.10705411
0.10752396
0.10760108
0.10736621
0.10689147
0.10623924
0.1054619
0.10460224
0.10369421
0.10276395
0.10183091
0.10090902
0.10000769
0.09913283
0.098287672
0.097473451
0.096689993
0.095936162
0.09521021
0.094510033
0.093833365
0.093177909
0.092541428
0.091921804
0.091317073
0.090725438
0.090145276
0.089575126
0.089013691
0.088459821
0.087912505
0.087370856
0.086834097
0.086301547
0.085772616
0.085246791
0.08472363
0.08420275
0.08368382
0.08316655
0.082650695
0.082136039
0.081622404
0.081109638
0.080597607
0.080086194
0.0795753
0.079064842
0.078554751
0.078044969
0.077535444
0.077026132
0.076516995
0.076008003
0.075499132
0.074990364
0.074481679
0.073973062
0.0734645
0.072955981
0.072447497
0.071939041
0.071430604
0.070922183
0.070413775
0.069905378
0.069396992
0.068888612
0.068380237
0.067871866
0.067363497
0.06685513
0.066346766
0.065838404
0.065330042
0.064821682
0.064313323
0.063804966
0.063296611
0.062788255
0.062279897
0.061771537
0.061263175
0.06075481
0.060246444
0.059738076
0.059229705
0.058721328
0.058212948
0.057704566
0.057196183
0.056687801
0.056179419
0.055671034
0.055162645
0.054654252
0.054145856
0.053637457
0.053129056
0.052620653
0.052112246
0.051603836
0.051095423
0.050587012
0.050078604
0.049570201
0.049061803
0.048553407
0.048045013
0.047536618
0.047028225
0.046519834
0.046011448
0.045503066
0.044994688
0.044486312
0.043977937
0.043469561
0.042961184
0.042452807
0.041944432
0.04143606
0.040927689
0.04041932
0.039910948
0.039402575
0.038894199
0.038385822
0.037877443
0.037369061
0.036860678
0.036352291
0.035843903
0.035335513
0.03482712
0.034318723
0.033810323
0.033301919
0.032793512
0.032285103
0.031776692
0.031268281
0.03075987
0.03025146
0.02974305
0.029234643
0.028726237
0.028217835
0.027709435
0.027201039
0.026692647
0.026184258
0.025675872
0.025167489
0.024659107
0.024150727
0.023642346
0.023133964
0.022625582
0.0221172
0.021608818
0.021100437
0.020592056
0.020083674
0.019575292
0.019066908
0.018558522
0.018050135
0.017541745
0.017033352
0.016524957
0.016016561
0.015508164
0.014999766
0.014491369
0.013982971
0.013474571
0.012966169
0.012457765
0.011949358
0.011440947
0.01093253
0.010424107
0.0099156784
0.0094072444
0.0088988059
0.0083903631
0.0078819162
0.0073734655
0.0068650118
0.0063565554
0.0058480959
0.0053396325
0.0048311639
0.0043226881
0.0038142034
0.0033057082
0.0027972006
0.0022886798
0.0017801439
0.0012715989
0.00076303367
0.00025449165
0.24545183
0.2458108
0.24682669
0.24862381
0.25117678
0.25444297
0.25834601
0.26269631
0.26706742
0.27071114
0.27283705
0.27201362
0.23996428
0.13350097
0.061021896
0.04389873
0.038234584
0.035896993
0.033616578
0.033995629
0.037930971
0.039996777
0.042319789
0.045568545
0.049916834
0.05529889
0.061467167
0.06807469
0.074753659
0.081178288
0.087094672
0.092330306
0.096789449
0.10044097
0.10330348
0.10543064
0.10689826
0.10779374
0.10820787
0.10822902
0.10793909
0.1074112
0.10670846
0.10588377
0.10498021
0.10403184
0.10306478
0.10209838
0.10114637
0.10021798
0.099318864
0.098452024
0.097618463
0.096817783
0.096048638
0.095309087
0.094596849
0.093909496
0.093244585
0.092599745
0.091972742
0.091361506
0.090764144
0.090178944
0.089604372
0.08903906
0.088481797
0.087931515
0.087387277
0.08684826
0.086313746
0.085783107
0.085255802
0.084731361
0.084209374
0.083689488
0.083171393
0.082654822
0.082139552
0.08162539
0.081112172
0.080599753
0.080088008
0.07957683
0.079066131
0.078555836
0.07804588
0.077536206
0.077026766
0.076517521
0.076008439
0.075499493
0.074990662
0.074481924
0.073973262
0.073464662
0.072956113
0.072447605
0.071939127
0.071430673
0.070922237
0.070413816
0.06990541
0.069397015
0.068888629
0.06838025
0.067871874
0.067363501
0.066855133
0.066346768
0.065838405
0.065330045
0.064821686
0.064313329
0.063804972
0.063296616
0.062788259
0.0622799
0.061771538
0.061263174
0.060754809
0.060246442
0.059738073
0.0592297
0.058721324
0.058212945
0.057704565
0.057196185
0.056687806
0.056179425
0.05567104
0.055162651
0.054654257
0.054145859
0.05363746
0.053129058
0.052620654
0.052112246
0.051603834
0.051095421
0.05058701
0.050078603
0.0495702
0.049061802
0.048553406
0.04804501
0.047536616
0.047028223
0.046519834
0.046011448
0.045503065
0.044994686
0.044486309
0.043977932
0.043469554
0.042961178
0.042452802
0.04194443
0.041436061
0.040927694
0.040419326
0.039910956
0.039402584
0.038894209
0.038385833
0.037877455
0.037369074
0.03686069
0.036352304
0.035843916
0.035335525
0.034827131
0.034318733
0.03381033
0.033301924
0.032793513
0.032285101
0.031776687
0.031268273
0.030759861
0.030251449
0.029743039
0.029234631
0.028726227
0.028217825
0.027709427
0.027201032
0.02669264
0.026184252
0.025675866
0.025167482
0.0246591
0.024150719
0.023642337
0.023133955
0.022625572
0.022117191
0.021608809
0.021100428
0.020592047
0.020083666
0.019575284
0.019066901
0.018558517
0.01805013
0.017541741
0.017033348
0.016524953
0.016016557
0.01550816
0.014999763
0.014491366
0.013982967
0.013474567
0.012966165
0.012457761
0.011949354
0.011440943
0.010932526
0.010424104
0.0099156755
0.0094072419
0.0088988034
0.0083903602
0.0078819126
0.0073734612
0.006865007
0.0063565501
0.00584809
0.0053396258
0.0048311564
0.0043226802
0.0038141957
0.0033057007
0.0027971933
0.0022886725
0.001780137
0.0012715929
0.00076302909
0.00025448762
0.24734206
0.24776025
0.24894485
0.2510527
0.25408166
0.25802898
0.26288457
0.26856963
0.27484553
0.28105318
0.2858555
0.2919269
0.33839941
0.13459087
0.066216052
0.048042124
0.036980478
0.031638564
0.039608839
0.042533939
0.042434115
0.043107081
0.044889036
0.047805949
0.051877628
0.057008988
0.062951942
0.069366959
0.075887859
0.082189009
0.088010212
0.093171142
0.097568905
0.10116677
0.10397954
0.10605871
0.10747914
0.10832808
0.10869664
0.10867366
0.10834157
0.10777389
0.10703404
0.10617508
0.10524013
0.1042632
0.10327032
0.10228068
0.10130782
0.10036078
0.099445031
0.098563373
0.097716633
0.096904246
0.096124713
0.09537595
0.09465555
0.093960973
0.093289671
0.092639186
0.092007201
0.091391571
0.090790341
0.090201739
0.08962418
0.089056248
0.088496691
0.087944404
0.087398414
0.08685787
0.086322025
0.085790231
0.085261925
0.084736616
0.08421388
0.083693344
0.083174686
0.082657631
0.082141944
0.081627424
0.081113898
0.080601214
0.080089243
0.079577873
0.07906701
0.078556576
0.078046501
0.077536724
0.077027198
0.07651788
0.076008738
0.075499742
0.074990868
0.074482092
0.073973398
0.073464773
0.072956203
0.072447678
0.071939187
0.07143072
0.070922274
0.070413845
0.069905432
0.069397033
0.068888642
0.068380259
0.067871879
0.067363505
0.066855135
0.06634677
0.065838408
0.065330049
0.064821691
0.064313334
0.063804978
0.06329662
0.062788262
0.062279901
0.061771537
0.061263172
0.060754805
0.060246438
0.059738068
0.059229696
0.058721321
0.058212944
0.057704566
0.057196188
0.05668781
0.056179429
0.055671043
0.055162653
0.054654258
0.05414586
0.05363746
0.053129058
0.052620653
0.052112244
0.051603832
0.05109542
0.050587009
0.050078602
0.049570199
0.049061801
0.048553404
0.048045008
0.047536615
0.047028223
0.046519834
0.046011448
0.045503065
0.044994684
0.044486304
0.043977926
0.043469548
0.042961172
0.042452799
0.04194443
0.041436063
0.040927698
0.040419331
0.039910962
0.039402591
0.038894218
0.038385842
0.037877464
0.037369083
0.0368607
0.036352314
0.035843927
0.035335536
0.03482714
0.03431874
0.033810335
0.033301926
0.032793513
0.032285098
0.031776682
0.031268267
0.030759853
0.03025144
0.029743029
0.029234623
0.028726219
0.028217819
0.027709422
0.027201028
0.026692637
0.026184248
0.025675861
0.025167477
0.024659094
0.024150712
0.023642329
0.023133947
0.022625565
0.022117183
0.021608802
0.021100421
0.02059204
0.020083659
0.019575278
0.019066897
0.018558513
0.018050127
0.017541737
0.017033345
0.01652495
0.016016554
0.015508158
0.014999761
0.014491363
0.013982964
0.013474564
0.012966162
0.012457759
0.011949352
0.011440941
0.010932525
0.010424103
0.0099156759
0.0094072426
0.0088988042
0.0083903608
0.0078819129
0.0073734615
0.0068650071
0.0063565497
0.0058480888
0.0053396239
0.0048311541
0.0043226779
0.0038141932
0.0033056978
0.0027971899
0.002288669
0.0017801338
0.0012715901
0.00076302666
0.00025448506
0.24832123
0.24877115
0.25004604
0.25232002
0.25560293
0.2599107
0.26525826
0.27159097
0.27868185
0.28582469
0.29131179
0.29539943
0.32201503
0.18917645
0.10842513
0.069456456
0.051595626
0.048510668
0.048496195
0.04785187
0.045105147
0.044974962
0.046407295
0.049097941
0.052999922
0.057988445
0.06380547
0.070110032
0.076539931
0.08276637
0.088527932
0.093640865
0.09799879
0.10156213
0.10434365
0.10639358
0.10778616
0.10860837
0.10895136
0.1089041
0.10854916
0.1079602
0.1072007
0.10632376
0.10537246
0.10438077
0.10337459
0.10237303
0.10138952
0.10043297
0.099508765
0.098619588
0.097766172
0.096947864
0.096163081
0.095409666
0.094685148
0.093986927
0.093312405
0.092659075
0.092024579
0.091406736
0.090803556
0.090213242
0.089634178
0.089064926
0.088504214
0.087950915
0.087404043
0.086862729
0.086326214
0.085793837
0.085265025
0.084739279
0.084216162
0.083695297
0.083176354
0.082659053
0.082143155
0.081628454
0.081114771
0.080601953
0.080089866
0.079578399
0.079067455
0.07855695
0.078046814
0.077536986
0.077027416
0.076518063
0.076008892
0.075499871
0.074990973
0.074482177
0.073973467
0.073464828
0.072956248
0.072447715
0.071939216
0.071430743
0.070922292
0.07041386
0.069905445
0.069397043
0.068888651
0.068380264
0.067871883
0.067363507
0.066855138
0.066346773
0.065838413
0.065330054
0.064821695
0.064313337
0.06380498
0.063296621
0.062788261
0.062279898
0.061771534
0.061263167
0.0607548
0.060246433
0.059738064
0.059229692
0.058721319
0.058212944
0.057704567
0.057196191
0.056687812
0.056179431
0.055671044
0.055162652
0.054654256
0.054145858
0.053637457
0.053129055
0.05262065
0.052112241
0.05160383
0.051095418
0.050587008
0.050078601
0.049570199
0.049061799
0.048553402
0.048045007
0.047536614
0.047028223
0.046519835
0.046011448
0.045503064
0.044994681
0.0444863
0.04397792
0.043469543
0.042961168
0.042452797
0.04194443
0.041436066
0.040927702
0.040419336
0.039910967
0.039402596
0.038894223
0.038385848
0.03787747
0.037369089
0.036860706
0.036352322
0.035843934
0.035335543
0.034827146
0.034318744
0.033810337
0.033301926
0.032793511
0.032285095
0.031776678
0.031268262
0.030759846
0.030251433
0.029743023
0.029234618
0.028726216
0.028217817
0.027709421
0.027201027
0.026692635
0.026184246
0.025675858
0.025167473
0.024659089
0.024150706
0.023642323
0.023133941
0.022625559
0.022117178
0.021608797
0.021100416
0.020592035
0.020083655
0.019575275
0.019066894
0.018558511
0.018050124
0.017541735
0.017033343
0.016524949
0.016016553
0.015508157
0.014999759
0.014491361
0.013982962
0.013474562
0.012966161
0.012457758
0.011949352
0.011440941
0.010932526
0.010424106
0.009915679
0.0094072463
0.0088988081
0.0083903649
0.0078819175
0.0073734662
0.0068650115
0.0063565536
0.0058480922
0.0053396271
0.0048311572
0.0043226806
0.003814195
0.0033056988
0.0027971904
0.0022886694
0.001780134
0.0012715897
0.00076302576
0.00025448385
0.2483212
0.24877111
0.250046
0.25231998
0.25560288
0.25991065
0.2652582
0.2715909
0.27868177
0.28582459
0.29131167
0.29539931
0.32201495
0.18917558
0.10842431
0.069455803
0.051595146
0.048510557
0.048496083
0.047851798
0.045105021
0.044974839
0.046407181
0.049097839
0.052999836
0.057988378
0.063805421
0.07011
0.076539912
0.082766362
0.088527933
0.093640871
0.097998798
0.10156214
0.10434365
0.10639359
0.10778616
0.10860837
0.10895136
0.10890409
0.10854915
0.10796019
0.1072007
0.10632375
0.10537246
0.10438076
0.10337459
0.10237303
0.10138952
0.10043297
0.099508759
0.098619583
0.097766169
0.096947861
0.096163078
0.095409662
0.094685144
0.093986923
0.093312401
0.092659071
0.092024576
0.091406734
0.090803556
0.090213244
0.089634181
0.089064931
0.08850422
0.087950923
0.087404052
0.086862739
0.086326224
0.085793847
0.085265034
0.084739287
0.084216169
0.083695301
0.083176356
0.082659053
0.082143154
0.081628452
0.081114769
0.08060195
0.080089863
0.079578396
0.079067453
0.078556948
0.078046812
0.077536984
0.077027415
0.076518065
0.076008895
0.075499874
0.074990975
0.074482177
0.073973465
0.073464826
0.072956247
0.072447713
0.071939214
0.071430742
0.070922292
0.070413862
0.069905448
0.069397047
0.068888653
0.068380266
0.067871885
0.06736351
0.066855141
0.066346777
0.065838417
0.065330057
0.064821697
0.064313337
0.063804978
0.063296618
0.062788257
0.062279893
0.061771528
0.061263162
0.060754795
0.060246428
0.05973806
0.05922969
0.058721318
0.058212945
0.057704569
0.057196192
0.056687813
0.056179429
0.055671041
0.055162648
0.054654251
0.054145852
0.053637452
0.05312905
0.052620646
0.052112237
0.051603827
0.051095416
0.050587007
0.050078601
0.049570198
0.049061798
0.048553401
0.048045006
0.047536614
0.047028223
0.046519835
0.046011448
0.045503063
0.044994679
0.044486297
0.043977916
0.043469539
0.042961166
0.042452797
0.041944432
0.041436069
0.040927705
0.040419339
0.03991097
0.039402599
0.038894226
0.038385851
0.037877473
0.037369093
0.03686071
0.036352326
0.035843938
0.035335546
0.034827148
0.034318745
0.033810337
0.033301925
0.032793509
0.032285092
0.031776675
0.031268258
0.030759842
0.030251429
0.029743021
0.029234617
0.028726216
0.028217818
0.027709421
0.027201027
0.026692635
0.026184245
0.025675857
0.025167471
0.024659086
0.024150702
0.023642319
0.023133937
0.022625556
0.022117175
0.021608794
0.021100413
0.020592033
0.020083654
0.019575274
0.019066893
0.018558509
0.018050123
0.017541734
0.017033343
0.016524949
0.016016553
0.015508156
0.014999758
0.01449136
0.013982961
0.013474563
0.012966162
0.012457759
0.011949353
0.011440944
0.01093253
0.01042411
0.0099156846
0.0094072527
0.0088988153
0.0083903729
0.0078819261
0.007373475
0.0068650201
0.006356562
0.0058481007
0.0053396356
0.0048311652
0.0043226875
0.003814201
0.0033057041
0.0027971952
0.0022886733
0.0017801367
0.0012715913
0.00076302665
0.00025448419
0.24734196
0.24776014
0.24894474
0.25105258
0.25408153
0.25802883
0.2628844
0.26856943
0.27484528
0.28105288
0.28585513
0.29192649
0.33839922
0.13458739
0.066213516
0.04804016
0.036978852
0.031637332
0.039607982
0.042533487
0.042433717
0.043106711
0.044888695
0.047805648
0.051877378
0.057008796
0.062951805
0.069366867
0.075887805
0.082188986
0.088010214
0.093171159
0.097568928
0.10116679
0.10397956
0.10605872
0.10747914
0.10832807
0.10869663
0.10867365
0.10834155
0.10777387
0.10703401
0.10617505
0.1052401
0.10426318
0.10327031
0.10228066
0.10130781
0.10036076
0.099445014
0.098563359
0.097716623
0.096904238
0.096124705
0.09537594
0.09465554
0.093960962
0.093289661
0.092639177
0.092007194
0.091391568
0.090790343
0.090201747
0.089624192
0.089056263
0.088496709
0.087944426
0.087398441
0.086857897
0.086322052
0.085790256
0.085261948
0.084736637
0.084213897
0.083693354
0.083174691
0.082657631
0.082141942
0.081627421
0.081113892
0.080601206
0.080089234
0.079577865
0.079067005
0.078556571
0.078046495
0.077536719
0.077027196
0.076517884
0.076008746
0.07549975
0.074990871
0.07448209
0.073973393
0.073464767
0.072956198
0.072447673
0.071939181
0.071430716
0.070922273
0.07041385
0.069905441
0.069397042
0.06888865
0.068380264
0.067871884
0.067363511
0.066855144
0.066346781
0.065838419
0.065330057
0.064821695
0.064313334
0.063804973
0.063296612
0.06278825
0.062279886
0.061771521
0.061263155
0.06075479
0.060246424
0.059738058
0.05922969
0.058721319
0.058212946
0.05770457
0.057196192
0.056687811
0.056179425
0.055671035
0.055162641
0.054654244
0.054145845
0.053637446
0.053129044
0.05262064
0.052112233
0.051603824
0.051095414
0.050587006
0.0500786
0.049570197
0.049061797
0.0485534
0.048045005
0.047536613
0.047028223
0.046519835
0.046011448
0.045503062
0.044994677
0.044486294
0.043977914
0.043469538
0.042961166
0.042452799
0.041944435
0.041436072
0.040927708
0.040419341
0.039910971
0.0394026
0.038894227
0.038385851
0.037877473
0.037369093
0.036860711
0.036352327
0.035843938
0.035335545
0.034827147
0.034318743
0.033810335
0.033301922
0.032793507
0.03228509
0.031776672
0.031268255
0.03075984
0.030251429
0.029743022
0.029234619
0.028726219
0.028217821
0.027709424
0.02720103
0.026692637
0.026184246
0.025675857
0.025167469
0.024659083
0.024150699
0.023642316
0.023133935
0.022625554
0.022117173
0.021608792
0.021100412
0.020592033
0.020083654
0.019575274
0.019066893
0.018558509
0.018050123
0.017541735
0.017033344
0.01652495
0.016016554
0.015508156
0.014999758
0.014491361
0.013982963
0.013474564
0.012966164
0.012457762
0.011949357
0.011440949
0.010932536
0.010424117
0.0099156928
0.0094072622
0.0088988261
0.0083903846
0.0078819383
0.0073734875
0.0068650331
0.0063565755
0.0058481144
0.0053396489
0.0048311775
0.0043226989
0.0038142117
0.0033057141
0.0027972039
0.0022886802
0.001780142
0.0012715954
0.00076302967
0.00025448603
0.24545166
0.24581063
0.2468265
0.24862362
0.25117657
0.25444273
0.25834573
0.26269598
0.26706701
0.27071062
0.27283637
0.2720127
0.23996223
0.13349746
0.061019286
0.043896843
0.038233121
0.035895756
0.033615537
0.0339948
0.037930298
0.039996153
0.042319218
0.045568053
0.04991644
0.055298595
0.061466963
0.06807456
0.074753588
0.081178262
0.087094678
0.092330332
0.096789483
0.100441
0.10330351
0.10543065
0.10689827
0.10779373
0.10820786
0.10822899
0.10793906
0.10741116
0.10670842
0.10588374
0.10498018
0.10403181
0.10306475
0.10209835
0.10114635
0.10021795
0.09931884
0.098452004
0.097618447
0.096817769
0.096048626
0.095309075
0.094596837
0.093909484
0.093244573
0.092599736
0.091972738
0.09136151
0.090764155
0.090178962
0.089604394
0.089039085
0.088481828
0.087931552
0.087387318
0.086848299
0.08631378
0.085783138
0.085255832
0.084731389
0.084209398
0.083689503
0.083171399
0.082654822
0.08213955
0.081625387
0.081112165
0.080599743
0.080087996
0.07957682
0.079066124
0.07855583
0.078045873
0.0775362
0.077026764
0.076517525
0.076008448
0.075499502
0.074990665
0.074481921
0.073973254
0.073464654
0.072956106
0.072447597
0.07193912
0.071430669
0.070922238
0.070413824
0.069905423
0.069397029
0.068888641
0.068380258
0.067871882
0.067363512
0.066855146
0.066346783
0.065838419
0.065330055
0.064821691
0.064313328
0.063804966
0.063296605
0.062788242
0.062279878
0.061771513
0.061263149
0.060754785
0.060246422
0.059738058
0.059229691
0.05872132
0.058212947
0.05770457
0.057196189
0.056687806
0.056179418
0.055671027
0.055162631
0.054654234
0.054145836
0.053637437
0.053129037
0.052620633
0.052112227
0.051603819
0.051095411
0.050587004
0.050078599
0.049570196
0.049061796
0.048553399
0.048045004
0.047536613
0.047028223
0.046519835
0.046011447
0.045503061
0.044994676
0.044486294
0.043977915
0.04346954
0.042961169
0.042452803
0.041944439
0.041436075
0.040927709
0.040419341
0.03991097
0.039402598
0.038894225
0.038385849
0.037877471
0.037369091
0.036860709
0.036352323
0.035843934
0.03533554
0.034827141
0.034318738
0.03381033
0.033301919
0.032793504
0.032285088
0.031776671
0.031268255
0.030759841
0.030251432
0.029743027
0.029234625
0.028726224
0.028217826
0.02770943
0.027201035
0.026692641
0.026184249
0.025675858
0.025167469
0.024659082
0.024150698
0.023642316
0.023133935
0.022625554
0.022117173
0.021608793
0.021100414
0.020592035
0.020083656
0.019575276
0.019066894
0.018558511
0.018050125
0.017541737
0.017033346
0.016524951
0.016016555
0.015508157
0.01499976
0.014491363
0.013982965
0.013474567
0.012966168
0.012457767
0.011949364
0.011440956
0.010932544
0.010424127
0.0099157039
0.009407275
0.0088988401
0.0083903997
0.0078819541
0.0073735044
0.006865051
0.0063565941
0.0058481329
0.0053396667
0.0048311948
0.0043227157
0.0038142276
0.0033057283
0.002797216
0.0022886904
0.0017801506
0.0012716024
0.00076303445
0.00025448916
0.24277751
0.24305758
0.24384828
0.24523162
0.24715394
0.24952413
0.25218714
0.25483602
0.25686034
0.25715087
0.25413268
0.24716435
0.23198468
0.21029773
0.11436366
0.051531371
0.036263839
0.032965833
0.031090133
0.031649911
0.034593275
0.036808305
0.039361758
0.042879517
0.047548772
0.053262178
0.059729236
0.066577873
0.073436776
0.079988499
0.085993367
0.091293039
0.095803224
0.099500861
0.10240949
0.10458521
0.10610445
0.1070541
0.10752393
0.10760104
0.10736617
0.10689142
0.10623919
0.10546185
0.10460219
0.10369416
0.1027639
0.10183087
0.10090898
0.10000765
0.099132801
0.098287648
0.097473432
0.096689977
0.095936149
0.095210199
0.094510023
0.093833357
0.093177903
0.092541426
0.09192181
0.091317089
0.090725463
0.090145305
0.089575158
0.089013726
0.088459863
0.087912553
0.087370905
0.086834141
0.086301583
0.085772646
0.085246819
0.084723657
0.084202774
0.083683835
0.083166556
0.082650695
0.082136037
0.081622402
0.081109634
0.080597599
0.080086184
0.079575291
0.079064836
0.078554747
0.078044964
0.077535439
0.077026129
0.076516996
0.076008008
0.075499138
0.074990366
0.074481676
0.073973055
0.073464492
0.072955973
0.07244749
0.071939034
0.071430601
0.070922187
0.070413786
0.069905394
0.069397008
0.068888626
0.068380249
0.067871877
0.06736351
0.066855146
0.066346782
0.065838417
0.065330051
0.064821685
0.064313321
0.063804959
0.063296597
0.062788234
0.062279871
0.061771507
0.061263144
0.060754783
0.060246421
0.059738058
0.059229691
0.05872132
0.058212945
0.057704566
0.057196184
0.056687799
0.056179409
0.055671016
0.055162621
0.054654224
0.054145826
0.053637428
0.053129028
0.052620625
0.05211222
0.051603814
0.051095407
0.050587002
0.050078597
0.049570195
0.049061795
0.048553397
0.048045003
0.047536612
0.047028222
0.046519834
0.046011447
0.045503061
0.044994677
0.044486295
0.043977918
0.043469544
0.042961174
0.042452808
0.041944442
0.041436076
0.040927709
0.040419339
0.039910967
0.039402595
0.038894221
0.038385845
0.037877467
0.037369086
0.036860703
0.036352316
0.035843926
0.035335532
0.034827133
0.034318731
0.033810324
0.033301914
0.032793501
0.032285086
0.031776671
0.031268257
0.030759846
0.030251438
0.029743034
0.029234632
0.028726232
0.028217834
0.027709437
0.027201041
0.026692646
0.026184252
0.02567586
0.02516747
0.024659084
0.0241507
0.023642318
0.023133937
0.022625556
0.022117176
0.021608797
0.021100418
0.02059204
0.02008366
0.019575279
0.019066897
0.018558514
0.018050128
0.01754174
0.017033348
0.016524953
0.016016557
0.01550816
0.014999763
0.014491366
0.013982969
0.013474572
0.012966174
0.012457775
0.011949372
0.011440966
0.010932555
0.010424139
0.0099157181
0.0094072906
0.0088988571
0.008390418
0.0078819742
0.007373526
0.0068650737
0.0063566172
0.0058481561
0.0053396899
0.0048312177
0.0043227379
0.0038142482
0.0033057468
0.0027972324
0.002288705
0.001780163
0.001271612
0.00076304103
0.00025449392
0.2394893
0.23968022
0.24021625
0.2411338
0.24235391
0.24374459
0.24509125
0.24602147
0.24588882
0.24369041
0.23835841
0.23084779
0.21490569
0.1779338
0.12032539
0.063873813
0.037644947
0.030397684
0.028891604
0.02947782
0.03126787
0.033331789
0.036120885
0.040068499
0.045236336
0.051404185
0.058221305
0.065305558
0.072304284
0.078926939
0.084960141
0.090267514
0.094780351
0.098485233
0.10141066
0.10361434
0.10517222
0.10616941
0.10669333
0.10682868
0.10665397
0.10623947
0.10564608
0.10492513
0.10411869
0.10326028
0.10237582
0.10148474
0.10060102
0.099734237
0.098890523
0.098073334
0.097284159
0.096523073
0.095789185
0.095080975
0.094396557
0.093733865
0.093090786
0.092465252
0.091855298
0.091259095
0.090674966
0.090101398
0.089537035
0.088980673
0.088431245
0.087887809
0.087349538
0.086815716
0.086285719
0.085759008
0.085235111
0.084713619
0.084194178
0.083676488
0.083160286
0.082645353
0.082131494
0.081618544
0.081106362
0.080594831
0.080083846
0.07957332
0.079063177
0.078553352
0.078043793
0.077534458
0.07702531
0.076516314
0.076007443
0.075498672
0.074989983
0.074481364
0.073972802
0.073464286
0.072955807
0.072447355
0.071938927
0.071430517
0.070922121
0.070413736
0.069905356
0.069396979
0.068888605
0.068380235
0.067871869
0.067363506
0.066855144
0.066346779
0.065838413
0.065330046
0.06482168
0.064313316
0.063804953
0.063296591
0.062788229
0.062279866
0.061771503
0.061263142
0.060754781
0.060246421
0.059738057
0.05922969
0.058721318
0.058212941
0.057704561
0.057196177
0.056687789
0.056179399
0.055671005
0.05516261
0.054654213
0.054145816
0.053637418
0.053129018
0.052620616
0.052112212
0.051603807
0.051095402
0.050586998
0.050078595
0.049570193
0.049061793
0.048553396
0.048045002
0.047536611
0.047028222
0.046519834
0.046011447
0.045503062
0.044994679
0.044486299
0.043977923
0.04346955
0.04296118
0.042452813
0.041944445
0.041436077
0.040927706
0.040419335
0.039910963
0.03940259
0.038894216
0.038385839
0.037877459
0.037369078
0.036860693
0.036352306
0.035843915
0.03533552
0.034827123
0.034318722
0.033810317
0.033301909
0.032793498
0.032285085
0.031776673
0.031268261
0.030759852
0.030251446
0.029743043
0.029234642
0.028726242
0.028217844
0.027709446
0.027201049
0.026692651
0.026184256
0.025675863
0.025167474
0.024659087
0.024150703
0.023642321
0.02313394
0.02262556
0.022117181
0.021608803
0.021100424
0.020592045
0.020083665
0.019575284
0.019066902
0.018558518
0.018050132
0.017541743
0.01703335
0.016524956
0.01601656
0.015508164
0.014999767
0.014491371
0.013982974
0.013474578
0.012966182
0.012457784
0.011949383
0.011440978
0.010932569
0.010424155
0.0099157347
0.0094073089
0.0088988772
0.0083904402
0.0078819985
0.0073735521
0.0068651009
0.006356645
0.0058481847
0.0053397191
0.0048312467
0.0043227654
0.0038142739
0.0033057708
0.0027972545
0.0022887244
0.001780179
0.0012716246
0.00076305036
0.00025450057
0.23577912
0.23587975
0.23615733
0.23660477
0.23712472
0.23755655
0.23764503
0.23697672
0.23488039
0.23031937
0.22172439
0.20798904
0.18373887
0.14872936
0.10608137
0.063703544
0.037743048
0.027279607
0.024475719
0.024972078
0.026664418
0.029201038
0.032898694
0.037801305
0.043738946
0.050424064
0.05752834
0.064727375
0.071728436
0.078290259
0.084234533
0.089449078
0.093881146
0.097526109
0.10041584
0.10260779
0.10417541
0.10520019
0.10576553
0.1059522
0.10583519
0.10548178
0.10495052
0.10429092
0.10354374
0.10274159
0.10190985
0.10106763
0.10022881
0.099403018
0.098596489
0.097812879
0.097053906
0.096319895
0.095610207
0.094923573
0.09425835
0.093612697
0.092984717
0.09237254
0.09177438
0.091188573
0.090613593
0.090048064
0.089490755
0.088940571
0.088396543
0.087857821
0.08732366
0.086793418
0.086266534
0.085742525
0.085220969
0.084701502
0.084183812
0.083667633
0.083152737
0.082638927
0.082126032
0.081613909
0.081102436
0.080591511
0.080081044
0.079570959
0.07906119
0.078551682
0.078042394
0.077533288
0.077024333
0.076515503
0.076006771
0.075498119
0.074989532
0.074480997
0.073972504
0.073464045
0.072955612
0.072447198
0.071938801
0.071430418
0.070922044
0.070413675
0.069905309
0.069396944
0.06888858
0.068380218
0.067871859
0.0673635
0.066855139
0.066346775
0.065838408
0.065330042
0.064821676
0.064313313
0.063804951
0.063296589
0.062788227
0.062279864
0.061771502
0.061263142
0.060754781
0.06024642
0.059738055
0.059229686
0.058721312
0.058212934
0.057704552
0.057196167
0.056687779
0.056179388
0.055670994
0.055162598
0.054654201
0.054145804
0.053637406
0.053129006
0.052620605
0.052112202
0.051603799
0.051095397
0.050586994
0.050078592
0.049570191
0.049061791
0.048553394
0.048045001
0.04753661
0.047028222
0.046519834
0.046011448
0.045503064
0.044994683
0.044486305
0.04397793
0.043469557
0.042961187
0.042452817
0.041944447
0.041436075
0.040927703
0.04041933
0.039910957
0.039402584
0.038894208
0.03838583
0.03787745
0.037369067
0.036860681
0.036352292
0.035843901
0.035335506
0.03482711
0.034318711
0.033810309
0.033301903
0.032793495
0.032285086
0.031776676
0.031268267
0.03075986
0.030251456
0.029743054
0.029234653
0.028726254
0.028217855
0.027709456
0.027201057
0.026692658
0.026184262
0.025675869
0.025167479
0.024659092
0.024150708
0.023642326
0.023133946
0.022625566
0.022117188
0.02160881
0.021100431
0.020592052
0.020083671
0.01957529
0.019066908
0.018558524
0.018050137
0.017541746
0.017033354
0.01652496
0.016016564
0.015508168
0.014999772
0.014491377
0.013982981
0.013474587
0.012966191
0.012457794
0.011949395
0.011440992
0.010932584
0.010424172
0.0099157536
0.0094073299
0.0088989009
0.0083904665
0.0078820268
0.0073735821
0.0068651328
0.0063566788
0.0058482195
0.0053397541
0.0048312812
0.004322799
0.0038143062
0.0033058014
0.0027972825
0.0022887489
0.0017801997
0.0012716418
0.00076306269
0.00025450903
0.23184208
0.23185848
0.23189444
0.23190506
0.23178343
0.2313545
0.23034281
0.22831712
0.22459578
0.21810991
0.20704523
0.18925944
0.16179244
0.12879911
0.097749192
0.068954927
0.043202795
0.028610594
0.022887238
0.022164757
0.024139163
0.027577925
0.032225315
0.037893369
0.044290067
0.051141045
0.058202066
0.065231269
0.0719961
0.078298367
0.083990492
0.088979807
0.093224302
0.096723836
0.099510251
0.1016379
0.1031753
0.10419815
0.10478394
0.10500787
0.10494
0.10464342
0.10417327
0.10357642
0.1028916
0.10214997
0.10137592
0.1005879
0.099799457
0.099020038
0.098255892
0.097510776
0.096786586
0.096083868
0.095402229
0.094740656
0.094097757
0.093471943
0.092861553
0.092264938
0.09168052
0.091106823
0.090542498
0.089986326
0.089437222
0.088894218
0.088356463
0.087823213
0.087293822
0.086767728
0.08624445
0.085723567
0.085204717
0.08468759
0.084171922
0.083657488
0.083144095
0.082631576
0.08211979
0.081608616
0.081097956
0.080587727
0.080077853
0.079568273
0.079058931
0.078549787
0.078040807
0.077531963
0.077023231
0.076514588
0.076006016
0.0754975
0.074989026
0.074480586
0.073972172
0.073463776
0.072955394
0.072447024
0.071938662
0.071430308
0.070921957
0.070413607
0.069905256
0.069396904
0.068888552
0.068380199
0.067871847
0.067363492
0.066855133
0.066346771
0.065838406
0.065330041
0.064821677
0.064313315
0.063804953
0.063296592
0.062788229
0.062279867
0.061771505
0.061263143
0.060754781
0.060246418
0.059738051
0.05922968
0.058721304
0.058212925
0.057704543
0.057196157
0.056687768
0.056179376
0.055670982
0.055162586
0.05465419
0.054145792
0.053637394
0.053128994
0.052620593
0.052112192
0.05160379
0.051095389
0.050586989
0.050078587
0.049570187
0.049061788
0.048553392
0.048045
0.047536611
0.047028223
0.046519836
0.046011451
0.045503068
0.044994689
0.044486312
0.043977938
0.043469564
0.042961192
0.042452819
0.041944446
0.041436072
0.040927698
0.040419324
0.039910951
0.039402576
0.038894199
0.03838582
0.037877438
0.037369054
0.036860667
0.036352277
0.035843884
0.035335491
0.034827096
0.034318699
0.0338103
0.033301898
0.032793494
0.032285087
0.03177668
0.031268274
0.030759869
0.030251467
0.029743066
0.029234666
0.028726266
0.028217867
0.027709467
0.027201066
0.026692666
0.026184269
0.025675876
0.025167486
0.024659099
0.024150715
0.023642334
0.023133954
0.022625575
0.022117197
0.021608819
0.021100439
0.020592059
0.020083679
0.019575298
0.019066915
0.01855853
0.018050141
0.017541751
0.017033359
0.016524965
0.01601657
0.015508174
0.014999778
0.014491384
0.01398299
0.013474597
0.012966203
0.012457807
0.011949409
0.011441007
0.010932602
0.010424191
0.0099157751
0.0094073539
0.0088989276
0.008390496
0.007882059
0.0073736169
0.0068651699
0.0063567182
0.0058482604
0.0053397954
0.0048313223
0.00432284
0.0038143463
0.0033058392
0.0027973171
0.0022887801
0.001780227
0.0012716639
0.00076307806
0.00025451973
0.22786069
0.22780363
0.22762831
0.22725997
0.22659164
0.22544983
0.22356422
0.22052587
0.2157166
0.20822379
0.1966454
0.17941505
0.15504915
0.1257079
0.096145398
0.069972306
0.05039482
0.037938895
0.031386178
0.029020278
0.029742519
0.03237778
0.036421177
0.041552605
0.047447144
0.053809501
0.060377837
0.066908726
0.0731832
0.079022326
0.084296144
0.08892409
0.092869962
0.096134155
0.098745151
0.10075137
0.10221397
0.10320081
0.10378168
0.10402466
0.10399354
0.10374607
0.10333299
0.10279763
0.102176
0.10149723
0.1007842
0.10005437
0.099320599
0.098591978
0.097874587
0.097172177
0.096486748
0.09581902
0.095168823
0.094535392
0.093917597
0.093314108
0.09272352
0.092144426
0.091575474
0.091015404
0.090463061
0.089917406
0.089377513
0.088842565
0.088311843
0.087784724
0.08726067
0.086739216
0.086219962
0.085702565
0.085186731
0.084672211
0.084158792
0.083646298
0.083134572
0.082623484
0.082112924
0.081602801
0.08109304
0.080583579
0.080074359
0.079565335
0.079056465
0.078547722
0.078039082
0.077530526
0.077022038
0.076513602
0.076005204
0.075496834
0.074988483
0.074480146
0.073971815
0.073463488
0.072955162
0.072446838
0.071938514
0.071430191
0.070921865
0.070413536
0.069905202
0.069396864
0.068888524
0.068380181
0.067871834
0.067363484
0.066855128
0.066346768
0.065838406
0.065330043
0.064821682
0.064313321
0.06380496
0.063296599
0.062788236
0.062279873
0.06177151
0.061263146
0.060754781
0.060246414
0.059738045
0.059229672
0.058721295
0.058212915
0.057704532
0.057196145
0.056687756
0.056179364
0.05567097
0.055162574
0.054654178
0.05414578
0.053637381
0.053128981
0.052620581
0.05211218
0.051603781
0.051095381
0.050586982
0.050078582
0.049570182
0.049061785
0.048553391
0.048045001
0.047536612
0.047028225
0.046519839
0.046011455
0.045503074
0.044994696
0.04448632
0.043977945
0.04346957
0.042961195
0.04245282
0.041944445
0.041436069
0.040927693
0.040419318
0.039910943
0.039402567
0.038894189
0.038385809
0.037877426
0.03736904
0.03686065
0.036352259
0.035843866
0.035335474
0.034827082
0.034318689
0.033810292
0.033301893
0.032793492
0.032285089
0.031776685
0.031268281
0.030759879
0.030251478
0.029743078
0.029234679
0.028726279
0.028217879
0.027709478
0.027201076
0.026692676
0.026184278
0.025675885
0.025167495
0.024659108
0.024150725
0.023642344
0.023133964
0.022625586
0.022117208
0.021608828
0.021100448
0.020592068
0.020083688
0.019575306
0.019066922
0.018558536
0.018050147
0.017541756
0.017033364
0.01652497
0.016016575
0.01550818
0.014999786
0.014491393
0.013983001
0.013474608
0.012966215
0.012457821
0.011949425
0.011441025
0.010932621
0.010424212
0.009915799
0.0094073811
0.0088989576
0.0083905287
0.007882095
0.0073736567
0.0068652129
0.0063567632
0.0058483072
0.0053398437
0.0048313717
0.0043228893
0.0038143944
0.0033058852
0.0027973607
0.0022888201
0.0017802616
0.0012716919
0.00076309805
0.00025453348
0.22399468
0.22387695
0.22352666
0.22284757
0.22174121
0.22004991
0.21753099
0.21383271
0.20845614
0.2007279
0.18974424
0.17458196
0.15441659
0.1301065
0.10457061
0.081297178
0.063045894
0.050491993
0.04300929
0.039402872
0.038915731
0.04039884
0.043403788
0.047581103
0.052590904
0.058120589
0.063893271
0.069665471
0.075230548
0.080424959
0.085131002
0.089274906
0.092821735
0.09576864
0.098137648
0.09996875
0.10131372
0.10223091
0.10278098
0.10302369
0.10301547
0.10280774
0.10244597
0.10196922
0.10141009
0.10079509
0.10014516
0.099476341
0.098800542
0.098126238
0.097459175
0.096802973
0.096159646
0.095530038
0.094914168
0.094311507
0.093721185
0.093142142
0.092573238
0.092013327
0.091461304
0.090916138
0.090376891
0.089842719
0.089312878
0.08878671
0.088263647
0.087743198
0.087224943
0.086708524
0.086193632
0.08568001
0.085167438
0.084655733
0.084144744
0.083634339
0.083124406
0.082614855
0.082105611
0.081596616
0.081087819
0.080579179
0.080070659
0.079562228
0.079053864
0.078545549
0.078037272
0.077529024
0.077020794
0.076512575
0.07600436
0.075496143
0.07498792
0.074479689
0.073971445
0.07346319
0.072954923
0.072446648
0.071938364
0.071430073
0.070921773
0.070413466
0.06990515
0.069396827
0.068888498
0.068380164
0.067871824
0.067363478
0.066855127
0.06634677
0.065838411
0.065330051
0.064821691
0.064313331
0.063804971
0.06329661
0.062788247
0.062279883
0.061771517
0.061263149
0.060754781
0.06024641
0.059738038
0.059229663
0.058721285
0.058212904
0.05770452
0.057196133
0.056687744
0.056179351
0.055670957
0.055162562
0.054654165
0.054145767
0.053637368
0.053128968
0.052620568
0.052112169
0.05160377
0.051095372
0.050586973
0.050078575
0.049570178
0.049061783
0.048553391
0.048045002
0.047536615
0.047028229
0.046519844
0.046011461
0.045503082
0.044994704
0.044486328
0.043977951
0.043469574
0.042961197
0.042452819
0.041944442
0.041436064
0.040927687
0.04041931
0.039910934
0.039402557
0.038894178
0.038385796
0.037877412
0.037369023
0.036860632
0.03635224
0.035843848
0.035335458
0.034827069
0.034318678
0.033810285
0.033301889
0.032793491
0.03228509
0.031776689
0.031268288
0.030759888
0.030251488
0.02974309
0.029234691
0.028726292
0.028217892
0.027709489
0.027201087
0.026692687
0.02618429
0.025675896
0.025167506
0.02465912
0.024150736
0.023642356
0.023133977
0.022625599
0.022117219
0.021608839
0.021100458
0.020592078
0.020083697
0.019575314
0.019066929
0.018558542
0.018050153
0.017541762
0.01703337
0.016524976
0.016016582
0.015508188
0.014999795
0.014491404
0.013983012
0.013474621
0.01296623
0.012457837
0.011949442
0.011441044
0.010932642
0.010424236
0.0099158252
0.0094074101
0.0088989902
0.0083905654
0.0078821355
0.007373701
0.0068652609
0.0063568142
0.0058483608
0.0053398999
0.0048314294
0.0043229473
0.0038144519
0.0033059418
0.002797415
0.0022888702
0.0017803055
0.0012717286
0.00076312422
0.0002545508
0.22037646
0.22021054
0.21972066
0.21879656
0.21735441
0.21526177
0.21231635
0.20823734
0.20265141
0.19509383
0.18500768
0.17187391
0.15529239
0.1357221
0.11490383
0.0951585
0.07850504
0.065976434
0.057595624
0.052821369
0.050639631
0.050700871
0.052428705
0.055401202
0.059265293
0.063706906
0.068452084
0.073266804
0.077957235
0.082371185
0.086398001
0.089965926
0.093037449
0.095603559
0.097677672
0.099289754
0.10048101
0.10129929
0.10179535
0.10201986
0.10202116
0.10184367
0.10152695
0.10110514
0.1006069
0.10005563
0.099469882
0.098863954
0.098248499
0.097631165
0.097017192
0.096409945
0.095811368
0.095222371
0.094643131
0.09407334
0.093512382
0.092959471
0.092413744
0.091874327
0.091340377
0.090811111
0.090285822
0.089763878
0.089244727
0.088727889
0.088212955
0.087699577
0.087187463
0.086676367
0.086166081
0.085656439
0.085147304
0.084638564
0.084130125
0.083621909
0.083113854
0.082605911
0.082098044
0.081590226
0.081082434
0.08057465
0.080066857
0.079559043
0.079051203
0.078543333
0.078035432
0.0775275
0.077019537
0.07651154
0.076003511
0.075495449
0.074987355
0.07447923
0.073971075
0.073462893
0.072954687
0.072446461
0.071938218
0.07142996
0.070921688
0.070413402
0.069905104
0.069396796
0.068888478
0.068380153
0.067871819
0.067363478
0.06685513
0.066346777
0.065838421
0.065330063
0.064821705
0.064313346
0.063804986
0.063296624
0.06278826
0.062279894
0.061771525
0.061263153
0.06075478
0.060246406
0.059738031
0.059229655
0.058721276
0.058212894
0.057704509
0.057196121
0.056687731
0.056179338
0.055670944
0.055162549
0.054654152
0.054145754
0.053637355
0.053128956
0.052620556
0.052112157
0.051603759
0.051095361
0.050586964
0.050078568
0.049570173
0.049061781
0.048553392
0.048045005
0.047536619
0.047028234
0.04651985
0.046011468
0.045503089
0.044994712
0.044486334
0.043977955
0.043469576
0.042961197
0.042452818
0.041944438
0.041436059
0.04092768
0.040419302
0.039910924
0.039402546
0.038894166
0.038385783
0.037877396
0.037369006
0.036860614
0.036352222
0.035843832
0.035335444
0.034827057
0.034318668
0.033810277
0.033301884
0.032793489
0.032285092
0.031776693
0.031268294
0.030759896
0.030251499
0.029743101
0.029234704
0.028726305
0.028217904
0.027709501
0.027201099
0.026692699
0.026184303
0.025675909
0.025167519
0.024659133
0.024150751
0.023642371
0.023133992
0.022625612
0.022117231
0.02160885
0.021100469
0.020592088
0.020083706
0.019575321
0.019066935
0.018558548
0.018050159
0.017541768
0.017033376
0.016524983
0.016016589
0.015508197
0.014999806
0.014491415
0.013983025
0.013474636
0.012966246
0.012457854
0.01194946
0.011441064
0.010932664
0.010424261
0.0099158535
0.0094074415
0.0088990254
0.0083906054
0.0078821803
0.0073737497
0.0068653136
0.0063568715
0.0058484221
0.0053399641
0.0048314957
0.0043230153
0.003814521
0.0033060106
0.0027974816
0.0022889327
0.0017803621
0.0012717762
0.00076315812
0.00025457301
0.21711168
0.21690794
0.21630774
0.21519244
0.21349654
0.2111173
0.20789642
0.20362171
0.19802673
0.1908018
0.18161176
0.17018363
0.15638232
0.14054378
0.12370937
0.10732349
0.092787428
0.081046438
0.072401756
0.066660174
0.063353278
0.062115358
0.062518455
0.064182128
0.066774737
0.070001595
0.073604992
0.077364959
0.081099568
0.084665046
0.087954742
0.090896465
0.093448461
0.095594554
0.097339016
0.098701543
0.099712645
0.10040961
0.10083312
0.10102454
0.10102382
0.10086803
0.10059037
0.10021968
0.099780238
0.099291955
0.098770665
0.098228611
0.097674959
0.097116337
0.096557331
0.096000941
0.095448966
0.094902331
0.094361343
0.093825896
0.093295626
0.09277002
0.092248498
0.091730469
0.091215367
0.090702668
0.090191907
0.089682675
0.089174625
0.088667464
0.088160951
0.087654888
0.087149118
0.086643521
0.086137973
0.085632429
0.085126828
0.084621129
0.084115301
0.083609324
0.083103187
0.082596886
0.082090423
0.081583804
0.081077032
0.080570115
0.080063059
0.07955587
0.07904856
0.078541138
0.078033616
0.077526001
0.077018302
0.076510526
0.076002681
0.075494772
0.074986805
0.074478785
0.073970717
0.073462607
0.072954462
0.072446286
0.071938084
0.071429859
0.070921614
0.070413349
0.069905069
0.069396774
0.068888466
0.068380148
0.06787182
0.067363484
0.06685514
0.06634679
0.065838436
0.065330079
0.064821721
0.064313363
0.063805002
0.06329664
0.062788275
0.062279906
0.061771533
0.061263158
0.060754781
0.060246404
0.059738027
0.059229648
0.058721267
0.058212884
0.057704497
0.057196108
0.056687717
0.056179324
0.05567093
0.055162535
0.054654139
0.054145742
0.053637343
0.053128944
0.052620544
0.052112145
0.051603748
0.051095351
0.050586956
0.050078561
0.049570169
0.04906178
0.048553393
0.048045008
0.047536623
0.04702824
0.046519857
0.046011476
0.045503096
0.044994717
0.044486338
0.043977957
0.043469576
0.042961195
0.042452815
0.041944434
0.041436053
0.040927672
0.040419293
0.039910914
0.039402535
0.038894153
0.038385768
0.037877379
0.037368988
0.036860596
0.036352205
0.035843817
0.035335431
0.034827045
0.034318659
0.03381027
0.03330188
0.032793488
0.032285093
0.031776696
0.031268299
0.030759903
0.030251508
0.029743112
0.029234715
0.028726316
0.028217915
0.027709513
0.027201112
0.026692713
0.026184317
0.025675923
0.025167534
0.024659149
0.024150767
0.023642387
0.023134007
0.022625626
0.022117244
0.021608863
0.021100481
0.020592098
0.020083714
0.019575328
0.019066942
0.018558554
0.018050165
0.017541774
0.017033382
0.01652499
0.016016598
0.015508207
0.014999817
0.014491428
0.013983039
0.013474651
0.012966263
0.012457872
0.01194948
0.011441086
0.010932688
0.010424287
0.0099158829
0.0094074752
0.0088990636
0.008390648
0.0078822279
0.0073738026
0.0068653718
0.0063569348
0.0058484902
0.0053400361
0.0048315715
0.0043230944
0.0038146025
0.0033060927
0.0027975629
0.0022890113
0.0017804344
0.0012718378
0.00076320381
0.00025460222
0.21428374
0.21404921
0.21335831
0.2120878
0.21019281
0.20760198
0.20419979
0.19983453
0.19432491
0.1874739
0.1790911
0.16905264
0.15736005
0.14428642
0.13049039
0.11689395
0.10444796
0.093878873
0.085541913
0.079455461
0.075427654
0.073197346
0.072469154
0.07294259
0.074335778
0.076391136
0.078878704
0.081599141
0.084385519
0.087103873
0.089652401
0.091959317
0.093979598
0.095691009
0.097089796
0.098186428
0.099001603
0.099562711
0.099900817
0.10004822
0.10003658
0.099895508
0.09965172
0.09932849
0.09894549
0.098518867
0.0980615
0.097583369
0.097091975
0.096592777
0.096089595
0.095584979
0.095080526
0.094577134
0.094075214
0.09357485
0.09307592
0.092578186
0.092081356
0.09158513
0.091089223
0.090593379
0.090097381
0.089601052
0.089104255
0.088606892
0.088108892
0.087610215
0.087110837
0.086610752
0.08611
0.085608577
0.085106519
0.084603862
0.084100644
0.083596904
0.083092681
0.082588015
0.082082949
0.081577518
0.081071758
0.080565698
0.080059369
0.079552796
0.079046007
0.078539025
0.078031872
0.077524566
0.077017124
0.076509562
0.076001894
0.075494132
0.074986287
0.074478368
0.073970385
0.073462345
0.072954258
0.072446131
0.071937968
0.071429775
0.070921555
0.070413311
0.069905046
0.069396763
0.068888464
0.068380152
0.067871829
0.067363497
0.066855156
0.066346808
0.065838455
0.065330099
0.06482174
0.064313381
0.06380502
0.063296657
0.06278829
0.062279918
0.061771542
0.061263164
0.060754784
0.060246404
0.059738024
0.059229643
0.058721261
0.058212875
0.057704486
0.057196095
0.056687702
0.056179309
0.055670916
0.055162522
0.054654127
0.054145731
0.053637332
0.053128933
0.052620533
0.052112134
0.051603737
0.051095341
0.050586948
0.050078556
0.049570166
0.04906178
0.048553395
0.048045012
0.047536629
0.047028246
0.046519864
0.046011483
0.045503102
0.044994721
0.044486339
0.043977957
0.043469575
0.042961193
0.042452811
0.041944428
0.041436046
0.040927664
0.040419284
0.039910904
0.039402523
0.03889414
0.038385753
0.037877363
0.037368971
0.03686058
0.036352191
0.035843804
0.035335419
0.034827035
0.03431865
0.033810264
0.033301876
0.032793486
0.032285092
0.031776698
0.031268304
0.03075991
0.030251516
0.029743121
0.029234725
0.028726326
0.028217926
0.027709525
0.027201126
0.026692727
0.026184331
0.025675939
0.025167551
0.024659167
0.024150786
0.023642405
0.023134024
0.022625641
0.022117259
0.021608876
0.021100492
0.020592107
0.020083722
0.019575335
0.019066949
0.01855856
0.01805017
0.017541779
0.017033388
0.016524997
0.016016607
0.015508217
0.014999828
0.014491441
0.013983055
0.013474668
0.01296628
0.012457891
0.0119495
0.011441108
0.010932712
0.010424314
0.0099159136
0.0094075102
0.0088991036
0.0083906929
0.0078822782
0.0073738593
0.0068654347
0.0063570034
0.0058485643
0.0053401161
0.0048316569
0.0043231847
0.0038146968
0.0033061902
0.002797662
0.002289109
0.0017805262
0.0012719184
0.00076326666
0.00025464059
0.21196089
0.21169844
0.21092422
0.2095129
0.20744291
0.20467566
0.20113616
0.19672481
0.19132741
0.18482868
0.1771329
0.16820369
0.15810442
0.1470644
0.13553103
0.1241152
0.11346158
0.10410052
0.096351285
0.090316118
0.085935296
0.083059846
0.081491881
0.081010149
0.081392116
0.082425459
0.083915023
0.085687839
0.087596299
0.089519607
0.091363717
0.093059948
0.094562561
0.095845615
0.096899452
0.097727122
0.098341
0.098759732
0.099005612
0.099102465
0.099073985
0.098942548
0.098728415
0.098449279
0.098120106
0.09775318
0.097358299
0.096943067
0.096513216
0.09607295
0.095625254
0.09517218
0.094715078
0.094254795
0.093791827
0.093326432
0.092858726
0.092388743
0.091916482
0.09144193
0.090965087
0.090485964
0.090004594
0.089521035
0.089035363
0.088547672
0.088058068
0.087566663
0.087073581
0.086578939
0.086082863
0.08558547
0.085086876
0.084587191
0.08408652
0.083584958
0.083082597
0.082579521
0.082075808
0.081571528
0.081066743
0.08056151
0.08005588
0.079549899
0.079043609
0.078537046
0.078030244
0.077523231
0.077016032
0.076508672
0.07600117
0.075493546
0.074985816
0.074477993
0.073970089
0.073462116
0.072954084
0.072446002
0.071937876
0.071429712
0.070921514
0.070413288
0.069905037
0.069396763
0.068888472
0.068380166
0.067871847
0.067363517
0.066855178
0.066346831
0.065838478
0.06533012
0.06482176
0.0643134
0.063805038
0.063296674
0.062788305
0.062279931
0.061771552
0.061263171
0.060754788
0.060246406
0.059738024
0.059229641
0.058721255
0.058212866
0.057704474
0.057196081
0.056687687
0.056179294
0.055670902
0.05516251
0.054654116
0.05414572
0.053637322
0.053128922
0.052620523
0.052112124
0.051603727
0.051095333
0.050586941
0.050078552
0.049570164
0.04906178
0.048553397
0.048045016
0.047536634
0.047028252
0.04651987
0.046011488
0.045503105
0.044994723
0.044486339
0.043977956
0.043469572
0.042961189
0.042452806
0.041944422
0.041436039
0.040927657
0.040419275
0.039910894
0.039402511
0.038894125
0.038385737
0.037877347
0.037368956
0.036860566
0.036352178
0.035843793
0.03533541
0.034827027
0.034318643
0.033810258
0.033301872
0.032793483
0.032285091
0.031776699
0.031268307
0.030759915
0.030251522
0.029743129
0.029234733
0.028726336
0.028217937
0.027709538
0.027201139
0.026692742
0.026184347
0.025675957
0.02516757
0.024659187
0.024150805
0.023642423
0.023134041
0.022625657
0.022117273
0.021608888
0.021100503
0.020592116
0.020083729
0.019575342
0.019066954
0.018558566
0.018050176
0.017541785
0.017033395
0.016525005
0.016016616
0.015508228
0.014999841
0.014491455
0.01398307
0.013474684
0.012966298
0.01245791
0.011949521
0.01144113
0.010932737
0.010424342
0.009915945
0.0094075457
0.0088991439
0.0083907392
0.0078823308
0.0073739183
0.0068655005
0.0063570759
0.0058486438
0.0053402029
0.0048317509
0.0043232856
0.0038148045
0.0033063042
0.0027977804
0.0022892283
0.0017806425
0.0012720236
0.0007633543
0.00025469168
0.21020559
0.2099128
0.20904751
0.20748448
0.20523081
0.20228396
0.19860844
0.19415012
0.1888481
0.18264654
0.17551129
0.16745614
0.15856916
0.14904421
0.13920215
0.12946142
0.12026496
0.11199477
0.10490982
0.099129892
0.094656069
0.091413128
0.089272976
0.088078728
0.087662125
0.0878554
0.0884996
0.089450504
0.090582522
0.091790844
0.092992055
0.094123456
0.095141367
0.096018719
0.096742246
0.097309572
0.097726389
0.098003915
0.098156705
0.098200868
0.098152709
0.098027735
0.097840017
0.097601826
0.097323509
0.097013529
0.096678618
0.096323996
0.095953615
0.095570404
0.095176495
0.094773421
0.094362271
0.093943827
0.093518652
0.093087172
0.092649733
0.092206634
0.091758155
0.091304568
0.090846145
0.090383161
0.089915896
0.089444637
0.088969668
0.088491273
0.08800973
0.087525305
0.08703825
0.086548806
0.086057203
0.085563656
0.085068362
0.084571507
0.084073256
0.083573764
0.083073168
0.082571596
0.082069162
0.081565966
0.0810621
0.080557643
0.080052668
0.079547239
0.079041414
0.078535241
0.078028764
0.077522021
0.077015047
0.076507872
0.076000525
0.075493028
0.074985403
0.074477668
0.073969838
0.073461926
0.072953944
0.072445902
0.071937808
0.071429669
0.070921492
0.07041328
0.06990504
0.069396775
0.068888489
0.068380187
0.067871871
0.067363543
0.066855205
0.066346858
0.065838503
0.065330143
0.064821781
0.064313419
0.063805056
0.06329669
0.06278832
0.062279944
0.061771563
0.061263179
0.060754794
0.06024641
0.059738025
0.059229639
0.058721249
0.058212857
0.057704462
0.057196067
0.056687673
0.056179281
0.05567089
0.055162499
0.054654106
0.054145711
0.053637313
0.053128913
0.052620513
0.052112115
0.05160372
0.051095327
0.050586937
0.050078549
0.049570164
0.049061781
0.0485534
0.048045019
0.047536638
0.047028256
0.046519873
0.04601149
0.045503107
0.044994723
0.044486338
0.043977953
0.043469569
0.042961185
0.042452801
0.041944417
0.041436033
0.040927649
0.040419266
0.039910882
0.039402497
0.03889411
0.038385722
0.037877333
0.037368943
0.036860555
0.036352169
0.035843785
0.035335403
0.03482702
0.034318637
0.033810253
0.033301867
0.032793479
0.032285089
0.031776698
0.031268308
0.030759918
0.030251527
0.029743135
0.02923474
0.028726344
0.028217947
0.02770955
0.027201153
0.026692757
0.026184364
0.025675975
0.02516759
0.024659207
0.024150824
0.023642441
0.023134058
0.022625673
0.022117287
0.021608901
0.021100513
0.020592124
0.020083736
0.019575348
0.01906696
0.018558571
0.018050181
0.017541791
0.017033402
0.016525013
0.016016625
0.015508239
0.014999854
0.014491469
0.013983085
0.0134747
0.012966315
0.012457929
0.011949541
0.011441151
0.010932761
0.010424369
0.0099159759
0.0094075808
0.008899184
0.0083907855
0.0078823838
0.0073739779
0.0068655673
0.0063571507
0.0058487268
0.0053402943
0.0048318514
0.0043233958
0.0038149247
0.003306434
0.0027979185
0.0022893723
0.0017807877
0.0012721595
0.00076347894
0.00025475941
0.209086
0.20875308
0.20776893
0.20601225
0.20352984
0.20036256
0.19651601
0.19197665
0.18672686
0.18075413
0.17406395
0.16669742
0.15874823
0.15037809
0.14182387
0.13337936
0.12535326
0.11801922
0.11157666
0.10613556
0.10172057
0.09829888
0.095789121
0.094082527
0.093055338
0.092579036
0.092528378
0.092787219
0.093252511
0.093836717
0.094468819
0.095094125
0.095673122
0.09617966
0.096598774
0.096924353
0.097156884
0.097301405
0.097365765
0.097359219
0.097291363
0.097171393
0.097007622
0.096807243
0.096576249
0.096319483
0.096040762
0.095743032
0.095428538
0.095098987
0.094755689
0.094399672
0.094031771
0.093652694
0.09326307
0.09286348
0.092454487
0.092036641
0.091610488
0.091176566
0.090735408
0.090287539
0.089833473
0.089373712
0.088908743
0.088439031
0.087965007
0.087487082
0.087005635
0.086521023
0.086033577
0.085543599
0.085051367
0.084557133
0.084061123
0.083563542
0.083064576
0.08256439
0.082063132
0.081560932
0.081057907
0.08055416
0.080049783
0.079544858
0.079039454
0.078533634
0.078027451
0.077520953
0.077014182
0.076507175
0.075999966
0.075492584
0.074985055
0.074477399
0.073969635
0.073461777
0.072953838
0.072445831
0.071937764
0.071429646
0.070921484
0.070413285
0.069905053
0.069396794
0.068888513
0.068380213
0.0678719
0.067363573
0.066855235
0.066346885
0.065838528
0.065330165
0.064821801
0.064313438
0.063805073
0.063296706
0.062788334
0.062279956
0.061771573
0.061263187
0.060754801
0.060246414
0.059738027
0.059229637
0.058721244
0.058212848
0.057704451
0.057196055
0.05668766
0.056179269
0.055670879
0.055162489
0.054654097
0.054145702
0.053637304
0.053128905
0.052620506
0.052112109
0.051603715
0.051095324
0.050586935
0.050078548
0.049570164
0.049061782
0.048553402
0.048045022
0.047536641
0.047028258
0.046519875
0.04601149
0.045503106
0.044994721
0.044486335
0.04397795
0.043469565
0.042961181
0.042452797
0.041944411
0.041436026
0.040927641
0.040419255
0.039910869
0.039402483
0.038894096
0.038385708
0.03787732
0.037368932
0.036860546
0.036352162
0.03584378
0.035335398
0.034827015
0.034318632
0.033810248
0.033301862
0.032793474
0.032285085
0.031776696
0.031268308
0.03075992
0.03025153
0.029743139
0.029234746
0.028726352
0.028217957
0.027709561
0.027201166
0.026692772
0.026184382
0.025675995
0.025167611
0.024659227
0.024150844
0.023642459
0.023134074
0.022625688
0.0221173
0.021608911
0.021100522
0.020592132
0.020083743
0.019575354
0.019066964
0.018558575
0.018050186
0.017541797
0.017033408
0.016525021
0.016016635
0.01550825
0.014999866
0.014491483
0.013983099
0.013474716
0.012966332
0.012457946
0.011949559
0.011441172
0.010932783
0.010424394
0.0099160045
0.0094076142
0.0088992228
0.0083908301
0.0078824348
0.007374036
0.0068656329
0.0063572246
0.0058488096
0.0053403868
0.0048319549
0.0043235114
0.0038150534
0.0033065764
0.0027980748
0.0022895407
0.0017809642
0.0012723333
0.00076365438
0.00025484677
0.2086901
0.20829545
0.20713564
0.20510225
0.20230353
0.19883666
0.19475352
0.19007676
0.18482407
0.17901366
0.17267436
0.16585871
0.15865424
0.15119141
0.14364533
0.13622394
0.12914326
0.12259769
0.11673541
0.11164568
0.10736696
0.10388086
0.10113897
0.099067826
0.097578434
0.096575023
0.095961894
0.095648538
0.095553289
0.095605647
0.095747399
0.095932678
0.096127206
0.096306959
0.096456494
0.09656717
0.096635404
0.096661119
0.096646432
0.096594616
0.096509349
0.096394201
0.096252336
0.096086379
0.095898399
0.095689977
0.09546229
0.095216227
0.094952487
0.094671668
0.094374331
0.094061048
0.093732418
0.093389084
0.093031733
0.092661089
0.092277909
0.091882973
0.091477065
0.091060969
0.090635455
0.090201275
0.089759161
0.089309813
0.088853894
0.088392028
0.087924798
0.087452741
0.086976358
0.086496106
0.086012407
0.085525647
0.085036173
0.084544298
0.084050304
0.083554442
0.083056939
0.082557995
0.082057789
0.08155648
0.081054207
0.080551094
0.08004725
0.079542772
0.079037742
0.078532234
0.078026311
0.07752003
0.077013439
0.076506581
0.075999495
0.075492215
0.07498477
0.074477183
0.073969476
0.073461664
0.072953762
0.072445782
0.071937737
0.071429636
0.070921488
0.070413298
0.069905073
0.069396818
0.068888539
0.068380242
0.06787193
0.067363604
0.066855264
0.066346913
0.065838553
0.065330187
0.064821821
0.064313456
0.06380509
0.063296721
0.062788347
0.062279967
0.061771582
0.061263195
0.060754807
0.060246418
0.059738028
0.059229635
0.058721239
0.05821284
0.057704441
0.057196044
0.05668765
0.056179259
0.05567087
0.055162481
0.054654089
0.054145694
0.053637296
0.053128898
0.0526205
0.052112105
0.051603713
0.051095322
0.050586934
0.050078548
0.049570165
0.049061784
0.048553404
0.048045024
0.047536642
0.047028258
0.046519873
0.046011489
0.045503103
0.044994718
0.044486332
0.043977946
0.043469562
0.042961178
0.042452793
0.041944406
0.041436019
0.040927631
0.040419244
0.039910857
0.03940247
0.038894083
0.038385696
0.037877309
0.037368924
0.03686054
0.036352158
0.035843777
0.035335395
0.034827012
0.034318629
0.033810244
0.033301857
0.032793469
0.03228508
0.031776693
0.031268307
0.03075992
0.030251532
0.029743142
0.029234751
0.028726359
0.028217966
0.027709572
0.027201179
0.026692788
0.0261844
0.025676015
0.025167631
0.024659247
0.024150862
0.023642477
0.023134091
0.022625702
0.022117312
0.021608921
0.02110053
0.020592139
0.020083748
0.019575358
0.019066968
0.018558579
0.01805019
0.017541801
0.017033414
0.016525028
0.016016644
0.01550826
0.014999877
0.014491495
0.013983113
0.01347473
0.012966346
0.012457961
0.011949576
0.01144119
0.010932803
0.010424417
0.0099160303
0.0094076444
0.0088992581
0.0083908705
0.0078824813
0.0073740894
0.0068656938
0.0063572935
0.0058488878
0.0053404757
0.0048320558
0.0043236263
0.0038151842
0.0033067254
0.0027982436
0.0022897291
0.0017811711
0.0012725479
0.00076389398
0.0002549551
0.20915409
0.20865125
0.20720855
0.20475583
0.20150203
0.1976216
0.19320945
0.18832779
0.18301897
0.17731845
0.17126341
0.16490411
0.15831274
0.15158786
0.1448549
0.13825869
0.13194879
0.12606125
0.12070355
0.11594723
0.11182492
0.10833392
0.10544604
0.10311284
0.10127234
0.099855506
0.098791649
0.098012615
0.097455861
0.097066484
0.096798265
0.096613843
0.096484234
0.096387872
0.096309385
0.096238295
0.096167754
0.096093433
0.096012607
0.095923463
0.095824621
0.095714841
0.095592879
0.095457456
0.095307295
0.095141183
0.094958051
0.094757031
0.094537502
0.094299116
0.094041799
0.093765727
0.093471301
0.093159107
0.09282988
0.092484468
0.092123797
0.091748842
0.091360595
0.090960052
0.090548192
0.090125967
0.089694291
0.089254034
0.088806017
0.088351006
0.087889709
0.08742278
0.086950819
0.086474375
0.085993952
0.085510004
0.08502294
0.084533127
0.084040893
0.083546531
0.083050304
0.082552444
0.082053156
0.081552623
0.081051006
0.080548445
0.080045065
0.079540975
0.07903627
0.078531034
0.078025338
0.077519246
0.077012811
0.076506082
0.075999103
0.075491912
0.07498454
0.074477013
0.073969354
0.073461579
0.072953706
0.072445749
0.071937722
0.071429635
0.070921496
0.070413314
0.069905093
0.069396842
0.068888565
0.06838027
0.067871959
0.067363632
0.066855291
0.066346938
0.065838575
0.065330208
0.064821841
0.064313474
0.063805106
0.063296736
0.06278836
0.062279977
0.06177159
0.061263201
0.06075481
0.06024642
0.059738027
0.059229631
0.058721233
0.058212832
0.057704433
0.057196036
0.056687642
0.056179252
0.055670863
0.055162474
0.054654081
0.054145686
0.053637289
0.053128892
0.052620496
0.052112103
0.051603712
0.051095323
0.050586936
0.050078551
0.049570167
0.049061786
0.048553405
0.048045023
0.04753664
0.047028255
0.04651987
0.046011485
0.045503099
0.044994713
0.044486328
0.043977944
0.04346956
0.042961176
0.042452789
0.041944401
0.041436011
0.040927622
0.040419233
0.039910844
0.039402457
0.03889407
0.038385685
0.037877301
0.037368919
0.036860537
0.036352156
0.035843775
0.035335393
0.03482701
0.034318625
0.033810239
0.033301851
0.032793462
0.032285075
0.031776689
0.031268304
0.030759919
0.030251532
0.029743144
0.029234755
0.028726365
0.028217974
0.027709582
0.027201191
0.026692803
0.026184417
0.025676034
0.02516765
0.024659266
0.024150881
0.023642494
0.023134106
0.022625715
0.022117323
0.02160893
0.021100537
0.020592144
0.020083752
0.019575361
0.019066971
0.018558582
0.018050193
0.017541806
0.017033419
0.016525035
0.016016652
0.015508269
0.014999887
0.014491506
0.013983124
0.013474742
0.012966358
0.012457974
0.011949589
0.011441204
0.010932819
0.010424435
0.0099160519
0.0094076694
0.0088992872
0.0083909046
0.0078825206
0.0073741346
0.0068657456
0.0063573529
0.0058489559
0.0053405541
0.0048321465
0.0043237317
0.0038153075
0.0033068702
0.0027984135
0.0022899269
0.0017813983
0.0012727987
0.0007642048
0.00025508118
0.21070765
0.20999344
0.20806823
0.20496246
0.2010493
0.19660131
0.19176227
0.18661622
0.18121662
0.17559895
0.16979327
0.16383324
0.15776777
0.15166221
0.14560012
0.13967791
0.13399635
0.12864952
0.12371453
0.11924618
0.11527322
0.11180165
0.10881766
0.10629158
0.10418258
0.10244321
0.10102339
0.099873657
0.098947653
0.098203769
0.097606056
0.097124461
0.096734555
0.096416896
0.096156206
0.095940484
0.095760164
0.095607387
0.09547543
0.095358302
0.095250491
0.095146852
0.095042581
0.094933265
0.094814942
0.094684175
0.094538101
0.094374455
0.094191569
0.093988343
0.093764192
0.093518977
0.093252938
0.092966612
0.092660775
0.09233637
0.091994459
0.091636173
0.091262678
0.090875141
0.090474712
0.090062504
0.089639583
0.08920696
0.088765585
0.08831634
0.087860038
0.087397428
0.086929196
0.086455967
0.085978311
0.08549674
0.085011714
0.084523646
0.084032902
0.083539812
0.083044666
0.082547725
0.082049217
0.081549345
0.081048285
0.080546193
0.080043207
0.079539448
0.079035022
0.078530018
0.078024517
0.077518585
0.077012284
0.076505667
0.07599878
0.075491664
0.074984355
0.074476878
0.073969257
0.073461513
0.072953663
0.072445724
0.071937711
0.071429635
0.070921505
0.070413328
0.069905111
0.069396861
0.068888587
0.068380293
0.067871982
0.067363656
0.066855314
0.066346959
0.065838596
0.065330228
0.064821859
0.064313491
0.063805122
0.063296749
0.06278837
0.062279984
0.061771595
0.061263203
0.060754812
0.060246419
0.059738024
0.059229627
0.058721227
0.058212826
0.057704427
0.057196031
0.056687638
0.056179248
0.055670858
0.055162467
0.054654074
0.054145679
0.053637283
0.053128888
0.052620495
0.052112104
0.051603714
0.051095326
0.050586939
0.050078554
0.04957017
0.049061787
0.048553404
0.048045021
0.047536636
0.047028251
0.046519866
0.04601148
0.045503094
0.044994709
0.044486325
0.043977942
0.043469559
0.042961174
0.042452786
0.041944395
0.041436004
0.040927612
0.040419221
0.039910832
0.039402445
0.03889406
0.038385677
0.037877296
0.037368916
0.036860536
0.036352157
0.035843776
0.035335393
0.034827009
0.034318622
0.033810233
0.033301844
0.032793456
0.03228507
0.031776685
0.031268301
0.030759916
0.030251531
0.029743146
0.029234759
0.02872637
0.028217981
0.027709591
0.027201203
0.026692818
0.026184434
0.025676051
0.025167668
0.024659283
0.024150897
0.023642509
0.023134119
0.022625726
0.022117332
0.021608937
0.021100543
0.020592149
0.020083756
0.019575364
0.019066973
0.018558584
0.018050195
0.017541809
0.017033424
0.01652504
0.016016658
0.015508276
0.014999896
0.014491515
0.013983133
0.013474751
0.012966367
0.012457983
0.011949599
0.011441214
0.010932831
0.010424448
0.0099160675
0.0094076876
0.0088993085
0.0083909296
0.0078825497
0.0073741681
0.0068657844
0.0063573977
0.0058490079
0.0053406147
0.004832218
0.004323817
0.0038154106
0.0033069957
0.0027985669
0.002290114
0.0017816243
0.0012730696
0.00076457642
0.00025521565
0.21376311
0.21260096
0.20982069
0.20569076
0.2008401
0.19565145
0.19029631
0.18485571
0.17936655
0.17384019
0.1682789
0.16268982
0.15709006
0.15151189
0.14600481
0.14062863
0.1354489
0.13053132
0.12593205
0.12169343
0.11784298
0.1143924
0.11133881
0.10866716
0.10635319
0.10436648
0.10267332
0.10123911
0.10003033
0.099015834
0.098167658
0.097461316
0.096875717
0.096392823
0.095997167
0.095675328
0.095415433
0.095206746
0.095039361
0.094904024
0.094792049
0.094695327
0.094606388
0.094518487
0.094425686
0.094322914
0.094205999
0.094071659
0.093917461
0.093741755
0.093543578
0.09332256
0.093078815
0.092812848
0.092525455
0.092217651
0.091890595
0.091545539
0.091183777
0.090806606
0.090415307
0.090011115
0.089595215
0.089168725
0.088732695
0.088288096
0.087835828
0.087376712
0.086911501
0.086440882
0.085965476
0.08548584
0.085002477
0.084515833
0.084026308
0.083534257
0.083039999
0.082543814
0.082045948
0.08154662
0.08104602
0.080544317
0.080041659
0.079538176
0.079033981
0.078529172
0.078023833
0.077518037
0.077011848
0.076505323
0.075998514
0.075491462
0.074984204
0.074476767
0.073969177
0.073461456
0.072953625
0.072445701
0.0719377
0.071429633
0.07092151
0.070413337
0.069905122
0.069396875
0.068888602
0.068380309
0.067872
0.067363674
0.066855332
0.066346977
0.065838613
0.065330245
0.064821876
0.064313507
0.063805136
0.06329676
0.062788377
0.062279989
0.061771596
0.061263203
0.06075481
0.060246416
0.05973802
0.059229622
0.058721222
0.058212822
0.057704424
0.057196028
0.056687636
0.056179245
0.055670854
0.055162461
0.054654067
0.054145673
0.053637278
0.053128886
0.052620495
0.052112106
0.051603718
0.05109533
0.050586943
0.050078557
0.049570172
0.049061787
0.048553402
0.048045017
0.047536632
0.047028246
0.04651986
0.046011474
0.045503089
0.044994705
0.044486323
0.043977941
0.043469558
0.042961172
0.042452782
0.041944389
0.041435996
0.040927603
0.040419211
0.039910821
0.039402434
0.038894051
0.038385671
0.037877293
0.037368915
0.036860537
0.036352158
0.035843777
0.035335393
0.034827007
0.034318618
0.033810228
0.033301839
0.032793451
0.032285065
0.03177668
0.031268297
0.030759914
0.030251531
0.029743147
0.029234761
0.028726374
0.028217987
0.0277096
0.027201214
0.026692831
0.026184449
0.025676066
0.025167683
0.024659298
0.024150912
0.023642522
0.02313413
0.022625735
0.022117339
0.021608943
0.021100547
0.020592152
0.020083758
0.019575365
0.019066974
0.018558585
0.018050197
0.017541811
0.017033427
0.016525044
0.016016663
0.015508282
0.014999901
0.01449152
0.013983139
0.013474756
0.012966373
0.012457988
0.011949604
0.01144122
0.010932837
0.010424455
0.0099160756
0.0094076975
0.0088993202
0.0083909434
0.007882566
0.0073741871
0.0068658064
0.0063574233
0.0058490379
0.0053406507
0.0048322619
0.0043238717
0.0038154798
0.0033070843
0.0027986818
0.002290263
0.0017818163
0.0012733279
0.0007649735
0.00025534467
0.21904344
0.21688073
0.21257028
0.20686729
0.20074034
0.19464907
0.1887365
0.18302794
0.17749929
0.17210652
0.16680618
0.16156739
0.15637633
0.15123907
0.14617652
0.14122397
0.13642566
0.13182729
0.12747272
0.12339909
0.11963376
0.11619328
0.11308351
0.11030079
0.10783351
0.10566415
0.10377126
0.10213128
0.10072003
0.099513812
0.098490172
0.097628262
0.096908963
0.096314803
0.095829765
0.095439046
0.095128834
0.094886127
0.094698623
0.094554686
0.094443376
0.094354531
0.094278867
0.094208079
0.094134923
0.094053262
0.093958078
0.09384543
0.093712394
0.093556958
0.093377915
0.09317475
0.092947483
0.092696605
0.092422913
0.092127473
0.091811517
0.091476376
0.091123432
0.090754076
0.090369677
0.08997156
0.089560993
0.089139173
0.088707223
0.08826618
0.087817005
0.087360575
0.086897693
0.086429089
0.085955422
0.085477287
0.084995214
0.084509677
0.084021101
0.083529864
0.083036301
0.082540708
0.082043348
0.081544449
0.081044213
0.080542818
0.08004042
0.079537158
0.079033149
0.078528496
0.078023287
0.077517599
0.0770115
0.076505051
0.075998303
0.075491302
0.074984084
0.074476678
0.073969111
0.073461408
0.072953591
0.072445679
0.071937688
0.071429629
0.07092151
0.07041334
0.069905127
0.069396882
0.068888611
0.06838032
0.067872012
0.067363686
0.066855345
0.06634699
0.065838627
0.06533026
0.064821892
0.064313522
0.063805148
0.063296768
0.062788381
0.06227999
0.061771595
0.0612632
0.060754806
0.060246411
0.059738015
0.059229617
0.058721218
0.05821282
0.057704423
0.057196028
0.056687635
0.056179243
0.05567085
0.055162456
0.054654062
0.054145668
0.053637275
0.053128885
0.052620496
0.052112109
0.051603722
0.051095335
0.050586948
0.05007856
0.049570173
0.049061786
0.0485534
0.048045013
0.047536626
0.047028239
0.046519853
0.046011468
0.045503085
0.044994703
0.044486322
0.043977941
0.043469557
0.042961169
0.042452778
0.041944384
0.041435989
0.040927594
0.040419201
0.039910812
0.039402427
0.038894046
0.038385668
0.037877292
0.037368916
0.036860539
0.03635216
0.035843778
0.035335393
0.034827005
0.034318615
0.033810224
0.033301834
0.032793446
0.03228506
0.031776676
0.031268294
0.030759912
0.03025153
0.029743147
0.029234763
0.028726377
0.028217992
0.027709607
0.027201224
0.026692842
0.026184461
0.025676079
0.025167696
0.024659311
0.024150924
0.023642532
0.023134138
0.022625742
0.022117345
0.021608947
0.02110055
0.020592154
0.020083759
0.019575366
0.019066975
0.018558585
0.018050198
0.017541812
0.017033429
0.016525046
0.016016665
0.015508285
0.014999904
0.014491523
0.013983141
0.013474758
0.012966374
0.012457989
0.011949604
0.01144122
0.010932837
0.010424455
0.0099160761
0.0094076985
0.0088993217
0.0083909452
0.0078825683
0.00737419
0.0068658095
0.006357427
0.0058490428
0.0053406576
0.0048322722
0.0043238874
0.0038155034
0.0033071204
0.0027987366
0.0022903446
0.0017819352
0.0012735287
0.00076533174
0.00025545308
0.22775112
0.22329894
0.21625016
0.20827448
0.20057671
0.19351642
0.18709985
0.18122126
0.17574323
0.17053891
0.16551002
0.16058935
0.15573805
0.150942
0.14620694
0.14155419
0.13701549
0.13262786
0.12842956
0.12445567
0.12073505
0.11728887
0.11413
0.11126323
0.10868612
0.1063902
0.10436249
0.10258678
0.10104492
0.099717816
0.098586167
0.097630981
0.096833863
0.096177158
0.09564399
0.095218234
0.094884487
0.094628041
0.094434895
0.094291812
0.094186403
0.094107235
0.094043944
0.093987328
0.093929414
0.09386349
0.093784084
0.093686915
0.093568799
0.093427548
0.093261841
0.093071134
0.09285533
0.092614919
0.092350757
0.092063934
0.091755725
0.091427516
0.091080749
0.090716875
0.090337324
0.089943482
0.089536673
0.08911815
0.088689084
0.08825056
0.087803579
0.087349055
0.086887828
0.086420657
0.08594823
0.085471164
0.084990011
0.084505265
0.084017368
0.083526713
0.083033648
0.082538481
0.082041483
0.081542893
0.081042918
0.080541746
0.080039538
0.079536435
0.079032561
0.078528021
0.078022906
0.077517296
0.077011261
0.076504866
0.075998163
0.075491197
0.074984005
0.074476619
0.073969068
0.073461377
0.07295357
0.072445667
0.071937683
0.071429628
0.070921512
0.070413343
0.069905131
0.069396886
0.068888617
0.068380328
0.06787202
0.067363696
0.066855355
0.066347001
0.06583864
0.065330274
0.064821905
0.064313534
0.063805157
0.063296773
0.062788383
0.062279988
0.061771592
0.061263197
0.060754802
0.060246407
0.059738011
0.059229614
0.058721216
0.058212819
0.057704424
0.057196029
0.056687635
0.056179241
0.055670846
0.055162451
0.054654057
0.054145665
0.053637274
0.053128885
0.052620498
0.052112112
0.051603727
0.051095339
0.050586951
0.050078562
0.049570173
0.049061785
0.048553397
0.048045009
0.047536621
0.047028233
0.046519847
0.046011463
0.045503082
0.044994702
0.044486322
0.04397794
0.043469556
0.042961167
0.042452774
0.041944378
0.041435982
0.040927587
0.040419194
0.039910805
0.039402422
0.038894043
0.038385667
0.037877292
0.037368917
0.036860541
0.036352161
0.035843778
0.035335392
0.034827002
0.034318612
0.03381022
0.03330183
0.032793442
0.032285057
0.031776673
0.031268291
0.03075991
0.030251529
0.029743147
0.029234764
0.02872638
0.028217996
0.027709614
0.027201232
0.026692852
0.026184471
0.02567609
0.025167707
0.024659321
0.024150932
0.02364254
0.023134144
0.022625747
0.022117348
0.02160895
0.021100552
0.020592155
0.02008376
0.019575366
0.019066975
0.018558585
0.018050198
0.017541813
0.017033429
0.016525047
0.016016666
0.015508286
0.014999905
0.014491523
0.013983141
0.013474757
0.012966371
0.012457985
0.0119496
0.011441215
0.010932831
0.010424449
0.0099160694
0.0094076909
0.0088993133
0.0083909356
0.0078825572
0.0073741768
0.0068657941
0.0063574093
0.0058490227
0.0053406352
0.0048322477
0.004323861
0.0038154767
0.0033070959
0.0027987183
0.002290338
0.0017819494
0.0012736246
0.0007655661
0.00025552925
0.24300948
0.23274784
0.22039486
0.20933977
0.20003422
0.19216623
0.18544182
0.17956023
0.17424031
0.16926808
0.16449891
0.15984116
0.15524241
0.15068004
0.14615404
0.14168097
0.13728866
0.13301198
0.12888809
0.12495281
0.12123775
0.11776838
0.11456296
0.11163228
0.10897999
0.1066034
0.10449459
0.10264156
0.10102931
0.099640881
0.098458172
0.097462549
0.096635324
0.095958066
0.0954128
0.094982134
0.094649344
0.094398447
0.094214273
0.094082567
0.093990087
0.093924713
0.093875545
0.093832983
0.093788767
0.093735982
0.093669026
0.093583531
0.093476252
0.093345015
0.09318865
0.093006287
0.092798095
0.09256458
0.092306613
0.092025331
0.091722056
0.091398226
0.091055329
0.090694863
0.090318304
0.089927082
0.089522562
0.089106034
0.088678702
0.088241683
0.087796003
0.087342604
0.086882346
0.08641601
0.085944299
0.085467847
0.084987219
0.084502921
0.084015406
0.083525076
0.083032288
0.082537355
0.082040556
0.081542132
0.081042299
0.080541246
0.080039139
0.079536121
0.079032317
0.078527833
0.078022764
0.077517192
0.077011189
0.076504818
0.075998135
0.075491183
0.074984001
0.074476621
0.073969074
0.073461387
0.072953583
0.072445683
0.071937699
0.071429644
0.070921526
0.070413355
0.069905143
0.069396898
0.068888629
0.06838034
0.067872032
0.067363707
0.066855366
0.066347013
0.065838653
0.065330287
0.064821918
0.064313544
0.063805164
0.063296777
0.062788383
0.062279987
0.06177159
0.061263194
0.060754799
0.060246403
0.059738008
0.059229612
0.058721216
0.05821282
0.057704426
0.057196031
0.056687635
0.056179239
0.055670844
0.055162448
0.054654055
0.054145663
0.053637273
0.053128886
0.052620501
0.052112116
0.05160373
0.051095342
0.050586953
0.050078563
0.049570173
0.049061784
0.048553394
0.048045005
0.047536616
0.047028228
0.046519843
0.046011461
0.045503081
0.044994701
0.044486322
0.04397794
0.043469554
0.042961164
0.04245277
0.041944373
0.041435977
0.040927581
0.040419189
0.039910802
0.039402419
0.038894042
0.038385667
0.037877293
0.037368918
0.036860541
0.036352162
0.035843778
0.03533539
0.034827
0.034318609
0.033810217
0.033301828
0.03279344
0.032285055
0.031776671
0.031268289
0.030759908
0.030251528
0.029743146
0.029234764
0.028726382
0.028218
0.027709619
0.027201238
0.026692858
0.026184478
0.025676097
0.025167713
0.024659327
0.024150937
0.023642544
0.023134148
0.02262575
0.02211735
0.021608951
0.021100553
0.020592155
0.02008376
0.019575366
0.019066974
0.018558585
0.018050198
0.017541813
0.017033429
0.016525047
0.016016666
0.015508284
0.014999903
0.014491521
0.013983137
0.013474752
0.012966366
0.012457979
0.011949592
0.011441206
0.010932821
0.010424438
0.0099160567
0.0094076763
0.0088992965
0.0083909162
0.0078825344
0.00737415
0.0068657629
0.0063573732
0.0058489811
0.0053405871
0.0048321919
0.0043237968
0.0038154036
0.0033070138
0.0027986279
0.0022902392
0.001781849
0.0012735792
0.00076558041
0.00025554838
0.27731821
0.24865364
0.22478594
0.20944775
0.19868299
0.19035673
0.18364568
0.17798865
0.17295501
0.16826333
0.16374458
0.15930051
0.15487871
0.1504587
0.14604283
0.14164979
0.13730967
0.13305951
0.12893911
0.12498752
0.12124026
0.11772709
0.1144707
0.11148615
0.10878094
0.10635563
0.10420477
0.10231801
0.10068127
0.099277773
0.098089027
0.097095581
0.096277629
0.095615452
0.09508973
0.094681758
0.094373596
0.094148194
0.093989494
0.093882534
0.09381355
0.093770068
0.093740977
0.093716582
0.093688623
0.093650254
0.093595983
0.09352159
0.093423984
0.093301154
0.093151736
0.092975464
0.092772491
0.092543415
0.092289208
0.0920111
0.091710495
0.0913889
0.091047865
0.090688944
0.09031366
0.089923485
0.089519823
0.089103993
0.088677225
0.088240656
0.087795334
0.087342217
0.086882179
0.086416011
0.085944426
0.085468066
0.084987503
0.084503249
0.084015761
0.083525446
0.083032663
0.082537727
0.082040918
0.081542482
0.081042634
0.080541565
0.08003944
0.079536404
0.07903258
0.078528077
0.078022989
0.077517399
0.077011379
0.076504993
0.075998294
0.075491326
0.074984128
0.074476734
0.073969174
0.073461476
0.072953664
0.072445754
0.071937762
0.071429698
0.070921572
0.070413395
0.069905178
0.069396929
0.068888657
0.068380365
0.067872054
0.067363726
0.066855384
0.06634703
0.065838669
0.065330303
0.064821932
0.064313555
0.063805171
0.063296781
0.062788385
0.062279988
0.06177159
0.061263194
0.060754798
0.060246403
0.059738008
0.059229612
0.058721217
0.058212822
0.057704427
0.057196032
0.056687635
0.056179238
0.055670842
0.055162447
0.054654054
0.054145663
0.053637274
0.053128888
0.052620503
0.052112118
0.051603732
0.051095344
0.050586953
0.050078563
0.049570172
0.049061782
0.048553392
0.048045002
0.047536613
0.047028226
0.046519842
0.04601146
0.045503081
0.044994701
0.044486321
0.043977939
0.043469552
0.042961161
0.042452766
0.04194437
0.041435973
0.040927578
0.040419187
0.039910801
0.03940242
0.038894043
0.038385668
0.037877294
0.037368918
0.036860541
0.036352161
0.035843776
0.035335388
0.034826998
0.034318607
0.033810216
0.033301826
0.032793439
0.032285054
0.03177667
0.031268288
0.030759908
0.030251527
0.029743146
0.029234764
0.028726383
0.028218002
0.027709622
0.027201242
0.026692862
0.026184482
0.0256761
0.025167716
0.024659329
0.024150939
0.023642545
0.023134149
0.02262575
0.022117351
0.021608952
0.021100553
0.020592155
0.02008376
0.019575366
0.019066974
0.018558584
0.018050197
0.017541811
0.017033428
0.016525045
0.016016663
0.015508281
0.014999899
0.014491516
0.013983131
0.013474745
0.012966357
0.012457969
0.011949581
0.011441194
0.010932808
0.010424423
0.0099160394
0.0094076563
0.0088992733
0.0083908891
0.0078825025
0.0073741129
0.0068657199
0.0063573233
0.0058489231
0.0053405193
0.0048321124
0.0043237039
0.0038152949
0.0033068866
0.0027984787
0.0022900649
0.0017816546
0.0012733861
0.00076532334
0.0002554666
0.34777058
0.27447269
0.23134744
0.21009964
0.19734627
0.18851093
0.18193645
0.17661111
0.17191313
0.1675045
0.16320758
0.15892952
0.15462622
0.15028493
0.14591451
0.14153928
0.13719425
0.13292085
0.12876327
0.124765
0.12096583
0.11739957
0.11409253
0.11106278
0.10832011
0.10586664
0.10369771
0.10180312
0.10016833
0.098775704
0.09760556
0.096637091
0.095849054
0.095220305
0.094730178
0.094358747
0.094087007
0.093897017
0.09377201
0.093696498
0.093656355
0.093638899
0.093632946
0.093628835
0.093618423
0.093595039
0.093553405
0.093489528
0.093400634
0.09328483
0.09314117
0.092969457
0.092770029
0.09254367
0.0922915
0.092014876
0.091715311
0.091394398
0.091053763
0.090695023
0.090319753
0.089929468
0.089525605
0.089109509
0.088682432
0.088245528
0.087799859
0.087346394
0.086886013
0.086419513
0.085947611
0.085470951
0.084990107
0.084505593
0.084017865
0.08352733
0.083034345
0.082539226
0.082042252
0.081543666
0.081043684
0.080542495
0.080040264
0.079537131
0.079033222
0.078528642
0.078023485
0.077517835
0.077011762
0.076505329
0.075998588
0.075491582
0.074984351
0.074476927
0.073969342
0.073461623
0.072953791
0.072445865
0.071937857
0.071429779
0.070921641
0.070413454
0.069905229
0.069396975
0.068888697
0.068380399
0.067872083
0.067363751
0.066855405
0.06634705
0.065838687
0.065330318
0.064821944
0.064313564
0.063805178
0.063296785
0.062788389
0.062279991
0.061771593
0.061263196
0.0607548
0.060246404
0.059738009
0.059229614
0.058721219
0.058212824
0.057704429
0.057196032
0.056687635
0.056179238
0.055670842
0.055162447
0.054654054
0.054145663
0.053637275
0.053128889
0.052620505
0.052112119
0.051603732
0.051095343
0.050586953
0.050078563
0.049570172
0.049061782
0.048553391
0.048045001
0.047536612
0.047028225
0.046519842
0.046011461
0.045503081
0.044994701
0.044486321
0.043977937
0.04346955
0.042961158
0.042452764
0.041944368
0.041435972
0.040927578
0.040419187
0.039910802
0.039402421
0.038894044
0.038385669
0.037877294
0.037368918
0.03686054
0.036352159
0.035843775
0.035335387
0.034826997
0.034318606
0.033810216
0.033301826
0.032793439
0.032285054
0.03177667
0.031268288
0.030759908
0.030251527
0.029743146
0.029234764
0.028726384
0.028218003
0.027709623
0.027201244
0.026692864
0.026184483
0.025676101
0.025167717
0.024659329
0.024150938
0.023642545
0.023134148
0.02262575
0.022117351
0.021608951
0.021100553
0.020592155
0.020083759
0.019575365
0.019066973
0.018558584
0.018050196
0.01754181
0.017033426
0.016525043
0.01601666
0.015508278
0.014999894
0.01449151
0.013983124
0.013474737
0.012966349
0.01245796
0.011949571
0.011441183
0.010932795
0.010424408
0.0099160224
0.0094076367
0.0088992503
0.0083908621
0.0078824709
0.0073740762
0.0068656774
0.006357274
0.0058488655
0.0053404518
0.0048320333
0.0043236109
0.0038151848
0.0033067558
0.0027983233
0.0022898819
0.001781441
0.0012731315
0.00076493553
0.00025529541
)
;

boundaryField
{
    inletAnion
    {
        type            fixedFluxPressure;
        gradient        uniform 0;
        value           nonuniform List<scalar> 
24
(
0.347771
0.27731861
0.24300987
0.22775152
0.21904385
0.21376353
0.21070808
0.20915453
0.20869055
0.20908645
0.21020603
0.21196132
0.21428417
0.2171121
0.22037687
0.22399507
0.22786107
0.23184243
0.23577943
0.23948957
0.24277774
0.24545183
0.24734206
0.24832123
)
;
    }
    inletCation
    {
        type            fixedFluxPressure;
        gradient        uniform 0;
        value           nonuniform List<scalar> 
24
(
0.2483212
0.24734196
0.24545166
0.24277751
0.2394893
0.23577912
0.23184208
0.22786069
0.22399468
0.22037646
0.21711168
0.21428374
0.21196089
0.21020559
0.209086
0.2086901
0.20915409
0.21070765
0.21376311
0.21904344
0.22775112
0.24300948
0.27731821
0.34777058
)
;
    }
    outlet
    {
        type            fixedValue;
        value           uniform 0;
    }
    walls
    {
        type            fixedFluxPressure;
        gradient        uniform 0;
        value           nonuniform List<scalar> 
480
(
0.347771
0.27447311
0.23134785
0.21010004
0.19734667
0.18851133
0.18193686
0.17661152
0.17191354
0.16750491
0.16320799
0.15892992
0.15462662
0.15028532
0.14591488
0.14153963
0.13719458
0.13292116
0.12876357
0.12476527
0.12096608
0.11739981
0.11409276
0.11106299
0.10832031
0.10586683
0.1036979
0.1018033
0.1001685
0.098775854
0.097605697
0.096637215
0.095849164
0.095220402
0.094730261
0.094358814
0.094087058
0.093897053
0.093772036
0.093696516
0.093656363
0.093638898
0.093632936
0.093628822
0.093618408
0.093595021
0.09355338
0.093489494
0.093400594
0.093284788
0.093141127
0.092969409
0.092769974
0.092543609
0.092291436
0.092014813
0.091715247
0.091394333
0.091053698
0.09069496
0.090319695
0.089929416
0.089525556
0.089109462
0.088682388
0.088245488
0.087799826
0.087346369
0.086885998
0.086419508
0.085947613
0.085470957
0.084990115
0.084505601
0.084017872
0.083527333
0.083034344
0.08253922
0.082042241
0.081543651
0.081043665
0.080542471
0.080040235
0.079537099
0.079033186
0.078528602
0.07802344
0.077517784
0.077011708
0.076505271
0.075998528
0.075491525
0.0749843
0.074476886
0.073969312
0.073461599
0.072953771
0.072445846
0.07193784
0.071429766
0.070921632
0.070413445
0.069905217
0.069396957
0.068888673
0.068380368
0.067872045
0.067363707
0.066855357
0.066347002
0.065838642
0.06533028
0.064821916
0.064313548
0.063805178
0.063296806
0.062788432
0.062280057
0.06177168
0.061263302
0.060754922
0.060246538
0.059738147
0.059229749
0.058721345
0.058212938
0.057704531
0.057196126
0.056687722
0.056179321
0.055670921
0.055162525
0.054654131
0.054145739
0.053637347
0.053128953
0.052620557
0.052112162
0.051603768
0.051095379
0.050586991
0.050078604
0.049570215
0.049061823
0.048553429
0.048045036
0.047536643
0.047028253
0.046519864
0.046011474
0.045503081
0.044994686
0.044486291
0.043977898
0.043469508
0.042961121
0.042452736
0.041944352
0.041435966
0.040927576
0.040419183
0.039910786
0.039402387
0.038893988
0.038385591
0.0378772
0.037368816
0.036860437
0.036352063
0.035843691
0.03533532
0.034826947
0.034318572
0.033810194
0.033301814
0.032793434
0.032285055
0.031776676
0.031268298
0.03075992
0.030251543
0.029743168
0.029234796
0.028726425
0.028218056
0.027709687
0.027201318
0.026692947
0.026184572
0.025676193
0.02516781
0.024659425
0.024151037
0.02364265
0.023134261
0.022625872
0.02211748
0.021609085
0.021100685
0.020592281
0.020083873
0.019575463
0.019067053
0.018558645
0.018050241
0.017541841
0.017033446
0.016525053
0.016016661
0.01550827
0.014999878
0.014491485
0.013983091
0.013474695
0.012966297
0.012457897
0.011949494
0.011441088
0.010932679
0.010424267
0.0099158542
0.0094074399
0.0088990253
0.0083906114
0.0078821991
0.007373789
0.0068653814
0.0063569765
0.0058485742
0.0053401741
0.0048317748
0.0043233751
0.0038149739
0.0033065712
0.0027981664
0.0022897539
0.0017813429
0.0012730638
0.00076489768
0.00025528426
0.34777058
0.27447269
0.23134744
0.21009964
0.19734627
0.18851093
0.18193645
0.17661111
0.17191313
0.1675045
0.16320758
0.15892952
0.15462622
0.15028493
0.14591451
0.14153928
0.13719425
0.13292085
0.12876327
0.124765
0.12096583
0.11739957
0.11409253
0.11106278
0.10832011
0.10586664
0.10369771
0.10180312
0.10016833
0.098775704
0.09760556
0.096637091
0.095849054
0.095220305
0.094730178
0.094358747
0.094087007
0.093897017
0.09377201
0.093696498
0.093656355
0.093638899
0.093632946
0.093628835
0.093618423
0.093595039
0.093553405
0.093489528
0.093400634
0.09328483
0.09314117
0.092969457
0.092770029
0.09254367
0.0922915
0.092014876
0.091715311
0.091394398
0.091053763
0.090695023
0.090319753
0.089929468
0.089525605
0.089109509
0.088682432
0.088245528
0.087799859
0.087346394
0.086886013
0.086419513
0.085947611
0.085470951
0.084990107
0.084505593
0.084017865
0.08352733
0.083034345
0.082539226
0.082042252
0.081543666
0.081043684
0.080542495
0.080040264
0.079537131
0.079033222
0.078528642
0.078023485
0.077517835
0.077011762
0.076505329
0.075998588
0.075491582
0.074984351
0.074476927
0.073969342
0.073461623
0.072953791
0.072445865
0.071937857
0.071429779
0.070921641
0.070413454
0.069905229
0.069396975
0.068888697
0.068380399
0.067872083
0.067363751
0.066855405
0.06634705
0.065838687
0.065330318
0.064821944
0.064313564
0.063805178
0.063296785
0.062788389
0.062279991
0.061771593
0.061263196
0.0607548
0.060246404
0.059738009
0.059229614
0.058721219
0.058212824
0.057704429
0.057196032
0.056687635
0.056179238
0.055670842
0.055162447
0.054654054
0.054145663
0.053637275
0.053128889
0.052620505
0.052112119
0.051603732
0.051095343
0.050586953
0.050078563
0.049570172
0.049061782
0.048553391
0.048045001
0.047536612
0.047028225
0.046519842
0.046011461
0.045503081
0.044994701
0.044486321
0.043977937
0.04346955
0.042961158
0.042452764
0.041944368
0.041435972
0.040927578
0.040419187
0.039910802
0.039402421
0.038894044
0.038385669
0.037877294
0.037368918
0.03686054
0.036352159
0.035843775
0.035335387
0.034826997
0.034318606
0.033810216
0.033301826
0.032793439
0.032285054
0.03177667
0.031268288
0.030759908
0.030251527
0.029743146
0.029234764
0.028726384
0.028218003
0.027709623
0.027201244
0.026692864
0.026184483
0.025676101
0.025167717
0.024659329
0.024150938
0.023642545
0.023134148
0.02262575
0.022117351
0.021608951
0.021100553
0.020592155
0.020083759
0.019575365
0.019066973
0.018558584
0.018050196
0.01754181
0.017033426
0.016525043
0.01601666
0.015508278
0.014999894
0.01449151
0.013983124
0.013474737
0.012966349
0.01245796
0.011949571
0.011441183
0.010932795
0.010424408
0.0099160224
0.0094076367
0.0088992503
0.0083908621
0.0078824709
0.0073740762
0.0068656774
0.006357274
0.0058488655
0.0053404518
0.0048320333
0.0043236109
0.0038151848
0.0033067558
0.0027983233
0.0022898819
0.001781441
0.0012731315
0.00076493553
0.00025529541
)
;
    }
    frontAndBack
    {
        type            empty;
    }
}


// ************************************************************************* //
