/*--------------------------------*- C++ -*----------------------------------*\
| =========                 |                                                 |
| \\      /  F ield         | OpenFOAM: The Open Source CFD Toolbox           |
|  \\    /   O peration     | Version:  1912                                  |
|   \\  /    A nd           | Website:  www.openfoam.com                      |
|    \\/     M anipulation  |                                                 |
\*---------------------------------------------------------------------------*/
FoamFile
{
    version     2.0;
    format      ascii;
    class       volVectorField;
    location    "0.4";
    object      U;
}
// * * * * * * * * * * * * * * * * * * * * * * * * * * * * * * * * * * * * * //

dimensions      [0 1 -1 0 0 0 0];


internalField   nonuniform List<vector> 
11520
(
(0.0080053784 0 0.0009086709)
(0.006973613 0 0.00094116224)
(0.0054986707 0 0.00054824967)
(0.0042917851 0 0.00029358359)
(0.0035253663 0 0.00016370383)
(0.003047441 0 9.2264334e-05)
(0.0027392928 0 5.1526642e-05)
(0.0025386002 0 2.8631257e-05)
(0.0024084718 0 1.5739496e-05)
(0.0023249146 0 8.3544261e-06)
(0.0022721688 0 4.1270953e-06)
(0.0022396105 0 1.8492604e-06)
(0.0022196729 0 8.7328778e-07)
(0.0022066548 0 8.2328937e-07)
(0.0021960965 0 1.4545503e-06)
(0.0021844721 0 2.5838401e-06)
(0.0021690501 0 4.0507432e-06)
(0.0021478291 0 5.7063437e-06)
(0.0021195004 0 7.4121177e-06)
(0.0020834129 0 9.0459724e-06)
(0.002039515 0 1.050828e-05)
(0.0019882718 0 1.1725697e-05)
(0.0019305616 0 1.2652243e-05)
(0.0018675619 0 1.3267914e-05)
(0.0018006346 0 1.3575004e-05)
(0.0017312192 0 1.3593385e-05)
(0.0016607419 0 1.3354982e-05)
(0.0015905429 0 1.2898885e-05)
(0.0015218249 0 1.2266829e-05)
(0.0014556211 0 1.1499881e-05)
(0.0013927795 0 1.0636175e-05)
(0.0013339612 0 9.7095405e-06)
(0.0012796474 0 8.7490145e-06)
(0.0012301532 0 7.7789802e-06)
(0.0011856443 0 6.8197026e-06)
(0.001146155 0 5.8877992e-06)
(0.0011116069 0 4.9969439e-06)
(0.0010818267 0 4.1581849e-06)
(0.0010565637 0 3.3802977e-06)
(0.001035507 0 2.6698882e-06)
(0.0010183021 0 2.0314161e-06)
(0.0010045666 0 1.4672368e-06)
(0.00099390463 0 9.7762325e-07)
(0.00098592062 0 5.6088413e-07)
(0.00098023026 0 2.1364343e-07)
(0.00097646986 0 -6.8882657e-08)
(0.00097430313 0 -2.9261644e-07)
(0.00097342519 0 -4.6382374e-07)
(0.00097356798 0 -5.8815902e-07)
(0.00097449814 0 -6.7446881e-07)
(0.00097601343 0 -7.2784646e-07)
(0.00097794583 0 -7.5474905e-07)
(0.00098015804 0 -7.6056801e-07)
(0.00098253859 0 -7.5001726e-07)
(0.00098499875 0 -7.2719196e-07)
(0.00098746958 0 -6.9548103e-07)
(0.00098989876 0 -6.5768804e-07)
(0.00099224778 0 -6.1610245e-07)
(0.0009944894 0 -5.7253604e-07)
(0.00099660541 0 -5.2839073e-07)
(0.00099858481 0 -4.8472761e-07)
(0.0010004222 0 -4.4232122e-07)
(0.0010021165 0 -4.0172221e-07)
(0.0010036699 0 -3.6331252e-07)
(0.0010050867 0 -3.2732942e-07)
(0.0010063732 0 -2.9388933e-07)
(0.0010075365 0 -2.6302789e-07)
(0.0010085846 0 -2.3472441e-07)
(0.0010095258 0 -2.0890555e-07)
(0.0010103684 0 -1.8545849e-07)
(0.0010111205 0 -1.6425317e-07)
(0.0010117902 0 -1.4514914e-07)
(0.001012385 0 -1.2799401e-07)
(0.0010129121 0 -1.1263476e-07)
(0.0010133782 0 -9.8930692e-08)
(0.0010137896 0 -8.6747609e-08)
(0.001014152 0 -7.5945351e-08)
(0.0010144706 0 -6.6382801e-08)
(0.0010147504 0 -5.7933335e-08)
(0.0010149957 0 -5.0486024e-08)
(0.0010152103 0 -4.3933426e-08)
(0.0010153979 0 -3.8169761e-08)
(0.0010155616 0 -3.3104615e-08)
(0.0010157042 0 -2.8669622e-08)
(0.0010158283 0 -2.4804634e-08)
(0.0010159362 0 -2.1441276e-08)
(0.0010160299 0 -1.8506882e-08)
(0.0010161111 0 -1.5943012e-08)
(0.0010161815 0 -1.3712426e-08)
(0.0010162423 0 -1.1785284e-08)
(0.0010162949 0 -1.0124202e-08)
(0.0010163403 0 -8.6875099e-09)
(0.0010163794 0 -7.4434481e-09)
(0.0010164132 0 -6.3736936e-09)
(0.0010164422 0 -5.4610303e-09)
(0.0010164672 0 -4.6787622e-09)
(0.0010164886 0 -3.9972107e-09)
(0.0010165071 0 -3.3990119e-09)
(0.0010165228 0 -2.8825904e-09)
(0.0010165363 0 -2.4483843e-09)
(0.0010165478 0 -2.0843319e-09)
(0.0010165576 0 -1.7680342e-09)
(0.001016566 0 -1.4827963e-09)
(0.0010165731 0 -1.2284717e-09)
(0.0010165791 0 -1.0147994e-09)
(0.0010165841 0 -8.4543231e-10)
(0.0010165884 0 -7.1029401e-10)
(0.001016592 0 -5.9318321e-10)
(0.0010165951 0 -4.8495701e-10)
(0.0010165976 0 -3.8822064e-10)
(0.0010165998 0 -3.102268e-10)
(0.0010166016 0 -2.5319178e-10)
(0.0010166031 0 -2.1186848e-10)
(0.0010166043 0 -1.7877833e-10)
(0.0010166054 0 -1.49956e-10)
(0.0010166063 0 -1.2539272e-10)
(0.0010166071 0 -1.0540922e-10)
(0.0010166077 0 -8.8450917e-11)
(0.0010166083 0 -7.2836261e-11)
(0.0010166088 0 -5.9550295e-11)
(0.0010166092 0 -5.1999579e-11)
(0.0010166095 0 -5.2284499e-11)
(0.0010166099 0 -5.7750513e-11)
(0.0010166102 0 -6.1806231e-11)
(0.0010166104 0 -5.8659981e-11)
(0.0010166106 0 -4.7607934e-11)
(0.0010166108 0 -3.3067565e-11)
(0.0010166109 0 -2.0522088e-11)
(0.001016611 0 -1.2175364e-11)
(0.0010166111 0 -6.2240808e-12)
(0.0010166111 0 4.8214707e-14)
(0.0010166112 0 6.7413685e-12)
(0.0010166112 0 1.0777651e-11)
(0.0010166112 0 8.8463359e-12)
(0.0010166112 0 1.1521983e-12)
(0.0010166112 0 -7.6620697e-12)
(0.0010166113 0 -1.1508069e-11)
(0.0010166113 0 -7.3778993e-12)
(0.0010166113 0 2.1689244e-12)
(0.0010166113 0 1.0628762e-11)
(0.0010166113 0 1.2204085e-11)
(0.0010166113 0 5.9129343e-12)
(0.0010166113 0 -3.8337553e-12)
(0.0010166113 0 -1.0432023e-11)
(0.0010166113 0 -9.7246813e-12)
(0.0010166113 0 -2.7336962e-12)
(0.0010166113 0 5.3895448e-12)
(0.0010166113 0 9.1297661e-12)
(0.0010166113 0 6.3033126e-12)
(0.0010166113 0 -7.4573451e-13)
(0.0010166113 0 -7.1015557e-12)
(0.0010166113 0 -8.7153144e-12)
(0.0010166113 0 -4.761955e-12)
(0.0010166113 0 2.3810544e-12)
(0.0010166113 0 9.0717541e-12)
(0.0010166112 0 1.2646185e-11)
(0.0010166112 0 1.2356719e-11)
(0.0010166112 0 8.8369467e-12)
(0.0010166112 0 3.1725482e-12)
(0.0010166112 0 -3.5232011e-12)
(0.0010166113 0 -9.911647e-12)
(0.0010166113 0 -1.4220508e-11)
(0.0010166113 0 -1.4750287e-11)
(0.0010166113 0 -1.0851625e-11)
(0.0010166113 0 -3.4128201e-12)
(0.0010166113 0 5.5709165e-12)
(0.0010166112 0 1.3944633e-11)
(0.0010166112 0 2.0055711e-11)
(0.0010166111 0 2.2679178e-11)
(0.0010166111 0 2.0839766e-11)
(0.001016611 0 1.4385323e-11)
(0.001016611 0 4.9223791e-12)
(0.001016611 0 -4.1492504e-12)
(0.001016611 0 -9.2489601e-12)
(0.001016611 0 -8.9995317e-12)
(0.001016611 0 -5.1945161e-12)
(0.001016611 0 -1.1256165e-12)
(0.001016611 0 1.1978402e-12)
(0.001016611 0 2.2475828e-12)
(0.001016611 0 3.6152206e-12)
(0.0010166109 0 5.7916926e-12)
(0.0010166109 0 7.7340446e-12)
(0.0010166109 0 8.5934004e-12)
(0.0010166109 0 9.0336381e-12)
(0.0010166108 0 1.0154995e-11)
(0.0010166108 0 1.1387626e-11)
(0.0010166108 0 1.0327829e-11)
(0.0010166108 0 5.3013317e-12)
(0.0010166108 0 -2.2114381e-12)
(0.0010166108 0 -8.4868091e-12)
(0.0010166108 0 -1.0860908e-11)
(0.0010166108 0 -9.4689314e-12)
(0.0010166108 0 -5.8804422e-12)
(0.0010166108 0 -1.182533e-12)
(0.0010166108 0 3.8395551e-12)
(0.0010166107 0 7.4791035e-12)
(0.0010166107 0 7.804465e-12)
(0.0010166107 0 4.971511e-12)
(0.0010166106 0 1.5575041e-12)
(0.0010166106 0 1.0118978e-13)
(0.0010166105 0 1.476398e-12)
(0.0010166104 0 6.0523752e-12)
(0.0010166103 0 1.4617186e-11)
(0.0010166101 0 2.6563006e-11)
(0.0010166099 0 3.8500708e-11)
(0.0010166097 0 4.7073603e-11)
(0.0010166094 0 5.2532807e-11)
(0.0010166091 0 5.7182929e-11)
(0.0010166088 0 6.1383896e-11)
(0.0010166085 0 6.4332719e-11)
(0.0010166081 0 6.7659022e-11)
(0.0010166077 0 7.3940476e-11)
(0.0010166072 0 8.223341e-11)
(0.0010166067 0 8.9791284e-11)
(0.0010166062 0 9.7662907e-11)
(0.0010166055 0 1.0942307e-10)
(0.0010166048 0 1.2547584e-10)
(0.0010166039 0 1.4416524e-10)
(0.0010166029 0 1.6609028e-10)
(0.0010166018 0 1.9199243e-10)
(0.0010166005 0 2.209537e-10)
(0.001016599 0 2.5447972e-10)
(0.0010165972 0 2.9556017e-10)
(0.0010165952 0 3.4363075e-10)
(0.0010165929 0 3.9790476e-10)
(0.0010165903 0 4.6046335e-10)
(0.0010165872 0 5.3238231e-10)
(0.0010165836 0 6.1532219e-10)
(0.0010165795 0 7.1286126e-10)
(0.0010165747 0 8.2745276e-10)
(0.0010165691 0 9.6492113e-10)
(0.0010165625 0 1.1335373e-09)
(0.0010165546 0 1.338933e-09)
(0.0010165451 0 1.5737752e-09)
(0.0010165338 0 1.7508193e-09)
(0.0010165198 0 1.7506928e-09)
(0.0010165017 0 1.8618397e-09)
(0.0010164864 0 1.8395137e-09)
(0.0010164863 0 -5.7866902e-09)
(0.0010164181 0 9.6330475e-10)
(0.010072824 0 0.0017605664)
(0.010396376 0 0.0024683697)
(0.0098960387 0 0.0020670728)
(0.0090416635 0 0.0015172345)
(0.0082327267 0 0.0010557562)
(0.0075746074 0 0.00071471769)
(0.0070655461 0 0.00047741658)
(0.0066856613 0 0.000316532)
(0.0064115148 0 0.00020796717)
(0.006219723 0 0.00013459628)
(0.0060896876 0 8.5336502e-05)
(0.0060042967 0 5.3240546e-05)
(0.0059494413 0 3.3924265e-05)
(0.0059133671 0 2.4494954e-05)
(0.0058862058 0 2.2875717e-05)
(0.0058597045 0 2.7406337e-05)
(0.0058271151 0 3.6612123e-05)
(0.0057831675 0 4.9113451e-05)
(0.0057240666 0 6.3590371e-05)
(0.0056474769 0 7.8811435e-05)
(0.0055524555 0 9.3680719e-05)
(0.0054393228 0 0.00010728075)
(0.0053094794 0 0.00011890284)
(0.0051651829 0 0.00012805976)
(0.0050093039 0 0.00013448017)
(0.0048450804 0 0.0001380874)
(0.0046758911 0 0.00013896732)
(0.0045050582 0 0.00013733025)
(0.004335691 0 0.0001334724)
(0.0041705708 0 0.0001277399)
(0.0040120782 0 0.00012049911)
(0.0038621557 0 0.00011211323)
(0.0037222997 0 0.00010292652)
(0.0035935752 0 9.3254203e-05)
(0.0034766449 0 8.3377261e-05)
(0.0033718082 0 7.3540365e-05)
(0.0032790457 0 6.3951515e-05)
(0.0031980665 0 5.4782706e-05)
(0.0031283567 0 4.6170636e-05)
(0.0030692266 0 3.8218031e-05)
(0.0030198577 0 3.0995048e-05)
(0.0029793468 0 2.4541286e-05)
(0.0029467456 0 1.886848e-05)
(0.0029210971 0 1.3964127e-05)
(0.0029014654 0 9.7955617e-06)
(0.0028869596 0 6.3145906e-06)
(0.002876752 0 3.462022e-06)
(0.0028700901 0 1.1722596e-06)
(0.0028663031 0 -6.2210362e-07)
(0.0028648059 0 -1.991872e-06)
(0.0028650892 0 -3.005674e-06)
(0.0028667216 0 -3.7186344e-06)
(0.0028693477 0 -4.1857736e-06)
(0.0028726738 0 -4.4554785e-06)
(0.0028764612 0 -4.5697119e-06)
(0.0028805198 0 -4.5639381e-06)
(0.0028847004 0 -4.4677896e-06)
(0.0028888884 0 -4.3057081e-06)
(0.0028929975 0 -4.0975462e-06)
(0.0028969645 0 -3.8592054e-06)
(0.0029007454 0 -3.6032419e-06)
(0.0029043109 0 -3.339396e-06)
(0.0029076437 0 -3.075083e-06)
(0.0029107356 0 -2.8158467e-06)
(0.0029135854 0 -2.5657181e-06)
(0.0029161972 0 -2.327504e-06)
(0.0029185789 0 -2.1030453e-06)
(0.0029207411 0 -1.8934305e-06)
(0.0029226962 0 -1.6991533e-06)
(0.0029244578 0 -1.5202501e-06)
(0.0029260396 0 -1.3564289e-06)
(0.0029274559 0 -1.2071642e-06)
(0.0029287205 0 -1.071764e-06)
(0.0029298467 0 -9.4943337e-07)
(0.0029308473 0 -8.3932616e-07)
(0.0029317344 0 -7.4056553e-07)
(0.0029325192 0 -6.5225088e-07)
(0.0029332122 0 -5.7348273e-07)
(0.002933823 0 -5.0339901e-07)
(0.0029343606 0 -4.4119016e-07)
(0.0029348328 0 -3.8609092e-07)
(0.0029352471 0 -3.3737879e-07)
(0.0029356099 0 -2.9439058e-07)
(0.0029359273 0 -2.5653215e-07)
(0.0029362045 0 -2.2326304e-07)
(0.0029364463 0 -1.9407516e-07)
(0.0029366569 0 -1.6849406e-07)
(0.0029368403 0 -1.4609903e-07)
(0.0029369996 0 -1.2653072e-07)
(0.002937138 0 -1.0947231e-07)
(0.002937258 0 -9.4626628e-08)
(0.002937362 0 -8.1715081e-08)
(0.002937452 0 -7.0492706e-08)
(0.0029375299 0 -6.0753232e-08)
(0.0029375971 0 -5.23148e-08)
(0.0029376551 0 -4.5005137e-08)
(0.0029377051 0 -3.8665463e-08)
(0.0029377482 0 -3.3165595e-08)
(0.0029377853 0 -2.8406679e-08)
(0.0029378171 0 -2.4304451e-08)
(0.0029378444 0 -2.0771707e-08)
(0.0029378678 0 -1.7719981e-08)
(0.0029378879 0 -1.5076782e-08)
(0.002937905 0 -1.2795812e-08)
(0.0029379197 0 -1.0846383e-08)
(0.0029379322 0 -9.1932404e-09)
(0.0029379428 0 -7.7885072e-09)
(0.0029379518 0 -6.5827874e-09)
(0.0029379595 0 -5.5418069e-09)
(0.002937966 0 -4.6506884e-09)
(0.0029379716 0 -3.902682e-09)
(0.0029379762 0 -3.2852283e-09)
(0.0029379802 0 -2.7763645e-09)
(0.0029379836 0 -2.3516906e-09)
(0.0029379864 0 -1.9924475e-09)
(0.0029379888 0 -1.6871477e-09)
(0.0029379909 0 -1.4279325e-09)
(0.0029379926 0 -1.2079576e-09)
(0.0029379941 0 -1.0224751e-09)
(0.0029379953 0 -8.7011296e-10)
(0.0029379964 0 -7.5050192e-10)
(0.0029379973 0 -6.5929196e-10)
(0.002937998 0 -5.8566333e-10)
(0.0029379987 0 -5.1607572e-10)
(0.0029379992 0 -4.417964e-10)
(0.0029379997 0 -3.6348084e-10)
(0.0029380001 0 -2.8875316e-10)
(0.0029380004 0 -2.2505518e-10)
(0.0029380007 0 -1.7401095e-10)
(0.0029380009 0 -1.3199237e-10)
(0.0029380011 0 -9.5521631e-11)
(0.0029380012 0 -6.5632024e-11)
(0.0029380014 0 -4.686986e-11)
(0.0029380015 0 -4.1844815e-11)
(0.0029380015 0 -4.6408614e-11)
(0.0029380016 0 -5.0428982e-11)
(0.0029380016 0 -4.4226032e-11)
(0.0029380017 0 -2.557255e-11)
(0.0029380017 0 -1.6594497e-12)
(0.0029380018 0 1.5780987e-11)
(0.0029380018 0 1.8847713e-11)
(0.0029380018 0 9.0530807e-12)
(0.0029380018 0 -3.9540644e-12)
(0.0029380018 0 -9.3135934e-12)
(0.0029380017 0 -2.5241417e-12)
(0.0029380017 0 1.1673398e-11)
(0.0029380017 0 2.3039208e-11)
(0.0029380017 0 2.3150466e-11)
(0.0029380017 0 1.1024456e-11)
(0.0029380017 0 -6.4900801e-12)
(0.0029380017 0 -1.9488272e-11)
(0.0029380017 0 -2.1334775e-11)
(0.0029380017 0 -1.2118468e-11)
(0.0029380017 0 2.4204766e-12)
(0.0029380017 0 1.4934893e-11)
(0.0029380017 0 2.0450061e-11)
(0.0029380017 0 1.7798501e-11)
(0.0029380017 0 8.5297657e-12)
(0.0029380017 0 -4.7089303e-12)
(0.0029380017 0 -1.8884637e-11)
(0.0029380016 0 -3.0435003e-11)
(0.0029380016 0 -3.5282317e-11)
(0.0029380016 0 -2.999347e-11)
(0.0029380016 0 -1.3599547e-11)
(0.0029380016 0 1.1485555e-11)
(0.0029380016 0 4.0093445e-11)
(0.0029380016 0 6.5884497e-11)
(0.0029380016 0 8.2958755e-11)
(0.0029380015 0 8.6961953e-11)
(0.0029380015 0 7.6159872e-11)
(0.0029380015 0 5.2874076e-11)
(0.0029380014 0 2.4003936e-11)
(0.0029380014 0 -1.0074639e-12)
(0.0029380013 0 -1.447352e-11)
(0.0029380013 0 -1.4410976e-11)
(0.0029380013 0 -4.8997674e-12)
(0.0029380013 0 7.7338562e-12)
(0.0029380013 0 1.9409574e-11)
(0.0029380013 0 2.9497706e-11)
(0.0029380013 0 3.8541222e-11)
(0.0029380012 0 4.5781449e-11)
(0.0029380012 0 4.9535961e-11)
(0.0029380012 0 4.9608897e-11)
(0.0029380011 0 4.7895957e-11)
(0.0029380011 0 4.5844523e-11)
(0.002938001 0 4.2190833e-11)
(0.002938001 0 3.4487298e-11)
(0.0029380009 0 2.3176015e-11)
(0.0029380009 0 1.3226391e-11)
(0.0029380008 0 1.0673827e-11)
(0.0029380007 0 1.7796695e-11)
(0.0029380006 0 3.2449147e-11)
(0.0029380005 0 5.1291907e-11)
(0.0029380004 0 7.1969298e-11)
(0.0029380003 0 9.2153911e-11)
(0.0029380002 0 1.0876816e-10)
(0.002938 0 1.2038634e-10)
(0.0029379998 0 1.2999336e-10)
(0.0029379996 0 1.433524e-10)
(0.0029379993 0 1.6463339e-10)
(0.002937999 0 1.9529033e-10)
(0.0029379987 0 2.3637024e-10)
(0.0029379984 0 2.8853595e-10)
(0.002937998 0 3.488775e-10)
(0.0029379975 0 4.1092124e-10)
(0.002937997 0 4.7029562e-10)
(0.0029379964 0 5.2841348e-10)
(0.0029379957 0 5.8862468e-10)
(0.002937995 0 6.5211211e-10)
(0.0029379941 0 7.2089284e-10)
(0.0029379931 0 8.0092907e-10)
(0.002937992 0 8.9736496e-10)
(0.0029379907 0 1.0098604e-09)
(0.0029379893 0 1.1375212e-09)
(0.0029379877 0 1.2851969e-09)
(0.0029379858 0 1.4602006e-09)
(0.0029379837 0 1.6665964e-09)
(0.0029379814 0 1.9071298e-09)
(0.0029379786 0 2.1865407e-09)
(0.0029379755 0 2.5099712e-09)
(0.002937972 0 2.8831756e-09)
(0.0029379679 0 3.3153408e-09)
(0.0029379633 0 3.8169836e-09)
(0.0029379579 0 4.3973158e-09)
(0.0029379518 0 5.0679111e-09)
(0.0029379447 0 5.8463767e-09)
(0.0029379365 0 6.757501e-09)
(0.0029379271 0 7.8346195e-09)
(0.0029379161 0 9.1195187e-09)
(0.0029379032 0 1.0668474e-08)
(0.0029378882 0 1.2561339e-08)
(0.0029378704 0 1.4903097e-08)
(0.0029378492 0 1.7828475e-08)
(0.0029378238 0 2.1490014e-08)
(0.002937793 0 2.601559e-08)
(0.0029377548 0 3.1462989e-08)
(0.0029377057 0 3.7787589e-08)
(0.0029376509 0 4.4708628e-08)
(0.0029376161 0 4.7419049e-08)
(0.0029374225 0 6.6287797e-08)
(0.010108426 0 0.0011866131)
(0.010796553 0 0.0021704383)
(0.011091625 0 0.0022478123)
(0.010998583 0 0.0019718692)
(0.010699808 0 0.0015976792)
(0.010333246 0 0.0012311798)
(0.0099743214 0 0.00091587436)
(0.0096615468 0 0.00066270424)
(0.0094102348 0 0.00046722029)
(0.0092211206 0 0.00032026982)
(0.0090872301 0 0.00021284996)
(0.008998246 0 0.00013757608)
(0.0089427601 0 8.8740778e-05)
(0.0089093655 0 6.1906503e-05)
(0.0088872346 0 5.3435436e-05)
(0.0088664711 0 6.0103387e-05)
(0.0088384009 0 7.8813885e-05)
(0.008795798 0 0.00010654971)
(0.0087330615 0 0.00014029736)
(0.0086463477 0 0.00017714149)
(0.0085335896 0 0.00021438633)
(0.0083944188 0 0.00024967054)
(0.008230001 0 0.00028105944)
(0.0080428014 0 0.00030710188)
(0.007836301 0 0.00032684712)
(0.0076146885 0 0.0003398231)
(0.0073825522 0 0.00034598406)
(0.0071445943 0 0.00034563621)
(0.0069053835 0 0.0003393535)
(0.0066691558 0 0.00032789229)
(0.0064396692 0 0.00031211354)
(0.006220111 0 0.00029291718)
(0.0060130507 0 0.0002711914)
(0.0058204323 0 0.00024777669)
(0.0056435965 0 0.00022344183)
(0.0054833233 0 0.00019886994)
(0.00533989 0 0.00017465103)
(0.0052131376 0 0.00015127888)
(0.0051025414 0 0.00012915088)
(0.005007284 0 0.00010856981)
(0.0049263261 0 8.9747946e-05)
(0.0048584747 0 7.2813146e-05)
(0.0048024456 0 5.7816877e-05)
(0.0047569186 0 4.4744453e-05)
(0.0047205845 0 3.3526746e-05)
(0.0046921832 0 2.4052404e-05)
(0.0046705319 0 1.618023e-05)
(0.0046545448 0 9.7507042e-06)
(0.0046432435 0 4.5956738e-06)
(0.0046357608 0 5.4677721e-07)
(0.0046313474 0 -2.5615594e-06)
(0.00462936 0 -4.8776863e-06)
(0.0046292488 0 -6.5361001e-06)
(0.0046305587 0 -7.6581745e-06)
(0.0046329138 0 -8.350187e-06)
(0.0046360081 0 -8.7027378e-06)
(0.0046395955 0 -8.7922032e-06)
(0.0046434801 0 -8.682103e-06)
(0.0046475092 0 -8.4245952e-06)
(0.004651565 0 -8.0620496e-06)
(0.0046555587 0 -7.6284605e-06)
(0.0046594255 0 -7.1507222e-06)
(0.0046631192 0 -6.6498281e-06)
(0.0046666092 0 -6.1419388e-06)
(0.0046698766 0 -5.6392471e-06)
(0.004672912 0 -5.1507186e-06)
(0.0046757132 0 -4.6827472e-06)
(0.0046782831 0 -4.239678e-06)
(0.004680629 0 -3.8242152e-06)
(0.0046827605 0 -3.4377806e-06)
(0.0046846895 0 -3.0808307e-06)
(0.0046864288 0 -2.7530966e-06)
(0.0046879918 0 -2.4537698e-06)
(0.0046893923 0 -2.1816674e-06)
(0.0046906436 0 -1.9353668e-06)
(0.0046917588 0 -1.7132846e-06)
(0.0046927503 0 -1.5137273e-06)
(0.0046936299 0 -1.3349539e-06)
(0.0046944087 0 -1.1752451e-06)
(0.0046950969 0 -1.0329408e-06)
(0.0046957039 0 -9.064477e-07)
(0.0046962385 0 -7.9424891e-07)
(0.0046967085 0 -6.9492977e-07)
(0.0046971211 0 -6.0719211e-07)
(0.0046974828 0 -5.2984063e-07)
(0.0046977994 0 -4.617628e-07)
(0.0046980763 0 -4.0193136e-07)
(0.004698318 0 -3.4942359e-07)
(0.0046985288 0 -3.0342474e-07)
(0.0046987125 0 -2.6320406e-07)
(0.0046988722 0 -2.2808873e-07)
(0.0046990111 0 -1.9746152e-07)
(0.0046991317 0 -1.707746e-07)
(0.0046992363 0 -1.475517e-07)
(0.0046993269 0 -1.273702e-07)
(0.0046994054 0 -1.0984363e-07)
(0.0046994732 0 -9.4623357e-08)
(0.0046995319 0 -8.1411215e-08)
(0.0046995825 0 -6.9959434e-08)
(0.0046996261 0 -6.0052127e-08)
(0.0046996637 0 -5.1487448e-08)
(0.004699696 0 -4.407889e-08)
(0.0046997238 0 -3.7670164e-08)
(0.0046997477 0 -3.2141256e-08)
(0.0046997682 0 -2.7394312e-08)
(0.0046997858 0 -2.3332652e-08)
(0.0046998008 0 -1.9854252e-08)
(0.0046998137 0 -1.6864282e-08)
(0.0046998246 0 -1.4291042e-08)
(0.004699834 0 -1.2087799e-08)
(0.004699842 0 -1.0219248e-08)
(0.0046998488 0 -8.6467834e-09)
(0.0046998546 0 -7.3252699e-09)
(0.0046998595 0 -6.2102433e-09)
(0.0046998637 0 -5.2654569e-09)
(0.0046998673 0 -4.4637904e-09)
(0.0046998703 0 -3.783491e-09)
(0.0046998729 0 -3.2060159e-09)
(0.0046998751 0 -2.7173849e-09)
(0.0046998769 0 -2.3088663e-09)
(0.0046998785 0 -1.9733684e-09)
(0.0046998798 0 -1.699618e-09)
(0.0046998809 0 -1.4699565e-09)
(0.0046998818 0 -1.2651862e-09)
(0.0046998826 0 -1.0730217e-09)
(0.0046998833 0 -8.9254772e-10)
(0.0046998839 0 -7.3064898e-10)
(0.0046998843 0 -5.935963e-10)
(0.0046998848 0 -4.8093013e-10)
(0.0046998851 0 -3.8651923e-10)
(0.0046998854 0 -3.0494119e-10)
(0.0046998856 0 -2.3645505e-10)
(0.0046998859 0 -1.8573347e-10)
(0.004699886 0 -1.555366e-10)
(0.0046998861 0 -1.4107836e-10)
(0.0046998862 0 -1.3060425e-10)
(0.0046998863 0 -1.123814e-10)
(0.0046998864 0 -8.256758e-11)
(0.0046998865 0 -4.7720462e-11)
(0.0046998865 0 -1.9850257e-11)
(0.0046998866 0 -7.4699578e-12)
(0.0046998866 0 -9.3380546e-12)
(0.0046998866 0 -1.5483832e-11)
(0.0046998866 0 -1.4423018e-11)
(0.0046998866 0 -1.2553524e-12)
(0.0046998866 0 1.9070029e-11)
(0.0046998866 0 3.5568174e-11)
(0.0046998866 0 3.9044049e-11)
(0.0046998866 0 2.8244384e-11)
(0.0046998866 0 1.0417134e-11)
(0.0046998866 0 -3.7122533e-12)
(0.0046998865 0 -6.7467083e-12)
(0.0046998865 0 1.593897e-12)
(0.0046998865 0 1.5615514e-11)
(0.0046998865 0 2.7983284e-11)
(0.0046998865 0 3.3886687e-11)
(0.0046998865 0 3.2392003e-11)
(0.0046998865 0 2.5044068e-11)
(0.0046998865 0 1.4028608e-11)
(0.0046998864 0 1.6089714e-12)
(0.0046998864 0 -9.3206514e-12)
(0.0046998864 0 -1.4847907e-11)
(0.0046998863 0 -1.1029743e-11)
(0.0046998863 0 4.129453e-12)
(0.0046998863 0 2.9400721e-11)
(0.0046998863 0 6.0539921e-11)
(0.0046998863 0 9.1393024e-11)
(0.0046998862 0 1.1513208e-10)
(0.0046998862 0 1.2543029e-10)
(0.0046998862 0 1.1822343e-10)
(0.0046998862 0 9.4262162e-11)
(0.0046998861 0 6.0544745e-11)
(0.0046998861 0 2.8252338e-11)
(0.004699886 0 7.4927867e-12)
(0.004699886 0 2.2163264e-12)
(0.004699886 0 9.3042534e-12)
(0.004699886 0 2.2582521e-11)
(0.004699886 0 3.7728184e-11)
(0.0046998859 0 5.3511693e-11)
(0.0046998859 0 6.9366883e-11)
(0.0046998859 0 8.3208711e-11)
(0.0046998858 0 9.255917e-11)
(0.0046998858 0 9.7426748e-11)
(0.0046998858 0 1.0048585e-10)
(0.0046998857 0 1.0357079e-10)
(0.0046998856 0 1.0505532e-10)
(0.0046998856 0 1.0211761e-10)
(0.0046998855 0 9.5669804e-11)
(0.0046998854 0 9.1858097e-11)
(0.0046998853 0 9.7696017e-11)
(0.0046998851 0 1.1574404e-10)
(0.004699885 0 1.4389642e-10)
(0.0046998848 0 1.7916667e-10)
(0.0046998847 0 2.1956586e-10)
(0.0046998845 0 2.6253902e-10)
(0.0046998843 0 3.044276e-10)
(0.004699884 0 3.4372543e-10)
(0.0046998837 0 3.8403967e-10)
(0.0046998834 0 4.3179064e-10)
(0.004699883 0 4.9148755e-10)
(0.0046998826 0 5.651997e-10)
(0.0046998821 0 6.5531406e-10)
(0.0046998816 0 7.6390994e-10)
(0.0046998811 0 8.8887919e-10)
(0.0046998804 0 1.0244029e-09)
(0.0046998797 0 1.1672813e-09)
(0.0046998788 0 1.3201805e-09)
(0.0046998779 0 1.4871575e-09)
(0.0046998768 0 1.6701748e-09)
(0.0046998755 0 1.8732214e-09)
(0.0046998741 0 2.1054311e-09)
(0.0046998726 0 2.3754653e-09)
(0.0046998707 0 2.6864161e-09)
(0.0046998687 0 3.0409498e-09)
(0.0046998664 0 3.4481857e-09)
(0.0046998637 0 3.9209019e-09)
(0.0046998607 0 4.4691186e-09)
(0.0046998573 0 5.1013122e-09)
(0.0046998534 0 5.8297789e-09)
(0.0046998489 0 6.6707353e-09)
(0.0046998439 0 7.64174e-09)
(0.004699838 0 8.7640045e-09)
(0.0046998314 0 1.0064904e-08)
(0.0046998238 0 1.157399e-08)
(0.004699815 0 1.3324433e-08)
(0.0046998049 0 1.5365293e-08)
(0.0046997933 0 1.7763267e-08)
(0.0046997799 0 2.0599414e-08)
(0.0046997643 0 2.3983891e-08)
(0.0046997461 0 2.8065238e-08)
(0.0046997249 0 3.3038876e-08)
(0.0046996999 0 3.9178306e-08)
(0.0046996702 0 4.6848961e-08)
(0.0046996348 0 5.6533428e-08)
(0.0046995921 0 6.8858299e-08)
(0.0046995394 0 8.4594099e-08)
(0.0046994719 0 1.0503089e-07)
(0.004699391 0 1.3216702e-07)
(0.0046993324 0 1.6034379e-07)
(0.0046990714 0 1.8744484e-07)
(0.010047804 0 0.00067030369)
(0.010609611 0 0.0015372841)
(0.0111382 0 0.0018818752)
(0.011474513 0 0.0018814036)
(0.011614096 0 0.001694819)
(0.01161647 0 0.0014265415)
(0.01154295 0 0.0011415721)
(0.011440652 0 0.00087582531)
(0.011340763 0 0.00064561838)
(0.01126061 0 0.00045622134)
(0.011207156 0 0.00030756985)
(0.011180371 0 0.00019735738)
(0.011175792 0 0.00012248903)
(0.011186312 0 7.9600226e-05)
(0.011203462 0 6.5169985e-05)
(0.011218302 0 7.5434434e-05)
(0.011222244 0 0.00010620631)
(0.011207589 0 0.00015307518)
(0.011167939 0 0.00021134084)
(0.011098587 0 0.00027625557)
(0.010996665 0 0.00034326545)
(0.010861161 0 0.00040823525)
(0.010692817 0 0.00046763616)
(0.010493941 0 0.00051867681)
(0.010268139 0 0.00055936959)
(0.010020006 0 0.00058853301)
(0.0097547934 0 0.00060573788)
(0.0094780761 0 0.00061121055)
(0.0091954536 0 0.00060570731)
(0.0089122846 0 0.0005903776)
(0.0086334788 0 0.00056662896)
(0.0083633446 0 0.00053600565)
(0.0081054943 0 0.00050008749)
(0.0078628003 0 0.00046041186)
(0.0076373941 0 0.00041841747)
(0.0074306989 0 0.00037540647)
(0.0072434852 0 0.00033252132)
(0.0070759449 0 0.00029073179)
(0.0069277735 0 0.00025082979)
(0.006798258 0 0.00021343018)
(0.0066863659 0 0.00017897677)
(0.0065908308 0 0.000147753)
(0.0065102326 0 0.00011989733)
(0.0064430693 0 9.5422039e-05)
(0.006387819 0 7.4235024e-05)
(0.0063429909 0 5.6162749e-05)
(0.0063071644 0 4.0972842e-05)
(0.0062790175 0 2.8395352e-05)
(0.0062573442 0 1.814133e-05)
(0.0062410637 0 9.9194326e-06)
(0.0062292236 0 3.4484555e-06)
(0.0062209988 0 -1.5411384e-06)
(0.0062156793 0 -5.2906619e-06)
(0.0062126608 0 -8.017229e-06)
(0.0062114377 0 -9.9105817e-06)
(0.0062115904 0 -1.1134767e-05)
(0.0062127734 0 -1.1829397e-05)
(0.0062147055 0 -1.2111598e-05)
(0.0062171595 0 -1.2078542e-05)
(0.0062199545 0 -1.1810028e-05)
(0.0062229477 0 -1.1370893e-05)
(0.0062260281 0 -1.0813269e-05)
(0.0062291111 0 -1.01786e-05)
(0.0062321333 0 -9.4994443e-06)
(0.0062350487 0 -8.8010199e-06)
(0.0062378252 0 -8.1025383e-06)
(0.0062404416 0 -7.4183371e-06)
(0.0062428856 0 -6.7588057e-06)
(0.0062451516 0 -6.1311561e-06)
(0.0062472389 0 -5.5400856e-06)
(0.0062491509 0 -4.9883273e-06)
(0.0062508937 0 -4.4770921e-06)
(0.0062524753 0 -4.0064347e-06)
(0.006253905 0 -3.5755635e-06)
(0.0062551928 0 -3.1830817e-06)
(0.006256349 0 -2.8271571e-06)
(0.0062573841 0 -2.505658e-06)
(0.0062583083 0 -2.2162781e-06)
(0.0062591314 0 -1.9566425e-06)
(0.0062598628 0 -1.7243771e-06)
(0.0062605114 0 -1.5171509e-06)
(0.0062610854 0 -1.3327145e-06)
(0.0062615925 0 -1.1689349e-06)
(0.0062620397 0 -1.0238132e-06)
(0.0062624334 0 -8.9548247e-07)
(0.0062627795 0 -7.8220565e-07)
(0.0062630833 0 -6.8238503e-07)
(0.0062633496 0 -5.945714e-07)
(0.0062635827 0 -5.1745607e-07)
(0.0062637865 0 -4.4984886e-07)
(0.0062639645 0 -3.9066229e-07)
(0.0062641198 0 -3.3891146e-07)
(0.006264255 0 -2.9371771e-07)
(0.0062643728 0 -2.5430086e-07)
(0.0062644751 0 -2.1996226e-07)
(0.006264564 0 -1.9007328e-07)
(0.0062646411 0 -1.6407568e-07)
(0.0062647079 0 -1.4148329e-07)
(0.0062647658 0 -1.2187317e-07)
(0.0062648159 0 -1.0486956e-07)
(0.0062648592 0 -9.0134562e-08)
(0.0062648966 0 -7.7371012e-08)
(0.0062649289 0 -6.6327727e-08)
(0.0062649567 0 -5.6793934e-08)
(0.0062649806 0 -4.8583095e-08)
(0.0062650012 0 -4.1519762e-08)
(0.0062650189 0 -3.5440516e-08)
(0.0062650341 0 -3.0204755e-08)
(0.0062650472 0 -2.5701416e-08)
(0.0062650583 0 -2.1843314e-08)
(0.0062650679 0 -1.8554025e-08)
(0.0062650761 0 -1.5758796e-08)
(0.0062650831 0 -1.3385086e-08)
(0.0062650891 0 -1.1368093e-08)
(0.0062650942 0 -9.6537012e-09)
(0.0062650985 0 -8.1966995e-09)
(0.0062651022 0 -6.9579649e-09)
(0.0062651053 0 -5.9044006e-09)
(0.006265108 0 -5.0105527e-09)
(0.0062651103 0 -4.2575981e-09)
(0.0062651123 0 -3.6282791e-09)
(0.0062651139 0 -3.1016952e-09)
(0.0062651153 0 -2.6531389e-09)
(0.0062651164 0 -2.2599895e-09)
(0.0062651174 0 -1.9088236e-09)
(0.0062651183 0 -1.5971941e-09)
(0.006265119 0 -1.3282403e-09)
(0.0062651196 0 -1.1026827e-09)
(0.0062651201 0 -9.147311e-10)
(0.0062651206 0 -7.5482489e-10)
(0.0062651209 0 -6.1607656e-10)
(0.0062651213 0 -4.9807791e-10)
(0.0062651215 0 -4.0452269e-10)
(0.0062651218 0 -3.3683986e-10)
(0.0062651219 0 -2.8942876e-10)
(0.0062651221 0 -2.5084217e-10)
(0.0062651222 0 -2.1029709e-10)
(0.0062651223 0 -1.6428169e-10)
(0.0062651224 0 -1.1802687e-10)
(0.0062651225 0 -8.0719727e-11)
(0.0062651226 0 -5.7992461e-11)
(0.0062651226 0 -4.7328126e-11)
(0.0062651226 0 -3.9765342e-11)
(0.0062651226 0 -2.6356081e-11)
(0.0062651226 0 -4.5239895e-12)
(0.0062651227 0 2.0205812e-11)
(0.0062651227 0 3.8296395e-11)
(0.0062651227 0 4.2990665e-11)
(0.0062651227 0 3.4876109e-11)
(0.0062651227 0 2.1329591e-11)
(0.0062651227 0 1.1615439e-11)
(0.0062651226 0 1.1273165e-11)
(0.0062651226 0 1.9682658e-11)
(0.0062651226 0 3.1875977e-11)
(0.0062651226 0 4.2464985e-11)
(0.0062651226 0 4.8631904e-11)
(0.0062651226 0 5.0419163e-11)
(0.0062651226 0 4.8992704e-11)
(0.0062651225 0 4.5153842e-11)
(0.0062651225 0 3.9444862e-11)
(0.0062651224 0 3.3227422e-11)
(0.0062651224 0 2.9299719e-11)
(0.0062651223 0 3.114639e-11)
(0.0062651223 0 4.1306936e-11)
(0.0062651222 0 6.0204901e-11)
(0.0062651222 0 8.5884919e-11)
(0.0062651222 0 1.1406945e-10)
(0.0062651222 0 1.3836118e-10)
(0.0062651222 0 1.512969e-10)
(0.0062651222 0 1.470398e-10)
(0.0062651221 0 1.2506147e-10)
(0.0062651221 0 9.1995805e-11)
(0.006265122 0 5.911683e-11)
(0.006265122 0 3.6494168e-11)
(0.006265122 0 2.8110582e-11)
(0.0062651219 0 3.1698443e-11)
(0.0062651219 0 4.2848914e-11)
(0.0062651219 0 5.8853234e-11)
(0.0062651219 0 7.8635068e-11)
(0.0062651219 0 1.0024468e-10)
(0.0062651218 0 1.2016696e-10)
(0.0062651218 0 1.3587589e-10)
(0.0062651217 0 1.4833607e-10)
(0.0062651217 0 1.6053247e-10)
(0.0062651216 0 1.7324557e-10)
(0.0062651216 0 1.8371568e-10)
(0.0062651215 0 1.8965052e-10)
(0.0062651214 0 1.9392864e-10)
(0.0062651213 0 2.0395643e-10)
(0.0062651211 0 2.2606013e-10)
(0.006265121 0 2.6148044e-10)
(0.0062651208 0 3.0810838e-10)
(0.0062651206 0 3.6415436e-10)
(0.0062651204 0 4.2825515e-10)
(0.0062651202 0 4.9741486e-10)
(0.00626512 0 5.6814342e-10)
(0.0062651197 0 6.4067528e-10)
(0.0062651193 0 7.2017658e-10)
(0.0062651189 0 8.1262449e-10)
(0.0062651185 0 9.2134417e-10)
(0.006265118 0 1.0489864e-09)
(0.0062651175 0 1.2000125e-09)
(0.0062651169 0 1.377695e-09)
(0.0062651162 0 1.5802936e-09)
(0.0062651155 0 1.804201e-09)
(0.0062651146 0 2.0502414e-09)
(0.0062651136 0 2.3231573e-09)
(0.0062651125 0 2.6261101e-09)
(0.0062651113 0 2.9614504e-09)
(0.0062651098 0 3.337333e-09)
(0.0062651082 0 3.767328e-09)
(0.0062651064 0 4.262111e-09)
(0.0062651043 0 4.8277487e-09)
(0.0062651019 0 5.4735683e-09)
(0.0062650992 0 6.2153224e-09)
(0.0062650962 0 7.0695488e-09)
(0.0062650927 0 8.0515046e-09)
(0.0062650887 0 9.1799611e-09)
(0.0062650842 0 1.0478872e-08)
(0.006265079 0 1.1975106e-08)
(0.0062650731 0 1.3700368e-08)
(0.0062650664 0 1.5694781e-08)
(0.0062650588 0 1.800414e-08)
(0.00626505 0 2.0678019e-08)
(0.0062650399 0 2.3780444e-08)
(0.0062650283 0 2.7399549e-08)
(0.006265015 0 3.1644839e-08)
(0.0062649997 0 3.6657489e-08)
(0.006264982 0 4.2626286e-08)
(0.0062649614 0 4.9793437e-08)
(0.0062649375 0 5.8490512e-08)
(0.0062649095 0 6.916973e-08)
(0.0062648766 0 8.2438887e-08)
(0.0062648377 0 9.9147869e-08)
(0.0062647914 0 1.2046472e-07)
(0.0062647354 0 1.4801714e-07)
(0.0062646656 0 1.8435521e-07)
(0.0062645797 0 2.3446845e-07)
(0.0062645256 0 2.9329975e-07)
(0.0062642654 0 3.2996976e-07)
(0.010023033 0 0.00038901226)
(0.010398999 0 0.0010174272)
(0.01089059 0 0.0013874583)
(0.011354462 0 0.0015144382)
(0.011717904 0 0.0014654605)
(0.011975844 0 0.0013078658)
(0.012150571 0 0.0010959315)
(0.012269992 0 0.00086842262)
(0.012359049 0 0.0006503407)
(0.012436435 0 0.00045656542)
(0.012513935 0 0.00029531796)
(0.012597158 0 0.00017064769)
(0.01268672 0 8.3991329e-05)
(0.012779507 0 3.4990302e-05)
(0.01286987 0 2.1842499e-05)
(0.012950537 0 4.1440143e-05)
(0.013013824 0 8.9599632e-05)
(0.013052361 0 0.00016092162)
(0.013059652 0 0.00024934117)
(0.013030742 0 0.0003484462)
(0.01296246 0 0.00045185295)
(0.012853508 0 0.00055358366)
(0.012704415 0 0.0006483772)
(0.012517383 0 0.00073191596)
(0.012296051 0 0.00080096017)
(0.012045202 0 0.00085339302)
(0.011770444 0 0.00088818436)
(0.011477875 0 0.00090528892)
(0.011173763 0 0.00090549552)
(0.010864255 0 0.00089024767)
(0.01055513 0 0.00086145527)
(0.0102516 0 0.00082131446)
(0.0099581793 0 0.00077214931)
(0.0096786021 0 0.00071628131)
(0.0094157918 0 0.00065592966)
(0.0091718748 0 0.00059313954)
(0.0089482246 0 0.00052973374)
(0.0087455296 0 0.00046728323)
(0.008563877 0 0.00040709178)
(0.0084028452 0 0.000350192)
(0.0082616004 0 0.0002973514)
(0.0081389921 0 0.00024908667)
(0.0080336448 0 0.0002056858)
(0.0079440412 0 0.00016723648)
(0.0078685962 0 0.00013365865)
(0.0078057191 0 0.00010473971)
(0.0077538629 0 8.0169361e-05)
(0.007711562 0 5.9572422e-05)
(0.007677458 0 4.2537996e-05)
(0.0076503147 0 2.8643987e-05)
(0.0076290256 0 1.747651e-05)
(0.0076126152 0 8.6427356e-06)
(0.0076002324 0 1.7793188e-06)
(0.0075911431 0 -3.4404e-06)
(0.0075847215 0 -7.3041811e-06)
(0.0075804369 0 -1.0062609e-05)
(0.0075778446 0 -1.1930645e-05)
(0.0075765743 0 -1.3090399e-05)
(0.0075763201 0 -1.3694494e-05)
(0.0075768312 0 -1.3869642e-05)
(0.0075779037 0 -1.3720064e-05)
(0.0075793731 0 -1.3330724e-05)
(0.0075811083 0 -1.2770199e-05)
(0.0075830059 0 -1.2093358e-05)
(0.0075849853 0 -1.1343616e-05)
(0.0075869847 0 -1.0554908e-05)
(0.0075889577 0 -9.7533693e-06)
(0.0075908703 0 -8.9587591e-06)
(0.0075926987 0 -8.1856461e-06)
(0.0075944266 0 -7.4444206e-06)
(0.0075960445 0 -6.7421467e-06)
(0.0075975473 0 -6.0832617e-06)
(0.0075989338 0 -5.4701548e-06)
(0.0076002054 0 -4.9036501e-06)
(0.0076013658 0 -4.3833967e-06)
(0.0076024199 0 -3.9081722e-06)
(0.0076033735 0 -3.4761247e-06)
(0.0076042331 0 -3.0849749e-06)
(0.0076050054 0 -2.7321798e-06)
(0.0076056973 0 -2.4150565e-06)
(0.0076063153 0 -2.1308744e-06)
(0.0076068662 0 -1.8769245e-06)
(0.0076073559 0 -1.6505735e-06)
(0.0076077904 0 -1.4492997e-06)
(0.0076081752 0 -1.2707157e-06)
(0.0076085153 0 -1.1125858e-06)
(0.0076088154 0 -9.7283632e-07)
(0.0076090797 0 -8.4955929e-07)
(0.0076093122 0 -7.4100564e-07)
(0.0076095164 0 -6.4557492e-07)
(0.0076096954 0 -5.6180796e-07)
(0.0076098523 0 -4.8838302e-07)
(0.0076099895 0 -4.2411015e-07)
(0.0076101094 0 -3.6792092e-07)
(0.0076102141 0 -3.1885656e-07)
(0.0076103053 0 -2.7605937e-07)
(0.0076103847 0 -2.3876706e-07)
(0.0076104538 0 -2.0630538e-07)
(0.0076105139 0 -1.7807737e-07)
(0.007610566 0 -1.535529e-07)
(0.0076106113 0 -1.322632e-07)
(0.0076106505 0 -1.1379891e-07)
(0.0076106844 0 -9.7805509e-08)
(0.0076107138 0 -8.3973002e-08)
(0.0076107391 0 -7.2024303e-08)
(0.007610761 0 -6.1709506e-08)
(0.0076107799 0 -5.2807985e-08)
(0.0076107962 0 -4.5132238e-08)
(0.0076108103 0 -3.8526017e-08)
(0.0076108223 0 -3.2855822e-08)
(0.0076108327 0 -2.800164e-08)
(0.0076108416 0 -2.3852905e-08)
(0.0076108492 0 -2.0309997e-08)
(0.0076108558 0 -1.7286547e-08)
(0.0076108614 0 -1.4708667e-08)
(0.0076108662 0 -1.2512007e-08)
(0.0076108703 0 -1.0640039e-08)
(0.0076108738 0 -9.0448406e-09)
(0.0076108768 0 -7.6879987e-09)
(0.0076108793 0 -6.5384742e-09)
(0.0076108815 0 -5.5676463e-09)
(0.0076108833 0 -4.7455493e-09)
(0.0076108849 0 -4.041954e-09)
(0.0076108862 0 -3.4316234e-09)
(0.0076108874 0 -2.8990493e-09)
(0.0076108883 0 -2.4380486e-09)
(0.0076108892 0 -2.0460054e-09)
(0.0076108899 0 -1.7173137e-09)
(0.0076108904 0 -1.4411651e-09)
(0.0076108909 0 -1.20498e-09)
(0.0076108914 0 -1.0000499e-09)
(0.0076108918 0 -8.2423339e-10)
(0.0076108921 0 -6.7931312e-10)
(0.0076108923 0 -5.6535755e-10)
(0.0076108926 0 -4.768527e-10)
(0.0076108927 0 -4.0376954e-10)
(0.0076108929 0 -3.3669692e-10)
(0.007610893 0 -2.7185444e-10)
(0.0076108931 0 -2.1198452e-10)
(0.0076108932 0 -1.6254387e-10)
(0.0076108933 0 -1.2621466e-10)
(0.0076108934 0 -9.9930731e-11)
(0.0076108934 0 -7.6644935e-11)
(0.0076108934 0 -5.0341842e-11)
(0.0076108935 0 -2.0377541e-11)
(0.0076108935 0 8.0870977e-12)
(0.0076108935 0 2.7877876e-11)
(0.0076108935 0 3.5045413e-11)
(0.0076108936 0 3.1730931e-11)
(0.0076108935 0 2.4782215e-11)
(0.0076108935 0 2.1414091e-11)
(0.0076108935 0 2.5124065e-11)
(0.0076108935 0 3.4621901e-11)
(0.0076108935 0 4.6038226e-11)
(0.0076108935 0 5.6163492e-11)
(0.0076108935 0 6.4147235e-11)
(0.0076108935 0 7.0813457e-11)
(0.0076108935 0 7.6793968e-11)
(0.0076108934 0 8.1499518e-11)
(0.0076108934 0 8.3821003e-11)
(0.0076108933 0 8.360959e-11)
(0.0076108933 0 8.2452513e-11)
(0.0076108932 0 8.3178795e-11)
(0.0076108932 0 8.8652391e-11)
(0.0076108931 0 1.0072499e-10)
(0.0076108931 0 1.1948961e-10)
(0.0076108931 0 1.4242458e-10)
(0.007610893 0 1.6381982e-10)
(0.007610893 0 1.7585689e-10)
(0.007610893 0 1.7203361e-10)
(0.007610893 0 1.5139297e-10)
(0.0076108929 0 1.2023104e-10)
(0.0076108929 0 8.9107063e-11)
(0.0076108929 0 6.6986937e-11)
(0.0076108928 0 5.7194711e-11)
(0.0076108928 0 5.8139596e-11)
(0.0076108928 0 6.7143435e-11)
(0.0076108927 0 8.2922361e-11)
(0.0076108927 0 1.0451165e-10)
(0.0076108927 0 1.2919815e-10)
(0.0076108927 0 1.5321592e-10)
(0.0076108926 0 1.7486895e-10)
(0.0076108926 0 1.9589801e-10)
(0.0076108925 0 2.1868665e-10)
(0.0076108925 0 2.4248424e-10)
(0.0076108924 0 2.6389886e-10)
(0.0076108923 0 2.8178445e-10)
(0.0076108922 0 3.0057079e-10)
(0.0076108921 0 3.2766475e-10)
(0.007610892 0 3.68028e-10)
(0.0076108918 0 4.2227521e-10)
(0.0076108917 0 4.8934563e-10)
(0.0076108915 0 5.6867169e-10)
(0.0076108913 0 6.5882854e-10)
(0.007610891 0 7.5642653e-10)
(0.0076108908 0 8.5905624e-10)
(0.0076108905 0 9.6888669e-10)
(0.0076108901 0 1.0913861e-09)
(0.0076108897 0 1.2310344e-09)
(0.0076108893 0 1.3907646e-09)
(0.0076108888 0 1.5753018e-09)
(0.0076108882 0 1.7912365e-09)
(0.0076108876 0 2.0422321e-09)
(0.0076108869 0 2.327497e-09)
(0.0076108861 0 2.647122e-09)
(0.0076108852 0 3.0055865e-09)
(0.0076108842 0 3.4077104e-09)
(0.0076108831 0 3.855765e-09)
(0.0076108818 0 4.3551097e-09)
(0.0076108803 0 4.919154e-09)
(0.0076108786 0 5.563934e-09)
(0.0076108767 0 6.3013001e-09)
(0.0076108746 0 7.1424908e-09)
(0.0076108722 0 8.1043937e-09)
(0.0076108694 0 9.2071277e-09)
(0.0076108662 0 1.0470491e-08)
(0.0076108626 0 1.1918292e-08)
(0.0076108585 0 1.3581214e-08)
(0.0076108539 0 1.5492694e-08)
(0.0076108486 0 1.7690199e-08)
(0.0076108426 0 2.0222149e-08)
(0.0076108357 0 2.3145296e-08)
(0.0076108279 0 2.6520377e-08)
(0.0076108189 0 3.0421608e-08)
(0.0076108087 0 3.4945196e-08)
(0.0076107969 0 4.0210867e-08)
(0.0076107835 0 4.6372379e-08)
(0.0076107681 0 5.3627224e-08)
(0.0076107504 0 6.2223786e-08)
(0.0076107299 0 7.2491102e-08)
(0.0076107064 0 8.4869597e-08)
(0.0076106791 0 9.9942219e-08)
(0.0076106474 0 1.1850462e-07)
(0.0076106106 0 1.4164673e-07)
(0.0076105677 0 1.7088876e-07)
(0.0076105172 0 2.0836502e-07)
(0.0076104573 0 2.5722002e-07)
(0.0076103839 0 3.2342967e-07)
(0.0076103499 0 4.0585027e-07)
(0.0076101457 0 4.5250048e-07)
(0.01001209 0 0.00022777679)
(0.010255673 0 0.00063995317)
(0.010641943 0 0.00093024292)
(0.011084027 0 0.0010720132)
(0.011509635 0 0.0010829772)
(0.011887812 0 0.00099653815)
(0.012213725 0 0.00084766635)
(0.012494702 0 0.00066702139)
(0.012742555 0 0.00047888721)
(0.012969081 0 0.00030128978)
(0.013183498 0 0.00014703802)
(0.013391376 0 2.4922037e-05)
(0.013594464 0 -5.9457264e-05)
(0.013791002 0 -0.00010311378)
(0.013976412 0 -0.00010546804)
(0.014144275 0 -6.8257175e-05)
(0.014287116 0 4.7340888e-06)
(0.014397457 0 0.00010766381)
(0.014468881 0 0.00023333742)
(0.014496422 0 0.00037374423)
(0.014476937 0 0.0005207025)
(0.014409229 0 0.00066639553)
(0.014293986 0 0.00080380398)
(0.014133606 0 0.00092703243)
(0.013931947 0 0.0010315146)
(0.013694043 0 0.0011141011)
(0.013425797 0 0.0011730465)
(0.013133659 0 0.0012079109)
(0.012824327 0 0.0012193963)
(0.012504453 0 0.0012091372)
(0.012180391 0 0.0011794683)
(0.01185799 0 0.0011331927)
(0.011542433 0 0.0010733666)
(0.011238138 0 0.0010031145)
(0.010948702 0 0.00092548089)
(0.010676897 0 0.00084331828)
(0.010424693 0 0.00075920774)
(0.01019332 0 0.0006754069)
(0.009983339 0 0.00059381981)
(0.0097947312 0 0.00051598463)
(0.0096269928 0 0.00044307625)
(0.0094792314 0 0.00037592217)
(0.0093502599 0 0.00031502939)
(0.009238686 0 0.00026062098)
(0.0091429924 0 0.00021267939)
(0.009061607 0 0.0001709933)
(0.0089929607 0 0.00013520535)
(0.0089355336 0 0.00010485732)
(0.008887888 0 7.9430666e-05)
(0.0088486921 0 5.838091e-05)
(0.0088167325 0 4.116519e-05)
(0.0087909205 0 2.726229e-05)
(0.0087702908 0 1.6185989e-05)
(0.0087539973 0 7.4946047e-06)
(0.0087413054 0 7.9370256e-07)
(0.0087315824 0 -4.2626231e-06)
(0.0087242879 0 -7.9736155e-06)
(0.0087189637 0 -1.0595259e-05)
(0.0087152234 0 -1.2344343e-05)
(0.0087127439 0 -1.3402817e-05)
(0.0087112562 0 -1.392207e-05)
(0.0087105385 0 -1.4027168e-05)
(0.0087104085 0 -1.382042e-05)
(0.0087107182 0 -1.3385001e-05)
(0.0087113476 0 -1.2787891e-05)
(0.0087122011 0 -1.2082521e-05)
(0.0087132026 0 -1.1311055e-05)
(0.0087142928 0 -1.0506327e-05)
(0.0087154255 0 -9.6934865e-06)
(0.008716566 0 -8.8914243e-06)
(0.0087176881 0 -8.1139707e-06)
(0.008718773 0 -7.3708847e-06)
(0.0087198078 0 -6.6686823e-06)
(0.0087207837 0 -6.0113399e-06)
(0.0087216957 0 -5.4008745e-06)
(0.0087225413 0 -4.8378036e-06)
(0.0087233203 0 -4.3215117e-06)
(0.0087240337 0 -3.8505531e-06)
(0.0087246839 0 -3.4229038e-06)
(0.0087252738 0 -3.0361602e-06)
(0.0087258069 0 -2.6876864e-06)
(0.008726287 0 -2.3747268e-06)
(0.008726718 0 -2.0944955e-06)
(0.0087271038 0 -1.844249e-06)
(0.0087274482 0 -1.6213377e-06)
(0.008727755 0 -1.4232373e-06)
(0.0087280276 0 -1.2475669e-06)
(0.0087282693 0 -1.0921001e-06)
(0.0087284833 0 -9.5477303e-07)
(0.0087286723 0 -8.3368567e-07)
(0.008728839 0 -7.2709677e-07)
(0.0087289859 0 -6.3341644e-07)
(0.008729115 0 -5.5119984e-07)
(0.0087292284 0 -4.7914171e-07)
(0.0087293278 0 -4.1606896e-07)
(0.0087294148 0 -3.6093038e-07)
(0.0087294909 0 -3.1278507e-07)
(0.0087295574 0 -2.7079208e-07)
(0.0087296155 0 -2.3420221e-07)
(0.0087296661 0 -2.0235143e-07)
(0.0087297102 0 -1.7465403e-07)
(0.0087297485 0 -1.5059468e-07)
(0.0087297819 0 -1.2971902e-07)
(0.0087298108 0 -1.1162451e-07)
(0.0087298359 0 -9.5954082e-08)
(0.0087298577 0 -8.2393249e-08)
(0.0087298765 0 -7.0668798e-08)
(0.0087298928 0 -6.0545736e-08)
(0.0087299069 0 -5.1820898e-08)
(0.0087299191 0 -4.4315261e-08)
(0.0087299296 0 -3.7868597e-08)
(0.0087299386 0 -3.2337924e-08)
(0.0087299464 0 -2.7597852e-08)
(0.0087299531 0 -2.3539903e-08)
(0.0087299589 0 -2.0069823e-08)
(0.0087299638 0 -1.7104658e-08)
(0.008729968 0 -1.4571741e-08)
(0.0087299717 0 -1.2409197e-08)
(0.0087299748 0 -1.0565605e-08)
(0.0087299775 0 -8.9972513e-09)
(0.0087299797 0 -7.6641334e-09)
(0.0087299817 0 -6.5278412e-09)
(0.0087299833 0 -5.5532691e-09)
(0.0087299848 0 -4.7125125e-09)
(0.008729986 0 -3.9871047e-09)
(0.008729987 0 -3.3659939e-09)
(0.0087299879 0 -2.8401858e-09)
(0.0087299886 0 -2.3979598e-09)
(0.0087299892 0 -2.0242226e-09)
(0.0087299898 0 -1.7040232e-09)
(0.0087299902 0 -1.4269626e-09)
(0.0087299907 0 -1.1887667e-09)
(0.008729991 0 -9.8870505e-10)
(0.0087299913 0 -8.2502334e-10)
(0.0087299915 0 -6.9210457e-10)
(0.0087299917 0 -5.8136509e-10)
(0.0087299919 0 -4.8486778e-10)
(0.008729992 0 -3.9862976e-10)
(0.0087299922 0 -3.2292905e-10)
(0.0087299923 0 -2.5950778e-10)
(0.0087299924 0 -2.0811596e-10)
(0.0087299925 0 -1.6515722e-10)
(0.0087299925 0 -1.2548834e-10)
(0.0087299926 0 -8.5945816e-11)
(0.0087299926 0 -4.7670647e-11)
(0.0087299926 0 -1.5271993e-11)
(0.0087299927 0 6.6196808e-12)
(0.0087299927 0 1.6960015e-11)
(0.0087299927 0 1.942084e-11)
(0.0087299927 0 2.021823e-11)
(0.0087299927 0 2.4403819e-11)
(0.0087299927 0 3.3372796e-11)
(0.0087299927 0 4.51577e-11)
(0.0087299927 0 5.6934481e-11)
(0.0087299927 0 6.7491998e-11)
(0.0087299927 0 7.7688092e-11)
(0.0087299927 0 8.8950408e-11)
(0.0087299926 0 1.0147662e-10)
(0.0087299926 0 1.13739e-10)
(0.0087299926 0 1.2361773e-10)
(0.0087299926 0 1.2999534e-10)
(0.0087299925 0 1.3345788e-10)
(0.0087299925 0 1.3595772e-10)
(0.0087299924 0 1.4008518e-10)
(0.0087299923 0 1.4828656e-10)
(0.0087299923 0 1.6181801e-10)
(0.0087299923 0 1.7927466e-10)
(0.0087299922 0 1.9561089e-10)
(0.0087299922 0 2.0342309e-10)
(0.0087299922 0 1.9686139e-10)
(0.0087299922 0 1.7576002e-10)
(0.0087299921 0 1.4652917e-10)
(0.0087299921 0 1.1854256e-10)
(0.0087299921 0 9.8746203e-11)
(0.008729992 0 8.9065897e-11)
(0.008729992 0 8.8267883e-11)
(0.008729992 0 9.5302174e-11)
(0.008729992 0 1.1019544e-10)
(0.0087299919 0 1.3211147e-10)
(0.0087299919 0 1.5799914e-10)
(0.0087299919 0 1.8450576e-10)
(0.0087299918 0 2.1106401e-10)
(0.0087299918 0 2.3980313e-10)
(0.0087299918 0 2.7191534e-10)
(0.0087299917 0 3.0515724e-10)
(0.0087299917 0 3.362716e-10)
(0.0087299916 0 3.6586736e-10)
(0.0087299915 0 3.9964206e-10)
(0.0087299914 0 4.4426253e-10)
(0.0087299912 0 5.0311118e-10)
(0.0087299911 0 5.7660046e-10)
(0.008729991 0 6.6487923e-10)
(0.0087299908 0 7.6804832e-10)
(0.0087299906 0 8.8420245e-10)
(0.0087299904 0 1.0100678e-09)
(0.0087299901 0 1.144969e-09)
(0.0087299898 0 1.2925564e-09)
(0.0087299895 0 1.4575507e-09)
(0.0087299891 0 1.6430317e-09)
(0.0087299887 0 1.8528781e-09)
(0.0087299882 0 2.0944626e-09)
(0.0087299877 0 2.375473e-09)
(0.0087299871 0 2.6992125e-09)
(0.0087299864 0 3.0665707e-09)
(0.0087299857 0 3.4815728e-09)
(0.0087299848 0 3.9506337e-09)
(0.0087299839 0 4.4775443e-09)
(0.0087299828 0 5.0655936e-09)
(0.0087299815 0 5.725332e-09)
(0.0087299801 0 6.4743971e-09)
(0.0087299785 0 7.3293672e-09)
(0.0087299767 0 8.3041066e-09)
(0.0087299747 0 9.4161123e-09)
(0.0087299724 0 1.0687729e-08)
(0.0087299698 0 1.2141843e-08)
(0.0087299668 0 1.3803887e-08)
(0.0087299634 0 1.5707402e-08)
(0.0087299595 0 1.7891647e-08)
(0.0087299551 0 2.0397829e-08)
(0.0087299501 0 2.327528e-08)
(0.0087299444 0 2.6585869e-08)
(0.008729938 0 3.0397476e-08)
(0.0087299306 0 3.4786702e-08)
(0.0087299223 0 3.9851964e-08)
(0.0087299127 0 4.5712693e-08)
(0.0087299019 0 5.2515302e-08)
(0.0087298895 0 6.0450685e-08)
(0.0087298754 0 6.975034e-08)
(0.0087298593 0 8.0706371e-08)
(0.0087298409 0 9.3705864e-08)
(0.0087298199 0 1.0924435e-07)
(0.008729796 0 1.2797861e-07)
(0.0087297687 0 1.5077353e-07)
(0.0087297377 0 1.7879114e-07)
(0.0087297027 0 2.1361766e-07)
(0.0087296632 0 2.5740421e-07)
(0.0087296194 0 3.131687e-07)
(0.0087295674 0 3.8590978e-07)
(0.008729556 0 4.7844545e-07)
(0.0087294298 0 5.3221234e-07)
(0.010007129 0 0.00012603905)
(0.010170639 0 0.00036929275)
(0.010461651 0 0.00055516835)
(0.010836353 0 0.00065486001)
(0.011243098 0 0.00066689329)
(0.01164977 0 0.00060473327)
(0.012041223 0 0.00048805604)
(0.012412859 0 0.00033792226)
(0.012766149 0 0.00017414541)
(0.013105207 0 1.395331e-05)
(0.013434213 0 -0.00012832772)
(0.013755694 0 -0.00024123079)
(0.014069596 0 -0.0003160862)
(0.01437301 0 -0.00034701213)
(0.01466035 0 -0.00033107569)
(0.014924069 0 -0.00026849407)
(0.015155618 0 -0.00016274974)
(0.015346633 0 -2.0052962e-05)
(0.015490019 0 0.0001511522)
(0.015580628 0 0.00034107824)
(0.015615548 0 0.00053955687)
(0.015594056 0 0.00073683642)
(0.015517442 0 0.00092410225)
(0.015388743 0 0.0010938858)
(0.015212416 0 0.0012403208)
(0.014994009 0 0.0013592538)
(0.014739846 0 0.0014482364)
(0.014456731 0 0.0015064242)
(0.014151672 0 0.0015343997)
(0.013831619 0 0.0015339395)
(0.013503242 0 0.0015077484)
(0.013172737 0 0.0014591841)
(0.012845674 0 0.0013919937)
(0.012526896 0 0.0013100789)
(0.012220455 0 0.0012173015)
(0.011929599 0 0.0011173298)
(0.011656779 0 0.0010135274)
(0.0114037 0 0.00090887599)
(0.011171376 0 0.00080592816)
(0.010960214 0 0.00070678376)
(0.010770092 0 0.00061308672)
(0.010600448 0 0.00052603919)
(0.010450377 0 0.00044643117)
(0.010318707 0 0.00037468247)
(0.010204087 0 0.00031089439)
(0.01010506 0 0.00025490717)
(0.010020123 0 0.0002063591)
(0.0099477779 0 0.00016474389)
(0.0098865781 0 0.00012946272)
(0.0098351529 0 9.9869182e-05)
(0.0097922294 0 7.5305746e-05)
(0.0097566444 0 5.5131213e-05)
(0.0097273486 0 3.8740206e-05)
(0.0097034065 0 2.5575869e-05)
(0.0096839924 0 1.5135916e-05)
(0.0096683838 0 6.9751063e-06)
(0.0096559538 0 7.0419377e-07)
(0.0096461618 0 -4.0131856e-06)
(0.0096385451 0 -7.4648698e-06)
(0.0096327102 0 -9.8950074e-06)
(0.0096283242 0 -1.1509096e-05)
(0.0096251073 0 -1.2478989e-05)
(0.0096228262 0 -1.2947027e-05)
(0.0096212866 0 -1.3030554e-05)
(0.0096203285 0 -1.2825411e-05)
(0.0096198206 0 -1.2409367e-05)
(0.009619656 0 -1.1844941e-05)
(0.009619748 0 -1.1181882e-05)
(0.0096200273 0 -1.0459317e-05)
(0.0096204386 0 -9.707629e-06)
(0.0096209382 0 -8.9500231e-06)
(0.0096214921 0 -8.2038413e-06)
(0.0096220742 0 -7.4816917e-06)
(0.0096226645 0 -6.7924159e-06)
(0.0096232482 0 -6.1418818e-06)
(0.0096238146 0 -5.5336165e-06)
(0.0096243562 0 -4.9693243e-06)
(0.009624868 0 -4.4493276e-06)
(0.0096253471 0 -3.9729309e-06)
(0.0096257918 0 -3.5387019e-06)
(0.0096262019 0 -3.1446857e-06)
(0.0096265778 0 -2.7885791e-06)
(0.0096269206 0 -2.4678781e-06)
(0.0096272318 0 -2.1799943e-06)
(0.0096275132 0 -1.9223326e-06)
(0.0096277668 0 -1.6923413e-06)
(0.0096279945 0 -1.4875526e-06)
(0.0096281985 0 -1.3056178e-06)
(0.0096283806 0 -1.1443316e-06)
(0.0096285429 0 -1.0016391e-06)
(0.0096286872 0 -8.7563215e-07)
(0.0096288152 0 -7.6454809e-07)
(0.0096289285 0 -6.667729e-07)
(0.0096290286 0 -5.8084203e-07)
(0.009629117 0 -5.0543241e-07)
(0.0096291948 0 -4.3934868e-07)
(0.0096292632 0 -3.8151117e-07)
(0.0096293234 0 -3.309493e-07)
(0.0096293761 0 -2.8679705e-07)
(0.0096294223 0 -2.4828566e-07)
(0.0096294627 0 -2.1473269e-07)
(0.0096294981 0 -1.8553098e-07)
(0.0096295289 0 -1.6014058e-07)
(0.0096295558 0 -1.3808358e-07)
(0.0096295793 0 -1.1893976e-07)
(0.0096295997 0 -1.023416e-07)
(0.0096296174 0 -8.7968123e-08)
(0.0096296328 0 -7.553831e-08)
(0.0096296462 0 -6.4804898e-08)
(0.0096296578 0 -5.5549175e-08)
(0.0096296678 0 -4.7577528e-08)
(0.0096296765 0 -4.0719436e-08)
(0.009629684 0 -3.4825751e-08)
(0.0096296905 0 -2.9766488e-08)
(0.0096296961 0 -2.5428076e-08)
(0.009629701 0 -2.1710992e-08)
(0.0096297051 0 -1.8528541e-08)
(0.0096297087 0 -1.5806177e-08)
(0.0096297117 0 -1.3480017e-08)
(0.0096297144 0 -1.1494318e-08)
(0.0096297166 0 -9.7989551e-09)
(0.0096297186 0 -8.3485517e-09)
(0.0096297202 0 -7.1038849e-09)
(0.0096297217 0 -6.0339261e-09)
(0.0096297229 0 -5.1160101e-09)
(0.0096297239 0 -4.3331879e-09)
(0.0096297248 0 -3.6700307e-09)
(0.0096297256 0 -3.1096004e-09)
(0.0096297262 0 -2.6336872e-09)
(0.0096297268 0 -2.2257223e-09)
(0.0096297272 0 -1.8737529e-09)
(0.0096297277 0 -1.5711556e-09)
(0.009629728 0 -1.3144955e-09)
(0.0096297283 0 -1.1001622e-09)
(0.0096297286 0 -9.2237639e-10)
(0.0096297288 0 -7.737102e-10)
(0.0096297289 0 -6.4721749e-10)
(0.0096297291 0 -5.3831656e-10)
(0.0096297292 0 -4.448406e-10)
(0.0096297294 0 -3.6533927e-10)
(0.0096297295 0 -2.9737479e-10)
(0.0096297295 0 -2.3733754e-10)
(0.0096297296 0 -1.8195664e-10)
(0.0096297297 0 -1.3033965e-10)
(0.0096297297 0 -8.4623617e-11)
(0.0096297297 0 -4.8330061e-11)
(0.0096297298 0 -2.3537237e-11)
(0.0096297298 0 -8.8602508e-12)
(0.0096297298 0 2.681538e-13)
(0.0096297298 0 9.0566682e-12)
(0.0096297299 0 2.050137e-11)
(0.0096297299 0 3.4379763e-11)
(0.0096297299 0 4.856418e-11)
(0.0096297298 0 6.1446921e-11)
(0.0096297298 0 7.3490457e-11)
(0.0096297298 0 8.6644749e-11)
(0.0096297298 0 1.0242769e-10)
(0.0096297298 0 1.2051114e-10)
(0.0096297298 0 1.3882037e-10)
(0.0096297298 0 1.5487624e-10)
(0.0096297298 0 1.6718833e-10)
(0.0096297297 0 1.7568853e-10)
(0.0096297297 0 1.8148782e-10)
(0.0096297296 0 1.8661862e-10)
(0.0096297296 0 1.9355064e-10)
(0.0096297296 0 2.0396362e-10)
(0.0096297295 0 2.1695582e-10)
(0.0096297295 0 2.2804447e-10)
(0.0096297295 0 2.3078638e-10)
(0.0096297295 0 2.2084293e-10)
(0.0096297294 0 1.9941246e-10)
(0.0096297294 0 1.7292055e-10)
(0.0096297294 0 1.4898235e-10)
(0.0096297293 0 1.3207147e-10)
(0.0096297293 0 1.2272979e-10)
(0.0096297293 0 1.2032214e-10)
(0.0096297292 0 1.2544126e-10)
(0.0096297292 0 1.3914084e-10)
(0.0096297292 0 1.6055002e-10)
(0.0096297292 0 1.8655622e-10)
(0.0096297291 0 2.1459668e-10)
(0.0096297291 0 2.4509275e-10)
(0.0096297291 0 2.7994298e-10)
(0.009629729 0 3.1887542e-10)
(0.009629729 0 3.5882606e-10)
(0.0096297289 0 3.977364e-10)
(0.0096297289 0 4.3824529e-10)
(0.0096297288 0 4.8652944e-10)
(0.0096297287 0 5.4772562e-10)
(0.0096297286 0 6.2376081e-10)
(0.0096297285 0 7.1536109e-10)
(0.0096297283 0 8.2372452e-10)
(0.0096297282 0 9.4893695e-10)
(0.009629728 0 1.0886023e-09)
(0.0096297278 0 1.240395e-09)
(0.0096297276 0 1.4056273e-09)
(0.0096297273 0 1.588426e-09)
(0.009629727 0 1.7920583e-09)
(0.0096297267 0 2.0191911e-09)
(0.0096297263 0 2.2759407e-09)
(0.0096297259 0 2.5717644e-09)
(0.0096297254 0 2.9138401e-09)
(0.0096297249 0 3.3049615e-09)
(0.0096297243 0 3.7485642e-09)
(0.0096297236 0 4.2517404e-09)
(0.0096297229 0 4.8208316e-09)
(0.009629722 0 5.4591628e-09)
(0.0096297211 0 6.1738785e-09)
(0.0096297199 0 6.9810288e-09)
(0.0096297187 0 7.8996684e-09)
(0.0096297173 0 8.9459866e-09)
(0.0096297157 0 1.0137507e-08)
(0.0096297139 0 1.14971e-08)
(0.0096297118 0 1.304944e-08)
(0.0096297095 0 1.4820756e-08)
(0.0096297068 0 1.6844674e-08)
(0.0096297038 0 1.9161807e-08)
(0.0096297004 0 2.1815232e-08)
(0.0096296966 0 2.4854088e-08)
(0.0096296922 0 2.833868e-08)
(0.0096296872 0 3.2338061e-08)
(0.0096296816 0 3.6929806e-08)
(0.0096296752 0 4.2207117e-08)
(0.0096296679 0 4.8283102e-08)
(0.0096296597 0 5.5292764e-08)
(0.0096296504 0 6.3404091e-08)
(0.0096296399 0 7.2823851e-08)
(0.009629628 0 8.3801001e-08)
(0.0096296146 0 9.6652679e-08)
(0.0096295995 0 1.1177884e-07)
(0.0096295825 0 1.2969078e-07)
(0.0096295635 0 1.5103887e-07)
(0.0096295424 0 1.7665362e-07)
(0.0096295192 0 2.0761576e-07)
(0.0096294942 0 2.4532812e-07)
(0.0096294677 0 2.915983e-07)
(0.0096294412 0 3.4883815e-07)
(0.0096294123 0 4.2015911e-07)
(0.0096294191 0 5.10452e-07)
(0.0096293666 0 5.6632407e-07)
(0.010004987 0 5.6729608e-05)
(0.010122359 0 0.0001711176)
(0.010345051 0 0.00025742462)
(0.010653481 0 0.00029353249)
(0.011015367 0 0.0002728389)
(0.011406312 0 0.00019961818)
(0.011811112 0 8.4376409e-05)
(0.012221356 0 -5.8918104e-05)
(0.01263343 0 -0.00021495626)
(0.01304649 0 -0.00036847842)
(0.013460515 0 -0.00050507587)
(0.013874614 0 -0.00061180833)
(0.014285892 0 -0.00067767007)
(0.014688777 0 -0.00069418983)
(0.015074919 0 -0.00065619675)
(0.015433838 0 -0.00056254652)
(0.015754205 0 -0.00041648523)
(0.016025437 0 -0.00022526791)
(0.016239045 0 7.5108231e-07)
(0.016389453 0 0.00024949811)
(0.016474198 0 0.00050832594)
(0.016493549 0 0.00076525688)
(0.016450007 0 0.001009563)
(0.016347859 0 0.0012322254)
(0.016192698 0 0.001426187)
(0.015990998 0 0.0015864385)
(0.015749769 0 0.0017099787)
(0.015476281 0 0.0017956828)
(0.015177823 0 0.001844099)
(0.014861507 0 0.0018571888)
(0.014534089 0 0.0018380329)
(0.014201832 0 0.0017905218)
(0.013870385 0 0.0017190549)
(0.013544708 0 0.0016282662)
(0.013229025 0 0.0015227903)
(0.012926803 0 0.0014070755)
(0.01264077 0 0.0012852423)
(0.012372943 0 0.0011609848)
(0.012124679 0 0.0010375061)
(0.011896737 0 0.00091748372)
(0.011689346 0 0.00080305927)
(0.01150228 0 0.00069584877)
(0.011334936 0 0.00059697176)
(0.011186408 0 0.00050709602)
(0.011055568 0 0.00042649422)
(0.010941131 0 0.00035510895)
(0.01084172 0 0.00029262134)
(0.010755924 0 0.00023851871)
(0.01068234 0 0.0001921573)
(0.010619607 0 0.00015281742)
(0.010566439 0 0.0001197491)
(0.010521634 0 9.2207489e-05)
(0.010484091 0 6.9478706e-05)
(0.010452812 0 5.0897156e-05)
(0.010426901 0 3.5855423e-05)
(0.010405565 0 2.3808885e-05)
(0.010388103 0 1.4276127e-05)
(0.010373905 0 6.8365895e-06)
(0.010362441 0 1.1265152e-06)
(0.010353254 0 -3.1659867e-06)
(0.010345953 0 -6.3063448e-06)
(0.010340207 0 -8.5185006e-06)
(0.010335734 0 -9.9907385e-06)
(0.010332298 0 -1.0879996e-05)
(0.0103297 0 -1.1315892e-05)
(0.010327775 0 -1.1405086e-05)
(0.010326388 0 -1.1234521e-05)
(0.010325426 0 -1.0874551e-05)
(0.010324798 0 -1.0381568e-05)
(0.010324427 0 -9.8003475e-06)
(0.010324253 0 -9.1660107e-06)
(0.010324229 0 -8.5057112e-06)
(0.010324313 0 -7.8401135e-06)
(0.010324476 0 -7.1846396e-06)
(0.010324693 0 -6.5504858e-06)
(0.010324945 0 -5.9454591e-06)
(0.010325217 0 -5.3746902e-06)
(0.010325497 0 -4.8412375e-06)
(0.010325778 0 -4.3465696e-06)
(0.010326053 0 -3.8909381e-06)
(0.010326319 0 -3.4736815e-06)
(0.01032657 0 -3.0934857e-06)
(0.010326807 0 -2.7485982e-06)
(0.010327028 0 -2.4369851e-06)
(0.010327232 0 -2.1564395e-06)
(0.01032742 0 -1.9046692e-06)
(0.010327592 0 -1.679374e-06)
(0.010327748 0 -1.4783087e-06)
(0.010327889 0 -1.2993161e-06)
(0.010328017 0 -1.1403403e-06)
(0.010328132 0 -9.9943614e-07)
(0.010328235 0 -8.7478485e-07)
(0.010328327 0 -7.6470897e-07)
(0.010328409 0 -6.6767408e-07)
(0.010328482 0 -5.8227796e-07)
(0.010328547 0 -5.0723844e-07)
(0.010328605 0 -4.4138876e-07)
(0.010328656 0 -3.8367725e-07)
(0.0103287 0 -3.3316322e-07)
(0.01032874 0 -2.8900569e-07)
(0.010328775 0 -2.5045026e-07)
(0.010328806 0 -2.1682049e-07)
(0.010328833 0 -1.875144e-07)
(0.010328856 0 -1.6200131e-07)
(0.010328877 0 -1.3981532e-07)
(0.010328895 0 -1.2054624e-07)
(0.010328911 0 -1.0383123e-07)
(0.010328925 0 -8.9349139e-08)
(0.010328937 0 -7.6816758e-08)
(0.010328947 0 -6.5984897e-08)
(0.010328956 0 -5.6634128e-08)
(0.010328964 0 -4.8570988e-08)
(0.010328971 0 -4.162518e-08)
(0.010328977 0 -3.5647629e-08)
(0.010328982 0 -3.0508525e-08)
(0.010328987 0 -2.60949e-08)
(0.01032899 0 -2.2308274e-08)
(0.010328994 0 -1.906267e-08)
(0.010328997 0 -1.6282827e-08)
(0.010328999 0 -1.3902658e-08)
(0.010329001 0 -1.1864087e-08)
(0.010329003 0 -1.0116517e-08)
(0.010329005 0 -8.6170841e-09)
(0.010329006 0 -7.3308923e-09)
(0.010329007 0 -6.2300467e-09)
(0.010329008 0 -5.2913893e-09)
(0.010329009 0 -4.4938005e-09)
(0.01032901 0 -3.8164521e-09)
(0.01032901 0 -3.2391458e-09)
(0.010329011 0 -2.7441996e-09)
(0.010329011 0 -2.3181589e-09)
(0.010329012 0 -1.9520711e-09)
(0.010329012 0 -1.6400051e-09)
(0.010329012 0 -1.3767185e-09)
(0.010329013 0 -1.1561465e-09)
(0.010329013 0 -9.7141112e-10)
(0.010329013 0 -8.1578109e-10)
(0.010329013 0 -6.8367053e-10)
(0.010329013 0 -5.7080262e-10)
(0.010329014 0 -4.7351198e-10)
(0.010329014 0 -3.8823247e-10)
(0.010329014 0 -3.118419e-10)
(0.010329014 0 -2.4259713e-10)
(0.010329014 0 -1.8090655e-10)
(0.010329014 0 -1.2889739e-10)
(0.010329014 0 -8.8558657e-11)
(0.010329014 0 -5.9748956e-11)
(0.010329014 0 -3.9505778e-11)
(0.010329014 0 -2.3196427e-11)
(0.010329014 0 -6.9214619e-12)
(0.010329014 0 1.0637165e-11)
(0.010329014 0 2.8402193e-11)
(0.010329014 0 4.4723838e-11)
(0.010329014 0 5.9317807e-11)
(0.010329014 0 7.3838332e-11)
(0.010329014 0 9.0588414e-11)
(0.010329014 0 1.106416e-10)
(0.010329014 0 1.330807e-10)
(0.010329014 0 1.5565504e-10)
(0.010329014 0 1.7607745e-10)
(0.010329014 0 1.9295798e-10)
(0.010329014 0 2.05878e-10)
(0.010329014 0 2.1524564e-10)
(0.010329014 0 2.2247562e-10)
(0.010329014 0 2.2976191e-10)
(0.010329014 0 2.3873773e-10)
(0.010329014 0 2.4860566e-10)
(0.010329014 0 2.5540769e-10)
(0.010329014 0 2.5399782e-10)
(0.010329014 0 2.4188455e-10)
(0.010329014 0 2.2154608e-10)
(0.010329014 0 1.9890793e-10)
(0.010329014 0 1.793579e-10)
(0.010329014 0 1.649917e-10)
(0.010329014 0 1.5557852e-10)
(0.010329014 0 1.5159331e-10)
(0.010329014 0 1.5519947e-10)
(0.010329014 0 1.6801604e-10)
(0.010329014 0 1.8887104e-10)
(0.010329014 0 2.1471884e-10)
(0.010329014 0 2.4383956e-10)
(0.010329013 0 2.7719737e-10)
(0.010329013 0 3.1594703e-10)
(0.010329013 0 3.5863789e-10)
(0.010329013 0 4.0251077e-10)
(0.010329013 0 4.4756811e-10)
(0.010329013 0 4.9811121e-10)
(0.010329013 0 5.5969135e-10)
(0.010329013 0 6.354439e-10)
(0.010329013 0 7.2634175e-10)
(0.010329013 0 8.3377167e-10)
(0.010329013 0 9.5943653e-10)
(0.010329013 0 1.1028809e-09)
(0.010329013 0 1.2617603e-09)
(0.010329012 0 1.4355544e-09)
(0.010329012 0 1.6272282e-09)
(0.010329012 0 1.8403048e-09)
(0.010329012 0 2.0767765e-09)
(0.010329012 0 2.3403706e-09)
(0.010329011 0 2.6396941e-09)
(0.010329011 0 2.984438e-09)
(0.01032901 0 3.3799213e-09)
(0.01032901 0 3.8292234e-09)
(0.010329009 0 4.3388375e-09)
(0.010329009 0 4.9172978e-09)
(0.010329008 0 5.5700203e-09)
(0.010329008 0 6.3021446e-09)
(0.010329007 0 7.1263572e-09)
(0.010329006 0 8.0617646e-09)
(0.010329005 0 9.1260643e-09)
(0.010329004 0 1.0335946e-08)
(0.010329002 0 1.1713343e-08)
(0.010329001 0 1.3283887e-08)
(0.010328999 0 1.5073283e-08)
(0.010328997 0 1.7113052e-08)
(0.010328995 0 1.9444021e-08)
(0.010328992 0 2.2109239e-08)
(0.01032899 0 2.5154047e-08)
(0.010328986 0 2.863537e-08)
(0.010328983 0 3.2619853e-08)
(0.010328979 0 3.7180471e-08)
(0.010328974 0 4.2405573e-08)
(0.010328969 0 4.8398756e-08)
(0.010328963 0 5.5277707e-08)
(0.010328957 0 6.3189021e-08)
(0.010328949 0 7.2308152e-08)
(0.010328941 0 8.284098e-08)
(0.010328932 0 9.504455e-08)
(0.010328922 0 1.0922973e-07)
(0.010328911 0 1.2578326e-07)
(0.010328898 0 1.4518712e-07)
(0.010328885 0 1.6802307e-07)
(0.010328871 0 1.9501355e-07)
(0.010328856 0 2.2704911e-07)
(0.010328841 0 2.6521973e-07)
(0.010328827 0 3.1080468e-07)
(0.010328816 0 3.6543376e-07)
(0.010328808 0 4.3036345e-07)
(0.010328827 0 5.1039325e-07)
(0.01032883 0 5.6349158e-07)
(0.010004008 0 5.4844709e-06)
(0.010094772 0 1.9097808e-05)
(0.010272366 0 1.7696117e-05)
(0.010529312 0 -1.4301344e-05)
(0.010846629 0 -8.3667182e-05)
(0.011208256 0 -0.00018974112)
(0.01160291 0 -0.00032667434)
(0.012023129 0 -0.00048481913)
(0.012464336 0 -0.00065201153)
(0.012923857 0 -0.00081454545)
(0.013399466 0 -0.00095800488)
(0.013887885 0 -0.0010680661)
(0.014383533 0 -0.0011313433)
(0.014877521 0 -0.001136472)
(0.015357305 0 -0.0010757074)
(0.015807559 0 -0.00094650419)
(0.016212218 0 -0.00075238614)
(0.016556983 0 -0.00050261677)
(0.016831386 0 -0.00021070229)
(0.017029552 0 0.00010776398)
(0.017150085 0 0.0004369783)
(0.017195195 0 0.0007621698)
(0.017169542 0 0.001070524)
(0.017079519 0 0.0013515518)
(0.016932542 0 0.0015972346)
(0.016736514 0 0.0018020046)
(0.016499448 0 0.0019626148)
(0.016229227 0 0.002077936)
(0.015933429 0 0.0021487009)
(0.015619204 0 0.0021772089)
(0.015293186 0 0.0021670032)
(0.014961427 0 0.0021225372)
(0.01462934 0 0.0020488479)
(0.014301677 0 0.0019512562)
(0.013982507 0 0.0018351077)
(0.013675223 0 0.001705561)
(0.01338256 0 0.001567428)
(0.013106624 0 0.0014250581)
(0.012848931 0 0.0012822621)
(0.01261045 0 0.0011422693)
(0.012391661 0 0.0010077095)
(0.012192604 0 0.00088062002)
(0.012012942 0 0.00076247121)
(0.011852025 0 0.00065421073)
(0.011708951 0 0.00055632185)
(0.011582629 0 0.00046889245)
(0.011471839 0 0.00039168973)
(0.011375289 0 0.00032423561)
(0.011291658 0 0.0002658784)
(0.011219635 0 0.00021585703)
(0.011157954 0 0.0001733553)
(0.011105412 0 0.00013754529)
(0.011060887 0 0.00010761989)
(0.011023345 0 8.2815417e-05)
(0.010991849 0 6.2425806e-05)
(0.010965552 0 4.5810258e-05)
(0.010943703 0 3.2395803e-05)
(0.010925639 0 2.1676347e-05)
(0.010910776 0 1.3209439e-05)
(0.010898609 0 6.6116936e-06)
(0.010888701 0 1.5535127e-06)
(0.010880677 0 -2.2460959e-06)
(0.010874215 0 -5.0256911e-06)
(0.010869045 0 -6.9857578e-06)
(0.010864937 0 -8.294225e-06)
(0.010861699 0 -9.0905844e-06)
(0.010859169 0 -9.4896969e-06)
(0.010857215 0 -9.5857533e-06)
(0.010855724 0 -9.4552335e-06)
(0.010854605 0 -9.1598234e-06)
(0.010853782 0 -8.7487871e-06)
(0.010853195 0 -8.2610704e-06)
(0.010852792 0 -7.7271374e-06)
(0.010852532 0 -7.1704989e-06)
(0.010852384 0 -6.6089851e-06)
(0.01085232 0 -6.0558328e-06)
(0.010852318 0 -5.5206172e-06)
(0.010852363 0 -5.0100166e-06)
(0.01085244 0 -4.5284188e-06)
(0.01085254 0 -4.078413e-06)
(0.010852653 0 -3.6612103e-06)
(0.010852774 0 -3.276998e-06)
(0.010852899 0 -2.9252148e-06)
(0.010853023 0 -2.604752e-06)
(0.010853143 0 -2.3141134e-06)
(0.01085326 0 -2.0515544e-06)
(0.01085337 0 -1.8152001e-06)
(0.010853473 0 -1.6031251e-06)
(0.010853569 0 -1.4133986e-06)
(0.010853658 0 -1.2441152e-06)
(0.01085374 0 -1.0934306e-06)
(0.010853814 0 -9.5959659e-07)
(0.010853882 0 -8.4098013e-07)
(0.010853943 0 -7.3606322e-07)
(0.010853998 0 -6.4343456e-07)
(0.010854048 0 -5.6178815e-07)
(0.010854092 0 -4.8992949e-07)
(0.010854132 0 -4.2677852e-07)
(0.010854168 0 -3.7136212e-07)
(0.010854199 0 -3.2280035e-07)
(0.010854227 0 -2.8029622e-07)
(0.010854252 0 -2.4313314e-07)
(0.010854274 0 -2.106747e-07)
(0.010854293 0 -1.8235959e-07)
(0.01085431 0 -1.5769116e-07)
(0.010854325 0 -1.3622663e-07)
(0.010854339 0 -1.1757069e-07)
(0.01085435 0 -1.0137302e-07)
(0.010854361 0 -8.7325989e-08)
(0.010854369 0 -7.5159538e-08)
(0.010854377 0 -6.4634915e-08)
(0.010854384 0 -5.5540027e-08)
(0.01085439 0 -4.7687399e-08)
(0.010854395 0 -4.0913378e-08)
(0.0108544 0 -3.5076346e-08)
(0.010854404 0 -3.0053171e-08)
(0.010854407 0 -2.5735453e-08)
(0.01085441 0 -2.202707e-08)
(0.010854413 0 -1.8843161e-08)
(0.010854415 0 -1.6109821e-08)
(0.010854417 0 -1.3763529e-08)
(0.010854418 0 -1.1749922e-08)
(0.01085442 0 -1.0022581e-08)
(0.010854421 0 -8.5421017e-09)
(0.010854422 0 -7.2750604e-09)
(0.010854423 0 -6.192758e-09)
(0.010854424 0 -5.2697819e-09)
(0.010854424 0 -4.4828025e-09)
(0.010854425 0 -3.810422e-09)
(0.010854425 0 -3.2340145e-09)
(0.010854426 0 -2.7386244e-09)
(0.010854426 0 -2.3132017e-09)
(0.010854427 0 -1.9497537e-09)
(0.010854427 0 -1.6416723e-09)
(0.010854427 0 -1.3823566e-09)
(0.010854427 0 -1.1647645e-09)
(0.010854427 0 -9.8169698e-10)
(0.010854428 0 -8.2647045e-10)
(0.010854428 0 -6.9338523e-10)
(0.010854428 0 -5.777044e-10)
(0.010854428 0 -4.7567164e-10)
(0.010854428 0 -3.8482914e-10)
(0.010854428 0 -3.0430476e-10)
(0.010854428 0 -2.3473917e-10)
(0.010854428 0 -1.7741143e-10)
(0.010854428 0 -1.3265682e-10)
(0.010854428 0 -9.8737446e-11)
(0.010854428 0 -7.2061091e-11)
(0.010854428 0 -4.8632595e-11)
(0.010854428 0 -2.5924776e-11)
(0.010854428 0 -3.731405e-12)
(0.010854428 0 1.6801043e-11)
(0.010854428 0 3.4995022e-11)
(0.010854428 0 5.180797e-11)
(0.010854428 0 6.9516048e-11)
(0.010854428 0 9.0109151e-11)
(0.010854428 0 1.1385445e-10)
(0.010854428 0 1.3931247e-10)
(0.010854428 0 1.643983e-10)
(0.010854428 0 1.8738888e-10)
(0.010854428 0 2.0725583e-10)
(0.010854428 0 2.2341528e-10)
(0.010854428 0 2.3574972e-10)
(0.010854428 0 2.4516617e-10)
(0.010854428 0 2.5351813e-10)
(0.010854428 0 2.6216975e-10)
(0.010854428 0 2.7022328e-10)
(0.010854428 0 2.7423366e-10)
(0.010854428 0 2.7045342e-10)
(0.010854428 0 2.5812223e-10)
(0.010854428 0 2.4049012e-10)
(0.010854428 0 2.2238762e-10)
(0.010854428 0 2.0686538e-10)
(0.010854428 0 1.9426703e-10)
(0.010854428 0 1.8449518e-10)
(0.010854428 0 1.7952549e-10)
(0.010854428 0 1.8268398e-10)
(0.010854428 0 1.9547135e-10)
(0.010854428 0 2.1611154e-10)
(0.010854428 0 2.4171078e-10)
(0.010854428 0 2.7132838e-10)
(0.010854428 0 3.0608174e-10)
(0.010854428 0 3.4629345e-10)
(0.010854428 0 3.9010915e-10)
(0.010854428 0 4.3614223e-10)
(0.010854428 0 4.8658749e-10)
(0.010854428 0 5.4633613e-10)
(0.010854428 0 6.1925395e-10)
(0.010854428 0 7.0658808e-10)
(0.010854428 0 8.0913971e-10)
(0.010854428 0 9.2904948e-10)
(0.010854428 0 1.0678964e-09)
(0.010854427 0 1.2246575e-09)
(0.010854427 0 1.3979362e-09)
(0.010854427 0 1.5893696e-09)
(0.010854427 0 1.8026044e-09)
(0.010854427 0 2.0398598e-09)
(0.010854427 0 2.302842e-09)
(0.010854426 0 2.5973828e-09)
(0.010854426 0 2.9333761e-09)
(0.010854426 0 3.3186043e-09)
(0.010854426 0 3.756546e-09)
(0.010854425 0 4.2520882e-09)
(0.010854425 0 4.8144906e-09)
(0.010854425 0 5.4521809e-09)
(0.010854424 0 6.1705014e-09)
(0.010854423 0 6.9786164e-09)
(0.010854423 0 7.8934349e-09)
(0.010854422 0 8.9332573e-09)
(0.010854421 0 1.0113854e-08)
(0.01085442 0 1.14543e-08)
(0.010854419 0 1.2979714e-08)
(0.010854418 0 1.4716271e-08)
(0.010854417 0 1.6692224e-08)
(0.010854415 0 1.8944557e-08)
(0.010854414 0 2.1516208e-08)
(0.010854412 0 2.4450155e-08)
(0.01085441 0 2.7795601e-08)
(0.010854407 0 3.161413e-08)
(0.010854405 0 3.5974476e-08)
(0.010854402 0 4.0954574e-08)
(0.010854398 0 4.6649243e-08)
(0.010854394 0 5.3162904e-08)
(0.01085439 0 6.0614676e-08)
(0.010854385 0 6.9153753e-08)
(0.01085438 0 7.8949281e-08)
(0.010854374 0 9.0203135e-08)
(0.010854368 0 1.0316101e-07)
(0.010854361 0 1.1810911e-07)
(0.010854354 0 1.3540025e-07)
(0.010854346 0 1.5544681e-07)
(0.010854339 0 1.7873602e-07)
(0.010854331 0 2.0583544e-07)
(0.010854324 0 2.3740154e-07)
(0.010854318 0 2.7417734e-07)
(0.010854315 0 3.1690195e-07)
(0.010854317 0 3.6644809e-07)
(0.010854324 0 4.2274965e-07)
(0.01085435 0 4.8917346e-07)
(0.010854388 0 5.3626068e-07)
(0.010003476 0 -3.5449943e-05)
(0.010078293 0 -0.00010412393)
(0.010226539 0 -0.00018203901)
(0.010446584 0 -0.00028026008)
(0.010727711 0 -0.00040462975)
(0.011060569 0 -0.00055582737)
(0.011438448 0 -0.00073021794)
(0.011856743 0 -0.00092056689)
(0.012312455 0 -0.0011164659)
(0.012803502 0 -0.001304883)
(0.013327473 0 -0.0014706885)
(0.013880128 0 -0.0015975016)
(0.014453886 0 -0.0016686047)
(0.015036108 0 -0.0016684334)
(0.015608293 0 -0.0015855136)
(0.016147655 0 -0.0014155291)
(0.016630837 0 -0.0011630923)
(0.017038304 0 -0.00084127511)
(0.017357449 0 -0.00046888593)
(0.017583274 0 -6.6950543e-05)
(0.017717055 0 0.00034434944)
(0.017764431 0 0.00074695883)
(0.017733696 0 0.0011258924)
(0.017634405 0 0.001469448)
(0.017476503 0 0.0017690905)
(0.017269744 0 0.0020192021)
(0.017023356 0 0.0022167844)
(0.016745879 0 0.002361138)
(0.016445101 0 0.0024535303)
(0.016128044 0 0.002496855)
(0.015800984 0 0.0024952827)
(0.015469479 0 0.0024539121)
(0.015138397 0 0.0023784327)
(0.014811955 0 0.0022748159)
(0.014493751 0 0.0021490462)
(0.014186799 0 0.0020069023)
(0.013893561 0 0.0018537895)
(0.013615979 0 0.0016946193)
(0.013355512 0 0.0015337289)
(0.013113161 0 0.0013748337)
(0.012889506 0 0.0012210068)
(0.012684741 0 0.0010746803)
(0.012498712 0 0.00093766778)
(0.012330964 0 0.00081120448)
(0.012180786 0 0.00069600387)
(0.012047266 0 0.00059232678)
(0.011929343 0 0.00050005856)
(0.011825852 0 0.00041878922)
(0.011735575 0 0.00034789154)
(0.011657278 0 0.00028659257)
(0.011589743 0 0.00023403565)
(0.011531796 0 0.00018933109)
(0.011482324 0 0.00015159538)
(0.011440289 0 0.00011997937)
(0.011404738 0 9.3687175e-05)
(0.011374802 0 7.1987388e-05)
(0.011349701 0 5.421837e-05)
(0.011328741 0 3.9789271e-05)
(0.011311307 0 2.8178179e-05)
(0.011296863 0 1.8928402e-05)
(0.011284941 0 1.1643651e-05)
(0.011275138 0 5.982502e-06)
(0.011267108 0 1.6532756e-06)
(0.011260556 0 -1.5914815e-06)
(0.01125523 0 -3.9608184e-06)
(0.011250921 0 -5.6295638e-06)
(0.01124745 0 -6.7433722e-06)
(0.011244667 0 -7.4226928e-06)
(0.011242449 0 -7.7661664e-06)
(0.011240692 0 -7.8542668e-06)
(0.01123931 0 -7.7520755e-06)
(0.011238232 0 -7.5118102e-06)
(0.011237399 0 -7.175027e-06)
(0.011236764 0 -6.7744506e-06)
(0.011236287 0 -6.3355502e-06)
(0.011235936 0 -5.8778971e-06)
(0.011235683 0 -5.4163037e-06)
(0.011235509 0 -4.9617483e-06)
(0.011235396 0 -4.5221306e-06)
(0.01123533 0 -4.1029105e-06)
(0.011235299 0 -3.7076516e-06)
(0.011235294 0 -3.3384596e-06)
(0.01123531 0 -2.9963184e-06)
(0.011235339 0 -2.6813551e-06)
(0.011235378 0 -2.3930664e-06)
(0.011235423 0 -2.1305112e-06)
(0.011235471 0 -1.8924574e-06)
(0.011235521 0 -1.6774794e-06)
(0.011235571 0 -1.4840263e-06)
(0.01123562 0 -1.3104867e-06)
(0.011235667 0 -1.1552511e-06)
(0.011235712 0 -1.0167572e-06)
(0.011235754 0 -8.9350921e-07)
(0.011235793 0 -7.840803e-07)
(0.011235829 0 -6.8711772e-07)
(0.011235862 0 -6.0135675e-07)
(0.011235893 0 -5.2563448e-07)
(0.01123592 0 -4.5889111e-07)
(0.011235945 0 -4.0015933e-07)
(0.011235968 0 -3.4855335e-07)
(0.011235988 0 -3.0326594e-07)
(0.011236007 0 -2.6357121e-07)
(0.011236023 0 -2.288238e-07)
(0.011236037 0 -1.9845003e-07)
(0.01123605 0 -1.7193559e-07)
(0.011236062 0 -1.4881724e-07)
(0.011236072 0 -1.2868069e-07)
(0.011236081 0 -1.1116026e-07)
(0.011236089 0 -9.5935384e-08)
(0.011236096 0 -8.2723082e-08)
(0.011236102 0 -7.1270746e-08)
(0.011236108 0 -6.1352747e-08)
(0.011236113 0 -5.2770223e-08)
(0.011236117 0 -4.5350782e-08)
(0.011236121 0 -3.8945508e-08)
(0.011236124 0 -3.3423758e-08)
(0.011236127 0 -2.8668774e-08)
(0.011236129 0 -2.4576069e-08)
(0.011236131 0 -2.1053816e-08)
(0.011236133 0 -1.8023286e-08)
(0.011236135 0 -1.5417764e-08)
(0.011236136 0 -1.3180028e-08)
(0.011236137 0 -1.1260006e-08)
(0.011236138 0 -9.6136686e-09)
(0.011236139 0 -8.2027438e-09)
(0.01123614 0 -6.9944917e-09)
(0.011236141 0 -5.9608671e-09)
(0.011236141 0 -5.0771495e-09)
(0.011236142 0 -4.3210822e-09)
(0.011236142 0 -3.6730156e-09)
(0.011236143 0 -3.1165329e-09)
(0.011236143 0 -2.638879e-09)
(0.011236143 0 -2.2305072e-09)
(0.011236143 0 -1.8836472e-09)
(0.011236144 0 -1.5908628e-09)
(0.011236144 0 -1.3443703e-09)
(0.011236144 0 -1.1361609e-09)
(0.011236144 0 -9.5873599e-10)
(0.011236144 0 -8.0583716e-10)
(0.011236144 0 -6.7264981e-10)
(0.011236144 0 -5.557828e-10)
(0.011236145 0 -4.5324532e-10)
(0.011236145 0 -3.6424163e-10)
(0.011236145 0 -2.8875264e-10)
(0.011236145 0 -2.2674801e-10)
(0.011236145 0 -1.7713891e-10)
(0.011236145 0 -1.3735034e-10)
(0.011236145 0 -1.0398245e-10)
(0.011236145 0 -7.409702e-11)
(0.011236145 0 -4.6349483e-11)
(0.011236145 0 -2.1010197e-11)
(0.011236145 0 1.3492879e-12)
(0.011236145 0 2.1269364e-11)
(0.011236145 0 4.0681661e-11)
(0.011236145 0 6.1917023e-11)
(0.011236145 0 8.6167613e-11)
(0.011236145 0 1.127613e-10)
(0.011236145 0 1.3992119e-10)
(0.011236145 0 1.6599783e-10)
(0.011236145 0 1.9000002e-10)
(0.011236145 0 2.1132456e-10)
(0.011236145 0 2.293226e-10)
(0.011236145 0 2.4357046e-10)
(0.011236145 0 2.5469596e-10)
(0.011236145 0 2.6428609e-10)
(0.011236145 0 2.7334285e-10)
(0.011236145 0 2.8074655e-10)
(0.011236145 0 2.8351273e-10)
(0.011236145 0 2.7918676e-10)
(0.011236145 0 2.6835167e-10)
(0.011236145 0 2.5441633e-10)
(0.011236145 0 2.4075534e-10)
(0.011236145 0 2.2843812e-10)
(0.011236145 0 2.1700768e-10)
(0.011236145 0 2.072891e-10)
(0.011236145 0 2.0267751e-10)
(0.011236145 0 2.0682961e-10)
(0.011236145 0 2.2037024e-10)
(0.011236145 0 2.4080518e-10)
(0.011236145 0 2.6565153e-10)
(0.011236145 0 2.948001e-10)
(0.011236145 0 3.2939425e-10)
(0.011236145 0 3.6922822e-10)
(0.011236145 0 4.1288318e-10)
(0.011236145 0 4.6078234e-10)
(0.011236145 0 5.1651306e-10)
(0.011236145 0 5.8415378e-10)
(0.011236145 0 6.6540607e-10)
(0.011236144 0 7.6048076e-10)
(0.011236144 0 8.7089195e-10)
(0.011236144 0 9.9936996e-10)
(0.011236144 0 1.1469096e-09)
(0.011236144 0 1.3123477e-09)
(0.011236144 0 1.4959231e-09)
(0.011236144 0 1.7008875e-09)
(0.011236144 0 1.930297e-09)
(0.011236144 0 2.1851222e-09)
(0.011236144 0 2.4681135e-09)
(0.011236144 0 2.7871973e-09)
(0.011236143 0 3.1515356e-09)
(0.011236143 0 3.5660151e-09)
(0.011236143 0 4.0339128e-09)
(0.011236143 0 4.563144e-09)
(0.011236143 0 5.1643962e-09)
(0.011236142 0 5.8451308e-09)
(0.011236142 0 6.6122446e-09)
(0.011236141 0 7.4790512e-09)
(0.011236141 0 8.4629994e-09)
(0.011236141 0 9.5792903e-09)
(0.01123614 0 1.084391e-08)
(0.011236139 0 1.2279407e-08)
(0.011236139 0 1.3911644e-08)
(0.011236138 0 1.5767029e-08)
(0.011236137 0 1.7878021e-08)
(0.011236136 0 2.0283781e-08)
(0.011236135 0 2.3024497e-08)
(0.011236133 0 2.6144179e-08)
(0.011236132 0 2.9696404e-08)
(0.01123613 0 3.374272e-08)
(0.011236129 0 3.8353402e-08)
(0.011236127 0 4.3610634e-08)
(0.011236124 0 4.9606029e-08)
(0.011236122 0 5.6441019e-08)
(0.011236119 0 6.4234627e-08)
(0.011236116 0 7.3126273e-08)
(0.011236113 0 8.3277424e-08)
(0.01123611 0 9.4878726e-08)
(0.011236106 0 1.0814658e-07)
(0.011236103 0 1.2333944e-07)
(0.011236099 0 1.4074914e-07)
(0.011236096 0 1.6071119e-07)
(0.011236093 0 1.8359901e-07)
(0.011236092 0 2.098227e-07)
(0.011236091 0 2.3980908e-07)
(0.011236093 0 2.7397854e-07)
(0.011236099 0 3.1262631e-07)
(0.01123611 0 3.5601252e-07)
(0.011236127 0 4.0334491e-07)
(0.011236157 0 4.5624219e-07)
(0.011236213 0 4.9602496e-07)
(0.010003122 0 -7.0116894e-05)
(0.010067583 0 -0.00020882874)
(0.010195884 0 -0.0003543716)
(0.010389328 0 -0.00051525473)
(0.010642365 0 -0.00069663684)
(0.010950625 0 -0.00089986725)
(0.01131165 0 -0.0011226366)
(0.011724392 0 -0.0013590489)
(0.012188799 0 -0.0015995463)
(0.012705137 0 -0.0018309611)
(0.0132726 0 -0.0020365107)
(0.01388753 0 -0.00219658)
(0.014541216 0 -0.0022891429)
(0.015216345 0 -0.002291576)
(0.015885302 0 -0.0021862381)
(0.016513543 0 -0.0019663415)
(0.017066963 0 -0.0016392672)
(0.017519726 0 -0.001225357)
(0.017858575 0 -0.00075245595)
(0.018082312 0 -0.00024966401)
(0.018198073 0 0.00025696681)
(0.018217445 0 0.00074590367)
(0.018153918 0 0.0012003837)
(0.018021118 0 0.0016082077)
(0.017831856 0 0.0019611372)
(0.017597713 0 0.0022542843)
(0.017328918 0 0.0024855791)
(0.017034379 0 0.0026553089)
(0.016721782 0 0.0027657072)
(0.016397714 0 0.0028205737)
(0.01606779 0 0.0028249096)
(0.015736781 0 0.002784567)
(0.015408725 0 0.0027059164)
(0.015087028 0 0.0025955451)
(0.014774545 0 0.0024599982)
(0.014473651 0 0.0023055678)
(0.014186294 0 0.0021381337)
(0.01391403 0 0.0019630497)
(0.013658054 0 0.0017850684)
(0.013419221 0 0.0016082969)
(0.013198056 0 0.0014361752)
(0.012994774 0 0.0012714754)
(0.012809296 0 0.001116319)
(0.012641282 0 0.00097221109)
(0.012490154 0 0.00084009265)
(0.012355141 0 0.00072040569)
(0.012235317 0 0.00061316973)
(0.012129645 0 0.00051806362)
(0.012037015 0 0.00043450731)
(0.011956288 0 0.00036173871)
(0.011886319 0 0.0002988819)
(0.011825991 0 0.00024500428)
(0.011774233 0 0.00019916175)
(0.011730034 0 0.00016043252)
(0.011692457 0 0.00012794064)
(0.011660642 0 0.00010087116)
(0.01163381 0 7.8478423e-05)
(0.011611262 0 6.0089572e-05)
(0.011592379 0 4.5104499e-05)
(0.011576616 0 3.2993327e-05)
(0.011563496 0 2.3292399e-05)
(0.011552607 0 1.5599258e-05)
(0.011543595 0 9.5675025e-06)
(0.011536155 0 4.9008291e-06)
(0.011530029 0 1.3478972e-06)
(0.011524998 0 -1.3031033e-06)
(0.011520877 0 -3.2298258e-06)
(0.01151751 0 -4.5797499e-06)
(0.011514768 0 -5.4751048e-06)
(0.011512542 0 -6.0161918e-06)
(0.011510739 0 -6.2848087e-06)
(0.011509286 0 -6.3471776e-06)
(0.011508119 0 -6.2566255e-06)
(0.011507187 0 -6.0557189e-06)
(0.011506445 0 -5.7781491e-06)
(0.011505859 0 -5.4503441e-06)
(0.011505399 0 -5.0928046e-06)
(0.011505041 0 -4.7212095e-06)
(0.011504765 0 -4.3473453e-06)
(0.011504555 0 -3.979894e-06)
(0.011504398 0 -3.6250841e-06)
(0.011504282 0 -3.2872075e-06)
(0.0115042 0 -2.9690324e-06)
(0.011504143 0 -2.6721464e-06)
(0.011504107 0 -2.3972485e-06)
(0.011504086 0 -2.1443837e-06)
(0.011504077 0 -1.9131142e-06)
(0.011504077 0 -1.7026459e-06)
(0.011504083 0 -1.5119348e-06)
(0.011504094 0 -1.3397857e-06)
(0.011504107 0 -1.1849318e-06)
(0.011504123 0 -1.0460834e-06)
(0.01150414 0 -9.2195128e-07)
(0.011504157 0 -8.1126322e-07)
(0.011504174 0 -7.127883e-07)
(0.011504191 0 -6.2536312e-07)
(0.011504207 0 -5.4790659e-07)
(0.011504222 0 -4.7941832e-07)
(0.011504237 0 -4.1896987e-07)
(0.01150425 0 -3.6570161e-07)
(0.011504262 0 -3.1882747e-07)
(0.011504274 0 -2.7763929e-07)
(0.011504284 0 -2.4150289e-07)
(0.011504294 0 -2.098469e-07)
(0.011504302 0 -1.8215281e-07)
(0.01150431 0 -1.5795183e-07)
(0.011504317 0 -1.3682606e-07)
(0.011504323 0 -1.1840752e-07)
(0.011504329 0 -1.0237185e-07)
(0.011504334 0 -8.8429314e-08)
(0.011504338 0 -7.6319128e-08)
(0.011504342 0 -6.5808674e-08)
(0.011504345 0 -5.6694596e-08)
(0.011504349 0 -4.8801404e-08)
(0.011504351 0 -4.1976368e-08)
(0.011504354 0 -3.6083259e-08)
(0.011504356 0 -3.0998785e-08)
(0.011504358 0 -2.6612779e-08)
(0.011504359 0 -2.2829768e-08)
(0.011504361 0 -1.9569082e-08)
(0.011504362 0 -1.6762421e-08)
(0.011504363 0 -1.4350097e-08)
(0.011504364 0 -1.2278473e-08)
(0.011504365 0 -1.0499582e-08)
(0.011504366 0 -8.9718628e-09)
(0.011504366 0 -7.660449e-09)
(0.011504367 0 -6.5361487e-09)
(0.011504367 0 -5.5734857e-09)
(0.011504368 0 -4.7493198e-09)
(0.011504368 0 -4.0428408e-09)
(0.011504368 0 -3.4363566e-09)
(0.011504368 0 -2.9159174e-09)
(0.011504369 0 -2.4709063e-09)
(0.011504369 0 -2.0925245e-09)
(0.011504369 0 -1.7722704e-09)
(0.011504369 0 -1.5013369e-09)
(0.011504369 0 -1.2709644e-09)
(0.011504369 0 -1.0733866e-09)
(0.01150437 0 -9.0259082e-10)
(0.01150437 0 -7.5431499e-10)
(0.01150437 0 -6.2563951e-10)
(0.01150437 0 -5.1458114e-10)
(0.01150437 0 -4.1969981e-10)
(0.01150437 0 -3.3978254e-10)
(0.01150437 0 -2.734566e-10)
(0.01150437 0 -2.1869915e-10)
(0.01150437 0 -1.7283266e-10)
(0.01150437 0 -1.33214e-10)
(0.01150437 0 -9.8060067e-11)
(0.01150437 0 -6.6825167e-11)
(0.01150437 0 -3.965536e-11)
(0.01150437 0 -1.6123917e-11)
(0.01150437 0 5.5132368e-12)
(0.01150437 0 2.7756827e-11)
(0.01150437 0 5.2489642e-11)
(0.01150437 0 7.9831164e-11)
(0.01150437 0 1.08243e-10)
(0.01150437 0 1.3586823e-10)
(0.01150437 0 1.6167841e-10)
(0.01150437 0 1.8542617e-10)
(0.01150437 0 2.0688461e-10)
(0.01150437 0 2.254163e-10)
(0.01150437 0 2.4053407e-10)
(0.01150437 0 2.5282791e-10)
(0.01150437 0 2.636827e-10)
(0.01150437 0 2.7364278e-10)
(0.01150437 0 2.8125623e-10)
(0.01150437 0 2.8392519e-10)
(0.01150437 0 2.8030516e-10)
(0.01150437 0 2.7189718e-10)
(0.01150437 0 2.6180893e-10)
(0.01150437 0 2.5195503e-10)
(0.01150437 0 2.4210074e-10)
(0.01150437 0 2.3189258e-10)
(0.01150437 0 2.2338337e-10)
(0.01150437 0 2.2073729e-10)
(0.01150437 0 2.2691754e-10)
(0.01150437 0 2.4120833e-10)
(0.01150437 0 2.6073674e-10)
(0.01150437 0 2.839591e-10)
(0.01150437 0 3.1175102e-10)
(0.01150437 0 3.4527977e-10)
(0.01150437 0 3.8415173e-10)
(0.01150437 0 4.2779952e-10)
(0.01150437 0 4.7804528e-10)
(0.01150437 0 5.3852969e-10)
(0.01150437 0 6.1154618e-10)
(0.01150437 0 6.9717674e-10)
(0.01150437 0 7.959895e-10)
(0.01150437 0 9.1079311e-10)
(0.01150437 0 1.0443774e-09)
(0.01150437 0 1.196856e-09)
(0.01150437 0 1.3674337e-09)
(0.01150437 0 1.5579954e-09)
(0.01150437 0 1.7721771e-09)
(0.01150437 0 2.0116149e-09)
(0.01150437 0 2.277012e-09)
(0.01150437 0 2.5732309e-09)
(0.011504369 0 2.9092037e-09)
(0.011504369 0 3.291678e-09)
(0.011504369 0 3.7234689e-09)
(0.011504369 0 4.2098136e-09)
(0.011504369 0 4.7613834e-09)
(0.011504369 0 5.3882802e-09)
(0.011504369 0 6.0970601e-09)
(0.011504369 0 6.8971775e-09)
(0.011504368 0 7.8038922e-09)
(0.011504368 0 8.8320431e-09)
(0.011504368 0 9.9949188e-09)
(0.011504367 0 1.1311538e-08)
(0.011504367 0 1.280687e-08)
(0.011504367 0 1.4505614e-08)
(0.011504366 0 1.6435159e-08)
(0.011504366 0 1.8630693e-08)
(0.011504365 0 2.1129188e-08)
(0.011504364 0 2.3967823e-08)
(0.011504364 0 2.7193418e-08)
(0.011504363 0 3.0861121e-08)
(0.011504362 0 3.5030157e-08)
(0.011504361 0 3.9772412e-08)
(0.01150436 0 4.5168315e-08)
(0.011504359 0 5.1300687e-08)
(0.011504358 0 5.8269111e-08)
(0.011504357 0 6.6186551e-08)
(0.011504356 0 7.5179081e-08)
(0.011504355 0 8.540046e-08)
(0.011504353 0 9.7015441e-08)
(0.011504353 0 1.1021261e-07)
(0.011504352 0 1.2520462e-07)
(0.011504352 0 1.4222703e-07)
(0.011504352 0 1.6153114e-07)
(0.011504354 0 1.8338459e-07)
(0.011504357 0 2.0804922e-07)
(0.011504362 0 2.3575958e-07)
(0.01150437 0 2.6667558e-07)
(0.011504382 0 3.0077835e-07)
(0.011504399 0 3.3790534e-07)
(0.011504423 0 3.7699708e-07)
(0.011504455 0 4.1826463e-07)
(0.011504517 0 4.5091442e-07)
(0.010002844 0 -0.00010049659)
(0.010059628 0 -0.00030051847)
(0.010172798 0 -0.00050667234)
(0.010345262 0 -0.00072646663)
(0.010574937 0 -0.00096503828)
(0.010861273 0 -0.0012245143)
(0.011205648 0 -0.0015037543)
(0.011610888 0 -0.0017979599)
(0.012080816 0 -0.0020981042)
(0.012619564 0 -0.0023904373)
(0.013229704 0 -0.0026555986)
(0.01390999 0 -0.0028692387)
(0.01465149 0 -0.003000447)
(0.015429671 0 -0.0030139433)
(0.016201504 0 -0.0028816443)
(0.016913703 0 -0.0025938787)
(0.017517619 0 -0.0021649369)
(0.017982442 0 -0.0016291552)
(0.01829954 0 -0.001029402)
(0.018477847 0 -0.00040613941)
(0.018535398 0 0.00020820186)
(0.018492652 0 0.0007892705)
(0.018369358 0 0.0013200046)
(0.018183021 0 0.0017892435)
(0.017948449 0 0.0021903563)
(0.017677945 0 0.0025202119)
(0.017381679 0 0.0027784302)
(0.017068034 0 0.0029668259)
(0.016743907 0 0.0030889736)
(0.016414944 0 0.0031498303)
(0.016085743 0 0.0031553816)
(0.015760026 0 0.0031123049)
(0.015440798 0 0.0030276564)
(0.015130485 0 0.0029085902)
(0.01483105 0 0.0027621216)
(0.014544088 0 0.0025949396)
(0.014270889 0 0.0024132684)
(0.014012484 0 0.0022227723)
(0.013769672 0 0.0020284946)
(0.013543024 0 0.0018348221)
(0.013332889 0 0.0016454679)
(0.013139391 0 0.0014634686)
(0.012962434 0 0.0012911966)
(0.012801712 0 0.0011303881)
(0.012656721 0 0.0009821869)
(0.01252679 0 0.00084720454)
(0.012411109 0 0.00072559299)
(0.012308758 0 0.0006171254)
(0.012218748 0 0.00052127924)
(0.012140048 0 0.00043731662)
(0.012071615 0 0.00036435687)
(0.01201242 0 0.00030143887)
(0.011961468 0 0.0002475714)
(0.011917813 0 0.00020177187)
(0.011880569 0 0.0001630943)
(0.011848921 0 0.00013064822)
(0.011822126 0 0.00010361032)
(0.011799513 0 8.123056e-05)
(0.011780487 0 6.283412e-05)
(0.011764521 0 4.7820409e-05)
(0.011751155 0 3.5660134e-05)
(0.01173999 0 2.5890994e-05)
(0.011730681 0 1.8112607e-05)
(0.011722934 0 1.1980799e-05)
(0.011716497 0 7.2020541e-06)
(0.011711156 0 3.5276266e-06)
(0.011706732 0 7.483754e-07)
(0.011703073 0 -1.3103413e-06)
(0.01170005 0 -2.793932e-06)
(0.011697558 0 -3.8222522e-06)
(0.011695506 0 -4.4939518e-06)
(0.01169382 0 -4.8891607e-06)
(0.011692436 0 -5.0729858e-06)
(0.011691304 0 -5.097858e-06)
(0.011690379 0 -5.0057352e-06)
(0.011689625 0 -4.8299476e-06)
(0.011689013 0 -4.5967437e-06)
(0.011688516 0 -4.3265905e-06)
(0.011688116 0 -4.0352718e-06)
(0.011687794 0 -3.7348029e-06)
(0.011687536 0 -3.434178e-06)
(0.01168733 0 -3.1399745e-06)
(0.011687167 0 -2.8568527e-06)
(0.011687039 0 -2.5879737e-06)
(0.011686938 0 -2.3353436e-06)
(0.011686861 0 -2.1000817e-06)
(0.011686801 0 -1.8826251e-06)
(0.011686757 0 -1.6828956e-06)
(0.011686723 0 -1.5004445e-06)
(0.0116867 0 -1.3345742e-06)
(0.011686683 0 -1.1844261e-06)
(0.011686672 0 -1.049035e-06)
(0.011686665 0 -9.2736673e-07)
(0.011686662 0 -8.1835614e-07)
(0.011686661 0 -7.2094698e-07)
(0.011686662 0 -6.3412278e-07)
(0.011686664 0 -5.5691957e-07)
(0.011686667 0 -4.8842502e-07)
(0.011686671 0 -4.2777736e-07)
(0.011686676 0 -3.7417174e-07)
(0.01168668 0 -3.2686929e-07)
(0.011686684 0 -2.8519977e-07)
(0.011686689 0 -2.4855499e-07)
(0.011686693 0 -2.1637915e-07)
(0.011686697 0 -1.8816426e-07)
(0.011686701 0 -1.6345167e-07)
(0.011686704 0 -1.4183372e-07)
(0.011686708 0 -1.2295003e-07)
(0.011686711 0 -1.0647898e-07)
(0.011686714 0 -9.2129875e-08)
(0.011686716 0 -7.9640497e-08)
(0.011686718 0 -6.8778708e-08)
(0.01168672 0 -5.9343102e-08)
(0.011686722 0 -5.1159255e-08)
(0.011686724 0 -4.4072849e-08)
(0.011686726 0 -3.794388e-08)
(0.011686727 0 -3.2645205e-08)
(0.011686728 0 -2.806455e-08)
(0.011686729 0 -2.4106227e-08)
(0.01168673 0 -2.0689859e-08)
(0.011686731 0 -1.7746379e-08)
(0.011686732 0 -1.5213844e-08)
(0.011686732 0 -1.3035659e-08)
(0.011686733 0 -1.1161428e-08)
(0.011686733 0 -9.5483501e-09)
(0.011686734 0 -8.1612491e-09)
(0.011686734 0 -6.9707687e-09)
(0.011686735 0 -5.950835e-09)
(0.011686735 0 -5.0772504e-09)
(0.011686735 0 -4.3280634e-09)
(0.011686735 0 -3.6847097e-09)
(0.011686736 0 -3.1326266e-09)
(0.011686736 0 -2.6605447e-09)
(0.011686736 0 -2.2587354e-09)
(0.011686736 0 -1.9175597e-09)
(0.011686736 0 -1.6272411e-09)
(0.011686736 0 -1.3786453e-09)
(0.011686736 0 -1.1643565e-09)
(0.011686736 0 -9.7916278e-10)
(0.011686736 0 -8.1954807e-10)
(0.011686737 0 -6.8280611e-10)
(0.011686737 0 -5.6642538e-10)
(0.011686737 0 -4.6785091e-10)
(0.011686737 0 -3.8456659e-10)
(0.011686737 0 -3.1418697e-10)
(0.011686737 0 -2.5436525e-10)
(0.011686737 0 -2.0290234e-10)
(0.011686737 0 -1.5816325e-10)
(0.011686737 0 -1.1932984e-10)
(0.011686737 0 -8.6161648e-11)
(0.011686737 0 -5.8192414e-11)
(0.011686737 0 -3.3825447e-11)
(0.011686737 0 -1.036395e-11)
(0.011686737 0 1.476862e-11)
(0.011686737 0 4.26025e-11)
(0.011686737 0 7.2112232e-11)
(0.011686737 0 1.0113557e-10)
(0.011686737 0 1.2804314e-10)
(0.011686737 0 1.5255759e-10)
(0.011686737 0 1.7510577e-10)
(0.011686737 0 1.9574678e-10)
(0.011686737 0 2.1391434e-10)
(0.011686737 0 2.2924392e-10)
(0.011686737 0 2.4241251e-10)
(0.011686737 0 2.5455056e-10)
(0.011686737 0 2.6561304e-10)
(0.011686737 0 2.737636e-10)
(0.011686737 0 2.7680236e-10)
(0.011686737 0 2.7437922e-10)
(0.011686737 0 2.685926e-10)
(0.011686737 0 2.6200229e-10)
(0.011686737 0 2.5529917e-10)
(0.011686737 0 2.4764169e-10)
(0.011686737 0 2.3931475e-10)
(0.011686737 0 2.3333185e-10)
(0.011686737 0 2.3367343e-10)
(0.011686737 0 2.41854e-10)
(0.011686737 0 2.5597684e-10)
(0.011686737 0 2.7359059e-10)
(0.011686737 0 2.9464875e-10)
(0.011686737 0 3.209613e-10)
(0.011686737 0 3.5353342e-10)
(0.011686737 0 3.9185518e-10)
(0.011686737 0 4.3609091e-10)
(0.011686737 0 4.8858161e-10)
(0.011686737 0 5.5195584e-10)
(0.011686737 0 6.268088e-10)
(0.011686737 0 7.130254e-10)
(0.011686737 0 8.1273556e-10)
(0.011686737 0 9.2976001e-10)
(0.011686737 0 1.0659797e-09)
(0.011686737 0 1.2204743e-09)
(0.011686737 0 1.3931849e-09)
(0.011686737 0 1.5870934e-09)
(0.011686737 0 1.8051129e-09)
(0.011686737 0 2.0477426e-09)
(0.011686737 0 2.3169595e-09)
(0.011686737 0 2.6198876e-09)
(0.011686737 0 2.9646911e-09)
(0.011686737 0 3.3551414e-09)
(0.011686737 0 3.7939404e-09)
(0.011686737 0 4.2893144e-09)
(0.011686737 0 4.8527209e-09)
(0.011686737 0 5.4921292e-09)
(0.011686737 0 6.2141733e-09)
(0.011686737 0 7.0306489e-09)
(0.011686736 0 7.9559962e-09)
(0.011686736 0 9.0022749e-09)
(0.011686736 0 1.0184194e-08)
(0.011686736 0 1.1524191e-08)
(0.011686736 0 1.304667e-08)
(0.011686736 0 1.4774802e-08)
(0.011686736 0 1.6736919e-08)
(0.011686736 0 1.8966829e-08)
(0.011686736 0 2.1498003e-08)
(0.011686735 0 2.4368215e-08)
(0.011686735 0 2.76258e-08)
(0.011686735 0 3.1323735e-08)
(0.011686735 0 3.5519667e-08)
(0.011686735 0 4.0283184e-08)
(0.011686735 0 4.5687127e-08)
(0.011686735 0 5.1808492e-08)
(0.011686735 0 5.8742539e-08)
(0.011686735 0 6.6591384e-08)
(0.011686736 0 7.5471737e-08)
(0.011686736 0 8.5517842e-08)
(0.011686737 0 9.6867603e-08)
(0.011686738 0 1.0967994e-07)
(0.01168674 0 1.241192e-07)
(0.011686743 0 1.4036588e-07)
(0.011686747 0 1.586008e-07)
(0.011686752 0 1.789934e-07)
(0.011686759 0 2.0168598e-07)
(0.011686768 0 2.2676131e-07)
(0.011686781 0 2.5419718e-07)
(0.011686797 0 2.8378382e-07)
(0.011686818 0 3.1512088e-07)
(0.011686846 0 3.4715151e-07)
(0.011686877 0 3.7923658e-07)
(0.011686939 0 4.056967e-07)
(0.01000258 0 -0.0001273774)
(0.010052537 0 -0.00038153376)
(0.01015212 0 -0.00064214098)
(0.010305169 0 -0.0009168935)
(0.010512144 0 -0.0012116711)
(0.010775602 0 -0.0015298653)
(0.011100471 0 -0.0018718818)
(0.011493702 0 -0.0022343864)
(0.011963861 0 -0.0026091895)
(0.012520564 0 -0.0029820715)
(0.01317178 0 -0.0033303644)
(0.01392111 0 -0.0036232583)
(0.014759914 0 -0.0038142066)
(0.015649755 0 -0.0038446306)
(0.016520184 0 -0.0036697522)
(0.017289461 0 -0.0032792831)
(0.017893519 0 -0.0027045649)
(0.018304945 0 -0.0020061524)
(0.018532266 0 -0.0012501005)
(0.01860551 0 -0.00049050342)
(0.018559641 0 0.00023616279)
(0.018425306 0 0.00090569859)
(0.018227102 0 0.001504163)
(0.01798349 0 0.0020240458)
(0.017708037 0 0.0024619934)
(0.017410902 0 0.0028176191)
(0.017099942 0 0.0030927365)
(0.016781426 0 0.0032908977)
(0.016460446 0 0.0034170807)
(0.016141129 0 0.0034773988)
(0.015826771 0 0.0034787934)
(0.015519952 0 0.0034287223)
(0.01522265 0 0.0033348635)
(0.014936363 0 0.0032048547)
(0.014662223 0 0.0030460806)
(0.014401092 0 0.0028655118)
(0.014153631 0 0.0026695945)
(0.01392035 0 0.0024641801)
(0.013701627 0 0.0022544844)
(0.013497713 0 0.0020450657)
(0.01330873 0 0.0018398138)
(0.013134658 0 0.0016419475)
(0.01297533 0 0.0014540223)
(0.012830428 0 0.0012779511)
(0.012699493 0 0.0011150401)
(0.012581932 0 0.00096604176)
(0.012477044 0 0.00083122263)
(0.012384038 0 0.0007104413)
(0.01230206 0 0.0006032313)
(0.012230218 0 0.00050888283)
(0.012167605 0 0.00042651827)
(0.01211332 0 0.00035515793)
(0.012066485 0 0.00029377446)
(0.012026261 0 0.00024133549)
(0.011991859 0 0.00019683536)
(0.011962546 0 0.00015931759)
(0.011937654 0 0.00012788956)
(0.011916578 0 0.00010173124)
(0.011898779 0 8.0099255e-05)
(0.011883779 0 6.2327583e-05)
(0.011871162 0 4.7825836e-05)
(0.011860564 0 3.6075695e-05)
(0.011851675 0 2.6626178e-05)
(0.011844224 0 1.9088132e-05)
(0.011837986 0 1.3128455e-05)
(0.011832767 0 8.4640617e-06)
(0.011828402 0 4.856124e-06)
(0.011824754 0 2.1042068e-06)
(0.011821708 0 4.1476252e-08)
(0.011819164 0 -1.4703203e-06)
(0.011817042 0 -2.5449067e-06)
(0.011815273 0 -3.2758769e-06)
(0.011813799 0 -3.7393179e-06)
(0.011812572 0 -3.9968612e-06)
(0.011811552 0 -4.0981763e-06)
(0.011810704 0 -4.083053e-06)
(0.01181 0 -3.9831515e-06)
(0.011809416 0 -3.8234786e-06)
(0.011808933 0 -3.6236238e-06)
(0.011808533 0 -3.3987833e-06)
(0.011808203 0 -3.160604e-06)
(0.011807931 0 -2.9178784e-06)
(0.011807707 0 -2.6771225e-06)
(0.011807523 0 -2.4430525e-06)
(0.011807372 0 -2.2189701e-06)
(0.011807249 0 -2.0070668e-06)
(0.011807148 0 -1.8086701e-06)
(0.011807066 0 -1.6244484e-06)
(0.011807 0 -1.4545827e-06)
(0.011806947 0 -1.298901e-06)
(0.011806903 0 -1.1569737e-06)
(0.011806869 0 -1.0281832e-06)
(0.011806841 0 -9.1178184e-07)
(0.011806819 0 -8.0694802e-07)
(0.011806802 0 -7.1283394e-07)
(0.011806789 0 -6.2859579e-07)
(0.011806778 0 -5.5340649e-07)
(0.01180677 0 -4.8646145e-07)
(0.011806764 0 -4.2698771e-07)
(0.01180676 0 -3.7425722e-07)
(0.011806757 0 -3.2759634e-07)
(0.011806754 0 -2.8638603e-07)
(0.011806753 0 -2.5005558e-07)
(0.011806752 0 -2.1807765e-07)
(0.011806752 0 -1.8996923e-07)
(0.011806752 0 -1.6529524e-07)
(0.011806752 0 -1.4366819e-07)
(0.011806752 0 -1.2474176e-07)
(0.011806753 0 -1.0820248e-07)
(0.011806753 0 -9.3765147e-08)
(0.011806754 0 -8.117363e-08)
(0.011806755 0 -7.0203193e-08)
(0.011806755 0 -6.065905e-08)
(0.011806756 0 -5.2370261e-08)
(0.011806757 0 -4.5182595e-08)
(0.011806757 0 -3.8954785e-08)
(0.011806758 0 -3.3559532e-08)
(0.011806758 0 -2.8886385e-08)
(0.011806759 0 -2.4842296e-08)
(0.011806759 0 -2.1348455e-08)
(0.01180676 0 -1.8335341e-08)
(0.01180676 0 -1.5739203e-08)
(0.01180676 0 -1.350182e-08)
(0.011806761 0 -1.1572421e-08)
(0.011806761 0 -9.9089967e-09)
(0.011806761 0 -8.4773473e-09)
(0.011806761 0 -7.2483285e-09)
(0.011806761 0 -6.1951387e-09)
(0.011806762 0 -5.2924666e-09)
(0.011806762 0 -4.51755e-09)
(0.011806762 0 -3.8515746e-09)
(0.011806762 0 -3.2799569e-09)
(0.011806762 0 -2.7911042e-09)
(0.011806762 0 -2.3744624e-09)
(0.011806762 0 -2.0193741e-09)
(0.011806762 0 -1.7154267e-09)
(0.011806762 0 -1.4536419e-09)
(0.011806762 0 -1.227457e-09)
(0.011806763 0 -1.0326695e-09)
(0.011806763 0 -8.663201e-10)
(0.011806763 0 -7.2546502e-10)
(0.011806763 0 -6.0664382e-10)
(0.011806763 0 -5.0606629e-10)
(0.011806763 0 -4.2019007e-10)
(0.011806763 0 -3.4617363e-10)
(0.011806763 0 -2.8192614e-10)
(0.011806763 0 -2.2606197e-10)
(0.011806763 0 -1.7789318e-10)
(0.011806763 0 -1.3716281e-10)
(0.011806763 0 -1.0342768e-10)
(0.011806763 0 -7.5301874e-11)
(0.011806763 0 -5.0112789e-11)
(0.011806763 0 -2.4663171e-11)
(0.011806763 0 3.1721779e-12)
(0.011806763 0 3.3302215e-11)
(0.011806763 0 6.3691612e-11)
(0.011806763 0 9.1951811e-11)
(0.011806763 0 1.1703537e-10)
(0.011806763 0 1.3951041e-10)
(0.011806763 0 1.6035396e-10)
(0.011806763 0 1.7977563e-10)
(0.011806763 0 1.9726625e-10)
(0.011806763 0 2.1262778e-10)
(0.011806763 0 2.2657973e-10)
(0.011806763 0 2.3985745e-10)
(0.011806763 0 2.5175738e-10)
(0.011806763 0 2.6017669e-10)
(0.011806763 0 2.6348273e-10)
(0.011806763 0 2.6228585e-10)
(0.011806763 0 2.5902173e-10)
(0.011806763 0 2.5554813e-10)
(0.011806763 0 2.5160071e-10)
(0.011806763 0 2.4623103e-10)
(0.011806763 0 2.4047762e-10)
(0.011806763 0 2.3772593e-10)
(0.011806763 0 2.4097792e-10)
(0.011806763 0 2.5016897e-10)
(0.011806763 0 2.6297413e-10)
(0.011806763 0 2.7822909e-10)
(0.011806763 0 2.9750841e-10)
(0.011806763 0 3.2302134e-10)
(0.011806763 0 3.551705e-10)
(0.011806763 0 3.9323857e-10)
(0.011806763 0 4.3784414e-10)
(0.011806763 0 4.9117566e-10)
(0.011806763 0 5.5464545e-10)
(0.011806763 0 6.2818149e-10)
(0.011806763 0 7.1288479e-10)
(0.011806763 0 8.1255124e-10)
(0.011806763 0 9.3068596e-10)
(0.011806763 0 1.0672533e-09)
(0.011806763 0 1.2206029e-09)
(0.011806763 0 1.3918104e-09)
(0.011806763 0 1.5843762e-09)
(0.011806763 0 1.8001778e-09)
(0.011806763 0 2.0397932e-09)
(0.011806763 0 2.3075389e-09)
(0.011806763 0 2.6116025e-09)
(0.011806763 0 2.9576341e-09)
(0.011806763 0 3.3472047e-09)
(0.011806763 0 3.7847768e-09)
(0.011806763 0 4.2807313e-09)
(0.011806764 0 4.8448464e-09)
(0.011806764 0 5.4829731e-09)
(0.011806764 0 6.203183e-09)
(0.011806764 0 7.0184029e-09)
(0.011806764 0 7.9408323e-09)
(0.011806764 0 8.9821627e-09)
(0.011806764 0 1.0160525e-08)
(0.011806764 0 1.149872e-08)
(0.011806764 0 1.3017721e-08)
(0.011806764 0 1.4740041e-08)
(0.011806765 0 1.6693736e-08)
(0.011806765 0 1.8908467e-08)
(0.011806765 0 2.141688e-08)
(0.011806765 0 2.4259663e-08)
(0.011806766 0 2.7482308e-08)
(0.011806766 0 3.1133993e-08)
(0.011806767 0 3.5271025e-08)
(0.011806767 0 3.9954663e-08)
(0.011806768 0 4.5250897e-08)
(0.011806769 0 5.1234951e-08)
(0.01180677 0 5.7991009e-08)
(0.011806772 0 6.5612076e-08)
(0.011806774 0 7.4202628e-08)
(0.011806776 0 8.3868947e-08)
(0.011806778 0 9.4730866e-08)
(0.011806782 0 1.0690883e-07)
(0.011806786 0 1.2053545e-07)
(0.011806791 0 1.3573467e-07)
(0.011806797 0 1.5262936e-07)
(0.011806805 0 1.7130738e-07)
(0.011806815 0 1.9182076e-07)
(0.011806828 0 2.1414677e-07)
(0.011806843 0 2.3815258e-07)
(0.011806862 0 2.6353655e-07)
(0.011806885 0 2.8979867e-07)
(0.011806914 0 3.1601061e-07)
(0.011806946 0 3.411757e-07)
(0.011807005 0 3.626042e-07)
(0.010002276 0 -0.00015081738)
(0.01004499 0 -0.00045205744)
(0.0101301 0 -0.00076073334)
(0.010261929 0 -0.001085658)
(0.010442898 0 -0.0014342244)
(0.010678152 0 -0.0018117954)
(0.010975907 0 -0.0022211042)
(0.011347443 0 -0.0026612137)
(0.011806891 0 -0.0031258023)
(0.012371174 0 -0.0036010631)
(0.013055887 0 -0.0040606083)
(0.01387267 0 -0.0044650659)
(0.014811415 0 -0.00473869)
(0.015803933 0 -0.0047806611)
(0.016732249 0 -0.0045234693)
(0.017477455 0 -0.0039669452)
(0.017971266 0 -0.0031818568)
(0.01821327 0 -0.0022743034)
(0.018252157 0 -0.0013410672)
(0.018153072 0 -0.00044701296)
(0.017970457 0 0.00037541718)
(0.017740143 0 0.0011099106)
(0.017484438 0 0.0017517971)
(0.01721477 0 0.0023003448)
(0.01693686 0 0.0027567738)
(0.016653989 0 0.0031235773)
(0.016368615 0 0.0034043009)
(0.016083133 0 0.0036035809)
(0.015800015 0 0.0037271929)
(0.015521664 0 0.0037819384)
(0.015250218 0 0.0037753887)
(0.014987428 0 0.0037155654)
(0.014734631 0 0.0036106233)
(0.014492783 0 0.0034685775)
(0.014262534 0 0.0032970922)
(0.014044306 0 0.0031033357)
(0.013838366 0 0.0028938922)
(0.013644871 0 0.0026747156)
(0.013463901 0 0.0024511101)
(0.013295466 0 0.0022277234)
(0.013139506 0 0.0020085433)
(0.012995884 0 0.0017968975)
(0.012864374 0 0.0015954579)
(0.012744661 0 0.0014062556)
(0.01263634 0 0.0012307098)
(0.01253892 0 0.001069675)
(0.012451834 0 0.00092350338)
(0.012374452 0 0.00079212021)
(0.012306097 0 0.00067510501)
(0.012246062 0 0.00057177355)
(0.012193623 0 0.00048125441)
(0.012148057 0 0.0004025567)
(0.012108656 0 0.00033462685)
(0.012074736 0 0.00027639405)
(0.012045652 0 0.00022680488)
(0.012020804 0 0.00018484852)
(0.011999638 0 0.00014957416)
(0.011981654 0 0.00012010208)
(0.011966405 0 9.5629859e-05)
(0.011953496 0 7.5434678e-05)
(0.011942579 0 5.887281e-05)
(0.011933354 0 4.5376873e-05)
(0.011925563 0 3.4451558e-05)
(0.011918984 0 2.5668336e-05)
(0.011913429 0 1.8659537e-05)
(0.011908737 0 1.3112089e-05)
(0.011904775 0 8.7612932e-06)
(0.011901427 0 5.3847394e-06)
(0.011898598 0 2.7968305e-06)
(0.011896207 0 8.4340744e-07)
(0.011894186 0 -6.0249429e-07)
(0.011892478 0 -1.6456541e-06)
(0.011891034 0 -2.3715302e-06)
(0.011889814 0 -2.8497339e-06)
(0.011888782 0 -3.1365797e-06)
(0.011887911 0 -3.2774184e-06)
(0.011887175 0 -3.3085954e-06)
(0.011886553 0 -3.2590625e-06)
(0.011886029 0 -3.1517243e-06)
(0.011885587 0 -3.0045626e-06)
(0.011885213 0 -2.8315687e-06)
(0.011884899 0 -2.6435141e-06)
(0.011884634 0 -2.4485855e-06)
(0.011884411 0 -2.2529056e-06)
(0.011884224 0 -2.0609564e-06)
(0.011884066 0 -1.8759226e-06)
(0.011883934 0 -1.6999724e-06)
(0.011883823 0 -1.5344887e-06)
(0.01188373 0 -1.380256e-06)
(0.011883652 0 -1.2376051e-06)
(0.011883587 0 -1.1065226e-06)
(0.011883533 0 -9.86739e-07)
(0.011883487 0 -8.7780505e-07)
(0.011883449 0 -7.7915698e-07)
(0.011883418 0 -6.9016549e-07)
(0.011883391 0 -6.1016593e-07)
(0.01188337 0 -5.3847603e-07)
(0.011883351 0 -4.7441123e-07)
(0.011883336 0 -4.1730234e-07)
(0.011883324 0 -3.6651152e-07)
(0.011883314 0 -3.2144033e-07)
(0.011883306 0 -2.8152925e-07)
(0.011883299 0 -2.462546e-07)
(0.011883293 0 -2.1512921e-07)
(0.011883288 0 -1.8770675e-07)
(0.011883285 0 -1.6358477e-07)
(0.011883282 0 -1.4240177e-07)
(0.011883279 0 -1.2383005e-07)
(0.011883277 0 -1.0756981e-07)
(0.011883276 0 -9.3348319e-08)
(0.011883274 0 -8.0922518e-08)
(0.011883273 0 -7.0080053e-08)
(0.011883273 0 -6.0635308e-08)
(0.011883272 0 -5.2422256e-08)
(0.011883272 0 -4.5288858e-08)
(0.011883271 0 -3.9096125e-08)
(0.011883271 0 -3.372083e-08)
(0.011883271 0 -2.905778e-08)
(0.011883271 0 -2.5018355e-08)
(0.011883271 0 -2.1525777e-08)
(0.011883271 0 -1.8510351e-08)
(0.011883271 0 -1.590758e-08)
(0.011883271 0 -1.3659563e-08)
(0.011883271 0 -1.1717305e-08)
(0.011883271 0 -1.0041115e-08)
(0.011883271 0 -8.5983366e-09)
(0.011883271 0 -7.359952e-09)
(0.011883271 0 -6.2983118e-09)
(0.011883271 0 -5.3872756e-09)
(0.011883271 0 -4.603956e-09)
(0.011883271 0 -3.9300469e-09)
(0.011883271 0 -3.3514642e-09)
(0.011883271 0 -2.8565213e-09)
(0.011883271 0 -2.4339815e-09)
(0.011883271 0 -2.0724643e-09)
(0.011883271 0 -1.7614185e-09)
(0.011883271 0 -1.4925382e-09)
(0.011883271 0 -1.2603794e-09)
(0.011883271 0 -1.0616188e-09)
(0.011883271 0 -8.9342478e-10)
(0.011883271 0 -7.521753e-10)
(0.011883271 0 -6.3329855e-10)
(0.011883271 0 -5.3200853e-10)
(0.011883271 0 -4.4428654e-10)
(0.011883271 0 -3.6745127e-10)
(0.011883271 0 -3.0008012e-10)
(0.011883271 0 -2.4164052e-10)
(0.011883271 0 -1.9206577e-10)
(0.011883271 0 -1.5114883e-10)
(0.011883271 0 -1.1783172e-10)
(0.011883271 0 -8.9748065e-11)
(0.011883271 0 -6.3507869e-11)
(0.011883271 0 -3.6006128e-11)
(0.011883271 0 -6.0444314e-12)
(0.011883271 0 2.509963e-11)
(0.011883271 0 5.4749027e-11)
(0.011883271 0 8.0827933e-11)
(0.011883271 0 1.032321e-10)
(0.011883271 0 1.2338625e-10)
(0.011883271 0 1.4258931e-10)
(0.011883271 0 1.6096511e-10)
(0.011883271 0 1.779307e-10)
(0.011883271 0 1.9336492e-10)
(0.011883271 0 2.0790613e-10)
(0.011883271 0 2.2181417e-10)
(0.011883271 0 2.3384971e-10)
(0.011883271 0 2.4195983e-10)
(0.011883271 0 2.4531836e-10)
(0.011883271 0 2.4539461e-10)
(0.011883271 0 2.446162e-10)
(0.011883272 0 2.4396125e-10)
(0.011883272 0 2.4243658e-10)
(0.011883272 0 2.393144e-10)
(0.011883272 0 2.3628997e-10)
(0.011883272 0 2.3657434e-10)
(0.011883272 0 2.4185137e-10)
(0.011883272 0 2.5092163e-10)
(0.011883272 0 2.6193061e-10)
(0.011883272 0 2.7538405e-10)
(0.011883272 0 2.9390522e-10)
(0.011883272 0 3.1922708e-10)
(0.011883272 0 3.5082607e-10)
(0.011883272 0 3.8794426e-10)
(0.011883272 0 4.3165602e-10)
(0.011883272 0 4.8385352e-10)
(0.011883272 0 5.4520902e-10)
(0.011883272 0 6.1609059e-10)
(0.011883272 0 6.9919981e-10)
(0.011883272 0 7.9874871e-10)
(0.011883272 0 9.1628297e-10)
(0.011883272 0 1.0497217e-09)
(0.011883272 0 1.1978356e-09)
(0.011883272 0 1.3633602e-09)
(0.011883272 0 1.5499025e-09)
(0.011883272 0 1.7585971e-09)
(0.011883272 0 1.9911795e-09)
(0.011883272 0 2.2539091e-09)
(0.011883272 0 2.5538847e-09)
(0.011883272 0 2.8935404e-09)
(0.011883272 0 3.2741763e-09)
(0.011883272 0 3.7029608e-09)
(0.011883273 0 4.1904119e-09)
(0.011883273 0 4.743309e-09)
(0.011883273 0 5.3668996e-09)
(0.011883273 0 6.0712956e-09)
(0.011883273 0 6.8688545e-09)
(0.011883273 0 7.769891e-09)
(0.011883274 0 8.788019e-09)
(0.011883274 0 9.9432932e-09)
(0.011883274 0 1.1254931e-08)
(0.011883275 0 1.2740201e-08)
(0.011883275 0 1.4421989e-08)
(0.011883276 0 1.6326852e-08)
(0.011883276 0 1.8481412e-08)
(0.011883277 0 2.0920149e-08)
(0.011883277 0 2.3683982e-08)
(0.011883278 0 2.6811993e-08)
(0.011883279 0 3.0349872e-08)
(0.01188328 0 3.435024e-08)
(0.011883282 0 3.8864602e-08)
(0.011883283 0 4.395642e-08)
(0.011883285 0 4.9696542e-08)
(0.011883287 0 5.6155402e-08)
(0.01188329 0 6.3418569e-08)
(0.011883293 0 7.1569445e-08)
(0.011883296 0 8.0696665e-08)
(0.0118833 0 9.0894182e-08)
(0.011883305 0 1.0226118e-07)
(0.011883311 0 1.1488992e-07)
(0.011883318 0 1.2886808e-07)
(0.011883327 0 1.4426073e-07)
(0.011883337 0 1.6109971e-07)
(0.011883349 0 1.7937334e-07)
(0.011883364 0 1.9899699e-07)
(0.011883381 0 2.1978263e-07)
(0.011883402 0 2.4139885e-07)
(0.011883426 0 2.6333775e-07)
(0.011883456 0 2.8483834e-07)
(0.011883486 0 3.0486854e-07)
(0.011883541 0 3.2232403e-07)
(0.010001888 0 -0.00017033266)
(0.010035996 0 -0.00051064571)
(0.010103882 0 -0.00085980194)
(0.01020992 0 -0.0012284486)
(0.010357981 0 -0.0016262024)
(0.010555221 0 -0.0020612181)
(0.010812693 0 -0.0025396547)
(0.011145919 0 -0.0030644911)
(0.011575143 0 -0.0036332246)
(0.012126395 0 -0.0042344245)
(0.012824646 0 -0.0048379846)
(0.013692755 0 -0.0053924331)
(0.014709433 0 -0.005764488)
(0.015744174 0 -0.0057819844)
(0.016606205 0 -0.005358221)
(0.017143728 0 -0.0045320756)
(0.01732601 0 -0.0034555225)
(0.017228266 0 -0.0023060421)
(0.016971481 0 -0.0012100408)
(0.01666247 0 -0.00022394005)
(0.01636331 0 0.00063511196)
(0.016096328 0 0.0013792586)
(0.01586373 0 0.0020198604)
(0.01565551 0 0.0025643044)
(0.015460789 0 0.0030172026)
(0.015271305 0 0.0033816358)
(0.015082207 0 0.0036603772)
(0.014891757 0 0.0038570361)
(0.014700408 0 0.0039766624)
(0.014509774 0 0.0040257619)
(0.014321839 0 0.0040119576)
(0.014138472 0 0.0039435267)
(0.013961207 0 0.0038289549)
(0.013791175 0 0.0036765766)
(0.013629142 0 0.0034943187)
(0.013475581 0 0.0032895434)
(0.01333075 0 0.0030689677)
(0.013194759 0 0.002838635)
(0.013067621 0 0.0026039138)
(0.012949281 0 0.0023695057)
(0.01283963 0 0.0021394524)
(0.012738514 0 0.0019171395)
(0.012645737 0 0.0017053017)
(0.012561058 0 0.0015060348)
(0.012484194 0 0.0013208229)
(0.012414819 0 0.0011505808)
(0.012352564 0 0.00099571418)
(0.012297026 0 0.00085619253)
(0.012247769 0 0.00073162856)
(0.012204333 0 0.00062135907)
(0.012166241 0 0.00052452125)
(0.01213301 0 0.00044012066)
(0.01210416 0 0.00036708888)
(0.012079221 0 0.00030433031)
(0.012057745 0 0.0002507585)
(0.01203931 0 0.00020532342)
(0.012023525 0 0.00016703097)
(0.012010034 0 0.0001349561)
(0.011998518 0 0.00010825081)
(0.011988696 0 8.6147982e-05)
(0.011980319 0 6.7962026e-05)
(0.011973174 0 5.3086956e-05)
(0.011967075 0 4.0992608e-05)
(0.011961866 0 3.1219525e-05)
(0.011957412 0 2.3372961e-05)
(0.0119536 0 1.7116428e-05)
(0.011950336 0 1.2165193e-05)
(0.011947536 0 8.2798998e-06)
(0.011945135 0 5.2605964e-06)
(0.011943072 0 2.941128e-06)
(0.011941301 0 1.18391e-06)
(0.011939778 0 -1.2396913e-07)
(0.011938469 0 -1.0751251e-06)
(0.011937343 0 -1.7451147e-06)
(0.011936375 0 -2.1953811e-06)
(0.011935543 0 -2.4755408e-06)
(0.011934827 0 -2.6255335e-06)
(0.011934212 0 -2.6773479e-06)
(0.011933684 0 -2.656461e-06)
(0.01193323 0 -2.5830416e-06)
(0.01193284 0 -2.4729449e-06)
(0.011932505 0 -2.338531e-06)
(0.011932218 0 -2.1893387e-06)
(0.011931972 0 -2.032642e-06)
(0.011931761 0 -1.8739061e-06)
(0.01193158 0 -1.7171594e-06)
(0.011931425 0 -1.5652948e-06)
(0.011931293 0 -1.4203153e-06)
(0.01193118 0 -1.2835307e-06)
(0.011931083 0 -1.1557158e-06)
(0.011931 0 -1.0372358e-06)
(0.011930929 0 -9.2814902e-07)
(0.011930869 0 -8.2829204e-07)
(0.011930818 0 -7.3734772e-07)
(0.011930774 0 -6.5489443e-07)
(0.011930737 0 -5.8043971e-07)
(0.011930705 0 -5.1344575e-07)
(0.011930678 0 -4.5335316e-07)
(0.011930655 0 -3.9960286e-07)
(0.011930635 0 -3.5165213e-07)
(0.011930619 0 -3.0898152e-07)
(0.011930605 0 -2.7109611e-07)
(0.011930593 0 -2.3752695e-07)
(0.011930583 0 -2.0783574e-07)
(0.011930574 0 -1.8162011e-07)
(0.011930567 0 -1.5851485e-07)
(0.011930561 0 -1.3818773e-07)
(0.011930556 0 -1.2033378e-07)
(0.011930552 0 -1.0467272e-07)
(0.011930548 0 -9.0950762e-08)
(0.011930545 0 -7.8942932e-08)
(0.011930542 0 -6.8451908e-08)
(0.01193054 0 -5.930243e-08)
(0.011930539 0 -5.1334939e-08)
(0.011930537 0 -4.4402665e-08)
(0.011930536 0 -3.8373087e-08)
(0.011930535 0 -3.3130877e-08)
(0.011930534 0 -2.8578371e-08)
(0.011930533 0 -2.4632062e-08)
(0.011930533 0 -2.1217347e-08)
(0.011930532 0 -1.8265098e-08)
(0.011930532 0 -1.5711815e-08)
(0.011930531 0 -1.3502111e-08)
(0.011930531 0 -1.1590514e-08)
(0.011930531 0 -9.940409e-09)
(0.011930531 0 -8.5206194e-09)
(0.011930531 0 -7.3020206e-09)
(0.01193053 0 -6.2562979e-09)
(0.01193053 0 -5.3572009e-09)
(0.01193053 0 -4.5826588e-09)
(0.01193053 0 -3.915618e-09)
(0.01193053 0 -3.3428601e-09)
(0.01193053 0 -2.8527435e-09)
(0.01193053 0 -2.4335506e-09)
(0.01193053 0 -2.0736e-09)
(0.01193053 0 -1.7627399e-09)
(0.01193053 0 -1.4937111e-09)
(0.01193053 0 -1.2621783e-09)
(0.01193053 0 -1.0653224e-09)
(0.01193053 0 -8.9995866e-10)
(0.01193053 0 -7.6152994e-10)
(0.01193053 0 -6.4451193e-10)
(0.01193053 0 -5.4365191e-10)
(0.01193053 0 -4.5511745e-10)
(0.01193053 0 -3.7689231e-10)
(0.01193053 0 -3.0836429e-10)
(0.01193053 0 -2.4960498e-10)
(0.01193053 0 -2.0067541e-10)
(0.01193053 0 -1.6093769e-10)
(0.01193053 0 -1.2852017e-10)
(0.01193053 0 -1.0030667e-10)
(0.01193053 0 -7.276652e-11)
(0.01193053 0 -4.3505065e-11)
(0.01193053 0 -1.2544295e-11)
(0.01193053 0 1.7873534e-11)
(0.01193053 0 4.5032058e-11)
(0.01193053 0 6.7770378e-11)
(0.01193053 0 8.7172812e-11)
(0.01193053 0 1.053353e-10)
(0.01193053 0 1.2347644e-10)
(0.01193053 0 1.4128995e-10)
(0.01193053 0 1.57938e-10)
(0.01193053 0 1.7329405e-10)
(0.01193053 0 1.8788799e-10)
(0.01193053 0 2.0161271e-10)
(0.01193053 0 2.1300527e-10)
(0.01193053 0 2.2042534e-10)
(0.01193053 0 2.2393983e-10)
(0.01193053 0 2.2554251e-10)
(0.01193053 0 2.2718595e-10)
(0.01193053 0 2.2883919e-10)
(0.01193053 0 2.2909048e-10)
(0.01193053 0 2.2775252e-10)
(0.01193053 0 2.2707167e-10)
(0.01193053 0 2.2973401e-10)
(0.01193053 0 2.3614078e-10)
(0.01193053 0 2.4457786e-10)
(0.01193053 0 2.5419821e-10)
(0.01193053 0 2.6685729e-10)
(0.01193053 0 2.8523718e-10)
(0.01193053 0 3.0995584e-10)
(0.01193053 0 3.3983642e-10)
(0.01193053 0 3.7469027e-10)
(0.01193053 0 4.1625727e-10)
(0.01193053 0 4.66168e-10)
(0.01193053 0 5.2479045e-10)
(0.01193053 0 5.9329171e-10)
(0.01193053 0 6.7514196e-10)
(0.011930531 0 7.7324861e-10)
(0.011930531 0 8.865531e-10)
(0.011930531 0 1.0122911e-09)
(0.011930531 0 1.1512977e-09)
(0.011930531 0 1.3080411e-09)
(0.011930531 0 1.4855637e-09)
(0.011930531 0 1.6844528e-09)
(0.011930531 0 1.9077255e-09)
(0.011930531 0 2.161972e-09)
(0.011930531 0 2.4515485e-09)
(0.011930531 0 2.776811e-09)
(0.011930531 0 3.1410629e-09)
(0.011930532 0 3.5536682e-09)
(0.011930532 0 4.0231373e-09)
(0.011930532 0 4.5536368e-09)
(0.011930532 0 5.1515146e-09)
(0.011930533 0 5.8280271e-09)
(0.011930533 0 6.5936162e-09)
(0.011930533 0 7.4581455e-09)
(0.011930534 0 8.4372192e-09)
(0.011930534 0 9.5491033e-09)
(0.011930535 0 1.0808254e-08)
(0.011930535 0 1.2230814e-08)
(0.011930536 0 1.3839964e-08)
(0.011930537 0 1.5660333e-08)
(0.011930537 0 1.7718422e-08)
(0.011930538 0 2.0048785e-08)
(0.01193054 0 2.2687144e-08)
(0.011930541 0 2.5666879e-08)
(0.011930542 0 2.9030193e-08)
(0.011930544 0 3.2823691e-08)
(0.011930546 0 3.7094029e-08)
(0.011930548 0 4.1901581e-08)
(0.011930551 0 4.730725e-08)
(0.011930554 0 5.3371766e-08)
(0.011930557 0 6.016692e-08)
(0.011930561 0 6.7758695e-08)
(0.011930566 0 7.6223518e-08)
(0.011930571 0 8.5632775e-08)
(0.011930577 0 9.6063915e-08)
(0.011930585 0 1.0757807e-07)
(0.011930593 0 1.2022828e-07)
(0.011930603 0 1.3404009e-07)
(0.011930615 0 1.49006e-07)
(0.011930629 0 1.6507847e-07)
(0.011930645 0 1.8214004e-07)
(0.011930664 0 1.9998225e-07)
(0.011930686 0 2.1828306e-07)
(0.01193071 0 2.3657823e-07)
(0.011930739 0 2.5426967e-07)
(0.011930769 0 2.7045184e-07)
(0.01193082 0 2.8477761e-07)
(0.01000138 0 -0.00018502763)
(0.010024829 0 -0.00055461882)
(0.010071373 0 -0.00093464702)
(0.01014494 0 -0.0013380553)
(0.010250228 0 -0.0017772308)
(0.010395565 0 -0.0022638977)
(0.010593878 0 -0.0028088811)
(0.01086411 0 -0.0034210716)
(0.011232249 0 -0.0041047731)
(0.011734371 0 -0.0048543915)
(0.012404287 0 -0.0056370776)
(0.013276835 0 -0.0063815455)
(0.014288902 0 -0.006837409)
(0.015192181 0 -0.0067253556)
(0.015710836 0 -0.0059770226)
(0.01570241 0 -0.0047339754)
(0.01527621 0 -0.0032959311)
(0.01466207 0 -0.0019376717)
(0.014078302 0 -0.00078414871)
(0.013638432 0 0.00016326697)
(0.013365102 0 0.00094421704)
(0.013234202 0 0.0016117957)
(0.01319321 0 0.0021952351)
(0.01319614 0 0.0027048686)
(0.013211403 0 0.0031414589)
(0.013220339 0 0.0035019675)
(0.01321409 0 0.0037832883)
(0.013190517 0 0.0039846386)
(0.013151321 0 0.0041083969)
(0.013099862 0 0.0041597916)
(0.01303984 0 0.0041460923)
(0.012974604 0 0.0040757367)
(0.012906887 0 0.003957596)
(0.012838753 0 0.0038004386)
(0.012771668 0 0.003612583)
(0.012706615 0 0.0034017037)
(0.012644212 0 0.0031747474)
(0.012584819 0 0.002937916)
(0.012528623 0 0.0026966842)
(0.012475701 0 0.0024558231)
(0.012426066 0 0.0022194207)
(0.012379693 0 0.0019908957)
(0.012336544 0 0.0017730091)
(0.012296569 0 0.0015678806)
(0.012259715 0 0.0013770173)
(0.012225918 0 0.0012013587)
(0.012195105 0 0.0010413356)
(0.012167184 0 0.00089694249)
(0.012142043 0 0.00076781521)
(0.012119548 0 0.00065331021)
(0.01209954 0 0.00055257894)
(0.012081847 0 0.00046463461)
(0.012066278 0 0.00038840912)
(0.012052638 0 0.00032279976)
(0.012040728 0 0.00026670621)
(0.012030356 0 0.00021905899)
(0.012021336 0 0.00017884033)
(0.012013498 0 0.00014509884)
(0.012006685 0 0.00011695893)
(0.012000759 0 9.362604e-05)
(0.011995598 0 7.4388244e-05)
(0.011991094 0 5.8615104e-05)
(0.011987158 0 4.5754324e-05)
(0.011983711 0 3.5326827e-05)
(0.011980688 0 2.6920791e-05)
(0.011978032 0 2.0185098e-05)
(0.011975696 0 1.4822621e-05)
(0.011973639 0 1.0583596e-05)
(0.011971827 0 7.2593246e-06)
(0.011970231 0 4.6763329e-06)
(0.011968824 0 2.6910771e-06)
(0.011967585 0 1.1854453e-06)
(0.011966493 0 6.252853e-08)
(0.011965532 0 -7.5676783e-07)
(0.011964687 0 -1.3368405e-06)
(0.011963944 0 -1.7299756e-06)
(0.011963291 0 -1.9783248e-06)
(0.011962719 0 -2.1157659e-06)
(0.011962217 0 -2.1694136e-06)
(0.011961777 0 -2.1608614e-06)
(0.011961392 0 -2.1072022e-06)
(0.011961056 0 -2.0218696e-06)
(0.011960762 0 -1.9153367e-06)
(0.011960506 0 -1.7956956e-06)
(0.011960282 0 -1.6691312e-06)
(0.011960088 0 -1.5403028e-06)
(0.011959919 0 -1.4126537e-06)
(0.011959771 0 -1.2886635e-06)
(0.011959644 0 -1.1700561e-06)
(0.011959533 0 -1.0579685e-06)
(0.011959436 0 -9.5308551e-07)
(0.011959353 0 -8.5574877e-07)
(0.011959281 0 -7.660436e-07)
(0.011959218 0 -6.8386765e-07)
(0.011959164 0 -6.0898262e-07)
(0.011959118 0 -5.4105318e-07)
(0.011959078 0 -4.7967905e-07)
(0.011959043 0 -4.2442307e-07)
(0.011959013 0 -3.748343e-07)
(0.011958987 0 -3.3046315e-07)
(0.011958965 0 -2.9086894e-07)
(0.011958946 0 -2.5562402e-07)
(0.01195893 0 -2.2431889e-07)
(0.011958916 0 -1.9656865e-07)
(0.011958903 0 -1.7201774e-07)
(0.011958893 0 -1.5033993e-07)
(0.011958884 0 -1.3123468e-07)
(0.011958877 0 -1.1442393e-07)
(0.01195887 0 -9.9652347e-08)
(0.011958865 0 -8.6689687e-08)
(0.01195886 0 -7.533172e-08)
(0.011958856 0 -6.5397181e-08)
(0.011958853 0 -5.6722204e-08)
(0.01195885 0 -4.9156136e-08)
(0.011958847 0 -4.2561314e-08)
(0.011958845 0 -3.6815623e-08)
(0.011958843 0 -3.181428e-08)
(0.011958842 0 -2.7468093e-08)
(0.011958841 0 -2.3698723e-08)
(0.011958839 0 -2.0434145e-08)
(0.011958839 0 -1.7607249e-08)
(0.011958838 0 -1.5157695e-08)
(0.011958837 0 -1.3034571e-08)
(0.011958837 0 -1.1196933e-08)
(0.011958836 0 -9.6112511e-09)
(0.011958836 0 -8.2474623e-09)
(0.011958835 0 -7.0763212e-09)
(0.011958835 0 -6.0694944e-09)
(0.011958835 0 -5.2016933e-09)
(0.011958835 0 -4.4526575e-09)
(0.011958834 0 -3.8071526e-09)
(0.011958834 0 -3.2529943e-09)
(0.011958834 0 -2.7786646e-09)
(0.011958834 0 -2.3722346e-09)
(0.011958834 0 -2.0222093e-09)
(0.011958834 0 -1.7193081e-09)
(0.011958834 0 -1.4574828e-09)
(0.011958834 0 -1.2332631e-09)
(0.011958834 0 -1.0438656e-09)
(0.011958834 0 -8.8539792e-10)
(0.011958834 0 -7.5239774e-10)
(0.011958834 0 -6.388459e-10)
(0.011958834 0 -5.3970505e-10)
(0.011958834 0 -4.5192131e-10)
(0.011958834 0 -3.7439393e-10)
(0.011958834 0 -3.0715572e-10)
(0.011958834 0 -2.5042078e-10)
(0.011958834 0 -2.0386436e-10)
(0.011958834 0 -1.6612058e-10)
(0.011958834 0 -1.3460783e-10)
(0.011958834 0 -1.0596199e-10)
(0.011958834 0 -7.7180586e-11)
(0.011958834 0 -4.7048053e-11)
(0.011958834 0 -1.6779244e-11)
(0.011958834 0 1.0960138e-11)
(0.011958834 0 3.4155286e-11)
(0.011958834 0 5.3043013e-11)
(0.011958834 0 6.9850475e-11)
(0.011958834 0 8.6871289e-11)
(0.011958834 0 1.0469229e-10)
(0.011958834 0 1.2225182e-10)
(0.011958834 0 1.3841008e-10)
(0.011958834 0 1.5313823e-10)
(0.011958834 0 1.6702346e-10)
(0.011958834 0 1.7984239e-10)
(0.011958834 0 1.9021755e-10)
(0.011958834 0 1.9708068e-10)
(0.011958834 0 2.0116663e-10)
(0.011958834 0 2.0445944e-10)
(0.011958834 0 2.0804472e-10)
(0.011958834 0 2.1102522e-10)
(0.011958834 0 2.1209795e-10)
(0.011958834 0 2.1195495e-10)
(0.011958834 0 2.1323196e-10)
(0.011958834 0 2.1779398e-10)
(0.011958834 0 2.2488593e-10)
(0.011958834 0 2.3273481e-10)
(0.011958834 0 2.4155624e-10)
(0.011958834 0 2.5385839e-10)
(0.011958834 0 2.7161092e-10)
(0.011958834 0 2.9440128e-10)
(0.011958834 0 3.2125513e-10)
(0.011958834 0 3.5316834e-10)
(0.011958834 0 3.9240742e-10)
(0.011958834 0 4.4003653e-10)
(0.011958834 0 4.9611459e-10)
(0.011958834 0 5.6227358e-10)
(0.011958834 0 6.4158578e-10)
(0.011958834 0 7.3481211e-10)
(0.011958834 0 8.3932808e-10)
(0.011958835 0 9.5386822e-10)
(0.011958835 0 1.0821367e-09)
(0.011958835 0 1.2291069e-09)
(0.011958835 0 1.3960875e-09)
(0.011958835 0 1.5831172e-09)
(0.011958835 0 1.7940634e-09)
(0.011958835 0 2.0344809e-09)
(0.011958835 0 2.3062044e-09)
(0.011958835 0 2.6100317e-09)
(0.011958836 0 2.9523568e-09)
(0.011958836 0 3.3425475e-09)
(0.011958836 0 3.7855735e-09)
(0.011958836 0 4.2844501e-09)
(0.011958837 0 4.8472615e-09)
(0.011958837 0 5.4846342e-09)
(0.011958838 0 6.205044e-09)
(0.011958838 0 7.0193615e-09)
(0.011958839 0 7.9431663e-09)
(0.011958839 0 8.990173e-09)
(0.01195884 0 1.017246e-08)
(0.011958841 0 1.1507711e-08)
(0.011958841 0 1.3017647e-08)
(0.011958842 0 1.4724928e-08)
(0.011958844 0 1.6656759e-08)
(0.011958845 0 1.8842699e-08)
(0.011958846 0 2.1310984e-08)
(0.011958848 0 2.409346e-08)
(0.01195885 0 2.7227703e-08)
(0.011958852 0 3.075487e-08)
(0.011958854 0 3.4721132e-08)
(0.011958857 0 3.9176976e-08)
(0.01195886 0 4.417239e-08)
(0.011958864 0 4.9762185e-08)
(0.011958868 0 5.6000174e-08)
(0.011958873 0 6.2946305e-08)
(0.011958879 0 7.0656693e-08)
(0.011958885 0 7.9194047e-08)
(0.011958893 0 8.8605395e-08)
(0.011958901 0 9.8932374e-08)
(0.011958911 0 1.1019954e-07)
(0.011958922 0 1.2240846e-07)
(0.011958935 0 1.3553043e-07)
(0.01195895 0 1.4949618e-07)
(0.011958967 0 1.6417438e-07)
(0.011958987 0 1.7935938e-07)
(0.011959009 0 1.9476009e-07)
(0.011959034 0 2.0998065e-07)
(0.011959062 0 2.2456415e-07)
(0.011959091 0 2.3778009e-07)
(0.011959139 0 2.4959668e-07)
(0.010000723 0 -0.00019372755)
(0.01001107 0 -0.00058047077)
(0.010031394 0 -0.00097916429)
(0.010064585 0 -0.0014051671)
(0.010115375 0 -0.0018738614)
(0.010191999 0 -0.0024010138)
(0.01030752 0 -0.0030030877)
(0.010482062 0 -0.0036967431)
(0.010744721 0 -0.0044963172)
(0.011139057 0 -0.0054062777)
(0.011700849 0 -0.0063933763)
(0.012473069 0 -0.0073498246)
(0.013279696 0 -0.0077927157)
(0.013680285 0 -0.0073040625)
(0.013348051 0 -0.0059483082)
(0.012272126 0 -0.0041247869)
(0.01093528 0 -0.0023612562)
(0.0097896094 0 -0.0010406133)
(0.0091373455 0 -0.00014624373)
(0.0089054626 0 0.00049920888)
(0.0089843857 0 0.0010398549)
(0.0092641402 0 0.0015547175)
(0.0096308523 0 0.0020627189)
(0.010005203 0 0.0025507926)
(0.010346185 0 0.002997153)
(0.010637907 0 0.0033822242)
(0.010878352 0 0.0036924129)
(0.011072578 0 0.0039210953)
(0.011228353 0 0.0040679737)
(0.011353614 0 0.0041375279)
(0.011455321 0 0.0041373159)
(0.011539097 0 0.0040765127)
(0.011609265 0 0.0039648392)
(0.011669024 0 0.0038118584)
(0.011720661 0 0.0036265582)
(0.011765761 0 0.0034171369)
(0.011805396 0 0.0031909282)
(0.011840274 0 0.0029544049)
(0.011870867 0 0.0027132191)
(0.011897505 0 0.0024722482)
(0.011920445 0 0.0022356358)
(0.011939923 0 0.0020068217)
(0.011956183 0 0.0017885677)
(0.011969493 0 0.0015829854)
(0.011980146 0 0.0013915738)
(0.011988453 0 0.0012152693)
(0.011994736 0 0.001054508)
(0.011999311 0 0.00090929768)
(0.012002475 0 0.00077929459)
(0.012004497 0 0.00066387976)
(0.012005616 0 0.00056223053)
(0.012006029 0 0.00047338451)
(0.012005904 0 0.00039629442)
(0.01200537 0 0.00032987348)
(0.012004533 0 0.00027303204)
(0.012003472 0 0.00022470614)
(0.012002251 0 0.00018387911)
(0.012000917 0 0.00014959716)
(0.01199951 0 0.00012097996)
(0.011998058 0 9.7226786e-05)
(0.011996588 0 7.761895e-05)
(0.011995119 0 6.1519295e-05)
(0.01199367 0 4.8369264e-05)
(0.011992255 0 3.768423e-05)
(0.011990885 0 2.9047645e-05)
(0.011989571 0 2.2104494e-05)
(0.011988319 0 1.6554491e-05)
(0.011987136 0 1.2145338e-05)
(0.011986025 0 8.6663095e-06)
(0.011984988 0 5.9423192e-06)
(0.011984025 0 3.8285763e-06)
(0.011983136 0 2.2058732e-06)
(0.011982319 0 9.763983e-07)
(0.011981572 0 6.017401e-08)
(0.011980891 0 -6.0787314e-07)
(0.011980273 0 -1.0806378e-06)
(0.011979714 0 -1.40093e-06)
(0.01197921 0 -1.6032237e-06)
(0.011978757 0 -1.7152007e-06)
(0.011978351 0 -1.7589941e-06)
(0.011977987 0 -1.752204e-06)
(0.011977664 0 -1.7087415e-06)
(0.011977375 0 -1.6395332e-06)
(0.01197712 0 -1.5531019e-06)
(0.011976893 0 -1.4560352e-06)
(0.011976692 0 -1.3533623e-06)
(0.011976515 0 -1.2488625e-06)
(0.011976359 0 -1.145323e-06)
(0.011976221 0 -1.0447514e-06)
(0.0119761 0 -9.4854663e-07)
(0.011975994 0 -8.5763376e-07)
(0.011975901 0 -7.7257129e-07)
(0.011975819 0 -6.9363806e-07)
(0.011975748 0 -6.2090332e-07)
(0.011975686 0 -5.5428117e-07)
(0.011975632 0 -4.9357307e-07)
(0.011975584 0 -4.3850247e-07)
(0.011975543 0 -3.8874397e-07)
(0.011975507 0 -3.4394602e-07)
(0.011975476 0 -3.0374605e-07)
(0.011975449 0 -2.6777936e-07)
(0.011975426 0 -2.356856e-07)
(0.011975405 0 -2.0711574e-07)
(0.011975388 0 -1.8173886e-07)
(0.011975372 0 -1.5924619e-07)
(0.011975359 0 -1.3935108e-07)
(0.011975348 0 -1.2178703e-07)
(0.011975338 0 -1.0630674e-07)
(0.01197533 0 -9.2683541e-08)
(0.011975323 0 -8.0713125e-08)
(0.011975316 0 -7.0212848e-08)
(0.011975311 0 -6.1018109e-08)
(0.011975306 0 -5.2978192e-08)
(0.011975302 0 -4.5954603e-08)
(0.011975299 0 -3.9822537e-08)
(0.011975296 0 -3.4473116e-08)
(0.011975294 0 -2.9813266e-08)
(0.011975291 0 -2.576229e-08)
(0.01197529 0 -2.2247093e-08)
(0.011975288 0 -1.9199292e-08)
(0.011975287 0 -1.6555806e-08)
(0.011975286 0 -1.4261578e-08)
(0.011975285 0 -1.2271475e-08)
(0.011975284 0 -1.0549284e-08)
(0.011975283 0 -9.0641327e-09)
(0.011975283 0 -7.7868204e-09)
(0.011975282 0 -6.6884328e-09)
(0.011975282 0 -5.7416985e-09)
(0.011975281 0 -4.9234898e-09)
(0.011975281 0 -4.2161695e-09)
(0.011975281 0 -3.6065985e-09)
(0.01197528 0 -3.0836115e-09)
(0.01197528 0 -2.6358826e-09)
(0.01197528 0 -2.2516127e-09)
(0.01197528 0 -1.9199825e-09)
(0.01197528 0 -1.6329148e-09)
(0.01197528 0 -1.385527e-09)
(0.01197528 0 -1.1748437e-09)
(0.01197528 0 -9.9771688e-10)
(0.011975279 0 -8.4944107e-10)
(0.011975279 0 -7.2398475e-10)
(0.011975279 0 -6.1548557e-10)
(0.011975279 0 -5.1977734e-10)
(0.011975279 0 -4.3493935e-10)
(0.011975279 0 -3.6070973e-10)
(0.011975279 0 -2.9734553e-10)
(0.011975279 0 -2.4467646e-10)
(0.011975279 0 -2.0163481e-10)
(0.011975279 0 -1.6613651e-10)
(0.011975279 0 -1.3530211e-10)
(0.011975279 0 -1.0616837e-10)
(0.011975279 0 -7.682004e-11)
(0.011975279 0 -4.7358206e-11)
(0.011975279 0 -1.977811e-11)
(0.011975279 0 3.59355e-12)
(0.011975279 0 2.2099239e-11)
(0.011975279 0 3.7506201e-11)
(0.011975279 0 5.2732989e-11)
(0.011975279 0 6.9561398e-11)
(0.011975279 0 8.7434726e-11)
(0.011975279 0 1.0446315e-10)
(0.011975279 0 1.1946445e-10)
(0.011975279 0 1.3283425e-10)
(0.011975279 0 1.4545997e-10)
(0.011975279 0 1.5716397e-10)
(0.011975279 0 1.6671794e-10)
(0.01197528 0 1.7346617e-10)
(0.01197528 0 1.783786e-10)
(0.01197528 0 1.8298164e-10)
(0.01197528 0 1.8746875e-10)
(0.01197528 0 1.9059744e-10)
(0.01197528 0 1.9178813e-10)
(0.01197528 0 1.9271899e-10)
(0.01197528 0 1.9597207e-10)
(0.01197528 0 2.0219893e-10)
(0.01197528 0 2.0962123e-10)
(0.01197528 0 2.1675109e-10)
(0.01197528 0 2.2475462e-10)
(0.01197528 0 2.3624074e-10)
(0.01197528 0 2.5228661e-10)
(0.01197528 0 2.7210075e-10)
(0.01197528 0 2.9569661e-10)
(0.01197528 0 3.2518944e-10)
(0.01197528 0 3.625809e-10)
(0.01197528 0 4.0783023e-10)
(0.01197528 0 4.6065094e-10)
(0.01197528 0 5.228733e-10)
(0.01197528 0 5.9664962e-10)
(0.01197528 0 6.810898e-10)
(0.01197528 0 7.7391144e-10)
(0.01197528 0 8.7667937e-10)
(0.01197528 0 9.9484725e-10)
(0.01197528 0 1.1316296e-09)
(0.011975281 0 1.2858375e-09)
(0.011975281 0 1.4575435e-09)
(0.011975281 0 1.6513878e-09)
(0.011975281 0 1.8716749e-09)
(0.011975281 0 2.1193702e-09)
(0.011975281 0 2.3976008e-09)
(0.011975282 0 2.7145119e-09)
(0.011975282 0 3.0765307e-09)
(0.011975282 0 3.4851152e-09)
(0.011975283 0 3.9440562e-09)
(0.011975283 0 4.4627279e-09)
(0.011975283 0 5.0498761e-09)
(0.011975284 0 5.7131406e-09)
(0.011975284 0 6.4645714e-09)
(0.011975285 0 7.3171041e-09)
(0.011975286 0 8.2800193e-09)
(0.011975287 0 9.3661991e-09)
(0.011975288 0 1.0594652e-08)
(0.011975289 0 1.1983469e-08)
(0.01197529 0 1.3553198e-08)
(0.011975291 0 1.5329537e-08)
(0.011975293 0 1.7334324e-08)
(0.011975295 0 1.9591498e-08)
(0.011975297 0 2.2134131e-08)
(0.011975299 0 2.4994041e-08)
(0.011975301 0 2.8208468e-08)
(0.011975304 0 3.1820627e-08)
(0.011975308 0 3.5867147e-08)
(0.011975311 0 4.0391559e-08)
(0.011975316 0 4.5438394e-08)
(0.011975321 0 5.1055334e-08)
(0.011975326 0 5.728927e-08)
(0.011975333 0 6.4184951e-08)
(0.01197534 0 7.1787352e-08)
(0.011975348 0 8.0125973e-08)
(0.011975358 0 8.9224825e-08)
(0.011975369 0 9.9093043e-08)
(0.011975381 0 1.0971817e-07)
(0.011975395 0 1.2105798e-07)
(0.011975411 0 1.330327e-07)
(0.011975428 0 1.4551076e-07)
(0.011975448 0 1.5830415e-07)
(0.011975471 0 1.7116527e-07)
(0.011975495 0 1.8377179e-07)
(0.011975523 0 1.9577665e-07)
(0.01197555 0 2.0661373e-07)
(0.011975596 0 2.1635806e-07)
(0.0099999113 0 -0.00019514959)
(0.0099947103 0 -0.0005843965)
(0.009983967 0 -0.00098673348)
(0.0099689031 0 -0.0014196196)
(0.0099533364 0 -0.0019011681)
(0.0099438159 0 -0.0024510449)
(0.0099510395 0 -0.0030914482)
(0.0099923948 0 -0.0038472607)
(0.010093714 0 -0.0047435714)
(0.010294696 0 -0.005794444)
(0.010611653 0 -0.0069612933)
(0.01108869 0 -0.0080577537)
(0.011308427 0 -0.0081925871)
(0.010585849 0 -0.0068328918)
(0.0086053002 0 -0.0043263694)
(0.0058692747 0 -0.0018648312)
(0.0042983697 0 -0.00065424951)
(0.0036312649 0 -0.00018104372)
(0.0035060937 0 4.3207955e-05)
(0.0038055805 0 0.00023677055)
(0.0043952206 0 0.00051537847)
(0.0051458534 0 0.00092171614)
(0.0059287934 0 0.001429496)
(0.0066604991 0 0.0019779678)
(0.0073057612 0 0.0025059472)
(0.0078605467 0 0.0029712285)
(0.0083341771 0 0.0033510492)
(0.0087400585 0 0.0036367144)
(0.0090914354 0 0.0038288275)
(0.0093995563 0 0.003933795)
(0.0096732335 0 0.003961259)
(0.0099190486 0 0.0039222565)
(0.010141786 0 0.0038280374)
(0.010344864 0 0.003689369)
(0.010530688 0 0.0035161558)
(0.010700937 0 0.003317273)
(0.010856778 0 0.0031005346)
(0.010999051 0 0.002872737)
(0.011128394 0 0.0026397329)
(0.011245351 0 0.002406507)
(0.011350444 0 0.0021772417)
(0.011444223 0 0.0019553709)
(0.011527295 0 0.0017436251)
(0.011600332 0 0.0015440761)
(0.011664068 0 0.0013581872)
(0.011719281 0 0.0011868713)
(0.011766772 0 0.0010305573)
(0.011807342 0 0.00088926311)
(0.011841773 0 0.00076267029)
(0.011870805 0 0.00065019642)
(0.011895128 0 0.0005510627)
(0.011915375 0 0.00046435378)
(0.011932113 0 0.00038906931)
(0.011945849 0 0.00032416692)
(0.01195703 0 0.00026859735)
(0.011966046 0 0.00022133225)
(0.01197324 0 0.00018138578)
(0.011978906 0 0.00014783056)
(0.0119833 0 0.00011980878)
(0.011986641 0 9.6538871e-05)
(0.011989117 0 7.7318624e-05)
(0.011990889 0 6.1525092e-05)
(0.011992094 0 4.8612106e-05)
(0.011992847 0 3.8105907e-05)
(0.011993243 0 2.9599503e-05)
(0.011993363 0 2.2746266e-05)
(0.011993274 0 1.7253242e-05)
(0.01199303 0 1.2874507e-05)
(0.011992676 0 9.4048335e-06)
(0.011992246 0 6.673847e-06)
(0.011991768 0 4.5407439e-06)
(0.011991266 0 2.8896235e-06)
(0.011990755 0 1.6254074e-06)
(0.011990248 0 6.703511e-07)
(0.011989755 0 -3.8924531e-08)
(0.011989283 0 -5.5383701e-07)
(0.011988836 0 -9.1610622e-07)
(0.011988417 0 -1.1594228e-06)
(0.011988027 0 -1.3108886e-06)
(0.011987667 0 -1.3922241e-06)
(0.011987337 0 -1.4207562e-06)
(0.011987035 0 -1.4102407e-06)
(0.011986761 0 -1.371544e-06)
(0.011986513 0 -1.3131971e-06)
(0.011986289 0 -1.2418407e-06)
(0.011986088 0 -1.1625869e-06)
(0.011985908 0 -1.0793225e-06)
(0.011985747 0 -9.949624e-07)
(0.011985604 0 -9.1165584e-07)
(0.011985476 0 -8.3094825e-07)
(0.011985363 0 -7.5390841e-07)
(0.011985263 0 -6.8123222e-07)
(0.011985174 0 -6.1332943e-07)
(0.011985096 0 -5.5039403e-07)
(0.011985027 0 -4.9245854e-07)
(0.011984967 0 -4.3943581e-07)
(0.011984913 0 -3.9115298e-07)
(0.011984867 0 -3.4738009e-07)
(0.011984826 0 -3.0785261e-07)
(0.01198479 0 -2.7228664e-07)
(0.011984759 0 -2.4038856e-07)
(0.011984732 0 -2.1186247e-07)
(0.011984708 0 -1.864176e-07)
(0.011984687 0 -1.63775e-07)
(0.011984669 0 -1.4367154e-07)
(0.011984654 0 -1.2586073e-07)
(0.01198464 0 -1.1011216e-07)
(0.011984628 0 -9.6211794e-08)
(0.011984618 0 -8.3963373e-08)
(0.011984609 0 -7.3189072e-08)
(0.011984602 0 -6.3728058e-08)
(0.011984595 0 -5.5433516e-08)
(0.01198459 0 -4.8170437e-08)
(0.011984585 0 -4.1815802e-08)
(0.01198458 0 -3.6260453e-08)
(0.011984577 0 -3.1410054e-08)
(0.011984574 0 -2.7183272e-08)
(0.011984571 0 -2.3507698e-08)
(0.011984569 0 -2.03161e-08)
(0.011984567 0 -1.7545445e-08)
(0.011984565 0 -1.5138825e-08)
(0.011984564 0 -1.3048052e-08)
(0.011984562 0 -1.1234272e-08)
(0.011984561 0 -9.6656438e-09)
(0.01198456 0 -8.3135259e-09)
(0.01198456 0 -7.1497711e-09)
(0.011984559 0 -6.1467517e-09)
(0.011984558 0 -5.2795592e-09)
(0.011984558 0 -4.5282716e-09)
(0.011984557 0 -3.8783269e-09)
(0.011984557 0 -3.3186479e-09)
(0.011984557 0 -2.8389625e-09)
(0.011984557 0 -2.4282574e-09)
(0.011984556 0 -2.0752644e-09)
(0.011984556 0 -1.7702708e-09)
(0.011984556 0 -1.5065694e-09)
(0.011984556 0 -1.2802501e-09)
(0.011984556 0 -1.0884672e-09)
(0.011984556 0 -9.2750293e-10)
(0.011984556 0 -7.9203069e-10)
(0.011984556 0 -6.7601742e-10)
(0.011984555 0 -5.7443657e-10)
(0.011984555 0 -4.8444241e-10)
(0.011984555 0 -4.0526503e-10)
(0.011984555 0 -3.3710858e-10)
(0.011984555 0 -2.7992177e-10)
(0.011984555 0 -2.3274918e-10)
(0.011984555 0 -1.9372825e-10)
(0.011984555 0 -1.6040112e-10)
(0.011984555 0 -1.3019256e-10)
(0.011984555 0 -1.0111871e-10)
(0.011984555 0 -7.2589624e-11)
(0.011984555 0 -4.5739613e-11)
(0.011984555 0 -2.2640361e-11)
(0.011984555 0 -4.5449068e-12)
(0.011984555 0 9.5427117e-12)
(0.011984555 0 2.2563926e-11)
(0.011984555 0 3.7342158e-11)
(0.011984555 0 5.4448967e-11)
(0.011984555 0 7.2001516e-11)
(0.011984555 0 8.7636417e-11)
(0.011984555 0 1.0066996e-10)
(0.011984555 0 1.1226965e-10)
(0.011984555 0 1.2366387e-10)
(0.011984555 0 1.3457359e-10)
(0.011984555 0 1.43695e-10)
(0.011984555 0 1.504903e-10)
(0.011984556 0 1.5586527e-10)
(0.011984556 0 1.6083561e-10)
(0.011984556 0 1.6510776e-10)
(0.011984556 0 1.6774299e-10)
(0.011984556 0 1.6917814e-10)
(0.011984556 0 1.7165425e-10)
(0.011984556 0 1.7694981e-10)
(0.011984556 0 1.8420985e-10)
(0.011984556 0 1.9104437e-10)
(0.011984556 0 1.967637e-10)
(0.011984556 0 2.0347432e-10)
(0.011984556 0 2.1359381e-10)
(0.011984556 0 2.274426e-10)
(0.011984556 0 2.4439915e-10)
(0.011984556 0 2.6554398e-10)
(0.011984556 0 2.9328342e-10)
(0.011984556 0 3.284459e-10)
(0.011984556 0 3.698623e-10)
(0.011984556 0 4.1743125e-10)
(0.011984556 0 4.7334872e-10)
(0.011984556 0 5.3891768e-10)
(0.011984556 0 6.1255131e-10)
(0.011984556 0 6.9353065e-10)
(0.011984556 0 7.857061e-10)
(0.011984556 0 8.9386198e-10)
(0.011984557 0 1.0179235e-09)
(0.011984557 0 1.1552051e-09)
(0.011984557 0 1.3073466e-09)
(0.011984557 0 1.4799052e-09)
(0.011984557 0 1.6760858e-09)
(0.011984557 0 1.8971181e-09)
(0.011984558 0 2.1479968e-09)
(0.011984558 0 2.4355855e-09)
(0.011984558 0 2.7619553e-09)
(0.011984559 0 3.1274228e-09)
(0.011984559 0 3.5383392e-09)
(0.011984559 0 4.0042354e-09)
(0.01198456 0 4.5316793e-09)
(0.011984561 0 5.1282818e-09)
(0.011984561 0 5.805445e-09)
(0.011984562 0 6.5719794e-09)
(0.011984563 0 7.4354225e-09)
(0.011984564 0 8.410469e-09)
(0.011984565 0 9.5145602e-09)
(0.011984566 0 1.0761803e-08)
(0.011984568 0 1.2170391e-08)
(0.011984569 0 1.3761615e-08)
(0.011984571 0 1.5552356e-08)
(0.011984573 0 1.7566396e-08)
(0.011984575 0 1.9835609e-08)
(0.011984578 0 2.2386194e-08)
(0.011984581 0 2.5250475e-08)
(0.011984584 0 2.8463245e-08)
(0.011984588 0 3.2051482e-08)
(0.011984592 0 3.6055101e-08)
(0.011984597 0 4.050861e-08)
(0.011984602 0 4.5455683e-08)
(0.011984609 0 5.0929053e-08)
(0.011984616 0 5.6963432e-08)
(0.011984624 0 6.3587574e-08)
(0.011984633 0 7.082102e-08)
(0.011984643 0 7.8678963e-08)
(0.011984655 0 8.7159216e-08)
(0.011984668 0 9.6239443e-08)
(0.011984682 0 1.0587058e-07)
(0.011984698 0 1.1597093e-07)
(0.011984717 0 1.2642048e-07)
(0.011984737 0 1.370595e-07)
(0.011984759 0 1.4768497e-07)
(0.011984783 0 1.5803772e-07)
(0.011984811 0 1.6785237e-07)
(0.011984837 0 1.7670101e-07)
(0.011984881 0 1.8468192e-07)
(0.009998963 0 -0.0001881246)
(0.0099762495 0 -0.00056296591)
(0.0099305858 0 -0.00095138159)
(0.0098609571 0 -0.0013721332)
(0.0097693311 0 -0.0018452248)
(0.0096589492 0 -0.0023932924)
(0.0095355629 0 -0.0030431267)
(0.0094095371 0 -0.0038259797)
(0.0092953365 0 -0.0047731106)
(0.0092089852 0 -0.0058940245)
(0.0091097345 0 -0.0071048327)
(0.0090223498 0 -0.0080143791)
(0.0080401086 0 -0.0070438031)
(0.0055375324 0 -0.0040951539)
(0.0026813646 0 -0.0012730732)
(0.0015170519 0 -0.00026341417)
(0.0011087488 0 -6.6042384e-05)
(0.0010248371 0 -0.00011883691)
(0.0011717372 0 -0.00021755379)
(0.0014947247 0 -0.00025651928)
(0.0019722468 0 -0.00015732451)
(0.0025792472 0 0.00014590776)
(0.0032633095 0 0.00063073938)
(0.0039713245 0 0.0012183324)
(0.0046593218 0 0.0018188605)
(0.0053033682 0 0.002364694)
(0.0058961801 0 0.0028185926)
(0.0064398255 0 0.0031668782)
(0.0069399059 0 0.003410216)
(0.0074021437 0 0.0035568454)
(0.007831404 0 0.0036186213)
(0.0082313547 0 0.0036085809)
(0.0086045182 0 0.0035395408)
(0.0089525679 0 0.0034234142)
(0.0092766006 0 0.0032709108)
(0.0095773523 0 0.0030914508)
(0.0098553634 0 0.0028931985)
(0.010111101 0 0.0026831531)
(0.010345047 0 0.0024672589)
(0.010557765 0 0.0022505109)
(0.010749937 0 0.0020370464)
(0.01092239 0 0.0018302209)
(0.011076096 0 0.001632675)
(0.011212162 0 0.001446395)
(0.0113318 0 0.0012727758)
(0.011436301 0 0.0011126866)
(0.011526993 0 0.00096654069)
(0.01160521 0 0.00083436729)
(0.011672259 0 0.00071588281)
(0.011729392 0 0.00061055834)
(0.011777791 0 0.00051768151)
(0.011818553 0 0.00043641112)
(0.011852681 0 0.00036582417)
(0.011881085 0 0.00030495535)
(0.011904578 0 0.00025282965)
(0.011923884 0 0.00020848859)
(0.011939641 0 0.00017101096)
(0.011952408 0 0.00013952832)
(0.01196267 0 0.00011323611)
(0.011970844 0 9.1400483e-05)
(0.011977292 0 7.3361655e-05)
(0.011982318 0 5.8534254e-05)
(0.011986183 0 4.6405162e-05)
(0.011989106 0 3.6529527e-05)
(0.011991269 0 2.8525472e-05)
(0.011992825 0 2.206806e-05)
(0.0119939 0 1.6882956e-05)
(0.011994597 0 1.2740114e-05)
(0.011995003 0 9.4477661e-06)
(0.011995184 0 6.8468645e-06)
(0.011995198 0 4.8060698e-06)
(0.011995087 0 3.217332e-06)
(0.011994889 0 1.9920551e-06)
(0.01199463 0 1.0578192e-06)
(0.011994333 0 3.5559095e-07)
(0.011994013 0 -1.6261526e-07)
(0.011993685 0 -5.3566509e-07)
(0.011993357 0 -7.9505368e-07)
(0.011993037 0 -9.6613007e-07)
(0.011992729 0 -1.0692455e-06)
(0.011992437 0 -1.1206751e-06)
(0.011992163 0 -1.1333845e-06)
(0.011991908 0 -1.1176582e-06)
(0.011991672 0 -1.0816029e-06)
(0.011991456 0 -1.0315567e-06)
(0.011991258 0 -9.7242873e-07)
(0.011991079 0 -9.0798616e-07)
(0.011990916 0 -8.4109022e-07)
(0.01199077 0 -7.738825e-07)
(0.011990638 0 -7.0792983e-07)
(0.01199052 0 -6.4434176e-07)
(0.011990415 0 -5.8387038e-07)
(0.011990321 0 -5.2699459e-07)
(0.011990238 0 -4.7398634e-07)
(0.011990164 0 -4.2495991e-07)
(0.011990098 0 -3.7990972e-07)
(0.01199004 0 -3.3874234e-07)
(0.011989989 0 -3.0130453e-07)
(0.011989944 0 -2.6740506e-07)
(0.011989905 0 -2.3682915e-07)
(0.01198987 0 -2.0934743e-07)
(0.01198984 0 -1.8472313e-07)
(0.011989813 0 -1.6271951e-07)
(0.01198979 0 -1.4310678e-07)
(0.011989769 0 -1.2566635e-07)
(0.011989752 0 -1.101923e-07)
(0.011989736 0 -9.6491458e-08)
(0.011989723 0 -8.4383901e-08)
(0.011989711 0 -7.370383e-08)
(0.011989701 0 -6.4299752e-08)
(0.011989692 0 -5.6033217e-08)
(0.011989685 0 -4.8777061e-08)
(0.011989678 0 -4.2414725e-08)
(0.011989672 0 -3.6841206e-08)
(0.011989667 0 -3.1964337e-08)
(0.011989663 0 -2.7704404e-08)
(0.011989659 0 -2.3991414e-08)
(0.011989656 0 -2.0761442e-08)
(0.011989653 0 -1.7954413e-08)
(0.011989651 0 -1.5514623e-08)
(0.011989649 0 -1.3393091e-08)
(0.011989647 0 -1.1549307e-08)
(0.011989646 0 -9.9505343e-09)
(0.011989644 0 -8.5688208e-09)
(0.011989643 0 -7.377708e-09)
(0.011989642 0 -6.350844e-09)
(0.011989642 0 -5.463167e-09)
(0.011989641 0 -4.693343e-09)
(0.01198964 0 -4.025309e-09)
(0.01198964 0 -3.4476084e-09)
(0.011989639 0 -2.9509646e-09)
(0.011989639 0 -2.5258747e-09)
(0.011989639 0 -2.1618563e-09)
(0.011989638 0 -1.8486003e-09)
(0.011989638 0 -1.5778327e-09)
(0.011989638 0 -1.3442356e-09)
(0.011989638 0 -1.1446238e-09)
(0.011989638 0 -9.760386e-10)
(0.011989638 0 -8.3424781e-10)
(0.011989637 0 -7.1374761e-10)
(0.011989637 0 -6.0915337e-10)
(0.011989637 0 -5.1679463e-10)
(0.011989637 0 -4.3526735e-10)
(0.011989637 0 -3.6464253e-10)
(0.011989637 0 -3.050579e-10)
(0.011989637 0 -2.5571084e-10)
(0.011989637 0 -2.1475645e-10)
(0.011989637 0 -1.7983692e-10)
(0.011989637 0 -1.4868755e-10)
(0.011989637 0 -1.1960363e-10)
(0.011989637 0 -9.1858866e-11)
(0.011989637 0 -6.5997043e-11)
(0.011989637 0 -4.3567688e-11)
(0.011989637 0 -2.5985838e-11)
(0.011989637 0 -1.3027215e-11)
(0.011989637 0 -2.2672074e-12)
(0.011989637 0 9.6434031e-12)
(0.011989637 0 2.4602079e-11)
(0.011989637 0 4.1624125e-11)
(0.011989637 0 5.7835928e-11)
(0.011989637 0 7.1108365e-11)
(0.011989637 0 8.1790624e-11)
(0.011989637 0 9.1854691e-11)
(0.011989637 0 1.0250946e-10)
(0.011989637 0 1.1296247e-10)
(0.011989637 0 1.2159527e-10)
(0.011989637 0 1.2793223e-10)
(0.011989637 0 1.3292232e-10)
(0.011989637 0 1.3739836e-10)
(0.011989637 0 1.4107069e-10)
(0.011989637 0 1.4358623e-10)
(0.011989637 0 1.4605023e-10)
(0.011989637 0 1.5040415e-10)
(0.011989637 0 1.5700608e-10)
(0.011989637 0 1.6378169e-10)
(0.011989637 0 1.6866293e-10)
(0.011989637 0 1.7239541e-10)
(0.011989638 0 1.7787427e-10)
(0.011989638 0 1.8689556e-10)
(0.011989638 0 1.9896594e-10)
(0.011989638 0 2.1371494e-10)
(0.011989638 0 2.3282639e-10)
(0.011989638 0 2.5816997e-10)
(0.011989638 0 2.8925939e-10)
(0.011989638 0 3.2467033e-10)
(0.011989638 0 3.6532323e-10)
(0.011989638 0 4.1376567e-10)
(0.011989638 0 4.703045e-10)
(0.011989638 0 5.3311305e-10)
(0.011989638 0 6.0303647e-10)
(0.011989638 0 6.8456628e-10)
(0.011989638 0 7.8002706e-10)
(0.011989638 0 8.8672227e-10)
(0.011989639 0 1.0029888e-09)
(0.011989639 0 1.1331915e-09)
(0.011989639 0 1.2829581e-09)
(0.011989639 0 1.453852e-09)
(0.011989639 0 1.6471921e-09)
(0.01198964 0 1.8679315e-09)
(0.01198964 0 2.1196598e-09)
(0.01198964 0 2.4018482e-09)
(0.011989641 0 2.7171487e-09)
(0.011989641 0 3.074467e-09)
(0.011989642 0 3.4814087e-09)
(0.011989642 0 3.9422963e-09)
(0.011989643 0 4.4642498e-09)
(0.011989644 0 5.0556637e-09)
(0.011989645 0 5.7222944e-09)
(0.011989646 0 6.47334e-09)
(0.011989647 0 7.3235513e-09)
(0.011989648 0 8.2858758e-09)
(0.011989649 0 9.3722169e-09)
(0.011989651 0 1.0597995e-08)
(0.011989653 0 1.1978926e-08)
(0.011989654 0 1.353194e-08)
(0.011989657 0 1.5280266e-08)
(0.011989659 0 1.7249184e-08)
(0.011989662 0 1.9460961e-08)
(0.011989665 0 2.1940047e-08)
(0.011989669 0 2.471221e-08)
(0.011989673 0 2.7804232e-08)
(0.011989678 0 3.1244965e-08)
(0.011989683 0 3.5071092e-08)
(0.011989689 0 3.9308856e-08)
(0.011989696 0 4.398515e-08)
(0.011989704 0 4.9123217e-08)
(0.011989712 0 5.4743163e-08)
(0.011989722 0 6.0859979e-08)
(0.011989733 0 6.7480295e-08)
(0.011989745 0 7.4594285e-08)
(0.011989758 0 8.2173426e-08)
(0.011989773 0 9.0168169e-08)
(0.01198979 0 9.8505168e-08)
(0.011989808 0 1.0708411e-07)
(0.011989829 0 1.1577312e-07)
(0.011989851 0 1.2440585e-07)
(0.011989875 0 1.3277578e-07)
(0.011989902 0 1.4068363e-07)
(0.011989927 0 1.4781478e-07)
(0.01198997 0 1.5425964e-07)
(0.0099979303 0 -0.00017185532)
(0.0099567317 0 -0.00051389192)
(0.009874299 0 -0.00086910649)
(0.0097469783 0 -0.0012563175)
(0.0095741195 0 -0.0016960422)
(0.0093543541 0 -0.0022122591)
(0.0090865814 0 -0.0028342843)
(0.008771676 0 -0.0035966637)
(0.0084102529 0 -0.0045302049)
(0.0079910571 0 -0.0056200346)
(0.0074273789 0 -0.0066756054)
(0.0067335506 0 -0.0069771639)
(0.0047292946 0 -0.0045106604)
(0.0021739127 0 -0.0015828177)
(0.00092671055 0 -0.00020919445)
(0.00065866273 0 3.5755167e-05)
(0.00058880812 0 -2.4185222e-05)
(0.00063912912 0 -0.00025455951)
(0.00063891328 0 -0.00044904365)
(0.00068887722 0 -0.00057597663)
(0.00087120046 0 -0.00060180658)
(0.0011970184 0 -0.00038362001)
(0.0016096733 0 4.3802513e-05)
(0.0020918223 0 0.00059724525)
(0.0026282996 0 0.0011887152)
(0.0031985471 0 0.0017456829)
(0.0037840331 0 0.0022222144)
(0.0043715073 0 0.002597777)
(0.0049521207 0 0.0028693477)
(0.0055199816 0 0.0030438715)
(0.0060708101 0 0.0031329484)
(0.0066012206 0 0.0031497317)
(0.0071084781 0 0.0031072769)
(0.0075903529 0 0.003017686)
(0.0080450711 0 0.0028917532)
(0.0084712982 0 0.0027388852)
(0.0088681302 0 0.0025671541)
(0.009235084 0 0.0023834099)
(0.0095720827 0 0.0021934084)
(0.0098794351 0 0.0020019338)
(0.010157809 0 0.0018129053)
(0.010408197 0 0.001629469)
(0.01063187 0 0.0014540777)
(0.01083033 0 0.0012885632)
(0.011005253 0 0.0011342062)
(0.011158433 0 0.00099180557)
(0.011291723 0 0.00086174727)
(0.011406991 0 0.00074407253)
(0.011506074 0 0.00063854297)
(0.01159074 0 0.00054470116)
(0.011662667 0 0.00046192529)
(0.011723421 0 0.00038947713)
(0.011774446 0 0.00032654338)
(0.011817055 0 0.00027227056)
(0.011852435 0 0.00022579406)
(0.011881643 0 0.00018626181)
(0.011905614 0 0.00015285315)
(0.01192517 0 0.00012479328)
(0.011941023 0 0.00010136346)
(0.011953791 0 8.1907741e-05)
(0.011964002 0 6.5836193e-05)
(0.011972105 0 5.2625487e-05)
(0.01197848 0 4.1817079e-05)
(0.011983447 0 3.3013687e-05)
(0.011987272 0 2.5874563e-05)
(0.011990177 0 2.0110064e-05)
(0.011992346 0 1.5475922e-05)
(0.011993929 0 1.1767543e-05)
(0.011995049 0 8.8145594e-06)
(0.011995806 0 6.4758141e-06)
(0.011996283 0 4.6348439e-06)
(0.011996544 0 3.1959101e-06)
(0.011996642 0 2.0805623e-06)
(0.011996619 0 1.2247004e-06)
(0.011996509 0 5.7607868e-07)
(0.011996337 0 9.2205631e-08)
(0.011996124 0 -2.6136472e-07)
(0.011995886 0 -5.1252812e-07)
(0.011995635 0 -6.8376748e-07)
(0.01199538 0 -7.9316304e-07)
(0.011995127 0 -8.5519969e-07)
(0.011994882 0 -8.814471e-07)
(0.011994648 0 -8.8110508e-07)
(0.011994426 0 -8.6144258e-07)
(0.011994219 0 -8.2816026e-07)
(0.011994027 0 -7.8569707e-07)
(0.01199385 0 -7.3748566e-07)
(0.011993688 0 -6.8615602e-07)
(0.011993541 0 -6.3369299e-07)
(0.011993407 0 -5.8156193e-07)
(0.011993286 0 -5.3081582e-07)
(0.011993177 0 -4.8218847e-07)
(0.011993079 0 -4.3617048e-07)
(0.011992992 0 -3.9306558e-07)
(0.011992914 0 -3.5303133e-07)
(0.011992845 0 -3.1611202e-07)
(0.011992783 0 -2.8226895e-07)
(0.011992728 0 -2.5140718e-07)
(0.01199268 0 -2.2339532e-07)
(0.011992638 0 -1.9807738e-07)
(0.0119926 0 -1.7527992e-07)
(0.011992567 0 -1.5481874e-07)
(0.011992538 0 -1.365066e-07)
(0.011992512 0 -1.2016028e-07)
(0.01199249 0 -1.0560484e-07)
(0.011992471 0 -9.2674799e-08)
(0.011992454 0 -8.121405e-08)
(0.011992439 0 -7.1076169e-08)
(0.011992426 0 -6.212523e-08)
(0.011992414 0 -5.4236142e-08)
(0.011992405 0 -4.7294061e-08)
(0.011992396 0 -4.1193579e-08)
(0.011992389 0 -3.5838718e-08)
(0.011992382 0 -3.1143735e-08)
(0.011992377 0 -2.703356e-08)
(0.011992372 0 -2.3442611e-08)
(0.011992368 0 -2.031211e-08)
(0.011992364 0 -1.7587462e-08)
(0.011992361 0 -1.5217413e-08)
(0.011992358 0 -1.3155326e-08)
(0.011992356 0 -1.136117e-08)
(0.011992354 0 -9.8021975e-09)
(0.011992352 0 -8.4513597e-09)
(0.011992351 0 -7.2843881e-09)
(0.01199235 0 -6.2775144e-09)
(0.011992348 0 -5.4073367e-09)
(0.011992348 0 -4.6526413e-09)
(0.011992347 0 -3.9965049e-09)
(0.011992346 0 -3.4268799e-09)
(0.011992345 0 -2.9351043e-09)
(0.011992345 0 -2.5133688e-09)
(0.011992345 0 -2.1529226e-09)
(0.011992344 0 -1.8441367e-09)
(0.011992344 0 -1.5780743e-09)
(0.011992344 0 -1.3481165e-09)
(0.011992343 0 -1.1502578e-09)
(0.011992343 0 -9.8183239e-10)
(0.011992343 0 -8.3972258e-10)
(0.011992343 0 -7.1947922e-10)
(0.011992343 0 -6.1598953e-10)
(0.011992343 0 -5.2506695e-10)
(0.011992343 0 -4.4462047e-10)
(0.011992343 0 -3.7446808e-10)
(0.011992342 0 -3.1500962e-10)
(0.011992342 0 -2.658308e-10)
(0.011992342 0 -2.2521251e-10)
(0.011992342 0 -1.9067679e-10)
(0.011992342 0 -1.5991803e-10)
(0.011992342 0 -1.3142468e-10)
(0.011992342 0 -1.0465209e-10)
(0.011992342 0 -7.9988564e-11)
(0.011992342 0 -5.8570619e-11)
(0.011992342 0 -4.1677397e-11)
(0.011992342 0 -2.9621809e-11)
(0.011992342 0 -2.0806134e-11)
(0.011992342 0 -1.2044161e-11)
(0.011992342 0 -4.4305763e-13)
(0.011992342 0 1.4470006e-11)
(0.011992342 0 3.036575e-11)
(0.011992342 0 4.4130856e-11)
(0.011992342 0 5.4580891e-11)
(0.011992342 0 6.3240906e-11)
(0.011992342 0 7.2421475e-11)
(0.011992342 0 8.2678697e-11)
(0.011992342 0 9.239607e-11)
(0.011992342 0 9.9783687e-11)
(0.011992342 0 1.0481277e-10)
(0.011992342 0 1.0885918e-10)
(0.011992342 0 1.1284997e-10)
(0.011992343 0 1.1656277e-10)
(0.011992343 0 1.1987844e-10)
(0.011992343 0 1.2379625e-10)
(0.011992343 0 1.2927341e-10)
(0.011992343 0 1.3538226e-10)
(0.011992343 0 1.3988581e-10)
(0.011992343 0 1.4214512e-10)
(0.011992343 0 1.4448628e-10)
(0.011992343 0 1.4978018e-10)
(0.011992343 0 1.5839537e-10)
(0.011992343 0 1.6886295e-10)
(0.011992343 0 1.8113599e-10)
(0.011992343 0 1.9727307e-10)
(0.011992343 0 2.1848992e-10)
(0.011992343 0 2.4366754e-10)
(0.011992343 0 2.7213476e-10)
(0.011992343 0 3.0593196e-10)
(0.011992343 0 3.4709958e-10)
(0.011992343 0 3.944519e-10)
(0.011992343 0 4.4617957e-10)
(0.011992343 0 5.0439829e-10)
(0.011992343 0 5.7305312e-10)
(0.011992344 0 6.5195428e-10)
(0.011992344 0 7.3793777e-10)
(0.011992344 0 8.3219236e-10)
(0.011992344 0 9.4081277e-10)
(0.011992344 0 1.0673764e-09)
(0.011992345 0 1.2112103e-09)
(0.011992345 0 1.3736069e-09)
(0.011992345 0 1.5585228e-09)
(0.011992345 0 1.7670405e-09)
(0.011992346 0 1.999468e-09)
(0.011992346 0 2.2620881e-09)
(0.011992347 0 2.5633082e-09)
(0.011992347 0 2.9064099e-09)
(0.011992348 0 3.2938587e-09)
(0.011992349 0 3.731844e-09)
(0.01199235 0 4.2255658e-09)
(0.01199235 0 4.7807619e-09)
(0.011992351 0 5.409414e-09)
(0.011992353 0 6.1229178e-09)
(0.011992354 0 6.928677e-09)
(0.011992355 0 7.8380808e-09)
(0.011992357 0 8.8632607e-09)
(0.011992359 0 1.0015463e-08)
(0.011992361 0 1.1313627e-08)
(0.011992364 0 1.2776431e-08)
(0.011992366 0 1.4419922e-08)
(0.01199237 0 1.6264197e-08)
(0.011992373 0 1.8326729e-08)
(0.011992377 0 2.0628188e-08)
(0.011992381 0 2.3194709e-08)
(0.011992387 0 2.6046762e-08)
(0.011992392 0 2.9213891e-08)
(0.011992399 0 3.2712774e-08)
(0.011992406 0 3.656275e-08)
(0.011992414 0 4.0783327e-08)
(0.011992423 0 4.5387601e-08)
(0.011992433 0 5.0386291e-08)
(0.011992444 0 5.5778375e-08)
(0.011992457 0 6.1548543e-08)
(0.011992471 0 6.766869e-08)
(0.011992486 0 7.40978e-08)
(0.011992503 0 8.0775952e-08)
(0.011992522 0 8.7620108e-08)
(0.011992542 0 9.4520812e-08)
(0.011992564 0 1.01345e-07)
(0.011992588 0 1.0793607e-07)
(0.011992614 0 1.1415125e-07)
(0.011992639 0 1.1976244e-07)
(0.01199268 0 1.2483821e-07)
(0.0099968969 0 -0.00014617432)
(0.0099376937 0 -0.00043677852)
(0.0098195306 0 -0.00073914726)
(0.009635955 0 -0.0010705658)
(0.0093831872 0 -0.0014502447)
(0.0090543093 0 -0.0019012902)
(0.0086398385 0 -0.0024528704)
(0.0081292513 0 -0.0031400747)
(0.0075103776 0 -0.00399204)
(0.0067655961 0 -0.0049762628)
(0.0058584047 0 -0.0058357693)
(0.0049275785 0 -0.0057629045)
(0.0033314363 0 -0.0032263285)
(0.00067689057 0 -5.5689043e-05)
(0.00044096828 0 0.00013840195)
(0.00038681017 0 8.346077e-05)
(0.00055920933 0 -5.2224355e-05)
(0.00051908206 0 -0.00028795639)
(0.0003300894 0 -0.00041936626)
(0.0001597665 0 -0.00060080706)
(0.00011137132 0 -0.00077361134)
(0.0002388447 0 -0.0006451885)
(0.00043769129 0 -0.00029404955)
(0.00071395248 0 0.0001840237)
(0.0010795216 0 0.00070601568)
(0.0015313115 0 0.0012075037)
(0.0020548695 0 0.001645768)
(0.0026317979 0 0.0019991188)
(0.0032439671 0 0.002261836)
(0.0038753288 0 0.0024381139)
(0.0045123328 0 0.0025373131)
(0.005143856 0 0.002570857)
(0.0057609335 0 0.0025504002)
(0.0063564732 0 0.0024868787)
(0.0069249959 0 0.0023900909)
(0.0074624155 0 0.0022685753)
(0.0079658506 0 0.0021296391)
(0.008433459 0 0.0019794537)
(0.008864295 0 0.0018231722)
(0.0092581826 0 0.0016650471)
(0.0096156003 0 0.0015085353)
(0.009937573 0 0.0013563911)
(0.01022557 0 0.0012107475)
(0.010481408 0 0.0010731895)
(0.010707157 0 0.00094482267)
(0.010905058 0 0.00082633857)
(0.011077441 0 0.00071807773)
(0.011226664 0 0.00062008938)
(0.011355052 0 0.00053218751)
(0.011464857 0 0.00045400194)
(0.011558217 0 0.00038502386)
(0.011637139 0 0.00032464569)
(0.011703477 0 0.00027219542)
(0.011758927 0 0.00022696561)
(0.011805019 0 0.00018823783)
(0.011843122 0 0.00015530263)
(0.011874451 0 0.00012747565)
(0.011900069 0 0.00010410996)
(0.011920903 0 8.4605017e-05)
(0.01193775 0 6.8412505e-05)
(0.011951293 0 5.5039302e-05)
(0.011962114 0 4.4048046e-05)
(0.011970702 0 3.5055704e-05)
(0.011977468 0 2.773064e-05)
(0.011982754 0 2.1788659e-05)
(0.011986844 0 1.6988429e-05)
(0.011989972 0 1.3126634e-05)
(0.011992331 0 1.003316e-05)
(0.011994078 0 7.5664954e-06)
(0.011995341 0 5.6095003e-06)
(0.011996224 0 4.0656156e-06)
(0.011996811 0 2.8555269e-06)
(0.011997171 0 1.9142835e-06)
(0.011997357 0 1.1888343e-06)
(0.011997412 0 6.3594312e-07)
(0.011997372 0 2.2044683e-07)
(0.011997262 0 -8.6201774e-08)
(0.011997105 0 -3.0703378e-07)
(0.011996916 0 -4.6070751e-07)
(0.011996709 0 -5.6221286e-07)
(0.011996493 0 -6.2357951e-07)
(0.011996275 0 -6.5443285e-07)
(0.01199606 0 -6.6243624e-07)
(0.011995853 0 -6.5365301e-07)
(0.011995656 0 -6.3285181e-07)
(0.01199547 0 -6.0376384e-07)
(0.011995297 0 -5.692911e-07)
(0.011995136 0 -5.3166745e-07)
(0.011994988 0 -4.925845e-07)
(0.011994853 0 -4.5329745e-07)
(0.011994731 0 -4.1471928e-07)
(0.01199462 0 -3.7750084e-07)
(0.011994519 0 -3.420918e-07)
(0.011994429 0 -3.0878292e-07)
(0.011994348 0 -2.7773754e-07)
(0.011994276 0 -2.4902027e-07)
(0.011994211 0 -2.2262516e-07)
(0.011994154 0 -1.9849933e-07)
(0.011994103 0 -1.7655843e-07)
(0.011994058 0 -1.5669456e-07)
(0.011994018 0 -1.3878156e-07)
(0.011993983 0 -1.2268155e-07)
(0.011993952 0 -1.0825299e-07)
(0.011993925 0 -9.5357355e-08)
(0.011993901 0 -8.3862237e-08)
(0.01199388 0 -7.3641522e-08)
(0.011993862 0 -6.4574886e-08)
(0.011993846 0 -5.6548301e-08)
(0.011993832 0 -4.9455331e-08)
(0.01199382 0 -4.3197975e-08)
(0.011993809 0 -3.7686511e-08)
(0.0119938 0 -3.2838931e-08)
(0.011993792 0 -2.8580835e-08)
(0.011993785 0 -2.4845805e-08)
(0.011993779 0 -2.1575356e-08)
(0.011993774 0 -1.8717716e-08)
(0.011993769 0 -1.6225798e-08)
(0.011993765 0 -1.4055628e-08)
(0.011993762 0 -1.2166326e-08)
(0.011993759 0 -1.0521409e-08)
(0.011993756 0 -9.0900685e-09)
(0.011993754 0 -7.8469988e-09)
(0.011993752 0 -6.7705593e-09)
(0.011993751 0 -5.840459e-09)
(0.011993749 0 -5.0365866e-09)
(0.011993748 0 -4.33974e-09)
(0.011993747 0 -3.7335125e-09)
(0.011993746 0 -3.2057008e-09)
(0.011993745 0 -2.7479993e-09)
(0.011993745 0 -2.3540737e-09)
(0.011993744 0 -2.0173356e-09)
(0.011993744 0 -1.7299304e-09)
(0.011993743 0 -1.4834787e-09)
(0.011993743 0 -1.2707715e-09)
(0.011993743 0 -1.0869513e-09)
(0.011993742 0 -9.2921877e-10)
(0.011993742 0 -7.9533597e-10)
(0.011993742 0 -6.8218025e-10)
(0.011993742 0 -5.8552483e-10)
(0.011993742 0 -5.0117064e-10)
(0.011993741 0 -4.264303e-10)
(0.011993741 0 -3.6068372e-10)
(0.011993741 0 -3.045183e-10)
(0.011993741 0 -2.581522e-10)
(0.011993741 0 -2.2038111e-10)
(0.011993741 0 -1.8876358e-10)
(0.011993741 0 -1.6071259e-10)
(0.011993741 0 -1.3454146e-10)
(0.011993741 0 -1.0979797e-10)
(0.011993741 0 -8.6982282e-11)
(0.011993741 0 -6.710973e-11)
(0.011993741 0 -5.1284316e-11)
(0.011993741 0 -4.007836e-11)
(0.011993741 0 -3.2724631e-11)
(0.011993741 0 -2.6786155e-11)
(0.011993741 0 -1.9109705e-11)
(0.011993741 0 -7.8339453e-12)
(0.011993741 0 6.1344959e-12)
(0.011993741 0 1.9777569e-11)
(0.011993741 0 3.052626e-11)
(0.011993741 0 3.8439674e-11)
(0.011993741 0 4.5798945e-11)
(0.011993741 0 5.4485053e-11)
(0.011993741 0 6.3942078e-11)
(0.011993741 0 7.193539e-11)
(0.011993741 0 7.7146903e-11)
(0.011993741 0 8.0552232e-11)
(0.011993741 0 8.4093055e-11)
(0.011993741 0 8.8529555e-11)
(0.011993741 0 9.3198187e-11)
(0.011993741 0 9.7589407e-11)
(0.011993741 0 1.0211995e-10)
(0.011993741 0 1.0690167e-10)
(0.011993741 0 1.1069568e-10)
(0.011993741 0 1.123294e-10)
(0.011993741 0 1.1296976e-10)
(0.011993741 0 1.1558268e-10)
(0.011993741 0 1.2160908e-10)
(0.011993741 0 1.2941476e-10)
(0.011993741 0 1.3705727e-10)
(0.011993742 0 1.4549611e-10)
(0.011993742 0 1.5741434e-10)
(0.011993742 0 1.7359269e-10)
(0.011993742 0 1.9278563e-10)
(0.011993742 0 2.151442e-10)
(0.011993742 0 2.4283927e-10)
(0.011993742 0 2.7630085e-10)
(0.011993742 0 3.1299228e-10)
(0.011993742 0 3.5200223e-10)
(0.011993742 0 3.9675299e-10)
(0.011993742 0 4.5016607e-10)
(0.011993742 0 5.1038528e-10)
(0.011993743 0 5.7546018e-10)
(0.011993743 0 6.4908065e-10)
(0.011993743 0 7.3644775e-10)
(0.011993743 0 8.3758487e-10)
(0.011993743 0 9.5051741e-10)
(0.011993744 0 1.0773999e-09)
(0.011993744 0 1.2214925e-09)
(0.011993744 0 1.3831975e-09)
(0.011993745 0 1.5652402e-09)
(0.011993745 0 1.7749579e-09)
(0.011993746 0 2.0162858e-09)
(0.011993746 0 2.2881876e-09)
(0.011993747 0 2.5932346e-09)
(0.011993748 0 2.9374153e-09)
(0.011993749 0 3.3247193e-09)
(0.01199375 0 3.7624734e-09)
(0.011993751 0 4.2621747e-09)
(0.011993752 0 4.82908e-09)
(0.011993753 0 5.4665922e-09)
(0.011993755 0 6.1857374e-09)
(0.011993757 0 6.9958389e-09)
(0.011993759 0 7.9058707e-09)
(0.011993761 0 8.9335582e-09)
(0.011993764 0 1.0090739e-08)
(0.011993767 0 1.1387251e-08)
(0.01199377 0 1.2840449e-08)
(0.011993774 0 1.4462796e-08)
(0.011993778 0 1.6276525e-08)
(0.011993783 0 1.8294405e-08)
(0.011993788 0 2.0537172e-08)
(0.011993794 0 2.3020082e-08)
(0.011993801 0 2.5756687e-08)
(0.011993808 0 2.8763267e-08)
(0.011993816 0 3.205417e-08)
(0.011993826 0 3.5637717e-08)
(0.011993836 0 3.9518514e-08)
(0.011993848 0 4.3690327e-08)
(0.011993861 0 4.8139301e-08)
(0.011993875 0 5.2844827e-08)
(0.011993891 0 5.7775513e-08)
(0.011993908 0 6.2881401e-08)
(0.011993926 0 6.8093807e-08)
(0.011993947 0 7.3327174e-08)
(0.011993969 0 7.8484726e-08)
(0.011993992 0 8.3456293e-08)
(0.011994018 0 8.8140942e-08)
(0.011994043 0 9.2371696e-08)
(0.011994083 0 9.6194701e-08)
(0.0099959718 0 -0.00011175113)
(0.0099210023 0 -0.00033370623)
(0.0097716097 0 -0.00056497754)
(0.0095387193 0 -0.00081956459)
(0.0092153247 0 -0.0011132427)
(0.0087885677 0 -0.0014653783)
(0.0082391865 0 -0.0019009819)
(0.0075409653 0 -0.0024505888)
(0.0066571019 0 -0.0031378395)
(0.0055361913 0 -0.0039194562)
(0.0041365988 0 -0.0045117046)
(0.0028246416 0 -0.0040025309)
(1.4829947e-06 0 -1.4076304e-06)
(1.9830707e-05 0 8.0973858e-06)
(0.00017632424 0 8.8191121e-05)
(0.00054042642 0 7.7399668e-05)
(0.00052141771 0 -2.3986864e-05)
(0.0003455495 0 -5.287482e-05)
(1.2917007e-05 0 -2.5323378e-05)
(-8.3247607e-05 0 -0.00034335021)
(-0.00030763183 0 -0.00074536271)
(-0.00036033795 0 -0.00069801099)
(-0.00036321692 0 -0.0004259273)
(-0.00027237593 0 -4.5849072e-05)
(-6.0422573e-05 0 0.00036891616)
(0.00027742774 0 0.00076807775)
(0.00072959869 0 0.0011196277)
(0.0012760353 0 0.0014067207)
(0.0018935599 0 0.0016240872)
(0.0025594031 0 0.0017740212)
(0.0032530659 0 0.0018631731)
(0.003956993 0 0.0019001336)
(0.0046566765 0 0.0018939161)
(0.005340473 0 0.0018531156)
(0.005999304 0 0.0017855046)
(0.0066263298 0 0.0016978865)
(0.0072166324 0 0.0015960906)
(0.0077669267 0 0.0014850344)
(0.0082753033 0 0.0013688125)
(0.0087410019 0 0.0012507905)
(0.0091642107 0 0.0011336917)
(0.009545888 0 0.0010196761)
(0.0098876018 0 0.00091040924)
(0.010191386 0 0.00080712546)
(0.010459613 0 0.00071068507)
(0.010694876 0 0.00062162835)
(0.010899897 0 0.00054022597)
(0.011077439 0 0.00046652611)
(0.011230236 0 0.00040039768)
(0.011360944 0 0.00034156928)
(0.011472095 0 0.00028966372)
(0.011566066 0 0.00024422812)
(0.011645061 0 0.00020475978)
(0.011711098 0 0.00017072817)
(0.011766001 0 0.00014159343)
(0.011811403 0 0.00011682164)
(0.011848753 0 9.5897155e-05)
(0.01187932 0 7.8332145e-05)
(0.011904208 0 6.367356e-05)
(0.011924368 0 5.1507663e-05)
(0.011940613 0 4.1462394e-05)
(0.011953633 0 3.3207845e-05)
(0.011964007 0 2.645522e-05)
(0.011972223 0 2.0954636e-05)
(0.011978684 0 1.6492118e-05)
(0.011983727 0 1.2886111e-05)
(0.011987625 0 9.9837933e-06)
(0.011990607 0 7.6574073e-06)
(0.011992857 0 5.8007673e-06)
(0.011994526 0 4.3260495e-06)
(0.011995736 0 3.1609146e-06)
(0.011996586 0 2.2459824e-06)
(0.011997156 0 1.5326505e-06)
(0.01199751 0 9.8123241e-07)
(0.011997699 0 5.5938815e-07)
(0.011997764 0 2.4081934e-07)
(0.011997739 0 4.1855038e-09)
(0.011997647 0 -1.6774915e-07)
(0.011997509 0 -2.889346e-07)
(0.011997342 0 -3.7059587e-07)
(0.011997156 0 -4.217542e-07)
(0.01199696 0 -4.4963234e-07)
(0.011996763 0 -4.5998256e-07)
(0.011996568 0 -4.5736098e-07)
(0.011996379 0 -4.4536105e-07)
(0.011996199 0 -4.2680608e-07)
(0.011996029 0 -4.0389928e-07)
(0.01199587 0 -3.7833846e-07)
(0.011995723 0 -3.514098e-07)
(0.011995588 0 -3.2407187e-07)
(0.011995464 0 -2.9703074e-07)
(0.011995351 0 -2.7079966e-07)
(0.011995249 0 -2.4574026e-07)
(0.011995157 0 -2.2209008e-07)
(0.011995074 0 -1.9998607e-07)
(0.011995 0 -1.7948931e-07)
(0.011994933 0 -1.6060919e-07)
(0.011994874 0 -1.4332122e-07)
(0.011994821 0 -1.2757624e-07)
(0.011994774 0 -1.1330438e-07)
(0.011994733 0 -1.0041912e-07)
(0.011994696 0 -8.8824193e-08)
(0.011994664 0 -7.8421178e-08)
(0.011994636 0 -6.9114584e-08)
(0.01199461 0 -6.0812906e-08)
(0.011994588 0 -5.342754e-08)
(0.011994569 0 -4.6872325e-08)
(0.011994552 0 -4.1064837e-08)
(0.011994538 0 -3.5928413e-08)
(0.011994525 0 -3.139321e-08)
(0.011994513 0 -2.7395823e-08)
(0.011994504 0 -2.3878324e-08)
(0.011994495 0 -2.0787825e-08)
(0.011994488 0 -1.8076687e-08)
(0.011994481 0 -1.5702598e-08)
(0.011994476 0 -1.3627838e-08)
(0.011994471 0 -1.1817968e-08)
(0.011994467 0 -1.0240929e-08)
(0.011994463 0 -8.8672176e-09)
(0.01199446 0 -7.6708544e-09)
(0.011994457 0 -6.6300333e-09)
(0.011994455 0 -5.7265857e-09)
(0.011994453 0 -4.9444004e-09)
(0.011994451 0 -4.2679135e-09)
(0.011994449 0 -3.6817963e-09)
(0.011994448 0 -3.1720371e-09)
(0.011994447 0 -2.7274758e-09)
(0.011994446 0 -2.3404527e-09)
(0.011994445 0 -2.0058949e-09)
(0.011994445 0 -1.719377e-09)
(0.011994444 0 -1.475478e-09)
(0.011994443 0 -1.2675379e-09)
(0.011994443 0 -1.0888399e-09)
(0.011994443 0 -9.3416575e-10)
(0.011994442 0 -8.0044669e-10)
(0.011994442 0 -6.8601252e-10)
(0.011994442 0 -5.8909518e-10)
(0.011994442 0 -5.0685034e-10)
(0.011994441 0 -4.3570563e-10)
(0.011994441 0 -3.7270507e-10)
(0.011994441 0 -3.1666053e-10)
(0.011994441 0 -2.6806873e-10)
(0.011994441 0 -2.2779345e-10)
(0.011994441 0 -1.9556718e-10)
(0.011994441 0 -1.695007e-10)
(0.011994441 0 -1.4690312e-10)
(0.011994441 0 -1.2564714e-10)
(0.011994441 0 -1.05003e-10)
(0.011994441 0 -8.5499817e-11)
(0.011994441 0 -6.8237307e-11)
(0.011994441 0 -5.4285365e-11)
(0.011994441 0 -4.4313652e-11)
(0.011994441 0 -3.8171869e-11)
(0.011994441 0 -3.4423011e-11)
(0.011994441 0 -3.0449392e-11)
(0.011994441 0 -2.3679304e-11)
(0.011994441 0 -1.3367768e-11)
(0.011994441 0 -1.3315803e-12)
(0.011994441 0 9.4344495e-12)
(0.011994441 0 1.7308352e-11)
(0.011994441 0 2.3327223e-11)
(0.011994441 0 2.9788034e-11)
(0.011994441 0 3.7571425e-11)
(0.011994441 0 4.5146794e-11)
(0.011994441 0 5.0423847e-11)
(0.011994441 0 5.330325e-11)
(0.011994441 0 5.5891059e-11)
(0.011994441 0 6.014911e-11)
(0.011994441 0 6.58916e-11)
(0.011994441 0 7.1460739e-11)
(0.011994441 0 7.5836384e-11)
(0.011994441 0 7.9233564e-11)
(0.011994441 0 8.1795467e-11)
(0.011994441 0 8.2991608e-11)
(0.011994441 0 8.3067354e-11)
(0.011994441 0 8.408411e-11)
(0.011994441 0 8.7997806e-11)
(0.011994441 0 9.3890284e-11)
(0.011994441 0 9.8796076e-11)
(0.011994441 0 1.018089e-10)
(0.011994441 0 1.0576693e-10)
(0.011994441 0 1.1379424e-10)
(0.011994441 0 1.2576859e-10)
(0.011994441 0 1.3999113e-10)
(0.011994441 0 1.5679755e-10)
(0.011994441 0 1.7760701e-10)
(0.011994441 0 2.0127817e-10)
(0.011994442 0 2.2525945e-10)
(0.011994442 0 2.5056017e-10)
(0.011994442 0 2.8135885e-10)
(0.011994442 0 3.1878227e-10)
(0.011994442 0 3.5990977e-10)
(0.011994442 0 4.0456824e-10)
(0.011994442 0 4.5748614e-10)
(0.011994443 0 5.2121565e-10)
(0.011994443 0 5.9308973e-10)
(0.011994443 0 6.7200092e-10)
(0.011994443 0 7.6141762e-10)
(0.011994444 0 8.6359141e-10)
(0.011994444 0 9.787724e-10)
(0.011994445 0 1.1108294e-09)
(0.011994445 0 1.2644408e-09)
(0.011994446 0 1.4383982e-09)
(0.011994446 0 1.6310602e-09)
(0.011994447 0 1.8472844e-09)
(0.011994448 0 2.0927971e-09)
(0.011994449 0 2.3712762e-09)
(0.01199445 0 2.6894971e-09)
(0.011994451 0 3.0533214e-09)
(0.011994452 0 3.4629155e-09)
(0.011994454 0 3.9216456e-09)
(0.011994455 0 4.4391346e-09)
(0.011994457 0 5.0230496e-09)
(0.011994459 0 5.6810622e-09)
(0.011994462 0 6.424428e-09)
(0.011994464 0 7.2597418e-09)
(0.011994467 0 8.1936122e-09)
(0.011994471 0 9.240762e-09)
(0.011994475 0 1.0411232e-08)
(0.011994479 0 1.1719695e-08)
(0.011994484 0 1.3173744e-08)
(0.01199449 0 1.4784693e-08)
(0.011994496 0 1.656556e-08)
(0.011994503 0 1.8525497e-08)
(0.01199451 0 2.0679506e-08)
(0.011994519 0 2.3034639e-08)
(0.011994529 0 2.5592592e-08)
(0.011994539 0 2.8354431e-08)
(0.011994551 0 3.1316468e-08)
(0.011994564 0 3.4470801e-08)
(0.011994579 0 3.7802552e-08)
(0.011994594 0 4.1285554e-08)
(0.011994612 0 4.4879503e-08)
(0.011994631 0 4.8535063e-08)
(0.011994651 0 5.2195846e-08)
(0.011994673 0 5.5799201e-08)
(0.011994696 0 5.926958e-08)
(0.011994721 0 6.253418e-08)
(0.011994746 0 6.5476984e-08)
(0.011994785 0 6.813237e-08)
(0.0099952723 0 -7.018698e-05)
(0.0099085614 0 -0.00020948859)
(0.0097359546 0 -0.00035476836)
(0.0094663684 0 -0.00051514349)
(0.0090902311 0 -0.0007009388)
(0.0085899373 0 -0.00092486867)
(0.0079383098 0 -0.0012031979)
(0.007096713 0 -0.0015547576)
(0.0060130727 0 -0.0019895198)
(0.0046151705 0 -0.0024621985)
(0.0027702065 0 -0.0027736548)
(0.00031494846 0 -0.002486097)
(5.3986733e-13 0 -3.384506e-13)
(8.1613518e-13 0 -1.6598653e-13)
(2.6220414e-13 0 -1.37083e-13)
(9.8448808e-14 0 -7.2987446e-14)
(5.9741136e-14 0 -4.2012766e-14)
(-1.8186331e-15 0 -4.8698739e-14)
(-3.1427218e-08 0 -4.7534136e-08)
(-1.6843328e-05 0 -5.6593428e-05)
(-0.0003098561 0 -0.00052366852)
(-0.00059790753 0 -0.00053483441)
(-0.00081120496 0 -0.00036100238)
(-0.00088781493 0 -0.00011157253)
(-0.00080447104 0 0.00015872357)
(-0.00056035452 0 0.00041742751)
(-0.0001692111 0 0.00064534448)
(0.00034610149 0 0.00083245621)
(0.00095861129 0 0.00097552051)
(0.0016410912 0 0.0010758003)
(0.0023684326 0 0.0011372726)
(0.0031186251 0 0.0011652392)
(0.0038731578 0 0.0011653605)
(0.0046169863 0 0.0011430969)
(0.0053382664 0 0.0011034237)
(0.0060279896 0 0.0010507151)
(0.0066795994 0 0.00098872697)
(0.0072886236 0 0.00092062888)
(0.0078523379 0 0.00084905776)
(0.0083694658 0 0.00077617696)
(0.0088399133 0 0.00070373308)
(0.0092645361 0 0.00063310784)
(0.0096449335 0 0.00056536458)
(0.0099832685 0 0.00050129019)
(0.010282111 0 0.00044143334)
(0.010544299 0 0.00038613979)
(0.010772829 0 0.00033558511)
(0.010970752 0 0.0002898048)
(0.011141099 0 0.00024872167)
(0.011286818 0 0.00021217035)
(0.011410726 0 0.00017991892)
(0.011515472 0 0.00015168774)
(0.011603514 0 0.00012716561)
(0.011677105 0 0.00010602349)
(0.011738283 0 8.7926087e-05)
(0.011788874 0 7.2541479e-05)
(0.011830495 0 5.9548878e-05)
(0.011864567 0 4.8644663e-05)
(0.01189232 0 3.9546787e-05)
(0.011914817 0 3.1997659e-05)
(0.011932964 0 2.5765651e-05)
(0.011947529 0 2.0645424e-05)
(0.011959158 0 1.6457295e-05)
(0.01196839 0 1.3045867e-05)
(0.011975675 0 1.0278145e-05)
(0.011981383 0 8.0413509e-06)
(0.011985821 0 6.2406112e-06)
(0.011989238 0 4.7966633e-06)
(0.011991839 0 3.6436702e-06)
(0.011993791 0 2.7272108e-06)
(0.011995229 0 2.0024829e-06)
(0.011996263 0 1.4327275e-06)
(0.01199698 0 9.8786874e-07)
(0.011997451 0 6.4335301e-07)
(0.011997734 0 3.7917518e-07)
(0.011997874 0 1.7907208e-07)
(0.011997907 0 2.985763e-08)
(0.011997862 0 -7.9160953e-08)
(0.011997761 0 -1.5658008e-07)
(0.011997621 0 -2.0935417e-07)
(0.011997456 0 -2.4307578e-07)
(0.011997277 0 -2.6222049e-07)
(0.011997092 0 -2.7035121e-07)
(0.011996906 0 -2.7029295e-07)
(0.011996723 0 -2.642805e-07)
(0.011996547 0 -2.5407549e-07)
(0.01199638 0 -2.4105372e-07)
(0.011996223 0 -2.2627293e-07)
(0.011996076 0 -2.1053336e-07)
(0.011995941 0 -1.9443499e-07)
(0.011995817 0 -1.7842657e-07)
(0.011995703 0 -1.6283986e-07)
(0.0119956 0 -1.4791003e-07)
(0.011995507 0 -1.3379012e-07)
(0.011995422 0 -1.2056756e-07)
(0.011995347 0 -1.0828364e-07)
(0.011995279 0 -9.6950594e-08)
(0.011995218 0 -8.6561148e-08)
(0.011995164 0 -7.7091241e-08)
(0.011995117 0 -6.850092e-08)
(0.011995074 0 -6.073812e-08)
(0.011995036 0 -5.374534e-08)
(0.011995003 0 -4.7465641e-08)
(0.011994974 0 -4.1844827e-08)
(0.011994948 0 -3.6830136e-08)
(0.011994925 0 -3.2368448e-08)
(0.011994905 0 -2.8406594e-08)
(0.011994888 0 -2.4893744e-08)
(0.011994872 0 -2.1783802e-08)
(0.011994859 0 -1.9035983e-08)
(0.011994847 0 -1.6613591e-08)
(0.011994837 0 -1.4482505e-08)
(0.011994828 0 -1.2610704e-08)
(0.011994821 0 -1.0968853e-08)
(0.011994814 0 -9.5309206e-09)
(0.011994808 0 -8.2739727e-09)
(0.011994803 0 -7.1772637e-09)
(0.011994799 0 -6.2214891e-09)
(0.011994795 0 -5.3888424e-09)
(0.011994792 0 -4.6636602e-09)
(0.011994789 0 -4.0328198e-09)
(0.011994786 0 -3.4852813e-09)
(0.011994784 0 -3.0109957e-09)
(0.011994782 0 -2.6000583e-09)
(0.011994781 0 -2.2428426e-09)
(0.011994779 0 -1.9310259e-09)
(0.011994778 0 -1.6586207e-09)
(0.011994777 0 -1.4220345e-09)
(0.011994776 0 -1.2189188e-09)
(0.011994776 0 -1.0465362e-09)
(0.011994775 0 -9.0079556e-10)
(0.011994775 0 -7.766252e-10)
(0.011994774 0 -6.6933364e-10)
(0.011994774 0 -5.7585585e-10)
(0.011994773 0 -4.9489856e-10)
(0.011994773 0 -4.259004e-10)
(0.011994773 0 -3.6769447e-10)
(0.011994773 0 -3.1800617e-10)
(0.011994772 0 -2.742073e-10)
(0.011994772 0 -2.3465915e-10)
(0.011994772 0 -1.994377e-10)
(0.011994772 0 -1.6973231e-10)
(0.011994772 0 -1.4634927e-10)
(0.011994772 0 -1.2854243e-10)
(0.011994772 0 -1.1411867e-10)
(0.011994772 0 -1.00676e-10)
(0.011994772 0 -8.6916896e-11)
(0.011994772 0 -7.3048728e-11)
(0.011994772 0 -6.0193e-11)
(0.011994772 0 -4.9526913e-11)
(0.011994772 0 -4.1810976e-11)
(0.011994772 0 -3.7256435e-11)
(0.011994772 0 -3.5308915e-11)
(0.011994772 0 -3.4365613e-11)
(0.011994772 0 -3.2066672e-11)
(0.011994772 0 -2.6552061e-11)
(0.011994772 0 -1.7919537e-11)
(0.011994772 0 -8.377029e-12)
(0.011994772 0 -5.122606e-13)
(0.011994772 0 4.901924e-12)
(0.011994772 0 9.3222042e-12)
(0.011994772 0 1.4515458e-11)
(0.011994772 0 2.0392651e-11)
(0.011994772 0 2.5154595e-11)
(0.011994772 0 2.7681135e-11)
(0.011994772 0 2.9282932e-11)
(0.011994772 0 3.2513299e-11)
(0.011994772 0 3.8316599e-11)
(0.011994772 0 4.4956118e-11)
(0.011994772 0 4.9974718e-11)
(0.011994772 0 5.2614979e-11)
(0.011994772 0 5.3799117e-11)
(0.011994772 0 5.4365e-11)
(0.011994772 0 5.4524641e-11)
(0.011994772 0 5.5041931e-11)
(0.011994772 0 5.7349277e-11)
(0.011994772 0 6.141259e-11)
(0.011994772 0 6.4615729e-11)
(0.011994772 0 6.459899e-11)
(0.011994772 0 6.2934227e-11)
(0.011994772 0 6.3998753e-11)
(0.011994772 0 6.9866221e-11)
(0.011994772 0 7.8403221e-11)
(0.011994772 0 8.7219635e-11)
(0.011994772 0 9.6918716e-11)
(0.011994772 0 1.0855828e-10)
(0.011994773 0 1.2062039e-10)
(0.011994773 0 1.3180181e-10)
(0.011994773 0 1.4467383e-10)
(0.011994773 0 1.6237887e-10)
(0.011994773 0 1.8341466e-10)
(0.011994773 0 2.0469993e-10)
(0.011994773 0 2.2823062e-10)
(0.011994773 0 2.5867513e-10)
(0.011994774 0 2.9584104e-10)
(0.011994774 0 3.3635909e-10)
(0.011994774 0 3.8104213e-10)
(0.011994774 0 4.3331073e-10)
(0.011994775 0 4.9337101e-10)
(0.011994775 0 5.6127163e-10)
(0.011994776 0 6.4046263e-10)
(0.011994776 0 7.3178887e-10)
(0.011994777 0 8.3209496e-10)
(0.011994777 0 9.4294173e-10)
(0.011994778 0 1.0704138e-09)
(0.011994779 0 1.2173917e-09)
(0.01199478 0 1.386075e-09)
(0.011994781 0 1.5798529e-09)
(0.011994782 0 1.797806e-09)
(0.011994784 0 2.0400564e-09)
(0.011994785 0 2.3131262e-09)
(0.011994787 0 2.6230805e-09)
(0.011994789 0 2.97551e-09)
(0.011994791 0 3.3748042e-09)
(0.011994793 0 3.8226697e-09)
(0.011994796 0 4.3255245e-09)
(0.011994799 0 4.888099e-09)
(0.011994803 0 5.5168953e-09)
(0.011994807 0 6.2269142e-09)
(0.011994811 0 7.0150395e-09)
(0.011994816 0 7.8906267e-09)
(0.011994822 0 8.8576831e-09)
(0.011994828 0 9.9264977e-09)
(0.011994835 0 1.1104283e-08)
(0.011994843 0 1.2399029e-08)
(0.011994852 0 1.3810639e-08)
(0.011994862 0 1.5338394e-08)
(0.011994873 0 1.6985469e-08)
(0.011994885 0 1.8752488e-08)
(0.011994898 0 2.0633965e-08)
(0.011994912 0 2.2617188e-08)
(0.011994928 0 2.4682819e-08)
(0.011994946 0 2.6806875e-08)
(0.011994965 0 2.8964542e-08)
(0.011994985 0 3.1125864e-08)
(0.011995007 0 3.325211e-08)
(0.01199503 0 3.5293463e-08)
(0.011995055 0 3.7205868e-08)
(0.011995079 0 3.8927041e-08)
(0.011995118 0 4.0482102e-08)
(0.0099948961 0 -2.3938455e-05)
(0.0099019165 0 -7.1430798e-05)
(0.009716939 0 -0.00012098127)
(0.009427824 0 -0.00017575073)
(0.0090236953 0 -0.00023931508)
(0.0084846999 0 -0.0003160441)
(0.0077805062 0 -0.00041136696)
(0.0068693393 0 -0.00053095944)
(0.0057011621 0 -0.00067561614)
(0.0042269789 0 -0.00082405356)
(0.0023906278 0 -0.0009007783)
(0.00017478581 0 -0.00076559579)
(3.4761957e-13 0 3.6559271e-14)
(6.407697e-13 0 -1.6375413e-13)
(3.5916e-13 0 -1.2662479e-13)
(1.704885e-13 0 -6.4241037e-14)
(6.2837363e-14 0 -4.3844005e-14)
(9.2915634e-15 0 -5.0686505e-14)
(2.3046427e-07 0 -3.7266602e-06)
(4.3917018e-06 0 -8.4389209e-05)
(-0.00023776808 0 -0.00019693357)
(-0.00066011666 0 -0.00019976178)
(-0.00099861201 0 -0.00013961636)
(-0.0011751918 0 -5.2602274e-05)
(-0.0011675875 0 4.1371185e-05)
(-0.00097796393 0 0.00013107967)
(-0.00062269202 0 0.00021009302)
(-0.00012691583 0 0.0002750875)
(0.00048013878 0 0.00032499002)
(0.0011688388 0 0.00036023342)
(0.0019116549 0 0.00038214019)
(0.0026842803 0 0.00039250183)
(0.0034661084 0 0.00039324711)
(0.004240286 0 0.00038624647)
(0.0049934733 0 0.00037321029)
(0.0057154733 0 0.00035564629)
(0.0063988203 0 0.00033485085)
(0.0070383746 0 0.00031191858)
(0.0076309462 0 0.00028776001)
(0.0081749563 0 0.0002631217)
(0.0086701379 0 0.00023860583)
(0.0091172732 0 0.00021468834)
(0.0095179636 0 0.00019173524)
(0.0098744299 0 0.00017001731)
(0.010189338 0 0.00014972347)
(0.010465653 0 0.00013097303)
(0.010706511 0 0.00011382706)
(0.010915114 0 9.829871e-05)
(0.011094651 0 8.4362595e-05)
(0.011248223 0 7.1963215e-05)
(0.011378798 0 6.1022336e-05)
(0.01148917 0 5.1445396e-05)
(0.01158193 0 4.3126994e-05)
(0.011659455 0 3.5955578e-05)
(0.011723898 0 2.9817408e-05)
(0.011777185 0 2.4599838e-05)
(0.011821023 0 2.019397e-05)
(0.011856911 0 1.6496712e-05)
(0.011886148 0 1.3412289e-05)
(0.011909854 0 1.0853226e-05)
(0.011928984 0 8.7408646e-06)
(0.011944346 0 7.0054895e-06)
(0.011956621 0 5.5861088e-06)
(0.011966377 0 4.4299874e-06)
(0.011974086 0 3.4920017e-06)
(0.011980137 0 2.7338971e-06)
(0.011984851 0 2.1235061e-06)
(0.011988492 0 1.6339644e-06)
(0.011991274 0 1.2429635e-06)
(0.011993372 0 9.3206557e-07)
(0.011994927 0 6.8609556e-07)
(0.011996055 0 4.9260824e-07)
(0.011996848 0 3.4142422e-07)
(0.01199738 0 2.2423256e-07)
(0.011997711 0 1.3426023e-07)
(0.01199789 0 6.6002328e-08)
(0.011997953 0 1.4998805e-08)
(0.011997931 0 -2.2363065e-08)
(0.011997849 0 -4.899358e-08)
(0.011997724 0 -6.7249789e-08)
(0.01199757 0 -7.9029035e-08)
(0.0119974 0 -8.5846506e-08)
(0.01199722 0 -8.8905455e-08)
(0.011997039 0 -8.9161151e-08)
(0.01199686 0 -8.7373926e-08)
(0.011996686 0 -8.4146206e-08)
(0.01199652 0 -7.9946701e-08)
(0.011996364 0 -7.5131322e-08)
(0.011996218 0 -6.9967362e-08)
(0.011996083 0 -6.465843e-08)
(0.011995958 0 -5.9362546e-08)
(0.011995844 0 -5.4199669e-08)
(0.011995741 0 -4.9253082e-08)
(0.011995647 0 -4.4572711e-08)
(0.011995562 0 -4.0184191e-08)
(0.011995485 0 -3.61002e-08)
(0.011995417 0 -3.232772e-08)
(0.011995356 0 -2.8868588e-08)
(0.011995301 0 -2.571668e-08)
(0.011995253 0 -2.2857169e-08)
(0.01199521 0 -2.0270102e-08)
(0.011995171 0 -1.7935738e-08)
(0.011995138 0 -1.583741e-08)
(0.011995108 0 -1.3960283e-08)
(0.011995082 0 -1.2288187e-08)
(0.011995059 0 -1.0802057e-08)
(0.011995038 0 -9.4815108e-09)
(0.011995021 0 -8.3080199e-09)
(0.011995005 0 -7.2668934e-09)
(0.011994991 0 -6.3466753e-09)
(0.01199498 0 -5.5369307e-09)
(0.011994969 0 -4.8265404e-09)
(0.01199496 0 -4.2037636e-09)
(0.011994952 0 -3.6575837e-09)
(0.011994945 0 -3.178865e-09)
(0.01199494 0 -2.7603294e-09)
(0.011994934 0 -2.395601e-09)
(0.01199493 0 -2.0783425e-09)
(0.011994926 0 -1.8022221e-09)
(0.011994923 0 -1.5615429e-09)
(0.01199492 0 -1.3517578e-09)
(0.011994917 0 -1.1692967e-09)
(0.011994915 0 -1.0108802e-09)
(0.011994913 0 -8.7302102e-10)
(0.011994912 0 -7.5225077e-10)
(0.01199491 0 -6.4591259e-10)
(0.011994909 0 -5.5277346e-10)
(0.011994908 0 -4.7278098e-10)
(0.011994907 0 -4.0598467e-10)
(0.011994906 0 -3.5136739e-10)
(0.011994906 0 -3.0649007e-10)
(0.011994905 0 -2.6826478e-10)
(0.011994905 0 -2.3429264e-10)
(0.011994904 0 -2.0373705e-10)
(0.011994904 0 -1.770513e-10)
(0.011994904 0 -1.5479599e-10)
(0.011994903 0 -1.3653561e-10)
(0.011994903 0 -1.2075075e-10)
(0.011994903 0 -1.0584485e-10)
(0.011994903 0 -9.1366182e-11)
(0.011994903 0 -7.8338581e-11)
(0.011994903 0 -6.8336565e-11)
(0.011994903 0 -6.2040266e-11)
(0.011994903 0 -5.8485431e-11)
(0.011994902 0 -5.5631711e-11)
(0.011994902 0 -5.1736453e-11)
(0.011994902 0 -4.6377846e-11)
(0.011994902 0 -4.0395898e-11)
(0.011994902 0 -3.5049413e-11)
(0.011994902 0 -3.1268483e-11)
(0.011994902 0 -2.948216e-11)
(0.011994902 0 -2.9698406e-11)
(0.011994902 0 -3.1325551e-11)
(0.011994902 0 -3.288601e-11)
(0.011994902 0 -3.2367403e-11)
(0.011994902 0 -2.8485439e-11)
(0.011994902 0 -2.1902167e-11)
(0.011994902 0 -1.4978666e-11)
(0.011994902 0 -9.9041366e-12)
(0.011994902 0 -6.9079138e-12)
(0.011994902 0 -4.4720602e-12)
(0.011994902 0 -1.3624508e-12)
(0.011994902 0 1.8971058e-12)
(0.011994902 0 3.9636357e-12)
(0.011994902 0 4.9131553e-12)
(0.011994902 0 6.8055925e-12)
(0.011994902 0 1.1497073e-11)
(0.011994902 0 1.8210172e-11)
(0.011994902 0 2.3998766e-11)
(0.011994902 0 2.6727312e-11)
(0.011994902 0 2.6966998e-11)
(0.011994902 0 2.6710269e-11)
(0.011994903 0 2.704578e-11)
(0.011994903 0 2.7908578e-11)
(0.011994903 0 2.9392511e-11)
(0.011994903 0 3.1654239e-11)
(0.011994903 0 3.3338714e-11)
(0.011994903 0 3.2016041e-11)
(0.011994903 0 2.7552972e-11)
(0.011994903 0 2.3701572e-11)
(0.011994903 0 2.4287428e-11)
(0.011994903 0 2.8452471e-11)
(0.011994903 0 3.1981478e-11)
(0.011994903 0 3.3042143e-11)
(0.011994903 0 3.3668757e-11)
(0.011994903 0 3.5257412e-11)
(0.011994903 0 3.6362133e-11)
(0.011994903 0 3.6497964e-11)
(0.011994903 0 3.8055913e-11)
(0.011994903 0 4.1758812e-11)
(0.011994904 0 4.4425897e-11)
(0.011994904 0 4.4838926e-11)
(0.011994904 0 4.7314462e-11)
(0.011994904 0 5.5110963e-11)
(0.011994904 0 6.5297146e-11)
(0.011994905 0 7.4829771e-11)
(0.011994905 0 8.5744135e-11)
(0.011994905 0 9.9851635e-11)
(0.011994905 0 1.1565794e-10)
(0.011994906 0 1.3382348e-10)
(0.011994906 0 1.5675764e-10)
(0.011994907 0 1.8239518e-10)
(0.011994907 0 2.0868021e-10)
(0.011994908 0 2.4012222e-10)
(0.011994909 0 2.8020176e-10)
(0.01199491 0 3.27016e-10)
(0.011994911 0 3.8103093e-10)
(0.011994912 0 4.4262512e-10)
(0.011994913 0 5.0804582e-10)
(0.011994914 0 5.8067441e-10)
(0.011994916 0 6.6794648e-10)
(0.011994918 0 7.6926091e-10)
(0.01199492 0 8.8593241e-10)
(0.011994922 0 1.0190427e-09)
(0.011994924 0 1.164655e-09)
(0.011994927 0 1.3283753e-09)
(0.01199493 0 1.5144772e-09)
(0.011994934 0 1.7220601e-09)
(0.011994938 0 1.9587815e-09)
(0.011994942 0 2.219688e-09)
(0.011994948 0 2.5078326e-09)
(0.011994953 0 2.8281276e-09)
(0.01199496 0 3.1825855e-09)
(0.011994967 0 3.573084e-09)
(0.011994975 0 4.0001657e-09)
(0.011994984 0 4.4626423e-09)
(0.011994993 0 4.9616913e-09)
(0.011995004 0 5.5018302e-09)
(0.011995016 0 6.0832952e-09)
(0.01199503 0 6.6999932e-09)
(0.011995044 0 7.3447014e-09)
(0.01199506 0 8.0125025e-09)
(0.011995078 0 8.6995527e-09)
(0.011995097 0 9.4002793e-09)
(0.011995117 0 1.0101886e-08)
(0.011995139 0 1.0786587e-08)
(0.011995162 0 1.1436525e-08)
(0.011995187 0 1.2042437e-08)
(0.011995211 0 1.2588847e-08)
(0.01199525 0 1.308102e-08)
(0.0099948961 0 2.3942113e-05)
(0.0099019167 0 7.1442337e-05)
(0.0097169394 0 0.00012100141)
(0.0094278247 0 0.00017578044)
(0.0090236965 0 0.00023935533)
(0.0084847018 0 0.00031609591)
(0.0077805088 0 0.0004114312)
(0.0068693427 0 0.00053103695)
(0.0057011661 0 0.00067570744)
(0.0042269831 0 0.0008241573)
(0.0023906309 0 0.00090088759)
(0.00017478615 0 0.00076569138)
(3.4762186e-13 0 -3.6556744e-14)
(6.407719e-13 0 1.6376718e-13)
(3.5915934e-13 0 1.2663483e-13)
(1.704875e-13 0 6.4248889e-14)
(6.2835738e-14 0 4.3850323e-14)
(9.2904601e-15 0 5.069054e-14)
(2.3044177e-07 0 3.7269384e-06)
(4.3920839e-06 0 8.439783e-05)
(-0.00023776467 0 0.00019696741)
(-0.00066011086 0 0.00019979634)
(-0.00099860281 0 0.00013963523)
(-0.0011751792 0 5.2597633e-05)
(-0.0011675719 0 -4.1401034e-05)
(-0.00097794589 0 -0.00013113226)
(-0.00062267208 0 -0.00021016352)
(-0.00012689471 0 -0.00027517018)
(0.00048016041 0 -0.00032507924)
(0.0011688604 0 -0.00036032409)
(0.001911676 0 -0.00038222809)
(0.0026843004 0 -0.00039258377)
(0.0034661273 0 -0.00039332085)
(0.0042403035 0 -0.0003863107)
(0.0049934892 0 -0.00037326451)
(0.0057154876 0 -0.00035569061)
(0.0063988329 0 -0.0003348859)
(0.0070383857 0 -0.00031194532)
(0.0076309558 0 -0.00028777956)
(0.0081749644 0 -0.00026313522)
(0.0086701447 0 -0.00023861446)
(0.0091172788 0 -0.00021469314)
(0.0095179682 0 -0.00019173711)
(0.0098744335 0 -0.00017001698)
(0.010189341 0 -0.0001497215)
(0.010465655 0 -0.00013096984)
(0.010706512 0 -0.00011382295)
(0.010915115 0 -9.8293898e-05)
(0.011094651 0 -8.4357275e-05)
(0.011248224 0 -7.1957537e-05)
(0.011378799 0 -6.1016407e-05)
(0.01148917 0 -5.1439293e-05)
(0.01158193 0 -4.3120792e-05)
(0.011659455 0 -3.5949363e-05)
(0.011723898 0 -2.9811268e-05)
(0.011777184 0 -2.4593849e-05)
(0.011821023 0 -2.0188189e-05)
(0.011856911 0 -1.6491183e-05)
(0.011886148 0 -1.340704e-05)
(0.011909854 0 -1.0848277e-05)
(0.011928984 0 -8.7362292e-06)
(0.011944346 0 -7.0011683e-06)
(0.011956621 0 -5.582091e-06)
(0.011966377 0 -4.4262573e-06)
(0.011974085 0 -3.4885464e-06)
(0.011980137 0 -2.7307043e-06)
(0.011984851 0 -2.1205565e-06)
(0.011988492 0 -1.6312324e-06)
(0.011991274 0 -1.2404264e-06)
(0.011993372 0 -9.2971072e-07)
(0.011994927 0 -6.8391603e-07)
(0.011996055 0 -4.9059285e-07)
(0.011996847 0 -3.3955547e-07)
(0.01199738 0 -2.2249559e-07)
(0.011997711 0 -1.3265088e-07)
(0.011997889 0 -6.4522927e-08)
(0.011997953 0 -1.3645808e-08)
(0.011997931 0 2.3606181e-08)
(0.011997849 0 5.0144819e-08)
(0.011997724 0 6.831811e-08)
(0.01199757 0 8.0013259e-08)
(0.0119974 0 8.6745788e-08)
(0.01199722 0 8.9728689e-08)
(0.011997039 0 8.9923802e-08)
(0.01199686 0 8.8086167e-08)
(0.011996686 0 8.4806685e-08)
(0.01199652 0 8.0549709e-08)
(0.011996364 0 7.5679618e-08)
(0.011996218 0 7.0476208e-08)
(0.011996083 0 6.5145787e-08)
(0.011995958 0 5.9835173e-08)
(0.011995844 0 5.4649078e-08)
(0.011995741 0 4.9665091e-08)
(0.011995647 0 4.4940905e-08)
(0.011995562 0 4.0514676e-08)
(0.011995485 0 3.6404537e-08)
(0.011995417 0 3.261239e-08)
(0.011995356 0 2.9131473e-08)
(0.011995301 0 2.5952898e-08)
(0.011995253 0 2.3067234e-08)
(0.01199521 0 2.0461909e-08)
(0.011995171 0 1.811875e-08)
(0.011995138 0 1.6015139e-08)
(0.011995108 0 1.4128319e-08)
(0.011995082 0 1.2439311e-08)
(0.011995059 0 1.0933416e-08)
(0.011995038 0 9.5974597e-09)
(0.011995021 0 8.4166575e-09)
(0.011995005 0 7.3738902e-09)
(0.011994991 0 6.4517531e-09)
(0.01199498 0 5.6353689e-09)
(0.011994969 0 4.913613e-09)
(0.01199496 0 4.2780559e-09)
(0.011994952 0 3.7208679e-09)
(0.011994945 0 3.2335122e-09)
(0.01199494 0 2.8070476e-09)
(0.011994934 0 2.4333866e-09)
(0.01199493 0 2.1062088e-09)
(0.011994926 0 1.8207871e-09)
(0.011994923 0 1.5730461e-09)
(0.01199492 0 1.3587683e-09)
(0.011994917 0 1.1735554e-09)
(0.011994915 0 1.0133683e-09)
(0.011994913 0 8.7495621e-10)
(0.011994912 0 7.5568937e-10)
(0.01199491 0 6.5295358e-10)
(0.011994909 0 5.6374196e-10)
(0.011994908 0 4.849374e-10)
(0.011994907 0 4.1415659e-10)
(0.011994906 0 3.50465e-10)
(0.011994906 0 2.9427899e-10)
(0.011994905 0 2.463825e-10)
(0.011994905 0 2.0672436e-10)
(0.011994904 0 1.739086e-10)
(0.011994904 0 1.4578952e-10)
(0.011994904 0 1.2070002e-10)
(0.011994903 0 9.8300777e-11)
(0.011994903 0 7.9324221e-11)
(0.011994903 0 6.4408449e-11)
(0.011994903 0 5.3017307e-11)
(0.011994903 0 4.3406854e-11)
(0.011994903 0 3.3710158e-11)
(0.011994903 0 2.322779e-11)
(0.011994903 0 1.2814295e-11)
(0.011994902 0 4.044665e-12)
(0.011994902 0 -2.0851783e-12)
(0.011994902 0 -5.8254921e-12)
(0.011994902 0 -8.2927615e-12)
(0.011994902 0 -1.0615791e-11)
(0.011994902 0 -1.3459794e-11)
(0.011994902 0 -1.7126528e-11)
(0.011994902 0 -2.1677619e-11)
(0.011994902 0 -2.663218e-11)
(0.011994902 0 -3.0637912e-11)
(0.011994902 0 -3.1953008e-11)
(0.011994902 0 -2.9799953e-11)
(0.011994902 0 -2.5383022e-11)
(0.011994902 0 -2.1250712e-11)
(0.011994902 0 -1.9276406e-11)
(0.011994902 0 -1.9211768e-11)
(0.011994902 0 -1.9382172e-11)
(0.011994902 0 -1.8726555e-11)
(0.011994902 0 -1.7737306e-11)
(0.011994902 0 -1.7168126e-11)
(0.011994902 0 -1.6303433e-11)
(0.011994902 0 -1.3366841e-11)
(0.011994902 0 -7.9090807e-12)
(0.011994902 0 -2.096691e-12)
(0.011994902 0 1.1634768e-12)
(0.011994902 0 1.2559172e-12)
(0.011994902 0 2.9294643e-13)
(0.011994902 0 4.789204e-13)
(0.011994903 0 1.9191858e-12)
(0.011994903 0 3.4274394e-12)
(0.011994903 0 4.3740474e-12)
(0.011994903 0 4.4920227e-12)
(0.011994903 0 2.6244855e-12)
(0.011994903 0 -2.2295012e-12)
(0.011994903 0 -8.3141301e-12)
(0.011994903 0 -1.1830429e-11)
(0.011994903 0 -1.1696095e-11)
(0.011994903 0 -1.1770514e-11)
(0.011994903 0 -1.6226231e-11)
(0.011994903 0 -2.4210997e-11)
(0.011994903 0 -3.1884002e-11)
(0.011994903 0 -3.8471794e-11)
(0.011994903 0 -4.6540993e-11)
(0.011994903 0 -5.6977369e-11)
(0.011994903 0 -6.8398702e-11)
(0.011994903 0 -8.1539778e-11)
(0.011994904 0 -9.8639617e-11)
(0.011994904 0 -1.1778528e-10)
(0.011994904 0 -1.3420501e-10)
(0.011994904 0 -1.4830977e-10)
(0.011994904 0 -1.6556051e-10)
(0.011994905 0 -1.8769055e-10)
(0.011994905 0 -2.118074e-10)
(0.011994905 0 -2.3759671e-10)
(0.011994905 0 -2.6677239e-10)
(0.011994906 0 -2.9806697e-10)
(0.011994906 0 -3.3135619e-10)
(0.011994907 0 -3.7067243e-10)
(0.011994907 0 -4.1619997e-10)
(0.011994908 0 -4.6351976e-10)
(0.011994909 0 -5.1374153e-10)
(0.01199491 0 -5.7143168e-10)
(0.011994911 0 -6.3650538e-10)
(0.011994912 0 -7.0979885e-10)
(0.011994913 0 -7.9439409e-10)
(0.011994914 0 -8.8695396e-10)
(0.011994916 0 -9.8486159e-10)
(0.011994918 0 -1.094029e-09)
(0.01199492 0 -1.2178033e-09)
(0.011994922 0 -1.35769e-09)
(0.011994924 0 -1.5156788e-09)
(0.011994927 0 -1.6889326e-09)
(0.01199493 0 -1.8826841e-09)
(0.011994934 0 -2.0960991e-09)
(0.011994938 0 -2.3364124e-09)
(0.011994942 0 -2.6050142e-09)
(0.011994948 0 -2.9032655e-09)
(0.011994953 0 -3.2309941e-09)
(0.01199496 0 -3.5946116e-09)
(0.011994967 0 -3.996939e-09)
(0.011994975 0 -4.4404566e-09)
(0.011994984 0 -4.9250187e-09)
(0.011994993 0 -5.4501087e-09)
(0.011995004 0 -6.0146702e-09)
(0.011995016 0 -6.6204926e-09)
(0.01199503 0 -7.2699611e-09)
(0.011995044 0 -7.9584983e-09)
(0.01199506 0 -8.6751495e-09)
(0.011995078 0 -9.4097428e-09)
(0.011995097 0 -1.0156302e-08)
(0.011995117 0 -1.0910065e-08)
(0.011995139 0 -1.1658169e-08)
(0.011995162 0 -1.237976e-08)
(0.011995187 0 -1.3057157e-08)
(0.011995211 0 -1.3673519e-08)
(0.01199525 0 -1.4241268e-08)
(0.0099952724 0 7.0190498e-05)
(0.0099085618 0 0.00020949979)
(0.0097359557 0 0.00035478789)
(0.0094663705 0 0.00051517235)
(0.0090902348 0 0.00070097801)
(0.0085899428 0 0.00092491909)
(0.0079383176 0 0.0012032605)
(0.0070967234 0 0.0015548336)
(0.0060130855 0 0.0019896102)
(0.0046151844 0 0.002462303)
(0.0027702175 0 0.0027737679)
(0.00031495073 0 0.0024861989)
(5.3987542e-13 0 3.3845862e-13)
(8.161422e-13 0 1.6599443e-13)
(2.6219966e-13 0 1.3708832e-13)
(9.8446237e-14 0 7.2991252e-14)
(5.9738794e-14 0 4.2015844e-14)
(-1.8215715e-15 0 4.8702695e-14)
(-3.1428622e-08 0 4.753545e-08)
(-1.6843521e-05 0 5.6593845e-05)
(-0.00030984999 0 0.00052369714)
(-0.00059789112 0 0.00053486228)
(-0.00081117831 0 0.00036101464)
(-0.00088777906 0 0.00011156187)
(-0.00080442661 0 -0.00015875874)
(-0.00056030257 0 -0.00041748444)
(-0.00016915338 0 -0.00064541813)
(0.00034616296 0 -0.00083254075)
(0.00095867453 0 -0.00097561031)
(0.0016411544 0 -0.0010758904)
(0.0023684942 0 -0.0011373591)
(0.0031186839 0 -0.001165319)
(0.0038732128 0 -0.0011654316)
(0.0046170371 0 -0.0011431582)
(0.0053383126 0 -0.0011034747)
(0.006028031 0 -0.0010507562)
(0.006679636 0 -0.00098875878)
(0.0072886556 0 -0.00092065246)
(0.0078523655 0 -0.00084907431)
(0.0083694892 0 -0.0007761877)
(0.0088399329 0 -0.0007037392)
(0.0092645522 0 -0.0006331104)
(0.0096449465 0 -0.00056536448)
(0.0099832788 0 -0.00050128814)
(0.010282119 0 -0.00044142989)
(0.010544305 0 -0.00038613535)
(0.010772833 0 -0.00033557999)
(0.010970755 0 -0.00028979922)
(0.011141101 0 -0.00024871575)
(0.01128682 0 -0.00021216419)
(0.011410727 0 -0.00017991259)
(0.011515473 0 -0.00015168133)
(0.011603514 0 -0.0001271592)
(0.011677105 0 -0.00010601715)
(0.011738282 0 -8.7919869e-05)
(0.011788873 0 -7.2535441e-05)
(0.011830495 0 -5.9543063e-05)
(0.011864566 0 -4.8639111e-05)
(0.01189232 0 -3.9541532e-05)
(0.011914817 0 -3.1992718e-05)
(0.011932964 0 -2.5761024e-05)
(0.011947528 0 -2.0641101e-05)
(0.011959157 0 -1.6453266e-05)
(0.011968389 0 -1.3042127e-05)
(0.011975674 0 -1.0274687e-05)
(0.011981383 0 -8.0381599e-06)
(0.01198582 0 -6.2376621e-06)
(0.011989237 0 -4.7939317e-06)
(0.011991839 0 -3.6411405e-06)
(0.011993791 0 -2.7248763e-06)
(0.011995229 0 -2.0003357e-06)
(0.011996262 0 -1.4307503e-06)
(0.011996979 0 -9.8603762e-07)
(0.011997451 0 -6.416492e-07)
(0.011997734 0 -3.7759302e-07)
(0.011997874 0 -1.7761428e-07)
(0.011997907 0 -2.8523415e-08)
(0.011997862 0 8.0387697e-08)
(0.011997761 0 1.577159e-07)
(0.011997621 0 2.1040942e-07)
(0.011997456 0 2.4405158e-07)
(0.011997277 0 2.6311618e-07)
(0.011997092 0 2.7117309e-07)
(0.011996906 0 2.7105397e-07)
(0.011996723 0 2.6499151e-07)
(0.011996547 0 2.5473848e-07)
(0.01199638 0 2.4166479e-07)
(0.011996223 0 2.2683171e-07)
(0.011996076 0 2.1104816e-07)
(0.011995941 0 1.9491836e-07)
(0.011995817 0 1.7888587e-07)
(0.011995703 0 1.6327282e-07)
(0.0119956 0 1.4830936e-07)
(0.011995507 0 1.3415212e-07)
(0.011995422 0 1.208961e-07)
(0.011995347 0 1.0858642e-07)
(0.011995279 0 9.7232505e-08)
(0.011995218 0 8.6821743e-08)
(0.011995164 0 7.7328261e-08)
(0.011995116 0 6.8715474e-08)
(0.011995074 0 6.0935822e-08)
(0.011995036 0 5.3932329e-08)
(0.011995003 0 4.764371e-08)
(0.011994974 0 4.2010583e-08)
(0.011994948 0 3.6978967e-08)
(0.011994925 0 3.2499442e-08)
(0.011994905 0 2.8523903e-08)
(0.011994888 0 2.5003443e-08)
(0.011994872 0 2.1889371e-08)
(0.011994859 0 1.913639e-08)
(0.011994847 0 1.6705254e-08)
(0.011994837 0 1.4562895e-08)
(0.011994828 0 1.26803e-08)
(0.011994821 0 1.1030063e-08)
(0.011994814 0 9.5854658e-09)
(0.011994808 0 8.3213467e-09)
(0.011994803 0 7.2155825e-09)
(0.011994799 0 6.2497222e-09)
(0.011994795 0 5.4082726e-09)
(0.011994792 0 4.6773112e-09)
(0.011994789 0 4.0435185e-09)
(0.011994786 0 3.4941765e-09)
(0.011994784 0 3.0177925e-09)
(0.011994782 0 2.6045639e-09)
(0.011994781 0 2.2462068e-09)
(0.011994779 0 1.935356e-09)
(0.011994778 0 1.6651509e-09)
(0.011994777 0 1.4294255e-09)
(0.011994776 0 1.2233148e-09)
(0.011994776 0 1.0436267e-09)
(0.011994775 0 8.8843953e-10)
(0.011994775 0 7.5602854e-10)
(0.011994774 0 6.4384284e-10)
(0.011994774 0 5.4832558e-10)
(0.011994773 0 4.6575544e-10)
(0.011994773 0 3.9345955e-10)
(0.011994773 0 3.3039881e-10)
(0.011994773 0 2.7659868e-10)
(0.011994772 0 2.3184984e-10)
(0.011994772 0 1.9474612e-10)
(0.011994772 0 1.6287736e-10)
(0.011994772 0 1.3401358e-10)
(0.011994772 0 1.0725265e-10)
(0.011994772 0 8.3145241e-11)
(0.011994772 0 6.2731663e-11)
(0.011994772 0 4.6378978e-11)
(0.011994772 0 3.3395042e-11)
(0.011994772 0 2.2564435e-11)
(0.011994772 0 1.288794e-11)
(0.011994772 0 3.8093478e-12)
(0.011994772 0 -5.006585e-12)
(0.011994772 0 -1.3704921e-11)
(0.011994772 0 -2.1823159e-11)
(0.011994772 0 -2.8060538e-11)
(0.011994772 0 -3.101676e-11)
(0.011994772 0 -3.0607897e-11)
(0.011994772 0 -2.8720395e-11)
(0.011994772 0 -2.8042379e-11)
(0.011994772 0 -2.9899436e-11)
(0.011994772 0 -3.3260562e-11)
(0.011994772 0 -3.6027217e-11)
(0.011994772 0 -3.7169435e-11)
(0.011994772 0 -3.7259109e-11)
(0.011994772 0 -3.6949028e-11)
(0.011994772 0 -3.5633349e-11)
(0.011994772 0 -3.2329954e-11)
(0.011994772 0 -2.7699396e-11)
(0.011994772 0 -2.4181586e-11)
(0.011994772 0 -2.3512095e-11)
(0.011994772 0 -2.4639963e-11)
(0.011994772 0 -2.4959698e-11)
(0.011994772 0 -2.3435866e-11)
(0.011994772 0 -2.1548729e-11)
(0.011994772 0 -2.1067908e-11)
(0.011994772 0 -2.2159846e-11)
(0.011994772 0 -2.4396396e-11)
(0.011994772 0 -2.8251829e-11)
(0.011994772 0 -3.392552e-11)
(0.011994772 0 -3.95605e-11)
(0.011994772 0 -4.3154086e-11)
(0.011994772 0 -4.6413712e-11)
(0.011994772 0 -5.3903708e-11)
(0.011994772 0 -6.7121757e-11)
(0.011994772 0 -8.2176885e-11)
(0.011994772 0 -9.5465942e-11)
(0.011994772 0 -1.0896758e-10)
(0.011994772 0 -1.2692899e-10)
(0.011994773 0 -1.4997637e-10)
(0.011994773 0 -1.7640299e-10)
(0.011994773 0 -2.0650665e-10)
(0.011994773 0 -2.4062095e-10)
(0.011994773 0 -2.7569786e-10)
(0.011994773 0 -3.0998836e-10)
(0.011994773 0 -3.4824538e-10)
(0.011994774 0 -3.9571939e-10)
(0.011994774 0 -4.507191e-10)
(0.011994774 0 -5.0964117e-10)
(0.011994774 0 -5.7380431e-10)
(0.011994775 0 -6.4538756e-10)
(0.011994775 0 -7.2451031e-10)
(0.011994776 0 -8.1425237e-10)
(0.011994776 0 -9.1851595e-10)
(0.011994777 0 -1.0352479e-09)
(0.011994777 0 -1.1625263e-09)
(0.011994778 0 -1.3050667e-09)
(0.011994779 0 -1.4669601e-09)
(0.01199478 0 -1.6491471e-09)
(0.011994781 0 -1.8542351e-09)
(0.011994782 0 -2.083973e-09)
(0.011994784 0 -2.3394973e-09)
(0.011994785 0 -2.625436e-09)
(0.011994787 0 -2.9480587e-09)
(0.011994789 0 -3.3122834e-09)
(0.011994791 0 -3.719909e-09)
(0.011994793 0 -4.1751447e-09)
(0.011994796 0 -4.6821611e-09)
(0.011994799 0 -5.2521926e-09)
(0.011994803 0 -5.8905194e-09)
(0.011994807 0 -6.6037759e-09)
(0.011994811 0 -7.3985144e-09)
(0.011994816 0 -8.2791568e-09)
(0.011994822 0 -9.2545986e-09)
(0.011994828 0 -1.033674e-08)
(0.011994835 0 -1.1530845e-08)
(0.011994843 0 -1.2840351e-08)
(0.011994852 0 -1.4266721e-08)
(0.011994862 0 -1.5815483e-08)
(0.011994873 0 -1.7490879e-08)
(0.011994885 0 -1.9291554e-08)
(0.011994898 0 -2.1209089e-08)
(0.011994912 0 -2.3228135e-08)
(0.011994928 0 -2.533186e-08)
(0.011994946 0 -2.7503007e-08)
(0.011994964 0 -2.9717596e-08)
(0.011994985 0 -3.1940746e-08)
(0.011995007 0 -3.4126583e-08)
(0.01199503 0 -3.6226708e-08)
(0.011995055 0 -3.8206141e-08)
(0.011995079 0 -4.0007362e-08)
(0.011995118 0 -4.1644548e-08)
(0.0099959718 0 0.00011175437)
(0.009921003 0 0.0003337167)
(0.0097716114 0 0.00056499596)
(0.0095387228 0 0.00081959183)
(0.0092153305 0 0.0011132797)
(0.0087885766 0 0.0014654259)
(0.0082391994 0 0.0019010413)
(0.007540983 0 0.0024506611)
(0.006657125 0 0.0031379267)
(0.0055362199 0 0.0039195594)
(0.0041366312 0 0.0045118203)
(0.0028246844 0 0.0040026338)
(1.483097e-06 0 1.4077304e-06)
(1.9831122e-05 0 -8.0976741e-06)
(0.00017632655 0 -8.8193353e-05)
(0.00054043288 0 -7.7397646e-05)
(0.00052141247 0 2.3988122e-05)
(0.00034553477 0 5.2874469e-05)
(1.2916284e-05 0 2.5324189e-05)
(-8.3248769e-05 0 0.00034335289)
(-0.00030762152 0 0.00074538015)
(-0.00036031121 0 0.00069802563)
(-0.00036317523 0 0.00042592701)
(-0.00027231975 0 4.5826673e-05)
(-6.0352345e-05 0 -0.000368962)
(0.00027751026 0 -0.00076814355)
(0.00072969041 0 -0.0011197077)
(0.0012761327 0 -0.0014068088)
(0.0018936595 0 -0.001624178)
(0.0025595019 0 -0.0017741101)
(0.0032531617 0 -0.0018632566)
(0.0039570839 0 -0.001900209)
(0.0046567612 0 -0.0018939819)
(0.0053405509 0 -0.001853171)
(0.0059993746 0 -0.0017855494)
(0.006626393 0 -0.0016979213)
(0.0072166882 0 -0.0015961163)
(0.0077669754 0 -0.001485052)
(0.0082753452 0 -0.0013688235)
(0.0087410374 0 -0.001250796)
(0.0091642404 0 -0.0011336931)
(0.0095459125 0 -0.0010196743)
(0.0098876216 0 -0.00091040536)
(0.010191402 0 -0.00080712015)
(0.010459625 0 -0.00071067885)
(0.010694885 0 -0.00062162161)
(0.010899904 0 -0.00054021897)
(0.011077444 0 -0.00046651902)
(0.011230239 0 -0.00040039057)
(0.011360946 0 -0.0003415622)
(0.011472096 0 -0.00028965669)
(0.011566066 0 -0.0002442212)
(0.011645061 0 -0.00020475301)
(0.011711097 0 -0.00017072159)
(0.011766 0 -0.00014158707)
(0.011811402 0 -0.00011681552)
(0.011848752 0 -9.5891299e-05)
(0.011879319 0 -7.8326578e-05)
(0.011904207 0 -6.3668308e-05)
(0.011924367 0 -5.1502739e-05)
(0.011940612 0 -4.1457788e-05)
(0.011953632 0 -3.320354e-05)
(0.011964006 0 -2.6451207e-05)
(0.011972222 0 -2.0950915e-05)
(0.011978684 0 -1.6488683e-05)
(0.011983726 0 -1.2882943e-05)
(0.011987625 0 -9.9808643e-06)
(0.011990607 0 -7.6546962e-06)
(0.011992857 0 -5.798266e-06)
(0.011994525 0 -4.3237548e-06)
(0.011995735 0 -3.1588158e-06)
(0.011996585 0 -2.2440575e-06)
(0.011997155 0 -1.5308727e-06)
(0.011997509 0 -9.7958066e-07)
(0.011997699 0 -5.5785256e-07)
(0.011997764 0 -2.3939762e-07)
(0.011997738 0 -2.8736269e-09)
(0.011997647 0 1.6895608e-07)
(0.011997509 0 2.900507e-07)
(0.011997341 0 3.7163312e-07)
(0.011997155 0 4.2271829e-07)
(0.01199696 0 4.5052484e-07)
(0.011996763 0 4.608064e-07)
(0.011996568 0 4.5812355e-07)
(0.011996379 0 4.460717e-07)
(0.011996198 0 4.2747091e-07)
(0.011996029 0 4.0451869e-07)
(0.01199587 0 3.7890994e-07)
(0.011995723 0 3.5193293e-07)
(0.011995588 0 3.245508e-07)
(0.011995464 0 2.9747224e-07)
(0.011995351 0 2.7120938e-07)
(0.011995249 0 2.4612084e-07)
(0.011995157 0 2.2244228e-07)
(0.011995074 0 2.0031093e-07)
(0.011995 0 1.7978902e-07)
(0.011994933 0 1.6088628e-07)
(0.011994874 0 1.4357768e-07)
(0.011994821 0 1.2781372e-07)
(0.011994774 0 1.1352483e-07)
(0.011994733 0 1.0062466e-07)
(0.011994696 0 8.9015894e-08)
(0.011994664 0 7.8598324e-08)
(0.011994636 0 6.9275521e-08)
(0.01199461 0 6.0957155e-08)
(0.011994588 0 5.3557187e-08)
(0.011994569 0 4.6991138e-08)
(0.011994552 0 4.1175699e-08)
(0.011994538 0 3.6031372e-08)
(0.011994525 0 3.1486015e-08)
(0.011994513 0 2.7476546e-08)
(0.011994504 0 2.3947718e-08)
(0.011994495 0 2.0849261e-08)
(0.011994488 0 1.8133692e-08)
(0.011994481 0 1.5756152e-08)
(0.011994476 0 1.3675809e-08)
(0.011994471 0 1.1857189e-08)
(0.011994466 0 1.0270147e-08)
(0.011994463 0 8.8884605e-09)
(0.01199446 0 7.6881322e-09)
(0.011994457 0 6.6465306e-09)
(0.011994455 0 5.7426606e-09)
(0.011994453 0 4.9579356e-09)
(0.011994451 0 4.2765699e-09)
(0.011994449 0 3.685207e-09)
(0.011994448 0 3.172141e-09)
(0.011994447 0 2.7268107e-09)
(0.011994446 0 2.3399203e-09)
(0.011994445 0 2.0038993e-09)
(0.011994444 0 1.7130395e-09)
(0.011994444 0 1.4628856e-09)
(0.011994443 0 1.2491292e-09)
(0.011994443 0 1.0667816e-09)
(0.011994443 0 9.1029221e-10)
(0.011994442 0 7.7457703e-10)
(0.011994442 0 6.5615699e-10)
(0.011994442 0 5.5343872e-10)
(0.011994442 0 4.6581727e-10)
(0.011994441 0 3.9225006e-10)
(0.011994441 0 3.3042914e-10)
(0.011994441 0 2.7721833e-10)
(0.011994441 0 2.2995898e-10)
(0.011994441 0 1.8750681e-10)
(0.011994441 0 1.5012753e-10)
(0.011994441 0 1.1841134e-10)
(0.011994441 0 9.2204271e-11)
(0.011994441 0 7.0425932e-11)
(0.011994441 0 5.171251e-11)
(0.011994441 0 3.5081054e-11)
(0.011994441 0 2.0019733e-11)
(0.011994441 0 6.2316683e-12)
(0.011994441 0 -6.3483592e-12)
(0.011994441 0 -1.7196049e-11)
(0.011994441 0 -2.5215526e-11)
(0.011994441 0 -2.9684704e-11)
(0.011994441 0 -3.1471024e-11)
(0.011994441 0 -3.3050832e-11)
(0.011994441 0 -3.6791351e-11)
(0.011994441 0 -4.2923828e-11)
(0.011994441 0 -4.935712e-11)
(0.011994441 0 -5.3710864e-11)
(0.011994441 0 -5.543574e-11)
(0.011994441 0 -5.5716972e-11)
(0.011994441 0 -5.5525698e-11)
(0.011994441 0 -5.4479888e-11)
(0.011994441 0 -5.2015078e-11)
(0.011994441 0 -4.9069536e-11)
(0.011994441 0 -4.7566181e-11)
(0.011994441 0 -4.8051819e-11)
(0.011994441 0 -4.8803693e-11)
(0.011994441 0 -4.800646e-11)
(0.011994441 0 -4.6205623e-11)
(0.011994441 0 -4.5567223e-11)
(0.011994441 0 -4.7000759e-11)
(0.011994441 0 -4.940299e-11)
(0.011994441 0 -5.1971115e-11)
(0.011994441 0 -5.5600444e-11)
(0.011994441 0 -6.0997717e-11)
(0.011994441 0 -6.7108362e-11)
(0.011994441 0 -7.3408823e-11)
(0.011994441 0 -8.2483491e-11)
(0.011994441 0 -9.7349803e-11)
(0.011994441 0 -1.1658973e-10)
(0.011994441 0 -1.3574126e-10)
(0.011994441 0 -1.5422361e-10)
(0.011994441 0 -1.7699844e-10)
(0.011994441 0 -2.0776573e-10)
(0.011994442 0 -2.4460326e-10)
(0.011994442 0 -2.845603e-10)
(0.011994442 0 -3.2794659e-10)
(0.011994442 0 -3.7526917e-10)
(0.011994442 0 -4.2545565e-10)
(0.011994442 0 -4.8068746e-10)
(0.011994442 0 -5.4667748e-10)
(0.011994443 0 -6.24397e-10)
(0.011994443 0 -7.0875587e-10)
(0.011994443 0 -7.9833513e-10)
(0.011994443 0 -8.9798159e-10)
(0.011994444 0 -1.0112487e-09)
(0.011994444 0 -1.1399569e-09)
(0.011994445 0 -1.2880063e-09)
(0.011994445 0 -1.4561593e-09)
(0.011994446 0 -1.6412777e-09)
(0.011994446 0 -1.8465061e-09)
(0.011994447 0 -2.0793408e-09)
(0.011994448 0 -2.3422585e-09)
(0.011994449 0 -2.6380449e-09)
(0.01199445 0 -2.9714417e-09)
(0.011994451 0 -3.3439351e-09)
(0.011994452 0 -3.7621206e-09)
(0.011994454 0 -4.2342973e-09)
(0.011994455 0 -4.7638695e-09)
(0.011994457 0 -5.3609751e-09)
(0.011994459 0 -6.029218e-09)
(0.011994462 0 -6.7739883e-09)
(0.011994464 0 -7.6146725e-09)
(0.011994467 0 -8.5561311e-09)
(0.011994471 0 -9.6127823e-09)
(0.011994475 0 -1.0789827e-08)
(0.011994479 0 -1.2101265e-08)
(0.011994484 0 -1.3558297e-08)
(0.01199449 0 -1.5176891e-08)
(0.011994496 0 -1.697066e-08)
(0.011994503 0 -1.8947195e-08)
(0.01199451 0 -2.1115328e-08)
(0.011994519 0 -2.3483084e-08)
(0.011994529 0 -2.6060501e-08)
(0.011994539 0 -2.8851203e-08)
(0.011994551 0 -3.1848718e-08)
(0.011994564 0 -3.503935e-08)
(0.011994579 0 -3.840458e-08)
(0.011994594 0 -4.1923514e-08)
(0.011994612 0 -4.5565809e-08)
(0.01199463 0 -4.9280804e-08)
(0.011994651 0 -5.300272e-08)
(0.011994673 0 -5.6663364e-08)
(0.011994696 0 -6.0193629e-08)
(0.011994721 0 -6.3528245e-08)
(0.011994745 0 -6.6548474e-08)
(0.011994785 0 -6.9279973e-08)
(0.0099968969 0 0.00014617723)
(0.0099376945 0 0.00043678798)
(0.0098195328 0 0.00073916402)
(0.0096359594 0 0.0010705906)
(0.0093831948 0 0.0014502784)
(0.0090543212 0 0.0019013336)
(0.0086398558 0 0.0024529244)
(0.0081292758 0 0.0031401405)
(0.0075104112 0 0.0039921194)
(0.0067656412 0 0.0049763578)
(0.0058584628 0 0.0058358791)
(0.0049276525 0 0.0057630138)
(0.0033314955 0 0.0032263809)
(0.00067689511 0 5.5688843e-05)
(0.00044096086 0 -0.00013840031)
(0.00038681278 0 -8.3460277e-05)
(0.00055922275 0 5.2239141e-05)
(0.0005190655 0 0.0002879593)
(0.00033007901 0 0.00041935505)
(0.00015977003 0 0.0006007962)
(0.00011139235 0 0.00077361001)
(0.00023888438 0 0.00064518529)
(0.00043774991 0 0.00029403181)
(0.00071403084 0 -0.00018406364)
(0.0010796186 0 -0.00070607761)
(0.0015314235 0 -0.0012075823)
(0.0020549916 0 -0.0016458565)
(0.0026319254 0 -0.0019992111)
(0.0032440953 0 -0.0022619271)
(0.0038754543 0 -0.0024382)
(0.004512453 0 -0.0025373915)
(0.005143969 0 -0.0025709258)
(0.0057610381 0 -0.0025504583)
(0.0063565687 0 -0.0024869258)
(0.006925082 0 -0.0023901272)
(0.0074624924 0 -0.0022686015)
(0.0079659183 0 -0.0021296564)
(0.0084335178 0 -0.0019794633)
(0.0088643456 0 -0.0018231757)
(0.0092582256 0 -0.0016650457)
(0.0096156362 0 -0.0015085303)
(0.0099376025 0 -0.0013563837)
(0.010225594 0 -0.0012107386)
(0.010481427 0 -0.0010731799)
(0.010707172 0 -0.00094481276)
(0.010905069 0 -0.00082632875)
(0.011077449 0 -0.00071806818)
(0.011226669 0 -0.00062008021)
(0.011355056 0 -0.00053217876)
(0.011464859 0 -0.0004539936)
(0.011558218 0 -0.00038501591)
(0.011637139 0 -0.00032463811)
(0.011703477 0 -0.00027218818)
(0.011758926 0 -0.00022695871)
(0.011805017 0 -0.00018823126)
(0.011843121 0 -0.0001552964)
(0.01187445 0 -0.00012746975)
(0.011900068 0 -0.00010410439)
(0.011920901 0 -8.4599788e-05)
(0.011937748 0 -6.8407611e-05)
(0.011951292 0 -5.5034734e-05)
(0.011962113 0 -4.4043793e-05)
(0.011970701 0 -3.5051755e-05)
(0.011977467 0 -2.7726988e-05)
(0.011982753 0 -2.1785289e-05)
(0.011986843 0 -1.6985316e-05)
(0.011989971 0 -1.3123756e-05)
(0.01199233 0 -1.0030504e-05)
(0.011994077 0 -7.5640539e-06)
(0.01199534 0 -5.6072644e-06)
(0.011996223 0 -4.0635685e-06)
(0.011996811 0 -2.8536484e-06)
(0.011997171 0 -1.9125552e-06)
(0.011997357 0 -1.1872404e-06)
(0.011997412 0 -6.3446883e-07)
(0.011997371 0 -2.1907846e-07)
(0.011997262 0 8.7475803e-08)
(0.011997105 0 3.08213e-07)
(0.011996916 0 4.6179783e-07)
(0.011996709 0 5.6322361e-07)
(0.011996493 0 6.2452128e-07)
(0.011996275 0 6.553128e-07)
(0.01199606 0 6.6325612e-07)
(0.011995853 0 6.5441285e-07)
(0.011995656 0 6.3355513e-07)
(0.01199547 0 6.0441812e-07)
(0.011995296 0 5.6990265e-07)
(0.011995136 0 5.322366e-07)
(0.011994988 0 4.9310672e-07)
(0.011994853 0 4.5376972e-07)
(0.011994731 0 4.1514543e-07)
(0.011994619 0 3.7789075e-07)
(0.011994519 0 3.424555e-07)
(0.011994429 0 3.0912527e-07)
(0.011994348 0 2.780578e-07)
(0.011994276 0 2.493162e-07)
(0.011994211 0 2.2289718e-07)
(0.011994154 0 1.9875143e-07)
(0.011994103 0 1.7679553e-07)
(0.011994058 0 1.5691915e-07)
(0.011994018 0 1.3899244e-07)
(0.011993983 0 1.2287533e-07)
(0.011993952 0 1.0842705e-07)
(0.011993925 0 9.5512035e-08)
(0.011993901 0 8.4001052e-08)
(0.01199388 0 7.37692e-08)
(0.011993862 0 6.4694582e-08)
(0.011993846 0 5.6659789e-08)
(0.011993832 0 4.9555499e-08)
(0.01199382 0 4.328347e-08)
(0.011993809 0 3.7756783e-08)
(0.0119938 0 3.2897451e-08)
(0.011993792 0 2.863344e-08)
(0.011993785 0 2.4897227e-08)
(0.011993779 0 2.1626461e-08)
(0.011993774 0 1.8765515e-08)
(0.011993769 0 1.6266213e-08)
(0.011993765 0 1.408691e-08)
(0.011993762 0 1.2190528e-08)
(0.011993759 0 1.054287e-08)
(0.011993756 0 9.1121589e-09)
(0.011993754 0 7.8696487e-09)
(0.011993752 0 6.7903949e-09)
(0.011993751 0 5.8533301e-09)
(0.011993749 0 5.0404974e-09)
(0.011993748 0 4.3360381e-09)
(0.011993747 0 3.7256589e-09)
(0.011993746 0 3.1967913e-09)
(0.011993745 0 2.7389949e-09)
(0.011993745 0 2.3439193e-09)
(0.011993744 0 2.0045258e-09)
(0.011993744 0 1.7139816e-09)
(0.011993743 0 1.4650413e-09)
(0.011993743 0 1.2504391e-09)
(0.011993743 0 1.0640361e-09)
(0.011993742 0 9.01789e-10)
(0.011993742 0 7.6165067e-10)
(0.011993742 0 6.4233622e-10)
(0.011993742 0 5.4183758e-10)
(0.011993742 0 4.5683563e-10)
(0.011993741 0 3.8346216e-10)
(0.011993741 0 3.1873645e-10)
(0.011993741 0 2.614309e-10)
(0.011993741 0 2.1165082e-10)
(0.011993741 0 1.6956182e-10)
(0.011993741 0 1.3440664e-10)
(0.011993741 0 1.0458118e-10)
(0.011993741 0 7.8479381e-11)
(0.011993741 0 5.5169479e-11)
(0.011993741 0 3.4362477e-11)
(0.011993741 0 1.60165e-11)
(0.011993741 0 2.1159864e-13)
(0.011993741 0 -1.2686476e-11)
(0.011993741 0 -2.2217979e-11)
(0.011993741 0 -2.8673039e-11)
(0.011993741 0 -3.3764791e-11)
(0.011993741 0 -3.9956628e-11)
(0.011993741 0 -4.8551605e-11)
(0.011993741 0 -5.8339181e-11)
(0.011993741 0 -6.6497236e-11)
(0.011993741 0 -7.1144425e-11)
(0.011993741 0 -7.2896508e-11)
(0.011993741 0 -7.3720443e-11)
(0.011993741 0 -7.4541692e-11)
(0.011993741 0 -7.4581668e-11)
(0.011993741 0 -7.3129356e-11)
(0.011993741 0 -7.1151274e-11)
(0.011993741 0 -7.0336583e-11)
(0.011993741 0 -7.0864556e-11)
(0.011993741 0 -7.1216173e-11)
(0.011993741 0 -7.048439e-11)
(0.011993741 0 -6.9801566e-11)
(0.011993741 0 -7.062857e-11)
(0.011993741 0 -7.250233e-11)
(0.011993741 0 -7.3949585e-11)
(0.011993741 0 -7.5314905e-11)
(0.011993741 0 -7.8832166e-11)
(0.011993741 0 -8.554469e-11)
(0.011993741 0 -9.4229891e-11)
(0.011993741 0 -1.044736e-10)
(0.011993742 0 -1.1853874e-10)
(0.011993742 0 -1.3798337e-10)
(0.011993742 0 -1.6050123e-10)
(0.011993742 0 -1.8355672e-10)
(0.011993742 0 -2.0979672e-10)
(0.011993742 0 -2.4447897e-10)
(0.011993742 0 -2.8799459e-10)
(0.011993742 0 -3.3581345e-10)
(0.011993742 0 -3.8587924e-10)
(0.011993742 0 -4.4071905e-10)
(0.011993742 0 -5.022986e-10)
(0.011993742 0 -5.7113877e-10)
(0.011993743 0 -6.5020996e-10)
(0.011993743 0 -7.4221246e-10)
(0.011993743 0 -8.4393597e-10)
(0.011993743 0 -9.5170921e-10)
(0.011993743 0 -1.0701357e-09)
(0.011993744 0 -1.207023e-09)
(0.011993744 0 -1.3648018e-09)
(0.011993744 0 -1.5442112e-09)
(0.011993745 0 -1.7473646e-09)
(0.011993745 0 -1.9730311e-09)
(0.011993746 0 -2.2214959e-09)
(0.011993746 0 -2.5020662e-09)
(0.011993747 0 -2.8228853e-09)
(0.011993748 0 -3.1844985e-09)
(0.011993749 0 -3.5907772e-09)
(0.01199375 0 -4.0477276e-09)
(0.011993751 0 -4.558189e-09)
(0.011993752 0 -5.1329949e-09)
(0.011993753 0 -5.7836431e-09)
(0.011993755 0 -6.5122032e-09)
(0.011993757 0 -7.331081e-09)
(0.011993759 0 -8.2537496e-09)
(0.011993761 0 -9.2855641e-09)
(0.011993764 0 -1.0449502e-08)
(0.011993767 0 -1.1752261e-08)
(0.01199377 0 -1.3209499e-08)
(0.011993774 0 -1.4836243e-08)
(0.011993778 0 -1.6652938e-08)
(0.011993783 0 -1.8678119e-08)
(0.011993788 0 -2.0929301e-08)
(0.011993794 0 -2.3420812e-08)
(0.011993801 0 -2.6166176e-08)
(0.011993808 0 -2.9184785e-08)
(0.011993816 0 -3.2493148e-08)
(0.011993826 0 -3.6101611e-08)
(0.011993836 0 -4.0008293e-08)
(0.011993848 0 -4.4205023e-08)
(0.011993861 0 -4.8684664e-08)
(0.011993875 0 -5.3431286e-08)
(0.01199389 0 -5.8409521e-08)
(0.011993908 0 -6.356423e-08)
(0.011993926 0 -6.8824467e-08)
(0.011993947 0 -7.4109652e-08)
(0.011993969 0 -7.9329693e-08)
(0.011993992 0 -8.4374051e-08)
(0.011994018 0 -8.9130273e-08)
(0.011994042 0 -9.3426375e-08)
(0.011994083 0 -9.7321493e-08)
(0.0099979303 0 0.00017185781)
(0.0099567325 0 0.00051390018)
(0.0098743015 0 0.00086912125)
(0.0097469834 0 0.0012563393)
(0.0095741283 0 0.0016960718)
(0.0093543679 0 0.0022122971)
(0.009086602 0 0.0028343313)
(0.0087717054 0 0.0035967204)
(0.0084102938 0 0.0045302722)
(0.0079911135 0 0.005620114)
(0.0074274545 0 0.0066756974)
(0.0067336487 0 0.0069772643)
(0.0047293962 0 0.0045107436)
(0.0021739817 0 0.0015828706)
(0.00092669821 0 0.00020919028)
(0.00065864203 0 -3.5763449e-05)
(0.00058881456 0 2.4197666e-05)
(0.00063913003 0 0.00025456678)
(0.00063892002 0 0.00044902079)
(0.00068890257 0 0.00057594489)
(0.00087124565 0 0.00060178273)
(0.0011970848 0 0.00038359652)
(0.0016097621 0 -4.3841552e-05)
(0.0020919329 0 -0.00059730631)
(0.0026284285 0 -0.0011887945)
(0.0031986891 0 -0.0017457737)
(0.0037841823 0 -0.0022223097)
(0.0043716582 0 -0.0025978711)
(0.0049522688 0 -0.0028694364)
(0.0055201234 0 -0.0030439521)
(0.0060709434 0 -0.0031330191)
(0.0066013441 0 -0.0031497913)
(0.007108591 0 -0.0031073251)
(0.007590455 0 -0.0030177228)
(0.0080451624 0 -0.0028917793)
(0.008471379 0 -0.0027389015)
(0.0088682011 0 -0.0025671619)
(0.0092351455 0 -0.0023834105)
(0.0095721354 0 -0.0021934034)
(0.0098794797 0 -0.0020019246)
(0.010157846 0 -0.0018128932)
(0.010408227 0 -0.0016294552)
(0.010631894 0 -0.0014540632)
(0.010830349 0 -0.0012885487)
(0.011005268 0 -0.0011341921)
(0.011158444 0 -0.00099179223)
(0.011291731 0 -0.00086173482)
(0.011406997 0 -0.00074406102)
(0.011506077 0 -0.00063853237)
(0.011590741 0 -0.0005446914)
(0.011662667 0 -0.00046191628)
(0.01172342 0 -0.00038946878)
(0.011774444 0 -0.00032653561)
(0.011817054 0 -0.0002722633)
(0.011852433 0 -0.00022578726)
(0.011881641 0 -0.00018625545)
(0.011905612 0 -0.00015284722)
(0.011925168 0 -0.00012478773)
(0.011941021 0 -0.00010135829)
(0.01195379 0 -8.1902912e-05)
(0.011964 0 -6.58317e-05)
(0.011972103 0 -5.2621325e-05)
(0.011978478 0 -4.1813241e-05)
(0.011983445 0 -3.301015e-05)
(0.011987271 0 -2.5871298e-05)
(0.011990176 0 -2.0107044e-05)
(0.011992345 0 -1.5473132e-05)
(0.011993928 0 -1.1764976e-05)
(0.011995048 0 -8.8122064e-06)
(0.011995805 0 -6.4736538e-06)
(0.011996282 0 -4.6328514e-06)
(0.011996543 0 -3.1940698e-06)
(0.011996641 0 -2.0788704e-06)
(0.011996618 0 -1.2231533e-06)
(0.011996508 0 -5.746605e-07)
(0.011996336 0 -9.0890938e-08)
(0.011996124 0 2.6259381e-07)
(0.011995886 0 5.1367809e-07)
(0.011995635 0 6.8483358e-07)
(0.011995379 0 7.9414701e-07)
(0.011995127 0 8.5611416e-07)
(0.011994882 0 8.8230628e-07)
(0.011994647 0 8.8191345e-07)
(0.011994426 0 8.6219476e-07)
(0.011994219 0 8.2885149e-07)
(0.011994027 0 7.8633159e-07)
(0.01199385 0 7.3807402e-07)
(0.011993688 0 6.8670538e-07)
(0.01199354 0 6.3420199e-07)
(0.011993407 0 5.8202554e-07)
(0.011993286 0 5.3123422e-07)
(0.011993177 0 4.8257022e-07)
(0.011993079 0 4.3652698e-07)
(0.011992992 0 3.9340308e-07)
(0.011992914 0 3.5334849e-07)
(0.011992844 0 3.1640473e-07)
(0.011992783 0 2.8253675e-07)
(0.011992728 0 2.5165503e-07)
(0.01199268 0 2.2362955e-07)
(0.011992637 0 1.983004e-07)
(0.0119926 0 1.7548864e-07)
(0.011992567 0 1.5500781e-07)
(0.011992538 0 1.3667327e-07)
(0.011992512 0 1.203069e-07)
(0.01199249 0 1.0573738e-07)
(0.011992471 0 9.2799004e-08)
(0.011992454 0 8.133204e-08)
(0.011992439 0 7.1185698e-08)
(0.011992426 0 6.2221698e-08)
(0.011992414 0 5.4315967e-08)
(0.011992405 0 4.7357377e-08)
(0.011992396 0 4.1244713e-08)
(0.011992389 0 3.588418e-08)
(0.011992382 0 3.1188909e-08)
(0.011992377 0 2.7080126e-08)
(0.011992372 0 2.3488342e-08)
(0.011992368 0 2.035313e-08)
(0.011992364 0 1.7621373e-08)
(0.011992361 0 1.5245082e-08)
(0.011992358 0 1.3180095e-08)
(0.011992356 0 1.1386135e-08)
(0.011992354 0 9.8276055e-09)
(0.011992352 0 8.4740678e-09)
(0.011992351 0 7.2997561e-09)
(0.01199235 0 6.2823581e-09)
(0.011992348 0 5.4018721e-09)
(0.011992348 0 4.640199e-09)
(0.011992347 0 3.981441e-09)
(0.011992346 0 3.4122799e-09)
(0.011992345 0 2.9217619e-09)
(0.011992345 0 2.5003621e-09)
(0.011992345 0 2.1389157e-09)
(0.011992344 0 1.8282271e-09)
(0.011992344 0 1.5596937e-09)
(0.011992344 0 1.3264593e-09)
(0.011992343 0 1.1240839e-09)
(0.011992343 0 9.5000818e-10)
(0.011992343 0 8.0205691e-10)
(0.011992343 0 6.7706568e-10)
(0.011992343 0 5.7069159e-10)
(0.011992343 0 4.7853914e-10)
(0.011992343 0 3.9761586e-10)
(0.011992343 0 3.2683756e-10)
(0.011992342 0 2.6615785e-10)
(0.011992342 0 2.1512216e-10)
(0.011992342 0 1.7212158e-10)
(0.011992342 0 1.3491667e-10)
(0.011992342 0 1.0178538e-10)
(0.011992342 0 7.2149198e-11)
(0.011992342 0 4.622128e-11)
(0.011992342 0 2.4248438e-11)
(0.011992342 0 6.1472876e-12)
(0.011992342 0 -8.3861586e-12)
(0.011992342 0 -1.9891567e-11)
(0.011992342 0 -2.9532892e-11)
(0.011992342 0 -3.9173248e-11)
(0.011992342 0 -5.0398132e-11)
(0.011992342 0 -6.3037164e-11)
(0.011992342 0 -7.4865127e-11)
(0.011992342 0 -8.3348853e-11)
(0.011992342 0 -8.7967515e-11)
(0.011992342 0 -9.0545099e-11)
(0.011992342 0 -9.3054544e-11)
(0.011992342 0 -9.5424715e-11)
(0.011992342 0 -9.6059715e-11)
(0.011992342 0 -9.4419549e-11)
(0.011992342 0 -9.2239149e-11)
(0.011992342 0 -9.1657193e-11)
(0.011992343 0 -9.2741933e-11)
(0.011992343 0 -9.3798306e-11)
(0.011992343 0 -9.3878625e-11)
(0.011992343 0 -9.3753454e-11)
(0.011992343 0 -9.4114344e-11)
(0.011992343 0 -9.4292873e-11)
(0.011992343 0 -9.3995841e-11)
(0.011992343 0 -9.523484e-11)
(0.011992343 0 -1.0058691e-10)
(0.011992343 0 -1.0990116e-10)
(0.011992343 0 -1.2098352e-10)
(0.011992343 0 -1.3372908e-10)
(0.011992343 0 -1.5086818e-10)
(0.011992343 0 -1.7364836e-10)
(0.011992343 0 -1.9996613e-10)
(0.011992343 0 -2.2900015e-10)
(0.011992343 0 -2.6443354e-10)
(0.011992343 0 -3.0950184e-10)
(0.011992343 0 -3.6172833e-10)
(0.011992343 0 -4.171103e-10)
(0.011992343 0 -4.7697909e-10)
(0.011992343 0 -5.4570204e-10)
(0.011992343 0 -6.2447264e-10)
(0.011992344 0 -7.1284094e-10)
(0.011992344 0 -8.1255748e-10)
(0.011992344 0 -9.2406022e-10)
(0.011992344 0 -1.0446609e-09)
(0.011992344 0 -1.1763141e-09)
(0.011992344 0 -1.3278806e-09)
(0.011992345 0 -1.5046289e-09)
(0.011992345 0 -1.7047131e-09)
(0.011992345 0 -1.9279101e-09)
(0.011992346 0 -2.177061e-09)
(0.011992346 0 -2.4543121e-09)
(0.011992347 0 -2.7662824e-09)
(0.011992347 0 -3.1236642e-09)
(0.011992348 0 -3.5300941e-09)
(0.011992349 0 -3.9843449e-09)
(0.011992349 0 -4.4915245e-09)
(0.01199235 0 -5.0616375e-09)
(0.011992351 0 -5.7045241e-09)
(0.011992353 0 -6.4304341e-09)
(0.011992354 0 -7.2494382e-09)
(0.011992355 0 -8.1703099e-09)
(0.011992357 0 -9.2031462e-09)
(0.011992359 0 -1.0364712e-08)
(0.011992361 0 -1.1671551e-08)
(0.011992364 0 -1.3139048e-08)
(0.011992366 0 -1.4785489e-08)
(0.011992369 0 -1.6628475e-08)
(0.011992373 0 -1.8693937e-08)
(0.011992377 0 -2.1002499e-08)
(0.011992381 0 -2.3575318e-08)
(0.011992386 0 -2.6433904e-08)
(0.011992392 0 -2.9603243e-08)
(0.011992398 0 -3.3108513e-08)
(0.011992406 0 -3.6973168e-08)
(0.011992414 0 -4.1212056e-08)
(0.011992423 0 -4.5838057e-08)
(0.011992433 0 -5.0859123e-08)
(0.011992444 0 -5.6274074e-08)
(0.011992457 0 -6.2074543e-08)
(0.01199247 0 -6.8237873e-08)
(0.011992486 0 -7.4716894e-08)
(0.011992503 0 -8.1442325e-08)
(0.011992521 0 -8.8331476e-08)
(0.011992542 0 -9.5285689e-08)
(0.011992564 0 -1.021756e-07)
(0.011992587 0 -1.0883586e-07)
(0.011992613 0 -1.1511685e-07)
(0.011992639 0 -1.2079918e-07)
(0.01199268 0 -1.2595426e-07)
(0.009998963 0 0.00018812669)
(0.0099762504 0 0.00056297292)
(0.0099305883 0 0.00095139411)
(0.0098609624 0 0.0013721517)
(0.0097693404 0 0.0018452498)
(0.0096589639 0 0.0023933242)
(0.0095355848 0 0.0030431655)
(0.0094095685 0 0.0038260256)
(0.0092953801 0 0.0047731637)
(0.0092090453 0 0.0058940846)
(0.0091098161 0 0.0071048997)
(0.0090224602 0 0.0080144544)
(0.008040249 0 0.0070438836)
(0.0055376816 0 0.004095253)
(0.0026815843 0 0.0012731764)
(0.0015170559 0 0.00026341455)
(0.0011087964 0 6.6048294e-05)
(0.0010248909 0 0.00011882416)
(0.0011718101 0 0.00021751179)
(0.0014948161 0 0.00025646617)
(0.0019723545 0 0.00015728069)
(0.0025793712 0 -0.00014595045)
(0.0032634494 0 -0.00063079866)
(0.0039714794 0 -0.0012184118)
(0.0046594884 0 -0.0018189534)
(0.0053035406 0 -0.0023647922)
(0.005896352 0 -0.0028186895)
(0.0064399919 0 -0.0031669689)
(0.0069400637 0 -0.0034102978)
(0.0074022905 0 -0.0035569166)
(0.0078315385 0 -0.0036186812)
(0.0082314767 0 -0.003608629)
(0.0086046278 0 -0.0035395774)
(0.0089526656 0 -0.0034234397)
(0.0092766868 0 -0.0032709259)
(0.0095774279 0 -0.0030914566)
(0.0098554292 0 -0.0028931964)
(0.010111158 0 -0.0026831445)
(0.010345096 0 -0.0024672454)
(0.010557806 0 -0.002250494)
(0.010749971 0 -0.0020370273)
(0.010922417 0 -0.0018302009)
(0.011076118 0 -0.001632655)
(0.011212179 0 -0.0014463756)
(0.011331813 0 -0.0012727576)
(0.01143631 0 -0.0011126698)
(0.011526999 0 -0.00096652535)
(0.011605214 0 -0.00083435346)
(0.011672261 0 -0.00071587038)
(0.011729392 0 -0.00061054717)
(0.011777791 0 -0.00051767144)
(0.011818552 0 -0.000436402)
(0.01185268 0 -0.00036581587)
(0.011881082 0 -0.00030494776)
(0.011904575 0 -0.00025282266)
(0.011923881 0 -0.00020848214)
(0.011939639 0 -0.000171005)
(0.011952406 0 -0.00013952283)
(0.011962667 0 -0.00011323104)
(0.011970842 0 -9.1395778e-05)
(0.01197729 0 -7.3357298e-05)
(0.011982316 0 -5.8530234e-05)
(0.011986181 0 -4.6401469e-05)
(0.011989104 0 -3.6526134e-05)
(0.011991267 0 -2.8522344e-05)
(0.011992823 0 -2.206517e-05)
(0.011993898 0 -1.6880288e-05)
(0.011994596 0 -1.2737662e-05)
(0.011995002 0 -9.4455154e-06)
(0.011995183 0 -6.8447893e-06)
(0.011995197 0 -4.8041429e-06)
(0.011995086 0 -3.2155399e-06)
(0.011994888 0 -1.990401e-06)
(0.011994629 0 -1.0563078e-06)
(0.011994332 0 -3.542108e-07)
(0.011994013 0 1.6389135e-07)
(0.011993685 0 5.368604e-07)
(0.011993357 0 7.9617637e-07)
(0.011993037 0 9.6717216e-07)
(0.011992729 0 1.0702027e-06)
(0.011992437 0 1.1215582e-06)
(0.011992163 0 1.1342118e-06)
(0.011991908 0 1.1184391e-06)
(0.011991672 0 1.0823326e-06)
(0.011991456 0 1.0322254e-06)
(0.011991258 0 9.7303534e-07)
(0.011991079 0 9.0854075e-07)
(0.011990916 0 8.4160531e-07)
(0.01199077 0 7.7436376e-07)
(0.011990638 0 7.0837608e-07)
(0.01199052 0 6.4475222e-07)
(0.011990415 0 5.8424976e-07)
(0.011990321 0 5.2735042e-07)
(0.011990238 0 4.7432256e-07)
(0.011990164 0 4.2527442e-07)
(0.011990098 0 3.8019844e-07)
(0.01199004 0 3.3900512e-07)
(0.011989989 0 3.0154643e-07)
(0.011989944 0 2.6763207e-07)
(0.011989905 0 2.3704302e-07)
(0.01198987 0 2.0954485e-07)
(0.01198984 0 1.8489963e-07)
(0.011989813 0 1.6287431e-07)
(0.01198979 0 1.4324408e-07)
(0.011989769 0 1.2579257e-07)
(0.011989752 0 1.1031199e-07)
(0.011989736 0 9.6605057e-08)
(0.011989723 0 8.4488453e-08)
(0.011989711 0 7.3795491e-08)
(0.011989701 0 6.437617e-08)
(0.011989692 0 5.6094763e-08)
(0.011989684 0 4.8826795e-08)
(0.011989678 0 4.2457391e-08)
(0.011989672 0 3.6881571e-08)
(0.011989667 0 3.2005401e-08)
(0.011989663 0 2.7746343e-08)
(0.011989659 0 2.403201e-08)
(0.011989656 0 2.0797891e-08)
(0.011989653 0 1.7985373e-08)
(0.011989651 0 1.5541043e-08)
(0.011989649 0 1.341716e-08)
(0.011989647 0 1.1572315e-08)
(0.011989646 0 9.9713134e-09)
(0.011989644 0 8.5840308e-09)
(0.011989643 0 7.3838588e-09)
(0.011989642 0 6.3466312e-09)
(0.011989642 0 5.4504852e-09)
(0.011989641 0 4.6763275e-09)
(0.01198964 0 4.0081428e-09)
(0.01198964 0 3.4325694e-09)
(0.011989639 0 2.9378307e-09)
(0.011989639 0 2.512752e-09)
(0.011989639 0 2.1466016e-09)
(0.011989638 0 1.8298506e-09)
(0.011989638 0 1.5551752e-09)
(0.011989638 0 1.3177214e-09)
(0.011989638 0 1.1141769e-09)
(0.011989638 0 9.4120839e-10)
(0.011989638 0 7.9443079e-10)
(0.011989637 0 6.6871781e-10)
(0.011989637 0 5.5957654e-10)
(0.011989637 0 4.643597e-10)
(0.011989637 0 3.8218363e-10)
(0.011989637 0 3.1258933e-10)
(0.011989637 0 2.541394e-10)
(0.011989637 0 2.0420594e-10)
(0.011989637 0 1.6010148e-10)
(0.011989637 0 1.2042495e-10)
(0.011989637 0 8.5328128e-11)
(0.011989637 0 5.5542021e-11)
(0.011989637 0 3.1184625e-11)
(0.011989637 0 1.1394122e-11)
(0.011989637 0 -5.1880683e-12)
(0.011989637 0 -1.9899732e-11)
(0.011989637 0 -3.3991836e-11)
(0.011989637 0 -4.8547973e-11)
(0.011989637 0 -6.3854577e-11)
(0.011989637 0 -7.8754201e-11)
(0.011989637 0 -9.1152458e-11)
(0.011989637 0 -9.9776146e-11)
(0.011989637 0 -1.0545975e-10)
(0.011989637 0 -1.1020262e-10)
(0.011989637 0 -1.1475523e-10)
(0.011989637 0 -1.1766199e-10)
(0.011989637 0 -1.1727099e-10)
(0.011989637 0 -1.1443425e-10)
(0.011989637 0 -1.1230664e-10)
(0.011989637 0 -1.1309211e-10)
(0.011989637 0 -1.1570243e-10)
(0.011989637 0 -1.173248e-10)
(0.011989637 0 -1.1672799e-10)
(0.011989637 0 -1.1497915e-10)
(0.011989637 0 -1.1329494e-10)
(0.011989637 0 -1.1191466e-10)
(0.011989637 0 -1.1164227e-10)
(0.011989637 0 -1.146641e-10)
(0.011989637 0 -1.2219164e-10)
(0.011989638 0 -1.3256796e-10)
(0.011989638 0 -1.4394798e-10)
(0.011989638 0 -1.5805938e-10)
(0.011989638 0 -1.7850772e-10)
(0.011989638 0 -2.0566959e-10)
(0.011989638 0 -2.3683591e-10)
(0.011989638 0 -2.719433e-10)
(0.011989638 0 -3.1486851e-10)
(0.011989638 0 -3.6735627e-10)
(0.011989638 0 -4.2636887e-10)
(0.011989638 0 -4.9020168e-10)
(0.011989638 0 -5.6232104e-10)
(0.011989638 0 -6.458441e-10)
(0.011989638 0 -7.395762e-10)
(0.011989638 0 -8.42857e-10)
(0.011989638 0 -9.5816359e-10)
(0.011989639 0 -1.0864297e-09)
(0.011989639 0 -1.2276683e-09)
(0.011989639 0 -1.387389e-09)
(0.011989639 0 -1.5727716e-09)
(0.011989639 0 -1.7835833e-09)
(0.01198964 0 -2.0170759e-09)
(0.01198964 0 -2.2769919e-09)
(0.01198964 0 -2.5695108e-09)
(0.011989641 0 -2.900001e-09)
(0.011989641 0 -3.2765004e-09)
(0.011989642 0 -3.7043798e-09)
(0.011989642 0 -4.1839168e-09)
(0.011989643 0 -4.7201831e-09)
(0.011989644 0 -5.3226329e-09)
(0.011989645 0 -6.0018123e-09)
(0.011989645 0 -6.7716738e-09)
(0.011989647 0 -7.6400507e-09)
(0.011989648 0 -8.6129352e-09)
(0.011989649 0 -9.7072038e-09)
(0.011989651 0 -1.0940057e-08)
(0.011989652 0 -1.2326902e-08)
(0.011989654 0 -1.3891287e-08)
(0.011989657 0 -1.5647042e-08)
(0.011989659 0 -1.7618288e-08)
(0.011989662 0 -1.9827241e-08)
(0.011989665 0 -2.2306267e-08)
(0.011989669 0 -2.5080227e-08)
(0.011989673 0 -2.8176318e-08)
(0.011989678 0 -3.1621734e-08)
(0.011989683 0 -3.544859e-08)
(0.011989689 0 -3.9691405e-08)
(0.011989696 0 -4.4381243e-08)
(0.011989703 0 -4.9535689e-08)
(0.011989712 0 -5.5170596e-08)
(0.011989722 0 -6.130705e-08)
(0.011989732 0 -6.7957083e-08)
(0.011989745 0 -7.5108024e-08)
(0.011989758 0 -8.2724078e-08)
(0.011989773 0 -9.0756778e-08)
(0.01198979 0 -9.9140553e-08)
(0.011989808 0 -1.0777696e-07)
(0.011989828 0 -1.1652786e-07)
(0.011989851 0 -1.2521878e-07)
(0.011989875 0 -1.3364548e-07)
(0.011989901 0 -1.4162227e-07)
(0.011989927 0 -1.4883575e-07)
(0.011989969 0 -1.5535539e-07)
(0.0099999114 0 0.00019515129)
(0.0099947111 0 0.00058440223)
(0.0099839695 0 0.00098674373)
(0.0099689084 0 0.0014196347)
(0.0099533455 0 0.0019011883)
(0.0099438304 0 0.0024510704)
(0.009951061 0 0.0030914788)
(0.0099924253 0 0.0038472959)
(0.010093756 0 0.0047436105)
(0.010294753 0 0.0057944856)
(0.010611728 0 0.0069613356)
(0.01108879 0 0.0080577964)
(0.011308558 0 0.0081926272)
(0.01058599 0 0.0068329375)
(0.0086056129 0 0.0043264979)
(0.0058694112 0 0.0018648631)
(0.0042987394 0 0.00065427361)
(0.0036316104 0 0.00018103913)
(0.0035064034 0 -4.3236455e-05)
(0.0038058244 0 -0.00023680714)
(0.0043954174 0 -0.0005154135)
(0.005146039 0 -0.00092176205)
(0.0059289814 0 -0.0014295652)
(0.0066606903 0 -0.0019780566)
(0.0073059538 0 -0.0025060448)
(0.0078607352 0 -0.0029713252)
(0.0083343555 0 -0.0033511391)
(0.0087402239 0 -0.0036367944)
(0.0090915866 0 -0.0038288965)
(0.0093996929 0 -0.0039338525)
(0.0096733559 0 -0.0039613052)
(0.0099191571 0 -0.0039222913)
(0.010141881 0 -0.0038280613)
(0.010344947 0 -0.0036893826)
(0.010530761 0 -0.00351616)
(0.010700999 0 -0.0033172688)
(0.010856832 0 -0.0031005233)
(0.010999096 0 -0.0028727201)
(0.011128432 0 -0.0026397118)
(0.011245383 0 -0.0024064831)
(0.01135047 0 -0.0021772165)
(0.011444244 0 -0.0019553454)
(0.011527311 0 -0.0017436002)
(0.011600345 0 -0.0015440525)
(0.011664077 0 -0.0013581654)
(0.011719287 0 -0.0011868514)
(0.011766776 0 -0.0010305394)
(0.011807344 0 -0.00088924726)
(0.011841773 0 -0.00076265627)
(0.011870804 0 -0.00065018403)
(0.011895127 0 -0.00055105172)
(0.011915373 0 -0.00046434402)
(0.01193211 0 -0.00038906058)
(0.011945846 0 -0.00032415909)
(0.011957027 0 -0.00026859026)
(0.011966043 0 -0.00022132579)
(0.011973237 0 -0.00018137987)
(0.011978903 0 -0.00014782517)
(0.011983297 0 -0.00011980384)
(0.011986638 0 -9.6534347e-05)
(0.011989115 0 -7.7314467e-05)
(0.011990887 0 -6.1521271e-05)
(0.011992092 0 -4.8608596e-05)
(0.011992845 0 -3.8102682e-05)
(0.011993241 0 -2.9596535e-05)
(0.011993361 0 -2.2743534e-05)
(0.011993273 0 -1.7250727e-05)
(0.011993029 0 -1.287219e-05)
(0.011992674 0 -9.4026944e-06)
(0.011992244 0 -6.6718653e-06)
(0.011991767 0 -4.5389022e-06)
(0.011991265 0 -2.8879104e-06)
(0.011990754 0 -1.6238193e-06)
(0.011990247 0 -6.6888657e-07)
(0.011989755 0 4.0272596e-08)
(0.011989283 0 5.5508516e-07)
(0.011988836 0 9.1727187e-07)
(0.011988416 0 1.1605129e-06)
(0.011988027 0 1.3118988e-06)
(0.011987667 0 1.3931504e-06)
(0.011987336 0 1.4216057e-06)
(0.011987035 0 1.4110289e-06)
(0.011986761 0 1.3722831e-06)
(0.011986512 0 1.3138877e-06)
(0.011986289 0 1.242476e-06)
(0.011986088 0 1.1631634e-06)
(0.011985908 0 1.0798461e-06)
(0.011985747 0 9.9544456e-07)
(0.011985603 0 9.1210621e-07)
(0.011985476 0 8.3137132e-07)
(0.011985363 0 7.5430634e-07)
(0.011985262 0 6.81608e-07)
(0.011985174 0 6.1368597e-07)
(0.011985096 0 5.5073092e-07)
(0.011985027 0 4.927716e-07)
(0.011984966 0 4.3972097e-07)
(0.011984913 0 3.914106e-07)
(0.011984867 0 3.47615e-07)
(0.011984826 0 3.0806973e-07)
(0.01198479 0 2.7248698e-07)
(0.011984759 0 2.405696e-07)
(0.011984732 0 2.1202235e-07)
(0.011984708 0 1.8655862e-07)
(0.011984687 0 1.6390303e-07)
(0.011984669 0 1.437921e-07)
(0.011984654 0 1.2597563e-07)
(0.01198464 0 1.1021956e-07)
(0.011984628 0 9.630886e-08)
(0.011984618 0 8.4048728e-08)
(0.011984609 0 7.3263083e-08)
(0.011984602 0 6.3791599e-08)
(0.011984595 0 5.5487202e-08)
(0.01198459 0 4.8215289e-08)
(0.011984585 0 4.1854351e-08)
(0.01198458 0 3.6296555e-08)
(0.011984577 0 3.1447015e-08)
(0.011984574 0 2.7221716e-08)
(0.011984571 0 2.3545145e-08)
(0.011984569 0 2.0348837e-08)
(0.011984567 0 1.7571266e-08)
(0.011984565 0 1.5158435e-08)
(0.011984564 0 1.3064053e-08)
(0.011984562 0 1.1248652e-08)
(0.011984561 0 9.6778873e-09)
(0.01198456 0 8.3208807e-09)
(0.01198456 0 7.1494189e-09)
(0.011984559 0 6.1381432e-09)
(0.011984558 0 5.2651153e-09)
(0.011984558 0 4.5119696e-09)
(0.011984557 0 3.8632628e-09)
(0.011984557 0 3.3053247e-09)
(0.011984557 0 2.8254035e-09)
(0.011984557 0 2.4116863e-09)
(0.011984556 0 2.0540429e-09)
(0.011984556 0 1.7447347e-09)
(0.011984556 0 1.478275e-09)
(0.011984556 0 1.2502913e-09)
(0.011984556 0 1.0561662e-09)
(0.011984556 0 8.9052e-10)
(0.011984556 0 7.4794095e-10)
(0.011984556 0 6.2431395e-10)
(0.011984555 0 5.1748147e-10)
(0.011984555 0 4.2649069e-10)
(0.011984555 0 3.50016e-10)
(0.011984555 0 2.8538768e-10)
(0.011984555 0 2.2916363e-10)
(0.011984555 0 1.7876694e-10)
(0.011984555 0 1.3362792e-10)
(0.011984555 0 9.4677128e-11)
(0.011984555 0 6.2651574e-11)
(0.011984555 0 3.6792864e-11)
(0.011984555 0 1.5022502e-11)
(0.011984555 0 -4.8103678e-12)
(0.011984555 0 -2.39499e-11)
(0.011984555 0 -4.2755213e-11)
(0.011984555 0 -6.1145965e-11)
(0.011984555 0 -7.8668268e-11)
(0.011984555 0 -9.4370544e-11)
(0.011984555 0 -1.0725789e-10)
(0.011984555 0 -1.1724988e-10)
(0.011984555 0 -1.2538056e-10)
(0.011984555 0 -1.3247413e-10)
(0.011984555 0 -1.3769822e-10)
(0.011984555 0 -1.3925003e-10)
(0.011984555 0 -1.3699732e-10)
(0.011984556 0 -1.3386583e-10)
(0.011984556 0 -1.3354326e-10)
(0.011984556 0 -1.3659222e-10)
(0.011984556 0 -1.397176e-10)
(0.011984556 0 -1.3944504e-10)
(0.011984556 0 -1.3579821e-10)
(0.011984556 0 -1.3159375e-10)
(0.011984556 0 -1.2896686e-10)
(0.011984556 0 -1.2813394e-10)
(0.011984556 0 -1.2928635e-10)
(0.011984556 0 -1.3351464e-10)
(0.011984556 0 -1.4101339e-10)
(0.011984556 0 -1.5048931e-10)
(0.011984556 0 -1.6208013e-10)
(0.011984556 0 -1.7898225e-10)
(0.011984556 0 -2.0370751e-10)
(0.011984556 0 -2.3438662e-10)
(0.011984556 0 -2.6819551e-10)
(0.011984556 0 -3.0721862e-10)
(0.011984556 0 -3.5647876e-10)
(0.011984556 0 -4.1666919e-10)
(0.011984556 0 -4.840977e-10)
(0.011984556 0 -5.5791119e-10)
(0.011984556 0 -6.4141838e-10)
(0.011984556 0 -7.3599843e-10)
(0.011984556 0 -8.4044824e-10)
(0.011984556 0 -9.5645233e-10)
(0.011984556 0 -1.0875669e-09)
(0.011984557 0 -1.2341873e-09)
(0.011984557 0 -1.3972077e-09)
(0.011984557 0 -1.5826551e-09)
(0.011984557 0 -1.7946788e-09)
(0.011984557 0 -2.0313025e-09)
(0.011984558 0 -2.2939636e-09)
(0.011984558 0 -2.5906004e-09)
(0.011984558 0 -2.9269821e-09)
(0.011984559 0 -3.3077385e-09)
(0.011984559 0 -3.7401709e-09)
(0.011984559 0 -4.226973e-09)
(0.01198456 0 -4.7704857e-09)
(0.011984561 0 -5.3833453e-09)
(0.011984561 0 -6.0772564e-09)
(0.011984562 0 -6.8594449e-09)
(0.011984563 0 -7.7417147e-09)
(0.011984564 0 -8.732092e-09)
(0.011984565 0 -9.8445328e-09)
(0.011984566 0 -1.1101317e-08)
(0.011984567 0 -1.2519685e-08)
(0.011984569 0 -1.4116784e-08)
(0.011984571 0 -1.5911785e-08)
(0.011984573 0 -1.7929634e-08)
(0.011984575 0 -2.0200851e-08)
(0.011984578 0 -2.2754898e-08)
(0.011984581 0 -2.5621167e-08)
(0.011984584 0 -2.882659e-08)
(0.011984588 0 -3.2409654e-08)
(0.011984592 0 -3.6413655e-08)
(0.011984597 0 -4.0876634e-08)
(0.011984602 0 -4.582904e-08)
(0.011984609 0 -5.1306137e-08)
(0.011984616 0 -5.734756e-08)
(0.011984624 0 -6.398741e-08)
(0.011984633 0 -7.1246537e-08)
(0.011984643 0 -7.913452e-08)
(0.011984654 0 -8.7648094e-08)
(0.011984667 0 -9.6762126e-08)
(0.011984682 0 -1.0643062e-07)
(0.011984698 0 -1.1658037e-07)
(0.011984716 0 -1.2708973e-07)
(0.011984736 0 -1.3778758e-07)
(0.011984759 0 -1.4846909e-07)
(0.011984783 0 -1.5888634e-07)
(0.01198481 0 -1.6877496e-07)
(0.011984837 0 -1.7769272e-07)
(0.011984881 0 -1.8574406e-07)
(0.010000723 0 0.00019372891)
(0.01001107 0 0.00058047529)
(0.010031396 0 0.00097917238)
(0.01006459 0 0.001405179)
(0.010115383 0 0.0018738772)
(0.010192013 0 0.0024010333)
(0.01030754 0 0.0030031106)
(0.01048209 0 0.0036967686)
(0.010744758 0 0.0044963441)
(0.011139106 0 0.0054063041)
(0.011700913 0 0.0063933996)
(0.012473148 0 0.007349843)
(0.013279796 0 0.0077927273)
(0.01368039 0 0.007304066)
(0.013348217 0 0.0059483585)
(0.012272278 0 0.0041248059)
(0.010935338 0 0.0023612045)
(0.0097897095 0 0.0010405832)
(0.0091374411 0 0.00014623593)
(0.0089055504 0 -0.00049920915)
(0.008984495 0 -0.001039871)
(0.0092642923 0 -0.0015547671)
(0.0096310308 0 -0.0020627971)
(0.010005384 0 -0.0025508833)
(0.01034636 0 -0.002997244)
(0.010638072 0 -0.0033823092)
(0.010878505 0 -0.0036924884)
(0.011072717 0 -0.00392116)
(0.011228478 0 -0.0040680273)
(0.011353725 0 -0.0041375706)
(0.011455418 0 -0.0041373478)
(0.011539181 0 -0.0040765343)
(0.011609338 0 -0.0039648508)
(0.011669086 0 -0.0038118609)
(0.011720714 0 -0.0036265523)
(0.011765806 0 -0.0034171237)
(0.011805433 0 -0.003190909)
(0.011840304 0 -0.0029543811)
(0.011870892 0 -0.0027131919)
(0.011897524 0 -0.002472219)
(0.01192046 0 -0.0022356058)
(0.011939935 0 -0.002006792)
(0.011956192 0 -0.0017885391)
(0.011969499 0 -0.0015829585)
(0.011980149 0 -0.0013915492)
(0.011988455 0 -0.0012152472)
(0.011994737 0 -0.0010544883)
(0.01199931 0 -0.00090928031)
(0.012002473 0 -0.00077927937)
(0.012004494 0 -0.00066386647)
(0.012005612 0 -0.00056221893)
(0.012006026 0 -0.00047337436)
(0.012005899 0 -0.00039628547)
(0.012005366 0 -0.00032986554)
(0.012004529 0 -0.00027302496)
(0.012003468 0 -0.00022469979)
(0.012002247 0 -0.00018387336)
(0.012000914 0 -0.00014959195)
(0.011999506 0 -0.00012097523)
(0.011998055 0 -9.7222477e-05)
(0.011996585 0 -7.7615022e-05)
(0.011995117 0 -6.1515704e-05)
(0.011993668 0 -4.8365967e-05)
(0.011992253 0 -3.7681195e-05)
(0.011990883 0 -2.9044852e-05)
(0.011989569 0 -2.210193e-05)
(0.011988318 0 -1.6552139e-05)
(0.011987135 0 -1.2143169e-05)
(0.011986024 0 -8.6642944e-06)
(0.011984987 0 -5.9404425e-06)
(0.011984024 0 -3.8268356e-06)
(0.011983135 0 -2.2042642e-06)
(0.011982318 0 -9.7490749e-07)
(0.011981571 0 -5.8784859e-08)
(0.01198089 0 6.0917241e-07)
(0.011980272 0 1.0818512e-06)
(0.011979713 0 1.402059e-06)
(0.011979209 0 1.6042703e-06)
(0.011978756 0 1.7161672e-06)
(0.01197835 0 1.7598832e-06)
(0.011977987 0 1.7530204e-06)
(0.011977663 0 1.709493e-06)
(0.011977375 0 1.6402286e-06)
(0.011977119 0 1.553747e-06)
(0.011976892 0 1.4566318e-06)
(0.011976692 0 1.3539111e-06)
(0.011976515 0 1.2493663e-06)
(0.011976358 0 1.1457871e-06)
(0.011976221 0 1.0451821e-06)
(0.0119761 0 9.4895002e-07)
(0.011975994 0 8.5801565e-07)
(0.011975901 0 7.729367e-07)
(0.011975819 0 6.9398897e-07)
(0.011975748 0 6.2123669e-07)
(0.011975686 0 5.5459053e-07)
(0.011975631 0 4.9385321e-07)
(0.011975584 0 4.3875336e-07)
(0.011975543 0 3.8896999e-07)
(0.011975507 0 3.4415149e-07)
(0.011975476 0 3.0393184e-07)
(0.011975449 0 2.6794397e-07)
(0.011975425 0 2.3582944e-07)
(0.011975405 0 2.0724362e-07)
(0.011975388 0 1.8185782e-07)
(0.011975372 0 1.5936067e-07)
(0.011975359 0 1.3946027e-07)
(0.011975348 0 1.2188688e-07)
(0.011975338 0 1.0639459e-07)
(0.01197533 0 9.2760765e-08)
(0.011975322 0 8.0783464e-08)
(0.011975316 0 7.0278481e-08)
(0.011975311 0 6.1077589e-08)
(0.011975306 0 5.3028336e-08)
(0.011975302 0 4.5994439e-08)
(0.011975299 0 3.9855404e-08)
(0.011975296 0 3.4504743e-08)
(0.011975294 0 2.9847433e-08)
(0.011975291 0 2.5797832e-08)
(0.01197529 0 2.2278861e-08)
(0.011975288 0 1.9222254e-08)
(0.011975287 0 1.6568907e-08)
(0.011975286 0 1.4268337e-08)
(0.011975285 0 1.2277073e-08)
(0.011975284 0 1.0556647e-08)
(0.011975283 0 9.07209e-09)
(0.011975282 0 7.7915159e-09)
(0.011975282 0 6.6865855e-09)
(0.011975282 0 5.7330422e-09)
(0.011975281 0 4.9106348e-09)
(0.011975281 0 4.2022701e-09)
(0.011975281 0 3.5928444e-09)
(0.01197528 0 3.0685087e-09)
(0.01197528 0 2.6167503e-09)
(0.01197528 0 2.2269702e-09)
(0.01197528 0 1.8908566e-09)
(0.01197528 0 1.6019921e-09)
(0.01197528 0 1.3547824e-09)
(0.01197528 0 1.1435187e-09)
(0.01197528 0 9.6234656e-10)
(0.011975279 0 8.0612865e-10)
(0.011975279 0 6.7136611e-10)
(0.011975279 0 5.5615522e-10)
(0.011975279 0 4.5896625e-10)
(0.011975279 0 3.7726816e-10)
(0.011975279 0 3.073351e-10)
(0.011975279 0 2.455514e-10)
(0.011975279 0 1.9010472e-10)
(0.011975279 0 1.4139841e-10)
(0.011975279 0 1.0059488e-10)
(0.011975279 0 6.756338e-11)
(0.011975279 0 4.0136608e-11)
(0.011975279 0 1.5302357e-11)
(0.011975279 0 -8.8939239e-12)
(0.011975279 0 -3.2567149e-11)
(0.011975279 0 -5.4852523e-11)
(0.011975279 0 -7.516685e-11)
(0.011975279 0 -9.3537477e-11)
(0.011975279 0 -1.1009614e-10)
(0.011975279 0 -1.247449e-10)
(0.011975279 0 -1.3736795e-10)
(0.011975279 0 -1.4788336e-10)
(0.011975279 0 -1.5570068e-10)
(0.011975279 0 -1.5961041e-10)
(0.011975279 0 -1.5918567e-10)
(0.01197528 0 -1.5647142e-10)
(0.01197528 0 -1.5525873e-10)
(0.01197528 0 -1.5760418e-10)
(0.01197528 0 -1.6125267e-10)
(0.01197528 0 -1.6167138e-10)
(0.01197528 0 -1.5704459e-10)
(0.01197528 0 -1.5030744e-10)
(0.01197528 0 -1.4566916e-10)
(0.01197528 0 -1.4424759e-10)
(0.01197528 0 -1.4435265e-10)
(0.01197528 0 -1.45152e-10)
(0.01197528 0 -1.479836e-10)
(0.01197528 0 -1.5413338e-10)
(0.01197528 0 -1.6378386e-10)
(0.01197528 0 -1.7791047e-10)
(0.01197528 0 -1.9854123e-10)
(0.01197528 0 -2.2560471e-10)
(0.01197528 0 -2.5644395e-10)
(0.01197528 0 -2.9103594e-10)
(0.01197528 0 -3.3474547e-10)
(0.01197528 0 -3.9210447e-10)
(0.01197528 0 -4.6049247e-10)
(0.01197528 0 -5.3469298e-10)
(0.01197528 0 -6.1517454e-10)
(0.01197528 0 -7.0644819e-10)
(0.01197528 0 -8.1022444e-10)
(0.01197528 0 -9.2638108e-10)
(0.01197528 0 -1.0571001e-09)
(0.01197528 0 -1.2038963e-09)
(0.01197528 0 -1.3657462e-09)
(0.011975281 0 -1.5455789e-09)
(0.011975281 0 -1.7509399e-09)
(0.011975281 0 -1.984622e-09)
(0.011975281 0 -2.2452108e-09)
(0.011975281 0 -2.5372529e-09)
(0.011975282 0 -2.8686647e-09)
(0.011975282 0 -3.2429738e-09)
(0.011975282 0 -3.664833e-09)
(0.011975282 0 -4.1425014e-09)
(0.011975283 0 -4.6809675e-09)
(0.011975283 0 -5.2867286e-09)
(0.011975284 0 -5.9720617e-09)
(0.011975284 0 -6.7444325e-09)
(0.011975285 0 -7.6111767e-09)
(0.011975286 0 -8.5893767e-09)
(0.011975287 0 -9.6908964e-09)
(0.011975288 0 -1.0931686e-08)
(0.011975289 0 -1.2335167e-08)
(0.01197529 0 -1.3913249e-08)
(0.011975291 0 -1.5692252e-08)
(0.011975293 0 -1.7694875e-08)
(0.011975295 0 -1.9953521e-08)
(0.011975296 0 -2.2496406e-08)
(0.011975299 0 -2.5356903e-08)
(0.011975301 0 -2.8571009e-08)
(0.011975304 0 -3.2177216e-08)
(0.011975308 0 -3.62177e-08)
(0.011975311 0 -4.0737914e-08)
(0.011975316 0 -4.5785731e-08)
(0.011975321 0 -5.1406766e-08)
(0.011975326 0 -5.7644288e-08)
(0.011975333 0 -6.4545494e-08)
(0.01197534 0 -7.2161217e-08)
(0.011975348 0 -8.0525248e-08)
(0.011975358 0 -8.9649677e-08)
(0.011975368 0 -9.9544541e-08)
(0.011975381 0 -1.1020724e-07)
(0.011975394 0 -1.2159513e-07)
(0.01197541 0 -1.3361923e-07)
(0.011975428 0 -1.4614554e-07)
(0.011975448 0 -1.5899309e-07)
(0.01197547 0 -1.7192193e-07)
(0.011975495 0 -1.8460271e-07)
(0.011975522 0 -1.9667075e-07)
(0.01197555 0 -2.0757029e-07)
(0.011975596 0 -2.1739367e-07)
(0.01000138 0 0.00018502867)
(0.010024829 0 0.00055462233)
(0.010071375 0 0.00093465317)
(0.010144944 0 0.0013380643)
(0.010250236 0 0.0017772425)
(0.010395576 0 0.002263912)
(0.010593895 0 0.0028088973)
(0.010864134 0 0.0034210888)
(0.011232281 0 0.0041047901)
(0.011734412 0 0.0048544064)
(0.012404338 0 0.0056370879)
(0.013276896 0 0.0063815494)
(0.014288977 0 0.006837406)
(0.015192265 0 0.0067253442)
(0.01571095 0 0.0059770367)
(0.015702585 0 0.0047340049)
(0.015276413 0 0.0032959413)
(0.014662287 0 0.0019376671)
(0.014078508 0 0.00078414382)
(0.01363864 0 -0.00016327484)
(0.01336531 0 -0.00094424932)
(0.013234402 0 -0.0016118583)
(0.013193392 0 -0.0021953149)
(0.013196302 0 -0.0027049514)
(0.013211548 0 -0.0031415377)
(0.013220469 0 -0.0035020389)
(0.013214205 0 -0.0037833502)
(0.013190619 0 -0.0039846898)
(0.01315141 0 -0.0041084373)
(0.01309994 0 -0.0041598214)
(0.013039906 0 -0.004146112)
(0.01297466 0 -0.0040757469)
(0.012906933 0 -0.0039575972)
(0.01283879 0 -0.0038004317)
(0.012771698 0 -0.0036125689)
(0.012706639 0 -0.0034016836)
(0.01264423 0 -0.0031747221)
(0.012584832 0 -0.002937887)
(0.012528632 0 -0.0026966526)
(0.012475707 0 -0.0024557901)
(0.012426069 0 -0.0022193875)
(0.012379695 0 -0.0019908634)
(0.012336544 0 -0.0017729783)
(0.012296568 0 -0.0015678519)
(0.012259712 0 -0.0013769911)
(0.012225915 0 -0.0012013352)
(0.012195101 0 -0.0010413148)
(0.01216718 0 -0.00089692429)
(0.012142038 0 -0.00076779938)
(0.012119542 0 -0.00065329649)
(0.012099535 0 -0.00055256708)
(0.012081841 0 -0.00046462435)
(0.012066273 0 -0.00038840018)
(0.012052633 0 -0.00032279191)
(0.012040723 0 -0.00026669929)
(0.012030351 0 -0.00021905285)
(0.012021332 0 -0.00017883485)
(0.012013494 0 -0.00014509391)
(0.012006681 0 -0.00011695446)
(0.012000756 0 -9.3621979e-05)
(0.011995594 0 -7.438455e-05)
(0.011991091 0 -5.8611741e-05)
(0.011987155 0 -4.5751249e-05)
(0.011983709 0 -3.5324001e-05)
(0.011980686 0 -2.6918184e-05)
(0.01197803 0 -2.0182697e-05)
(0.011975694 0 -1.4820416e-05)
(0.011973637 0 -1.0581565e-05)
(0.011971826 0 -7.2574375e-06)
(0.01197023 0 -4.6745706e-06)
(0.011968823 0 -2.6894412e-06)
(0.011967583 0 -1.1839383e-06)
(0.011966492 0 -6.1137164e-08)
(0.011965531 0 7.5806756e-07)
(0.011964686 0 1.338067e-06)
(0.011963943 0 1.7311295e-06)
(0.01196329 0 1.9793979e-06)
(0.011962718 0 2.1167547e-06)
(0.011962216 0 2.1703245e-06)
(0.011961776 0 2.1617038e-06)
(0.011961392 0 2.1079811e-06)
(0.011961055 0 2.0225857e-06)
(0.011960762 0 1.9159915e-06)
(0.011960505 0 1.7962954e-06)
(0.011960282 0 1.6696853e-06)
(0.011960088 0 1.5408198e-06)
(0.011959918 0 1.4131379e-06)
(0.011959771 0 1.2891155e-06)
(0.011959643 0 1.1704752e-06)
(0.011959532 0 1.0583559e-06)
(0.011959436 0 9.5344649e-07)
(0.011959353 0 8.5609071e-07)
(0.011959281 0 7.6637162e-07)
(0.011959218 0 6.8418095e-07)
(0.011959164 0 6.0927518e-07)
(0.011959118 0 5.4131871e-07)
(0.011959077 0 4.7991586e-07)
(0.011959043 0 4.2463451e-07)
(0.011959013 0 3.7502479e-07)
(0.011958987 0 3.3063437e-07)
(0.011958965 0 2.9102021e-07)
(0.011958946 0 2.5575614e-07)
(0.011958929 0 2.2443674e-07)
(0.011958915 0 1.9667919e-07)
(0.011958903 0 1.7212499e-07)
(0.011958893 0 1.5044212e-07)
(0.011958884 0 1.313267e-07)
(0.011958877 0 1.1450299e-07)
(0.01195887 0 9.9721265e-08)
(0.011958865 0 8.6754728e-08)
(0.01195886 0 7.5396921e-08)
(0.011958856 0 6.5460653e-08)
(0.011958853 0 5.6777894e-08)
(0.01195885 0 4.9199456e-08)
(0.011958847 0 4.2593504e-08)
(0.011958845 0 3.6842962e-08)
(0.011958843 0 3.1842882e-08)
(0.011958842 0 2.7498873e-08)
(0.011958841 0 2.3726792e-08)
(0.011958839 0 2.0453028e-08)
(0.011958839 0 1.7614333e-08)
(0.011958838 0 1.5156513e-08)
(0.011958837 0 1.3032323e-08)
(0.011958837 0 1.1199424e-08)
(0.011958836 0 9.6192218e-09)
(0.011958836 0 8.2568125e-09)
(0.011958835 0 7.081581e-09)
(0.011958835 0 6.0675843e-09)
(0.011958835 0 5.1932269e-09)
(0.011958835 0 4.4402763e-09)
(0.011958834 0 3.7926984e-09)
(0.011958834 0 3.2359668e-09)
(0.011958834 0 2.757073e-09)
(0.011958834 0 2.3448715e-09)
(0.011958834 0 1.9902308e-09)
(0.011958834 0 1.6856473e-09)
(0.011958834 0 1.4244786e-09)
(0.011958834 0 1.2004446e-09)
(0.011958834 0 1.0078266e-09)
(0.011958834 0 8.4208146e-10)
(0.011958834 0 7.0014409e-10)
(0.011958834 0 5.7983944e-10)
(0.011958834 0 4.7864573e-10)
(0.011958834 0 3.9293866e-10)
(0.011958834 0 3.1860218e-10)
(0.011958834 0 2.526189e-10)
(0.011958834 0 1.9421084e-10)
(0.011958834 0 1.4424922e-10)
(0.011958834 0 1.0318484e-10)
(0.011958834 0 6.9382962e-11)
(0.011958834 0 3.9518591e-11)
(0.011958834 0 1.0691074e-11)
(0.011958834 0 -1.7767993e-11)
(0.011958834 0 -4.4552122e-11)
(0.011958834 0 -6.8344266e-11)
(0.011958834 0 -8.9326228e-11)
(0.011958834 0 -1.0876782e-10)
(0.011958834 0 -1.2748048e-10)
(0.011958834 0 -1.4494136e-10)
(0.011958834 0 -1.5980139e-10)
(0.011958834 0 -1.7085671e-10)
(0.011958834 0 -1.7746209e-10)
(0.011958834 0 -1.7972237e-10)
(0.011958834 0 -1.7907218e-10)
(0.011958834 0 -1.7831024e-10)
(0.011958834 0 -1.797615e-10)
(0.011958834 0 -1.8268967e-10)
(0.011958834 0 -1.8330548e-10)
(0.011958834 0 -1.7862215e-10)
(0.011958834 0 -1.7027171e-10)
(0.011958834 0 -1.6320169e-10)
(0.011958834 0 -1.6025485e-10)
(0.011958834 0 -1.5948105e-10)
(0.011958834 0 -1.5773267e-10)
(0.011958834 0 -1.5551588e-10)
(0.011958834 0 -1.5650491e-10)
(0.011958834 0 -1.6311051e-10)
(0.011958834 0 -1.7492601e-10)
(0.011958834 0 -1.913097e-10)
(0.011958834 0 -2.126212e-10)
(0.011958834 0 -2.3864632e-10)
(0.011958834 0 -2.6932343e-10)
(0.011958834 0 -3.0802884e-10)
(0.011958834 0 -3.5994807e-10)
(0.011958834 0 -4.2502843e-10)
(0.011958834 0 -4.9704795e-10)
(0.011958834 0 -5.7284796e-10)
(0.011958834 0 -6.5772609e-10)
(0.011958834 0 -7.5796934e-10)
(0.011958834 0 -8.7353139e-10)
(0.011958834 0 -1.0020664e-09)
(0.011958835 0 -1.1438919e-09)
(0.011958835 0 -1.2998169e-09)
(0.011958835 0 -1.4717846e-09)
(0.011958835 0 -1.6669808e-09)
(0.011958835 0 -1.8921885e-09)
(0.011958835 0 -2.1460754e-09)
(0.011958835 0 -2.4269348e-09)
(0.011958835 0 -2.7417097e-09)
(0.011958836 0 -3.0991869e-09)
(0.011958836 0 -3.5047825e-09)
(0.011958836 0 -3.9647551e-09)
(0.011958836 0 -4.484376e-09)
(0.011958837 0 -5.0674009e-09)
(0.011958837 0 -5.7230819e-09)
(0.011958837 0 -6.4645635e-09)
(0.011958838 0 -7.3025179e-09)
(0.011958838 0 -8.2450728e-09)
(0.011958839 0 -9.3059674e-09)
(0.01195884 0 -1.0503736e-08)
(0.01195884 0 -1.1852488e-08)
(0.011958841 0 -1.3375471e-08)
(0.011958842 0 -1.5090732e-08)
(0.011958843 0 -1.7025987e-08)
(0.011958845 0 -1.9210362e-08)
(0.011958846 0 -2.1676849e-08)
(0.011958848 0 -2.4456326e-08)
(0.01195885 0 -2.758484e-08)
(0.011958852 0 -3.1103322e-08)
(0.011958854 0 -3.5062708e-08)
(0.011958857 0 -3.9515848e-08)
(0.01195886 0 -4.4509077e-08)
(0.011958864 0 -5.0088415e-08)
(0.011958868 0 -5.6317662e-08)
(0.011958873 0 -6.3268714e-08)
(0.011958879 0 -7.0995164e-08)
(0.011958885 0 -7.9543389e-08)
(0.011958892 0 -8.8968762e-08)
(0.011958901 0 -9.9316727e-08)
(0.011958911 0 -1.106139e-07)
(0.011958922 0 -1.2286453e-07)
(0.011958935 0 -1.3603488e-07)
(0.01195895 0 -1.5004696e-07)
(0.011958967 0 -1.6477402e-07)
(0.011958986 0 -1.8002001e-07)
(0.011959009 0 -1.9548912e-07)
(0.011959033 0 -2.1077218e-07)
(0.011959062 0 -2.2541953e-07)
(0.01195909 0 -2.3871414e-07)
(0.011959139 0 -2.5059855e-07)
(0.010001888 0 0.00017033345)
(0.010035996 0 0.00051064831)
(0.010103883 0 0.00085980645)
(0.010209924 0 0.001228455)
(0.010357987 0 0.0016262106)
(0.010555231 0 0.0020612279)
(0.010812707 0 0.0025396654)
(0.011145939 0 0.0030645019)
(0.011575168 0 0.0036332342)
(0.012126427 0 0.0042344313)
(0.012824685 0 0.0048379866)
(0.013692801 0 0.0053924285)
(0.014709487 0 0.0057644762)
(0.015744234 0 0.0057819637)
(0.016606276 0 0.005358202)
(0.017143827 0 0.0045320579)
(0.017326124 0 0.0034554961)
(0.01722841 0 0.0023060171)
(0.016971611 0 0.0012100219)
(0.01666261 0 0.0002239242)
(0.016363457 0 -0.00063514047)
(0.016096473 0 -0.0013793056)
(0.015863861 0 -0.0020199201)
(0.015655625 0 -0.0025643682)
(0.01546089 0 -0.0030172645)
(0.015271391 0 -0.0033816923)
(0.01508228 0 -0.0036604257)
(0.014891818 0 -0.0038570752)
(0.014700459 0 -0.0039766915)
(0.014509816 0 -0.0040257813)
(0.014321871 0 -0.0040119677)
(0.014138497 0 -0.003943528)
(0.013961224 0 -0.0038289483)
(0.013791187 0 -0.0036765629)
(0.013629149 0 -0.0034942988)
(0.013475584 0 -0.0032895183)
(0.013330749 0 -0.0030689385)
(0.013194755 0 -0.0028386028)
(0.013067616 0 -0.0026038797)
(0.012949274 0 -0.0023694708)
(0.012839622 0 -0.0021394178)
(0.012738505 0 -0.001917106)
(0.012645728 0 -0.00170527)
(0.012561049 0 -0.0015060055)
(0.012484186 0 -0.0013207963)
(0.01241481 0 -0.001150557)
(0.012352556 0 -0.0009956932)
(0.012297018 0 -0.00085617426)
(0.012247761 0 -0.00073161277)
(0.012204325 0 -0.00062134548)
(0.012166234 0 -0.00052450957)
(0.012133003 0 -0.0004401106)
(0.012104153 0 -0.00036708021)
(0.012079215 0 -0.00030432278)
(0.01205774 0 -0.00025075192)
(0.012039305 0 -0.00020531762)
(0.01202352 0 -0.00016702583)
(0.012010029 0 -0.0001349515)
(0.011998514 0 -0.00010824666)
(0.011988692 0 -8.6144225e-05)
(0.011980316 0 -6.7958609e-05)
(0.01197317 0 -5.3083839e-05)
(0.011967072 0 -4.0989764e-05)
(0.011961863 0 -3.1216922e-05)
(0.011957409 0 -2.3370561e-05)
(0.011953598 0 -1.7114205e-05)
(0.011950334 0 -1.2163134e-05)
(0.011947535 0 -8.2780004e-06)
(0.011945133 0 -5.2588407e-06)
(0.011943071 0 -2.9394952e-06)
(0.011941299 0 -1.1823932e-06)
(0.011939776 0 1.2537415e-07)
(0.011938467 0 1.0764239e-06)
(0.011937342 0 1.7463226e-06)
(0.011936374 0 2.1965133e-06)
(0.011935542 0 2.4766024e-06)
(0.011934826 0 2.6265213e-06)
(0.011934211 0 2.6782609e-06)
(0.011933683 0 2.6573064e-06)
(0.011933229 0 2.5838293e-06)
(0.011932839 0 2.4736794e-06)
(0.011932505 0 2.33921e-06)
(0.011932218 0 2.1899596e-06)
(0.011931972 0 2.0332081e-06)
(0.011931761 0 1.8744275e-06)
(0.01193158 0 1.7176481e-06)
(0.011931425 0 1.5657591e-06)
(0.011931293 0 1.4207565e-06)
(0.011931179 0 1.2839446e-06)
(0.011931083 0 1.1560973e-06)
(0.011931 0 1.0375837e-06)
(0.011930929 0 9.2846798e-07)
(0.011930869 0 8.2858993e-07)
(0.011930817 0 7.3762975e-07)
(0.011930774 0 6.5515982e-07)
(0.011930736 0 5.8068367e-07)
(0.011930705 0 5.1366485e-07)
(0.011930678 0 4.5354865e-07)
(0.011930655 0 3.9977912e-07)
(0.011930635 0 3.5181243e-07)
(0.011930619 0 3.0912612e-07)
(0.011930605 0 2.7122446e-07)
(0.011930593 0 2.3764112e-07)
(0.011930583 0 2.0794055e-07)
(0.011930574 0 1.8171957e-07)
(0.011930567 0 1.5860864e-07)
(0.011930561 0 1.3827195e-07)
(0.011930556 0 1.2040563e-07)
(0.011930552 0 1.0473455e-07)
(0.011930548 0 9.1009137e-08)
(0.011930545 0 7.900331e-08)
(0.011930542 0 6.8513758e-08)
(0.01193054 0 5.9359457e-08)
(0.011930539 0 5.1380359e-08)
(0.011930537 0 4.4434879e-08)
(0.011930536 0 3.8396804e-08)
(0.011930535 0 3.3152875e-08)
(0.011930534 0 2.860172e-08)
(0.011930533 0 2.4653808e-08)
(0.011930533 0 2.1231475e-08)
(0.011930532 0 1.8268115e-08)
(0.011930532 0 1.5706277e-08)
(0.011930531 0 1.3495325e-08)
(0.011930531 0 1.1589621e-08)
(0.011930531 0 9.9477174e-09)
(0.011930531 0 8.5325626e-09)
(0.011930531 0 7.3120703e-09)
(0.01193053 0 6.2592885e-09)
(0.01193053 0 5.3518622e-09)
(0.01193053 0 4.5709542e-09)
(0.01193053 0 3.900049e-09)
(0.01193053 0 3.3242023e-09)
(0.01193053 0 2.8299147e-09)
(0.01193053 0 2.405326e-09)
(0.01193053 0 2.0403748e-09)
(0.01193053 0 1.7266572e-09)
(0.01193053 0 1.4570099e-09)
(0.01193053 0 1.2252238e-09)
(0.01193053 0 1.0260999e-09)
(0.01193053 0 8.5556661e-10)
(0.01193053 0 7.1047716e-10)
(0.01193053 0 5.8791708e-10)
(0.01193053 0 4.8440853e-10)
(0.01193053 0 3.9586974e-10)
(0.01193053 0 3.1862729e-10)
(0.01193053 0 2.506528e-10)
(0.01193053 0 1.9179339e-10)
(0.01193053 0 1.4245472e-10)
(0.01193053 0 1.0167784e-10)
(0.01193053 0 6.6516617e-11)
(0.01193053 0 3.3534862e-11)
(0.01193053 0 1.0617566e-12)
(0.01193053 0 -3.0017393e-11)
(0.01193053 0 -5.7835035e-11)
(0.01193053 0 -8.1944361e-11)
(0.01193053 0 -1.0396276e-10)
(0.01193053 0 -1.2579219e-10)
(0.01193053 0 -1.4747508e-10)
(0.01193053 0 -1.669864e-10)
(0.01193053 0 -1.8202811e-10)
(0.01193053 0 -1.9181667e-10)
(0.01193053 0 -1.9722383e-10)
(0.01193053 0 -1.9983912e-10)
(0.01193053 0 -2.0132807e-10)
(0.01193053 0 -2.0298847e-10)
(0.01193053 0 -2.0477125e-10)
(0.01193053 0 -2.046467e-10)
(0.01193053 0 -2.0012924e-10)
(0.01193053 0 -1.9141744e-10)
(0.01193053 0 -1.823442e-10)
(0.01193053 0 -1.7675553e-10)
(0.01193053 0 -1.741424e-10)
(0.01193053 0 -1.7064301e-10)
(0.01193053 0 -1.6480579e-10)
(0.01193053 0 -1.6043498e-10)
(0.01193053 0 -1.6235751e-10)
(0.01193053 0 -1.7097307e-10)
(0.01193053 0 -1.8320171e-10)
(0.01193053 0 -1.9773613e-10)
(0.01193053 0 -2.1659821e-10)
(0.01193053 0 -2.4230898e-10)
(0.01193053 0 -2.7687231e-10)
(0.01193053 0 -3.2287154e-10)
(0.01193053 0 -3.8122453e-10)
(0.01193053 0 -4.480154e-10)
(0.01193053 0 -5.1887434e-10)
(0.01193053 0 -5.9705706e-10)
(0.01193053 0 -6.9104936e-10)
(0.01193053 0 -8.032393e-10)
(0.011930531 0 -9.2798666e-10)
(0.011930531 0 -1.0617506e-09)
(0.011930531 0 -1.2075888e-09)
(0.011930531 0 -1.3702537e-09)
(0.011930531 0 -1.5548348e-09)
(0.011930531 0 -1.7670153e-09)
(0.011930531 0 -2.0071818e-09)
(0.011930531 0 -2.2715519e-09)
(0.011930531 0 -2.5645918e-09)
(0.011930531 0 -2.8988394e-09)
(0.011930531 0 -3.2816684e-09)
(0.011930532 0 -3.7152997e-09)
(0.011930532 0 -4.2034095e-09)
(0.011930532 0 -4.7504114e-09)
(0.011930532 0 -5.3667797e-09)
(0.011930532 0 -6.0670138e-09)
(0.011930533 0 -6.8568719e-09)
(0.011930533 0 -7.7458016e-09)
(0.011930534 0 -8.7487371e-09)
(0.011930534 0 -9.8736551e-09)
(0.011930535 0 -1.114504e-08)
(0.011930535 0 -1.2582661e-08)
(0.011930536 0 -1.4201702e-08)
(0.011930537 0 -1.6029356e-08)
(0.011930537 0 -1.8091146e-08)
(0.011930538 0 -2.0424121e-08)
(0.011930539 0 -2.305719e-08)
(0.011930541 0 -2.6026516e-08)
(0.011930542 0 -2.9378716e-08)
(0.011930544 0 -3.3163404e-08)
(0.011930546 0 -3.7428043e-08)
(0.011930548 0 -4.2223878e-08)
(0.01193055 0 -4.7617235e-08)
(0.011930553 0 -5.367478e-08)
(0.011930557 0 -6.0460248e-08)
(0.011930561 0 -6.8050531e-08)
(0.011930565 0 -7.652363e-08)
(0.011930571 0 -8.5944721e-08)
(0.011930577 0 -9.6386578e-08)
(0.011930584 0 -1.0792407e-07)
(0.011930593 0 -1.2060731e-07)
(0.011930603 0 -1.3445599e-07)
(0.011930615 0 -1.4946438e-07)
(0.011930628 0 -1.6558805e-07)
(0.011930645 0 -1.8271019e-07)
(0.011930663 0 -2.0061487e-07)
(0.011930685 0 -2.1897171e-07)
(0.01193071 0 -2.3732768e-07)
(0.011930739 0 -2.5509761e-07)
(0.011930768 0 -2.7134877e-07)
(0.01193082 0 -2.8573744e-07)
(0.010002276 0 0.00015081796)
(0.01004499 0 0.00045205929)
(0.010130102 0 0.00076073645)
(0.010261932 0 0.0010856624)
(0.010442903 0 0.0014342299)
(0.010678159 0 0.0018118015)
(0.010975918 0 0.0022211105)
(0.011347459 0 0.0026612195)
(0.011806911 0 0.0031258063)
(0.012371199 0 0.0036010642)
(0.013055917 0 0.0040606048)
(0.013872704 0 0.0044650562)
(0.014811453 0 0.0047386734)
(0.015803973 0 0.004780636)
(0.016732292 0 0.0045234384)
(0.017477506 0 0.0039669108)
(0.017971324 0 0.0031818178)
(0.018213336 0 0.0022742681)
(0.018252229 0 0.0013410405)
(0.018153152 0 0.00044698759)
(0.017970542 0 -0.00037544833)
(0.017740227 0 -0.0011099514)
(0.017484514 0 -0.0017518453)
(0.017214835 0 -0.0023003956)
(0.016936913 0 -0.002756823)
(0.016654031 0 -0.0031236219)
(0.016368647 0 -0.0034043386)
(0.016083156 0 -0.0036036102)
(0.01580003 0 -0.0037272134)
(0.015521673 0 -0.00378195)
(0.01525022 0 -0.0037753918)
(0.014987425 0 -0.0037155606)
(0.014734623 0 -0.0036106115)
(0.014492771 0 -0.0034685594)
(0.014262519 0 -0.0032970687)
(0.01404429 0 -0.0031033079)
(0.013838348 0 -0.0028938609)
(0.013644852 0 -0.002674682)
(0.013463881 0 -0.0024510753)
(0.013295447 0 -0.0022276883)
(0.013139488 0 -0.0020085088)
(0.012995866 0 -0.0017968643)
(0.012864357 0 -0.0015954268)
(0.012744646 0 -0.0014062269)
(0.012636326 0 -0.0012306839)
(0.012538907 0 -0.0010696519)
(0.012451822 0 -0.00092348311)
(0.012374441 0 -0.00079210258)
(0.012306087 0 -0.00067508984)
(0.012246053 0 -0.00057176057)
(0.012193615 0 -0.00048124331)
(0.012148049 0 -0.0004025472)
(0.012108648 0 -0.00033461869)
(0.012074729 0 -0.00027638702)
(0.012045646 0 -0.00022679878)
(0.012020798 0 -0.00018484317)
(0.011999633 0 -0.00014956942)
(0.011981649 0 -0.00012009785)
(0.011966401 0 -9.5626067e-05)
(0.011953492 0 -7.543127e-05)
(0.011942575 0 -5.8869726e-05)
(0.011933351 0 -4.5374054e-05)
(0.01192556 0 -3.4448969e-05)
(0.011918982 0 -2.5665962e-05)
(0.011913426 0 -1.8657357e-05)
(0.011908735 0 -1.3110069e-05)
(0.011904773 0 -8.7594088e-06)
(0.011901425 0 -5.3829886e-06)
(0.011898596 0 -2.7952155e-06)
(0.011896206 0 -8.4192239e-07)
(0.011894185 0 6.0387275e-07)
(0.011892477 0 1.6469393e-06)
(0.011891033 0 2.3727268e-06)
(0.011889813 0 2.8508446e-06)
(0.011888781 0 3.1376079e-06)
(0.01188791 0 3.2783693e-06)
(0.011887174 0 3.309476e-06)
(0.011886553 0 3.2598824e-06)
(0.011886028 0 3.1524933e-06)
(0.011885586 0 3.0052865e-06)
(0.011885213 0 2.8322475e-06)
(0.011884898 0 2.644145e-06)
(0.011884634 0 2.4491677e-06)
(0.011884411 0 2.2534423e-06)
(0.011884224 0 2.0614539e-06)
(0.011884066 0 1.876388e-06)
(0.011883934 0 1.7004128e-06)
(0.011883823 0 1.5349093e-06)
(0.01188373 0 1.3806568e-06)
(0.011883652 0 1.23798e-06)
(0.011883587 0 1.1068633e-06)
(0.011883532 0 9.8704189e-07)
(0.011883487 0 8.7807505e-07)
(0.011883449 0 7.7940412e-07)
(0.011883417 0 6.9039731e-07)
(0.011883391 0 6.1038314e-07)
(0.011883369 0 5.3867518e-07)
(0.011883351 0 4.7459074e-07)
(0.011883336 0 4.1746521e-07)
(0.011883324 0 3.6666254e-07)
(0.011883314 0 3.2158147e-07)
(0.011883305 0 2.8165867e-07)
(0.011883299 0 2.4636998e-07)
(0.011883293 0 2.1523117e-07)
(0.011883288 0 1.8779856e-07)
(0.011883285 0 1.63669e-07)
(0.011883282 0 1.4247801e-07)
(0.011883279 0 1.2389652e-07)
(0.011883277 0 1.0762702e-07)
(0.011883276 0 9.3400537e-08)
(0.011883274 0 8.0974942e-08)
(0.011883273 0 7.0134235e-08)
(0.011883273 0 6.0687315e-08)
(0.011883272 0 5.2465622e-08)
(0.011883272 0 4.5319834e-08)
(0.011883271 0 3.9116595e-08)
(0.011883271 0 3.3736397e-08)
(0.011883271 0 2.9072896e-08)
(0.011883271 0 2.5032848e-08)
(0.011883271 0 2.1535715e-08)
(0.011883271 0 1.8512313e-08)
(0.011883271 0 1.590254e-08)
(0.011883271 0 1.3653092e-08)
(0.011883271 0 1.1715937e-08)
(0.011883271 0 1.0047806e-08)
(0.011883271 0 8.6104709e-09)
(0.011883271 0 7.3712052e-09)
(0.011883271 0 6.3027296e-09)
(0.011883271 0 5.3825073e-09)
(0.011883271 0 4.5915697e-09)
(0.011883271 0 3.9132203e-09)
(0.011883271 0 3.3321711e-09)
(0.011883271 0 2.8343493e-09)
(0.011883271 0 2.4071429e-09)
(0.011883271 0 2.0397894e-09)
(0.011883271 0 1.7235396e-09)
(0.011883271 0 1.4513851e-09)
(0.011883271 0 1.2176233e-09)
(0.011883271 0 1.0175122e-09)
(0.011883271 0 8.4696805e-10)
(0.011883271 0 7.0226951e-10)
(0.011883271 0 5.7973196e-10)
(0.011883271 0 4.7549518e-10)
(0.011883271 0 3.8584818e-10)
(0.011883271 0 3.0802249e-10)
(0.011883271 0 2.4067477e-10)
(0.011883271 0 1.8341599e-10)
(0.011883271 0 1.354952e-10)
(0.011883271 0 9.4698086e-11)
(0.011883271 0 5.7776471e-11)
(0.011883271 0 2.2285976e-11)
(0.011883271 0 -1.1969877e-11)
(0.011883271 0 -4.3464159e-11)
(0.011883271 0 -7.1122715e-11)
(0.011883271 0 -9.5975914e-11)
(0.011883271 0 -1.2031105e-10)
(0.011883271 0 -1.4510268e-10)
(0.011883271 0 -1.6864175e-10)
(0.011883271 0 -1.8795701e-10)
(0.011883271 0 -2.0152857e-10)
(0.011883271 0 -2.1042297e-10)
(0.011883271 0 -2.1681612e-10)
(0.011883271 0 -2.2191678e-10)
(0.011883271 0 -2.2557273e-10)
(0.011883271 0 -2.2714678e-10)
(0.011883271 0 -2.2596314e-10)
(0.011883271 0 -2.2128908e-10)
(0.011883271 0 -2.130771e-10)
(0.011883272 0 -2.0315932e-10)
(0.011883272 0 -1.9456935e-10)
(0.011883272 0 -1.8847578e-10)
(0.011883272 0 -1.8262651e-10)
(0.011883272 0 -1.7462157e-10)
(0.011883272 0 -1.6636706e-10)
(0.011883272 0 -1.6301338e-10)
(0.011883272 0 -1.6691347e-10)
(0.011883272 0 -1.7500227e-10)
(0.011883272 0 -1.838477e-10)
(0.011883272 0 -1.9524207e-10)
(0.011883272 0 -2.1429727e-10)
(0.011883272 0 -2.4379076e-10)
(0.011883272 0 -2.8338356e-10)
(0.011883272 0 -3.3252106e-10)
(0.011883272 0 -3.9042111e-10)
(0.011883272 0 -4.5527141e-10)
(0.011883272 0 -5.2803736e-10)
(0.011883272 0 -6.1480502e-10)
(0.011883272 0 -7.1964737e-10)
(0.011883272 0 -8.3776627e-10)
(0.011883272 0 -9.6260524e-10)
(0.011883272 0 -1.0967257e-09)
(0.011883272 0 -1.2484377e-09)
(0.011883272 0 -1.4222014e-09)
(0.011883272 0 -1.619022e-09)
(0.011883272 0 -1.8396481e-09)
(0.011883272 0 -2.083239e-09)
(0.011883272 0 -2.3523762e-09)
(0.011883272 0 -2.6587615e-09)
(0.011883272 0 -3.0124231e-09)
(0.011883272 0 -3.4128752e-09)
(0.011883272 0 -3.8611583e-09)
(0.011883272 0 -4.3657337e-09)
(0.011883273 0 -4.934406e-09)
(0.011883273 0 -5.5788818e-09)
(0.011883273 0 -6.3130412e-09)
(0.011883273 0 -7.1368494e-09)
(0.011883273 0 -8.0567632e-09)
(0.011883274 0 -9.1001431e-09)
(0.011883274 0 -1.02788e-08)
(0.011883274 0 -1.1605858e-08)
(0.011883275 0 -1.3103213e-08)
(0.011883275 0 -1.4787577e-08)
(0.011883275 0 -1.6697025e-08)
(0.011883276 0 -1.8854513e-08)
(0.011883277 0 -2.1295907e-08)
(0.011883277 0 -2.4052349e-08)
(0.011883278 0 -2.7168272e-08)
(0.011883279 0 -3.0692501e-08)
(0.01188328 0 -3.4678613e-08)
(0.011883282 0 -3.9183417e-08)
(0.011883283 0 -4.4260626e-08)
(0.011883285 0 -4.9979862e-08)
(0.011883287 0 -5.6429492e-08)
(0.011883289 0 -6.3689169e-08)
(0.011883292 0 -7.1831912e-08)
(0.011883296 0 -8.0953067e-08)
(0.0118833 0 -9.1158135e-08)
(0.011883305 0 -1.0254339e-07)
(0.011883311 0 -1.1519772e-07)
(0.011883318 0 -1.2920461e-07)
(0.011883326 0 -1.4463111e-07)
(0.011883336 0 -1.6151496e-07)
(0.011883348 0 -1.7984505e-07)
(0.011883363 0 -1.9952855e-07)
(0.01188338 0 -2.2037138e-07)
(0.011883401 0 -2.4204928e-07)
(0.011883425 0 -2.6406172e-07)
(0.011883455 0 -2.8562696e-07)
(0.011883485 0 -3.0571744e-07)
(0.01188354 0 -3.2325096e-07)
(0.01000258 0 0.0001273778)
(0.010052537 0 0.00038153501)
(0.010152121 0 0.00064214297)
(0.010305171 0 0.00091689618)
(0.010512148 0 0.0012116744)
(0.010775608 0 0.0015298687)
(0.011100479 0 0.0018718849)
(0.011493714 0 0.0022343885)
(0.011963876 0 0.0026091897)
(0.012520582 0 0.0029820687)
(0.013171802 0 0.0033303574)
(0.013921133 0 0.0036232459)
(0.014759939 0 0.003814188)
(0.015649781 0 0.0038446049)
(0.016520209 0 0.0036697202)
(0.017289486 0 0.0032792465)
(0.017893544 0 0.0027045252)
(0.018304971 0 0.0020061145)
(0.018532294 0 0.0012500678)
(0.018605543 0 0.00049047267)
(0.018559677 0 -0.00023619573)
(0.018425341 0 -0.00090573591)
(0.018227132 0 -0.0015042039)
(0.017983512 0 -0.0020240876)
(0.017708052 0 -0.0024620333)
(0.017410909 0 -0.0028176547)
(0.017099941 0 -0.003092766)
(0.016781418 0 -0.0032909199)
(0.016460432 0 -0.003417095)
(0.01614111 0 -0.0034774051)
(0.015826749 0 -0.0034787921)
(0.015519927 0 -0.0034287138)
(0.015222622 0 -0.0033348486)
(0.014936333 0 -0.0032048343)
(0.014662192 0 -0.0030460554)
(0.01440106 0 -0.0028654829)
(0.0141536 0 -0.0026695629)
(0.01392032 0 -0.0024641467)
(0.013701597 0 -0.0022544502)
(0.013497685 0 -0.0020450316)
(0.013308703 0 -0.0018397806)
(0.013134633 0 -0.0016419158)
(0.012975307 0 -0.0014539928)
(0.012830408 0 -0.0012779241)
(0.012699474 0 -0.0011150157)
(0.012581915 0 -0.00096602017)
(0.012477029 0 -0.00083120374)
(0.012384024 0 -0.00071042494)
(0.012302048 0 -0.00060321725)
(0.012230207 0 -0.00050887084)
(0.012167595 0 -0.00042650806)
(0.012113311 0 -0.00035514924)
(0.012066477 0 -0.00029376704)
(0.012026254 0 -0.00024132911)
(0.011991852 0 -0.00019682983)
(0.01196254 0 -0.00015931276)
(0.011937648 0 -0.00012788531)
(0.011916573 0 -0.00010172746)
(0.011898774 0 -8.0095867e-05)
(0.011883775 0 -6.2324542e-05)
(0.011871158 0 -4.7823095e-05)
(0.011860561 0 -3.6073198e-05)
(0.011851671 0 -2.6623876e-05)
(0.011844222 0 -1.9086006e-05)
(0.011837984 0 -1.31265e-05)
(0.011832764 0 -8.4622588e-06)
(0.0118284 0 -4.8544447e-06)
(0.011824752 0 -2.102636e-06)
(0.011821706 0 -4.0014215e-08)
(0.011819162 0 1.4716713e-06)
(0.011817041 0 2.5461592e-06)
(0.011815272 0 3.2770417e-06)
(0.011813798 0 3.7404049e-06)
(0.011812571 0 3.997873e-06)
(0.011811551 0 4.0991106e-06)
(0.011810703 0 4.0839097e-06)
(0.011809999 0 3.983939e-06)
(0.011809415 0 3.8242127e-06)
(0.011808932 0 3.6243183e-06)
(0.011808532 0 3.3994422e-06)
(0.011808202 0 3.1612222e-06)
(0.01180793 0 2.9184512e-06)
(0.011807706 0 2.677653e-06)
(0.011807522 0 2.443549e-06)
(0.011807372 0 2.2194377e-06)
(0.011807248 0 2.0075052e-06)
(0.011807148 0 1.8090786e-06)
(0.011807066 0 1.6248317e-06)
(0.011807 0 1.4549481e-06)
(0.011806946 0 1.2992498e-06)
(0.011806903 0 1.1572974e-06)
(0.011806868 0 1.0284701e-06)
(0.011806841 0 9.1202844e-07)
(0.011806819 0 8.0716304e-07)
(0.011806802 0 7.1303114e-07)
(0.011806788 0 6.2878337e-07)
(0.011806778 0 5.5358363e-07)
(0.01180677 0 4.8662404e-07)
(0.011806764 0 4.2713575e-07)
(0.01180676 0 3.7439574e-07)
(0.011806756 0 3.2772987e-07)
(0.011806754 0 2.8651356e-07)
(0.011806753 0 2.501716e-07)
(0.011806752 0 2.181778e-07)
(0.011806752 0 1.9005433e-07)
(0.011806752 0 1.6536995e-07)
(0.011806752 0 1.4373644e-07)
(0.011806752 0 1.2480414e-07)
(0.011806753 0 1.0825779e-07)
(0.011806753 0 9.3813657e-08)
(0.011806754 0 8.121809e-08)
(0.011806755 0 7.0246358e-08)
(0.011806755 0 6.0700595e-08)
(0.011806756 0 5.2406513e-08)
(0.011806757 0 4.52096e-08)
(0.011806757 0 3.8971845e-08)
(0.011806758 0 3.3569904e-08)
(0.011806758 0 2.8894576e-08)
(0.011806759 0 2.4850552e-08)
(0.011806759 0 2.1355619e-08)
(0.01180676 0 1.8338946e-08)
(0.01180676 0 1.5738728e-08)
(0.01180676 0 1.3500073e-08)
(0.011806761 0 1.1573756e-08)
(0.011806761 0 9.9158406e-09)
(0.011806761 0 8.48792e-09)
(0.011806761 0 7.2574288e-09)
(0.011806761 0 6.1974019e-09)
(0.011806762 0 5.2856188e-09)
(0.011806762 0 4.5033063e-09)
(0.011806762 0 3.8337117e-09)
(0.011806762 0 3.2611954e-09)
(0.011806762 0 2.7711553e-09)
(0.011806762 0 2.3505241e-09)
(0.011806762 0 1.9884408e-09)
(0.011806762 0 1.6765293e-09)
(0.011806762 0 1.4084208e-09)
(0.011806763 0 1.1789121e-09)
(0.011806763 0 9.8327924e-10)
(0.011806763 0 8.1694241e-10)
(0.011806763 0 6.755364e-10)
(0.011806763 0 5.5511582e-10)
(0.011806763 0 4.5221716e-10)
(0.011806763 0 3.639661e-10)
(0.011806763 0 2.8826083e-10)
(0.011806763 0 2.2367372e-10)
(0.011806763 0 1.6895465e-10)
(0.011806763 0 1.2236238e-10)
(0.011806763 0 8.1400145e-11)
(0.011806763 0 4.3565803e-11)
(0.011806763 0 7.6079497e-12)
(0.011806763 0 -2.612721e-11)
(0.011806763 0 -5.680892e-11)
(0.011806763 0 -8.4694362e-11)
(0.011806763 0 -1.1142802e-10)
(0.011806763 0 -1.3836714e-10)
(0.011806763 0 -1.6467916e-10)
(0.011806763 0 -1.8767487e-10)
(0.011806763 0 -2.0529643e-10)
(0.011806763 0 -2.1808026e-10)
(0.011806763 0 -2.2835903e-10)
(0.011806763 0 -2.3752585e-10)
(0.011806763 0 -2.4460726e-10)
(0.011806763 0 -2.4776196e-10)
(0.011806763 0 -2.4645564e-10)
(0.011806763 0 -2.4158643e-10)
(0.011806763 0 -2.3410252e-10)
(0.011806763 0 -2.2452357e-10)
(0.011806763 0 -2.1381448e-10)
(0.011806763 0 -2.0346091e-10)
(0.011806763 0 -1.9387285e-10)
(0.011806763 0 -1.8392816e-10)
(0.011806763 0 -1.7352788e-10)
(0.011806763 0 -1.6553997e-10)
(0.011806763 0 -1.6313213e-10)
(0.011806763 0 -1.6566915e-10)
(0.011806763 0 -1.6990298e-10)
(0.011806763 0 -1.7579114e-10)
(0.011806763 0 -1.8823112e-10)
(0.011806763 0 -2.113799e-10)
(0.011806763 0 -2.4418346e-10)
(0.011806763 0 -2.8390002e-10)
(0.011806763 0 -3.3098134e-10)
(0.011806763 0 -3.8760598e-10)
(0.011806763 0 -4.5474577e-10)
(0.011806763 0 -5.3391785e-10)
(0.011806763 0 -6.2778398e-10)
(0.011806763 0 -7.3524769e-10)
(0.011806763 0 -8.5111658e-10)
(0.011806763 0 -9.7510207e-10)
(0.011806763 0 -1.1148441e-09)
(0.011806763 0 -1.275712e-09)
(0.011806763 0 -1.4556751e-09)
(0.011806763 0 -1.6535589e-09)
(0.011806763 0 -1.8730835e-09)
(0.011806763 0 -2.1185627e-09)
(0.011806763 0 -2.3960573e-09)
(0.011806763 0 -2.7138208e-09)
(0.011806763 0 -3.0744081e-09)
(0.011806763 0 -3.4772396e-09)
(0.011806763 0 -3.9310144e-09)
(0.011806763 0 -4.4492568e-09)
(0.011806763 0 -5.037605e-09)
(0.011806763 0 -5.6984663e-09)
(0.011806764 0 -6.4422597e-09)
(0.011806764 0 -7.2829149e-09)
(0.011806764 0 -8.2295324e-09)
(0.011806764 0 -9.2969566e-09)
(0.011806764 0 -1.0501278e-08)
(0.011806764 0 -1.1855871e-08)
(0.011806764 0 -1.3387257e-08)
(0.011806764 0 -1.5115357e-08)
(0.011806765 0 -1.707148e-08)
(0.011806765 0 -1.9282655e-08)
(0.011806765 0 -2.1785839e-08)
(0.011806765 0 -2.4617698e-08)
(0.011806766 0 -2.7828421e-08)
(0.011806766 0 -3.1469895e-08)
(0.011806767 0 -3.5589264e-08)
(0.011806767 0 -4.0248574e-08)
(0.011806768 0 -4.5525135e-08)
(0.011806769 0 -5.1494926e-08)
(0.01180677 0 -5.8237033e-08)
(0.011806772 0 -6.5847735e-08)
(0.011806773 0 -7.4427948e-08)
(0.011806775 0 -8.4087485e-08)
(0.011806778 0 -9.4951989e-08)
(0.011806781 0 -1.0714774e-07)
(0.011806785 0 -1.2079538e-07)
(0.01180679 0 -1.3602391e-07)
(0.011806797 0 -1.5295743e-07)
(0.011806805 0 -1.7168529e-07)
(0.011806815 0 -1.9225042e-07)
(0.011806827 0 -2.1462944e-07)
(0.011806842 0 -2.3869831e-07)
(0.011806861 0 -2.6415655e-07)
(0.011806884 0 -2.9048362e-07)
(0.011806914 0 -3.1675363e-07)
(0.011806945 0 -3.4199528e-07)
(0.011807004 0 -3.6348171e-07)
(0.010002844 0 0.00010049685)
(0.010059628 0 0.00030051919)
(0.010172799 0 0.00050667349)
(0.010345263 0 0.00072646812)
(0.01057494 0 0.00096503987)
(0.010861278 0 0.0012245157)
(0.011205655 0 0.0015037551)
(0.011610896 0 0.0017979593)
(0.012080826 0 0.0020981018)
(0.012619577 0 0.0023904321)
(0.013229719 0 0.0026555897)
(0.013910006 0 0.0028692252)
(0.014651506 0 0.0030004282)
(0.015429686 0 0.0030139189)
(0.016201517 0 0.0028816146)
(0.016913714 0 0.0025938446)
(0.017517626 0 0.0021648999)
(0.017982446 0 0.0016291184)
(0.018299543 0 0.0010293676)
(0.01847785 0 0.0004061067)
(0.018535402 0 -0.00020823482)
(0.018492655 0 -0.00078930505)
(0.018369357 0 -0.0013200403)
(0.018183015 0 -0.0017892789)
(0.017948436 0 -0.0021903893)
(0.017677926 0 -0.0025202408)
(0.017381654 0 -0.0027784537)
(0.017068005 0 -0.0029668429)
(0.016743873 0 -0.0030889836)
(0.016414907 0 -0.0031498333)
(0.016085703 0 -0.0031553776)
(0.015759984 0 -0.0031122945)
(0.015440755 0 -0.0030276402)
(0.015130441 0 -0.002908569)
(0.014831007 0 -0.0027620963)
(0.014544046 0 -0.0025949111)
(0.014270847 0 -0.0024132378)
(0.014012445 0 -0.0022227404)
(0.013769635 0 -0.0020284622)
(0.013542989 0 -0.0018347901)
(0.013332856 0 -0.001645437)
(0.013139361 0 -0.0014634394)
(0.012962407 0 -0.0012911696)
(0.012801687 0 -0.0011303635)
(0.012656699 0 -0.00098216482)
(0.012526771 0 -0.00084718503)
(0.012411092 0 -0.00072557598)
(0.012308743 0 -0.00061711072)
(0.012218735 0 -0.00052126669)
(0.012140036 0 -0.00043730593)
(0.012071604 0 -0.0003643478)
(0.01201241 0 -0.00030143117)
(0.011961459 0 -0.00024756484)
(0.011917805 0 -0.00020176626)
(0.011880562 0 -0.00016308945)
(0.011848915 0 -0.00013064399)
(0.01182212 0 -0.00010360661)
(0.011799508 0 -8.1227284e-05)
(0.011780482 0 -6.283119e-05)
(0.011764517 0 -4.781776e-05)
(0.011751151 0 -3.5657732e-05)
(0.011739987 0 -2.588881e-05)
(0.011730678 0 -1.8110607e-05)
(0.011722931 0 -1.1978954e-05)
(0.011716494 0 -7.2003517e-06)
(0.011711154 0 -3.526056e-06)
(0.01170673 0 -7.4691978e-07)
(0.011703071 0 1.3117077e-06)
(0.011700049 0 2.795222e-06)
(0.011697556 0 3.8234701e-06)
(0.011695504 0 4.4950888e-06)
(0.011693818 0 4.8902148e-06)
(0.011692435 0 5.073961e-06)
(0.011691303 0 5.0987632e-06)
(0.011690378 0 5.0065779e-06)
(0.011689624 0 4.8307303e-06)
(0.011689012 0 4.5974681e-06)
(0.011688516 0 4.327264e-06)
(0.011688115 0 4.0359057e-06)
(0.011687793 0 3.735403e-06)
(0.011687535 0 3.43474e-06)
(0.011687329 0 3.140492e-06)
(0.011687166 0 2.857328e-06)
(0.011687038 0 2.5884188e-06)
(0.011686938 0 2.3357688e-06)
(0.01168686 0 2.1004859e-06)
(0.011686801 0 1.8830003e-06)
(0.011686756 0 1.6832395e-06)
(0.011686723 0 1.5007657e-06)
(0.011686699 0 1.3348831e-06)
(0.011686683 0 1.1847224e-06)
(0.011686672 0 1.0493069e-06)
(0.011686665 0 9.2760294e-07)
(0.011686662 0 8.1855769e-07)
(0.011686661 0 7.2112665e-07)
(0.011686662 0 6.3429331e-07)
(0.011686664 0 5.5708389e-07)
(0.011686667 0 4.8857799e-07)
(0.011686671 0 4.279152e-07)
(0.011686675 0 3.7429784e-07)
(0.01168668 0 3.2699064e-07)
(0.011686684 0 2.8531897e-07)
(0.011686689 0 2.4866714e-07)
(0.011686693 0 2.1647672e-07)
(0.011686697 0 1.8824447e-07)
(0.011686701 0 1.6351875e-07)
(0.011686704 0 1.4189461e-07)
(0.011686708 0 1.2300831e-07)
(0.011686711 0 1.0653312e-07)
(0.011686713 0 9.2176497e-08)
(0.011686716 0 7.967853e-08)
(0.011686718 0 6.8810263e-08)
(0.01168672 0 5.9370835e-08)
(0.011686722 0 5.1183535e-08)
(0.011686724 0 4.4091736e-08)
(0.011686726 0 3.7955688e-08)
(0.011686727 0 3.265084e-08)
(0.011686728 0 2.8067318e-08)
(0.011686729 0 2.4109442e-08)
(0.01168673 0 2.0694669e-08)
(0.011686731 0 1.7751765e-08)
(0.011686732 0 1.5218532e-08)
(0.011686732 0 1.3039882e-08)
(0.011686733 0 1.1166752e-08)
(0.011686733 0 9.5557272e-09)
(0.011686734 0 8.1691781e-09)
(0.011686734 0 6.975436e-09)
(0.011686735 0 5.9483891e-09)
(0.011686735 0 5.0664786e-09)
(0.011686735 0 4.3112798e-09)
(0.011686735 0 3.6660277e-09)
(0.011686736 0 3.1148454e-09)
(0.011686736 0 2.6429726e-09)
(0.011686736 0 2.2375536e-09)
(0.011686736 0 1.8883989e-09)
(0.011686736 0 1.5880364e-09)
(0.011686736 0 1.3307774e-09)
(0.011686736 0 1.111525e-09)
(0.011686736 0 9.2512383e-10)
(0.011686736 0 7.6643339e-10)
(0.011686737 0 6.3091916e-10)
(0.011686737 0 5.1509439e-10)
(0.011686737 0 4.163089e-10)
(0.011686737 0 3.322863e-10)
(0.011686737 0 2.6088342e-10)
(0.011686737 0 2.0005467e-10)
(0.011686737 0 1.479172e-10)
(0.011686737 0 1.0270372e-10)
(0.011686737 0 6.2612078e-11)
(0.011686737 0 2.6012346e-11)
(0.011686737 0 -8.097702e-12)
(0.011686737 0 -4.0095066e-11)
(0.011686737 0 -7.0269922e-11)
(0.011686737 0 -9.9275141e-11)
(0.011686737 0 -1.2781049e-10)
(0.011686737 0 -1.5558286e-10)
(0.011686737 0 -1.8090372e-10)
(0.011686737 0 -2.0200409e-10)
(0.011686737 0 -2.1882342e-10)
(0.011686737 0 -2.3305093e-10)
(0.011686737 0 -2.4606486e-10)
(0.011686737 0 -2.5696602e-10)
(0.011686737 0 -2.6327447e-10)
(0.011686737 0 -2.6374396e-10)
(0.011686737 0 -2.5968353e-10)
(0.011686737 0 -2.5309881e-10)
(0.011686737 0 -2.4440093e-10)
(0.011686737 0 -2.3285618e-10)
(0.011686737 0 -2.1892784e-10)
(0.011686737 0 -2.0481043e-10)
(0.011686737 0 -1.9213625e-10)
(0.011686737 0 -1.8056732e-10)
(0.011686737 0 -1.6975437e-10)
(0.011686737 0 -1.6125353e-10)
(0.011686737 0 -1.5684751e-10)
(0.011686737 0 -1.5616996e-10)
(0.011686737 0 -1.5830016e-10)
(0.011686737 0 -1.6516088e-10)
(0.011686737 0 -1.8041193e-10)
(0.011686737 0 -2.0472726e-10)
(0.011686737 0 -2.3566156e-10)
(0.011686737 0 -2.7310023e-10)
(0.011686737 0 -3.2074576e-10)
(0.011686737 0 -3.8079342e-10)
(0.011686737 0 -4.5170899e-10)
(0.011686737 0 -5.3289952e-10)
(0.011686737 0 -6.2634626e-10)
(0.011686737 0 -7.3197398e-10)
(0.011686737 0 -8.4764432e-10)
(0.011686737 0 -9.7524377e-10)
(0.011686737 0 -1.1195908e-09)
(0.011686737 0 -1.2811194e-09)
(0.011686737 0 -1.4580998e-09)
(0.011686737 0 -1.6540177e-09)
(0.011686737 0 -1.8740424e-09)
(0.011686737 0 -2.1200579e-09)
(0.011686737 0 -2.3964174e-09)
(0.011686737 0 -2.7111633e-09)
(0.011686737 0 -3.0693572e-09)
(0.011686737 0 -3.4752299e-09)
(0.011686737 0 -3.9348747e-09)
(0.011686737 0 -4.4532597e-09)
(0.011686737 0 -5.0396395e-09)
(0.011686737 0 -5.7045031e-09)
(0.011686736 0 -6.4515426e-09)
(0.011686736 0 -7.2936049e-09)
(0.011686736 0 -8.2467604e-09)
(0.011686736 0 -9.3172852e-09)
(0.011686736 0 -1.0523723e-08)
(0.011686736 0 -1.1882088e-08)
(0.011686736 0 -1.3416422e-08)
(0.011686736 0 -1.5155437e-08)
(0.011686736 0 -1.7120319e-08)
(0.011686736 0 -1.9340494e-08)
(0.011686735 0 -2.1856647e-08)
(0.011686735 0 -2.4716109e-08)
(0.011686735 0 -2.7960852e-08)
(0.011686735 0 -3.1640991e-08)
(0.011686735 0 -3.581656e-08)
(0.011686735 0 -4.0554572e-08)
(0.011686735 0 -4.5932833e-08)
(0.011686735 0 -5.2038595e-08)
(0.011686735 0 -5.8954026e-08)
(0.011686735 0 -6.6782467e-08)
(0.011686735 0 -7.5654054e-08)
(0.011686736 0 -8.5698068e-08)
(0.011686737 0 -9.7049174e-08)
(0.011686738 0 -1.0986858e-07)
(0.01168674 0 -1.2432961e-07)
(0.011686743 0 -1.4060901e-07)
(0.011686746 0 -1.5888578e-07)
(0.011686751 0 -1.7932633e-07)
(0.011686758 0 -2.0207073e-07)
(0.011686768 0 -2.2720332e-07)
(0.01168678 0 -2.5470618e-07)
(0.011686796 0 -2.8435989e-07)
(0.011686817 0 -3.1575774e-07)
(0.011686845 0 -3.4786505e-07)
(0.011686876 0 -3.8000758e-07)
(0.011686938 0 -4.0652444e-07)
(0.010003122 0 7.0117013e-05)
(0.010067583 0 0.00020882906)
(0.010195885 0 0.00035437212)
(0.010389329 0 0.00051525532)
(0.010642367 0 0.00069663727)
(0.010950629 0 0.00089986718)
(0.011311654 0 0.0011226357)
(0.011724398 0 0.0013590467)
(0.012188806 0 0.0015995421)
(0.012705146 0 0.0018309544)
(0.013272609 0 0.0020365009)
(0.013887539 0 0.0021965663)
(0.014541225 0 0.002289125)
(0.015216353 0 0.0022915536)
(0.015885308 0 0.0021862114)
(0.016513545 0 0.0019663111)
(0.017066961 0 0.0016392342)
(0.01751972 0 0.0012253234)
(0.017858566 0 0.00075242323)
(0.018082301 0 0.00024963238)
(0.01819806 0 -0.00025699807)
(0.018217429 0 -0.00074593509)
(0.018153898 0 -0.001200415)
(0.018021094 0 -0.0016082378)
(0.017831827 0 -0.0019611648)
(0.017597678 0 -0.002254308)
(0.017328879 0 -0.0024855979)
(0.017034336 0 -0.002655322)
(0.016721736 0 -0.002765714)
(0.016397665 0 -0.0028205741)
(0.016067739 0 -0.0028249039)
(0.015736729 0 -0.0027845556)
(0.015408673 0 -0.0027058998)
(0.015086976 0 -0.0025955242)
(0.014774494 0 -0.0024599737)
(0.014473602 0 -0.0023055407)
(0.014186246 0 -0.0021381049)
(0.013913984 0 -0.0019630201)
(0.013658012 0 -0.0017850388)
(0.013419182 0 -0.0016082679)
(0.01319802 0 -0.0014361474)
(0.012994741 0 -0.0012714494)
(0.012809267 0 -0.0011162949)
(0.012641256 0 -0.00097218933)
(0.012490131 0 -0.00084007325)
(0.012355121 0 -0.00072038862)
(0.012235299 0 -0.00061315492)
(0.012129629 0 -0.00051805091)
(0.012037001 0 -0.00043449647)
(0.011956275 0 -0.00036172952)
(0.011886308 0 -0.00029887413)
(0.011825981 0 -0.00024499769)
(0.011774224 0 -0.00019915614)
(0.011730026 0 -0.00016042771)
(0.01169245 0 -0.00012793651)
(0.011660636 0 -0.00010086758)
(0.011633804 0 -7.8475288e-05)
(0.011611257 0 -6.0086809e-05)
(0.011592374 0 -4.5102032e-05)
(0.011576612 0 -3.2991089e-05)
(0.011563492 0 -2.3290351e-05)
(0.011552604 0 -1.5597386e-05)
(0.011543592 0 -9.5657962e-06)
(0.011536152 0 -4.8992696e-06)
(0.011530026 0 -1.3464604e-06)
(0.011524996 0 1.304437e-06)
(0.011520875 0 3.2310712e-06)
(0.011517508 0 4.5809239e-06)
(0.011514766 0 5.4762174e-06)
(0.01151254 0 6.0172485e-06)
(0.011510738 0 6.2858086e-06)
(0.011509285 0 6.3481132e-06)
(0.011508118 0 6.2574892e-06)
(0.011507185 0 6.0565151e-06)
(0.011506444 0 5.7788947e-06)
(0.011505858 0 5.4510535e-06)
(0.011505398 0 5.0934783e-06)
(0.01150504 0 4.7218402e-06)
(0.011504764 0 4.3479309e-06)
(0.011504554 0 3.9804393e-06)
(0.011504397 0 3.6255914e-06)
(0.011504282 0 3.2876728e-06)
(0.011504199 0 2.9694532e-06)
(0.011504143 0 2.6725307e-06)
(0.011504107 0 2.3976108e-06)
(0.011504086 0 2.1447314e-06)
(0.011504077 0 1.9134421e-06)
(0.011504077 0 1.7029456e-06)
(0.011504083 0 1.512208e-06)
(0.011504093 0 1.3400441e-06)
(0.011504107 0 1.185185e-06)
(0.011504123 0 1.0463287e-06)
(0.01150414 0 9.2217711e-07)
(0.011504157 0 8.1146249e-07)
(0.011504174 0 7.129656e-07)
(0.011504191 0 6.2552873e-07)
(0.011504207 0 5.4806524e-07)
(0.011504222 0 4.7956557e-07)
(0.011504237 0 4.1909928e-07)
(0.01150425 0 3.6581363e-07)
(0.011504262 0 3.1892991e-07)
(0.011504274 0 2.7773946e-07)
(0.011504284 0 2.4160052e-07)
(0.011504294 0 2.0993532e-07)
(0.011504302 0 1.8222656e-07)
(0.01150431 0 1.580124e-07)
(0.011504317 0 1.3688029e-07)
(0.011504323 0 1.1846098e-07)
(0.011504329 0 1.0242404e-07)
(0.011504334 0 8.8475059e-08)
(0.011504338 0 7.6353817e-08)
(0.011504342 0 6.5832132e-08)
(0.011504345 0 5.6710417e-08)
(0.011504349 0 4.8813359e-08)
(0.011504351 0 4.1985755e-08)
(0.011504354 0 3.6089338e-08)
(0.011504356 0 3.100113e-08)
(0.011504358 0 2.6612839e-08)
(0.011504359 0 2.2830242e-08)
(0.011504361 0 1.9572065e-08)
(0.011504362 0 1.6768247e-08)
(0.011504363 0 1.4357798e-08)
(0.011504364 0 1.2287003e-08)
(0.011504365 0 1.0508361e-08)
(0.011504366 0 8.9801227e-09)
(0.011504366 0 7.6663112e-09)
(0.011504367 0 6.536771e-09)
(0.011504367 0 5.5666204e-09)
(0.011504368 0 4.7351307e-09)
(0.011504368 0 4.0242919e-09)
(0.011504368 0 3.4174852e-09)
(0.011504369 0 2.8990302e-09)
(0.011504369 0 2.4547431e-09)
(0.011504369 0 2.0728074e-09)
(0.011504369 0 1.74428e-09)
(0.011504369 0 1.4626629e-09)
(0.011504369 0 1.2225842e-09)
(0.01150437 0 1.0186454e-09)
(0.01150437 0 8.4523739e-10)
(0.01150437 0 6.9715071e-10)
(0.01150437 0 5.703726e-10)
(0.01150437 0 4.6222373e-10)
(0.01150437 0 3.7056742e-10)
(0.01150437 0 2.9301816e-10)
(0.01150437 0 2.2693015e-10)
(0.01150437 0 1.6995841e-10)
(0.01150437 0 1.2058074e-10)
(0.01150437 0 7.7913427e-11)
(0.01150437 0 4.0869488e-11)
(0.01150437 0 7.7172769e-12)
(0.01150437 0 -2.3456971e-11)
(0.01150437 0 -5.4000976e-11)
(0.01150437 0 -8.4291507e-11)
(0.01150437 0 -1.1391157e-10)
(0.01150437 0 -1.4213343e-10)
(0.01150437 0 -1.6815341e-10)
(0.01150437 0 -1.9128569e-10)
(0.01150437 0 -2.1148926e-10)
(0.01150437 0 -2.2950519e-10)
(0.01150437 0 -2.459474e-10)
(0.01150437 0 -2.6011258e-10)
(0.01150437 0 -2.6998902e-10)
(0.01150437 0 -2.7400552e-10)
(0.01150437 0 -2.7274142e-10)
(0.01150437 0 -2.6809227e-10)
(0.01150437 0 -2.6069451e-10)
(0.01150437 0 -2.4931363e-10)
(0.01150437 0 -2.334001e-10)
(0.01150437 0 -2.1537796e-10)
(0.01150437 0 -1.9901116e-10)
(0.01150437 0 -1.854846e-10)
(0.01150437 0 -1.7282488e-10)
(0.01150437 0 -1.5990732e-10)
(0.01150437 0 -1.4909651e-10)
(0.01150437 0 -1.4350023e-10)
(0.01150437 0 -1.433145e-10)
(0.01150437 0 -1.4693962e-10)
(0.01150437 0 -1.5462772e-10)
(0.01150437 0 -1.6854637e-10)
(0.01150437 0 -1.899144e-10)
(0.01150437 0 -2.1913377e-10)
(0.01150437 0 -2.5814656e-10)
(0.01150437 0 -3.0876194e-10)
(0.01150437 0 -3.693087e-10)
(0.01150437 0 -4.3765851e-10)
(0.01150437 0 -5.1657701e-10)
(0.01150437 0 -6.1034672e-10)
(0.01150437 0 -7.174186e-10)
(0.01150437 0 -8.3330408e-10)
(0.01150437 0 -9.5916529e-10)
(0.01150437 0 -1.1001205e-09)
(0.01150437 0 -1.2578331e-09)
(0.01150437 0 -1.4320456e-09)
(0.01150437 0 -1.6246479e-09)
(0.01150437 0 -1.8374359e-09)
(0.01150437 0 -2.0741406e-09)
(0.01150437 0 -2.3445779e-09)
(0.01150437 0 -2.6556847e-09)
(0.011504369 0 -3.0064397e-09)
(0.011504369 0 -3.4015938e-09)
(0.011504369 0 -3.8527404e-09)
(0.011504369 0 -4.3643198e-09)
(0.011504369 0 -4.9414169e-09)
(0.011504369 0 -5.5954527e-09)
(0.011504369 0 -6.3304025e-09)
(0.011504368 0 -7.1567177e-09)
(0.011504368 0 -8.0940469e-09)
(0.011504368 0 -9.1458771e-09)
(0.011504368 0 -1.0329001e-08)
(0.011504367 0 -1.1666329e-08)
(0.011504367 0 -1.3175226e-08)
(0.011504367 0 -1.4882171e-08)
(0.011504366 0 -1.6809437e-08)
(0.011504366 0 -1.8997402e-08)
(0.011504365 0 -2.1479426e-08)
(0.011504364 0 -2.4301421e-08)
(0.011504364 0 -2.7508581e-08)
(0.011504363 0 -3.1151709e-08)
(0.011504362 0 -3.5297039e-08)
(0.011504361 0 -4.0020403e-08)
(0.01150436 0 -4.5389657e-08)
(0.011504359 0 -5.1493788e-08)
(0.011504358 0 -5.8438751e-08)
(0.011504356 0 -6.6335704e-08)
(0.011504355 0 -7.5317644e-08)
(0.011504354 0 -8.5535153e-08)
(0.011504353 0 -9.714979e-08)
(0.011504352 0 -1.1035536e-07)
(0.011504351 0 -1.2536982e-07)
(0.011504351 0 -1.4242279e-07)
(0.011504352 0 -1.6176623e-07)
(0.011504353 0 -1.836681e-07)
(0.011504356 0 -2.0839123e-07)
(0.011504361 0 -2.361643e-07)
(0.011504369 0 -2.6714219e-07)
(0.011504381 0 -3.0130602e-07)
(0.011504398 0 -3.3850666e-07)
(0.011504422 0 -3.7765809e-07)
(0.011504454 0 -4.189799e-07)
(0.011504516 0 -4.5169452e-07)
(0.010003476 0 3.5449964e-05)
(0.010078293 0 0.00010412396)
(0.010226539 0 0.00018203911)
(0.010446585 0 0.00028026002)
(0.010727713 0 0.00040462935)
(0.011060571 0 0.00055582631)
(0.011438452 0 0.00073021591)
(0.011856747 0 0.00092056351)
(0.01231246 0 0.0011164607)
(0.012803508 0 0.0013048756)
(0.013327479 0 0.0014706784)
(0.013880134 0 0.0015974883)
(0.014453891 0 0.0016685881)
(0.015036111 0 0.0016684132)
(0.015608294 0 0.00158549)
(0.016147652 0 0.0014155025)
(0.01663083 0 0.0011630637)
(0.017038292 0 0.00084124556)
(0.017357434 0 0.0004688565)
(0.017583255 0 6.6921741e-05)
(0.017717033 0 -0.00034437771)
(0.017764406 0 -0.00074698663)
(0.017733666 0 -0.0011259193)
(0.017634371 0 -0.0014694733)
(0.017476464 0 -0.0017691132)
(0.017269701 0 -0.0020192212)
(0.017023309 0 -0.0022167991)
(0.016745828 0 -0.0023611476)
(0.016445047 0 -0.0024535345)
(0.016127988 0 -0.0024968536)
(0.015800927 0 -0.0024952759)
(0.015469421 0 -0.0024539003)
(0.015138339 0 -0.0023784165)
(0.014811898 0 -0.002274796)
(0.014493696 0 -0.0021490233)
(0.014186746 0 -0.0020068773)
(0.01389351 0 -0.0018537633)
(0.013615932 0 -0.0016945926)
(0.013355468 0 -0.0015337024)
(0.01311312 0 -0.0013748081)
(0.012889469 0 -0.0012209825)
(0.012684708 0 -0.0010746577)
(0.012498682 0 -0.0009376471)
(0.012330937 0 -0.00081118587)
(0.012180762 0 -0.0006959874)
(0.012047245 0 -0.0005923124)
(0.011929325 0 -0.00050004613)
(0.011825836 0 -0.00041877859)
(0.011735561 0 -0.00034788252)
(0.011657266 0 -0.00028658495)
(0.011589732 0 -0.00023402922)
(0.011531786 0 -0.00018932568)
(0.011482315 0 -0.00015159077)
(0.011440282 0 -0.00011997542)
(0.011404731 0 -9.3683767e-05)
(0.011374796 0 -7.1984443e-05)
(0.011349696 0 -5.4215803e-05)
(0.011328736 0 -3.9787004e-05)
(0.011311303 0 -2.8176151e-05)
(0.011296859 0 -1.8926561e-05)
(0.011284937 0 -1.1641969e-05)
(0.011275134 0 -5.9809612e-06)
(0.011267105 0 -1.6518681e-06)
(0.011260553 0 1.5927711e-06)
(0.011255228 0 3.9620074e-06)
(0.011250919 0 5.6306724e-06)
(0.011247448 0 6.7444228e-06)
(0.011244665 0 7.4236939e-06)
(0.011242447 0 7.7671153e-06)
(0.01124069 0 7.8551596e-06)
(0.011239308 0 7.7529177e-06)
(0.01123823 0 7.5126078e-06)
(0.011237398 0 7.1757764e-06)
(0.011236763 0 6.7751474e-06)
(0.011236286 0 6.336204e-06)
(0.011235935 0 5.8785269e-06)
(0.011235683 0 5.4169175e-06)
(0.011235509 0 4.9623351e-06)
(0.011235395 0 4.5226744e-06)
(0.011235329 0 4.1034071e-06)
(0.011235298 0 3.7081067e-06)
(0.011235294 0 3.3388751e-06)
(0.011235309 0 2.9966894e-06)
(0.011235338 0 2.6816801e-06)
(0.011235377 0 2.3933563e-06)
(0.011235422 0 2.1307825e-06)
(0.011235471 0 1.8927181e-06)
(0.011235521 0 1.6777247e-06)
(0.011235571 0 1.4842502e-06)
(0.01123562 0 1.3106932e-06)
(0.011235667 0 1.1554523e-06)
(0.011235711 0 1.0169612e-06)
(0.011235753 0 8.9371295e-07)
(0.011235793 0 7.8427446e-07)
(0.011235829 0 6.8729684e-07)
(0.011235862 0 6.0152226e-07)
(0.011235893 0 5.2578863e-07)
(0.01123592 0 4.5903088e-07)
(0.011235945 0 4.0027844e-07)
(0.011235968 0 3.4864984e-07)
(0.011235988 0 3.0334611e-07)
(0.011236007 0 2.6364502e-07)
(0.011236023 0 2.2889681e-07)
(0.011236037 0 1.9852027e-07)
(0.01123605 0 1.719981e-07)
(0.011236062 0 1.4887075e-07)
(0.011236072 0 1.2872938e-07)
(0.011236081 0 1.112093e-07)
(0.011236089 0 9.5985359e-08)
(0.011236096 0 8.2768946e-08)
(0.011236102 0 7.1305982e-08)
(0.011236108 0 6.1374477e-08)
(0.011236113 0 5.2780833e-08)
(0.011236117 0 4.5355404e-08)
(0.011236121 0 3.8948282e-08)
(0.011236124 0 3.3426097e-08)
(0.011236127 0 2.8670305e-08)
(0.011236129 0 2.4576549e-08)
(0.011236131 0 2.1054063e-08)
(0.011236133 0 1.8024699e-08)
(0.011236135 0 1.542138e-08)
(0.011236136 0 1.3186084e-08)
(0.011236137 0 1.1268075e-08)
(0.011236138 0 9.6227661e-09)
(0.011236139 0 8.2111223e-09)
(0.01123614 0 6.9995621e-09)
(0.011236141 0 5.9598861e-09)
(0.011236141 0 5.0686325e-09)
(0.011236142 0 4.3059756e-09)
(0.011236142 0 3.6544907e-09)
(0.011236143 0 3.0981717e-09)
(0.011236143 0 2.622326e-09)
(0.011236143 0 2.2142324e-09)
(0.011236144 0 1.8637262e-09)
(0.011236144 0 1.5631915e-09)
(0.011236144 0 1.3067391e-09)
(0.011236144 0 1.0889217e-09)
(0.011236144 0 9.0407299e-10)
(0.011236144 0 7.4669064e-10)
(0.011236144 0 6.1221652e-10)
(0.011236145 0 4.9746844e-10)
(0.011236145 0 4.0018527e-10)
(0.011236145 0 3.1797293e-10)
(0.011236145 0 2.4790147e-10)
(0.011236145 0 1.8723024e-10)
(0.011236145 0 1.3436594e-10)
(0.011236145 0 8.9008245e-11)
(0.011236145 0 5.1048652e-11)
(0.011236145 0 1.906901e-11)
(0.011236145 0 -9.8204209e-12)
(0.011236145 0 -3.8461677e-11)
(0.011236145 0 -6.7982573e-11)
(0.011236145 0 -9.7472018e-11)
(0.011236145 0 -1.2525682e-10)
(0.011236145 0 -1.5055419e-10)
(0.011236145 0 -1.7382257e-10)
(0.011236145 0 -1.9582341e-10)
(0.011236145 0 -2.1674548e-10)
(0.011236145 0 -2.3600091e-10)
(0.011236145 0 -2.5249729e-10)
(0.011236145 0 -2.6510677e-10)
(0.011236145 0 -2.7309176e-10)
(0.011236145 0 -2.7642344e-10)
(0.011236145 0 -2.7559574e-10)
(0.011236145 0 -2.7059175e-10)
(0.011236145 0 -2.6035656e-10)
(0.011236145 0 -2.4434161e-10)
(0.011236145 0 -2.2460639e-10)
(0.011236145 0 -2.0519975e-10)
(0.011236145 0 -1.8855613e-10)
(0.011236145 0 -1.7322498e-10)
(0.011236145 0 -1.568138e-10)
(0.011236145 0 -1.4090411e-10)
(0.011236145 0 -1.3053394e-10)
(0.011236145 0 -1.2809253e-10)
(0.011236145 0 -1.303536e-10)
(0.011236145 0 -1.3337273e-10)
(0.011236145 0 -1.3840518e-10)
(0.011236145 0 -1.5054227e-10)
(0.011236145 0 -1.7280821e-10)
(0.011236145 0 -2.0449798e-10)
(0.011236145 0 -2.4422221e-10)
(0.011236145 0 -2.9142882e-10)
(0.011236145 0 -3.4644331e-10)
(0.011236145 0 -4.1219416e-10)
(0.011236145 0 -4.930335e-10)
(0.011236145 0 -5.8818541e-10)
(0.011236145 0 -6.9093039e-10)
(0.011236144 0 -7.9902353e-10)
(0.011236144 0 -9.1978495e-10)
(0.011236144 0 -1.0591389e-09)
(0.011236144 0 -1.2133506e-09)
(0.011236144 0 -1.3778671e-09)
(0.011236144 0 -1.5560317e-09)
(0.011236144 0 -1.7552072e-09)
(0.011236144 0 -1.9827811e-09)
(0.011236144 0 -2.2447261e-09)
(0.011236144 0 -2.5414477e-09)
(0.011236144 0 -2.8732293e-09)
(0.011236143 0 -3.2509952e-09)
(0.011236143 0 -3.6870682e-09)
(0.011236143 0 -4.1815295e-09)
(0.011236143 0 -4.73447e-09)
(0.011236142 0 -5.3589647e-09)
(0.011236142 0 -6.0676078e-09)
(0.011236142 0 -6.8655373e-09)
(0.011236141 0 -7.763105e-09)
(0.011236141 0 -8.771608e-09)
(0.01123614 0 -9.9073241e-09)
(0.01123614 0 -1.1190066e-08)
(0.011236139 0 -1.2637821e-08)
(0.011236138 0 -1.4275785e-08)
(0.011236138 0 -1.6123696e-08)
(0.011236137 0 -1.8225204e-08)
(0.011236136 0 -2.061702e-08)
(0.011236134 0 -2.3336544e-08)
(0.011236133 0 -2.6429033e-08)
(0.011236132 0 -2.9955126e-08)
(0.01123613 0 -3.3977123e-08)
(0.011236128 0 -3.8568946e-08)
(0.011236126 0 -4.3801283e-08)
(0.011236124 0 -4.9762743e-08)
(0.011236121 0 -5.6572169e-08)
(0.011236119 0 -6.4349063e-08)
(0.011236116 0 -7.3223403e-08)
(0.011236113 0 -8.336456e-08)
(0.011236109 0 -9.4966734e-08)
(0.011236106 0 -1.0824712e-07)
(0.011236102 0 -1.2345945e-07)
(0.011236099 0 -1.4089837e-07)
(0.011236095 0 -1.6090005e-07)
(0.011236093 0 -1.8383787e-07)
(0.011236091 0 -2.1012008e-07)
(0.01123609 0 -2.4016977e-07)
(0.011236092 0 -2.7439835e-07)
(0.011236098 0 -3.1311524e-07)
(0.011236109 0 -3.5656248e-07)
(0.011236126 0 -4.0394575e-07)
(0.011236156 0 -4.5690795e-07)
(0.011236212 0 -4.9673462e-07)
(0.010004008 0 -5.4845399e-06)
(0.010094772 0 -1.9097897e-05)
(0.010272366 0 -1.7696317e-05)
(0.010529313 0 1.4300863e-05)
(0.01084663 0 8.3666198e-05)
(0.011208257 0 0.0001897394)
(0.011602912 0 0.00032667164)
(0.012023131 0 0.00048481514)
(0.012464339 0 0.00065200586)
(0.01292386 0 0.00081453788)
(0.013399469 0 0.00095799502)
(0.013887887 0 0.0010680536)
(0.014383534 0 0.0011313281)
(0.014877521 0 0.0011364541)
(0.015357301 0 0.0010756868)
(0.015807552 0 0.00094648134)
(0.016212208 0 0.00075236167)
(0.016556968 0 0.00050259141)
(0.016831367 0 0.00021067684)
(0.017029529 0 -0.00010778909)
(0.017150058 0 -0.00043700284)
(0.017195164 0 -0.00076219353)
(0.017169507 0 -0.0010705466)
(0.01707948 0 -0.0013515726)
(0.016932499 0 -0.0015972529)
(0.016736466 0 -0.0018020195)
(0.016499396 0 -0.0019626258)
(0.016229172 0 -0.0020779425)
(0.015933371 0 -0.0021487028)
(0.015619144 0 -0.002177206)
(0.015293126 0 -0.0021669957)
(0.014961366 0 -0.0021225254)
(0.01462928 0 -0.0020488324)
(0.014301618 0 -0.0019512377)
(0.01398245 0 -0.0018350868)
(0.013675169 0 -0.0017055386)
(0.01338251 0 -0.0015674048)
(0.013106577 0 -0.0014250347)
(0.012848887 0 -0.0012822393)
(0.01261041 0 -0.0011422473)
(0.012391625 0 -0.0010076889)
(0.012192571 0 -0.00088060101)
(0.012012913 0 -0.00076245398)
(0.011852 0 -0.00065419537)
(0.011708929 0 -0.00055630836)
(0.011582609 0 -0.00046888076)
(0.011471822 0 -0.0003916797)
(0.011375274 0 -0.00032422707)
(0.011291645 0 -0.00026587117)
(0.011219624 0 -0.00021585094)
(0.011157944 0 -0.00017335018)
(0.011105403 0 -0.000137541)
(0.011060879 0 -0.00010761626)
(0.011023338 0 -8.2812308e-05)
(0.010991842 0 -6.2423122e-05)
(0.010965546 0 -4.5807932e-05)
(0.010943698 0 -3.2393769e-05)
(0.010925634 0 -2.1674545e-05)
(0.010910772 0 -1.3207822e-05)
(0.010898606 0 -6.6102264e-06)
(0.010888698 0 -1.5521692e-06)
(0.010880673 0 2.2473168e-06)
(0.010874212 0 5.0268032e-06)
(0.010869042 0 6.9867876e-06)
(0.010864934 0 8.2951891e-06)
(0.010861697 0 9.0914918e-06)
(0.010859167 0 9.4905609e-06)
(0.010857213 0 9.5865861e-06)
(0.010855722 0 9.4560323e-06)
(0.010854603 0 9.1605723e-06)
(0.010853781 0 8.7494803e-06)
(0.010853193 0 8.2617208e-06)
(0.01085279 0 7.7277587e-06)
(0.010852531 0 7.1710922e-06)
(0.010852383 0 6.6095487e-06)
(0.010852319 0 6.0563758e-06)
(0.010852317 0 5.5211515e-06)
(0.010852362 0 5.01054e-06)
(0.010852439 0 4.5289144e-06)
(0.010852539 0 4.0788662e-06)
(0.010852652 0 3.6616197e-06)
(0.010852774 0 3.2773679e-06)
(0.010852898 0 2.9255429e-06)
(0.010853022 0 2.6050321e-06)
(0.010853143 0 2.3143482e-06)
(0.010853259 0 2.051761e-06)
(0.010853369 0 1.8153979e-06)
(0.010853473 0 1.6033211e-06)
(0.010853569 0 1.4135868e-06)
(0.010853658 0 1.2442902e-06)
(0.010853739 0 1.0935978e-06)
(0.010853814 0 9.5976816e-07)
(0.010853882 0 8.4116274e-07)
(0.010853943 0 7.3625198e-07)
(0.010853998 0 6.4361829e-07)
(0.010854048 0 5.6195805e-07)
(0.010854092 0 4.9008177e-07)
(0.010854132 0 4.26911e-07)
(0.010854168 0 3.7147166e-07)
(0.010854199 0 3.2288531e-07)
(0.010854227 0 2.8036033e-07)
(0.010854252 0 2.4318502e-07)
(0.010854274 0 2.1072266e-07)
(0.010854293 0 1.8240706e-07)
(0.01085431 0 1.5773714e-07)
(0.010854326 0 1.3627003e-07)
(0.010854339 0 1.1761328e-07)
(0.01085435 0 1.0141795e-07)
(0.010854361 0 8.7373701e-08)
(0.01085437 0 7.520577e-08)
(0.010854377 0 6.4672916e-08)
(0.010854384 0 5.5565051e-08)
(0.01085439 0 4.7699608e-08)
(0.010854395 0 4.0917144e-08)
(0.0108544 0 3.5077079e-08)
(0.010854404 0 3.0054395e-08)
(0.010854407 0 2.5737862e-08)
(0.01085441 0 2.2029465e-08)
(0.010854413 0 1.8844025e-08)
(0.010854415 0 1.6108521e-08)
(0.010854417 0 1.3760769e-08)
(0.010854418 0 1.1747479e-08)
(0.01085442 0 1.0022425e-08)
(0.010854421 0 8.5451606e-09)
(0.010854422 0 7.2802581e-09)
(0.010854423 0 6.197079e-09)
(0.010854424 0 5.2696189e-09)
(0.010854425 0 4.4759152e-09)
(0.010854425 0 3.7972102e-09)
(0.010854426 0 3.2171332e-09)
(0.010854426 0 2.7211078e-09)
(0.010854426 0 2.2963652e-09)
(0.010854427 0 1.9322913e-09)
(0.010854427 0 1.6204453e-09)
(0.010854427 0 1.354136e-09)
(0.010854427 0 1.127661e-09)
(0.010854428 0 9.3555754e-10)
(0.010854428 0 7.7254292e-10)
(0.010854428 0 6.3402973e-10)
(0.010854428 0 5.1643392e-10)
(0.010854428 0 4.1694272e-10)
(0.010854428 0 3.3284234e-10)
(0.010854428 0 2.610141e-10)
(0.010854428 0 1.9845903e-10)
(0.010854428 0 1.4346857e-10)
(0.010854428 0 9.6035328e-11)
(0.010854428 0 5.6836058e-11)
(0.010854428 0 2.5370159e-11)
(0.010854428 0 -1.1087821e-12)
(0.010854428 0 -2.6417353e-11)
(0.010854428 0 -5.2918396e-11)
(0.010854428 0 -8.0196456e-11)
(0.010854428 0 -1.0617378e-10)
(0.010854428 0 -1.295647e-10)
(0.010854429 0 -1.5121822e-10)
(0.010854428 0 -1.7287624e-10)
(0.010854428 0 -1.9491413e-10)
(0.010854428 0 -2.1578388e-10)
(0.010854428 0 -2.3353034e-10)
(0.010854428 0 -2.4748415e-10)
(0.010854428 0 -2.5831586e-10)
(0.010854428 0 -2.6649281e-10)
(0.010854428 0 -2.7108024e-10)
(0.010854428 0 -2.7022289e-10)
(0.010854428 0 -2.6251476e-10)
(0.010854428 0 -2.4814781e-10)
(0.010854428 0 -2.2932637e-10)
(0.010854428 0 -2.0929649e-10)
(0.010854428 0 -1.9015987e-10)
(0.010854428 0 -1.7147773e-10)
(0.010854428 0 -1.5184515e-10)
(0.010854428 0 -1.3252163e-10)
(0.010854428 0 -1.1826135e-10)
(0.010854428 0 -1.125087e-10)
(0.010854428 0 -1.1258116e-10)
(0.010854428 0 -1.1269202e-10)
(0.010854428 0 -1.1213122e-10)
(0.010854428 0 -1.1726512e-10)
(0.010854428 0 -1.3378142e-10)
(0.010854428 0 -1.5988194e-10)
(0.010854428 0 -1.9007269e-10)
(0.010854428 0 -2.233735e-10)
(0.010854428 0 -2.6431306e-10)
(0.010854428 0 -3.1769026e-10)
(0.010854428 0 -3.8523537e-10)
(0.010854428 0 -4.6500714e-10)
(0.010854428 0 -5.5226135e-10)
(0.010854428 0 -6.4474015e-10)
(0.010854428 0 -7.4754184e-10)
(0.010854428 0 -8.6658927e-10)
(0.010854428 0 -9.9838175e-10)
(0.010854428 0 -1.1358022e-09)
(0.010854428 0 -1.2821694e-09)
(0.010854427 0 -1.4479063e-09)
(0.010854427 0 -1.6370749e-09)
(0.010854427 0 -1.8489499e-09)
(0.010854427 0 -2.0870159e-09)
(0.010854427 0 -2.3584098e-09)
(0.010854427 0 -2.670603e-09)
(0.010854426 0 -3.0286529e-09)
(0.010854426 0 -3.4341341e-09)
(0.010854426 0 -3.8926464e-09)
(0.010854425 0 -4.413012e-09)
(0.010854425 0 -4.9996108e-09)
(0.010854424 0 -5.661014e-09)
(0.010854424 0 -6.4077063e-09)
(0.010854423 0 -7.2450528e-09)
(0.010854423 0 -8.1864497e-09)
(0.010854422 0 -9.2491878e-09)
(0.010854421 0 -1.0446993e-08)
(0.01085442 0 -1.1794055e-08)
(0.010854419 0 -1.3317086e-08)
(0.010854418 0 -1.5047344e-08)
(0.010854417 0 -1.7014317e-08)
(0.010854415 0 -1.924852e-08)
(0.010854413 0 -2.1793101e-08)
(0.010854411 0 -2.4697682e-08)
(0.010854409 0 -2.8021073e-08)
(0.010854407 0 -3.1814889e-08)
(0.010854404 0 -3.6147789e-08)
(0.010854401 0 -4.1104931e-08)
(0.010854398 0 -4.677412e-08)
(0.010854394 0 -5.3262264e-08)
(0.010854389 0 -6.0695587e-08)
(0.010854385 0 -6.9215652e-08)
(0.010854379 0 -7.8998747e-08)
(0.010854374 0 -9.0252619e-08)
(0.010854367 0 -1.0321787e-07)
(0.010854361 0 -1.1818698e-07)
(0.010854353 0 -1.3551e-07)
(0.010854346 0 -1.555971e-07)
(0.010854338 0 -1.7893344e-07)
(0.01085433 0 -2.0608973e-07)
(0.010854323 0 -2.377153e-07)
(0.010854317 0 -2.7455228e-07)
(0.010854314 0 -3.1734005e-07)
(0.010854316 0 -3.6693695e-07)
(0.010854323 0 -4.2330294e-07)
(0.010854349 0 -4.8976422e-07)
(0.010854387 0 -5.3690157e-07)
(0.010004987 0 -5.6729762e-05)
(0.010122359 0 -0.00017111776)
(0.010345051 0 -0.000257425)
(0.010653481 0 -0.00029353324)
(0.011015367 0 -0.00027284023)
(0.011406313 0 -0.00019962023)
(0.011811113 0 -8.4379442e-05)
(0.012221357 0 5.8913878e-05)
(0.012633431 0 0.00021495057)
(0.013046491 0 0.00036847101)
(0.013460516 0 0.00050506658)
(0.013874614 0 0.00061179699)
(0.01428589 0 0.00067765657)
(0.014688773 0 0.00069417418)
(0.015074913 0 0.00065617912)
(0.015433828 0 0.0005625272)
(0.015754192 0 0.00041646468)
(0.01602542 0 0.00022524666)
(0.016239023 0 -7.7246472e-07)
(0.016389428 0 -0.00024951919)
(0.016474168 0 -0.00050834641)
(0.016493515 0 -0.00076527646)
(0.016449969 0 -0.0010095812)
(0.016347817 0 -0.0012322418)
(0.016192651 0 -0.0014262011)
(0.015990947 0 -0.0015864496)
(0.015749715 0 -0.0017099863)
(0.015476224 0 -0.0017956867)
(0.015177764 0 -0.0018440988)
(0.014861447 0 -0.0018571846)
(0.014534029 0 -0.0018380249)
(0.014201771 0 -0.0017905105)
(0.013870325 0 -0.0017190407)
(0.013544651 0 -0.0016282496)
(0.013228969 0 -0.001522772)
(0.012926751 0 -0.0014070561)
(0.012640721 0 -0.0012852225)
(0.012372897 0 -0.0011609651)
(0.012124637 0 -0.001037487)
(0.011896699 0 -0.00091746565)
(0.011689312 0 -0.00080304244)
(0.01150225 0 -0.00069583337)
(0.011334909 0 -0.00059695796)
(0.011186385 0 -0.00050708383)
(0.011055548 0 -0.0004264836)
(0.010941113 0 -0.00035509981)
(0.010841705 0 -0.00029261356)
(0.010755911 0 -0.00023851211)
(0.010682328 0 -0.00019215173)
(0.010619597 0 -0.00015281276)
(0.01056643 0 -0.00011974522)
(0.010521626 0 -9.220425e-05)
(0.010484084 0 -6.9475988e-05)
(0.010452805 0 -5.0894835e-05)
(0.010426895 0 -3.5853412e-05)
(0.010405559 0 -2.3807129e-05)
(0.010388098 0 -1.4274576e-05)
(0.0103739 0 -6.8352069e-06)
(0.010362437 0 -1.1252789e-06)
(0.01035325 0 3.1671001e-06)
(0.01034595 0 6.3073652e-06)
(0.010340204 0 8.5194335e-06)
(0.010335732 0 9.9915929e-06)
(0.010332295 0 1.0880792e-05)
(0.010329697 0 1.131665e-05)
(0.010327773 0 1.1405815e-05)
(0.010326386 0 1.1235221e-05)
(0.010325425 0 1.0875229e-05)
(0.010324796 0 1.0382227e-05)
(0.010324425 0 9.8009736e-06)
(0.010324252 0 9.166585e-06)
(0.010324227 0 8.5062343e-06)
(0.010324312 0 7.8406054e-06)
(0.010324475 0 7.1851168e-06)
(0.010324692 0 6.5509505e-06)
(0.010324944 0 5.9459102e-06)
(0.010325216 0 5.3751337e-06)
(0.010325496 0 4.8416782e-06)
(0.010325778 0 4.3469995e-06)
(0.010326053 0 3.8913402e-06)
(0.010326318 0 3.4740434e-06)
(0.01032657 0 3.0938056e-06)
(0.010326807 0 2.7488776e-06)
(0.010327028 0 2.4372222e-06)
(0.010327232 0 2.1566349e-06)
(0.01032742 0 1.9048339e-06)
(0.010327591 0 1.6795278e-06)
(0.010327748 0 1.478466e-06)
(0.010327889 0 1.2994772e-06)
(0.010328017 0 1.1404973e-06)
(0.010328132 0 9.9958626e-07)
(0.010328235 0 8.7493579e-07)
(0.010328327 0 7.6487074e-07)
(0.010328409 0 6.678476e-07)
(0.010328482 0 5.8245253e-07)
(0.010328547 0 5.0739949e-07)
(0.010328605 0 4.4152671e-07)
(0.010328656 0 3.8378988e-07)
(0.010328701 0 3.3325222e-07)
(0.01032874 0 2.8907341e-07)
(0.010328775 0 2.5049949e-07)
(0.010328806 0 2.168556e-07)
(0.010328833 0 1.8754095e-07)
(0.010328856 0 1.6202432e-07)
(0.010328877 0 1.3983829e-07)
(0.010328895 0 1.2057189e-07)
(0.010328911 0 1.0386232e-07)
(0.010328925 0 8.9387692e-08)
(0.010328937 0 7.6862017e-08)
(0.010328947 0 6.6032294e-08)
(0.010328956 0 5.6676808e-08)
(0.010328964 0 4.8603158e-08)
(0.010328971 0 4.1644943e-08)
(0.010328977 0 3.5657482e-08)
(0.010328982 0 3.0513467e-08)
(0.010328987 0 2.6099536e-08)
(0.010328991 0 2.231453e-08)
(0.010328994 0 1.9069134e-08)
(0.010328997 0 1.6285893e-08)
(0.010328999 0 1.3898913e-08)
(0.010329001 0 1.1852747e-08)
(0.010329003 0 1.010047e-08)
(0.010329005 0 8.6017237e-09)
(0.010329006 0 7.3212155e-09)
(0.010329007 0 6.2277733e-09)
(0.010329008 0 5.2940077e-09)
(0.010329009 0 4.496208e-09)
(0.01032901 0 3.814063e-09)
(0.010329011 0 3.2303394e-09)
(0.010329011 0 2.7305366e-09)
(0.010329012 0 2.3024646e-09)
(0.010329012 0 1.9359469e-09)
(0.010329012 0 1.6225274e-09)
(0.010329013 0 1.3550159e-09)
(0.010329013 0 1.1271501e-09)
(0.010329013 0 9.3344833e-10)
(0.010329013 0 7.6914418e-10)
(0.010329013 0 6.3025978e-10)
(0.010329014 0 5.1350999e-10)
(0.010329014 0 4.1578732e-10)
(0.010329014 0 3.3368341e-10)
(0.010329014 0 2.6349977e-10)
(0.010329014 0 2.0190104e-10)
(0.010329014 0 1.4703123e-10)
(0.010329014 0 9.9049106e-11)
(0.010329014 0 5.9155644e-11)
(0.010329014 0 2.7684183e-11)
(0.010329014 0 2.7417759e-12)
(0.010329014 0 -1.9307696e-11)
(0.010329014 0 -4.1556915e-11)
(0.010329014 0 -6.456481e-11)
(0.010329014 0 -8.6774855e-11)
(0.010329014 0 -1.0685762e-10)
(0.010329014 0 -1.2552713e-10)
(0.010329014 0 -1.4485563e-10)
(0.010329014 0 -1.656801e-10)
(0.010329014 0 -1.862085e-10)
(0.010329014 0 -2.0375385e-10)
(0.010329014 0 -2.1756911e-10)
(0.010329014 0 -2.293699e-10)
(0.010329014 0 -2.4081052e-10)
(0.010329014 0 -2.5071433e-10)
(0.010329014 0 -2.554603e-10)
(0.010329014 0 -2.522561e-10)
(0.010329014 0 -2.4149378e-10)
(0.010329014 0 -2.2588486e-10)
(0.010329014 0 -2.0792159e-10)
(0.010329014 0 -1.8838922e-10)
(0.010329014 0 -1.6704062e-10)
(0.010329014 0 -1.4442566e-10)
(0.010329014 0 -1.2306853e-10)
(0.010329014 0 -1.0679708e-10)
(0.010329014 0 -9.799159e-11)
(0.010329014 0 -9.4782447e-11)
(0.010329014 0 -9.2451397e-11)
(0.010329014 0 -8.9426832e-11)
(0.010329014 0 -9.0574931e-11)
(0.010329014 0 -1.0180588e-10)
(0.010329014 0 -1.2212241e-10)
(0.010329014 0 -1.4486177e-10)
(0.010329014 0 -1.6757173e-10)
(0.010329014 0 -1.9622738e-10)
(0.010329014 0 -2.3744434e-10)
(0.010329014 0 -2.9097249e-10)
(0.010329013 0 -3.5283773e-10)
(0.010329013 0 -4.2162819e-10)
(0.010329013 0 -4.987442e-10)
(0.010329013 0 -5.8601363e-10)
(0.010329013 0 -6.8440568e-10)
(0.010329013 0 -7.9201314e-10)
(0.010329013 0 -9.0516712e-10)
(0.010329013 0 -1.0251151e-09)
(0.010329013 0 -1.1583667e-09)
(0.010329013 0 -1.3077155e-09)
(0.010329013 0 -1.4726843e-09)
(0.010329012 0 -1.6590929e-09)
(0.010329012 0 -1.8747685e-09)
(0.010329012 0 -2.1210918e-09)
(0.010329012 0 -2.4014996e-09)
(0.010329011 0 -2.7241244e-09)
(0.010329011 0 -3.0911383e-09)
(0.01032901 0 -3.5056754e-09)
(0.01032901 0 -3.9779722e-09)
(0.010329009 0 -4.5118094e-09)
(0.010329009 0 -5.1101448e-09)
(0.010329008 0 -5.7832615e-09)
(0.010329008 0 -6.5401954e-09)
(0.010329007 0 -7.3947798e-09)
(0.010329006 0 -8.3541453e-09)
(0.010329005 0 -9.4293463e-09)
(0.010329003 0 -1.0645144e-08)
(0.010329002 0 -1.2019489e-08)
(0.010329001 0 -1.3580866e-08)
(0.010328999 0 -1.5355365e-08)
(0.010328997 0 -1.7374508e-08)
(0.010328995 0 -1.9680111e-08)
(0.010328992 0 -2.2318062e-08)
(0.010328989 0 -2.5340962e-08)
(0.010328986 0 -2.879924e-08)
(0.010328982 0 -3.2754261e-08)
(0.010328978 0 -3.7292055e-08)
(0.010328974 0 -4.249911e-08)
(0.010328968 0 -4.8468691e-08)
(0.010328963 0 -5.532696e-08)
(0.010328956 0 -6.3223862e-08)
(0.010328949 0 -7.2330812e-08)
(0.01032894 0 -8.2857309e-08)
(0.010328931 0 -9.5065275e-08)
(0.010328921 0 -1.0927182e-07)
(0.01032891 0 -1.2585878e-07)
(0.010328897 0 -1.453005e-07)
(0.010328884 0 -1.6818436e-07)
(0.01032887 0 -1.9522668e-07)
(0.010328855 0 -2.2731619e-07)
(0.01032884 0 -2.6554691e-07)
(0.010328826 0 -3.1117875e-07)
(0.010328815 0 -3.6587149e-07)
(0.010328806 0 -4.3084114e-07)
(0.010328825 0 -5.1091348e-07)
(0.010328828 0 -5.6405105e-07)
(0.010007129 0 -0.00012603923)
(0.010170639 0 -0.00036929304)
(0.010461651 0 -0.00055516885)
(0.010836354 0 -0.00065486095)
(0.011243099 0 -0.00066689478)
(0.01164977 0 -0.00060473546)
(0.012041224 0 -0.00048805912)
(0.012412859 0 -0.00033792641)
(0.012766149 0 -0.00017415078)
(0.013105207 0 -1.3960114e-05)
(0.013434211 0 0.00012831936)
(0.013755691 0 0.00024122083)
(0.014069592 0 0.00031607459)
(0.014373003 0 0.00034699887)
(0.014660341 0 0.00033106095)
(0.014924056 0 0.00026847811)
(0.015155602 0 0.00016273289)
(0.015346613 0 2.0035686e-05)
(0.015489996 0 -0.00015116952)
(0.0155806 0 -0.00034109526)
(0.015615516 0 -0.00053957322)
(0.01559402 0 -0.00073685181)
(0.015517402 0 -0.00092411631)
(0.015388699 0 -0.0010938981)
(0.015212368 0 -0.0012403309)
(0.014993957 0 -0.0013592613)
(0.014739791 0 -0.001448241)
(0.014456674 0 -0.0015064258)
(0.014151613 0 -0.001534398)
(0.01383156 0 -0.0015339346)
(0.013503183 0 -0.0015077405)
(0.013172678 0 -0.0014591736)
(0.012845617 0 -0.001391981)
(0.012526841 0 -0.0013100647)
(0.012220404 0 -0.0012172861)
(0.01192955 0 -0.0011173137)
(0.011656734 0 -0.0010135112)
(0.011403658 0 -0.00090886013)
(0.011171339 0 -0.000805913)
(0.010960181 0 -0.00070676955)
(0.010770062 0 -0.00061307361)
(0.010600422 0 -0.00052602733)
(0.010450354 0 -0.00044642061)
(0.010318686 0 -0.00037467321)
(0.01020407 0 -0.00031088641)
(0.010105045 0 -0.00025490035)
(0.010020109 0 -0.00020635334)
(0.0099477662 0 -0.00016473904)
(0.0098865679 0 -0.00012945866)
(0.0098351439 0 -9.9865821e-05)
(0.0097922215 0 -7.5302963e-05)
(0.0097566374 0 -5.5128905e-05)
(0.0097273423 0 -3.8738272e-05)
(0.0097034008 0 -2.5574203e-05)
(0.0096839873 0 -1.5134445e-05)
(0.0096683792 0 -6.9738086e-06)
(0.0096559496 0 -7.0305261e-07)
(0.0096461579 0 4.0141966e-06)
(0.0096385416 0 7.4657699e-06)
(0.0096327069 0 9.8958131e-06)
(0.0096283211 0 1.1509832e-05)
(0.0096251045 0 1.2479679e-05)
(0.0096228236 0 1.2947673e-05)
(0.0096212842 0 1.3031155e-05)
(0.0096203263 0 1.2825984e-05)
(0.0096198186 0 1.240993e-05)
(0.0096196541 0 1.1845494e-05)
(0.0096197463 0 1.1182423e-05)
(0.0096200257 0 1.0459846e-05)
(0.0096204371 0 9.7081385e-06)
(0.0096209368 0 8.950494e-06)
(0.0096214909 0 8.2042623e-06)
(0.0096220731 0 7.4820738e-06)
(0.0096226635 0 6.7927811e-06)
(0.0096232473 0 6.1422431e-06)
(0.0096238138 0 5.5339741e-06)
(0.0096243554 0 4.9696772e-06)
(0.0096248673 0 4.4496783e-06)
(0.0096253464 0 3.973278e-06)
(0.0096257912 0 3.5390337e-06)
(0.0096262014 0 3.1449858e-06)
(0.0096265773 0 2.7888375e-06)
(0.0096269202 0 2.4680956e-06)
(0.0096272314 0 2.1801771e-06)
(0.0096275129 0 1.9224876e-06)
(0.0096277665 0 1.6924772e-06)
(0.0096279943 0 1.4876814e-06)
(0.0096281983 0 1.3057505e-06)
(0.0096283805 0 1.1444714e-06)
(0.0096285428 0 1.001781e-06)
(0.0096286871 0 8.7577072e-07)
(0.0096288151 0 7.6468452e-07)
(0.0096289284 0 6.6691329e-07)
(0.0096290286 0 5.8098855e-07)
(0.0096291169 0 5.0557748e-07)
(0.0096291948 0 4.3947834e-07)
(0.0096292632 0 3.816143e-07)
(0.0096293234 0 3.3102396e-07)
(0.0096293762 0 2.8684945e-07)
(0.0096294224 0 2.4832415e-07)
(0.0096294628 0 2.1476246e-07)
(0.0096294982 0 1.8555287e-07)
(0.009629529 0 1.6015356e-07)
(0.0096295559 0 1.3808817e-07)
(0.0096295794 0 1.1894016e-07)
(0.0096295998 0 1.0234523e-07)
(0.0096296176 0 8.7982752e-08)
(0.009629633 0 7.556839e-08)
(0.0096296464 0 6.4849246e-08)
(0.0096296579 0 5.5601433e-08)
(0.009629668 0 4.7629098e-08)
(0.0096296767 0 4.0763081e-08)
(0.0096296842 0 3.4858041e-08)
(0.0096296907 0 2.9788274e-08)
(0.0096296963 0 2.5443255e-08)
(0.0096297011 0 2.172418e-08)
(0.0096297053 0 1.8542406e-08)
(0.0096297088 0 1.5819479e-08)
(0.0096297119 0 1.3487663e-08)
(0.0096297145 0 1.1490039e-08)
(0.0096297168 0 9.7795354e-09)
(0.0096297187 0 8.3169731e-09)
(0.0096297204 0 7.0689122e-09)
(0.0096297218 0 6.0058927e-09)
(0.009629723 0 5.1013241e-09)
(0.0096297241 0 4.3311752e-09)
(0.009629725 0 3.6741619e-09)
(0.0096297257 0 3.1120534e-09)
(0.0096297264 0 2.6299456e-09)
(0.009629727 0 2.2161609e-09)
(0.0096297275 0 1.86156e-09)
(0.0096297279 0 1.5585782e-09)
(0.0096297282 0 1.3003539e-09)
(0.0096297285 0 1.0803398e-09)
(0.0096297287 0 8.9267307e-10)
(0.0096297289 0 7.3281745e-10)
(0.0096297291 0 5.9770389e-10)
(0.0096297293 0 4.8512101e-10)
(0.0096297294 0 3.9257193e-10)
(0.0096297295 0 3.1637415e-10)
(0.0096297296 0 2.5193072e-10)
(0.0096297297 0 1.9508739e-10)
(0.0096297298 0 1.4358571e-10)
(0.0096297298 0 9.7581334e-11)
(0.0096297298 0 5.8615498e-11)
(0.0096297299 0 2.7610762e-11)
(0.0096297299 0 3.5109887e-12)
(0.0096297299 0 -1.6390587e-11)
(0.0096297299 0 -3.477147e-11)
(0.0096297299 0 -5.2652592e-11)
(0.0096297299 0 -6.9421094e-11)
(0.0096297299 0 -8.4525017e-11)
(0.0096297299 0 -9.8901491e-11)
(0.0096297299 0 -1.1445304e-10)
(0.0096297299 0 -1.3198294e-10)
(0.0096297299 0 -1.4984555e-10)
(0.0096297298 0 -1.6528731e-10)
(0.0096297298 0 -1.7742018e-10)
(0.0096297298 0 -1.883039e-10)
(0.0096297298 0 -2.0048808e-10)
(0.0096297297 0 -2.1352858e-10)
(0.0096297297 0 -2.2348853e-10)
(0.0096297297 0 -2.263466e-10)
(0.0096297296 0 -2.2153484e-10)
(0.0096297296 0 -2.1146255e-10)
(0.0096297296 0 -1.9803274e-10)
(0.0096297295 0 -1.8085757e-10)
(0.0096297295 0 -1.5922786e-10)
(0.0096297295 0 -1.3494203e-10)
(0.0096297294 0 -1.1219599e-10)
(0.0096297294 0 -9.4655909e-11)
(0.0096297294 0 -8.3179621e-11)
(0.0096297293 0 -7.6154875e-11)
(0.0096297293 0 -7.1453423e-11)
(0.0096297293 0 -6.8633303e-11)
(0.0096297293 0 -6.9936977e-11)
(0.0096297293 0 -7.8162996e-11)
(0.0096297293 0 -9.2654463e-11)
(0.0096297293 0 -1.0904113e-10)
(0.0096297292 0 -1.2499525e-10)
(0.0096297292 0 -1.4458966e-10)
(0.0096297292 0 -1.7362977e-10)
(0.0096297292 0 -2.1222069e-10)
(0.0096297291 0 -2.5673702e-10)
(0.0096297291 0 -3.0760436e-10)
(0.009629729 0 -3.6861694e-10)
(0.009629729 0 -4.3955493e-10)
(0.0096297289 0 -5.1669457e-10)
(0.0096297288 0 -5.9958435e-10)
(0.0096297287 0 -6.9024943e-10)
(0.0096297286 0 -7.8793531e-10)
(0.0096297285 0 -8.9141067e-10)
(0.0096297283 0 -1.0032222e-09)
(0.0096297281 0 -1.1272763e-09)
(0.0096297279 0 -1.2671712e-09)
(0.0096297277 0 -1.4276096e-09)
(0.0096297274 0 -1.6121667e-09)
(0.0096297271 0 -1.8235029e-09)
(0.0096297268 0 -2.0673152e-09)
(0.0096297264 0 -2.3479695e-09)
(0.009629726 0 -2.6658971e-09)
(0.0096297255 0 -3.0264408e-09)
(0.0096297249 0 -3.4374379e-09)
(0.0096297243 0 -3.9004537e-09)
(0.0096297236 0 -4.4208286e-09)
(0.0096297228 0 -5.0081337e-09)
(0.0096297219 0 -5.6652434e-09)
(0.0096297209 0 -6.4038085e-09)
(0.0096297198 0 -7.2343711e-09)
(0.0096297185 0 -8.1630526e-09)
(0.009629717 0 -9.2120043e-09)
(0.0096297154 0 -1.0399803e-08)
(0.0096297135 0 -1.1750365e-08)
(0.0096297114 0 -1.3282032e-08)
(0.009629709 0 -1.5029696e-08)
(0.0096297063 0 -1.7034833e-08)
(0.0096297033 0 -1.9332546e-08)
(0.0096296998 0 -2.1961484e-08)
(0.0096296959 0 -2.4979934e-08)
(0.0096296915 0 -2.844531e-08)
(0.0096296865 0 -3.2422945e-08)
(0.0096296809 0 -3.6994343e-08)
(0.0096296745 0 -4.2252103e-08)
(0.0096296672 0 -4.8309592e-08)
(0.009629659 0 -5.530502e-08)
(0.0096296497 0 -6.3404548e-08)
(0.0096296391 0 -7.2815527e-08)
(0.0096296272 0 -8.3797112e-08)
(0.0096296137 0 -9.6666095e-08)
(0.0096295986 0 -1.1182077e-07)
(0.0096295816 0 -1.2977163e-07)
(0.0096295625 0 -1.5116214e-07)
(0.0096295414 0 -1.7682237e-07)
(0.0096295182 0 -2.0783885e-07)
(0.0096294931 0 -2.455966e-07)
(0.0096294665 0 -2.9191688e-07)
(0.00962944 0 -3.4920113e-07)
(0.009629411 0 -4.2056119e-07)
(0.0096294177 0 -5.1088792e-07)
(0.0096293651 0 -5.6678832e-07)
(0.01001209 0 -0.00022777698)
(0.010255673 0 -0.0006399535)
(0.010641943 0 -0.00093024354)
(0.011084027 0 -0.0010720142)
(0.011509635 0 -0.0010829787)
(0.011887812 0 -0.00099654027)
(0.012213725 0 -0.0008476692)
(0.012494701 0 -0.00066702512)
(0.012742554 0 -0.00047889198)
(0.012969079 0 -0.00030129569)
(0.013183495 0 -0.00014704511)
(0.013391371 0 -2.4930368e-05)
(0.013594457 0 5.9447682e-05)
(0.013790993 0 0.00010310301)
(0.013976401 0 0.00010545621)
(0.01414426 0 6.8244515e-05)
(0.014287098 0 -4.7472806e-06)
(0.014397434 0 -0.00010767723)
(0.014468855 0 -0.00023335076)
(0.014496392 0 -0.00037375718)
(0.014476903 0 -0.00052071481)
(0.014409191 0 -0.00066640688)
(0.014293945 0 -0.00080381412)
(0.014133561 0 -0.00092704103)
(0.013931898 0 -0.0010315213)
(0.013693992 0 -0.0011141057)
(0.013425743 0 -0.0011730488)
(0.013133604 0 -0.0012079108)
(0.012824271 0 -0.0012193937)
(0.012504396 0 -0.0012091321)
(0.012180335 0 -0.0011794611)
(0.011857935 0 -0.0011331837)
(0.01154238 0 -0.0010733561)
(0.011238088 0 -0.0010031029)
(0.010948656 0 -0.00092546859)
(0.010676853 0 -0.0008433057)
(0.010424653 0 -0.00075919526)
(0.010193284 0 -0.00067539482)
(0.0099833065 0 -0.00059380838)
(0.0097947022 0 -0.00051597403)
(0.0096269673 0 -0.00044306663)
(0.0094792089 0 -0.00037591354)
(0.0093502403 0 -0.00031502176)
(0.0092386689 0 -0.00026061436)
(0.0091429776 0 -0.0002126737)
(0.0090615941 0 -0.0001709885)
(0.0089929496 0 -0.00013520134)
(0.0089355238 0 -0.00010485397)
(0.0088878795 0 -7.942786e-05)
(0.0088486845 0 -5.83786e-05)
(0.0088167258 0 -4.1163313e-05)
(0.0087909146 0 -2.7260733e-05)
(0.0087702855 0 -1.6184659e-05)
(0.0087539925 0 -7.4934395e-06)
(0.008741301 0 -7.9265877e-07)
(0.0087315784 0 4.2635507e-06)
(0.0087242842 0 7.9744157e-06)
(0.0087189603 0 1.0595951e-05)
(0.0087152202 0 1.2344966e-05)
(0.0087127409 0 1.3403394e-05)
(0.0087112535 0 1.392261e-05)
(0.0087105359 0 1.4027678e-05)
(0.0087104062 0 1.3820896e-05)
(0.008710716 0 1.3385438e-05)
(0.0087113456 0 1.27883e-05)
(0.0087121992 0 1.2082924e-05)
(0.0087132009 0 1.1311465e-05)
(0.0087142911 0 1.0506738e-05)
(0.008715424 0 9.6938906e-06)
(0.0087165646 0 8.8918114e-06)
(0.0087176868 0 8.114328e-06)
(0.0087187719 0 7.371203e-06)
(0.0087198068 0 6.6689668e-06)
(0.0087207828 0 6.0116073e-06)
(0.0087216948 0 5.4011387e-06)
(0.0087225405 0 4.838068e-06)
(0.0087233196 0 4.3217738e-06)
(0.0087240331 0 3.8508116e-06)
(0.0087246833 0 3.4231579e-06)
(0.0087252733 0 3.0364036e-06)
(0.0087258064 0 2.6879072e-06)
(0.0087262866 0 2.3749144e-06)
(0.0087267176 0 2.0946484e-06)
(0.0087271035 0 1.8443759e-06)
(0.008727448 0 1.6214524e-06)
(0.0087277548 0 1.4233522e-06)
(0.0087280274 0 1.2476895e-06)
(0.0087282692 0 1.0922327e-06)
(0.0087284831 0 9.5491333e-07)
(0.0087286722 0 8.3382877e-07)
(0.008728839 0 7.2723813e-07)
(0.0087289858 0 6.335542e-07)
(0.008729115 0 5.5133384e-07)
(0.0087292283 0 4.7926978e-07)
(0.0087293278 0 4.1618427e-07)
(0.0087294148 0 3.6102317e-07)
(0.008729491 0 3.1284815e-07)
(0.0087295575 0 2.7082606e-07)
(0.0087296156 0 2.3421621e-07)
(0.0087296662 0 2.0235839e-07)
(0.0087297103 0 1.7466344e-07)
(0.0087297487 0 1.5060756e-07)
(0.008729782 0 1.2972891e-07)
(0.0087298109 0 1.1162402e-07)
(0.0087298361 0 9.5942481e-08)
(0.0087298579 0 8.2379322e-08)
(0.0087298767 0 7.0666521e-08)
(0.008729893 0 6.0565922e-08)
(0.0087299071 0 5.1864961e-08)
(0.0087299192 0 4.4375186e-08)
(0.0087299297 0 3.7932203e-08)
(0.0087299388 0 3.2395014e-08)
(0.0087299466 0 2.7643506e-08)
(0.0087299533 0 2.357433e-08)
(0.0087299591 0 2.0096416e-08)
(0.008729964 0 1.7127714e-08)
(0.0087299682 0 1.4594037e-08)
(0.0087299718 0 1.2429622e-08)
(0.0087299749 0 1.0578188e-08)
(0.0087299776 0 8.9933502e-09)
(0.0087299799 0 7.6377058e-09)
(0.0087299818 0 6.4807713e-09)
(0.0087299835 0 5.4966037e-09)
(0.0087299849 0 4.6617998e-09)
(0.0087299861 0 3.9543746e-09)
(0.0087299872 0 3.3537226e-09)
(0.0087299881 0 2.8413577e-09)
(0.0087299888 0 2.4018995e-09)
(0.0087299895 0 2.0237127e-09)
(0.00872999 0 1.6985768e-09)
(0.0087299905 0 1.4203555e-09)
(0.0087299909 0 1.1834218e-09)
(0.0087299912 0 9.8176701e-10)
(0.0087299915 0 8.0937298e-10)
(0.0087299917 0 6.6150815e-10)
(0.0087299919 0 5.3563633e-10)
(0.0087299921 0 4.3087522e-10)
(0.0087299923 0 3.4621022e-10)
(0.0087299924 0 2.7875491e-10)
(0.0087299925 0 2.235774e-10)
(0.0087299926 0 1.7546241e-10)
(0.0087299926 0 1.3120323e-10)
(0.0087299927 0 9.0548486e-11)
(0.0087299927 0 5.5111881e-11)
(0.0087299927 0 2.6180939e-11)
(0.0087299928 0 3.2930014e-12)
(0.0087299928 0 -1.531982e-11)
(0.0087299928 0 -3.1209725e-11)
(0.0087299928 0 -4.4786947e-11)
(0.0087299928 0 -5.5840108e-11)
(0.0087299928 0 -6.4879207e-11)
(0.0087299928 0 -7.3710665e-11)
(0.0087299928 0 -8.4333795e-11)
(0.0087299928 0 -9.7156226e-11)
(0.0087299927 0 -1.1043577e-10)
(0.0087299927 0 -1.2180214e-10)
(0.0087299927 0 -1.3067539e-10)
(0.0087299926 0 -1.3909715e-10)
(0.0087299926 0 -1.4972991e-10)
(0.0087299925 0 -1.6285604e-10)
(0.0087299925 0 -1.7554972e-10)
(0.0087299924 0 -1.8401329e-10)
(0.0087299924 0 -1.8659122e-10)
(0.0087299924 0 -1.8405612e-10)
(0.0087299923 0 -1.7709664e-10)
(0.0087299923 0 -1.6473479e-10)
(0.0087299923 0 -1.4615731e-10)
(0.0087299922 0 -1.2348578e-10)
(0.0087299922 0 -1.0133027e-10)
(0.0087299922 0 -8.3182012e-11)
(0.0087299921 0 -6.9203963e-11)
(0.0087299921 0 -5.8181644e-11)
(0.0087299921 0 -5.0487738e-11)
(0.0087299921 0 -4.7843682e-11)
(0.008729992 0 -5.0901044e-11)
(0.008729992 0 -5.8476854e-11)
(0.008729992 0 -6.8869201e-11)
(0.008729992 0 -8.0884362e-11)
(0.008729992 0 -9.4100898e-11)
(0.008729992 0 -1.09317e-10)
(0.008729992 0 -1.2820931e-10)
(0.008729992 0 -1.5165189e-10)
(0.0087299919 0 -1.7975358e-10)
(0.0087299919 0 -2.1430724e-10)
(0.0087299918 0 -2.5803417e-10)
(0.0087299918 0 -3.1001816e-10)
(0.0087299917 0 -3.6662546e-10)
(0.0087299916 0 -4.2833083e-10)
(0.0087299915 0 -4.9852831e-10)
(0.0087299914 0 -5.7455229e-10)
(0.0087299913 0 -6.5020403e-10)
(0.0087299911 0 -7.2804978e-10)
(0.0087299909 0 -8.1683522e-10)
(0.0087299907 0 -9.1815746e-10)
(0.0087299905 0 -1.029631e-09)
(0.0087299902 0 -1.156362e-09)
(0.0087299899 0 -1.3061053e-09)
(0.0087299896 0 -1.4808125e-09)
(0.0087299892 0 -1.6809509e-09)
(0.0087299888 0 -1.9095294e-09)
(0.0087299883 0 -2.1707323e-09)
(0.0087299877 0 -2.4694918e-09)
(0.0087299871 0 -2.8094091e-09)
(0.0087299864 0 -3.1918318e-09)
(0.0087299856 0 -3.6201764e-09)
(0.0087299848 0 -4.1026437e-09)
(0.0087299838 0 -4.6461842e-09)
(0.0087299826 0 -5.2523032e-09)
(0.0087299813 0 -5.9262815e-09)
(0.0087299799 0 -6.685331e-09)
(0.0087299782 0 -7.5458683e-09)
(0.0087299764 0 -8.5140938e-09)
(0.0087299743 0 -9.6125135e-09)
(0.0087299719 0 -1.0866046e-08)
(0.0087299692 0 -1.2301321e-08)
(0.0087299662 0 -1.3945296e-08)
(0.0087299627 0 -1.5835461e-08)
(0.0087299589 0 -1.8001699e-08)
(0.0087299544 0 -2.0492307e-08)
(0.0087299494 0 -2.3360785e-08)
(0.0087299437 0 -2.6655624e-08)
(0.0087299373 0 -3.0445308e-08)
(0.0087299299 0 -3.4817177e-08)
(0.0087299215 0 -3.9865239e-08)
(0.008729912 0 -4.5706889e-08)
(0.0087299011 0 -5.2498004e-08)
(0.0087298887 0 -6.0427858e-08)
(0.0087298746 0 -6.9727705e-08)
(0.0087298585 0 -8.069615e-08)
(0.00872984 0 -9.3719375e-08)
(0.008729819 0 -1.0929093e-07)
(0.0087297951 0 -1.2805951e-07)
(0.0087297678 0 -1.508987e-07)
(0.0087297367 0 -1.7896121e-07)
(0.0087297016 0 -2.1382799e-07)
(0.008729662 0 -2.5765582e-07)
(0.0087296182 0 -3.1344974e-07)
(0.0087295661 0 -3.862253e-07)
(0.0087295546 0 -4.787796e-07)
(0.0087294283 0 -5.3257803e-07)
(0.010023033 0 -0.00038901242)
(0.010398999 0 -0.0010174275)
(0.01089059 0 -0.001387459)
(0.011354462 0 -0.0015144392)
(0.011717903 0 -0.0014654618)
(0.011975843 0 -0.0013078677)
(0.01215057 0 -0.0010959339)
(0.01226999 0 -0.00086842575)
(0.012359047 0 -0.0006503446)
(0.012436432 0 -0.00045657019)
(0.01251393 0 -0.0002953236)
(0.012597151 0 -0.00017065419)
(0.012686711 0 -8.3998684e-05)
(0.012779496 0 -3.4998446e-05)
(0.012869856 0 -2.1851322e-05)
(0.01295052 0 -4.1449493e-05)
(0.013013804 0 -8.9609283e-05)
(0.013052338 0 -0.00016093132)
(0.013059625 0 -0.00024935069)
(0.013030711 0 -0.00034845533)
(0.012962425 0 -0.00045186148)
(0.01285347 0 -0.00055359136)
(0.012704373 0 -0.0006483839)
(0.012517339 0 -0.00073192136)
(0.012296004 0 -0.00080096413)
(0.012045153 0 -0.00085339533)
(0.011770393 0 -0.00088818496)
(0.011477823 0 -0.00090528778)
(0.011173711 0 -0.00090549268)
(0.010864204 0 -0.00089024325)
(0.010555079 0 -0.00086144938)
(0.010251551 0 -0.0008213074)
(0.0099581331 0 -0.00077214132)
(0.0096785586 0 -0.00071627268)
(0.0094157514 0 -0.00065592069)
(0.0091718378 0 -0.00059313048)
(0.0089481909 0 -0.00052972486)
(0.0087454994 0 -0.00046727475)
(0.00856385 0 -0.00040708383)
(0.0084028214 0 -0.00035018472)
(0.0082615795 0 -0.00029734483)
(0.0081389739 0 -0.00024908083)
(0.008033629 0 -0.0002056807)
(0.0079440275 0 -0.00016723205)
(0.0078685844 0 -0.00013365488)
(0.0078057088 0 -0.00010473655)
(0.0077538539 0 -8.0166736e-05)
(0.0077115542 0 -5.9570256e-05)
(0.0076774511 0 -4.2536173e-05)
(0.0076503085 0 -2.8642463e-05)
(0.0076290202 0 -1.7475278e-05)
(0.0076126103 0 -8.6417327e-06)
(0.007600228 0 -1.7784599e-06)
(0.0075911391 0 3.4411614e-06)
(0.0075847178 0 7.3048676e-06)
(0.0075804334 0 1.0063229e-05)
(0.0075778414 0 1.1931184e-05)
(0.0075765714 0 1.3090863e-05)
(0.0075763174 0 1.3694919e-05)
(0.0075768287 0 1.3870057e-05)
(0.0075779013 0 1.3720462e-05)
(0.0075793709 0 1.3331088e-05)
(0.0075811063 0 1.277052e-05)
(0.007583004 0 1.2093636e-05)
(0.0075849835 0 1.1343872e-05)
(0.007586983 0 1.0555167e-05)
(0.0075889561 0 9.7536457e-06)
(0.0075908689 0 8.9590476e-06)
(0.0075926973 0 8.1859304e-06)
(0.0075944254 0 7.4446854e-06)
(0.0075960434 0 6.7423818e-06)
(0.0075975463 0 6.0834666e-06)
(0.0075989328 0 5.4703406e-06)
(0.0076002046 0 4.9038321e-06)
(0.007601365 0 4.3835824e-06)
(0.0076024192 0 3.9083592e-06)
(0.0076033728 0 3.4763078e-06)
(0.0076042325 0 3.0851513e-06)
(0.0076050049 0 2.7323472e-06)
(0.0076056968 0 2.4152109e-06)
(0.0076063149 0 2.1310104e-06)
(0.0076068658 0 1.8770392e-06)
(0.0076073556 0 1.650668e-06)
(0.0076077902 0 1.4493808e-06)
(0.007608175 0 1.2707959e-06)
(0.0076085151 0 1.1126794e-06)
(0.0076088152 0 9.7295323e-07)
(0.0076090796 0 8.4969892e-07)
(0.0076093121 0 7.4115852e-07)
(0.0076095163 0 6.4573003e-07)
(0.0076096954 0 5.6195887e-07)
(0.0076098523 0 4.885272e-07)
(0.0076099895 0 4.2424372e-07)
(0.0076101094 0 3.6803573e-07)
(0.0076102141 0 3.1894304e-07)
(0.0076103053 0 2.7611181e-07)
(0.0076103848 0 2.3878632e-07)
(0.0076104539 0 2.0629822e-07)
(0.007610514 0 1.7805469e-07)
(0.0076105662 0 1.5352786e-07)
(0.0076106114 0 1.3224741e-07)
(0.0076106506 0 1.1379676e-07)
(0.0076106845 0 9.7810736e-08)
(0.0076107139 0 8.3972876e-08)
(0.0076107393 0 7.2010238e-08)
(0.0076107613 0 6.1686061e-08)
(0.0076107802 0 5.2791899e-08)
(0.0076107964 0 4.5141506e-08)
(0.0076108104 0 3.8567786e-08)
(0.0076108225 0 3.2922542e-08)
(0.0076108329 0 2.8077259e-08)
(0.0076108418 0 2.3922826e-08)
(0.0076108494 0 2.0367182e-08)
(0.007610856 0 1.7331274e-08)
(0.0076108616 0 1.4744876e-08)
(0.0076108664 0 1.2543909e-08)
(0.0076108704 0 1.0669959e-08)
(0.0076108739 0 9.071375e-09)
(0.0076108769 0 7.7047173e-09)
(0.0076108795 0 6.5352656e-09)
(0.0076108817 0 5.5360066e-09)
(0.0076108835 0 4.6854515e-09)
(0.0076108851 0 3.9650862e-09)
(0.0076108864 0 3.3573184e-09)
(0.0076108876 0 2.8446293e-09)
(0.0076108886 0 2.4100671e-09)
(0.0076108894 0 2.0386235e-09)
(0.0076108901 0 1.7186668e-09)
(0.0076108907 0 1.4424263e-09)
(0.0076108912 0 1.2049928e-09)
(0.0076108916 0 1.0023966e-09)
(0.007610892 0 8.3002397e-10)
(0.0076108923 0 6.8248979e-10)
(0.0076108925 0 5.5506438e-10)
(0.0076108928 0 4.4531403e-10)
(0.007610893 0 3.5323709e-10)
(0.0076108931 0 2.7944977e-10)
(0.0076108932 0 2.2270562e-10)
(0.0076108933 0 1.7884013e-10)
(0.0076108934 0 1.4223484e-10)
(0.0076108935 0 1.0862887e-10)
(0.0076108935 0 7.6845207e-11)
(0.0076108936 0 4.8081277e-11)
(0.0076108936 0 2.3648697e-11)
(0.0076108936 0 3.4046531e-12)
(0.0076108936 0 -1.3736754e-11)
(0.0076108936 0 -2.8198647e-11)
(0.0076108936 0 -3.9189129e-11)
(0.0076108936 0 -4.5960927e-11)
(0.0076108936 0 -4.947602e-11)
(0.0076108936 0 -5.2448667e-11)
(0.0076108936 0 -5.7381899e-11)
(0.0076108936 0 -6.453909e-11)
(0.0076108936 0 -7.2017954e-11)
(0.0076108936 0 -7.7865454e-11)
(0.0076108935 0 -8.2131895e-11)
(0.0076108935 0 -8.6919181e-11)
(0.0076108934 0 -9.4475488e-11)
(0.0076108934 0 -1.0527061e-10)
(0.0076108933 0 -1.1775715e-10)
(0.0076108933 0 -1.2961713e-10)
(0.0076108932 0 -1.3899837e-10)
(0.0076108932 0 -1.4461371e-10)
(0.0076108932 0 -1.4505174e-10)
(0.0076108931 0 -1.387989e-10)
(0.0076108931 0 -1.2562143e-10)
(0.0076108931 0 -1.0775993e-10)
(0.007610893 0 -8.8943682e-11)
(0.007610893 0 -7.1735771e-11)
(0.0076108929 0 -5.6330848e-11)
(0.0076108929 0 -4.2627447e-11)
(0.0076108929 0 -3.2736269e-11)
(0.0076108929 0 -2.9713658e-11)
(0.0076108928 0 -3.3688944e-11)
(0.0076108928 0 -4.1200578e-11)
(0.0076108928 0 -4.933709e-11)
(0.0076108928 0 -5.8759723e-11)
(0.0076108928 0 -7.1006616e-11)
(0.0076108928 0 -8.4592882e-11)
(0.0076108928 0 -9.6657053e-11)
(0.0076108928 0 -1.0778969e-10)
(0.0076108928 0 -1.2224708e-10)
(0.0076108927 0 -1.4324124e-10)
(0.0076108927 0 -1.7035808e-10)
(0.0076108926 0 -2.0194344e-10)
(0.0076108926 0 -2.3833777e-10)
(0.0076108925 0 -2.817753e-10)
(0.0076108924 0 -3.3264876e-10)
(0.0076108923 0 -3.8664918e-10)
(0.0076108922 0 -4.3894951e-10)
(0.007610892 0 -4.9145012e-10)
(0.0076108918 0 -5.5008693e-10)
(0.0076108916 0 -6.1545822e-10)
(0.0076108914 0 -6.8553098e-10)
(0.0076108912 0 -7.6525284e-10)
(0.0076108909 0 -8.6152853e-10)
(0.0076108906 0 -9.7490858e-10)
(0.0076108902 0 -1.1061304e-09)
(0.0076108898 0 -1.2587374e-09)
(0.0076108894 0 -1.4335861e-09)
(0.0076108889 0 -1.634339e-09)
(0.0076108883 0 -1.8661326e-09)
(0.0076108877 0 -2.126105e-09)
(0.0076108869 0 -2.4167658e-09)
(0.0076108861 0 -2.7486117e-09)
(0.0076108852 0 -3.1198054e-09)
(0.0076108841 0 -3.5300182e-09)
(0.0076108829 0 -3.9890439e-09)
(0.0076108816 0 -4.5015981e-09)
(0.00761088 0 -5.0753792e-09)
(0.0076108783 0 -5.7217942e-09)
(0.0076108764 0 -6.4532307e-09)
(0.0076108742 0 -7.2821603e-09)
(0.0076108717 0 -8.2292274e-09)
(0.0076108688 0 -9.3216293e-09)
(0.0076108656 0 -1.0569039e-08)
(0.007610862 0 -1.2005374e-08)
(0.0076108579 0 -1.3662288e-08)
(0.0076108532 0 -1.5566204e-08)
(0.0076108479 0 -1.7758494e-08)
(0.0076108419 0 -2.0283444e-08)
(0.007610835 0 -2.3190235e-08)
(0.0076108272 0 -2.6545494e-08)
(0.0076108182 0 -3.0426597e-08)
(0.007610808 0 -3.4929738e-08)
(0.0076107962 0 -4.0182255e-08)
(0.0076107828 0 -4.6337669e-08)
(0.0076107674 0 -5.3588997e-08)
(0.0076107496 0 -6.2193051e-08)
(0.0076107292 0 -7.2479697e-08)
(0.0076107056 0 -8.4880939e-08)
(0.0076106782 0 -9.9986954e-08)
(0.0076106465 0 -1.1858374e-07)
(0.0076106097 0 -1.4175658e-07)
(0.0076105667 0 -1.7104033e-07)
(0.0076105161 0 -2.085338e-07)
(0.0076104562 0 -2.5741882e-07)
(0.0076103827 0 -3.2364795e-07)
(0.0076103486 0 -4.0608685e-07)
(0.0076101442 0 -4.5276346e-07)
(0.010047804 0 -0.0006703038)
(0.010609611 0 -0.0015372844)
(0.0111382 0 -0.0018818757)
(0.011474512 0 -0.0018814044)
(0.011614095 0 -0.0016948201)
(0.011616469 0 -0.0014265429)
(0.011542949 0 -0.001141574)
(0.01144065 0 -0.00087582766)
(0.01134076 0 -0.00064562122)
(0.011260605 0 -0.00045622474)
(0.011207149 0 -0.00030757384)
(0.011180364 0 -0.00019736193)
(0.011175782 0 -0.00012249408)
(0.0111863 0 -7.9605747e-05)
(0.011203447 0 -6.5175912e-05)
(0.011218285 0 -7.5440643e-05)
(0.011222223 0 -0.00010621264)
(0.011207565 0 -0.00015308146)
(0.011167911 0 -0.00021134691)
(0.011098556 0 -0.00027626129)
(0.010996632 0 -0.0003432707)
(0.010861125 0 -0.00040823986)
(0.010692778 0 -0.00046763999)
(0.010493899 0 -0.00051867973)
(0.010268096 0 -0.0005593715)
(0.010019962 0 -0.00058853382)
(0.0097547482 0 -0.00060573764)
(0.0094780307 0 -0.0006112092)
(0.0091954085 0 -0.00060570492)
(0.0089122405 0 -0.00059037425)
(0.0086334362 0 -0.00056662479)
(0.0083633039 0 -0.00053600078)
(0.0081054559 0 -0.00050008212)
(0.0078627646 0 -0.0004604062)
(0.0076373614 0 -0.00041841166)
(0.007430669 0 -0.00037540069)
(0.0072434584 0 -0.00033251571)
(0.007075921 0 -0.00029072646)
(0.0069277523 0 -0.00025082484)
(0.0067982394 0 -0.0002134257)
(0.0066863497 0 -0.00017897276)
(0.0065908168 0 -0.00014774947)
(0.0065102205 0 -0.00011989422)
(0.0064430588 0 -9.5419358e-05)
(0.0063878099 0 -7.4232783e-05)
(0.006342983 0 -5.6160884e-05)
(0.0063071576 0 -4.0971289e-05)
(0.0062790115 0 -2.8394052e-05)
(0.0062573389 0 -1.8140231e-05)
(0.0062410589 0 -9.918516e-06)
(0.0062292194 0 -3.4477141e-06)
(0.0062209949 0 1.5417365e-06)
(0.0062156758 0 5.2911718e-06)
(0.0062126576 0 8.017688e-06)
(0.0062114347 0 9.9110036e-06)
(0.0062115876 0 1.1135153e-05)
(0.0062127708 0 1.1829742e-05)
(0.006214703 0 1.2111914e-05)
(0.0062171573 0 1.207885e-05)
(0.0062199524 0 1.1810331e-05)
(0.0062229457 0 1.1371173e-05)
(0.0062260262 0 1.0813507e-05)
(0.0062291093 0 1.0178789e-05)
(0.0062321317 0 9.499592e-06)
(0.0062350472 0 8.801153e-06)
(0.0062378237 0 8.1026869e-06)
(0.0062404403 0 7.4185111e-06)
(0.0062428843 0 6.7589917e-06)
(0.0062451504 0 6.1313341e-06)
(0.0062472378 0 5.5402405e-06)
(0.0062491499 0 4.9884521e-06)
(0.0062508929 0 4.4771929e-06)
(0.0062524745 0 4.0065322e-06)
(0.0062539043 0 3.5756782e-06)
(0.0062551921 0 3.1832157e-06)
(0.0062563484 0 2.827296e-06)
(0.0062573835 0 2.5057873e-06)
(0.0062583078 0 2.2163929e-06)
(0.0062591309 0 1.9567413e-06)
(0.0062598624 0 1.7244566e-06)
(0.0062605111 0 1.5172105e-06)
(0.0062610852 0 1.3327614e-06)
(0.0062615923 0 1.1689792e-06)
(0.0062620395 0 1.0238605e-06)
(0.0062624332 0 8.9553584e-07)
(0.0062627794 0 7.8227355e-07)
(0.0062630832 0 6.8248013e-07)
(0.0062633495 0 5.946991e-07)
(0.0062635826 0 5.176069e-07)
(0.0062637865 0 4.5000529e-07)
(0.0062639645 0 3.9081167e-07)
(0.0062641198 0 3.390492e-07)
(0.006264255 0 2.9383878e-07)
(0.0062643728 0 2.5439321e-07)
(0.0062644751 0 2.2001257e-07)
(0.006264564 0 1.9007846e-07)
(0.0062646412 0 1.6404619e-07)
(0.0062647081 0 1.4143503e-07)
(0.006264766 0 1.2181841e-07)
(0.0062648161 0 1.0481625e-07)
(0.0062648594 0 9.0090607e-08)
(0.0062648967 0 7.7343905e-08)
(0.006264929 0 6.6317806e-08)
(0.0062649568 0 5.6790658e-08)
(0.0062649808 0 4.857245e-08)
(0.0062650014 0 4.1498054e-08)
(0.0062650191 0 3.5420859e-08)
(0.0062650343 0 3.020859e-08)
(0.0062650473 0 2.5742088e-08)
(0.0062650585 0 2.1916238e-08)
(0.0062650681 0 1.8641027e-08)
(0.0062650763 0 1.5841044e-08)
(0.0062650833 0 1.3453015e-08)
(0.0062650893 0 1.1422133e-08)
(0.0062650943 0 9.6987711e-09)
(0.0062650987 0 8.2369505e-09)
(0.0062651023 0 6.9946828e-09)
(0.0062651055 0 5.9354108e-09)
(0.0062651082 0 5.0294143e-09)
(0.0062651104 0 4.254051e-09)
(0.0062651124 0 3.5925377e-09)
(0.0062651141 0 3.0317669e-09)
(0.0062651155 0 2.5598675e-09)
(0.0062651166 0 2.1644692e-09)
(0.0062651177 0 1.8324282e-09)
(0.0062651185 0 1.550918e-09)
(0.0062651192 0 1.3091889e-09)
(0.0062651199 0 1.0998998e-09)
(0.0062651204 0 9.1891962e-10)
(0.0062651208 0 7.6364112e-10)
(0.0062651212 0 6.3108543e-10)
(0.0062651215 0 5.1718491e-10)
(0.0062651217 0 4.17855e-10)
(0.0062651219 0 3.3094415e-10)
(0.0062651221 0 2.5702256e-10)
(0.0062651223 0 1.9792793e-10)
(0.0062651224 0 1.5407076e-10)
(0.0062651225 0 1.2267496e-10)
(0.0062651226 0 9.8607565e-11)
(0.0062651226 0 7.7213997e-11)
(0.0062651227 0 5.6546469e-11)
(0.0062651227 0 3.7102685e-11)
(0.0062651227 0 1.9769933e-11)
(0.0062651228 0 4.2758101e-12)
(0.0062651228 0 -1.0228973e-11)
(0.0062651228 0 -2.3374749e-11)
(0.0062651228 0 -3.3159358e-11)
(0.0062651228 0 -3.7826952e-11)
(0.0062651228 0 -3.802349e-11)
(0.0062651228 0 -3.671707e-11)
(0.0062651228 0 -3.6678921e-11)
(0.0062651227 0 -3.813096e-11)
(0.0062651227 0 -3.9222853e-11)
(0.0062651227 0 -3.8672921e-11)
(0.0062651227 0 -3.7441583e-11)
(0.0062651226 0 -3.7830548e-11)
(0.0062651226 0 -4.1463156e-11)
(0.0062651225 0 -4.8535446e-11)
(0.0062651225 0 -5.870044e-11)
(0.0062651224 0 -7.1601505e-11)
(0.0062651224 0 -8.5918423e-11)
(0.0062651224 0 -9.8571317e-11)
(0.0062651223 0 -1.0585432e-10)
(0.0062651223 0 -1.0568779e-10)
(0.0062651223 0 -9.8703702e-11)
(0.0062651222 0 -8.7170937e-11)
(0.0062651222 0 -7.3137345e-11)
(0.0062651222 0 -5.7731465e-11)
(0.0062651221 0 -4.1877456e-11)
(0.0062651221 0 -2.7387362e-11)
(0.0062651221 0 -1.7286239e-11)
(0.006265122 0 -1.4310013e-11)
(0.006265122 0 -1.8260016e-11)
(0.006265122 0 -2.5639054e-11)
(0.006265122 0 -3.3346128e-11)
(0.006265122 0 -4.2071773e-11)
(0.006265122 0 -5.3811415e-11)
(0.006265122 0 -6.6470637e-11)
(0.006265122 0 -7.4882556e-11)
(0.006265122 0 -7.8404935e-11)
(0.006265122 0 -8.2847269e-11)
(0.0062651219 0 -9.2342382e-11)
(0.0062651219 0 -1.0461238e-10)
(0.0062651218 0 -1.1791285e-10)
(0.0062651218 0 -1.3654536e-10)
(0.0062651217 0 -1.6417617e-10)
(0.0062651216 0 -1.9725306e-10)
(0.0062651215 0 -2.3040524e-10)
(0.0062651214 0 -2.6296644e-10)
(0.0062651213 0 -2.9607169e-10)
(0.0062651212 0 -3.2952801e-10)
(0.006265121 0 -3.643794e-10)
(0.0062651208 0 -4.0296315e-10)
(0.0062651206 0 -4.4677991e-10)
(0.0062651203 0 -4.985708e-10)
(0.00626512 0 -5.6229458e-10)
(0.0062651197 0 -6.3897669e-10)
(0.0062651194 0 -7.2862387e-10)
(0.006265119 0 -8.3389807e-10)
(0.0062651186 0 -9.562496e-10)
(0.0062651181 0 -1.0951146e-09)
(0.0062651176 0 -1.2533539e-09)
(0.006265117 0 -1.4344868e-09)
(0.0062651163 0 -1.6378924e-09)
(0.0062651155 0 -1.8646734e-09)
(0.0062651146 0 -2.118015e-09)
(0.0062651135 0 -2.3986372e-09)
(0.0062651124 0 -2.7068766e-09)
(0.0062651111 0 -3.0495649e-09)
(0.0062651096 0 -3.4383139e-09)
(0.0062651079 0 -3.8689698e-09)
(0.006265106 0 -4.3558117e-09)
(0.0062651039 0 -4.9162907e-09)
(0.0062651015 0 -5.5540593e-09)
(0.0062650987 0 -6.2909723e-09)
(0.0062650956 0 -7.1377479e-09)
(0.0062650921 0 -8.1124559e-09)
(0.0062650881 0 -9.2418933e-09)
(0.0062650836 0 -1.0540521e-08)
(0.0062650784 0 -1.203296e-08)
(0.0062650726 0 -1.3755615e-08)
(0.0062650659 0 -1.5739188e-08)
(0.0062650582 0 -1.8026032e-08)
(0.0062650494 0 -2.06761e-08)
(0.0062650393 0 -2.3759279e-08)
(0.0062650277 0 -2.7361821e-08)
(0.0062650144 0 -3.1594652e-08)
(0.0062649991 0 -3.6602998e-08)
(0.0062649813 0 -4.2574743e-08)
(0.0062649608 0 -4.9754147e-08)
(0.0062649368 0 -5.8475193e-08)
(0.0062649088 0 -6.9180725e-08)
(0.0062648759 0 -8.2467766e-08)
(0.0062648369 0 -9.9208223e-08)
(0.0062647906 0 -1.205386e-07)
(0.0062647345 0 -1.4811511e-07)
(0.0062646646 0 -1.8446646e-07)
(0.0062645787 0 -2.3459913e-07)
(0.0062645244 0 -2.9344067e-07)
(0.0062642641 0 -3.3012091e-07)
(0.010108426 0 -0.0011866132)
(0.010796553 0 -0.0021704385)
(0.011091625 0 -0.0022478127)
(0.010998583 0 -0.0019718698)
(0.010699807 0 -0.0015976799)
(0.010333245 0 -0.0012311807)
(0.0099743195 0 -0.0009158755)
(0.0096615441 0 -0.00066270565)
(0.0094102311 0 -0.00046722198)
(0.0092211157 0 -0.00032027183)
(0.0090872238 0 -0.0002128523)
(0.0089982381 0 -0.00013757871)
(0.0089427503 0 -8.8743684e-05)
(0.0089093536 0 -6.1909677e-05)
(0.0088872205 0 -5.343881e-05)
(0.0088664546 0 -6.0106847e-05)
(0.0088383818 0 -7.8817332e-05)
(0.0087957764 0 -0.00010655306)
(0.0087330374 0 -0.00014030055)
(0.0086463211 0 -0.00017714443)
(0.0085335608 0 -0.00021438893)
(0.0083943879 0 -0.00024967275)
(0.0082299682 0 -0.00028106117)
(0.0080427672 0 -0.00030710312)
(0.0078362657 0 -0.00032684779)
(0.0076146524 0 -0.00033982322)
(0.0073825158 0 -0.00034598359)
(0.0071445582 0 -0.00034563518)
(0.0069053481 0 -0.00033935195)
(0.0066691214 0 -0.0003278903)
(0.0064396364 0 -0.00031211115)
(0.00622008 0 -0.00029291445)
(0.0060130217 0 -0.00027118848)
(0.0058204056 0 -0.00024777364)
(0.0056435721 0 -0.00022343874)
(0.0054833012 0 -0.00019886688)
(0.0053398703 0 -0.00017464807)
(0.0052131201 0 -0.0001512761)
(0.0051025261 0 -0.0001291483)
(0.0050072707 0 -0.00010856748)
(0.0049263145 0 -8.9745908e-05)
(0.0048584647 0 -7.2811346e-05)
(0.0048024369 0 -5.7815289e-05)
(0.004756911 0 -4.4743098e-05)
(0.004720578 0 -3.3525606e-05)
(0.0046921776 0 -2.4051463e-05)
(0.004670527 0 -1.6179457e-05)
(0.0046545405 0 -9.7500448e-06)
(0.0046432396 0 -4.595102e-06)
(0.0046357574 0 -5.4630977e-07)
(0.0046313443 0 2.5618968e-06)
(0.0046293572 0 4.8779566e-06)
(0.0046292462 0 6.5363693e-06)
(0.0046305562 0 7.6584328e-06)
(0.0046329115 0 8.3504215e-06)
(0.004636006 0 8.7029628e-06)
(0.0046395935 0 8.7924176e-06)
(0.0046434783 0 8.6823045e-06)
(0.0046475075 0 8.424799e-06)
(0.0046515633 0 8.062251e-06)
(0.0046555572 0 7.6286272e-06)
(0.004659424 0 7.1508384e-06)
(0.0046631178 0 6.6499076e-06)
(0.0046666079 0 6.142e-06)
(0.0046698754 0 5.6393064e-06)
(0.0046729109 0 5.1507954e-06)
(0.0046757121 0 4.6828471e-06)
(0.0046782821 0 4.2397825e-06)
(0.004680628 0 3.8243012e-06)
(0.0046827596 0 3.4378401e-06)
(0.0046846886 0 3.080868e-06)
(0.004686428 0 2.7531231e-06)
(0.0046879912 0 2.4538061e-06)
(0.0046893917 0 2.1817341e-06)
(0.004690643 0 1.9354639e-06)
(0.0046917582 0 1.7133891e-06)
(0.0046927498 0 1.5138154e-06)
(0.0046936295 0 1.3350186e-06)
(0.0046944083 0 1.1752887e-06)
(0.0046950965 0 1.0329628e-06)
(0.0046957036 0 9.0644938e-07)
(0.0046962382 0 7.9424358e-07)
(0.0046967083 0 6.9493635e-07)
(0.0046971209 0 6.0721785e-07)
(0.0046974827 0 5.2987829e-07)
(0.0046977993 0 4.6180734e-07)
(0.0046980762 0 4.0199252e-07)
(0.0046983179 0 3.4951572e-07)
(0.0046985287 0 3.0354766e-07)
(0.0046987124 0 2.633404e-07)
(0.0046988722 0 2.282196e-07)
(0.0046990111 0 1.9757835e-07)
(0.0046991317 0 1.7087287e-07)
(0.0046992363 0 1.4761969e-07)
(0.004699327 0 1.2739254e-07)
(0.0046994054 0 1.0981734e-07)
(0.0046994733 0 9.4565421e-08)
(0.004699532 0 8.134618e-08)
(0.0046995826 0 6.9900772e-08)
(0.0046996262 0 5.9998384e-08)
(0.0046996638 0 5.1435027e-08)
(0.0046996961 0 4.4033338e-08)
(0.004699724 0 3.7641645e-08)
(0.0046997479 0 3.2131209e-08)
(0.0046997684 0 2.739156e-08)
(0.004699786 0 2.3325389e-08)
(0.004699801 0 1.984479e-08)
(0.0046998138 0 1.6869663e-08)
(0.0046998248 0 1.4328168e-08)
(0.0046998342 0 1.2158023e-08)
(0.0046998422 0 1.030697e-08)
(0.004699849 0 8.7316794e-09)
(0.0046998548 0 7.3954559e-09)
(0.0046998597 0 6.2655888e-09)
(0.0046998639 0 5.3115838e-09)
(0.0046998674 0 4.5049283e-09)
(0.0046998704 0 3.8199565e-09)
(0.004699873 0 3.2351335e-09)
(0.0046998752 0 2.7339852e-09)
(0.004699877 0 2.3049065e-09)
(0.0046998786 0 1.9398617e-09)
(0.0046998799 0 1.632489e-09)
(0.0046998811 0 1.3761772e-09)
(0.004699882 0 1.1630512e-09)
(0.0046998828 0 9.8442665e-10)
(0.0046998835 0 8.3224805e-10)
(0.0046998841 0 7.0059766e-10)
(0.0046998846 0 5.8623245e-10)
(0.004699885 0 4.8753791e-10)
(0.0046998853 0 4.0278771e-10)
(0.0046998856 0 3.2926409e-10)
(0.0046998858 0 2.6393526e-10)
(0.004699886 0 2.0519216e-10)
(0.0046998862 0 1.5399726e-10)
(0.0046998863 0 1.1289963e-10)
(0.0046998864 0 8.348513e-11)
(0.0046998865 0 6.4440427e-11)
(0.0046998866 0 5.1856241e-11)
(0.0046998866 0 4.1601978e-11)
(0.0046998866 0 3.1638057e-11)
(0.0046998866 0 2.2045072e-11)
(0.0046998867 0 1.3175239e-11)
(0.0046998867 0 4.332457e-12)
(0.0046998867 0 -5.5229534e-12)
(0.0046998867 0 -1.5900493e-11)
(0.0046998867 0 -2.4236207e-11)
(0.0046998867 0 -2.7970653e-11)
(0.0046998867 0 -2.7119427e-11)
(0.0046998867 0 -2.4262554e-11)
(0.0046998867 0 -2.1866391e-11)
(0.0046998867 0 -1.9885654e-11)
(0.0046998867 0 -1.6405497e-11)
(0.0046998866 0 -1.0616884e-11)
(0.0046998866 0 -4.3686161e-12)
(0.0046998866 0 -4.176686e-13)
(0.0046998865 0 2.196988e-14)
(0.0046998865 0 -2.7639455e-12)
(0.0046998864 0 -8.990484e-12)
(0.0046998864 0 -1.9925364e-11)
(0.0046998864 0 -3.545222e-11)
(0.0046998864 0 -5.1868965e-11)
(0.0046998864 0 -6.3782295e-11)
(0.0046998863 0 -6.8414261e-11)
(0.0046998863 0 -6.7024306e-11)
(0.0046998863 0 -6.1982455e-11)
(0.0046998863 0 -5.3677907e-11)
(0.0046998862 0 -4.1322741e-11)
(0.0046998862 0 -2.6102566e-11)
(0.0046998861 0 -1.1899657e-11)
(0.0046998861 0 -2.6602178e-12)
(0.0046998861 0 3.4473728e-14)
(0.0046998861 0 -2.9111375e-12)
(0.0046998861 0 -9.3510039e-12)
(0.004699886 0 -1.7550941e-11)
(0.004699886 0 -2.7282319e-11)
(0.004699886 0 -3.8628616e-11)
(0.004699886 0 -4.9328047e-11)
(0.004699886 0 -5.5315012e-11)
(0.004699886 0 -5.5689873e-11)
(0.004699886 0 -5.468309e-11)
(0.004699886 0 -5.5782625e-11)
(0.0046998859 0 -5.7395593e-11)
(0.0046998859 0 -5.8565359e-11)
(0.0046998859 0 -6.3989534e-11)
(0.0046998858 0 -7.7209683e-11)
(0.0046998858 0 -9.4400053e-11)
(0.0046998857 0 -1.1129414e-10)
(0.0046998856 0 -1.2901292e-10)
(0.0046998855 0 -1.4735169e-10)
(0.0046998854 0 -1.6232792e-10)
(0.0046998853 0 -1.7483998e-10)
(0.0046998851 0 -1.901269e-10)
(0.0046998849 0 -2.0864153e-10)
(0.0046998847 0 -2.2965977e-10)
(0.0046998845 0 -2.5725356e-10)
(0.0046998843 0 -2.9325676e-10)
(0.004699884 0 -3.3648157e-10)
(0.0046998838 0 -3.8894298e-10)
(0.0046998834 0 -4.5059895e-10)
(0.0046998831 0 -5.2035411e-10)
(0.0046998827 0 -6.0302418e-10)
(0.0046998822 0 -6.9826883e-10)
(0.0046998817 0 -8.0199339e-10)
(0.0046998811 0 -9.2009442e-10)
(0.0046998804 0 -1.052851e-09)
(0.0046998796 0 -1.1932948e-09)
(0.0046998788 0 -1.3474942e-09)
(0.0046998778 0 -1.5217098e-09)
(0.0046998766 0 -1.7089524e-09)
(0.0046998753 0 -1.9186895e-09)
(0.0046998739 0 -2.1559257e-09)
(0.0046998723 0 -2.4222083e-09)
(0.0046998704 0 -2.7314052e-09)
(0.0046998683 0 -3.0867177e-09)
(0.004699866 0 -3.4955978e-09)
(0.0046998633 0 -3.971198e-09)
(0.0046998603 0 -4.5194188e-09)
(0.0046998569 0 -5.1537632e-09)
(0.004699853 0 -5.885324e-09)
(0.0046998485 0 -6.7244483e-09)
(0.0046998434 0 -7.6909915e-09)
(0.0046998376 0 -8.8023311e-09)
(0.0046998309 0 -1.0082408e-08)
(0.0046998233 0 -1.1567813e-08)
(0.0046998145 0 -1.3297626e-08)
(0.0046998044 0 -1.5319468e-08)
(0.0046997928 0 -1.7701241e-08)
(0.0046997794 0 -2.0530077e-08)
(0.0046997638 0 -2.3914904e-08)
(0.0046997456 0 -2.8006775e-08)
(0.0046997243 0 -3.3003671e-08)
(0.0046996993 0 -3.9156284e-08)
(0.0046996696 0 -4.6846424e-08)
(0.0046996341 0 -5.6538945e-08)
(0.0046995914 0 -6.8882099e-08)
(0.0046995386 0 -8.4621983e-08)
(0.0046994711 0 -1.0507832e-07)
(0.0046993901 0 -1.3222085e-07)
(0.0046993315 0 -1.6040605e-07)
(0.0046990704 0 -1.8751454e-07)
(0.010072824 0 -0.0017605664)
(0.010396376 0 -0.0024683699)
(0.0098960385 0 -0.002067073)
(0.0090416631 0 -0.0015172347)
(0.008232726 0 -0.0010557565)
(0.0075746062 0 -0.00071471807)
(0.0070655445 0 -0.00047741705)
(0.006685659 0 -0.00031653257)
(0.0064115117 0 -0.00020796784)
(0.0062197191 0 -0.0001345971)
(0.0060896826 0 -8.5337473e-05)
(0.0060042904 0 -5.3241631e-05)
(0.0059494336 0 -3.3925462e-05)
(0.0059133579 0 -2.4496243e-05)
(0.0058861951 0 -2.2877063e-05)
(0.0058596921 0 -2.7407684e-05)
(0.005827101 0 -3.6613408e-05)
(0.0057831517 0 -4.9114658e-05)
(0.0057240491 0 -6.3591488e-05)
(0.0056474579 0 -7.8812442e-05)
(0.0055524351 0 -9.3681575e-05)
(0.0054393011 0 -0.00010728143)
(0.0053094566 0 -0.00011890334)
(0.0051651594 0 -0.00012806008)
(0.0050092798 0 -0.0001344803)
(0.0048450562 0 -0.00013808734)
(0.0046758669 0 -0.00013896703)
(0.0045050344 0 -0.00013732977)
(0.0043356678 0 -0.00013347173)
(0.0041705486 0 -0.00012773912)
(0.0040120571 0 -0.00012049819)
(0.0038621359 0 -0.00011211222)
(0.0037222813 0 -0.00010292545)
(0.0035935583 0 -9.3253089e-05)
(0.0034766296 0 -8.3376141e-05)
(0.0033717944 0 -7.3539249e-05)
(0.0032790334 0 -6.3950441e-05)
(0.0031980557 0 -5.4781668e-05)
(0.0031283472 0 -4.6169692e-05)
(0.0030692183 0 -3.8217207e-05)
(0.0030198506 0 -3.0994329e-05)
(0.0029793406 0 -2.4540635e-05)
(0.0029467402 0 -1.8867901e-05)
(0.0029210925 0 -1.3963618e-05)
(0.0029014613 0 -9.7951489e-06)
(0.002886956 0 -6.314257e-06)
(0.0028767489 0 -3.4617304e-06)
(0.0028700874 0 -1.1720116e-06)
(0.0028663007 0 6.2230681e-07)
(0.0028648037 0 1.9920206e-06)
(0.0028650871 0 3.0057562e-06)
(0.0028667198 0 3.7186968e-06)
(0.002869346 0 4.1858662e-06)
(0.0028726722 0 4.4555947e-06)
(0.0028764597 0 4.5698182e-06)
(0.0028805184 0 4.5640286e-06)
(0.0028846991 0 4.4678782e-06)
(0.0028888872 0 4.305801e-06)
(0.0028929963 0 4.0976416e-06)
(0.0028969635 0 3.8592922e-06)
(0.0029007444 0 3.6032993e-06)
(0.00290431 0 3.3394156e-06)
(0.0029076428 0 3.075082e-06)
(0.0029107348 0 2.8158484e-06)
(0.0029135846 0 2.5657352e-06)
(0.0029161964 0 2.3275397e-06)
(0.0029185781 0 2.1030933e-06)
(0.0029207403 0 1.8934734e-06)
(0.0029226955 0 1.6991751e-06)
(0.0029244571 0 1.5202496e-06)
(0.002926039 0 1.3564166e-06)
(0.0029274554 0 1.2071542e-06)
(0.00292872 0 1.0717728e-06)
(0.0029298462 0 9.4947312e-07)
(0.0029308468 0 8.3939151e-07)
(0.002931734 0 7.4063418e-07)
(0.0029325188 0 6.523027e-07)
(0.0029332119 0 5.7351327e-07)
(0.0029338228 0 5.0341174e-07)
(0.0029343604 0 4.4118536e-07)
(0.0029348326 0 3.8607035e-07)
(0.0029352469 0 3.373555e-07)
(0.0029356097 0 2.9438242e-07)
(0.0029359271 0 2.5654399e-07)
(0.0029362043 0 2.2328326e-07)
(0.0029364461 0 1.9409305e-07)
(0.0029366568 0 1.6851536e-07)
(0.0029368402 0 1.4613901e-07)
(0.0029369996 0 1.2659513e-07)
(0.002937138 0 1.0955122e-07)
(0.002937258 0 9.4706236e-08)
(0.0029373621 0 8.1788307e-08)
(0.0029374521 0 7.0554751e-08)
(0.0029375299 0 6.0792784e-08)
(0.0029375972 0 5.2318538e-08)
(0.0029376552 0 4.4973154e-08)
(0.0029377053 0 3.861699e-08)
(0.0029377483 0 3.3124342e-08)
(0.0029377854 0 2.8380669e-08)
(0.0029378172 0 2.4282991e-08)
(0.0029378445 0 2.0742055e-08)
(0.0029378679 0 1.7683653e-08)
(0.0029378879 0 1.5047429e-08)
(0.0029379051 0 1.2783236e-08)
(0.0029379198 0 1.0846523e-08)
(0.0029379322 0 9.1951032e-09)
(0.0029379429 0 7.7886511e-09)
(0.0029379519 0 6.5903045e-09)
(0.0029379596 0 5.5688167e-09)
(0.0029379661 0 4.699509e-09)
(0.0029379717 0 3.963111e-09)
(0.0029379764 0 3.3433124e-09)
(0.0029379804 0 2.824535e-09)
(0.0029379837 0 2.39093e-09)
(0.0029379866 0 2.0269436e-09)
(0.002937989 0 1.7187485e-09)
(0.002937991 0 1.4553308e-09)
(0.0029379928 0 1.2287995e-09)
(0.0029379942 0 1.0340043e-09)
(0.0029379955 0 8.676404e-10)
(0.0029379966 0 7.2729656e-10)
(0.0029379975 0 6.1063302e-10)
(0.0029379982 0 5.1464325e-10)
(0.0029379988 0 4.354394e-10)
(0.0029379994 0 3.6884994e-10)
(0.0029379998 0 3.1142638e-10)
(0.0029380002 0 2.6124751e-10)
(0.0029380005 0 2.1778776e-10)
(0.0029380008 0 1.8065652e-10)
(0.002938001 0 1.4838248e-10)
(0.0029380012 0 1.185636e-10)
(0.0029380013 0 8.9419461e-11)
(0.0029380014 0 6.1547686e-11)
(0.0029380015 0 3.8042765e-11)
(0.0029380016 0 2.2222006e-11)
(0.0029380017 0 1.4754318e-11)
(0.0029380017 0 1.2817448e-11)
(0.0029380018 0 1.2086364e-11)
(0.0029380018 0 9.8850725e-12)
(0.0029380018 0 6.5374684e-12)
(0.0029380018 0 3.6232533e-12)
(0.0029380018 0 1.365319e-12)
(0.0029380018 0 -1.7666211e-12)
(0.0029380018 0 -6.9074208e-12)
(0.0029380018 0 -1.2725082e-11)
(0.0029380018 0 -1.6233368e-11)
(0.0029380018 0 -1.5968975e-11)
(0.0029380018 0 -1.3616221e-11)
(0.0029380018 0 -1.1770265e-11)
(0.0029380018 0 -1.0476803e-11)
(0.0029380018 0 -6.9194737e-12)
(0.0029380018 0 9.8409836e-13)
(0.0029380018 0 1.1322669e-11)
(0.0029380017 0 1.9666949e-11)
(0.0029380017 0 2.3562567e-11)
(0.0029380017 0 2.3989928e-11)
(0.0029380017 0 2.1969049e-11)
(0.0029380017 0 1.5531274e-11)
(0.0029380017 0 2.2093626e-12)
(0.0029380016 0 -1.5625461e-11)
(0.0029380016 0 -3.0615977e-11)
(0.0029380016 0 -3.7316951e-11)
(0.0029380016 0 -3.7422235e-11)
(0.0029380016 0 -3.5872638e-11)
(0.0029380016 0 -3.3195933e-11)
(0.0029380015 0 -2.5222844e-11)
(0.0029380015 0 -1.0825797e-11)
(0.0029380015 0 3.9293954e-12)
(0.0029380015 0 1.2069733e-11)
(0.0029380014 0 1.332589e-11)
(0.0029380014 0 1.184294e-11)
(0.0029380014 0 8.6127016e-12)
(0.0029380014 0 1.0522059e-12)
(0.0029380014 0 -1.0689984e-11)
(0.0029380014 0 -2.2169678e-11)
(0.0029380014 0 -3.0111366e-11)
(0.0029380014 0 -3.488506e-11)
(0.0029380014 0 -3.6642008e-11)
(0.0029380014 0 -3.4080269e-11)
(0.0029380013 0 -2.8481203e-11)
(0.0029380013 0 -2.3815415e-11)
(0.0029380013 0 -2.1698861e-11)
(0.0029380013 0 -2.1235247e-11)
(0.0029380012 0 -2.3370142e-11)
(0.0029380012 0 -2.9562846e-11)
(0.0029380011 0 -3.7694144e-11)
(0.0029380011 0 -4.4908567e-11)
(0.002938001 0 -5.1089322e-11)
(0.002938001 0 -5.5259278e-11)
(0.0029380009 0 -5.5439016e-11)
(0.0029380008 0 -5.4762757e-11)
(0.0029380007 0 -5.7963518e-11)
(0.0029380006 0 -6.3067255e-11)
(0.0029380004 0 -6.806854e-11)
(0.0029380003 0 -7.7995925e-11)
(0.0029380002 0 -9.4556456e-11)
(0.002938 0 -1.1325873e-10)
(0.0029379998 0 -1.3536777e-10)
(0.0029379996 0 -1.6411035e-10)
(0.0029379994 0 -1.9583317e-10)
(0.0029379991 0 -2.3032687e-10)
(0.0029379988 0 -2.715574e-10)
(0.0029379984 0 -3.1669693e-10)
(0.002937998 0 -3.6395669e-10)
(0.0029379975 0 -4.1489967e-10)
(0.002937997 0 -4.6904836e-10)
(0.0029379964 0 -5.2583925e-10)
(0.0029379957 0 -5.8780195e-10)
(0.0029379949 0 -6.5547725e-10)
(0.002937994 0 -7.2963979e-10)
(0.0029379929 0 -8.1229557e-10)
(0.0029379918 0 -9.1220065e-10)
(0.0029379905 0 -1.0249762e-09)
(0.0029379891 0 -1.1585182e-09)
(0.0029379874 0 -1.3157539e-09)
(0.0029379856 0 -1.4977391e-09)
(0.0029379835 0 -1.7099237e-09)
(0.0029379811 0 -1.9549029e-09)
(0.0029379784 0 -2.2362366e-09)
(0.0029379752 0 -2.5579115e-09)
(0.0029379717 0 -2.9248109e-09)
(0.0029379676 0 -3.3436953e-09)
(0.0029379629 0 -3.8257437e-09)
(0.0029379576 0 -4.3842826e-09)
(0.0029379514 0 -5.0336421e-09)
(0.0029379443 0 -5.7937519e-09)
(0.0029379361 0 -6.6910254e-09)
(0.0029379267 0 -7.7590654e-09)
(0.0029379157 0 -9.0448996e-09)
(0.0029379028 0 -1.0607581e-08)
(0.0029378878 0 -1.251412e-08)
(0.00293787 0 -1.4869447e-08)
(0.0029378488 0 -1.7804433e-08)
(0.0029378234 0 -2.1473638e-08)
(0.0029377926 0 -2.6009997e-08)
(0.0029377543 0 -3.146129e-08)
(0.0029377053 0 -3.7789835e-08)
(0.0029376505 0 -4.4726224e-08)
(0.0029376156 0 -4.7433131e-08)
(0.002937422 0 -6.6322067e-08)
(0.0080053785 0 -0.00090867091)
(0.006973613 0 -0.00094116229)
(0.0054986706 0 -0.0005482497)
(0.0042917849 0 -0.00029358362)
(0.0035253659 0 -0.00016370388)
(0.0030474405 0 -9.2264366e-05)
(0.002739292 0 -5.1526674e-05)
(0.0025385992 0 -2.863131e-05)
(0.0024084705 0 -1.5739569e-05)
(0.002324913 0 -8.354516e-06)
(0.0022721667 0 -4.1272071e-06)
(0.0022396079 0 -1.8493847e-06)
(0.0022196697 0 -8.7341554e-07)
(0.002206651 0 -8.2342343e-07)
(0.0021960921 0 -1.4546793e-06)
(0.0021844669 0 -2.5839378e-06)
(0.0021690443 0 -4.0508112e-06)
(0.0021478226 0 -5.7064029e-06)
(0.0021194934 0 -7.4121732e-06)
(0.0020834054 0 -9.0460165e-06)
(0.002039507 0 -1.0508307e-05)
(0.0019882634 0 -1.1725705e-05)
(0.0019305529 0 -1.265226e-05)
(0.001867553 0 -1.3267932e-05)
(0.0018006256 0 -1.3575031e-05)
(0.0017312102 0 -1.3593371e-05)
(0.001660733 0 -1.3354948e-05)
(0.0015905342 0 -1.2898827e-05)
(0.0015218164 0 -1.2266763e-05)
(0.001455613 0 -1.1499831e-05)
(0.0013927719 0 -1.0636131e-05)
(0.0013339541 0 -9.709486e-06)
(0.0012796408 0 -8.7489505e-06)
(0.0012301471 0 -7.778927e-06)
(0.0011856387 0 -6.8196385e-06)
(0.00114615 0 -5.8877358e-06)
(0.0011116024 0 -4.9968657e-06)
(0.0010818227 0 -4.1581034e-06)
(0.0010565602 0 -3.3802231e-06)
(0.001035504 0 -2.6698247e-06)
(0.0010182995 0 -2.0313704e-06)
(0.0010045643 0 -1.4671956e-06)
(0.00099390263 0 -9.7756991e-07)
(0.00098591889 0 -5.6082954e-07)
(0.00098022877 0 -2.1359884e-07)
(0.00097646856 0 6.892665e-08)
(0.00097430199 0 2.9265354e-07)
(0.00097342418 0 4.6385683e-07)
(0.00097356706 0 5.8819469e-07)
(0.0009744973 0 6.7448164e-07)
(0.00097601266 0 7.2783225e-07)
(0.00097794509 0 7.5473864e-07)
(0.00098015734 0 7.6058676e-07)
(0.00098253794 0 7.5005443e-07)
(0.00098499815 0 7.2722489e-07)
(0.00098746903 0 6.9551087e-07)
(0.00098989826 0 6.5772527e-07)
(0.00099224733 0 6.1614456e-07)
(0.00099448899 0 5.7257308e-07)
(0.00099660505 0 5.2841322e-07)
(0.0009985845 0 4.8473108e-07)
(0.0010004219 0 4.4231355e-07)
(0.0010021163 0 4.0171744e-07)
(0.0010036696 0 3.6331491e-07)
(0.0010050864 0 3.2733427e-07)
(0.0010063729 0 2.938945e-07)
(0.0010075363 0 2.630323e-07)
(0.0010085844 0 2.347224e-07)
(0.0010095256 0 2.088929e-07)
(0.0010103682 0 1.8543799e-07)
(0.0010111203 0 1.6422904e-07)
(0.00101179 0 1.4512373e-07)
(0.0010123848 0 1.2797331e-07)
(0.0010129119 0 1.1262752e-07)
(0.001013378 0 9.8937704e-08)
(0.0010137894 0 8.6758786e-08)
(0.0010141518 0 7.5950996e-08)
(0.0010144705 0 6.6381625e-08)
(0.0010147503 0 5.7926685e-08)
(0.0010149956 0 5.0471896e-08)
(0.0010152102 0 4.3912487e-08)
(0.0010153977 0 3.8152238e-08)
(0.0010155614 0 3.3102573e-08)
(0.001015704 0 2.8682329e-08)
(0.0010158282 0 2.4818303e-08)
(0.0010159361 0 2.144577e-08)
(0.0010160298 0 1.8507986e-08)
(0.001016111 0 1.5954597e-08)
(0.0010161814 0 1.3739709e-08)
(0.0010162423 0 1.1820657e-08)
(0.0010162949 0 1.0158199e-08)
(0.0010163403 0 8.7177016e-09)
(0.0010163795 0 7.4700677e-09)
(0.0010164133 0 6.3914914e-09)
(0.0010164424 0 5.4619418e-09)
(0.0010164673 0 4.6631343e-09)
(0.0010164888 0 3.9773017e-09)
(0.0010165072 0 3.3873972e-09)
(0.0010165229 0 2.8782781e-09)
(0.0010165364 0 2.4379453e-09)
(0.0010165479 0 2.0578329e-09)
(0.0010165577 0 1.7317856e-09)
(0.001016566 0 1.454455e-09)
(0.0010165731 0 1.2201031e-09)
(0.0010165791 0 1.0223717e-09)
(0.0010165841 0 8.5504054e-10)
(0.0010165884 0 7.1305576e-10)
(0.001016592 0 5.9292598e-10)
(0.0010165951 0 4.9229951e-10)
(0.0010165977 0 4.0908159e-10)
(0.0010165998 0 3.4070002e-10)
(0.0010166017 0 2.841242e-10)
(0.0010166032 0 2.3653661e-10)
(0.0010166045 0 1.9598556e-10)
(0.0010166056 0 1.6155922e-10)
(0.0010166065 0 1.329448e-10)
(0.0010166073 0 1.0968833e-10)
(0.001016608 0 9.0869379e-11)
(0.0010166086 0 7.54154e-11)
(0.0010166091 0 6.2610042e-11)
(0.0010166094 0 5.2323907e-11)
(0.0010166098 0 4.467785e-11)
(0.00101661 0 3.9349372e-11)
(0.0010166103 0 3.5292779e-11)
(0.0010166105 0 3.1226282e-11)
(0.0010166106 0 2.6435107e-11)
(0.0010166108 0 2.1215027e-11)
(0.0010166109 0 1.6463763e-11)
(0.001016611 0 1.2683233e-11)
(0.0010166111 0 9.4632252e-12)
(0.0010166111 0 6.0388467e-12)
(0.0010166112 0 2.3468406e-12)
(0.0010166112 0 -5.0260861e-13)
(0.0010166112 0 -1.0679093e-12)
(0.0010166112 0 8.3520821e-13)
(0.0010166112 0 3.5059074e-12)
(0.0010166112 0 4.5925022e-12)
(0.0010166112 0 3.1436309e-12)
(0.0010166112 0 4.9995488e-13)
(0.0010166112 0 -1.0734681e-12)
(0.0010166113 0 -8.0982615e-13)
(0.0010166113 0 -2.5079567e-13)
(0.0010166113 0 -1.4398071e-12)
(0.0010166113 0 -4.4677279e-12)
(0.0010166113 0 -7.130439e-12)
(0.0010166112 0 -7.2619865e-12)
(0.0010166112 0 -5.1758987e-12)
(0.0010166112 0 -3.1812035e-12)
(0.0010166112 0 -2.664905e-12)
(0.0010166112 0 -2.4263058e-12)
(0.0010166112 0 -4.3498079e-13)
(0.0010166112 0 3.1449661e-12)
(0.0010166112 0 5.6896688e-12)
(0.0010166112 0 5.3205291e-12)
(0.0010166112 0 3.3737962e-12)
(0.0010166112 0 2.4677841e-12)
(0.0010166113 0 2.64748e-12)
(0.0010166113 0 1.1895612e-12)
(0.0010166113 0 -3.1515034e-12)
(0.0010166113 0 -7.3078792e-12)
(0.0010166113 0 -7.272902e-12)
(0.0010166112 0 -3.6975053e-12)
(0.0010166112 0 -1.4210702e-12)
(0.0010166112 0 -2.7630572e-12)
(0.0010166111 0 -4.0662897e-12)
(0.0010166111 0 -1.0665582e-12)
(0.0010166111 0 4.3817028e-12)
(0.0010166111 0 6.5294756e-12)
(0.0010166111 0 4.0740104e-12)
(0.0010166111 0 1.8003482e-12)
(0.0010166112 0 2.7773279e-12)
(0.0010166112 0 3.6564258e-12)
(0.0010166112 0 6.6845325e-13)
(0.0010166112 0 -3.9226657e-12)
(0.0010166112 0 -5.7334957e-12)
(0.0010166111 0 -5.3199355e-12)
(0.0010166111 0 -5.9234931e-12)
(0.0010166111 0 -6.7072355e-12)
(0.0010166111 0 -4.6299946e-12)
(0.001016611 0 -1.230833e-12)
(0.001016611 0 -5.266945e-13)
(0.001016611 0 -1.6763046e-12)
(0.001016611 0 -9.7849596e-13)
(0.001016611 0 7.1295104e-13)
(0.001016611 0 5.5703048e-15)
(0.0010166109 0 -2.0550573e-12)
(0.0010166109 0 -2.1893357e-12)
(0.0010166109 0 -8.8403509e-13)
(0.0010166109 0 -1.9698737e-13)
(0.0010166109 0 1.3009334e-13)
(0.0010166109 0 3.2945297e-13)
(0.0010166108 0 -4.9739453e-13)
(0.0010166108 0 -1.8283939e-12)
(0.0010166108 0 -2.672095e-12)
(0.0010166108 0 -3.5485951e-12)
(0.0010166108 0 -5.2490401e-12)
(0.0010166107 0 -8.1768798e-12)
(0.0010166107 0 -1.1739094e-11)
(0.0010166106 0 -1.4238021e-11)
(0.0010166105 0 -1.6388676e-11)
(0.0010166104 0 -2.0194758e-11)
(0.0010166103 0 -2.4235602e-11)
(0.0010166101 0 -2.7722898e-11)
(0.00101661 0 -3.2331041e-11)
(0.0010166098 0 -3.6064876e-11)
(0.0010166095 0 -3.8656455e-11)
(0.0010166093 0 -4.4152756e-11)
(0.001016609 0 -4.9144003e-11)
(0.0010166087 0 -5.2579425e-11)
(0.0010166084 0 -5.8646269e-11)
(0.001016608 0 -6.4486184e-11)
(0.0010166076 0 -7.2878828e-11)
(0.0010166071 0 -8.2194681e-11)
(0.0010166066 0 -9.1768618e-11)
(0.001016606 0 -1.0523595e-10)
(0.0010166053 0 -1.2005886e-10)
(0.0010166045 0 -1.3528606e-10)
(0.0010166037 0 -1.5559514e-10)
(0.0010166026 0 -1.7879852e-10)
(0.0010166015 0 -2.0266792e-10)
(0.0010166001 0 -2.3013785e-10)
(0.0010165986 0 -2.6199347e-10)
(0.0010165969 0 -2.9847266e-10)
(0.0010165949 0 -3.4110695e-10)
(0.0010165926 0 -3.9055447e-10)
(0.00101659 0 -4.4717316e-10)
(0.001016587 0 -5.1305548e-10)
(0.0010165835 0 -5.9338584e-10)
(0.0010165794 0 -6.9300739e-10)
(0.0010165747 0 -8.1177334e-10)
(0.0010165691 0 -9.5180772e-10)
(0.0010165626 0 -1.1259666e-09)
(0.0010165547 0 -1.3282196e-09)
(0.0010165453 0 -1.5729317e-09)
(0.001016534 0 -1.7424427e-09)
(0.0010165199 0 -1.7485946e-09)
(0.0010165018 0 -1.8594095e-09)
(0.0010164866 0 -1.8445753e-09)
(0.0010164864 0 5.7743667e-09)
(0.0010164183 0 -9.8055168e-10)
)
;

boundaryField
{
    inletAnion
    {
        type            fixedValue;
        value           uniform (0.01 0 0);
    }
    inletCation
    {
        type            fixedValue;
        value           uniform (0.01 0 0);
    }
    outlet
    {
        type            pressureInletOutletVelocity;
        value           nonuniform List<vector> 
48
(
(0.0010164181 0 9.6330475e-10)
(0.0029374225 0 6.6287797e-08)
(0.0046990714 0 1.8744484e-07)
(0.0062642654 0 3.2996976e-07)
(0.0076101457 0 4.5250048e-07)
(0.0087294298 0 5.3221234e-07)
(0.0096293666 0 5.6632407e-07)
(0.01032883 0 5.6349158e-07)
(0.010854388 0 5.3626068e-07)
(0.011236213 0 4.9602496e-07)
(0.011504517 0 4.5091442e-07)
(0.011686939 0 4.056967e-07)
(0.011807005 0 3.626042e-07)
(0.011883541 0 3.2232403e-07)
(0.01193082 0 2.8477761e-07)
(0.011959139 0 2.4959668e-07)
(0.011975596 0 2.1635806e-07)
(0.011984881 0 1.8468192e-07)
(0.01198997 0 1.5425964e-07)
(0.01199268 0 1.2483821e-07)
(0.011994083 0 9.6194701e-08)
(0.011994785 0 6.813237e-08)
(0.011995118 0 4.0482102e-08)
(0.01199525 0 1.308102e-08)
(0.01199525 0 -1.4241268e-08)
(0.011995118 0 -4.1644548e-08)
(0.011994785 0 -6.9279973e-08)
(0.011994083 0 -9.7321493e-08)
(0.01199268 0 -1.2595426e-07)
(0.011989969 0 -1.5535539e-07)
(0.011984881 0 -1.8574406e-07)
(0.011975596 0 -2.1739367e-07)
(0.011959139 0 -2.5059855e-07)
(0.01193082 0 -2.8573744e-07)
(0.01188354 0 -3.2325096e-07)
(0.011807004 0 -3.6348171e-07)
(0.011686938 0 -4.0652444e-07)
(0.011504516 0 -4.5169452e-07)
(0.011236212 0 -4.9673462e-07)
(0.010854387 0 -5.3690157e-07)
(0.010328828 0 -5.6405105e-07)
(0.0096293651 0 -5.6678832e-07)
(0.0087294283 0 -5.3257803e-07)
(0.0076101442 0 -4.5276346e-07)
(0.0062642641 0 -3.3012091e-07)
(0.0046990704 0 -1.8751454e-07)
(0.002937422 0 -6.6322067e-08)
(0.0010164183 0 -9.8055168e-10)
)
;
    }
    walls
    {
        type            noSlip;
    }
    frontAndBack
    {
        type            empty;
    }
}


// ************************************************************************* //
